en_source,vn_translate,loi_du_doan
"Resonator <color=#b72924ff>max HP is reduced to 10%</color>. While Symphony Rank is at or above <color=#5cc96aff>S</color>, Resonator <color=#5cc96aff>HP will not drop below 1%</color>.","<color=#b72924ff>max HP is reduced to 10%</color>. Khi Cấp Giao Hưởng đạt từ <color=#5cc96aff>S</color> trở lên, <color=#5cc96aff>HP will not drop below 1%</color>.",C?n ti?ng Anh nghi v?n: below; drop; is; max; not; reduced; S; to; will | S? t?/c?m nghi v?n: 9 | T? l? nghi v?n: 0.692 | M?c ??: 48.92
"Evaluation Basis: [Resonance Assessment 2190-G]

Resonator Baizhi experienced her Awakening four years ago, after being exposed to a strong <te href=850076>Remnant Energy</te> source one year prior. This exposure caused the activation of the corresponding Remnant frequencies within her. According to Baizhi's recounts, she experienced a strong urge to revive a teammate during her Awakening. As a result, the aforementioned frequencies manifested as a Remnant Creature that now serves as her companion.

Resonator Baizhi's <te href=850072>Tacet Mark</te> is located on the anterior side of her right thigh. No significant physical alterations after Awakening have been observed. 

However, when exerting her Forte, the Tacet Mark emits a faint white glow with the advent of the above Remnant Creature. The creature is translucent white in color and resembles the petals of Epiphyllum. It is unable to vocalize in human language, but can communicate with Baizhi through telepathy.

Resonator Baizhi cannot directly utilize her Forte, but she can leverage the extremely low temperature and her Remnant Creature's healing abilities to treat injuries in her vicinity.

Resonator Baizhi's Resonance Spectrum Pattern does not resemble any known frequencies. However, it shows a certain level of similarity with the fluctuations of Remnant Energy, and it possesses a strong Syntony Response with ""<te href=850140>You'tan</te>,"" her Remnant Creature. Despite these connections, the cause of Baizhi's Awakening remains unclear without adequate theoretical evidence.

Analysis of test samples has revealed a non-convergent <te href=850067>Rabelle's Curve</te> with a gradual increase followed by a steep rise in its middle section. Resonator Baizhi is thus classified as a <te href=850069>Mutant Resonator</te> with a Dormant Period.","Tiêu chí đánh giá: [Đánh Giá Resonance 2190-G]

Resonator Baizhi trải qua Sự Thức Tỉnh cách đây bốn năm, sau khi tiếp xúc với nguồn <te href=850076>Remnant Energy</te> mạnh một năm trước đó. Sự tiếp xúc này đã kích hoạt các tần số Tàn Dư tương ứng bên trong cô. Theo lời kể của Baizhi, trong quá trình Thức Tỉnh, cô cảm thấy một xung động mãnh liệt muốn hồi sinh đồng đội. Kết quả là, các tần số trên đã hiện thân thành một Sinh Vật Tàn Dư, giờ đây trở thành người bạn đồng hành của cô.

<te href=850072>Tacet Mark</te> của Resonator Baizhi nằm ở mặt trước đùi phải. Không có thay đổi vật lý đáng kể nào sau Thức Tỉnh được ghi nhận.

Tuy nhiên, khi sử dụng Forte, Tacet Mark phát ra ánh sáng trắng mờ nhạt cùng với sự xuất hiện của Sinh Vật Tàn Dư trên. Sinh vật này có màu trắng trong suốt, hình dáng giống cánh hoa Epiphyllum. Nó không thể phát ra tiếng người, nhưng có thể giao tiếp với Baizhi bằng thần giao cách cảm.

Resonator Baizhi không thể trực tiếp sử dụng Forte của mình, nhưng cô có thể tận dụng nhiệt độ cực thấp và khả năng chữa lành của Sinh Vật Tàn Dư để điều trị vết thương trong phạm vi gần.

Mô hình Phổ Resonance của Baizhi không giống bất kỳ tần số nào đã biết. Tuy nhiên, nó cho thấy mức độ tương đồng nhất định với sự dao động của Năng Lượng Tàn Dư, và có Phản Ứng Đồng Điệu mạnh với ""<te href=850140>You'tan</te>"", Sinh Vật Tàn Dư của cô. Dù có những mối liên hệ này, nguyên nhân Thức Tỉnh của Baizhi vẫn chưa rõ ràng do thiếu bằng chứng lý thuyết đầy đủ.

Phân tích mẫu thử cho thấy <te href=850067>Rabelle's Curve</te> không hội tụ, với sự tăng dần rồi đột ngột tăng mạnh ở đoạn giữa. Do đó, Resonator Baizhi được phân loại là <te href=850069>Mutant Resonator</te> với Giai Đoạn Tiềm Tàng.",C?n ti?ng Anh nghi v?n: Baizhi; Curve; Energy; Epiphyllum; Mark; Mutant; Rabelle's; Remnant; You'tan | S? t?/c?m nghi v?n: 17 | T? l? nghi v?n: 0.283 | M?c ??: 48.83
"This enemy has a <color=HighlightB>higher RES</color> to <color=Ice>Glacio DMG</color>.
While in combat, Glommoth gains Frost Armor, which increases its All-Attribute RES.
The Frost Armor is removed when the Fusion Burst on it reaches 3 stacks.

Weakness: Breaking Glommoth's left tusk causes it to lose part of its skill set.

Among the Exoswarm, none stand taller nor command greater reverence than these towering figures. Shaped in the likeness of the long-extinct mammoth, they are seen as reliable guides in leading their kin back to the Exostrider.
Glommoth, the male, advances with ferocity, often carving paths through frozen earth with its long, jagged tusks.
While Glommotha, the female, moves with care, guiding and healing the Exoswarm with its trunk as they return along the paths to the Exostrider.","Kẻ địch này có <color=HighlightB>higher RES</color> <color=Ice>Glacio DMG</color> cao hơn.
Trong chiến đấu, Glommoth sẽ nhận được Frost Armor, làm tăng Kháng toàn thuộc tính.
Frost Armor sẽ bị loại bỏ khi Fusion Burst trên nó đạt 3 tầng.

Điểm yếu: Phá vỡ ngà trái của Glommoth sẽ khiến nó mất một phần bộ kỹ năng.

Trong số Exoswarm, không có kẻ nào cao lớn hơn hay nhận được sự tôn kính hơn những sinh vật khổng lồ này. Được tạo hình theo hình dáng loài voi ma mút đã tuyệt chủng từ lâu, chúng được coi là những người dẫn đường đáng tin cậy, dẫn dắt đồng loại trở về Exostrider.
Glommoth, con đực, tiến lên với sự hung dữ, thường xuyên cày xới mặt đất băng giá bằng đôi ngà dài và sắc nhọn.
Trong khi Glommotha, con cái, di chuyển cẩn trọng hơn, dẫn dắt và chữa lành cho Exoswarm bằng chiếc vòi của mình khi chúng quay về con đường dẫn tới Exostrider.",C?n ti?ng Anh nghi v?n: Armor; Burst; Exostrider; Exoswarm; Frost; Glommoth; Glommotha; higher; RES | S? t?/c?m nghi v?n: 15 | T? l? nghi v?n: 0.375 | M?c ??: 48.75
"Increases ATK by {0}. Every time Basic Attack or Intro Skill is cast, Heavy Attack DMG Bonus increases by {1} for {2}s.","Tăng Attack thêm {0}. Mỗi lần sử dụng Basic Attack hoặc Intro Skill, Sát Thương Heavy Attack sẽ tăng thêm {1} trong {2} giây.",C?n ti?ng Anh nghi v?n: Attack; Basic; Heavy; Intro; Skill | S? t?/c?m nghi v?n: 7 | T? l? nghi v?n: 0.875 | M?c ??: 48.75
"{Cus:Ipt,Touch=Tap PC=Press Gamepad=Press} Normal Attack consecutively to cast <color=Highlight>Basic Attack</color>, <color=Highlight>Rending Lunge</color>, <color=Highlight>Death Snip</color>, and <color=Highlight>Thread Withdrawn</color> in sequence, dealing <color=Dark>Havoc DMG</color>.","Nhấn {Cus:Ipt,Touch=Ấn PC=press Gamepad=press} Normal Attack liên tiếp để thực hiện <color=Highlight>Basic Attack</color>, <color=Highlight>Rending Lunge</color>, <color=Highlight>Death Snip</color> và <color=Highlight>Thread Withdrawn</color> theo thứ tự, gây <color=Dark>Havoc DMG</color>.",C?n ti?ng Anh nghi v?n: Attack; Basic; Death; Lunge; Normal; Rending; Snip; Thread; Withdrawn | S? t?/c?m nghi v?n: 10 | T? l? nghi v?n: 0.769 | M?c ??: 48.69
"This enemy has a <color=HighlightB>higher RES</color> to <color=Dark>Havoc DMG</color>.

When Sabercat Prowler is in a state of Invisibility, its all All-Attribute RES is increased by 30%.

Hitting Sabercat Prowler with Tune Break forces it out of Invisibility.

When Sabercat Prowler is under Tune Rupture - Shifting and hit by Tune Break, it takes additional DMG equal to 25% of its Max HP, triggered only once.

A machine capable of camouflage, its parts are badly corrupted by Voidmatter, causing severe degradation to its vision and hearing. Yet this also heightens its other sensory perceptions. It tracks enemy movements by using the detector on its tail to sense changes in frequency.","Kẻ địch này có <color=HighlightB>higher RES</color> với <color=Dark>Havoc DMG</color>.

Khi Sabercat Prowler ở trạng thái Tàng Hình, toàn bộ Kháng Thuộc Tính của nó tăng thêm 30%.

Tấn công bằng Tune Break sẽ buộc nó phải rời khỏi trạng thái Tàng Hình.

Khi Sabercat Prowler chịu hiệu ứng Tune Rupture - Shifting và bị tấn công bằng Tune Break, nó sẽ nhận thêm sát thương bằng 25% HP tối đa, chỉ kích hoạt một lần.

Một cỗ máy có khả năng ngụy trang, nhưng các bộ phận đã bị Voidmatter ăn mòn nặng, khiến thị giác và thính giác bị suy giảm nghiêm trọng. Tuy nhiên, điều này lại làm tăng cường các giác quan khác. Nó theo dõi chuyển động của kẻ địch bằng cách sử dụng cảm biến trên đuôi để phát hiện sự thay đổi tần số.",C?n ti?ng Anh nghi v?n: Break; higher; Prowler; RES; Rupture; Sabercat; Shifting; Tune; Voidmatter | S? t?/c?m nghi v?n: 14 | T? l? nghi v?n: 0.56 | M?c ??: 48.6
The mud <color=#ffd12f>blocks the mechanisms and grants the enemies special Mud Shields</color>. The Water Vortex released by an Ultrasonic Pulse Chip and the Swamp Vortex can remove the mud and the shield it grants.,Mud <color=#ffd12f>blocks the mechanisms and grants the enemies special Mud Shields</color>. Xoáy Nước từ Ultrasonic Pulse Chip và Xoáy Đầm Lầy có thể cuốn trôi bùn và phá bỏ khiên.,C?n ti?ng Anh nghi v?n: and; blocks; Chip; enemies; grants; mechanisms; Mud; Pulse; Shields; special; Ultrasonic | S? t?/c?m nghi v?n: 12 | T? l? nghi v?n: 0.857 | M?c ??: 48.57
"Summon a Tambourinist that generates music notes for {0}s. Each note collected by a party member <color=#ffd12f>increases ATK by {1}</color>, recovers {2} HP, boosts Movement Speed by {3}, and rescovers {4} STA for them. It also increases their Basic Attack and Heavy Attack DMG to Immobilized targets by {5}. The effect lasts for {6}s. Throughout the battle, all Resonators' ATK is increased by {7} for each music note collected. Cooldown: {8}s.","Summon Nhạc Công Trống trong {0} giây, tạo ra các nốt nhạc. Mỗi nốt nhạc đồng đội nhặt được sẽ <color=#ffd12f>increases ATK by {1}</color>, hồi {2} HP, tăng Movement Speed {3} và hồi {4} Thể Lực. Ngoài ra, tăng Sát Thương Basic Attack và Heavy Attack lên mục tiêu Bất Động thêm {5}. Hiệu ứng kéo dài {6} giây. Trong suốt trận đấu, Attack của tất cả Resonators sẽ tăng {7} cho mỗi nốt nhạc đã nhặt.
Hồi chiêu: {8} giây.",C?n ti?ng Anh nghi v?n: Attack; Basic; by; Heavy; increases; Movement; Speed; Summon | S? t?/c?m nghi v?n: 10 | T? l? nghi v?n: 0.556 | M?c ??: 48.56
"When Zani is in the team and a nearby Resonator inflicts <color=Highlight>Spectro Frazzle</color> upon a target, immediately consume all Spectro Frazzle stacks and trigger the corresponding DMG, then convert Spectro Frazzle into equal stacks of Heliacal Ember. Every time the conversion happens, Zani obtains Blaze based on the stacks of Heliacal Ember inflicted. Heliacal Ember is capped at 60 stacks, with each stack lasting for 6s. Heliacal Ember stacks are counted toward the Spectro Frazzle stacks for the Eternal Radiance Sonata Effect.","Khi Zani có mặt trong đội và một Resonator gần đó gây <color=Highlight>Spectro Frazzle</color> lên mục tiêu, ngay lập tức tiêu thụ toàn bộ tầng Spectro Frazzle, kích hoạt sát thương tương ứng, rồi chuyển đổi thành số tầng Heliacal Ember tương đương. Mỗi lần chuyển đổi, Zani nhận được Blaze dựa trên số tầng Heliacal Ember đã gây ra. Heliacal Ember tối đa 60 tầng, mỗi tầng kéo dài 6 giây. Số tầng Heliacal Ember được tính vào tầng Spectro Frazzle cho hiệu ứng Sonata *Eternal Radiance*.",C?n ti?ng Anh nghi v?n: Blaze; Ember; Eternal; Frazzle; Heliacal; Radiance; Sonata; Zani | S? t?/c?m nghi v?n: 17 | T? l? nghi v?n: 0.654 | M?c ??: 48.54
"<color=#c49e55>[Resonance Liberation]</color> Glacier generated by Resonance Liberation: Glacial Gaze will detonate directly and enhance the next 3 Basic Attacks, generating an additional Subzero Prism. This increases Crit. DMG by {0} for {1}s, stacking up to {2} times.
Basic Attack 4 can detonate Ice Thorns, Ice Prisms, and Glaciers within the attack range once.","<color=#c49e55>[Resonance Liberation]</color> Băng hà tạo ra từ Resonance Liberation: Ánh Mắt Băng Giá sẽ kích nổ trực tiếp và tăng cường 3 đòn Basic Attack tiếp theo, tạo thêm một Ice Prism Giá. Điều này làm tăng Crit. DMG thêm {0} trong {1} giây, có thể chồng chất lên đến {2} lần.
Basic Attack 4 có thể kích nổ Ice Thorn, Ice Prism và Glacier trong phạm vi tấn công một lần.",C?n ti?ng Anh nghi v?n: Attack; Basic; Glacier; Ice; Liberation; Prism | S? t?/c?m nghi v?n: 11 | T? l? nghi v?n: 0.55 | M?c ??: 48.5
"While in <color=Highlight>Optical Sampling Stage</color>, with full <color=Highlight>Overflow</color>, hold Normal Attack to enter a charging state, during which Lynae continuously converts <color=Highlight>Overflow</color> into <color=Highlight>Lumiflow</color>. Release Normal Attack to dash toward the target, dealing <color=Light>Spectro DMG</color>.","Trong trạng thái <color=Highlight>Optical Sampling Stage</color>, khi <color=Highlight>Overflow</color> đạt tối đa, giữ Normal Attack để vào trạng thái nạp, trong đó Lynae liên tục chuyển hóa <color=Highlight>Overflow</color> thành <color=Highlight>Lumiflow</color>. Thả Normal Attack để lao về phía mục tiêu, gây <color=Light>Spectro DMG</color>.",C?n ti?ng Anh nghi v?n: Attack; Lumiflow; Lynae; Normal; Optical; Overflow; Sampling; Stage | S? t?/c?m nghi v?n: 11 | T? l? nghi v?n: 0.647 | M?c ??: 48.47
"Photo of Jiyan stowing his Broadblade at his waist during Basic Attack

C-MOSS's hot tip: {Cus:Ipt,Touch=Tap PC=Press Gamepad=Press} Normal Attack 3 or 4 times to trigger Basic Attack Stage 3 or 4
(Feel free to explore other ways to complete the challenge)","Chụp ảnh Jiyan đeo Lưỡi Broadblade vào eo khi thực hiện Basic Attack

Mẹo nóng từ C-MOSS: {Cus:Ipt,Touch=tap PC=press Gamepad=press} Normal Attack 3 hoặc 4 lần để kích hoạt Stage 3 hoặc 4 của Basic Attack
(Cứ tự do khám phá các cách khác để hoàn thành thử thách nhé)",C?n ti?ng Anh nghi v?n: Attack; Basic; C; Jiyan; Normal; Stage | S? t?/c?m nghi v?n: 9 | T? l? nghi v?n: 0.643 | M?c ??: 48.43
"Upon entering the battle, Resonators in the team gain a Shield equal to <color=#5cc96aff>20% of their Max HP</color>. <color=#b72924ff>When enemies are shielded</color>, they take <color=#b72924ff>30% less DMG</color>.","Khi bước vào trận chiến, Resonators trong đội nhận được Shield tương đương <color=#5cc96aff>20% of their Max HP</color>. <color=#b72924ff>When enemies are shielded</color>, chúng sẽ chịu <color=#b72924ff>30% less DMG</color>.",C?n ti?ng Anh nghi v?n: are; enemies; less; Max; of; Shield; shielded; their; When | S? t?/c?m nghi v?n: 9 | T? l? nghi v?n: 0.643 | M?c ??: 48.43
"<color=#c49e55>[Basic Attack]</color>
- Performing Basic Attack with Moonring restores <SapTag=0>{0}</SapTag> {Cus:Sap,S=point P=points SapTag=0} of Resonance Energy.
- When consuming Sentience, Basic Attacks with Moonbow fire {1} additional Arrows of Moonlight. Each arrow deals Aero DMG equal to {2} of ATK and is considered Resonance Liberation DMG.","<color=#c49e55>[Basic Attack]</color>
- Thực hiện Basic Attack với Moonring sẽ hồi phục <SapTag=0>{0}</SapTag> {Cus:Sap,S=điểm Resonance Energy P=điểm Resonance Energy SapTag=0}.
- Khi tiêu hao Sentience, Basic Attack với Moonbow bắn thêm {1} Mũi Tên Ánh Trăng. Mỗi mũi tên gây Aero DMG bằng {2} Attack và được tính là sát thương Resonance Liberation.",C?n ti?ng Anh nghi v?n: Attack; Basic; Liberation; Moonbow; Moonring; Sentience | S? t?/c?m nghi v?n: 9 | T? l? nghi v?n: 0.643 | M?c ??: 48.43
"This enemy has a <color=HighlightB>higher RES</color> to <color=Light>Spectro DMG</color>.
When the Voidwing Moth recovers from Immobilization, it cycles between the Wings Spread, Wings Folded, and Curled Up states.
While in the Wings Spread state, its Vibration Strength reduces faster.
While in the Wings Folded State, it takes less Vibration Strength reduction, and 30% less total DMG.
While in the Curled Up state, it takes 50% more total DMG.

A unique TD endemic to the Dimmr Plains, often seen in areas heavily contaminated by Voidmatter. It assumes a moth-like form with wings that shed Voidmatter particles.
Moving with instinct under the influence of Voidmatter, these creatures were once the vanguard of Aleph-1's incursion.
Though naturally passive, it will stop at nothing to annihilate its target once aggravated.","Kẻ địch này có <color=HighlightB>higher RES</color> <color=Light>Spectro DMG</color>.
Khi Voidwing Moth thoát khỏi trạng thái Bất Động, nó sẽ luân phiên chuyển đổi giữa các trạng thái: Xòe Cánh, Gập Cánh và Co Rúm.
Ở trạng thái Xòe Cánh, Vibration Strength của nó giảm nhanh hơn.
Ở trạng thái Gập Cánh, nó giảm Vibration Strength chậm hơn và chịu ít hơn 30% tổng sát thương.
Ở trạng thái Co Rúm, nó chịu thêm 50% tổng sát thương.

Một loài Tacet Discord đặc hữu của Dimmr Plains, thường xuất hiện ở những khu vực bị Voidmatter ô nhiễm nặng. Chúng mang hình dáng loài bướm đêm với đôi cánh tỏa ra các hạt Voidmatter.
Di chuyển theo bản năng dưới ảnh hưởng của Voidmatter, những sinh vật này từng là đội tiên phong trong cuộc xâm lăng của Aleph-1.
Dù bản chất hiền lành, một khi bị kích động, chúng sẽ không ngừng truy diệt mục tiêu.",C?n ti?ng Anh nghi v?n: Aleph; Dimmr; higher; Moth; Plains; RES; Strength; Vibration; Voidmatter; Voidwing | S? t?/c?m nghi v?n: 14 | T? l? nghi v?n: 0.438 | M?c ??: 48.38
"- When Aalto passes through Mist or Gate of Quandary, he enters the <color=Highlight>Mistcloak Dash</color>.
- When <color=Highlight>Basic Attack</color> or <color=Highlight>Mid-air Attack</color> passes through Mist and hits the target, 1 Mist Drop is recovered.","Khi Aalto đi qua Sương Mù hoặc Cánh Gate of Quandary, cậu sẽ bước vào trạng thái <color=Highlight>Mistcloak Dash</color>.
- Khi <color=Highlight>Basic Attack</color> hoặc <color=Highlight>Mid-air Attack</color> xuyên qua Sương Mù và trúng mục tiêu, sẽ hồi phục 1 Giọt Sương.",C?n ti?ng Anh nghi v?n: Aalto; air; Attack; Basic; Dash; Gate; Mid; Mistcloak; of; Quandary | S? t?/c?m nghi v?n: 11 | T? l? nghi v?n: 0.733 | M?c ??: 48.33
"Open to claim a type of basic resource of your choice:
<color=Rare2>Basic Resonance Potion x10</color>
<color=Rare2>Basic Energy Core x10</color>
<color=Rare2>Basic Sealed Tube x4</color>
<color=Rare2>Shell Credit x10000</color>","Mở để nhận một loại tài nguyên cơ bản theo lựa chọn:
<color=Rare2>Basic Resonance Potion x10</color>
<color=Rare2>Basic Energy Core x10</color>
<color=Rare2>Basic Sealed Tube x4</color>
<color=Rare2>Shell Credit x10000</color>",C?n ti?ng Anh nghi v?n: Basic; Core; Credit; Energy; Potion; Sealed; Shell; Tube | S? t?/c?m nghi v?n: 10 | T? l? nghi v?n: 0.833 | M?c ??: 48.33
"Increases ATK by {0}. Casting Echo Skill within {1}s after casting Intro Skill or Basic Attacks grants <SapTag=2>{2}</SapTag> {Cus:Sap,S=stack P=stacks SapTag=2} of Gentle Dream. Echoes with the same name can only trigger this effect once, stacking up to {3} times, lasting for {4}s. When reaching 2 stacks, casting Echo Skill no longer resets the duration of this effect. This effect activates up to once per 10s. Switching to another Resonator ends this effect early.
With <SapTag=5>{5}</SapTag> {Cus:Sap,S=stack P=stacks SapTag=5}: Grants {6} Basic Attack DMG Bonus.
With <SapTag=7>{7}</SapTag> {Cus:Sap,S=stack P=stacks SapTag=7}: Ignores {8} of the target's Havoc RES.","Tăng Attack thêm {0}. Khi sử dụng Kỹ Năng Echoes trong vòng {1} giây sau khi dùng Intro Skill hoặc Basic Attack, nhận được <SapTag=2>{2}</SapTag> {Cus:Sap,S=lớp P=lớp Gentle Dream}. Các Echoes cùng tên chỉ kích hoạt hiệu ứng này một lần, tối đa {3} lớp, duy trì trong {4} giây. Khi đạt 2 lớp, sử dụng Kỹ Năng Echoes sẽ không làm mới thời gian hiệu ứng. Hiệu ứng kích hoạt tối đa một lần mỗi 10 giây. Chuyển đổi Resonator sẽ kết thúc hiệu ứng sớm.
Khi có <SapTag=5>{5}</SapTag> {Cus:Sap,S=lớp P=lớp}: Tăng {6} Sát Thương Basic Attack.
Khi có <SapTag=7>{7}</SapTag> {Cus:Sap,S=lớp P=lớp}: Bỏ qua {8} Havoc RES của mục tiêu.",C?n ti?ng Anh nghi v?n: Attack; Basic; Intro; RES; Skill | S? t?/c?m nghi v?n: 8 | T? l? nghi v?n: 0.333 | M?c ??: 48.33
"<color=#c49e55>[Resonance Skill]</color> Casting Resonance Skill increases ""Ruby Blossom's"" Regen. Dodge Counter is replaced with ""Heavy Attack: Chaoscleave."" ""Heavy Attack: Scatterbloom"" deals extra damage equal to {0} of Resonance Liberation: Scarlet Burst's DMG. Danjin also gains a shield based on {1} of her Max HP for {2}s. The shield effect can be triggered once every {3}s.","<color=#c49e55>[Resonance Skill]</color> Kích hoạt Resonance Skill tăng Hồi Phục cho ""Hoa Hồng Đỏ"". Dodge Counter được thay thế bằng ""Heavy Attack: Cắt Hỗn Loạn"". ""Heavy Attack: Hoa Tán Loạn"" gây thêm sát thương bằng {0} sát thương của Resonance Liberation: Vụ Nổ Đỏ Thẫm. Danjin cũng nhận được lá chắn dựa trên {1} HP tối đa của cô trong {2} giây. Hiệu ứng lá chắn chỉ kích hoạt mỗi {3} giây một lần.",C?n ti?ng Anh nghi v?n: Attack; Counter; Danjin; Dodge; Heavy; Liberation; Skill | S? t?/c?m nghi v?n: 9 | T? l? nghi v?n: 0.529 | M?c ??: 48.29
"In <te href=851069>Startorch Academy</te>'s administrative system, Lynae's truancy record reads more like a colorful fantasy travelogue than a disciplinary file.
 
While her classmates sat in the lecture hall listening to Professor Mauclair's World Cultural History lecture, Lynae was several kilometers away, perched in a tree carefully reinforcing a nest of newly hatched Kronapuffs. While they drilled combat forms on the training grounds, she was in the Spacetrek Archive, helping a frantic Energy Sciences student recover crucial graduation data from a pile of corrupted files. 

The hands once trained to grip weapons and crack security systems now wielded spray cans with the same precise, startling gentleness. Lynae simply couldn't sit still. Her curiosity tugged her from one corner of the Academy to the next, and her reasons for skipping class were always inventive.

""I was helping a senior stop her graduation project from escaping."" 
""I was recalibrating the cafeteria droid's seasoning algorithms. I may have accidentally triggered a system-wide strike.""
""The Rimewisps in the sim pod were showing abnormal spectral fluctuations. Obviously, I had to document it!""
 
At first, Ms. Voss found it exhausting. That began to change. It changed with the formal commendation from the Engineering Department, crediting Lynae with safeguarding all upcoming frostlands survey equipment during a <te href=851070>Void Storm</te>. It changed as the suggestion box began to overflow with thank-you notes addressed to an anonymous ""volunteer."" It changed when Professor Mauclair, in an Energy Sciences meeting, excitedly presented a set of clear, unprecedented spectral data from a ""special observation point,"" noting: ""Provided by an anonymous student. Recommend inclusion in the curriculum.""

Faced with Lynae's lengthy, bewildering, yet undeniably brilliant record, Voss could only sigh.
This girl was never in class, yet her presence was felt in every corner of the Academy. It seemed as though she was protecting the place she now called ""home,"" in her own, unconventional way. 
 
""…You still have to write the reflection report, you know.""
""…Yes, ma'am.""

Head lowered, Lynae shuffled out of the office. Still, her eyes twinkled at the familiar mix of exasperation and fondness in Ms. Voss's eyes.","Trong hệ thống hành chính của <te href=851069>Startorch Academy</te>, hồ sơ vắng mặt của Lynae đọc như một cuốn du ký kỳ ảo đầy màu sắc hơn là một biên bản kỷ luật.

Trong khi các bạn cùng lớp ngồi nghe giảng bài Lịch sử Văn hóa Thế giới của Giáo sư Mauclair trong giảng đường, Lynae lại đang ở cách đó vài kilomet, ngồi trên cây cẩn thận gia cố tổ của một đàn Kronapuff mới nở. Khi các bạn khác luyện tập chiến thuật trên sân tập, cô lại có mặt tại Kho Lưu trữ Spacetrek, giúp một sinh viên Khoa Năng lượng đang hoảng loạn khôi phục dữ liệu tốt nghiệp quan trọng từ đống file bị hỏng.

Đôi bàn tay từng được rèn luyện để cầm vũ khí và phá vỡ hệ thống an ninh giờ đây lại cầm bình xịt với sự chính xác và dịu dàng đến bất ngờ. Lynae đơn giản là không thể ngồi yên. Sự tò mò kéo cô từ góc này sang góc khác của Học viện, và lý do trốn học của cô luôn đầy sáng tạo.

""Em đang giúp một anh chị ngăn dự án tốt nghiệp của họ... bỏ trốn.""
""Em điều chỉnh lại thuật toán nêm gia vị cho droid căng tin. Có thể em đã vô tình kích hoạt một cuộc đình công toàn hệ thống.""
""Những Rimewisp trong buồng mô phỏng đang có dao động phổ bất thường. Rõ ràng là em phải ghi lại chứ!""

Ban đầu, cô Voss thấy mệt mỏi với chuyện này. Nhưng mọi thứ bắt đầu thay đổi. Sự thay đổi đến từ lá thư khen chính thức của Khoa Kỹ thuật, ghi nhận công lao của Lynae trong việc bảo vệ toàn bộ thiết bị khảo sát vùng băng giá trước một cơn <te href=851070>Void Storm</te>. Sự thay đổi đến khi hộp thư góp ý bắt đầu tràn ngập những lời cảm ơn gửi đến một ""tình nguyện viên"" ẩn danh. Sự thay đổi đến khi Giáo sư Mauclair, trong một cuộc họp Khoa Năng lượng, hào hứng trình bày một bộ dữ liệu phổ rõ ràng chưa từng có từ một ""điểm quan sát đặc biệt"", và ghi chú: ""Do một sinh viên giấu tên cung cấp. Đề nghị đưa vào giáo trình.""

Trước hồ sơ dài dòng, khó hiểu nhưng không thể phủ nhận là xuất sắc của Lynae, cô Voss chỉ còn biết thở dài.
Cô gái này chẳng bao giờ có mặt trên lớp, nhưng sự hiện diện của cô lại len lỏi vào mọi ngóc ngách của Học viện. Dường như cô đang bảo vệ nơi mà giờ đây cô gọi là ""nhà"", theo cách riêng, không theo quy tắc nào cả.

""…Dù sao thì em vẫn phải viết bản kiểm điểm đấy.""
""…Vâng, thưa cô.""

Cúi đầu, Lynae lê bước ra khỏi văn phòng. Nhưng ánh mắt cô vẫn lấp lánh niềm vui trước sự kết hợp quen thuộc giữa sự bực bội và tình cảm trong ánh nhìn của cô Voss.",C?n ti?ng Anh nghi v?n: Academy; an; file; Lynae; Mauclair; Spacetrek; Startorch; Storm; Void; Voss | S? t?/c?m nghi v?n: 18 | T? l? nghi v?n: 0.225 | M?c ??: 48.25
"Stability will decrease when attacked by Tacet Discords influenced by Lament Residue. If <color=#ffd12f>all Stability is lost</color>, <color=#ffd12f>the exploration will be terminated</color>, and all items in your Storage Bag will be lost.","Độ ổn định sẽ giảm khi bị Tacet Discord tấn công dưới ảnh hưởng của Dư Âm Than Khóc. Nếu <color=#ffd12f>all Stability is lost</color>, <color=#ffd12f>the exploration will be terminated</color>, và toàn bộ vật phẩm trong Storage Bag sẽ bị mất.",C?n ti?ng Anh nghi v?n: all; Bag; be; exploration; is; lost; Stability; Storage; terminated; will | S? t?/c?m nghi v?n: 10 | T? l? nghi v?n: 0.625 | M?c ??: 48.25
"When Buling obtains Minor Yin and Minor Yang, she enters the <color=Highlight>Yin-Yang Balance</color> state, replacing her <color=Highlight>Resonance Liberation - Flashing Thunder Spell</color> with <color=Highlight>Resonance Liberation - Flashing Thunder Spell: Harmony</color>.","Khi Buling thu được Âm Nhỏ và Dương Nhỏ, cô sẽ bước vào trạng thái <color=Highlight>Yin-Yang Balance</color>, thay thế <color=Highlight>Resonance Liberation - Flashing Thunder Spell</color> bằng <color=Highlight>Resonance Liberation - Flashing Thunder Spell: Harmony</color>.",C?n ti?ng Anh nghi v?n: Balance; Buling; Flashing; Harmony; Liberation; Spell; Thunder; Yang; Yin | S? t?/c?m nghi v?n: 13 | T? l? nghi v?n: 0.722 | M?c ??: 48.22
"During <color=Highlight>Execution Mode</color>, the puppet ""Zapstring"" will keep discharging and empower <color=Highlight>Basic Attack</color> and <color=Highlight>Dodge Counter</color> to trigger Electromagnetic Blast on hit. Each <color=Highlight>Basic Attack</color> can only trigger this once, up to 4 times.","Trong <color=Highlight>Execution Mode</color>, bù nhìn ""Zapstring"" sẽ liên tục phóng điện và tăng cường <color=Highlight>Basic Attack</color> cùng <color=Highlight>Dodge Counter</color> để kích hoạt Vụ Nổ Điện Từ khi trúng đích. Mỗi <color=Highlight>Basic Attack</color> chỉ kích hoạt một lần, tối đa 4 lần.",C?n ti?ng Anh nghi v?n: Attack; Basic; Counter; Dodge; Execution; Mode; Zapstring | S? t?/c?m nghi v?n: 9 | T? l? nghi v?n: 0.818 | M?c ??: 48.18
"<color=#c49e55>[Basic Attack]</color>
- Basic Attack receives a special enhancement. Basic Attack Stage 4 can be followed by Basic Attack Stage 3, which grants a Trigram - Mountain. 
- Electro Flare DMG is increased.","<color=#c49e55>[Basic Attack]</color>
- Basic Attack nhận được tăng cường đặc biệt. Basic Attack Stage 4 có thể tiếp nối bằng Basic Attack Stage 3, tạo ra Trigram - Sơn.
- Sát Thương Điện Quang được tăng lên.",C?n ti?ng Anh nghi v?n: Attack; Basic; Stage; Trigram | S? t?/c?m nghi v?n: 9 | T? l? nghi v?n: 0.818 | M?c ??: 48.18
"Evaluation Basis: [Resonance Assessment 2603-G]

Resonator Xiangli Yao's awakening occurred two years ago, following an incident at the Court of Savantae Ruins where he lost his arm and came into contact with an unknown metal substance.

Resonator Xiangli Yao's <te href=850072>Tacet Mark</te> is located on his prosthetic right arm. Post-Awakening observations revealed his ability to perform Metalmorph by manipulating the shape and storing energy of his prosthetic arm.

The Resonance Spectrum Pattern of Xiangli Yao has been observed to align closely with that of thunder. A strong Syntony reaction has been observed, yet the cause of Xiangli Yao's Awakening remains unclear due to the inability to recover samples of the unknown metal substance.  

Analysis of test samples has revealed a consistent, flat <te href=850067>Rabelle's Curve</te> followed by a sharp ascent and stabilization. Therefore, Xiangli Yao is identified as a <te href=850069>Mutant Resonator</te>.","Cơ sở đánh giá: [Đánh giá Cộng hưởng 2603-G]

Resonator Xiangli Yao thức tỉnh cách đây hai năm, sau một sự cố tại Court of Savantae Ruins, nơi anh mất cánh tay phải và tiếp xúc với một loại kim loại lạ.

<te href=850072>Tacet Mark</te> của Xiangli Yao nằm trên cánh tay giả bên phải. Quan sát sau thức tỉnh cho thấy anh có khả năng Metalmorph bằng cách thay đổi hình dạng và tích trữ năng lượng trong cánh tay giả.

Mô hình Phổ Cộng hưởng của Xiangli Yao gần như trùng khớp với sấm sét. Phản ứng Cộng hưởng mạnh mẽ đã được ghi nhận, nhưng nguyên nhân thức tỉnh của anh vẫn chưa rõ do không thể thu hồi mẫu kim loại lạ.

Phân tích mẫu thử cho thấy <te href=850067>Rabelle's Curve</te> ổn định, bằng phẳng trước khi tăng vọt và ổn định trở lại. Do đó, Xiangli Yao được xác định là <te href=850069>Mutant Resonator</te>.",C?n ti?ng Anh nghi v?n: Court; Curve; Mark; Metalmorph; Mutant; of; Rabelle's; Ruins; Savantae; Xiangli; Yao | S? t?/c?m nghi v?n: 17 | T? l? nghi v?n: 0.415 | M?c ??: 48.15
"As Cartethyia, hold Normal Attack to deal Aero DMG and pull in the target in front, then summon <color=Highlight>Sword of Discord's Shadow</color>.
Casting Mid-air Attack recalls <color=Highlight>Sword of Discord's Shadow</color>.","Khi sử dụng Cartethyia, giữ Normal Attack để gây Aero DMG và kéo mục tiêu về phía trước, sau đó triệu hồi <color=Highlight>Kiếm of Discord's Shadow</color>.
Mid-air Attack sẽ thu hồi <color=Highlight>Kiếm of Discord's Shadow</color>.",C?n ti?ng Anh nghi v?n: air; Attack; Cartethyia; Discord's; Mid; Normal; of; Shadow | S? t?/c?m nghi v?n: 12 | T? l? nghi v?n: 0.706 | M?c ??: 48.06
"<color=Highlight>Activated upon having 3 Bond Members in the team</color>
When in Synergy Burst:
Summon a Torrent of Collapse to continuously pull in nearby targets, dealing Physical DMG equal to {1} of ATK {0} times. At the end of the pull-in effect, trigger {2} Collapse, dealing Physical DMG equal to {3} of ATK. Then summon {4} Data Ports to continuously attack the target. Each Data Port launches {5} Data Bombs on the target, with each Data Bomb dealing DMG equal to {6} of ATK.","Kích hoạt khi có <color=Highlight>Activated upon having 3 Bond Members in the team</color>
Khi ở trạng thái Đồng Bộ Bùng Nổ:
Summon Dòng Chảy Sụp Đổ liên tục hút mục tiêu gần đó, gây sát thương Physical bằng {1} Tấn Công {0} times. Khi hiệu ứng hút kết thúc, kích hoạt {2} Sụp Đổ, gây sát thương Physical bằng {3} Tấn Công. Sau đó triệu hồi {4} Cổng Data tấn công mục tiêu liên tục. Mỗi Cổng Data phóng {5} Quả Bom Data vào mục tiêu, mỗi quả gây sát thương bằng {6} Tấn Công.",C?n ti?ng Anh nghi v?n: Activated; Bond; Data; having; in; Members; Physical; Summon; team; times; upon | S? t?/c?m nghi v?n: 14 | T? l? nghi v?n: 0.7 | M?c ??: 48.0
"<color=#c49e55>[Resonance Skill]</color>
- Resonance Skill - Through the Groves has its Cooldown reduced by <color=Highlight>{0}s</color> and its total DMG increased by <color=Highlight>{1}</color>. Casting this skill grants <color=Highlight>{2}</color> Aero DMG Bonus for <color=Highlight>{3}s</color>.
- Resonance Skill - Through the Groves will be automatically cast when Qiuyuan is being hit, stagnating nearby enemies for <color=Highlight>{4}s</color> and restoring <color=Highlight>{5}</color> points of Swordster's Soliloquy.","<color=#c49e55>[Resonance Skill]</color>
- Cooldown chiêu của Resonance Skill - Through the Groves giảm <color=Highlight>{0}s</color> và tổng Sát Thương tăng thêm <color=Highlight>{1}</color>. Thi triển kỹ năng này sẽ tăng <color=Highlight>{2}</color> Aero DMG trong <color=Highlight>{3}s</color>.
- Resonance Skill - Through the Groves sẽ tự động thi triển khi Qiuyuan bị tấn công, làm chậm kẻ địch xung quanh trong <color=Highlight>{4}s</color> và khôi phục <color=Highlight>{5}</color> điểm Swordster's Soliloquy.",C?n ti?ng Anh nghi v?n: Cooldown; Groves; Qiuyuan; s; Skill; Soliloquy; Swordster's; Through | S? t?/c?m nghi v?n: 13 | T? l? nghi v?n: 0.5 | M?c ??: 48.0
"When an enemy uses a Special Skill (a red ring will appear as a warning), if you <color=#ffd12f>successfully Dodge or counter</color> the attack, the enemy will immediately enter the Mistune state. Attack enemies with Tune Break in this state will not reset their Off-Tune Level.","Khi kẻ địch sử dụng Kỹ Năng Special (vòng tròn đỏ cảnh báo sẽ xuất hiện), nếu <color=#ffd12f>successfully Dodge or counter</color>, kẻ địch sẽ ngay lập tức rơi vào trạng thái Mistune. Attack kẻ địch bằng Tune Break trong trạng thái này sẽ không làm reset cấp độ Off-Tune của chúng.",C?n ti?ng Anh nghi v?n: Attack; Break; counter; Dodge; Mistune; Off; or; reset; Special; successfully; Tune | S? t?/c?m nghi v?n: 12 | T? l? nghi v?n: 0.8 | M?c ??: 48.0
"Transform into Sentry Construct and attack enemies in front, dealing {0} Glacio DMG. Each time the Resonator with this Echo casts Resonance Liberation, it charges the Strike Capacitor.
Once Strike Capacitor is at max level, the Echo Skill cooldown will be reset. Use Echo Skill to transform into Sentry Construct and dive into enemies from the air, dealing {1} Glacio DMG and freezing the target.
The Resonator with this Echo equipped in their main slot gains {2} Glacio DMG Bonus and {3} Resonance Skill DMG Bonus.
CD: {4}s.","Biến thành Sentry Construct và tấn công kẻ địch phía trước, gây {0} Glacio DMG. Mỗi lần Resonator sở hữu Echo này sử dụng Resonance Liberation, nó sẽ nạp cho Strike Capacitor.
Khi Strike Capacitor đạt cấp tối đa, Cooldown của Kỹ Năng Echo sẽ được đặt lại. Sử dụng Kỹ Năng Echo để biến hình thành Sentry Construct và lao từ trên không xuống kẻ địch, gây {1} Glacio DMG và đóng băng mục tiêu.
Resonator trang bị Echo này ở vị trí chính sẽ nhận được {2} Glacio DMG Bonus và {3} Tăng Sát Thương Resonance Skill.
Hồi chiêu: {4} giây.",C?n ti?ng Anh nghi v?n: Bonus; Capacitor; Construct; Cooldown; Liberation; Sentry; Skill; Strike | S? t?/c?m nghi v?n: 12 | T? l? nghi v?n: 0.4 | M?c ??: 48.0
"<size=40><color=Title>Basic Attack</color></size>
Deal <color=Dark>Havoc DMG</color> equal to {0} of the active Resonator's ATK.
<size=10></size>
<size=40><color=Title>Core Skill</color></size>
Transform into Cantarella Cube and Stagnate the targets within a certain range for {2}s, dealing <color=Dark>Havoc DMG</color> equal to {1} of the active Resonator's ATK. Skill Cooldown: {3}s","<size=40><color=Title>Basic Attack</color></size>
Gây <color=Dark>Havoc DMG</color> bằng {0} Attack của Resonator đang kích hoạt.
<size=10></size>
<size=40><color=Title>Core Skill</color></size>
Biến thành Cantarella Cube và làm đình trệ mục tiêu trong phạm vi nhất định trong {2} giây, gây <color=Dark>Havoc DMG</color> bằng {1} Attack của Resonator đang kích hoạt. Cooldown chiêu: {3} giây.",C?n ti?ng Anh nghi v?n: Attack; Basic; Cantarella; Cooldown; Core; Cube; Skill | S? t?/c?m nghi v?n: 9 | T? l? nghi v?n: 0.5 | M?c ??: 48.0
"This type includes Tacetite Spikes with Optional Module II, Glacio Beacon, Hologram Echo: Junrock with Optional Module I, Frost Spout, Hologram Echo: Puff, and Freeze Jet","Loại này bao gồm Tacetite Spikes với Optional Mô-đun II, Glacio Beacon, Hologram Echo: Junrock với Optional Mô-đun I, Frost Spout, Hologram Echo: Puff và Freeze Jet.",C?n ti?ng Anh nghi v?n: Beacon; Freeze; Frost; Hologram; I; II; Jet; Junrock; Optional; Puff; Spikes; Spout; Tacetite | S? t?/c?m nghi v?n: 15 | T? l? nghi v?n: 0.789 | M?c ??: 47.89
"This type includes: Tacetite Barrage with Optional Module I, Hologram Echo: Drake, Hologram Echo: Hoartoise with Optional Module II, Hologram Echo: Chest Mimic, and Burst Launcher","Loại này bao gồm: Tacetite Barrage với Optional Mô-đun I, Hologram Echo: Drake, Hologram Echo: Hoartoise với Optional Mô-đun II, Hologram Echo: Chest Mimic và Burst Launcher.",C?n ti?ng Anh nghi v?n: Barrage; Burst; Chest; Drake; Hoartoise; Hologram; I; II; Launcher; Mimic; Optional; Tacetite | S? t?/c?m nghi v?n: 15 | T? l? nghi v?n: 0.789 | M?c ??: 47.89
"Use <color=#f4d582>Crimson Fragment</color> after <color=#f4d582>Basic Attack 2</color>, <color=#f4d582>Vindication</color>, or <color=#f4d582>Dodge Counter</color> to perform up to 2 attacks of Crimson Erosion, dealing <color=#e649a6>Havoc DMG</color>, applying <color=#f4d582>Incinerating Will</color> to targets hit, enabling Danjin's DMG dealt to marked targets to increased by 20%.","Sau <color=#f4d582>Crimson Fragment</color>, <color=#f4d582>Basic Attack 2</color> hoặc <color=#f4d582>Vindication</color>, dùng <color=#f4d582>Dodge Counter</color> để thực hiện tối đa 2 đòn Crimson Erosion, gây <color=#e649a6>Havoc DMG</color>, áp dụng <color=#f4d582>Incinerating Will</color> lên mục tiêu trúng đòn, tăng 20% sát thương Danjin gây ra lên mục tiêu bị đánh dấu.",C?n ti?ng Anh nghi v?n: Attack; Basic; Counter; Crimson; Dodge; Erosion; Fragment; Incinerating; Vindication; Will | S? t?/c?m nghi v?n: 11 | T? l? nghi v?n: 0.688 | M?c ??: 47.88
"<color=Highlight>Activated upon having 3 Bond Members in the team</color>
When in Synergy Burst:
Resonators in mid-air gain 1 stack of Air Waltz that lasts for {1}s every {0}s. Each stack increases Crit. Rate by {2}, stacking up to {3} times. Mid-air Attack summons a Scorched Earth, dealing DMG equal to {4} of ATK, triggered once every {5}s.","Kích hoạt khi có <color=Highlight>Activated upon having 3 Bond Members in the team</color>
Khi ở trạng thái Đồng Bộ Bùng Nổ:
Synergy Giả ở trên không sẽ nhận được 1 lớp Vũ Điệu Không Trung mỗi {0} giây, kéo dài {1} giây. Mỗi lớp tăng Crit. Rate thêm {2}, tối đa {3} lớp. Attack trên không sẽ triệu hồi Đất Cháy, gây sát thương bằng {4} Attack, kích hoạt mỗi {5} giây một lần.",C?n ti?ng Anh nghi v?n: Activated; Attack; Bond; having; in; Members; Rate; Synergy; team; upon | S? t?/c?m nghi v?n: 11 | T? l? nghi v?n: 0.688 | M?c ??: 47.88
"<size=40><color=Title>Graceful Step</color></size>
Deal <color=Dark>Havoc DMG</color>.
<size=10> </size>
<size=40><color=Title>Flickering Reverie</color></size>
When in <color=Highlight>Mirage</color>, <color=Highlight>Resonance Skill</color> becomes <color=Highlight>Flickering Reverie</color>. Casting this skill is also considered as casting <color=Highlight>Echo Skill</color>.
Deal <color=Dark>Havoc DMG</color> and send the target into <color=Highlight>Hazy Dream</color>.
<size=10> </size>
<size=40><color=Title>Hazy Dream</color></size>
Reduce the target's movement speed. When the target takes damage, <color=Highlight>Jolt</color> is triggered once, dealing <color=Dark>Havoc DMG</color>.","<size=40><color=Title>Graceful Step</color></size>
Gây <color=Dark>Havoc DMG</color>.
<size=10> </size>
<size=40><color=Title>Flickering Reverie</color></size>
Khi ở trong trạng thái <color=Highlight>Mirage</color>, <color=Highlight>Resonance Skill</color> sẽ chuyển thành <color=Highlight>Flickering Reverie</color>. Thi triển kỹ năng này cũng được coi là thi triển <color=Highlight>Echo Skill</color>.
Gây <color=Dark>Havoc DMG</color> và đẩy mục tiêu vào <color=Highlight>Hazy Dream</color>.
<size=10> </size>
<size=40><color=Title>Hazy Dream</color></size>
Giảm tốc độ di chuyển của mục tiêu. Khi mục tiêu chịu sát thương, <color=Highlight>Jolt</color> sẽ được kích hoạt một lần, gây <color=Dark>Havoc DMG</color>.",C?n ti?ng Anh nghi v?n: Dream; Flickering; Graceful; Hazy; Jolt; Mirage; Reverie; Skill; Step | S? t?/c?m nghi v?n: 14 | T? l? nghi v?n: 0.483 | M?c ??: 47.83
"Deal <color=Light>Spectro DMG</color> equal to {0} of Phoebe's ATK.
- <color=Highlight>Absolution</color> Enhancement: Increase DMG Multiplier.
- <color=Highlight>Confession</color> Enhancement: Reduce the Spectro RES of targets in a certain range by {2} and grant {3} <color=Highlight>Spectro Frazzle</color> DMG Amplification. When <color=Highlight>Spectro Frazzle</color> inflicts DMG, extend <color=Highlight>Spectro Frazzle's</color> damage interval by {4}. This effect lasts {5}s or until Phoebe switches to <color=Highlight>Absolution</color> status.","Gây <color=Light>Spectro DMG</color> tương đương {0} Tấn Công của Phoebe.
- Increase cường <color=Highlight>Absolution</color>: Increase hệ số sát thương.
- Increase cường <color=Highlight>Confession</color>: Giảm Spectro RES của các mục tiêu trong phạm vi nhất định {2} và tăng cường {3} <color=Highlight>Spectro Frazzle</color> khuếch đại sát thương. Khi <color=Highlight>Spectro Frazzle</color> gây sát thương, kéo dài khoảng thời gian gây sát thương của <color=Highlight>Spectro Frazzle's</color> thêm {4}. Hiệu ứng này kéo dài {5} giây hoặc cho đến khi Phoebe chuyển sang trạng thái <color=Highlight>Absolution</color>.",C?n ti?ng Anh nghi v?n: Absolution; Confession; Frazzle; Frazzle's; Increase; Phoebe; RES | S? t?/c?m nghi v?n: 12 | T? l? nghi v?n: 0.48 | M?c ??: 47.8
"Upon entering the battle, Fleurdelys gains a Shield equal to <color=#b72924ff>50% of her Max HP</color>. <color=#5cc96aff>Casting Resonance Liberation</color> grants all Resonators in the team a Shield equal to <color=#5cc96aff>10% of their Max HP</color>.","Khi bước vào trận chiến, Fleurdelys nhận được Shield tương đương <color=#b72924ff>50% of her Max HP</color>. <color=#5cc96aff>Casting Resonance Liberation</color> sẽ trao cho tất cả Resonators trong đội Shield tương đương <color=#5cc96aff>10% of their Max HP</color> của họ.",C?n ti?ng Anh nghi v?n: Casting; Fleurdelys; her; Liberation; Max; of; Shield; their | S? t?/c?m nghi v?n: 11 | T? l? nghi v?n: 0.579 | M?c ??: 47.79
"<color=Highlight>Activated upon having 3 Bond Members in the team</color>
- All targets' DEF is reduced by {0}.
- Summon multiple Otherworld Thunders to attack the targets upon activating Synergy Burst, each dealing Physical DMG equal to {1} of ATK, considered Resonance Skill DMG.","<color=Highlight>Activated upon having 3 Bond Members in the team</color>
- Giảm {0} Phòng Ngự của tất cả mục tiêu.
- Khi kích hoạt Synergy Burst, triệu hồi nhiều Otherworld Thunders tấn công mục tiêu, mỗi đòn gây Sát Thương Physical bằng {1} Tấn Công, được tính là Sát Thương Kỹ Năng Synergy.",C?n ti?ng Anh nghi v?n: Activated; Bond; Burst; having; in; Members; Otherworld; Physical; Synergy; team; Thunders; upon | S? t?/c?m nghi v?n: 13 | T? l? nghi v?n: 0.867 | M?c ??: 47.67
"Open to claim a type of advanced skill material of your choice:
<color=Rare4>Monument Bell x1</color>
<color=Rare4>Unending Destruction x1</color>
<color=Rare4>Dreamless Feather x1</color>
<color=Rare4>Sentinel's Dagger x1</color>
<color=Rare4>The Netherworld's Stare x1</color>
<color=Rare4>When Irises Bloom x1</color>","Mở để nhận một loại nguyên liệu kỹ năng cao cấp tự chọn:
<color=Rare4>Monument Bell x1</color>
<color=Rare4>Unending Destruction x1</color>
<color=Rare4>Dreamless Feather x1</color>
<color=Rare4>Sentinel's Dagger x1</color>
<color=Rare4>The Netherworld's Stare x1</color>
<color=Rare4>When Irises Bloom x1</color>",C?n ti?ng Anh nghi v?n: Bell; Bloom; Dagger; Destruction; Dreamless; Feather; Irises; Monument; Netherworld's; Sentinel's; Stare; Unending; When | S? t?/c?m nghi v?n: 13 | T? l? nghi v?n: 0.867 | M?c ??: 47.67
Hold <color=Highlight>Basic Attack</color> to keep accumulating <color=Highlight>Forte Gauge</color>. Hitting an enemy with enough <color=Highlight>Forte Gauge</color> sends Roccia into mid-air and activates <color=Highlight>Beyond Imagination</color>. Roccia can cast <color=Highlight>Chain Plunging Attack</color> with enough <color=Highlight>Forte Gauge</color> in this state.,"Giữ <color=Highlight>Basic Attack</color> để tích lũy <color=Highlight>Forte Gauge</color>. Khi đánh trúng kẻ địch với đủ <color=Highlight>Forte Gauge</color>, Roccia sẽ bay lên không và kích hoạt <color=Highlight>Beyond Imagination</color>. Ở trạng thái này, Roccia có thể tung <color=Highlight>Chain Plunging Attack</color> nếu có đủ <color=Highlight>Forte Gauge</color>.",C?n ti?ng Anh nghi v?n: Attack; Basic; Beyond; Chain; Gauge; Imagination; Plunging; Roccia | S? t?/c?m nghi v?n: 12 | T? l? nghi v?n: 0.667 | M?c ??: 47.67
"Deal <color=Light>Spectro DMG</color> and inflict <color=Highlight>Tune Strain - Shifting</color>.
<color=Highlight>{Cus:Ipt,Touch=Tap PC=Press Gamepad=Press} Normal Attack or Jump</color> after casting this skill to cast <color=Highlight>Mid-air Attack Stage 2</color>.","Gây <color=Light>Spectro DMG</color> và áp dụng <color=Highlight>Tune Strain - Shifting</color>.
<color=Highlight>{Cus:Ipt,Touch=tap PC=press Gamepad=press} Normal Attack or Nhảy</color> sau khi sử dụng kỹ năng này để thi triển <color=Highlight>Mid-air Attack Stage 2</color>.",C?n ti?ng Anh nghi v?n: air; Attack; Mid; Normal; or; Shifting; Stage; Strain; Tune | S? t?/c?m nghi v?n: 10 | T? l? nghi v?n: 0.667 | M?c ??: 47.67
"<color=#c49e55>[Resonance Skill]</color>
- Lingyang can follow up any stage of his Basic Attacks with Resonance Skill Furious Punches.
- Resonance Skill Furious Punches restores {0} additional Resonance Energy on hit. This effect can be triggered once every second.","<color=#c49e55>[Resonance Skill]</color>
- Lingyang có thể tiếp nối bất kỳ giai đoạn Basic Attack nào bằng Resonance Skill Furious Punches.
- Resonance Skill Furious Punches hồi phục thêm {0} Resonance Energy khi trúng mục tiêu. Hiệu ứng này chỉ có thể kích hoạt mỗi giây một lần.",C?n ti?ng Anh nghi v?n: Attack; Basic; Energy; Furious; Lingyang; Punches; Skill | S? t?/c?m nghi v?n: 10 | T? l? nghi v?n: 0.667 | M?c ??: 47.67
"<color=#c49e55>[Resonance Skill]</color>
- Lingyang can follow up any stage of his Basic Attacks with Resonance Skill Furious Punches.
- Resonance Skill Furious Punches restores additional Resonance Energy on hit.","<color=#c49e55>[Resonance Skill]</color>
- Lingyang có thể tiếp nối bất kỳ giai đoạn Basic Attack nào bằng Resonance Skill Furious Punches.
- Resonance Skill Furious Punches hồi phục thêm Resonance Energy khi trúng mục tiêu.",C?n ti?ng Anh nghi v?n: Attack; Basic; Energy; Furious; Lingyang; Punches; Skill | S? t?/c?m nghi v?n: 10 | T? l? nghi v?n: 0.667 | M?c ??: 47.67
"In the Tower of Adversity, clearing a challenge reduces participating Resonators' <color=#c19f51>Vigor</color> by a specific amount. Once a Resonator's Vigor is depleted, they can <color=#c19f51>no longer take part in new challenges</color>. Vigor does not restore over time, but you can use the [Reset] option on a Floor to recover the Vigor.","Trong Tower of Adversity, khi hoàn thành một thử thách, <color=#c19f51>Vigor</color> của Resonators tham gia sẽ giảm một lượng nhất định. Khi Vigor của một Resonators cạn kiệt, họ <color=#c19f51>no longer take part in new challenges</color>. Vigor không tự phục hồi theo thời gian, nhưng cậu có thể sử dụng tùy chọn [Đặt lại] ở từng Tầng để hồi phục Vigor.",C?n ti?ng Anh nghi v?n: Adversity; challenges; in; longer; new; of; part; take; Tower; Vigor | S? t?/c?m nghi v?n: 13 | T? l? nghi v?n: 0.565 | M?c ??: 47.65
"When nearby Resonators in the party activate Xiangli Yao's Outro Skill, Xiangli Yao calls down a laser beam upon the first target their <color=Highlight>Basic Attack</color> hits, dealing <color=Thunder>Electro DMG</color> equal to {1} of Xiangli Yao's ATK to an area. This effect lasts for {2}s and the attack can be triggered once every {0}s, up to 3 times.","Khi Resonators trong đội kích hoạt Outro Skill của Xiangli Yao, cô sẽ gọi xuống một chùm tia laser trúng mục tiêu đầu tiên bị <color=Highlight>Basic Attack</color> của họ tấn công, gây <color=Thunder>Electro DMG</color> trong phạm vi bằng {1} Attack của Xiangli Yao. Hiệu ứng này kéo dài {2} giây và có thể kích hoạt mỗi {0} giây, tối đa 3 lần.",C?n ti?ng Anh nghi v?n: Attack; Basic; laser; Outro; Skill; Xiangli; Yao | S? t?/c?m nghi v?n: 10 | T? l? nghi v?n: 0.556 | M?c ??: 47.56
"Hold Normal Attack in mid-air to perform Plunging Attack at the cost of STA, dealing <color=Fire>Fusion DMG</color>. Within a certain time after casting <color=Highlight>Plunging Attack</color>, {Cus:Ipt,Touch=tap PC=press Gamepad=press} Normal Attack to perform <color=Highlight>Plunging Chain Attack</color> and restore <color=Highlight>Forte Gauge 1</color>.","Giữ Normal Attack giữa không trung để thực hiện Đòn Lao Xuống, tiêu hao STA và gây <color=Fire>Fusion DMG</color>. Trong một khoảng thời gian sau khi tung <color=Highlight>Plunging Attack</color>, {Cus:Ipt,Touch=tap PC=press Gamepad=press} Normal Attack để thực hiện <color=Highlight>Plunging Chain Attack</color> và hồi phục <color=Highlight>Forte Gauge 1</color>.",C?n ti?ng Anh nghi v?n: Attack; Chain; Gauge; Normal; Plunging | S? t?/c?m nghi v?n: 10 | T? l? nghi v?n: 0.455 | M?c ??: 47.55
"<size=40><color=Title>Basic Attack</color></size>
Deal <color=Wind>Aero DMG</color>.
After casting <color=Highlight>Basic Attack Stage 4</color>, enter the <color=Highlight>Decipher</color> state, during which <color=Highlight>Enhanced Basic Attack</color> becomes available.","<size=40><color=Title>Basic Attack</color></size>
Gây <color=Wind>Aero DMG</color>.
Sau khi sử dụng <color=Highlight>Basic Attack Stage 4</color>, bước vào trạng thái <color=Highlight>Decipher</color>, trong đó <color=Highlight>Enhanced Basic Attack</color> sẽ được kích hoạt.",C?n ti?ng Anh nghi v?n: Attack; Basic; Decipher; Enhanced; Stage | S? t?/c?m nghi v?n: 9 | T? l? nghi v?n: 0.643 | M?c ??: 47.43
"…
The SkyArk Space Station project was spearheaded by the Court of Savantae for sustained, crewed, near-orbital scientific research, space technology experimentation, and the integrated development of extraterrestrial resources.

…

Its core mission objectives are:

- Capturing and analyzing Etheric Sea Droplets.

- Supporting long-duration astronaut habitation to facilitate the R&D and eventual mastery of spatial transportation technologies.

- Accumulating the operational experience required to lay the groundwork for humanity's future deep-space exploration.

Following sixteen successful launch and docking missions, including three experimental modules and six cargo resupply flights, SkyArk was declared fully constructed and has now entered its operational phase.

…

At present, Phase One of the Etheric Sea Droplet Research Program has concluded. The performance of the Mass Relay Device has reached a stable threshold, enabling its operational deployment within near-Solaris environments.

…

Phase Two has now been officially initiated.
May we journey together upon the vessel of knowledge and roam the sea of stars.","…
Dự án SkyArk Space Station được dẫn dắt bởi Court of Savantae nhằm tiến hành nghiên cứu khoa học có người lái trên quỹ đạo gần, thử nghiệm công nghệ vũ trụ và phát triển tổng hợp tài nguyên ngoài không gian.

…

Mục tiêu cốt lõi của dự án bao gồm:

- Thu thập và phân tích các Etheric Sea Droplets.

- Hỗ trợ cư trú dài hạn cho phi hành gia để thúc đẩy R&D và làm chủ công nghệ vận chuyển không gian.

- Tích lũy kinh nghiệm vận hành cần thiết, đặt nền móng cho hành trình khám phá không gian sâu của nhân loại trong tương lai.

Sau mười sáu nhiệm vụ phóng và kết nối thành công, bao gồm ba module thử nghiệm và sáu chuyến tiếp tế hàng hóa, SkyArk đã hoàn tất xây dựng và chính thức bước vào giai đoạn vận hành.

…

Hiện tại, Giai đoạn Một của Chương trình Nghiên cứu Etheric Sea Droplet đã kết thúc. Hiệu suất của Thiết bị Truyền Khối đã đạt ngưỡng ổn định, cho phép triển khai hoạt động trong môi trường gần Solaris.

…

Giai đoạn Hai hiện đã chính thức khởi động.
Ước gì chúng ta cùng nhau lướt trên con thuyền tri thức và ngao du giữa biển sao.",C?n ti?ng Anh nghi v?n: Court; D; Droplet; Droplets; Etheric; module; of; R; Savantae; Sea; SkyArk; Space; Station | S? t?/c?m nghi v?n: 16 | T? l? nghi v?n: 0.34 | M?c ??: 47.4
"<color=#c49e55>[Heavy Attack]</color>
Heavy Attack - Mountain Over Thunder and Heavy Attack - Thunder Over Mountain are enhanced, inflicting Electro Flare on the target and increasing Buling's Electro DMG.","<color=#c49e55>[Heavy Attack]</color>
Heavy Attack - Mountain Over Thunder và Heavy Attack - Thunder Over Mountain được tăng cường, gây hiệu ứng Electro Flare lên mục tiêu và tăng Electro DMG của Buling.",C?n ti?ng Anh nghi v?n: Attack; Flare; Heavy; Mountain; Over; Thunder | S? t?/c?m nghi v?n: 11 | T? l? nghi v?n: 0.733 | M?c ??: 47.33
"...There was just enough time.

Zani darted through the shadowy alleyways, the sharp pain in her shoulder a stark reminder of her close call. That brute of a man, whose wrists were nearly as thick as her neck, had nearly done her in. She had planned to knock him out before he could react, but he was faster than she had anticipated. Good thing her reflexes were sharper than his. Otherwise, that knife wouldn't have just left a deep gash on her shoulder but would have gone straight into her heart.

It wasn't her first injury. She had long lost count of the wounds she'd collected in the past few months of fighting crime. They healed, after all. Besides, she was certain that the ones who gave her those wounds had ended up far worse than she did.

Her strategy was simple: give those criminals a real hard time without them ever knowing her identity, then vanish before the Chamber of Discipline arrived to clean up the mess. It wasn't about heroism. It's just that she wasn't foolish enough to paint a target on her back and risk being driven out of <te href=850097>Ragunna</te>, hiding in some miserable town without the blessings of pizza and Nectarwine.

It was always safer to be a nobody. Someone unremarkable. Someone no one saw as a threat.

Tonight's targets were kidnappers. She had been tracking them for days, and their leader—the tough man from earlier—wasn't just muscle. A tricky Resonator. But he had made a fatal mistake by wandering off alone, giving her the perfect opportunity to strike. Now, all she had to do was take down the rest before they realized their boss was missing.

She tightened her grip on her brass knuckles, rolling her wrists.

""Boss should be back soon, huh? That kid's home isn't that far,"" a lanky man yawned, glancing over at the little girl curled up in the corner of a wooden cage, clutching a doll. He lifted his chin at her, ""So, what's the plan after we get the money? I say we just let her go.""
 
""But she's seen our faces,"" the shorter man sighed. ""If we just let her go, we might end up being hunted by that... What's their name? The Blazing what?""
 
""The Blazing Nightwalker,"" the lanky man corrected. ""I get why the boss is worried, but a deal's a deal. We take the money, we let the girl go. Killing her is overkill.""
 
""By <te href=850105>Imperator</te>'s name, Ragunna has long been a land without rules,"" the short man muttered, a grim silence falling between them. The lanky man turned to look at the girl in the cage, but quickly snapped his gaze away as if burned.
 
""...I need some air.""
 
The lanky man stood up, irritated, and opened the door of their hideout. The cold air sent a shiver down his spine but that didn't last long. Before he could react, a cold, metallic object smashed into his forehead, and darkness swallowed him whole.
 
""Who, who the hell are you?""
 
The short man scrambled for the gun on the other side of the table. He nearly made it, but the intruder was faster. Just as his consciousness began to fade, he felt his fingers brushed the gun's handle. That was it.
 
I made it, Zani thought, letting out a sigh of relief. The wound on her shoulder had opened again, but it was still worth it.
 
With a single punch, she shattered the lock on the wooden cage, shrugging off the lanky man's coat and draping it over the trembling girl. She had sent an anonymous letter to the <te href=800005>Chamber of Discipline</te> on her way here. If everything went smoothly, they would arrive soon. It was time for her to leave.
 
""Ex-excuse me...""
 
Zani turned at the sound and found the little girl standing behind her, hesitating. Summoning all her courage, the girl held out her cherished toy.
 
""This, this is for you! Thank you for saving me!""
 
<i>No need. I didn't do it for your gratitude.</i>
 
However, Zani swallowed her words before they could leave her lips. She squatted down, meeting the girl's wide, fearful eyes. In those innocent eyes, she saw herself, her past self. The lonely Zani. The helpless Zani. The Zani who couldn't do anything.
 
So, she smiled and reached out her hand, ruffling the girl's hair before taking the doll from her hands.
 
""Thanks,"" she said softly. ""I'll take good care of it.""","...Vẫn còn đủ thời gian.

Zani phóng vội qua những con hẻm tối tăm, vết thương nhức nhối ở vai là lời nhắc nhở rõ ràng về lần thoát chết trong gang tấc. Tên thô lỗ kia, cổ tay hắn dày gần bằng cổ cô, suýt nữa đã hạ gục cô. Cô định hạ hắn bất tỉnh trước khi hắn kịp phản ứng, nhưng hắn nhanh hơn cô tưởng. May mà phản xạ của cô còn nhanh hơn hắn. Nếu không, con dao kia đã không chỉ để lại vết rách sâu ở vai mà còn đâm thẳng vào tim cô.

Đây không phải là vết thương đầu tiên. Cô đã mất đếm từ lâu những vết sẹo tích lũy trong mấy tháng qua khi chiến đấu với tội phạm. Chúng rồi cũng lành thôi. Hơn nữa, cô chắc chắn rằng những kẻ gây ra vết thương cho cô đã phải trả giá đắt hơn cô nhiều.

Chiến thuật của cô đơn giản: khiến bọn tội phạm khốn đốn mà không để lộ mặt, rồi biến mất trước khi Phòng Discipline đến dọn dẹp đống hỗn độn. Đó không phải vì chủ nghĩa anh hùng. Chỉ là cô không ngốc đến mức tự vẽ bia đỡ đạn lên lưng, rồi bị đuổi khỏi <te href=850097>Ragunna</te>, phải trốn trong một thị trấn tồi tàn nào đó mà không được thưởng thức pizza hay Nectarwine.

Luôn an toàn hơn khi là kẻ vô danh. Một người tầm thường. Một người không ai coi là mối đe dọa.

Mục tiêu đêm nay là những kẻ bắt cóc. Cô đã theo dõi chúng nhiều ngày, và tên đầu sỏ – gã thô lỗ lúc nãy – không chỉ là tay sai đơn thuần. Hắn là một Resonator khó nhằn. Nhưng hắn đã phạm sai lầm chết người khi đi một mình, tạo cơ hội hoàn hảo cho cô ra tay. Giờ cô chỉ cần hạ gục đám còn lại trước khi chúng phát hiện sếp mình đã biến mất.

Cô siết chặt nắm đấm đồng, xoay cổ tay.

""Sếp chắc sắp về rồi nhỉ? Nhà con bé kia cũng không xa lắm,"" một gã cao gầy ngáp dài, liếc về phía cô bé đang co ro trong góc lồng gỗ, ôm con búp bê. Hắn nhướn cằm về phía cô bé, ""Thế sau khi lấy tiền xong thì sao? Ta bảo thả nó đi cho rồi.""

""Nhưng nó đã thấy mặt tụi mình rồi,"" gã thấp hơn thở dài. ""Thả nó đi thì chắc chắn sẽ bị truy lùng bởi... tên gì ấy nhỉ? Kẻ Đi Bộ Đêm Cháy gì đó?""

""Kẻ Đi Bộ Đêm Cháy,"" gã cao gầy sửa lại. ""Ta hiểu tại sao sếp lo, nhưng đã hẹn là hẹn. Lấy tiền xong thì thả con bé đi. Giết nó là thừa.""

""Nhân danh <te href=850105>Imperator</te>, Ragunna từ lâu đã là vùng đất không luật lệ,"" gã thấp lẩm bẩm, im lặng nặng nề bao trùm. Gã cao gầy quay sang nhìn cô bé trong lồng, nhưng lập tức ngoảnh mặt đi như bị bỏng.

""...Ta cần hít thở tí không khí.""

Gã cao gầy đứng dậy, cáu kỉnh, mở cửa sào huyệt. Luồng khí lạnh khiến hắn rùng mình, nhưng không kéo dài. Trước khi kịp phản ứng, một vật lạnh lẽo, cứng ngắc đập vào trán hắn, và bóng tối nuốt chửng hắn.

""Ngươi... ngươi là ai, quỷ tha ma bắt?""

Gã thấp loay hoay với khẩu súng ở phía bên kia bàn. Hắn suýt chạm được vào nó, nhưng kẻ đột nhập còn nhanh hơn. Ngay khi ý thức bắt đầu mờ nhạt, hắn cảm thấy đầu ngón tay mình chạm vào cán súng. Chỉ thế thôi.

Xong rồi, Zani nghĩ, thở phào nhẹ nhõm. Vết thương ở vai lại rỉ máu, nhưng vẫn đáng giá.

Với một cú đấm, cô phá vỡ ổ khóa trên lồng gỗ, lột áo khoác của gã cao gầy phủ lên người cô bé đang run rẩy. Cô đã gửi một lá thư nặc danh đến <te href=800005>Chamber of Discipline</te> trên đường đến đây. Nếu mọi thứ suôn sẻ, họ sẽ đến sớm thôi. Đến lúc cô phải rời đi.

""Chị... chị ơi...""

Zani quay lại khi nghe tiếng gọi và thấy cô bé đứng sau lưng, ngập ngừng. Lấy hết can đảm, cô bé đưa món đồ chơi yêu quý của mình ra.

""Cái này... cho chị! Cảm ơn chị đã cứu cháu!""

*Không cần đâu. Chị không làm điều này để nhận lời cảm ơn của em.*

Nhưng Zani nuốt lời trước khi chúng kịp thoát khỏi môi. Cô cúi xuống, nhìn thẳng vào đôi mắt mở to, đầy sợ hãi của cô bé. Trong đôi mắt ngây thơ ấy, cô thấy chính mình ngày xưa. Zani cô đơn. Zani bất lực. Zani không thể làm gì.

Vậy nên, cô mỉm cười, đưa tay xoa đầu cô bé trước khi nhận lấy con búp bê từ tay em.

""Cảm ơn,"" cô thì thầm. ""Chị sẽ giữ gìn nó cẩn thận.""",C?n ti?ng Anh nghi v?n: an; Chamber; Discipline; May; Nectarwine; of; pizza; to; Zani | S? t?/c?m nghi v?n: 16 | T? l? nghi v?n: 0.129 | M?c ??: 47.29
"Resonance Liberation <color=#b72924ff>cooldown is increased by 300%</color>. Dealing damage reduces Resonance Liberation cooldown for the Resonator by <color=#5cc96aff>1s</color>, triggered once per <color=#b72924ff>0.2s</color>.","Cooldown chiêu của Resonance Liberation <color=#b72924ff>cooldown is increased by 300%</color>. Gây sát thương sẽ giảm Cooldown chiêu Resonance Liberation của Resonator đi <color=#5cc96aff>1s</color>, kích hoạt mỗi <color=#b72924ff>0.2s</color> một lần.",C?n ti?ng Anh nghi v?n: by; Cooldown; cooldown; increased; is; Liberation | S? t?/c?m nghi v?n: 8 | T? l? nghi v?n: 0.727 | M?c ??: 47.27
"Transform into Tempest Mephis to deal {0} Electro DMG and <color=#ffd12f>reduce the targets' Vibration Strength by {1}</color>. If the target is Immobilized from this attack, increase the DMG it takes by {2} and reduce all Resonators' Resonance Skill Cooldown by {3} for {4}s. Cooldown: {5}s.","Biến thành Tempest Mephis để gây {0} Electro DMG và <color=#ffd12f>reduce the targets' Vibration Strength by {1}</color>. Nếu mục tiêu bị Hóa Đá từ đòn tấn công này, tăng sát thương nhận vào {2} và giảm Cooldown chiêu Resonance Skill của tất cả Resonators {3} trong {4} giây. Cooldown: {5} giây.",C?n ti?ng Anh nghi v?n: by; Cooldown; Mephis; reduce; Skill; Strength; targets'; Tempest; Vibration | S? t?/c?m nghi v?n: 10 | T? l? nghi v?n: 0.625 | M?c ??: 47.25
"The active Resonator has their <color=Highlight>Echo Skill</color> and <color=Highlight>Resonance Skill</color> Cooldowns instantly reset upon casting <color=Highlight>Resonance Liberation</color>. Additionally, they gain <color=Highlight>Murmuring Heal</color> and <color=Highlight>Dream Veil</color> for {0}s.
<color=Highlight>Murmuring Heal</color>: Dealing damage restores HP equal to {1} of Max HP, triggered once every 1s.
<color=Highlight>Dream Veil</color>: Damage taken is reduced by {2}. This effect decreases by {4} every {3}s.","Resonator đang kích hoạt có Cooldown chiêu của <color=Highlight>Echo Skill</color> và <color=Highlight>Resonance Skill</color> được đặt lại ngay lập tức khi sử dụng <color=Highlight>Resonance Liberation</color>. Ngoài ra, họ nhận <color=Highlight>Murmuring Heal</color> và <color=Highlight>Dream Veil</color> trong {0} giây.
<color=Highlight>Murmuring Heal</color>: Gây sát thương sẽ hồi phục HP bằng {1} HP tối đa, kích hoạt mỗi 1 giây.
<color=Highlight>Dream Veil</color>: Sát thương nhận vào giảm {2}. Hiệu ứng này giảm {4} sau mỗi {3} giây.",C?n ti?ng Anh nghi v?n: Cooldown; Dream; Heal; Liberation; Murmuring; Skill; Veil | S? t?/c?m nghi v?n: 12 | T? l? nghi v?n: 0.522 | M?c ??: 47.22
"Resonance Skill cooldown is reduced by 30%. An Enhanced Shadow Wave is generated 1.5s after casting Resonance Skill to attack the enemies, dealing Havoc DMG. This effect has a cooldown of 3s, with the cooldown calculated independently for each Resonator.

Team I Buff: All team members of Havoc Attribute restore 4 additional Concerto Energy per second.
Team II Buff: All team members restore 2 additional Concerto Energy per second.","Hồi chiêu Resonance Skill giảm 30%. Sau 1,5 giây kể từ khi sử dụng Resonance Skill, một Enhanced Shadow Wave sẽ được tạo ra để tấn công kẻ địch, gây Havoc DMG. Hiệu ứng này có Cooldown 3 giây, tính riêng cho từng Resonator.

Hiệu ứng tăng cường đội hình I: Tất cả thành viên trong đội thuộc hệ Havoc phục hồi thêm 4 Concerto Energy mỗi giây.
Hiệu ứng tăng cường đội hình II: Tất cả thành viên trong đội phục hồi thêm 2 Concerto Energy mỗi giây.",C?n ti?ng Anh nghi v?n: Cooldown; Energy; Enhanced; I; II; Shadow; Skill; Wave | S? t?/c?m nghi v?n: 10 | T? l? nghi v?n: 0.417 | M?c ??: 47.17
"<size=40><color=Title>Equip to use Changli Cube's ability</color></size>
Use Core Skill to cast Flaming Sacrifice that deals <color=Fire>Fusion DMG</color> equal to {1} of the active Resonator's ATK to nearby targets and increases the ATK of all nearby Resonators in the team by {2} for {3}s, stacking up to {5} times. Skill Cooldown: {4}s
<size=10></size>
<size=40><color=Title>Effective Buffs</color></size>
[Skill Cooldown] [Skill Range]

<size=40><color=Title>Fun Fact</color></size>
Even as a kid, Changli couldn't resist those colorful marbles everyone loved, all because of their cool touch against her palm. Though she could create them effortlessly with her Flame Manipulation now, she still finds herself browsing the marble vendor's stall.","<size=40><color=Title>Equip to use Changli Cube's ability</color></size>
Sử dụng Kỹ Năng Cốt để thi triển Lửa Hy Sinh, gây <color=Fire>Fusion DMG</color> bằng {1} Tấn Công của Resonators kích hoạt lên các mục tiêu gần đó và tăng Tấn Công cho tất cả Resonators trong đội ở gần thêm {2} trong {3} giây, có thể chồng chất lên đến {5} lần. Cooldown chiêu: {4} giây
<size=10></size>
<size=40><color=Title>Effective Buffs</color></size>
[Cooldown chiêu kỹ năng] [Phạm vi kỹ năng]

<size=40><color=Title>Fun Fact</color></size>
Ngay từ nhỏ, Changli đã không thể cưỡng lại những viên bi màu sắc mà mọi người đều yêu thích, chỉ vì cảm giác mát lạnh khi chạm vào lòng bàn tay. Dù giờ đây cô có thể tạo ra chúng dễ dàng bằng Khả Năng Điều Khiển Lửa, cô vẫn thường ghé qua quầy bán bi của người bán hàng.",C?n ti?ng Anh nghi v?n: ability; Buffs; Changli; Cooldown; Cube's; Effective; Equip; Fact; Fun; to; use | S? t?/c?m nghi v?n: 12 | T? l? nghi v?n: 0.414 | M?c ??: 47.14
"This enemy has a <color=HighlightB>higher RES</color> to <color=Thunder>Electro DMG</color>.

In the exam zone, Elite Class enemies grant a shield to all friendly units within 15m every 5s.

A powerful raptor-like Exoswarm, mimicking an ancient predator known as Kronaclaw.
In the distant past, these raptors once circled the skies of Lahai-Roi, their dominion unchallenged since the First Epoch.
Legend holds that the Kronaclaw was a creation of Sol, sharing the divine sight of the Eye of Sol and beholding all that lay above and below Lahai-Roi.
But as magnetic poles shifted and the landscape was reshaped, the Kronaclaw species had faded into near extinction. Their place was eventually taken by Kronablight, an Exoswarm born of the Exostrider.","Kẻ địch này có <color=HighlightB>higher RES</color> với <color=Thunder>Electro DMG</color>.

Trong khu vực thi, kẻ địch Class Đặc Biệt sẽ tạo lá chắn cho tất cả đồng minh trong phạm vi 15m mỗi 5 giây.

Một Exoswarm mạnh mẽ giống loài mãnh thú săn mồi cổ đại, Kronaclaw.
Xưa kia, những con mãnh thú này từng thống trị bầu trời Lahai-Roi, vương quyền bất khả xâm phạm kể từ Kỷ Nguyên Đầu Tiên.
Truyền thuyết kể rằng Kronaclaw là tạo vật của Sol, chia sẻ thị lực thần thánh từ Con Mắt Sol, nhìn thấu vạn vật trên và dưới Lahai-Roi.
Nhưng khi cực từ thay đổi và địa hình biến đổi, loài Kronaclaw dần lụi tàn, gần như tuyệt chủng. Vị trí của chúng cuối cùng bị thay thế bởi Kronablight, một Exoswarm sinh ra từ Exostrider.",C?n ti?ng Anh nghi v?n: Class; Exostrider; Exoswarm; higher; Kronablight; Kronaclaw; Lahai; RES; Sol | S? t?/c?m nghi v?n: 14 | T? l? nghi v?n: 0.412 | M?c ??: 47.12
"Open to claim one medium material for Weapon Ascension or Skill Upgrade of your choice: 
<color=Rare3>Monowing Polarizer *1</color> 
<color=Rare3>MF Carved Crystal *1</color> 
<color=Rare3>Aftertune Combustor *1</color> 
<color=Rare3>MF Waveworn Shard *1</color> 
<color=Rare3>Broken String *1</color>","Mở để nhận một vật liệu trung cấp dùng cho Thăng Cấp Vũ Khí hoặc Skill Nâng cấp theo lựa chọn:
<color=Rare3>Monowing Polarizer *1</color>
<color=Rare3>MF Carved Crystal *1</color>
<color=Rare3>Aftertune Combustor *1</color>
<color=Rare3>MF Waveworn Shard *1</color>
<color=Rare3>Broken String *1</color>",C?n ti?ng Anh nghi v?n: Aftertune; Broken; Carved; Combustor; Crystal; MF; Monowing; Polarizer; Shard; Skill; String; Waveworn | S? t?/c?m nghi v?n: 13 | T? l? nghi v?n: 0.812 | M?c ??: 47.12
"Open to claim one advanced material for Weapon Ascension or Skill Upgrade of your choice: 
<color=Rare4>Polywing Polarizer *1</color> 
<color=Rare4>HF Carved Crystal *1</color> 
<color=Rare4>Remnant Combustor *1</color> 
<color=Rare4>HF Waveworn Shard *1</color> 
<color=Rare4>Solidified String *1</color>","Mở để nhận một vật liệu cao cấp cho Nâng Cấp Vũ Khí hoặc Skill Nâng cấp theo lựa chọn của bạn: 
<color=Rare4>Polywing Polarizer *1</color> 
<color=Rare4>HF Carved Crystal *1</color> 
<color=Rare4>Remnant Combustor *1</color> 
<color=Rare4>HF Waveworn Shard *1</color> 
<color=Rare4>Solidified String *1</color>",C?n ti?ng Anh nghi v?n: Carved; Combustor; Crystal; HF; Polarizer; Polywing; Remnant; Shard; Skill; Solidified; String; Waveworn | S? t?/c?m nghi v?n: 13 | T? l? nghi v?n: 0.812 | M?c ??: 47.12
"Mornye can respond to <color=Highlight>Tune Rupture - Interfered</color> and <color=Highlight>Tune Strain - Interfered</color>.
Mornye can perform <color=Highlight>Tune Break</color> against the targets with full <color=Highlight>Off-Tune Level</color>.","Mornye có thể phản ứng với <color=Highlight>Tune Rupture - Interfered</color> và <color=Highlight>Tune Strain - Interfered</color>.
Mornye có thể thực hiện <color=Highlight>Tune Break</color> lên mục tiêu có <color=Highlight>Off-Tune Level</color> đầy đủ.",C?n ti?ng Anh nghi v?n: Break; Interfered; Level; Mornye; Off; Rupture; Strain; Tune | S? t?/c?m nghi v?n: 13 | T? l? nghi v?n: 1.0 | M?c ??: 47.0
"At the start of the challenge, <color=#ffb04a>Resonance Energy</color> is restored to 100%. Gain Off-Tune Core: <color=#ffb04a>Off-Tune Level Buildup Rate</color> is increased by 30%, <color=#ffb04a>Tune Break DMG</color> is increased by 300%, and <color=#ffb04a>Tune Break Boost</color> is increased by 30.","Khi thử thách bắt đầu, <color=#ffb04a>Resonance Energy</color> sẽ được hồi phục về 100%. Nhận Core Lệch Nhịp: <color=#ffb04a>Off-Tune Level Buildup Rate</color> tăng 30%, <color=#ffb04a>Tune Break DMG</color> tăng 300%, và <color=#ffb04a>Tune Break Boost</color> tăng 30.",C?n ti?ng Anh nghi v?n: Boost; Break; Buildup; Core; Energy; Level; Off; Rate; Tune | S? t?/c?m nghi v?n: 12 | T? l? nghi v?n: 0.8 | M?c ??: 47.0
"{Cus:Ipt,Touch=Tap PC=Press Gamepad=Press} <color=Highlight>Normal Attack</color> at the right time after <color=Highlight>Basic Attack Stage 3</color> to cast <color=Highlight>Chain Basic Attack</color>.","{Cus:Ipt,Touch=Touch PC=press Gamepad=press} <color=Highlight>Normal Attack</color> đúng thời điểm sau <color=Highlight>Basic Attack Stage 3</color> để thi triển <color=Highlight>Chain Basic Attack</color>.",C?n ti?ng Anh nghi v?n: Attack; Basic; Chain; Normal; Stage | S? t?/c?m nghi v?n: 8 | T? l? nghi v?n: 0.8 | M?c ??: 47.0
"<color=#c49e55>[Basic Attack]</color>
Targets within Ring of Mirrors receive {0} more Spectro DMG.
Hitting a target with Basic Attack grants <SapTag=1>{1}</SapTag> {Cus:Sap,S=stack P=stacks SapTag=1} of Hymn, up to <SapTag=2>{2}</SapTag> {Cus:Sap,S=stack P=stacks SapTag=2}. This effect can be triggered <SapTag=3>{3}</SapTag> {Cus:Sap,S=time P=times SapTag=3} per second.
Reaching the max stacks of Hymn removes all stacks to trigger an explosion once, dealing Spectro DMG equal to {4} of Phoebe's ATK in total, considered as Basic Attack DMG.","<color=#c49e55>[Basic Attack]</color>
Các mục tiêu trong Ring of Mirrors chịu thêm {0} Spectro DMG.
Đánh trúng mục tiêu bằng Basic Attack sẽ tạo <SapTag=1>{1}</SapTag> {Cus:Sap,S=tầng P=tầng SapTag=1} Hymn, tối đa <SapTag=2>{2}</SapTag> {Cus:Sap,S=tầng P=tầng SapTag=2}. Hiệu ứng này có thể kích hoạt <SapTag=3>{3}</SapTag> {Cus:Sap,S=lần P=lần SapTag=3} mỗi giây.
Khi đạt tối đa tầng Hymn, tất cả các tầng sẽ bị loại bỏ để kích nổ một lần, gây tổng Spectro DMG bằng {4} Attack của Phoebe, được tính là Sát Thương Basic Attack.",C?n ti?ng Anh nghi v?n: Attack; Basic; Hymn; Mirrors; of; Ring | S? t?/c?m nghi v?n: 10 | T? l? nghi v?n: 0.588 | M?c ??: 46.88
"- Enemies apply 1 stack of Glacio Chafe when dealing damage to a target, triggered once every 3s.
- Elite Class enemies gain the following effect: DEF of nearby friendly units is increased by 60%.

Revival Time: 10s (Solo & Co-op)

Shared Revive Chances: 6
<color=#aa9b6a>Trial Resonators will be available in Solo mode.</color>","- Khi gây sát thương lên mục tiêu, kẻ địch sẽ áp dụng 1 tầng Chafe Băng Giá, kích hoạt mỗi 3 giây.
- Kẻ địch hạng Elite có hiệu ứng sau: Phòng Ngự của các đơn vị đồng minh gần đó tăng 60%.

Cooldown sinh: 10 giây (Chơi đơn & Đồng đội)

Lượt hồi sinh chung: 6
<color=#aa9b6a>Trial Resonators will be available in Solo mode.</color>",C?n ti?ng Anh nghi v?n: available; be; Chafe; Cooldown; Elite; in; mode; Solo; Trial; will | S? t?/c?m nghi v?n: 10 | T? l? nghi v?n: 0.588 | M?c ??: 46.88
"[Event Duration]
Version 3.3 to Version 3.4

*Please follow the future announcements for the detailed event duration.

[Eligibility]
Reach Union Level 10, with the account created during the event data collection cycle.

*Event data is collected from 2024-05-23 10:00 to 2026-03-31 23:59:59 (UTC+8).

[Details]
1. During the event, your Memory Program report will be available for viewing.
2. Obtain in-game rewards such as Astrite, Shell Credits, and Advanced Sealed Tubes by completing event tasks.

[Notes]
1. Be sure to log in to the game and claim your rewards during the event period. Unclaimed rewards will not be available after the event ends.
2. Content from this web event is unrelated to the game's story and character settings.
3. Certain Resonator data will not be counted towards Rover: Spectro, Rover: Havoc, and Rover: Aero's statistics. The Exploration Progress displayed within the event is the overall data calculated across various in-game regions.
4. Account statistics displayed within the event are for reference only and may vary. Please refer to the in-game data for accurate information.","[
Thời Gian Sự Kiện]
Phiên bản 3.3 đến Phiên bản 3.4

*Vui lòng theo dõi thông báo sau để biết thời gian sự kiện chi tiết.

[Điều Kiện Tham Gia]
Đạt Cấp Liên Minh 10, với tài khoản được tạo trong chu kỳ thu thập dữ liệu sự kiện.

*Dữ liệu sự kiện được thu thập từ 10:00 23/05/2024 đến 23:59:59 31/03/2026 (UTC+8).

[Details]
1. Trong sự kiện, bạn có thể xem báo cáo Chương Trình Ký Ức của mình.
2. Hoàn thành nhiệm vụ sự kiện để nhận các phần thưởng trong game như Astrite, Shell Credits và Advanced Sealed Tube.

[Lưu Ý]
1. Hãy đăng nhập vào game và nhận thưởng trong thời gian diễn ra sự kiện. Unclaimed reward sẽ không còn hiệu lực sau khi sự kiện kết thúc.
2. Nội dung của sự kiện web này không liên quan đến cốt truyện và thiết lập nhân vật trong game.
3. Một số dữ liệu Resonator sẽ không được tính vào thống kê của Rover: Spectro, Rover: Havoc và Rover: Aero. Exploration Progress hiển thị trong sự kiện là dữ liệu tổng hợp từ các khu vực khác nhau trong game.
4. Số liệu tài khoản hiển thị trong sự kiện chỉ mang tính tham khảo và có thể thay đổi. Vui lòng xem dữ liệu trong game để có thông tin chính xác.",C?n ti?ng Anh nghi v?n: Advanced; Astrite; Credits; Exploration; game; Progress; reward; Sealed; Shell; Unclaimed; UTC; web | S? t?/c?m nghi v?n: 16 | T? l? nghi v?n: 0.281 | M?c ??: 46.81
"<color=#c49e55>[Resonance Liberation]</color>
- Resonance Liberation Cooldown is reduced by {0}s. Gain <SapTag=1>{1}</SapTag> {Cus:Sap,S=point P=points SapTag=1} of Resonance Energy every second.
- Casting Resonance Liberation generates a High Syntony Field. Enemies within this field are afflicted with the Shockwave effect, taking Fusion DMG equal to {2} of Mornye's DEF every second, considered Resonance Liberation DMG. When attacking enemies under the Shockwave effect, Mornye deals {3} more total DMG.","<color=#c49e55>[Resonance Liberation]</color>
- Cooldown chiêu của Resonance Liberation giảm {0} giây. Nhận <SapTag=1>{1}</SapTag> {Cus:Sap,S=điểm P=điểm SapTag=1} Resonance Energy mỗi giây.
- Sử dụng Resonance Liberation sẽ tạo ra High Syntony Field. Kẻ địch trong trường này sẽ bị ảnh hưởng bởi hiệu ứng Sóng Xung Kích, chịu Fusion DMG tương đương {2} Phòng Ngự của Mornye mỗi giây, được tính là Sát Thương Resonance Liberation. Khi tấn công kẻ địch chịu hiệu ứng Sóng Xung Kích, Mornye gây thêm {3} tổng Sát Thương.",C?n ti?ng Anh nghi v?n: Cooldown; Energy; Field; High; Liberation; Mornye; Syntony | S? t?/c?m nghi v?n: 10 | T? l? nghi v?n: 0.476 | M?c ??: 46.76
"<color=Highlight>Activated upon having 3 Bond Members in the team</color>
Activating Synergy Burst casts a super fantastic Fairy Tale Combo in the following order:
- Summon <SapTag=0>{0}</SapTag> Antique {Cus:Sap,S=Barrage P=Barrages SapTag=0} to deal Glacio DMG equal to {1} of ATK.
- Summon {2} Giant Illusive Vines, each dealing Spectro DMG equal to {3} of ATK in total and healing {4} of Max HP for the active Resonator.
- Summon {5} Nightmare Cyclones to pull in nearby targets. Each Nightmare Cyclone launches {6} attacks, with each attack dealing Havoc DMG equal to {7} of ATK.
- Summon Rowdy Rumble {8} times. Each Rowdy Rumble launches {9} attacks, with each attack dealing Glacio DMG equal to {10} of ATK.
- Summon {11} waves of Warrior Bash, each dealing Fusion DMG equal to {12} of ATK in total.","<color=Highlight>Activated upon having 3 Bond Members in the team</color>
Kích hoạt Cơn Bùng Nổ Đồng Điệu sẽ tung ra một chuỗi Tuyệt Kỹ Cổ Tích siêu hoành tráng theo thứ tự sau:
- Summon <SapTag=0>{0}</SapTag> loạt đạn Cổ Vật {Cus:Sap,S=Barrage P=Barrages SapTag=0} gây Glacio DMG bằng {1} Tấn Công.
- Summon {2} Dây Leo Ảo Khổng Lồ, mỗi dây gây tổng Spectro DMG bằng {3} Tấn Công và hồi {4} HP tối đa cho Synergy Giả đang hoạt động.
- Summon {5} Xoáy Nightmare hút mục tiêu xung quanh. Mỗi Xoáy Nightmare tung ra {6} đòn tấn công, mỗi đòn gây Havoc DMG bằng {7} Tấn Công.
- Summon Hỗn Chiến Cuồng Nhiệt {8} lần. Mỗi lần Hỗn Chiến tung ra {9} đòn tấn công, mỗi đòn gây Glacio DMG bằng {10} Tấn Công.
- Summon {11} đợt Đòn Đánh Chiến Binh, mỗi đợt gây tổng Fusion DMG bằng {12} Tấn Công.",C?n ti?ng Anh nghi v?n: Activated; Bond; having; in; Members; Nightmare; Summon; Synergy; team; upon | S? t?/c?m nghi v?n: 15 | T? l? nghi v?n: 0.375 | M?c ??: 46.75
"Dealing Basic Attack or Heavy Attack DMG increases ATK by {0} and grants {0} Heavy Attack DMG Bonus for {2}s, stacking up to {1} times. This effect can be triggered <SapTag=4>{4}</SapTag> {Cus:Sap,S=time P=times SapTag=4} every {3}s.","Gây Sát Thương bằng Basic Attack hoặc Heavy Attack sẽ tăng Attack thêm {0} và cộng thêm {0} Sát Thương Heavy Attack trong {2} giây, tối đa {1} lần tích lũy. Hiệu ứng này có thể kích hoạt <SapTag=4>{4}</SapTag> {Cus:Sap,S=lần P=lần SapTag=4} mỗi {3} giây.",C?n ti?ng Anh nghi v?n: Attack; Basic; Heavy | S? t?/c?m nghi v?n: 7 | T? l? nghi v?n: 0.875 | M?c ??: 46.75
"Work is work and life is life; maintaining a clear boundary between the two is essential for everything to function. 

Taoqi has always lived by this principle, and nothing in <te href=850091>Jinzhou</te> can stop her from leaving work on time. 

The <te href=850085>Ministry of Development</te> is a busy place, with people constantly coming and going, rushing through their tasks. In the midst of chaos, Taoqi's soft voice can always calm the storm. Amidst flipping papers, it brings peace and slows the pace.

""It's quitting time. Time to head home."" 

""Please wait a moment, Ms. Taoqi. We have a newly issued document that requires your attention.""

""Well, let me take a look... Doesn't seem urgent. I'll deal with it tomorrow.""

After work, Taoqi has her unique way of ""relaxation"". For her, ""relaxation"" can come in various forms — from a good sleep to a casual stroll.

As Taoqi walks home, she enjoys strolling through the streets of Jinzhou and chatting with its residents. She loves hearing stories from elders about the city's history and having lighthearted conversations with children that remind her of the hope within Jinzhou. This way of relaxation helps her become better connected to the city she lives in and also contributes to her work. 

Once in the past, the <te href=850086>Midnight Rangers</te> were always struggling to defend against surprise attacks from the <te href=850081>Tacet Discords</te>. With such extensive frontlines, it was nearly impossible to detect every breach and they were constantly vulnerable. So, they turned to Taoqi for help.

Feeling stressed and overwhelmed, Taoqi took a break on a swing nearby. As she watched children playing in a sandpit, an idea came to her - just like how they filled the gaps in their sandcastles, they could also fill the gaps in the frontlines. She proposed building a sand wall at the frontline during Tacet Discord assaults. This would shorten the frontlines and limit the attack paths for the enemy. With fewer spots to defend, the Midnight Rangers would have more time to assess each attack and respond accordingly based on the varying frequencies caused by sand deformation. Thanks to Taoqi's clever thinking, they were able to better protect themselves against attacks and gain some much-needed breathing room on the frontlines.

According to Taoqi, staring at a desk all day leads to monotony and disconnect from reality. So she seeks alternative methods for efficiency. It's in her free time that she stumbles upon unexpected guidance and inspiration through serendipitous encounters.","Công việc là công việc và cuộc sống là cuộc sống; duy trì ranh giới rõ ràng giữa hai điều này là điều cần thiết để mọi thứ vận hành trơn tru. 

Taoqi luôn sống theo nguyên tắc này, và không gì ở <te href=850091>Jinzhou</te> có thể ngăn cô rời khỏi công việc đúng giờ. 

<te href=850085>Ministry of Development</te> là một nơi bận rộn, với mọi người liên tục đến đi và gấp rút hoàn thành công việc. Giữa sự hỗn loạn đó, giọng nói nhẹ nhàng của Taoqi luôn có thể xoa dịu cơn bão. Giữa đống giấy tờ bừa bộn, nó mang lại sự bình yên và làm chậm nhịp độ.

""Đã đến giờ tan làm. Đến lúc về nhà rồi."" 

""Xin chờ một chút, cô Taoqi. Chúng tôi có một tài liệu mới được ban hành cần cô xem qua.""

""Được rồi, để tôi xem nào... Có vẻ không gấp lắm. Tôi sẽ giải quyết vào ngày mai.""

Sau giờ làm, Taoqi có cách thư giãn riêng của mình. Đối với cô, ""thư giãn"" có thể có nhiều hình thức — từ một giấc ngủ ngon đến một buổi đi dạo nhẹ nhàng.

Trên đường về nhà, Taoqi thích dạo bước qua những con phố của Jinzhou và trò chuyện với cư dân nơi đây. Cô thích nghe những câu chuyện của người già về lịch sử thành phố và những cuộc trò chuyện vui vẻ với trẻ em, điều đó gợi nhớ cho cô về niềm hy vọng trong Jinzhou. Cách thư giãn này giúp cô gắn kết hơn với thành phố mình đang sống và cũng đóng góp cho công việc của mình. 

Trong quá khứ, <te href=850086>Midnight Rangers</te> luôn phải vật lộn để chống lại những cuộc tấn công bất ngờ từ <te href=850081>Tacet Discords</te>. Với chiến tuyến trải dài như vậy, gần như không thể phát hiện mọi lỗ hổng và họ luôn ở trong tình trạng dễ bị tổn thương. Vì vậy, họ đã tìm đến Taoqi để nhờ giúp đỡ.

Cảm thấy căng thẳng và choáng ngợp, Taoqi đã nghỉ giải lao trên một chiếc xích đu gần đó. Khi cô quan sát những đứa trẻ chơi trong hố cát, một ý tưởng nảy ra trong đầu cô — giống như cách chúng lấp đầy những khoảng trống trong lâu đài cát của mình, họ cũng có thể lấp đầy những khoảng trống trên chiến tuyến. Cô đề xuất xây dựng một bức tường cát tại chiến tuyến trong các cuộc tấn công của Discord. Điều này sẽ rút ngắn chiến tuyến và hạn chế đường tấn công của kẻ địch. Với ít điểm cần phòng thủ hơn, Midnight Rangers sẽ có thêm thời gian để đánh giá từng đợt tấn công và phản ứng phù hợp dựa trên sự biến dạng khác nhau của cát. Nhờ ý tưởng thông minh của Taoqi, họ đã có thể bảo vệ bản thân tốt hơn trước các cuộc tấn công và có thêm thời gian nghỉ ngơi cần thiết trên chiến tuyến.

Theo Taoqi, ngồi nhìn chằm chằm vào bàn làm việc cả ngày sẽ dẫn đến sự đơn điệu và mất kết nối với thực tế. Vì vậy, cô tìm kiếm những phương pháp thay thế để nâng cao hiệu quả. Chính trong thời gian rảnh rỗi, cô tình cờ tìm thấy những hướng dẫn và nguồn cảm hứng bất ngờ thông qua những cuộc gặp gỡ tình cờ.",C?n ti?ng Anh nghi v?n: Development; Discord; Discords; Midnight; Ministry; of; Rangers; Taoqi | S? t?/c?m nghi v?n: 18 | T? l? nghi v?n: 0.269 | M?c ??: 46.69
"<color=Title>Effect</color>
Casting Outro Skill summons <color=Highlight><te href=851107>Combo - Support Missiles</te></color> to deal DMG.

<color=Title>Support Skill</color>
Summon <color=Highlight><te href=851106>Combo - Support Missiles: Enhanced</te></color> to deal DMG and additionally fire more missiles for a period of time.","<color=Title>Effect</color>
Kích hoạt Outro Skill sẽ triệu hồi <color=Highlight><te href=851107>Combo - Hỗ Trợ Missiles</te></color> gây sát thương.

<color=Title>Hỗ Trợ Skill</color>
Summon <color=Highlight><te href=851106>Combo - Hỗ Trợ Missiles: Enhanced</te></color> gây sát thương và bổ sung thêm tên lửa trong một khoảng thời gian.",C?n ti?ng Anh nghi v?n: Combo; Effect; Enhanced; Missiles; Outro; Skill; Summon | S? t?/c?m nghi v?n: 10 | T? l? nghi v?n: 0.769 | M?c ??: 46.69
"Deal <color=Fire>Fusion DMG</color> to nearby targets, obtaining 4 stacks of [Enflamement], and entering <color=Highlight>Fiery Feather</color>.
<size=40><color=Title>Fiery Feather</color></size>
When Changli releases Heavy Attack <color=Highlight>Flaming Sacrifice</color> within 10s, her ATK is increased, after which <color=Highlight>Fiery Feather</color> ends.","Gây <color=Fire>Fusion DMG</color> lên mục tiêu gần đó, nhận 4 tầng [Enflamement] và bước vào <color=Highlight>Fiery Feather</color>.
<size=40><color=Title>Fiery Feather</color></size>
Trong vòng 10 giây, nếu Changli tung ra Heavy Attack <color=Highlight>Flaming Sacrifice</color>, Attack của cô sẽ tăng lên, sau đó <color=Highlight>Fiery Feather</color> sẽ kết thúc.",C?n ti?ng Anh nghi v?n: Attack; Changli; Feather; Fiery; Flaming; Heavy; Sacrifice | S? t?/c?m nghi v?n: 12 | T? l? nghi v?n: 0.667 | M?c ??: 46.67
"<size=40><color=Title>Intro Skill - Cartethyia</color></size>
Deal <color=Wind>Aero DMG</color> and inflict <color=Wind>Aero Erosion</color> on the target. Summon <color=Highlight>Sword Shadow I</color>.
<size=10></size>
<size=40><color=Title>Intro Skill - Fleurdelys</color></size>
Deal <color=Wind>Aero DMG</color>.","<size=40><color=Title>Intro Skill - Cartethyia</color></size>
Gây <color=Wind>Aero DMG</color> và áp đặt <color=Wind>Aero Erosion</color> lên mục tiêu. Summon <color=Highlight>Kiếm Shadow I</color>.
<size=10></size>
<size=40><color=Title>Intro Skill - Fleurdelys</color></size>
Gây <color=Wind>Aero DMG</color>.",C?n ti?ng Anh nghi v?n: Cartethyia; Erosion; Fleurdelys; I; Intro; Shadow; Skill; Summon | S? t?/c?m nghi v?n: 10 | T? l? nghi v?n: 0.667 | M?c ??: 46.67
"Evaluation Basis: [Resonance Assessment 2105-G]

Based on Resonator Sanhua's reports, Sanhua was born with abnormal eye structure resulting in blindness of both eyes. The later Tacet Discord encounter during a blizzard caused by <te href=850080>Waveworn Phenomenon</te> left frequency erosions to her right eye, leading to Sanhua's abnormal vision and the subsequent Awakening of Forte.

Resonator Sanhua's <te href=850072>Tacet Mark</te> is located in her right pupil, only visible when she exerts her Forte. After analyzing Sanhua's testimonies and medical tests, we've pinpointed physical changes following her Awakening. These include a chaotic frequency reaction of her right pupil near the Tacet Mark, appearing red. The erosion is also advancing, evident in the color shift from grey to red in her left pupil.

Sanhua has gained abnormal vision and control over snow through her Forte, its strength tied to her focus. After analyzing her explanations, our initial conclusion is that her sight differs from the norm, allowing her to perceive object frequencies directly. Frequency tests show 99.64% accuracy in her visualization.

Sanhua's Resonance Spectrum Pattern is identical to that of the snow. Additionally, the spectrum patterns of her pupils are identical to the Frequency Fluctuation interval of known TDs. Both tests revealed strong Syntony reactions, and the exact cause of her Awakening remains unclear.

Analysis of test samples has revealed a non-convergent <te href=850067>Rabelle's Curve</te> with a steep rise in its middle section. Therefore, Sanhua is classified as a <te href=850069>Mutant Resonator</te>.","Cơ sở Đánh giá: [Đánh giá Cộng hưởng 2105-G] 

Theo báo cáo của Resonator Sanhua, cô sinh ra đã có cấu trúc mắt bất thường dẫn đến mù lòa. Sau đó, việc tiếp xúc với Discord trong một trận bão tuyết do <te href=850080>Waveworn Phenomenon</te> gây ra đã làm xói mòn tần số ở mắt phải, khiến thị lực của Sanhua trở nên bất thường và dẫn đến sự thức tỉnh của Forte. 

<te href=850072>Tacet Mark</te> của Resonator Sanhua nằm ở đồng tử mắt phải, chỉ hiện rõ khi cô sử dụng Forte. Sau khi phân tích lời khai của Sanhua và kết quả test y tế, chúng tôi đã xác định được những thay đổi về thể chất sau khi thức tỉnh. Những thay đổi này bao gồm phản ứng tần số hỗn loạn ở đồng tử phải gần Tacet Mark, khiến nó chuyển sang màu đỏ. Sự xói mòn cũng đang tiến triển, thể hiện qua việc đồng tử trái chuyển từ màu xám sang đỏ. 

Sanhua đã có được thị lực bất thường và khả năng kiểm soát tuyết thông qua Forte, sức mạnh của nó phụ thuộc vào sự tập trung của cô. Sau khi phân tích lời giải thích của cô, kết luận ban đầu của chúng tôi là thị lực của cô khác biệt so với bình thường, cho phép cô cảm nhận trực tiếp tần số của vật thể. Các thử nghiệm tần số cho thấy độ chính xác 99,64% trong khả năng hình dung của cô. 

Mô hình Phổ Cộng hưởng của Sanhua giống hệt với phổ của tuyết. Ngoài ra, phổ tần số của đồng tử cô cũng trùng khớp với khoảng dao động tần số của các TD đã biết. Cả hai thử nghiệm đều cho thấy phản ứng Đồng điệu mạnh mẽ, và nguyên nhân chính xác dẫn đến sự thức tỉnh của cô vẫn chưa rõ ràng. 

Phân tích mẫu thử cho thấy <te href=850067>Rabelle's Curve</te> không hội tụ với đoạn tăng đột biến ở phần giữa. Do đó, Sanhua được xếp vào loại <te href=850069>Mutant Resonator</te>.",C?n ti?ng Anh nghi v?n: Curve; Discord; Mark; Mutant; Phenomenon; Rabelle's; Sanhua; test; Waveworn | S? t?/c?m nghi v?n: 16 | T? l? nghi v?n: 0.262 | M?c ??: 46.62
"<color=Title>Effect</color>
Each time the Resonator receives healing, they additionally recover <color=Highlight>{0}</color> points of Concerto Energy and <color=Highlight>{1}</color> points of Resonance Energy, triggered <color=Highlight><SapTag=2>{2}</SapTag></color> {Cus:Sap,S=time P=times SapTag=2} per second.

<color=Title>Support Skill</color>
Summon Namipon to recover HP for all Resonators in the team by <color=Highlight>{3}</color> of the caster's Max HP and activate <color=Highlight><te href=851104>Boost - Namipon Aid</te></color>. During this state, all Resonators in the team recover <color=Highlight>{4}</color> of the caster's Max HP per second for <color=Highlight>{5}s</color>s. Cooldown: <color=Highlight>{6}s</color>.","<color=Title>Effect</color>
Mỗi lần Resonators được hồi phục, họ sẽ nhận thêm <color=Highlight>{0}</color> Concerto Energy và <color=Highlight>{1}</color> Resonance Energy, kích hoạt tối đa <color=Highlight><SapTag=2>{2}</SapTag></color> {Cus:Sap,S=lần P=lần SapTag=2} mỗi giây.

<color=Title>Hỗ Trợ Skill</color>
Summon Namipon để hồi phục HP cho tất cả Resonators trong đội bằng <color=Highlight>{3}</color> HP tối đa của người sử dụng và kích hoạt <color=Highlight><te href=851104>Boost - Namipon Aid</te></color>. Trong trạng thái này, tất cả Resonators trong đội sẽ hồi phục <color=Highlight>{4}</color> HP tối đa của người sử dụng mỗi giây trong <color=Highlight>{5}s</color>. Hồi chiêu: <color=Highlight>{6}s</color>.",C?n ti?ng Anh nghi v?n: Aid; Boost; Effect; Energy; Namipon; s; Skill; Summon | S? t?/c?m nghi v?n: 11 | T? l? nghi v?n: 0.458 | M?c ??: 46.58
"This enemy has a <color=HighlightB>higher RES</color> to <color=Thunder>Electro DMG</color>.

In the exam zone, Elite Class enemies grant a shield to all friendly units within 15m every 5s. Upon death, they restore 20% HP to nearby friendly units and trigger an explosion that deals damage equal to 100% of ATK.

A powerful raptor-like Exoswarm, mimicking an ancient predator known as Kronaclaw.
In the distant past, these raptors once circled the skies of Lahai-Roi, their dominion unchallenged since the First Epoch.
Legend holds that the Kronaclaw was a creation of Sol, sharing the divine sight of the Eye of Sol and beholding all that lay above and below Lahai-Roi.
But as magnetic poles shifted and the landscape was reshaped, the Kronaclaw species had faded into near extinction. Their place was eventually taken by Kronablight, an Exoswarm born of the Exostrider.","Kẻ địch này có <color=HighlightB>higher RES</color> với <color=Thunder>Electro DMG</color>.

Trong khu vực thi, kẻ địch Class Đặc Biệt sẽ tạo lá chắn cho tất cả đồng minh trong phạm vi 15m mỗi 5 giây. Khi bị tiêu diệt, chúng hồi 20% HP cho đồng minh xung quanh và kích nổ, gây sát thương bằng 100% Tấn Công.

Một Exoswarm mạnh mẽ giống loài mãnh thú săn mồi cổ đại, Kronaclaw.
Xưa kia, những con mãnh thú này từng thống trị bầu trời Lahai-Roi, vương quyền bất khả xâm phạm kể từ Kỷ Nguyên Đầu Tiên.
Truyền thuyết kể rằng Kronaclaw là tạo vật của Sol, chia sẻ thị lực thần thánh từ Con Mắt Sol, nhìn thấu vạn vật trên và dưới Lahai-Roi.
Nhưng khi cực từ thay đổi và địa hình biến đổi, loài Kronaclaw dần lụi tàn, gần như tuyệt chủng. Vị trí của chúng cuối cùng bị thay thế bởi Kronablight, một Exoswarm sinh ra từ Exostrider.",C?n ti?ng Anh nghi v?n: Class; Exostrider; Exoswarm; higher; Kronablight; Kronaclaw; Lahai; RES; Sol | S? t?/c?m nghi v?n: 14 | T? l? nghi v?n: 0.35 | M?c ??: 46.5
"While in <color=Highlight>Wide Field Observation Mode</color>, Basic Attack and Resonance Skill restores <color=Highlight>Relative Momentum</color> on hit.","Khi ở <color=Highlight>Wide Field Observation Mode</color>, Basic Attack và Resonance Skill hồi phục <color=Highlight>Relative Momentum</color> khi trúng mục tiêu.",C?n ti?ng Anh nghi v?n: Attack; Basic; Field; Mode; Momentum; Observation; Relative; Skill; Wide | S? t?/c?m nghi v?n: 9 | T? l? nghi v?n: 0.75 | M?c ??: 46.5
"<color=#c49e55>[Heavy Attack]</color>
Heavy Attack - Twin Mountains and Heavy Attack - Twin Thunders are enhanced, freezing enemies and dealing Electro DMG while reducing their Electro RES.","<color=#c49e55>[Heavy Attack]</color>
Heavy Attack - Twin Mountains và Heavy Attack - Twin Thunders được tăng cường, đóng băng kẻ địch và gây Electro DMG đồng thời giảm Electro RES của chúng.",C?n ti?ng Anh nghi v?n: Attack; Heavy; Mountains; RES; Thunders; Twin | S? t?/c?m nghi v?n: 9 | T? l? nghi v?n: 0.75 | M?c ??: 46.5
"[Eligibility]
Reach Union Level 14.

[Event Rules]
1. Gain as many Tactic Points as possible in the Infinite Battle Simulation.
2. Each area of the simulation contains three Charting Nodes, with enemies growing stronger at each node. Defeating enemies at the third Charting Node will reward you with a great amount of Tactic Points.
3. Open Supply Chests after defeating enemies to claim Tactic Points and Low-Capacity Variable buffs.
4. Once you've collected enough Low-Capacity Variables, you can unlock new powerful buffs—High-Capacity Variables, which will greatly boost your combat power in the Infinite Battle Simulation.","[Điều Kiện Tham Gia]
Đạt Cấp Liên Minh 14.

[Event Rules]
1. Thu thập càng nhiều Tactic Points càng tốt trong Infinite Battle Simulation.
2. Mỗi khu vực trong mô phỏng có ba Points Khảo Sát, kẻ địch sẽ mạnh hơn ở mỗi điểm. Đánh bại kẻ địch tại Points Khảo Sát thứ ba sẽ mang lại lượng lớn Tactic Points.
3. Mở Rương Cung Ứng sau khi đánh bại kẻ địch để nhận Tactic Points và Biến Số Công Suất Low.
4. Khi thu thập đủ Biến Số Công Suất Low, bạn có thể mở khóa các hiệu ứng mạnh mẽ mới—Biến Số Công Suất High, giúp tăng sức chiến đấu đáng kể trong Infinite Battle Simulation.",C?n ti?ng Anh nghi v?n: Battle; High; Infinite; Low; Points; Simulation; Tactic | S? t?/c?m nghi v?n: 17 | T? l? nghi v?n: 0.548 | M?c ??: 46.48
"<color=#c49e55>[Resonance Skill] </color><color=#c49e55>[Heavy Attack]</color> Casting Resonance Skill increases Forte Gauge Regen. Dodge Counter is replaced with Heavy Attack: ""Chaoscleave."" Heavy Attack: ""Scatterbloom"" deals extra DMG and grants Danjin a shield.","<color=#c49e55>[Resonance Skill]</color><color=#c49e55>[Heavy Attack]</color> Kích hoạt Resonance Skill sẽ tăng tốc độ hồi Fort Gauge. Đòn Dodge Counter được thay thế bằng Heavy Attack: ""Chém Hỗn Loạn"". Heavy Attack: ""Hoa Tán Loạn"" gây thêm sát thương và tạo khiên cho Danjin.",C?n ti?ng Anh nghi v?n: Attack; Counter; Danjin; Dodge; Gauge; Heavy; Skill | S? t?/c?m nghi v?n: 9 | T? l? nghi v?n: 0.643 | M?c ??: 46.43
"Shorekeeper summons 1 <color=Highlight>Flare Star Butterfly</color> and 1 <color=Highlight>Dim Star Butterfly</color> to circle the party member who triggers Shorekeeper's Outro Skill for up to {0}s, granting the following effects:  
- Pressing the <color=Highlight>Dodge Button</color> allows the active Resonator in this party member's team to be freed from the interruption while being hit or launched, which will be considered a successful Dodge. If they are in mid-air, they will land on the ground. This effect can be triggered up to {1} time(s).
- All nearby party members' DMG is Amplified by {2}.","Shorekeeper triệu hồi 1 <color=Highlight>Flare Star Butterfly</color> và 1 <color=Highlight>Dim Star Butterfly</color> bao quanh thành viên trong đội kích hoạt Outro Skill của Shorekeeper trong tối đa {0} giây, mang lại các hiệu ứng sau: 
- Nhấn <color=Highlight>Dodge Button</color> sẽ giúp Resonator đang điều khiển trong đội của thành viên này thoát khỏi trạng thái gián đoạn khi bị tấn công hoặc tung lên không, và được tính là Dodge thành công. Nếu đang ở trên không, họ sẽ hạ cánh xuống đất. Hiệu ứng này có thể kích hoạt tối đa {1} lần.
- Tất cả thành viên trong đội gần đó được Tăng Sát Thương thêm {2}.",C?n ti?ng Anh nghi v?n: Butterfly; Button; Dim; Dodge; Flare; Outro; Shorekeeper; Skill; Star | S? t?/c?m nghi v?n: 13 | T? l? nghi v?n: 0.542 | M?c ??: 46.42
"Chop Chop Echoes include: Chop Chop, Chop Chop: Head, Chop Chop: Leftless, Chop Chop: Rightless, Dreamborne: Chop Chop.","Biến thể Chop Chop bao gồm: Chop Chop, Chop Chop: Head, Chop Chop: Leftless, Chop Chop: Rightless, Dreamborne: Chop Chop.",C?n ti?ng Anh nghi v?n: Chop; Dreamborne; Head; Leftless; Rightless | S? t?/c?m nghi v?n: 16 | T? l? nghi v?n: 0.941 | M?c ??: 46.41
"If Denia already has <color=Highlight>Dark Cores</color>, replace <color=Highlight>Beckon - Breakdown Form</color> with <color=Highlight>Banish - Breakdown Form</color>.
Cast this skill to perform up to 2 consecutive attacks, with Stage 2 consuming all <color=Highlight>Dark Cores</color> to pull in nearby targets, dealing <color=Fire>Fusion DMG</color> and charging up <color=Highlight>Resonance Liberation - Breakdown Form</color>.","Nếu Denia đã có <color=Highlight>Dark Cores</color>, hãy thay thế <color=Highlight>Beckon - Breakdown Form</color> bằng <color=Highlight>Banish - Breakdown Form</color>.
Dùng kỹ năng này để thực hiện tối đa 2 đòn tấn công liên tiếp, với Giai đoạn 2 tiêu thụ toàn bộ <color=Highlight>Dark Cores</color> để kéo các mục tiêu gần vào, gây <color=Fire>Fusion DMG</color> và nạp <color=Highlight>Resonance Liberation - Breakdown Form</color>.",C?n ti?ng Anh nghi v?n: Banish; Beckon; Breakdown; Cores; Dark; Denia; Form; Liberation | S? t?/c?m nghi v?n: 14 | T? l? nghi v?n: 0.737 | M?c ??: 46.37
"Deal <color=Fire>Fusion DMG</color>, gain 4 stacks of Enflamement, and enter <color=Highlight>Fiery Feather</color>.
Can be cast in mid-air.

<size=40><color=Title>Fiery Feather</color></size>
When Changli uses Heavy Attack <color=Highlight>Flaming Sacrifice</color> within 10s, her ATK is increased by {0}, after which <color=Highlight>Fiery Feather</color> ends.","Gây <color=Fire>Fusion DMG</color>, nhận 4 lớp Thiêu Đốt và bước vào trạng thái <color=Highlight>Fiery Feather</color>.
Có thể sử dụng khi đang bay.

<size=40><color=Title>Fiery Feather</color></size>
Trong vòng 10 giây, khi Changli dùng Heavy Attack <color=Highlight>Flaming Sacrifice</color>, Attack của cô sẽ tăng thêm {0}, sau đó trạng thái <color=Highlight>Fiery Feather</color> kết thúc.",C?n ti?ng Anh nghi v?n: Attack; Changli; Feather; Fiery; Flaming; Heavy; Sacrifice | S? t?/c?m nghi v?n: 12 | T? l? nghi v?n: 0.632 | M?c ??: 46.32
"- Enemies apply 1 stack of Spectro Frazzle when dealing damage to a target, triggered once every 3s.
- When not being attacked for 5s, Common Class enemies recover 5% of their Max HP every 2s.

Revival Time: 10s (Solo & Co-op)

Shared Revive Chances: 6
<color=#aa9b6a>Trial Resonators will be available in Solo mode.</color>","- Khi gây sát thương lên mục tiêu, kẻ địch sẽ áp dụng 1 tầng Frazzle Quang Phổ, kích hoạt mỗi 3 giây.
- Nếu không bị tấn công trong 5 giây, kẻ địch hạng Common sẽ hồi phục 5% HP tối đa sau mỗi 2 giây.

Cooldown sinh: 10 giây (Chơi đơn & Đồng đội)

Lượt hồi sinh chung: 6
<color=#aa9b6a>Trial Resonators will be available in Solo mode.</color>",C?n ti?ng Anh nghi v?n: available; be; Common; Cooldown; Frazzle; in; mode; Solo; Trial; will | S? t?/c?m nghi v?n: 10 | T? l? nghi v?n: 0.526 | M?c ??: 46.26
"When Zani is under the following states, hold <color=Highlight>Resonance Skill</color> to enter <color=Highlight>Ready Stance</color>.
- While not in the <color=Highlight>Inferno Mode</color> and Redundant Energy is full.
- While in the <color=Highlight>Inferno Mode</color>.","Khi Zani ở một trong các trạng thái sau, giữ <color=Highlight>Resonance Skill</color> để vào <color=Highlight>Ready Stance</color>.
- Khi không ở <color=Highlight>Inferno Mode</color> và Redundant Energy đầy.
- Khi đang ở <color=Highlight>Inferno Mode</color>.",C?n ti?ng Anh nghi v?n: Energy; Inferno; Mode; Ready; Redundant; Skill; Stance; Zani | S? t?/c?m nghi v?n: 10 | T? l? nghi v?n: 0.625 | M?c ??: 46.25
"{Cus:Ipt,Touch=Tap PC=Press Gamepad=Press} <color=Highlight>Resonance Skill</color> to dash forward for a distance, dealing <color=Wind>Aero DMG</color>, considered as Echo Skill DMG. If <color=Highlight>Resonance Skill</color> is cast upon being attacked by an enemy target, Qiuyuan becomes immune to this instance of DMG and stagnates nearby enemies, while gaining immunity to interruption during this <color=Highlight>Resonance Skill</color>.
Switching to other Resonators removes the Stagnation effect from enemies.
<size=10></size>
<size=40><color=Title>Undaunted Wayfarer</color></size>
Hold <color=Highlight>Resonance Skill</color> to dash forward for a distance at the cost of STA, dealing <color=Wind>Aero DMG</color> to the target, considered as Echo Skill DMG.
If there are no targets nearby, Qiuyuan will leap up and dash through the air by continuously consuming STA until it runs out. Release <color=Highlight>Resonance Skill</color> to immediately end the dash and land. If there are targets nearby when Qiuyuan lands, deal <color=Wind>Aero DMG</color> to nearby targets, considered as Echo Skill DMG. This skill can be cast in mid-air.","{Cus:Ipt,Touch=tap PC=press Gamepad=press} <color=Highlight>Resonance Skill</color> để lao về phía trước một đoạn, gây <color=Wind>Aero DMG</color>, được tính là Sát Thương Kỹ Năng Vọng Âm. Nếu <color=Highlight>Resonance Skill</color> được thi triển khi bị tấn công bởi mục tiêu địch, Qiuyuan sẽ miễn nhiễm với sát thương trong lần này và làm chậm kẻ địch xung quanh, đồng thời không bị gián đoạn trong quá trình thi triển <color=Highlight>Resonance Skill</color>.
Chuyển sang Resonators khác sẽ loại bỏ hiệu ứng Trì Trệ khỏi kẻ địch.
<size=10></size>
<size=40><color=Title>Undaunted Wayfarer</color></size>
Giữ <color=Highlight>Resonance Skill</color> để lao về phía trước một đoạn, tiêu hao STA, gây <color=Wind>Aero DMG</color> lên mục tiêu, được tính là Sát Thương Kỹ Năng Vọng Âm.
Nếu không có mục tiêu nào gần đó, Qiuyuan sẽ bật lên và lao trong không trung, liên tục tiêu hao STA cho đến khi cạn kiệt. Thả <color=Highlight>Resonance Skill</color> để kết thúc lao và tiếp đất ngay lập tức. Nếu có mục tiêu gần đó khi Qiuyuan tiếp đất, gây <color=Wind>Aero DMG</color> lên các mục tiêu xung quanh, được tính là Sát Thương Kỹ Năng Vọng Âm. Skill này có thể thi triển giữa không trung.",C?n ti?ng Anh nghi v?n: Qiuyuan; Skill; Undaunted; Wayfarer | S? t?/c?m nghi v?n: 11 | T? l? nghi v?n: 0.224 | M?c ??: 46.24
"Deal <color=Fire>Fusion DMG</color>, and apply <color=Highlight>Burning Rhapsody</color> to all Resonators on the team.
<size=10> </size>
<size=40><color=Title>Burning Rhapsody</color></size>
When the active Resonator's <color=Highlight>Basic Attack</color> or <color=Highlight>Heavy Attack</color> hits the target, Mortefi launches <color=Highlight>Marcato</color> as the Coordinated Attack.
<size=10> </size>
<size=40><color=Title>Marcato</color></size>
Deal <color=Fire>Fusion DMG</color>.","Gây <color=Fire>Fusion DMG</color> và áp dụng <color=Highlight>Burning Rhapsody</color> lên tất cả Resonators trong đội.
<size=10> </size>
<size=40><color=Title>Burning Rhapsody</color></size>
Khi Resonators chủ động dùng <color=Highlight>Basic Attack</color> hoặc <color=Highlight>Heavy Attack</color> trúng mục tiêu, Mortefi sẽ tung ra <color=Highlight>Marcato</color> như một Đòn Phối Hợp.
<size=10> </size>
<size=40><color=Title>Marcato</color></size>
Gây <color=Fire>Fusion DMG</color>.",C?n ti?ng Anh nghi v?n: Attack; Basic; Burning; Heavy; Marcato; Mortefi; Rhapsody | S? t?/c?m nghi v?n: 11 | T? l? nghi v?n: 0.524 | M?c ??: 46.24
"H.E.R.M.E.S. now has access to the active skill Boost. Driving forward charges up the skill. When Boost is activated, H.E.R.M.E.S. gains a burst of speed, becomes immune to impacts from normal enemies and projectiles from bosses, and automatically collects all light gate buffs along the track.","H.E.R.M.E.S. giờ đã có thể sử dụng kỹ năng chủ động Boost. Tăng tốc khi di chuyển để tích năng lượng cho kỹ năng. Khi Boost được kích hoạt, H.E.R.M.E.S. sẽ tăng tốc đột ngột, miễn nhiễm với va chạm từ kẻ địch thông thường và đạn của trùm, đồng thời tự động thu thập tất cả buff cổng ánh sáng trên đường đua.",C?n ti?ng Anh nghi v?n: Boost; buff; E; H; M; R; S | S? t?/c?m nghi v?n: 15 | T? l? nghi v?n: 0.714 | M?c ??: 46.14
"Lynae can switch between <color=Highlight>Resonance Mode - Tune Rupture</color> and <color=Highlight>Resonance Mode - Tune Strain</color>, which allows her to inflict <color=Highlight>Tune Rupture - Shifting</color> or <color=Highlight>Tune Strain - Shifting</color> on targets respectively.","Lynae có thể chuyển đổi giữa <color=Highlight>Resonance Mode - Tune Rupture</color> và <color=Highlight>Resonance Mode - Tune Strain</color>, cho phép cô gây <color=Highlight>Tune Rupture - Shifting</color> hoặc <color=Highlight>Tune Strain - Shifting</color> lên mục tiêu tương ứng.",C?n ti?ng Anh nghi v?n: Lynae; Mode; Rupture; Shifting; Strain; Tune | S? t?/c?m nghi v?n: 13 | T? l? nghi v?n: 0.812 | M?c ??: 46.12
"<color=#c49e55>[Heavy Attack]</color>
Heavy Attack - Mountain Over Thunder and Heavy Attack - Thunder Over Mountain have a larger effective range, inflicting <SapTag=0>{0}</SapTag> {Cus:Sap,S=stack P=stacks SapTag=0} of Electro Flare on hit and increasing Buling's Electro DMG by {1} for {3}s. This effect stacks up to {2} times.","<color=#c49e55>[Heavy Attack]</color>
Heavy Attack - Mountain Over Thunder và Heavy Attack - Thunder Over Mountain có phạm vi hiệu quả lớn hơn, gây <SapTag=0>{0}</SapTag> {Cus:Sap,S=lớp P=lớp SapTag=0} Electro Flare khi trúng mục tiêu và tăng Electro DMG của Buling thêm {1} trong {3} giây. Hiệu ứng này có thể cộng dồn tối đa {2} lần.",C?n ti?ng Anh nghi v?n: Attack; Flare; Heavy; Mountain; Over; Thunder | S? t?/c?m nghi v?n: 11 | T? l? nghi v?n: 0.611 | M?c ??: 46.11
"<color=Highlight>Activated upon having 3 Bond Members in the team</color>
When in Synergy Burst:
Resonance Liberation cooldown is reduced by {0}. Resonators immediately recover all Resonance Energy upon casting Resonance Liberation.","Kích hoạt khi có <color=Highlight>Activated upon having 3 Bond Members in the team</color>
Khi ở trạng thái Đồng Bộ Bùng Nổ:
Cooldown chiêu Giải Phóng Synergy giảm {0}. Synergy Giả ngay lập tức hồi lại toàn bộ Năng Lượng Synergy khi sử dụng Giải Phóng Synergy.",C?n ti?ng Anh nghi v?n: Activated; Bond; Cooldown; having; in; Members; Synergy; team; upon | S? t?/c?m nghi v?n: 12 | T? l? nghi v?n: 0.706 | M?c ??: 46.06
"Hold <color=Highlight>Resonance Skill</color> to enter <color=Highlight>Parry Stance</color>.
<size=10> </size>
<size=40><color=Title>Chi Counter</color></size>
When Jianxin is attacked in the <color=Highlight>Parry Stance</color>, she does not take damage and immediately performs <color=Highlight>Chi Counter</color>, dealing <color=Wind>Aero DMG</color>.
<size=10> </size>
<size=40><color=Title>Chi Parry</color></size>
Release the <color=Highlight>Resonance Skill</color> button during <color=Highlight>Parry Stance</color> to interrupt <color=Highlight>Parry Stance</color> and perform <color=Highlight>Chi Parry</color>, dealing <color=Wind>Aero DMG</color>.","Giữ <color=Highlight>Resonance Skill</color> để vào trạng thái <color=Highlight>Parry Stance</color>.
<size=10> </size>
<size=40><color=Title>Chi Counter</color></size>
Khi Jianxin bị tấn công trong trạng thái <color=Highlight>Parry Stance</color>, cô không chịu DMG và ngay lập tức thực hiện <color=Highlight>Chi Counter</color>, gây <color=Wind>Aero DMG</color>.
<size=10> </size>
<size=40><color=Title>Chi Parry</color></size>
Thả nút <color=Highlight>Resonance Skill</color> trong trạng thái <color=Highlight>Parry Stance</color> để ngắt <color=Highlight>Parry Stance</color> và thực hiện <color=Highlight>Chi Parry</color>, gây <color=Wind>Aero DMG</color>.",C?n ti?ng Anh nghi v?n: Counter; Jianxin; Parry; Skill; Stance | S? t?/c?m nghi v?n: 15 | T? l? nghi v?n: 0.5 | M?c ??: 46.0
"Hold <color=Highlight>Resonance Skill</color> to enter <color=Highlight>Parry Stance</color>.
<size=10></size>
<size=40><color=Title>Chi Counter</color></size>
When Jianxin is attacked in the <color=Highlight>Parry Stance</color>, she does not take damage and immediately performs <color=Highlight>Chi Counter</color>, dealing <color=Wind>Aero DMG</color>.
<size=10></size>
<size=40><color=Title>Chi Parry</color></size>
Release <color=Highlight>Resonance Skill</color> during <color=Highlight>Parry Stance</color> to interrupt <color=Highlight>Parry Stance</color> and perform <color=Highlight>Chi Parry</color>, dealing <color=Wind>Aero DMG</color>.","Giữ <color=Highlight>Resonance Skill</color> để vào tư thế <color=Highlight>Parry Stance</color>.
<size=10></size>
<size=40><color=Title>Chi Counter</color></size>
Khi Jianxin bị tấn công trong tư thế <color=Highlight>Parry Stance</color>, cô không chịu DMG và ngay lập tức thực hiện <color=Highlight>Chi Counter</color>, gây <color=Wind>Aero DMG</color>.
<size=10></size>
<size=40><color=Title>Chi Parry</color></size>
Thả <color=Highlight>Resonance Skill</color> trong <color=Highlight>Parry Stance</color> để ngắt <color=Highlight>Parry Stance</color> và thực hiện <color=Highlight>Chi Parry</color>, gây <color=Wind>Aero DMG</color>.",C?n ti?ng Anh nghi v?n: Counter; Jianxin; Parry; Skill; Stance | S? t?/c?m nghi v?n: 15 | T? l? nghi v?n: 0.5 | M?c ??: 46.0
"Deal <color=Fire>Fusion DMG</color> to nearby targets, obtaining 4 stacks of Enflamement, and entering <color=Highlight>Fiery Feather</color>.
Can be cast in mid-air.
<size=10></size>
<size=40><color=Title>Fiery Feather</color></size>
When Changli releases Heavy Attack <color=Highlight>Flaming Sacrifice</color> within 10s, her ATK is increased by {0}, after which <color=Highlight>Fiery Feather</color> ends.","Gây <color=Fire>Fusion DMG</color> lên mục tiêu gần đó, nhận 4 tầng [Enflamement] và bước vào <color=Highlight>Fiery Feather</color>.
Có thể sử dụng khi đang bay.
<size=10></size>
<size=40><color=Title>Fiery Feather</color></size>
Trong vòng 10 giây, nếu Changli tung ra Heavy Attack <color=Highlight>Flaming Sacrifice</color>, Attack của cô sẽ tăng thêm {0}, sau đó <color=Highlight>Fiery Feather</color> sẽ kết thúc.",C?n ti?ng Anh nghi v?n: Attack; Changli; Feather; Fiery; Flaming; Heavy; Sacrifice | S? t?/c?m nghi v?n: 12 | T? l? nghi v?n: 0.6 | M?c ??: 46.0
"When Carlotta holds <color=Highlight>Moldable Crystals</color>, her <color=Highlight>Basic Attack</color> becomes <color=Highlight>Basic Attack - Necessary Measures</color>.","Khi Carlotta nắm giữ <color=Highlight>Moldable Crystals</color>, <color=Highlight>Basic Attack</color> của cô sẽ trở thành <color=Highlight>Basic Attack - Necessary Measures</color>.",C?n ti?ng Anh nghi v?n: Attack; Basic; Carlotta; Crystals; Measures; Moldable; Necessary | S? t?/c?m nghi v?n: 9 | T? l? nghi v?n: 0.9 | M?c ??: 46.0
"Casting <color=Highlight>Intro Skill</color> increases Lynae's <color=Light>Spectro DMG</color> Bonus.
<size=10></size>
While in <color=Highlight>Roller Skating Mode</color>, dodging without directional input will apply <color=Highlight>Optic Camo</color>. With <color=Highlight>Optic Camo</color>, Lynae may enter the enemy's aggro range without engaging.","Kích hoạt <color=Highlight>Intro Skill</color> sẽ tăng <color=Light>Spectro DMG</color> của Lynae.
<size=10></size>
Trong <color=Highlight>Roller Skating Mode</color>, Dodge mà không nhập hướng sẽ kích hoạt <color=Highlight>Optic Camo</color>. Với <color=Highlight>Optic Camo</color>, Lynae có thể tiến vào phạm vi cảnh giác của kẻ địch mà không kích hoạt chiến đấu.",C?n ti?ng Anh nghi v?n: Camo; Intro; Lynae; Mode; Optic; Roller; Skating; Skill | S? t?/c?m nghi v?n: 11 | T? l? nghi v?n: 0.688 | M?c ??: 45.88
"Enemies affected by Fusion Burst take 100% more total DMG. When enemies are under Tune Strain - Interfered, they take 50% more total Basic ATK DMG. When Resonators cast Intro Skill, they deal 25% more total DMG, and the Tune Rupture DMG Multiplier of all Resonators in the team is increased by 100%. This effect lasts for 15s.","Kẻ địch chịu ảnh hưởng bởi Fusion Burst nhận thêm 100% tổng sát thương. Khi kẻ địch ở trạng thái Tune Strain - Interfered, chúng chịu thêm 50% tổng sát thương từ Basic Attack. Khi Resonators sử dụng Intro Skill, họ gây thêm 25% tổng sát thương, và Hệ Số Sát Thương Tune Rupture của tất cả Resonators trong đội tăng 100%. Hiệu ứng này kéo dài trong 15 giây.",C?n ti?ng Anh nghi v?n: Attack; Basic; Burst; Interfered; Intro; Rupture; Skill; Strain; Tune | S? t?/c?m nghi v?n: 10 | T? l? nghi v?n: 0.588 | M?c ??: 45.88
Gain 1 Concentration when <color=Highlight>Basic Attacks</color> hit the target. Cast <color=Highlight>Heavy Attack</color> or Resonance Skill <color=Highlight>Emergency Plan</color> to consume all Concentration and restore HP for 1 extra time for every 1 Concentration consumed. Restoration happens every 2s.,Nhận 1 Điểm Concentration khi <color=Highlight>Basic Attacks</color> trúng mục tiêu. Dùng <color=Highlight>Heavy Attack</color> hoặc Resonance Skill <color=Highlight>Emergency Plan</color> để tiêu hao toàn bộ Điểm Concentration và hồi phục HP thêm 1 lần cho mỗi Điểm Concentration tiêu hao. Hiệu ứng hồi phục diễn ra mỗi 2 giây.,C?n ti?ng Anh nghi v?n: Attack; Attacks; Basic; Concentration; Emergency; Heavy; Plan; Skill | S? t?/c?m nghi v?n: 10 | T? l? nghi v?n: 0.588 | M?c ??: 45.88
"Recover Forte Gauge for Basic Attack 4, derivative Heavy Attack, Resonance Skill, or Intro Skill on hit","Hồi phục Thanh Forte khi Basic Attack 4, Heavy Attack phái sinh, Resonance Skill hoặc Intro Skill trúng mục tiêu",C?n ti?ng Anh nghi v?n: Attack; Basic; Heavy; Intro; Skill | S? t?/c?m nghi v?n: 7 | T? l? nghi v?n: 0.583 | M?c ??: 45.83
"<size=40><color=Title>Flowing Suffocation</color></size>
Deal <color=Dark>Havoc DMG</color> and grant <color=Highlight>Diffusion</color> to all Resonators in the team.
Casting this skill is also considered as casting <color=Highlight>Echo Skill</color>.
<size=10> </size>
<size=40><color=Title>Diffusion</color></size>
When the active Resonator deals damage, summon <color=Highlight>Dreamweavers</color> to perform Coordinated Attack, dealing <color=Dark>Havoc DMG</color>, considered Basic Attack DMG.
- Each time dealing damage summons <SapTag=0>{0}</SapTag> <color=Highlight>{Cus:Sap,S=Dreamweaver P=Dreamweavers SapTag=0}</color>, up to {1} <color=Highlight>Dreamweavers</color> in total. <color=Highlight>Dreamweavers</color> can appear up to once per second.","<size=40><color=Title>Flowing Suffocation</color></size>
Gây <color=Dark>Havoc DMG</color> và ban <color=Highlight>Diffusion</color> cho tất cả Resonators trong đội.
Khi sử dụng kỹ năng này cũng được tính là sử dụng <color=Highlight>Echo Skill</color>.
<size=10> </size>
<size=40><color=Title>Diffusion</color></size>
Khi Resonators chủ động gây sát thương, triệu hồi <color=Highlight>Dreamweavers</color> thực hiện Attack Phối Hợp, gây <color=Dark>Havoc DMG</color>, được tính là Sát Thương Basic Attack.
- Mỗi lần gây sát thương sẽ triệu hồi <SapTag=0>{0}</SapTag> <color=Highlight>{Cus:Sap,S=Dreamweaver P=Dreamweavers SapTag=0}</color>, tối đa {1} <color=Highlight>Dreamweavers</color>. <color=Highlight>Dreamweavers</color> chỉ xuất hiện tối đa một lần mỗi giây.",C?n ti?ng Anh nghi v?n: Attack; Basic; Diffusion; Dreamweavers; Flowing; Skill; Suffocation | S? t?/c?m nghi v?n: 11 | T? l? nghi v?n: 0.478 | M?c ??: 45.78
"Increase inactive Resonators' DMG when <color=highlight>Coordinated Attack</color> hits the target. This effect can be stacked.
All party members gain extra Resonance Energy and Concerto Energy when <color=highlight>Coordinated Attack</color> hits the target.
Increase all party members' Crit. Rate and Crit. DMG for 8s when <color=highlight>Intro Skill</color> hits the target.","Khi <color=highlight>Coordinated Attack</color> trúng mục tiêu, tăng Sát Thương cho Resonators không tham chiến. Hiệu ứng này có thể chồng chất.
Khi <color=highlight>Coordinated Attack</color> trúng mục tiêu, tất cả thành viên trong đội nhận thêm Resonance Energy và Concerto Energy.
Khi <color=highlight>Intro Skill</color> trúng mục tiêu, tăng Crit. Rate và Crit. DMG cho tất cả thành viên trong đội trong 8 giây.",C?n ti?ng Anh nghi v?n: Attack; Coordinated; Energy; Intro; Rate; Skill | S? t?/c?m nghi v?n: 9 | T? l? nghi v?n: 0.375 | M?c ??: 45.75
"<color=#c49e55>[Heavy Attack]</color>
- Hold Normal Attack or {Cus:Ipt,Touch=tap PC=press Gamepad=press} it in mid-air to cast Heavy Attack - Thunderoar: Uppercut at the cost of Prowess and gain enhancements.
- Hold Basic Attack after casting Basic Attack Stage 2 to cast Heavy Attack - Thunderoar: Backstep at the cost of Prowess.","<color=#c49e55>[Heavy Attack]</color>
- Giữ Basic Attack hoặc {Cus:Ipt,Touch=tap PC=press Gamepad=press} trong không trung để sử dụng Đòn Trọng - Sấm Gầm: Attack Thượng Đoạn, tiêu hao Năng Lực và nhận hiệu ứng tăng cường.
- Giữ Basic Attack sau khi sử dụng Basic Attack Stage 2 để sử dụng Đòn Trọng - Sấm Gầm: Lùi Bước, tiêu hao Năng Lực.",C?n ti?ng Anh nghi v?n: Attack; Basic; Stage | S? t?/c?m nghi v?n: 8 | T? l? nghi v?n: 0.571 | M?c ??: 45.71
"With full Ascendancy:
{Cus:Ipt,Touch=Tap PC=Press Gamepad=Press} {1} + {Cus:Ipt,Touch=Tap PC=Press Gamepad=Press} {1}/{0} + {Cus:Ipt,Touch=Tap PC=Press Gamepad=Press} {1}/{0} to perform the following skills in sequence:
- <color=Highlight>Resonance Skill - Undying Sunlight: Strike</color> , <color=Highlight>Resonance Skill - Undying Sunlight: Leap</color>, and <color=Highlight>Resonance Skill - Undying Sunlight: Plunge</color>.","Khi Thăng Hoa đạt tối đa:
{Cus:Ipt,Touch=tap PC=press Gamepad=press} {1} + {Cus:Ipt,Touch=tap PC=press Gamepad=press} {1}/{0} + {Cus:Ipt,Touch=tap PC=press Gamepad=press} {1}/{0} để thực hiện các kỹ năng theo thứ tự:
- <color=Highlight>Resonance Skill - Undying Sunlight: Strike</color>, <color=Highlight>Resonance Skill - Undying Sunlight: Leap</color>, và <color=Highlight>Resonance Skill - Undying Sunlight: Plunge</color>.",C?n ti?ng Anh nghi v?n: Leap; Plunge; Skill; Strike; Sunlight; Undying | S? t?/c?m nghi v?n: 12 | T? l? nghi v?n: 0.667 | M?c ??: 45.67
"Each stack grants {0} Electro DMG Bonus, stacking up to <SapTag=1>{1}</SapTag> {Cus:Sap,S=time P=times SapTag=1}. When <color=Highlight>Resonance Liberation - Sublime is the Sun: Everbright Protector</color> ends, all stacks of Crown of Wills are removed.","Mỗi lớp cộng dồn tăng {0} Electro DMG Bonus, tối đa <SapTag=1>{1}</SapTag> {Cus:Sap,S=lần P=lần cộng dồn SapTag=1}. Khi <color=Highlight>Resonance Liberation - Sublime is the Sun: Everbright Protector</color> kết thúc, tất cả các lớp cộng dồn của Crown of Wills sẽ bị xóa.",C?n ti?ng Anh nghi v?n: Bonus; Crown; Everbright; is; Liberation; of; Protector; Sublime; Sun; Wills | S? t?/c?m nghi v?n: 10 | T? l? nghi v?n: 0.667 | M?c ??: 45.67
"Photo of Zani throwing her shield at the enemy

C-MOSS's hot tip: {Cus:Ipt,Touch=Tap PC=Press Gamepad=Press} Normal Attack 3 times and {Cus:Ipt,Touch=tap PC=press Gamepad=press} Normal Attack at the right time to cast Basic Attack - Breakthrough
(Feel free to explore other ways to complete the challenge)","Chụp ảnh Zani Dodgem khiên vào kẻ địch

Mẹo nóng từ C-MOSS: {Cus:Ipt,Touch=tap PC=press Gamepad=press} Normal Attack 3 lần và {Cus:Ipt,Touch=tap PC=press Gamepad=press} Normal Attack đúng lúc để tung ra Basic Attack - Đột Phá
(Các bạn có thể khám phá những cách khác để hoàn thành thử thách)",C?n ti?ng Anh nghi v?n: Attack; Basic; C; Normal; Zani | S? t?/c?m nghi v?n: 8 | T? l? nghi v?n: 0.667 | M?c ??: 45.67
Cast <color=Highlight>Mid-air Heavy Attack</color> by holding <color=Highlight>Normal Attack</color> after casting <color=Highlight>Heavy Attack</color> while still in the air before landing.,Thực hiện <color=Highlight>Mid-air Heavy Attack</color> bằng cách giữ <color=Highlight>Normal Attack</color> sau khi kích hoạt <color=Highlight>Heavy Attack</color> khi vẫn còn trên không trước khi hạ cánh.,C?n ti?ng Anh nghi v?n: air; Attack; Heavy; Mid; Normal | S? t?/c?m nghi v?n: 8 | T? l? nghi v?n: 0.667 | M?c ??: 45.67
"When <color=Highlight><te href=851110>Combo - Dessert Strike</te></color> and <color=Highlight><te href=851111>Combo - Dessert Strike: Enhanced</te></color> hits a target, it may inflict Havoc Bane, Spectro Frazzle, Aero Erosion, or <color=Highlight><te href=851108>Status - Waveworn Bane</te></color>.","Khi <color=Highlight><te href=851110>Combo - Dessert Strike</te></color> và <color=Highlight><te href=851111>Combo - Dessert Strike: Enhanced</te></color> trúng mục tiêu, có thể gây hiệu ứng Havoc Bane, Spectro Frazzle, Aero Erosion hoặc <color=Highlight><te href=851108>Status - Waveworn Bane</te></color>.",C?n ti?ng Anh nghi v?n: Bane; Combo; Dessert; Enhanced; Erosion; Frazzle; Status; Strike; Waveworn | S? t?/c?m nghi v?n: 13 | T? l? nghi v?n: 0.765 | M?c ??: 45.65
"When <color=Highlight><te href=851110>Combo - Dessert Strike</te></color> or <color=Highlight><te href=851111>Combo - Dessert Strike: Enhanced</te></color> hits a target, it may inflict Havoc Bane, Spectro Frazzle, Aero Erosion, or <color=Highlight><te href=851108>Status - Waveworn Bane</te></color>.","Khi <color=Highlight><te href=851110>Combo - Dessert Strike</te></color> hoặc <color=Highlight><te href=851111>Combo - Dessert Strike: Enhanced</te></color> trúng mục tiêu, có thể gây hiệu ứng Havoc Bane, Spectro Frazzle, Aero Erosion hoặc <color=Highlight><te href=851108>Status - Waveworn Bane</te></color>.",C?n ti?ng Anh nghi v?n: Bane; Combo; Dessert; Enhanced; Erosion; Frazzle; Status; Strike; Waveworn | S? t?/c?m nghi v?n: 13 | T? l? nghi v?n: 0.765 | M?c ??: 45.65
"Increase the Crit. Rate and Crit. DMG of Resonance Skill within a certain period after casting <color=highlight>Echo Skill</color>. This effect can be stacked.
Defeating an enemy with <color=highlight>Resonance Skill</color> reduces the Resonator's Echo Skill Cooldown and Resonance Skill Cooldown and regenerates a certain amount of Concerto Energy.","Increase Crit. Rate và Crit. DMG của Resonance Skill trong một khoảng thời gian sau khi sử dụng <color=highlight>Echo Skill</color>. Hiệu ứng này có thể chồng chất.
Đánh bại kẻ địch bằng <color=highlight>Resonance Skill</color> sẽ giảm Cooldown chiêu Kỹ Năng Echo và Resonance Skill của Resonator, đồng thời phục hồi một lượng Concerto Energy nhất định.",C?n ti?ng Anh nghi v?n: Cooldown; Energy; Increase; Rate; Skill | S? t?/c?m nghi v?n: 8 | T? l? nghi v?n: 0.364 | M?c ??: 45.64
"[About]
The Second Coming of Solaris's Anniversary is approaching, but trouble has struck the Cube World. The mysterious demon king Abbowser has captured all Cubes and issued the legendary Black Cat Warrior a mighty challenge. ""You show up in a strange land, take on my minions, save your buddies, and then face off with me in an epic boss fight! Classic! This is gonna be a blast!""

[Eligibility]
Reach Union Level 22.

[Rules]
1. Enter Abbowser Castle with up to 3 Cube allies. Your Cube allies will proactively assist you in battle. Additionally, casting Echo Skill triggers the Cube allies' active skill.
2. Each Abbowser Castle level provides Data Modules, granting a massive increase to your Cube's combat powers. Certain modules also come with extra skill effects.
3. Gain level progression by defeating enemies. Enemies of different strengths count towards different amounts of progression. Once the progress bar activates a chest, you'll obtain its rewards after the end results.
4. Resonators on the same Floor share Revival Chances. Resonators will not be able to recover from being downed after all Revival Chances are depleted.
5. Upon either reaching 100% progression, 0 remaining time, or 0 Revive Chance, the level will be finalized.
6. Items not picked up or unopened chests will automatically be placed into your Backpack after the end results.
7. Levels 5, 10, and 15 to 21 can be challenged in Co-op mode.","Về sự kiện
Anniversary Ngày Trở Lại của Solaris sắp đến, nhưng rắc rối đã ập đến Thế Giới Cube. Vua quỷ bí ẩn Abbowser đã bắt giữ tất cả các Cube và đưa ra thử thách hùng hồn cho Chiến Binh Black Cat huyền thoại: ""Ngươi xuất hiện ở vùng đất lạ, đánh bại tay sai của ta, giải cứu đồng đội, rồi đối đầu với ta trong trận chiến trùm kinh điển! Tuyệt vời! Sẽ rất thú vị đấy!""

Điều kiện tham gia
Đạt Cấp Liên Minh 22.

Quy tắc
1. Enter Abbowser Castle cùng tối đa 3 đồng minh Cube. Đồng minh Cube sẽ chủ động hỗ trợ bạn trong trận chiến. Ngoài ra, sử dụng Kỹ Năng Echo sẽ kích hoạt kỹ năng chủ động của đồng minh Cube.
2. Mỗi tầng trong Abbowser Castle cung cấp Mô-đun Data, tăng sức mạnh chiến đấu cho Cube của bạn một cách đáng kể. Một số mô-đun còn đi kèm hiệu ứng kỹ năng bổ sung.
3. Tiến độ tăng cấp bằng cách đánh bại kẻ địch. Kẻ địch có sức mạnh khác nhau sẽ đóng góp lượng tiến độ khác nhau. Khi thanh tiến độ kích hoạt rương, bạn sẽ nhận được phần thưởng sau khi kết thúc.
4. Resonators trên cùng một tầng chia sẻ Cơ Hội Hồi sinh. Sau khi hết Cơ Hội Hồi sinh, Resonators sẽ không thể hồi phục khi bị hạ gục.
5. Tầng sẽ kết thúc khi đạt 100% tiến độ, hết thời gian hoặc hết Cơ Hội Hồi sinh.
6. Vật phẩm không nhặt hoặc rương chưa mở sẽ tự động chuyển vào Hành Trang sau khi kết thúc.
7. Các tầng 5, 10 và từ 15 đến 21 có thể thách đấu ở chế độ Hợp Tác.",C?n ti?ng Anh nghi v?n: Abbowser; Anniversary; Black; Castle; Cat; Cube; Data; Enter | S? t?/c?m nghi v?n: 16 | T? l? nghi v?n: 0.262 | M?c ??: 45.62
"<color=#c49e55>[Basic Attack]</color>
- Encore gains {0} Fusion DMG Bonus.
- Dealing DMG with Resonance Skill summons Dreamscape: Cloudy that deals Fusion DMG equal to {1} of Encore's ATK, considered as Basic Attack DMG. This effect can be triggered once every {2}s.
- Dreamscape: Cloudy and Dreamscape: Cosmos receive the following enhancement: Gain increased attack range and {3} additional DMG Multiplier.","<color=#c49e55>[Basic Attack]</color>
- Encore nhận thêm {0} Fusion DMG Bonus.
- Gây sát thương bằng Resonance Skill sẽ triệu hồi Cảnh Mộng: Mây Mù gây Fusion DMG bằng {1} Sát Thương Attack của Encore, được tính là sát thương Basic Attack. Hiệu ứng này chỉ kích hoạt một lần mỗi {2}s.
- Cảnh Mộng: Mây Mù và Cảnh Mộng: Cosmos được tăng cường như sau: Phạm vi tấn công mở rộng và hệ số sát thương tăng thêm {3}.",C?n ti?ng Anh nghi v?n: Attack; Basic; Bonus; Cosmos; Encore; s; Skill | S? t?/c?m nghi v?n: 9 | T? l? nghi v?n: 0.562 | M?c ??: 45.62
"Open to claim one basic material for Weapon Ascension or Skill Upgrade of your choice:
<color=Rare2>Inert Metallic Drip *1</color>
<color=Rare2>Impure Phlogiston *1</color>
<color=Rare2>Lento Helix *1</color>
<color=Rare2>Waveworn Residue 210 *1</color>
<color=Rare2>Cadence Seed *1</color>","Mở để nhận một nguyên liệu cơ bản cho Nâng Cấp Vũ Khí hoặc Skill Nâng cấp theo lựa chọn của bạn:
<color=Rare2>Inert Metallic Drip *1</color>
<color=Rare2>Impure Phlogiston *1</color>
<color=Rare2>Lento Helix *1</color>
<color=Rare2>Waveworn Residue 210 *1</color>
<color=Rare2>Cadence Seed *1</color>",C?n ti?ng Anh nghi v?n: Cadence; Drip; Helix; Impure; Inert; Lento; Metallic; Phlogiston; Residue; Seed; Skill; Waveworn | S? t?/c?m nghi v?n: 12 | T? l? nghi v?n: 0.857 | M?c ??: 45.57
"<color=#c49e55>[Basic Attack]</color>
Gain Havoc DMG Bonus. Automatically recover Forte Gauge when Roccia is on the field and not in mid-air.
When charging forward or hitting a target with Heavy Attack, Roccia is immune to interruption.
Certain Basic Attacks can generate a Condensed Magic Box to deal extra damage.","<color=#c49e55>[Basic Attack]</color>
Nhận thêm Havoc DMG. Tự động hồi phục Forte Gauge khi Roccia đang ở trên mặt đất và không ở giữa không trung.
Khi lao về phía trước hoặc đánh trúng mục tiêu bằng Heavy Attack, Roccia miễn nhiễm với gián đoạn.
Một số đòn Basic Attack có thể tạo ra Condensed Magic Box để gây thêm sát thương.",C?n ti?ng Anh nghi v?n: Attack; Basic; Box; Condensed; Gauge; Heavy; Magic; Roccia | S? t?/c?m nghi v?n: 10 | T? l? nghi v?n: 0.556 | M?c ??: 45.56
"<color=Highlight>Activated upon having 3 Bond Members in the team</color>
When in Synergy Burst:
- Resonators gain extra Wage every {0}s.
- An additional stack of Allowance is placed on all targets within range every {1}s.
- DMG dealt by Wage and Reimbursement is Amplified by {2}.","<color=Highlight>Activated upon having 3 Bond Members in the team</color>
Khi ở trạng thái Synergy Burst:
- Resonators nhận thêm Wage mỗi {0} giây.
- Một tầng Allowance bổ sung được đặt lên tất cả mục tiêu trong phạm vi mỗi {1} giây.
- DMG gây bởi Wage và Reimbursement được Khuếch đại thêm {2}.",C?n ti?ng Anh nghi v?n: Activated; Allowance; Bond; Burst; having; in; Members; Reimbursement; Synergy; team; upon; Wage | S? t?/c?m nghi v?n: 13 | T? l? nghi v?n: 0.65 | M?c ??: 45.5
"Heavy Attack - Rhapsodic Riff: Hold {0} following Basic Attack Stage 2 or 4 or {Cus:Ipt,Touch=tap PC=press Gamepad=press} {0} while landed following Mid-air Attack Stage 4 to cast.","Heavy Attack - Khúc Rhapsody: Giữ {0} sau Basic Attack Stage 2 hoặc 4, hoặc {Cus:Ipt,Touch=tap PC=press Gamepad=press} {0} khi tiếp đất sau Mid-air Attack Stage 4 để thi triển.",C?n ti?ng Anh nghi v?n: air; Attack; Basic; Heavy; Mid; Stage | S? t?/c?m nghi v?n: 9 | T? l? nghi v?n: 0.643 | M?c ??: 45.43
Enemies' <color=#5cc96aff>Attribute RES is reduced by 30%</color>. Dealing <color=#b72924ff>Resonance Skill DMG</color> to enemies with any <color=#b72924ff>Negative Status</color> inflicts <color=#b72924ff>5</color> stacks of <color=#b72924ff>Spectro Frazzle</color> on the Resonator.,<color=#5cc96aff>Attribute RES is reduced by 30%</color>. Gây <color=#b72924ff>Resonance Skill DMG</color> lên kẻ địch đang mang <color=#b72924ff>Negative Status</color> sẽ áp đặt <color=#b72924ff>5</color> tầng <color=#b72924ff>Spectro Frazzle</color> lên Resonator.,C?n ti?ng Anh nghi v?n: Attribute; by; Frazzle; is; Negative; reduced; RES; Skill; Status | S? t?/c?m nghi v?n: 9 | T? l? nghi v?n: 0.643 | M?c ??: 45.43
"<color=#b72924ff>When about to recover from being Immobilized</color>, enemies deal damage equal to <color=#b72924ff>300%</color> of their ATK to nearby Resonators.","Khi <color=#b72924ff>When about to recover from being Immobilized</color>, kẻ địch sẽ gây sát thương bằng <color=#b72924ff>300% Tấn Công</color> lên Resonators xung quanh.",C?n ti?ng Anh nghi v?n: about; being; from; Immobilized; recover; to; When | S? t?/c?m nghi v?n: 7 | T? l? nghi v?n: 0.636 | M?c ??: 45.36
"Phrolova can hold up to 6 <color=Highlight>Volatile Notes</color>. When <color=Highlight>Volatile Notes</color> reach the max number, all <color=Highlight>Volatile Notes</color> shift one slot to the left, and the leftmost <color=Highlight>Volatile Note - Strings</color> or <color=Highlight>Volatile Note - Winds</color> will be removed.
Hitting a target with <color=Highlight>Basic Attack Stage 3</color> or <color=Highlight>Movement of Fate and Finality</color> grants 1 <color=Highlight>Volatile Note - Strings</color>.
Hitting a target with Resonance Skill <color=Highlight>Whispers in a Fleeting Dream</color> or Resonance Skill <color=Highlight>Murmurs in a Haunting Dream</color> grants 1 <color=Highlight>Volatile Note - Winds</color>.
When <color=Highlight>Inherent Skill - Accidental</color> is activated, casting Suite of Quietus, Suite of Immortality, or Echo Skill turns the next Volatile Note into <color=Highlight>Volatile Note - Cadenza</color>.
Phrolova cannot obtain <color=Highlight>Volatile Notes</color> during <color=Highlight>Resolving Chord</color>.","Phrolova có thể giữ tối đa 6 <color=Highlight>Âm Giai Bất Định</color>. Khi <color=Highlight>Âm Giai Bất Định</color> đạt số lượng tối đa, tất cả sẽ dịch chuyển một ô sang trái, và <color=Highlight>Âm Giai Bất Định - Dây</color> hoặc <color=Highlight>Âm Giai Bất Định - Gió</color> ở ô ngoài cùng bên trái sẽ bị loại bỏ.
Tấn công mục tiêu bằng <color=Highlight>Basic Attack Stage 3</color> hoặc <color=Highlight>Điệu Nhảy Fate và Tận Cùng</color> sẽ nhận được 1 <color=Highlight>Âm Giai Bất Định - Dây</color>.
Tấn công mục tiêu bằng Resonance Skill <color=Highlight>Lời Thì Thầm Trong Giấc Mơ Phù Du</color> hoặc Resonance Skill <color=Highlight>Lời Thì Thầm Trong Giấc Mơ Kinh Hoàng</color> sẽ nhận được 1 <color=Highlight>Âm Giai Bất Định - Gió</color>.
Khi <color=Highlight>Inherent Skill - Ngẫu Nhiên</color> được kích hoạt, sử dụng Bộ Kỹ Năng Tĩnh Lặng, Bộ Kỹ Năng Bất Tử hoặc Kỹ Năng Vọng Âm sẽ biến Âm Giai Bất Định tiếp theo thành <color=Highlight>Âm Giai Bất Định - Khúc Kết</color>.
Phrolova không thể nhận <color=Highlight>Âm Giai Bất Định</color> trong trạng thái <color=Highlight>Giải Hợp Âm</color>.",C?n ti?ng Anh nghi v?n: Attack; Basic; Fate; Inherent; Phrolova; Skill; Stage | S? t?/c?m nghi v?n: 10 | T? l? nghi v?n: 0.333 | M?c ??: 45.33
"After casting Intro Skill, for the next 6s, Resonators deal 40% more damage. Resonance Skill cooldown is reduced by 50%. An Enhanced Shadow Wave is generated 1.5s after casting Resonance Skill to attack the enemies, dealing Havoc DMG. This effect has a cooldown of 3s, with the cooldown calculated independently for each Resonator.

Team I Buff: All team members of Havoc Attribute restore 4 additional Concerto Energy per second.
Team II Buff: All team members restore 2 additional Concerto Energy per second.","Sau khi sử dụng Kỹ Năng Giới Thiệu, trong 6 giây tiếp theo, Resonators gây thêm 40% sát thương. Cooldown Resonance Skill giảm 50%. Một Đợt Sóng Shadow Cường Hóa sẽ xuất hiện sau 1,5 giây kể từ khi sử dụng Resonance Skill để tấn công kẻ địch, gây Havoc DMG. Hiệu ứng này có Cooldown 3 giây, tính riêng cho từng Resonators.

Hiệu ứng Đội I: Các thành viên trong đội thuộc hệ Havoc hồi thêm 4 Concerto Energy mỗi giây.
Hiệu ứng Đội II: Các thành viên trong đội hồi thêm 2 Concerto Energy mỗi giây.",C?n ti?ng Anh nghi v?n: Cooldown; Energy; I; II; Shadow; Skill | S? t?/c?m nghi v?n: 9 | T? l? nghi v?n: 0.333 | M?c ??: 45.33
"<size=40><color=Title>Basic Attack</color></size>
Deal <color=Wind>Aero DMG</color>.
<size=10></size>
<size=40><color=Title>Heavy Attack</color></size>
Deal <color=Wind>Aero DMG</color>.
<size=10></size>
<size=40><color=Title>Mid-air Attack</color></size>
Deal <color=Wind>Aero DMG</color>.
<size=10></size>
<size=40><color=Title>Dodge Counter</color></size>
Deal <color=Wind>Aero DMG</color>.","<size=40><color=Title>Basic Attack</color></size>
Gây <color=Wind>Aero DMG</color>.
<size=10></size>
<size=40><color=Title>Heavy Attack</color></size>
Gây <color=Wind>Aero DMG</color>.
<size=10></size>
<size=40><color=Title>Mid-air Attack</color></size>
Gây <color=Wind>Aero DMG</color>.
<size=10></size>
<size=40><color=Title>Dodge Counter</color></size>
Gây <color=Wind>Aero DMG</color>.",C?n ti?ng Anh nghi v?n: air; Attack; Basic; Counter; Dodge; Heavy; Mid | S? t?/c?m nghi v?n: 9 | T? l? nghi v?n: 0.529 | M?c ??: 45.29
"Restore HP for all nearby party members and summon 5 <color=Highlight>Dim Star Butterflies</color>, which automatically track and attack a target, dealing <color=Light>Spectro DMG</color>. Follow up with <color=Highlight>Basic Attack</color> in time to start the Basic Attack cycle from <color=Highlight>Stage 2</color>.
Can be performed in mid-air.","Restore HP cho tất cả thành viên gần đó và triệu hồi 5 <color=Highlight>Dim Star Butterflies</color>, tự động truy đuổi và tấn công mục tiêu, gây <color=Light>Spectro DMG</color>. Thực hiện <color=Highlight>Basic Attack</color> kịp thời để bắt đầu chu kỳ Basic Attack từ <color=Highlight>Stage 2</color>.
Có thể thực hiện khi đang bay.",C?n ti?ng Anh nghi v?n: Attack; Basic; Butterflies; Dim; Restore; Stage; Star | S? t?/c?m nghi v?n: 9 | T? l? nghi v?n: 0.529 | M?c ??: 45.29
"Increases ATK by {0}. Casting Intro Skill or Resonance Liberation increases Resonance Liberation DMG by {1} for {2}s. Obtaining Shield allows Resonance Liberation DMG to ignore {3} of the target's DEF for {6}s, stacking up to {5} times. This effect is triggered once every {4}s. Upon casting Intro Skill, this effect reaches max stacks immediately, lasting for {7}s.","Tăng Tấn Công thêm {0}. Sử dụng Intro Skill hoặc Resonance Liberation sẽ tăng {1} Sát Thương Resonance Liberation trong {2} giây. Khi có Shield, Sát Thương Resonance Liberation sẽ bỏ qua {3} Phòng Ngự của mục tiêu trong {6} giây, tối đa {5} lớp. Hiệu ứng kích hoạt mỗi {4} giây một lần. Khi dùng Intro Skill, hiệu ứng đạt tối đa ngay lập tức và duy trì trong {7} giây.",C?n ti?ng Anh nghi v?n: Intro; Liberation; Shield; Skill | S? t?/c?m nghi v?n: 8 | T? l? nghi v?n: 0.421 | M?c ??: 45.21
"In <color=Highlight><te href=121001>Instant Response</te></color>, <color=Highlight>Heavy Attack - Aemeath</color> and <color=Highlight>Heavy Attack - Mech</color> gain {0} DMG Amplification.","Trong <color=Highlight><te href=121001>Instant Response</te></color>, <color=Highlight>Heavy Attack - Aemeath</color> và <color=Highlight>Heavy Attack - Mech</color> được tăng {0} DMG Amplification.",C?n ti?ng Anh nghi v?n: Aemeath; Amplification; Attack; Heavy; Instant; Mech; Response | S? t?/c?m nghi v?n: 9 | T? l? nghi v?n: 0.818 | M?c ??: 45.18
"[About]
The celebration is about to begin. Invite your friends back to join the fun in Rinascita. Complete tasks together to earn Astrites and other rewards!

[Eligibility]
Reach Union Level 8 or higher during the event.

[Rules]
1. Share your invitation code with up to 3 Returning Players in your server, complete in-game tasks to obtain Celebration Balloons, and exchange them for up to Astrite x480 and Shell Credit x300,000.
2. Returning Players can link their accounts with the Player of their choice by using their corresponding invitation code. This can be done once and cannot be changed later. After linking, Returning Players are eligible to claim a reward of Astrite x50, Advanced Enclosure Tank x5, and Shell Credit x50,000.

[Returning Player Eligibility]
1. Union Level 8 or higher.
2. Has not logged into the game for at least 14 consecutive days immediately before the start of this event or before April 7, 2025, 00:00 (UTC+8).
3. Eligible Returning Players will retain their status for the duration of this event.

[Additional Notes]
※ Upon completing an event task, there may be a slight delay before you can claim the rewards. If this occurs, please wait at least 2 minutes before refreshing the page or restarting the game.
※ A Returning Player cannot be both the inviter and invitee of another Returning Player.","Về sự kiện
Lễ hội sắp bắt đầu. Invite bạn bè trở lại cùng tham gia vui chơi tại Rinascita. Hoàn thành nhiệm vụ cùng nhau để nhận Astrites và những phần thưởng khác!

Điều kiện tham gia
Đạt Cấp Liên Minh 8 trở lên trong thời gian diễn ra sự kiện.

Thể lệ
1. Share mã mời của bạn với tối đa 3 người chơi quay lại trong cùng máy chủ, hoàn thành nhiệm vụ trong game để nhận Bong Bóng Lễ Hội và đổi lấy tối đa Astrite x480 cùng Shell Credit x300.000.
2. Người chơi quay lại có thể liên kết tài khoản với người chơi đã mời bằng mã mời tương ứng. Việc liên kết chỉ thực hiện được một lần và không thể thay đổi sau đó. Sau khi liên kết, người chơi quay lại đủ điều kiện nhận phần thưởng gồm Astrite x50, Advanced Enclosure Tank x5 và Shell Credit x50.000.

Điều kiện người chơi quay lại
1. Cấp Liên Minh 8 trở lên.
2. Không đăng nhập game trong ít nhất 14 ngày liên tiếp trước khi sự kiện bắt đầu hoặc trước 00:00 ngày 7/4/2025 (UTC+8).
3. Người chơi quay lại đủ điều kiện sẽ giữ trạng thái này trong suốt sự kiện.

Lưu ý
※ Sau khi hoàn thành nhiệm vụ sự kiện, có thể có chút trễ trước khi nhận được phần thưởng. Nếu gặp trường hợp này, vui lòng đợi ít nhất 2 phút trước khi làm mới trang hoặc khởi động lại game.
※ Một người chơi quay lại không thể vừa là người mời vừa là người được mời của một người chơi quay lại khác.",C?n ti?ng Anh nghi v?n: Advanced; Astrite; Astrites; Credit; Enclosure; game; Invite; Share; Shell; Tank; UTC | S? t?/c?m nghi v?n: 16 | T? l? nghi v?n: 0.314 | M?c ??: 45.14
"<color=Highlight>Activated upon having 3 Bond Members in the team</color>
When in Synergy Burst, dealing Coordinated Attack DMG launches an extra attack that deals Physical DMG equal to {0} of ATK, triggered once every {1}s. DMG dealt by Orbital Strike is Amplified by {2}.","<color=Highlight>Activated upon having 3 Bond Members in the team</color>
Khi trong trạng thái Cơn Bùng Nổ Đồng Điệu, gây Sát Thương Attack Phối Hợp sẽ tung thêm một đòn tấn công gây Sát Thương Physical bằng {0} Attack, kích hoạt mỗi {1} giây một lần. Sát Thương từ Đòn Đánh Từ Quỹ Đạo được Khuếch Đại thêm {2}.",C?n ti?ng Anh nghi v?n: Activated; Attack; Bond; having; in; Members; Physical; team; upon | S? t?/c?m nghi v?n: 10 | T? l? nghi v?n: 0.714 | M?c ??: 45.14
"<color=Title>Effect</color>
When Resonators in the team deal damage certain times, Namipon fires <color=Highlight><te href=851100>Combo - Rice Dango Missiles</te></color> to targets around to deal DMG.

<color=Title>Support Skill</color>
Fire <color=Highlight><te href=851101>Combo - Rice Dango Missiles: Enhanced</te></color> to deal DMG.","<color=Title>Effect</color>
Khi Resonators trong đội gây sát thương đủ số lần nhất định, Namipon sẽ bắn <color=Highlight><te href=851100>Combo - Rice Dango Missiles</te></color> vào các mục tiêu xung quanh để gây sát thương.

<color=Title>Hỗ Trợ Skill</color>
Bắn <color=Highlight><te href=851101>Combo - Rice Dango Missiles: Enhanced</te></color> để gây sát thương.",C?n ti?ng Anh nghi v?n: Combo; Dango; Effect; Enhanced; Missiles; Namipon; Rice; Skill | S? t?/c?m nghi v?n: 12 | T? l? nghi v?n: 0.706 | M?c ??: 45.06
"Instead of her name, Sanhua is more commonly referred to as ""the <te href=850124>Magistrate's Bodyguard</te>.""

Sanhua is always seen standing silently behind Jinhsi, maintaining an adequate distance. She stands tall and poised, hidden in the periphery of others' gazes, like a sharp blade ready to be unsheathed at any moment.

Although the majority of voices opposing Jinhsi have already subsided, there are still a handful of individuals who would attempt to challenge her authority. Because Jinhsi still held the title of <te href=850091>Jinzhou</te>'s <te href=850084>Magistrate</te>, the seemingly blunt and inflexible bodyguard by her side seemed the easier target for pressure. Or so they assumed. 

Regardless of how impossible the ill-intended demands sounded, Sanhua can always flawlessly execute them to the utmost perfection. 

With her impeccable time management, sharp intellect, cool under-pressure demeanor, and savvy negotiation skills... even the harshest critics were left stunned.


As the Magistrate's bodyguard, Sanhua handles both unruly daytime guests, and those uninvited guests who lurk in the shadows.

Being Jinzhou's Magistrate, Jinhsi is a prime target with a high price on her head. Unwelcome guests sought more than just a cup of tea, but they would soon learn their mistake: instead of hot tea, they were met with the razor-sharp blade of her bodyguard. The crimson-eyed bodyguard seemed to possess an uncanny ability to detect lies. Within seconds, she transformed into a fearsome Asura ready to strike. 

One quick slash revealed shivering limbs as severed trouser legs fell in the cold air. This alone was enough to scare off most of the unwanted guests. Naturally, once the blade returned to its sheath, all shadows and shady dealings would be erased. Jinhsi's radiance would remain untainted, free from contamination.


But sometimes, even Sanhua meets surprises in life... 

""Hello. You must be Madam Magistrate's bodyguard?"" 

So asked the strange resonator standing before her, who bears the same beautiful human-shaped frequency as Jinhsi.

Her world was suddenly filled with new ripples.","Thay vì tên thật, Sanhua thường được gọi là ""<te href=850124>Magistrate's Bodyguard</te>.""

Sanhua luôn đứng lặng lẽ phía sau Jinhsi, giữ khoảng cách vừa đủ. Dáng đứng thẳng tắp, hiên ngang, ẩn mình trong góc khuất ánh nhìn của người khác, như một lưỡi kiếm sắc bén sẵn sàng tuốt ra bất cứ lúc nào.

Dù phần lớn tiếng nói phản đối Jinhsi đã lắng xuống, vẫn còn một số kẻ dám thử thách quyền uy của nàng. Vì Jinhsi vẫn giữ chức <te href=850084>Jinzhou</te> của <te href=850091>Magistrate</te>, nên vệ sĩ có vẻ cứng nhắc và thô lỗ bên cạnh nàng trở thành mục tiêu dễ dàng hơn để gây sức ép. Ít nhất, họ nghĩ vậy.

Dù yêu cầu của họ có vô lý đến đâu, Sanhua vẫn luôn hoàn thành một cách hoàn hảo đến mức không thể chê vào đâu được.

Với khả năng quản lý thời gian tuyệt vời, trí tuệ sắc bén, phong thái điềm tĩnh dưới áp lực và kỹ năng đàm phán khéo léo... ngay cả những kẻ chỉ trích gay gắt nhất cũng phải câm lặng.


Là vệ sĩ của Quan Phán, Sanhua xử lý cả những vị khách ban ngày khó chịu lẫn những kẻ không mời mà đến lẩn khuất trong bóng tối.

Là Quan Phán của Jinzhou, Jinhsi là mục tiêu hàng đầu với giá trị treo thưởng cao. Những vị khách không mời mà đến không chỉ muốn uống trà, nhưng họ sẽ sớm nhận ra sai lầm của mình: thay vì trà nóng, họ đối mặt với lưỡi kiếm sắc bén của vệ sĩ. Người vệ sĩ đôi mắt đỏ thẫm này dường như có khả năng phát hiện dối trá một cách kỳ lạ. Trong nháy mắt, cô biến thành một Asura đáng sợ sẵn sàng ra tay.

Một nhát chém nhanh gọn khiến tay chân run rẩy, ống quần đứt lìa rơi xuống không trung lạnh lẽo. Chỉ thế thôi cũng đủ khiến hầu hết những kẻ không mời mà đến phải khiếp vía. Đương nhiên, khi lưỡi kiếm trở về vỏ, mọi bóng tối và âm mưu đen tối đều bị xóa sạch. Ánh hào quang của Jinhsi vẫn nguyên vẹn, không vướng chút bẩn nào.


Nhưng đôi khi, ngay cả Sanhua cũng gặp phải những bất ngờ trong cuộc sống...

""Hello. Chắc cô là vệ sĩ của Bà Quan Phán?""

Đó là lời của một Resonator lạ mặt đứng trước mặt cô, mang cùng tần số hình người xinh đẹp như Jinhsi.

Thế giới của cô bỗng dậy sóng với những gợn sóng mới.",C?n ti?ng Anh nghi v?n: Asura; Bodyguard; Hello; Jinhsi; Magistrate; Magistrate's; Sanhua | S? t?/c?m nghi v?n: 16 | T? l? nghi v?n: 0.302 | M?c ??: 45.02
"Hold <color=Highlight>Resonance Liberation</color> to enter a charging state, during which Hiyuki continuously consumes <color=Highlight>Snowforged Blade</color>. Release to deal <color=Ice>Glacio DMG</color>, which is proportional to the amount of <color=Highlight>Snowforged Blade</color> consumed. This skill can also be cast by {Cus:Ipt,Touch=tapping PC=pressing Gamepad=pressing} <color=Highlight>Resonance Liberation</color>. When cast this way, this skill consumes no <color=Highlight>Snowforged Blade</color> when it's not full and all <color=Highlight>Snowforged Blade</color> when it's full.
Hiyuki leaves <color=Highlight>Foreclaimed Self</color> after casting this skill.","Giữ <color=Highlight>Resonance Liberation</color> để vào trạng thái nạp, trong đó Hiyuki liên tục tiêu hao <color=Highlight>Snowforged Blade</color>. Thả ra để gây <color=Ice>Glacio DMG</color>, lượng sát thương tỉ lệ thuận với số <color=Highlight>Snowforged Blade</color> đã tiêu hao. Kỹ năng này cũng có thể được sử dụng bằng cách {Cus:Ipt,Touch=tapping PC=pressing Gamepad=pressing} <color=Highlight>Resonance Liberation</color>. Khi sử dụng theo cách này, kỹ năng sẽ không tiêu hao <color=Highlight>Snowforged Blade</color> nếu chưa đầy và tiêu hao toàn bộ <color=Highlight>Snowforged Blade</color> nếu đã đầy.
Sau khi sử dụng kỹ năng này, Hiyuki để lại <color=Highlight>Foreclaimed Self</color>.",C?n ti?ng Anh nghi v?n: Blade; Foreclaimed; Hiyuki; Liberation; Self; Snowforged | S? t?/c?m nghi v?n: 14 | T? l? nghi v?n: 0.5 | M?c ??: 45.0
"[About]
""Resident Evil 30th Anniversary,"" ""Angry Birds,"" and ""Kaiju No. 8"" Collab Event. Complete tasks in the Collab Event to obtain the corresponding Collab Livery and various leveling Materials.

[Eligibility]
Reach Union Level 14 and activate the Startorch Academy Resonance Nexus during Main Quest ""What Burns Beneath Frostlands"" to unlock.

If you have any unclaimed rewards when the event ends, you can log in within 30 days afterward to claim them in your Mail.","[""Giới Thiệu""]
Event Cộng tác ""Resident Evil Anniversary 30 năm"", ""Angry Birds"" và ""Kaiju Không. 8"". Hoàn thành nhiệm vụ trong sự kiện để nhận được Mẫu Xe Cộng tác tương ứng cùng nhiều nguyên liệu nâng cấp.

[Điều kiện tham gia]
Đạt Cấp Liên Minh 14 và kích hoạt Nexus Resonance Startorch Academy trong Nhiệm vụ Main ""Điều Gì Nung Nấu Dưới Băng Giá"" để mở khóa.

Nếu bạn có phần thưởng chưa nhận khi sự kiện kết thúc, bạn có thể đăng nhập trong vòng 30 ngày sau đó để nhận qua Mail trong game.",C?n ti?ng Anh nghi v?n: Academy; Angry; Anniversary; Birds; Event; Evil; Kaiju; Mail; Main; Nexus; Resident; Startorch | S? t?/c?m nghi v?n: 12 | T? l? nghi v?n: 0.5 | M?c ??: 45.0
"Open to claim one medium material for Weapon Ascension or Skill Upgrade of your choice:
<color=Rare3>Reactive Metallic Drip *1</color>
<color=Rare3>Extracted Phlogiston *1</color>
<color=Rare3>Adagio Helix *1</color>
<color=Rare3>Waveworn Residue 226 *1</color>
<color=Rare3>Cadence Bud *1</color>","Mở để nhận một vật liệu trung cấp dùng cho Thăng Cấp Vũ Khí hoặc Skill Nâng cấp theo lựa chọn:
<color=Rare3>Reactive Metallic Drip *1</color>
<color=Rare3>Extracted Phlogiston *1</color>
<color=Rare3>Adagio Helix *1</color>
<color=Rare3>Waveworn Residue 226 *1</color>
<color=Rare3>Cadence Bud *1</color>",C?n ti?ng Anh nghi v?n: Adagio; Bud; Cadence; Drip; Extracted; Helix; Metallic; Phlogiston; Reactive; Residue; Skill; Waveworn | S? t?/c?m nghi v?n: 12 | T? l? nghi v?n: 0.8 | M?c ??: 45.0
"Open to claim one advanced material for Weapon Ascension or Skill Upgrade of your choice:
<color=Rare4>Polarized Metallic Drip *1</color>
<color=Rare4>Refined Phlogiston *1</color>
<color=Rare4>Andante Helix *1</color>
<color=Rare4>Waveworn Residue 235 *1</color>
<color=Rare4>Cadence Leaf *1</color>","Mở để nhận một vật liệu cao cấp cho Nâng Cấp Vũ Khí hoặc Skill Nâng cấp theo lựa chọn của bạn:
<color=Rare4>Polarized Metallic Drip *1</color>
<color=Rare4>Refined Phlogiston *1</color>
<color=Rare4>Andante Helix *1</color>
<color=Rare4>Waveworn Residue 235 *1</color>
<color=Rare4>Cadence Leaf *1</color>",C?n ti?ng Anh nghi v?n: Andante; Cadence; Drip; Helix; Leaf; Metallic; Phlogiston; Polarized; Refined; Residue; Skill; Waveworn | S? t?/c?m nghi v?n: 12 | T? l? nghi v?n: 0.8 | M?c ??: 45.0
"Open to claim one premium material for Weapon Ascension or Skill Upgrade of your choice:
<color=Rare5>Heterized Metallic Drip *1</color>
<color=Rare5>Flawless Phlogiston *1</color>
<color=Rare5>Presto Helix *1</color>
<color=Rare5>Waveworn Residue 239 *1</color>
<color=Rare5>Cadence Blossom*1</color>","Mở để nhận một vật liệu cao cấp dùng cho Thăng Cấp Vũ Khí hoặc Skill Nâng cấp theo lựa chọn:
<color=Rare5>Heterized Metallic Drip *1</color>
<color=Rare5>Flawless Phlogiston *1</color>
<color=Rare5>Presto Helix *1</color>
<color=Rare5>Waveworn Residue 239 *1</color>
<color=Rare5>Cadence Blossom*1</color>",C?n ti?ng Anh nghi v?n: Blossom; Cadence; Drip; Flawless; Helix; Heterized; Metallic; Phlogiston; Presto; Residue; Skill; Waveworn | S? t?/c?m nghi v?n: 12 | T? l? nghi v?n: 0.8 | M?c ??: 45.0
"Upon reaching <color=#c89a45>8 stacks</color> of Heavy Attack Mark, <color=#c89a45>1 stack</color> of Collapse Mark is inflicted on the target, dealing damage. Each stack of Collapse Mark doubles the damage dealt, triggered up to 10 times.","Khi đạt <color=#c89a45>8 stacks</color> Heavy Attack Mark, mục tiêu sẽ bị gắn <color=#c89a45>1 stack</color> Collapse Mark, gây sát thương. Mỗi tầng Collapse Mark nhân đôi sát thương, kích hoạt tối đa 10 lần.",C?n ti?ng Anh nghi v?n: Attack; Collapse; Heavy; Mark; stack; stacks | S? t?/c?m nghi v?n: 9 | T? l? nghi v?n: 0.9 | M?c ??: 45.0
"<color=Title>Effect</color>
Hitting a target with Dodge Counter inflicts <color=Highlight><te href=851108>Status - Waveworn Bane</te></color>, which continuously deals DMG.

<color=Title>Support Skill</color>
Deal DMG and inflict 5 stacks of <color=Highlight><te href=851108>Status - Waveworn Bane</te></color> on hit.","<color=Title>Effect</color>
Đánh trúng mục tiêu bằng Kỹ Năng Dodge Đòn sẽ gây <color=Highlight><te href=851108>Status - Waveworn Bane</te></color>, liên tục gây sát thương.

<color=Title>Hỗ Trợ Skill</color>
Gây sát thương và áp đặt 5 lớp <color=Highlight><te href=851108>Status - Waveworn Bane</te></color> khi trúng đích.",C?n ti?ng Anh nghi v?n: Bane; Dodge; Effect; Skill; Status; Waveworn | S? t?/c?m nghi v?n: 9 | T? l? nghi v?n: 0.9 | M?c ??: 45.0
"In Co-op Mode, when a <color=#ffd12f>party member</color>'s Concerto Energy is full, tap their icon to activate your Resonator's Intro Skill and their Resonator's Outro Skill. Full Concerto Energy will be automatically cleared after 10 seconds.
Each party member can trigger this effect once.","Trong Chế Độ Hợp Tác, khi <color=#ffd12f>party member</color> có Concerto Energy đầy, chạm vào biểu tượng của họ để kích hoạt Intro Skill của Resonator và Outro Skill của Resonator đó. Concerto Energy đầy sẽ tự động được xóa sau 10 giây.
Mỗi thành viên trong nhóm chỉ có thể kích hoạt hiệu ứng này một lần.",C?n ti?ng Anh nghi v?n: Energy; Intro; member; Outro; party; Skill | S? t?/c?m nghi v?n: 8 | T? l? nghi v?n: 0.5 | M?c ??: 45.0
"<color=#c49e55>[Resonance Liberation]</color>
Fleurdelys gains Resonance Skill - Ajudicator of Evil in certain circumstances.
Resonance Liberation - Blade of Howling Squall and Mid-air Attack - Cartethyia gain special enhancements.
Increase the DMG dealt by Cartethyia.","<color=#c49e55>[Resonance Liberation]</color>
Fleurdelys nhận được Resonance Skill - Kẻ Phán Xét Ác Nghiệp trong một số tình huống nhất định.
Resonance Liberation - Lưỡi Kiếm Của Bão Gào và Đòn Mid-air Attack - Cartethyia được tăng cường đặc biệt.
Increase Sát Thương gây ra bởi Cartethyia.",C?n ti?ng Anh nghi v?n: air; Attack; Cartethyia; Fleurdelys; Increase; Liberation; Mid; Skill | S? t?/c?m nghi v?n: 9 | T? l? nghi v?n: 0.692 | M?c ??: 44.92
"When <color=Highlight>Resonance Rate</color> is full, casting <color=Highlight>Enhanced Heavy Attack</color> restores <color=Highlight>Synchronization Rate</color>. When both <color=Highlight>Synchronization Rate</color> and <color=Highlight>Resonance Rate</color> are full, <color=Highlight>Resonance Liberation Finisher</color> becomes available.","Khi <color=Highlight>Resonance Rate</color> đầy, sử dụng <color=Highlight>Enhanced Heavy Attack</color> sẽ khôi phục <color=Highlight>Synchronization Rate</color>. Khi cả <color=Highlight>Synchronization Rate</color> và <color=Highlight>Resonance Rate</color> đều đầy, <color=Highlight>Resonance Liberation Finisher</color> sẽ sẵn sàng.",C?n ti?ng Anh nghi v?n: Attack; Enhanced; Finisher; Heavy; Liberation; Rate; Synchronization | S? t?/c?m nghi v?n: 11 | T? l? nghi v?n: 0.688 | M?c ??: 44.88
This TD will aggressively search for target and launch range attack while flying. It will cause area damage upon <color=#8c7e51>Landing</color> and can only be avoided by <color=#8c7e51>moving to high ground</color>. The <color=#8c7e51>Core on its tail</color> is its weakness. Attacking the core will drag it down to earth.,Tacet Discord này sẽ chủ động tìm kiếm mục tiêu và tấn công từ xa khi bay. Nó gây sát thương khu vực khi <color=#8c7e51>Landing</color> và chỉ có thể tránh bằng cách <color=#8c7e51>moving to high ground</color>. <color=#8c7e51>Core on its tail</color> là điểm yếu của nó. Attack vào lõi sẽ kéo nó xuống đất.,C?n ti?ng Anh nghi v?n: Attack; Core; ground; high; its; Landing; moving; on; tail; to | S? t?/c?m nghi v?n: 10 | T? l? nghi v?n: 0.588 | M?c ??: 44.88
"Transform into Feilian Beringal to deal {0} Aero DMG and <color=#ffd12f>boost Resonance Liberation DMG</color> for nearby party members by {1}. It also increases Resonance Liberation DMG against Immobilized targets by {2}. Lasts for {3}s. During this time, Feilian Beringal summons a pillar that releases shock waves, each dealing {4} Aero DMG. Resonators hit by a shock wave gain {5} Resonance Energy and {6} Resonance Liberation cooldown reduction. Cooldown: {7}s.","Biến thành Feilian Beringal để gây {0} Aero DMG và <color=#ffd12f>boost Resonance Liberation DMG</color> cho các thành viên trong đội ở gần thêm {1}. Đồng thời tăng Sát Thương Resonance Liberation lên mục tiêu Bất Động thêm {2}. Hiệu ứng kéo dài {3} giây. Trong thời gian này, Feilian Beringal triệu hồi một cột trụ giải phóng sóng xung kích, mỗi đợt gây {4} Aero DMG. Resonators trúng sóng xung kích sẽ nhận được {5} Resonance Energy và giảm {6} Cooldown chiêu Resonance Liberation. Hồi chiêu: {7} giây.",C?n ti?ng Anh nghi v?n: Beringal; boost; Cooldown; Energy; Feilian; Liberation | S? t?/c?m nghi v?n: 10 | T? l? nghi v?n: 0.385 | M?c ??: 44.85
"While in <color=Highlight>Foreclaimed Self</color>, Hiyuki gains 2 charges of <color=Highlight>Resonance Skill</color>. When on the ground, {Cus:Ipt,Touch=tap PC=press Gamepad=press} <color=Highlight>Resonance Skill</color> to cast <color=Highlight>Frostblight: Jade Cleave</color>. When in mid-air, {Cus:Ipt,Touch=tap PC=press Gamepad=press} <color=Highlight>Resonance Skill</color> to cast <color=Highlight>Frostblight: Petalfall</color>.","Khi ở <color=Highlight>Foreclaimed Self</color>, Hiyuki nhận được 2 lượt sử dụng <color=Highlight>Resonance Skill</color>. Khi đứng trên mặt đất, {Cus:Ipt,Touch=tap PC=press Gamepad=press} <color=Highlight>Resonance Skill</color> để thi triển <color=Highlight>Frostblight: Jade Cleave</color>. Khi ở trên không, {Cus:Ipt,Touch=tap PC=press Gamepad=press} <color=Highlight>Resonance Skill</color> để thi triển <color=Highlight>Frostblight: Petalfall</color>.",C?n ti?ng Anh nghi v?n: Cleave; Foreclaimed; Frostblight; Hiyuki; Jade; Petalfall; Self; Skill | S? t?/c?m nghi v?n: 11 | T? l? nghi v?n: 0.579 | M?c ??: 44.79
"<color=#c49e55>[Basic Attack]</color>
- Basic Attack is enhanced.
- Heavy Attack or Basic Attack Stage 3 generates a Wind Howl.","<color=#c49e55>[Basic Attack]</color>
- Basic Attack được tăng cường.
- Heavy Attack hoặc Basic Attack Stage 3 tạo ra Hú Gió.",C?n ti?ng Anh nghi v?n: Attack; Basic; Heavy; Stage | S? t?/c?m nghi v?n: 7 | T? l? nghi v?n: 0.875 | M?c ??: 44.75
"<size=40><color=Title>Basic Attack</color></size>
Deal <color=Fire>Fusion DMG</color>.
<size=10></size>
<size=40><color=Title>Heavy Attack</color></size>
Deal <color=Fire>Fusion DMG</color>.
<size=10></size>
<size=40><color=Title>Mid-air Attack</color></size>
Consume STA to deal <color=Fire>Fusion DMG</color>.
<size=10></size>
<size=40><color=Title>Dodge Counter</color></size>
Deal <color=Fire>Fusion DMG</color>.","<size=40><color=Title>Basic Attack</color></size>
Gây <color=Fire>Fusion DMG</color>.
<size=10></size>
<size=40><color=Title>Heavy Attack</color></size>
Gây <color=Fire>Fusion DMG</color>.
<size=10></size>
<size=40><color=Title>Mid-air Attack</color></size>
Tiêu hao STA để gây <color=Fire>Fusion DMG</color>.
<size=10></size>
<size=40><color=Title>Dodge Counter</color></size>
Gây <color=Fire>Fusion DMG</color>.",C?n ti?ng Anh nghi v?n: air; Attack; Basic; Counter; Dodge; Heavy; Mid | S? t?/c?m nghi v?n: 9 | T? l? nghi v?n: 0.474 | M?c ??: 44.74
"<color=#c49e55>[Resonance Liberation]</color> When in Maestro, Phrolova's ATK is increased by {0}. Stage 1 and Stage 2 of Basic Attack - Hecate deals additional Havoc DMG equal to {1} of Phrolova's ATK. Enhanced Attack - Hecate deals additional Havoc DMG equal to {2} of Phrolova's ATK.","<color=#c49e55>[Resonance Liberation]</color> Khi ở trạng thái Maestro, Attack của Phrolova tăng {0}. Giai đoạn 1 và 2 của Basic Attack - Hecate gây thêm Havoc DMG bằng {1} Attack của Phrolova. Attack Nâng Cao - Hecate gây thêm Havoc DMG bằng {2} Attack của Phrolova.",C?n ti?ng Anh nghi v?n: Attack; Basic; Hecate; Maestro | S? t?/c?m nghi v?n: 9 | T? l? nghi v?n: 0.474 | M?c ??: 44.74
Casting Basic Attack Stage 3 or Resonance Skill enables a follow-up with Enhanced Basic Attack or Enhanced Resonance Skill and gains different types of Forte Gauge.,Sử dụng Basic Attack Stage 3 hoặc Resonance Skill sẽ kích hoạt đòn tiếp nối bằng Basic Attack Nâng Cao hoặc Resonance Skill Nâng Cao và nhận các loại Forte Gauge khác nhau.,C?n ti?ng Anh nghi v?n: Attack; Basic; Gauge; Skill; Stage | S? t?/c?m nghi v?n: 8 | T? l? nghi v?n: 0.571 | M?c ??: 44.71
"When any nearby Resonators in the team cast Echo Skill, Sigrika gains 10 points of <color=Highlight>Soliskin Vitality</color>, up to 60 points. If <color=Highlight>Soliskin Vitality</color> reaches 30 points when casting <color=Highlight>Heavy Attack - Schemata of Runes</color>, consume 30 points of <color=Highlight>Soliskin Vitality</color> to enhance the damage output.","Khi bất kỳ Resonators gần đó trong đội sử dụng Kỹ Năng Echo, Sigrika nhận được 10 điểm <color=Highlight>Soliskin Vitality</color>, tối đa 60 điểm. Nếu <color=Highlight>Soliskin Vitality</color> đạt 30 điểm khi sử dụng <color=Highlight>Heavy Attack - Schemata of Runes</color>, tiêu hao 30 điểm <color=Highlight>Soliskin Vitality</color> để tăng sát thương.",C?n ti?ng Anh nghi v?n: Attack; Heavy; of; Runes; Schemata; Sigrika; Soliskin; Vitality | S? t?/c?m nghi v?n: 12 | T? l? nghi v?n: 0.667 | M?c ??: 44.67
"<size=40><color=Title>Basic Attack</color></size>
Deal <color=Fire>Fusion DMG</color>.
<size=10></size>
<size=40><color=Title>Heavy Attack</color></size>
Deal <color=Fire>Fusion DMG</color>. Hold <color=Highlight>Normal Attack</color> to charge the attack, dealing increased <color=Fire>Fusion DMG</color>.
This Skill DMG is considered <color=Highlight>Resonance Liberation DMG</color>.","<size=40><color=Title>Basic Attack</color></size>
Gây <color=Fire>Fusion DMG</color>.
<size=10></size>
<size=40><color=Title>Heavy Attack</color></size>
Gây <color=Fire>Fusion DMG</color>. Giữ <color=Highlight>Normal Attack</color> để tích năng lượng, tăng <color=Fire>Fusion DMG</color>.
Sát thương của kỹ năng này được tính là <color=Highlight>Resonance Liberation DMG</color>.",C?n ti?ng Anh nghi v?n: Attack; Basic; Heavy; Liberation; Normal | S? t?/c?m nghi v?n: 7 | T? l? nghi v?n: 0.467 | M?c ??: 44.67
"This enemy has a <color=HighlightB>higher RES</color> to <color=Thunder>Electro DMG</color>.

The Spacetrek Explorer has sturdy armor and exceptional mobility. It is equipped with an electromagnetic gun and has a shield generator that can extend protection to allies.

Hitting Spacetrek Explorer with Tune Break disables its shield generator, removing its active Shield and preventing new ones from generating.

In the face of the vast unknown lands in Lahai-Roi, the Spacetrek Collective developed the multi-purpose Spacetrek Explorer to serve in transport, storage, and defense roles. Its wheeled legs and heavy-duty tires allow it to race along vertical surfaces, making it suitable for both urban and off-road terrain. The onboard storage compartments are designed to support long-term scientific expeditions.","Kẻ địch này có <color=HighlightB>higher RES</color> <color=Thunder>Electro DMG</color>.

Spacetrek Explorer sở hữu giáp trụ vững chắc cùng khả năng cơ động vượt trội. Nó được trang bị súng điện từ và máy phát khiên có thể mở rộng bảo vệ cho đồng minh.

Tấn công Spacetrek Explorer bằng Tune Break sẽ vô hiệu hóa máy phát khiên, loại bỏ khiên hiện tại và ngăn không cho khiên mới xuất hiện.

Trước những vùng đất bí ẩn rộng lớn ở Lahai-Roi, Spacetrek Collective đã phát triển Spacetrek Explorer đa năng để phục vụ vận tải, lưu trữ và phòng thủ. Chân bánh xe và lốp chịu lực giúp nó di chuyển linh hoạt trên cả bề mặt thẳng đứng, phù hợp cho cả địa hình đô thị lẫn hoang dã. Các khoang chứa trên bo mạch được thiết kế để hỗ trợ các chuyến thám hiểm khoa học dài hạn.",C?n ti?ng Anh nghi v?n: Break; Collective; Explorer; higher; Lahai; RES; Spacetrek; Tune | S? t?/c?m nghi v?n: 13 | T? l? nghi v?n: 0.464 | M?c ??: 44.64
"This enemy has a <color=HighlightB>higher RES</color> to <color=Ice>Glacio DMG</color>.

A humanoid Tacet Discord born from the abyssal sea that assumes the semblance of an aristocrat, a fully differentiated form of Primordia Bloom.
 
In its earliest state, the Abyssal Patricius was no different from a Primordia Bloom, a creature capable of consuming others' frequencies to mimic their forms and seamlessly blend with its prey's kind.
 
Perhaps it originated from an unfortunate noble who tried to return to Thorncrown Rises, only to become sustenance for countless nematocysts.
 
""Behold, only the fall of a noble can birth another,"" the Fisalias would say.","Kẻ địch này có <color=HighlightB>higher RES</color> với <color=Ice>Glacio DMG</color>.

Một Discord hình người sinh ra từ vực thẳm biển cả, mang dáng dấp của một quý tộc, là hình thái hoàn thiện của Primordia Bloom.

Ban đầu, Abyssal Patricius chẳng khác gì một Primordia Bloom, sinh vật có thể hấp thụ tần số của kẻ khác để bắt chước hình hài và hòa nhập hoàn hảo với đồng loại của con mồi.

Có lẽ hắn từng là một quý tộc bất hạnh cố trở về Thorncrown Rises, chỉ để trở thành thức ăn cho vô số tế bào gai.

""Hãy nhìn xem, chỉ có sự sa ngã của một quý tộc mới sinh ra kẻ khác,"" đám Fisalias từng nói như vậy.",C?n ti?ng Anh nghi v?n: Abyssal; Bloom; Discord; Fisalias; higher; Patricius; Primordia; RES; Rises; Thorncrown | S? t?/c?m nghi v?n: 12 | T? l? nghi v?n: 0.462 | M?c ??: 44.62
"The incoming Resonator gains Havoc DMG Amplification and Heavy Attack DMG Amplification. This effect ends early if they are switched out.
If Phrolova is in the <color=Highlight>Enhanced State</color> when she casts this skill, Hecate casts additional <color=Highlight>Enhanced Attacks - Hecate</color>.","Resonator tiếp theo nhận Havoc DMG Bonus và Tăng Sát Thương Heavy Attack. Hiệu ứng này sẽ kết thúc sớm nếu họ bị thay ra.
Nếu Phrolova đang ở <color=Highlight>Enhanced State</color> khi sử dụng kỹ năng này, Hecate sẽ tung thêm <color=Highlight>Enhanced Attacks - Hecate</color>.",C?n ti?ng Anh nghi v?n: Attack; Attacks; Bonus; Enhanced; Heavy; Hecate; Phrolova; State | S? t?/c?m nghi v?n: 10 | T? l? nghi v?n: 0.556 | M?c ??: 44.56
"[Retrieved from the <te href=851071>Spacetrek Collective</te> Archive: <te href=851069>Startorch Academy</te> - Student Records]
[Resonance Ability Assessment Report RA2362-G]

Student Name: Aemeath
Synchronist Qualification: Affirmative
Forte Overview: Tests reveal a <te href=850067>Rabelle's Curve</te> with a steady upward trend, converging into a stable oscillatory state. Based on current parameters, the subject is classified as a <te href=850070>Natural Resonator</te>. Her <te href=850072>Tacet Mark</te> is located in the thoracic region.

According to pre-admission personal records and the subject's own account, the individual ▇▇▂▇▋▌▏▉█... Okay, so this report doesn't hold much reference value anymore. It's totally outdated. It's talking about me when I still had a body. Let me set the record straight. At present, I'm already the Exostrider's Synchronist. My Tacet Mark has changed, compared to before. Now it isn't the most... stable. As for my abilities, I can manifest an Exostrider Armament and synchronize with it directly. Translation—Yes, I get to transform! And because I like fighting efficiently, I programmed a custom autopilot feature for the unit. Current simulation results are looking good. Lets me paint the whole battlefield with lightshow-level laser coverage. Oh, and the digital ghost thing lets me slip into any data system. Not sure if that's really part of my Forte or just a perk of my unique Resonance condition... ▇▉▇▇▂▇

<i>""That's odd... why is this student's file corrupted? It's nothing but data errors.""</i>
<i>""The missing Synchronist? I see... Report it to President Lucilla.""</i>","[Trích từ Archive <te href=851071>Spacetrek Collective</te>: Hồ Sơ Học Sinh - <te href=851069>Startorch Academy</te>]
[Báo Cáo Đánh Giá Năng Lực Resonance RA2362-G]

Name Học Sinh: Aemeath
Trình Độ Đồng Bộ Hóa: Đạt
Tổng Quan Năng Lực: Kiểm tra cho thấy <te href=850067>Rabelle's Curve</te> có xu hướng tăng ổn định, hội tụ thành trạng thái dao động ổn định. Dựa trên các thông số hiện tại, đối tượng được phân loại là <te href=850070>Natural Resonator</te>. <te href=850072>Tacet Mark</te> của cô nằm ở vùng ngực.

Theo hồ sơ cá nhân trước khi nhập học và lời khai của đối tượng, cá nhân ▇▇▂▇▋▌▏▉█... Được rồi, báo cáo này chẳng còn giá trị tham khảo nữa. Nó đã quá cũ. Nó nói về tôi khi tôi còn có thân xác. Để tôi chỉnh lại cho đúng. Current, tôi đã là Đồng Bộ Hóa Viên của Exostrider. Tacet Mark của tôi đã thay đổi so với trước. Giờ nó không còn... ổn định nhất nữa. Còn về khả năng của tôi, tôi có thể triệu hồi Vũ Khí Exostrider và đồng bộ trực tiếp với nó. Tạm dịch—Phải, tôi có thể biến hình! Và vì tôi thích chiến đấu hiệu quả, tôi đã lập trình chế độ lái tự động tùy chỉnh cho cỗ máy. Kết quả mô phỏng hiện tại khá khả quan. Cho phép tôi phủ kín chiến trường bằng màn trình diễn ánh sáng laser. À, và cái vụ hồn ma kỹ thuật số cho phép tôi xâm nhập vào bất kỳ hệ thống dữ liệu nào. Không chắc đó có thực sự là một phần trong Năng Lực của tôi hay chỉ là đặc quyền từ tình trạng Resonance độc đáo của tôi... ▇▉▇▇▂▇

<i>""Kỳ lạ... tại sao hồ sơ học sinh này lại bị hỏng? Toàn là lỗi dữ liệu.""</i>
<i>""Đồng Bộ Hóa Viên mất tích? Tôi hiểu rồi... Report lại với Hiệu Trưởng Lucilla.""</i>",C?n ti?ng Anh nghi v?n: Aemeath; Current; Curve; Exostrider; laser; Lucilla; Mark; Name; Natural; Rabelle's; Report; so | S? t?/c?m nghi v?n: 14 | T? l? nghi v?n: 0.35 | M?c ??: 44.5
"After Jinhsi uses Basic Attack Stage 4 or Intro Skill, an alternative Resonance Skill <color=Highlight>Overflowing Radiance</color> is available within 5s.
Resonance Skill <color=Highlight>Overflowing Radiance</color> inflicts <color=Light>Spectro DMG</color> and sends Jinhsi into <color=Highlight>Incarnation</color>.
Can be cast in mid-air.","Sau khi Jinhsi sử dụng Basic Attack Stage 4 hoặc Kỹ Năng Giới Thiệu, kỹ năng Resonance <color=Highlight>Overflowing Radiance</color> sẽ khả dụng trong 5 giây.
Resonance Skill <color=Highlight>Overflowing Radiance</color> gây <color=Light>Spectro DMG</color> và đưa Jinhsi vào trạng thái <color=Highlight>Incarnation</color>.
Có thể sử dụng khi đang bay.",C?n ti?ng Anh nghi v?n: Attack; Basic; Incarnation; Jinhsi; Overflowing; Radiance; Skill; Stage | S? t?/c?m nghi v?n: 11 | T? l? nghi v?n: 0.55 | M?c ??: 44.5
"Under the Forte Circuit <color=Highlight><te href=850058>Striding Lion</te></color> state, within {0}s after each <color=Highlight>Basic Attack</color>, the next Forte Circuit <color=Highlight>Mountain Roamer</color> will deal an additional <color=Ice>Glacio DMG</color>, equal to {1} of <color=Highlight>Mountain Roamer</color> DMG, considered as Resonance Skill DMG.","Trong trạng thái Forte Circuit <color=Highlight><te href=850058>Striding Lion</te></color>, trong vòng {0} giây sau mỗi <color=Highlight>Basic Attack</color>, Forte Circuit <color=Highlight>Mountain Roamer</color> tiếp theo sẽ gây thêm <color=Ice>Glacio DMG</color>, bằng {1} sát thương của <color=Highlight>Mountain Roamer</color>, được tính là Sát Thương Resonance Skill.",C?n ti?ng Anh nghi v?n: Attack; Basic; Circuit; Lion; Mountain; Roamer; Skill; Striding | S? t?/c?m nghi v?n: 11 | T? l? nghi v?n: 0.55 | M?c ??: 44.5
"In the Forte Circuit <color=Highlight>Striding Lion</color> state, within {0}s after each <color=Highlight>Basic Attack</color>, the next Forte Circuit <color=Highlight>Mountain Roamer</color> will deal additional <color=Ice>Glacio DMG</color> equal to {1} of <color=Highlight>Mountain Roamer</color> DMG once, considered Resonance Skill DMG.","Trong trạng thái Forte Circuit <color=Highlight>Striding Lion</color>, trong vòng {0} giây sau mỗi <color=Highlight>Basic Attack</color>, đòn Forte Circuit <color=Highlight>Mountain Roamer</color> tiếp theo sẽ gây thêm <color=Ice>Glacio DMG</color> bằng {1} sát thương của <color=Highlight>Mountain Roamer</color> một lần, được tính là Sát Thương Resonance Skill.",C?n ti?ng Anh nghi v?n: Attack; Basic; Circuit; Lion; Mountain; Roamer; Skill; Striding | S? t?/c?m nghi v?n: 11 | T? l? nghi v?n: 0.55 | M?c ??: 44.5
"<color=yellow>Character Team-up Tutorial (Example): </color>

Accumulate elemental damage through Yangyang's Resonance Skill, trigger the Intro Skill, Yangyang will deal high damage.","<color=yellow>Character Đội-up Tutorial (Example):</color>

Tích lũy sát thương nguyên tố thông qua Resonance Skill của Yangyang, kích hoạt Intro Skill, Yangyang sẽ gây sát thương cao.",C?n ti?ng Anh nghi v?n: Character; Example; Intro; Skill; Tutorial; up; Yangyang | S? t?/c?m nghi v?n: 9 | T? l? nghi v?n: 0.75 | M?c ??: 44.5
"This enemy has a <color=HighlightB>higher RES</color> to <color=Thunder>Electro DMG</color>.

In the exam zone, defeated enemies explode, dealing damage equal to 100% of their ATK.

A powerful raptor-like Exoswarm, mimicking an ancient predator known as Kronaclaw.
In the distant past, these raptors once circled the skies of Lahai-Roi, their dominion unchallenged since the First Epoch.
Legend holds that the Kronaclaw was a creation of Sol, sharing the divine sight of the Eye of Sol and beholding all that lay above and below Lahai-Roi.
But as magnetic poles shifted and the landscape was reshaped, the Kronaclaw species had faded into near extinction. Their place was eventually taken by Kronablight, an Exoswarm born of the Exostrider.","Kẻ địch này có <color=HighlightB>higher RES</color> với <color=Thunder>Electro DMG</color>.

Trong khu vực thi, kẻ địch bị tiêu diệt sẽ phát nổ, gây sát thương bằng 100% Tấn Công của chúng.

Một Exoswarm mạnh mẽ giống loài mãnh thú săn mồi cổ đại, Kronaclaw.
Xưa kia, những con mãnh thú này từng thống trị bầu trời Lahai-Roi, vương quyền bất khả xâm phạm kể từ Kỷ Nguyên Đầu Tiên.
Truyền thuyết kể rằng Kronaclaw là tạo vật của Sol, chia sẻ thị lực thần thánh từ Con Mắt Sol, nhìn thấu vạn vật trên và dưới Lahai-Roi.
Nhưng khi cực từ thay đổi và địa hình biến đổi, loài Kronaclaw dần lụi tàn, gần như tuyệt chủng. Vị trí của chúng cuối cùng bị thay thế bởi Kronablight, một Exoswarm sinh ra từ Exostrider.",C?n ti?ng Anh nghi v?n: Exostrider; Exoswarm; higher; Kronablight; Kronaclaw; Lahai; RES; Sol | S? t?/c?m nghi v?n: 13 | T? l? nghi v?n: 0.448 | M?c ??: 44.48
Feilian Beringal summons <color=#b72924ff>1</color> <color=#b72924ff>Healing Stump</color> on the field the first time <color=#b72924ff>its HP drops below 95%/75%/55%/30%</color>. The Healing Stump restores other nearby enemies' HP by <color=#b72924ff>5% of their Max HP</color> every <color=#b72924ff>15s</color>.,Feilian Beringal triệu hồi <color=#b72924ff>1</color> <color=#b72924ff>Healing Stump</color> trên chiến trường lần đầu <color=#b72924ff>its HP drops below 95%/75%/55%/30%</color>. Gốc Cây Healing phục hồi HP cho kẻ địch xung quanh <color=#b72924ff>5% of their Max HP</color> mỗi <color=#b72924ff>15s</color>.,C?n ti?ng Anh nghi v?n: below; Beringal; drops; Feilian; Healing; its; Max; of; Stump; their | S? t?/c?m nghi v?n: 11 | T? l? nghi v?n: 0.647 | M?c ??: 44.47
"Elite Class enemies deal DMG equal to 2% of the target's Max HP to nearby targets every second. This effect is not stackable.

Revival Time: 10s (Solo & Co-op)

Shared Revive Chances: 9
<color=#aa9b6a>Trial Resonators will be available in Solo mode.</color>","Kẻ địch Cấp Elite gây sát thương mỗi giây bằng 2% HP tối đa của mục tiêu lên các mục tiêu lân cận. Hiệu ứng này không thể chồng chất.

Cooldown sinh: 10 giây (Chơi đơn & Đồng đội)

Lượt hồi sinh chung: 9
<color=#aa9b6a>Trial Resonators will be available in Solo mode.</color>",C?n ti?ng Anh nghi v?n: available; be; Cooldown; Elite; in; mode; Solo; Trial; will | S? t?/c?m nghi v?n: 9 | T? l? nghi v?n: 0.643 | M?c ??: 44.43
"At sixteen, Mornye received an admission letter from <te href=851069>Startorch Academy</te>.
 
Her Forte had awakened even earlier, on an otherwise ordinary afternoon, when she realized she no longer needed to push the heavy wheels of her chair by hand. There was nothing particularly thrilling about it, for she had already understood the mechanics perfectly. Making them turn in her mind or in reality made little difference. Her immobilized body was still trapped atop that cumbersome metal frame.
 
That night, as she moved herself to bed, she caught sight of the faintly glowing Tacet Mark on her thigh. It felt like a dark joke designed just for her.
 
But the admission letter was different.
 
Startorch Academy was widely known as the premier institution for nurturing talent across <te href=850079>Solaris</te>, and its parent organization, the <te href=851071>Spacetrek Collective</te>, represented the cutting edge of human technology. That finely printed sheet seemed to tear a crack in Mornye's narrow world, proof that even someone who could not move, even someone with a Forte she herself considered useless, could still be considered ""worthy.""
 
Could someone like her truly be one of the morning stars meant to light humanity's future?
 
She quickly completed the Preparatory Program, and her Forte was deemed most suited for the Department of Exostrider Engineering. She became the genius whispered about in the halls, the favored apprentice of her mentors, the youngest teaching assistant in the department. Yet it was never enough. She spent countless nights immersed in reports and experiments, often throwing herself into dangerous tasks that pushed her Forte to the edge of Overclocking. One night, light-headed from missing a Nutri-Pack, she wondered—if, just if—her body could one day become a cornerstone of the scientific halls she dreamed of. If so, it would be a satisfying conclusion.
 
""It's midnight now. Aren't you going to rest?""
 
She looked up and met a pair of golden eyes.
 
She remembered this person. The initiator of her current project, her senior and mentor at Startorch Academy. She had always been drawn to those gold eyes, carrying a vast loneliness that Mornye had yet to understand. They regarded everyone with the same impartial calm, with no trace of the pity she was so accustomed to.
 
""If you don't rest,"" that person said, voice even and steady, ""you'll miss the stars.""","Năm mười sáu tuổi, Mornye nhận được thư nhập học từ <te href=851069>Startorch Academy</te>.
 
Khả năng Forte của cô đã thức tỉnh từ trước đó, vào một buổi chiều bình thường như bao ngày khác, khi cô nhận ra mình không còn cần phải tự đẩy những bánh xe nặng nề của chiếc xe lăn nữa. Điều đó chẳng có gì đặc biệt đáng mừng, bởi cô đã hiểu rõ nguyên lý vận hành từ lâu. Dù là xoay chuyển chúng trong đầu hay ngoài đời, cũng chẳng khác nhau là mấy. Cơ thể bất động của cô vẫn bị giam cầm trên chiếc khung kim loại nặng nề ấy.
 
Đêm hôm đó, khi tự di chuyển lên giường, cô chợt thấy vết Echo phát sáng lờ mờ trên đùi mình. Nó như một trò đùa ác ý dành riêng cho cô.
 
Nhưng lá thư nhập học thì khác.
 
Startorch Academy nổi tiếng là ngôi trường hàng đầu đào tạo nhân tài trên khắp <te href=850079>Solaris</te>, và tổ chức chủ quản của nó, <te href=851071>Spacetrek Collective</te>, đại diện cho đỉnh cao công nghệ nhân loại. Tấm giấy in tinh xảo ấy như xé toang một vết nứt trong thế giới chật hẹp của Mornye, chứng minh rằng ngay cả một người không thể cử động, ngay cả người sở hữu một khả năng Forte mà chính cô cũng cho là vô dụng, vẫn có thể được coi là ""xứng đáng"".
 
Liệu một người như cô có thực sự là một trong những vì sao mai, được sinh ra để thắp sáng tương lai nhân loại?
 
Cô nhanh chóng hoàn thành Chương trình Dự bị, và khả năng Forte của cô được đánh giá phù hợp nhất với Khoa Kỹ thuật Exostrider. Cô trở thành thiên tài được thì thầm trong các hành lang, học trò cưng của các thầy cô, trợ giảng trẻ nhất khoa. Nhưng tất cả vẫn chưa bao giờ là đủ. Cô dành vô số đêm chìm đắm trong báo cáo và thí nghiệm, thường xuyên lao vào những nhiệm vụ nguy hiểm đẩy khả năng Forte của mình đến giới hạn Overclocking. Một đêm nọ, đầu óc choáng váng vì bỏ bữa Nutri-Pack, cô chợt tự hỏi—nếu, chỉ là nếu—cơ thể cô một ngày nào đó có thể trở thành nền tảng của những đại sảnh khoa học mà cô hằng mơ ước. Nếu thế, đó sẽ là một kết thúc thỏa mãn.
 
""Đã nửa đêm rồi. Cô không nghỉ ngơi à?""
 
Cô ngẩng đầu lên và bắt gặp đôi mắt vàng.
 
Cô nhớ người này. Người khởi xướng dự án hiện tại của cô, tiền bối và người hướng dẫn tại Startorch Academy. Cô luôn bị thu hút bởi đôi mắt vàng ấy, mang theo một nỗi cô đơn mênh mông mà Mornye chưa thể hiểu hết. Chúng nhìn mọi người với sự bình thản vô tư, không hề có chút thương hại mà cô vẫn thường gặp.
 
""Nếu cô không nghỉ ngơi,"" người đó nói, giọng đều đặn và điềm tĩnh, ""cô sẽ bỏ lỡ những vì sao.""",C?n ti?ng Anh nghi v?n: Academy; Collective; Exostrider; in; Mornye; Nutri; Overclocking; Pack; Spacetrek; Startorch | S? t?/c?m nghi v?n: 16 | T? l? nghi v?n: 0.239 | M?c ??: 44.39
"Increases ATK by {0}. Performing Intro Skill or Resonance Liberation increases Resonance Liberation DMG by {1} for {2}s. Dealing Heavy Attack DMG extends this effect by {3}s, up to {4} time. Each successful extension gives {5} Fusion DMG Bonus to all Resonators in the team for {6}s. Effects of the same name cannot be stacked.","Tăng Attack thêm {0}. Sử dụng Intro Skill hoặc Resonance Liberation sẽ tăng {1} Sát Thương Resonance Liberation trong {2} giây. Gây Sát Thương Heavy Attack sẽ kéo dài hiệu ứng thêm {3} giây, tối đa {4} lần. Mỗi lần kéo dài thành công sẽ tăng {5} Fusion DMG cho toàn bộ Resonators trong đội trong {6} giây. Các hiệu ứng cùng tên không thể chồng chất.",C?n ti?ng Anh nghi v?n: Attack; Heavy; Intro; Liberation; Skill | S? t?/c?m nghi v?n: 7 | T? l? nghi v?n: 0.438 | M?c ??: 44.38
"<color=#c49e55>[Basic Attack]</color>
- Dealing DMG with Basic Attack restores {0} Resonance Energy. This effect can be triggered once per second.
- Casting Resonance Liberation deals one additional strike of Fusion DMG equal to {1} of Encore's ATK, which is considered Basic Attack DMG.","<color=#c49e55>[Basic Attack]</color>
- Gây sát thương bằng Basic Attack sẽ hồi phục {0} Resonance Energy. Hiệu ứng này chỉ kích hoạt một lần mỗi giây.
- Kích hoạt Resonance Liberation sẽ tung thêm một đòn Fusion DMG bằng {1} Sát Thương Attack của Encore, được tính là sát thương Basic Attack.",C?n ti?ng Anh nghi v?n: Attack; Basic; Energy; Liberation | S? t?/c?m nghi v?n: 7 | T? l? nghi v?n: 0.538 | M?c ??: 44.38
"Increases the amount of Resonance Energy gained when using Normal Attack, Resonance Skill, Forte Circuit, and Intro Skill.","Tăng lượng Resonance Energy nhận được khi sử dụng Normal Attack, Resonance Skill, Forte Circuit và Intro Skill.",C?n ti?ng Anh nghi v?n: Attack; Circuit; Energy; Intro; Normal; Skill | S? t?/c?m nghi v?n: 7 | T? l? nghi v?n: 0.636 | M?c ??: 44.36
Galbrena: <color=#d4bf5f>Resonance Skill - Encroach</color> and <color=#d4bf5f>Mid-air Attack - Ashfall Barrage</color> Plunging Attack Combo Tutorial,Galbrena: <color=#d4bf5f>Resonance Skill - Encroach</color> và <color=#d4bf5f>Mid-air Attack - Ashfall Barrage</color> Combo Tutorial Đòn Lao Xuống,C?n ti?ng Anh nghi v?n: air; Ashfall; Attack; Barrage; Combo; Encroach; Galbrena; Mid; Skill; Tutorial | S? t?/c?m nghi v?n: 10 | T? l? nghi v?n: 0.833 | M?c ??: 44.33
"Reaching 300 points of <color=Highlight>Dedication</color> unlocks <color=Highlight>Heavy Attack - Frost Splinter: Present Self</color>, dealing <color=Ice>Glacio DMG</color> and unlocking <color=Highlight>Foreclaiming: Inward Vision</color>.","Đạt 300 điểm <color=Highlight>Dedication</color> sẽ mở khóa <color=Highlight>Heavy Attack - Frost Splinter: Present Self</color>, gây <color=Ice>Glacio DMG</color> và mở khóa <color=Highlight>Foreclaiming: Inward Vision</color>.",C?n ti?ng Anh nghi v?n: Attack; Dedication; Foreclaiming; Frost; Heavy; Inward; Present; Self; Splinter; Vision | S? t?/c?m nghi v?n: 10 | T? l? nghi v?n: 0.833 | M?c ??: 44.33
"Consume STA to perform a Heavy Attack on the target, dealing <color=Ice>Glacio DMG</color>. <color=Highlight>Heavy Attack</color> does not reset the Basic Attack cycle. It restores Afflatus.","Tiêu hao STA để tung ra Heavy Attack vào mục tiêu, gây <color=Ice>Glacio DMG</color>. <color=Highlight>Heavy Attack</color> không làm reset chu kỳ Basic Attack. Nó phục hồi Afflatus.",C?n ti?ng Anh nghi v?n: Afflatus; Attack; Basic; Heavy; reset | S? t?/c?m nghi v?n: 8 | T? l? nghi v?n: 0.533 | M?c ??: 44.33
"This enemy is powerful. Attacking the enemy while it's Immobilized deals additional Electro DMG. <color=Highlight>Successful Dodges</color>, <color=Highlight>Counterattacks</color>, <color=Highlight>Intro Skill</color>, and <color=Highlight>Resonance Liberation</color> <color=Highlight>extend</color> the challenge time, while <color=ThreatHigh>taking damage</color> reduces the challenge time.","Kẻ địch này rất mạnh. Tấn công khi nó bị Hóa Đá sẽ gây thêm Electro DMG. <color=Highlight>Successful Dodges</color>, <color=Highlight>Counterattacks</color>, <color=Highlight>Intro Skill</color> và <color=Highlight>Resonance Liberation</color> sẽ <color=Highlight>extend</color> thời gian thử thách, trong khi <color=ThreatHigh>taking damage</color> sẽ rút ngắn thời gian.",C?n ti?ng Anh nghi v?n: Counterattacks; damage; Dodges; extend; Intro; Liberation; Skill; Successful; taking | S? t?/c?m nghi v?n: 9 | T? l? nghi v?n: 0.529 | M?c ??: 44.29
"This enemy is extremely powerful. Attacking the enemy while it's Immobilized deals additional Electro DMG. <color=Highlight>Successful Dodges</color>, <color=Highlight>Counterattacks</color>, <color=Highlight>Intro Skill</color>, and <color=Highlight>Resonance Liberation</color> <color=Highlight>extend</color> the challenge time, while <color=ThreatHigh>taking damage</color> reduces the challenge time.","Kẻ địch này cực kỳ mạnh. Tấn công khi nó bị Hóa Đá sẽ gây thêm Electro DMG. <color=Highlight>Successful Dodges</color>, <color=Highlight>Counterattacks</color>, <color=Highlight>Intro Skill</color> và <color=Highlight>Resonance Liberation</color> sẽ <color=Highlight>extend</color> thời gian thử thách, trong khi <color=ThreatHigh>taking damage</color> sẽ rút ngắn thời gian.",C?n ti?ng Anh nghi v?n: Counterattacks; damage; Dodges; extend; Intro; Liberation; Skill; Successful; taking | S? t?/c?m nghi v?n: 9 | T? l? nghi v?n: 0.529 | M?c ??: 44.29
"This enemy is extremely powerful. Attacking the enemy while it's Immobilized deals additional Electro DMG. <color=Highlight>Successful Dodges</color>, <color=Highlight>Counterattacks</color>, <color=Highlight>Intro Skill</color>, and <color=Highlight>Resonance Liberation</color> <color=Highlight>extend</color> the challenge time, while <color=ThreatHigh>taking damage</color> reduces the challenge time.","Kẻ địch này cực kỳ mạnh. Tấn công khi nó bị Hóa Đá sẽ gây thêm Electro DMG. <color=Highlight>Successful Dodges</color>, <color=Highlight>Counterattacks</color>, <color=Highlight>Intro Skill</color> và <color=Highlight>Resonance Liberation</color> sẽ <color=Highlight>extend</color> thời gian thử thách, trong khi <color=ThreatHigh>taking damage</color> sẽ rút ngắn thời gian.",C?n ti?ng Anh nghi v?n: Counterattacks; damage; Dodges; extend; Intro; Liberation; Skill; Successful; taking | S? t?/c?m nghi v?n: 9 | T? l? nghi v?n: 0.529 | M?c ??: 44.29
"Dodge Counter Mark increases the active Resonator's DMG by an additional <color=#c89a45>1200%</color> and grants immunity to interruption for 6s. Hitting a target with Dodge Counter additionally recovers all team members' Concerto Energy by <color=#c89a45>50</color> and Resonance Energy by <color=#c89a45>50%</color>, while also reducing Resonance Skill cooldown and Resonance Liberation cooldown by <color=#c89a45>50%</color>.","Dấu Dodge Counter làm tăng DMG của Resonator đang kích hoạt thêm <color=#c89a45>1200%</color> và cấp khả năng miễn nhiễm gián đoạn trong 6 giây. Đánh trúng mục tiêu bằng Dodge Counter còn phục hồi Concerto Energy của tất cả thành viên trong đội thêm <color=#c89a45>50</color> và Resonance Energy thêm <color=#c89a45>50%</color>, đồng thời giảm Cooldown của Resonance Skill và Resonance Liberation xuống <color=#c89a45>50%</color>.",C?n ti?ng Anh nghi v?n: Cooldown; Counter; Dodge; Energy; Liberation; Skill | S? t?/c?m nghi v?n: 9 | T? l? nghi v?n: 0.529 | M?c ??: 44.29
"When the <color=Highlight>Supernal Stellarealm</color> exists, Shorekeeper can cast Intro Skill <color=Highlight>Discernment</color> to end the current Stellarealm, restore HP for all party members, and deal <color=Light>Spectro DMG</color> to the targets. This attack is guaranteed to be a Critical Hit dealing Resonance Liberation DMG.","Khi <color=Highlight>Supernal Stellarealm</color> tồn tại, Shorekeeper có thể dùng Intro Skill <color=Highlight>Discernment</color> để kết thúc Tinh Vực hiện tại, phục hồi HP cho tất cả thành viên trong đội và gây <color=Light>Spectro DMG</color> lên mục tiêu. Đòn tấn công này chắc chắn là một đòn Critical Hit gây Sát Thương Resonance Liberation.",C?n ti?ng Anh nghi v?n: Critical; Discernment; Hit; Intro; Liberation; Shorekeeper; Skill; Stellarealm; Supernal | S? t?/c?m nghi v?n: 9 | T? l? nghi v?n: 0.529 | M?c ??: 44.29
"<size=40><color=Title>Basic Attack</color></size>
Deal <color=Ice>Glacio DMG</color>.
<size=10></size>
<size=40><color=Title>Heavy Attack</color></size>
Continuously consume STA to deal <color=Ice>Glacio DMG</color>.
<size=10></size>
<size=40><color=Title>Mid-air Attack</color></size>
Consume STA to deal <color=Ice>Glacio DMG</color>.
<size=10></size>
<size=40><color=Title>Dodge Counter</color></size>
Deal <color=Ice>Glacio DMG</color>.","<size=40><color=Title>Basic Attack</color></size>
Gây <color=Ice>Glacio DMG</color>.
<size=10></size>
<size=40><color=Title>Heavy Attack</color></size>
Liên tục tiêu hao STA để gây <color=Ice>Glacio DMG</color>.
<size=10></size>
<size=40><color=Title>Mid-air Attack</color></size>
Tiêu hao STA để gây <color=Ice>Glacio DMG</color>.
<size=10></size>
<size=40><color=Title>Dodge Counter</color></size>
Gây <color=Ice>Glacio DMG</color>.",C?n ti?ng Anh nghi v?n: air; Attack; Basic; Counter; Dodge; Heavy; Mid | S? t?/c?m nghi v?n: 9 | T? l? nghi v?n: 0.429 | M?c ??: 44.29
"<size=40><color=Title>Basic Attack</color></size>
Deal <color=Ice>Glacio DMG</color>.
<size=10></size>
<size=40><color=Title>Heavy Attack</color></size>
Consume STA to deal <color=Ice>Glacio DMG</color>.
<size=10></size>
<size=40><color=Title>Mid-air Attack</color></size>
Consume STA to deal <color=Ice>Glacio DMG</color>.
<size=10></size>
<size=40><color=Title>Dodge Counter</color></size>
Deal <color=Ice>Glacio DMG</color>.","<size=40><color=Title>Basic Attack</color></size>
Gây <color=Ice>Glacio DMG</color>.
<size=10></size>
<size=40><color=Title>Heavy Attack</color></size>
Tiêu hao STA để gây <color=Ice>Glacio DMG</color>.
<size=10></size>
<size=40><color=Title>Mid-air Attack</color></size>
Tiêu hao STA để gây <color=Ice>Glacio DMG</color>.
<size=10></size>
<size=40><color=Title>Dodge Counter</color></size>
Gây <color=Ice>Glacio DMG</color>.",C?n ti?ng Anh nghi v?n: air; Attack; Basic; Counter; Dodge; Heavy; Mid | S? t?/c?m nghi v?n: 9 | T? l? nghi v?n: 0.429 | M?c ??: 44.29
"<size=40><color=Title>Basic Attack</color></size>
Deal <color=Thunder>Electro DMG</color>.
<size=10></size>
<size=40><color=Title>Heavy Attack</color></size>
Consume STA to deal <color=Thunder>Electro DMG</color>.
<size=10></size>
<size=40><color=Title>Mid-air Attack</color></size>
Consume STA to deal <color=Thunder>Electro DMG</color>.
<size=10></size>
<size=40><color=Title>Dodge Counter</color></size>
Deal <color=Thunder>Electro DMG</color>.","<size=40><color=Title>Basic Attack</color></size>
Gây <color=Thunder>Electro DMG</color>.
<size=10></size>
<size=40><color=Title>Heavy Attack</color></size>
Tiêu hao STA để gây <color=Thunder>Electro DMG</color>.
<size=10></size>
<size=40><color=Title>Mid-air Attack</color></size>
Tiêu hao STA để gây <color=Thunder>Electro DMG</color>.
<size=10></size>
<size=40><color=Title>Dodge Counter</color></size>
Gây <color=Thunder>Electro DMG</color>.",C?n ti?ng Anh nghi v?n: air; Attack; Basic; Counter; Dodge; Heavy; Mid | S? t?/c?m nghi v?n: 9 | T? l? nghi v?n: 0.429 | M?c ??: 44.29
"<size=40><color=Title>Basic Attack</color></size>
Deal <color=Thunder>Electro DMG</color>.
<size=10></size>
<size=40><color=Title>Heavy Attack</color></size>
Consume STA to deal <color=Thunder>Electro DMG</color>.
<size=10></size>
<size=40><color=Title>Mid-air Attack</color></size>
Consume STA to deal <color=Thunder>Electro DMG</color>.
<size=10></size>
<size=40><color=Title>Dodge Counter</color></size>
Deal <color=Thunder>Electro DMG</color>.","<size=40><color=Title>Basic Attack</color></size>
Gây <color=Thunder>Electro DMG</color>.
<size=10></size>
<size=40><color=Title>Heavy Attack</color></size>
Tiêu hao STA để gây <color=Thunder>Electro DMG</color>.
<size=10></size>
<size=40><color=Title>Mid-air Attack</color></size>
Tiêu hao STA để gây <color=Thunder>Electro DMG</color>.
<size=10></size>
<size=40><color=Title>Dodge Counter</color></size>
Gây <color=Thunder>Electro DMG</color>.",C?n ti?ng Anh nghi v?n: air; Attack; Basic; Counter; Dodge; Heavy; Mid | S? t?/c?m nghi v?n: 9 | T? l? nghi v?n: 0.429 | M?c ??: 44.29
"<size=40><color=Title>Basic Attack</color></size>
Deal <color=Thunder>Electro DMG</color>.
<size=10></size>
<size=40><color=Title>Heavy Attack</color></size>
Consume STA to deal <color=Thunder>Electro DMG</color>.
<size=10></size>
<size=40><color=Title>Mid-air Attack</color></size>
Consume STA to deal <color=Thunder>Electro DMG</color>.
<size=10></size>
<size=40><color=Title>Dodge Counter</color></size>
Deal <color=Thunder>Electro DMG</color>.","<size=40><color=Title>Basic Attack</color></size>
Gây <color=Thunder>Electro DMG</color>.
<size=10></size>
<size=40><color=Title>Heavy Attack</color></size>
Tiêu hao STA để gây <color=Thunder>Electro DMG</color>.
<size=10></size>
<size=40><color=Title>Mid-air Attack</color></size>
Tiêu hao STA để gây <color=Thunder>Electro DMG</color>.
<size=10></size>
<size=40><color=Title>Dodge Counter</color></size>
Gây <color=Thunder>Electro DMG</color>.",C?n ti?ng Anh nghi v?n: air; Attack; Basic; Counter; Dodge; Heavy; Mid | S? t?/c?m nghi v?n: 9 | T? l? nghi v?n: 0.429 | M?c ??: 44.29
"<size=40><color=Title>Basic Attack</color></size>
Deal <color=Wind>Aero DMG</color>.
<size=10></size>
<size=40><color=Title>Heavy Attack</color></size>
Consume STA to deal <color=Wind>Aero DMG</color>.
<size=10></size>
<size=40><color=Title>Mid-air Attack</color></size>
Consume STA to deal <color=Wind>Aero DMG</color>.
<size=10></size>
<size=40><color=Title>Dodge Counter</color></size>
Deal <color=Wind>Aero DMG</color>.","<size=40><color=Title>Basic Attack</color></size>
Gây <color=Wind>Aero DMG</color>.
<size=10></size>
<size=40><color=Title>Heavy Attack</color></size>
Tiêu hao STA để gây <color=Wind>Aero DMG</color>.
<size=10></size>
<size=40><color=Title>Mid-air Attack</color></size>
Tiêu hao STA để gây <color=Wind>Aero DMG</color>.
<size=10></size>
<size=40><color=Title>Dodge Counter</color></size>
Gây <color=Wind>Aero DMG</color>.",C?n ti?ng Anh nghi v?n: air; Attack; Basic; Counter; Dodge; Heavy; Mid | S? t?/c?m nghi v?n: 9 | T? l? nghi v?n: 0.429 | M?c ??: 44.29
"<size=40><color=Title>Basic Attack</color></size>
Deal <color=Light>Spectro DMG</color>.
<size=10></size>
<size=40><color=Title>Heavy Attack</color></size>
Consume STA to deal <color=Light>Spectro DMG</color>.
<size=10></size>
<size=40><color=Title>Mid-air Attack</color></size>
Consume STA to deal <color=Light>Spectro DMG</color>.
<size=10></size>
<size=40><color=Title>Dodge Counter</color></size>
Deal <color=Light>Spectro DMG</color>.","<size=40><color=Title>Basic Attack</color></size>
Gây <color=Light>Spectro DMG</color>.
<size=10></size>
<size=40><color=Title>Heavy Attack</color></size>
Tiêu hao STA để gây <color=Light>Spectro DMG</color>.
<size=10></size>
<size=40><color=Title>Mid-air Attack</color></size>
Tiêu hao STA để gây <color=Light>Spectro DMG</color>.
<size=10></size>
<size=40><color=Title>Dodge Counter</color></size>
Gây <color=Light>Spectro DMG</color>.",C?n ti?ng Anh nghi v?n: air; Attack; Basic; Counter; Dodge; Heavy; Mid | S? t?/c?m nghi v?n: 9 | T? l? nghi v?n: 0.429 | M?c ??: 44.29
"<size=40><color=Title>Basic Attack</color></size>
Deal <color=Ice>Glacio DMG</color>.
<size=10></size>
<size=40><color=Title>Heavy Attack</color></size>
Consume STA to deal <color=Ice>Glacio DMG</color>.
<size=10></size>
<size=40><color=Title>Mid-air Attack</color></size>
Consume STA to deal <color=Ice>Glacio DMG</color>.
<size=10></size>
<size=40><color=Title>Dodge Counter</color></size>
Deal <color=Ice>Glacio DMG</color>.","<size=40><color=Title>Basic Attack</color></size>
Gây <color=Ice>Glacio DMG</color>.
<size=10></size>
<size=40><color=Title>Heavy Attack</color></size>
Tiêu hao STA để gây <color=Ice>Glacio DMG</color>.
<size=10></size>
<size=40><color=Title>Mid-air Attack</color></size>
Tiêu hao STA để gây <color=Ice>Glacio DMG</color>.
<size=10></size>
<size=40><color=Title>Dodge Counter</color></size>
Gây <color=Ice>Glacio DMG</color>.",C?n ti?ng Anh nghi v?n: air; Attack; Basic; Counter; Dodge; Heavy; Mid | S? t?/c?m nghi v?n: 9 | T? l? nghi v?n: 0.429 | M?c ??: 44.29
"<size=40><color=Title>Basic Attack</color></size>
Deal <color=Thunder>Electro DMG</color>.
<size=10></size>
<size=40><color=Title>Heavy Attack</color></size>
Consume STA to deal <color=Thunder>Electro DMG</color>.
<size=10></size>
<size=40><color=Title>Mid-air Attack</color></size>
Consume STA to deal <color=Thunder>Electro DMG</color>.
<size=10></size>
<size=40><color=Title>Dodge Counter</color></size>
Deal <color=Thunder>Electro DMG</color>.","<size=40><color=Title>Basic Attack</color></size>
Gây <color=Thunder>Electro DMG</color>.
<size=10></size>
<size=40><color=Title>Heavy Attack</color></size>
Tiêu hao STA để gây <color=Thunder>Electro DMG</color>.
<size=10></size>
<size=40><color=Title>Mid-air Attack</color></size>
Tiêu hao STA để gây <color=Thunder>Electro DMG</color>.
<size=10></size>
<size=40><color=Title>Dodge Counter</color></size>
Gây <color=Thunder>Electro DMG</color>.",C?n ti?ng Anh nghi v?n: air; Attack; Basic; Counter; Dodge; Heavy; Mid | S? t?/c?m nghi v?n: 9 | T? l? nghi v?n: 0.429 | M?c ??: 44.29
"When any nearby Resonators in the team cast Echo Skill, Sigrika gains <SapTag=0>{0}</SapTag> {Cus:Sap,S=point P=points SapTag=0} of <color=Highlight>Soliskin Vitality</color>, up to <SapTag=1>{1}</SapTag> {Cus:Sap,S=point P=points SapTag=1}. Echoes with the same name can only trigger this effect once. Casting <color=Highlight>Outro Skill - In This Very Moment</color> resets the record of Echo triggering this effect.","Khi bất kỳ Resonators gần đó trong đội sử dụng Kỹ Năng Echoes, Sigrika nhận được <SapTag=0>{0}</SapTag> {Cus:Sap,S=điểm P=điểm SapTag=0} <color=Highlight>Soliskin Vitality</color>, tối đa <SapTag=1>{1}</SapTag> {Cus:Sap,S=điểm P=điểm SapTag=1}. Các Echoes cùng tên chỉ có thể kích hoạt hiệu ứng này một lần. Sử dụng <color=Highlight>Outro Skill - In This Very Moment</color> sẽ reset bản ghi kích hoạt hiệu ứng của Echoes.",C?n ti?ng Anh nghi v?n: In; Moment; Outro; Sigrika; Skill; Soliskin; This; Very; Vitality | S? t?/c?m nghi v?n: 9 | T? l? nghi v?n: 0.529 | M?c ??: 44.29
"<color=#c49e55>[Basic Attack]</color>
- Basic Attack is replaced with Thus Spoke the Blade - Inkwash, and the Stage <color=Highlight>{0}</color> attack additionally restores <color=Highlight>{1}</color> points of Swordster's Soliloquy.
- When Heavy Attack or Thus Spoke the Blade - Inkwash Stage <color=Highlight>{2}</color> hits a target, generate a Wind Howl that pulls in targets and Amplifies the Aero DMG they take by <color=Highlight>{3}</color> for <color=Highlight>{4}s</color>. This effect can be triggered <color=Highlight><SapTag=6>{6}</SapTag></color> {Cus:Sap,S=time P=times SapTag=6} every <color=Highlight>{5}s</color>.","<color=#c49e55>[Basic Attack]</color>
- Basic Attack được thay thế bằng Lưỡi Kiếm Lên Tiếng - Mực Tàu, và đòn tấn công Giai Đoạn <color=Highlight>{0}</color> sẽ hồi phục thêm <color=Highlight>{1}</color> điểm Swordster's Soliloquy.
- Khi Heavy Attack hoặc Lưỡi Kiếm Lên Tiếng - Mực Tàu Giai Đoạn <color=Highlight>{2}</color> trúng mục tiêu, tạo ra Hú Gió hút mục tiêu vào và Aero DMG Bonus của chúng lên <color=Highlight>{3}</color> trong <color=Highlight>{4}s</color>. Hiệu ứng này có thể kích hoạt <color=Highlight><SapTag=6>{6}</SapTag></color> {Cus:Sap,S=lần P=lần SapTag=6} mỗi <color=Highlight>{5}s</color>.",C?n ti?ng Anh nghi v?n: Attack; Basic; Bonus; Heavy; s; Soliloquy; Swordster's | S? t?/c?m nghi v?n: 9 | T? l? nghi v?n: 0.529 | M?c ??: 44.29
"<color=#c49e55>[Basic Attack]</color>
- Performing Basic Attack with Moonring restores Resonance Energy.
- When consuming Sentience, Basic Attacks with Moonbow fire Arrows of Moonlight.","<color=#c49e55>[Basic Attack]</color>
- Thực hiện Basic Attack với Moonring sẽ hồi phục Resonance Energy.
- Khi tiêu hao Sentience, Basic Attack với Moonbow bắn Mũi Tên Ánh Trăng.",C?n ti?ng Anh nghi v?n: Attack; Basic; Energy; Moonbow; Moonring; Sentience | S? t?/c?m nghi v?n: 8 | T? l? nghi v?n: 0.727 | M?c ??: 44.27
"Transform into a Twin Nova: Collapsar Blade to fire at enemies, dealing Electro DMG.

The Resonator with this Echo equipped in the main slot gains Electro and Basic Attack Bonuses.

Equipping Twin Nova: Nebulous Cannon at the same time grants special Echo Skill effects.","Biến thành Twin Nova: Collapsar Blade để bắn vào kẻ địch, gây Electro DMG.

Resonator trang bị Echo này ở vị trí chính sẽ nhận thêm Electro DMG Bonus và Basic Attack.

Trang bị đồng thời Twin Nova: Nebulous Cannon sẽ kích hoạt hiệu ứng đặc biệt cho Kỹ Năng Echo.",C?n ti?ng Anh nghi v?n: Attack; Basic; Blade; Bonus; Cannon; Collapsar; Nebulous; Nova; Twin | S? t?/c?m nghi v?n: 11 | T? l? nghi v?n: 0.524 | M?c ??: 44.24
"Transform into a Twin Nova: Nebulous Cannon to launch slashes at enemies, dealing Spectro DMG.

The Resonator with this Echo equipped in the main slot gains Spectro and Basic Attack Bonuses.

Equipping Twin Nova: Collapsar Blade at the same time grants special Echo Skill effects.","Biến thành Twin Nova: Nebulous Cannon để phóng những lưỡi kiếm vào kẻ địch, gây Spectro DMG.

Resonator trang bị Echo này ở vị trí chính sẽ nhận thêm Spectro DMG Bonus và Basic Attack.

Trang bị đồng thời Twin Nova: Collapsar Blade sẽ kích hoạt hiệu ứng đặc biệt cho Kỹ Năng Echo.",C?n ti?ng Anh nghi v?n: Attack; Basic; Blade; Bonus; Cannon; Collapsar; Nebulous; Nova; Twin | S? t?/c?m nghi v?n: 11 | T? l? nghi v?n: 0.524 | M?c ??: 44.24
"- <color=Highlight>Syntony Field</color> lasts for {1}s.
- When the <color=Highlight>Syntony Field</color> is generated, deal <color=Fire>Fusion DMG</color>, considered Resonance Liberation DMG.
- Continuously restores HP for all nearby Resonators in the team within the <color=Highlight>Syntony Field</color>, triggered once every {2}s.
- Increases the <color=Highlight>Off-Tune Buildup Rate</color> of all nearby Resonators in the team within the <color=Highlight>Syntony Field</color> by {3}.
- Enhances the resistance to interruption of all nearby Resonators in the team within the <color=Highlight>Syntony Field</color>.","- <color=Highlight>Syntony Field</color> kéo dài trong {1} giây.
- Khi <color=Highlight>Syntony Field</color> được tạo ra, gây <color=Fire>Fusion DMG</color>, được tính là Sát Thương Resonance Liberation.
- Liên tục hồi phục HP cho tất cả Resonators trong đội ở gần trong phạm vi <color=Highlight>Syntony Field</color>, kích hoạt mỗi {2} giây.
- Tăng <color=Highlight>Off-Tune Buildup Rate</color> của tất cả Resonators trong đội ở gần trong phạm vi <color=Highlight>Syntony Field</color> lên {3}.
- Tăng khả năng kháng gián đoạn cho tất cả Resonators trong đội ở gần trong phạm vi <color=Highlight>Syntony Field</color>.",C?n ti?ng Anh nghi v?n: Buildup; Field; Liberation; Off; Rate; Syntony; Tune | S? t?/c?m nghi v?n: 15 | T? l? nghi v?n: 0.417 | M?c ??: 44.17
"<color=#c49e55>[Basic Attack ]</color> <color=#c49e55>[Special Enhancement]</color> Within {0}s after casting Resonating Spin, each Basic Attack triggers {1} additional attack(s) of ""Flying Sword,"" dealing {2} DMG. Resonance Skill Cooldown is increased by {3}s.","<color=#c49e55>[Basic Attack ]</color> <color=#c49e55>[Special Enhancement]</color> Trong vòng {0} giây sau khi sử dụng Resonance Skill - Resonating Spin, mỗi đòn Basic Attack sẽ kích hoạt thêm {1} đòn ""Flying Kiếm"", gây {2} sát thương. Cooldown chiêu của Resonance Skill tăng thêm {3} giây.",C?n ti?ng Anh nghi v?n: Attack; Basic; Cooldown; Flying; Resonating; Skill; Spin | S? t?/c?m nghi v?n: 8 | T? l? nghi v?n: 0.615 | M?c ??: 44.15
"During a match, Dice rolls decide which Cubes move first and how far.
<color=#ffd12f>There is a chance</color> for a Cube to trigger its own special <color=#ffd12f>Skill</color>. Skills have unique effects on how Cubes move.
Cubes that arrive later at the target pad will stack on top of those that arrived earlier.","Trong trận đấu, kết quả tung xúc xắc sẽ quyết định Cube nào di chuyển trước và đi được bao xa.
<color=#ffd12f>There is a chance</color> một Cube kích hoạt <color=#ffd12f>Skill</color> đặc biệt của riêng nó. Các Skills có hiệu ứng riêng biệt ảnh hưởng đến cách di chuyển của Cube.
Những Cube đến sau sẽ chồng lên những Cube đã đến trước trên bệ đích.",C?n ti?ng Anh nghi v?n: a; chance; Cube; is; Skill; Skills; There | S? t?/c?m nghi v?n: 11 | T? l? nghi v?n: 0.611 | M?c ??: 44.11
"When <color=Highlight>Synchronization Rate</color> reaches 50%, after casting <color=Highlight>Basic Attack Stage 4</color>, consume <color=Highlight>Synchronization Rate</color> to cast <color=Highlight>Enhanced Sync Attack</color> and restore <color=Highlight>Resonance Rate</color>.","Khi <color=Highlight>Synchronization Rate</color> đạt 50%, sau khi thi triển <color=Highlight>Basic Attack Stage 4</color>, tiêu hao <color=Highlight>Synchronization Rate</color> để thi triển <color=Highlight>Enhanced Sync Attack</color> và khôi phục <color=Highlight>Resonance Rate</color>.",C?n ti?ng Anh nghi v?n: Attack; Basic; Enhanced; Rate; Stage; Sync; Synchronization | S? t?/c?m nghi v?n: 11 | T? l? nghi v?n: 0.611 | M?c ??: 44.11
"<color=Title>Effect</color>
The Resonator unleashes <color=Highlight><te href=851113>Burst - Coffee Impact</te></color> upon gaining a Shield, dealing DMG in proportion to the current Shield.

<color=Title>Support Skill</color>
Grant the Resonator <color=Highlight><te href=851114>Boost - Coffee's Shelter</te></color>, during which the Resonator is immune to Stability DMG.","<color=Title>Effect</color>
Khi nhận Shield, Resonator sẽ giải phóng <color=Highlight><te href=851113>Burst - Coffee Impact</te></color>, gây sát thương tương ứng với lượng Shield hiện tại.

<color=Title>Hỗ Trợ Skill</color>
Ban <color=Highlight><te href=851114>Boost - Coffee's Shelter</te></color> cho Resonator, giúp miễn nhiễm sát thương Stability trong thời gian kích hoạt.",C?n ti?ng Anh nghi v?n: Boost; Burst; Coffee; Coffee's; Effect; Impact; Shelter; Shield; Skill; Stability | S? t?/c?m nghi v?n: 11 | T? l? nghi v?n: 0.611 | M?c ??: 44.11
"Close cooperation between H.E.R.M.E.S. and the biker is essential to pass the challenges. Once the challenge begins, H.E.R.M.E.S. moves automatically along the track. The biker controls the left and right movement to dodge obstacles and aim at enemies ahead.","Sự phối hợp chặt chẽ giữa H.E.R.M.E.S. và tay đua là yếu tố then chốt để vượt qua thử thách. Khi thử thách bắt đầu, H.E.R.M.E.S. sẽ tự động di chuyển dọc theo đường đua. Tay đua điều khiển trái-phải để Dodge chướng ngại vật và nhắm vào kẻ địch phía trước.",C?n ti?ng Anh nghi v?n: Dodge; E; H; M; R; S; then | S? t?/c?m nghi v?n: 14 | T? l? nghi v?n: 0.7 | M?c ??: 44.0
"Lynae can inflict <color=Highlight>Tune Rupture - Shifting</color> or <color=Highlight>Tune Strain - Shifting</color> on targets.
Lynae can respond to <color=Highlight>Tune Rupture - Interfered</color> and <color=Highlight>Tune Strain - Interfered</color>.","Lynae có thể gây <color=Highlight>Tune Rupture - Shifting</color> hoặc <color=Highlight>Tune Strain - Shifting</color> lên mục tiêu.
Lynae có thể phản ứng với <color=Highlight>Tune Rupture - Interfered</color> và <color=Highlight>Tune Strain - Interfered</color>.",C?n ti?ng Anh nghi v?n: Interfered; Lynae; Rupture; Shifting; Strain; Tune | S? t?/c?m nghi v?n: 14 | T? l? nghi v?n: 1.0 | M?c ??: 44.0
"1. Build or upgrade stalls to increase Popularity, gain buffs, and unlock Companions.
2. Building or upgrading stalls requires Funds, which can be earned by completing Wishes in Lodge Wishes.
3. Stalls can be upgraded multiple times, with higher levels providing greater buffs.
4. After building a stall, you can participate in the stall's activities and may earn unexpected rewards, with additional daily rewards for Thus Says the Moon, Hsin's Fortuity, and Riddle Twiddle.","1. Xây dựng hoặc nâng cấp quầy hàng để tăng Độ Nổi Tiếng, nhận buff và mở khóa Companions.
2. Xây dựng hoặc nâng cấp quầy hàng cần Vốn, có thể kiếm được bằng cách hoàn thành Điều Ước trong Lodge Wishes.
3. Quầy hàng có thể nâng cấp nhiều lần, cấp càng cao thì buff càng mạnh.
4. Sau khi xây dựng quầy hàng, cậu có thể tham gia các hoạt động của quầy và có thể nhận được phần thưởng bất ngờ, cùng với phần thưởng hàng ngày cho Thus Says the Moon, Hsin's Fortuity và Riddle Twiddle.",C?n ti?ng Anh nghi v?n: buff; Companions; Fortuity; Hsin's; Lodge; Moon; Riddle; Says; Thus; Twiddle; Wishes | S? t?/c?m nghi v?n: 12 | T? l? nghi v?n: 0.6 | M?c ??: 44.0
"Grants {0} Attribute DMG Bonus. Casting Intro Skill gives the equipper Ageless Marking, which grants {1} Resonance Skill DMG Bonus for {2}s. Casting Resonance Skill gives the equipper Ethereal Endowment, which grants {3} Resonance Skill DMG Bonus for {4}s.","Tăng {0} Sát Thương Thuộc Tính. Khi sử dụng Intro Skill, người trang bị nhận được Ageless Marking, tăng {1} Sát Thương Resonance Skill trong {2} giây. Khi sử dụng Resonance Skill, người trang bị nhận được Ethereal Endowment, tăng {3} Sát Thương Resonance Skill trong {4} giây.",C?n ti?ng Anh nghi v?n: Ageless; Endowment; Ethereal; Intro; Marking; Skill | S? t?/c?m nghi v?n: 9 | T? l? nghi v?n: 0.5 | M?c ??: 44.0
"Upon entering the battle, Fleurdelys gains a Shield equal to <color=#b72924ff>50% of her Max HP</color>. <color=#5cc96aff>Casting Resonance Liberation</color> grants all Resonators in the team <color=#5cc96aff>10% DMG Bonus</color> against <color=#5cc96aff>shielded</color> enemies. This effect lasts for <color=#5cc96aff>10s</color>, stacking up to <color=#5cc96aff>3</color> times.","Khi bước vào trận chiến, Fleurdelys nhận được Shield tương đương <color=#b72924ff>50% of her Max HP</color>. <color=#5cc96aff>Casting Resonance Liberation</color> sẽ trao cho tất cả Resonators trong đội <color=#5cc96aff>10% DMG Bonus</color> khi tấn công kẻ địch <color=#5cc96aff>shielded</color>. Hiệu ứng này kéo dài <color=#5cc96aff>10s</color>, có thể chồng chất lên đến <color=#5cc96aff>3 lần</color>.",C?n ti?ng Anh nghi v?n: Bonus; Casting; Fleurdelys; her; Liberation; Max; of; Shield; shielded | S? t?/c?m nghi v?n: 9 | T? l? nghi v?n: 0.5 | M?c ??: 44.0
"<color=#c49e55>[Basic Attack]</color>
- Dealing DMG with Basic Attack summons Dreamscape: Cloudy that deals Fusion DMG.
- Encore takes less DMG while casting Heavy Attack: Cloudy Frenzy or Heavy Attack: Cosmos Rupture, and pulls in nearby enemies, dealing Fusion DMG.","<color=#c49e55>[Basic Attack]</color>
- Gây sát thương bằng Basic Attack sẽ triệu hồi Cảnh Mộng: Mây Mù gây Fusion DMG.
- Khi thực hiện Heavy Attack: Cuồng Phong Mây hoặc Heavy Attack: Vỡ Cosmos, Encore chịu ít sát thương hơn và hút kẻ địch xung quanh, gây Fusion DMG.",C?n ti?ng Anh nghi v?n: Attack; Basic; Cosmos; Encore; Heavy | S? t?/c?m nghi v?n: 8 | T? l? nghi v?n: 0.5 | M?c ??: 44.0
"<color=Highlight>Resonance Liberation</color>
- Spectro DMG is increased by <color=Highlight>{0}</color>.
- Casting Resonance Liberation - Dawn of Enlightenment triggers <color=Highlight>{1}</color> explosions, each dealing Spectro DMG equal to <color=Highlight>{2}</color> of Phoebe's ATK, considered Basic Attack DMG.
- Resonance Liberation reduces the target's Spectro RES by <color=Highlight>{3}</color> for <color=Highlight>{4}s</color> on hit.","<color=Highlight>Resonance Liberation</color>
- Tăng <color=Highlight>{0}</color> Spectro DMG.
- Kích hoạt Resonance Liberation - Dawn Giác Ngộ sẽ gây ra <color=Highlight>{1}</color> vụ nổ, mỗi vụ gây Spectro DMG bằng <color=Highlight>{2}</color> Attack của Phoebe, được tính là Sát Thương Kỹ Năng Basic.
- Resonance Liberation giảm <color=Highlight>{3}</color> Spectro RES của mục tiêu trong <color=Highlight>{4}s</color> khi trúng đích.",C?n ti?ng Anh nghi v?n: Attack; Basic; Dawn; Liberation; RES; s | S? t?/c?m nghi v?n: 8 | T? l? nghi v?n: 0.4 | M?c ??: 44.0
"The incoming Resonator gains {0} Havoc DMG Amplification and {1} Heavy Attack DMG Amplification for {2}s or until they are switched out.
If Phrolova is in <color=Highlight><te href=160804>Maestro</te></color> state when she casts this skill, Hecate additionally casts <color=Highlight>Enhanced Attack - Hecate</color> <SapTag=3>{3}</SapTag> {Cus:Sap,S=time P=times SapTag=3} when Phrolova is switched off the field while in the same <color=Highlight>Maestro</color> state duration.","Resonator tiếp theo nhận {0} Havoc DMG Bonus và {1} Tăng Sát Thương Heavy Attack trong {2} giây hoặc cho đến khi bị thay ra.
Nếu Phrolova đang ở trạng thái <color=Highlight><te href=160804>Maestro</te></color> khi sử dụng kỹ năng này, Hecate sẽ tung thêm <color=Highlight>Enhanced Attack - Hecate</color> <SapTag=3>{3}</SapTag> {Cus:Sap,S=lần P=lần SapTag=3} khi Phrolova bị thay ra trong thời gian duy trì trạng thái <color=Highlight>Maestro</color> đó.",C?n ti?ng Anh nghi v?n: Attack; Bonus; Enhanced; Heavy; Hecate; Maestro; Phrolova | S? t?/c?m nghi v?n: 11 | T? l? nghi v?n: 0.393 | M?c ??: 43.93
"Resonance Skill cooldown is reduced by 30%. A Shadow Wave is generated 1.5s after casting Resonance Skill to attack the enemies, dealing Havoc DMG. This effect has a cooldown of 3s, with the cooldown calculated independently for each Resonator.

Team I Buff: All team members of Havoc Attribute restore 4 additional Concerto Energy per second.
Team II Buff: All team members restore 2 additional Concerto Energy per second.","Hồi chiêu Resonance Skill giảm 30%. Sau 1,5 giây kể từ khi sử dụng Resonance Skill, một Shadow Wave sẽ được tạo ra để tấn công kẻ địch, gây Havoc DMG. Hiệu ứng này có Cooldown 3 giây, tính riêng cho từng Resonator.

Hiệu ứng tăng cường đội hình I: Tất cả thành viên trong đội thuộc hệ Havoc phục hồi thêm 4 Concerto Energy mỗi giây.
Hiệu ứng tăng cường đội hình II: Tất cả thành viên trong đội phục hồi thêm 2 Concerto Energy mỗi giây.",C?n ti?ng Anh nghi v?n: Cooldown; Energy; I; II; Shadow; Skill; Wave | S? t?/c?m nghi v?n: 9 | T? l? nghi v?n: 0.391 | M?c ??: 43.91
"Deal <color=Wind>Aero DMG</color>.
<color=Highlight>{Cus:Ipt,Touch=Tap PC=Press Gamepad=Press} Normal Attack</color> shortly after casting <color=Highlight>Intro Skill</color> to cast <color=Highlight>Basic Attack Stage 2</color>.","Gây <color=Wind>Aero DMG</color>.
<color=Highlight>{Cus:Ipt,Touch=tap PC=press Gamepad=press} Normal Attack</color> ngay sau khi sử dụng <color=Highlight>Intro Skill</color> để thực hiện <color=Highlight>Basic Attack Stage 2</color>.",C?n ti?ng Anh nghi v?n: Attack; Basic; Intro; Normal; Skill; Stage | S? t?/c?m nghi v?n: 7 | T? l? nghi v?n: 0.583 | M?c ??: 43.83
"<color=#c49e55>[Resonance Liberation]</color>
While in the state triggered by Resonance Liberation, Calcharo gains the following effects:
- Increase resistance to interruption.
- Increase Basic Attack speed by {0}.
- Casting Resonance Skill extends the state's duration by {1}s.","<color=#c49e55>[Resonance Liberation]</color>
Khi ở trạng thái kích hoạt bởi Resonance Liberation, Calcharo nhận được các hiệu ứng sau:
- Increase khả năng kháng làm gián đoạn.
- Increase tốc độ Basic Attack thêm {0}.
- Kích hoạt Resonance Skill sẽ kéo dài thời gian trạng thái thêm {1} giây.",C?n ti?ng Anh nghi v?n: Attack; Basic; Calcharo; Increase; Liberation; Skill | S? t?/c?m nghi v?n: 7 | T? l? nghi v?n: 0.583 | M?c ??: 43.83
"<color=#c49e55>[Resonance Liberation]</color>
While in the state triggered by Resonance Liberation, Calcharo gains the following effects:
- Increase resistance to interruption.
- Increase Basic Attack speed.
- Casting Resonance Skill extends the state's duration.","<color=#c49e55>[Resonance Liberation]</color>
Khi ở trạng thái kích hoạt bởi Resonance Liberation, Calcharo nhận được các hiệu ứng sau:
- Increase khả năng kháng làm gián đoạn.
- Increase tốc độ Basic Attack.
- Kích hoạt Resonance Skill sẽ kéo dài thời gian trạng thái.",C?n ti?ng Anh nghi v?n: Attack; Basic; Calcharo; Increase; Liberation; Skill | S? t?/c?m nghi v?n: 7 | T? l? nghi v?n: 0.583 | M?c ??: 43.83
"This enemy has a <color=HighlightB>higher RES</color> to <color=Thunder>Electro DMG</color>.

In the exam zone, enemies are immune to interruption while their HP is above 50%.

A powerful raptor-like Exoswarm, mimicking an ancient predator known as Kronaclaw.
In the distant past, these raptors once circled the skies of Lahai-Roi, their dominion unchallenged since the First Epoch.
Legend holds that the Kronaclaw was a creation of Sol, sharing the divine sight of the Eye of Sol and beholding all that lay above and below Lahai-Roi.
But as magnetic poles shifted and the landscape was reshaped, the Kronaclaw species had faded into near extinction. Their place was eventually taken by Kronablight, an Exoswarm born of the Exostrider.","Kẻ địch này có <color=HighlightB>higher RES</color> với <color=Thunder>Electro DMG</color>.

Trong khu vực thi, kẻ địch miễn nhiễm với hiệu ứng gián đoạn khi HP trên 50%.

Một Exoswarm mạnh mẽ giống loài mãnh thú săn mồi cổ đại - Kronaclaw.
Trong quá khứ xa xưa, những con mãnh thú này từng thống trị bầu trời Lahai-Roi, vương quyền bất khả xâm phạm kể từ Kỷ Nguyên Đầu Tiên.
Truyền thuyết kể rằng Kronaclaw là tạo vật của Sol, mang trong mình thị lực thần thánh của Mắt Sol, nhìn thấu mọi thứ trên và dưới Lahai-Roi.
Nhưng khi các cực từ dịch chuyển và cảnh quan thay đổi, loài Kronaclaw dần tuyệt chủng. Vị trí của chúng sau đó bị thay thế bởi Kronablight, một Exoswarm sinh ra từ Exostrider.",C?n ti?ng Anh nghi v?n: Exostrider; Exoswarm; higher; Kronablight; Kronaclaw; Lahai; RES; Sol | S? t?/c?m nghi v?n: 13 | T? l? nghi v?n: 0.382 | M?c ??: 43.82
"[About]
The Moon-Chasing Festival is a Huanglong traditional festival that features various origin stories, with the most popular being the tale of The Fox and the Moon. On this special night, families and friends come together to admire the moon and make wishes, expressing their hopes for a brighter future.

[Eligibility]
Reach Union Level 17. For the best experience, complete ""Thaw of Eons"" before participating in this event.

[Event Rules]
1. Help Xiangli Yao prepare for the Moonlit Fair to boost the festival's Popularity.
2. Increase Popularity by fulfilling Wishes and building stalls.
3. Invite Companions to assist in preparations by completing the corresponding Side Quests, and earn higher Wish Ratings and Funds.
4. Achieve the festival goals to claim and redeem rewards.
5. After the event concludes, unclaimed rewards will remain available for 30 days and will be reissued via Mail when you log in during this period (Note: Rewards that have not been redeemed will not be reissued.)","Về Sự Kiện
Lễ Hội Theo Vầng Trăng là một lễ hội truyền thống của Huanglong, gắn liền với nhiều câu chuyện nguồn gốc khác nhau, trong đó nổi tiếng nhất là truyền thuyết về Chú Cáo và Vầng Trăng. Vào đêm đặc biệt này, gia đình và bạn bè quây quần bên nhau ngắm trăng, gửi gắm những điều ước và hy vọng về một tương lai tươi sáng hơn.

Điều Kiện Tham Gia
Đạt Cấp Liên Minh 17. Để có trải nghiệm tốt nhất, hãy hoàn thành nhiệm vụ \""Thời Khắc Vĩnh Hằng Tan Băng\"" trước khi tham gia sự kiện.

Event Rules
1. Giúp Tương Lệ Yao chuẩn bị cho Moonlit Fair để tăng Độ Nổi Tiếng của lễ hội.
2. Increase Độ Nổi Tiếng bằng cách thực hiện các Điều Ước và xây dựng gian hàng.
3. Invite Companion hỗ trợ chuẩn bị bằng cách hoàn thành các Side Quests tương ứng, qua đó nhận được Đánh Giá Wish cao hơn và Quỹ Hoạt Động dồi dào hơn.
4. Hoàn thành các mục tiêu lễ hội để nhận và đổi thưởng.
5. Sau khi sự kiện kết thúc, phần thưởng chưa nhận sẽ được giữ lại trong 30 ngày và sẽ được gửi lại qua Mail khi bạn đăng nhập trong khoảng thời gian này (Lưu ý: Rewards chưa đổi sẽ không được gửi lại.)",C?n ti?ng Anh nghi v?n: Event; Fair; Increase; Invite; Mail; Moonlit; Quests; Rewards; Side; Wish; Yao | S? t?/c?m nghi v?n: 11 | T? l? nghi v?n: 0.282 | M?c ??: 43.82
"Heavy Attack - Resonance: After Basic Attack Stage 3 or Heavy Attack, {0} at the right time","Heavy Attack - Resonance: Sau Basic Attack Stage 3 hoặc Heavy Attack, {0} đúng lúc",C?n ti?ng Anh nghi v?n: Attack; Basic; Heavy; Stage | S? t?/c?m nghi v?n: 7 | T? l? nghi v?n: 0.778 | M?c ??: 43.78
"Attack the target and enter <color=Highlight>Red Spotlight Mode</color>, boosting the next 4 Basic Attack and/or Heavy Attack.","Tấn công mục tiêu và bước vào <color=Highlight>Red Spotlight Mode</color>, tăng cường 4 Basic Attack và/hoặc Heavy Attack tiếp theo.",C?n ti?ng Anh nghi v?n: Attack; Basic; Heavy; Mode; Red; Spotlight | S? t?/c?m nghi v?n: 7 | T? l? nghi v?n: 0.875 | M?c ??: 43.75
"<color=#c49e55>[Basic Attack]</color>
- Basic Attack is replaced with Thus Spoke the Blade - Inkwash, and the Stage {0} attack additionally restores {1} points Swordster's Soliloquy.
- When Heavy Attack or Thus Spoke the Blade - Inkwash Stage {2} hits a target, generate a Wind Howl that pulls in nearby targets and Amplifies the Aero DMG they take by {3} for {4}s. This effect can be triggered {6} time every {5}s.","<color=#c49e55>[Basic Attack]</color>
- Basic Attack được thay thế bằng Lưỡi Kiếm Lên Tiếng - Mực Tàu, và đòn tấn công Giai Đoạn {0} sẽ hồi phục thêm {1} điểm Swordster's Soliloquy.
- Khi Heavy Attack hoặc Lưỡi Kiếm Lên Tiếng - Mực Tàu Giai Đoạn {2} trúng mục tiêu, tạo ra Hú Gió hút các mục tiêu xung quanh vào và Aero DMG Bonus của chúng lên {3} trong {4}s. Hiệu ứng này có thể kích hoạt {6} lần mỗi {5}s.",C?n ti?ng Anh nghi v?n: Attack; Basic; Bonus; Heavy; s; Soliloquy; Swordster's | S? t?/c?m nghi v?n: 9 | T? l? nghi v?n: 0.474 | M?c ??: 43.74
"To uphold their shared commitment to peace and cooperation, the signatories of the Pioneer Association met. After lengthy talks, their heads of state decided to form a new intergovernmental organization named the ""Polar Collective"" (Editor's note: the predecessor to the Spacetrek Collective).
 
Just as the conference was ending, a Roya elder, one of their revered Solsworn, appeared before the assembly.
 
Speculation and whispers about his intentions rippled through the hall. Most delegates regarded him with the subtle arrogance of a ""civilized world"" appraising a representative of an ancient tribe. Unfazed, the Solsworn began to draw a series of intricate, cryptic patterns, murmuring to himself as he worked. At first, many dismissed them as nothing more than curses or meaningless doodles. But as the patterns took shape, the truth emerged—they were formulae.
 
The symbols he used were from a numbering system entirely alien to our own, but once ""converted"" into modern notation, the structures they described matched some of our most advanced equations. The very kind of mathematics we believe can change the world. In that moment, the assembly understood the significance of the Solsworn's act. It demonstrated that the Roya possessed knowledge and mathematical mastery on par with our own, and more importantly, that they were willing to share this ancient wisdom with the Polar Collective.
 
In that moment, mathematics became the only language in the room. With a few simple points and lines drawn in an instant, the Solsworn completed an astronomical measurement of the polar axis. Its precision matched, perhaps even surpassed, that of our finest contemporary instruments. Awe gradually gave way to silence. There was no longer any doubt: the Roya's accomplishments had not only reached but now challenged the intellectual dominion claimed by the so-called civilized world.
 
The silence did not last. The Solsworn then presented a second set of equations. They described the presence of the Waveworn Phenomenon within Lahai-Roi, showing that its activity had been steadily increasing over time. Yet, at the conclusion of this formulation, the Solsworn offered no solution.
 
Meanwhile, the arrival of the Black Shores only deepened the unease. Observations from the Tethys System had long indicated traces of a Threnodian in Lahai-Roi, but its frequency shared no commonality with any known Threnodian signature on Solaris. In other words, it did not originate from Solaris, nor from any recognizable civilization.
 
As scholars debated the equations, a formless dread seeped through the assembly. Were they misinterpreting the data? Or was the formulation itself incomplete? Perhaps the Solsworn was not deliberately withholding the final answer. Perhaps the answer itself was  ""unknowable."" 

This implied that, for the first time, humanity did not know, and was incapable of uncovering, the true nature of the ""concept"" it faced.
 
How does one fight an unknowable enemy? If the ""concept"" of this Threnodian cannot be known, then its form and capabilities remain equally opaque. In other words, every weapon humanity has devised could be rendered useless.
 
All would collapse into a single, all-consuming unknown.","Để duy trì cam kết chung về hòa bình và hợp tác, các bên ký kết của Hiệp hội Tiên phong đã họp mặt. Sau những cuộc đàm phán kéo dài, các nguyên thủ quốc gia của họ quyết định thành lập một tổ chức liên chính phủ mới mang tên ""Khối Cực Địa"" (Ghi chú của biên tập: tiền thân của Khối Spacetrek).
 
Ngay khi hội nghị sắp kết thúc, một trưởng lão Roya, một trong những Solsworn được tôn kính của họ, xuất hiện trước hội nghị.
 
Những lời đồn đoán và thì thầm về ý định của ông lan truyền khắp hội trường. Hầu hết các đại biểu nhìn ông với vẻ kiêu ngạo tinh tế của một ""thế giới văn minh"" khi đánh giá đại diện của một bộ tộc cổ xưa. Không hề nao núng, vị Solsworn bắt đầu vẽ một loạt các hoa văn phức tạp, bí ẩn, lẩm bẩm một mình trong lúc làm việc. Ban đầu, nhiều người cho rằng đó chỉ là những lời nguyền rủa hay những Dodget vẽ nguệch ngoạc vô nghĩa. Nhưng khi các hoa văn dần hiện hình, sự thật cũng lộ ra—đó là những công thức toán học.
 
Các ký hiệu ông sử dụng thuộc về một hệ thống số học hoàn toàn xa lạ với chúng ta, nhưng khi được ""chuyển đổi"" sang ký hiệu hiện đại, cấu trúc chúng mô tả lại trùng khớp với một số phương trình tiên tiến nhất của chúng ta. Loại toán học mà chúng ta tin rằng có thể thay đổi thế giới. Trong khoảnh khắc đó, hội nghị hiểu được ý nghĩa trong hành động của vị Solsworn. Nó chứng minh rằng người Roya sở hữu tri thức và sự tinh thông toán học ngang tầm với chúng ta, và quan trọng hơn, họ sẵn sàng chia sẻ trí tuệ cổ xưa này với Khối Cực Địa.
 
Trong khoảnh khắc đó, toán học trở thành ngôn ngữ duy nhất trong phòng. Chỉ với vài điểm và đường vẽ vội vàng, vị Solsworn đã hoàn thành phép đo thiên văn về trục cực. Độ chính xác của nó không chỉ tương đương mà có lẽ còn vượt trội so với những công cụ hiện đại nhất của chúng ta. Sự kinh ngạc dần nhường chỗ cho im lặng. Không còn nghi ngờ gì nữa: những thành tựu của người Roya không chỉ đạt tới mà còn thách thức sự thống trị trí tuệ mà cái gọi là thế giới văn minh tự nhận.
 
Sự im lặng không kéo dài. Vị Solsworn tiếp tục trình bày một bộ phương trình thứ hai. Chúng mô tả sự hiện diện của Hiện tượng Waveworn bên trong Lahai-Roi, cho thấy hoạt động của nó đang gia tăng theo thời gian. Thế nhưng, khi kết thúc công thức này, vị Solsworn không đưa ra giải pháp nào.
 
Trong khi đó, sự xuất hiện của Bãi Đen chỉ càng làm sâu sắc thêm nỗi bất an. Những quan sát từ Hệ Tethys từ lâu đã chỉ ra dấu vết của một Threnodian ở Lahai-Roi, nhưng tần số của nó không hề trùng khớp với bất kỳ dấu hiệu Threnodian nào đã biết trên Solaris. Nói cách khác, nó không bắt nguồn từ Solaris, cũng không phải từ bất kỳ nền văn minh nào chúng ta biết.
 
Khi các học giả tranh luận về những phương trình, một nỗi sợ hãi vô hình thấm đẫm vào hội nghị. Liệu họ có hiểu sai dữ liệu? Hay bản thân công thức đã không hoàn chỉnh? Có lẽ vị Solsworn không cố tình giấu giếm đáp án cuối cùng. Có lẽ bản thân đáp án đó là ""không thể biết"".
 
Điều này ngụ ý rằng, lần đầu tiên, nhân loại không biết, và không có khả năng khám phá ra bản chất thực sự của ""khái niệm"" mà họ đối mặt.
 
Làm sao có thể chiến đấu với một kẻ thù không thể biết? Nếu ""khái niệm"" của Threnodian này không thể hiểu được, thì hình dạng và khả năng của nó cũng sẽ mãi nằm trong bóng tối. Nói cách khác, mọi vũ khí nhân loại đã tạo ra đều có thể trở nên vô dụng.
 
Tất cả sẽ sụp đổ vào một điều bí ẩn duy nhất, nuốt chửng tất cả.",C?n ti?ng Anh nghi v?n: an; Lahai; Roya; so; Solsworn; Spacetrek; Tethys; Waveworn | S? t?/c?m nghi v?n: 17 | T? l? nghi v?n: 0.172 | M?c ??: 43.72
"Each time Resonance Skill <color=Highlight>Aureole of Execution</color> is cast, gain 1 stack of Endnotes on the Endgame, which increases the DMG Multiplier of Resonance Liberation <color=Highlight>Rewritten in Winter's Margins</color>, up to 3 stacks.","Mỗi lần sử dụng Resonance Skill <color=Highlight>Aureole of Execution</color>, nhận 1 tầng Bản Ghi Kết của Endgame, làm tăng Hệ Số Sát Thương của Resonance Liberation <color=Highlight>Rewritten in Winter's Margins</color>, tối đa 3 tầng.",C?n ti?ng Anh nghi v?n: Aureole; Endgame; Execution; in; Liberation; Margins; of; Rewritten; Skill; Winter's | S? t?/c?m nghi v?n: 10 | T? l? nghi v?n: 0.769 | M?c ??: 43.69
"<color=Highlight>Activated upon having 3 Bond Members in the team</color>
When in Synergy Burst:
ATK is increased by 60%. Scorched Earth additionally inflicts Burn on the target for 6s, with each second dealing DMG equal to 100% of ATK.","<color=Highlight>Activated upon having 3 Bond Members in the team</color>
Khi ở trạng thái Synergy Burst:
ATK tăng 60%. Scorched Earth gây thêm Burn lên mục tiêu trong 6 giây, mỗi giây gây DMG bằng 100% ATK.",C?n ti?ng Anh nghi v?n: Activated; Bond; Burn; Burst; Earth; having; in; Members; Scorched; Synergy; team; upon | S? t?/c?m nghi v?n: 12 | T? l? nghi v?n: 0.667 | M?c ??: 43.67
"<color=Highlight>Activated upon having 3 Bond Members in the team</color>
When in Synergy Bust:
DMG dealt by Fool's Cannon and Fool's Wave is Amplified by {0}. Casting Resonance Skill, Resonance Liberation, Dodge Counter, and successful Dodge grant another <SapTag=1>{1}</SapTag> {Cus:Sap,S=stack P=stacks SapTag=1} of Rebel's Flag, triggered once every {2}s.","Kích hoạt khi có <color=Highlight>Activated upon having 3 Bond Members in the team</color>
Khi ở trạng thái Đồng Bộ Bùng Nổ:
Sát thương gây ra bởi Pháo Đài Ngu Ngốc và Sóng Ngu Ngốc được Khuếch Đại thêm {0}. Sử dụng Kỹ Năng Synergy, Giải Phóng Synergy, Dodge Counter và Dodge thành công sẽ nhận thêm <SapTag=1>{1}</SapTag> {Cus:Sap,S=lớp P=lớp} Cờ Nổi Loạn, kích hoạt mỗi {2} giây một lần.",C?n ti?ng Anh nghi v?n: Activated; Bond; Counter; Dodge; having; in; Members; Synergy; team; upon | S? t?/c?m nghi v?n: 12 | T? l? nghi v?n: 0.667 | M?c ??: 43.67
"The active Resonator has all their skills increased to Lv. {0}, and <color=Highlight>Echo Skill</color> and <color=Highlight>Resonance Skill</color> Cooldowns reduced by {1}. <color=#b94f4e>However, their Resonance Liberation is disabled</color>.","Resonator đang kích hoạt được tăng tất cả kỹ năng lên cấp {0}, và Cooldown chiêu của <color=Highlight>Echo Skill</color> và <color=Highlight>Resonance Skill</color> giảm {1}. <color=#b94f4e>However, their Resonance Liberation is disabled</color>.",C?n ti?ng Anh nghi v?n: Cooldown; disabled; However; is; Liberation; Skill; their | S? t?/c?m nghi v?n: 8 | T? l? nghi v?n: 0.667 | M?c ??: 43.67
"<color=Highlight>[Basic Attack]</color>
During <color=Highlight>Resonance Skill</color> - Incarnation, ATK is increased by <color=Highlight>{1}</color>, and each time casting Basic Attack or Resonance Skill restores <color=Highlight>{0}</color> points of Forte Gauge. This effect lasts <color=Highlight>{2}</color>s and stacks up to <color=Highlight>{3}</color> times.","<color=Highlight>[Basic Attack]</color>
Trong <color=Highlight>Resonance Skill</color> - Incarnation, Attack tăng <color=Highlight>{1}</color>, và mỗi lần sử dụng Basic Attack hoặc Resonance Skill sẽ hồi phục <color=Highlight>{0}</color> điểm Forte Gauge. Hiệu ứng kéo dài <color=Highlight>{2}s</color> và có thể chồng chất tối đa <color=Highlight>{3}</color> lần.",C?n ti?ng Anh nghi v?n: Attack; Basic; Gauge; Incarnation; s; Skill | S? t?/c?m nghi v?n: 8 | T? l? nghi v?n: 0.667 | M?c ??: 43.67
"Deal <color=Wind>Aero DMG</color>.
Within a certain period of time after casting this skill, {Cus:Ipt,Touch=tap PC=press Gamepad=press} <color=Highlight>Normal Attack</color> to perform Basic Attack <color=Highlight>Thus Spoke the Blade: Inkwash</color> Stage 3.","Gây <color=Wind>Aero DMG</color>.
Trong một khoảng thời gian sau khi sử dụng kỹ năng này, {Cus:Ipt,Touch=tấn PC=press Gamepad=press} <color=Highlight>Normal Attack</color> để thực hiện Basic Attack <color=Highlight>Thus Spoke the Blade: Inkwash</color> Stage 3.",C?n ti?ng Anh nghi v?n: Attack; Basic; Blade; Inkwash; Normal; Spoke; Stage; Thus | S? t?/c?m nghi v?n: 9 | T? l? nghi v?n: 0.562 | M?c ??: 43.62
"Upon entering the battle, all enemies gain a Shield equal to <color=#b72924ff>50% of their Max HP</color>. <color=#5cc96aff>Casting Resonance Liberation</color> grants all Resonator in the team a Shield equal to <color=#5cc96aff>10% of their Max HP</color>.","Khi bước vào trận chiến, tất cả kẻ địch nhận được Shield tương đương <color=#b72924ff>50% of their Max HP</color>. <color=#5cc96aff>Casting Resonance Liberation</color> sẽ trao cho tất cả Resonator trong đội Shield tương đương <color=#5cc96aff>10% of their Max HP</color> của họ.",C?n ti?ng Anh nghi v?n: Casting; Liberation; Max; of; Shield; their | S? t?/c?m nghi v?n: 10 | T? l? nghi v?n: 0.556 | M?c ??: 43.56
"[About]
""PRAGMATA,"" ""Riders Republic,"" and ""HAIKYU!!"" (anime) Collab Event. Complete tasks in the Collab Event to obtain the corresponding Collab Livery and various leveling Materials.

[Eligibility]
Reach Union Level 14 and activate the Startorch Academy Resonance Nexus during Main Quest ""What Burns Beneath Frostlands"" to unlock.

If you have any unclaimed rewards when the event ends, you can log in within 30 days afterward to claim them in your Mail.","Về sự kiện
Event hợp tác ""PRAGMATA"", ""Riders Republic"" và ""HAIKYU!!"" (anime). Hoàn thành nhiệm vụ trong sự kiện để nhận được Livery hợp tác tương ứng và nhiều loại vật liệu nâng cấp.

Điều kiện tham gia
Đạt Cấp Liên Minh 14 và kích hoạt Nexus Resonance Startorch Academy trong Nhiệm Vụ Chính ""Ngọn Lửa Dưới Băng Giá"" để mở khóa.

Nếu sự kiện kết thúc mà bạn vẫn còn phần thưởng chưa nhận, hãy đăng nhập trong vòng 30 ngày sau đó để nhận qua Mail.",C?n ti?ng Anh nghi v?n: Academy; anime; Event; HAIKYU; Livery; Mail; Nexus; PRAGMATA; Republic; Riders; Startorch | S? t?/c?m nghi v?n: 11 | T? l? nghi v?n: 0.55 | M?c ??: 43.5
"Open to obtain a random Echo of the following Sonata Effect: Flamewing's Shadow.

3pcs Set: Dealing Echo Skill DMG increases Heavy Attack Crit. Rate by 20% for 6s. Dealing Heavy Attack DMG increases Echo Skill Crit. Rate by 20% for 6s. While both effects are active, gain 16% Fusion DMG Bonus.","Mở để nhận một Echo ngẫu nhiên thuộc Hiệu ứng Sonata: Shadow Cánh Lửa.

Bộ 3 món: Gây Sát Thương Kỹ Năng Echo làm tăng Crit. Rate của Heavy Attack thêm 20% trong 6 giây. Gây Sát Thương Heavy Attack làm tăng Crit. Rate của Kỹ Năng Echo thêm 20% trong 6 giây. Khi cả hai hiệu ứng cùng kích hoạt, nhận thêm 16% Fusion DMG Bonus.",C?n ti?ng Anh nghi v?n: Attack; Bonus; Heavy; Rate; Shadow; Sonata | S? t?/c?m nghi v?n: 9 | T? l? nghi v?n: 0.45 | M?c ??: 43.5
"Open to obtain a random Echo of the following Sonata Effect: Flamewing's Shadow.

3pcs Set: Dealing Echo Skill DMG increases Heavy Attack Crit. Rate by 20% for 6s. Dealing Heavy Attack DMG increases Echo Skill Crit. Rate by 20% for 6s. While both effects are active, gain 16% Fusion DMG Bonus.","Mở để nhận một Echo ngẫu nhiên thuộc Hiệu ứng Sonata: Shadow Cánh Lửa.

Bộ 3 món: Gây Sát Thương Kỹ Năng Echo làm tăng Crit. Rate của Heavy Attack thêm 20% trong 6 giây. Gây Sát Thương Heavy Attack làm tăng Crit. Rate của Kỹ Năng Echo thêm 20% trong 6 giây. Khi cả hai hiệu ứng cùng kích hoạt, nhận thêm 16% Fusion DMG Bonus.",C?n ti?ng Anh nghi v?n: Attack; Bonus; Heavy; Rate; Shadow; Sonata | S? t?/c?m nghi v?n: 9 | T? l? nghi v?n: 0.45 | M?c ??: 43.5
"<color=#723a2e><size=36>ROM Effect</size></color>
Restores <color=#f97507>{0}</color> Burst Points at the start of battle and increases the whole team's Crit Rate by <color=#f97507>{1}</color>.
During the Burst state, all team attacks are guaranteed to be Critical Hits. Each time the team collides with an enemy, Blade Arcs are fired in <color=#f97507>{2}</color> different directions instead.","<color=#723a2e><size=36>Effect ROM</size></color>
Hồi phục <color=#f97507>{0}</color> Points Burst khi bắt đầu trận đấu và tăng Tỷ Lệ Critical Hit của toàn đội lên <color=#f97507>{1}</color>.
Trong trạng thái Burst, mọi đòn tấn công của đội đều đảm bảo gây Critical Hit. Mỗi lần đội va chạm với kẻ địch, Blade Arcs sẽ bắn ra theo <color=#f97507>{2}</color> hướng khác nhau.",C?n ti?ng Anh nghi v?n: Arcs; Blade; Burst; Critical; Effect; Hit; Points; ROM | S? t?/c?m nghi v?n: 11 | T? l? nghi v?n: 0.647 | M?c ??: 43.47
"Complete the <color=#ffe65a>challenges with the ""Dimmr Plains Survey"" tag</color> in the <color=#ffe65a>Silent Crag</color> to receive materials needed to restore the Voidbane Eldertree.
Full restoration of the tree grants Prism Fruit <texture=/Game/Aki/UI/UIResources/Common/Image/IconC80/T_IconC80_jijian_01_UI.T_IconC80_jijian_01_UI,0.5/>x1","Hoàn thành <color=#ffe65a>challenges with the ""Dimmr Plains Survey"" tag</color> tại <color=#ffe65a>Silent Crag</color> để nhận vật liệu phục hồi Voidbane Eldertree.
Khi cây được phục hồi hoàn toàn, bạn sẽ nhận được Quả Prism <texture=/Game/Aki/UI/UIResources/Common/Image/IconC80/T_IconC80_jijian_01_UI.T_IconC80_jijian_01_UI,0.5/>x1.",C?n ti?ng Anh nghi v?n: challenges; Crag; Dimmr; Eldertree; Plains; Prism; Silent; Survey; tag; Voidbane; with | S? t?/c?m nghi v?n: 11 | T? l? nghi v?n: 0.846 | M?c ??: 43.46
"Complete the <color=#ffe65a>challenges with the ""Dimmr Plains Survey"" tag</color> in the <color=#ffe65a>Sealed Fissure</color> to receive materials needed to restore the Voidbane Eldertree.
Full restoration of the tree grants Prism Fruit <texture=/Game/Aki/UI/UIResources/Common/Image/IconC80/T_IconC80_jijian_01_UI.T_IconC80_jijian_01_UI,0.5/>x1","Hoàn thành <color=#ffe65a>challenges with the ""Dimmr Plains Survey"" tag</color> tại <color=#ffe65a>Sealed Fissure</color> để nhận vật liệu phục hồi Voidbane Eldertree.
Khi cây được phục hồi hoàn toàn, bạn sẽ nhận được Quả Prism <texture=/Game/Aki/UI/UIResources/Common/Image/IconC80/T_IconC80_jijian_01_UI.T_IconC80_jijian_01_UI,0.5/>x1.",C?n ti?ng Anh nghi v?n: challenges; Dimmr; Eldertree; Fissure; Plains; Prism; Sealed; Survey; tag; Voidbane; with | S? t?/c?m nghi v?n: 11 | T? l? nghi v?n: 0.846 | M?c ??: 43.46
"[Resistance]: This enemy has a higher <color=Fire>Fusion RES</color>.

[Lonesome Fight]: Intro Skill's Vibration Strength Reduction is decreased. A successful Dodge recovers certain STA and Concerto Energy. Dodge Counter reduces Vibration Strength.","[Kháng cự]: Kẻ địch này có <color=Fire>Fusion RES</color> cao hơn.

[Chiến Đấu Cô Đơn]: Giảm hiệu ứng giảm Độ rung của Intro Skill. Dodge thành công sẽ phục hồi một lượng STA và Concerto Energy nhất định. Dodge Counter sẽ giảm Vibration Strength.",C?n ti?ng Anh nghi v?n: Counter; Dodge; Energy; Intro; RES; Skill; Strength; Vibration | S? t?/c?m nghi v?n: 9 | T? l? nghi v?n: 0.643 | M?c ??: 43.43
"Incarnation: After Basic Attack 4 or Intro Skill is cast, use {0} within 5s while Resonance Skill is not in Cooldown.","Incarnation: Sau khi tung Basic Attack 4 hoặc Intro Skill, sử dụng {0} trong vòng 5 giây khi Resonance Skill chưa Cooldown.",C?n ti?ng Anh nghi v?n: Attack; Basic; Cooldown; Incarnation; Intro; Skill | S? t?/c?m nghi v?n: 7 | T? l? nghi v?n: 0.538 | M?c ??: 43.38
"Dealing damage with Heavy Attack, Resonance Skill, or Resonance Liberation grants {0}, {1}, or {2} stacks of Homebound Order respectively.
Reaching {3} stacks of Homebound Order consumes all stacks to summon Sigillum, dealing DMG equal to {4} of ATK {5} times. Cooldown: {6}s.","Gây sát thương bằng Heavy Attack, Resonance Skill hoặc Resonance Liberation sẽ lần lượt nhận được {0}, {1} hoặc {2} tầng Lệnh Quy Hồi.
Khi đạt {3} tầng Lệnh Quy Hồi, tất cả tầng sẽ được tiêu hao để triệu hồi Sigillum, gây sát thương bằng {4} Attack {5} lần. Cooldown chiêu: {6} giây.",C?n ti?ng Anh nghi v?n: Attack; Cooldown; Heavy; Liberation; Sigillum; Skill | S? t?/c?m nghi v?n: 7 | T? l? nghi v?n: 0.538 | M?c ??: 43.38
"Cast <color=Highlight>Heavy Attack</color> to jump into mid-air, then <color=Highlight>{Cus:Ipt,Touch=tap PC=press Gamepad=press} Normal Attack 3 times</color> shortly after to cast Basic Attack Stage 4.","Thực hiện <color=Highlight>Heavy Attack</color> để nhảy lên không trung, sau đó <color=Highlight>{Cus:Ipt,Touch=tap PC=press Gamepad=press} Normal Attack 3 lần</color> ngay sau đó để thực hiện Stage 4 Basic Attack.",C?n ti?ng Anh nghi v?n: Attack; Basic; Heavy; Normal; Stage | S? t?/c?m nghi v?n: 7 | T? l? nghi v?n: 0.636 | M?c ??: 43.36
"Cartethyia casts Resonance Skill to deal Aero DMG and summons <color=Highlight>Sword of Virtue's Shadow</color>.
Casting Mid-air Attack recalls <color=Highlight>Sword of Virtue's Shadow</color>.","Cartethyia sử dụng Resonance Skill gây Aero DMG và triệu hồi <color=Highlight>Kiếm of Virtue's Shadow</color>.
Mid-air Attack sẽ thu hồi <color=Highlight>Kiếm of Virtue's Shadow</color>.",C?n ti?ng Anh nghi v?n: air; Attack; Cartethyia; Mid; of; Shadow; Skill; Virtue's | S? t?/c?m nghi v?n: 11 | T? l? nghi v?n: 0.733 | M?c ??: 43.33
"Deal <color=#e15226ff>Fusion DMG</color> and apply <color=#f4d582>Burning Rhapsody</color> to all Resonators on the team. During <color=#d4bf5f>Burning Rhapsody</color>, the Resonator's Basic Attack and Heavy Attack on hit trigger a Coordinated Attack, dealing <color=#e15226ff>Fusion DMG</color>.","Gây <color=#e15226ff>Fusion DMG</color> và áp dụng <color=#f4d582>Burning Rhapsody</color> lên tất cả Resonators trong đội. Trong trạng thái <color=#d4bf5f>Burning Rhapsody</color>, đòn Basic Attack và Heavy Attack khi trúng mục tiêu sẽ kích hoạt Attack Phối Hợp, gây <color=#e15226ff>Fusion DMG</color>.",C?n ti?ng Anh nghi v?n: Attack; Basic; Burning; Heavy; Rhapsody | S? t?/c?m nghi v?n: 9 | T? l? nghi v?n: 0.529 | M?c ??: 43.29
"<color=#c49e55>[Resonance Skill]</color> ""Stroke of Genius"" or ""Creation's Zenith"" generates {0} stack(s) of ""Brushmark"" on hit, lasting for {1}s and stacking up to {2} time(s). Up to 1 stack can be generated every {3}s. When a Basic Attack, Mid-air Attack, or Dodge Counter deals DMG, consume {4} stack(s) to summon an Ivory Herald, dealing DMG equal to {5} of Creation's Zenith's DMG. 1 Ivory Herald can be summoned this way every {6}s.","<color=#c49e55>[Resonance Skill]</color> ""Stroke of Genius"" hoặc ""Đỉnh Cao Sáng Tạo"" khi trúng mục tiêu sẽ tạo ra {0} lớp ""Dấu Cọ"" tồn tại trong {1} giây và có thể tích lũy tối đa {2} lần. Mỗi {3} giây chỉ có thể tạo ra tối đa 1 lớp. Khi Basic Attack, Mid-air Attack hoặc Dodge Counter Gây Sát Thương, tiêu hao {4} lớp để triệu hồi Héraut Ngà, gây sát thương bằng {5} sát thương của ""Đỉnh Cao Sáng Tạo"". Mỗi {6} giây chỉ có thể triệu hồi 1 Héraut Ngà theo cách này.",C?n ti?ng Anh nghi v?n: air; Attack; Basic; Counter; Dodge; Genius; Mid; of; Stroke | S? t?/c?m nghi v?n: 10 | T? l? nghi v?n: 0.526 | M?c ??: 43.26
Enemies' <color=#b72924ff>Attribute RES is increased by 30%</color>. Dealing damage to enemies with any <color=#5cc96aff>Negative Status</color> removes all <color=#5cc96aff>Negative Statuses</color> on Resonators themselves.,<color=#b72924ff>Attribute RES is increased by 30%</color>. Gây sát thương lên kẻ địch đang mang <color=#5cc96aff>Negative Status</color> sẽ xóa toàn bộ <color=#5cc96aff>Negative Statuses</color> trên bản thân Resonators.,C?n ti?ng Anh nghi v?n: Attribute; by; increased; is; Negative; RES; Status; Statuses | S? t?/c?m nghi v?n: 9 | T? l? nghi v?n: 0.818 | M?c ??: 43.18
"<color=#c49e55>[Forte Circuit]</color>
- Forte Circuit - Learn My True Name Cooldown becomes {0}s. 
- Obtaining a Rune grants an extra Rune of the same type. Casting Echo Skill fully restores Soliskin Vitality.","<color=#c49e55>[Forte Circuit]</color>
- Hồi chiêu của Forte Circuit - Learn My True Name giảm còn {0} giây.
- Nhận được một Rune sẽ nhận thêm một Rune cùng loại. Dùng Kỹ Năng Echo sẽ hồi đầy Soliskin Vitality.",C?n ti?ng Anh nghi v?n: Circuit; Learn; My; Name; Rune; Soliskin; True; Vitality | S? t?/c?m nghi v?n: 9 | T? l? nghi v?n: 0.818 | M?c ??: 43.18
"<color=#c49e55>[Normal Attack]</color> When a Basic Attack, Mid-air Attack, or Dodge Counter deals DMG, reduce Resonance Liberation's cooldown by {0}s and gain {1} Glacio DMG Bonus for {2}s. This effect can stack up to {3} time(s) and can be triggered once every {4}s.","<color=#c49e55>[Normal Attack]</color> 
Khi Basic Attack, Mid-air Attack hoặc Phản Công Dodge gây sát thương, giảm Cooldown chiêu của Resonance Liberation {0} giây và nhận thêm {1} Glacio DMG trong {2} giây. Hiệu ứng này có thể cộng dồn tối đa {3} lần và kích hoạt mỗi {4} giây một lần.",C?n ti?ng Anh nghi v?n: air; Attack; Basic; Cooldown; Dodge; Liberation; Mid | S? t?/c?m nghi v?n: 8 | T? l? nghi v?n: 0.615 | M?c ??: 43.15
"<color=Highlight>Activated upon having 3 Bond Members in the team</color>
When in Synergy Burst:
After inflicting Negative Statuses <SapTag=0>{0}</SapTag> {Cus:Sap,S=time P=times SapTag=0} on a target, summon 1 Sword of Divinity, dealing Aero DMG equal to {1} of ATK to nearby targets.","<color=Highlight>Activated upon having 3 Bond Members in the team</color>
Khi ở trạng thái Synergy Burst:
Sau khi gây hiệu ứng Negative Status <SapTag=0>{0}</SapTag> {Cus:Sap,S=lần P=lần SapTag=0} lên mục tiêu, triệu hồi 1 Kiếm Thần Thánh, gây Aero DMG bằng {1} ATK lên các mục tiêu lân cận.",C?n ti?ng Anh nghi v?n: Activated; Bond; Burst; having; in; Members; Negative; Status; Synergy; team; upon | S? t?/c?m nghi v?n: 11 | T? l? nghi v?n: 0.611 | M?c ??: 43.11
"<color=#c49e55>[Resonance Skill]</color>
- DMG dealt by Encore's Resonance Skill, Dreamscape: Cloudy, and Dreamscape: Cosmos ignores a certain amount of the target's DEF.
- Summoning Dreamscape: Cloudy also summons Dreamscape: Cosmos, dealing high Fusion DMG, which is considered Basic Attack DMG.","<color=#c49e55>[Resonance Skill]</color>
- Sát thương gây ra bởi Resonance Skill của Encore, Dreamscape: Cloudy và Dreamscape: Cosmos sẽ bỏ qua một lượng Phòng Ngự nhất định của mục tiêu.
- Triệu hồi Dreamscape: Cloudy cũng sẽ triệu hồi Dreamscape: Cosmos, gây Fusion DMG cao, được tính là Sát Thương Basic Attack.",C?n ti?ng Anh nghi v?n: Attack; Basic; Cloudy; Cosmos; Dreamscape; Skill | S? t?/c?m nghi v?n: 11 | T? l? nghi v?n: 0.611 | M?c ??: 43.11
"<color=Highlight>[Forte Circuit]</color>
- Iuno gains <color=Highlight>{1}</color> stacks of Blessing of the Wan Light every <color=Highlight>{0}s</color>.
- Casting Heavy Attack - Flux increases Aero DMG by <color=Highlight>{2}</color> for <color=Highlight>{3}s</color> and stagnates surrounding enemies for <color=Highlight>{4}s</color>.","<color=Highlight>[Forte Circuit]</color>
- Iuno nhận được <color=Highlight>{1}</color> tầng Blessing of the Wan Light mỗi <color=Highlight>{0}s</color>.
- Sử dụng Heavy Attack - Flux làm tăng Aero DMG thêm <color=Highlight>{2}</color> trong <color=Highlight>{3}s</color> và làm chậm kẻ địch xung quanh trong <color=Highlight>{4}s</color>.",C?n ti?ng Anh nghi v?n: Attack; Blessing; Flux; Heavy; Iuno; Light; of; s; Wan | S? t?/c?m nghi v?n: 11 | T? l? nghi v?n: 0.611 | M?c ??: 43.11
"<color=Highlight>[Forte Circuit]</color>
- Iuno gains <color=Highlight>{1}</color> stacks of Blessing of the Wan Light every <color=Highlight>{0}s</color>.
- Casting Heavy Attack - Flux increases Aero DMG by <color=Highlight>{2}</color> for <color=Highlight>{3}s</color> and stagnates surrounding enemies for <color=Highlight>{4}s</color>.","<color=Highlight>[Forte Circuit]</color>
- Iuno nhận được <color=Highlight>{1}</color> tầng Blessing of the Wan Light mỗi <color=Highlight>{0}s</color>.
- Sử dụng Heavy Attack - Flux làm tăng Aero DMG thêm <color=Highlight>{2}</color> trong <color=Highlight>{3}s</color> và làm chậm kẻ địch xung quanh trong <color=Highlight>{4}s</color>.",C?n ti?ng Anh nghi v?n: Attack; Blessing; Flux; Heavy; Iuno; Light; of; s; Wan | S? t?/c?m nghi v?n: 11 | T? l? nghi v?n: 0.611 | M?c ??: 43.11
"Resonators deal 30% more total DMG to enemies in Tunability - Shifting, Tune Rupture - Interfered, or Tune Strain - Interfered.
Resonators have their Off-Tune Buildup Rate increased by 100%, and Tune Break Boost increased by 50.
Dealing Tune Break DMG grants 30% All-Attribute DMG Bonus to all Resonators in the team, plus an additional 40% Spectro DMG Bonus and 40% Fusion DMG Bonus. This effect lasts for 30s.","Resonators gây thêm 30% tổng Sát Thương lên kẻ địch trong trạng thái Điều Tần - Dao Động, Tune Rupture - Interfered hoặc Tune Strain - Interfered.
Tốc độ Tích Lũy Lệch Giai Tune của Resonators tăng 100%, và Tăng Cường Tune Break tăng 50.
Gây Sát Thương Tune Break sẽ kích hoạt hiệu ứng cộng thêm 30% Tăng Sát Thương Tất Cả Thuộc Tính cho toàn bộ Resonators trong đội, cùng với 40% Spectro DMG Bonus và 40% Fusion DMG Bonus. Hiệu ứng kéo dài trong 30 giây.",C?n ti?ng Anh nghi v?n: Bonus; Break; Interfered; Rupture; Strain; Tune | S? t?/c?m nghi v?n: 13 | T? l? nghi v?n: 0.5 | M?c ??: 43.0
"When the target's <color=Highlight>Off-Tune Level</color> is maxed, they enter the <color=Highlight>Mistune</color> state:
The active Resonator in the team may perform <color=Highlight>Tune Break Skill</color> on the target, dealing DMG and causing the target to leave the <color=Highlight>Mistune</color> state.
If the target is of the Common Class, Resonators in the team may directly deal <color=Highlight>Tune Break DMG</color> with some of their regular skills on hit. The target leaves the <color=Highlight>Mistune</color> state afterward.","Khi <color=Highlight>Off-Tune Level</color> của mục tiêu đạt tối đa, mục tiêu sẽ rơi vào trạng thái <color=Highlight>Mistune</color>:
Resonators đang hoạt động trong đội có thể thực hiện <color=Highlight>Tune Break Skill</color> lên mục tiêu, gây sát thương và khiến mục tiêu thoát khỏi trạng thái <color=Highlight>Mistune</color>.
Nếu mục tiêu thuộc Class Phổ Thông, Resonators trong đội có thể trực tiếp gây <color=Highlight>Tune Break DMG</color> bằng một số kỹ năng thông thường khi tấn công. Mục tiêu sẽ thoát khỏi trạng thái <color=Highlight>Mistune</color> sau đó.",C?n ti?ng Anh nghi v?n: Break; Class; Level; Mistune; Off; Skill; Tune | S? t?/c?m nghi v?n: 12 | T? l? nghi v?n: 0.6 | M?c ??: 43.0
"This enemy has a <color=HighlightB>higher RES</color> to <color=Dark>Havoc DMG</color>.
 
An avian Tacet Discord prowling the Penitent's End. In darkness, its form blends into shadow, leaving only its mask flickering like ignis fatuus.
 
The Fae Ignis uses its spectral flames to set the surroundings ablaze, delighting in the chaos it creates. This mischief often provokes other Tacet Discords into a frenzy, while also damaging the belongings of any unfortunate passersby.","Kẻ địch này có <color=HighlightB>higher RES</color> với <color=Dark>Havoc DMG</color>.

Một Discord hình chim săn mồi ở Penitent's End. Trong bóng tối, hình dáng của nó hòa vào màn đêm, chỉ còn chiếc mặt nạ lấp lánh như ignis fatuus.

Fae Ignis dùng ngọn lửa ma quái để thiêu đốt mọi thứ xung quanh, thích thú với sự hỗn loạn mà nó gây ra. Sự nghịch ngợm này thường kích động các Discord khác vào cơn điên cuồng, đồng thời phá hoại tài sản của những kẻ xấu số đi ngang qua.",C?n ti?ng Anh nghi v?n: Discord; End; Fae; fatuus; higher; Ignis; ignis; Penitent's; RES | S? t?/c?m nghi v?n: 10 | T? l? nghi v?n: 0.5 | M?c ??: 43.0
"This enemy has a <color=HighlightB>higher RES</color> to <color=Thunder>Electro DMG</color> and <color=Dark>Havoc DMG</color>.

A humanoid molded of sludge. The False Sovereign, the Dark Tide's will made manifest.

Born from the utopia of Unity envisioned by the Threnodian, it is a shapeless mass of black sludge given form, a vessel created solely to devour. All things are to unite within the False Sovereign's body and be reborn as servants and children of Leviathan.

It does not think. It does not feel. Only the rippling sludge murmurs its false hymns, eternally glorifying the power of Leviathan.","Kẻ địch này có <color=HighlightB>higher RES</color> với <color=Thunder>Electro DMG</color> và <color=Dark>Havoc DMG</color>.

Một hình người được tạo từ bùn nhơ. False Sovereign, ý chí của Dark Tide hiện thân.

Sinh ra từ giấc mơ utopia về Sự Thống Nhất của Threnodian, nó là khối bùn đen vô định hình được trao cho hình hài, một chiếc bình chỉ để nuốt chửng. Mọi thứ đều phải hòa nhập vào thân thể của False Sovereign và tái sinh thành tôi tớ, con cái của Leviathan.

Nó không suy nghĩ. Nó không cảm nhận. Chỉ có những làn sóng bùn nhơ thì thầm những bài thánh ca giả dối, ca tụng quyền năng của Leviathan đến muôn đời.",C?n ti?ng Anh nghi v?n: Dark; False; higher; Leviathan; RES; Sovereign; utopia | S? t?/c?m nghi v?n: 10 | T? l? nghi v?n: 0.4 | M?c ??: 43.0
Galbrena <color=#d4bf5f>Heavy Attack - Volley of Death</color> and <color=#d4bf5f>Hellstride</color> Combo Tutorial,Galbrena Tutorial Combo <color=#d4bf5f>Heavy Attack - Volley of Death</color> và <color=#d4bf5f>Hellstride</color>,C?n ti?ng Anh nghi v?n: Attack; Combo; Death; Galbrena; Heavy; Hellstride; of; Tutorial; Volley | S? t?/c?m nghi v?n: 9 | T? l? nghi v?n: 1.0 | M?c ??: 43.0
"<color=yellow>Black Tortoise Counterattack</color>
When Taoqi performs Heavy Attacks, if the attack action is interrupted, she can consume 1 point of Shangneng to perform the [Black Tortoise Counterattack] with a Basic Attack, triggering the [Black Tortoise Netherworld].","<color=yellow>Black Tortoise Counterattack</color>
Khi Taoqi thực hiện Heavy Attack, nếu hành động bị gián đoạn, cô có thể tiêu hao 1 điểm Thượng Năng để thực hiện [Phản Công Hắc Quy] bằng Basic Attack, kích hoạt [Hắc Quy U Minh Giới].",C?n ti?ng Anh nghi v?n: Attack; Basic; Black; Counterattack; Heavy; Taoqi; Tortoise | S? t?/c?m nghi v?n: 8 | T? l? nghi v?n: 0.8 | M?c ??: 43.0
"While in the <color=Highlight>Enhanced State</color>, switching to other Resonators commands Hecate to automatically cast <color=Highlight>Basic Attack - Hecate</color> to attack the target.
Switching back to Phrolova ends the <color=Highlight>Enhanced State</color>.","Khi ở trạng thái <color=Highlight>Enhanced State</color>, chuyển sang Resonators khác sẽ khiến Hecate tự động thi triển <color=Highlight>Basic Attack - Hecate</color> tấn công mục tiêu.
Chuyển về Phrolova sẽ kết thúc trạng thái <color=Highlight>Enhanced State</color>.",C?n ti?ng Anh nghi v?n: Attack; Basic; Enhanced; Hecate; Phrolova; State | S? t?/c?m nghi v?n: 9 | T? l? nghi v?n: 0.692 | M?c ??: 42.92
"The owner of Yanqing Bookstore, Changqing, recently encountered two strange incidents.

The first involves his business.

With so many to be offered from the vast and rich land of <te href=850093>Huanglong</te>, items popular in Jinzhou are never there to stay. Recently, paper books have fallen out of fashion and the local bookstore has suffered. 

However, business has unexpectedly picked up in the past few days, and Changqing's bookstore has seen an influx of customers.

Many of the customers at the bookstore appeared to be officials from the Central Court, judging by their attire. 

When a puzzled Changqing asked them about it, most mentioned that the Secretary-General had recommended this particular place. 

The Secretary-General? Although he knew there was a new Secretary-General in office, Changqing couldn't fathom why someone like him, a humble bookstore owner, would be tied to such high-ranking individuals.

The second strange incident revolves around the neglected facade of Yanqing Bookstore.

Under the weight of depression, it had been left unattended for too long. Even the grocer next door advised Changqing to repair the gate before it deterred potential customers.

""Changqing, you should fix your gate. If it gets worse, no one will ever visit your store!"" 

""Don't worry. Although my store may not be as fancy as those in the capital, I have the greatest collection of antique and classic texts. People will surely find out!""

While he might have appeared confident, Changqing was uncertain about renovating the old store himself. He considered hiring someone during the current boom in business.

The next day, he arrived at the store to find that the facade had miraculously transformed overnight. The plaque and gate were gleaming, proudly displaying ""Yanqing Bookstore.""

A note on the counter read, ""In gratitude for the bookstore owner's kindness, I took the liberty to do some renovation work as a thank you gesture.""

The note was not signed, but the vermilion-colored feather pattern on the paper seemed somewhat familiar. Changqing held the note and slowly sat down, falling into memory. 

More than decade ago, the bookstore was thriving with customers coming and going. One day, a little girl around eight or nine years old started sneaking in and spending whole afternoons reading books.

Initially, Changqing didn't mind when customers read without purchasing as long as it didn't damage the books or affect business.

But after several days of declining sales and fewer customers, he grew concerned.

""So hot. It's too hot in here! I can't stand it anymore. Let's go somewhere else!"" 

Despite the early autumn weather, the room was unusually sultry. Changqing wiped his forehead and searched carefully, eventually finding a little girl curled up under a bookshelf, completely engrossed in her book.

In front of her, a fire was floating, heating up the whole premise as the girl was absorbed into the world of the books. This sight filled Changqing with rage.

""What are you doing, kid? You're burning my store!""

The girl was startled by a shout, immediately snuffing out the fire. Changqing watched as the page she held tightly turned yellow, as if it would catch fire soon.

""You, you are...!""

The girl hurriedly threw the book away. Her flushed face revealed a mix of panic and guilt as she surveyed the charred pages.

""Sorry, it's too dark here, I just wanted to make it brighter..."" 

As Changqing saw his beloved book being damaged, he couldn't help but remember the recent decline in sales. His face darkened as he grabbed a broom from the side of the bookshelf and prepared to strike the girl responsible.

However, she was surprisingly quick for her slender frame. When Changqing pursued her out of the bookstore, all he could see was her fiery red hair disappearing in the bustling market. He stood at the gate, fuming and bewildered.

""Never show your face again!""

""What's wrong?"" The grocer next door came out with a smile and asked, ""Isn't that the little girl who can control fire?"" 

""You know her? She almost burned down my store!"" 

""Hey, she's a good girl, I kid you not. Helped me out a few days ago, just to get some steamed buns. It's a pity she had to walk here alone, so young and all. I heard her hometown was attacked by the <te href=850081>TD</te> Outbreak and no one made it. Not sure how she managed to escape...""

""Why didn't you tell me earlier?""

""Well, you didn't ask! But now that this happened... she probably won't come back again."" 

The little girl disappeared down the alley, and sounds of children playing drifted over from the neighboring walls. Changqing gazed at the book lying on the ground, unsure of what to feel.","Chủ tiệm sách Yanqing, Changqing, gần đây đã gặp phải hai sự việc kỳ lạ.

Đầu tiên là chuyện làm ăn.

Với vô vàn thứ được mang đến từ vùng đất rộng lớn và trù phú <te href=850093>Huanglong</te>, những mặt hàng được ưa chuộng ở Jinzhou chưa bao giờ tồn tại lâu. Gần đây, sách giấy đã không còn thịnh hành, và hiệu sách địa phương đang gặp khó khăn.

Thế nhưng, vài ngày qua, việc kinh doanh đột nhiên khởi sắc trở lại, tiệm sách của Changqing đón nhận một lượng khách đông đảo.

Nhiều vị khách đến tiệm trông như là quan chức của Tòa Án Trung Ương, dựa vào trang phục của họ.

Khi Changqing thắc mắc hỏi thăm, hầu hết đều nhắc đến việc Tổng Thư Ký đã giới thiệu nơi này.

Tổng Thư Ký? Dù biết rằng có một vị Tổng Thư Ký mới nhậm chức, Changqing không thể hiểu nổi tại sao một người chủ tiệm sách nhỏ bé như ông lại có liên hệ với những nhân vật cao cấp như vậy.

Sự việc kỳ lạ thứ hai liên quan đến mặt tiền bị bỏ quên của tiệm sách Yanqing.

Dưới gánh nặng của nỗi buồn, nó đã bị bỏ mặc quá lâu. Ngay cả ông chủ tạp hóa bên cạnh cũng khuyên Changqing nên sửa lại cánh cổng trước khi nó khiến khách hàng e ngại.

""Changqing, anh nên sửa cái cổng đi. Nếu để thế này, chẳng ai dám vào tiệm của anh đâu!""

""Đừng lo. Dù tiệm tôi không sang trọng như những nơi ở kinh đô, nhưng tôi có bộ sưu tập sách cổ và kinh điển lớn nhất. Mọi người rồi sẽ biết thôi!""

Dù tỏ ra tự tin, Changqing vẫn không chắc liệu mình có thể tự sửa lại cửa hàng cũ kỹ này. Ông đã nghĩ đến việc thuê người trong thời kỳ kinh doanh đang khởi sắc.

Ngày hôm sau, khi đến tiệm, ông phát hiện mặt tiền đã được biến đổi kỳ diệu chỉ sau một đêm. Bảng hiệu và cánh cổng sáng bóng, tự hào khoe dòng chữ ""Tiệm sách Yanqing"".

Trên quầy có một mảnh giấy ghi: ""Để cảm ơn lòng tốt của chủ tiệm sách, tôi đã tự ý sửa sang lại một chút như lời cảm tạ.""

Lá thư không có chữ ký, nhưng hoa văn lông vũ màu đỏ son trên giấy trông có chút quen thuộc. Changqing cầm mảnh giấy, từ từ ngồi xuống, chìm vào ký ức.

Hơn mười năm trước, tiệm sách lúc nào cũng tấp nập khách ra vào. Một ngày nọ, có một bé gái khoảng tám, chín tuổi lén vào và dành cả buổi chiều để đọc sách.

Ban đầu, Changqing không để tâm khi khách đọc sách mà không mua, miễn là không làm hỏng sách hay ảnh hưởng đến việc kinh doanh.

Nhưng sau vài ngày doanh thu sụt giảm và khách hàng ngày càng ít đi, ông bắt đầu lo lắng.

""Nóng quá. Trong này nóng quá! Không chịu nổi nữa. Đi chỗ khác thôi!""

Dù mới đầu thu, căn phòng lại oi bức khác thường. Changqing lau mồ hôi trên trán, cẩn thận quan sát và cuối cùng phát hiện một bé gái đang cuộn tròn dưới kệ sách, say sưa đọc.

Trước mặt cô bé, một ngọn lửa đang lơ lửng, sưởi ấm cả căn phòng trong khi cô bé chìm đắm vào thế giới sách vở. Cảnh tượng này khiến Changqing nổi giận.

""Cháu làm gì thế hả? Cháy tiệm của ta à!""

Cô bé giật mình vì tiếng quát, lập tức dập tắt ngọn lửa. Changqing nhìn thấy trang sách cô bé đang giữ chặt dần chuyển sang màu vàng, như thể sắp bắt lửa.

""Cháu, cháu là...!""

Cô bé vội Dodgem cuốn sách đi. Khuôn mặt đỏ bừng của cô lộ rõ vẻ hoảng loạn và tội lỗi khi nhìn những trang sách bị cháy sém.

""Xin lỗi... Ở đây tối quá, cháu chỉ muốn sáng hơn một chút...""

Nhìn thấy cuốn sách yêu quý của mình bị hư hại, Changqing không khỏi nhớ đến việc doanh thu gần đây sụt giảm. Mặt ông tối sầm lại khi cầm cây chổi bên kệ sách, chuẩn bị đánh cô bé.

Thế nhưng, cô bé nhanh nhẹn một cách đáng ngạc nhiên so với thân hình mảnh khảnh. Khi Changqing đuổi theo ra khỏi tiệm, tất cả những gì ông thấy chỉ là mái tóc đỏ rực biến mất trong đám đông chợ búa. Ông đứng trước cổng, vừa tức giận vừa bối rối.

""Đừng bao giờ xuất hiện trước mặt ta nữa!""

""Có chuyện gì thế?"" Ông chủ tạp hóa bên cạnh bước ra với nụ cười hỏi. ""Không phải cô bé có thể điều khiển lửa đó sao?""

""Anh biết cô bé ấy à? Nó suýt thiêu rụi tiệm của tôi!""

""Này, nó là đứa trẻ ngoan, tôi không đùa đâu. Mấy hôm trước còn giúp tôi chỉ để lấy vài cái bánh bao. Tội nghiệp, nó phải đi một mình từ nhỏ như vậy. Nghe nói quê hương nó bị <te href=850081>TD</te> tấn công, không ai sống sót. Không biết làm sao nó lại trốn thoát được...""

""Sao anh không nói sớm hơn?""

""Chà, anh đâu có hỏi! Nhưng giờ chuyện đã thế này... chắc nó sẽ không quay lại nữa đâu.""

Cô bé biến mất vào ngõ hẻm, tiếng trẻ con nô đùa vọng lại từ những bức tường bên cạnh. Changqing nhìn cuốn sách nằm trên mặt đất, lòng tràn ngập cảm xúc khó tả.",C?n ti?ng Anh nghi v?n: Changqing; so; Yanqing | S? t?/c?m nghi v?n: 19 | T? l? nghi v?n: 0.174 | M?c ??: 42.74
"Enemies' HP will recover if not attacked for 5s. <color=Highlight>Successful Dodges</color> or casting <color=Highlight>Resonance Liberation</color> <color=Highlight>extends</color> the challenge time. Casting <color=Highlight>Intro Skill</color> <color=Highlight>extends</color> the challenge time and deals AoE Aero DMG, while <color=ThreatHigh>taking damage</color> reduces the challenge time.","HP của kẻ địch sẽ hồi phục nếu không bị tấn công trong 5 giây. <color=Highlight>Successful Dodges</color> hoặc sử dụng <color=Highlight>Resonance Liberation</color> sẽ <color=Highlight>extends</color> thời gian thử thách. Sử dụng <color=Highlight>Intro Skill</color> sẽ <color=Highlight>extends</color> thời gian thử thách và gây Aero DMG diện rộng, trong khi <color=ThreatHigh>taking damage</color> sẽ rút ngắn thời gian thử thách.",C?n ti?ng Anh nghi v?n: damage; Dodges; extends; Intro; Liberation; Skill; Successful; taking | S? t?/c?m nghi v?n: 9 | T? l? nghi v?n: 0.474 | M?c ??: 42.74
"These enemies are powerful. Enemies' HP will recover if not attacked for 5s. <color=Highlight>Successful Dodges</color> or <color=Highlight>Resonance Liberation</color> <color=Highlight>extends</color> the challenge time. Casting <color=Highlight>Intro Skill</color> <color=Highlight>extends</color> the challenge time and deals AoE Aero DMG, while <color=ThreatHigh>taking damage</color> reduces the challenge time.","Kẻ địch này rất mạnh. HP của kẻ địch sẽ hồi phục nếu không bị tấn công trong 5 giây. <color=Highlight>Successful Dodges</color> hoặc <color=Highlight>Resonance Liberation</color> sẽ <color=Highlight>extends</color> thời gian thử thách. Sử dụng <color=Highlight>Intro Skill</color> sẽ <color=Highlight>extends</color> thời gian thử thách và gây Aero DMG diện rộng, trong khi <color=ThreatHigh>taking damage</color> sẽ làm giảm thời gian thử thách.",C?n ti?ng Anh nghi v?n: damage; Dodges; extends; Intro; Liberation; Skill; Successful; taking | S? t?/c?m nghi v?n: 9 | T? l? nghi v?n: 0.474 | M?c ??: 42.74
"These enemies are extremely powerful. Enemies' HP will recover if not attacked for 5s. <color=Highlight>Successful Dodges</color> or <color=Highlight>Resonance Liberation</color> <color=Highlight>extends</color> the challenge time. Casting <color=Highlight>Intro Skill</color> <color=Highlight>extends</color> the challenge time and deals AoE Aero DMG, while <color=ThreatHigh>taking damage</color> reduces the challenge time.","Kẻ địch này cực kỳ mạnh. HP của kẻ địch sẽ hồi phục nếu không bị tấn công trong 5 giây. <color=Highlight>Successful Dodges</color> hoặc <color=Highlight>Resonance Liberation</color> sẽ <color=Highlight>extends</color> thời gian thử thách. Sử dụng <color=Highlight>Intro Skill</color> sẽ <color=Highlight>extends</color> thời gian thử thách và gây Aero DMG diện rộng, trong khi <color=ThreatHigh>taking damage</color> sẽ làm giảm thời gian thử thách.",C?n ti?ng Anh nghi v?n: damage; Dodges; extends; Intro; Liberation; Skill; Successful; taking | S? t?/c?m nghi v?n: 9 | T? l? nghi v?n: 0.474 | M?c ??: 42.74
"<color=#c49e55>[Basic Attack]</color> 
Gain {4} Crit. Rate increase for {5}s when <color=#c49e55>Basic Attack</color> hits a target affected by Havoc Bane. Total DMG of Basic Attack - Death Snip is increased by {0}. Casting this Basic Attack restores {1} points Resonance Energy, triggered <SapTag=3>{3}</SapTag> {Cus:Sap,S=time P=times SapTag=3} every {2}s.","<color=#c49e55>[Basic Attack]</color>
Nhận tăng {4} Crit. Rate trong {5} giây khi <color=#c49e55>Basic Attack</color> trúng mục tiêu bị ảnh hưởng bởi Havoc Bane. Total sát thương của Basic Attack - Cú Bắn Tử Thần tăng thêm {0}. Thi triển chiêu này sẽ hồi phục {1} Resonance Energy, kích hoạt <SapTag=3>{3}</SapTag> {Cus:Sap,S=lần P=lần SapTag=3} mỗi {2} giây.",C?n ti?ng Anh nghi v?n: Attack; Bane; Basic; Energy; Rate; Total | S? t?/c?m nghi v?n: 8 | T? l? nghi v?n: 0.571 | M?c ??: 42.71
"These enemies are extremely powerful. <color=Highlight>Successful Dodges</color> deal AoE DMG and <color=Highlight>extend</color> the challenge time. Launching <color=Highlight>Counterattacks</color> or <color=Highlight>immobilizing enemies</color> <color=Highlight>greatly extends</color> the challenge time, while <color=ThreatHigh>taking damage</color> reduces the challenge time.","Kẻ địch này cực kỳ mạnh. <color=Highlight>Successful Dodges</color> sẽ gây sát thương diện rộng và <color=Highlight>extend</color> thời gian thử thách. <color=Highlight>Counterattacks</color> hoặc <color=Highlight>immobilizing enemies</color> sẽ <color=Highlight>greatly extends</color> thời gian thử thách, trong khi <color=ThreatHigh>taking damage</color> sẽ làm giảm thời gian thử thách.",C?n ti?ng Anh nghi v?n: Counterattacks; damage; Dodges; enemies; extend; extends; greatly; immobilizing; Successful; taking | S? t?/c?m nghi v?n: 10 | T? l? nghi v?n: 0.667 | M?c ??: 42.67
"Launch a stronger attack when ""Ruby Blossom"" is higher than 60, dealing <color=Dark>Havoc DMG</color> and recovering HP. When ""Ruby Blossom"" is higher than 120, this attack deals further increased damage. Within a while after Heavy Attack: Chaoscleave, use <color=#f4d582>Basic Attack</color> to launch <color=#d4bf5f>Heavy Attack: Scatterbloom</color>, dealing <color=#e649a6>Havoc DMG</color>.","Khi ""Hoa Hồng Đỏ"" vượt quá 60, tung đòn tấn công mạnh hơn, gây <color=Dark>Havoc DMG</color> và hồi HP. Khi ""Hoa Hồng Đỏ"" vượt quá 120, đòn tấn công này gây thêm sát thương. Trong một khoảng thời gian sau khi sử dụng Heavy Attack: Chaoscleave, dùng <color=#f4d582>Basic Attack</color> để phóng <color=#d4bf5f>Heavy Attack: Scatterbloom</color>, gây <color=#e649a6>Havoc DMG</color>.",C?n ti?ng Anh nghi v?n: Attack; Basic; Chaoscleave; Heavy; Scatterbloom | S? t?/c?m nghi v?n: 8 | T? l? nghi v?n: 0.364 | M?c ??: 42.64
"<color=Highlight>Hyvatia</color>
- For 15s after defeating Hyvatia, all Resonators in the team are immune to damage.
- Vibration Strength Reduction taken by Hyvatia is reduced by 25%. When Hyvatia is in mid-air, the Vibration Strength Reduction it takes is increased by 50%.
- When a Resonator successfully triggers a Counterattack, Hyvatia builds up 30% of its Max <color=Highlight>Off-Tune Level</color>. This effect has a 20s cooldown.
- When Hyvatia takes Tune Rupture DMG, its Vibration Strength is reduced by 8%. This effect has a 5s cooldown.
[Unlocked in Round 2] Hyvatia's Immobilization duration is reduced by 20%.","<color=Highlight>Hyvatia</color>
- Trong 15 giây sau khi đánh bại Hyvatia, tất cả Resonators trong đội đều miễn nhiễm sát thương.
- Giảm trừ Concerto Vibrancy mà Hyvatia phải chịu giảm 25%. Khi Hyvatia ở trên không, mức giảm trừ này tăng thêm 50%.
- Khi Resonators kích hoạt phản đòn thành công, Hyvatia tích lũy 30% <color=Highlight>Off-Tune Level</color> tối đa. Hiệu ứng này có Cooldown 20 giây.
- Khi Hyvatia chịu sát thương Vỡ Tần Số, Concerto Vibrancy của nó giảm 8%. Hiệu ứng này có Cooldown 5 giây.
[Mở khóa ở Round 2] Thời gian Bất Động của Hyvatia giảm 20%.",C?n ti?ng Anh nghi v?n: Cooldown; Hyvatia; Level; Off; Tune | S? t?/c?m nghi v?n: 12 | T? l? nghi v?n: 0.462 | M?c ??: 42.62
"<color=Highlight>Hyvatia</color>
- For 15s after defeating Hyvatia, all Resonators in the team are immune to damage.
- Vibration Strength Reduction taken by Hyvatia is reduced by 25%. When Hyvatia is in mid-air, the Vibration Strength Reduction it takes is increased by 50%.
- When a Resonator successfully triggers a Counterattack, Hyvatia builds up 30% of its Max <color=Highlight>Off-Tune Level</color>. This effect has a 20s cooldown.
- When Hyvatia takes Tune Rupture DMG, its Vibration Strength is reduced by 8%. This effect has a 5s cooldown.
- Hyvatia's Immobilization duration is reduced by 20%.","<color=Highlight>Hyvatia</color>
- Trong 15 giây sau khi đánh bại Hyvatia, tất cả Resonators trong đội đều miễn nhiễm sát thương.
- Giảm trừ Concerto Vibrancy mà Hyvatia phải chịu giảm 25%. Khi Hyvatia ở trên không, mức giảm trừ này tăng thêm 50%.
- Khi Resonators kích hoạt phản đòn thành công, Hyvatia tích lũy 30% <color=Highlight>Off-Tune Level</color> tối đa. Hiệu ứng này có Cooldown 20 giây.
- Khi Hyvatia chịu sát thương Vỡ Tần Số, Concerto Vibrancy của nó giảm 8%. Hiệu ứng này có Cooldown 5 giây.
- Thời gian Bất Động của Hyvatia giảm 20%.",C?n ti?ng Anh nghi v?n: Cooldown; Hyvatia; Level; Off; Tune | S? t?/c?m nghi v?n: 12 | T? l? nghi v?n: 0.462 | M?c ??: 42.62
"This enemy has a <color=HighlightB>higher RES</color> to <color=Light>Spectro DMG</color>.
 
Once a remnant creature in Nimbus Sanctum, it decayed into a Tacet Discord as its frequency wanes, leaving it wandering in perpetual sorrow.
 
Ever since Lorelei secluded herself in the Atrium of Reflections and ceased her song, the Nimbus Wraiths that once thrived under her presence have been left unsettled, aimlessly drifting through the area.","Kẻ địch này có <color=HighlightB>higher RES</color> <color=Light>Spectro DMG</color>.
 
Từng là sinh vật còn sót lại trong Nimbus Sanctum, nó dần thoái hóa thành Discord khi tần số suy yếu, để rồi lang thang trong nỗi buồn triền miên.
 
Kể từ khi Lorelei tự giam mình trong Atrium of Reflections và ngừng cất tiếng hát, những Nimbus Wraiths từng thịnh vượng dưới sự hiện diện của nàng giờ đây trở nên bất an, trôi dạt vô định khắp vùng.",C?n ti?ng Anh nghi v?n: Atrium; Discord; higher; Lorelei; Nimbus; of; Reflections; RES; Sanctum; Wraiths | S? t?/c?m nghi v?n: 11 | T? l? nghi v?n: 0.458 | M?c ??: 42.58
"Cast Resonance Skill to deal <color=Thunder>Electro DMG</color>, and continuously pull in nearby targets for a while, obtaining <color=#d4bf5f>Trigram - Thunder</color>. {Cus:Ipt,Touch=Tap PC=Press Gamepad=Press} <color=Highlight>Normal Attack</color> shortly after this skill to cast <color=Highlight>Basic Attack Stage 4</color>.","Kích hoạt Resonance Skill để gây <color=Thunder>Electro DMG</color>, đồng thời kéo các mục tiêu xung quanh vào trong một lúc, nhận được <color=#d4bf5f>Trigram - Thunder</color>. {Cus:Ipt,Touch=Touch PC=press Gamepad=press} <color=Highlight>Normal Attack</color> ngay sau kỹ năng này để tung ra <color=Highlight>Basic Attack Stage 4</color>.",C?n ti?ng Anh nghi v?n: Attack; Basic; Normal; Skill; Stage; Thunder; Trigram | S? t?/c?m nghi v?n: 8 | T? l? nghi v?n: 0.444 | M?c ??: 42.44
"Photo of Qiuyuan wearing his bamboo hat

C-MOSS's hot tip: Already in special state, hold Normal Attack to cast Thus Spoke the Blade: To Teach
(Feel free to explore other ways to complete the challenge)","Chụp ảnh Qiuyuan đội nón tre

Mẹo nóng từ C-MOSS: Đã ở trạng thái đặc biệt, giữ Normal Attack để tung chiêu Thus Spoke the Blade: To Teach
(Cứ tự do khám phá các cách khác để hoàn thành thử thách nhé)",C?n ti?ng Anh nghi v?n: Attack; Blade; C; Normal; Qiuyuan; Spoke; Teach; Thus; To | S? t?/c?m nghi v?n: 9 | T? l? nghi v?n: 0.643 | M?c ??: 42.43
"<color=Highlight>Feilian Beringal</color>
- For 15s after defeating Feilian Beringal, all Resonators in the team are immune to damage.
- DMG received by Feilian Beringal is reduced by 20%. When Feilian Beringal is hit by <color=Highlight>Tune Break</color>, DMG received by Feilian Beringal is increased by 12.5% till the end of the battle, stacking up to 4 times.
[Unlocked in Round 2] Feilian Beringal's behavior changes. After attacking, it can summon Hoochiefs for follow-up attacks.
[Unlocked in Round 2] After being hit by <color=Highlight>Tune Break</color>, Feilian Beringal cannot summon Hoochiefs for 15s.","<color=Highlight>Feilian Beringal</color>
- Trong 15 giây sau khi đánh bại Feilian Beringal, tất cả Resonators trong đội miễn nhiễm sát thương.
- Feilian Beringal giảm 20% sát thương nhận vào. Khi bị trúng <color=Highlight>Tune Break</color>, sát thương nhận vào tăng thêm 12.5% cho đến hết trận, tối đa 4 lần chồng chất.
[Mở khóa ở Round 2] Hành vi của Feilian Beringal thay đổi. Sau khi tấn công, nó có thể triệu hồi Hoochiefs để tấn công tiếp.
[Mở khóa ở Round 2] Sau khi bị trúng <color=Highlight>Tune Break</color>, Feilian Beringal không thể triệu hồi Hoochiefs trong 15 giây.",C?n ti?ng Anh nghi v?n: Beringal; Break; Feilian; Hoochiefs; Tune | S? t?/c?m nghi v?n: 16 | T? l? nghi v?n: 0.533 | M?c ??: 42.33
"<color=Highlight>Feilian Beringal</color>
- For 15s after defeating Feilian Beringal, all Resonators in the team are immune to damage.
- DMG received by Feilian Beringal is reduced by 20%. When Feilian Beringal is hit by <color=Highlight>Tune Break</color>, DMG received by Feilian Beringal is increased by 12.5% till the end of the battle, stacking up to 4 times.
- Feilian Beringal's behavior changes. After attacking, it can summon Hoochiefs for follow-up attacks.
- After being hit by <color=Highlight>Tune Break</color>, Feilian Beringal cannot summon Hoochiefs for 15s.","<color=Highlight>Feilian Beringal</color>
- Trong 15 giây sau khi đánh bại Feilian Beringal, tất cả Resonators trong đội miễn nhiễm sát thương.
- Feilian Beringal giảm 20% sát thương nhận vào. Khi bị trúng <color=Highlight>Tune Break</color>, sát thương nhận vào tăng thêm 12.5% cho đến hết trận, tối đa 4 lần chồng chất.
- Hành vi của Feilian Beringal thay đổi. Sau khi tấn công, nó có thể triệu hồi Hoochiefs để tấn công tiếp.
- Sau khi bị trúng <color=Highlight>Tune Break</color>, Feilian Beringal không thể triệu hồi Hoochiefs trong 15 giây.",C?n ti?ng Anh nghi v?n: Beringal; Break; Feilian; Hoochiefs; Tune | S? t?/c?m nghi v?n: 16 | T? l? nghi v?n: 0.533 | M?c ??: 42.33
"Summon Woolies to perform up to 4 consecutive attacks, dealing <color=#e15226ff>Fusion DMG</color>. After <color=#f4d582>Basic Attack IV</color>, Angry Points will appear around Encore. Use <color=#f4d582>Basic Attack</color> now to cast 1 additional attack, dealing <color=#e15226ff>Fusion DMG</color>.","Summon Woolies thực hiện tối đa 4 đòn tấn công liên tiếp, gây <color=#e15226ff>Fusion DMG</color>. Sau <color=#f4d582>Basic Attack IV</color>, Points Giận Dữ sẽ xuất hiện quanh Encore. Sử dụng <color=#f4d582>Basic Attack</color> ngay để tung thêm 1 đòn tấn công, gây <color=#e15226ff>Fusion DMG</color>.",C?n ti?ng Anh nghi v?n: Attack; Basic; Encore; IV; Points; Summon; Woolies | S? t?/c?m nghi v?n: 9 | T? l? nghi v?n: 0.529 | M?c ??: 42.29
"With full <color=Highlight>Prowess</color>, <color=Highlight>{Cus:Ipt,Touch=tap PC=press Gamepad=press} Resonance Skill</color> or <color=Highlight>Jump</color> shortly after casting <color=Highlight>Resonance Skill - Warrior's Blade</color> to cast <color=Highlight>Heavy Attack - Thunderoar: Uppercut</color>, dealing <color=Thunder>Electro DMG</color> and consuming all Prowess.","Khi <color=Highlight>Prowess</color> đạt tối đa, <color=Highlight>{Cus:Ipt,Touch=tap PC=press Gamepad=press} Resonance Skill</color> hoặc <color=Highlight>Nhảy</color> ngay sau khi thi triển <color=Highlight>Resonance Skill - Warrior's Blade</color> để thi triển <color=Highlight>Heavy Attack - Thunderoar: Uppercut</color>, gây <color=Thunder>Electro DMG</color> và tiêu hao toàn bộ Uy Lực.",C?n ti?ng Anh nghi v?n: Attack; Blade; Heavy; Prowess; Skill; Thunderoar; Uppercut; Warrior's | S? t?/c?m nghi v?n: 9 | T? l? nghi v?n: 0.429 | M?c ??: 42.29
"Each Tacet Field has a unique special buff.
The Tacet Field located in the Central Plains periodically generates a Concerto Energy Sphere, which recovers Concerto Energy and deals <color=#ffd12f>AoE DMG</color> after you cast <color=#ffd12f>Intro Skill</color>.","Mỗi Tacet Field đều có một hiệu ứng đặc biệt riêng.
Tacet Field nằm ở Central Plains sẽ định kỳ tạo ra một Quả Cầu Concerto Energy, giúp hồi phục Concerto Energy và gây <color=#ffd12f>AoE DMG</color> sau khi bạn sử dụng <color=#ffd12f>Intro Skill</color>.",C?n ti?ng Anh nghi v?n: AoE; Central; Energy; Field; Intro; Plains; Skill | S? t?/c?m nghi v?n: 9 | T? l? nghi v?n: 0.529 | M?c ??: 42.29
"<color=#c49e55>[Resonance Liberation]</color> Jiyan can detonate ""Tempest Spears"" by entering Qingloong Mode, or casting enhanced Resonance Liberation. Each detonated ""Tempest Spears"" reduces Resonance Skill Cooldown by {0}s and causes a small explosion, dealing {1} points of DMG.","<color=#c49e55>[Resonance Liberation]</color> Jiyan có thể kích nổ ""Giáo Tempest"" bằng cách vào Qingloong Mode hoặc kích hoạt Resonance Liberation được tăng cường. Mỗi ""Giáo Tempest"" kích nổ sẽ giảm Cooldown chiêu Resonance Skill {0} giây và gây ra một vụ nổ nhỏ, gây {1} điểm sát thương.",C?n ti?ng Anh nghi v?n: Cooldown; Jiyan; Liberation; Mode; Qingloong; Skill; Tempest | S? t?/c?m nghi v?n: 8 | T? l? nghi v?n: 0.727 | M?c ??: 42.27
"Summon a Fae Ignis to attack, dealing {0} <color=#ffd12f>Havoc DMG</color> and inflicting <SapTag=1>{1}</SapTag> {Cus:Sap,S=stack P=stacks SapTag=1} of <color=#ffd12f>Panic</color> on the target. If the target has 70 or more stacks of <color=#ffd12f>Panic</color>, the attack deals the same DMG but inflicts 30 stacks of <color=#ffd12f>Panic</color> instead.
When targets with Panic take DMG, they receive <SapTag=2>{2}</SapTag> {Cus:Sap,S=stack P=stacks SapTag=2} of <color=#ffd12f>Panic</color>. This effect is triggered once every second.
When the target receives 100 stacks of <color=#ffd12f>Panic</color>, deal Vibration Strength DMG equal to 100.00% of the Max Vibration Strength and Immobilize the target. All Attribute DMG taken by the target under this effect is guaranteed to be Crit. DMG, and their DMG RES is reduced by {3}. Triggering this effect removes all stacks of <color=#ffd12f>Panic</color>.
The target will not gain new stacks of <color=#ffd12f>Panic</color> when Immobilized.
CD: {4}s","Summon Fae Ignis tấn công, gây {0} <color=#ffd12f>Havoc DMG</color> và áp đặt <SapTag=1>{1}</SapTag> {Cus:Sap,S=lớp P=lớp SapTag=1} <color=#ffd12f>Panic</color> lên mục tiêu. Nếu mục tiêu đã có từ 70 lớp <color=#ffd12f>Panic</color> trở lên, đòn tấn công vẫn gây sát thương tương tự nhưng chỉ áp đặt 30 lớp <color=#ffd12f>Panic</color>.
Khi mục tiêu mang Panic chịu sát thương, chúng nhận thêm <SapTag=2>{2}</SapTag> {Cus:Sap,S=lớp P=lớp SapTag=2} <color=#ffd12f>Panic</color>. Hiệu ứng này kích hoạt mỗi giây một lần.
Khi mục tiêu nhận đủ 100 lớp <color=#ffd12f>Panic</color>, gây Sát Thương Vibration Strength bằng 100.00% Vibration Strength Tối Đa và Hóa Đá mục tiêu. Tất cả sát thương thuộc tính mà mục tiêu chịu trong hiệu ứng này đều chắc chắn trở thành Crit. DMG, đồng thời Kháng Sát Thương của chúng giảm {3}. Kích hoạt hiệu ứng này sẽ xóa toàn bộ lớp <color=#ffd12f>Panic</color>.
Mục tiêu sẽ không nhận thêm lớp <color=#ffd12f>Panic</color> khi bị Hóa Đá.
Hồi chiêu: {4} giây",C?n ti?ng Anh nghi v?n: Fae; Ignis; Panic; Strength; Summon; Vibration | S? t?/c?m nghi v?n: 15 | T? l? nghi v?n: 0.625 | M?c ??: 42.25
"This enemy is powerful. <color=Highlight>Successful Dodges</color> deal AoE DMG and <color=Highlight>extend</color> the challenge time. Launching <color=Highlight>Counterattacks</color> or <color=Highlight>immobilizing the enemy</color> <color=Highlight>greatly extends</color> the challenge time, while <color=ThreatHigh>taking damage</color> reduces the challenge time.","Kẻ địch này rất mạnh. <color=Highlight>Successful Dodges</color> sẽ gây Sát Thương diện rộng và <color=Highlight>extend</color> thời gian thử thách. Thực hiện <color=Highlight>Counterattacks</color> hoặc <color=Highlight>immobilizing the enemy</color> sẽ <color=Highlight>greatly extends</color> thời gian thử thách, trong khi <color=ThreatHigh>taking damage</color> sẽ rút ngắn thời gian.",C?n ti?ng Anh nghi v?n: Counterattacks; damage; Dodges; enemy; extend; extends; greatly; immobilizing; Successful; taking | S? t?/c?m nghi v?n: 10 | T? l? nghi v?n: 0.625 | M?c ??: 42.25
"<color=Highlight>Successful Dodges</color> or launching <color=Highlight>Counterattacks</color> <color=Highlight>extend</color> the challenge time. <color=Highlight>Defeating enemies</color> recovers HP and <color=Highlight>greatly extends</color> the challenge time, while <color=ThreatHigh>taking damage</color> reduces the challenge time.","<color=Highlight>Successful Dodges</color> hoặc thực hiện <color=Highlight>Counterattacks</color> sẽ <color=Highlight>extend</color> thời gian thử thách. <color=Highlight>Defeating enemies</color> sẽ phục hồi HP và <color=Highlight>greatly extends</color> thời gian thử thách, trong khi <color=ThreatHigh>taking damage</color> sẽ làm giảm thời gian thử thách.",C?n ti?ng Anh nghi v?n: Counterattacks; damage; Defeating; Dodges; enemies; extend; extends; greatly; Successful; taking | S? t?/c?m nghi v?n: 10 | T? l? nghi v?n: 0.625 | M?c ??: 42.25
"These enemies are powerful. <color=Highlight>Successful Dodges</color> or <color=Highlight>Counterattacks</color> <color=Highlight>extend</color> the challenge time. <color=Highlight>Defeating enemies</color> recovers HP and <color=Highlight>greatly extends</color> the challenge time, while <color=ThreatHigh>taking damage</color> reduces the challenge time.","Kẻ địch này rất mạnh. <color=Highlight>Successful Dodges</color> hoặc <color=Highlight>Counterattacks</color> sẽ <color=Highlight>extend</color> thời gian thử thách. <color=Highlight>Defeating enemies</color> sẽ hồi phục HP và <color=Highlight>greatly extends</color> thời gian thử thách, trong khi <color=ThreatHigh>taking damage</color> sẽ làm giảm thời gian thử thách.",C?n ti?ng Anh nghi v?n: Counterattacks; damage; Defeating; Dodges; enemies; extend; extends; greatly; Successful; taking | S? t?/c?m nghi v?n: 10 | T? l? nghi v?n: 0.625 | M?c ??: 42.25
"These enemies are extremely powerful. <color=Highlight>Successful Dodges</color> or <color=Highlight>Counterattacks</color> <color=Highlight>extend</color> the challenge time. <color=Highlight>Defeating enemies</color> recovers HP and <color=Highlight>greatly extends</color> the challenge time, while <color=ThreatHigh>taking damage</color> reduces the challenge time.","Kẻ địch này cực kỳ mạnh. <color=Highlight>Successful Dodges</color> hoặc <color=Highlight>Counterattacks</color> sẽ <color=Highlight>extend</color> thời gian thử thách. <color=Highlight>Defeating enemies</color> sẽ hồi phục HP và <color=Highlight>greatly extends</color> thời gian thử thách, trong khi <color=ThreatHigh>taking damage</color> sẽ làm giảm thời gian thử thách.",C?n ti?ng Anh nghi v?n: Counterattacks; damage; Defeating; Dodges; enemies; extend; extends; greatly; Successful; taking | S? t?/c?m nghi v?n: 10 | T? l? nghi v?n: 0.625 | M?c ??: 42.25
"<color=Highlight>Activated upon having 3 Bond Members in the team</color>
When in Synergy Burst:
Casting Resonance Liberation summons a Meteor Propelled Grenade that deals Fusion DMG equal to {0} of ATK to nearby targets.","<color=Highlight>Activated upon having 3 Bond Members in the team</color>
Khi ở trạng thái Synergy Burst:
Sử dụng Resonance Liberation sẽ triệu hồi một Quả Lựu Đạn Tên Lửa gây Fusion DMG bằng {0} ATK lên các mục tiêu lân cận.",C?n ti?ng Anh nghi v?n: Activated; Bond; Burst; having; in; Liberation; Members; Synergy; team; upon | S? t?/c?m nghi v?n: 10 | T? l? nghi v?n: 0.625 | M?c ??: 42.25
"Upon entering the battle, Resonators in the team gain a Shield equal to <color=#5cc96aff>20% of their Max HP</color>. <color=#b72924ff>When Resonators aren't shielded</color>, they take DMG equal to <color=#b72924ff>2% of their Max HP</color> per second.","Khi bước vào trận chiến, Resonators trong đội nhận được Shield tương đương <color=#5cc96aff>20% of their Max HP</color>. <color=#b72924ff>When Resonators aren't shielded</color>, họ sẽ chịu Sát Thương bằng <color=#b72924ff>2% of their Max HP</color> mỗi giây.",C?n ti?ng Anh nghi v?n: aren't; Max; of; Shield; shielded; their; When | S? t?/c?m nghi v?n: 10 | T? l? nghi v?n: 0.625 | M?c ??: 42.25
Feilian Beringal summons <color=#b72924ff>1</color> <color=#b72924ff>Shock Stump</color> on the field the first time <color=#b72924ff>its HP drops below 95%/75%/55%/30%</color>. The Shock Stump deals DMG to nearby Resonators equal to <color=#b72924ff>20% of their Max HP</color> every <color=#b72924ff>15s</color>.,Feilian Beringal triệu hồi <color=#b72924ff>1</color> <color=#b72924ff>Shock Stump</color> trên chiến trường lần đầu <color=#b72924ff>its HP drops below 95%/75%/55%/30%</color>. Gốc Cây Sốc Điện gây sát thương cho Resonators xung quanh bằng <color=#b72924ff>20% of their Max HP</color> mỗi <color=#b72924ff>15s</color>.,C?n ti?ng Anh nghi v?n: below; Beringal; drops; Feilian; its; Max; of; Shock; Stump; their | S? t?/c?m nghi v?n: 10 | T? l? nghi v?n: 0.625 | M?c ??: 42.25
"When a Cube Blocker passes through a <color=#ffd12f>Data Expansion Module</color>, all <color=#ffd12f>Digital Shadow Modules</color> on the circuit will <color=#ffd12f>switch their form</color>.
However, if another Cube Blocker is already positioned on a <color=#ffd12f>Digital Shadow Module</color>, this <color=#ffd12f>Digital Shadow Module</color> will not switch its form.
Long Cube Blockers (1×2) must be perfectly aligned with the Data Expansion Module to trigger its effect.","Khi một Cube Chặn đi qua <color=#ffd12f>Data Expansion Mô-đun</color>, tất cả <color=#ffd12f>Digital Shadow Modules</color> trên mạch sẽ <color=#ffd12f>chuyển đổi hình dạng</color>.
Tuy nhiên, nếu một Cube Chặn khác đã đứng sẵn trên <color=#ffd12f>Digital Shadow Mô-đun</color>, <color=#ffd12f>Digital Shadow Mô-đun</color> này sẽ không chuyển đổi hình dạng.
Các Cube Chặn dài (1×2) phải căn chỉnh hoàn hảo với <color=#ffd12f>Data Expansion Mô-đun</color> mới kích hoạt được hiệu ứng.",C?n ti?ng Anh nghi v?n: Cube; Data; Digital; Expansion; Modules; Shadow | S? t?/c?m nghi v?n: 14 | T? l? nghi v?n: 0.824 | M?c ??: 42.24
"<color=Title>Effect</color>
Inflicting damage with Intro Skill summons a <color=Highlight><te href=851102>Burst - Blazing Pillar</te></color> at all targets within range and deals DMG.

<color=Title>Support Skill</color>
Unleash <color=Highlight><te href=851103>Burst - Scorching Impact</te></color> to deal DMG.","<color=Title>Effect</color>
Gây sát thương bằng Skill Khởi Động sẽ triệu hồi <color=Highlight><te href=851102>Burst - Blazing Pillar</te></color> tại tất cả mục tiêu trong phạm vi và gây sát thương.

<color=Title>Hỗ Trợ Skill</color>
Giải phóng <color=Highlight><te href=851103>Burst - Scorching Impact</te></color> để gây sát thương.",C?n ti?ng Anh nghi v?n: Blazing; Burst; Effect; Impact; Pillar; Scorching; Skill | S? t?/c?m nghi v?n: 9 | T? l? nghi v?n: 0.818 | M?c ??: 42.18
"<color=#c49e55>[Basic Attack]</color>
Every Basic Attack - Polychrome Leap generates {0} Rainbow Bridge. Each bridge constantly inflicts Dyeing on nearby enemies, dealing Spectro DMG equal to {1} of Lynae's ATK every second, considered Basic Attack DMG. Rainbow Bridges last for {2}s and can exist simultaneously.","<color=#c49e55>[Basic Attack]</color>
Mỗi đòn Basic Attack - Polychrome Leap tạo ra {0} Cầu Vồng. Mỗi cầu vồng liên tục gây hiệu ứng Dyeing lên kẻ địch gần đó, gây Spectro DMG mỗi giây bằng {1} Attack của Lynae, được tính là Sát Thương Basic Attack. Cầu Vồng tồn tại trong {2} giây và có thể xuất hiện đồng thời.",C?n ti?ng Anh nghi v?n: Attack; Basic; Dyeing; Leap; Polychrome | S? t?/c?m nghi v?n: 8 | T? l? nghi v?n: 0.615 | M?c ??: 42.15
"<color=Highlight>[Forte Circuit]</color>
- Each time Shorekeeper deals DMG with her butterflies, she restores Resonance Energy.
- While in Unbound Form, Shorekeeper is immune to all DMG.
- Upon ending Unbound Form:
Triggers an explosion that deals Spectro DMG. Each accumulated segment of Deductive Data increases the explosion's DMG Multiplier and enlarges the explosion range.
Generates 5 Roam Star Butterflies that automatically track enemies, dealing Spectro DMG. Restores Shorekeeper's HP and reduces the target's Spectro DMG RES on hit.","<color=Highlight>[Forte Circuit]</color>
- Mỗi khi Shorekeeper gây sát thương bằng bướm, cô hồi phục Resonance Energy.
- Khi ở trạng thái Unbound Form, Shorekeeper miễn nhiễm với mọi sát thương.
- Khi kết thúc Unbound Form:
Kích hoạt vụ nổ gây Spectro DMG. Mỗi đoạn Data Suy Diễn tích lũy làm tăng Hệ Số Sát Thương của vụ nổ và mở rộng phạm vi nổ.
Tạo ra 5 Roam Star Butterfly tự động truy đuổi kẻ địch, gây Spectro DMG. Hồi phục HP của Shorekeeper và giảm Spectro RES DMG của mục tiêu khi trúng đích.",C?n ti?ng Anh nghi v?n: Data; Energy; Form; RES; Roam; Shorekeeper; Star; Unbound | S? t?/c?m nghi v?n: 12 | T? l? nghi v?n: 0.414 | M?c ??: 42.14
"[Resistance]: This enemy has a higher <color=Fire>Fusion RES</color>.

[Lonesome Fight]: Intro Skill's Vibration Strength Reduction is decreased. A successful Dodge recovers certain STA and Concerto Energy. Dodge Counter reduces Vibration Strength.

[War Wound]: When a Resonator takes damage, the STA of all Resonators in the team depletes by 3% every second, and the Healing Bonus is reduced by 15% for 10s, stacking up to 5 times.

[Death's Dance]: 3 minutes after the battle begins, Resonators' ATK is increased by 10% every 10s, up to 100%. The DMG taken by Resonators will also increase by 10% every 10s, with no stacking limit. All Resonators in the team lose 10% of their Max HP every 2s, until their HP reaches below 20%.","[Kháng Cự]: Kẻ địch này có <color=Fire>Fusion RES</color> cao hơn.

[Chiến Đấu Cô Đơn]: Hiệu ứng deplete Vibration Strength của Intro Skill bị suy yếu. Dodge thành công sẽ hồi một lượng STA và Concerto Energy nhất định. Phản Đòn sẽ làm giảm Vibration Strength.

[Vết Thương Chiến]: Khi Resonators chịu sát thương, STA của tất cả Resonators trong đội sẽ giảm 3% mỗi giây, và Hiệu Quả Healing giảm 15% trong 10 giây, tối đa chồng 5 lần.

[Điệu Nhảy Tử Thần]: Sau 3 phút giao tranh, Tấn Công của Resonators tăng 10% mỗi 10 giây, tối đa 100%. Sát thương nhận vào cũng tăng 10% mỗi 10 giây, không giới hạn chồng. Tất cả Resonators trong đội mất 10% HP tối đa mỗi 2 giây, cho đến khi HP còn dưới 20%.",C?n ti?ng Anh nghi v?n: Dodge; Energy; Healing; Intro; RES; Skill; Strength; Vibration | S? t?/c?m nghi v?n: 10 | T? l? nghi v?n: 0.312 | M?c ??: 42.12
"<color=#c49e55>[Mid-air Attack]</color>
- Luuk Herrsen consumes no STA during any action.
- After performing Mid-air Attack Stage 3, perform Mid-air Attack Stage 1. Mid-air Attack - Gavel of Earthshaker deals increased DMG based on the time in mid-air.","<color=#c49e55>[Mid-air Attack]</color>
- Luuk Herrsen không tiêu hao thể lực khi thực hiện bất kỳ hành động nào.
- Sau khi thực hiện Giai đoạn 3 của Đòn Mid-air Attack, tiếp tục thực hiện Giai đoạn 1. Đòn Mid-air Attack - Gavel of Earthshaker gây sát thương tăng thêm dựa trên thời gian ở trên không.",C?n ti?ng Anh nghi v?n: air; Attack; Earthshaker; Gavel; Herrsen; Luuk; Mid; of | S? t?/c?m nghi v?n: 11 | T? l? nghi v?n: 0.611 | M?c ??: 42.11
"<color=#ffd12f>[Dreamscape Power: Status]</color>
The [Lucid Dream] status becomes the [Time Rider] status, which grants the following effects: Slow the time flow nearby by 90%; Each time dealing Basic Attack DMG generates 1 point of Time Energy; Consume all the Time Energy <color=Highlight>upon ending the Time Rider status</color> to create a detonation, dealing 900% Spectro DMG for every 10 points of Time Energy consumed, with a minimum DMG of 125% Spectro DMG. The Resonator can hold up to 100 points of Time Energy.","<color=#ffd12f>[Dreamscape Power: Status]</color>
Status [Lucid Dream] chuyển thành trạng thái [Kỵ Sĩ Thời Gian], mang lại các hiệu ứng sau: làm chậm dòng chảy thời gian xung quanh 90%; mỗi lần gây Sát Thương Basic Attack sẽ sinh ra 1 điểm Năng Lượng Thời Gian; khi <color=Highlight>upon ending the Time Rider status</color>, tiêu thụ toàn bộ Năng Lượng Thời Gian để tạo vụ nổ, gây 900% Spectro DMG cho mỗi 10 điểm Năng Lượng Thời Gian đã tiêu thụ, với Sát Thương tối thiểu là 125% Spectro. Resonator có thể tích lũy tối đa 100 điểm Năng Lượng Thời Gian.",C?n ti?ng Anh nghi v?n: Attack; Basic; ending; Rider; Status; status; Time; upon | S? t?/c?m nghi v?n: 8 | T? l? nghi v?n: 0.308 | M?c ??: 42.08
"Transform into Sentry Construct and deal Glacio DMG to enemies. Casting Resonance Liberation while equipped with this Echo enhances Strike Capacitor. At max Strike Capacitor, transform into Sentry Construct and deal Glacio DMG to enemies. Equipping this Echo in the main slot grants Glacio DMG Bonus and Resonance Skill Bonus.","Biến thành Sentry Construct và gây Glacio DMG cho kẻ địch. Sử dụng Resonance Liberation khi trang bị Echo này sẽ tăng cường Strike Capacitor. Khi Strike Capacitor đạt tối đa, biến hình thành Sentry Construct và gây Glacio DMG cho kẻ địch. Trang bị Echo này ở vị trí chính sẽ nhận được Glacio DMG Bonus và Tăng Sát Thương Resonance Skill.",C?n ti?ng Anh nghi v?n: Bonus; Capacitor; Construct; Liberation; Sentry; Skill; Strike | S? t?/c?m nghi v?n: 11 | T? l? nghi v?n: 0.407 | M?c ??: 42.07
"<color=#c49e55>[Forte Circuit]</color>
- Each time Shorekeeper deals DMG with her butterflies, she restores Resonance Energy.
- While in Unbound Form, Shorekeeper is immune to all DMG.
- Upon ending Unbound Form:
Triggers an explosion that deals Spectro DMG. Each accumulated segment of Deductive Data increases the explosion's DMG Multiplier and enlarges the explosion range.
Generates 5 Roam Star Butterflies that automatically track enemies, dealing Spectro DMG. Restores Shorekeeper's HP and reduces the target's Spectro DMG RES on hit.","<color=#c49e55>[Forte Circuit]</color>
- Mỗi khi Shorekeeper gây sát thương bằng bướm, cô hồi phục Resonance Energy.
- Khi ở trạng thái Unbound Form, Shorekeeper miễn nhiễm với mọi sát thương.
- Khi kết thúc Unbound Form:
Kích hoạt vụ nổ gây Spectro DMG. Mỗi đoạn Data Suy Diễn tích lũy làm tăng Hệ Số Sát Thương của vụ nổ và mở rộng phạm vi nổ.
Tạo ra 5 Roam Star Butterfly tự động đuổi theo kẻ địch, gây Spectro DMG. Khi trúng mục tiêu, hồi phục HP cho Shorekeeper và giảm Spectro RES DMG của mục tiêu.",C?n ti?ng Anh nghi v?n: Data; Energy; Form; RES; Roam; Shorekeeper; Star; Unbound | S? t?/c?m nghi v?n: 12 | T? l? nghi v?n: 0.4 | M?c ??: 42.0
"<color=#c49e55>[Forte Circuit]</color>
- Zani gains a stack of Imminent Reckoning when casting Heavy Slash - Nightfall.
- Each stack of Imminent Reckoning increases Zani's Spectro DMG by <color=#c49e55>{0}</color>.
- Ending Inferno Mode removes all stacks of Imminent Reckoning.","<color=#c49e55>[Forte Circuit]</color>
- Zani nhận được một tầng Imminent Reckoning khi sử dụng Heavy Slash - Nightfall.
- Mỗi tầng Imminent Reckoning tăng Spectro DMG của Zani lên <color=#c49e55>{0}</color>.
- Kết thúc chế độ Inferno sẽ xóa toàn bộ tầng Imminent Reckoning.",C?n ti?ng Anh nghi v?n: Heavy; Imminent; Inferno; Nightfall; Reckoning; Slash; Zani | S? t?/c?m nghi v?n: 12 | T? l? nghi v?n: 0.8 | M?c ??: 42.0
"While in <color=Highlight>Resonance Mode - Tune Rupture</color>, Lynae can inflict <color=Highlight>Tune Rupture - Shifting</color> on targets. When inflicting <color=Highlight>Photochromic Flux</color> on targets, she also inflicts <color=Highlight>Tune Rupture - Shifting</color>.","Trong <color=Highlight>Resonance Mode - Tune Rupture</color>, Lynae có thể gây hiệu ứng <color=Highlight>Tune Rupture - Shifting</color> lên mục tiêu. Khi gây hiệu ứng <color=Highlight>Photochromic Flux</color> lên mục tiêu, cô cũng sẽ đồng thời gây hiệu ứng <color=Highlight>Tune Rupture - Shifting</color>.",C?n ti?ng Anh nghi v?n: Flux; Lynae; Mode; Photochromic; Rupture; Shifting; Tune | S? t?/c?m nghi v?n: 12 | T? l? nghi v?n: 0.8 | M?c ??: 42.0
"- When Roccia is in <color=Highlight>Beyond Imagination</color> with at least 100 Imagination, {Cus:Ipt,Touch=tap PC=press Gamepad=press} the <color=Highlight>Basic Attack</color> button to consume 100 Imagination to cast Basic Attack <color=Highlight>Real Fantasy</color>.
- Roccia exits this state when she is not airborne or when switched off the field.","Khi Roccia đang ở trạng thái <color=Highlight>Beyond Imagination</color> với ít nhất 100 Trí Tưởng, {Cus:Ipt,Touch=tap PC=press Gamepad=press} nút <color=Highlight>Basic Attack</color> để tiêu hao 100 Trí Tưởng và tung chiêu Basic Attack <color=Highlight>Thật sự Fantasy</color>.
- Roccia sẽ thoát khỏi trạng thái này khi không còn ở trên không hoặc bị thay ra khỏi trận đấu.",C?n ti?ng Anh nghi v?n: Attack; Basic; Beyond; Fantasy; Imagination; Roccia | S? t?/c?m nghi v?n: 9 | T? l? nghi v?n: 0.6 | M?c ??: 42.0
"Casting <color=Highlight>Inherent Skill - Accidental</color>,  <color=Highlight>Intro Skill</color> or <color=Highlight>Echo Skill</color> turns the next <color=Highlight>Forte Gauge</color> obtained into <color=Highlight>Forte Gauge - Combined</color>.","Khi kích hoạt <color=Highlight>Inherent Skill - Accidental</color>, <color=Highlight>Intro Skill</color> hoặc <color=Highlight>Echo Skill</color>, thanh <color=Highlight>Forte Gauge</color> tiếp theo nhận được sẽ chuyển thành <color=Highlight>Forte Gauge - Combined</color>.",C?n ti?ng Anh nghi v?n: Accidental; Combined; Gauge; Inherent; Intro; Skill | S? t?/c?m nghi v?n: 9 | T? l? nghi v?n: 0.6 | M?c ??: 42.0
"Casting <color=Highlight>Inherent Skill - Accidental</color>, <color=Highlight>Intro Skill</color> or <color=Highlight>Echo Skill</color> turns the next <color=Highlight>Forte Gauge</color> obtained into <color=Highlight>Forte Gauge - Combined</color>.","Khi kích hoạt <color=Highlight>Inherent Skill - Accidental</color>, <color=Highlight>Intro Skill</color> hoặc <color=Highlight>Echo Skill</color>, thanh <color=Highlight>Forte Gauge</color> tiếp theo nhận được sẽ chuyển thành <color=Highlight>Forte Gauge - Combined</color>.",C?n ti?ng Anh nghi v?n: Accidental; Combined; Gauge; Inherent; Intro; Skill | S? t?/c?m nghi v?n: 9 | T? l? nghi v?n: 0.6 | M?c ??: 42.0
"Enemies gain the following effect: Queen of the Night's <color=#b72924ff>DEF is increased by 10%</color>. This effect is stackable.

<color=#5cc96aff>Defeating an enemy</color> restores <color=#5cc96aff>50% of the Resonator's Max HP</color>.","Kẻ địch nhận hiệu ứng sau: <color=#b72924ff>DEF is increased by 10%</color>. Hiệu ứng có thể chồng chất.

<color=#5cc96aff>Defeating an enemy</color> sẽ hồi phục <color=#5cc96aff>50% of the Resonator's Max HP</color> cho Resonator.",C?n ti?ng Anh nghi v?n: an; by; Defeating; enemy; increased; is; Max; of; Resonator's | S? t?/c?m nghi v?n: 9 | T? l? nghi v?n: 0.6 | M?c ??: 42.0
"When casting <color=Highlight>Heavy Attack</color>, Photosynthesis Energy can be consumed to recover HP for all team members nearby. <color=Highlight>Heavy Attack: Starflower Blooms</color> deals <color=Light>Spectro DMG</color>.","Khi sử dụng <color=Highlight>Heavy Attack</color>, có thể tiêu hao Photosynthesis Energy để hồi phục HP cho tất cả đồng đội xung quanh. <color=Highlight>Heavy Attack: Starflower Blooms</color> gây <color=Light>Spectro DMG</color>.",C?n ti?ng Anh nghi v?n: Attack; Blooms; Energy; Heavy; Photosynthesis; Starflower | S? t?/c?m nghi v?n: 8 | T? l? nghi v?n: 0.5 | M?c ??: 42.0
"Each time casting Resonance Skill reduces Resonance Liberation cooldown by 20% and recovers Resonance Energy by 20%. This effect has a cooldown of 3s.

This Token can be used up to <color=#fee388>2</color> times in Whimpering Wastes.","Mỗi lần sử dụng Resonance Skill sẽ giảm 20% Cooldown chiêu của Resonance Liberation và hồi 20% Resonance Energy. Hiệu ứng này có Cooldown chiêu là 3 giây.

Mảnh này có thể sử dụng tối đa <color=#fee388>2</color> lần tại Whimpering Wastes.",C?n ti?ng Anh nghi v?n: Cooldown; Energy; Liberation; Skill; Wastes; Whimpering | S? t?/c?m nghi v?n: 7 | T? l? nghi v?n: 0.7 | M?c ??: 42.0
"The active Resonator gains DMG Amplification, <color=#b94f4e>but their HP is capped at {1} of their Max HP</color>.","Resonator đang kích hoạt nhận hiệu ứng DMG Amplification, <color=#b94f4e>but their HP is capped at {1} of their Max HP</color>.",C?n ti?ng Anh nghi v?n: Amplification; at; but; capped; is; Max; of; their | S? t?/c?m nghi v?n: 9 | T? l? nghi v?n: 0.692 | M?c ??: 41.92
"The active Resonator gains {0} DMG Amplification, <color=#b94f4e>but their HP is capped at {1} of their Max HP</color>.","Resonator đang kích hoạt nhận {0} DMG Amplification, <color=#b94f4e>but their HP is capped at {1} of their Max HP</color>.",C?n ti?ng Anh nghi v?n: Amplification; at; but; capped; is; Max; of; their | S? t?/c?m nghi v?n: 9 | T? l? nghi v?n: 0.692 | M?c ??: 41.92
"<color=#c49e55>[Forte Circuit]</color> 
- Mornye's Resonance Skill and Basic Attack inflict Tune Rupture - Shifting on enemies.
- Mornye's Energy Regen increases Tune Break Boost in proportion.","<color=#c49e55>[Forte Circuit]</color>
- Resonance Skill và Basic Attack của Mornye gây hiệu ứng Tune Rupture - Shifting lên kẻ địch.
- Tái Tạo Năng Lượng của Mornye tăng Tune Break Boost theo tỷ lệ tương ứng.",C?n ti?ng Anh nghi v?n: Attack; Basic; Boost; Break; Rupture; Shifting; Skill; Tune | S? t?/c?m nghi v?n: 9 | T? l? nghi v?n: 0.692 | M?c ??: 41.92
"<color=#c49e55>[Forte Circuit]</color> 
- Mornye's Resonance Skill and Basic Attack Stage 4 inflict Tune Rupture - Shifting on enemies.
- Every {0} of Mornye's Energy Regen increases Tune Break Boost by {1}, up to {2}.","<color=#c49e55>[Forte Circuit]</color>
- Resonance Skill và Basic Attack Giai đoạn 4 của Mornye gây hiệu ứng Tune Rupture - Shifting lên kẻ địch.
- Mỗi {0} Tái Tạo Năng Lượng của Mornye tăng Tune Break Boost lên {1}, tối đa {2}.",C?n ti?ng Anh nghi v?n: Attack; Basic; Boost; Break; Rupture; Shifting; Skill; Tune | S? t?/c?m nghi v?n: 9 | T? l? nghi v?n: 0.692 | M?c ??: 41.92
Enemies' <color=#b72924ff>Max Vibration Strength is increased by 100%</color>. Each time hitting an enemy with <color=#5cc96aff>Coordinated Attack</color> additionally reduces their Vibration Strength by <color=#5cc96aff>7%</color>.,<color=#b72924ff>Max Vibration Strength is increased by 100%</color>. Mỗi lần tấn công kẻ địch bằng <color=#5cc96aff>Coordinated Attack</color> sẽ làm giảm thêm <color=#5cc96aff>7%</color> Lực Rung Động của chúng.,C?n ti?ng Anh nghi v?n: Attack; by; Coordinated; increased; is; Max; Strength; Vibration | S? t?/c?m nghi v?n: 8 | T? l? nghi v?n: 0.889 | M?c ??: 41.89
"Youhu obtains a random <color=Highlight>Antique</color> after the <color=Highlight>Lucky Draw</color>. With an <color=Highlight>Antique</color>, her next <color=Highlight>Basic Attack</color> will activate the corresponding <color=Highlight>Antique Appraisal</color>.
Only one <color=Highlight>Antique</color> can exist at a time, and the newly drawn <color=Highlight>Antique</color> will replace the existing one.","Sau <color=Highlight>Antique</color>, Youhu nhận được một <color=Highlight>Lucky Draw</color> ngẫu nhiên. Khi có <color=Highlight>Antique</color>, <color=Highlight>Basic Attack</color> tiếp theo của cô sẽ kích hoạt <color=Highlight>Antique Appraisal</color> tương ứng.
Mỗi lần chỉ có thể giữ một <color=Highlight>Antique</color>, và <color=Highlight>Antique</color> mới rút sẽ thay thế cho cái hiện có.",C?n ti?ng Anh nghi v?n: Antique; Appraisal; Attack; Basic; Draw; Lucky; Youhu | S? t?/c?m nghi v?n: 11 | T? l? nghi v?n: 0.688 | M?c ??: 41.88
"Some special enemies on Solaris-3 are exceptionally violent and <color=#ffd12f>hard to defeat</color>. Utilize <color=#ffd12f>Counterattacks</color>, <color=#ffd12f>Dodge Counters</color> or <color=#ffd12f>Intro Skills</color> to deal meaningful damage to them.
It's worth noting that these special enemies do not grow stronger with your SOL Phase. If they are hard to beat now, consider leveling up your characters and try again later.
These special enemies will <color=#ffd12f>regenerate</color> sometime after being defeated.","Một số kẻ địch đặc biệt trên Solaris-3 cực kỳ hung bạo và <color=#ffd12f>hard to defeat</color>. Hãy sử dụng <color=#ffd12f>Counterattacks</color>, <color=#ffd12f>Dodge Counters</color> hoặc <color=#ffd12f>Intro Skills</color> để gây sát thương đáng kể lên chúng.
Lưu ý rằng những kẻ địch đặc biệt này không mạnh lên theo Giai Đoạn SOL của bạn. Nếu hiện tại khó đánh bại, hãy nâng cấp nhân vật và thử lại sau.
Những kẻ địch đặc biệt này sẽ <color=#ffd12f>regenerate</color> sau khi bị đánh bại.",C?n ti?ng Anh nghi v?n: Counterattacks; Counters; defeat; Dodge; hard; Intro; regenerate; Skills; SOL; to | S? t?/c?m nghi v?n: 10 | T? l? nghi v?n: 0.588 | M?c ??: 41.88
"<size=40><color=Title>Resonance Liberation - Glory</color></size>
Casting Resonance Liberation <color=Highlight>Fire-Kissed Glory</color> grants <color=Highlight>Glory</color>. Within 35s:
Attacks of all Resonators in the team ignore 3% Fusion RES. For each Fusion Resonator in the team other than Lupa, this effect increases by 3%, up to the maximum of 9%. When there are 3 Fusion Resonators in the team, Resonators' attacks further ignore 6% Fusion RES.","<size=40><color=Title>Resonance Liberation - Glory</color></size>
Kích hoạt Resonance Liberation <color=Highlight>Fire-Kissed Glory</color> sẽ nhận <color=Highlight>Glory</color>. Trong vòng 35 giây:
Các đòn tấn công của tất cả Resonators trong đội sẽ bỏ qua 3% Fusion RES. Với mỗi Resonators hệ Fusion khác trong đội ngoài Lupa, hiệu ứng này tăng thêm 3%, tối đa 9%. Khi đội có 3 Resonators hệ Fusion, các đòn tấn công của Resonators sẽ bỏ qua thêm 6% Fusion RES.",C?n ti?ng Anh nghi v?n: Fire; Glory; Kissed; Liberation; Lupa; RES | S? t?/c?m nghi v?n: 10 | T? l? nghi v?n: 0.385 | M?c ??: 41.85
"At the start of the challenge, <color=#ffb04a>Resonance Energy</color> is restored to 100%. Gain Tune Strain Core: When Resonators in the team who can respond to <color=#ffb04a>Tune Strain - Interfered</color> deal damage to a target affected by <color=#ffb04a>Tune Strain - Interfered</color>, the target is considered to have 1 extra stack of <color=#ffb04a>Tune Strain - Interfered</color>. This effect is not affected by the stack limit. <color=#ffb04a>Tune Break DMG</color> is increased by 200%.","Khi thử thách bắt đầu, <color=#ffb04a>Resonance Energy</color> sẽ được hồi phục về 100%. Nhận Core Méo Nhịp: Khi Resonators trong đội có thể phản ứng với <color=#ffb04a>Tune Strain - Interfered</color> gây sát thương lên mục tiêu bị ảnh hưởng bởi <color=#ffb04a>Tune Strain - Interfered</color>, mục tiêu sẽ được tính thêm 1 tầng <color=#ffb04a>Tune Strain - Interfered</color>. Hiệu ứng này không bị giới hạn số tầng. <color=#ffb04a>Tune Break DMG</color> tăng 200%.",C?n ti?ng Anh nghi v?n: Break; Core; Energy; Interfered; Strain; Tune | S? t?/c?m nghi v?n: 13 | T? l? nghi v?n: 0.684 | M?c ??: 41.84
"When enemies are affected by Tune Rupture - Shifting or Tune Rupture - Interfered, they take {0} more total DMG. Enemies take {1} more Tune Rupture DMG.
When enemies are affected by Tune Strain - Shifting or Tune Strain - Interfered, they take {2} more total DMG.","Khi kẻ địch bị ảnh hưởng bởi Tune Rupture - Shifting hoặc Tune Rupture - Interfered, tổng sát thương nhận vào tăng thêm {0}. Kẻ địch chịu thêm {1} sát thương Tune Rupture.
Khi kẻ địch bị ảnh hưởng bởi Tune Strain - Shifting hoặc Tune Strain - Interfered, tổng sát thương nhận vào tăng thêm {2}.",C?n ti?ng Anh nghi v?n: Interfered; Rupture; Shifting; Strain; Tune | S? t?/c?m nghi v?n: 14 | T? l? nghi v?n: 0.875 | M?c ??: 41.75
"<color=#c49e55>[Basic Attack]</color>
- The efficiency of acquiring Frost from Heavy Attacks is greatly increased.
- Casting Heavy Attack: Frostfall increases ATK.","<color=#c49e55>[Basic Attack]</color>
- Hiệu suất thu thập Frost từ Heavy Attack được tăng lên đáng kể.
- Sử dụng Heavy Attack: Frostfall sẽ tăng Attack.",C?n ti?ng Anh nghi v?n: Attack; Frost; Frostfall; Heavy | S? t?/c?m nghi v?n: 7 | T? l? nghi v?n: 0.875 | M?c ??: 41.75
"When the Resonator on a nearby team that activates Jiyan's Outro Skill hits a target with their Heavy Attack, Jiyan will summon a lance to launch a coordinated attack, dealing <color=Wind>Aero DMG</color> equal to {0} of Jiyan's ATK for {1}s. This effect can be triggered 1 time every {2}s, up to 2 times.","Khi Resonator trong đội gần đó kích hoạt Outro Skill của Jiyan và đánh trúng mục tiêu bằng Heavy Attack, Jiyan sẽ triệu hồi một ngọn giáo để phối hợp tấn công, gây <color=Wind>Aero DMG</color> bằng {0} Attack của Jiyan trong {1} giây. Hiệu ứng này có thể kích hoạt 1 lần mỗi {2} giây, tối đa 2 lần.",C?n ti?ng Anh nghi v?n: Attack; Heavy; Jiyan; Outro; Skill | S? t?/c?m nghi v?n: 8 | T? l? nghi v?n: 0.571 | M?c ??: 41.71
"Open to claim one <color=Rare4>4-Star Calamity Class Echo</color> of your choice.

List of Echoes:
Freezing Frost: Hecate (Crit. DMG)
Molten Rift: Hecate (Crit. DMG)
Void Thunder: Hecate (Crit. DMG)
Sierra Gale: Hecate (Crit. DMG)
Celestial Light: Hecate (Crit. DMG)
Havoc Eclipse: Hecate (Crit. DMG)","Mở để nhận một <color=Rare4>4-Star Calamity Class Echo</color> theo lựa chọn.

List of Echoes:
Sương Giá Đông Cứng: Hecate (Crit. DMG)
Vực Nóng Chảy: Hecate (Crit. DMG)
Thunder Hư Không: Hecate (Crit. DMG)
Cuồng Phong Sierra: Hecate (Crit. DMG)
Light Thiên Giới: Hecate (Crit. DMG)
Nhật Thực Hỗn Loạn: Hecate (Crit. DMG)",C?n ti?ng Anh nghi v?n: Calamity; Class; Hecate; Light; List; of; Sierra; Star; Thunder | S? t?/c?m nghi v?n: 14 | T? l? nghi v?n: 0.467 | M?c ??: 41.67
"Open to claim one <color=Rare5>5-Star Calamity Class Echo</color> of your choice.

List of Echoes:
Freezing Frost: Hecate (Crit. DMG)
Molten Rift: Hecate (Crit. DMG)
Void Thunder: Hecate (Crit. DMG)
Sierra Gale: Hecate (Crit. DMG)
Celestial Light: Hecate (Crit. DMG)
Havoc Eclipse: Hecate (Crit. DMG)","Mở để nhận một <color=Rare5>5-Star Calamity Class Echo</color> theo lựa chọn.

List of Echoes:
Sương Giá Đông Cứng: Hecate (Crit. DMG)
Vực Nóng Chảy: Hecate (Crit. DMG)
Thunder Hư Không: Hecate (Crit. DMG)
Cuồng Phong Sierra: Hecate (Crit. DMG)
Light Thiên Giới: Hecate (Crit. DMG)
Nhật Thực Hỗn Loạn: Hecate (Crit. DMG)",C?n ti?ng Anh nghi v?n: Calamity; Class; Hecate; Light; List; of; Sierra; Star; Thunder | S? t?/c?m nghi v?n: 14 | T? l? nghi v?n: 0.467 | M?c ??: 41.67
"<color=#c49e55>[Resonance Skill]</color>
- Grants Glean: Restore {0} Crimson Pistils per second (unstackable).
- Camellya enters Budding Mode after casting Resonance Skill Crimson Blossom or Floral Ravage.","<color=#c49e55>[Resonance Skill]</color>
- Cấp hiệu ứng Glean: Restore {0} Crimson Pistil mỗi giây (không cộng dồn).
- Camellya bước vào chế độ Budding sau khi thi triển Resonance Skill Crimson Blossom hoặc Floral Ravage.",C?n ti?ng Anh nghi v?n: Blossom; Budding; Camellya; Crimson; Floral; Glean; Ravage; Restore; Skill | S? t?/c?m nghi v?n: 10 | T? l? nghi v?n: 0.667 | M?c ??: 41.67
"<color=yellow>Chain Attack: Photon Bomb</color>

When Verina uses a Heavy Attack to hit a target, if she has photosynthetic energy, she will automatically consume a layer of Photosynthetic Energy, detonate a range of damage caused by a Spectro reaction, and restore the equivalent of 50% of Verina's ATK to the entire team's health.","<color=yellow>Chain Attack: Photon Bomb</color>

Khi Verina dùng Heavy Attack trúng mục tiêu, nếu cô có năng lượng quang hợp, cô sẽ tự động tiêu hao 1 tầng Năng Lượng Quang Hợp, kích nổ một vùng gây sát thương phản ứng Spectro và hồi HP cho cả đội tương đương 50% Attack của Verina.",C?n ti?ng Anh nghi v?n: Attack; Bomb; Chain; Heavy; Photon; Verina | S? t?/c?m nghi v?n: 9 | T? l? nghi v?n: 0.562 | M?c ??: 41.62
"While in <color=Highlight>Resonance Mode - Tune Strain</color>, Lynae can inflict <color=Highlight>Tune Strain - Shifting</color> on targets. When inflicting <color=Highlight>Photochromic Flux</color> on targets, she also inflicts <color=Highlight>Tune Strain - Shifting</color>.","Khi ở trong <color=Highlight>Resonance Mode - Tune Strain</color>, Lynae có thể gây <color=Highlight>Tune Strain - Shifting</color> lên mục tiêu. Khi gây <color=Highlight>Photochromic Flux</color> lên mục tiêu, cô cũng đồng thời gây <color=Highlight>Tune Strain - Shifting</color>.",C?n ti?ng Anh nghi v?n: Flux; Lynae; Mode; Photochromic; Shifting; Strain; Tune | S? t?/c?m nghi v?n: 12 | T? l? nghi v?n: 0.75 | M?c ??: 41.5
"<color=#c49e55>[Forte Circuit]</color>
- Crit. Rate is increased. Crit. Rate that exceeds the specific value is converted to ATK.
- Critical Hit generates Zephyr Slash that deals Aero DMG.","<color=#c49e55>[Forte Circuit]</color>
- Tỷ Lệ Critical Hit được tăng. Phần Tỷ Lệ Critical Hit vượt quá giá trị nhất định sẽ được chuyển hóa thành Tấn Công.
- Hit Critical Hit sẽ tạo ra Zephyr Slash gây Aero DMG.",C?n ti?ng Anh nghi v?n: Critical; Hit; Slash; Zephyr | S? t?/c?m nghi v?n: 9 | T? l? nghi v?n: 0.75 | M?c ??: 41.5
"[Pioneer Podcast]
A podcast operated by the Pioneer Association. It serves as a guide for enhancing your world exploration experience while providing lucrative rewards.
Each time the Pioneer Podcast is activated, the Public Channel will be automatically unlocked.
You can purchase the Insider Channel or the Connoisseur Channel to obtain more rewards.

[Pioneer Podcast Tasks]
You can obtain Podcast EXP by completing Podcast Tasks to increase the Podcast level, allowing access to more channels and rewards.
Podcast Tasks include the Morning Broadcasts, the Weekly Highlights, and the Seasonal Specials. Podcast EXP obtained from the Seasonal Specials is not counted in the weekly EXP limit.
The Morning Broadcasts are updated every day at 04:00 server time, and the Weekly Highlights are updated every Monday at 04:00 server time.
Once the Podcast Level of the current period reaches its cap, it will no longer increase.

[Notes]
If you happen to repeatedly activate the Channel (such as the Insider Channel, the Connoisseur Channel, or upgrading the Insider Channel to the Connoisseur Channel), rewards will not be repeatedly distributed and Lunites of equivalent value will be directly refunded.
When the current Pioneer Podcast concludes, any unclaimed level rewards will be distributed via mail.","[
Pioneer Podcast]
Một podcast do Pioneer Association vận hành. Nó đóng vai trò như một hướng dẫn nâng cao trải nghiệm khám phá thế giới của bạn, đồng thời mang đến những phần thưởng hậu hĩnh.
Mỗi lần kích hoạt Pioneer Podcast, kênh Công Cộng sẽ tự động mở khóa.
Bạn có thể mua kênh Nội Bộ hoặc kênh Nghệ Nhân để nhận thêm phần thưởng.

[Nhiệm Vụ Pioneer Podcast]
Bạn có thể nhận EXP Podcast bằng cách hoàn thành Nhiệm Vụ Podcast để tăng cấp Podcast, từ đó mở khóa thêm kênh và phần thưởng.
Nhiệm Vụ Podcast bao gồm Bản Tin Sáng, Điểm Tin Tuần và Đặc San Mùa. EXP Podcast từ Đặc San Mùa không bị tính vào giới hạn EXP hàng tuần.
Bản Tin Sáng được cập nhật mỗi ngày vào lúc 04:00 theo giờ máy chủ, và Điểm Tin Tuần được cập nhật vào thứ Hai hàng tuần lúc 04:00 theo giờ máy chủ.
Khi cấp độ Podcast của giai đoạn hiện tại đạt giới hạn, nó sẽ không tăng thêm nữa.

[Lưu Ý]
Nếu bạn vô tình kích hoạt lại kênh (như kênh Nội Bộ, kênh Nghệ Nhân hoặc nâng cấp từ kênh Nội Bộ lên kênh Nghệ Nhân), phần thưởng sẽ không được phát lại và số Lunite tương đương sẽ được hoàn trả trực tiếp.
Khi Pioneer Podcast hiện tại kết thúc, mọi phần thưởng cấp độ chưa nhận sẽ được gửi qua thư.",C?n ti?ng Anh nghi v?n: Association; EXP; Pioneer; podcast; Podcast | S? t?/c?m nghi v?n: 16 | T? l? nghi v?n: 0.444 | M?c ??: 41.44
"<color=#c49e55>[Forte Circuit]</color>
Lumi gains 1 Wisp for each Red Light: Heavy Attack she performs, stacking up to {0}. Casting Resonance Skill Energized Rebound launches all Wisps as lasers toward her target, dealing {1} Electro DMG, which is considered Basic Attack DMG.","<color=#c49e55>[Forte Circuit]</color>
Lumi nhận được 1 Tia Light mỗi khi thực hiện Đèn Đỏ: Heavy Attack, có thể tích lũy tối đa {0}. Khi sử dụng Resonance Skill Nảy Lại Tăng Năng, tất cả Tia Light sẽ bắn ra dưới dạng tia laser vào mục tiêu, gây {1} Electro DMG, được tính là Sát Thương từ Basic Attack.",C?n ti?ng Anh nghi v?n: Attack; Basic; Heavy; Light; Lumi; Skill | S? t?/c?m nghi v?n: 8 | T? l? nghi v?n: 0.444 | M?c ??: 41.44
"<color=#b72924ff>When Resonators enter Realm of Resonance</color>, Fleurdelys immediately gains a Shield equal to <color=#b72924ff>10% of her Max HP</color>.","Khi <color=#b72924ff>When Resonators enter Realm of Resonance</color>, Fleurdelys ngay lập tức nhận một Lớp Shield tương đương <color=#b72924ff>10% of her Max HP</color>.",C?n ti?ng Anh nghi v?n: enter; Fleurdelys; her; Max; of; Realm; Shield; When | S? t?/c?m nghi v?n: 9 | T? l? nghi v?n: 0.643 | M?c ??: 41.43
"<color=#c49e55>[Forte Circuit]</color> Loong's Reign is now enhanced: 
- Loong's Reign is triggered upon casting Resonance Liberation, which generates a Stagnant Zone and grants Jinhsi {0} Spectro DMG Bonus for {1}s. This effect can be triggered once every {2}s. 
- While Loong's Reign is active, unleash thunder strikes on targets within the area every {3}s, dealing Spectro DMG equal to {4} of Jinhsi's ATK. When Loong's Reign ends, deal Spectro DMG equal to DMG Multiplier of Incarnation: Basic Attack 4 and then strike the surrounding area with Spectro DMG equal to {5} of Jinhsi's ATK.","<color=#c49e55>[Forte Circuit]</color> Quyền Trị của Loong nay được tăng cường: 
- Quyền Trị của Loong được kích hoạt khi thi triển Resonance Liberation, tạo ra Vùng Trì Trệ và ban cho Jinhsi {0} Spectro DMG Bonus trong {1} giây. Hiệu ứng này chỉ có thể kích hoạt mỗi {2} giây một lần. 
- Khi Quyền Trị của Loong đang hoạt động, mỗi {3} giây sẽ giáng sấm sét xuống mục tiêu trong khu vực, gây Spectro DMG bằng {4} Attack của Jinhsi. Khi Quyền Trị của Loong kết thúc, gây Spectro DMG bằng Hệ Số Sát Thương của Incarnation: Kỹ Năng Basic 4, sau đó tấn công khu vực xung quanh với Spectro DMG bằng {5} Attack của Jinhsi.",C?n ti?ng Anh nghi v?n: Attack; Basic; Bonus; Incarnation; Jinhsi; Liberation | S? t?/c?m nghi v?n: 9 | T? l? nghi v?n: 0.243 | M?c ??: 41.43
"This enemy has a <color=HighlightB>higher RES</color> to <color=Thunder>Electro DMG </color>.

In the exam zone, Elite Class enemies grant a shield to all friendly units within 15m every 5s.

The Twin Nova mechs were built for exploration beyond the Stridergate. Collapsar Blade is the melee model. Their humanoid form embodies mankind's drive to explore the abyss when they look up at the stars. Together as one, paired Twin Novas demonstrate unprecedented combat capabilities.","Kẻ địch này có <color=HighlightB>higher RES</color> <color=Thunder>Electro DMG</color>.

Trong khu vực thi, kẻ địch Class Elite sẽ tạo lá chắn cho tất cả đơn vị đồng minh trong phạm vi 15m mỗi 5 giây.

Cặp mech Twin Nova được chế tạo để khám phá bên ngoài Stridergate. Collapsar Blade là phiên bản cận chiến. Hình dáng người máy của chúng thể hiện khát vọng vươn tới vực thẳm vũ trụ của nhân loại khi ngước nhìn bầu trời sao.

Khi kết hợp, cặp Twin Nova sẽ phát huy sức mạnh chiến đấu vượt trội chưa từng có.",C?n ti?ng Anh nghi v?n: Blade; Class; Collapsar; Elite; higher; Nova; RES; Stridergate; Twin | S? t?/c?m nghi v?n: 11 | T? l? nghi v?n: 0.44 | M?c ??: 41.4
"<color=#c49e55>[Heavy Attack]</color> After Heavy Attack: Detonate hits a target, the next Basic Attack cast within {0}s will be replaced with Rapid: Heavy Attack - Detonate, increasing resistance to interruption and generating an additional Subzero Prism. Ice Burst DMG is increased by {1}.","<color=#c49e55>[Heavy Attack]</color> Sau khi Heavy Attack: Bùng Nổ trúng mục tiêu, Basic Attack tiếp theo trong {0} giây sẽ được thay thế bằng Heavy Attack Nhanh: Bùng Nổ, tăng khả năng chống gián đoạn và tạo thêm một Prism Băng Giá. Sát Thương Vụ Nổ Băng tăng {1}.",C?n ti?ng Anh nghi v?n: Attack; Basic; Heavy; Prism | S? t?/c?m nghi v?n: 7 | T? l? nghi v?n: 0.538 | M?c ??: 41.38
"[Event Duration]

2026-05-09 04:00 to 2026-05-25 03:59 (server time)

*From 2026-05-09 08:00 to 2026-05-23 19:30 (server time), you can support your favorite Cube every day. From 2026-05-23 20:30 to 2026-05-25 03:59 (server time), support will be closed. During this period, you can view race results, check the Patron Board, watch replays, and claim event rewards.

[About]

A new season of Cubie Derby is back for the 2nd Anniversary of the Second Coming of Solaris! Come watch the match and support your Cube!

[Eligibility]

Reach Union Level 8.

[Rules]

1. During the event, 18 Cubes will take part in matches in 3 Groups. Not counting the Final, 1 match takes place per day with 14 matches in total to decide the Ultimate Race Winner.
2. The entire competition is comprised of 3 Stages: Preliminary, Eliminator, and the Final. Please refer to the event schedule for specific times and dates.
3. Between the end of the previous match till half an hour before the next match starts (20:30 server time), you can support your favorite Cube by predicting the Match Winner of the day.
4. The match of the day starts at 21:00 server time. From the event page, you can view the race live broadcast and cheer for your favorite Cube in the live chat.
5. After the match, you will obtain Popularity rewards based on the Cubes' final placements and the prediction outcomes.
6. The Patron Board will open at 04:00 server time on the day after the Preliminary B - 2nd, and thereafter be updated at 04:00 on the next day after each match. You can view your ranking on the Patron Board.
7. After the Final, a commemorative item will be sent out to all Rovers who unlocked this event. Please claim it in time before the event ends.
8. Any unclaimed rewards will be reissued via in-game Mail upon your next login within 30 days after the event ends.","[
Thời Gian Sự Kiện]

09/05/2026 04:00 – 25/05/2026 03:59 (giờ máy chủ)

*Từ 09/05/2026 08:00 đến 23/05/2026 19:30 (giờ máy chủ), bạn có thể ủng hộ Cubie yêu thích mỗi ngày. Từ 23/05/2026 20:30 đến 25/05/2026 03:59 (giờ máy chủ), chức năng ủng hộ sẽ tạm đóng. Trong thời gian này, bạn có thể xem kết quả cuộc đua, kiểm tra Bảng Bảo Trợ, xem lại các trận đấu và nhận thưởng sự kiện.

[Giới Thiệu]

Mùa giải mới của Cubie Derby trở lại nhân dịp Anniversary 2 năm Sự Trở Lại của Solaris! Hãy đến xem trận đấu và ủng hộ Cubie của bạn!

[Điều Kiện Tham Gia]

Đạt Cấp Liên Minh 8.

[Thể Lệ]

1. Trong sự kiện, 18 Cubie sẽ tham gia thi đấu theo 3 Bảng. Không tính trận Chung Kết, mỗi ngày sẽ có 1 trận đấu, tổng cộng 14 trận để tìm ra Nhà Vô Địch Cuộc Race.
2. Toàn bộ giải đấu gồm 3 Giai Đoạn: Vòng Loại, Vòng Loại Trực Tiếp và Chung Kết. Thời gian cụ thể vui lòng xem lịch sự kiện.
3. Từ khi trận đấu trước kết thúc đến 30 phút trước khi trận đấu tiếp theo bắt đầu (20:30 giờ máy chủ), bạn có thể ủng hộ Cubie yêu thích bằng cách dự đoán Đội Thắng của trận đấu hôm đó.
4. Trận đấu trong ngày bắt đầu lúc 21:00 giờ máy chủ. Từ trang sự kiện, bạn có thể xem trực tiếp cuộc đua và cổ vũ cho Cubie yêu thích trong khung chat trực tuyến.
5. Sau trận đấu, bạn sẽ nhận được phần thưởng Độ Nổi Tiếng dựa trên thứ hạng cuối cùng của các Cubie và kết quả dự đoán.
6. Bảng Bảo Trợ sẽ mở lúc 04:00 giờ máy chủ vào ngày sau trận Vòng Loại B - 2, và sau đó sẽ được cập nhật vào 04:00 ngày hôm sau sau mỗi trận đấu. Bạn có thể xem thứ hạng của mình trên Bảng Bảo Trợ.
7. Sau Chung Kết, một vật phẩm kỷ niệm sẽ được gửi đến tất cả Rover đã mở khóa sự kiện này. Hãy nhận thưởng kịp thời trước khi sự kiện kết thúc.
8. Mọi phần thưởng chưa nhận sẽ được gửi lại qua Mail trong game khi bạn đăng nhập trong vòng 30 ngày sau khi sự kiện kết thúc.",C?n ti?ng Anh nghi v?n: Anniversary; B; chat; Cubie; Derby; game; Mail; Race | S? t?/c?m nghi v?n: 14 | T? l? nghi v?n: 0.237 | M?c ??: 41.37
"<color=Highlight>Activated upon having 3 Bond Members in the team</color>
Summon a giant Doom Thunder upon exiting Synergy Burst, dealing Physical DMG equal to {0} of ATK to the target, considered Resonance Skill DMG.","<color=Highlight>Activated upon having 3 Bond Members in the team</color>
Khi thoát khỏi Cơn Bùng Nổ Đồng Điệu, triệu hồi một Thunder Tận Thế khổng lồ gây Sát Thương Physical bằng {0} Tấn Công lên mục tiêu, được tính là Sát Thương Kỹ Năng Synergy.",C?n ti?ng Anh nghi v?n: Activated; Bond; having; in; Members; Physical; Synergy; team; Thunder; upon | S? t?/c?m nghi v?n: 10 | T? l? nghi v?n: 0.833 | M?c ??: 41.33
"While in <color=#d4bf5f>Demon Hypostasis</color>, <color=#d4bf5f>Basic Attack</color> is replaced with <color=#d4bf5f>Basic Attack - Seraphic Execution</color>.","Khi ở trong <color=#d4bf5f>Demon Hypostasis</color>, <color=#d4bf5f>Basic Attack</color> sẽ được thay thế bằng <color=#d4bf5f>Basic Attack - Seraphic Execution</color>.",C?n ti?ng Anh nghi v?n: Attack; Basic; Demon; Execution; Hypostasis; Seraphic | S? t?/c?m nghi v?n: 8 | T? l? nghi v?n: 0.727 | M?c ??: 41.27
Hold <color=Highlight>Resonance Skill</color> while casting <color=Highlight>enhanced Resonance Skill</color> to continuously pull in nearby targets. Release the <color=Highlight>Resonance Skill</color> button or keep holding it for a certain period of time to cast <color=Highlight> ChainsawMode Basic Attack Stage 1</color>.,Giữ <color=Highlight>Resonance Skill</color> trong khi thi triển <color=Highlight>enhanced Resonance Skill</color> để liên tục hút các mục tiêu xung quanh. Thả nút <color=Highlight>Resonance Skill</color> hoặc giữ trong một khoảng thời gian nhất định để thi triển <color=Highlight>ChainsawMode Basic Attack Stage 1</color>.,C?n ti?ng Anh nghi v?n: Attack; Basic; ChainsawMode; enhanced; Skill; Stage | S? t?/c?m nghi v?n: 8 | T? l? nghi v?n: 0.421 | M?c ??: 41.21
"<color=yellow>Resonance Skill: Wind Feather Break</color>

Use sharp swordsmanship to create a wind field, pulling surrounding enemies to your location, causing Aero reaction area damage.

[Feather Release Slash]

Use a Heavy Attack after releasing [Wind Feather Break] to trigger [Feather Release Slash], causing Aero reaction damage and Juggle the target.

[Feather Fall]

Use a Basic Attack after Juggle the target with[Feather Release Slash] to trigger[Feather Fall], causing area damage by striking the ground.","<color=yellow>Resonance Skill: Wind Feather Break</color>

Sử dụng kiếm pháp sắc bén tạo ra trường gió, kéo kẻ địch xung quanh về vị trí của bạn, gây sát thương phản ứng Aero trong phạm vi.

[Phát Kiếm Feather]

Sử dụng Heavy Attack sau khi kích hoạt [Phá Gió Feather] để tung ra [Phát Kiếm Feather], gây sát thương phản ứng Aero và Hất Tung mục tiêu.

[Rơi Feather]

Sử dụng Basic Attack sau khi Hất Tung mục tiêu bằng [Phát Kiếm Feather] để kích hoạt [Rơi Feather], gây sát thương phạm vi bằng cách đập xuống đất.",C?n ti?ng Anh nghi v?n: Attack; Basic; Break; Feather; Heavy; Skill; Wind | S? t?/c?m nghi v?n: 8 | T? l? nghi v?n: 0.32 | M?c ??: 41.2
Tap <color=Highlight>Basic Attack</color> after using Heavy Attack <color=Highlight>Starflower Blooms</color> to use Mid-air Attack <color=Highlight>Starflower Blooms</color>.,Nhấn <color=Highlight>Basic Attack</color> sau khi dùng Kỹ Năng Nặng <color=Highlight>Starflower Blooms</color> để thực hiện Mid-air Attack <color=Highlight>Starflower Blooms</color>.,C?n ti?ng Anh nghi v?n: air; Attack; Basic; Blooms; Mid; Starflower | S? t?/c?m nghi v?n: 9 | T? l? nghi v?n: 0.818 | M?c ??: 41.18
"<color=#b72924ff>Falling Blade is summoned five times</color> on the active Resonator's location every <color=#b72924ff>8s</color>, each time dealing DMG equal to <color=#b72924ff>5% of their Max HP</color>.","<color=#b72924ff>Falling Blade is summoned five times</color> tại vị trí của Resonator đang hoạt động mỗi <color=#b72924ff>8s</color>, mỗi lần gây sát thương bằng <color=#b72924ff>5% of their Max HP</color> của họ.",C?n ti?ng Anh nghi v?n: Blade; Falling; five; is; Max; of; summoned; their; times | S? t?/c?m nghi v?n: 9 | T? l? nghi v?n: 0.818 | M?c ??: 41.18
"Team II Buff: Casting the Intro Skill restores 20 Concerto Energy and 20 Resonance Energy for all team members and reduces their Resonance Liberation cooldown by 15%.

Enemy Buff:
- Scorching Aura: Some enemies deal DoT Fusion DMG to nearby Resonators.
- Defeating these enemies increases all team members' ATK by 20% for 30s and their resistance to interruption for 60s.","Hiệu ứng Đội II: Khi sử dụng Intro Skill, hồi phục 20 Concerto Energy và 20 Resonance Energy cho tất cả thành viên trong đội, đồng thời giảm 15% Cooldown chiêu của Resonance Liberation.

Hiệu ứng Kẻ Địch:
- Hào Quang Cháy Bỏng: Một số kẻ địch gây Sát Thương Hệ Fusion theo thời gian lên Resonators gần đó.
- Hạ gục những kẻ địch này sẽ tăng 20% Tấn Công cho tất cả thành viên trong đội trong 30 giây và tăng khả năng chống gián đoạn trong 60 giây.",C?n ti?ng Anh nghi v?n: Cooldown; Energy; II; Intro; Liberation; Skill | S? t?/c?m nghi v?n: 7 | T? l? nghi v?n: 0.318 | M?c ??: 41.18
"Team II Buff: Casting the Intro Skill restores 20 Concerto Energy and 20 Resonance Energy for all team members and reduces their Resonance Liberation cooldown by 15%.

Enemy Buff:
- Scorching Aura: Some enemies deal DoT Fusion DMG to nearby Resonators.
- Defeating these enemies increases all team members' ATK by 20% for 30s and their resistance to interruption for 60s.","Hiệu ứng Đội II: Khi sử dụng Intro Skill, hồi phục 20 Concerto Energy và 20 Resonance Energy cho tất cả thành viên trong đội, đồng thời giảm 15% Cooldown chiêu của Resonance Liberation.

Hiệu ứng Kẻ Địch:
- Hào Quang Cháy Bỏng: Một số kẻ địch gây Sát Thương Hệ Fusion theo thời gian lên Resonators gần đó.
- Hạ gục những kẻ địch này sẽ tăng 20% Tấn Công cho tất cả thành viên trong đội trong 30 giây và tăng khả năng chống gián đoạn trong 60 giây.",C?n ti?ng Anh nghi v?n: Cooldown; Energy; II; Intro; Liberation; Skill | S? t?/c?m nghi v?n: 7 | T? l? nghi v?n: 0.318 | M?c ??: 41.18
"When Swordster's Soliloquy reaches 200 points, <color=Highlight>Basic Attack</color> is replaced with <color=Highlight>Thus Spoke the Blade: Inkwash</color>, which chains up to 4 strikes, dealing <color=Wind>Aero DMG</color>, considered as Heavy Attack DMG.","Khi Độ Trữ Tâm Kiếm đạt 200 điểm, <color=Highlight>Basic Attack</color> được thay thế bằng <color=Highlight>Thus Spoke the Blade: Inkwash</color>, thực hiện tối đa 4 đòn liên tiếp, gây <color=Wind>Aero DMG</color>, được tính là Sát Thương Heavy Attack.",C?n ti?ng Anh nghi v?n: Attack; Basic; Blade; Heavy; Inkwash; Spoke; Thus | S? t?/c?m nghi v?n: 8 | T? l? nghi v?n: 0.615 | M?c ??: 41.15
"Fighting alongside the people of Jinzhou, you help hold back the TD outbreak. Jinhsi confirms this was foretold by the Sentinel. With Yangyang at your side, you head to the Desorock Highland to meet Jiyan.

On the road, you are attacked by the Thundering Mephis, but Jiyan arrives just in time to help, and together you defeat the enemy. Back at the Midnight Rangers camp, you and Jiyan plan to use the Disruptor to break the Threnodian's defenses.","Cùng người dân Jinzhou chiến đấu, các cậu đã ngăn chặn được đợt bùng phát TD. Jinhsi xác nhận đây chính là điều Sentinel đã tiên đoán. Với Yangyang bên cạnh, cậu tiến về Desorock Highland để gặp Jiyan.

Trên đường đi, các cậu bị Thundering Mephis tấn công, nhưng Jiyan kịp thời xuất hiện trợ giúp, và cùng nhau đánh bại kẻ địch. Trở về trại Midnight Rangers, cậu và Jiyan lên kế hoạch sử dụng Disruptor để phá vỡ phòng tuyến của Threnodian.",C?n ti?ng Anh nghi v?n: Desorock; Disruptor; Highland; Jinhsi; Jiyan; Mephis; Midnight; Rangers; Thundering; Yangyang | S? t?/c?m nghi v?n: 12 | T? l? nghi v?n: 0.706 | M?c ??: 41.06
"[<te href=850099>Order of the Deep</te> - Ministry of Holy Rituals Records] 

Resonator Phoebe's waveform graph displays elliptical fluctuations. The Time Domain pattern is stable, and no signs of abnormal fluctuations are observed. The test results fall within the normal phase range.

Resonant Criticality: Relatively high. Resonator Phoebe's frequency displays high stability with a low risk of <te href=850073>Overclocking</te>.

Records show no history of Overclocking. 

<i><te href=850100>Acolyte</te> Phoebe has always strictly adhered to the teachings of ""silence"" and ""self-restraint,"" making her stability unmatched among her peers. Observations show that Acolyte Phoebe's Resonance ability produces a stable frequency, strongly affecting Echoes and <te href=850076>Remnant</te> Creatures. Humans can also be affected to a certain degree, experiencing ""healing"" on a spiritual level. This makes her particularly adept in roles that require soothing and mediation.</i>

*Latest Notes: A brief sawtooth fluctuation was detected in Acolyte Phoebe's regular waveform. No abnormalities have been noted at this time, but continued monitoring is advised, with increased attention if necessary.","[<te href=850099>Order of the Deep</te> - Ministry of Holy Rituals Records] 

Biểu đồ dạng sóng của Resonator Phoebe hiển thị dao động hình elip. Mẫu miền Thời gian ổn định và không có dấu hiệu dao động bất thường. Kết quả test nằm trong phạm vi pha bình thường.

Độ nguy cấp cộng hưởng: Tương đối cao. Tần số của Resonator Phoebe thể hiện tính ổn định cao với nguy cơ <te href=850073>Overclocking</te> thấp.

Hồ sơ không ghi nhận tiền sử Overclocking.

<i><te href=850100>Acolyte</te> Phoebe luôn tuân thủ nghiêm ngặt giáo lý ""tĩnh lặng"" và ""tự kiềm chế"", khiến sự ổn định của cô vượt trội so với đồng nghiệp. Quan sát cho thấy khả năng Resonance của Acolyte Phoebe tạo ra tần số ổn định, ảnh hưởng mạnh mẽ đến Echoes và sinh vật <te href=850076>Remnant</te>. Humans cũng có thể bị ảnh hưởng ở một mức độ nhất định, trải qua sự ""hàn gắn"" về mặt tinh thần. Điều này khiến cô đặc biệt phù hợp với các vai trò đòi hỏi sự xoa dịu và hòa giải.</i>

*Ghi chú mới nhất: Một dao động hình răng cưa ngắn đã được phát hiện trong dạng sóng thông thường của Acolyte Phoebe. Hiện chưa ghi nhận bất thường, nhưng vẫn cần tiếp tục theo dõi, tăng cường chú ý nếu cần thiết.*",C?n ti?ng Anh nghi v?n: Acolyte; Humans; Overclocking; Phoebe; Remnant; test | S? t?/c?m nghi v?n: 13 | T? l? nghi v?n: 0.302 | M?c ??: 41.02
"<size=40><color=Title>Flaming Woolies</color></size>
Encore summons Cloudy and Cosmos to attack with burning rays, dealing <color=Fire>Fusion DMG</color>.
<size=10> </size>
<size=40><color=Title>Energetic Welcome</color></size>
After casting <color=Highlight>Flaming Woolies</color>, use <color=Highlight>Resonance Skill</color> to perform <color=Highlight>Energetic Welcome</color>, dealing <color=Fire>Fusion DMG</color>.","<size=40><color=Title>Flaming Woolies</color></size>
Encore triệu hồi Cloudy và Cosmos tấn công bằng tia lửa rực cháy, gây <color=Fire>Fusion DMG</color>.
<size=10> </size>
<size=40><color=Title>Energetic Welcome</color></size>
Sau khi sử dụng <color=Highlight>Flaming Woolies</color>, hãy dùng <color=Highlight>Resonance Skill</color> để thực hiện <color=Highlight>Energetic Welcome</color>, gây <color=Fire>Fusion DMG</color>.",C?n ti?ng Anh nghi v?n: Cloudy; Cosmos; Encore; Energetic; Flaming; Skill; Welcome; Woolies | S? t?/c?m nghi v?n: 12 | T? l? nghi v?n: 0.6 | M?c ??: 41.0
"<te href=851007><color=#c79f49>Exchange</color></te>: After <SapTag=0>{0}</SapTag> {Cus:Sap,S=day P=days SapTag=0}, <te href=851041><color=#c79f49>Remove</color></te> itself as an <te href=851013><color=#c79f49>Item of Exchange</color></te>. When Exchanged, increase the <te href=851009><color=#c79f49>Daily Coupon</color></te> yield of <te href=851055><color=#c79f49>adjacent</color></te> Echoes by {1}% of this Echo's Daily Coupon yield. This Echo cannot be obtained through <te href=851012><color=#c79f49>Echo Recruitment</color></te>.","<te href=851007><color=#c79f49>Exchange</color></te>: Sau <SapTag=0>{0}</SapTag> {Cus:Sap,S=ngày P=ngày SapTag=0}, tự <te href=851041><color=#c79f49>Remove</color></te> bản thân khỏi danh sách <te href=851013><color=#c79f49>Item of Exchange</color></te>. Khi được Exchange, tăng sản lượng <te href=851009><color=#c79f49>Daily Coupon</color></te> của các Echoes <te href=851055><color=#c79f49>adjacent</color></te> liền kề thêm {1}% sản lượng Daily Coupon của Echoes này. Echoes này không thể nhận được thông qua <te href=851012><color=#c79f49>Echo Recruitment</color></te>.",C?n ti?ng Anh nghi v?n: adjacent; Coupon; Daily; Exchange; Item; of; Recruitment; Remove | S? t?/c?m nghi v?n: 12 | T? l? nghi v?n: 0.6 | M?c ??: 41.0
Casting Heavy Attack <color=Highlight>Absolution Litany</color> or Resonance Skill <color=Highlight>Utter Confession</color> restores 60 Divine Voice.,"Khi sử dụng Heavy Attack <color=Highlight>Absolution Litany</color> hoặc Resonance Skill <color=Highlight>Utter Confession</color>, hồi phục 60 Divine Giọng nói.",C?n ti?ng Anh nghi v?n: Absolution; Attack; Confession; Divine; Heavy; Litany; Skill; Utter | S? t?/c?m nghi v?n: 8 | T? l? nghi v?n: 0.8 | M?c ??: 41.0
"In this challenge:
<color=Highlight>Roccia's</color> Resonance Skill has no cooldown.
Flight STA cost is reduced.

Key Buff: <color=Highlight>Dash and Plunge Attack</color> summon a Cyclone that deals Havoc DMG.","Trong thử thách này:
<color=Highlight>Roccia's</color> của Roccia không có Cooldown.
Chi phí STA khi bay được giảm.

Buff chính: <color=Highlight>Dash and Plunge Attack</color> triệu hồi Cyclone gây Havoc DMG.",C?n ti?ng Anh nghi v?n: and; Attack; Buff; Cooldown; Cyclone; Dash; Plunge; Roccia's | S? t?/c?m nghi v?n: 8 | T? l? nghi v?n: 0.5 | M?c ??: 41.0
"In this challenge:
<color=Highlight>Roccia's</color> Resonance Skill has no cooldown.
Flight STA cost is reduced.

Key Buff: <color=Highlight>Dash and Plunge Attack</color> summon a Cyclone that deals Havoc DMG.","Trong thử thách này:
<color=Highlight>Roccia's</color> của Roccia không có Cooldown.
Chi phí STA khi bay được giảm.

Buff chính: <color=Highlight>Dash and Plunge Attack</color> triệu hồi Cyclone gây Havoc DMG.",C?n ti?ng Anh nghi v?n: and; Attack; Buff; Cooldown; Cyclone; Dash; Plunge; Roccia's | S? t?/c?m nghi v?n: 8 | T? l? nghi v?n: 0.5 | M?c ??: 41.0
"Release the Normal Attack button during the <color=#f4d582>Heavy Attack</color> to cast Abyssal Slash after the Heavy Attack ends, dealing <color=Wind>Aero DMG</color>.","Thả nút Normal Attack trong <color=#f4d582>Heavy Attack</color> để tung ra Vết Rạch Abyssal sau khi Heavy Attack kết thúc, gây <color=Wind>Aero DMG</color>.",C?n ti?ng Anh nghi v?n: Abyssal; Attack; Heavy; Normal | S? t?/c?m nghi v?n: 7 | T? l? nghi v?n: 0.5 | M?c ??: 41.0
Jiyan: Heavy Attack Tutorial <color=#d4bf5f>Heavy Attack: Abyssal Slash</color>,Jiyan: Hướng dẫn Heavy Attack <color=#d4bf5f>Heavy Attack: Abyssal Slash</color>,C?n ti?ng Anh nghi v?n: Abyssal; Attack; Heavy; Jiyan; Slash | S? t?/c?m nghi v?n: 7 | T? l? nghi v?n: 1.0 | M?c ??: 41.0
Jiyan: Heavy Attack Tutorial <color=#d4bf5f>Heavy Attack: Windborne Strike</color>,Jiyan: Hướng dẫn Heavy Attack <color=#d4bf5f>Heavy Attack: Windborne Strike</color>,C?n ti?ng Anh nghi v?n: Attack; Heavy; Jiyan; Strike; Windborne | S? t?/c?m nghi v?n: 7 | T? l? nghi v?n: 1.0 | M?c ??: 41.0
Casting Heavy Attack additionally restores Resonance Energy by {0} and reduces all team members' Resonance Liberation Cooldown by {1}s. This effect has a Cooldown of {2}s.,"Khi sử dụng Heavy Attack, hồi phục thêm {0} Resonance Energy và giảm Cooldown chiêu Resonance Liberation của tất cả thành viên trong đội đi {1} giây. Hiệu ứng này có Cooldown chiêu là {2} giây.",C?n ti?ng Anh nghi v?n: Attack; Cooldown; Energy; Heavy; Liberation | S? t?/c?m nghi v?n: 6 | T? l? nghi v?n: 0.6 | M?c ??: 41.0
"<color=Highlight>[Forte Circuit]</color>
Demon Hypostasis grants <color=Highlight>{0}</color> Echo Skill DMG Bonus, increases the total DMG of Basic Attack and Heavy Attack by <color=Highlight>{1}</color>, and increases Attack Speed by <color=Highlight>{2}</color>.","<color=Highlight>[Forte Circuit]</color>
Dạng Ác Quỷ tăng <color=Highlight>{0}</color> Sát Thương Kỹ Năng Dư Âm, tăng tổng sát thương của Basic Attack và Đòn Heavy Attack thêm <color=Highlight>{1}</color>, và tăng Attack Speed thêm <color=Highlight>{2}</color>.",C?n ti?ng Anh nghi v?n: Attack; Basic; Heavy; Speed | S? t?/c?m nghi v?n: 6 | T? l? nghi v?n: 1.0 | M?c ??: 41.0
"<color=#c49e55>[Basic Attack]</color> Gain {0} Electro DMG Bonus. Each time Basic Attack deals DMG, restore {1} Capacity. This effect can be triggered once every {2}s. Casting Resonance Skill: Decipher at max Capacity restores {3} Resonance Energy and reduces Resonance Liberation cooldown by {4}s.","<color=#c49e55>[Basic Attack]</color> Nhận {0} thưởng Electro DMG. Mỗi khi Basic Attack gây sát thương, hồi {1} Năng Lượng. Hiệu ứng này chỉ kích hoạt mỗi {2} giây một lần. Kích hoạt Resonance Skill: Giải Mã ở trạng thái Năng Lượng tối đa sẽ hồi {3} Resonance Energy và giảm {4} giây Cooldown chiêu của Resonance Liberation.",C?n ti?ng Anh nghi v?n: Attack; Basic; Cooldown; Energy; Liberation; Skill | S? t?/c?m nghi v?n: 6 | T? l? nghi v?n: 0.5 | M?c ??: 41.0
"""The demon has fallen. The children may sing once more.""
 
The Discord Slayer folded her burning wings and descended from the skies into the waiting crowd. The heat still rising from the gun at her hip betrayed that her hunt had just ended.
 
<te href=850081>Tacet Discords</te>—supernatural beings born from the chaotic remnants of human frequencies and energy—were the embodiment of malice and destruction in this world. Although science had long since classified them, in many places they were still referred to as demons or vengeful spirits, with names derived from old legends and ghost stories. And across the world, there were those who hunted them. For bounty, for research, or simply to test their own strength. To face such terrifying foes with both respect and defiance, these hunters bore a title passed down through the ages—Discord Slayer.
 
Most Discord Slayers proved their kills by extracting the monster's frequency through their Terminal, or by returning with its Tacet Core. But not her. She always came back empty-handed, offering only her word that the job was done. She would calmly recount each monster's weakness and the best way to slay it. But words alone earned no trust. And so, she raised her right hand and whispered its name… the Shrieking Legion, the Tacet Discord she harbored, emerged. The crowd had no choice but to believe. Fear thickened the air. Silence fell like a blade.
 
She heard their murmurs, their doubts, their suspicions. She felt their hostility, but never once tried to explain herself. Some whispered she was the product of a human–TD hybrid experiment, created for the sole purpose of killing. Others believed she was forged from altered TD frequencies, a being born of sin. Still more were convinced she had struck a pact with a demon and traded her emotions away. She always nodded in agreement to that. To her, it was a convenient shield, an excuse to silence the questions she didn't want to answer.
 
Most days, she would turn away from the stares. But sometimes, she allowed herself small indulgences. She would ignore the wary looks and take a seat at an open bar, quietly ordering a few glasses of a blueberry ice cream shake. Only the hunters who fought beside her knew the truth. Beneath her cold, distant mask burned an intense lust for the hunt. And when she faced her prey, she was merciless.
 
The Shrieking Legion was a beast-type Tacet Discord of the forest. Born of jealousy, it mimicked human voices to lure children close before stealing their voices. She had warned the squad not to engage it on its own ground. But her youthful appearance earned no trust. They ignored her and fell into its trap. The valley walls amplified the monster's shrieks into a storm of sound that nearly broke the entire squad. But she did not hesitate. With cold resolve, she ruptured her own eardrums, blood trailing behind her as she charged forward. In the next breath, flames surged around her. She pressed her gun to the monster's chest and pulled the trigger. In the smoking silence that followed, she left only her verdict:
 
""Your penance starts now.""
 
The crowd witnessed the monster's reckoning. With her right hand, she seized its throat, and serpentine flames engulfed it completely. The Legion released a final, distorted wail before dissolving into a sliver of essence—absorbed by her as due payment. Her own bloodied, burnt body began to regenerate with unnerving speed. For a moment, it was hard to tell... who the real demon was. 
 
But one truth was undeniable. She could have escaped alone. Instead, she stayed. And because she did, they lived.
 
She brushed the ashes from her shoulders, conjured a handful of popsicles as if from thin air, and offered them to the trembling survivors with a casual grin.
 
""Want one?""
 
To her, this deadly hunt was nothing more than a mundane errand on an ordinary day. 
 
Once the sweetness of the ice cream cooled the fire still smoldering in her chest, she unfurled her wings and vanished into the skies.
 
No one knew where she came from, or where she was going. Children called her the ""Ice Cream Demon"" after watching her devour three towering cups of frozen delight. The more learned saw the baleful fire that clung to her and thought instead of the legendary Flame Demon. But if one dared to gather her fallen feathers, they would discover something else. Those razor feathers sharp enough to cut Tacet Discords in two carried a strange gentleness, and... a bitterness weathered with time. Perhaps it was only natural. Such freedom, such untamed spirit, could only be born of displacement.
 
She rarely spoke of her past. When pressed, her answers were brief, evasive.
 
To know her story, one would have to go back a long, long time ago. Back when her hair still shimmered pale gold and her eyes still blazed with radiant light. Back before the world ever called her… ""Galbrena.""","""Ác quỷ đã gục ngã. Lũ trẻ có thể hát lại rồi.""
 
Kẻ Diệt Tacet gập đôi đôi cánh bốc cháy, từ từ hạ xuống giữa đám đông đang chờ đợi. Sức nóng vẫn tỏa ra từ khẩu súng bên hông cô cho thấy cuộc săn vừa kết thúc.
 
<te href=850081>Tacet Discords</te>—những sinh vật siêu nhiên sinh ra từ tàn dư hỗn loạn của tần số và năng lượng con người—là hiện thân của độc ác và hủy diệt trong thế giới này. Dù khoa học đã phân loại chúng từ lâu, nhiều nơi vẫn gọi chúng là ác quỷ hay linh hồn báo thù, với những cái tên bắt nguồn từ truyền thuyết và chuyện ma quái xưa cũ. Và trên khắp thế giới, vẫn có những kẻ săn đuổi chúng. Vì tiền thưởng, vì nghiên cứu, hay đơn giản là để thử thách sức mạnh bản thân. Để đối mặt với những kẻ thù đáng sợ như vậy với cả sự tôn trọng lẫn thách thức, những thợ săn này mang một danh hiệu được truyền lại qua nhiều thế hệ—Kẻ Diệt Tacet.
 
Hầu hết Kẻ Diệt Tacet chứng minh chiến tích của mình bằng cách trích xuất tần số của quái vật qua Terminal, hoặc mang về Core Tacet của nó. Nhưng không phải cô. Cô luôn trở về tay không, chỉ đưa ra lời khẳng định công việc đã hoàn thành. Cô bình tĩnh thuật lại điểm yếu của từng con quái vật và cách tiêu diệt chúng hiệu quả nhất. Nhưng lời nói không đủ để tạo dựng niềm tin. Vì vậy, cô giơ tay phải lên và thì thầm tên gọi… Shrieking Legion, Discord mà cô chứa chấp, hiện ra. Đám đông không còn lựa chọn nào khác ngoài việc tin tưởng. Fear hãi lan tỏa trong không khí. Sự im lặng như lưỡi dao buông xuống.
 
Cô nghe thấy những lời thì thầm, những nghi ngờ, những hoài nghi. Cô cảm nhận được sự thù địch của họ, nhưng chưa bao giờ cố giải thích. Người thì thì thầm rằng cô là sản phẩm của thí nghiệm lai giữa con người và TD, được tạo ra chỉ để giết chóc. Kẻ khác tin rằng cô được rèn từ tần số TD bị biến đổi, một sinh vật sinh ra từ tội lỗi. Còn nhiều người nữa lại tin rằng cô đã lập giao ước với ác quỷ và đánh đổi cảm xúc của mình. Cô luôn gật đầu đồng ý với điều đó. Với cô, đó là một tấm khiên tiện lợi, một cái cớ để bịt miệng những câu hỏi không muốn trả lời.
 
Hầu hết ngày, cô sẽ quay lưng trước những ánh nhìn. Nhưng đôi khi, cô cho phép bản thân những thú vui nhỏ. Cô phớt lờ những ánh mắt cảnh giác và ngồi xuống quầy bar mở cửa, lặng lẽ gọi vài ly sinh tố kem việt quất. Chỉ những thợ săn từng chiến đấu bên cạnh cô mới biết sự thật. Dưới lớp mặt nạ lạnh lùng, xa cách ấy là ngọn lửa mãnh liệt của niềm khao khát săn đuổi. Và khi đối mặt với con mồi, cô không hề khoan nhượng.
 
Shrieking Legion là một Discord thuộc hệ thú của rừng. Sinh ra từ lòng đố kỵ, nó bắt chước giọng người để dụ trẻ em đến gần trước khi cướp đi tiếng nói của chúng. Cô đã cảnh báo đội không được giao chiến với nó trên lãnh địa của nó. Nhưng ngoại hình trẻ con của cô không mang lại sự tin tưởng. Họ phớt lờ cô và sa vào bẫy. Những bức tường thung lũng khuếch đại tiếng thét của con quái vật thành một cơn bão âm thanh suýt nữa nghiền nát cả đội. Nhưng cô không hề do dự. Với quyết tâm lạnh lùng, cô tự làm vỡ màng nhĩ mình, máu chảy theo sau khi cô lao tới. Trong nháy mắt, ngọn lửa bùng lên quanh cô. Cô dí súng vào ngực con quái vật và bóp cò. Trong sự im lặng đầy khói sau đó, cô chỉ để lại lời phán quyết:
 
""Sự chuộc tội của ngươi bắt đầu từ đây.""
 
Đám đông chứng kiến sự trừng phạt của con quái vật. Bằng tay phải, cô túm lấy cổ họng nó, và ngọn lửa hình rắn nuốt chửng nó hoàn toàn. Legion thét lên tiếng kêu cuối cùng méo mó trước khi tan biến thành một mảnh tinh chất—bị cô hấp thụ như một khoản trả công xứng đáng. Cơ thể cháy sém, đẫm máu của cô bắt đầu tái sinh với tốc độ đáng sợ. Trong khoảnh khắc, thật khó để phân biệt… ai mới là ác quỷ thực sự.
 
Nhưng một sự thật không thể phủ nhận. Cô có thể bỏ trốn một mình. Thay vào đó, cô ở lại. Và vì cô đã làm vậy, họ sống sót.
 
Cô phủi tro khỏi vai, biến ra một nắm kem que như từ hư không và đưa cho những người sống sót đang run rẩy với nụ cười thoải mái.
 
""Want one?""
 
Với cô, cuộc săn chết chóc này chẳng khác gì một việc vặt thường ngày.
 
Khi vị ngọt của kem làm dịu đi ngọn lửa vẫn âm ỉ trong lồng ngực, cô xòe rộng đôi cánh và biến mất vào bầu trời.
 
Không ai biết cô đến từ đâu, hay sẽ đi về đâu. Lũ trẻ gọi cô là ""Ác Quỷ Kem"" sau khi thấy cô ăn hết ba ly kem cao ngất. Những người uyên bác hơn nhìn thấy ngọn lửa tai họa bám trên người cô và nghĩ ngay đến Ác Quỷ Lửa trong truyền thuyết. Nhưng nếu ai dám nhặt những chiếc lông vũ rơi của cô, họ sẽ phát hiện ra điều khác. Những chiếc lông sắc như dao đủ để cắt đôi Discord lại mang một sự dịu dàng kỳ lạ, và… một chút đắng cay đã trải qua thời gian. Có lẽ điều đó cũng tự nhiên thôi. Sự tự do, tinh thần hoang dã như vậy chỉ có thể sinh ra từ sự lưu lạc.
 
Cô hiếm khi nói về quá khứ của mình. Khi bị ép, câu trả lời của cô luôn ngắn gọn, lảng tránh.
 
Muốn biết câu chuyện của cô, người ta phải quay ngược thời gian rất xa. Quay về thời điểm tóc cô vẫn óng ánh màu vàng nhạt và đôi mắt vẫn rực sáng ánh hào quang. Quay về trước khi thế giới gọi cô là… ""Galbrena.""",C?n ti?ng Anh nghi v?n: bar; Core; Discord; Discords; Fear; Galbrena; Legion; one; Shrieking; Want | S? t?/c?m nghi v?n: 15 | T? l? nghi v?n: 0.098 | M?c ??: 40.98
"On each turn, <color=#ffd12f>there is a chance</color> for a Cube to trigger its own special <color=#ffd12f>Skill</color>. Skills have unique effects on how Cubes move. The track also contains mechanisms that can hinder or help their progress.","Mỗi lượt đi, <color=#ffd12f>there is a chance</color> một Cube kích hoạt <color=#ffd12f>Skill</color> đặc biệt của riêng nó. Skills có những hiệu ứng độc đáo ảnh hưởng đến cách Cube di chuyển. Đường đua cũng chứa các cơ chế có thể cản trở hoặc hỗ trợ chúng.",C?n ti?ng Anh nghi v?n: a; chance; Cube; is; Skill; Skills; there | S? t?/c?m nghi v?n: 8 | T? l? nghi v?n: 0.889 | M?c ??: 40.89
"<color=#c49e55>[Resonance Liberation]</color>
Spectro DMG is increased by {0}.
Casting Resonance Liberation - Dawn of Enlightenment triggers a small-scale explosion <SapTag=1>{1}</SapTag> {Cus:Sap,S=time P=times SapTag=1}, each time dealing Spectro DMG equal to {2} of Phoebe's ATK (considered Basic Attack DMG).
Hitting the target with Resonance Liberation reduces their Spectro RES by {3} for {4}s.","<color=#c49e55>[Resonance Liberation]</color>
Spectro DMG Bonus thêm {0}.
Khi thi triển Resonance Liberation - Dawn Khải Tâm, kích hoạt một vụ nổ nhỏ <SapTag=1>{1}</SapTag> {Cus:Sap,S=lần P=lần SapTag=1}, mỗi lần gây Spectro DMG bằng {2} Attack của Phoebe (được tính là sát thương Kỹ Năng Basic).
Đánh trúng mục tiêu bằng Resonance Liberation sẽ giảm Spectro RES của chúng {3} trong {4} giây.",C?n ti?ng Anh nghi v?n: Attack; Basic; Bonus; Dawn; Liberation; RES | S? t?/c?m nghi v?n: 7 | T? l? nghi v?n: 0.389 | M?c ??: 40.89
"<color=#c49e55>[Resonance Skill]</color>
Resonance Skill - Skyfall Severance's Cooldown is reduced by {0} and gains <SapTag=1>{1}</SapTag> {Cus:Sap,S=charge P=charges SapTag=1}. When hit, Rover: Aero can consume {2} of the current HP to cast Skyfall Severance.
Casting Resonance Skill - Skyfall Severance grants an unstackable Shield equal to {3} of Rover: Aero's Max HP for {4}s. This skill can be followed by Mid-air Attack - Cloudburst Dance.","<color=#c49e55>[Resonance Skill]</color>
Resonance Skill - Cooldown chiêu của Đoạn Kết Từ Trời giảm {0} và nhận được <SapTag=1>{1}</SapTag> {Cus:Sap,S=điểm P=điểm SapTag=1} Tần Số. Khi bị tấn công, Rover: Aero có thể tiêu hao {2} HP hiện tại để thi triển Đoạn Kết Từ Trời.
Thi triển Resonance Skill - Đoạn Kết Từ Trời sẽ tạo một Lá Chắn không thể chồng chất, tương đương {3} HP tối đa của Rover: Aero trong {4} giây. Skill này có thể tiếp nối bằng Mid-air Attack - Dance Mây Động.",C?n ti?ng Anh nghi v?n: air; Attack; Cooldown; Dance; Mid; Skill | S? t?/c?m nghi v?n: 8 | T? l? nghi v?n: 0.381 | M?c ??: 40.81
"Casting <color=Highlight>Echo Skill</color> grants increased resistance to interruption and reduces damage taken by {0} for {1}s.
After casting <color=Highlight>Suite of Quietus</color>, <color=Highlight>Suite of Immortality</color>, and <color=Highlight>Echo Skill</color>, the next <color=Highlight><te href=160801>Volatile Note</te></color> becomes <color=Highlight>Volatile Note - Cadenza</color>.","Kích hoạt <color=Highlight>Echo Skill</color> tăng khả năng kháng gián đoạn và giảm {0} sát thương nhận vào trong {1} giây.
Sau khi kích hoạt <color=Highlight>Suite of Quietus</color>, <color=Highlight>Suite of Immortality</color> và <color=Highlight>Echo Skill</color>, <color=Highlight><te href=160801>Volatile Ghi chú</te></color> tiếp theo sẽ trở thành <color=Highlight>Volatile Ghi chú - Cadenza</color>.",C?n ti?ng Anh nghi v?n: Cadenza; Immortality; of; Quietus; Skill; Suite; Volatile | S? t?/c?m nghi v?n: 11 | T? l? nghi v?n: 0.579 | M?c ??: 40.79
"<color=#c49e55>[Basic Attack]</color>
- The efficiency of acquiring Frost from Heavy Attacks is greatly increased.
- Casting Heavy Attack: Frostfall increases ATK by {0} for {1}s.","<color=#c49e55>[Basic Attack]</color>
- Hiệu suất thu thập Frost từ Heavy Attack được tăng lên đáng kể.
- Sử dụng Heavy Attack: Frostfall sẽ tăng Attack {0} trong {1} giây.",C?n ti?ng Anh nghi v?n: Attack; Frost; Frostfall; Heavy | S? t?/c?m nghi v?n: 7 | T? l? nghi v?n: 0.778 | M?c ??: 40.78
"After absorbing the <color=#ffd12f>Prisms</color> of different attributes, the Heron will <color=#ffd12f>recover all its HP</color> and enter the <color=#ffd12f>enpowered state</color> of the corresponding attribute. The enhanced Heron will launch fiercer attacks.","Sau khi hấp thụ <color=#ffd12f>Prisms</color> của các thuộc tính khác nhau, Heron sẽ <color=#ffd12f>recover all its HP</color> và bước vào trạng thái <color=#ffd12f>enpowered state</color> tương ứng. Heron được tăng cường sẽ tung ra những đòn tấn công dữ dội hơn.",C?n ti?ng Anh nghi v?n: all; enpowered; Heron; its; Prisms; recover; state | S? t?/c?m nghi v?n: 8 | T? l? nghi v?n: 0.571 | M?c ??: 40.71
"After absorbing the <color=#ffd12f>Prisms</color> of different attributes, the Heron will <color=#ffd12f>recover all its HP</color> and enter the <color=#ffd12f>enpowered state</color> of the corresponding attribute. The enhanced Heron will launch fiercer attacks.","Sau khi hấp thụ <color=#ffd12f>Prisms</color> của các thuộc tính khác nhau, Heron sẽ <color=#ffd12f>recover all its HP</color> và bước vào trạng thái <color=#ffd12f>enpowered state</color> tương ứng. Heron được tăng cường sẽ tung ra những đòn tấn công dữ dội hơn.",C?n ti?ng Anh nghi v?n: all; enpowered; Heron; its; Prisms; recover; state | S? t?/c?m nghi v?n: 8 | T? l? nghi v?n: 0.571 | M?c ??: 40.71
"The active Resonator recovers HP equal to {0} of their missing HP upon dealing damage, triggered once every 1s. For every {1} HP lost, the DMG dealt is Amplified by {2}. <color=#b94f4e>Casting Resonance Skill or Resonance Liberation consumes {3} of their current HP</color>.","Resonator đang kích hoạt hồi phục HP bằng {0} lượng HP đã mất khi gây sát thương, kích hoạt mỗi 1 giây. Cứ mỗi {1} HP mất đi, sát thương gây ra được Khuếch Đại thêm {2}. <color=#b94f4e>Casting Resonance Skill or Resonance Liberation consumes {3} of their current HP</color>.",C?n ti?ng Anh nghi v?n: Casting; consumes; current; Liberation; of; or; Skill; their | S? t?/c?m nghi v?n: 8 | T? l? nghi v?n: 0.471 | M?c ??: 40.71
"<color=#c49e55>[Forte Circuit]</color>
When in Chainsaw Mode and after casting Sawring - Eradication, use Basic Attack to cast Sawring - Retribution, dealing Havoc DMG equal to <color=Highlight>{0}</color> of Chisa's ATK (considered Resonance Liberation DMG) and restoring <color=Highlight>{1}</color> points of Resonance Energy.","<color=#c49e55>[Forte Circuit]</color>
Khi ở Chế Độ Chainsaw và sau khi sử dụng Chainsaw - Diệt Trừ, dùng Basic Attack để thi triển Chainsaw - Trừng Phạt, gây Havoc DMG bằng <color=Highlight>{0}</color> Attack của Chisa (được tính là Sát Thương Resonance Liberation) và phục hồi <color=Highlight>{1}</color> điểm Resonance Energy.",C?n ti?ng Anh nghi v?n: Attack; Basic; Chainsaw; Energy; Liberation | S? t?/c?m nghi v?n: 8 | T? l? nghi v?n: 0.471 | M?c ??: 40.71
"Jiyan can hold up to 60 Resolve.
Jiyan gains Resolve when his Normal Attack <color=Highlight>Lone Lance</color> hits the target.
Jiyan gains Resolve when the Intro Skill <color=Highlight>Tactical Strike</color> hits the target.
Resolve will gradually decrease if Jiyan does not hit a target within 15s.","Jiyan có thể tích lũy tối đa 60 Điểm Quyết Tâm.
Jiyan nhận Điểm Quyết Tâm khi Kỹ Năng Thường <color=Highlight>Lone Lance</color> trúng mục tiêu.
Jiyan nhận Điểm Quyết Tâm khi Intro Skill <color=Highlight>Tactical Strike</color> trúng mục tiêu.
Điểm Quyết Tâm sẽ dần giảm nếu Jiyan không tấn công mục tiêu trong vòng 15 giây.",C?n ti?ng Anh nghi v?n: Intro; Jiyan; Lance; Lone; Skill; Strike; Tactical | S? t?/c?m nghi v?n: 10 | T? l? nghi v?n: 0.769 | M?c ??: 40.69
"Deal <color=Wind>Aero DMG</color> (considered Echo Skill DMG). Gain <color=Highlight>Divergent</color> for {0}s.
<size=10></size>
<size=40><color=Title>Divergent</color></size>
The next time Sigrika obtains a <color=Highlight><te href=141201>Rune</te></color>, she additionally obtains a <color=Highlight><te href=141201>Rune</te></color> of the opposite type and removes <color=Highlight>Divergent</color>.
When Sigrika holds <color=Highlight>Divergent</color> and <color=Highlight><te href=141205>Convergent</te></color> at the same time, <color=Highlight><te href=141205>Convergent</te></color> takes priority.
When Sigrika holds <SapTag=1>{1}</SapTag> {Cus:Sap,S=point P=points SapTag=1} of <color=Highlight><te href=141202>Full Stop</te></color>, <color=Highlight>Divergent</color> doesn't take effect.","Gây <color=Wind>Aero DMG</color> (được tính là Sát Thương Kỹ Năng Echo). Nhận <color=Highlight>Divergent</color> trong {0} giây.
<size=10></size>
<size=40><color=Title>Divergent</color></size>
Lần tiếp theo Sigrika nhận được <color=Highlight><te href=141201>Rune</te></color>, cô sẽ nhận thêm một <color=Highlight><te href=141201>Rune</te></color> thuộc loại đối lập và loại bỏ <color=Highlight>Divergent</color>.
Khi Sigrika đồng thời sở hữu <color=Highlight>Divergent</color> và <color=Highlight><te href=141205>Convergent</te></color>, <color=Highlight><te href=141205>Convergent</te></color> sẽ được ưu tiên.
Khi Sigrika có <SapTag=1>{1}</SapTag> {Cus:Sap,S=điểm P=điểm Full Stop} <color=Highlight><te href=141202>Full Stop</te></color>, <color=Highlight>Divergent</color> sẽ không có hiệu lực.",C?n ti?ng Anh nghi v?n: Convergent; Divergent; Full; Rune; Sigrika; Stop | S? t?/c?m nghi v?n: 14 | T? l? nghi v?n: 0.667 | M?c ??: 40.67
"Consume STA to attack the target, dealing <color=Dark>Havoc DMG</color>. Within a short time after casting Heavy Attack, cast Basic Attack to trigger Basic Attack Stage 4.","Tiêu hao STA để tấn công mục tiêu, gây <color=Dark>Havoc DMG</color>. Trong thời gian ngắn sau khi thực hiện Heavy Attack, dùng Basic Attack để kích hoạt Stage 4 Basic Attack.",C?n ti?ng Anh nghi v?n: Attack; Basic; Heavy; Stage | S? t?/c?m nghi v?n: 7 | T? l? nghi v?n: 0.467 | M?c ??: 40.67
"A Shadow Wave is generated 1.5s after casting Resonance Skill to attack the enemies, dealing Havoc DMG. This effect has a cooldown of 3s, with the cooldown calculated independently for each Resonator.

Team I Buff: All team members of Havoc Attribute restore 4 additional Concerto Energy per second.
Team II Buff: All team members restore 2 additional Concerto Energy per second.","Sau khi sử dụng Resonance Skill, một Sóng Shadow sẽ được tạo ra sau 1,5 giây để tấn công kẻ địch, gây Havoc DMG. Hiệu ứng này có Cooldown 3 giây, Cooldown được tính riêng cho từng Resonator.

Hiệu ứng tăng cường đội hình I: Tất cả thành viên trong đội thuộc hệ Havoc hồi phục thêm 4 Concerto Energy mỗi giây.
Hiệu ứng tăng cường đội hình II: Tất cả thành viên trong đội hồi phục thêm 2 Concerto Energy mỗi giây.",C?n ti?ng Anh nghi v?n: Cooldown; Energy; I; II; Shadow; Skill | S? t?/c?m nghi v?n: 8 | T? l? nghi v?n: 0.364 | M?c ??: 40.64
"[Averardo Vault Employee Profile—Access Permission Confirmed]

Employee Name: Zani

The Awakening history of Employee Zani remains unknown. Her Forte development level and usage frequency are both high.

Zani's <te href=850072>Tacet Mark</te> runs diagonally across her back. Post-Awakening, she has undergone significant physical mutations, including the emergence of ram-like horns and a slender tail extending from her coccyx. When Zani activates her Forte, she can temporarily store excess kinetic energy within her body to enhance her physical capabilities. This stored energy manifests visibly as bright energy streams that overflow from her horns, tail, and hair. Additionally, glowing marks appear across her upper body. According to Zani, they are scars that have healed over time, leaving only faint marks that are barely visible to the naked eye. It is presumed that the delicate structure of the healed skin facilitates the concentration of energy in these areas.

Zani recounts an incident several years ago, during which she was severely injured in an attempted assault orchestrated by ▇▇▇▇▇▇▇. It was in the midst of this attack that she awakened her Forte, successfully repelling her assailants with her newfound abilities. The Resonance Spectrum Pattern analysis was unable to determine the cause of her Awakening. Analysis of the test sample has revealed a non-convergent <te href=850067>Rabelle's Curve</te>. Therefore, Zani is identified as a <te href=850069>Mutant Resonator</te> with an incubation period.

<i>""Zani's distinctive physical traits from her Awakening remind me of those long-forgotten legends the family collected. Those tales spoke of eerie, supernatural entities said to lurk in the shadows long before the <te href=850075>Lament</te>. Could there be a connection between those legends and the cause of her Awakening? Or is it just an odd coincidence?""</i> 

<i> ""Don't overthink it. Maybe she was awakened by a Tumbleyak or a goat.""</i>","Profile Nhân viên Kho Averardo - Quyền truy cập xác nhận

Name nhân viên: Zani

Lịch sử Thức tỉnh của nhân viên Zani vẫn còn là ẩn số. Cả trình độ phát triển và tần suất sử dụng Forte của cô đều ở mức cao.

<te href=850072>Tacet Mark</te> của Zani chạy chéo qua lưng. Sau khi Thức tỉnh, cơ thể cô đã trải qua những đột biến đáng kể, bao gồm sự xuất hiện của cặp sừng giống cừu đực và một chiếc đuôi mảnh khảnh kéo dài từ xương cụt. Khi Zani kích hoạt Forte, cô có thể tạm thời lưu trữ năng lượng động học dư thừa trong cơ thể để tăng cường khả năng thể chất. Năng lượng này hiện lên dưới dạng những dòng năng lượng sáng chói tràn ra từ sừng, đuôi và tóc. Ngoài ra, những vết dấu phát sáng cũng xuất hiện khắp phần thân trên của cô. Theo Zani, đó là những vết sẹo đã lành theo thời gian, chỉ còn lại những dấu vết mờ nhạt khó nhìn thấy bằng mắt thường. Người ta cho rằng cấu trúc tế nhị của làn da đã lành giúp tập trung năng lượng vào những vùng này.

Zani kể lại một sự cố vài năm trước, khi cô bị thương nặng trong một vụ tấn công có tổ chức bởi ▇▇▇▇▇▇▇. Chính giữa cuộc tấn công đó, cô đã Thức tỉnh Forte và đẩy lùi kẻ tấn công bằng khả năng mới. Phân tích Mô hình Phổ Cộng hưởng không xác định được nguyên nhân Thức tỉnh của cô. Phân tích mẫu thử cho thấy một <te href=850067>Rabelle's Curve</te> không hội tụ. Do đó, Zani được xác định là một <te href=850069>Mutant Resonator</te> với thời kỳ ủ bệnh.

<i>""Những đặc điểm thể chất độc đáo sau khi Thức tỉnh của Zani khiến ta nhớ đến những truyền thuyết bị lãng quên mà gia tộc từng sưu tầm. Những câu chuyện ấy kể về những thực thể siêu nhiên kỳ bí, ẩn nấp trong bóng tối từ rất lâu trước <te href=850075>Lament</te>. Liệu có mối liên hệ nào giữa những truyền thuyết đó và nguyên nhân Thức tỉnh của cô không? Hay chỉ là sự trùng hợp ngẫu nhiên?""</i> 

<i>""Đừng suy nghĩ quá nhiều. Có khi cô ấy chỉ bị một con Tumbleyak hay con dê nào đó đánh thức thôi.""</i>",C?n ti?ng Anh nghi v?n: Curve; Mark; Mutant; Name; Rabelle's; Tumbleyak; Zani | S? t?/c?m nghi v?n: 14 | T? l? nghi v?n: 0.25 | M?c ??: 40.5
"Photo of Qiuyuan writing (with Filter: Noir)

C-MOSS's hot tip: Already in special state, {Cus:Ipt,Touch=tap PC=press Gamepad=press} Normal Attack 4 times to cast Thus Spoke the Blade: Inkwash","Chụp ảnh Qiuyuan đang viết (Bộ lọc: Noir)

Mẹo nóng từ C-MOSS: Đã ở trạng thái đặc biệt, {Cus:Ipt,Touch=tap PC=press Gamepad=press} Normal Attack 4 lần để tung chiêu Thus Spoke the Blade: Inkwash",C?n ti?ng Anh nghi v?n: Attack; Blade; C; Inkwash; Noir; Normal; Qiuyuan; Spoke; Thus | S? t?/c?m nghi v?n: 9 | T? l? nghi v?n: 0.75 | M?c ??: 40.5
"Hitting a target restores Forte Gauge - Wolflame. With at least 50 points of Wolflame, Heavy Attack and Mid-air Attack Stage 3 restore Wolfaith at the cost of Wolflame.","Đánh trúng mục tiêu sẽ hồi phục Thanh Wolflame. Khi Wolflame đạt tối thiểu 50 điểm, Heavy Attack và Đòn Mid-air Attack Trọng Lực Cấp 3 sẽ hồi phục Wolfaith bằng cách tiêu hao Wolflame.",C?n ti?ng Anh nghi v?n: air; Attack; Heavy; Mid; Wolfaith; Wolflame | S? t?/c?m nghi v?n: 9 | T? l? nghi v?n: 0.75 | M?c ??: 40.5
"<color=Title>Effect</color>
The Resonator's STA Recovery Speed is increased by <color=Highlight>{0}</color>.

<color=Title>Support Skill</color>
Summon Namipon to restore the STA of all Resonators in the team to <color=Highlight>{1}</color> and activate <color=Highlight><te href=851105>Boost - Sprint</te></color>, greatly increasing their Movement Speed. Cooldown: <color=Highlight>{2}s</color>.","<color=Title>Effect</color>
Tốc độ hồi phục Thể Lực của Resonators tăng thêm <color=Highlight>{0}</color>.

<color=Title>Hỗ Trợ Skill</color>
Summon Namipon để hồi phục Thể Lực của tất cả Resonators trong đội về <color=Highlight>{1}</color> và kích hoạt <color=Highlight><te href=851105>Boost - Sprint</te></color>, tăng đáng kể Movement Speed. Hồi chiêu: <color=Highlight>{2}s</color>.",C?n ti?ng Anh nghi v?n: Boost; Effect; Movement; Namipon; s; Skill; Speed; Sprint; Summon | S? t?/c?m nghi v?n: 9 | T? l? nghi v?n: 0.75 | M?c ??: 40.5
Mornye's Energy Regen increases. Casting <color=Highlight>Intro Skill</color> or <color=Highlight>Basic Attack Stage 3</color> in mid-air restores Concerto Energy.,Tái tạo Năng lượng của Mornye tăng lên. Sử dụng <color=Highlight>Intro Skill</color> hoặc <color=Highlight>Basic Attack Stage 3</color> trên không sẽ phục hồi Concerto Energy.,C?n ti?ng Anh nghi v?n: Attack; Basic; Energy; Intro; Skill; Stage | S? t?/c?m nghi v?n: 6 | T? l? nghi v?n: 0.75 | M?c ??: 40.5
"<color=Highlight>[Basic Attack]</color>
- Basic Attack is enhanced.
- Heavy Attack or Basic Attack Stage <color=Highlight>{2}</color> generates a Wind Howl.","<color=Highlight>[Basic Attack]</color>
- Basic Attack được tăng cường.
- Heavy Attack hoặc Basic Attack Giai Đoạn <color=Highlight>{2}</color> tạo ra Hú Gió.",C?n ti?ng Anh nghi v?n: Attack; Basic; Heavy | S? t?/c?m nghi v?n: 6 | T? l? nghi v?n: 0.75 | M?c ??: 40.5
"<color=#c49e55>[Basic Attack]</color>
- Basic Attack is enhanced.
- Heavy Attack or Basic Attack Stage <color=Highlight>{2}</color> generates a Wind Howl.","<color=#c49e55>[Basic Attack]</color>
- Basic Attack được tăng cường.
- Heavy Attack hoặc Basic Attack Giai Đoạn <color=Highlight>{2}</color> tạo ra Hú Gió.",C?n ti?ng Anh nghi v?n: Attack; Basic; Heavy | S? t?/c?m nghi v?n: 6 | T? l? nghi v?n: 0.75 | M?c ??: 40.5
"Hold <color=Highlight>Basic Attack</color> on the ground to consume STA to perform an upward strike, dealing <color=Fire>Fusion DMG</color>. Use <color=Highlight>Basic Attack</color> within a certain time to release <color=Highlight>Mid-air Attack Stage 3</color>.","Giữ <color=Highlight>Basic Attack</color> trên mặt đất để tiêu hao STA, tung đòn đánh bay lên, gây <color=Fire>Fusion DMG</color>. Trong khoảng thời gian nhất định, sử dụng <color=Highlight>Basic Attack</color> để tung ra <color=Highlight>Mid-air Attack Stage 3</color>.",C?n ti?ng Anh nghi v?n: air; Attack; Basic; Mid; Stage | S? t?/c?m nghi v?n: 8 | T? l? nghi v?n: 0.444 | M?c ??: 40.44
"This pale rainbow-colored light surging in the Sonoro Sphere of Honami City is a Waveworn Phenomenon unique to this place. Traces of Irideglow's corruption can be found everywhere in Honami. During periodic Lament outbreaks, Irideglow condenses into a physical form that cuts through space, capturing and devouring everything it meets within the Sonoro. Resonators with long-term exposure to Irideglow have high risk of losing control of their Resonance power, and may even Overclock.","Ánh sáng cầu vồng nhạt màu trào dâng trong Sonoro Sphere của Honami City là một Waveworn Phenomenon độc nhất ở nơi này. Traces của sự tha hóa Irideglow có thể tìm thấy khắp Honami. Trong các đợt bùng phát Lament định kỳ, Irideglow cô đặc lại thành hình dạng vật lý, xuyên qua không gian, bắt giữ và nuốt chửng mọi thứ nó gặp trong Sonoro. Những Resonators tiếp xúc lâu dài với Irideglow có nguy cơ cao mất kiểm soát sức mạnh Resonance, thậm chí bị Overclock.",C?n ti?ng Anh nghi v?n: City; Honami; Irideglow; Overclock; Phenomenon; Sonoro; Sphere; Traces; Waveworn | S? t?/c?m nghi v?n: 13 | T? l? nghi v?n: 0.542 | M?c ??: 40.42
"After an ambush by the mysterious mech Sigillum, your frequency-loss symptoms worsen until Aemeath once again comes to your rescue. This digital ghost, visible only to you, has already died in the past, Overclocking to resonate with the Exostrider and protect Lahai-Roi. Now, to cure your symptoms and help Aemeath recover her ""existence"", the two of you journey to the Roya Frostlands. Along the way, you encounter Luuk Herssen. At the site where the Exostrider lies dormant, you confront and defeat Sigillum, uncovering the truth Aemeath has been hiding and witnessing her to become the savior.","Sau cuộc phục kích của cỗ máy bí ẩn Sigillum, triệu chứng mất Tần số của cậu trở nên tồi tệ hơn cho đến khi Aemeath một lần nữa xuất hiện cứu nguy. Hồn ma kỹ thuật số này, chỉ có cậu nhìn thấy, đã chết trong quá khứ, Overclocking để cộng hưởng với Exostrider và bảo vệ Lahai-Roi. Giờ đây, để chữa khỏi triệu chứng của cậu và giúp Aemeath khôi phục ""sự tồn tại"" của mình, hai người cùng nhau lên đường đến Roya Frostlands. Trên đường đi, cậu gặp Luuk Herssen. Tại nơi Exostrider nằm im lìm, cậu đối đầu và đánh bại Sigillum, vén màn bí mật mà Aemeath giấu kín và chứng kiến cô trở thành vị cứu tinh.",C?n ti?ng Anh nghi v?n: Aemeath; Exostrider; Frostlands; Herssen; Lahai; Luuk; Overclocking; Roya; Sigillum | S? t?/c?m nghi v?n: 13 | T? l? nghi v?n: 0.542 | M?c ??: 40.42
<color=#b72924ff>Casting Heavy Attack</color> inflicts <color=#b72924ff>2</color> stacks of <color=#b72924ff>Glacio Chafe</color> on the Resonator. <color=#5cc96aff>Casting Resonance Liberation</color> removes all stacks of <color=#5cc96aff>Glacio Chafe</color>.,<color=#b72924ff>Casting Heavy Attack</color> sẽ gây <color=#b72924ff>2 tầng</color> <color=#b72924ff>Glacio Chafe</color> lên Resonator. <color=#5cc96aff>Casting Resonance Liberation</color> sẽ xóa toàn bộ tầng <color=#5cc96aff>Glacio Chafe</color>.,C?n ti?ng Anh nghi v?n: Attack; Casting; Chafe; Heavy; Liberation | S? t?/c?m nghi v?n: 7 | T? l? nghi v?n: 0.636 | M?c ??: 40.36
"<color=#c49e55>[Basic Attack]</color> 
The total DMG of Basic Attack - Death Snip is increased. Casting this Basic Attack restores Resonance Energy. If this Basic Attack hits an enemy with Havoc Bane, increase Crit. Rate.","<color=#c49e55>[Basic Attack]</color>
Tổng sát thương của Basic Attack - Cú Bắn Tử Thần được tăng lên. Thi triển chiêu này sẽ hồi phục Resonance Energy. Nếu Basic Attack này trúng kẻ địch bị Havoc Bane, tăng Crit. Rate.",C?n ti?ng Anh nghi v?n: Attack; Bane; Basic; Energy; Rate | S? t?/c?m nghi v?n: 7 | T? l? nghi v?n: 0.636 | M?c ??: 40.36
"<color=Highlight>[Basic Attack]</color>
During <color=Highlight>Resonance Skill</color> - Incarnation, ATK is mildly increased, and casting Basic Attack or Resonance Skill restores Forte Gauge.","<color=Highlight>[Basic Attack]</color>
Trong <color=Highlight>Resonance Skill</color> - Incarnation, Attack được tăng nhẹ, và sử dụng Basic Attack hoặc Resonance Skill sẽ hồi phục Forte Gauge.",C?n ti?ng Anh nghi v?n: Attack; Basic; Gauge; Incarnation; Skill | S? t?/c?m nghi v?n: 7 | T? l? nghi v?n: 0.636 | M?c ??: 40.36
"<color=#c49e55>[Heavy Attack]</color> Gain {0} Heavy Attack DMG Bonus. Casting Resonance Liberation fully restores ""Ruby Blossom"" and empowers the next ""Heavy Attack: Chaoscleave"" to heal extra HP by {1} of Danjin's Max HP.","<color=#c49e55>[Heavy Attack]</color> Nhận thêm {0} Sát Thương Heavy Attack. Sử dụng Resonance Liberation sẽ hồi đầy ""Ruby Blossom"" và tăng cường đòn ""Heavy Attack: Cắt Đôi Hỗn Loạn"" tiếp theo để hồi thêm {1} HP tối đa của Danjin.",C?n ti?ng Anh nghi v?n: Attack; Blossom; Heavy; Liberation; Ruby | S? t?/c?m nghi v?n: 7 | T? l? nghi v?n: 0.636 | M?c ??: 40.36
"<color=#c49e55>[Resonance Skill]</color>
- Resonance Skill - Through the Groves has its Cooldown reduced by {0}s and its total DMG increased by {1}. Casting this skill grants {2} Aero DMG Bonus for {3}s.
- Resonance Skill - Through the Groves will be automatically cast when Qiuyuan is being hit, stagnating nearby enemies for {4}s and restoring {5} points of Swordster's Soliloquy.","<color=#c49e55>[Resonance Skill]</color>
- Cooldown chiêu của Resonance Skill - Through the Groves giảm {0} giây và tổng Sát Thương tăng thêm {1}. Thi triển kỹ năng này sẽ tăng {2} Aero DMG trong {3} giây.
- Resonance Skill - Through the Groves sẽ tự động thi triển khi Qiuyuan bị tấn công, làm chậm kẻ địch xung quanh trong {4} giây và khôi phục {5} điểm Swordster's Soliloquy.",C?n ti?ng Anh nghi v?n: Cooldown; Groves; Qiuyuan; Skill; Soliloquy; Swordster's; Through | S? t?/c?m nghi v?n: 10 | T? l? nghi v?n: 0.435 | M?c ??: 40.35
"Open to obtain a random Echo of the following Sonata Effect: Wishes of Quiet Snowfall.
2pcs Set: Glacio +10%.
5pcs Set: Inflicting Glacio Chafe on enemies increases Glacio DMG dealt by 10% for 15s. The Resonator gains the Snowfall effect, which can be triggered once every 25s.
While Snowfall is active:
- Dealing Resonance Liberation DMG removes Snowfall and increases the Resonator's Crit. Rate by 25% for 6s. Dealing Resonance Liberation DMG again during the effect prolongs its duration by 4s, triggered once every 0.5s, up to 6 times each time Snowfall is removed.
- Casting Outro Skill removes Snowfall and grants 25% Glacio DMG Bonus to the incoming Resonator for 15s.
Only one of the two effects can be triggered each time Snowfall is removed.","Mở để nhận một Echo ngẫu nhiên thuộc Sonata Effect sau: Lời Nguyện Tuyết Lặng.
Bộ 2 món: Glacio DMG +10%.
Bộ 5 món: Gây Trạng Thái Chafe Glacio lên kẻ địch sẽ tăng 10% Glacio DMG trong 15 giây. Resonator nhận hiệu ứng Tuyết Rơi, có thể kích hoạt mỗi 25 giây.
Khi Tuyết Rơi đang hoạt động:
- Gây Sát Thương Resonance Liberation sẽ loại bỏ Tuyết Rơi và tăng 25% Crit. Rate cho Resonator trong 6 giây. Nếu tiếp tục gây Sát Thương Resonance Liberation trong thời gian này, hiệu ứng sẽ kéo dài thêm 4 giây, kích hoạt mỗi 0,5 giây, tối đa 6 lần mỗi khi Tuyết Rơi bị loại bỏ.
- Sử dụng Outro Skill sẽ loại bỏ Tuyết Rơi và tăng 25% Glacio DMG cho Resonator kế tiếp trong 15 giây.
Mỗi lần loại bỏ Tuyết Rơi chỉ có thể kích hoạt một trong hai hiệu ứng trên.",C?n ti?ng Anh nghi v?n: Chafe; Effect; Liberation; Outro; Rate; Skill; Sonata | S? t?/c?m nghi v?n: 8 | T? l? nghi v?n: 0.235 | M?c ??: 40.35
Consume STA to perform a Plunging Attack. Each hit generates 1 <color=Highlight>Collapsed Core</color>. Quickly tap the <color=Highlight>Normal Attack Button</color> after the Plunging Attack to perform <color=Highlight>Basic Attack Stage 2</color>.,Tiêu hao STA để thực hiện Đòn Lao Xuống. Mỗi đòn đánh tạo ra 1 <color=Highlight>Collapsed Core</color>. Nhấn nhanh <color=Highlight>Normal Attack Button</color> sau Đòn Lao Xuống để thực hiện <color=Highlight>Basic Attack Stage 2</color>.,C?n ti?ng Anh nghi v?n: Attack; Basic; Button; Collapsed; Core; Normal; Stage | S? t?/c?m nghi v?n: 8 | T? l? nghi v?n: 0.533 | M?c ??: 40.33
"<color=#e8aa32>[<te href=750021>Echo-Type Combat Machine</te>]</color>

When a Hologram Echo: Hoartoise is in Cooldown, <color=Highlight>Echo-Type</color> Combat Machines in the nearby <color=Highlight>{0}</color> grids have their Attack Speed increased by <color=Highlight>{1}</color> and ATK increased by <color=Highlight>{2}</color>.","<color=#e8aa32>[<te href=750021>Echo-Type Combat Machine</te>]</color>

Khi Hologram Echo: Hoartoise đang trong Cooldown chiêu, các Combat Machines <color=Highlight>Echo-Type</color> trong phạm vi <color=Highlight>{0}</color> ô lưới xung quanh sẽ có Attack Speed tăng <color=Highlight>{1}</color> và Attack tăng <color=Highlight>{2}</color>.",C?n ti?ng Anh nghi v?n: Attack; Combat; Cooldown; Hoartoise; Hologram; Machines; Speed; Type | S? t?/c?m nghi v?n: 9 | T? l? nghi v?n: 0.529 | M?c ??: 40.29
"<color=#e8aa32>[<te href=750021>Echo-Type Combat Machine</te>]</color>

When a Hologram Echo: Hoartoise is in Cooldown, <color=Highlight>Echo-Type</color> Combat Machines in the nearby <color=Highlight>{0}</color> grids have their Attack Speed increased by <color=Highlight>{1}</color> and ATK increased by <color=Highlight>{2}</color>.","<color=#e8aa32>[<te href=750021>Echo-Type Combat Machine</te>]</color>

Khi Hologram Echo: Hoartoise đang trong Cooldown chiêu, các Combat Machines <color=Highlight>Echo-Type</color> trong phạm vi <color=Highlight>{0}</color> ô lưới xung quanh sẽ có Attack Speed tăng <color=Highlight>{1}</color> và Attack tăng <color=Highlight>{2}</color>.",C?n ti?ng Anh nghi v?n: Attack; Combat; Cooldown; Hoartoise; Hologram; Machines; Speed; Type | S? t?/c?m nghi v?n: 9 | T? l? nghi v?n: 0.529 | M?c ??: 40.29
"When performing Basic Attack, replace the {0}th strike with Art of Violence, dealing Glacio DMG equal to {1} of ATK.

<size=40><color=Title>Fun Fact</color></size>
Carlotta has an eye for red. She can pick the perfect shade for any occasion. However, there's one shade she can never quite control: the rosy hue of a blushing face.","Khi thực hiện Basic Attack, thay thế đòn đánh thứ {0} bằng Art of Violence, gây Glacio DMG bằng {1} Attack.

<size=40><color=Title>Fun Fact</color></size>
Carlotta rất tinh mắt với màu đỏ. Cô có thể chọn được sắc đỏ hoàn hảo cho mọi dịp. Nhưng có một sắc đỏ cô không bao giờ kiểm soát được: đó là sắc hồng khi cô đỏ mặt.",C?n ti?ng Anh nghi v?n: Art; Attack; Basic; Carlotta; Fact; Fun; of; Violence | S? t?/c?m nghi v?n: 9 | T? l? nghi v?n: 0.529 | M?c ??: 40.29
"With max <color=#d4bf5f>Rest Mass Energy</color>, hold Normal Attack to deal <color=Fire>Fusion DMG</color> and send Mornye airborne, summoning a <color=#d4bf5f>Syntony Field</color>.","Với <color=#d4bf5f>Rest Mass Energy</color> tối đa, giữ Normal Attack để gây <color=Fire>Fusion DMG</color> và tung Mornye lên không, triệu hồi <color=#d4bf5f>Syntony Field</color>.",C?n ti?ng Anh nghi v?n: Attack; Energy; Field; Mass; Mornye; Normal; Rest; Syntony | S? t?/c?m nghi v?n: 8 | T? l? nghi v?n: 0.727 | M?c ??: 40.27
"<color=#c49e55>[Normal Attack]</color>
Basic Attack Stage 3 can now spend more time in mid-air. Moving in mid-air during Basic Attack Stage 3 triggers an additional Runic Outburst.","<color=#c49e55>[Normal Attack]</color>
Stage 3 của Basic Attack giờ có thể duy trì lâu hơn trên không. Di chuyển trên không trong Stage 3 của Basic Attack sẽ kích hoạt thêm một Runic Outburst.",C?n ti?ng Anh nghi v?n: Attack; Basic; Outburst; Runic; Stage | S? t?/c?m nghi v?n: 8 | T? l? nghi v?n: 0.727 | M?c ??: 40.27
"The <color=#ffd12f>Frequency Neutralizer</color> removes Frequency Contamination.
When <color=#ffd12f>carrying</color> Frequency Neutralizers, you can deploy Combat Machines to contaminated areas. The system will <color=#ffd12f>automatically consume</color> the required number of Frequency Neutralizers for the deployment.
Certain Combat Machines can also clear contamination using their Optional Modules.","<color=#ffd12f>Frequency Neutralizer</color> loại bỏ Nhiễm Tần Số.
Khi <color=#ffd12f>carrying</color> Frequency Neutralizer, cậu có thể triển khai Combat Machines đến các khu vực bị nhiễm. Hệ thống sẽ <color=#ffd12f>automatically consume</color> số lượng Frequency Neutralizer cần thiết cho việc triển khai.
Một số Combat Machines cũng có thể làm sạch nhiễm bẩn bằng các Mô-đun Tùy Chọn của chúng.",C?n ti?ng Anh nghi v?n: automatically; carrying; Combat; consume; Frequency; Machines; Neutralizer | S? t?/c?m nghi v?n: 13 | T? l? nghi v?n: 0.722 | M?c ??: 40.22
"<color=#c49e55>[Basic Attack]</color>
Solo Concert performed by Ciaccona and Ensemble Sylph continuously deals {0} Aero DMG to nearby targets and inflicts a stack of Aero Erosion and a stack of String Warble upon them.
String Warble: After a certain time, deal Aero DMG equal to {1} of Ciaccona's ATK to nearby friendly units and itself, and then remove the effect.","<color=#c49e55>[Basic Attack]</color>
Buổi độc tấu Solo Concert của Ciaccona và Ensemble Sylph liên tục gây {0} Aero DMG lên các mục tiêu xung quanh và áp đặt một tầng Aero Erosion cùng một tầng String Warble lên chúng.
String Warble: Sau một khoảng thời gian nhất định, gây Aero DMG bằng {1} Attack của Ciaccona lên các đơn vị đồng minh gần đó và bản thân, sau đó loại bỏ hiệu ứng.",C?n ti?ng Anh nghi v?n: Attack; Ciaccona; Concert; Ensemble; Erosion; Solo; String; Sylph; Warble | S? t?/c?m nghi v?n: 12 | T? l? nghi v?n: 0.522 | M?c ??: 40.22
"<color=#c49e55>[Forte Circuit]</color>
When in Chainsaw Mode and after casting Sawring - Eradication, {Cus:Ipt,Touch=tap PC=press Gamepad=press} Normal Attack within a short period to cast Sawring - Retribution, dealing Havoc DMG equal to {0} of Chisa's ATK (considered Resonance Liberation DMG) and restoring {1} points of Resonance Energy.","<color=#c49e55>[Forte Circuit]</color>
Khi ở Chế Độ Chainsaw và sau khi sử dụng Chainsaw - Diệt Trừ, {Cus:Ipt,Touch=tap PC=press Gamepad=press} Normal Attack trong thời gian ngắn để thi triển Chainsaw - Trừng Phạt, gây Havoc DMG bằng {0} Attack của Chisa (được tính là Sát Thương Resonance Liberation) và phục hồi {1} điểm Resonance Energy.",C?n ti?ng Anh nghi v?n: Attack; Chainsaw; Energy; Liberation; Normal | S? t?/c?m nghi v?n: 8 | T? l? nghi v?n: 0.421 | M?c ??: 40.21
"<color=#c49e55>[Resonance Skill]</color>
- Mortefi's ATK is greatly increased.
- Dodge Counter becomes Resonance Skill Fury Fugue. Casting Fury Fugue or Resonance Skill Passionate Variation triggers additional strikes of Sforzato.","<color=#c49e55>[Resonance Skill]</color>
- Tấn Công của Mortefi được tăng mạnh.
- Phản Đòn Dodge trở thành Resonance Skill Fury Fugue. Thi triển Fury Fugue hoặc Resonance Skill Passionate Variation sẽ kích hoạt thêm đòn tấn công Sforzato.",C?n ti?ng Anh nghi v?n: Dodge; Fugue; Fury; Passionate; Sforzato; Skill; Variation | S? t?/c?m nghi v?n: 10 | T? l? nghi v?n: 0.714 | M?c ??: 40.14
"After casting Resonance Liberation, increases Basic Attack Crit. DMG of all Resonators in the team by 40% for 15s and reduces their Resonance Skill cooldown by 10s.

This Token can be used up to <color=#fee388>2</color> times in Whimpering Wastes.","Sau khi sử dụng Resonance Liberation, tăng Crit. DMG của Basic Attack cho tất cả Resonators trong đội lên 40% trong 15 giây và giảm Cooldown chiêu Resonance Skill của họ đi 10 giây.

Mã thông báo này có thể sử dụng tối đa <color=#fee388>2</color> lần tại Whimpering Wastes.",C?n ti?ng Anh nghi v?n: Attack; Basic; Cooldown; Liberation; Skill; Wastes; Whimpering | S? t?/c?m nghi v?n: 7 | T? l? nghi v?n: 0.412 | M?c ??: 40.12
"Evaluation Basis: [Resonance Assessment 2183-G]

According to Resonator Mortefi's reports, indications of his Awakening began to manifest during his youth. His actual Awakening was accompanied by a surge of intense anger.

Mortefi's <te href=850072>Tacet Mark</te> is located on his right chest. When Mortefi's Forte is activated, crystalline matter in the shape of dragon scales materializes around his Tacet Mark. These scales burn intensely as he harnesses his power.

Resonator Mortefi demonstrates the ability to generate and manipulate fire through the focused concentration of heat. The intensity of the flames produced is closely linked to Mortefi's emotional state. Extensive experimentation has revealed that the fire is a tangible manifestation of Mortefi's accumulated negative emotions over a certain threshold.

The Resonance Spectrum Pattern of Mortefi has been observed to align closely with that of the Dragonkin, a species that is currently declared extinct. Due to the unavailability of living Dragonkin for Syntony tests, it is currently not possible to empirically confirm the cause of Mortefi's Awakening.

Analysis of test samples has revealed a non-convergent <te href=850067>Rabelle's Curve</te>, with a steep rise in its middle section. Resonator Mortefi is thereby classified as a <te href=850069>Mutant Resonator</te>.","Cơ sở đánh giá: [Đánh Giá Resonance 2183-G]

Theo báo cáo của Resonator Mortefi, dấu hiệu Thức Tỉnh của hắn bắt đầu xuất hiện từ thời niên thiếu. Quá trình Thức Tỉnh thực sự đi kèm với cơn thịnh nộ dữ dội.

<te href=850072>Tacet Mark</te> của Mortefi nằm ở ngực phải. Khi Năng Lực của Mortefi được kích hoạt, các tinh thể hình vảy rồng xuất hiện quanh Tacet Mark, bốc cháy dữ dội khi hắn vận dụng sức mạnh.

Resonator Mortefi thể hiện khả năng tạo ra và điều khiển lửa thông qua sự tập trung nhiệt lượng. Cường độ ngọn lửa sinh ra gắn liền với trạng thái cảm xúc của Mortefi. Thử nghiệm sâu rộng cho thấy ngọn lửa là biểu hiện hữu hình của những cảm xúc tiêu cực tích tụ vượt ngưỡng nhất định.

Mô hình Phổ Resonance của Mortefi có sự tương đồng cao với loài Dragon, một chủng tộc hiện đã tuyệt chủng. Do không còn cá thể Dragon sống để tiến hành thử nghiệm Đồng Điệu, hiện chưa thể xác nhận nguyên nhân Thức Tỉnh của Mortefi bằng thực nghiệm.

Phân tích mẫu thử cho thấy một <te href=850067>Rabelle's Curve</te> không hội tụ, với đoạn giữa tăng đột biến. Resonator Mortefi do đó được phân loại là <te href=850069>Mutant Resonator</te>.",C?n ti?ng Anh nghi v?n: Curve; Dragon; Mark; Mortefi; Mutant; Rabelle's | S? t?/c?m nghi v?n: 15 | T? l? nghi v?n: 0.405 | M?c ??: 40.05
Galbrena: <color=#d4bf5f>Basic Attack - Seraphic Execution</color> and <color=#d4bf5f>Hellstride</color> Combo Tutorial,Galbrena: <color=#d4bf5f>Basic Attack - Seraphic Execution</color> và <color=#d4bf5f>Hellstride</color> Combo Tutorial,C?n ti?ng Anh nghi v?n: Attack; Basic; Combo; Execution; Galbrena; Hellstride; Seraphic; Tutorial | S? t?/c?m nghi v?n: 8 | T? l? nghi v?n: 1.0 | M?c ??: 40.0
"With at least 50 points of <color=Highlight>Full Stop</color>, {Cus:Ipt,Touch=tap PC=press Gamepad=press} Resonance Skill shortly after casting <color=Highlight>Basic Attack Stage 4</color> to cast <color=Highlight>Chained Resonance Skill 2</color>, dealing <color=Wind>Aero DMG</color>.","Khi có ít nhất 50 điểm <color=Highlight>Full Stop</color>, {Cus:Ipt,Touch=tap PC=press Gamepad=press} Resonance Skill ngay sau khi sử dụng <color=Highlight>Basic Attack Stage 4</color> để kích hoạt <color=Highlight>Chained Resonance Skill 2</color>, gây <color=Wind>Aero DMG</color>.",C?n ti?ng Anh nghi v?n: Attack; Basic; Chained; Full; Skill; Stage; Stop | S? t?/c?m nghi v?n: 8 | T? l? nghi v?n: 0.5 | M?c ??: 40.0
"<color=#c49e55>[Basic Attack ]</color><color=#c49e55>[Special Enhancement]</color> After casting Resonating Spin, each Basic Attack triggers additional ""Flying Sword"" attacks. Increases Cooldown of Resonance Skill.","<color=#c49e55>[Basic Attack ]</color><color=#c49e55>[Special Enhancement]</color> Sau khi sử dụng Resonating Spin, mỗi đòn Basic Attack sẽ kích hoạt thêm đòn ""Flying Kiếm"". Cooldown chiêu của Resonance Skill tăng lên.",C?n ti?ng Anh nghi v?n: Attack; Basic; Cooldown; Flying; Resonating; Skill; Spin | S? t?/c?m nghi v?n: 7 | T? l? nghi v?n: 0.7 | M?c ??: 40.0
"<color=#c49e55>[Forte Circuit]</color>
When Prayer is full, Phoebe can only cast Heavy Attack - Absolution Litany. Heavy Attack - Absolution Litany and Mid-Air Heavy Attack gain special enhancements.","<color=#c49e55>[Forte Circuit]</color>
Khi Thanh Cầu Nguyện đầy, Phoebe chỉ có thể tung Heavy Attack - Khúc Thánh Ca Giải Oan. Heavy Attack - Khúc Thánh Ca Giải Oan và Heavy Attack Trên Không sẽ được tăng cường đặc biệt.",C?n ti?ng Anh nghi v?n: Attack; Heavy; Phoebe | S? t?/c?m nghi v?n: 7 | T? l? nghi v?n: 0.5 | M?c ??: 40.0
"Open to obtain a random Echo of the following Sonata Effect: Freezing Frost.
2pcs Set: Glacio DMG + 10%.
5pcs Set: Glacio DMG + 10% after releasing Basic Attack or Heavy Attack. This effect stacks up to 3 times, each stack lasts 15s.","Mở để nhận một Echo ngẫu nhiên thuộc Hiệu ứng Sonata: Sương Giá Đông Cứng.
Bộ 2 món: Glacio DMG Bonus +10%.
Bộ 5 món: Glacio DMG Bonus +10% sau khi thực hiện Basic Attack hoặc Heavy Attack. Hiệu ứng này có thể chồng chất lên đến 3 lần, mỗi lần kéo dài 15 giây.",C?n ti?ng Anh nghi v?n: Attack; Basic; Bonus; Heavy; Sonata | S? t?/c?m nghi v?n: 7 | T? l? nghi v?n: 0.5 | M?c ??: 40.0
"Open to obtain a random Echo of the following Sonata Effect: Freezing Frost.

2pcs Set: Glacio DMG + 10%.

5pcs Set: Glacio DMG + 10% after releasing Basic Attack or Heavy Attack. This effect stacks up to 3 times, each stack lasts 15s.","Mở để nhận một Echo ngẫu nhiên thuộc Hiệu ứng Sonata: Sương Giá Đông Cứng.

Bộ 2 món: Glacio DMG Bonus +10%.

Bộ 5 món: Glacio DMG Bonus +10% sau khi thực hiện Basic Attack hoặc Heavy Attack. Hiệu ứng này có thể chồng chất lên đến 3 lần, mỗi lần kéo dài 15 giây.",C?n ti?ng Anh nghi v?n: Attack; Basic; Bonus; Heavy; Sonata | S? t?/c?m nghi v?n: 7 | T? l? nghi v?n: 0.5 | M?c ??: 40.0
"Open to obtain a random Echo of the following Sonata Effect: Freezing Frost.
2pcs Set: Glacio DMG + 10%.
5pcs Set: Glacio DMG + 10% after releasing Basic Attack or Heavy Attack. This effect stacks up to 3 times, each stack lasts 15s.","Mở để nhận một Echo ngẫu nhiên thuộc Hiệu ứng Sonata: Sương Giá Đông Cứng.
Bộ 2 món: Glacio DMG Bonus +10%.
Bộ 5 món: Glacio DMG Bonus +10% sau khi thực hiện Basic Attack hoặc Heavy Attack. Hiệu ứng này có thể chồng chất lên đến 3 lần, mỗi lần kéo dài 15 giây.",C?n ti?ng Anh nghi v?n: Attack; Basic; Bonus; Heavy; Sonata | S? t?/c?m nghi v?n: 7 | T? l? nghi v?n: 0.5 | M?c ??: 40.0
"Open to obtain a random Echo of the following Sonata Effect: Freezing Frost.
2pcs Set: Glacio DMG + 10%.
5pcs Set: Glacio DMG + 10% after releasing Basic Attack or Heavy Attack. This effect stacks up to 3 times, each stack lasts 15s.","Mở để nhận một Echo ngẫu nhiên thuộc Hiệu ứng Sonata: Sương Giá Đông Cứng.
Bộ 2 món: Glacio DMG Bonus +10%.
Bộ 5 món: Glacio DMG Bonus +10% sau khi thực hiện Basic Attack hoặc Heavy Attack. Hiệu ứng này có thể chồng chất lên đến 3 lần, mỗi lần kéo dài 15 giây.",C?n ti?ng Anh nghi v?n: Attack; Basic; Bonus; Heavy; Sonata | S? t?/c?m nghi v?n: 7 | T? l? nghi v?n: 0.5 | M?c ??: 40.0
"Ciaccona can hold up to 3 segments of Musical Essence.
Casting <color=Highlight>Basic Attack Stage 4</color> and <color=Highlight>Intro Skill</color> recovers 1 segment of Musical Essence.","Ciaccona có thể giữ tối đa 3 đoạn Bản Chất Âm Nhạc.
Sử dụng <color=Highlight>Basic Attack Stage 4</color> và <color=Highlight>Intro Skill</color> sẽ hồi phục 1 đoạn Bản Chất Âm Nhạc.",C?n ti?ng Anh nghi v?n: Attack; Basic; Ciaccona; Intro; Skill; Stage | S? t?/c?m nghi v?n: 6 | T? l? nghi v?n: 1.0 | M?c ??: 40.0
"<color=#c49e55>[Forte Circuit]</color>
When one of the following conditions is met, summon Abyss's Eye at the target location to pull in nearby targets for {0}s, dealing Fusion DMG equal to {2} of Brant's ATK <SapTag=1>{1}</SapTag> {Cus:Sap,S=time P=times SapTag=1}.
- When Stage 4 or 5 of Forte Circuit - Returned from Ashes deals damage.
- When Stage 2 of Resonance Skill - Anchors Aweigh! deals damage.
- When Stage 1, 2, or 3 of Mid-air Attack deals damage.
- When Heavy Attack - Rhapsodic Riff hits the target.","<color=#c49e55>[Forte Circuit]</color>
Khi một trong các điều kiện sau được đáp ứng, triệu hồi Mắt Vực Sâu tại vị trí mục tiêu để hút các mục tiêu lân cận trong {0} giây, gây Fusion DMG bằng {2} Attack của Brant <SapTag=1>{1}</SapTag> {Cus:Sap,S=lần P=lần SapTag=1}.
- Khi Giai đoạn 4 hoặc 5 của Forte Circuit - Trở Về Từ Tro Tàn gây sát thương.
- Khi Giai đoạn 2 của Resonance Skill - Neo Đã Buông! gây sát thương.
- Khi Giai đoạn 1, 2 hoặc 3 của Đòn Mid-air Attack gây sát thương.
- Khi Heavy Attack - Khúc Rhapsody trúng mục tiêu.",C?n ti?ng Anh nghi v?n: air; Attack; Circuit; Heavy; Mid; Skill | S? t?/c?m nghi v?n: 8 | T? l? nghi v?n: 0.296 | M?c ??: 39.96
"<color=#c49e55>[Resonance Liberation]</color>
Casting Resonance Liberation generates a Cyber City - Domain of Yesterday, increasing Lynae's Off-Tune Buildup Rate while decreasing enemy Spectro RES.","<color=#c49e55>[Resonance Liberation]</color>
Sử dụng Resonance Liberation sẽ tạo ra Cyber City - Domain of Yesterday, tăng tốc độ tích lũy Off-Tune của Lynae và giảm Spectro RES của kẻ địch.",C?n ti?ng Anh nghi v?n: City; Cyber; Domain; Liberation; of; Off; RES; Tune; Yesterday | S? t?/c?m nghi v?n: 9 | T? l? nghi v?n: 0.692 | M?c ??: 39.92
"When in <color=Highlight>Resonance Mode - Tune Rupture</color>, Aemeath can inflict <color=Highlight>Tune Rupture - Shifting</color> on the target, and <color=Highlight>Seraphic Duet</color> can deal additional <color=Highlight>Tune Rupture DMG</color>.","Khi ở <color=Highlight>Resonance Mode - Tune Rupture</color>, Aemeath có thể gây <color=Highlight>Tune Rupture - Shifting</color> lên mục tiêu, và <color=Highlight>Seraphic Duet</color> có thể gây thêm <color=Highlight>Tune Rupture DMG</color>.",C?n ti?ng Anh nghi v?n: Aemeath; Duet; Mode; Rupture; Seraphic; Shifting; Tune | S? t?/c?m nghi v?n: 11 | T? l? nghi v?n: 0.786 | M?c ??: 39.86
"<color=#c49e55>[Basic Attack]</color> 
The total DMG of Basic Attack - Death Snip is increased by {0}. Casting this Basic Attack restores {1} points Resonance Energy, triggered <SapTag=3>{3}</SapTag> {Cus:Sap,S=time P=times SapTag=3} every {2}s. If this Basic Attack hits an enemy with Havoc Bane, increase Crit. Rate by {4} for {5}s.","<color=#c49e55>[Basic Attack]</color>
Tổng sát thương của Basic Attack - Cú Bắn Tử Thần tăng thêm {0}. Thi triển chiêu này sẽ hồi phục {1} Resonance Energy, kích hoạt <SapTag=3>{3}</SapTag> {Cus:Sap,S=lần P=lần SapTag=3} mỗi {2} giây. Nếu Basic Attack này trúng kẻ địch bị Havoc Bane, tăng Crit. Rate thêm {4} trong {5} giây.",C?n ti?ng Anh nghi v?n: Attack; Bane; Basic; Energy; Rate | S? t?/c?m nghi v?n: 7 | T? l? nghi v?n: 0.583 | M?c ??: 39.83
"<color=#c49e55>[Basic Attack]</color> 
Gain Crit. Rate increase when Basic Attack hits a target affected by Havoc Bane. The total DMG of Basic Attack - Death Snip is increased. Casting this Basic Attack restores Resonance Energy.","<color=#c49e55>[Basic Attack]</color>
Nhận tăng Crit. Rate khi Basic Attack trúng mục tiêu bị ảnh hưởng bởi Havoc Bane. Tổng sát thương của Basic Attack - Cú Bắn Tử Thần được tăng lên. Thi triển chiêu này sẽ hồi phục Resonance Energy.",C?n ti?ng Anh nghi v?n: Attack; Bane; Basic; Energy; Rate | S? t?/c?m nghi v?n: 7 | T? l? nghi v?n: 0.583 | M?c ??: 39.83
"<color=Highlight>Activated upon having 3 Bond Members in the team</color>
When in Synergy Burst:
- Power Boost now increases the stats by {1} of the total ATK/Max HP/DEF/Crit. Rate/Crit. DMG of all Resonators not on the field instead of {0}.
- When a Resonator deals damage, they deal additional Physical DMG equal to {2} of ATK, triggered once every {3}s.
- Power Boost stays for another {4}s after Synergy Burst ends.","<color=Highlight>Activated upon having 3 Bond Members in the team</color>
Khi trong trạng thái Cơn Bùng Nổ Đồng Điệu:
- Tăng Cường Sức Mạnh giờ đây tăng chỉ số thêm {1} tổng Tấn Công/HP tối đa/Phòng Ngự/Crit. Rate/Crit. DMG của tất cả Synergy Giả không có mặt trên chiến trường thay vì {0}.
- Khi một Synergy Giả gây sát thương, họ sẽ gây thêm Sát Thương Physical bằng {2} Tấn Công, kích hoạt mỗi {3} giây một lần.
- Tăng Cường Sức Mạnh vẫn duy trì thêm {4} giây sau khi Cơn Bùng Nổ Đồng Điệu kết thúc.",C?n ti?ng Anh nghi v?n: Activated; Bond; having; in; Members; Physical; Rate; Synergy; team; upon | S? t?/c?m nghi v?n: 11 | T? l? nghi v?n: 0.478 | M?c ??: 39.78
"With two <color=Highlight>Runes</color>, hold Normal Attack to cast enhanced Heavy Attack and gain <color=Highlight>Full Stop</color>.","Với hai <color=Highlight>Runes</color>, giữ Normal Attack để thi triển Heavy Attack được tăng cường và nhận <color=Highlight>Full Stop</color>.",C?n ti?ng Anh nghi v?n: Attack; Full; Heavy; Normal; Runes; Stop | S? t?/c?m nghi v?n: 7 | T? l? nghi v?n: 0.778 | M?c ??: 39.78
"Past memories lie buried deep within dreams, and the key to exploration is in your hands. Please do not forget, only within dreams will the answers be revealed.

[Dreamscape Aid]
Manually trigger the Divined Dream state when Dreamscape Energy reaches 500 points. In this state, Sigils and certain Metaphors will be enhanced, Crit. Rate and Energy Regen of all Resonators in the team are increased by 50% and 100% respectively. The cooldown of Resonance Skill or Resonance Liberation is reduced by 50%, triggered once every 4s. Divined Dream lasts for 10s and depletes all Dreamscape Energy when it ends.

[Exploration]
- Choose three Resonators and embark on epic battles in the Illusive Realm. 
- The Echo Skills, Stats, Levels, Resonance Chains, and Weapons of Resonators can be carried over in the event.
- In the Illusive Realm, you can gain powerful boosts from Metaphors. Sigils and certain Metaphors provide additional enhancements when Divined Dream is activated through Dreamscape Aid.
- Each battle in the Illusive Realm brings you against different enemies. Complete these challenges to earn Illusive Points and reach milestones to claim bountiful rewards.

[Remnant Crystal]
A Remnant Crystal will appear in the Memory Zone after defeating the powerful enemies found in the deepest parts of the realm. Use Waveplates to collect its rewards.

[Difficulty]
Higher SOL3 Phases offer more challenging Exploration in the Illusive Realm with more Remnant Crystals and Illusive Points as rewards. The difficulty of the Illusive Realm is dependent on the SOL3 Phase you're in when the Illusive Realm resets (04:00 every Monday). Adjusting your SOL3 Phase during each exploration cycle does not affect the difficulty and rewards of the current cycle.","Ký ức quá khứ chôn sâu trong giấc mơ, và chìa khóa khám phá nằm trong tay cậu. Đừng quên, chỉ trong giấc mơ, câu trả lời mới được hé lộ.

[Hỗ Trợ Giấc Mơ]
Khi Năng Lượng Giấc Mơ đạt 500 điểm, kích hoạt thủ công trạng thái Giấc Mơ Tiên Tri. Trong trạng thái này, Ấn và một số Ẩn Dụ sẽ được tăng cường, Crit. Rate và Hồi Phục Năng Lượng của tất cả Resonators trong đội tăng lần lượt 50% và 100%. Cooldown chiêu của Resonance Skill hoặc Resonance Liberation giảm 50%, kích hoạt mỗi 4 giây. Giấc Mơ Tiên Tri kéo dài 10 giây và tiêu hao toàn bộ Năng Lượng Giấc Mơ khi kết thúc.

[Khám Phá]
- Chọn ba Resonators và bước vào những trận chiến hoành tráng trong Thế Giới Ảo.
- Skills Vọng Âm, Stats, Cấp Độ, Chuỗi Resonance và Vũ Khí của Resonators sẽ được giữ nguyên trong sự kiện.
- Trong Thế Giới Ảo, cậu có thể nhận được những tăng cường mạnh mẽ từ Ẩn Dụ. Ấn và một số Ẩn Dụ sẽ mang lại hiệu ứng bổ sung khi kích hoạt Giấc Mơ Tiên Tri thông qua Hỗ Trợ Giấc Mơ.
- Mỗi trận chiến trong Thế Giới Ảo sẽ đối đầu với những kẻ thù khác nhau. Hoàn thành những thử thách này để kiếm Points Ảo và đạt các mốc thưởng để nhận những phần quà hậu hĩnh.

[Tinh Thể Tàn Dư]
Sau khi đánh bại những kẻ thù mạnh mẽ ở sâu nhất trong lãnh địa, một Tinh Thể Tàn Dư sẽ xuất hiện tại Khu Vực Ký Ức. Sử dụng Waveplate để thu thập phần thưởng.

[Độ Khó]
Pha SOL3 càng cao, Exploration trong Thế Giới Ảo càng thử thách hơn, với nhiều Tinh Thể Tàn Dư và Points Ảo làm phần thưởng. Difficulty của Thế Giới Ảo phụ thuộc vào Pha SOL3 của cậu khi Thế Giới Ảo được đặt lại (04:00 mỗi thứ Hai). Việc điều chỉnh Pha SOL3 trong mỗi chu kỳ khám phá sẽ không ảnh hưởng đến độ khó và phần thưởng của chu kỳ hiện tại.",C?n ti?ng Anh nghi v?n: Cooldown; Difficulty; Exploration; Liberation; Points; Rate; Skill; Skills; Stats | S? t?/c?m nghi v?n: 10 | T? l? nghi v?n: 0.175 | M?c ??: 39.75
"Past memories lie buried deep within dreams, and the key to exploration is in your hands. Please do not forget, only within dreams will the answers be revealed.

[Dreamscape Aid]
Manually trigger the Divined Dream state when Dreamscape Energy reaches 500 points. In this state, Sigils and certain Metaphors will be enhanced, Crit. Rate and Energy Regen of all Resonators in the team are increased by 50% and 100% respectively. The cooldown after casting Resonance Skill or Resonance Liberation is reduced by 50%, triggered once every 4s. Divined Dream lasts for 10s and depletes all Dreamscape Energy when it ends.

[Exploration]
- Choose three Resonators and embark on epic battles in the Illusive Realm. 
- The Echo Skills, Stats, Levels, Resonance Chains, and Weapons of Resonators can be carried over in the event.
- In the Illusive Realm, you can gain powerful boosts from Metaphors. Sigils and certain Metaphors provide additional enhancements when Divined Dream is activated through Dreamscape Aid.
- Each battle in the Illusive Realm brings you against different enemies. Complete these challenges to earn Illusive Points and reach milestones to claim bountiful rewards.

[Remnant Crystal]
A Remnant Crystal will appear in the Memory Zone after defeating the powerful enemies found in the deepest parts of the realm. Use Waveplates to collect its rewards.

[Difficulty]
Higher SOL3 Phases offer more challenging Exploration in the Illusive Realm with more Remnant Crystals and Illusive Points as rewards. The difficulty of the Illusive Realm is dependent on the SOL3 Phase you're in when the Illusive Realm resets (04:00 every Monday). Adjusting your SOL3 Phase during each exploration cycle does not affect the difficulty and rewards of the current cycle.","Ký ức quá khứ chôn sâu trong giấc mơ, và chìa khóa khám phá nằm trong tay cậu. Đừng quên, chỉ trong giấc mơ, câu trả lời mới được hé lộ.

[Hỗ Trợ Giấc Mơ]
Khi Năng Lượng Giấc Mơ đạt 500 điểm, kích hoạt thủ công trạng thái Giấc Mơ Tiên Tri. Trong trạng thái này, Ấn và một số Ẩn Dụ sẽ được tăng cường, Crit. Rate và Hồi Phục Năng Lượng của tất cả Resonators trong đội tăng lần lượt 50% và 100%. Cooldown chiêu của Resonance Skill hoặc Resonance Liberation giảm 50%, kích hoạt mỗi 4 giây. Giấc Mơ Tiên Tri kéo dài 10 giây và tiêu hao toàn bộ Năng Lượng Giấc Mơ khi kết thúc.

[Khám Phá]
- Chọn ba Resonators và bước vào những trận chiến hoành tráng trong Thế Giới Ảo.
- Skills Vọng Âm, Stats, Cấp Độ, Chuỗi Resonance và Vũ Khí của Resonators sẽ được giữ nguyên trong sự kiện.
- Trong Thế Giới Ảo, cậu có thể nhận được những tăng cường mạnh mẽ từ Ẩn Dụ. Ấn và một số Ẩn Dụ sẽ mang lại hiệu ứng bổ sung khi kích hoạt Giấc Mơ Tiên Tri thông qua Hỗ Trợ Giấc Mơ.
- Mỗi trận chiến trong Thế Giới Ảo sẽ đối đầu với những kẻ thù khác nhau. Hoàn thành những thử thách này để kiếm Points Ảo và đạt các mốc thưởng để nhận những phần quà hậu hĩnh.

[Tinh Thể Tàn Dư]
Sau khi đánh bại những kẻ thù mạnh mẽ ở sâu nhất trong lãnh địa, một Tinh Thể Tàn Dư sẽ xuất hiện tại Khu Vực Ký Ức. Sử dụng Waveplate để thu thập phần thưởng.

[Độ Khó]
Pha SOL3 càng cao, Exploration trong Thế Giới Ảo càng thử thách hơn, với nhiều Tinh Thể Tàn Dư và Points Ảo làm phần thưởng. Difficulty của Thế Giới Ảo phụ thuộc vào Pha SOL3 của cậu khi Thế Giới Ảo được đặt lại (04:00 mỗi thứ Hai). Việc điều chỉnh Pha SOL3 trong mỗi chu kỳ khám phá sẽ không ảnh hưởng đến độ khó và phần thưởng của chu kỳ hiện tại.",C?n ti?ng Anh nghi v?n: Cooldown; Difficulty; Exploration; Liberation; Points; Rate; Skill; Skills; Stats | S? t?/c?m nghi v?n: 10 | T? l? nghi v?n: 0.175 | M?c ??: 39.75
"Photo of Phrolova performing Basic Attack - Movement of Fate and Finality

C-MOSS's hot tip: Already in special state, now use Basic Attack","Chụp ảnh Phrolova thực hiện Basic Attack - Điệu Vũ Fate và Kết Cục

Mẹo nóng từ C-MOSS: Đang ở trạng thái đặc biệt, giờ hãy dùng Basic Attack",C?n ti?ng Anh nghi v?n: Attack; Basic; C; Fate; Phrolova | S? t?/c?m nghi v?n: 7 | T? l? nghi v?n: 0.875 | M?c ??: 39.75
"Miscellaneous Records of <te href=260009>Mingting</te>'s Minister of Sentinel Affairs: Correspondence Collection

My dear friend Dongyuan,

A few days prior, the <te href=260001>Internal Security Agency</te> forwarded documents from the Justice Commission and the Huaxu Academy to the <te href=260002>Ministry of Sentinel Affairs</te>. Without delay, I instructed the Chongzhou official to assist in the matter and thoroughly examine the local Resonator register. It has now been confirmed that the individual in question has no connection with the <te href=850083>Sentinel</te> or the <te href=850074>Threnodian</te> of Chongzhou.

According to the Ministry's records, this individual has been a Resonator for over fifteen years. Described as one who ""sees the world through bamboos and hides his blade within them,"" he is blind yet wields a remarkable ability known as <te href=260003>Mindsight</te>. Through this power, he perceives his surroundings through a ""bamboo forest"" in his mind, enabling him to discern opponents' intentions and vulnerabilities. He can even manifest the Mindsight into tangible illusions. This is not a person to be underestimated.

Moreover, his swordsmanship appears to stem chiefly from personal skill rather than his Resonance Ability. Observations indicate that he consistently restrains the use of his Resonance power. He claims that the bamboo flask he carries contains a concoction—prepared by a wandering healer in Chongzhou—that stimulates his Mindsight and Forte, and is used only when necessary. This matter may be forwarded to the Academy for further analysis.

As for the detailed test data, please await the Academy's formal report...

Dongyuan's annotation: Simply ensure this is recorded clearly. We follow the Ministry of Sentinel Affairs's judgment… My my, Lin still writes with his characteristic formality.","Bút ký linh tinh của Bộ Trưởng Bộ Sự Vụ Cảm Tử <te href=260009>Mingting</te>: Tuyển tập thư từ

Bạn thân mến Đông Nguyên à,

Vài ngày trước, <te href=260001>Internal Security Agency</te> đã chuyển tiếp tài liệu từ Ủy Ban Tư Pháp và Học Viện Hoa Hư đến <te href=260002>Ministry of Sentinel Affairs</te>. Ngay lập tức, ta đã chỉ thị quan viên Trùng Châu hỗ trợ điều tra và test kỹ lưỡng sổ đăng ký Resonator địa phương. Đến nay đã xác nhận, cá nhân này không hề có liên hệ với <te href=850083>Sentinel</te> hay <te href=850074>Threnodian</te> ở Trùng Châu.

Theo hồ sơ của Bộ, cá nhân này đã là Resonator hơn mười lăm năm. Được miêu tả là ""nhìn thế giới qua lũy tre, giấu kiếm trong tre"", dù mù lòa nhưng hắn sở hữu khả năng đặc biệt mang tên <te href=260003>Mindsight</te>. Nhờ sức mạnh này, hắn cảm nhận môi trường xung quanh qua ""khu rừng tre"" trong tâm trí, từ đó nhìn thấu ý đồ và điểm yếu của đối thủ. Thậm chí, hắn còn có thể biến Thị Giác Tâm Linh thành ảo ảnh hữu hình. Đây không phải là kẻ có thể xem thường.

Hơn nữa, kiếm pháp của hắn dường như chủ yếu dựa vào kỹ năng cá nhân chứ không phải năng lực Resonance. Theo quan sát, hắn luôn kiềm chế sử dụng sức mạnh Resonance. Hắn cho biết chiếc bình tre mang theo chứa một loại thuốc—do một lang y lưu lạc ở Trùng Châu bào chế—có tác dụng kích thích Thị Giác Tâm Linh và Forte của hắn, và chỉ sử dụng khi cần thiết. Vấn đề này có thể chuyển đến Học Viện để phân tích thêm.

Còn về dữ liệu test chi tiết, xin chờ báo cáo chính thức từ Học Viện...

Chú thích của Đông Nguyên: Chỉ cần ghi chép rõ ràng là được. Chúng ta sẽ theo phán quyết của Bộ Sự Vụ Cảm Tử… Trời ơi, Lâm vẫn viết văn kiểu cách như thế này đấy.",C?n ti?ng Anh nghi v?n: Affairs; Agency; Internal; Mindsight; Mingting; Ministry; of; Security; test | S? t?/c?m nghi v?n: 10 | T? l? nghi v?n: 0.172 | M?c ??: 39.72
"Consume STA and deal <color=Ice>Glacio DMG</color>. When Lion's Spirit is not full, cast a <color=Highlight>Basic Attack</color> after a <color=Highlight>Heavy Attack</color> to cast <color=Highlight>Tail Strike</color> to attack the target, dealing <color=Ice>Glacio DMG</color>.","Tiêu hao STA và gây <color=Ice>Glacio DMG</color>. Khi Lion's Spirit chưa đầy, thực hiện <color=Highlight>Basic Attack</color> sau <color=Highlight>Heavy Attack</color> để tung <color=Highlight>Tail Strike</color>, tấn công mục tiêu và gây <color=Ice>Glacio DMG</color>.",C?n ti?ng Anh nghi v?n: Attack; Basic; Heavy; Lion's; Spirit; Strike; Tail | S? t?/c?m nghi v?n: 8 | T? l? nghi v?n: 0.471 | M?c ??: 39.71
"While in <color=Highlight>Foreclaimed Self</color>, hold <color=Highlight>Normal Attack</color> to enter <color=Highlight>Hold Breath</color>. When <color=Highlight>Normal Attack</color> is released or when STA depletes, Hiyuki thrusts forward, dealing <color=Ice>Glacio DMG</color> and blocking incoming attacks.","Khi ở trạng thái <color=Highlight>Foreclaimed Self</color>, giữ <color=Highlight>Normal Attack</color> để vào trạng thái <color=Highlight>Giữ Breath</color>. Khi thả <color=Highlight>Normal Attack</color> hoặc khi Thể Lực cạn kiệt, Hiyuki sẽ lao về phía trước, gây <color=Ice>Glacio DMG</color> và chặn các đòn tấn công đến.",C?n ti?ng Anh nghi v?n: Attack; Breath; Foreclaimed; Hiyuki; Normal; Self | S? t?/c?m nghi v?n: 8 | T? l? nghi v?n: 0.571 | M?c ??: 39.71
"Heal all nearby party members and summon 5 <color=Highlight>Dim Star Butterflies</color>, which automatically track and attack a target, dealing <color=Light>Spectro DMG</color>. Follow up with <color=Highlight>Basic Attack</color> to perform <color=Highlight>Basic Attack 2</color>.
Can be cast in mid-air.","Heal toàn bộ thành viên trong đội gần đó và triệu hồi 5 <color=Highlight>Dim Star Butterflies</color>, tự động truy đuổi và tấn công mục tiêu, gây <color=Light>Spectro DMG</color>. Tiếp tục với <color=Highlight>Basic Attack</color> để thực hiện <color=Highlight>Basic Attack 2</color>.
Có thể sử dụng khi đang bay.",C?n ti?ng Anh nghi v?n: Attack; Basic; Butterflies; Dim; Heal; Star | S? t?/c?m nghi v?n: 8 | T? l? nghi v?n: 0.571 | M?c ??: 39.71
"<color=Highlight>[Resonance Liberation]</color>
- The cooldown of Resonance Liberation - Hellfire Absolution is reduced by <color=Highlight>{0}s</color>.
- When casting the skill, every <color=Highlight>{1}</color> points of Sinflame or Purging Flame available additionally restores <color=Highlight>{2}</color> points of Afterflame. Each point of Sinflame or Purging Flame grants <color=Highlight>{3}</color> DMG Bonus for <color=Highlight>{4}s</color>.","<color=Highlight>[Resonance Liberation]</color>
- Cooldown chiêu của Resonance Liberation - Giải Tội Hỏa Ngục giảm <color=Highlight>{0}s</color>.
- Khi sử dụng kỹ năng, mỗi <color=Highlight>{1}</color> điểm Ngọn Sinflame Lỗi hoặc Ngọn Purging Flame sẽ hồi phục thêm <color=Highlight>{2}</color> điểm Ngọn Lửa Dư Dả. Mỗi điểm Ngọn Sinflame Lỗi hoặc Ngọn Purging Flame sẽ tăng <color=Highlight>{3}</color> Hệ Số Sát Thương trong <color=Highlight>{4}s</color>.",C?n ti?ng Anh nghi v?n: Cooldown; Flame; Liberation; Purging; s; Sinflame | S? t?/c?m nghi v?n: 10 | T? l? nghi v?n: 0.769 | M?c ??: 39.69
"<color=Highlight>[Resonance Liberation]</color>
- The cooldown of Resonance Liberation - Hellfire Absolution is reduced by <color=Highlight>{0}s</color>.
- When casting the skill, every <color=Highlight>{1}</color> points of Sinflame or Purging Flame available additionally restores <color=Highlight>{2}</color> points of Afterflame. Each point of Sinflame or Purging Flame grants <color=Highlight>{3}</color> DMG Bonus for <color=Highlight>{4}s</color>.","<color=Highlight>[Resonance Liberation]</color>
- Cooldown chiêu của Resonance Liberation - Giải Tội Hỏa Ngục giảm <color=Highlight>{0}s</color>.
- Khi sử dụng kỹ năng, mỗi <color=Highlight>{1}</color> điểm Ngọn Sinflame Lỗi hoặc Ngọn Purging Flame sẽ hồi phục thêm <color=Highlight>{2}</color> điểm Ngọn Lửa Dư Dả. Mỗi điểm Ngọn Sinflame Lỗi hoặc Ngọn Purging Flame sẽ tăng <color=Highlight>{3}</color> Hệ Số Sát Thương trong <color=Highlight>{4}s</color>.",C?n ti?ng Anh nghi v?n: Cooldown; Flame; Liberation; Purging; s; Sinflame | S? t?/c?m nghi v?n: 10 | T? l? nghi v?n: 0.769 | M?c ??: 39.69
"<color=#c49e55>[Resonance Skill]</color> With 4 stacks of Enflamement, the final attack of Resonance Skill: True Sight - Capture deals additional DMG equal to the DMG of Resonance Liberation: Radiance of Fealty on hit. This effect can be triggered once every {0}s.","<color=#c49e55>[Resonance Skill]</color> Khi có 4 tầng Bừng Cháy, đòn tấn công cuối của Resonance Skill: True Sight - Capture sẽ gây thêm sát thương bằng với sát thương của Resonance Liberation: Radiance of Fealty khi trúng mục tiêu. Hiệu ứng này có thể kích hoạt mỗi {0} giây một lần.",C?n ti?ng Anh nghi v?n: Capture; Fealty; Liberation; of; Radiance; Sight; Skill; True | S? t?/c?m nghi v?n: 8 | T? l? nghi v?n: 0.667 | M?c ??: 39.67
"Swing the blade to attack the target, dealing <color=Thunder>Electro DMG</color>. Resonance Skill <color=Highlight>Extermination Order</color> can be cast up to 3 times but will be put on Cooldown if not repeated shortly after the previous cast. This Resonance Skill does not reset the Basic Attack cycle, and grants 1 ""Cruelty"" for each hit on hit.","Vung kiếm tấn công mục tiêu, gây <color=Thunder>Electro DMG</color>. Resonance Skill <color=Highlight>Extermination Order</color> có thể sử dụng tối đa 3 lần liên tiếp nhưng sẽ vào trạng thái Cooldown nếu không sử dụng ngay sau lần trước. Skill này không làm gián đoạn chu kỳ Basic Attack và cộng 1 ""Độ Tàn Nhẫn"" cho mỗi lần trúng đích.",C?n ti?ng Anh nghi v?n: Attack; Basic; Cooldown; Extermination; Order; Skill | S? t?/c?m nghi v?n: 7 | T? l? nghi v?n: 0.467 | M?c ??: 39.67
"Open to obtain a random Echo of the following Sonata Effect: Havoc Eclipse.
2pcs Set: Havoc DMG + 10%.
5pcs Set: Havoc DMG + 7.5% after releasing Basic Attack or Heavy Attack. This effect stacks up to 4 times, each stack lasts 15s.","Mở để nhận một Echo ngẫu nhiên thuộc Hiệu ứng Sonata: Nhật Thực Hỗn Mang.
Bộ 2 món: Havoc DMG Bonus + 10%.
Bộ 5 món: Havoc DMG Bonus +7.5% sau khi thực hiện Basic Attack hoặc Heavy Attack. Hiệu ứng này có thể chồng chất lên đến 4 lần, mỗi lần kéo dài 15 giây.",C?n ti?ng Anh nghi v?n: Attack; Basic; Bonus; Heavy; Sonata | S? t?/c?m nghi v?n: 7 | T? l? nghi v?n: 0.467 | M?c ??: 39.67
"Open to obtain a random Echo of the following Sonata Effect: Havoc Eclipse.
2pcs Set: Havoc DMG + 10%.
5pcs Set: Havoc DMG + 7.5% after releasing Basic Attack or Heavy Attack. This effect stacks up to 4 times, each stack lasts 15s.","Mở để nhận một Echo ngẫu nhiên thuộc Hiệu ứng Sonata: Nhật Thực Hỗn Mang.
Bộ 2 món: Havoc DMG Bonus + 10%.
Bộ 5 món: Havoc DMG Bonus +7.5% sau khi thực hiện Basic Attack hoặc Heavy Attack. Hiệu ứng này có thể chồng chất lên đến 4 lần, mỗi lần kéo dài 15 giây.",C?n ti?ng Anh nghi v?n: Attack; Basic; Bonus; Heavy; Sonata | S? t?/c?m nghi v?n: 7 | T? l? nghi v?n: 0.467 | M?c ??: 39.67
"Open to obtain a random Echo of the following Sonata Effect: Havoc Eclipse.
2pcs Set: Havoc DMG + 10%.
5pcs Set: Havoc DMG + 7.5% after releasing Basic Attack or Heavy Attack. This effect stacks up to 4 times, each stack lasts 15s.","Mở để nhận một Echo ngẫu nhiên thuộc Hiệu ứng Sonata: Nhật Thực Hỗn Mang.
Bộ 2 món: Havoc DMG Bonus + 10%.
Bộ 5 món: Havoc DMG Bonus +7.5% sau khi thực hiện Basic Attack hoặc Heavy Attack. Hiệu ứng này có thể chồng chất lên đến 4 lần, mỗi lần kéo dài 15 giây.",C?n ti?ng Anh nghi v?n: Attack; Basic; Bonus; Heavy; Sonata | S? t?/c?m nghi v?n: 7 | T? l? nghi v?n: 0.467 | M?c ??: 39.67
"Open to obtain a random Echo of the following Sonata Effect: Havoc Eclipse.
2pcs Set: Havoc DMG + 10%.
5pcs Set: Havoc DMG + 7.5% after releasing Basic Attack or Heavy Attack. This effect stacks up to 4 times, each stack lasts 15s.","Mở để nhận một Echo ngẫu nhiên thuộc Hiệu ứng Sonata: Nhật Thực Hỗn Mang.
Bộ 2 món: Havoc DMG Bonus + 10%.
Bộ 5 món: Havoc DMG Bonus +7.5% sau khi thực hiện Basic Attack hoặc Heavy Attack. Hiệu ứng này có thể chồng chất lên đến 4 lần, mỗi lần kéo dài 15 giây.",C?n ti?ng Anh nghi v?n: Attack; Basic; Bonus; Heavy; Sonata | S? t?/c?m nghi v?n: 7 | T? l? nghi v?n: 0.467 | M?c ??: 39.67
"Inside the data room, you learn the Grand Architect once worked at the SkyArk Station, promoting the Court of Savantae's research on the Etheric Sea—she showed intense interest in it. Connecting the Etheric Sea's link to you and its potential as a gateway, you begin to form theories.
Then Luuk reveals his suspicion that the Grand Architect was the one who sabotaged the Stridergate seal, triggering the Threnodian's breach. To save Lahai-Roi, Aemeath Overclocked forcing a resonance with the Exostrider to stop it. Fresh, burning fury consumes you. Seeing this, Luuk sighs and quietly invites you outside to walk.","Trong phòng dữ liệu, cậu biết được Grand Architect từng làm việc tại Trạm SkyArk, quảng bá nghiên cứu của Tòa Án Savantae về Etheric Seaic – bà ấy tỏ ra cực kỳ quan tâm đến nó. Nối kết mối liên hệ giữa Etheric Seaic với cậu và tiềm năng của nó như một cánh cổng, cậu bắt đầu hình thành những giả thuyết.
Sau đó, Luuk tiết lộ nghi ngờ rằng chính Grand Architect đã phá hoại con dấu Stridergate, gây ra sự xâm nhập của Threnodian. Để cứu Lahai-Roi, Aemeath buộc phải Overclock, cộng hưởng với Exostrider để ngăn chặn nó. Cơn thịnh nộ cháy bỏng trào lên trong cậu. Thấy vậy, Luuk thở dài và lặng lẽ mời cậu ra ngoài đi dạo.",C?n ti?ng Anh nghi v?n: Aemeath; Architect; Etheric; Exostrider; Grand; Lahai; Luuk; SkyArk; Stridergate | S? t?/c?m nghi v?n: 13 | T? l? nghi v?n: 0.464 | M?c ??: 39.64
"When Resonators cast Intro Skill, they gain 30% Heavy Attack DMG Bonus, Electro DMG Bonus, and Havoc DMG Bonus for 30s.","Khi Resonators sử dụng Intro Skill, họ nhận thêm 30% sát thương Heavy Attack, Electro DMG Bonus và Havoc DMG Bonus trong 30 giây.",C?n ti?ng Anh nghi v?n: Attack; Bonus; Heavy; Intro; Skill | S? t?/c?m nghi v?n: 6 | T? l? nghi v?n: 0.462 | M?c ??: 39.62
"<size=40><color=Title>Awakening Gale</color></size>
Deal <color=Wind>Aero DMG</color>.
<size=10></size>
<size=40><color=Title>Skyfall Severance</color></size>
While in mid-air, {Cus:Ipt,Touch=tap PC=press Gamepad=press} <color=Highlight>Resonance Skill</color> to deal <color=Wind>Aero DMG</color>, which removes all stacks of Spectro Frazzle, Havoc Bane, Fusion Burst, Glacio Chafe, and Electro Flare from the target hit and inflicts 1 stack of Aero Erosion for each stack removed.","<size=40><color=Title>Awakening Gale</color></size>
Gây <color=Wind>Aero DMG</color>.
<size=10></size>
<size=40><color=Title>Skyfall Severance</color></size>
Khi ở trên không, {Cus:Ipt,Touch=tap PC=press Gamepad=press} <color=Highlight>Resonance Skill</color> để gây <color=Wind>Aero DMG</color>, loại bỏ toàn bộ tầng Spectro Frazzle, Havoc Bane, Fusion Burst, Glacio Chafe và Electro Flare khỏi mục tiêu trúng đòn và gây 1 tầng Aero Erosion cho mỗi tầng bị loại bỏ.",C?n ti?ng Anh nghi v?n: Awakening; Bane; Burst; Chafe; Erosion; Flare; Frazzle; Gale; Severance; Skill; Skyfall | S? t?/c?m nghi v?n: 11 | T? l? nghi v?n: 0.458 | M?c ??: 39.58
"Luuk Herssen's skills that directly damage the targets deal more DMG to targets affected by <color=Highlight>Tune Strain - Interfered</color> with higher Tune Break Boost.
After any nearby Resonators in the team inflict <color=Highlight>Tune Strain - Shifting</color> or <color=Highlight>Tune Break</color> DMG, Luuk Herssen's ATK increases.","Kỹ năng gây sát thương trực tiếp của Luuk Herssen sẽ gây thêm Sát Thương lên mục tiêu bị ảnh hưởng bởi <color=Highlight>Tune Strain - Interfered</color> với Tune Break Boost càng cao.
Sau khi bất kỳ Resonators nào trong đội gần đó gây <color=Highlight>Tune Strain - Shifting</color> hoặc <color=Highlight>Tune Break</color> Sát Thương, Tấn Công của Luuk Herssen sẽ tăng lên.",C?n ti?ng Anh nghi v?n: Boost; Break; Interfered; Luuk; Shifting; Strain; Tune | S? t?/c?m nghi v?n: 13 | T? l? nghi v?n: 0.65 | M?c ??: 39.5
"Sensor
The Sensor can reveal valuable content within a certain range of area, such as <color=#b49f50>collectible items, enemy weaknesses or Acoustic Prints</color>.","Sensor
Sensor có thể phát hiện nội dung giá trị trong một phạm vi nhất định, như <color=#b49f50>collectible items, enemy weaknesses or Acoustic Prints</color>.",C?n ti?ng Anh nghi v?n: Acoustic; collectible; enemy; items; or; Prints; Sensor; weaknesses | S? t?/c?m nghi v?n: 9 | T? l? nghi v?n: 0.75 | M?c ??: 39.5
"A <color=#ffd12f>beacon</color> you once set for yourself, imbued with the strength and faith to keep moving forward.
<color=#ffd12f>Rover: Spectro</color>'s abilities have been enhanced. Resonance Liberation <color=#ffd12f>Echoing Orchestra</color> and Resonance Skill <color=#ffd12f>Resonating Spin</color> now inflict <color=#ffd12f>Spectro Frazzle Effect</color> on the target while retaining their original effects.
Check the Resonator's Forte interface for more details.","Một <color=#ffd12f>beacon</color> mà cậu từng tự đặt ra cho mình, chứa đựng sức mạnh và niềm tin để tiến về phía trước.
Khả năng của <color=#ffd12f>Rover: Spectro</color> đã được tăng cường. Resonance Liberation <color=#ffd12f>Echoing Orchestra</color> và Resonance Skill <color=#ffd12f>Resonating Spin</color> giờ đây sẽ gây hiệu ứng <color=#ffd12f>Spectro Frazzle Effect</color> lên mục tiêu trong khi vẫn giữ nguyên hiệu ứng ban đầu.
Xem thêm chi tiết trong giao diện Forte của Resonator.",C?n ti?ng Anh nghi v?n: beacon; Echoing; Effect; Frazzle; Liberation; Orchestra; Resonating; Skill; Spin | S? t?/c?m nghi v?n: 9 | T? l? nghi v?n: 0.346 | M?c ??: 39.46
"When Iuno is in <color=Highlight>Lunar Cycle - New Moon</color>, her Resonance Skill is replaced with <color=Highlight>Arc Beyond the Edge</color>, which has 2 initial charges.","Khi Iuno ở trạng thái <color=Highlight>Lunar Cycle - New Moon</color>, Resonance Skill của cô sẽ được thay thế bằng <color=Highlight>Arc Beyond the Edge</color>, với 2 lượt sử dụng ban đầu.",C?n ti?ng Anh nghi v?n: Arc; Beyond; Cycle; Edge; Iuno; Lunar; Moon; New; Skill | S? t?/c?m nghi v?n: 9 | T? l? nghi v?n: 0.643 | M?c ??: 39.43
"This enemy has a <color=HighlightB>higher RES</color> to <color=Thunder>Electro DMG</color>.

Zip Zap is a type of ironclad electromagnetic Murmurin TD that attracts metal to form a protective shell around itself. Electric arcs are faintly visible through cracks in its metallic armor.

They may attach themselves to other Clamorling Tacet Discords to provide power amplification. When spent, Zip Zaps reverse the flow of their electricity to recharge themselves.

People in Lahai-Roi often catch Zip Zaps in the wild as an emergency power source.","Kẻ địch này có <color=HighlightB>higher RES</color> <color=Thunder>Electro DMG</color>.

Zip Zap là một loại Murmurin TD bọc thép điện từ, thu hút kim loại để tạo vỏ bảo vệ quanh mình. Những tia lửa điện lấp lánh hiện ra qua các vết nứt trên lớp giáp kim loại.

Chúng có thể bám vào các Tacet Discord Clamorling khác để khuếch đại năng lượng. Khi cạn kiệt, Zip Zap sẽ đảo chiều dòng điện để tự nạp lại.

Người dân ở Lahai-Roi thường bắt Zip Zap ngoài tự nhiên để dùng làm nguồn điện dự phòng.",C?n ti?ng Anh nghi v?n: Clamorling; higher; Lahai; Murmurin; RES; Zap; Zip | S? t?/c?m nghi v?n: 11 | T? l? nghi v?n: 0.44 | M?c ??: 39.4
"<size=40><color=Title>Awakening Gale</color></size>
Jump up into the mid-air and slash the target, dealing <color=Wind>Aero DMG</color>.
<size=10></size>
<size=40><color=Title>Skyfall Severance</color></size>
While in mid-air, {Cus:Ipt,Touch=tap PC=press Gamepad=press} <color=Highlight>Resonance Skill</color> to deal <color=Wind>Aero DMG</color>, which removes all stacks of <te href=850008>Spectro Frazzle</te>, <te href=850012>Havoc Bane</te>, <te href=850011>Fusion Burst</te>, <te href=850010>Glacio Chafe</te>, and <te href=850013>Electro Flare</te> from the target hit and inflicts 1 stack of <te href=850009>Aero Erosion</te> for each stack removed.","<size=40><color=Title>Awakening Gale</color></size>
Nhảy lên không trung và chém mục tiêu, gây <color=Wind>Aero DMG</color>.
<size=10></size>
<size=40><color=Title>Skyfall Severance</color></size>
Khi ở trên không, {Cus:Ipt,Touch=tap PC=press Gamepad=press} <color=Highlight>Resonance Skill</color> để gây <color=Wind>Aero DMG</color>, loại bỏ toàn bộ tầng <te href=850008>Spectro Frazzle</te>, <te href=850012>Havoc Bane</te>, <te href=850011>Fusion Burst</te>, <te href=850010>Glacio Chafe</te> và <te href=850013>Electro Flare</te> trên mục tiêu trúng đòn và áp dụng 1 tầng <te href=850009>Aero Erosion</te> cho mỗi tầng bị loại bỏ.",C?n ti?ng Anh nghi v?n: Awakening; Bane; Burst; Chafe; Erosion; Flare; Frazzle; Gale; Severance; Skill; Skyfall | S? t?/c?m nghi v?n: 11 | T? l? nghi v?n: 0.44 | M?c ??: 39.4
"<color=Highlight>Sentry Construct</color>
- For 15s after defeating Sentry Construct, all Resonators in the team are immune to damage.
- Vibration Strength Reduction taken by Sentry Construct is reduced by 25%. When Sentry Construct is in mid-air, it deals 30% more DMG. If it's affected by <color=Highlight>Negative Statuses</color> or <color=Highlight>Tunability - Shifting</color>, Resonators' Vibration Strength Reduction Rate is increased by 50%.
[Unlocked in Round 2] Sentry Construct's ATK is increased by 3% every 5s, stacking up to 10 times. Immobilizing it clears all stacks and pauses the stacking.","<color=Highlight>Sentry Construct</color>
- Sau khi đánh bại Sentry Construct, tất cả Resonators trong đội sẽ miễn nhiễm sát thương trong 15 giây.
- Mức giảm Concerto Vibrancy mà Sentry Construct phải chịu giảm 25%. Khi Sentry Construct ở trên không, sát thương gây ra tăng 30%. Nếu bị ảnh hưởng bởi <color=Highlight>Negative Statuses</color> hoặc <color=Highlight>Tunability - Shifting</color>, tỷ lệ giảm Concerto Vibrancy của Resonators tăng 50%.
[Mở khóa ở Round 2] Tấn Công của Sentry Construct tăng 3% mỗi 5 giây, tối đa 10 lần cộng dồn. Bị hóa đá sẽ xóa toàn bộ cộng dồn và tạm dừng hiệu ứng.",C?n ti?ng Anh nghi v?n: Construct; Negative; Sentry; Shifting; Statuses; Tunability | S? t?/c?m nghi v?n: 14 | T? l? nghi v?n: 0.538 | M?c ??: 39.38
"<color=Highlight>Sentry Construct</color>
- For 15s after defeating Sentry Construct, all Resonators in the team are immune to damage.
- Vibration Strength Reduction taken by Sentry Construct is reduced by 25%. When Sentry Construct is in mid-air, it deals 30% more DMG. If it's affected by <color=Highlight>Negative Statuses</color> or <color=Highlight>Tunability - Shifting</color>, Resonators' Vibration Strength Reduction Rate is increased by 50%.
- Sentry Construct's ATK is increased by 3% every 5s, stacking up to 10 times. Immobilizing it clears all stacks and pauses the stacking.","<color=Highlight>Sentry Construct</color>
- Sau khi đánh bại Sentry Construct, tất cả Resonators trong đội sẽ miễn nhiễm sát thương trong 15 giây.
- Mức giảm Concerto Vibrancy mà Sentry Construct phải chịu giảm 25%. Khi Sentry Construct ở trên không, sát thương gây ra tăng 30%. Nếu bị ảnh hưởng bởi <color=Highlight>Negative Statuses</color> hoặc <color=Highlight>Tunability - Shifting</color>, tỷ lệ giảm Concerto Vibrancy của Resonators tăng 50%.
- Tấn Công của Sentry Construct tăng 3% mỗi 5 giây, tối đa 10 lần cộng dồn. Bị hóa đá sẽ xóa toàn bộ cộng dồn và tạm dừng hiệu ứng.",C?n ti?ng Anh nghi v?n: Construct; Negative; Sentry; Shifting; Statuses; Tunability | S? t?/c?m nghi v?n: 14 | T? l? nghi v?n: 0.538 | M?c ??: 39.38
"[Resistance]: This enemy has a higher <color=Thunder>Electro RES</color> and <color=Dark>Havoc RES</color>.

[Tidebreaker]: Vibration Strength Reduction from Intro Skills is decreased, while increased for Counterattacks that interrupt the False Sovereign's attacks.","[Kháng]: Kẻ địch này có <color=Thunder>Electro RES</color> và <color=Dark>Havoc RES</color> cao hơn.

[Phá Triều]: Giảm hiệu ứng deplete Vibration Strength từ Intro Skill, nhưng tăng hiệu ứng này cho các Phản Đòn làm gián đoạn đòn tấn công của False Sovereign.",C?n ti?ng Anh nghi v?n: False; Intro; RES; Skill; Strength; Vibration | S? t?/c?m nghi v?n: 7 | T? l? nghi v?n: 0.538 | M?c ??: 39.38
"Increases ATK by {0}. After a Resonator in the team casts a Tune Break skill, it grants a {1} ATK increase and {2} Basic Attack DMG Bonus to the wielder for {3}s.","Increase Attack {0}. Sau khi một Resonator trong đội sử dụng kỹ năng Tune Break, sẽ tăng thêm {1} Attack và {2} Sát Thương Basic Attack cho người sử dụng trong {3} giây.",C?n ti?ng Anh nghi v?n: Attack; Basic; Break; Increase; Tune | S? t?/c?m nghi v?n: 7 | T? l? nghi v?n: 0.538 | M?c ??: 39.38
"Evaluation Basis: [Resonance Assessment 2300-G]

The Time of Awakening for Resonator Calcharo remains unclear. According to Calcharo's report, he endured extended periods in hostile environments and faced numerous life-threatening situations. As a result, his Forte naturally awakened as a means of self-protection.

Resonator Calcharo's <te href=850072>Tacet Mark</te> is located on his forehead. When Calcharo activates his Forte, a golden core manifests on his chest. Concurrently, various parts of his body display characteristics of <te href=850081>Tacet Discords</te>, entangled with shadow-like thorns.

Notably, Calcharo's body possesses a significantly higher amount of bioelectrical energy compared to the average human. He demonstrates exceptional awareness of and control over electric currents and magnetic forces.

The exact cause of Resonator Calcharo's Awakening cannot be identified at the moment, as his Spectrum Pattern does not show similarity to any known samples.

Analysis of test samples has revealed a non-convergent <te href=850067>Rabelle's Curve</te> with a gradual rise. Resonator Calcharo is thereby classified as a <te href=850070>Natural Resonator</te>.


<i>""Actually... there is one strikingly similar Spectrum Pattern that we seem to have overlooked, or rather, we hesitated to entertain that possibility.""</i>

<i>""Yes... It's the Tacet Discords.""</i>","Tiêu chí đánh giá: [Đánh Giá Resonance 2300-G]

Thời điểm Thức Tỉnh của Resonator Calcharo vẫn chưa rõ ràng. Theo báo cáo của Calcharo, hắn đã trải qua thời gian dài trong môi trường khắc nghiệt và đối mặt với vô số tình huống đe dọa tính mạng. Kết quả là, Forte của hắn tự thức tỉnh như một phương thức tự vệ.

<te href=850072>Tacet Mark</te> của Resonator Calcharo nằm trên trán. Khi Calcharo kích hoạt Forte, một lõi vàng xuất hiện trên ngực hắn. Đồng thời, nhiều bộ phận trên cơ thể hắn hiện lên đặc điểm của <te href=850081>Tacet Discords</te>, quấn quýt với những gai bóng tối.

Đáng chú ý, cơ thể Calcharo chứa lượng năng lượng sinh học điện cao hơn nhiều so với người bình thường. Hắn thể hiện khả năng nhận thức và kiểm soát dòng điện cũng như lực từ trường vượt trội.

Nguyên nhân chính xác dẫn đến Sự Thức Tỉnh của Resonator Calcharo hiện chưa thể xác định, do Mô Hình Phổ của hắn không giống bất kỳ mẫu nào đã biết.

Phân tích mẫu thử cho thấy <te href=850067>Rabelle's Curve</te> không hội tụ, với sự tăng dần đều. Do đó, Resonator Calcharo được phân loại là <te href=850070>Natural Resonator</te>.


<i>""Thực ra... có một Mô Hình Phổ cực kỳ tương đồng mà chúng ta dường như đã bỏ sót, hay đúng hơn, là ngần ngại không dám nghĩ tới.""</i>

<i>""Yes... Đó là Tacet Discord.""</i>",C?n ti?ng Anh nghi v?n: Calcharo; Curve; Discords; Mark; Natural; Rabelle's; Yes | S? t?/c?m nghi v?n: 13 | T? l? nghi v?n: 0.333 | M?c ??: 39.33
"<te href=851007><color=#c79f49>Exchange</color></te>: After <SapTag=0>{0}</SapTag> {Cus:Sap,S=day P=days SapTag=0}, <te href=851041><color=#c79f49>Remove</color></te> itself as an <te href=851013><color=#c79f49>Item of Exchange</color></te>. When Exchanged, increase the <te href=851009><color=#c79f49>Daily Coupon</color></te> yield of <te href=851055><color=#c79f49>adjacent</color></te> Echoes by {1}% of this Echo's Daily Coupon yield.","<te href=851007><color=#c79f49>Exchange</color></te>: Sau <SapTag=0>{0}</SapTag> {Cus:Sap,S=ngày P=ngày SapTag=0}, tự <te href=851041><color=#c79f49>Remove</color></te> bản thân khỏi tư cách <te href=851013><color=#c79f49>Item of Exchange</color></te>. Khi được Exchange, tăng sản lượng <te href=851009><color=#c79f49>Daily Coupon</color></te> của các Echoes <te href=851055><color=#c79f49>adjacent</color></te> liền kề thêm {1}% sản lượng Daily Coupon của Echoes này.",C?n ti?ng Anh nghi v?n: adjacent; Coupon; Daily; Exchange; Item; of; Remove | S? t?/c?m nghi v?n: 11 | T? l? nghi v?n: 0.733 | M?c ??: 39.33
"Open to claim a type of advanced resource of your choice:
<color=Rare4>Advanced Resonance Potion x5</color>
<color=Rare4>Advanced Energy Core x5</color>
<color=Rare4>Advanced Sealed Tube x4</color>
<color=Rare4>Shell Credit x40000</color>","Mở để nhận một loại tài nguyên cao cấp tự chọn:
<color=Rare4>Advanced Resonance Potion x5</color>
<color=Rare4>Advanced Energy Core x5</color>
<color=Rare4>Advanced Sealed Tube x4</color>
<color=Rare4>Shell Credit x40000</color>",C?n ti?ng Anh nghi v?n: Advanced; Core; Credit; Energy; Potion; Sealed; Shell; Tube | S? t?/c?m nghi v?n: 10 | T? l? nghi v?n: 0.833 | M?c ??: 39.33
"<color=#c49e55>[Forte Circuit]</color>
Forte Circuit - Perception Drain's Cooldown is reduced by {0}.
Casting Perception Drain generates Tidal Reverberation <SapTag=1>{1}</SapTag> {Cus:Sap,S=time P=times SapTag=1}, dealing Havoc DMG equal to {2} of Cantarella's ATK, considered Basic Attack DMG.
Casting Perception Drain ends Mirage, recovers <SapTag=3>{3}</SapTag> {Cus:Sap,S=point P=points SapTag=1} of Trance, and re-enters Mirage for {4}s.","<color=#c49e55>[Forte Circuit]</color>
Cooldown chiêu của Forte Circuit - Hút Cảm Giác giảm {0}.
Kích hoạt Hút Cảm Giác sẽ tạo ra Echo Thủy Triều <SapTag=1>{1}</SapTag> {Cus:Sap,S=lần P=lần SapTag=1}, gây Havoc DMG bằng {2} Attack của Cantarella, được tính là Sát Thương Basic Attack.
Kích hoạt Hút Cảm Giác sẽ kết thúc Mirage, hồi <SapTag=3>{3}</SapTag> {Cus:Sap,S=điểm P=điểm SapTag=1} Trance và tái kích hoạt Mirage trong {4} giây.",C?n ti?ng Anh nghi v?n: Attack; Basic; Circuit; Cooldown; Mirage; Trance | S? t?/c?m nghi v?n: 8 | T? l? nghi v?n: 0.533 | M?c ??: 39.33
"The mysterious Longevity Lock Lingyang was wearing when he first met the <te href=850130>Liondance Troupe</te> people. 
After arriving in <te href=850091>Jinzhou</te> City, the Liondance Troupe traveled the streets and helped Lingyang find several merchants to talk to, trying to work out where the pendant came from, but to no avail. All they heard was, ""It's an ancient design I've never seen before."" 
Considering the vigorous movements of the liondance would inevitably damage it, Lingyang chose to keep it safely in a wooden box. 
No matter who made it, the Longevity Lock holds the same good wishes for health and happiness. By sharing it with you, Lingyang is sending his sincere hopes for your well-being.","Chiếc Lock Trường Thọ bí ẩn mà Lingyang đeo khi lần đầu gặp gỡ những người trong <te href=850130>Liondance Troupe</te>.
Sau khi đến thành phố <te href=850091>Jinzhou</te>, Liondance Troupe đã đi khắp các con phố và giúp Lingyang tìm gặp một số thương nhân để hỏi về nguồn gốc chiếc mặt dây chuyền, nhưng vô vọng. Tất cả những gì họ nói chỉ là: ""Đây là một thiết kế cổ mà tôi chưa từng thấy.""
Vì những động tác múa lân mạnh mẽ chắc chắn sẽ làm hỏng nó, Lingyang đã cất giữ chiếc khóa trong một chiếc hộp gỗ an toàn.
Dù ai là người tạo ra nó, chiếc Lock Trường Thọ vẫn mang theo những lời chúc sức khỏe và hạnh phúc. Khi trao nó cho ngươi, Lingyang cũng gửi gắm những mong ước chân thành cho sự bình an của ngươi.",C?n ti?ng Anh nghi v?n: an; Lingyang; Liondance; Lock; Troupe | S? t?/c?m nghi v?n: 12 | T? l? nghi v?n: 0.429 | M?c ??: 39.29
"<size=40><color=Title>Resonance Skill</color></size>
Deal <color=Fire>Fusion DMG</color> and <color=Highlight>mark</color> the target.
After performing Resonance Skill, Lupa can perform <color=Highlight>Chain Resonance Skill</color> within a certain period of time.
<size=10></size>
<size=40><color=Title>Chain Resonance Skill</color></size>
Deal <color=Fire>Fusion DMG</color>. The <color=Highlight>marked</color> target takes additional DMG.","<size=40><color=Title>Resonance Skill</color></size>
Gây <color=Fire>Fusion DMG</color> và <color=Highlight>mark</color> mục tiêu.
Sau khi sử dụng Resonance Skill, Lupa có thể thực hiện <color=Highlight>Chain Resonance Skill</color> trong một khoảng thời gian nhất định.
<size=10></size>
<size=40><color=Title>Chain Resonance Skill</color></size>
Gây <color=Fire>Fusion DMG</color>. Mục tiêu <color=Highlight>marked</color> sẽ chịu thêm sát thương.",C?n ti?ng Anh nghi v?n: Chain; Lupa; mark; marked; Skill | S? t?/c?m nghi v?n: 9 | T? l? nghi v?n: 0.429 | M?c ??: 39.29
"<color=Highlight>[Resonance Liberation]</color>
- Fleurdelys can cast Resonance Skill - Adjudicator of Evil under certain conditions.
- Casting Resonance Liberation - Blade of Howling Squall or Mid-air Attack - Cartethyia gains special enhancements.
- Cartethyia deals more DMG.","<color=Highlight>[Resonance Liberation]</color>
- Fleurdelys có thể sử dụng Resonance Skill - Thẩm Phán Tà Ác trong một số điều kiện nhất định.
- Resonance Liberation - Lưỡi Kiếm Bão Gào hoặc Đòn Mid-air Attack - Cartethyia sẽ nhận được hiệu ứng đặc biệt.
- Cartethyia gây thêm sát thương.",C?n ti?ng Anh nghi v?n: air; Attack; Cartethyia; Fleurdelys; Liberation; Mid; Skill | S? t?/c?m nghi v?n: 8 | T? l? nghi v?n: 0.727 | M?c ??: 39.27
"<color=#c49e55>[Forte Circuit]</color> ""DAKA DAKA!"" gains the following special enhancements:
- Resonance Skill Cooldown is reset once when entering ""DAKA DAKA!""
- ""Whizzing Fight Spirit"" can be cast by using Resonance Skill during ""DAKA DAKA!"". If ""Thermobaric Bullet"" is not empty, enter the ""DAKA DAKA!"" state again.
- DMG of ""Whizzing Fight Spirit"" is increased by {0}.","<color=#c49e55>[Forte Circuit]</color> ""DAKA DAKA!"" nhận các nâng cấp đặc biệt sau:
- Cooldown chiêu Resonance Skill được đặt lại một lần khi vào trạng thái ""DAKA DAKA!""
- Có thể sử dụng Resonance Skill để thi triển ""Tinh Thần Chiến Đấu Vút Bay"" trong trạng thái ""DAKA DAKA!"". Nếu ""Đạn Nhiệt Áp"" chưa cạn, sẽ vào lại trạng thái ""DAKA DAKA!""
- Sát Thương của ""Tinh Thần Chiến Đấu Vút Bay"" tăng thêm {0}.",C?n ti?ng Anh nghi v?n: Cooldown; DAKA; Skill | S? t?/c?m nghi v?n: 11 | T? l? nghi v?n: 0.524 | M?c ??: 39.24
"Level: Public
<te href=850094>Fisalia</te> Apothecary Rosemary's Examination Record: Special Edition Approved by the Family Head

It is clear that the current head of the Fisalia family, Lady Cantarella, represents the pinnacle of the family's poison-related Forte. It is a great honor to have been invited to the castle to conduct her checkup, as well as to have been granted unrestricted access to the garden of <te href=850095>Porto-Veno Castle</te> for research purposes.

Lady Cantarella's ability is a rare form of hallucinogenic toxin, distinct from the more commonly seen lethal poisons found within the family. Unlike typical poisons, this toxin does not cause immediate death. When swarms of jellyfish emerge from her parasol, an exquisite sea of illusions forms around her. The poisoned individual will first experience hallucinations, perhaps of their deepest desires or crafted illusions. Should they linger too long within this sea, paralysis will set in, followed by unconsciousness, and ultimately, if the effects persist, death.

Lady Cantarella's control over her ability is nothing short of masterful. At its most refined, she can induce hallucinations without causing any physical harm.

Although such power is a double-edged sword, often causing harm to the user as well, Lady Cantarella's graceful and composed manner suggests she is not overly affected by the ""<te href=850119>Illusory Dream</te>."" Or so it seems… perhaps?

Note: Lady Cantarella is well aware of her abilities. It's a rare exception that she allowed me to examine her. To be honest, that makes me a little nervous… I hope I didn't make any mistakes.","Level: Công Khai
<te href=850094>Fisalia</te> Hồ sơ Khám bệnh của Dược sĩ Rosemary: Ấn bản Đặc biệt Được Gia chủ Phê duyệt

Rõ ràng là người đứng đầu gia tộc Fisalia hiện nay, Quý bà Cantarella, đại diện cho đỉnh cao của Forte liên quan đến chất độc trong gia tộc. Thật vinh dự khi được mời đến lâu đài để kiểm tra sức khỏe cho bà, cũng như được phép tự do tiếp cận khu vườn của <te href=850095>Porto-Veno Castle</te> cho mục đích nghiên cứu.

Khả năng của Quý bà Cantarella là một dạng độc tố gây ảo giác hiếm có, khác biệt hoàn toàn với những loại độc gây chết người thường thấy trong gia tộc. Không giống như các loại độc thông thường, chất độc này không gây tử vong ngay lập tức. Khi đàn sứa xuất hiện từ chiếc dù của bà, một biển ảo ảnh tuyệt đẹp sẽ hình thành xung quanh. Người bị nhiễm độc sẽ trải qua ảo giác, có thể là những khát khao sâu thẳm nhất hoặc những ảo ảnh được tạo ra. Nếu họ ở lại quá lâu trong biển ảo ảnh này, tê liệt sẽ ập đến, sau đó là bất tỉnh, và cuối cùng, nếu tác động kéo dài, sẽ dẫn đến cái chết.

Sự điều khiển khả năng của Quý bà Cantarella đạt đến trình độ điêu luyện. Ở mức độ tinh tế nhất, bà có thể gây ra ảo giác mà không gây tổn hại về thể chất.

Dù sức mạnh này là con dao hai lưỡi, thường gây hại cho cả người sử dụng, nhưng phong thái duyên dáng và điềm tĩnh của Quý bà Cantarella cho thấy bà không bị ảnh hưởng quá nhiều bởi ""<te href=850119>Illusory Dream</te>"". Hay ít nhất, có vẻ như vậy… phải không nhỉ?

Ghi chú: Quý bà Cantarella hoàn toàn hiểu rõ khả năng của mình. Thật hiếm khi bà cho phép tôi khám cho bà. Thành thật mà nói, điều đó khiến tôi hơi lo lắng… Hy vọng là tôi không mắc sai lầm nào.",C?n ti?ng Anh nghi v?n: Cantarella; Castle; Dream; Fisalia; Illusory; Level; Porto; Veno | S? t?/c?m nghi v?n: 13 | T? l? nghi v?n: 0.22 | M?c ??: 39.2
"<size=40><color=Title>Resonance Skill - Cartethyia</color></size>
Deal <color=Wind>Aero DMG</color> and inflict <color=Wind>Aero Erosion</color> on the target. Summon <color=Highlight>Sword Shadow III</color>.
This instance of DMG is considered <color=Highlight>Basic Attack DMG</color>.","<size=40><color=Title>Resonance Skill - Cartethyia</color></size>
Gây <color=Wind>Aero DMG</color> và áp <color=Wind>Aero Erosion</color> lên mục tiêu. Summon <color=Highlight>Kiếm Shadow III</color>.
Lượng sát thương này được tính là <color=Highlight>Basic Attack DMG</color>.",C?n ti?ng Anh nghi v?n: Attack; Basic; Cartethyia; Erosion; III; Shadow; Skill; Summon | S? t?/c?m nghi v?n: 8 | T? l? nghi v?n: 0.615 | M?c ??: 39.15
"This type includes Stun Emitter, Tacetite Spikes with Optional Module I, Thunder Lance, and Shock Inductor.","Loại này bao gồm Stun Emitter, Tacetite Spikes với Optional Mô-đun I, Thunder Lance và Shock Inductor.",C?n ti?ng Anh nghi v?n: Emitter; I; Inductor; Lance; Optional; Shock; Spikes; Stun; Tacetite; Thunder | S? t?/c?m nghi v?n: 10 | T? l? nghi v?n: 0.909 | M?c ??: 39.09
"Ashinohara has long relied on the ""miko system"" to resist the Threnodian, with each miko organization assigned to a specific territory. The Miko of Flaming Sakura is unique, her responsibility spanning all of Ashinohara.
The Seal of Flaming Sakura is one of her line's secret arts, said to have been created by the very first Miko of Flaming Sakura . It is the only secret art passed down in written form. The seal draws power from the miko herself: the more power she channels into it, the longer it lasts.
The seal's form changes with its caster.
It is said that Hiyuki sealed away part of ""her own future"" within it—including, some say, a future that cannot be named.","Ashinohara từ lâu đã dựa vào ""hệ thống miko"" để chống lại Threnodian, mỗi tổ chức miko phụ trách một vùng lãnh thổ riêng. Nhưng Miko của Flaming Sakura lại khác biệt, trách nhiệm của cô trải rộng khắp Ashinohara.
Ấn Triện Flaming Sakura là một trong những bí thuật gia truyền của dòng họ cô, được cho là do Miko đầu tiên của Flaming Sakura sáng tạo. Đây là bí thuật duy nhất được truyền lại bằng văn bản. Ấn triện lấy sức mạnh từ chính bản thân miko: càng nhiều sức mạnh đổ vào, thời gian duy trì càng lâu.
Hình dạng của ấn triện thay đổi tùy theo người sử dụng.
Người ta nói rằng Hiyuki đã phong ấn một phần ""tương lai của chính mình"" vào đó—kể cả một tương lai không thể gọi tên.",C?n ti?ng Anh nghi v?n: Ashinohara; Flaming; Hiyuki; Miko; miko; Sakura | S? t?/c?m nghi v?n: 14 | T? l? nghi v?n: 0.5 | M?c ??: 39.0
"When the Nameless Explorer is not under <color=Highlight>Tune Strain - Interfered</color> or <color=Highlight>Tune Strain - Shifting</color>, its ATK is increased by 50%. This effect is temporarily disabled for 12s when the Nameless Explorer takes Tune Break DMG.","Khi Nameless Explorer không chịu ảnh hưởng của <color=Highlight>Tune Strain - Interfered</color> hoặc <color=Highlight>Tune Strain - Shifting</color>, Tấn Công của nó tăng 50%. Hiệu ứng này tạm thời vô hiệu trong 12 giây khi Nameless Explorer chịu sát thương Tune Break.",C?n ti?ng Anh nghi v?n: Break; Explorer; Interfered; Nameless; Shifting; Strain; Tune | S? t?/c?m nghi v?n: 12 | T? l? nghi v?n: 0.8 | M?c ??: 39.0
"When Shorekeeper has 5 segments of Empirical Data, casting <color=Highlight>Heavy Attack</color> will consume all segments to pull in nearby targets, dealing <color=Light>Spectro DMG</color>. Meanwhile, all generated <color=Highlight>Collapsed Cores</color> will instantly transform into <color=Highlight>Flare Star Butterflies</color>.","Khi Shorekeeper tích đủ 5 đoạn Data Thực Nghiệm, sử dụng <color=Highlight>Heavy Attack</color> sẽ tiêu hao toàn bộ để kéo các mục tiêu gần đó vào, gây <color=Light>Spectro DMG</color>. Đồng thời, mọi <color=Highlight>Collapsed Cores</color> sinh ra sẽ lập tức hóa thành <color=Highlight>Flare Star Butterflies</color>.",C?n ti?ng Anh nghi v?n: Attack; Butterflies; Collapsed; Cores; Data; Flare; Heavy; Shorekeeper; Star | S? t?/c?m nghi v?n: 9 | T? l? nghi v?n: 0.6 | M?c ??: 39.0
"After activation, <color=#ffd12f>reach the finish line</color> or <color=#ffd12f>collect a certain amount of Target Points</color> within the specified time to claim the corresponding rewards.","Sau khi kích hoạt, <color=#ffd12f>reach the finish line</color> hoặc <color=#ffd12f>collect a certain amount of Mục tiêu Points</color> trong thời gian quy định để nhận phần thưởng tương ứng.",C?n ti?ng Anh nghi v?n: a; amount; certain; collect; finish; line; of; Points; reach | S? t?/c?m nghi v?n: 9 | T? l? nghi v?n: 0.6 | M?c ??: 39.0
"<color=#c49e55>[Resonance Liberation]</color>
Casting Resonance Liberation generates a Cyber City - Domain of Yesterday. Within this domain, Lynae's Off-Tune Buildup Rate is increased by {0} while the enemies' Spectro RES is reduced by {1}.","<color=#c49e55>[Resonance Liberation]</color>
Sử dụng Resonance Liberation sẽ tạo ra Cyber City - Domain of Yesterday. Trong phạm vi này, tốc độ tích lũy Off-Tune của Lynae tăng thêm {0} và Spectro RES của kẻ địch giảm {1}.",C?n ti?ng Anh nghi v?n: City; Cyber; Domain; Liberation; of; Off; RES; Tune; Yesterday | S? t?/c?m nghi v?n: 9 | T? l? nghi v?n: 0.6 | M?c ??: 39.0
"Casting Intro Skill, Resonance Skill, and Resonance Liberation recovers Trance. When Trance is not depleted, performing Heavy Attack sends Cantarella into an enhanced status.","Kích hoạt Kỹ Năng Giới Thiệu, Resonance Skill và Resonance Liberation sẽ hồi phục Trance. Khi Trance chưa cạn, thực hiện Heavy Attack sẽ đưa Cantarella vào trạng thái tăng cường.",C?n ti?ng Anh nghi v?n: Attack; Cantarella; Heavy; Liberation; Skill; Trance | S? t?/c?m nghi v?n: 7 | T? l? nghi v?n: 0.7 | M?c ??: 39.0
"When Forte Gauge is not full, hold Basic Attack to trigger a Heavy Attack penetrating the enemy, then use Basic Attack to perform a follow-up attack.","Khi Thanh Forte chưa đầy, giữ Basic Attack để kích hoạt Heavy Attack xuyên phá kẻ địch, sau đó dùng Basic Attack để thực hiện đòn tấn công tiếp nối.",C?n ti?ng Anh nghi v?n: Attack; Basic; Heavy | S? t?/c?m nghi v?n: 6 | T? l? nghi v?n: 0.6 | M?c ??: 39.0
"After Basic Attack Stage 3, hold Normal Attack to cast Enhanced Heavy Attack and leap into the air.","Sau giai đoạn Basic Attack 3, giữ Normal Attack để thi triển Heavy Attack Nâng Cao và bay lên không trung.",C?n ti?ng Anh nghi v?n: Attack; Basic; Heavy; Normal | S? t?/c?m nghi v?n: 6 | T? l? nghi v?n: 0.5 | M?c ??: 39.0
"<color=#c49e55>Basic Attack</color>
- Dealing DMG with Basic Attack restores Resonance Energy.
- Casting Resonance Liberation deals one additional strike of Fusion DMG.","<color=#c49e55>Basic Attack</color>
- Gây Sát Thương bằng Basic Attack sẽ hồi phục Resonance Energy.
- Kích hoạt Resonance Liberation sẽ tung ra thêm một đòn Fusion DMG.",C?n ti?ng Anh nghi v?n: Attack; Basic; Energy; Liberation | S? t?/c?m nghi v?n: 6 | T? l? nghi v?n: 0.5 | M?c ??: 39.0
"<color=#c49e55>[Resonance Liberation]</color> Casting Resonance Liberation generates additional Hypercubes and increases Hypercube's max amount. When in Resonance Liberation state, gain a significant Electro DMG Bonus. Basic Attacks restore extra Resonance Energy.","<color=#c49e55>[Resonance Liberation]</color> Kích hoạt Resonance Liberation tạo thêm Siêu Lập Phương và tăng số lượng tối đa của Siêu Lập Phương. Khi ở trạng thái Resonance Liberation, nhận thêm Electro DMG Bonus đáng kể. Basic Attack hồi phục thêm Resonance Energy.",C?n ti?ng Anh nghi v?n: Attack; Basic; Bonus; Energy; Liberation | S? t?/c?m nghi v?n: 6 | T? l? nghi v?n: 0.5 | M?c ??: 39.0
"When Luuk Herssen's skills directly damage targets affected by <color=Highlight><te href=100005>Tune Strain - Interfered</te></color>, every {0} points of <color=Highlight>Tune Break Boost</color> he has Amplifies this instance of damage by {1}, up to {2}.
After any nearby Resonator in the team inflicts <color=Highlight><te href=100003>Tune Strain - Shifting</te></color> on the enemies or deals <color=Highlight><te href=100001>Tune Break</te></color> DMG, Luuk Herssen's ATK increases by {3} for {4}s.","Khi các kỹ năng của Luuk Herssen gây sát thương trực tiếp lên mục tiêu bị ảnh hưởng bởi <color=Highlight><te href=100005>Tune Strain - Interfered</te></color>, mỗi {0} điểm <color=Highlight>Tune Break Boost</color> của cậu sẽ Khuếch Đại sát thương của lần tấn công này thêm {1}, tối đa {2}.
Sau khi bất kỳ Resonator nào trong đội gây <color=Highlight><te href=100003>Tune Strain - Shifting</te></color> lên kẻ địch hoặc gây <color=Highlight><te href=100001>Tune Break</te></color> DMG, Tấn Công của Luuk Herssen sẽ tăng {3} trong {4} giây.",C?n ti?ng Anh nghi v?n: Boost; Break; Interfered; Luuk; Shifting; Strain; Tune | S? t?/c?m nghi v?n: 13 | T? l? nghi v?n: 0.591 | M?c ??: 38.91
Enemies' <color=#b72924ff>Max Vibration Strength is increased by 100%</color>. Each time hitting an enemy with <color=#5cc96aff>Dodge Counter</color> additionally reduces their Vibration Strength by <color=#5cc96aff>10%</color>.,<color=#b72924ff>Max Vibration Strength is increased by 100%</color>. Mỗi lần tấn công kẻ địch bằng <color=#5cc96aff>Dodge Counter</color> sẽ làm giảm thêm <color=#5cc96aff>10%</color> Lực Rung Động của chúng.,C?n ti?ng Anh nghi v?n: by; Counter; Dodge; increased; is; Max; Strength; Vibration | S? t?/c?m nghi v?n: 8 | T? l? nghi v?n: 0.889 | M?c ??: 38.89
"<color=Highlight>[Forte Circuit]</color>
- Iuno continuously gains Blessing of the Wan Light.
- Heavy Attack - Flux is enhanced.","<color=Highlight>[Forte Circuit]</color>
- Iuno liên tục nhận được Blessing of the Wan Light.
- Heavy Attack - Flux được tăng cường.",C?n ti?ng Anh nghi v?n: Attack; Blessing; Flux; Heavy; Iuno; Light; of; Wan | S? t?/c?m nghi v?n: 8 | T? l? nghi v?n: 0.889 | M?c ??: 38.89
"<color=Highlight>[Forte Circuit]</color>
- Iuno continuously gains Blessing of the Wan Light.
- Heavy Attack - Flux is enhanced.","<color=Highlight>[Forte Circuit]</color>
- Iuno liên tục nhận được Blessing of the Wan Light.
- Heavy Attack - Flux được tăng cường.",C?n ti?ng Anh nghi v?n: Attack; Blessing; Flux; Heavy; Iuno; Light; of; Wan | S? t?/c?m nghi v?n: 8 | T? l? nghi v?n: 0.889 | M?c ??: 38.89
"Phrolova enters <color=Highlight>Resolving Chord</color> after casting <color=Highlight>Scarlet Coda</color>.
When in the <color=Highlight>Resolving Chord</color> state, <color=Highlight>Waltz of Forsaken Depths</color> becomes available.","Phrolova bước vào trạng thái <color=Highlight>Resolving Chord</color> sau khi sử dụng <color=Highlight>Scarlet Coda</color>.
Khi ở trạng thái <color=Highlight>Resolving Chord</color>, <color=Highlight>Waltz of Forsaken Depths</color> sẽ được kích hoạt.",C?n ti?ng Anh nghi v?n: Chord; Coda; Depths; Forsaken; of; Phrolova; Resolving; Scarlet; Waltz | S? t?/c?m nghi v?n: 11 | T? l? nghi v?n: 0.786 | M?c ??: 38.86
"This enemy has a <color=HighlightB>higher RES</color> to <color=Dark>Havoc DMG</color>. 

Crownless is a Whisperin Tacet Discord born outside the Gorges of Spirits along with the eruption of the strange Tacet Field. A vast mixture of human frequencies is detected within its physical form. For instance, the exhilaration and thirst for victory, the fear and resentment of loss... Humanity's long-suppressed barbarism is reified in Crownless and inflected against itself.

This creature is a pawn dispatched by the enemy in disguise, as well as a harbinger of the scourge of war.","Kẻ địch này có <color=HighlightB>higher RES</color> với <color=Dark>Havoc DMG</color>. 

Crownless là một Discord Whisperin sinh ra bên ngoài Gorges of Spirits cùng với sự phun trào của Tacet Field kỳ lạ. Một hỗn hợp rộng lớn các tần số con người được phát hiện trong hình hài của nó. Chẳng hạn như sự hưng phấn và khát khao chiến thắng, nỗi sợ hãi và oán giận trước thất bại... Bản năng man rợ bị kìm Dodgen lâu ngày của loài người được hiện thực hóa trong Crownless và tự phản bội chính mình.

Sinh vật này là một con tốt được kẻ địch cử đến dưới vỏ bọc, đồng thời là điềm báo về tai họa chiến tranh.",C?n ti?ng Anh nghi v?n: Crownless; Discord; Field; Gorges; higher; of; RES; Spirits; Whisperin | S? t?/c?m nghi v?n: 10 | T? l? nghi v?n: 0.385 | M?c ??: 38.85
"This enemy has a <color=HighlightB>higher RES</color> to <color=Thunder>Electro DMG </color>.

When a friendly unit is within 15m of an Elite Class enemy in the exam zone, that enemy's ATK is increased by 30% for 5s.

After scanning the data of past animals in Lahai-Roi, the Exostrider used its own parts to grow and proliferate mechanical reindeer. These Mining Reindeer are companions to the Roya and help the Roya in ore mining.","Kẻ địch này có <color=HighlightB>higher RES</color> với <color=Thunder>Electro DMG</color>.

Khi một đơn vị đồng minh ở trong phạm vi 15m của kẻ địch Class Elite trong khu vực thi, Tấn Công của kẻ địch đó sẽ tăng 30% trong 5 giây.

Sau khi quét dữ liệu các loài động vật trước đây ở Lahai-Roi, Exostrider đã sử dụng chính các bộ phận của mình để phát triển và nhân bản những con tuần lộc cơ khí. Những Mining Reindeer này là bạn đồng hành của Roya và hỗ trợ Roya trong việc khai thác quặng.",C?n ti?ng Anh nghi v?n: Class; Elite; Exostrider; higher; Lahai; Mining; Reindeer; RES; Roya | S? t?/c?m nghi v?n: 10 | T? l? nghi v?n: 0.385 | M?c ??: 38.85
"Startorch Academy and the Roya Tribe have joined forces to establish a foothold on the Dimmr Plains, launching a joint scientific expedition into this long-isolated realm. Objectives include collecting environmental data, recovering ancient plant samples and Exostrider components, and remediating environmental damage caused by Void Storms. The fruits of this operation will effectively advance ecological research and habitat restoration in Lahai-Roi.
You receive a message from I.R.I.S, inviting you to join the inaugural expedition...","Startorch Academy và Bộ tộc Roya đã hợp tác thiết lập căn cứ tại Dimmr Plains, khởi động chuyến thám hiểm khoa học chung vào vùng đất cô lập từ lâu này. Mục tiêu bao gồm thu thập dữ liệu môi trường, phục hồi mẫu thực vật cổ đại và linh kiện Exostrider, cũng như khắc phục thiệt hại môi trường do Void Storm gây ra. Thành quả của chiến dịch này sẽ thúc đẩy đáng kể nghiên cứu sinh thái và phục hồi môi trường sống tại Lahai-Roi.
Cậu nhận được tin nhắn từ I.R.I.S., mời tham gia chuyến thám hiểm đầu tiên...",C?n ti?ng Anh nghi v?n: Academy; Dimmr; Exostrider; I; Lahai; Plains; R; Roya; S; Startorch; Void | S? t?/c?m nghi v?n: 12 | T? l? nghi v?n: 0.48 | M?c ??: 38.8
Basic Attack - Wide Field Observation Mode Stage 1 DMG,Basic Attack - Stage 1 DMG Wide Field Observation Mode,C?n ti?ng Anh nghi v?n: Attack; Basic; Field; Mode; Observation; Stage; Wide | S? t?/c?m nghi v?n: 7 | T? l? nghi v?n: 0.875 | M?c ??: 38.75
Basic Attack - Wide Field Observation Mode Stage 2 DMG,Basic Attack - Stage 2 DMG Wide Field Observation Mode,C?n ti?ng Anh nghi v?n: Attack; Basic; Field; Mode; Observation; Stage; Wide | S? t?/c?m nghi v?n: 7 | T? l? nghi v?n: 0.875 | M?c ??: 38.75
Basic Attack - Wide Field Observation Mode Stage 3 DMG,Basic Attack - Stage 3 DMG Wide Field Observation Mode,C?n ti?ng Anh nghi v?n: Attack; Basic; Field; Mode; Observation; Stage; Wide | S? t?/c?m nghi v?n: 7 | T? l? nghi v?n: 0.875 | M?c ??: 38.75
"Evaluation Basis: [Resonance Assessment 2141-G]

Resonator Jiyan's Forte-Awakening was observed at Camp Overwatch located in Desorock Highland. This event was characterized by the accumulation of air currents around his body, forming a distinctive lance.

Jiyan bears a distinctive <te href=850072>Tacet Mark</te> situated atop his dorsal ridge. Post-Awakening observations found some growths that resemble Loong scale on his left jaw. No indications of progressive expansion have been detected.

Resonator Jiyan possesses the ability to manipulate wind energy, which he can channel into a <ano=Teal Dragon>""Qingloong""</ano> that aids him in battle. Additionally, he possesses exceptional perception and leadership skills, utilizing his connection to the winds to gather and analyze battlefield information with astonishing accuracy. Empirical testing has shown an impressive accuracy rate of 99.12% in evaluating dynamic situations.
Jiyan's Resonance Spectrum Pattern shows no resemblance to known samples. The cause of his Awakening remains unknown.

Analysis of test samples has revealed a non-convergent <te href=850067>Rabelle's Curve</te> with a steep rise in its middle section. Resonator Jiyan is thereby classified as a <te href=850069>Mutant Resonator</te>.","Cơ sở đánh giá: [Đánh Giá Resonance 2141-G]

Sự Thức Tỉnh Năng Lực của Resonator Jiyan được ghi nhận tại Trại Viễn Thám, vùng Desorock Highland. Sự kiện này đặc trưng bởi sự tích tụ luồng gió quanh cơ thể hắn, hình thành nên một ngọn giáo đặc trưng.

Jiyan mang một <te href=850072>Tacet Mark</te> đặc biệt nằm trên sống lưng. Sau khi Thức Tỉnh, quan sát thấy một số mảng vảy giống vảy Loong mọc lên ở hàm trái. Chưa phát hiện dấu hiệu mở rộng tiến triển.

Resonator Jiyan sở hữu khả năng điều khiển năng lượng gió, có thể tập trung thành <ano=Teal Dragon>""Qingloong""</ano> hỗ trợ trong chiến đấu. Ngoài ra, hắn còn có khả năng nhận thức và lãnh đạo xuất sắc, tận dụng kết nối với gió để thu thập và phân tích thông tin chiến trường với độ chính xác đáng kinh ngạc. Kiểm chứng thực nghiệm cho thấy tỷ lệ chính xác trong đánh giá tình huống động lên tới 99,12%.
Mô hình Phổ Resonance của Jiyan không hề giống với bất kỳ mẫu đã biết. Nguyên nhân Thức Tỉnh của hắn vẫn chưa rõ.

Phân tích mẫu thử cho thấy một <te href=850067>Rabelle's Curve</te> không hội tụ, với đoạn giữa tăng đột biến. Resonator Jiyan do đó được phân loại là <te href=850069>Mutant Resonator</te>.",C?n ti?ng Anh nghi v?n: Curve; Desorock; Highland; Jiyan; Loong; Mark; Mutant; Qingloong; Rabelle's | S? t?/c?m nghi v?n: 13 | T? l? nghi v?n: 0.371 | M?c ??: 38.71
"Open to claim a type of medium resource of your choice:
<color=Rare3>Medium Resonance Potion x5</color>
<color=Rare3>Medium Energy Core x5</color>
<color=Rare3>Medium Sealed Tube x3</color>
<color=Rare3>Shell Credit x15000</color>","Mở để nhận một loại tài nguyên trung cấp theo lựa chọn:
<color=Rare3>Medium Resonance Potion x5</color>
<color=Rare3>Medium Energy Core x5</color>
<color=Rare3>Medium Sealed Tube x3</color>
<color=Rare3>Shell Credit x15000</color>",C?n ti?ng Anh nghi v?n: Core; Credit; Energy; Medium; Potion; Sealed; Shell; Tube | S? t?/c?m nghi v?n: 10 | T? l? nghi v?n: 0.769 | M?c ??: 38.69
"Open to claim a type of premium resource of your choice:
<color=Rare5>Premium Resonance Potion x5</color>
<color=Rare5>Premium Energy Core x5</color>
<color=Rare5>Premium Sealed Tube x4</color>
<color=Rare5>Shell Credit x100000</color>","Mở để nhận một loại tài nguyên cao cấp theo lựa chọn:
<color=Rare5>Premium Resonance Potion x5</color>
<color=Rare5>Premium Energy Core x5</color>
<color=Rare5>Premium Sealed Tube x4</color>
<color=Rare5>Shell Credit x100000</color>",C?n ti?ng Anh nghi v?n: Core; Credit; Energy; Potion; Premium; Sealed; Shell; Tube | S? t?/c?m nghi v?n: 10 | T? l? nghi v?n: 0.769 | M?c ??: 38.69
"When in [Divined Dream], dealing Heavy Attack DMG grants 1 stack of [Sunlight] that increases total Heavy Attack DMG by 5%, stacking up to 15 times. At max stacks, all [Sunlight] stacks are consumed to gain [Burning Sun] for 6s. After this, [Sunlight] cannot be gained again until this round of [Divined Dream] ends.
Gaining [Burning Sun] grants a Shield equal to 50% of Max HP for 10s and 10 stacks of [Glory]. While under [Burning Sun], Crit. DMG and total Heavy Attack DMG are increased by 100%.","Khi ở trong [Divined Dream], gây Sát Thương Heavy Attack sẽ nhận được 1 tầng [Sunlight], tăng tổng Sát Thương Heavy Attack lên 5%, có thể chồng chất tối đa 15 lần. Khi đạt tối đa, tất cả tầng [Sunlight] sẽ được tiêu thụ để nhận [Burning Sun] trong 6 giây. Sau đó, không thể nhận lại [Sunlight] cho đến khi đợt [Divined Dream] này kết thúc.
Nhận [Burning Sun] sẽ tạo một Lớp Shield tương đương 50% HP tối đa trong 10 giây và 10 tầng [Glory]. Khi ở trạng thái [Burning Sun], Crit. DMG và tổng Sát Thương Heavy Attack sẽ tăng thêm 100%.",C?n ti?ng Anh nghi v?n: Attack; Heavy; Shield | S? t?/c?m nghi v?n: 7 | T? l? nghi v?n: 0.368 | M?c ??: 38.68
"When in <color=Highlight>Resonance Mode - Fusion Burst</color>, Fusion Burst DMG against targets near the active Resonator in the team is Amplified by {0} for {1}s.
This effect ends early when Denia switches modes.
<size=10></size>
When in <color=Highlight>Resonance Mode - Tune Strain</color>, the incoming Resonator has their All DMG Amplified by {2} for {3}s.
After this Resonator under this effect inflicts <color=Highlight>Tune Strain - Shifting</color>, they gain {4} DMG Amplification instead.
This effect ends early when this Resonator is switched out or when Denia switches modes.","Khi ở <color=Highlight>Resonance Mode - Fusion Burst</color>, sát thương Bùng Nổ Fusion đối với mục tiêu gần Resonator đang kích hoạt trong đội được Khuếch Đại thêm {0} trong {1} giây.
Hiệu ứng này sẽ kết thúc sớm nếu Denia chuyển đổi chế độ.
<size=10></size>
Khi ở <color=Highlight>Resonance Mode - Tune Strain</color>, Resonator được triệu hồi sẽ có toàn bộ sát thương được Khuếch Đại thêm {2} trong {3} giây.
Sau khi Resonator này gây <color=Highlight>Tune Strain - Shifting</color>, họ sẽ nhận được hiệu ứng DMG Amplification {4} thay thế.
Hiệu ứng này sẽ kết thúc sớm nếu Resonator này bị thay ra hoặc Denia chuyển đổi chế độ.",C?n ti?ng Anh nghi v?n: Amplification; Burst; Denia; Mode; Shifting; Strain; Tune | S? t?/c?m nghi v?n: 11 | T? l? nghi v?n: 0.367 | M?c ??: 38.67
"<color=Highlight>[Forte Circuit]</color>
- Cooldown of Resonance Skill - Eye of Unraveling is reduced by <color=Highlight>{0}</color>s.
- Casting Resonance Skill - Eye of Unraveling restores <color=Highlight>{1}</color> points of Resonance Energy and generates <color=Highlight><SapTag=4>{4}</SapTag></color> {Cus:Sap,S=point P=points SapTag=4} of Ring of Chainsaw.
- Casting Resonance Skill - Serrated Loop grants <color=Highlight>{2}</color> Havoc DMG Bonus for <color=Highlight>{3}s</color>.","<color=Highlight>[Forte Circuit]</color>
- Cooldown chiêu của Resonance Skill - Mắt Giải Mê giảm <color=Highlight>{0} giây</color>.
- Kích hoạt Resonance Skill - Mắt Giải Mê sẽ hồi <color=Highlight>{1}</color> điểm Resonance Energy và tạo ra <color=Highlight><SapTag=4>{4}</SapTag></color> điểm Vòng Chainsaw.
- Kích hoạt Resonance Skill - Vòng Lặp Răng Cưa sẽ tăng <color=Highlight>{2}</color> Havoc DMG trong <color=Highlight>{3}s</color>.",C?n ti?ng Anh nghi v?n: Chainsaw; Cooldown; Energy; s; Skill | S? t?/c?m nghi v?n: 7 | T? l? nghi v?n: 0.467 | M?c ??: 38.67
"<color=Highlight>[Forte Circuit]</color>
- Cooldown of Resonance Skill - Eye of Unraveling is reduced by <color=Highlight>{0}</color>s.
- Casting Resonance Skill - Eye of Unraveling restores <color=Highlight>{1}</color> points of Resonance Energy and generates <color=Highlight><SapTag=4>{4}</SapTag></color> {Cus:Sap,S=point P=points SapTag=4} of Ring of Chainsaw.
- Casting Resonance Skill - Serrated Loop grants <color=Highlight>{2}</color> Havoc DMG Bonus for <color=Highlight>{3}s</color>.","<color=Highlight>[Forte Circuit]</color>
- Cooldown chiêu của Resonance Skill - Mắt Giải Mê giảm <color=Highlight>{0} giây</color>.
- Kích hoạt Resonance Skill - Mắt Giải Mê sẽ hồi <color=Highlight>{1}</color> điểm Resonance Energy và tạo ra <color=Highlight><SapTag=4>{4}</SapTag></color> điểm Vòng Chainsaw.
- Kích hoạt Resonance Skill - Vòng Lặp Răng Cưa sẽ tăng <color=Highlight>{2}</color> Havoc DMG trong <color=Highlight>{3}s</color>.",C?n ti?ng Anh nghi v?n: Chainsaw; Cooldown; Energy; s; Skill | S? t?/c?m nghi v?n: 7 | T? l? nghi v?n: 0.467 | M?c ??: 38.67
Gain {0} Havoc DMG Bonus. DMG dealt by Heavy Attack <color=Highlight>Pruning</color> is now considered Basic Attack DMG.,Nhận thêm {0} Havoc DMG Bonus. Sát thương gây ra bởi Heavy Attack <color=Highlight>Pruning</color> giờ đây được tính là Sát Thương Basic Attack.,C?n ti?ng Anh nghi v?n: Attack; Basic; Bonus; Heavy; Pruning | S? t?/c?m nghi v?n: 6 | T? l? nghi v?n: 0.667 | M?c ??: 38.67
Gain {0} Havoc DMG Bonus. DMG dealt by Heavy Attack <color=Highlight>Pruning</color> is now considered Basic Attack DMG.,Nhận thêm {0} Havoc DMG Bonus. Sát thương gây ra bởi Heavy Attack <color=Highlight>Pruning</color> giờ đây được tính là Sát Thương Basic Attack.,C?n ti?ng Anh nghi v?n: Attack; Basic; Bonus; Heavy; Pruning | S? t?/c?m nghi v?n: 6 | T? l? nghi v?n: 0.667 | M?c ??: 38.67
"Switch Resonator when Concerto Energy is full to trigger the exiting Resonator's <color=Highlight>Outro Skill</color>, and consume all the Concerto Energy to trigger the incoming Resonator's <color=Highlight>Intro Skill</color>.","Khi Concerto Energy đạt tối đa, chuyển Resonator sẽ kích hoạt <color=Highlight>Outro Skill</color> của Resonator hiện tại và tiêu hao toàn bộ Concerto Energy để kích hoạt <color=Highlight>Intro Skill</color> của Resonator mới.",C?n ti?ng Anh nghi v?n: Energy; Intro; Outro; Skill | S? t?/c?m nghi v?n: 6 | T? l? nghi v?n: 0.462 | M?c ??: 38.62
Brant: <color=#d4bf5f>Intro Skill and Resonance Liberation Combo</color> Tutorial,Brant: <color=#d4bf5f>Intro Skill and Resonance Liberation Combo</color>,C?n ti?ng Anh nghi v?n: and; Brant; Combo; Intro; Liberation; Skill | S? t?/c?m nghi v?n: 6 | T? l? nghi v?n: 0.857 | M?c ??: 38.57
"Open to claim one medium material for Weapon Ascension or Skill Upgrade of your choice:
<color=Rare3>Basic Ring*1</color>
<color=Rare3>MF Whisperin Core*1</color>
<color=Rare3>MF Howler Core*1</color>","Mở để nhận một nguyên liệu trung cấp cho Nâng Cấp Vũ Khí hoặc Skill Nâng cấp theo lựa chọn của bạn:
<color=Rare3>Basic Ring*1</color>
<color=Rare3>MF Whisperin Core*1</color>
<color=Rare3>MF Howler Core*1</color>",C?n ti?ng Anh nghi v?n: Basic; Core; Howler; MF; Ring; Skill; Whisperin | S? t?/c?m nghi v?n: 9 | T? l? nghi v?n: 0.75 | M?c ??: 38.5
Cast <color=Highlight>Basic Attack</color> following <color=Highlight>Resonance Skill</color> to cast <color=Highlight>Enhanced Basic Attack</color>.,Thực hiện <color=Highlight>Basic Attack</color> sau <color=Highlight>Resonance Skill</color> để kích hoạt <color=Highlight>Enhanced Basic Attack</color>.,C?n ti?ng Anh nghi v?n: Attack; Basic; Enhanced; Skill | S? t?/c?m nghi v?n: 6 | T? l? nghi v?n: 0.75 | M?c ??: 38.5
"<color=#c49e55>[Forte Circuit]</color>
Heavy Slash - Nightfall and Basic Attack Stage 4 grant additional Blazes and Resonance Energy.
Ready Stance in Inferno Mode gains special enhancements. When Blaze is full, Resonance Skill gains special enhancements.","<color=#c49e55>[Forte Circuit]</color>
Đòn Chém Nặng - Hoàng Hôn và Giai Đoạn Basic Attack 4 sẽ tạo thêm Ngọn Lửa và Resonance Energy.
Tư Thế Sẵn Sàng trong Inferno Mode được tăng cường đặc biệt. Khi Ngọn Lửa đạt tối đa, Resonance Skill sẽ được tăng cường đặc biệt.",C?n ti?ng Anh nghi v?n: Attack; Basic; Energy; Inferno; Mode; Skill | S? t?/c?m nghi v?n: 6 | T? l? nghi v?n: 0.545 | M?c ??: 38.45
"<color=Highlight>[Forte Circuit]</color>
Loong's Reign is now enhanced: 
- Loong's Reign is triggered upon casting Resonance Liberation, which generates a Stagnant Zone and grants Jinhsi <color=Highlight>{0}</color> Spectro DMG Bonus for <color=Highlight>{1}</color>s. This effect can be triggered once every <color=Highlight>{2}</color>s. 
- While Loong's Reign is active, unleash thunder strikes on targets within the area every <color=Highlight>{3}</color>s, dealing Spectro DMG equal to <color=Highlight>{4}</color> of Jinhsi's ATK. When Loong's Reign ends, deal Spectro DMG equal to DMG of Incarnation: Basic Attack 4 and then strike the surrounding area with Spectro DMG equal to <color=Highlight>{5}</color> of Jinhsi's ATK.","<color=Highlight>[Forte Circuit]</color>
Thống Trị Của Loong được tăng cường:
- Kích hoạt Thống Trị Của Loong khi sử dụng Resonance Liberation, tạo ra Vùng Trì Trệ và tăng <color=Highlight>{0}</color> Spectro DMG Bonus cho Jinhsi trong <color=Highlight>{1}</color> giây. Hiệu ứng này có thể kích hoạt mỗi <color=Highlight>{2}</color> giây một lần.
- Khi Thống Trị Của Loong đang hoạt động, mỗi <color=Highlight>{3}</color> giây sẽ giáng sấm sét xuống mục tiêu trong khu vực, gây Spectro DMG bằng <color=Highlight>{4}</color> Attack của Jinhsi. Khi Thống Trị Của Loong kết thúc, gây Spectro DMG bằng sát thương của Hiện Thân: Kỹ Năng Basic 4, sau đó tấn công khu vực xung quanh với Spectro DMG bằng <color=Highlight>{5}</color> Attack của Jinhsi.",C?n ti?ng Anh nghi v?n: Attack; Basic; Bonus; Jinhsi; Liberation | S? t?/c?m nghi v?n: 8 | T? l? nghi v?n: 0.242 | M?c ??: 38.42
<color=#b72924ff>Casting Resonance Skill</color> inflicts <color=#b72924ff>2</color> stacks of <color=#b72924ff>Glacio Chafe</color> on the Resonator. <color=#5cc96aff>Casting Resonance Liberation</color> removes all stacks of <color=#5cc96aff>Glacio Chafe</color>.,Resonance Skill <color=#b72924ff>Casting Resonance Skill</color> gây <color=#b72924ff>2 tầng</color> <color=#b72924ff>Glacio Chafe</color> lên Resonator. <color=#5cc96aff>Casting Resonance Liberation</color> sẽ loại bỏ toàn bộ tầng <color=#5cc96aff>Glacio Chafe</color>.,C?n ti?ng Anh nghi v?n: Casting; Chafe; Liberation; Skill | S? t?/c?m nghi v?n: 7 | T? l? nghi v?n: 0.538 | M?c ??: 38.38
"Resonators in the team <color=#b72924ff>take 100% more DMG</color>. While Symphony Rank is at or above <color=#5cc96aff>SS</color>, Resonators' <color=#5cc96aff>HP will not drop below 1%</color>.","Resonators trong đội <color=#b72924ff>take 100% more DMG</color>. Khi Cấp Độ Giao Hưởng đạt hoặc vượt <color=#5cc96aff>SS</color>, <color=#5cc96aff>HP will not drop below 1%</color>.",C?n ti?ng Anh nghi v?n: below; drop; more; not; SS; take; will | S? t?/c?m nghi v?n: 7 | T? l? nghi v?n: 0.538 | M?c ??: 38.38
"<color=#c49e55>[Basic Attack]</color>
- Performing Mid-air Attack and Mid-air Heavy Attack additionally restores STA.
- Performing Mid-air Heavy Attack while at full STA increases Verina's Crit. DMG.","<color=#c49e55>[Basic Attack]</color>
- Thực hiện Mid-air Attack và Heavy Attack Giữa Không sẽ hồi phục thêm STA.
- Thực hiện Heavy Attack Giữa Không khi STA đầy sẽ tăng Crit. DMG của Verina.",C?n ti?ng Anh nghi v?n: air; Attack; Heavy; Mid | S? t?/c?m nghi v?n: 7 | T? l? nghi v?n: 0.538 | M?c ??: 38.38
"<color=#c49e55>[Resonance Liberation]</color>
ATK is increased by {0}.
During Resonance Liberation, Explosive Magic Box constantly drops beside Roccia and attacks the target for {2}s, dealing Havoc DMG equal to {1} of Roccia's ATK, considered Heavy Attack DMG.","<color=#c49e55>[Resonance Liberation]</color>
Attack tăng thêm {0}.
Trong trạng thái Resonance Liberation, Hộp Ma Pháp Nổ liên tục rơi bên cạnh Roccia và tấn công mục tiêu trong {2} giây, gây Havoc DMG bằng {1} Attack của Roccia, được tính là sát thương Heavy Attack.",C?n ti?ng Anh nghi v?n: Attack; Heavy; Liberation; Roccia | S? t?/c?m nghi v?n: 7 | T? l? nghi v?n: 0.538 | M?c ??: 38.38
"<color=#c49e55>[Forte Circuit]</color>
Casting Resonance Liberation - Blade of Howling Squall, Resonance Skill - Ajudicator of Evil, and Mid-air Attack - Cartethyia increases Max HP and makes all DMG dealt ignore the target's Aero RES.","<color=#c49e55>[Forte Circuit]</color>
Kích hoạt Resonance Liberation - Lưỡi Kiếm Gào Thét, Resonance Skill - Kẻ Trừng Ác và Mid-air Attack - Cartethyia sẽ tăng HP Tối Đa và khiến toàn bộ Sát Thương gây ra bỏ qua Aero RES của mục tiêu.",C?n ti?ng Anh nghi v?n: air; Attack; Cartethyia; Liberation; Mid; RES; Skill | S? t?/c?m nghi v?n: 7 | T? l? nghi v?n: 0.538 | M?c ??: 38.38
"Open to obtain a random Echo of the following Sonata Effect: Rite of Gilded Revelation

2pcs Set: Spectro DMG +10%.

5pcs Set: Dealing Basic Attack DMG increases Spectro DMG by 10% for 5s, stacking up to 3 times. With 3 stacks, casting Resonance Liberation grants 40% Basic Attack DMG Bonus.","Mở để nhận một Echo ngẫu nhiên thuộc Hiệu ứng Sonata: Nghi Lễ Revelation.

2 món: Spectro DMG +10%.

5 món: Gây sát thương bằng Basic Attack sẽ tăng Spectro DMG lên 10% trong 5 giây, tối đa 3 lần. Khi đạt 3 tầng, sử dụng Resonance Liberation sẽ tăng thêm 40% Sát Thương Basic Attack.",C?n ti?ng Anh nghi v?n: Attack; Basic; Liberation; Revelation; Sonata | S? t?/c?m nghi v?n: 7 | T? l? nghi v?n: 0.438 | M?c ??: 38.38
"Open to obtain a random Echo of the following Sonata Effect: Rite of Gilded Revelation

2pcs Set: Spectro DMG +10%.

5pcs Set: Dealing Basic Attack DMG increases Spectro DMG by 10% for 5s, stacking up to 3 times. With 3 stacks, casting Resonance Liberation grants 40% Basic Attack DMG Bonus.","Mở để nhận một Echo ngẫu nhiên thuộc Hiệu ứng Sonata: Nghi Lễ Revelation.

2 món: Spectro DMG +10%.

5 món: Gây sát thương bằng Basic Attack sẽ tăng Spectro DMG lên 10% trong 5 giây, tối đa 3 lần. Khi đạt 3 tầng, sử dụng Resonance Liberation sẽ tăng thêm 40% Sát Thương Basic Attack.",C?n ti?ng Anh nghi v?n: Attack; Basic; Liberation; Revelation; Sonata | S? t?/c?m nghi v?n: 7 | T? l? nghi v?n: 0.438 | M?c ??: 38.38
"<color=#c49e55>[Resonance Liberation]</color>
- Resonance Liberation - Hellfire Absolution Cooldown is reduced by {0}s.
- During the cast of this Resonance Liberation, every {1} points of Sinflame or Purging Flame gained restores {2} points of Afterflame and grants {3} DMG Bonus for {4}s.","<color=#c49e55>[Resonance Liberation]</color>
- Cooldown chiêu của Resonance Liberation - Ân Xá Hỏa Ngục giảm {0} giây.
- Trong quá trình sử dụng Resonance Liberation này, mỗi {1} điểm Ngọn Sinflame hoặc Ngọn Purging Flame nhận được sẽ hồi phục {2} điểm Ngọn Lửa Dư và tăng {3} Sát Thương Bonus trong {4} giây.",C?n ti?ng Anh nghi v?n: Bonus; Cooldown; Flame; Liberation; Purging; Sinflame | S? t?/c?m nghi v?n: 7 | T? l? nghi v?n: 0.636 | M?c ??: 38.36
"Open to claim one basic material for Weapon Ascension or Skill Upgrade of your choice: 
<color=Rare2>LF Exoswarm Core *1</color> 
<color=Rare2>LF Mech Core *1</color> 
<color=Rare2>Fractured Exoswarm Pendant *1</color>","Mở để nhận một nguyên liệu cơ bản cho Nâng Cấp Vũ Khí hoặc Skill Nâng cấp theo lựa chọn của bạn: 
<color=Rare2>LF Exoswarm Core *1</color> 
<color=Rare2>LF Mech Core *1</color> 
<color=Rare2>Fractured Exoswarm Pendant *1</color>",C?n ti?ng Anh nghi v?n: Core; Exoswarm; Fractured; LF; Mech; Pendant; Skill | S? t?/c?m nghi v?n: 10 | T? l? nghi v?n: 0.833 | M?c ??: 38.33
"With at least half <color=Highlight>Forte Gauge 1</color> and 1 point of <color=Highlight>Forte Gauge 2</color>, hold Normal Attack to cast <color=Highlight>Enhanced Heavy Attack 2</color> to attack the target at the cost of STA, dealing <color=Fire>Fusion DMG</color> and restoring 1 point of <color=Highlight>Forte Gauge 2</color>.","Khi có ít nhất một nửa <color=Highlight>Forte Gauge 1</color> và 1 điểm <color=Highlight>Forte Gauge 2</color>, giữ Normal Attack để sử dụng <color=Highlight>Enhanced Heavy Attack 2</color>, tấn công mục tiêu tiêu tốn STA, gây <color=Fire>Fusion DMG</color> và hồi 1 điểm <color=Highlight>Forte Gauge 2</color>.",C?n ti?ng Anh nghi v?n: Attack; Enhanced; Gauge; Heavy; Normal | S? t?/c?m nghi v?n: 8 | T? l? nghi v?n: 0.533 | M?c ??: 38.33
Casting Heavy Attack <color=Highlight>Flaming Sacrifice</color> or Resonance Liberation <color=Highlight>Radiance of Fealty</color> gives {0} Fusion DMG Bonus and ignores {1} of the target's DEF when dealing damage.,"Khi sử dụng Heavy Attack <color=Highlight>Flaming Sacrifice</color> hoặc Resonance Liberation <color=Highlight>Radiance of Fealty</color>, cộng thêm {0} Fusion DMG và bỏ qua {1} DEF của mục tiêu khi gây sát thương.",C?n ti?ng Anh nghi v?n: Attack; Fealty; Flaming; Heavy; Liberation; of; Radiance; Sacrifice | S? t?/c?m nghi v?n: 8 | T? l? nghi v?n: 0.533 | M?c ??: 38.33
Casting Heavy Attack <color=Highlight>Flaming Sacrifice</color> or Resonance Liberation <color=Highlight>Radiance of Fealty</color> gives {0} Fusion DMG Bonus and ignores {1} of the target's DEF when dealing damage.,"Khi sử dụng Heavy Attack <color=Highlight>Flaming Sacrifice</color> hoặc Resonance Liberation <color=Highlight>Radiance of Fealty</color>, cộng thêm {0} Fusion DMG và bỏ qua {1} DEF của mục tiêu khi gây sát thương.",C?n ti?ng Anh nghi v?n: Attack; Fealty; Flaming; Heavy; Liberation; of; Radiance; Sacrifice | S? t?/c?m nghi v?n: 8 | T? l? nghi v?n: 0.533 | M?c ??: 38.33
<color=#b72924ff>Resonator switch cooldown</color> is increased to <color=#b72924ff>5s</color> (Intro Skill not affected).,Cooldown chiêu <color=#b72924ff>Resonator switch cooldown</color> tăng lên <color=#b72924ff>5s</color> (Intro Skill không bị ảnh hưởng).,C?n ti?ng Anh nghi v?n: Cooldown; cooldown; Intro; Skill; switch | S? t?/c?m nghi v?n: 5 | T? l? nghi v?n: 0.833 | M?c ??: 38.33
"<color=#c49e55>[Resonance Liberation]</color> Casting Resonance Liberation restores Forte Gauge. Basic Attack generates Hypercubes and increases Hypercube's max amount. When in Resonance Liberation state, casting Resonance Skill at full Forte Gauge greatly increases Xiangli Yao's ATK.","<color=#c49e55>[Resonance Liberation]</color> Kích hoạt Resonance Liberation hồi phục Thanh Nhạc. Basic Attack tạo Siêu Lập Phương và tăng số lượng tối đa của Siêu Lập Phương. Khi ở trạng thái Resonance Liberation, kích hoạt Resonance Skill ở Thanh Nhạc đầy sẽ tăng mạnh Attack của Tương Ly Yao.",C?n ti?ng Anh nghi v?n: Attack; Basic; Liberation; Skill | S? t?/c?m nghi v?n: 6 | T? l? nghi v?n: 0.429 | M?c ??: 38.29
"Total Spectro DMG is increased by 20%. Total Heavy Attack DMG is increased by 40%. Total Resonance Liberation DMG is increased by 40%.

This Token can be used up to <color=#fee388>2</color> times in Whimpering Wastes.","Total Spectro DMG tăng 20%. Total Sát Thương Heavy Attack tăng 40%. Total Sát Thương Resonance Liberation tăng 40%.

Mã thông báo này có thể sử dụng tối đa <color=#fee388>2</color> lần tại Whimpering Wastes.",C?n ti?ng Anh nghi v?n: Attack; Heavy; Liberation; Total; Wastes; Whimpering | S? t?/c?m nghi v?n: 8 | T? l? nghi v?n: 0.727 | M?c ??: 38.27
"While Lynae is in <color=Highlight>Kaleidoscopic Parade</color> and on the ground, she continuously attacks the target at the cost of STA, dealing <color=Light>Spectro DMG</color>. Upon releasing the Normal Attack button, Lynae casts <color=Highlight>Kaleidoscopic Parade - Graffiti Blast</color>, dealing <color=Light>Spectro DMG</color>.","Khi Lynae ở trạng thái <color=Highlight>Kaleidoscopic Parade</color> và trên mặt đất, cô liên tục tấn công mục tiêu bằng cách tiêu hao STA, gây <color=Light>Spectro DMG</color>. Khi thả nút Normal Attack, Lynae tung chiêu <color=Highlight>Kaleidoscopic Parade - Graffiti Blast</color>, gây <color=Light>Spectro DMG</color>.",C?n ti?ng Anh nghi v?n: Attack; Blast; Graffiti; Kaleidoscopic; Lynae; Normal; Parade | S? t?/c?m nghi v?n: 10 | T? l? nghi v?n: 0.526 | M?c ??: 38.26
"With at least half <color=Highlight>Forte Gauge 1</color>, <color=Highlight>Mid-air Attack Stage 3</color> becomes <color=Highlight>Enhanced Mid-air Attack</color>: Attack the target at the cost of STA, dealing <color=Fire>Fusion DMG</color> and restoring 1 point of <color=Highlight>Forte Gauge 2</color>.","Khi có ít nhất một nửa <color=Highlight>Forte Gauge 1</color>, <color=Highlight>Mid-air Attack Stage 3</color> sẽ trở thành <color=Highlight>Enhanced Mid-air Attack</color>: tấn công mục tiêu tiêu tốn STA, gây <color=Fire>Fusion DMG</color> và hồi 1 điểm <color=Highlight>Forte Gauge 2</color>.",C?n ti?ng Anh nghi v?n: air; Attack; Enhanced; Gauge; Mid; Stage | S? t?/c?m nghi v?n: 10 | T? l? nghi v?n: 0.625 | M?c ??: 38.25
"[Large sections of the notebook are illegible, corroded by some unknown force. From the remaining fragments, you deduce it's the diary of a Roya girl named Lotta.]
...
...
It's all gone. Everything.
I searched for so long for where the village used to be. All I found was a small patch of scorched fur, a tuft of feathers... and half a beak. Papa. Mama... everyone in the village... my friends... they're all gone.
Something is watching me. I don't want to run anymore.
...
It took me a long, long time to learn how to speak again. Even longer to find the courage to open this diary.
The woman who saved me from those monsters called herself a professor from Startorch Academy. She's beautiful, but she doesn't look like anyone from our village. She told me I have a rare kind of Forte, something that makes me a ""potential Synchronist.""
I told her everything that happened to the village. I asked her: is this a blessing from <ano=the Exostrider>Baldur</ano>? Or the cruelest curse <ano=the Threnodian>Hvedrungr</ano> ever devised?
She was silent for a while. Then, she told me her own homeland had been swallowed by a similar disaster. She crossed an ocean so vast I can't even imagine it, all to find a way to free the world from this fate. She asked me to join the Academy. She said that whether my power is a blessing or a curse, it might be the key to opening the door to our future.
...But I have nothing left. Even if <ano=the Exostrider>Baldur</ano> is waiting behind that door, it can't give back what I've already lost.
...
I went back to Granny's place to say goodbye and thank her for everything. I told her I was leaving for the Academy.
""We Roya carve our words into stone,"" she said, her voice as kind as ever, ""so that <ano=the Threnodian>Hvedrungr</ano> cannot erase our existence. And those children at the Academy use something they call 'Cassettes' to do the same. To me, you're just going somewhere else... to carve the statue that belongs to you.""
""As long as the memory remains, so does the soul.""
After I arrived at the Academy, I read this notebook from the very first page to the last. Papa, Mama, Fenrir, Dallas, Bori... Granny was right. They're still alive here in these pages, and deep within my mind. Maybe, without even realizing it, I've become a living statue carved with all their names.
I'll carry their souls with me, wherever I go. I promise.
...
Void Storms. Even the name is terrifying.
I've spent my life trying to outrun its shadow. It's one of <ano=the Threnodian>Hvedrungr's</ano> venomous tendrils, dragging everything I love into the nothingness. I thought... I thought I had learned how to ignore it.
But seeing it appear again, I realized something. All these years of study... they were just preparation for this exact moment. Again and again, I've pushed my Forte to its limit, right to the edge of Overclocking. And now, I finally understand. I'm ready.
Just like the professor said, only I, only my Forte, can save that village from being wiped out. I couldn't save my own home back then. But this time, I won't stand by and watch the dark take the people I love.
It's time to go.","[Nhiều phần trong cuốn sổ tay không thể đọc được, bị ăn mòn bởi một lực lượng bí ẩn nào đó. Từ những mảnh còn sót lại, bạn suy ra đây là nhật ký của một cô gái Roya tên là Lotta.]
...
...
Mọi thứ đã biến mất. Tất cả.
Tôi đã tìm kiếm rất lâu nơi ngôi làng từng tồn tại. Tất cả những gì tôi tìm thấy chỉ là một mảnh lông cháy sém, một nhúm lông vũ... và nửa chiếc mỏ. Bố. Mẹ... mọi người trong làng... bạn bè của tôi... tất cả đều đã biến mất.
Có thứ gì đó đang theo dõi tôi. Tôi không muốn chạy nữa.
...
Tôi đã mất rất, rất lâu để học lại cách nói. Lâu hơn nữa để tìm lại can đảm mở cuốn nhật ký này.
Người phụ nữ đã cứu tôi khỏi những con quái vật tự xưng là giáo sư đến từ Startorch Academy. Bà ấy rất xinh đẹp, nhưng không giống bất kỳ ai trong làng tôi. Bà ấy nói tôi sở hữu một loại Forte hiếm, thứ khiến tôi trở thành ""Synchronist tiềm năng"".
Tôi kể cho bà ấy nghe mọi chuyện đã xảy ra với ngôi làng. Tôi hỏi bà ấy: đây có phải là phước lành từ <ano=the Exostrider>Baldur</ano>? Hay là lời nguyền tàn nhẫn nhất mà <ano=the Threnodian>Hvedrungr</ano> từng tạo ra?
Bà ấy im lặng một lúc. Rồi bà ấy kể rằng quê hương của bà cũng đã bị nuốt chửng bởi một thảm họa tương tự. Bà ấy đã vượt qua một đại dương rộng lớn đến mức tôi không thể tưởng tượng nổi, tất cả chỉ để tìm cách giải thoát thế giới khỏi số phận này. Bà ấy mời tôi gia nhập Học viện. Bà ấy nói rằng dù sức mạnh của tôi là phước lành hay lời nguyền, nó có thể là chìa khóa mở ra cánh cửa tương lai của chúng ta.
...Nhưng tôi chẳng còn gì nữa. Dù <ano=the Exostrider>Baldur</ano> có đang đợi sau cánh cửa đó, nó cũng không thể trả lại những gì tôi đã mất.
...
Tôi quay lại chỗ bà để chào tạm biệt và cảm ơn bà vì tất cả. Tôi nói với bà rằng tôi sắp rời đi để đến Học viện.
""Chúng ta, người Roya, khắc lời nói lên đá,"" bà ấy nói, giọng vẫn dịu dàng như xưa, ""để <ano=the Threnodian>Hvedrungr</ano> không thể xóa bỏ sự tồn tại của chúng ta. Còn những đứa trẻ ở Học viện dùng thứ gọi là 'Cassette' để làm điều tương tự. Với bà, con chỉ đang đi đến một nơi khác... để khắc bức tượng thuộc về riêng con.""
""Chừng nào ký ức còn, linh hồn vẫn còn.""
Sau khi đến Học viện, tôi đọc lại cuốn sổ này từ trang đầu đến trang cuối. Bố, mẹ, Fenrir, Dallas, Bori... Bà đã đúng. Họ vẫn sống ở đây, trong những trang giấy này, và sâu thẳm trong tâm trí tôi. Có lẽ, dù không nhận ra, tôi đã trở thành một bức tượng sống, được khắc tên của tất cả họ.
Tôi sẽ mang linh hồn của họ bên mình, dù đi đến bất cứ đâu. Tôi hứa.
...
Bão Hư không. Ngay cả cái tên cũng đã đủ đáng sợ.
Tôi đã dành cả cuộc đời để chạy trốn khỏi cái bóng của nó. Đó là một trong những xúc tu độc ác của <ano=the Threnodian>Hvedrungr</ano>, kéo mọi thứ tôi yêu thương vào hư vô. Tôi từng nghĩ... tôi đã học được cách phớt lờ nó.
Nhưng khi nhìn thấy nó xuất hiện lần nữa, tôi nhận ra điều gì đó. Tất cả những năm tháng học tập... chỉ là sự chuẩn bị cho khoảnh khắc này. Hết lần này đến lần khác, tôi đã đẩy Forte của mình đến giới hạn, đến bờ vực của Overclocking. Và giờ đây, cuối cùng tôi đã hiểu. Tôi đã sẵn sàng.
Giống như giáo sư đã nói, chỉ có tôi, chỉ có Forte của tôi, mới có thể cứu ngôi làng đó khỏi bị xóa sổ. Ngày ấy, tôi không thể cứu được quê hương của mình. Nhưng lần này, tôi sẽ không đứng nhìn bóng tối lấy đi những người tôi yêu thương.
Đã đến lúc lên đường.",C?n ti?ng Anh nghi v?n: Academy; Baldur; Bori; Dallas; Fenrir; Hvedrungr; Overclocking; Roya; Startorch; Synchronist | S? t?/c?m nghi v?n: 13 | T? l? nghi v?n: 0.22 | M?c ??: 38.2
"<color=#c49e55>[Forte Circuit]</color> 
Taking damage does not consume Dawnlit Keep stacks. Every <SapTag=0>{0}</SapTag> {Cus:Sap,S=stack P=stacks SapTag=0} of Dawnlit Keep grants <SapTag=1>{1}</SapTag> {Cus:Sap,S=stack P=stacks SapTag=1} of Dawn Again, Amplifying Basic Attack DMG by {2}. Ichor Blade generated by Mid-air Dodge can now trigger Dodge Counter.","<color=#c49e55>[Forte Circuit]</color>
Chịu sát thương không làm tiêu hao tầng Dawn Giữ Lại. Mỗi <SapTag=0>{0}</SapTag> {Cus:Sap,S=tầng P=tầng SapTag=0} Dawn Giữ Lại sẽ cấp <SapTag=1>{1}</SapTag> {Cus:Sap,S=tầng P=tầng SapTag=1} Dawn Lại, khuếch đại Sát Thương Basic Attack lên {2}. Lưỡi Kiếm Ichor tạo ra từ Dodge Giữa Không giờ đây có thể kích hoạt Dodge Counter.",C?n ti?ng Anh nghi v?n: Attack; Basic; Counter; Dawn; Dodge; Ichor | S? t?/c?m nghi v?n: 9 | T? l? nghi v?n: 0.818 | M?c ??: 38.18
"Resonator Mortefi's waveform graph shows zigzag fluctuations. The pattern of Time Domain is regular, though the peak values show an increasing tendency. Peak values are currently under Criticality level, and abnormal waveforms are not identified.

Resonant Criticality: High, combined with low stability. A high risk of <te href=850073>Overclocking</te> is present.

Resonator Mortefi has a documented history of Overclocking. Maximum Overclocking rating: Moderate.

During Overclocking, the scale-shaped red crystalline matter on Mortefi's chest continuously expands to cover a larger area of his skin. This transformation is accompanied by a significant rise in body temperature, resulting in the manifestation of intense Frequency Fluctuation. Notably, a fiery apparition resembling a dragon becomes visible behind Mortefi during this stage.

Mortefi was the cause of a major fire in Desorock Highland. This event was classified under code EX67891 as a Class 3 hazard. Fortunately, no casualties were reported. Resonator Mortefi's Forte and Overclocking history indicate that negative emotions are his primary trigger for Overclocking, which warrants a higher risk of Overclocking. Therefore, it is recommended to closely monitor Resonator Mortefi's psychological status and implement regular counseling and examinations.","Biểu đồ dạng sóng của Resonator Mortefi cho thấy dao động hình zigzag. Mô hình miền thời gian đều đặn, nhưng giá trị đỉnh có xu hướng tăng. Giá trị đỉnh hiện dưới mức Độ Ổn Định, chưa phát hiện sóng bất thường.

Độ Ổn Định Cộng Hưởng: High nhưng kém ổn định. Nguy cơ <te href=850073>Overclocking</te> rất cao.

Mortefi có tiền sử Quá Tải. Mức Quá Tải tối đa: Trung bình.

Khi Quá Tải, các tinh thể đỏ hình vảy trên ngực Mortefi liên tục mở rộng, bao phủ diện tích da lớn hơn. Quá trình này đi kèm với sự tăng nhiệt độ cơ thể đáng kể, gây ra dao động Tần số mạnh mẽ. Đặc biệt, một ảo ảnh rồng lửa xuất hiện phía sau Mortefi trong giai đoạn này.

Mortefi là nguyên nhân gây ra vụ hỏa hoạn lớn tại Desorock Highland. Sự cố được phân loại mã EX67891 là nguy hiểm cấp 3. May mắn không có thương vong. Forte và lịch sử Quá Tải của Mortefi cho thấy cảm xúc tiêu cực là tác nhân chính gây Quá Tải, do đó nguy cơ Quá Tải cao hơn. Khuyến nghị theo dõi sát tình trạng tâm lý của Resonator Mortefi và tiến hành tư vấn, kiểm tra định kỳ.",C?n ti?ng Anh nghi v?n: Desorock; High; Highland; May; Mortefi; Overclocking; zigzag | S? t?/c?m nghi v?n: 13 | T? l? nghi v?n: 0.317 | M?c ??: 38.17
"This enemy has a <color=HighlightB>higher RES</color> to <color=Fire>Fusion DMG</color>.

After the Reactor Drive was set above Lahai-Roi by the Exostrider, it remained on high alert to the activity of Aleph-1. When the Drive's immune response is triggered, a mechanized ""Reactor Husk"" will arise from the depths of the energy well, with the sole purpose of eliminating intruders at all costs.

Till its body collapses, till the last speck of starlight goes dark.","Kẻ địch này có <color=HighlightB>higher RES</color> với <color=Fire>Fusion DMG</color>.

Sau khi Reactor Drive được Exostrider đặt lên Lahai-Roi, nó luôn cảnh giác cao độ với hoạt động của Aleph-1. Khi phản ứng miễn dịch của Drive được kích hoạt, một ""Reactor Husk"" cơ khí sẽ trỗi dậy từ sâu thẳm giếng năng lượng, với mục đích duy nhất là tiêu diệt kẻ xâm nhập bằng mọi giá.

Cho đến khi thân xác sụp đổ, cho đến khi tia sáng sao cuối cùng tắt lịm.",C?n ti?ng Anh nghi v?n: Aleph; Drive; Exostrider; higher; Husk; Lahai; Reactor; RES | S? t?/c?m nghi v?n: 10 | T? l? nghi v?n: 0.417 | M?c ??: 38.17
"<color=yellow>Character Pairing Tutorial (Example): </color>

Accumulate elemental damage through the Resonance Skill of the light attribute, and after triggering the Intro Skill, Verina deals high damage.","<color=yellow>Character Pairing Tutorial (Example):</color>

Tích lũy sát thương nguyên tố thông qua Resonance Skill thuộc tính ánh sáng, sau khi kích hoạt Intro Skill, Verina sẽ gây sát thương cao.",C?n ti?ng Anh nghi v?n: Character; Example; Intro; Pairing; Skill; Tutorial; Verina | S? t?/c?m nghi v?n: 8 | T? l? nghi v?n: 0.615 | M?c ??: 38.15
"1. You can store your catches in Rachel's Cargo.

2. The Cargo has a limited capacity. Catches exceeding this limit cannot be stored, and stacking is not allowed.

3. Enhance your Fishing Abilities to increase the Cargo's capacity.

4. While storing catches, you can Place, Rotate, Discard, or Return them as needed.

5. Upon reaching the dock, Coast Flax, Palm Tree Log, Metal Debris, and Bampuff will be automatically converted into regular items.","1. Bạn có thể lưu trữ chiến lợi phẩm câu được trong Hàng Hóa của Rachel.

2. Hàng Hóa có giới hạn dung lượng. Những chiến lợi phẩm vượt quá giới hạn sẽ không thể lưu trữ và không được xếp chồng.

3. Nâng cấp Kỹ Năng Fishing để tăng dung lượng Hàng Hóa.

4. Khi lưu trữ chiến lợi phẩm, bạn có thể Place, Rotate, Loại Bỏ hoặc Trả Lại chúng khi cần.

5. Khi cập bến, Coast Flax, Palm Tree Log, Metal Debris và Bampuff sẽ tự động chuyển đổi thành các vật phẩm thông thường.",C?n ti?ng Anh nghi v?n: Bampuff; Coast; Debris; Fishing; Flax; Log; Metal; Palm; Place; Rotate; Tree | S? t?/c?m nghi v?n: 11 | T? l? nghi v?n: 0.611 | M?c ??: 38.11
"<color=#c49e55>[Resonance Liberation]</color>
- Casting Resonance Liberation End Loop will now directly generate the Inner Stellarealm.
- Performing a Mid-air Attack generates 5 Ferry Star Butterflies that automatically track enemies, dealing Spectro DMG.
- Shorekeeper receives the following effect upon hitting a target with Ferry Star Butterfly:
Each time Shorekeeper deals DMG with her butterflies, they deal additional Spectro DMG.","<color=#c49e55>[Resonance Liberation]</color>
- End vòng Resonance Liberation sẽ trực tiếp tạo ra Nội Giới Tinh Vân.
- Thực hiện Mid-air Attack sẽ tạo ra 5 Bươm Butterfly Sao Phà tự động truy đuổi kẻ địch, gây Spectro DMG.
- Khi trúng mục tiêu bằng Bươm Butterfly Sao Phà, Shorekeeper nhận hiệu ứng sau:
Mỗi lần Shorekeeper gây sát thương bằng bướm, chúng sẽ gây thêm Spectro DMG.",C?n ti?ng Anh nghi v?n: air; Attack; Butterfly; End; Liberation; Mid; Shorekeeper | S? t?/c?m nghi v?n: 9 | T? l? nghi v?n: 0.409 | M?c ??: 38.09
"Fleurdelys's Resonance Skill has two stages. Each stage deals Aero DMG while restoring <color=Highlight>Conviction</color>.
The second stage of Resonance Skill immediately triggers the <color=Wind>Aero Erosion</color> DMG on the targets, then consumes 1 stack of <color=Wind>Aero Erosion</color>.
With <color=Highlight>Power of Discord</color>, the second stage of Resonance Skill propagates the highest stack count of <color=Wind>Aero Erosion</color> among targets.","Resonance Skill của Fleurdelys có hai giai đoạn. Mỗi giai đoạn gây Aero DMG và hồi phục <color=Highlight>Conviction</color>.
Giai đoạn hai của Resonance Skill ngay lập tức kích hoạt <color=Wind>Aero Erosion</color> lên mục tiêu, sau đó tiêu hao 1 tầng <color=Wind>Aero Erosion</color>.
Khi có <color=Highlight>Power of Discord</color>, giai đoạn hai của Resonance Skill sẽ lan truyền số tầng <color=Wind>Aero Erosion</color> cao nhất trong số các mục tiêu.",C?n ti?ng Anh nghi v?n: Conviction; Discord; Erosion; of; Power; Skill | S? t?/c?m nghi v?n: 10 | T? l? nghi v?n: 0.303 | M?c ??: 38.03
"There are two waves of enemies within the Void Storm Zone in the Frostlands Surface. 
Due to the Void Storm, Resonators lose HP each second, and their Healing received and Healing Bonus are halved. Resonators will be inflicted with Warp upon being hit, increasing the DMG they take. 
Unleashing Tune Break on enemies in the second wave will trigger Recurrence Impact. This impact deals AoE damage, restores HP to the active Resonator, and removes all stacks of Warp.","Trong Khu Void Storm ở Bề Mặt Frostlands có hai đợt kẻ địch.
Do ảnh hưởng của Void Storm, Resonators sẽ mất HP mỗi giây, hiệu quả hồi máu và Hiệu Quả Healing bị giảm một nửa. Resonators sẽ bị Trạng Thái Warp khi trúng đòn, làm tăng sát thương nhận vào.
Khi sử dụng Tune Break lên kẻ địch ở đợt thứ hai sẽ kích hoạt Recurrence Impact. Hiệu ứng này gây sát thương diện rộng, hồi máu cho Resonators đang hoạt động và loại bỏ tất cả trạng thái Warp.",C?n ti?ng Anh nghi v?n: Break; Frostlands; Healing; Impact; Recurrence; Storm; Tune; Void; Warp | S? t?/c?m nghi v?n: 12 | T? l? nghi v?n: 0.5 | M?c ??: 38.0
"The next time Sigrika obtains a <color=Highlight>Rune</color>, she additionally obtains a <color=Highlight>Rune</color> of the opposite type and removes <color=Highlight>Divergent</color>.
When Sigrika holds <color=Highlight>Divergent</color> and <color=Highlight>Convergent</color> at the same time, <color=Highlight>Convergent</color> takes priority.
When Sigrika holds <SapTag=0>{0}</SapTag> {Cus:Sap,S=point P=points SapTag=0} of <color=Highlight>Full Stop</color>, <color=Highlight>Divergent</color> doesn't take effect.","Lần tiếp theo Sigrika nhận được <color=Highlight>Rune</color>, cô ấy sẽ nhận thêm một <color=Highlight>Rune</color> loại đối lập và loại bỏ <color=Highlight>Divergent</color>.
Khi Sigrika đồng thời nắm giữ <color=Highlight>Divergent</color> và <color=Highlight>Convergent</color>, <color=Highlight>Convergent</color> sẽ được ưu tiên.
Khi Sigrika có <SapTag=0>{0}</SapTag> {Cus:Sap,S=điểm P=điểm SapTag=0} <color=Highlight>Full Stop</color>, <color=Highlight>Divergent</color> sẽ không có hiệu lực.",C?n ti?ng Anh nghi v?n: Convergent; Divergent; Full; Rune; Sigrika; Stop | S? t?/c?m nghi v?n: 12 | T? l? nghi v?n: 0.8 | M?c ??: 38.0
"The next time Sigrika obtains a <color=Highlight>Rune</color>, she additionally obtains a <color=Highlight>Rune</color> of the same type and removes <color=Highlight>Convergent</color>.
When Sigrika holds <color=Highlight>Divergent</color> and <color=Highlight>Convergent</color> at the same time, <color=Highlight>Convergent</color> takes priority.
When Sigrika holds <SapTag=0>{0}</SapTag> {Cus:Sap,S=point P=points SapTag=0} of <color=Highlight>Full Stop</color>, <color=Highlight>Convergent</color> doesn't take effect.","Lần tiếp theo Sigrika nhận được <color=Highlight>Rune</color>, cô ấy sẽ nhận thêm một <color=Highlight>Rune</color> cùng loại và loại bỏ <color=Highlight>Convergent</color>.
Khi Sigrika đồng thời nắm giữ <color=Highlight>Divergent</color> và <color=Highlight>Convergent</color>, <color=Highlight>Convergent</color> sẽ được ưu tiên.
Khi Sigrika có <SapTag=0>{0}</SapTag> {Cus:Sap,S=điểm P=điểm SapTag=0} <color=Highlight>Full Stop</color>, <color=Highlight>Convergent</color> sẽ không có hiệu lực.",C?n ti?ng Anh nghi v?n: Convergent; Divergent; Full; Rune; Sigrika; Stop | S? t?/c?m nghi v?n: 12 | T? l? nghi v?n: 0.8 | M?c ??: 38.0
"Some <color=#ffd12f>Fissured Ledge</color>, eroded by the Waveworn phenomenon, cannot be destroyed through conventional means. You can use Levitator to grab the nearby <color=#ffd12f>Tacetite Fulminate</color> and <color=#ffd12f>throw</color> it to trigger an <color=#ffd12f>explosion</color> to destroy the Fissured Ledge.",Một số <color=#ffd12f>Fissured Ledge</color> bị xói mòn bởi Hiện Tượng Waveworn không thể phá hủy bằng phương pháp thông thường. Cậu có thể dùng Levitator để lấy <color=#ffd12f>Tacetite Fulminate</color> gần đó và <color=#ffd12f>throw</color> để kích hoạt <color=#ffd12f>explosion</color> phá hủy Fissured Ledge.,C?n ti?ng Anh nghi v?n: explosion; Fissured; Fulminate; Ledge; Levitator; Tacetite; throw; Waveworn | S? t?/c?m nghi v?n: 10 | T? l? nghi v?n: 1.0 | M?c ??: 38.0
Includes <color=Highlight>Sync Strike: Armament Merge</color> and <color=Highlight>Sync Strike: Call of Dawn</color>.,Includes <color=Highlight>Sync Strike: Armament Merge</color> và <color=Highlight>Sync Strike: Call of Dawn</color>.,C?n ti?ng Anh nghi v?n: Armament; Call; Dawn; Includes; Merge; of; Strike; Sync | S? t?/c?m nghi v?n: 10 | T? l? nghi v?n: 1.0 | M?c ??: 38.0
"ATK is increased by {0}. Upon dealing Echo Skill DMG, gain {1} Heavy Attack DMG Amplification for {2}s. Upon dealing Heavy Attack DMG, gain {3} Echo Skill DMG Amplification for {4}s. DMG Amplification on each attack is capped at {5}. While both effects are active, dealing damage ignores {6} of the target's DEF.","Attack tăng {0}. Khi gây Sát Thương Kỹ Năng Echo, nhận {1} DMG Amplification Heavy Attack trong {2} giây. Khi gây Sát Thương Heavy Attack, nhận {3} DMG Amplification Kỹ Năng Echo trong {4} giây. DMG Amplification mỗi đòn tối đa là {5}. Khi cả hai hiệu ứng cùng hoạt động, gây sát thương sẽ bỏ qua {6} Phòng Ngự của mục tiêu.",C?n ti?ng Anh nghi v?n: Amplification; Attack; Heavy | S? t?/c?m nghi v?n: 8 | T? l? nghi v?n: 0.4 | M?c ??: 38.0
"<color=#c49e55>[Basic Attack]</color>
- Performing Mid-air Attack and Mid-air Heavy Attack additionally restores {0} STA.
- Performing Mid-air Heavy Attack while at full STA increases Verina's Crit. DMG by {1} for {2}s.","<color=#c49e55>[Basic Attack]</color>
- Thực hiện Mid-air Attack và Heavy Attack Giữa Không sẽ hồi phục thêm {0} STA.
- Thực hiện Heavy Attack Giữa Không khi STA đầy sẽ tăng Crit. DMG của Verina thêm {1} trong {2} giây.",C?n ti?ng Anh nghi v?n: air; Attack; Heavy; Mid | S? t?/c?m nghi v?n: 7 | T? l? nghi v?n: 0.5 | M?c ??: 38.0
"Every stack of Resonance Liberation Mark removed recovers the active Resonator's Resonance Energy by <color=#c89a45>10%</color>. Upon reaching <color=#c89a45>10 stacks</color> of Resonance Liberation Mark, the active Resonator's next Resonance Liberation cooldown is reduced by <color=#c89a45>100%</color>.","Mỗi điểm Đánh Dấu Resonance Liberation bị loại bỏ sẽ phục hồi <color=#c89a45>10%</color> Resonance Energy cho Resonator đang hoạt động. Khi đạt <color=#c89a45>10 stacks</color> Đánh Dấu Resonance Liberation, Cooldown chiêu của Resonance Liberation tiếp theo của Resonator sẽ giảm <color=#c89a45>100%</color>.",C?n ti?ng Anh nghi v?n: Cooldown; Energy; Liberation; stacks | S? t?/c?m nghi v?n: 6 | T? l? nghi v?n: 0.4 | M?c ??: 38.0
"Rocover 1 Forte Gauge for Basic Attack V, Resonance Skill or Intro Skill on hit, up to 4","Tích lũy 1 Đồng Hồ Forte cho Basic Attack V, Resonance Skill hoặc Intro Skill khi trúng mục tiêu, tối đa 4",C?n ti?ng Anh nghi v?n: Attack; Basic; Intro; Skill; V | S? t?/c?m nghi v?n: 6 | T? l? nghi v?n: 0.6 | M?c ??: 38.0
"Increases Energy Regen by {0}. When hitting a target with Resonance Skill, increases Basic Attack DMG Bonus by {1}, lasting for {2}s. When hitting a target with Basic Attacks, increases Resonance Skill DMG Bonus by {3}, lasting for {4}s.","Tăng Tái Tạo Năng Lượng thêm {0}. Khi trúng mục tiêu bằng Resonance Skill, tăng Sát Thương Basic Attack thêm {1}, kéo dài trong {2} giây. Khi trúng mục tiêu bằng Basic Attack, tăng Sát Thương Resonance Skill thêm {3}, kéo dài trong {4} giây.",C?n ti?ng Anh nghi v?n: Attack; Basic; Skill | S? t?/c?m nghi v?n: 6 | T? l? nghi v?n: 0.5 | M?c ??: 38.0
"The active Resonator restores Concerto Energy and Resonance Energy every second. Meanwhile, their <color=Highlight>Resonance Skill</color>, <color=Highlight>Resonance Liberation</color>, and <color=Highlight>Echo Skill</color> Cooldowns are reduced.","Resonator hiện tại phục hồi Concerto Energy và Resonance Energy mỗi giây. Đồng thời, Cooldown chiêu của <color=Highlight>Resonance Skill</color>, <color=Highlight>Resonance Liberation</color> và <color=Highlight>Echo Skill</color> cũng được rút ngắn.",C?n ti?ng Anh nghi v?n: Cooldown; Energy; Liberation; Skill | S? t?/c?m nghi v?n: 6 | T? l? nghi v?n: 0.5 | M?c ??: 38.0
"The active Resonator restores {1} points of Concerto Energy and Resonance Energy per second. Meanwhile, their <color=Highlight>Resonance Skill</color>, <color=Highlight>Resonance Liberation</color>, and <color=Highlight>Echo Skill</color> Cooldowns are reduced by {0}.","Resonator hiện tại phục hồi {1} điểm Concerto Energy và Resonance Energy mỗi giây. Đồng thời, Cooldown chiêu của <color=Highlight>Resonance Skill</color>, <color=Highlight>Resonance Liberation</color> và <color=Highlight>Echo Skill</color> được rút ngắn {0}.",C?n ti?ng Anh nghi v?n: Cooldown; Energy; Liberation; Skill | S? t?/c?m nghi v?n: 6 | T? l? nghi v?n: 0.5 | M?c ??: 38.0
Increase Basic Attack DMG by {0} and Basic Attack speed by {1}.,Increase Sát Thương Basic Attack thêm {0} và Tốc Độ Basic Attack thêm {1}.,C?n ti?ng Anh nghi v?n: Attack; Basic; Increase | S? t?/c?m nghi v?n: 5 | T? l? nghi v?n: 1.0 | M?c ??: 38.0
"Grants 30% Fusion DMG Bonus.
When the active Resonator casts Echo Skill or deals Echo Skill DMG, they additionally recover Ember, triggered up to 1 time per second.
When the active Resonator deals damage while in the Burning Waves state, they unleash an AoE attack, dealing Fusion DMG equal to 1600% of their ATK in total (considered Echo Skill DMG), triggered up to 1 time every 6s.

This Token can be used up to <color=#fee388>2</color> times in Whimpering Wastes.","Tăng 30% Fusion DMG.
Khi Resonator chủ động sử dụng Echo Skill hoặc gây Sát Thương Echo Skill, họ sẽ hồi phục thêm Ember, kích hoạt tối đa 1 lần mỗi giây.
Khi Resonator chủ động gây sát thương trong trạng thái Burning Waves, họ sẽ tung ra một đòn tấn công AoE, gây Fusion DMG bằng 1600% Tấn Công của họ (được tính là Sát Thương Echo Skill), kích hoạt tối đa 1 lần mỗi 6 giây.

Mã thông báo này có thể sử dụng tối đa <color=#fee388>2</color> lần tại Whimpering Wastes.",C?n ti?ng Anh nghi v?n: AoE; Burning; Ember; Skill; Wastes; Waves; Whimpering | S? t?/c?m nghi v?n: 9 | T? l? nghi v?n: 0.391 | M?c ??: 37.91
"When the Concerto Effect is triggered, if both Character's Attribute Types are <color=#46c3d4>Aero</color> and <color=#e15226>Fusion</color> respectively, it triggers the <color=#8c7e51> Aerothermal Ensemble</color>.
The damage dealt by the debuting CharacterBasic Attack and Heavy Attack is increased by <color=#8c7e51>40%</color> for <color=#8c7e51>12</color> seconds. does not take effect when the Character is not debuting.","Khi Concerto Effect được kích hoạt, nếu thuộc tính của hai Resonator lần lượt là <color=#46c3d4>Aero</color> và <color=#e15226>Fusion</color>, nó sẽ kích hoạt <color=#8c7e51>Aerothermal Ensemble</color>.
Basic Attack và Heavy Attack của Resonator ra mắt sẽ tăng <color=#8c7e51>40% sát thương</color> trong <color=#8c7e51>12</color> giây. Hiệu ứng không có tác dụng nếu Resonator không phải là người ra mắt.",C?n ti?ng Anh nghi v?n: Aerothermal; Attack; Basic; Effect; Ensemble; Heavy | S? t?/c?m nghi v?n: 7 | T? l? nghi v?n: 0.389 | M?c ??: 37.89
"Crest Rewards in the Stable Zone, Experiment Zone, and Overdrive Zone can be claimed only once. However, the challenges in the Hazard Zone are <color=#c19f51>periodically reset</color>, along with your progression, bringing in new enemies, challenge goals, Area Effects, and rewards. Take on the challenges again to earn Crests and <color=#c19f51>claim fresh rewards.</color>","Rewards Huy Chương ở Stable Zone, Khu Thí Nghiệm và Khu Vượt Giới chỉ có thể nhận một lần. Tuy nhiên, các thử thách ở Hazard Zone sẽ <color=#c19f51>periodically reset</color>, cùng với tiến trình của bạn, mang đến kẻ địch mới, mục tiêu thử thách mới, Hiệu Ứng Khu Vực và phần thưởng mới. Hãy đối mặt với thử thách lần nữa để giành Huy Chương và <color=#c19f51>claim fresh rewards.</color>",C?n ti?ng Anh nghi v?n: claim; fresh; Hazard; periodically; reset; Rewards; rewards; Stable; Zone | S? t?/c?m nghi v?n: 10 | T? l? nghi v?n: 0.588 | M?c ??: 37.88
"This enemy has a <color=HighlightB>higher RES</color> to <color=Thunder>Electro DMG</color>.

In the exam zone, Elite Class enemies deal Fusion DMG equal to 2% of the target's Max HP every second to nearby targets. This effect does not stack.

The Twin Nova mechs were built for exploration beyond the Stridergate. Nebulous Cannon is the ranged model. Their humanoid form embodies mankind's drive to explore the abyss when they look up at the stars. Together as one, paired Twin Novas demonstrate unprecedented combat capabilities.","Kẻ địch này có <color=HighlightB>higher RES</color> với <color=Thunder>Electro DMG</color>.

Trong khu vực thi, kẻ địch Class Cao gây Fusion DMG bằng 2% HP tối đa của mục tiêu mỗi giây lên các mục tiêu xung quanh. Hiệu ứng này không chồng chất.

Cặp mech Twin Nova được chế tạo để thám hiểm bên ngoài Stridergate. Nebulous Cannon là phiên bản tầm xa. Hình dáng người của chúng thể hiện khát vọng khám phá vực thẳm của nhân loại khi ngước nhìn bầu trời sao. Khi kết hợp, cặp Twin Nova thể hiện năng lực chiến đấu chưa từng có.",C?n ti?ng Anh nghi v?n: Cannon; Class; higher; Nebulous; Nova; RES; Stridergate; Twin | S? t?/c?m nghi v?n: 10 | T? l? nghi v?n: 0.385 | M?c ??: 37.85
"Changli restores Forte Gauge when she jumps or hits a target with Basic Attacks while in True Sight, or casts the Resonance Liberation.","Changli hồi phục Forte Gauge khi nhảy hoặc đánh trúng mục tiêu bằng Basic Attack trong True Sight, hoặc khi sử dụng Resonance Liberation.",C?n ti?ng Anh nghi v?n: Attack; Basic; Changli; Gauge; Liberation; Sight; True | S? t?/c?m nghi v?n: 7 | T? l? nghi v?n: 0.583 | M?c ??: 37.83
"<color=#c49e55>Resonance Skill</color> ""Incinerating Will"" greatly reduces the target's Havoc RES. Danjin gains a shield when casting Resonance Skill: ""Crimson Erosion"" stage 2.","<color=#c49e55>Resonance Skill</color> ""Incinerating Will"" giảm mạnh Havoc RES của mục tiêu. Danjin nhận khiên khi sử dụng Resonance Skill: Giai đoạn 2 ""Erosion Đỏ Rực"".",C?n ti?ng Anh nghi v?n: Danjin; Erosion; Incinerating; RES; Skill; Will | S? t?/c?m nghi v?n: 7 | T? l? nghi v?n: 0.583 | M?c ??: 37.83
Enemies gain the following effect: <color=#b72924ff>All nearby enemies are empowered</color>. Their <color=#b72924ff>ATK is increased by 10%</color>. Effect stackable.,Kẻ địch nhận hiệu ứng sau: <color=#b72924ff>Tất cả nearby enemies are empowered</color>. <color=#b72924ff>ATK is increased by 10%</color>. Hiệu ứng có thể chồng chất.,C?n ti?ng Anh nghi v?n: are; by; empowered; enemies; increased; is; nearby | S? t?/c?m nghi v?n: 7 | T? l? nghi v?n: 0.778 | M?c ??: 37.78
Enemies gain the following effect: <color=#b72924ff>All nearby enemies are empowered</color>. Their <color=#b72924ff>ATK is increased by 20%</color>. Effect stackable.,Kẻ địch nhận hiệu ứng sau: <color=#b72924ff>Tất cả nearby enemies are empowered</color>. <color=#b72924ff>ATK is increased by 20%</color>. Hiệu ứng có thể chồng chất.,C?n ti?ng Anh nghi v?n: are; by; empowered; enemies; increased; is; nearby | S? t?/c?m nghi v?n: 7 | T? l? nghi v?n: 0.778 | M?c ??: 37.78
Enemies gain the following effect: <color=#b72924ff>All nearby enemies are empowered</color>. Their <color=#b72924ff>ATK is increased by 30%</color>. Effect stackable.,Kẻ địch nhận hiệu ứng sau: <color=#b72924ff>Tất cả nearby enemies are empowered</color>. <color=#b72924ff>ATK is increased by 30%</color>. Hiệu ứng có thể chồng chất.,C?n ti?ng Anh nghi v?n: are; by; empowered; enemies; increased; is; nearby | S? t?/c?m nghi v?n: 7 | T? l? nghi v?n: 0.778 | M?c ??: 37.78
"The nexus of an ecological information network designed based on the principles of Wutherium Science. Typically situated in medium and large towns, it detects and models energy fluctuations, activities of Tacet Discords, and other abnormal signals to provide early warnings of Waveworn Phenomena.

In the Roya Frostlands and Lahai-Roi, the Resonance Nexus is known as the Solis Lens Array. These lenses concentrate and convert the glow of the Reactor Drive into usable power for local facilities.

As a part of this system, smaller Resonance Beacons log environmental data within their radius and relay it back to the Nexus.

You can fast-travel to any activated Resonance Beacon to restore any injured or downed Resonators.","Trung tâm của mạng lưới thông tin sinh thái được thiết kế dựa trên nguyên lý Khoa học Wutherium. Thường đặt tại các thị trấn trung bình và lớn, nó phát hiện và mô hình hóa dao động năng lượng, hoạt động của Tacet Discord, cùng các tín hiệu bất thường khác để đưa ra cảnh báo sớm về Hiện tượng Waveworn.

Tại Roya Frostlands và Lahai-Roi, Resonance Nexus được gọi là Mảng Thấu kính Solis. Những thấu kính này tập trung và chuyển đổi ánh sáng từ Reactor Drive thành năng lượng sử dụng cho các cơ sở địa phương.

Là một phần của hệ thống này, các Resonance Beacon nhỏ hơn ghi lại dữ liệu môi trường trong phạm vi của chúng và truyền về Nexus.

Cậu có thể dịch chuyển nhanh đến bất kỳ Resonance Beacon nào đã kích hoạt để hồi phục Resonators bị thương hoặc bất tỉnh.",C?n ti?ng Anh nghi v?n: Beacon; Drive; Frostlands; Lahai; Nexus; Reactor; Roya; Solis; Waveworn; Wutherium | S? t?/c?m nghi v?n: 12 | T? l? nghi v?n: 0.375 | M?c ??: 37.75
"<color=#b72924ff>When Resonators are in Realm of Resonance</color>, all Resonators in the team take DMG equal to <color=#b72924ff>2% of their Max HP</color> each second.","Khi <color=#b72924ff>When Resonators are in Realm of Resonance</color>, tất cả Resonators trong đội sẽ chịu sát thương bằng <color=#b72924ff>2% of their Max HP</color> mỗi giây.",C?n ti?ng Anh nghi v?n: are; in; Max; of; Realm; their; When | S? t?/c?m nghi v?n: 8 | T? l? nghi v?n: 0.571 | M?c ??: 37.71
"The active Resonator gains {1} DMG Amplification for {0}s upon entering a new Memory Zone. <color=#b94f4e>After {2}s, the DMG they take is additionally Amplified by {3}</color>.","Resonator đang kích hoạt nhận {1} DMG Amplification trong {0} giây khi bước vào Khu Vực Ký Ức mới. <color=#b94f4e>Sau khi {2}s, the DMG they take is additionally Amplified by {3}</color>.",C?n ti?ng Anh nghi v?n: additionally; Amplification; Amplified; by; is; s; take; they | S? t?/c?m nghi v?n: 8 | T? l? nghi v?n: 0.471 | M?c ??: 37.71
"<color=#c49e55>[Resonance Skill]</color>
Randomly trigger one of the following effects after casting Resonance Skill (effects stackable):
- There's a {0} chance to summon 3 giant Masks to attack, each Mask dealing DMG equal to {1} of Antique Appraisal: Chime's DMG.
- There's a {2} chance to trigger an explosion, dealing DMG equal to {3} of Youhu's ATK, which is considered Resonance Skill DMG.
- There's a {4} chance to reset Resonance Skill Cooldown.","<color=#c49e55>[Resonance Skill]</color>
Sau khi sử dụng Resonance Skill, ngẫu nhiên kích hoạt một trong các hiệu ứng sau (có thể chồng chất):
- Có xác suất {0} triệu hồi 3 Mask khổng lồ tấn công, mỗi Mask gây sát thương bằng {1} sát thương của Antique Appraisal: Chime.
- Có xác suất {2} kích nổ, gây sát thương bằng {3} Tấn Công của Youhu, được tính là sát thương Resonance Skill.
- Có xác suất {4} đặt lại Cooldown chiêu của Resonance Skill.",C?n ti?ng Anh nghi v?n: Antique; Appraisal; Cooldown; Mask; Skill | S? t?/c?m nghi v?n: 8 | T? l? nghi v?n: 0.471 | M?c ??: 37.71
"<color=#c49e55>[Resonance Liberation]</color>
Resonance Liberation - Death Knell and Dodge Counter become Resonance Liberation - Final Solace, dealing DMG equal to {0} of Death Knell DMG plus {1} of Carlotta's ATK, considered Resonance Skill DMG.
When casting Final Solace, Carlotta is immune to interruption.
Effects provided by Forte Circuit - Final Bow become constantly active.","<color=#c49e55>[Resonance Liberation]</color>
Skill Resonance Liberation - Hồi Chuông Tử Thần và Dodge Phản Công chuyển thành Resonance Liberation - An Nghỉ Cuối Cùng, gây sát thương bằng {0} sát thương Hồi Chuông Tử Thần cộng {1} Tấn Công của Carlotta, được tính là sát thương Resonance Skill.
Khi thi triển An Nghỉ Cuối Cùng, Carlotta miễn nhiễm với gián đoạn.
Hiệu ứng từ Forte Circuit - Cung Cuối trở nên hoạt động liên tục.",C?n ti?ng Anh nghi v?n: Carlotta; Circuit; Dodge; Liberation; Skill | S? t?/c?m nghi v?n: 8 | T? l? nghi v?n: 0.471 | M?c ??: 37.71
"Open to claim one medium material for Weapon Ascension or Skill Upgrade of your choice: 
<color=Rare3>MF Exoswarm Core *1</color> 
<color=Rare3>MF Mech Core *1</color> 
<color=Rare3>Worn Exoswarm Pendant *1</color>","Mở để nhận một vật liệu trung cấp dùng cho Thăng Cấp Vũ Khí hoặc Skill Nâng cấp theo lựa chọn:
<color=Rare3>MF Exoswarm Core *1</color>
<color=Rare3>MF Mech Core *1</color>
<color=Rare3>Worn Exoswarm Pendant *1</color>",C?n ti?ng Anh nghi v?n: Core; Exoswarm; Mech; MF; Pendant; Skill; Worn | S? t?/c?m nghi v?n: 10 | T? l? nghi v?n: 0.769 | M?c ??: 37.69
"Open to claim one advanced material for Weapon Ascension or Skill Upgrade of your choice: 
<color=Rare4>HF Exoswarm Core *1</color> 
<color=Rare4>HF Mech Core *1</color> 
<color=Rare4>Chipped Exoswarm Pendant *1</color>","Mở để nhận một vật liệu cao cấp cho Nâng Cấp Vũ Khí hoặc Skill Nâng cấp theo lựa chọn của bạn: 
<color=Rare4>HF Exoswarm Core *1</color> 
<color=Rare4>HF Mech Core *1</color> 
<color=Rare4>Chipped Exoswarm Pendant *1</color>",C?n ti?ng Anh nghi v?n: Chipped; Core; Exoswarm; HF; Mech; Pendant; Skill | S? t?/c?m nghi v?n: 10 | T? l? nghi v?n: 0.769 | M?c ??: 37.69
"Open to claim one premium material for Weapon Ascension or Skill Upgrade of your choice: 
<color=Rare5>FF Exoswarm Core *1</color> 
<color=Rare5>FF Mech Core *1</color> 
<color=Rare5>Intact Exoswarm Pendant *1</color>","Mở để nhận một vật liệu cao cấp dùng cho Thăng Cấp Vũ Khí hoặc Skill Nâng cấp theo lựa chọn:
<color=Rare5>FF Exoswarm Core *1</color>
<color=Rare5>FF Mech Core *1</color>
<color=Rare5>Intact Exoswarm Pendant *1</color>",C?n ti?ng Anh nghi v?n: Core; Exoswarm; FF; Intact; Mech; Pendant; Skill | S? t?/c?m nghi v?n: 10 | T? l? nghi v?n: 0.769 | M?c ??: 37.69
"[Filed by <te href=851071>Spacetrek Collective</te>: <te href=851069>Startorch Academy</te> Student Records]

[Forte Examination Report: RA2499-G]

Student Name: Denia

<te href=700009>Synchronist</te> Qualification: Negative

Forte Overview:Tests reveal a <te href=850067>Rabelle's Curve</te> with a pronounced periodic waveform. Therefore, the student is classified as a <te href=850068>Congenital Resonator</te>. Her <te href=850072>Tacet Mark</te> is located on her chest.
Based on the files from her recommender, the subject can generate bubbles infused with Remnant Energy, which can serve as a defensive or supportive measure in combat. The Remnant Energy of the bubbles can also be detonated on command when needed.
Test results also reveal that the bubbles have a unique fluid structure, allowing them to block Voidmatter at a grade comparable to the Exostrider coating.

<i>""Wait, isn't that the bubble maker from those Lollo Logistics ads? My niece has that same exact toy! How in the world are you supposed to stop Voidmatter with bubbles like that?""</i>
<i>""How did this get filed in the first place?! My goodness... Is anything in this report actually true?""</i>","[Hồ sơ do <te href=851071>Spacetrek Collective</te> nộp: Hồ sơ học viên <te href=851069>Startorch Academy</te>]

[Report Test Forte: RA2499-G]

Name học viên: Denia

Kết quả kiểm tra <te href=700009>Synchronist</te>: Âm tính

Overview về Forte:Kết quả kiểm tra cho thấy dạng sóng <te href=850067>Rabelle's Curve</te> có tính chu kỳ rõ rệt. Do đó, học viên này được xếp vào loại <te href=850068>Congenital Resonator</te>. <te href=850072>Tacet Mark</te> của cô nằm ở ngực.
Theo hồ sơ từ người giới thiệu, đối tượng có thể tạo ra những bong bóng chứa Năng lượng Tàn Dư, có thể dùng để phòng thủ hoặc hỗ trợ trong chiến đấu. Năng lượng Tàn Dư trong bong bóng cũng có thể được kích nổ theo lệnh khi cần.
Kết quả kiểm tra còn cho thấy cấu trúc chất lỏng đặc biệt của bong bóng cho phép chúng ngăn chặn Vật chất Hư Không ở cấp độ tương đương với lớp phủ Exostrider.

<i>""Khoan, đó chẳng phải là cô bé thổi bong bóng trong mấy quảng cáo Lollo Logistics sao? Cháu gái tôi còn có đồ chơi giống y chang thế! Làm sao mà ngăn được Vật chất Hư Không bằng những quả bong bóng như thế được?""</i>
<i>""Làm sao cái này lại lọt vào hồ sơ được nhỉ?! Trời ơi... Có gì trong báo cáo này là thật không vậy?""</i>",C?n ti?ng Anh nghi v?n: Congenital; Curve; Denia; Exostrider; Logistics; Lollo; Mark; Name; Overview; Rabelle's; Synchronist | S? t?/c?m nghi v?n: 11 | T? l? nghi v?n: 0.268 | M?c ??: 37.68
"After casting <color=Highlight>Basic Attack Stage 2, 3, or 4</color>, {Cus:Ipt,Touch=tap PC=press Gamepad=press} <color=Highlight>Resonance Skill</color> within a certain time to cast <color=Highlight>Sync Strike</color>, dealing <color=Fire>Fusion DMG</color>.","Sau khi sử dụng <color=Highlight>Basic Attack Stage 2, 3, or 4</color>, {Cus:Ipt,Touch=tap PC=press Gamepad=press} <color=Highlight>Resonance Skill</color> trong khoảng thời gian nhất định để tung <color=Highlight>Sync Strike</color>, gây <color=Fire>Fusion DMG</color>.",C?n ti?ng Anh nghi v?n: Attack; Basic; or; Skill; Stage; Strike; Sync | S? t?/c?m nghi v?n: 7 | T? l? nghi v?n: 0.467 | M?c ??: 37.67
"After casting <color=Highlight>Basic Attack Stage 2, 3, or 4</color>, {Cus:Ipt,Touch=tap PC=press Gamepad=press} <color=Highlight>Resonance Skill</color> within a certain time to cast <color=Highlight>Sync Strike</color>, dealing <color=Fire>Fusion DMG</color>.","Sau khi sử dụng <color=Highlight>Basic Attack Stage 2, 3, or 4</color>, {Cus:Ipt,Touch=tap PC=press Gamepad=press} <color=Highlight>Resonance Skill</color> trong khoảng thời gian nhất định để tung <color=Highlight>Sync Strike</color>, gây <color=Fire>Fusion DMG</color>.",C?n ti?ng Anh nghi v?n: Attack; Basic; or; Skill; Stage; Strike; Sync | S? t?/c?m nghi v?n: 7 | T? l? nghi v?n: 0.467 | M?c ??: 37.67
"After casting <color=Highlight>Basic Attack Stage 2, 3, or 4</color>, {Cus:Ipt,Touch=tap PC=press Gamepad=press} <color=Highlight>Resonance Skill</color> within a certain time to cast <color=Highlight>Sync Strike</color>, dealing <color=Fire>Fusion DMG</color>.","Sau khi sử dụng <color=Highlight>Basic Attack Stage 2, 3, or 4</color>, {Cus:Ipt,Touch=tap PC=press Gamepad=press} <color=Highlight>Resonance Skill</color> trong khoảng thời gian nhất định để tung <color=Highlight>Sync Strike</color>, gây <color=Fire>Fusion DMG</color>.",C?n ti?ng Anh nghi v?n: Attack; Basic; or; Skill; Stage; Strike; Sync | S? t?/c?m nghi v?n: 7 | T? l? nghi v?n: 0.467 | M?c ??: 37.67
"Echo Sonata Effect: Flamewing's Shadow

3pcs Set: Dealing Echo Skill DMG increases Heavy Attack Crit. Rate by 20% for 6s. Dealing Heavy Attack DMG increases Echo Skill Crit. Rate by 20% for 6s. While both effects are active, gain 16% Fusion DMG Bonus.","Effect Bộ Hồi Âm: Bóng Dáng Cánh Lửa

3 món: Gây Sát Thương Kỹ Năng Hồi Âm sẽ tăng Crit. Rate của Heavy Attack lên 20% trong 6 giây. Gây Sát Thương Heavy Attack sẽ tăng Crit. Rate của Kỹ Năng Hồi Âm lên 20% trong 6 giây. Khi cả hai hiệu ứng cùng hoạt động, nhận thêm 16% Fusion DMG.",C?n ti?ng Anh nghi v?n: Attack; Effect; Heavy; Rate | S? t?/c?m nghi v?n: 7 | T? l? nghi v?n: 0.467 | M?c ??: 37.67
"<color=Highlight>[Basic Attack]</color>
- Basic Attack is replaced with Thus Spoke the Blade - Inkwash, and the Stage <color=Highlight>{0}</color> attack additionally restores <color=Highlight>{1}</color> points of Swordster's Soliloquy.
- When Heavy Attack or Thus Spoke the Blade - Inkwash Stage <color=Highlight>{2}</color> hits a target, generate a Wind Howl that pulls in targets and Amplifies the Aero DMG they take by <color=Highlight>{3}</color> for <color=Highlight>{4}s</color>. This effect can be triggered <color=Highlight><SapTag=6>{6}</SapTag></color> {Cus:Sap,S=time P=times SapTag=6} every <color=Highlight>{5}s</color>.","<color=Highlight>[Basic Attack]</color>
- Basic Attack được thay thế bằng Kiếm Khách Tự Thoại - Mực Tàu, và đòn tấn công Giai Đoạn <color=Highlight>{0}</color> sẽ hồi phục thêm <color=Highlight>{1}</color> điểm Tự Thoại Kiếm Khách.
- Khi Heavy Attack hoặc Kiếm Khách Tự Thoại - Mực Tàu Giai Đoạn <color=Highlight>{2}</color> trúng mục tiêu, tạo ra Hú Gió hút mục tiêu vào và Aero DMG Bonus thêm <color=Highlight>{3}</color> trong <color=Highlight>{4}s</color>. Hiệu ứng này có thể kích hoạt <color=Highlight><SapTag=6>{6}</SapTag></color> {Cus:Sap,S=lần P=lần SapTag=6} mỗi <color=Highlight>{5}s</color>.",C?n ti?ng Anh nghi v?n: Attack; Basic; Bonus; Heavy; s | S? t?/c?m nghi v?n: 7 | T? l? nghi v?n: 0.467 | M?c ??: 37.67
"<color=#c49e55>[Forte Circuit]</color> Boom Boom gains the following special enhancements:
- {0} extra ""Thermobaric Bullets"" will be available when triggering ""Boom Boom.""
- Dodge Counter can trigger ""Boom Boom.""
- ""Boom Boom"" DMG is increased by {1}.","<color=#c49e55>[Forte Circuit]</color> Boom Boom nhận các hiệu ứng đặc biệt sau:
- Khi kích hoạt ""Boom Boom"", sẽ có thêm {0} viên ""Thermobaric Bullets"".
- Dodge Counter có thể kích hoạt ""Boom Boom"".
- Sát Thương ""Boom Boom"" tăng thêm {1}.",C?n ti?ng Anh nghi v?n: Boom; Bullets; Counter; Dodge; Thermobaric | S? t?/c?m nghi v?n: 12 | T? l? nghi v?n: 0.857 | M?c ??: 37.57
"Evaluation Basis: [Resonance Assessment 1631-G]
The exact time of Resonator Encore's Awakening remains uncertain. According to Encore's reports and resonance inspection, the sheep-like entities that accompany her are considered to be manifestations of her imagination and psychological state. They are believed to represent her Forte abilities.

Encore's Resonance Assessment was found to be influenced by the collective emotion in the testing environment, exhibiting a strong Syntony response. The cause of her Awakening remains unconfirmed.

Encore bears a <te href=850072>Tacet Mark</te> on her upper back, and Post-Awakening examinations have revealed minor physical mutations, including wool-like hair tips. In times of heightened emotional states, she may also manifest sheep-like horns, requiring caution from testing personnel.

Analysis of test samples has revealed a non-convergent <te href=850067>Rabelle's Curve</te> with a noticeable periodic waveform, which classifies Encore as a <te href=850068>Congenital Resonator</te>.","Cơ sở đánh giá: [Đánh Giá Resonance 1631-G]
Thời điểm chính xác của sự Kích Hoạt của Resonator Encore vẫn chưa được xác định. Theo báo cáo của Encore và kết quả test cộng hưởng, những thực thể giống cừu đi theo cô được cho là biểu hiện của trí tưởng tượng và trạng thái tâm lý của cô. Chúng được tin là đại diện cho khả năng Forte của cô.

Đánh giá Resonance của Encore chịu ảnh hưởng bởi cảm xúc tập thể trong môi trường thử nghiệm, thể hiện phản ứng Đồng Điệu mạnh mẽ. Nguyên nhân dẫn đến sự Kích Hoạt của cô vẫn chưa được xác nhận.

Encore mang <te href=850072>Tacet Mark</te> trên lưng trên, và các test sau Kích Hoạt đã phát hiện một số đột biến vật lý nhỏ, bao gồm phần tóc giống như len. Khi cảm xúc lên cao, cô có thể mọc ra sừng giống cừu, yêu cầu nhân viên thử nghiệm phải thận trọng.

Phân tích mẫu thử cho thấy một <te href=850067>Rabelle's Curve</te> không hội tụ với dạng sóng tuần hoàn rõ rệt, qua đó xếp Encore vào loại <te href=850068>Congenital Resonator</te>.",C?n ti?ng Anh nghi v?n: Congenital; Curve; Encore; Mark; Rabelle's; test | S? t?/c?m nghi v?n: 11 | T? l? nghi v?n: 0.355 | M?c ??: 37.55
"Integration: When 3 Echoes with the same Dream Attribute and rarity as this Echo are in the same row, they Integrate into 1 Crownless and gain Dreamland Coupons equal to 450 + total Daily Coupon yield x4. Its Daily Coupon yield equals the total Daily Coupon yield of all the Integrated Echoes.","Integration: Khi 3 Echoes cùng Thuộc Tính Giấc Mơ và độ hiếm với Echoes này đứng cùng hàng, chúng sẽ Integration thành 1 Crownless và nhận được Dreamland Coupons tương đương 450 + tổng số Daily Coupon x4. Số Daily Coupon của nó bằng tổng số Daily Coupon của tất cả các Echoes đã Integration.",C?n ti?ng Anh nghi v?n: Coupon; Coupons; Crownless; Daily; Dreamland; Integration | S? t?/c?m nghi v?n: 12 | T? l? nghi v?n: 0.75 | M?c ??: 37.5
"[Eligibility]
Reach SOL3 Phase 3.

[Double Rewards]
You can consume a double amount of Waveplates to claim double rewards after completing certain challenges.
This effect now stacks with Bountiful Crescendo and Chord Cleansing.
If these two events are active, and their corresponding double-yield attempts are greater than 2, then 2 attempts will be used up to claim quadruple rewards. If only 1 corresponding double-yield attempt remains, then that 1 attempt will be used up to claim triple rewards.

[Applicable Challenges]
Forgery Challenge, Simulation Challenge, Tacet Suppression, and Fantasies of the Thousand Gateways.","[
Điều Kiện Mở Khóa]
Đạt SOL3 Giai đoạn 3.

[
Phần Thưởng Gấp Đôi]
Cậu có thể tiêu thụ số lượng Waveplate gấp đôi để nhận phần thưởng gấp đôi sau khi hoàn thành một số thử thách nhất định.
Hiệu ứng này giờ đây có thể cộng dồn với Bountiful Crescendo và Chord Cleansing.
Nếu cả hai sự kiện này đang diễn ra và số lần nhận thưởng gấp đôi tương ứng lớn hơn 2, thì 2 lần sẽ được sử dụng để nhận phần thưởng gấp bốn. Nếu chỉ còn 1 lần nhận thưởng gấp đôi tương ứng, thì lần đó sẽ được dùng để nhận phần thưởng gấp ba.

[
Challenges Áp Dụng]
Challenges Giả Mạo, Challenges Mô Phỏng, Tacet Suppression và Fantasies of the Thousand Gateways.",C?n ti?ng Anh nghi v?n: Bountiful; Challenges; Chord; Cleansing; Crescendo; Fantasies; Gateways; of; Suppression; Thousand | S? t?/c?m nghi v?n: 11 | T? l? nghi v?n: 0.55 | M?c ??: 37.5
"This enemy has a <color=HighlightB>higher RES</color> to <color=Thunder>Electro DMG</color>.

In the exam zone, Elite Class enemies grant a shield to all friendly units within 15m every 5s. Upon death, they restore 20% HP to nearby friendly units and trigger an explosion that deals damage equal to 100% of ATK.

The Twin Nova mechs were built for exploration beyond the Stridergate. Collapsar Blade is the melee model. Their humanoid form embodies mankind's drive to explore the abyss when they look up at the stars. Together as one, paired Twin Novas demonstrate unprecedented combat capabilities.","Kẻ địch này có <color=HighlightB>higher RES</color> với <color=Thunder>Electro DMG</color>.

Trong khu vực thi, kẻ địch Class Đặc Biệt sẽ tạo lá chắn cho tất cả đồng minh trong phạm vi 15m mỗi 5 giây. Khi bị tiêu diệt, chúng hồi 20% HP cho đồng minh xung quanh và kích nổ, gây sát thương bằng 100% Tấn Công.

Cặp mech Twin Nova được chế tạo để thám hiểm bên ngoài Stridergate. Collapsar Blade là phiên bản cận chiến. Hình dáng người của chúng thể hiện khát vọng khám phá vực thẳm của nhân loại khi ngước nhìn bầu trời sao. Khi kết hợp, cặp Twin Nova thể hiện sức mạnh chiến đấu chưa từng có.",C?n ti?ng Anh nghi v?n: Blade; Class; Collapsar; higher; Nova; RES; Stridergate; Twin | S? t?/c?m nghi v?n: 10 | T? l? nghi v?n: 0.345 | M?c ??: 37.45
"When the ring is summoned with Resonance Skill, using Resonance Skill again teleports Phoebe to the ring's center, where Basic Attack becomes <color=Highlight>Chamuel's Star</color>, dealing <color=Light>Spectro DMG</color>.","Khi chiếc nhẫn được triệu hồi bằng Resonance Skill, sử dụng lại Resonance Skill sẽ dịch chuyển Phoebe đến trung tâm chiếc nhẫn, nơi Basic Attack trở thành <color=Highlight>Chamuel's Star</color>, gây <color=Light>Spectro DMG</color>.",C?n ti?ng Anh nghi v?n: Attack; Basic; Chamuel's; Phoebe; Skill; Star | S? t?/c?m nghi v?n: 7 | T? l? nghi v?n: 0.538 | M?c ??: 37.38
"Hold Resonance Skill to jump into mid-air and {Cus:Ipt,Touch=tap PC=press Gamepad=press} <color=Highlight>Normal Attack</color> within a certain period to cast <color=Highlight>Mid-air Attack Stage 1</color>.","Giữ Resonance Skill để nhảy lên không trung và {Cus:Ipt,Touch=tap PC=press Gamepad=press} <color=Highlight>Normal Attack</color> trong thời gian nhất định để tung ra <color=Highlight>Mid-air Attack Stage 1</color>.",C?n ti?ng Anh nghi v?n: air; Attack; Mid; Normal; Skill; Stage | S? t?/c?m nghi v?n: 7 | T? l? nghi v?n: 0.538 | M?c ??: 37.38
"<color=#c49e55>[Resonance Liberation]</color>
- Resonance Liberation Cooldown is reduced. Gain Resonance Energy every second.
- Casting Resonance Liberation generates a High Syntony Field that deals continuous DMG to enemies within its range.","<color=#c49e55>[Resonance Liberation]</color>
- Cooldown chiêu của Resonance Liberation được rút ngắn. Nhận Resonance Energy mỗi giây.
- Sử dụng Resonance Liberation sẽ tạo ra High Syntony Field gây Sát Thương liên tục lên kẻ địch trong phạm vi.",C?n ti?ng Anh nghi v?n: Cooldown; Energy; Field; High; Liberation; Syntony | S? t?/c?m nghi v?n: 7 | T? l? nghi v?n: 0.538 | M?c ??: 37.38
"Echo Skill increases Combat Rank's progression efficiency by {0}% for {1}s.
Rank ≥ B: Echo Skill Cooldown is decreased by {2}%.
Rank ≥ S: Echo Skill DMG is increased by {3}%.","Skill Echo tăng hiệu suất tiến trình Hạng Combat lên {0}% trong {1} giây.
Hạng ≥ B: Cooldown chiêu Skill Echo giảm {2}%.
Hạng ≥ S: Sát thương Skill Echo tăng {3}%.",C?n ti?ng Anh nghi v?n: B; Combat; Cooldown; S; Skill | S? t?/c?m nghi v?n: 7 | T? l? nghi v?n: 0.636 | M?c ??: 37.36
"<color=#ffd12f>[Damage Increase]</color> Damage dealt, Basic Attack Speed, and Movement Speed are increased after casting Resonance Skill.","<color=#ffd12f>[Damage Increase]</color> Increase Sát thương gây ra, Attack Speed Basic và Movement Speed sau khi sử dụng Resonance Skill.",C?n ti?ng Anh nghi v?n: Attack; Basic; Increase; Movement; Skill; Speed | S? t?/c?m nghi v?n: 7 | T? l? nghi v?n: 0.636 | M?c ??: 37.36
"In this challenge, H.E.R.M.E.S.'s Support Droid is equipped with the Guided Missile Protocol. It automatically fires a guided projectile that locks and attacks the closest target.","Trong thử thách này, Hỗ Trợ Droid của H.E.R.M.E.S. được trang bị Guided Missile Protocol. Nó sẽ tự động phóng một tên lửa dẫn đường, khóa và tấn công mục tiêu gần nhất.",C?n ti?ng Anh nghi v?n: Droid; E; Guided; H; M; Missile; Protocol; R; S | S? t?/c?m nghi v?n: 10 | T? l? nghi v?n: 0.833 | M?c ??: 37.33
"<color=#c49e55>[Resonance Skill]</color>
For every <SapTag=0>{0}</SapTag> {Cus:Sap,S=time P=times SapTag=0} Resonance Skill - Flickering Reverie is cast, the next Flickering Reverie becomes Enhanced Flickering Reverie, dealing Flickering Reverie DMG plus Havoc DMG equal to {2} of Cantarella's ATK <SapTag=1>{1}</SapTag> {Cus:Sap,S=time P=times SapTag=1}, then generate Tidal Reverberation <SapTag=3>{3}</SapTag> {Cus:Sap,S=time P=times SapTag=3}, dealing Havoc DMG equal to {4} of Cantarella's ATK, considered Basic Attack DMG.
When Jolt is triggered, Flickering Reverie's Cooldown is reduced by {5}s.","<color=#c49e55>[Resonance Skill]</color>
Mỗi lần sử dụng Resonance Skill - Ảo Ảnh Lấp Lánh <SapTag=0>{0}</SapTag> {Cus:Sap,S=lần P=lần SapTag=0}, lần thi triển Ảo Ảnh Lấp Lánh tiếp theo sẽ trở thành Ảo Ảnh Lấp Lánh Cường Hóa, gây sát thương Ảo Ảnh Lấp Lánh cộng thêm Havoc DMG bằng {2} Attack của Cantarella <SapTag=1>{1}</SapTag> {Cus:Sap,S=lần P=lần SapTag=1}, sau đó tạo ra Dư Âm Thủy Triều <SapTag=3>{3}</SapTag> {Cus:Sap,S=lần P=lần SapTag=3}, gây Havoc DMG bằng {4} Attack của Cantarella, được tính là sát thương Basic Attack.
Khi hiệu ứng Giật Điện kích hoạt, Cooldown chiêu của Ảo Ảnh Lấp Lánh giảm {5} giây.",C?n ti?ng Anh nghi v?n: Attack; Basic; Cooldown; Skill | S? t?/c?m nghi v?n: 6 | T? l? nghi v?n: 0.333 | M?c ??: 37.33
"The enemy has a <color=HighlightB>higher RES</color> to <color=Ice>Glacio DMG</color>.

Lumiscale Constructs are composed of Jué's defensive modules, commonly known as ""Loong's Scales."" 

They are found throughout the Court of Savantae ruins in Mt. Firmament, tasked with eliminating intruders and potential threats to Jué.","Kẻ địch có <color=HighlightB>higher RES</color> đối với <color=Ice>Glacio DMG</color>.

Lumiscale Constructs được cấu thành từ các mô-đun phòng thủ của Jué, thường được gọi là ""Vảy Rồng"".

Chúng xuất hiện khắp nơi trong đống đổ nát Court of Savantae trên Núi Firmament, với nhiệm vụ tiêu diệt kẻ xâm nhập và các mối đe dọa tiềm tàng đối với Jué.",C?n ti?ng Anh nghi v?n: Constructs; Court; Firmament; higher; Lumiscale; of; RES; Savantae | S? t?/c?m nghi v?n: 8 | T? l? nghi v?n: 0.727 | M?c ??: 37.27
"<color=#c49e55>[Basic Attack]</color>
When Basic Attack Stage {0} and Dodge Counter deal damage, additionally generate Gate of Quandary - Interval in front for {1}s and <SapTag=2>{2}</SapTag> Mist {Cus:Sap,S=Bullet P=Bullets SapTag=2}.","<color=#c49e55>[Basic Attack]</color>
Khi Giai Đoạn {0} Basic Attack và Dodge Counter gây sát thương, sẽ tạo thêm Gate of Quandary - Interval ở phía trước trong {1} giây và <SapTag=2>{2}</SapTag> viên {Cus:Sap,S=Sương P=Sương SapTag=2} Sương Mù.",C?n ti?ng Anh nghi v?n: Attack; Basic; Counter; Dodge; Gate; Interval; of; Quandary | S? t?/c?m nghi v?n: 8 | T? l? nghi v?n: 0.727 | M?c ??: 37.27
"Use <color=#ffd12f>Directional Input</color> to control the Blocker's movements. Move the <color=#ffd12f>Cube Blocker</color> to the <color=#ffd12f>Endpoint Module</color> to bring the Smartprint Cube back online.
Long Cube Blockers (1x2) must be perfectly aligned to trigger the Smartprint Cube's compilation.
Use the <color=#ffd12f>Reset</color> button to reset the progress.","Dùng <color=#ffd12f>Directional Input</color> để di chuyển Cube Blocker. Đưa <color=#ffd12f>Cube Blocker</color> đến <color=#ffd12f>Endpoint Mô-đun</color> để kích hoạt lại Khối Smartprint.
Cube Blocker dài (1x2) phải căn chỉnh chính xác mới kích hoạt được quá trình biên dịch của Khối Smartprint.
Nhấn <color=#ffd12f>Đặt lại</color> để đặt lại tiến trình.",C?n ti?ng Anh nghi v?n: Blocker; Cube; Directional; Endpoint; Input; Smartprint | S? t?/c?m nghi v?n: 11 | T? l? nghi v?n: 0.917 | M?c ??: 37.17
"You track them down and discover they are Consultants for the Black Shores. Aalto strikes a deal to reveal what he knows about you in exchange for your help in recovering a Resonance Beacon from the Court of Savantae Ruins, in Whining Aix's Mire.","Ngươi lần theo dấu vết và phát hiện ra chúng là những Tư Vấn Viên của Black Shores. Aalto đề nghị tiết lộ những gì hắn biết về ngươi đổi lấy sự giúp đỡ của ngươi trong việc lấy lại một Cột Mốc Resonance từ Court of Savantae Ruins, tại Whining Aix's Mire.",C?n ti?ng Anh nghi v?n: Aalto; Aix's; Black; Court; Mire; of; Ruins; Savantae; Shores; Whining | S? t?/c?m nghi v?n: 10 | T? l? nghi v?n: 0.714 | M?c ??: 37.14
"You can equip an <color=#ffd12f>Ultrasonic Pulse Chip</color> to launch a Water Vortex. The Water Vortex can <color=#ffd12f>clear</color> the mud along the path. Upon hitting the enemies, it can <color=#ffd12f>remove</color> the enemies' <color=#ffd12f>Mud Shields</color> and knock them back. Upon hitting the Swamp Vortex, it can trigger an <color=#ffd12f>AoE DMG</color>.","Bạn có thể trang bị <color=#ffd12f>Ultrasonic Pulse Chip</color> để phóng một vòng xoáy nước. Vòng xoáy nước có thể <color=#ffd12f>clear</color> bùn trên đường đi. Khi trúng kẻ địch, nó sẽ <color=#ffd12f>remove</color> <color=#ffd12f>Mud Shields</color> của chúng và đẩy lùi chúng. Khi trúng Swamp Vortex, nó có thể kích hoạt <color=#ffd12f>AoE DMG</color>.",C?n ti?ng Anh nghi v?n: AoE; Chip; clear; Mud; Pulse; remove; Shields; Swamp; Ultrasonic; Vortex | S? t?/c?m nghi v?n: 10 | T? l? nghi v?n: 0.714 | M?c ??: 37.14
Every Basic Attack performed reduces Resonance Skill and Resonance Liberation Cooldown by {0}.,Mỗi Basic Attack thực hiện sẽ giảm Cooldown chiêu của Resonance Skill và Resonance Liberation đi {0}.,C?n ti?ng Anh nghi v?n: Attack; Basic; Cooldown; Liberation; Skill | S? t?/c?m nghi v?n: 5 | T? l? nghi v?n: 0.714 | M?c ??: 37.14
Every Basic Attack performed reduces Resonance Skill and Resonance Liberation Cooldown.,Mỗi Basic Attack thực hiện sẽ giảm Cooldown chiêu của Resonance Skill và Resonance Liberation.,C?n ti?ng Anh nghi v?n: Attack; Basic; Cooldown; Liberation; Skill | S? t?/c?m nghi v?n: 5 | T? l? nghi v?n: 0.714 | M?c ??: 37.14
"<size=40><color=Title>Fleurdelys</color></size>
Transform into <color=Highlight>Fleurdelys</color> and unlock new moves.
When in <color=Highlight>Manifest</color>, <color=Highlight>Cartethyia</color> is able to freely transform between herself and <color=Highlight>Fleurdelys</color>.
<size=10></size>
<size=40><color=Title>Forte Gauge</color></size>
As <color=Highlight>Fleurdelys</color>, attacks restore <color=Highlight>Forte Gauge</color>.
When <color=Highlight>Forte Gauge</color> is full, <color=Highlight>Resonance Liberation Finisher</color> is available.","<size=40><color=Title>Fleurdelys</color></size>
Biến thành <color=Highlight>Fleurdelys</color> và mở khóa các đòn đánh mới.
Khi ở trạng thái <color=Highlight>Manifest</color>, <color=Highlight>Cartethyia</color> có thể tự do biến đổi giữa hình dạng của cô và <color=Highlight>Fleurdelys</color>.
<size=10></size>
<size=40><color=Title>Forte Gauge</color></size>
Dưới hình dạng <color=Highlight>Fleurdelys</color>, các đòn tấn công sẽ hồi phục <color=Highlight>Forte Gauge</color>.
Khi <color=Highlight>Forte Gauge</color> đầy, <color=Highlight>Resonance Liberation Finisher</color> sẽ sẵn sàng.",C?n ti?ng Anh nghi v?n: Cartethyia; Finisher; Fleurdelys; Gauge; Liberation; Manifest | S? t?/c?m nghi v?n: 11 | T? l? nghi v?n: 0.611 | M?c ??: 37.11
"[Resistance]: This enemy has a higher <color=Thunder>Electro RES</color> and <color=Dark>Havoc RES</color>.

[Tidebreaker]: Vibration Strength Reduction from Intro Skills is decreased, while increased for Counterattacks that interrupt the False Sovereign's attacks.

[Death's Dance]: 3 minutes after the battle begins, Resonators' ATK is increased by 10% every 10s, up to 100%. The DMG taken by Resonators will also increase by 10% every 10s, with no stacking limit. All Resonators in the team lose 10% of their Max HP every 2s, until their HP reaches below 20%.","[Kháng]: Kẻ địch này có <color=Thunder>Electro RES</color> và <color=Dark>Havoc RES</color> cao hơn.

[Phá Triều]: Giảm hiệu ứng deplete Vibration Strength từ Intro Skill, nhưng tăng hiệu ứng này cho các Phản Đòn làm gián đoạn đòn tấn công của False Sovereign.

[Điệu Vũ Tử Thần]: Sau 3 phút giao tranh, Tấn Công của Resonators tăng 10% mỗi 10 giây, tối đa 100%. Sát Thương nhận vào cũng tăng 10% mỗi 10 giây, không giới hạn cộng dồn. Tất cả Resonators trong đội mất 10% HP tối đa mỗi 2 giây, cho đến khi HP còn dưới 20%.",C?n ti?ng Anh nghi v?n: False; Intro; RES; Skill; Strength; Vibration | S? t?/c?m nghi v?n: 7 | T? l? nghi v?n: 0.304 | M?c ??: 37.04
"The Sanguis Plateaus was once the Septimont frontline against the Dark Tide. Due to the region's unique landscape, Remnant energy gathers here in unusual density, along with a Blightcloud perpetually looming overhead, formed since the first Dark Tide. During High Tide seasons, Gladiators from across Septimont arrive here to hunt Dark Tide creations in the name of glory.","Sanguis Plateaus từng là tiền tuyến của Septimont chống lại Dark Tide. Do địa hình đặc biệt của vùng đất này, năng lượng Remnant tích tụ ở đây với mật độ dày đặc, cùng với đám mây Blightcloud vĩnh viễn treo lơ lửng trên đầu, hình thành từ đợt Dark Tide đầu tiên. Vào mùa High Tide, các Gladiator từ khắp Septimont đổ về đây săn lùng những sinh vật Dark Tide để giành lấy vinh quang.",C?n ti?ng Anh nghi v?n: Blightcloud; Dark; High; Plateaus; Remnant; Sanguis; Tide | S? t?/c?m nghi v?n: 12 | T? l? nghi v?n: 0.6 | M?c ??: 37.0
Optional: Defeat Inferno Rider to remove Fallacy of No Return's Shield and restore Resonance Energy for the team.,Tùy chọn: Defeat Inferno Rider để phá bỏ Shield Fallacy of Không Return và khôi phục Resonance Energy cho cả đội.,C?n ti?ng Anh nghi v?n: Defeat; Energy; Fallacy; Inferno; of; Return; Rider; Shield | S? t?/c?m nghi v?n: 8 | T? l? nghi v?n: 0.8 | M?c ??: 37.0
Optional: Defeat Impermanence Heron to remove Fallacy of No Return's Shield and restore Resonance Energy for the team.,Tùy chọn: Defeat Impermanence Heron để phá bỏ Shield Fallacy of Không Return và khôi phục Resonance Energy cho cả đội.,C?n ti?ng Anh nghi v?n: Defeat; Energy; Fallacy; Heron; Impermanence; of; Return; Shield | S? t?/c?m nghi v?n: 8 | T? l? nghi v?n: 0.8 | M?c ??: 37.0
Optional: Defeat Inferno Rider to remove Fallacy of No Return's Shield and restore Resonance Energy for the team.,Tùy chọn: Defeat Inferno Rider để phá bỏ Shield Fallacy of Không Return và khôi phục Resonance Energy cho cả đội.,C?n ti?ng Anh nghi v?n: Defeat; Energy; Fallacy; Inferno; of; Return; Rider; Shield | S? t?/c?m nghi v?n: 8 | T? l? nghi v?n: 0.8 | M?c ??: 37.0
Optional: Defeat Impermanence Heron to remove Fallacy of No Return's Shield and restore Resonance Energy for the team.,Tùy chọn: Defeat Impermanence Heron để phá bỏ Shield Fallacy of Không Return và khôi phục Resonance Energy cho cả đội.,C?n ti?ng Anh nghi v?n: Defeat; Energy; Fallacy; Heron; Impermanence; of; Return; Shield | S? t?/c?m nghi v?n: 8 | T? l? nghi v?n: 0.8 | M?c ??: 37.0
"<color=Highlight>Activated if the team's active Resonator is Rover</color>
Casting Resonance Liberation summons the Phantom Rovers of the other Attributes to cast their Resonance Liberation, each time dealing DMG equal to {0} of ATK. This effect is triggered once every {1}s.","<color=Highlight>Activated if the team's active Resonator is Rover</color>
Khi sử dụng Resonance Liberation, triệu hồi các Phantom Rover thuộc các Thuộc Tính khác để thi triển Resonance Liberation của chúng, mỗi lần gây Sát Thương bằng {0} Tấn Công. Hiệu ứng này kích hoạt mỗi {1} giây một lần.",C?n ti?ng Anh nghi v?n: Activated; active; if; is; Liberation; Phantom; team's | S? t?/c?m nghi v?n: 8 | T? l? nghi v?n: 0.5 | M?c ??: 37.0
"<color=Highlight>[Resonance Skill]</color>
- Resonance Skill - Through the Groves has its Cooldown reduced by <color=Highlight>{0}s</color> and its total DMG increased by <color=Highlight>{1}</color>. Casting this skill grants <color=Highlight>{2}</color> Aero DMG Bonus for <color=Highlight>{3}s</color>.
- Resonance Skill - Through the Groves will be automatically cast when Qiuyuan is being hit, stagnating nearby enemies for <color=Highlight>{4}s</color> and restoring <color=Highlight>{5}</color> points of Swordster's Soliloquy.","<color=Highlight>[Resonance Skill]</color>
- Resonance Skill - ""Vượt Qua Rặng Cây"" giảm Cooldown chiêu <color=Highlight>{0}s</color> và tổng sát thương tăng <color=Highlight>{1}</color>. Sử dụng kỹ năng này sẽ nhận <color=Highlight>{2}</color> Aero DMG Bonus trong <color=Highlight>{3}s</color>.
- Resonance Skill - ""Vượt Qua Rặng Cây"" sẽ tự động thi triển khi Qiuyuan bị tấn công, làm chậm kẻ địch xung quanh trong <color=Highlight>{4}s</color> và hồi phục <color=Highlight>{5}</color> điểm Khúc Tự Kiếm Sĩ.",C?n ti?ng Anh nghi v?n: Bonus; Cooldown; Qiuyuan; s; Skill | S? t?/c?m nghi v?n: 8 | T? l? nghi v?n: 0.4 | M?c ??: 37.0
Lynae: <color=#d4bf5f>Kaleidoscopic Parade - Mid-air Heavy Attack</color> Tutorial,Lynae: Hướng dẫn <color=#d4bf5f>Kaleidoscopic Parade - Mid-air Heavy Attack</color>,C?n ti?ng Anh nghi v?n: air; Attack; Heavy; Kaleidoscopic; Lynae; Mid; Parade | S? t?/c?m nghi v?n: 7 | T? l? nghi v?n: 1.0 | M?c ??: 37.0
Hiyuki: <color=#d4bf5f>Heavy Attack - Frost Splinter: Present Self</color> Tutorial,Hiyuki: <color=#d4bf5f>Heavy Attack - Frost Splinter: Present Self</color>,C?n ti?ng Anh nghi v?n: Attack; Frost; Heavy; Hiyuki; Present; Self; Splinter | S? t?/c?m nghi v?n: 7 | T? l? nghi v?n: 1.0 | M?c ??: 37.0
Denia: <color=#d4bf5f>Mid-air Heavy Attack - Breakdown Form</color> Tutorial,Denia: <color=#d4bf5f>Mid-air Heavy Attack - Breakdown Form</color>,C?n ti?ng Anh nghi v?n: air; Attack; Breakdown; Denia; Form; Heavy; Mid | S? t?/c?m nghi v?n: 7 | T? l? nghi v?n: 1.0 | M?c ??: 37.0
Resonators <color=#b72924ff>take 30% more DMG</color>. <color=#5cc96aff>Dodge Counter</color> additionally deals DMG equal to <color=#5cc96aff>3% of their Max HP</color> to the enemy.,Resonators <color=#b72924ff>take 30% more DMG</color>. <color=#5cc96aff>Dodge Counter</color> còn gây thêm sát thương bằng <color=#5cc96aff>3% of their Max HP</color> lên kẻ địch.,C?n ti?ng Anh nghi v?n: Counter; Dodge; Max; more; of; take; their | S? t?/c?m nghi v?n: 7 | T? l? nghi v?n: 0.7 | M?c ??: 37.0
"<color=Highlight>[Basic Attack]</color>
- Targets within Ring of Mirrors receive <color=Highlight>{0}</color> more Spectro DMG.
- Hitting a target with Basic Attack grants <color=Highlight><SapTag=1>{1}</SapTag></color> {Cus:Sap,S=stack P=stacks SapTag=1} of Hymn, up to <color=Highlight><SapTag=2>{2}</SapTag></color> {Cus:Sap,S=stack P=stacks SapTag=2}. This effect can be triggered <color=Highlight><SapTag=3>{3}</SapTag></color> {Cus:Sap,S=time P=times SapTag=3} per second.
Reaching the max stacks of Hymn removes all stacks to trigger an explosion once, dealing Spectro DMG equal to <color=Highlight>{4}</color> of Phoebe's ATK in total, considered as Basic Attack DMG.","<color=Highlight>[Basic Attack]</color>
- Mục tiêu trong Vòng Gương nhận thêm <color=Highlight>{0}</color> Spectro DMG.
- Đánh trúng mục tiêu bằng Basic Attack sẽ nhận <color=Highlight><SapTag=1>{1}</SapTag></color> {Cus:Sap,S=lớp P=lớp SapTag=1} Hymn, tối đa <color=Highlight><SapTag=2>{2}</SapTag></color> {Cus:Sap,S=lớp P=lớp SapTag=2}. Hiệu ứng này có thể kích hoạt <color=Highlight><SapTag=3>{3}</SapTag></color> {Cus:Sap,S=lần P=lần SapTag=3} mỗi giây.
Khi đạt tối đa lớp Hymn, tất cả lớp sẽ bị loại bỏ để kích nổ một lần, gây Spectro DMG bằng <color=Highlight>{4}</color> Attack của Phoebe, được tính là Sát Thương Basic Attack.",C?n ti?ng Anh nghi v?n: Attack; Basic; Hymn | S? t?/c?m nghi v?n: 7 | T? l? nghi v?n: 0.5 | M?c ??: 37.0
"[Resistance]: This enemy has a higher <color=Wind>Aero RES</color> and <color=Ice>Glacio RES</color>.

[Undercurrent]: A successful Dodge recovers certain STA and Concerto Energy.

[Impartation]: Casting Intro Skill increases the caster's ATK by 20% and decreases their DMG taken by 30% for 10s.","[Kháng Hiệu Ứng]: Kẻ địch này có <color=Wind>Aero RES</color> và <color=Ice>Glacio RES</color> cao hơn.

[Dòng Ngầm]: Dodge thành công sẽ hồi một lượng STA và Concerto Energy nhất định.

[Ban Phước]: Sử dụng Intro Skill sẽ tăng 20% Tấn Công và giảm 30% Sát Thương Nhận Vào của người dùng trong 10 giây.",C?n ti?ng Anh nghi v?n: Dodge; Energy; Intro; RES; Skill | S? t?/c?m nghi v?n: 6 | T? l? nghi v?n: 0.5 | M?c ??: 37.0
Use <color=Highlight>Basic Attack</color> shortly after casting Resonance Skill to perform <color=Highlight>Basic Attack Stage 2</color>.,"Ngay sau khi dùng Resonance Skill, sử dụng <color=Highlight>Basic Attack</color> để thực hiện <color=Highlight>Basic Attack Stage 2</color>.",C?n ti?ng Anh nghi v?n: Attack; Basic; Skill; Stage | S? t?/c?m nghi v?n: 6 | T? l? nghi v?n: 0.6 | M?c ??: 37.0
"Attack the target, dealing <color=Thunder>Electro DMG</color> and continuously pulling in nearby targets.
- Right after casting <color=Highlight>Resonance Skill</color>, <color=Highlight>{Cus:Ipt,Touch=tap PC=press Gamepad=press} Normal Attack</color> to perform <color=Highlight>Basic Attack Stage 4</color>.","Tấn công mục tiêu, gây <color=Thunder>Electro DMG</color> và liên tục hút các mục tiêu gần đó.
- Ngay sau khi sử dụng <color=Highlight>Resonance Skill</color>, <color=Highlight>{Cus:Ipt,Touch=tap PC=press Gamepad=press} Normal Attack</color> để thực hiện <color=Highlight>Basic Attack Stage 4</color>.",C?n ti?ng Anh nghi v?n: Attack; Basic; Normal; Skill; Stage | S? t?/c?m nghi v?n: 6 | T? l? nghi v?n: 0.5 | M?c ??: 37.0
"<color=#c49e55>[Forte Circuit]</color>
Casting Resonance Skill - Dance With the Wolf or Resonance Skill: Dance With the Wolf - Climax restores {0} of Lupa's Max HP, pulls in nearby targets, and summons Wolfpack, dealing Fusion DMG equal to {1} of ATK in total to targets within range each second. The DMG dealt is considered as Basic Attack DMG. Wolfpack restores {2} points Resonance Energy on hit, lasting for {3}s.","<color=#c49e55>[Forte Circuit]</color>
Kích hoạt Resonance Skill - Khiêu Vũ Cùng Sói hoặc Resonance Skill: Khiêu Vũ Cùng Sói - Cao Trào sẽ hồi {0} HP Tối Đa của Lupa, hút mục tiêu xung quanh và triệu hồi Bầy Sói, gây Fusion DMG mỗi giây bằng {1} Attack trong phạm vi. Sát Thương gây ra được tính là Sát Thương Basic Attack. Bầy Sói hồi {2} Resonance Energy khi trúng mục tiêu, hiệu ứng kéo dài {3} giây.",C?n ti?ng Anh nghi v?n: Attack; Basic; Energy; Skill | S? t?/c?m nghi v?n: 6 | T? l? nghi v?n: 0.3 | M?c ??: 37.0
"<color=Highlight>[Forte Circuit]</color>
Casting Resonance Skill - Dance With the Wolf or Resonance Skill - Dance With the Wolf: Climax restores <color=Highlight>{0}</color> of Lupa's Max HP, pulls in nearby targets, and summons Wolfpack, dealing Fusion DMG equal to <color=Highlight>{1}</color> of her ATK in total to targets within range each second. The DMG dealt is considered Basic Attack DMG. Wolfpack restores <color=Highlight>{2}</color> points Resonance Energy on hit, lasting for <color=Highlight>{3}</color>s.","<color=Highlight>[Forte Circuit]</color>
Kích hoạt Resonance Skill - Khiêu Vũ Cùng Sói hoặc Resonance Skill - Khiêu Vũ Cùng Sói: Cao Trào sẽ phục hồi <color=Highlight>{0}</color> HP tối đa của Lupa, hút các mục tiêu xung quanh và triệu hồi Bầy Sói, gây Fusion DMG mỗi giây bằng <color=Highlight>{1}</color> Attack của cô lên các mục tiêu trong phạm vi. Sát thương gây ra được tính là sát thương từ Basic Attack. Bầy Sói sẽ hồi <color=Highlight>{2}</color> Resonance Energy khi trúng mục tiêu, hiệu ứng kéo dài <color=Highlight>{3}</color> giây.",C?n ti?ng Anh nghi v?n: Attack; Basic; Energy; Skill | S? t?/c?m nghi v?n: 6 | T? l? nghi v?n: 0.3 | M?c ??: 37.0
"<color=RedA>You have not locked any Substats.</color> This modification will consume Transducer <color=HighlightB>x{0}</color>. Proceed?
(Transducer x1 is consumed if 2 or fewer Substats are locked)","<color=RedA>Bạn have not locked any Substats.</color> Việc chỉnh sửa này sẽ tiêu tốn <color=HighlightB>x{0}</color> Bộ Chuyển Hóa. Tiếp tục?
(Nếu khóa 2 Thuộc tính phụ trở xuống, sẽ tiêu tốn 1 Bộ Chuyển Hóa)",C?n ti?ng Anh nghi v?n: any; have; locked; not; Substats; x | S? t?/c?m nghi v?n: 6 | T? l? nghi v?n: 1.0 | M?c ??: 37.0
"<color=#c49e55>[Resonance Skill]</color> When casting skills that grant Enflamement, deal additional DMG equal to the DMG of the first 3 stages of True Sight: Capture. Immune to damage while casting True Sight: Capture, Conquest, and Charge.","<color=#c49e55>[Resonance Skill]</color> Khi sử dụng kỹ năng tạo trạng thái Bừng Cháy, gây thêm sát thương bằng với sát thương của 3 giai đoạn đầu của True Sight: Capture. Immune sát thương khi thi triển True Sight: Capture, Conquest và Charge.",C?n ti?ng Anh nghi v?n: Capture; Charge; Conquest; Immune; Sight; True | S? t?/c?m nghi v?n: 9 | T? l? nghi v?n: 0.692 | M?c ??: 36.92
"<color=#ffd12f>[Attack]</color>
Casting Resonance Liberation <color=Highlight>consumes half of your current HP</color> to increase your ATK.","<color=#ffd12f>[Attack]</color>
Kích hoạt Resonance Liberation sẽ <color=Highlight>consumes half of your current HP</color> để tăng Attack.",C?n ti?ng Anh nghi v?n: Attack; consumes; current; half; Liberation; of; your | S? t?/c?m nghi v?n: 7 | T? l? nghi v?n: 0.778 | M?c ??: 36.78
"Today, I stand here to recount these ""costs."" Not to dwell on suffering, but to remind you, and myself, that this very moment we are living through, and every tomorrow to come, is a chain of miracles built on the accumulation of all that came before.

I still remember my first speech after taking office here. It was at the memorial for the Roald expedition team.

Since then, I have witnessed the disappearance of many fine explorers.

But they were never just cold, lifeless names on a list. The traces they left behind still guide us forward.

Together with the Roya, lost in darkness since ages past, they endured. They resisted dissolution in eternal darkness.

The Roya. The people of Rinascita. The people of Huanglong... People from every corner of Solaris, even in the deepest darkness of the void, they resisted dissolution. They kept moving forward. They kept exploring.
...
...
...

As for what came after, I believe everyone here already knows. We are still standing here. Even when nothingness tried to consume all of Lahai-Roi, we are still standing here.

Yes. We have lost so much.

But right now, we are still standing. And we will keep moving forward.

Aleph-One tried to make us believe that everything eventually returns to nothing. But it was wrong. That signal, sent by a probe Solaris explorers launched years ago, was not white noise. Not cosmic background radiation. 

It was the voice of the beginning. The afterglow of the universe's birth. And we can still hear it, across billions of years.

So remember this: everything that has ever existed always leaves a trace.

The Spacetrek Collective will not stop. One day, we will break through the Etheric Sea. We will venture into a wider world.

And as the Exostrider once said:

May we meet again in the boundless sea of stars!","Hôm nay, tôi đứng đây để kể lại những ""cái giá"" ấy. Không phải để đắm chìm trong đau khổ, mà để nhắc nhở các bạn, và chính bản thân tôi, rằng khoảnh khắc này chúng ta đang sống, và mọi ngày mai sắp tới, đều là chuỗi những phép màu được xây dựng từ sự tích lũy của tất cả những gì đã qua.

Tôi vẫn còn nhớ bài phát biểu đầu tiên sau khi nhậm chức ở đây. Đó là tại lễ tưởng niệm đội thám hiểm Roald.

Kể từ đó, tôi đã chứng kiến sự biến mất của biết bao nhà thám hiểm tài giỏi.

Nhưng họ không bao giờ chỉ là những cái tên lạnh lẽo, vô hồn trên danh sách. Những dấu vết họ để lại vẫn tiếp tục dẫn dắt chúng ta tiến về phía trước.

Cùng với Roya, những người đã mất tích trong bóng tối từ ngàn xưa, họ đã kiên cường. Họ chống lại sự tan biến trong bóng tối vĩnh hằng.

Roya. Người dân Rinascita. Người dân Huanglong... Những con người từ mọi ngóc ngách của Solaris, ngay cả trong bóng tối sâu thẳm của hư không, họ vẫn chống lại sự tan biến. Họ vẫn tiến về phía trước. Họ vẫn tiếp tục khám phá.
...
...
...

Còn những gì xảy ra sau đó, tôi tin rằng mọi người ở đây đều đã biết. Chúng ta vẫn đang đứng đây. Ngay cả khi hư vô cố nuốt trọn Lahai-Roi, chúng ta vẫn đứng vững.

Yes. Chúng ta đã mất mát quá nhiều.

Nhưng ngay lúc này, chúng ta vẫn đang đứng đây. Và chúng ta sẽ tiếp tục tiến về phía trước.

Aleph-One đã cố khiến chúng ta tin rằng mọi thứ cuối cùng đều trở về hư vô. Nhưng nó đã sai. Tín hiệu đó, được gửi đi từ một tàu thăm dò mà các nhà thám hiểm Solaris phóng lên cách đây nhiều năm, không phải là tiếng ồn trắng. Không phải bức xạ nền vũ trụ.

Đó là tiếng nói của khởi đầu. Ánh sáng sau vụ nổ Big Bang. Và chúng ta vẫn có thể nghe thấy nó, xuyên qua hàng tỷ năm.

Vì vậy, hãy ghi nhớ điều này: mọi thứ từng tồn tại đều để lại dấu vết.

Spacetrek Collective sẽ không dừng lại. Một ngày nào đó, chúng ta sẽ vượt qua Etheric Seaic. Chúng ta sẽ tiến vào một thế giới rộng lớn hơn.

Và như Exostrider từng nói:

Nguyện chúng ta gặp lại nhau trong biển sao vô tận!",C?n ti?ng Anh nghi v?n: Aleph; Collective; Etheric; Exostrider; Lahai; One; Roald; Roya; Spacetrek; Yes | S? t?/c?m nghi v?n: 11 | T? l? nghi v?n: 0.175 | M?c ??: 36.75
"<color=#c49e55>[Forte Circuit]</color>
- Crit. Rate is increased by {0}. When Crit. Rate exceeds {1}, every {2} excess Crit. Rate is converted into {3} ATK.
- Dealing Critical DMG triggers {4} Zephyr Slashes, altogether dealing Aero DMG equal to {5} of ATK, considered Heavy Attack DMG. This effect can be triggered <SapTag=7>{7}</SapTag> {Cus:Sap,S=stack P=stacks SapTag=7} every {6}s.","<color=#c49e55>[Forte Circuit]</color>
- Crit. Rate tăng thêm {0}. Khi Crit. Rate vượt quá {1}, mỗi {2} Crit. Rate dư sẽ chuyển hóa thành {3} Attack.
- Gây Crit. DMG sẽ kích hoạt {4} đòn Zephyr Slash, tổng cộng gây Aero DMG bằng {5} Attack, được tính là sát thương của Heavy Attack. Hiệu ứng này có thể kích hoạt <SapTag=7>{7}</SapTag> {Cus:Sap,S=lần P=lần SapTag=7} mỗi {6} giây.",C?n ti?ng Anh nghi v?n: Attack; Heavy; Rate; Zephyr | S? t?/c?m nghi v?n: 8 | T? l? nghi v?n: 0.471 | M?c ??: 36.71
"In this challenge, H.E.R.M.E.S.'s Support Droid is equipped with the Sustained Combustion Protocol. It fires projectiles that inflict a burning effect, continuously dealing damage to the target.","Trong thử thách này, Hỗ Trợ Droid của H.E.R.M.E.S. được trang bị Sustained Combustion Protocol. Nó bắn ra các đạn gây hiệu ứng bỏng, liên tục gây sát thương lên mục tiêu.",C?n ti?ng Anh nghi v?n: Combustion; Droid; E; H; M; Protocol; R; S; Sustained | S? t?/c?m nghi v?n: 10 | T? l? nghi v?n: 0.769 | M?c ??: 36.69
"Basic Attack: Stormy Kicks: Under Striding Lion state, tap {0} when no more than 10 Forte Gauge is consumed","Basic Attack: Stormy Kicks - Trong trạng thái Under Striding Lion, nhấn {0} khi tiêu hao không quá 10 Forte Gauge",C?n ti?ng Anh nghi v?n: Attack; Basic; Gauge; Kicks; Lion; Stormy; Striding; Under | S? t?/c?m nghi v?n: 8 | T? l? nghi v?n: 0.667 | M?c ??: 36.67
"<color=Title>Effect</color>
Healing restores Concerto Energy and Resonance Energy.

<color=Title>Support Skill</color>
Recover HP for all Resonators in the team and activate <color=Highlight><te href=851104>Boost - Namipon Aid</te></color>, continuously restoring HP.","<color=Title>Effect</color>
Hồi phục HP sẽ khôi phục Concerto Energy và Resonance Energy.

<color=Title>Hỗ Trợ Skill</color>
Hồi phục HP cho tất cả Resonators trong đội và kích hoạt <color=Highlight><te href=851104>Boost - Namipon Aid</te></color>, liên tục hồi phục HP.",C?n ti?ng Anh nghi v?n: Aid; Boost; Effect; Energy; Namipon; Skill | S? t?/c?m nghi v?n: 7 | T? l? nghi v?n: 0.467 | M?c ??: 36.67
"Transform into Nightmare: Kelpie to attack nearby targets, dealing {0} Glacio DMG.
The Resonator with this Echo equipped in the main slot gains {2} Glacio DMG Bonus and {3} Aero DMG Bonus. Switching out the Resonator with Outro Skill summons Nightmare: Kelpie to deal {1} Aero DMG.
CD: {4}s","Biến thành Nightmare: Kelpie để tấn công mục tiêu lân cận, gây {0} Glacio DMG.
Resonator trang bị Echo này ở vị trí chính sẽ nhận {2} Glacio DMG Bonus và {3} Aero DMG Bonus. Khi thay đổi Resonator bằng Outro Skill, Nightmare: Kelpie sẽ xuất hiện và gây {1} Aero DMG.
Hồi chiêu: {4} giây",C?n ti?ng Anh nghi v?n: Bonus; Kelpie; Nightmare; Outro; Skill | S? t?/c?m nghi v?n: 8 | T? l? nghi v?n: 0.364 | M?c ??: 36.64
"Past memories lie buried deep within dreams, and the key to exploration is in your hands. Please do not forget, only within dreams will the answers be revealed.

[Dreamscape Aid]
Manually trigger the Divined Dream state when Dreamscape Energy reaches 500 points. In this state, Sigils and certain Metaphors will be enhanced, Crit. Rate and Energy Regen of all Resonators in the team are increased by 50% and 100% respectively. The cooldown after casting Resonance Skill or Resonance Liberation is reduced by 50%, triggered once every 4s. Divined Dream lasts for 10s and depletes all Dreamscape Energy when it ends.


[Exploration]
- Choose three Resonators and embark on epic battles in the Illusive Realm. 
- The Echo Skills, Stats, Levels, Resonance Chains, and Weapons of Resonators can be carried over in the event.
- In the Illusive Realm, you can gain powerful boosts from Metaphors. Sigils and certain Metaphors provide additional enhancements when Divined Dream is activated through Dreamscape Aid.
- Each battle in the Illusive Realm brings you against different enemies. Complete these challenges to earn Illusive Points and reach milestones to claim bountiful rewards.

[Remnant Crystal]
A Remnant Crystal will appear in the Memory Zone after defeating the powerful enemies found in the deepest parts of the realm. Use Waveplates to collect its rewards.

[Difficulty]
Higher SOL3 Phases offer more challenging Exploration in the Illusive Realm with more Remnant Crystals and Illusive Points as rewards. The difficulty of the Illusive Realm is dependent on the SOL3 Phase you're in when the Illusive Realm resets (04:00 every Monday). Adjusting your SOL3 Phase during each exploration cycle does not affect the difficulty and rewards of the current cycle.","Ký ức quá khứ chôn vùi sâu trong giấc mơ, và chìa khóa để khám phá nằm trong tay cậu. Đừng quên nhé, chỉ trong giấc mơ, câu trả lời mới được hé lộ.

[Hỗ Trợ Giấc Mơ]
Kích hoạt thủ công trạng thái Giấc Mơ Tiên Tri khi Năng Lượng Giấc Mơ đạt 500 điểm. Trong trạng thái này, Ấn và một số Ẩn Dụ sẽ được tăng cường, Crit. Rate và Tái Tạo Năng Lượng của tất cả Resonators trong đội tăng lần lượt 50% và 100%. Cooldown chiêu sau khi sử dụng Resonance Skill hoặc Resonance Liberation giảm 50%, kích hoạt mỗi 4 giây. Giấc Mơ Tiên Tri kéo dài 10 giây và tiêu hao toàn bộ Năng Lượng Giấc Mơ khi kết thúc.


[Khám Phá]
- Chọn ba Resonators và bước vào những trận chiến hoành tráng trong Ảo Cảnh.
- Skills Echo, Stats, Cấp Độ, Chuỗi Resonance và Vũ Khí của Resonators sẽ được giữ nguyên trong sự kiện.
- Trong Ảo Cảnh, cậu có thể nhận được những tăng cường mạnh mẽ từ Ẩn Dụ. Ấn và một số Ẩn Dụ sẽ mang lại hiệu ứng bổ sung khi Giấc Mơ Tiên Tri được kích hoạt thông qua Hỗ Trợ Giấc Mơ.
- Mỗi trận chiến trong Ảo Cảnh sẽ đưa cậu đối đầu với những kẻ thù khác nhau. Hoàn thành những thử thách này để kiếm Points Ảo Cảnh và đạt các mốc thưởng để nhận những phần quà hậu hĩnh.

[Tinh Thể Tàn Dư]
Một Tinh Thể Tàn Dư sẽ xuất hiện trong Khu Vực Ký Ức sau khi đánh bại những kẻ thù mạnh mẽ ở sâu nhất trong Ảo Cảnh. Sử dụng Bản Năng Lượng để thu thập phần thưởng của nó.

[Độ Khó]
Pha SOL3 càng cao, việc Khám Phá trong Ảo Cảnh càng thử thách hơn với nhiều Tinh Thể Tàn Dư và Points Ảo Cảnh làm phần thưởng. Difficulty của Ảo Cảnh phụ thuộc vào Pha SOL3 mà cậu đang ở khi Ảo Cảnh được làm mới (04:00 mỗi thứ Hai). Việc điều chỉnh Pha SOL3 trong mỗi chu kỳ khám phá sẽ không ảnh hưởng đến độ khó và phần thưởng của chu kỳ hiện tại.",C?n ti?ng Anh nghi v?n: Cooldown; Difficulty; Liberation; Points; Rate; Skill; Skills; Stats | S? t?/c?m nghi v?n: 9 | T? l? nghi v?n: 0.153 | M?c ??: 36.53
"Past memories lie buried deep within dreams, and the key to exploration is in your hands. Please do not forget, only within dreams will the answers be revealed.

[Dreamscape Aid]
Manually trigger the Divined Dream state when Dreamscape Energy reaches 500 points. In this state, Sigils and certain Metaphors will be enhanced, Crit. Rate and Energy Regen of all Resonators in the team are increased by 50% and 100% respectively. The cooldown after casting Resonance Skill or Resonance Liberation is reduced by 50%, triggered once every 4s. Divined Dream lasts for 10s and depletes all Dreamscape Energy when it ends.


[Exploration]
- Choose three Resonators and embark on epic battles in the Illusive Realm. 
- The Echo Skills, Stats, Levels, Resonance Chains, and Weapons of Resonators can be carried over in the event.
- In the Illusive Realm, you can gain powerful boosts from Metaphors. Sigils and certain Metaphors provide additional enhancements when Divined Dream is activated through Dreamscape Aid.
- Each battle in the Illusive Realm brings you against different enemies. Complete these challenges to earn Illusive Points and reach milestones to claim bountiful rewards.

[Remnant Crystal]
A Remnant Crystal will appear in the Memory Zone after defeating the powerful enemies found in the deepest parts of the realm. Use Waveplates to collect its rewards.

[Difficulty]
Higher SOL3 Phases offer more challenging Exploration in the Illusive Realm with more Remnant Crystals and Illusive Points as rewards. The difficulty of the Illusive Realm is dependent on the SOL3 Phase you're in when the Illusive Realm resets (04:00 every Monday). Adjusting your SOL3 Phase during each exploration cycle does not affect the difficulty and rewards of the current cycle.","Ký ức quá khứ chôn vùi sâu trong giấc mơ, và chìa khóa để khám phá nằm trong tay cậu. Đừng quên nhé, chỉ trong giấc mơ, câu trả lời mới được hé lộ.

[Hỗ Trợ Giấc Mơ]
Kích hoạt thủ công trạng thái Giấc Mơ Tiên Tri khi Năng Lượng Giấc Mơ đạt 500 điểm. Trong trạng thái này, Ấn và một số Ẩn Dụ sẽ được tăng cường, Crit. Rate và Tái Tạo Năng Lượng của tất cả Resonators trong đội tăng lần lượt 50% và 100%. Cooldown chiêu sau khi sử dụng Resonance Skill hoặc Resonance Liberation giảm 50%, kích hoạt mỗi 4 giây. Giấc Mơ Tiên Tri kéo dài 10 giây và tiêu hao toàn bộ Năng Lượng Giấc Mơ khi kết thúc.


[Khám Phá]
- Chọn ba Resonators và bước vào những trận chiến hoành tráng trong Ảo Cảnh.
- Skills Echo, Stats, Cấp Độ, Chuỗi Resonance và Vũ Khí của Resonators sẽ được giữ nguyên trong sự kiện.
- Trong Ảo Cảnh, cậu có thể nhận được những tăng cường mạnh mẽ từ Ẩn Dụ. Ấn và một số Ẩn Dụ sẽ mang lại hiệu ứng bổ sung khi Giấc Mơ Tiên Tri được kích hoạt thông qua Hỗ Trợ Giấc Mơ.
- Mỗi trận chiến trong Ảo Cảnh sẽ đưa cậu đối đầu với những kẻ thù khác nhau. Hoàn thành những thử thách này để kiếm Points Ảo Cảnh và đạt các mốc thưởng để nhận những phần quà hậu hĩnh.

[Tinh Thể Tàn Dư]
Một Tinh Thể Tàn Dư sẽ xuất hiện trong Khu Vực Ký Ức sau khi đánh bại những kẻ thù mạnh mẽ ở sâu nhất trong Ảo Cảnh. Sử dụng Bản Năng Lượng để thu thập phần thưởng của nó.

[Độ Khó]
Pha SOL3 càng cao, việc Khám Phá trong Ảo Cảnh càng thử thách hơn với nhiều Tinh Thể Tàn Dư và Points Ảo Cảnh làm phần thưởng. Difficulty của Ảo Cảnh phụ thuộc vào Pha SOL3 mà cậu đang ở khi Ảo Cảnh được làm mới (04:00 mỗi thứ Hai). Việc điều chỉnh Pha SOL3 trong mỗi chu kỳ khám phá sẽ không ảnh hưởng đến độ khó và phần thưởng của chu kỳ hiện tại.",C?n ti?ng Anh nghi v?n: Cooldown; Difficulty; Liberation; Points; Rate; Skill; Skills; Stats | S? t?/c?m nghi v?n: 9 | T? l? nghi v?n: 0.153 | M?c ??: 36.53
"Past memories lie buried deep within dreams, and the key to exploration is in your hands. Please do not forget, only within dreams will the answers be revealed.

[Dreamscape Aid]
Manually trigger the Divined Dream state when Dreamscape Energy reaches 500 points. In this state, Sigils and certain Metaphors will be enhanced, Crit. Rate and Energy Regen of all Resonators in the team are increased by 50% and 100% respectively. The cooldown after casting Resonance Skill or Resonance Liberation is reduced by 50%, triggered once every 4s. Divined Dream lasts for 10s and depletes all Dreamscape Energy when it ends.


[Exploration]
- Choose three Resonators and embark on epic battles in the Illusive Realm. 
- The Echo Skills, Stats, Levels, Resonance Chains, and Weapons of Resonators can be carried over in the event.
- In the Illusive Realm, you can gain powerful boosts from Metaphors. Sigils and certain Metaphors provide additional enhancements when Divined Dream is activated through Dreamscape Aid.
- Each battle in the Illusive Realm brings you against different enemies. Complete these challenges to earn Illusive Points and reach milestones to claim bountiful rewards.

[Remnant Crystal]
A Remnant Crystal will appear in the Memory Zone after defeating the powerful enemies found in the deepest parts of the realm. Use Waveplates to collect its rewards.

[Difficulty]
Higher SOL3 Phases offer more challenging Exploration in the Illusive Realm with more Remnant Crystals and Illusive Points as rewards. The difficulty of the Illusive Realm is dependent on the SOL3 Phase you're in when the Illusive Realm resets (04:00 every Monday). Adjusting your SOL3 Phase during each exploration cycle does not affect the difficulty and rewards of the current cycle.","Ký ức quá khứ chôn vùi sâu trong giấc mơ, và chìa khóa để khám phá nằm trong tay cậu. Đừng quên nhé, chỉ trong giấc mơ, câu trả lời mới được hé lộ.

[Hỗ Trợ Giấc Mơ]
Kích hoạt thủ công trạng thái Giấc Mơ Tiên Tri khi Năng Lượng Giấc Mơ đạt 500 điểm. Trong trạng thái này, Ấn và một số Ẩn Dụ sẽ được tăng cường, Crit. Rate và Tái Tạo Năng Lượng của tất cả Resonators trong đội tăng lần lượt 50% và 100%. Cooldown chiêu sau khi sử dụng Resonance Skill hoặc Resonance Liberation giảm 50%, kích hoạt mỗi 4 giây. Giấc Mơ Tiên Tri kéo dài 10 giây và tiêu hao toàn bộ Năng Lượng Giấc Mơ khi kết thúc.


[Khám Phá]
- Chọn ba Resonators và bước vào những trận chiến hoành tráng trong Ảo Cảnh.
- Skills Echo, Stats, Cấp Độ, Chuỗi Resonance và Vũ Khí của Resonators sẽ được giữ nguyên trong sự kiện.
- Trong Ảo Cảnh, cậu có thể nhận được những tăng cường mạnh mẽ từ Ẩn Dụ. Ấn và một số Ẩn Dụ sẽ mang lại hiệu ứng bổ sung khi Giấc Mơ Tiên Tri được kích hoạt thông qua Hỗ Trợ Giấc Mơ.
- Mỗi trận chiến trong Ảo Cảnh sẽ đưa cậu đối đầu với những kẻ thù khác nhau. Hoàn thành những thử thách này để kiếm Points Ảo Cảnh và đạt các mốc thưởng để nhận những phần quà hậu hĩnh.

[Tinh Thể Tàn Dư]
Một Tinh Thể Tàn Dư sẽ xuất hiện trong Khu Vực Ký Ức sau khi đánh bại những kẻ thù mạnh mẽ ở sâu nhất trong Ảo Cảnh. Sử dụng Bản Năng Lượng để thu thập phần thưởng của nó.

[Độ Khó]
Pha SOL3 càng cao, việc Khám Phá trong Ảo Cảnh càng thử thách hơn với nhiều Tinh Thể Tàn Dư và Points Ảo Cảnh làm phần thưởng. Difficulty của Ảo Cảnh phụ thuộc vào Pha SOL3 mà cậu đang ở khi Ảo Cảnh được làm mới (04:00 mỗi thứ Hai). Việc điều chỉnh Pha SOL3 trong mỗi chu kỳ khám phá sẽ không ảnh hưởng đến độ khó và phần thưởng của chu kỳ hiện tại.",C?n ti?ng Anh nghi v?n: Cooldown; Difficulty; Liberation; Points; Rate; Skill; Skills; Stats | S? t?/c?m nghi v?n: 9 | T? l? nghi v?n: 0.153 | M?c ??: 36.53
Damage of Resonance Skill <color=Highlight>Crimson Erosion</color> triggered by <color=Highlight>Dodge Counter: Ruby Shades</color> is increased by {0}. The HP cost and stacks of <te href=850039>Ruby Blossom</te> recovered are doubled.,Sát thương từ Resonance Skill <color=Highlight>Crimson Erosion</color> kích hoạt bởi <color=Highlight>Dodge Counter: Ruby Shades</color> tăng thêm {0}. Chi phí HP và số tầng <te href=850039>Ruby Blossom</te> nhận được đều tăng gấp đôi.,C?n ti?ng Anh nghi v?n: Blossom; Counter; Crimson; Dodge; Erosion; Ruby; Shades; Skill | S? t?/c?m nghi v?n: 9 | T? l? nghi v?n: 0.75 | M?c ??: 36.5
"When Iuno's Concerto Energy is full, her Heavy Attack is replaced with <color=Highlight>Absolute Fullness</color>.
Casting Absolute Fullness deals <color=Wind>Aero DMG</color> to nearby enemies (considered as Resonance Liberation DMG) and heals nearby Resonators in the team.","Khi Concerto Energy của Iuno đạt tối đa, Heavy Attack của cô sẽ được thay thế bằng <color=Highlight>Absolute Fullness</color>.
Sử dụng Tròn Full Tuyệt Đối sẽ gây <color=Wind>Aero DMG</color> lên kẻ địch xung quanh (được tính là Sát Thương Resonance Liberation) và hồi phục HP cho Resonators trong đội.",C?n ti?ng Anh nghi v?n: Absolute; Attack; Energy; Full; Fullness; Heavy; Liberation | S? t?/c?m nghi v?n: 7 | T? l? nghi v?n: 0.35 | M?c ??: 36.5
Tap your <color=#ffd12f>party member</color>'s Resonator icon to activate your Resonator's Intro Skill and their Resonator's Outro Skill.,Chạm vào biểu tượng Resonator của <color=#ffd12f>party member</color> để kích hoạt Intro Skill của Resonator và Outro Skill của họ.,C?n ti?ng Anh nghi v?n: Intro; member; Outro; party; Skill | S? t?/c?m nghi v?n: 6 | T? l? nghi v?n: 0.75 | M?c ??: 36.5
"<color=Highlight>Activated upon having 3 Bond Members in the team</color>
When in Synergy Burst:
Dealing damage with Reimbursement inflicts <SapTag=0>{0}</SapTag> {Cus:Sap,S=stack P=stacks SapTag=0} of Overtime upon the target, stacking up to {1} times. When Resonators exit Synergy Burst, all stacks of Overtime on the nearby targets are removed, with every <SapTag=2>{2}</SapTag> {Cus:Sap,S=time P=times SapTag=2} removed triggering another <SapTag=3>{3}</SapTag> {Cus:Sap,S=time P=times SapTag=3} of Reimbursement on the targets.","Kích hoạt khi có <color=Highlight>Activated upon having 3 Bond Members in the team</color>
Khi ở trạng thái Đồng Bộ Bùng Nổ:
Gây sát thương bằng Kiếm Lại sẽ áp dụng <SapTag=0>{0}</SapTag> {Cus:Sap,S=lớp P=lớp Hiệu Ứng Thời Gian} Overtime lên mục tiêu, tối đa {1} lớp. Khi Synergy Giả rời khỏi trạng thái Đồng Bộ Bùng Nổ, tất cả lớp Hiệu Ứng Thời Gian trên mục tiêu gần đó sẽ bị xóa, mỗi lần xóa <SapTag=2>{2}</SapTag> {Cus:Sap,S=lần P=lần} sẽ kích hoạt thêm <SapTag=3>{3}</SapTag> {Cus:Sap,S=lần P=lần} Kiếm Lại lên mục tiêu.",C?n ti?ng Anh nghi v?n: Activated; Bond; having; in; Members; Overtime; Synergy; team; upon | S? t?/c?m nghi v?n: 9 | T? l? nghi v?n: 0.643 | M?c ??: 36.43
"<color=#c49e55>[Resonance Skill]</color> When casting skills that grant Forte Gauge, True Sight: Capture is triggered once. Immune to damage while casting True Sight: Capture, Conquest, and Charge.","<color=#c49e55>[Resonance Skill]</color> Khi sử dụng kỹ năng làm đầy Thanh Forte, True Sight: Capture sẽ được kích hoạt một lần. Immune sát thương khi thi triển True Sight: Capture, Conquest và Charge.",C?n ti?ng Anh nghi v?n: Capture; Charge; Conquest; Immune; Sight; True | S? t?/c?m nghi v?n: 9 | T? l? nghi v?n: 0.643 | M?c ??: 36.43
"Increases ATK by {0}. After the wielder inflicts Fusion Burst or Tune Strain - Shifting on the target, their Resonance Liberation DMG Bonus is increased by {1} for {2}s. While this effect lasts, after Resonators in the team inflict Fusion Burst or Tune Strain - Shifting, their ATK is increased by {3} for {4}s. Effects of the same name cannot be stacked.","Increases ATK by {0}. Sau khi người sử dụng gây Fusion Burst hoặc Tune Strain - Shifting lên mục tiêu, Sát Thương Kỹ Năng Resonance Liberation của họ sẽ tăng thêm {1} trong {2} giây. Trong thời gian hiệu ứng này còn tác dụng, sau khi Resonators trong đội gây Fusion Burst hoặc Tune Strain - Shifting, Tấn Công của họ sẽ tăng thêm {3} trong {4} giây. Các hiệu ứng cùng tên không thể chồng chất.",C?n ti?ng Anh nghi v?n: Burst; by; Increases; Liberation; Shifting; Strain; Tune | S? t?/c?m nghi v?n: 11 | T? l? nghi v?n: 0.44 | M?c ??: 36.4
"Deal <color=Dark>Havoc DMG</color> and <color=Highlight>mark</color> the targets.
After casting this skill, {Cus:Ipt,Touch=tap PC=press Gamepad=press} <color=Highlight>Normal Attack</color> on the ground or use <color=Highlight>Normal Attack</color> in mid-air to cast <color=Highlight>Rending Lunge</color>.","Gây <color=Dark>Havoc DMG</color> và <color=Highlight>mark</color> mục tiêu.
Sau khi sử dụng kỹ năng này, {Cus:Ipt,Touch=tap PC=press Gamepad=press} <color=Highlight>Normal Attack</color> trên mặt đất hoặc sử dụng <color=Highlight>Normal Attack</color> giữa không trung để thi triển <color=Highlight>Rending Lunge</color>.",C?n ti?ng Anh nghi v?n: Attack; Lunge; mark; Normal; Rending | S? t?/c?m nghi v?n: 7 | T? l? nghi v?n: 0.538 | M?c ??: 36.38
"Deal <color=Dark>Havoc DMG</color> and <color=Highlight>mark</color> the targets.
After casting this skill, {Cus:Ipt,Touch=tap PC=press Gamepad=press} <color=Highlight>Normal Attack</color> on the ground or use <color=Highlight>Normal Attack</color> in mid-air to cast <color=Highlight>Rending Lunge</color>.","Gây <color=Dark>Havoc DMG</color> và <color=Highlight>mark</color> mục tiêu.
Sau khi sử dụng kỹ năng này, {Cus:Ipt,Touch=tap PC=press Gamepad=press} <color=Highlight>Normal Attack</color> trên mặt đất hoặc sử dụng <color=Highlight>Normal Attack</color> giữa không trung để thi triển <color=Highlight>Rending Lunge</color>.",C?n ti?ng Anh nghi v?n: Attack; Lunge; mark; Normal; Rending | S? t?/c?m nghi v?n: 7 | T? l? nghi v?n: 0.538 | M?c ??: 36.38
"Past memories lie buried deep within dreams, and the key to exploration is in your hands. Please do not forget, only within dreams will the answers be revealed.

[Dreamscape Aid]
Manually trigger the Divined Dream state when Dreamscape Energy reaches 500 points. In this state, Sigils and certain Metaphors will be enhanced, Crit. Rate and Energy Regen of all Resonators in the team are increased by 50% and 100% respectively. The cooldown after casting Resonance Skill or Resonance Liberation is reduced by 50%, triggered once every 4s. Divined Dream lasts for 10s and depletes all Dreamscape Energy when it ends.

[Exploration]
- Choose three Resonators and embark on epic battles in the Illusive Realm.
- The Echo Skills, Stats, Levels, Resonance Chains, and Weapons of Resonators can be carried over in the event.
- In the Illusive Realm, you can gain powerful boosts from Metaphors. Sigils and certain Metaphors provide additional enhancements when Divined Dream is activated through Dreamscape Aid.
- Each battle in the Illusive Realm brings you against different enemies. Complete these challenges to earn Illusive Points and reach milestones to claim bountiful rewards.

[Remnant Crystal]
A Remnant Crystal will appear in the Memory Zone after defeating the powerful enemies found in the deepest parts of the realm. Use Waveplates to collect its rewards.
Each week, the first 2 reward collections from the Remnant Crystal are free and do not require Waveplates. Free reward collections do not carry over to the next week.

[Difficulty]
Higher SOL3 Phases offer more challenging Exploration in the Illusive Realm with more rewards from the Remnant Crystals and Illusive Points. The difficulty of the Illusive Realm is dependent on the SOL3 Phase you're in when the Illusive Realm resets (04:00 every Monday). Adjusting your SOL3 Phase during each exploration cycle does not affect the difficulty and rewards of the current cycle.","Ký ức quá khứ chôn vùi sâu trong giấc mơ, và chìa khóa để khám phá nằm trong tay cậu. Đừng quên, chỉ trong giấc mơ, câu trả lời mới được hé lộ.

[Hỗ Trợ Giấc Mơ]
Kích hoạt thủ công trạng thái Giấc Mơ Tiên Tri khi Năng Lượng Giấc Mơ đạt 500 điểm. Trong trạng thái này, Hiệu Ứng và một số Ẩn Dụ sẽ được tăng cường, Crit. Rate và Tái Tạo Năng Lượng của tất cả Resonators trong đội tăng lần lượt 50% và 100%. Cooldown chiêu sau khi sử dụng Resonance Skill hoặc Resonance Liberation giảm 50%, kích hoạt mỗi 4 giây. Giấc Mơ Tiên Tri kéo dài 10 giây và tiêu hao toàn bộ Năng Lượng Giấc Mơ khi kết thúc.

[Khám Phá]
- Chọn ba Resonators và bước vào những trận chiến hoành tráng trong Ảo Cảnh.
- Skills Echo, Stats, Cấp Độ, Chuỗi Resonance và Vũ Khí của Resonators sẽ được giữ nguyên trong sự kiện.
- Trong Ảo Cảnh, cậu có thể nhận được những tăng cường mạnh mẽ từ Ẩn Dụ. Hiệu Ứng và một số Ẩn Dụ sẽ mang lại hiệu ứng bổ sung khi Giấc Mơ Tiên Tri được kích hoạt thông qua Hỗ Trợ Giấc Mơ.
- Mỗi trận chiến trong Ảo Cảnh sẽ đối đầu với những kẻ địch khác nhau. Hoàn thành những thử thách này để kiếm Points Ảo Cảnh và đạt các mốc thưởng để nhận những phần quà hậu hĩnh.

[Tinh Thể Tàn Dư]
Một Tinh Thể Tàn Dư sẽ xuất hiện trong Khu Vực Ký Ức sau khi đánh bại những kẻ địch mạnh nhất ở sâu nhất trong Ảo Cảnh. Sử dụng Bản Năng Lượng để thu thập phần thưởng của nó.
Mỗi tuần, hai lần thu thập phần thưởng đầu tiên từ Tinh Thể Tàn Dư là miễn phí và không cần Bản Năng Lượng. Các lần thu thập miễn phí sẽ không được chuyển sang tuần tiếp theo.

[Độ Khó]
Pha SOL3 cao hơn mang đến những thử thách Khám Phá khó khăn hơn trong Ảo Cảnh, cùng với đó là nhiều phần thưởng hơn từ Tinh Thể Tàn Dư và Points Ảo Cảnh. Difficulty của Ảo Cảnh phụ thuộc vào Pha SOL3 mà cậu đang ở khi Ảo Cảnh được làm mới (04:00 mỗi thứ Hai). Việc điều chỉnh Pha SOL3 trong mỗi chu kỳ khám phá sẽ không ảnh hưởng đến độ khó và phần thưởng của chu kỳ hiện tại.",C?n ti?ng Anh nghi v?n: Cooldown; Difficulty; Liberation; Points; Rate; Skill; Skills; Stats | S? t?/c?m nghi v?n: 9 | T? l? nghi v?n: 0.136 | M?c ??: 36.36
"Past memories lie buried deep within dreams, and the key to exploration is in your hands. Please do not forget, only within dreams will the answers be revealed.

[Dreamscape Aid]
Manually trigger the Divined Dream state when Dreamscape Energy reaches 500 points. In this state, Sigils and certain Metaphors will be enhanced, Crit. Rate and Energy Regen of all Resonators in the team are increased by 50% and 100% respectively. The cooldown after casting Resonance Skill or Resonance Liberation is reduced by 50%, triggered once every 4s. Divined Dream lasts for 10s and depletes all Dreamscape Energy when it ends.

[Exploration]
- Choose three Resonators and embark on epic battles in the Illusive Realm.
- The Echo Skills, Stats, Levels, Resonance Chains, and Weapons of Resonators can be carried over in the event.
- In the Illusive Realm, you can gain powerful boosts from Metaphors. Sigils and certain Metaphors provide additional enhancements when Divined Dream is activated through Dreamscape Aid.
- Each battle in the Illusive Realm brings you against different enemies. Complete these challenges to earn Illusive Points and reach milestones to claim bountiful rewards.

[Remnant Crystal]
A Remnant Crystal will appear in the Memory Zone after defeating the powerful enemies found in the deepest parts of the realm. Use Waveplates to collect its rewards.
Each week, the first 2 reward collections from the Remnant Crystal are free and do not require Waveplates. Free reward collections do not carry over to the next week.

[Difficulty]
Higher SOL3 Phases offer more challenging Exploration in the Illusive Realm with more rewards from the Remnant Crystals and Illusive Points. The difficulty of the Illusive Realm is dependent on the SOL3 Phase you're in when the Illusive Realm resets (04:00 every Monday). Adjusting your SOL3 Phase during each exploration cycle does not affect the difficulty and rewards of the current cycle.","Ký ức quá khứ chôn vùi sâu trong giấc mơ, và chìa khóa để khám phá nằm trong tay cậu. Đừng quên, chỉ trong giấc mơ, câu trả lời mới được hé lộ.

[Hỗ Trợ Giấc Mơ]
Kích hoạt thủ công trạng thái Giấc Mơ Tiên Tri khi Năng Lượng Giấc Mơ đạt 500 điểm. Trong trạng thái này, Hiệu Ứng và một số Ẩn Dụ sẽ được tăng cường, Crit. Rate và Tái Tạo Năng Lượng của tất cả Resonators trong đội tăng lần lượt 50% và 100%. Cooldown chiêu sau khi sử dụng Resonance Skill hoặc Resonance Liberation giảm 50%, kích hoạt mỗi 4 giây. Giấc Mơ Tiên Tri kéo dài 10 giây và tiêu hao toàn bộ Năng Lượng Giấc Mơ khi kết thúc.

[Khám Phá]
- Chọn ba Resonators và bước vào những trận chiến hoành tráng trong Ảo Cảnh.
- Skills Echo, Stats, Cấp Độ, Chuỗi Resonance và Vũ Khí của Resonators sẽ được giữ nguyên trong sự kiện.
- Trong Ảo Cảnh, cậu có thể nhận được những tăng cường mạnh mẽ từ Ẩn Dụ. Hiệu Ứng và một số Ẩn Dụ sẽ mang lại hiệu ứng bổ sung khi Giấc Mơ Tiên Tri được kích hoạt thông qua Hỗ Trợ Giấc Mơ.
- Mỗi trận chiến trong Ảo Cảnh sẽ đối đầu với những kẻ địch khác nhau. Hoàn thành những thử thách này để kiếm Points Ảo Cảnh và đạt các mốc thưởng để nhận những phần quà hậu hĩnh.

[Tinh Thể Tàn Dư]
Một Tinh Thể Tàn Dư sẽ xuất hiện trong Khu Vực Ký Ức sau khi đánh bại những kẻ địch mạnh nhất ở sâu nhất trong Ảo Cảnh. Sử dụng Bản Năng Lượng để thu thập phần thưởng của nó.
Mỗi tuần, hai lần thu thập phần thưởng đầu tiên từ Tinh Thể Tàn Dư là miễn phí và không cần Bản Năng Lượng. Các lần thu thập miễn phí sẽ không được chuyển sang tuần tiếp theo.

[Độ Khó]
Pha SOL3 cao hơn mang đến những thử thách Khám Phá khó khăn hơn trong Ảo Cảnh, cùng với đó là nhiều phần thưởng hơn từ Tinh Thể Tàn Dư và Points Ảo Cảnh. Difficulty của Ảo Cảnh phụ thuộc vào Pha SOL3 mà cậu đang ở khi Ảo Cảnh được làm mới (04:00 mỗi thứ Hai). Việc điều chỉnh Pha SOL3 trong mỗi chu kỳ khám phá sẽ không ảnh hưởng đến độ khó và phần thưởng của chu kỳ hiện tại.",C?n ti?ng Anh nghi v?n: Cooldown; Difficulty; Liberation; Points; Rate; Skill; Skills; Stats | S? t?/c?m nghi v?n: 9 | T? l? nghi v?n: 0.136 | M?c ??: 36.36
"Past memories lie buried deep within dreams, and the key to exploration is in your hands. Please do not forget, only within dreams will the answers be revealed.

[Dreamscape Aid]
Manually trigger the Divined Dream state when Dreamscape Energy reaches 500 points. In this state, Sigils and certain Metaphors will be enhanced, Crit. Rate and Energy Regen of all Resonators in the team are increased by 50% and 100% respectively. The cooldown after casting Resonance Skill or Resonance Liberation is reduced by 50%, triggered once every 4s. Divined Dream lasts for 10s and depletes all Dreamscape Energy when it ends.

[Exploration]
- Choose three Resonators and embark on epic battles in the Illusive Realm.
- The Echo Skills, Stats, Levels, Resonance Chains, and Weapons of Resonators can be carried over in the event.
- In the Illusive Realm, you can gain powerful boosts from Metaphors. Sigils and certain Metaphors provide additional enhancements when Divined Dream is activated through Dreamscape Aid.
- Each battle in the Illusive Realm brings you against different enemies. Complete these challenges to earn Illusive Points and reach milestones to claim bountiful rewards.

[Remnant Crystal]
A Remnant Crystal will appear in the Memory Zone after defeating the powerful enemies found in the deepest parts of the realm. Use Waveplates to collect its rewards.
Each week, the first 2 reward collections from the Remnant Crystal are free and do not require Waveplates. Free reward collections do not carry over to the next week.

[Difficulty]
Higher SOL3 Phases offer more challenging Exploration in the Illusive Realm with more rewards from the Remnant Crystals and Illusive Points. The difficulty of the Illusive Realm is dependent on the SOL3 Phase you're in when the Illusive Realm resets (04:00 every Monday). Adjusting your SOL3 Phase during each exploration cycle does not affect the difficulty and rewards of the current cycle.","Ký ức quá khứ chôn vùi sâu trong giấc mơ, và chìa khóa để khám phá nằm trong tay cậu. Đừng quên, chỉ trong giấc mơ, câu trả lời mới được hé lộ.

[Hỗ Trợ Giấc Mơ]
Kích hoạt thủ công trạng thái Giấc Mơ Tiên Tri khi Năng Lượng Giấc Mơ đạt 500 điểm. Trong trạng thái này, Hiệu Ứng và một số Ẩn Dụ sẽ được tăng cường, Crit. Rate và Tái Tạo Năng Lượng của tất cả Resonators trong đội tăng lần lượt 50% và 100%. Cooldown chiêu sau khi sử dụng Resonance Skill hoặc Resonance Liberation giảm 50%, kích hoạt mỗi 4 giây. Giấc Mơ Tiên Tri kéo dài 10 giây và tiêu hao toàn bộ Năng Lượng Giấc Mơ khi kết thúc.

[Khám Phá]
- Chọn ba Resonators và bước vào những trận chiến hoành tráng trong Ảo Cảnh.
- Skills Echo, Stats, Cấp Độ, Chuỗi Resonance và Vũ Khí của Resonators sẽ được giữ nguyên trong sự kiện.
- Trong Ảo Cảnh, cậu có thể nhận được những tăng cường mạnh mẽ từ Ẩn Dụ. Hiệu Ứng và một số Ẩn Dụ sẽ mang lại hiệu ứng bổ sung khi Giấc Mơ Tiên Tri được kích hoạt thông qua Hỗ Trợ Giấc Mơ.
- Mỗi trận chiến trong Ảo Cảnh sẽ đối đầu với những kẻ địch khác nhau. Hoàn thành những thử thách này để kiếm Points Ảo Cảnh và đạt các mốc thưởng để nhận những phần quà hậu hĩnh.

[Tinh Thể Tàn Dư]
Một Tinh Thể Tàn Dư sẽ xuất hiện trong Khu Vực Ký Ức sau khi đánh bại những kẻ địch mạnh nhất ở sâu nhất trong Ảo Cảnh. Sử dụng Bản Năng Lượng để thu thập phần thưởng của nó.
Mỗi tuần, hai lần thu thập phần thưởng đầu tiên từ Tinh Thể Tàn Dư là miễn phí và không cần Bản Năng Lượng. Các lần thu thập miễn phí sẽ không được chuyển sang tuần tiếp theo.

[Độ Khó]
Pha SOL3 cao hơn mang đến những thử thách Khám Phá khó khăn hơn trong Ảo Cảnh, cùng với đó là nhiều phần thưởng hơn từ Tinh Thể Tàn Dư và Points Ảo Cảnh. Difficulty của Ảo Cảnh phụ thuộc vào Pha SOL3 mà cậu đang ở khi Ảo Cảnh được làm mới (04:00 mỗi thứ Hai). Việc điều chỉnh Pha SOL3 trong mỗi chu kỳ khám phá sẽ không ảnh hưởng đến độ khó và phần thưởng của chu kỳ hiện tại.",C?n ti?ng Anh nghi v?n: Cooldown; Difficulty; Liberation; Points; Rate; Skill; Skills; Stats | S? t?/c?m nghi v?n: 9 | T? l? nghi v?n: 0.136 | M?c ??: 36.36
"Past memories lie buried deep within dreams, and the key to exploration is in your hands. Please do not forget, only within dreams will the answers be revealed.

[Dreamscape Aid]
Manually trigger the Divined Dream state when Dreamscape Energy reaches 500 points. In this state, Sigils and certain Metaphors will be enhanced, Crit. Rate and Energy Regen of all Resonators in the team are increased by 50% and 100% respectively. The cooldown after casting Resonance Skill or Resonance Liberation is reduced by 50%, triggered once every 4s. Divined Dream lasts for 10s and depletes all Dreamscape Energy when it ends.

[Exploration]
- Choose three Resonators and embark on epic battles in the Illusive Realm.
- The Echo Skills, Stats, Levels, Resonance Chains, and Weapons of Resonators can be carried over in the event.
- In the Illusive Realm, you can gain powerful boosts from Metaphors. Sigils and certain Metaphors provide additional enhancements when Divined Dream is activated through Dreamscape Aid.
- Each battle in the Illusive Realm brings you against different enemies. Complete these challenges to earn Illusive Points and reach milestones to claim bountiful rewards.

[Remnant Crystal]
A Remnant Crystal will appear in the Memory Zone after defeating the powerful enemies found in the deepest parts of the realm. Use Waveplates to collect its rewards.
Each week, the first 2 reward collections from the Remnant Crystal are free and do not require Waveplates. Free reward collections do not carry over to the next week.

[Difficulty]
Higher SOL3 Phases offer more challenging Exploration in the Illusive Realm with more rewards from the Remnant Crystals and Illusive Points. The difficulty of the Illusive Realm is dependent on the SOL3 Phase you're in when the Illusive Realm resets (04:00 every Monday). Adjusting your SOL3 Phase during each exploration cycle does not affect the difficulty and rewards of the current cycle.","Ký ức quá khứ chôn vùi sâu trong giấc mơ, và chìa khóa để khám phá nằm trong tay cậu. Đừng quên, chỉ trong giấc mơ, câu trả lời mới được hé lộ.

[Hỗ Trợ Giấc Mơ]
Kích hoạt thủ công trạng thái Giấc Mơ Tiên Tri khi Năng Lượng Giấc Mơ đạt 500 điểm. Trong trạng thái này, Hiệu Ứng và một số Ẩn Dụ sẽ được tăng cường, Crit. Rate và Tái Tạo Năng Lượng của tất cả Resonators trong đội tăng lần lượt 50% và 100%. Cooldown chiêu sau khi sử dụng Resonance Skill hoặc Resonance Liberation giảm 50%, kích hoạt mỗi 4 giây. Giấc Mơ Tiên Tri kéo dài 10 giây và tiêu hao toàn bộ Năng Lượng Giấc Mơ khi kết thúc.

[Khám Phá]
- Chọn ba Resonators và bước vào những trận chiến hoành tráng trong Ảo Cảnh.
- Skills Echo, Stats, Cấp Độ, Chuỗi Resonance và Vũ Khí của Resonators sẽ được giữ nguyên trong sự kiện.
- Trong Ảo Cảnh, cậu có thể nhận được những tăng cường mạnh mẽ từ Ẩn Dụ. Hiệu Ứng và một số Ẩn Dụ sẽ mang lại hiệu ứng bổ sung khi Giấc Mơ Tiên Tri được kích hoạt thông qua Hỗ Trợ Giấc Mơ.
- Mỗi trận chiến trong Ảo Cảnh sẽ đối đầu với những kẻ địch khác nhau. Hoàn thành những thử thách này để kiếm Points Ảo Cảnh và đạt các mốc thưởng để nhận những phần quà hậu hĩnh.

[Tinh Thể Tàn Dư]
Một Tinh Thể Tàn Dư sẽ xuất hiện trong Khu Vực Ký Ức sau khi đánh bại những kẻ địch mạnh nhất ở sâu nhất trong Ảo Cảnh. Sử dụng Bản Năng Lượng để thu thập phần thưởng của nó.
Mỗi tuần, hai lần thu thập phần thưởng đầu tiên từ Tinh Thể Tàn Dư là miễn phí và không cần Bản Năng Lượng. Các lần thu thập miễn phí sẽ không được chuyển sang tuần tiếp theo.

[Độ Khó]
Pha SOL3 cao hơn mang đến những thử thách Khám Phá khó khăn hơn trong Ảo Cảnh, cùng với đó là nhiều phần thưởng hơn từ Tinh Thể Tàn Dư và Points Ảo Cảnh. Difficulty của Ảo Cảnh phụ thuộc vào Pha SOL3 mà cậu đang ở khi Ảo Cảnh được làm mới (04:00 mỗi thứ Hai). Việc điều chỉnh Pha SOL3 trong mỗi chu kỳ khám phá sẽ không ảnh hưởng đến độ khó và phần thưởng của chu kỳ hiện tại.",C?n ti?ng Anh nghi v?n: Cooldown; Difficulty; Liberation; Points; Rate; Skill; Skills; Stats | S? t?/c?m nghi v?n: 9 | T? l? nghi v?n: 0.136 | M?c ??: 36.36
"Past memories lie buried deep within dreams, and the key to exploration is in your hands. Please do not forget, only within dreams will the answers be revealed.

[Dreamscape Aid]
Manually trigger the Divined Dream state when Dreamscape Energy reaches 500 points. In this state, Sigils and certain Metaphors will be enhanced, Crit. Rate and Energy Regen of all Resonators in the team are increased by 50% and 100% respectively. The cooldown after casting Resonance Skill or Resonance Liberation is reduced by 50%, triggered once every 4s. Divined Dream lasts for 10s and depletes all Dreamscape Energy when it ends.

[Exploration]
- Choose three Resonators and embark on epic battles in the Illusive Realm.
- The Echo Skills, Stats, Levels, Resonance Chains, and Weapons of Resonators can be carried over in the event.
- In the Illusive Realm, you can gain powerful boosts from Metaphors. Sigils and certain Metaphors provide additional enhancements when Divined Dream is activated through Dreamscape Aid.
- Each battle in the Illusive Realm brings you against different enemies. Complete these challenges to earn Illusive Points and reach milestones to claim bountiful rewards.

[Remnant Crystal]
A Remnant Crystal will appear in the Memory Zone after defeating the powerful enemies found in the deepest parts of the realm. Use Waveplates to collect its rewards.
Each week, the first 2 reward collections from the Remnant Crystal are free and do not require Waveplates. Free reward collections do not carry over to the next week.

[Difficulty]
Higher SOL3 Phases offer more challenging Exploration in the Illusive Realm with more rewards from the Remnant Crystals and Illusive Points. The difficulty of the Illusive Realm is dependent on the SOL3 Phase you're in when the Illusive Realm resets (04:00 every Monday). Adjusting your SOL3 Phase during each exploration cycle does not affect the difficulty and rewards of the current cycle.","Ký ức quá khứ chôn vùi sâu trong giấc mơ, và chìa khóa để khám phá nằm trong tay cậu. Đừng quên, chỉ trong giấc mơ, câu trả lời mới được hé lộ.

[Hỗ Trợ Giấc Mơ]
Kích hoạt thủ công trạng thái Giấc Mơ Tiên Tri khi Năng Lượng Giấc Mơ đạt 500 điểm. Trong trạng thái này, Hiệu Ứng và một số Ẩn Dụ sẽ được tăng cường, Crit. Rate và Tái Tạo Năng Lượng của tất cả Resonators trong đội tăng lần lượt 50% và 100%. Cooldown chiêu sau khi sử dụng Resonance Skill hoặc Resonance Liberation giảm 50%, kích hoạt mỗi 4 giây. Giấc Mơ Tiên Tri kéo dài 10 giây và tiêu hao toàn bộ Năng Lượng Giấc Mơ khi kết thúc.

[Khám Phá]
- Chọn ba Resonators và bước vào những trận chiến hoành tráng trong Ảo Cảnh.
- Skills Echo, Stats, Cấp Độ, Chuỗi Resonance và Vũ Khí của Resonators sẽ được giữ nguyên trong sự kiện.
- Trong Ảo Cảnh, cậu có thể nhận được những tăng cường mạnh mẽ từ Ẩn Dụ. Hiệu Ứng và một số Ẩn Dụ sẽ mang lại hiệu ứng bổ sung khi Giấc Mơ Tiên Tri được kích hoạt thông qua Hỗ Trợ Giấc Mơ.
- Mỗi trận chiến trong Ảo Cảnh sẽ đối đầu với những kẻ địch khác nhau. Hoàn thành những thử thách này để kiếm Points Ảo Cảnh và đạt các mốc thưởng để nhận những phần quà hậu hĩnh.

[Tinh Thể Tàn Dư]
Một Tinh Thể Tàn Dư sẽ xuất hiện trong Khu Vực Ký Ức sau khi đánh bại những kẻ địch mạnh nhất ở sâu nhất trong Ảo Cảnh. Sử dụng Bản Năng Lượng để thu thập phần thưởng của nó.
Mỗi tuần, hai lần thu thập phần thưởng đầu tiên từ Tinh Thể Tàn Dư là miễn phí và không cần Bản Năng Lượng. Các lần thu thập miễn phí sẽ không được chuyển sang tuần tiếp theo.

[Độ Khó]
Pha SOL3 cao hơn mang đến những thử thách Khám Phá khó khăn hơn trong Ảo Cảnh, cùng với đó là nhiều phần thưởng hơn từ Tinh Thể Tàn Dư và Points Ảo Cảnh. Difficulty của Ảo Cảnh phụ thuộc vào Pha SOL3 mà cậu đang ở khi Ảo Cảnh được làm mới (04:00 mỗi thứ Hai). Việc điều chỉnh Pha SOL3 trong mỗi chu kỳ khám phá sẽ không ảnh hưởng đến độ khó và phần thưởng của chu kỳ hiện tại.",C?n ti?ng Anh nghi v?n: Cooldown; Difficulty; Liberation; Points; Rate; Skill; Skills; Stats | S? t?/c?m nghi v?n: 9 | T? l? nghi v?n: 0.136 | M?c ??: 36.36
"Past memories lie buried deep within dreams, and the key to exploration is in your hands. Please do not forget, only within dreams will the answers be revealed.

[Dreamscape Aid]
Manually trigger the Divined Dream state when Dreamscape Energy reaches 500 points. In this state, Sigils and certain Metaphors will be enhanced, Crit. Rate and Energy Regen of all Resonators in the team are increased by 50% and 100% respectively. The cooldown after casting Resonance Skill or Resonance Liberation is reduced by 50%, triggered once every 4s. Divined Dream lasts for 10s and depletes all Dreamscape Energy when it ends.

[Exploration]
- Choose three Resonators and embark on epic battles in the Illusive Realm.
- The Echo Skills, Stats, Levels, Resonance Chains, and Weapons of Resonators can be carried over in the event.
- In the Illusive Realm, you can gain powerful boosts from Metaphors. Sigils and certain Metaphors provide additional enhancements when Divined Dream is activated through Dreamscape Aid.
- Each battle in the Illusive Realm brings you against different enemies. Complete these challenges to earn Illusive Points and reach milestones to claim bountiful rewards.

[Remnant Crystal]
A Remnant Crystal will appear in the Memory Zone after defeating the powerful enemies found in the deepest parts of the realm. Use Waveplates to collect its rewards.
Each week, the first 2 reward collections from the Remnant Crystal are free and do not require Waveplates. Free reward collections do not carry over to the next week.

[Difficulty]
Higher SOL3 Phases offer more challenging Exploration in the Illusive Realm with more rewards from the Remnant Crystals and Illusive Points. The difficulty of the Illusive Realm is dependent on the SOL3 Phase you're in when the Illusive Realm resets (04:00 every Monday). Adjusting your SOL3 Phase during each exploration cycle does not affect the difficulty and rewards of the current cycle.","Ký ức quá khứ chôn vùi sâu trong giấc mơ, và chìa khóa để khám phá nằm trong tay cậu. Đừng quên, chỉ trong giấc mơ, câu trả lời mới được hé lộ.

[Hỗ Trợ Giấc Mơ]
Kích hoạt thủ công trạng thái Giấc Mơ Tiên Tri khi Năng Lượng Giấc Mơ đạt 500 điểm. Trong trạng thái này, Hiệu Ứng và một số Ẩn Dụ sẽ được tăng cường, Crit. Rate và Tái Tạo Năng Lượng của tất cả Resonators trong đội tăng lần lượt 50% và 100%. Cooldown chiêu sau khi sử dụng Resonance Skill hoặc Resonance Liberation giảm 50%, kích hoạt mỗi 4 giây. Giấc Mơ Tiên Tri kéo dài 10 giây và tiêu hao toàn bộ Năng Lượng Giấc Mơ khi kết thúc.

[Khám Phá]
- Chọn ba Resonators và bước vào những trận chiến hoành tráng trong Ảo Cảnh.
- Skills Echo, Stats, Cấp Độ, Chuỗi Resonance và Vũ Khí của Resonators sẽ được giữ nguyên trong sự kiện.
- Trong Ảo Cảnh, cậu có thể nhận được những tăng cường mạnh mẽ từ Ẩn Dụ. Hiệu Ứng và một số Ẩn Dụ sẽ mang lại hiệu ứng bổ sung khi Giấc Mơ Tiên Tri được kích hoạt thông qua Hỗ Trợ Giấc Mơ.
- Mỗi trận chiến trong Ảo Cảnh sẽ đối đầu với những kẻ địch khác nhau. Hoàn thành những thử thách này để kiếm Points Ảo Cảnh và đạt các mốc thưởng để nhận những phần quà hậu hĩnh.

[Tinh Thể Tàn Dư]
Một Tinh Thể Tàn Dư sẽ xuất hiện trong Khu Vực Ký Ức sau khi đánh bại những kẻ địch mạnh nhất ở sâu nhất trong Ảo Cảnh. Sử dụng Bản Năng Lượng để thu thập phần thưởng của nó.
Mỗi tuần, hai lần thu thập phần thưởng đầu tiên từ Tinh Thể Tàn Dư là miễn phí và không cần Bản Năng Lượng. Các lần thu thập miễn phí sẽ không được chuyển sang tuần tiếp theo.

[Độ Khó]
Pha SOL3 cao hơn mang đến những thử thách Khám Phá khó khăn hơn trong Ảo Cảnh, cùng với đó là nhiều phần thưởng hơn từ Tinh Thể Tàn Dư và Points Ảo Cảnh. Difficulty của Ảo Cảnh phụ thuộc vào Pha SOL3 mà cậu đang ở khi Ảo Cảnh được làm mới (04:00 mỗi thứ Hai). Việc điều chỉnh Pha SOL3 trong mỗi chu kỳ khám phá sẽ không ảnh hưởng đến độ khó và phần thưởng của chu kỳ hiện tại.",C?n ti?ng Anh nghi v?n: Cooldown; Difficulty; Liberation; Points; Rate; Skill; Skills; Stats | S? t?/c?m nghi v?n: 9 | T? l? nghi v?n: 0.136 | M?c ??: 36.36
"Photo of Phrolova transforming into Hecate to attack

C-MOSS's hot tip: Resonance Skill after Basic Attack Stage 3
(Feel free to explore other ways to complete the challenge)","Chụp ảnh Phrolova hóa thân thành Hecate để tấn công

Mẹo nóng từ C-MOSS: Dùng Resonance Skill sau Stage 3 của Basic Attack
(Cứ tự do khám phá các cách khác để hoàn thành thử thách nhé)",C?n ti?ng Anh nghi v?n: Attack; Basic; C; Hecate; Phrolova; Skill; Stage | S? t?/c?m nghi v?n: 7 | T? l? nghi v?n: 0.636 | M?c ??: 36.36
"Heavy Attack - Geopotential Shift: When Rest Mass Energy is full, hold {0} to enter Wide Field Observation Mode to provide buffs to Resonators in the team.","Heavy Attack - Shift Địa Thế: Khi Năng Lượng Khối Lượng Nghỉ đầy, giữ {0} để vào Wide Field Observation Mode, tăng cường cho Resonators trong đội.",C?n ti?ng Anh nghi v?n: Attack; Field; Heavy; Mode; Observation; Shift; Wide | S? t?/c?m nghi v?n: 7 | T? l? nghi v?n: 0.636 | M?c ??: 36.36
"<color=#c49e55>[Resonance Liberation]</color> When in Maestro, Phrolova's ATK is increased. Stage 1 and Stage 2 of Basic Attack - Hecate, and Enhanced Attack - Hecate deals additional damage.","<color=#c49e55>[Resonance Liberation]</color> Khi ở trạng thái Maestro, Attack của Phrolova được tăng cường. Giai đoạn 1 và 2 của Basic Attack - Hecate, cùng Attack Nâng Cao - Hecate gây thêm sát thương.",C?n ti?ng Anh nghi v?n: Attack; Basic; Hecate; Maestro | S? t?/c?m nghi v?n: 7 | T? l? nghi v?n: 0.636 | M?c ??: 36.36
"This enemy has a <color=HighlightB>higher RES</color> to <color=Thunder>Electro DMG </color>.

The Mining Reindeer's pulse beam can be deflected to deal damage to itself.

The mechanical antlers on its head can be damaged by Counterattacks. Successfully breaking the antlers will reduce its attack power.

After scanning the data of past animals in Lahai-Roi, the Exostrider used its own parts to grow and proliferate mechanical reindeer. These Mining Reindeer are companions to the Roya and help the Roya in ore mining.","Kẻ địch này có <color=HighlightB>higher RES</color> <color=Thunder>Electro DMG</color>.

Chùm xung kích của Mining Reindeer có thể bị phản đòn để gây sát thương cho chính nó.

Các nhánh gạc cơ khí trên đầu có thể bị phá hủy bằng phản công. Phá vỡ thành công sẽ làm giảm sức tấn công của nó.

Sau khi quét dữ liệu các loài động vật cổ xưa ở Lahai-Roi, Exostrider đã dùng chính bộ phận của mình để nhân bản và phát triển những chú tuần lộc cơ khí. Những chú Mining Reindeer này là bạn đồng hành của Roya và hỗ trợ chúng khai thác quặng.",C?n ti?ng Anh nghi v?n: Exostrider; higher; Lahai; Mining; Reindeer; RES; Roya | S? t?/c?m nghi v?n: 9 | T? l? nghi v?n: 0.529 | M?c ??: 36.29
"This enemy has a <color=HighlightB>higher RES</color> to <color=Fire>Fusion DMG</color>.

The mechanical horns on its head can be damaged by Counterattacks. Successfully breaking the horns will reduce its attack power and range.

When the Ironhoof is under Tune Rupture - Shifting and hit by Tune Break, it takes 30% more total DMG for 15s.

After scanning the data of past animals in Lahai-Roi, the Exostrider used its own parts to grow and proliferate mechanical muskox. Due to the Ironhoof's tough armor, which allows it to survive frigid temperatures on long journeys, the Roya often use them to transport heavy loads.","Kẻ địch này có <color=HighlightB>higher RES</color> cao hơn đối với <color=Fire>Fusion DMG</color>.

Hai chiếc sừng cơ khí trên đầu nó có thể bị phá hủy bằng phản công. Phá vỡ sừng sẽ làm giảm sức tấn công và tầm đánh của nó.

Khi Ironhoof ở trạng thái Tacet Discord - Dịch Chuyển và bị Tune Break, nó sẽ chịu thêm 30% tổng sát thương trong 15 giây.

Sau khi quét dữ liệu của các loài động vật cổ xưa ở Lahai-Roi, Exostrider đã dùng chính bộ phận của mình để nhân giống và phát triển loài bò xạ cơ khí. Nhờ lớp giáp cứng cáp giúp Ironhoof chịu đựng được cái lạnh khắc nghiệt trong những chuyến đi dài, người Roya thường dùng chúng để vận chuyển hàng hóa nặng.",C?n ti?ng Anh nghi v?n: Break; Exostrider; higher; Ironhoof; Lahai; RES; Roya; Tune | S? t?/c?m nghi v?n: 9 | T? l? nghi v?n: 0.429 | M?c ??: 36.29
"During Resonance Liberation <color=Highlight><te href=850038>Burning Rhapsody</te></color>, each hit of Resonance Liberation <color=Highlight>Marcato</color> will increase the DMG of the next Resonance Liberation <color=Highlight>Marcato</color> by {0}, which can be triggered once every {1}s, stacking up to {2} times.
The effect will be reset after Resonance Liberation <color=Highlight>Burning Rhapsody</color> ends.","Trong Resonance Liberation <color=Highlight><te href=850038>Burning Rhapsody</te></color>, mỗi đòn <color=Highlight>Marcato</color> của Resonance Liberation sẽ tăng sát thương cho đòn <color=Highlight>Marcato</color> tiếp theo thêm {0}, có thể kích hoạt mỗi {1} giây, tích lũy tối đa {2} lần.
Hiệu ứng sẽ được đặt lại sau khi Resonance Liberation <color=Highlight>Burning Rhapsody</color> kết thúc.",C?n ti?ng Anh nghi v?n: Burning; Liberation; Marcato; Rhapsody | S? t?/c?m nghi v?n: 9 | T? l? nghi v?n: 0.529 | M?c ??: 36.29
"During Resonance Liberation <color=Highlight>Burning Rhapsody</color>, each hit from Resonance Liberation <color=Highlight>Marcato</color> increases the DMG of the next Resonance Liberation <color=Highlight>Marcato</color> by {0}, and can be triggered every {1}s, stacking up to {2} times.
The effect resets after Resonance Liberation <color=Highlight>Burning Rhapsody</color> ends.","Trong Resonance Liberation <color=Highlight>Burning Rhapsody</color>, mỗi đòn <color=Highlight>Marcato</color> của Resonance Liberation sẽ tăng sát thương cho đòn <color=Highlight>Marcato</color> tiếp theo thêm {0}, có thể kích hoạt mỗi {1} giây, tích lũy tối đa {2} lần.
Hiệu ứng sẽ được đặt lại sau khi Resonance Liberation <color=Highlight>Burning Rhapsody</color> kết thúc.",C?n ti?ng Anh nghi v?n: Burning; Liberation; Marcato; Rhapsody | S? t?/c?m nghi v?n: 9 | T? l? nghi v?n: 0.529 | M?c ??: 36.29
"<color=#c49e55>[Forte Circuit]</color> Casting Heavy Attack - Scarlet Coda increases Crit. Rate by {0}, and Crit. DMG by {1} for {2}s.
Damage dealt by Basic Attack - Movement of Fate and Finality and Resonance Skill - Murmurs in a Haunting Dream are amplified by {3}.","<color=#c49e55>[Forte Circuit]</color> Sử dụng Heavy Attack - Khúc Kết Đỏ Thẫm tăng Crit. Rate {0} và Crit. DMG {1} trong {2} giây.
Sát Thương gây ra bởi Basic Attack - Vận Mệnh và Kết Cục cùng Resonance Skill - Lời Thì Thầm Trong Giấc Mộng Kinh Hoàng sẽ được khuếch đại {3}.",C?n ti?ng Anh nghi v?n: Attack; Basic; Heavy; Rate; Skill | S? t?/c?m nghi v?n: 6 | T? l? nghi v?n: 0.429 | M?c ??: 36.29
"Queen of the Night summons <color=#b72924ff>Burst Bubble and Healing Bubble</color>, dealing damage or providing Healing to both Resonators and enemies.","Queen of the Night triệu hồi <color=#b72924ff>Burst Bubble and Healing Bubble</color>, gây sát thương hoặc hồi phục cho cả Resonators lẫn kẻ địch.",C?n ti?ng Anh nghi v?n: and; Bubble; Burst; Healing; Night; of; Queen | S? t?/c?m nghi v?n: 8 | T? l? nghi v?n: 0.727 | M?c ??: 36.27
"Increases Attribute DMG Bonus by {0}. Every time Intro Skill or Resonance Liberation is cast, increases Heavy Attack DMG Bonus by {1}, stacking up to {2} time(s). This effect lasts for {3}s.","Tăng Hiệu Ứng Sát Thương Thuộc Tính lên {0}. Mỗi khi sử dụng Intro Skill hoặc Resonance Liberation, tăng Hiệu Ứng Sát Thương Heavy Attack lên {1}, tối đa {2} lần. Hiệu ứng này kéo dài trong {3} giây.",C?n ti?ng Anh nghi v?n: Attack; Heavy; Intro; Liberation; Skill | S? t?/c?m nghi v?n: 5 | T? l? nghi v?n: 0.625 | M?c ??: 36.25
<color=#ffd12f>[Resonance Skill]</color> Cooldown of Resonance Skill and Resonance Liberation slightly reduced for each Basic Attack.,<color=#ffd12f>[Resonance Skill]</color> Cooldown chiêu của Resonance Skill và Resonance Liberation giảm nhẹ sau mỗi đòn Basic Attack.,C?n ti?ng Anh nghi v?n: Attack; Basic; Cooldown; Liberation; Skill | S? t?/c?m nghi v?n: 5 | T? l? nghi v?n: 0.625 | M?c ??: 36.25
"This enemy has a <color=HighlightB>higher RES</color> to <color=Thunder>Electro DMG </color>.

In the exam zone, Elite Class enemies grant a shield to all friendly units within 15m every 5s. Upon death, they restore 20% HP to nearby friendly units and trigger an explosion that deals damage equal to 100% of ATK.

After scanning the data of past animals in Lahai-Roi, the Exostrider used its own parts to grow and proliferate mechanical reindeer. These Mining Reindeer are companions to the Roya and help the Roya in ore mining.","Kẻ địch này có <color=HighlightB>higher RES</color> <color=Thunder>Electro DMG</color>.

Trong khu vực thi, kẻ địch Class Elite sẽ tạo lá chắn cho tất cả đơn vị đồng minh trong phạm vi 15m mỗi 5 giây. Khi bị tiêu diệt, chúng hồi phục 20% HP cho đồng minh xung quanh và kích hoạt vụ nổ gây sát thương bằng 100% Tấn Công.

Sau khi quét dữ liệu các loài động vật cổ xưa ở Lahai-Roi, Exostrider đã dùng chính bộ phận của mình để nhân bản và phát triển những chú tuần lộc cơ khí. Những chú Mining Reindeer này là bạn đồng hành của Roya và hỗ trợ chúng khai thác quặng.",C?n ti?ng Anh nghi v?n: Class; Elite; Exostrider; higher; Lahai; Mining; Reindeer; RES; Roya | S? t?/c?m nghi v?n: 9 | T? l? nghi v?n: 0.321 | M?c ??: 36.21
"This enemy has a <color=HighlightB>higher RES</color> to <color=Thunder>Electro DMG </color>.

In the exam zone, Elite Class enemies grant a shield to all friendly units within 15m every 5s. Upon death, they restore 20% HP to nearby friendly units and trigger an explosion that deals damage equal to 100% of ATK.

After scanning the data of past animals in Lahai-Roi, the Exostrider used its own parts to grow and proliferate mechanical reindeer. These Mining Reindeer are companions to the Roya and help the Roya in ore mining.","Kẻ địch này có <color=HighlightB>higher RES</color> <color=Thunder>Electro DMG</color>.

Trong khu vực thi, kẻ địch Class Elite sẽ tạo lá chắn cho tất cả đơn vị đồng minh trong phạm vi 15m mỗi 5 giây. Khi bị tiêu diệt, chúng hồi phục 20% HP cho đồng minh xung quanh và kích hoạt vụ nổ gây sát thương bằng 100% Tấn Công.

Sau khi quét dữ liệu các loài động vật cổ xưa ở Lahai-Roi, Exostrider đã dùng chính bộ phận của mình để nhân bản và phát triển những chú tuần lộc cơ khí. Những chú Mining Reindeer này là bạn đồng hành của Roya và hỗ trợ chúng khai thác quặng.",C?n ti?ng Anh nghi v?n: Class; Elite; Exostrider; higher; Lahai; Mining; Reindeer; RES; Roya | S? t?/c?m nghi v?n: 9 | T? l? nghi v?n: 0.321 | M?c ??: 36.21
"Open to claim one basic material for Weapon Ascension or Skill Upgrade of your choice:
<color=Rare2>Crude Ring*1</color>
<color=Rare2>LF Whisperin Core*1</color>
<color=Rare2>LF Howler Core*1</color>","Mở để nhận một nguyên liệu cơ bản cho Nâng Cấp Vũ Khí hoặc Skill Nâng cấp theo lựa chọn của bạn:
<color=Rare2>Crude Ring*1</color>
<color=Rare2>LF Whisperin Core*1</color>
<color=Rare2>LF Howler Core*1</color>",C?n ti?ng Anh nghi v?n: Core; Crude; Howler; LF; Ring; Skill; Whisperin | S? t?/c?m nghi v?n: 9 | T? l? nghi v?n: 0.818 | M?c ??: 36.18
"Photo of Qiuyuan drinking his medicine

C-MOSS's hot tip: Already in special state, {Cus:Ipt,Touch=tap PC=press Gamepad=press} Normal Attack to cast the first 3 stages of Thus Spoke the Blade: Inkwash
(Feel free to explore other ways to complete the challenge)","Chụp ảnh Qiuyuan uống thuốc

Mẹo nóng từ C-MOSS: Đã ở trạng thái đặc biệt, {Cus:Ipt,Touch=tap PC=press Gamepad=press} Normal Attack để tung chiêu 3 giai đoạn đầu của Thus Spoke the Blade: Inkwash
(Cứ tự do khám phá các cách khác để hoàn thành thử thách nhé)",C?n ti?ng Anh nghi v?n: Attack; Blade; C; Inkwash; Normal; Qiuyuan; Spoke; Thus | S? t?/c?m nghi v?n: 8 | T? l? nghi v?n: 0.615 | M?c ??: 36.15
"This enemy has a <color=HighlightB>higher RES</color> to <color=Thunder>Electro DMG</color>.

The Roya who were cast out of their tribe for selling Exostrider cell remnants. They, however, view themselves as unfettered by the old ways. To mock tradition, they wear masks made from Exoswarm heads and use the Shepherd's Staff as a weapon, and thus become a force of unrestrained chaos in Lahai-Roi.","Kẻ địch này có <color=HighlightB>higher RES</color> với <color=Thunder>Electro DMG</color>.

Những kẻ Roya bị bộ tộc trục xuất vì bán tế bào Exostrider. Tuy nhiên, chúng tự cho mình thoát khỏi những lề thói cũ. Để chế giễu truyền thống, chúng đeo mặt nạ làm từ đầu Exoswarm và sử dụng Shepherd's Staff làm vũ khí, trở thành thế lực hỗn loạn không gì kiềm chế nổi ở Lahai-Roi.",C?n ti?ng Anh nghi v?n: Exostrider; Exoswarm; higher; Lahai; RES; Roya; Shepherd's; Staff | S? t?/c?m nghi v?n: 8 | T? l? nghi v?n: 0.615 | M?c ??: 36.15
"<color=#1891e7>[Aero]</color>

This enemy has a <color=#b49f50> higher RES</color> against <color=#1891e7>Aero DMG</color>.  

Binomial name ""Hoolock vexo"". Sightings of this are only located in the Dim Forest. The Mutant Organism with the highest level of intelligence found in Huanglong.","<color=#1891e7>[Aero]</color>

Kẻ địch này có <color=#b49f50>higher RES</color> đối với <color=#1891e7>Aero DMG</color>. 

Tên nhị thức ""Hoolock vexo"". Chúng chỉ được phát hiện tại Dim Forest. Đây là Mutant Organism có mức độ thông minh cao nhất được tìm thấy ở Huanglong.",C?n ti?ng Anh nghi v?n: Dim; Forest; higher; Hoolock; Mutant; Organism; RES; vexo | S? t?/c?m nghi v?n: 8 | T? l? nghi v?n: 0.615 | M?c ??: 36.15
"<color=#c49e55>[Resonance Skill]</color>
Resonance Skill - Cartethyia, Resonance Skill - Sword to Answer Waves' Call, and Resonance Skill - May Tempest Break the Tides deal additional DMG and inflict Aero Erosion on targets hit. 
Cartethyia and Fleurdelys gain Aeolian Realm.","<color=#c49e55>[Resonance Skill]</color>
Resonance Skill - Cartethyia, Resonance Skill - Kiếm Đáp Lời Sóng, và Resonance Skill - Tempest Phá Tan Triều Khúc gây thêm sát thương và gây Erosion Aero lên mục tiêu trúng đòn.
Cartethyia và Fleurdelys nhận được Lãnh Địa Gió.",C?n ti?ng Anh nghi v?n: Cartethyia; Erosion; Fleurdelys; Skill; Tempest | S? t?/c?m nghi v?n: 8 | T? l? nghi v?n: 0.615 | M?c ??: 36.15
"Deal fixed <color=Light>Spectro DMG</color>, considered Basic Attack DMG that is not affected by any DMG Bonus.
Only one <color=Highlight>Ichor Blade</color> can exist at a time. It cannot trigger <color=Highlight>Counterattack</color>.
<color=Highlight>Ichor Blade</color> cannot be launched without a nearby target.
<color=Highlight>Ichor Blade</color> disappears when Luuk Herssen casts other skills that deal damage or leaves the field.","Gây <color=Light>Spectro DMG</color>, được tính là sát thương Kỹ Năng Basic và không bị ảnh hưởng bởi bất kỳ hiệu ứng Tăng Sát Thương nào.
Chỉ có thể tồn tại một <color=Highlight>Ichor Blade</color> tại cùng một thời điểm. Nó không thể kích hoạt <color=Highlight>Counterattack</color>.
<color=Highlight>Ichor Blade</color> không thể phóng ra nếu không có mục tiêu gần đó.
<color=Highlight>Ichor Blade</color> sẽ biến mất khi Luuk Herssen sử dụng các kỹ năng khác gây sát thương hoặc rời khỏi chiến trường.",C?n ti?ng Anh nghi v?n: Basic; Blade; Counterattack; Herssen; Ichor; Luuk | S? t?/c?m nghi v?n: 10 | T? l? nghi v?n: 0.714 | M?c ??: 36.14
"When Resonance Skill is cast, increases Basic Attack DMG Bonus and Heavy Attack DMG Bonus by {0}, stacking up to {1} time(s). This effect lasts for {2}s and can be triggered {4} time(s) every {3}s.","Khi sử dụng Resonance Skill, tăng Tăng Sát Thương Basic Attack và Heavy Attack thêm {0}, có thể tích lũy tối đa {1} lần. Hiệu ứng này kéo dài {2} giây và có thể kích hoạt {4} lần mỗi {3} giây.",C?n ti?ng Anh nghi v?n: Attack; Basic; Heavy; Skill | S? t?/c?m nghi v?n: 5 | T? l? nghi v?n: 0.714 | M?c ??: 36.14
<color=#ffd12f>[Resonance Skill]</color> Basic Attacks reduce Cooldown of Resonance Skill and Resonance Liberation by 1% on hit.,<color=#ffd12f>[Resonance Skill]</color> Basic Attack trúng mục tiêu sẽ giảm 1% Cooldown chiêu của Resonance Skill và Resonance Liberation.,C?n ti?ng Anh nghi v?n: Attack; Basic; Cooldown; Liberation; Skill | S? t?/c?m nghi v?n: 5 | T? l? nghi v?n: 0.714 | M?c ??: 36.14
"[<te href=851071>Spacetrek Collective</te>: Classified Archive]

Interview Dossier: Hiyuki

Due to multifaceted considerations, we have foregone a truly comprehensive evaluation of the representative from <te href=851074>Ashinohara</te>—the Miko of Flaming Sakura.
The majority of the intelligence gathered herein is based on her personal testimony. In the recorder's professional estimation, corroborated through subsequent cross-referencing, she appears to harbor no intention of concealing any information regarding her background.
<i>""After all, information regarding the 'Miko of Eternal Flaming Sakura' can be found in just about any Ashinohara elementary school textbook...""</i>
 
According to Hiyuki's own account, the source of her Forte is the ""Suzu,"" a Legacy Talisman worn on her right wrist.
Hiyuki describes the Suzu as follows: It grants the bearer the ability to perceive and utilize ""future possibilities"" of oneself, though it does not allow for direct communication with these ""shadows of future possibility.""
The freezing power she often wields in combat also stems from the ""Suzu.""
<i>""Verified via official Ashinohara reports: The Legacy Talismans are five relics left behind by the Sentinels, distributed among the internal factions of Ashinohara for safekeeping.""</i>
<i>""Among them, the Suzu is described as granting its bearer the power to 'draw upon the future.'""</i>
 
Consequently, it is determined that the fundamental source of her exceptional combat prowess remains her own inherent skill.
However, the ""futures"" available for her to draw upon are not infinite. Out of concern for her physiological lifespan, aggressive deployment of her abilities is strongly advised against.
<i>""Investigation confirms that every Miko of Flaming Sakura has shared a singular cause of death: vanishing from the battlefield without a trace following excessive use of the Suzu.""</i>","[<te href=851071>Spacetrek Collective</te>: Archive Mật]

Hồ sơ Phỏng vấn: Hiyuki

Do nhiều yếu tố phức tạp, chúng tôi đã bỏ qua đánh giá toàn diện đối với đại diện đến từ <te href=851074>Ashinohara</te>—Miko của Hoa Anh Đào Lửa.
Phần lớn thông tin thu thập ở đây dựa trên lời khai cá nhân của cô. Theo đánh giá chuyên môn của người ghi chép, sau khi đối chiếu với các nguồn khác, cô dường như không có ý định che giấu bất kỳ thông tin nào về quá khứ của mình.
<i>""Dù sao thì thông tin về 'Miko của Hoa Anh Đào Lửa Vĩnh Cửu' cũng có trong sách giáo khoa tiểu học Ashinohara mà...""</i>

Theo lời Hiyuki, nguồn gốc của Forte đến từ ""Suzu"", một Di Vật Bùa Đeo trên cổ tay phải của cô.
Hiyuki mô tả Suzu như sau: Nó ban cho người sở hữu khả năng cảm nhận và sử dụng ""khả năng tương lai"" của bản thân, dù không cho phép giao tiếp trực tiếp với những ""bóng dáng tương lai"" này.
Sức mạnh băng giá mà cô thường sử dụng trong chiến đấu cũng bắt nguồn từ ""Suzu"".
<i>""Đã xác minh qua báo cáo chính thức của Ashinohara: Di Vật Bùa là năm di vật do các Sentinel để lại, được phân chia giữa các phe phái nội bộ Ashinohara để bảo quản.""</i>
<i>""Trong số đó, Suzu được mô tả là ban cho người sở hữu sức mạnh 'vay mượn từ tương lai'.""</i>

Do đó, có thể kết luận rằng nguồn cội sức mạnh chiến đấu vượt trội của cô vẫn là kỹ năng bẩm sinh của chính mình.
Tuy nhiên, những ""tương lai"" mà cô có thể vay mượn không phải là vô hạn. Vì lo ngại cho tuổi thọ sinh lý của cô, việc sử dụng khả năng một cách quá mức cần được tránh.
<i>""Điều tra xác nhận rằng mọi Miko của Hoa Anh Đào Lửa đều có chung một nguyên nhân tử vong: biến mất khỏi chiến trường không dấu vết sau khi sử dụng Suzu quá mức.""</i>",C?n ti?ng Anh nghi v?n: Ashinohara; Hiyuki; Miko; Suzu | S? t?/c?m nghi v?n: 15 | T? l? nghi v?n: 0.203 | M?c ??: 36.03
"This enemy has a <color=HighlightB>higher RES</color> to <color=Wind>Aero DMG</color>.

In the exam zone, when an enemy dies, it restores 20% HP to nearby friendly units.

An extinct ancient raptor reproduced through the Upphaf Life Chamber.
In the distant past, these raptors once circled the skies of Lahai-Roi, their dominion unchallenged since the First Epoch.
Legend holds that the Kronaclaw was a creation of Sol, sharing the divine sight of the Eye of Sol and beholding all that lay above and below Lahai-Roi.
But as magnetic poles shifted and the landscape was reshaped, the Kronaclaw species had faded into near extinction. Their place was eventually taken by Kronablight, an Exoswarm born of the Exostrider.","Kẻ địch này có <color=HighlightB>kháng</color> <color=Wind>Aero DMG</color> <color=HighlightB>cao hơn</color>.

Trong khu vực thi, khi một kẻ địch bị tiêu diệt, nó sẽ hồi phục 20% HP cho các đơn vị đồng minh xung quanh.

Một loài mãnh long cổ đại đã tuyệt chủng được tái sinh thông qua Upphaf Life Chamber.
Trong quá khứ xa xưa, những con mãnh long này từng thống trị bầu trời Lahai-Roi, vương quyền của chúng không bị thách thức kể từ Kỷ Nguyên Đầu Tiên.
Truyền thuyết kể rằng Kronaclaw là sáng tạo của Sol, mang trong mình thị lực thần thánh của Mắt Sol, nhìn thấu mọi thứ trên và dưới Lahai-Roi.
Nhưng khi các cực từ dịch chuyển và cảnh quan bị biến đổi, loài Kronaclaw dần lụi tàn gần như tuyệt chủng. Vị trí của chúng cuối cùng bị thay thế bởi Kronablight, một Exoswarm sinh ra từ Exostrider.",C?n ti?ng Anh nghi v?n: Chamber; Exostrider; Exoswarm; Kronablight; Kronaclaw; Lahai; Life; Sol; Upphaf | S? t?/c?m nghi v?n: 12 | T? l? nghi v?n: 0.3 | M?c ??: 36.0
"This enemy has a <color=HighlightB>higher RES</color> to <color=Wind>Aero DMG </color>.

The Windlash Coleoid is immune to Aero Erosion, but takes 80% more total DMG taken from other Negative Statuses and Echo Skill.

A parasitic creature that lives inside Whisperin Tacet Discords, using the host's body as a cocoon and feeds on its frequency. Infection by Windlash Coleoids causes combative behavior and a compulsion to feed on the frequencies of other Tacet Discords. After an incubation period, the Windlash Coleoid abandons its host by breaking free from the host's back.","Kẻ địch này có <color=HighlightB>higher RES</color> <color=Wind>Aero DMG</color> cao hơn.

Windlash Coleoid miễn nhiễm với Aero Erosion, nhưng chịu thêm 80% tổng Sát Thương từ các Trạng Thái Tiêu Cực và Kỹ Năng Echo khác.

Một sinh vật ký sinh sống bên trong Whisperin Tacet Discord, sử dụng cơ thể vật chủ như kén và hút lấy tần số của nó. Nhiễm Windlash Coleoid khiến vật chủ trở nên hung hăng và thôi thúc ăn tần số của các Tacet Discord khác. Sau thời gian ủ bệnh, Windlash Coleoid sẽ rời vật chủ bằng cách phá vỡ lưng nó.",C?n ti?ng Anh nghi v?n: Coleoid; Erosion; higher; RES; Whisperin; Windlash | S? t?/c?m nghi v?n: 10 | T? l? nghi v?n: 0.4 | M?c ??: 36.0
"Echo Counter Skills are special abilities that some Echo have that can break an enemy's attack when they unleash a <color=HighlightB>Special Attack</color> and shortly<color=HighlightB>Immoblize</color> them.

A <color=HighlightB>Red Warning Prompt</color> can be seen before enemies use their Special Attacks. You can use Echo Counter Skills to block them.","Skills Phản Đòn Echo là khả năng đặc biệt của một số Echo, có thể phá vỡ đòn tấn công của kẻ địch khi chúng tung ra <color=HighlightB>Special Attack</color> và <color=HighlightB>Immoblize</color> chúng trong thời gian ngắn.

Trước khi kẻ địch sử dụng Đòn Special, bạn sẽ thấy <color=HighlightB>Red Warning Prompt</color>. Hãy dùng Skills Phản Đòn Echo để chặn đứng chúng.",C?n ti?ng Anh nghi v?n: Attack; Immoblize; Prompt; Red; Skills; Special; Warning | S? t?/c?m nghi v?n: 9 | T? l? nghi v?n: 0.5 | M?c ??: 36.0
"During a match, Dice rolls decide which Cubes move first and how far.

<color=#ffd12f>There is a chance</color> for a Cube to trigger its own special <color=#ffd12f>Ability</color> to try to reach the finish line first.

Cubes that arrive later at the target pad will stack on top of those that arrived earlier.","Trong trận đấu, kết quả tung xúc xắc sẽ quyết định Cube nào di chuyển trước và đi được bao xa.

<color=#ffd12f>There is a chance</color> một Cube kích hoạt <color=#ffd12f>Ability</color> đặc biệt của riêng nó để cố gắng về đích trước.

Những Cube đến sau sẽ chồng lên những Cube đã đến trước trên bệ đích.",C?n ti?ng Anh nghi v?n: a; Ability; chance; Cube; is; There | S? t?/c?m nghi v?n: 9 | T? l? nghi v?n: 0.6 | M?c ??: 36.0
"Pack Hunt: Lupa's Resonance Liberation grants Pack Hunt to other Resonators in the team, providing DMG Bonus increases. Intro Skills performed by all Resonators in the team enhance Pack Hunt's effect.","Pack Hunt: Resonance Liberation của Lupa sẽ kích hoạt Pack Hunt cho Resonators khác trong đội, gia tăng thêm Tấn Công Bổ Sung. Intro Skill của tất cả Resonators trong đội sẽ tăng cường hiệu ứng của Pack Hunt.",C?n ti?ng Anh nghi v?n: Hunt; Intro; Liberation; Pack; Skill | S? t?/c?m nghi v?n: 9 | T? l? nghi v?n: 0.5 | M?c ??: 36.0
"The ranges of the Resonance Skills <color=Highlight>Thunder Field</color> and <color=Highlight>Thunder Uprising</color> are greatly expanded. When switched off the field during combat, if ""Readiness"" is not full, Yuanwu will automatically leave {0} Resonance Skill <color=Highlight>Thunder Wedge</color> in place.","Phạm vi của các Resonance Skill <color=Highlight>Thunder Field</color> và <color=Highlight>Thunder Uprising</color> được mở rộng đáng kể. Khi rời khỏi Echo trong trận chiến, nếu ""Sẵn Sàng"" chưa đầy, Yuanwu sẽ tự động để lại {0} Resonance Skill <color=Highlight>Thunder Wedge</color> tại chỗ.",C?n ti?ng Anh nghi v?n: Field; Skill; Thunder; Uprising; Wedge; Yuanwu | S? t?/c?m nghi v?n: 9 | T? l? nghi v?n: 0.6 | M?c ??: 36.0
"The ranges of the Resonance Skills <color=Highlight>Thunder Field</color> and <color=Highlight>Thunder Uprising</color> are greatly expanded. If Yuanwu is switched off the field during combat when Readiness is not full, he will automatically leave behind {0} Resonance Skill <color=Highlight>Thunder Wedge</color>.","Tầm ảnh hưởng của Resonance Skill <color=Highlight>Thunder Field</color> và <color=Highlight>Thunder Uprising</color> được mở rộng đáng kể. Nếu Yuanwu bị thay ra khỏi trận đấu khi Trạng Thái Sẵn Sàng chưa đầy, cậu ta sẽ tự động để lại {0} Resonance Skill <color=Highlight>Thunder Wedge</color>.",C?n ti?ng Anh nghi v?n: Field; Skill; Thunder; Uprising; Wedge; Yuanwu | S? t?/c?m nghi v?n: 9 | T? l? nghi v?n: 0.6 | M?c ??: 36.0
"<color=#c49e55>[Basic Attack]</color>
Every Basic Attack - Polychrome Leap generates a Rainbow Bridge, consistently dealing damage to nearby enemies. Multiple Rainbow Bridges can exist simultaneously.","<color=#c49e55>[Basic Attack]</color>
Mỗi lần sử dụng Basic Attack - Polychrome Leap sẽ tạo ra một Rainbow Bridge, liên tục gây sát thương cho kẻ địch gần đó. Nhiều Rainbow Bridge có thể tồn tại đồng thời.",C?n ti?ng Anh nghi v?n: Attack; Basic; Bridge; Leap; Polychrome; Rainbow | S? t?/c?m nghi v?n: 8 | T? l? nghi v?n: 0.8 | M?c ??: 36.0
"Intro Skill increases Combat Rank's progression efficiency by {0}% for {1}s.
Rank ≥ B: Intro Skill recovers {2} Concerto Energy for the Resonator.
Rank ≥ S: Intro Skill increases the DMG dealt by all team members by {3}% for {4}s.","Skill Khởi Động tăng hiệu suất tiến trình Cấp Độ Combat lên {0}% trong {1} giây.
Cấp ≥ B: Skill Khởi Động hồi {2} Concerto Energy cho Resonator.
Cấp ≥ S: Skill Khởi Động tăng Sát Thương gây ra bởi tất cả thành viên trong đội lên {3}% trong {4} giây.",C?n ti?ng Anh nghi v?n: B; Combat; Energy; S; Skill | S? t?/c?m nghi v?n: 7 | T? l? nghi v?n: 0.5 | M?c ??: 36.0
Hiyuki: <color=#d4bf5f>Iai Stance</color> and <color=#d4bf5f>Basic Attack - Iai</color> Combo Tutorial,Hiyuki: <color=#d4bf5f>Iai Stance</color> và <color=#d4bf5f>Basic Attack - Iai</color> (Combo),C?n ti?ng Anh nghi v?n: Attack; Basic; Combo; Hiyuki; Iai; Stance | S? t?/c?m nghi v?n: 7 | T? l? nghi v?n: 1.0 | M?c ??: 36.0
Hiyuki: <color=#d4bf5f>Iai Stance</color> and <color=#d4bf5f>Basic Attack - Iai</color> Combo Tutorial 2,Hiyuki: <color=#d4bf5f>Iai Stance</color> và <color=#d4bf5f>Basic Attack - Iai</color> (Combo) Phần 2,C?n ti?ng Anh nghi v?n: Attack; Basic; Combo; Hiyuki; Iai; Stance | S? t?/c?m nghi v?n: 7 | T? l? nghi v?n: 1.0 | M?c ??: 36.0
"<color=#c49e55>[Resonance Liberation]</color>
- Mortefi gains Fusion DMG Bonus.
- Burning Rhapsody is enhanced: Basic Attacks now trigger additional Marcato on hit.","<color=#c49e55>[Resonance Liberation]</color>
- Mortefi nhận thêm Fusion DMG Bonus.
- Burning Rhapsody được tăng cường: Basic Attack giờ đây sẽ kích hoạt thêm Marcato khi trúng mục tiêu.",C?n ti?ng Anh nghi v?n: Attack; Basic; Bonus; Burning; Marcato; Mortefi; Rhapsody | S? t?/c?m nghi v?n: 7 | T? l? nghi v?n: 0.7 | M?c ??: 36.0
"<color=Highlight>[Forte Circuit]</color>
- Hellstride is enhanced.
- While in Threshold State, using Basic Attack after casting Hellstride restores Sinflame.","<color=Highlight>[Forte Circuit]</color>
- Hellstride được tăng cường.
- Khi ở Threshold State, sử dụng Basic Attack sau khi dùng Hellstride sẽ hồi phục Sinflame.",C?n ti?ng Anh nghi v?n: Attack; Basic; Hellstride; Sinflame; State; Threshold | S? t?/c?m nghi v?n: 7 | T? l? nghi v?n: 0.7 | M?c ??: 36.0
Ciaccona: <color=#d4bf5f>Heavy Attack</color> Tutorial - Chain Mid-air Attack,Ciaccona: <color=#d4bf5f>Heavy Attack</color> - Chuỗi Mid-air Attack,C?n ti?ng Anh nghi v?n: air; Attack; Ciaccona; Heavy; Mid | S? t?/c?m nghi v?n: 6 | T? l? nghi v?n: 1.0 | M?c ??: 36.0
"Hitting the target with Basic Attack or Heavy Attack or a successful Dodge grants <SapTag=0>{0}</SapTag> {Cus:Sap,S=stack P=stacks SapTag=0} of Invisibility.","Đánh trúng mục tiêu bằng Basic Attack, Heavy Attack hoặc Dodge thành công sẽ nhận được <SapTag=0>{0}</SapTag> {Cus:Sap,S=cấp P=cấp SapTag=0} Tàng Hình.",C?n ti?ng Anh nghi v?n: Attack; Basic; Dodge; Heavy | S? t?/c?m nghi v?n: 5 | T? l? nghi v?n: 1.0 | M?c ??: 36.0
"This enemy has a <color=HighlightB>higher RES</color> to <color=Light>Spectro DMG </color>.

When Hyvatia opens its Eye of Prediction, it observes and records Resonators' Dodges and Counterattacks. After the Eye closes, Hyvatia's next attack cannot be Dodged or Counterattacked.

Hyvatia takes 100% more total Tune Rupture DMG. When it's under Tune Rupture - Shifting and hit by Tune Break, it takes 15% more total DMG for 15s.

Hyvatia is Spacetrek Collective's first detection array built at Sundermere to monitor and stabilize the Reactor Drive's energy state in real time.

The Research Institute implanted the Exostrider's space-time error correction module runtime into Hyvatia's core, allowing Hyvatia to adjust the Exostrider's orbit and detect hidden spaceborne threats with high precision. Therefore, Hyvatia possesses sufficient computational power to predict the Reactor Drive's rotation.

Hyvatia's core function is to detect abnormal or dangerous energy fluctuations, perform immediate emergency calibrations, and feed this data back to the Drive to ensure stable operation.","Kẻ địch này có <color=HighlightB>kháng</color> <color=Light>Spectro DMG</color> <color=HighlightB>cao hơn</color>.

Khi Hyvatia mở Mắt Tiên Tri, nó sẽ quan sát và ghi lại những pha Dodge và Phản Đòn của Resonators. Sau khi Mắt đóng lại, đòn tấn công tiếp theo của Hyvatia sẽ không thể Dodge hay Phản Đòn được.

Hyvatia chịu tổng Sát Thương Vỡ Nhịp gấp 100%. Khi đang chịu hiệu ứng Vỡ Nhịp - Dao Động và bị Vỡ Nhịp, nó sẽ chịu thêm 15% tổng Sát Thương trong 15 giây.

Hyvatia là hệ thống dò tìm đầu tiên của Spacetrek Collective được xây dựng tại Sundermere để giám sát và ổn định trạng thái năng lượng của Reactor Drive theo thời gian thực.

Viện Nghiên Cứu đã cấy mô-đun hiệu chỉnh lỗi không-thời gian của Exostrider vào lõi của Hyvatia, cho phép nó điều chỉnh quỹ đạo của Exostrider và phát hiện các mối đe dọa ẩn trong không gian với độ chính xác cao. Do đó, Hyvatia sở hữu đủ sức mạnh tính toán để dự đoán vòng quay của Reactor Drive.

Chức năng cốt lõi của Hyvatia là phát hiện các dao động năng lượng bất thường hoặc nguy hiểm, thực hiện hiệu chỉnh khẩn cấp ngay lập tức, và truyền dữ liệu này về Drive để đảm bảo hoạt động ổn định.",C?n ti?ng Anh nghi v?n: Drive; Hyvatia; Reactor; Spacetrek; Sundermere | S? t?/c?m nghi v?n: 14 | T? l? nghi v?n: 0.298 | M?c ??: 35.98
"1. Wild Card: At the start of each turn, the Wild Card randomly transforms into another number card in the player's hand. It cannot transform into the Crownless Card, a card that has already been played, or repeat its transform in previous rounds. Wild Cards can form pairs like standard cards.

2. Crownless Card: There is only one Crownless Card in the deck. Drawing it causes the player to lose 1 HP (out of 2). The first player to lose 2 HP loses the game.","1. Cards Wild Card: Vào đầu mỗi lượt, Wild Card sẽ ngẫu nhiên biến thành một thẻ số khác trong tay người chơi. Nó không thể biến thành Crownless Card, thẻ đã được đánh ra, hoặc lặp lại biến hình ở các vòng trước. Wild Card có thể kết hợp thành đôi như các thẻ thông thường.

2. Crownless Card: Bộ bài chỉ có duy nhất một Crownless Card. Rút phải thẻ này sẽ khiến người chơi mất 1 HP (trong tổng số 2 HP). Người chơi đầu tiên mất 2 HP sẽ thua cuộc.",C?n ti?ng Anh nghi v?n: Card; Cards; Crownless; Wild | S? t?/c?m nghi v?n: 13 | T? l? nghi v?n: 0.591 | M?c ??: 35.91
"1. Fame reflects your skill in fishing and the recognition you've earned from the fishers of the Riccioli Islands. Increasing your Fame will grant you more convenience while sailing across the Riccioli waters.

2. You can earn Fame by exploring the Riccioli Islands, completing Requests from Merchant Planck, and updating the Index.","1. Fame phản ánh kỹ năng câu cá của bạn và sự công nhận từ những ngư dân trên Riccioli Islands. Tăng Fame sẽ mang lại nhiều tiện lợi hơn khi di chuyển trên vùng biển Riccioli.

2. Bạn có thể kiếm Fame bằng cách khám phá Riccioli Islands, hoàn thành Requests từ Nhà Buôn Planck và cập nhật Index.",C?n ti?ng Anh nghi v?n: Fame; Index; Islands; Planck; Requests; Riccioli | S? t?/c?m nghi v?n: 11 | T? l? nghi v?n: 0.786 | M?c ??: 35.86
"This enemy has a <color=HighlightB>higher RES</color> to <color=Thunder>Electro DMG </color>.

In the exam zone, Elite Class enemies grant a shield to all friendly units within 15m every 5s.

In the face of the vast unknown lands in Lahai-Roi, the Spacetrek Collective developed the multi-purpose Spacetrek Explorer to serve in transport, storage, and defense roles. Its wheeled legs and heavy-duty tires allow it to race along vertical surfaces, making it suitable for both urban and off-road terrain. The onboard storage compartments are designed to support long-term scientific expeditions.","Kẻ địch này có <color=HighlightB>higher RES</color> <color=Thunder>Electro DMG</color>.

Trong khu vực thi, kẻ địch Elite Class sẽ tạo lá chắn cho tất cả đơn vị đồng minh trong phạm vi 15m mỗi 5 giây.

Trước những vùng đất bí ẩn rộng lớn ở Lahai-Roi, Spacetrek Collective đã phát triển Spacetrek Explorer đa năng để phục vụ vận tải, lưu trữ và phòng thủ. Chân bánh xe và lốp chịu lực giúp nó di chuyển trên các bề mặt thẳng đứng, phù hợp cho cả địa hình đô thị lẫn địa hình gồ ghề. Các khoang chứa trên tàu được thiết kế để hỗ trợ các chuyến thám hiểm khoa học dài hạn.",C?n ti?ng Anh nghi v?n: Class; Collective; Elite; Explorer; higher; Lahai; RES; Spacetrek | S? t?/c?m nghi v?n: 9 | T? l? nghi v?n: 0.375 | M?c ??: 35.75
Yangyang: Forte Circuit Tutorial <color=#d4bf5f>Mid-air Attack: Feather Release</color>,Yangyang: Hướng dẫn Forte Circuit <color=#d4bf5f>Mid-air Attack: Feather Release</color>,C?n ti?ng Anh nghi v?n: air; Attack; Circuit; Feather; Mid; Release; Yangyang | S? t?/c?m nghi v?n: 7 | T? l? nghi v?n: 0.875 | M?c ??: 35.75
"This enemy has a <color=HighlightB>higher RES</color> to <color=Thunder>Electro DMG</color>.

In the exam zone, enemies are immune to interruption while their HP is above 50%.

The Twin Nova mechs were built for exploration beyond the Stridergate. Collapsar Blade is the melee model. Their humanoid form embodies mankind's drive to explore the abyss when they look up at the stars. Together as one, paired Twin Novas demonstrate unprecedented combat capabilities.","Kẻ địch này có <color=HighlightB>higher RES</color> với <color=Thunder>Electro DMG</color>.

Trong khu vực thi, kẻ địch miễn nhiễm với hiệu ứng gián đoạn khi HP trên 50%.

Bộ đôi mech Twin Nova được chế tạo để thám hiểm bên ngoài Stridergate. Collapsar Blade là phiên bản cận chiến. Hình dáng người của chúng thể hiện khát vọng khám phá vực thẳm của nhân loại khi ngước nhìn bầu trời. Khi kết hợp, cặp Twin Nova thể hiện sức mạnh chiến đấu chưa từng có.",C?n ti?ng Anh nghi v?n: Blade; Collapsar; higher; Nova; RES; Stridergate; Twin | S? t?/c?m nghi v?n: 9 | T? l? nghi v?n: 0.474 | M?c ??: 35.74
"Evaluation Basis: [Resonance Assessment 1856-G]

The exact time of Resonator Danjin's Awakening remains uncertain. Notably, during Resonator Danjin's Awakening event, she exhibited an uncontrollable state of emotional outburst. It is speculated that overwhelming emotions may have catalyzed her awakening.

A <te href=850072>Tacet Mark</te> is located on Danjin's upper left arm. Observations have revealed distinct alterations in her physical characteristics after her Awakening. A noteworthy alteration is the reddening of her pupils after exerting her Forte to a certain threshold.

Resonator Danjin's frequency fluctuations are stronger than usual, displaying uncommon instantaneous changes that may result in physical damage to her surroundings and any living beings therein when left unattended.

Empirical testing has revealed that Danjin's destructive potential surpasses normal people by 78.94%.
Resonance Spectrum Pattern of this Resonator matches that of the human blood. Tests reveal strong Syntony Responses, yet the cause of Danjin's Awakening remains unclear.


Analysis of test samples has revealed a non-convergent <te href=850067>Rabelle's Curve</te> with a steep rise in its middle section. Therefore, Danjin is classified as a <te href=850069>Mutant Resonator</te>.","Cơ sở đánh giá: [Đánh Giá Resonance 1856-G]

Thời điểm chính xác Resonator Danjin thức tỉnh vẫn chưa xác định. Đáng chú ý, trong sự kiện thức tỉnh của Resonator Danjin, cô đã thể hiện trạng thái mất kiểm soát về mặt cảm xúc. Có giả thuyết cho rằng những cảm xúc mãnh liệt có thể là chất xúc tác cho sự thức tỉnh của cô.

Một <te href=850072>Tacet Mark</te> nằm trên cánh tay trên bên trái của Danjin. Quan sát cho thấy những thay đổi rõ rệt về đặc điểm thể chất sau khi thức tỉnh. Một thay đổi đáng chú ý là đồng tử của cô chuyển sang màu đỏ sau khi sử dụng Forte đến một ngưỡng nhất định.

Biến động tần số của Resonator Danjin mạnh hơn bình thường, thể hiện những thay đổi tức thời bất thường có thể gây tổn hại vật lý đến môi trường xung quanh và bất kỳ sinh vật nào trong đó nếu không được kiểm soát.

Test thực nghiệm cho thấy tiềm năng hủy diệt của Danjin vượt trội hơn người bình thường 78,94%.
Mô hình Phổ Resonance của Resonator này trùng khớp với mẫu máu người. Các thử nghiệm cho thấy phản ứng Resonance mạnh mẽ, tuy nhiên nguyên nhân thức tỉnh của Danjin vẫn chưa rõ ràng.


Phân tích mẫu thử cho thấy <te href=850067>Rabelle's Curve</te> không hội tụ với đoạn tăng đột ngột ở phần giữa. Do đó, Danjin được phân loại là <te href=850069>Mutant Resonator</te>.",C?n ti?ng Anh nghi v?n: Curve; Danjin; Mark; Mutant; Rabelle's; Test | S? t?/c?m nghi v?n: 12 | T? l? nghi v?n: 0.273 | M?c ??: 35.73
"Photo of Qiuyuan summoning bamboos

C-MOSS's hot tip: Already in special state, {Cus:Ipt,Touch=tap PC=press Gamepad=press} Normal Attack 4 times to cast Thus Spoke the Blade: Inkwash Stage 4
(Feel free to explore other ways to complete the challenge)","Chụp ảnh Qiuyuan triệu hồi tre trúc

Mẹo nóng từ C-MOSS: Đã ở trạng thái đặc biệt, {Cus:Ipt,Touch=tap PC=press Gamepad=press} Normal Attack 4 lần để tung chiêu Thus Spoke the Blade: Inkwash Giai đoạn 4
(Cứ tự do khám phá các cách khác để hoàn thành thử thách nhé)",C?n ti?ng Anh nghi v?n: Attack; Blade; C; Inkwash; Normal; Qiuyuan; Spoke; Thus | S? t?/c?m nghi v?n: 8 | T? l? nghi v?n: 0.571 | M?c ??: 35.71
"These collapsed morph paintings drain frequencies and energy from their surroundings to maintain their forms, causing the minerals, plants, and even animals nearby to lose their vibrancy and color.
The absorbed colors transform into chaotic color blocks on the Overflowing Palette. <color=#ffd12f>Adjusting all the blocks into a designated color</color> will restore the environment's former vibrancy.","Những bức tranh morph đổ nát này hút tần số và năng lượng từ môi trường xung quanh để duy trì hình dạng, khiến khoáng chất, thực vật, thậm chí cả động vật gần đó mất đi sự sống động và màu sắc.
Màu sắc bị hấp thụ biến thành những khối màu hỗn loạn trên Bảng Màu Tràn. <color=#ffd12f>Adjusting all the blocks into a designated color</color> sẽ khôi phục lại vẻ sống động ban đầu của môi trường.",C?n ti?ng Anh nghi v?n: a; Adjusting; all; blocks; color; designated; into; morph | S? t?/c?m nghi v?n: 8 | T? l? nghi v?n: 0.571 | M?c ??: 35.71
"When Fleurdelys is at low health, she gains a Shield equal to <color=#b72924ff>50% of her Max HP</color>. Different zones on the field <color=#5cc96aff>provide various buffs for Resonators</color>.","Khi HP của Fleurdelys xuống thấp, cô sẽ nhận được một Lá Chắn tương đương <color=#b72924ff>50% of her Max HP</color>. Các khu vực khác nhau trên chiến trường <color=#5cc96aff>provide various buffs for Resonators</color>.",C?n ti?ng Anh nghi v?n: buffs; Fleurdelys; for; her; Max; of; provide; various | S? t?/c?m nghi v?n: 8 | T? l? nghi v?n: 0.571 | M?c ??: 35.71
"When in <color=Highlight>Breakdown Form</color>, consume <color=Highlight>Void Particle</color> and convert it into <color=Highlight>Conformal Charge</color> that charges up <color=Highlight>Final Act - Breakdown Form</color>.","Khi ở <color=Highlight>Breakdown Form</color>, tiêu hao <color=Highlight>Void Particle</color> và chuyển hóa thành <color=Highlight>Conformal Charge</color> để nạp cho <color=Highlight>Final Act - Breakdown Form</color>.",C?n ti?ng Anh nghi v?n: Act; Breakdown; Charge; Conformal; Final; Form; Particle; Void | S? t?/c?m nghi v?n: 10 | T? l? nghi v?n: 0.769 | M?c ??: 35.69
"Brant can hold up to 100 Bravo.
- Obtain Bravo when Normal Attacks hit the target.
- Obtain Bravo when Intro Skill hits the target.
- Obtain Bravo when Resonance Skill hits the target.","Brant có thể chứa tối đa 100 Bravo.
- Nhận Bravo khi Tấn Công Thường trúng mục tiêu.
- Nhận Bravo khi Intro Skill trúng mục tiêu.
- Nhận Bravo khi Resonance Skill trúng mục tiêu.",C?n ti?ng Anh nghi v?n: Brant; Bravo; Intro; Skill | S? t?/c?m nghi v?n: 8 | T? l? nghi v?n: 0.667 | M?c ??: 35.67
"While in <color=Highlight>Threshold State</color>, Galbrena accumulates <color=Highlight>Sinflame</color> when her attacks hit a target. When <color=Highlight>Sinflame</color> reaches 100 points, {Cus:Ipt,Touch=tap PC=press Gamepad=press} Resonance Skill to enter <color=Highlight>Demon Hypostasis</color>.","Khi ở <color=Highlight>Threshold State</color>, Galbrena tích lũy <color=Highlight>Sinflame</color> mỗi khi tấn công trúng mục tiêu. Khi <color=Highlight>Sinflame</color> đạt 100 điểm, {Cus:Ipt,Touch=tap PC=press Gamepad=press} Resonance Skill để bước vào <color=Highlight>Demon Hypostasis</color>.",C?n ti?ng Anh nghi v?n: Demon; Galbrena; Hypostasis; Sinflame; Skill; State; Threshold | S? t?/c?m nghi v?n: 8 | T? l? nghi v?n: 0.667 | M?c ??: 35.67
"<color=#c49e55>[Basic Attack]</color>
After entering Zoom, the amount of Glitter projectiles is doubled. Glitter gained this way deals {0} DMG, which is considered Basic Attack DMG, and does not generate Yellow Light Spark.","<color=#c49e55>[Basic Attack]</color>
Sau khi vào trạng thái Zoom, số lượng đạn Glitter sẽ tăng gấp đôi. Glitter nhận được theo cách này gây {0} sát thương, được tính là sát thương Basic Attack và không tạo ra Yellow Light Spark.",C?n ti?ng Anh nghi v?n: Attack; Basic; Glitter; Light; Spark; Yellow; Zoom | S? t?/c?m nghi v?n: 8 | T? l? nghi v?n: 0.667 | M?c ??: 35.67
Heavy Attack DMG Bonus is increased by 20%. Hitting a target with Intro Skill applies 2 stacks of <color=Highlight>Spectro Frazzle</color>. This effect can be triggered once per second. <color=Highlight>Spectro Frazzle</color> DMG is Amplified by 100%.,"Cộng dồn Sát Thương Heavy Attack tăng thêm 20%. Khi trúng mục tiêu bằng Intro Skill, cộng dồn 2 tầng <color=Highlight>Spectro Frazzle</color>. Hiệu ứng này chỉ kích hoạt một lần mỗi giây. Sát thương <color=Highlight>Spectro Frazzle</color> được khuếch đại thêm 100%.",C?n ti?ng Anh nghi v?n: Attack; Frazzle; Heavy; Intro; Skill | S? t?/c?m nghi v?n: 6 | T? l? nghi v?n: 0.667 | M?c ??: 35.67
"<color=#c49e55>[Resonance Skill]</color>
Each time a Basic Attack or Resonance Skill is used while in Striding Lion, Lingyang's ATK is increased.","<color=#c49e55>[Resonance Skill]</color>
Mỗi lần sử dụng Basic Attack hoặc Resonance Skill khi ở trạng thái Striding Lion, Attack của Lingyang sẽ tăng lên.",C?n ti?ng Anh nghi v?n: Attack; Basic; Lion; Skill; Striding | S? t?/c?m nghi v?n: 6 | T? l? nghi v?n: 0.667 | M?c ??: 35.67
"Team I Buff: Casting Resonance Liberation grants the Resonator 10 stacks of Freeze Mark, and all team members gain 20 Concerto Energy and 20 Resonance Energy.
When Freeze Mark reaches 40 stacks, Icefall is automatically triggered, dealing Glacio DMG and reducing the target's Vibration Strength by 50%.

Enemy Buff:
- Scorching Aura: Some enemies deal DoT Fusion DMG to nearby Resonators.
- Defeating these enemies increases all team members' ATK by 20% for 30s and their resistance to interruption for 60s.","Tăng cường Đội I: Khi sử dụng Resonance Liberation, Resonators nhận 10 điểm Dấu Băng Giá, toàn đội nhận thêm 20 Concerto Energy và 20 Resonance Energy.
Khi Dấu Băng Giá đạt 40 điểm, Icefall sẽ tự động kích hoạt, gây Glacio DMG và giảm 50% Vibration Strength của mục tiêu.

Tăng cường Kẻ Địch:
- Hào Quang Cháy Bỏng: Một số kẻ địch gây sát thương DoT hệ Fusion lên Resonators gần đó.
- Tiêu diệt những kẻ địch này sẽ tăng 20% Tấn Công cho toàn đội trong 30 giây và tăng khả năng chống gián đoạn trong 60 giây.",C?n ti?ng Anh nghi v?n: DoT; Energy; I; Icefall; Liberation; Strength; Vibration | S? t?/c?m nghi v?n: 8 | T? l? nghi v?n: 0.364 | M?c ??: 35.64
"Team I Buff: Casting Resonance Liberation grants the Resonator 10 stacks of Freeze Mark, and all team members gain 20 Concerto Energy and 20 Resonance Energy.
When Freeze Mark reaches 40 stacks, Icefall is automatically triggered, dealing Glacio DMG and reducing the target's Vibration Strength by 50%.

Enemy Buff:
- Scorching Aura: Some enemies deal DoT Fusion DMG to nearby Resonators.
- Defeating these enemies increases all team members' ATK by 20% for 30s and their resistance to interruption for 60s.","Tăng cường Đội I: Khi sử dụng Resonance Liberation, Resonators nhận 10 điểm Dấu Băng Giá, toàn đội nhận thêm 20 Concerto Energy và 20 Resonance Energy.
Khi Dấu Băng Giá đạt 40 điểm, Icefall sẽ tự động kích hoạt, gây Glacio DMG và giảm 50% Vibration Strength của mục tiêu.

Tăng cường Kẻ Địch:
- Hào Quang Cháy Bỏng: Một số kẻ địch gây sát thương DoT hệ Fusion lên Resonators gần đó.
- Tiêu diệt những kẻ địch này sẽ tăng 20% Tấn Công cho toàn đội trong 30 giây và tăng khả năng chống gián đoạn trong 60 giây.",C?n ti?ng Anh nghi v?n: DoT; Energy; I; Icefall; Liberation; Strength; Vibration | S? t?/c?m nghi v?n: 8 | T? l? nghi v?n: 0.364 | M?c ??: 35.64
"Cartethyia performs 4 stages of Basic Attack, then summons <color=Highlight>Sword of Divinity's Shadow</color> following the last stage of Basic Attack.
Casting Plunging Attack recalls <color=Highlight>Sword of Divinity's Shadow</color>.","Cartethyia thực hiện 4 giai đoạn Basic Attack, sau đó triệu hồi <color=Highlight>Kiếm of Divinity's Shadow</color> theo đòn tấn công cuối. 
Khi thi triển Đòn Lao Xuống, cô sẽ thu hồi <color=Highlight>Kiếm of Divinity's Shadow</color>.",C?n ti?ng Anh nghi v?n: Attack; Basic; Cartethyia; Divinity's; of; Shadow | S? t?/c?m nghi v?n: 9 | T? l? nghi v?n: 0.562 | M?c ??: 35.62
"<color=Highlight>Activated upon having 3 Bond Members in the team</color>
- Immediately restore {0} of Max HP upon activating Synergy Burst.
- When in Synergy Burst, the active Resonator gains {1} Healing Bonus and restores {3} of Max HP every {2}s.","<color=Highlight>Activated upon having 3 Bond Members in the team</color>
- Khôi phục ngay lập tức {0} HP tối đa khi kích hoạt Cơn Bùng Nổ Đồng Điệu.
- Khi trong trạng thái Cơn Bùng Nổ Đồng Điệu, Synergy Giả đang hoạt động nhận thêm {1} Hiệu Quả Healing và khôi phục {3} HP tối đa mỗi {2} giây.",C?n ti?ng Anh nghi v?n: Activated; Bond; having; Healing; in; Members; Synergy; team; upon | S? t?/c?m nghi v?n: 9 | T? l? nghi v?n: 0.562 | M?c ??: 35.62
"<color=Highlight>[Forte Circuit]</color>
- Cooldown of Resonance Skill - Eye of Unraveling is reduced.
- Casting Resonance Skill - Eye of Unraveling restores Resonance Energy and generates Ring of Chainsaw.
- Casting Resonance Skill - Serrated Loop grants Havoc DMG Bonus","<color=Highlight>[Forte Circuit]</color>
- Cooldown chiêu của Resonance Skill - Mắt Giải Mê được rút ngắn.
- Kích hoạt Resonance Skill - Mắt Giải Mê sẽ hồi Resonance Energy và tạo ra Vòng Chainsaw.
- Kích hoạt Resonance Skill - Vòng Lặp Răng Cưa sẽ tăng Havoc DMG.",C?n ti?ng Anh nghi v?n: Chainsaw; Cooldown; Energy; Skill | S? t?/c?m nghi v?n: 6 | T? l? nghi v?n: 0.462 | M?c ??: 35.62
"<color=Highlight>[Forte Circuit]</color>
- Cooldown of Resonance Skill - Eye of Unraveling is reduced.
- Casting Resonance Skill - Eye of Unraveling restores Resonance Energy and generates Ring of Chainsaw.
- Casting Resonance Skill - Serrated Loop grants Havoc DMG Bonus","<color=Highlight>[Forte Circuit]</color>
- Cooldown chiêu của Resonance Skill - Mắt Giải Mê được rút ngắn.
- Kích hoạt Resonance Skill - Mắt Giải Mê sẽ hồi Resonance Energy và tạo ra Vòng Chainsaw.
- Kích hoạt Resonance Skill - Vòng Lặp Răng Cưa sẽ tăng Havoc DMG.",C?n ti?ng Anh nghi v?n: Chainsaw; Cooldown; Energy; Skill | S? t?/c?m nghi v?n: 6 | T? l? nghi v?n: 0.462 | M?c ??: 35.62
"Open to obtain a random Echo of the following Sonata Effect: Empyrean Anthem.

2pcs Set: Energy Regen +10%.

5pcs Set: Increase the Resonator's Coordinated Attack DMG by 80%. Upon a critical hit of Coordinated Attack, increase the active Resonator's ATK by 20% for 4s.","Mở để nhận một Echo ngẫu nhiên có Sonata Effect sau: Thánh Ca Thiên Giới.

2 món: Tái Tạo Năng Lượng +10%.

5 món: Increase Sát Thương Attack Phối Hợp của Resonator lên 80%. Khi Attack Phối Hợp gây Bạo Kích, tăng Attack của Resonator đang hoạt động lên 20% trong 4 giây.",C?n ti?ng Anh nghi v?n: Attack; Effect; Increase; Sonata | S? t?/c?m nghi v?n: 6 | T? l? nghi v?n: 0.462 | M?c ??: 35.62
"Open to obtain a random Echo of the following Sonata Effect: Empyrean Anthem.

2pcs Set: Energy Regen +10%.

5pcs Set: Increase the Resonator's Coordinated Attack DMG by 80%. Upon a critical hit of Coordinated Attack, increase the active Resonator's ATK by 20% for 4s.","Mở để nhận một Echo ngẫu nhiên có Sonata Effect sau: Thánh Ca Thiên Giới.

2 món: Tái Tạo Năng Lượng +10%.

5 món: Increase Sát Thương Attack Phối Hợp của Resonator lên 80%. Khi Attack Phối Hợp gây Bạo Kích, tăng Attack của Resonator đang hoạt động lên 20% trong 4 giây.",C?n ti?ng Anh nghi v?n: Attack; Effect; Increase; Sonata | S? t?/c?m nghi v?n: 6 | T? l? nghi v?n: 0.462 | M?c ??: 35.62
"Open to obtain a random Echo of the following Sonata Effect: Empyrean Anthem.

2pcs Set: Energy Regen +10%.

5pcs Set: Increase the Resonator's Coordinated Attack DMG by 80%. Upon a critical hit of Coordinated Attack, increase the active Resonator's ATK by 20% for 4s.","Mở để nhận một Echo ngẫu nhiên có Sonata Effect sau: Thánh Ca Thiên Giới.

2 món: Tái Tạo Năng Lượng +10%.

5 món: Increase Sát Thương Attack Phối Hợp của Resonator lên 80%. Khi Attack Phối Hợp gây Bạo Kích, tăng Attack của Resonator đang hoạt động lên 20% trong 4 giây.",C?n ti?ng Anh nghi v?n: Attack; Effect; Increase; Sonata | S? t?/c?m nghi v?n: 6 | T? l? nghi v?n: 0.462 | M?c ??: 35.62
"Open to obtain a random Echo of the following Sonata Effect: Empyrean Anthem.

2pcs Set: Energy Regen +10%.

5pcs Set: Increase the Resonator's Coordinated Attack DMG by 80%. Upon a critical hit of Coordinated Attack, increase the active Resonator's ATK by 20% for 4s.","Mở để nhận một Echo ngẫu nhiên có Sonata Effect sau: Thánh Ca Thiên Giới.

2 món: Tái Tạo Năng Lượng +10%.

5 món: Increase Sát Thương Attack Phối Hợp của Resonator lên 80%. Khi Attack Phối Hợp gây Bạo Kích, tăng Attack của Resonator đang hoạt động lên 20% trong 4 giây.",C?n ti?ng Anh nghi v?n: Attack; Effect; Increase; Sonata | S? t?/c?m nghi v?n: 6 | T? l? nghi v?n: 0.462 | M?c ??: 35.62
"Open to obtain a random Echo of the following Sonata Effect: Empyrean Anthem.

2pcs Set: Energy Regen +10%.

5pcs Set: Increase the Resonator's Coordinated Attack DMG by 80%. Upon a critical hit of Coordinated Attack, increase the active Resonator's ATK by 20% for 4s.","Mở để nhận một Echo ngẫu nhiên có Sonata Effect sau: Thánh Ca Thiên Giới.

2 món: Tái Tạo Năng Lượng +10%.

5 món: Increase Sát Thương Attack Phối Hợp của Resonator lên 80%. Khi Attack Phối Hợp gây Bạo Kích, tăng Attack của Resonator đang hoạt động lên 20% trong 4 giây.",C?n ti?ng Anh nghi v?n: Attack; Effect; Increase; Sonata | S? t?/c?m nghi v?n: 6 | T? l? nghi v?n: 0.462 | M?c ??: 35.62
"This enemy has a <color=HighlightB>higher RES</color> to <color=Thunder>Electro DMG </color>.

When a friendly unit is within 15m of an Elite Class enemy in the exam zone, that enemy's ATK is increased by 30% for 5s.

In the face of the vast unknown lands in Lahai-Roi, the Spacetrek Collective developed the multi-purpose Spacetrek Explorer to serve in transport, storage, and defense roles. Its wheeled legs and heavy-duty tires allow it to race along vertical surfaces, making it suitable for both urban and off-road terrain. The onboard storage compartments are designed to support long-term scientific expeditions.","Kẻ địch này có <color=HighlightB>higher RES</color> với <color=Thunder>Electro DMG</color>.

Khi một đơn vị đồng minh ở trong phạm vi 15m của kẻ địch Class Elite trong khu vực thi, Tấn Công của kẻ địch đó sẽ tăng 30% trong 5 giây.

Trước những vùng đất bí ẩn rộng lớn ở Lahai-Roi, Spacetrek Collective đã phát triển Spacetrek Explorer đa năng để phục vụ vận tải, lưu trữ và phòng thủ. Chân bánh xe và lốp chuyên dụng giúp nó di chuyển trên các bề mặt thẳng đứng, phù hợp cho cả địa hình đô thị lẫn địa hình gồ ghề. Các khoang chứa trên tàu được thiết kế để hỗ trợ các chuyến thám hiểm khoa học dài hạn.",C?n ti?ng Anh nghi v?n: Class; Collective; Elite; Explorer; higher; Lahai; RES; Spacetrek | S? t?/c?m nghi v?n: 9 | T? l? nghi v?n: 0.36 | M?c ??: 35.6
"This enemy has a <color=HighlightB>higher RES</color> to <color=Thunder>Electro DMG</color>.

In the exam zone, Elite Class enemies deal Fusion DMG equal to 2% of the target's Max HP every second to nearby targets. This effect does not stack.

After scanning the data of past animals in Lahai-Roi, the Exostrider used its own parts to grow and proliferate mechanical reindeer. These Mining Reindeer are companions to the Roya and help the Roya in ore mining.","Kẻ địch này có <color=HighlightB>higher RES</color> với <color=Thunder>Electro DMG</color>.

Trong khu vực thi, kẻ địch Class Cao gây Fusion DMG bằng 2% HP tối đa của mục tiêu mỗi giây lên các mục tiêu xung quanh. Hiệu ứng này không chồng chất.

Sau khi quét dữ liệu các loài động vật trước đây ở Lahai-Roi, Exostrider đã dùng chính bộ phận của mình để phát triển và nhân bản những con tuần lộc cơ khí. Những Mining Reindeer này là bạn đồng hành của Roya và hỗ trợ Roya khai thác quặng.",C?n ti?ng Anh nghi v?n: Class; Exostrider; higher; Lahai; Mining; Reindeer; RES; Roya | S? t?/c?m nghi v?n: 9 | T? l? nghi v?n: 0.36 | M?c ??: 35.6
"After casting Outro Skill, the Utility of the nearby Resonators in the team who activates Roccia's Outro Skill is replaced with Magic Box.
<size=10> </size>
<size=40><color=Title>Magic Box</color></size>
- Upon use, pull nearby targets toward the Magic Box, dealing {1} points of <color=Dark>Havoc DMG</color>. This skill is considered Echo Skill that deals Utility DMG.
- The Magic Box lasts for {0}s or until the Resonator is switched out.","Sau khi sử dụng Outro Skill, Công cụ của Resonators trong đội kích hoạt Outro Skill của Roccia sẽ được thay thế bằng Hộp Ma Thuật.
<size=10> </size>
<size=40><color=Title>Magic Box</color></size>
- Khi sử dụng, kéo các mục tiêu gần đó về phía Hộp Ma Thuật, gây {1} điểm <color=Dark>Havoc DMG</color>. Skill này được coi là Kỹ Năng Echo gây Sát Thương Công cụ.
- Hộp Ma Thuật tồn tại trong {0} giây hoặc cho đến khi Resonators bị thay ra.",C?n ti?ng Anh nghi v?n: Box; Magic; Outro; Skill | S? t?/c?m nghi v?n: 7 | T? l? nghi v?n: 0.259 | M?c ??: 35.59
"Upon reaching <color=#c89a45>8 stacks</color> of Heavy Attack Mark, the target's Vibration Strength is reduced by an additional <color=#c89a45>25%</color>.","Khi đạt <color=#c89a45>8 stacks</color> Heavy Attack Mark, Vibration Strength của mục tiêu giảm thêm <color=#c89a45>25%</color>.",C?n ti?ng Anh nghi v?n: Attack; Heavy; Mark; stacks; Strength; Vibration | S? t?/c?m nghi v?n: 6 | T? l? nghi v?n: 0.857 | M?c ??: 35.57
Targets damaged by <color=Highlight>Intro Skill - Summon and Smite</color> obtain {0} stacks of <color=Highlight><te href=850013>Electro Flare</te></color>. This effect is triggered once every {1}s.,Mục tiêu bị thương bởi <color=Highlight>Intro Skill - Summon and Smite</color> sẽ nhận {0} tầng <color=Highlight><te href=850013>Electro Flare</te></color>. Hiệu ứng này chỉ kích hoạt mỗi {1} giây một lần.,C?n ti?ng Anh nghi v?n: and; Flare; Intro; Skill; Smite; Summon | S? t?/c?m nghi v?n: 6 | T? l? nghi v?n: 0.857 | M?c ??: 35.57
Targets damaged by <color=Highlight>Intro Skill - Summon and Smite</color> obtain {0} stacks of <color=Highlight><te href=850013>Electro Flare</te></color>.,Mục tiêu bị thương bởi <color=Highlight>Intro Skill - Summon and Smite</color> sẽ nhận {0} tầng <color=Highlight><te href=850013>Electro Flare</te></color>.,C?n ti?ng Anh nghi v?n: and; Flare; Intro; Skill; Smite; Summon | S? t?/c?m nghi v?n: 6 | T? l? nghi v?n: 0.857 | M?c ??: 35.57
"Open to claim one advanced material for Weapon Ascension or Skill Upgrade of your choice:
<color=Rare4>Improved Ring*1</color>
<color=Rare4>HF Whisperin Core*1</color>
<color=Rare4>HF Howler Core*1</color>","Mở để nhận một vật liệu cao cấp cho Nâng Cấp Vũ Khí hoặc Skill Nâng cấp theo lựa chọn của bạn:
<color=Rare4>Improved Ring*1</color>
<color=Rare4>HF Whisperin Core*1</color>
<color=Rare4>HF Howler Core*1</color>",C?n ti?ng Anh nghi v?n: Core; HF; Howler; Improved; Ring; Skill; Whisperin | S? t?/c?m nghi v?n: 9 | T? l? nghi v?n: 0.75 | M?c ??: 35.5
"Open to claim one premium material for Weapon Ascension or Skill Upgrade of your choice:
<color=Rare5>Tailored Ring*1</color>
<color=Rare5>FF Whisperin Core*1</color>
<color=Rare5>FF Howler Core*1</color>","Mở để nhận một vật liệu cao cấp dùng cho Thăng Cấp Vũ Khí hoặc Skill Nâng cấp theo lựa chọn:
<color=Rare5>Tailored Ring*1</color>
<color=Rare5>FF Whisperin Core*1</color>
<color=Rare5>FF Howler Core*1</color>",C?n ti?ng Anh nghi v?n: Core; FF; Howler; Ring; Skill; Tailored; Whisperin | S? t?/c?m nghi v?n: 9 | T? l? nghi v?n: 0.75 | M?c ??: 35.5
"This type includes Hologram Echo: Chest Mimic, Hologram Echo: Junrock, Hologram Echo: Drake, Hologram Echo: Hoartoise, and Hologram Echo: Puff.","Loại này bao gồm Hologram Echo: Chest Mimic, Hologram Echo: Junrock, Hologram Echo: Drake, Hologram Echo: Hoartoise và Hologram Echo: Puff.",C?n ti?ng Anh nghi v?n: Chest; Drake; Hoartoise; Hologram; Junrock; Mimic; Puff | S? t?/c?m nghi v?n: 11 | T? l? nghi v?n: 0.647 | M?c ??: 35.47
"This enemy has a <color=HighlightB>higher RES</color> to <color=Wind>Aero DMG</color>.

In the exam zone, Elite Class enemies deal Fusion DMG equal to 2% of the target's Max HP every second to nearby targets. This effect does not stack.

After scanning the data of past animals in Lahai-Roi, the Exostrider used its own parts to grow and proliferate mechanical reindeer. These Flora Reindeer are companions to the Roya and help the Roya in plant foraging.","Kẻ địch này có <color=HighlightB>higher RES</color> <color=Wind>Aero DMG</color> cao hơn.

Trong khu vực thi, kẻ địch Class Cao gây Fusion DMG bằng 2% HP tối đa của mục tiêu mỗi giây lên các mục tiêu xung quanh. Hiệu ứng này không cộng dồn.

Sau khi quét dữ liệu của các loài động vật trước đây ở Lahai-Roi, Exostrider đã sử dụng các bộ phận của chính mình để phát triển và nhân bản những con tuần lộc cơ khí. Những Flora Reindeer này là bạn đồng hành của Roya và hỗ trợ Roya trong việc tìm kiếm thực vật.",C?n ti?ng Anh nghi v?n: Class; Exostrider; Flora; higher; Lahai; Reindeer; RES; Roya | S? t?/c?m nghi v?n: 9 | T? l? nghi v?n: 0.346 | M?c ??: 35.46
"Deal <color=Fire>Fusion DMG</color>. While in mid-air, if Bravo is not full, Resonance Skill <color=Highlight>Anchors Aweigh!</color> is replaced with <color=Highlight>Plunging Attack</color>.
<size=10> </size>
<size=40><color=Title>Plunging Attack</color></size>
Plunge at the target at the cost of STA, dealing <color=Fire>Fusion DMG</color>.","Gây <color=Fire>Fusion DMG</color>. Khi ở trên không, nếu chỉ số Bravo chưa đầy, Resonance Skill <color=Highlight>Anchors Aweigh!</color> sẽ được thay thế bằng <color=Highlight>Plunging Attack</color>.
<size=10> </size>
<size=40><color=Title>Plunging Attack</color></size>
Tiêu hao STA để lao xuống mục tiêu, gây <color=Fire>Fusion DMG</color>.",C?n ti?ng Anh nghi v?n: Anchors; Attack; Aweigh; Bravo; Plunging; Skill | S? t?/c?m nghi v?n: 8 | T? l? nghi v?n: 0.444 | M?c ??: 35.44
"While <color=Highlight>Five Thunders Spell Array</color> is active, when any Resonator in the team casts <color=Highlight>Intro Skill</color>, the active Resonator in the team gains a DMG Buff.","Khi <color=Highlight>Five Thunders Spell Array</color> đang hoạt động, mỗi khi bất kỳ Resonator nào trong đội sử dụng <color=Highlight>Intro Skill</color>, Resonator đang hoạt động trong đội sẽ nhận được Buff Tăng Sát Thương.",C?n ti?ng Anh nghi v?n: Array; Buff; Five; Intro; Skill; Spell; Thunders | S? t?/c?m nghi v?n: 7 | T? l? nghi v?n: 0.538 | M?c ??: 35.38
"<color=Highlight>[Forte Circuit]</color>
When in Chainsaw Mode and after casting Sawring - Eradication, use Basic Attack to cast Sawring - Retribution, dealing Havoc DMG equal to <color=Highlight>{0}</color> of Chisa's ATK (considered Resonance Liberation DMG) and restoring <color=Highlight>{1}</color> points of Resonance Energy.","<color=Highlight>[Forte Circuit]</color>
Khi ở Chế Độ Chainsaw và sau khi sử dụng Chainsaw - Tiêu Diệt, dùng Kỹ Năng Basic để thi triển Chainsaw - Trừng Phạt, gây Havoc DMG bằng <color=Highlight>{0}</color> Attack của Chisa (được tính là Sát Thương Resonance Liberation) và phục hồi <color=Highlight>{1}</color> điểm Resonance Energy.",C?n ti?ng Anh nghi v?n: Attack; Basic; Chainsaw; Energy; Liberation | S? t?/c?m nghi v?n: 7 | T? l? nghi v?n: 0.438 | M?c ??: 35.38
"<color=#c49e55>[Resonance Liberation]</color>
- Mortefi gains {0} Fusion DMG Bonus.
- Burning Rhapsody is enhanced: Basic Attacks now trigger 2 Marcato instead of 1 on hit.","<color=#c49e55>[Resonance Liberation]</color>
- Mortefi nhận thêm {0} Fusion DMG Bonus.
- Burning Rhapsody được tăng cường: Basic Attack giờ đây sẽ kích hoạt 2 đòn Marcato thay vì 1 khi trúng mục tiêu.",C?n ti?ng Anh nghi v?n: Attack; Basic; Bonus; Burning; Marcato; Mortefi; Rhapsody | S? t?/c?m nghi v?n: 7 | T? l? nghi v?n: 0.636 | M?c ??: 35.36
"<color=#c49e55>[Forte Circuit]</color>
- Hellstride is enhanced.
- While in Threshold State, using Basic Attack after casting Hellstride restores Sinflame.","<color=#c49e55>[Forte Circuit]</color>
- Hellstride được tăng cường.
- Khi ở Threshold State, sử dụng Basic Attack sau khi thi triển Hellstride sẽ khôi phục Sinflame.",C?n ti?ng Anh nghi v?n: Attack; Basic; Hellstride; Sinflame; State; Threshold | S? t?/c?m nghi v?n: 7 | T? l? nghi v?n: 0.636 | M?c ??: 35.36
"<color=#c49e55>[Forte Circuit]</color>
- Hellstride is enhanced.
- While in Threshold State, using Basic Attack after casting Hellstride restores Sinflame.","<color=#c49e55>[Forte Circuit]</color>
- Hellstride được tăng cường.
- Khi ở Threshold State, sử dụng Basic Attack sau khi thi triển Hellstride sẽ khôi phục Sinflame.",C?n ti?ng Anh nghi v?n: Attack; Basic; Hellstride; Sinflame; State; Threshold | S? t?/c?m nghi v?n: 7 | T? l? nghi v?n: 0.636 | M?c ??: 35.36
"Evaluation Basis: [Resonance Assessment 2326-G]

The precise timing of Resonator Changli's Awakening remains uncertain. Reports indicate that Resonator Changli displayed early signs of fire manipulation during her childhood, often struggling to control it. However, as Changli matured into adulthood, the frequency and stability of these manifestations notably improved.

Resonator Changli's <te href=850072>Tacet Mark</te> is situated on her lower chest. Post-Awakening examinations have identified specific alterations in her physical attributes. These include a gradual fading of hair color at the tips and feather-like burn marks on her left arm, emitting a fiery glow influenced by her Forte.

The Resonance Spectrum Pattern of Changli mirrors the characteristics of fire, displaying a robust Syntony reaction in testing. Despite the exact trigger for her Awakening remaining uncertain, no other sample with a Resonance Spectrum Pattern similarity exceeding 60% has been identified. Resonator Changli's Forte aligns closely with the mythical spirit bird from <te href=850093>Huanglong</te> folklore, possibly influenced by her early immersion in tales related to this legendary creature.

Resonator Changli possesses the unique ability to compress flames into delicate feather-shaped projectiles. Her Forte, once unleashed, has the power to create scorching fires of exceptional heat, capable of devastating a large area. A telltale sign that her Forte is active is the emergence of a lone fiery feather with an eye-like pattern on her forehead, which she describes as the ""Mind's Eye.""

Analysis of test samples has revealed a non-convergent <te href=850067>Rabelle's Curve</te> with a stable rise. Occasional fluctuations within normal range have been detected. Therefore, Changli is identified as a <te href=850070>Natural Resonator</te>.","Cơ sở đánh giá: [Đánh giá Cộng hưởng 2326-G]

Thời điểm chính xác Resonator Changli thức tỉnh vẫn chưa được xác định. Các báo cáo cho thấy Changli đã biểu hiện khả năng điều khiển lửa từ nhỏ, nhưng thường không kiểm soát được. Tuy nhiên, khi trưởng thành, tần suất và sự ổn định của những biểu hiện này đã cải thiện đáng kể.

<te href=850072>Tacet Mark</te> của Resonator Changli nằm ở vùng ngực dưới. Các test sau thức tỉnh đã phát hiện những thay đổi đặc biệt trên cơ thể cô, bao gồm sự phai màu dần ở đuôi tóc và những vết cháy hình lông vũ trên cánh tay trái, phát sáng rực lửa dưới ảnh hưởng của Forte.

Mô hình Phổ Cộng hưởng của Changli phản ánh đặc tính của lửa, cho thấy phản ứng Cộng hưởng mạnh mẽ trong thử nghiệm. Dù nguyên nhân thức tỉnh vẫn chưa rõ ràng, chưa có mẫu nào có độ tương đồng Phổ Cộng hưởng vượt quá 60%. Forte của Changli gần gũi với loài chim thần thoại trong truyền thuyết <te href=850093>Huanglong</te>, có thể do ảnh hưởng từ những câu chuyện cô nghe từ nhỏ về sinh vật huyền thoại này.

Changli sở hữu khả năng đặc biệt Dodgen lửa thành những viên đạn hình lông vũ mỏng manh. Khi Forte của cô được giải phóng, nó có thể tạo ra những ngọn lửa thiêu đốt với sức nóng khủng khiếp, đủ sức tàn phá một vùng rộng lớn. Dấu hiệu cho thấy Forte của cô đang hoạt động là sự xuất hiện của một chiếc lông vũ lửa đơn độc với họa tiết giống con mắt trên trán, mà cô gọi là ""Con Mắt Tâm Linh"".

Phân tích mẫu thử cho thấy <te href=850067>Rabelle's Curve</te> không hội tụ với xu hướng tăng ổn định. Đôi khi có những dao động trong phạm vi bình thường. Do đó, Changli được xác định là <te href=850070>Natural Resonator</te>.",C?n ti?ng Anh nghi v?n: Changli; Curve; Mark; Natural; Rabelle's; test | S? t?/c?m nghi v?n: 12 | T? l? nghi v?n: 0.235 | M?c ??: 35.35
Dreamless will unleash Twilight Eve after entering Looming Turmoil. Reduce Dreamless's Vibration Strength to below 50% to interrupt the channeling of Twilight Eve.,Dreamless sẽ kích hoạt Twilight Eve sau khi bước vào Looming Turmoil. Hạ Vibration Strength của Dreamless xuống dưới 50% để ngăn chặn quá trình triệu hồi Twilight Eve.,C?n ti?ng Anh nghi v?n: Dreamless; Eve; Looming; Strength; Turmoil; Twilight; Vibration | S? t?/c?m nghi v?n: 10 | T? l? nghi v?n: 0.833 | M?c ??: 35.33
"This enemy has a <color=HighlightB>higher RES</color> to <color=Thunder>Electro DMG</color> and <color=Dark>Havoc DMG</color>.

A humanoid mimic molded of sludge, a false sovereign, the Dark Tide's will made manifest.

Born from the utopia of Unity envisioned by the Threnodian, it is a shapeless mass of black sludge given form, a vessel created solely to devour. All things are to unite within the False Sovereign's body and be reborn as servants and children of Leviathan.

It does not think. It does not feel. Only the rippling sludge murmurs its false hymns, eternally glorifying the power of Leviathan.","Kẻ địch này có <color=HighlightB>higher RES</color> với <color=Thunder>Electro DMG</color> và <color=Dark>Havoc DMG</color>.

Một bản sao hình người được tạo từ bùn nhơ, kẻ giả vương, ý chí của Dark Tide hiện thân.

Sinh ra từ giấc mơ utopia về Sự Thống Nhất của Threnodian, nó là khối bùn đen vô định hình được trao cho hình hài, một chiếc bình chỉ để nuốt chửng. Mọi thứ đều phải hòa nhập vào thân thể của False Sovereign và tái sinh thành tôi tớ, con cái của Leviathan.

Nó không suy nghĩ. Nó không cảm nhận. Chỉ có những làn sóng bùn nhơ thì thầm những bài thánh ca giả dối, ca tụng quyền năng của Leviathan đến muôn đời.",C?n ti?ng Anh nghi v?n: Dark; False; higher; Leviathan; RES; Sovereign; utopia | S? t?/c?m nghi v?n: 8 | T? l? nghi v?n: 0.333 | M?c ??: 35.33
"<color=#b72924ff>Spearback</color> provides the following effect: Feilian Beringal <color=#b72924ff>takes 50% less DMG</color>.
<color=#5cc96aff>Defeating an enemy</color> increases <color=#5cc96aff>DEF</color> of Resonators in the team by <color=#5cc96aff>10%</color>. This effect is stackable.","<color=#b72924ff>Spearback</color> mang lại hiệu ứng sau: Feilian Beringal <color=#b72924ff>takes 50% less DMG</color>.
<color=#5cc96aff>Defeating an enemy</color> sẽ tăng <color=#5cc96aff>DEF</color> cho Resonators trong đội lên <color=#5cc96aff>10%</color>. Hiệu ứng này có thể chồng chất.",C?n ti?ng Anh nghi v?n: an; Beringal; Defeating; enemy; Feilian; less; Spearback; takes | S? t?/c?m nghi v?n: 8 | T? l? nghi v?n: 0.533 | M?c ??: 35.33
"<color=Title>Effect</color>
When the Resonator inflicts Havoc Bane or when nearby enemies take damage from Spectro Frazzle and Aero Erosion, the Resonator gains a stack of <color=Highlight><te href=851109>Boost - Dessert Prep</te></color>. Reaching <color=Highlight>{0}</color> stacks of <color=Highlight><te href=851109>Boost - Dessert Prep</te></color> removes all stacks to launch <color=Highlight><te href=851110>Combo - Dessert Strike</te></color> <color=Highlight>{1}</color> times, each dealing DMG equal to <color=Highlight>{2}</color> of the Resonator's ATK and granting <color=Highlight><SapTag=3>{3}</SapTag></color> {Cus:Sap,S=stack P=stacks SapTag=3} of <color=Highlight><te href=851112>Boost - Satisfaction</te></color> to the Resonator.
<color=Highlight><te href=851112>Boost - Satisfaction</te></color> grants <color=Highlight>{4}</color> All DMG Bonus for <color=Highlight>{5}</color>s, stacking up to <color=Highlight>{6}</color> times.

<color=Title>Support Skill</color>
Summon Nampon to launch <color=Highlight><te href=851111>Combo - Dessert Strike: Enhanced</te></color> <color=Highlight>{7}</color> times, each dealing DMG equal to <color=Highlight>{8}</color> of the Resonator's ATK and granting <color=Highlight><SapTag=9>{9}</SapTag></color> {Cus:Sap,S=stack P=stacks SapTag=9} of <color=Highlight><te href=851109>Boost - Dessert Prep</te></color> to the Resonator on hit. Cooldown: <color=Highlight>{10}</color>s.","<color=Title>Hiệu ứng</color>
Khi Resonator gây hiệu ứng Havoc Bane hoặc khi kẻ địch gần đó chịu sát thương từ Spectro Frazzle và Aero Erosion, Resonator nhận được <color=Highlight><SapTag=3>{3}</SapTag></color> {Cus:Sap,S=lớp P=lớp SapTag=3} <color=Highlight><te href=851109>Boost - Chuẩn Bị Món Tráng Miệng</te></color>. Khi đạt <color=Highlight>{0}</color> lớp <color=Highlight><te href=851109>Boost - Chuẩn Bị Món Tráng Miệng</te></color>, tất cả lớp sẽ bị xóa để kích hoạt <color=Highlight><te href=851110>Combo - Đòn Tráng Miệng</te></color> <color=Highlight>{1}</color> lần, mỗi lần gây sát thương bằng <color=Highlight>{2}</color> Tấn Công của Resonator và cộng <color=Highlight><SapTag=3>{3}</SapTag></color> {Cus:Sap,S=lớp P=lớp SapTag=3} <color=Highlight><te href=851112>Boost - Thỏa Mãn</te></color> cho Resonator.
<color=Highlight><te href=851112>Boost - Thỏa Mãn</te></color> tăng <color=Highlight>{4}</color> Tất Cả Sát Thương trong <color=Highlight>{5} giây</color>, có thể cộng dồn tối đa <color=Highlight>{6}</color> lần.

<color=Title>Kỹ Năng Hỗ Trợ</color>
Summon Nampon kích hoạt <color=Highlight><te href=851111>Combo - Đòn Tráng Miệng: Cường Hóa</te></color> <color=Highlight>{7}</color> lần, mỗi lần gây sát thương bằng <color=Highlight>{8}</color> Tấn Công của Resonator và cộng <color=Highlight><SapTag=9>{9}</SapTag></color> {Cus:Sap,S=lớp P=lớp SapTag=9} <color=Highlight><te href=851109>Boost - Chuẩn Bị Món Tráng Miệng</te></color> cho Resonator khi trúng đích. Hồi chiêu: <color=Highlight>{10} giây</color>.",C?n ti?ng Anh nghi v?n: Bane; Boost; Combo; Erosion; Frazzle; Nampon; Summon | S? t?/c?m nghi v?n: 12 | T? l? nghi v?n: 0.429 | M?c ??: 35.29
"The solid scales of the Lumiscale Construct form a protective barrier that reduces all incoming damage when active.
The Lumiscale Construct's core is exposed <color=#ffd12f>after each attack</color> and when it is <color=#ffd12f>immobilized</color>. Attack the Lumiscale Construct at this time to deal damage to it effectively.","Vảy cứng của Lumiscale Construct tạo thành lá chắn bảo vệ, giảm toàn bộ sát thương nhận vào khi kích hoạt.
Lõi của Lumiscale Construct sẽ lộ ra <color=#ffd12f>after each attack</color> và khi nó ở trạng thái <color=#ffd12f>immobilized</color>. Hãy tấn công vào thời điểm này để gây sát thương hiệu quả.",C?n ti?ng Anh nghi v?n: after; attack; Construct; each; immobilized; Lumiscale | S? t?/c?m nghi v?n: 8 | T? l? nghi v?n: 0.727 | M?c ??: 35.27
"Enemies take <color=#b72924ff>50% less damage</color> while above <color=#b72924ff>0 Vibration Strength</color>. <color=#5cc96aff>Coordinated Attacks</color> release a shockwave upon hit, reducing the target's Vibration Strength by <color=#5cc96aff>7.5%</color>.","Kẻ địch chịu <color=#b72924ff>50% less damage</color> khi <color=#b72924ff>0 Vibration Strength</color>. <color=#5cc96aff>Coordinated Attacks</color> khi trúng mục tiêu sẽ tạo sóng xung kích, giảm <color=#5cc96aff>7,5%</color> Vibration Strength của mục tiêu.",C?n ti?ng Anh nghi v?n: Attacks; Coordinated; damage; less; Strength; Vibration | S? t?/c?m nghi v?n: 8 | T? l? nghi v?n: 0.727 | M?c ??: 35.27
"Enemies take <color=#b72924ff>70% less damage</color> while above <color=#b72924ff>0 Vibration Strength</color>. <color=#5cc96aff>Coordinated Attacks</color> release a shockwave upon hit, reducing the target's Vibration Strength by <color=#5cc96aff>7.5%</color>.","Kẻ địch chịu <color=#b72924ff>70% less damage</color> khi <color=#b72924ff>0 Vibration Strength</color>. <color=#5cc96aff>Coordinated Attacks</color> khi trúng mục tiêu sẽ tạo sóng xung kích, giảm <color=#5cc96aff>7,5%</color> Vibration Strength của mục tiêu.",C?n ti?ng Anh nghi v?n: Attacks; Coordinated; damage; less; Strength; Vibration | S? t?/c?m nghi v?n: 8 | T? l? nghi v?n: 0.727 | M?c ??: 35.27
"Enemies take <color=#b72924ff>90% less damage</color> while above <color=#b72924ff>0 Vibration Strength</color>. <color=#5cc96aff>Coordinated Attacks</color> release a shockwave upon hit, reducing the target's Vibration Strength by <color=#5cc96aff>7.5%</color>.","Kẻ địch chịu <color=#b72924ff>90% less damage</color> khi <color=#b72924ff>0 Vibration Strength</color>. <color=#5cc96aff>Coordinated Attacks</color> khi trúng mục tiêu sẽ tạo sóng xung kích, giảm <color=#5cc96aff>7,5%</color> Vibration Strength của mục tiêu.",C?n ti?ng Anh nghi v?n: Attacks; Coordinated; damage; less; Strength; Vibration | S? t?/c?m nghi v?n: 8 | T? l? nghi v?n: 0.727 | M?c ??: 35.27
"Upon using Resonance Liberation, Basic Attack DMG and Heavy Attack DMG are increased by {0}% for 10s.","Khi dùng Resonance Liberation, Sát Thương Basic Attack và Heavy Attack tăng {0}% trong 10 giây.",C?n ti?ng Anh nghi v?n: Attack; Basic; Heavy; Liberation | S? t?/c?m nghi v?n: 5 | T? l? nghi v?n: 0.625 | M?c ??: 35.25
Each time casting Resonance Skill reduces Resonance Liberation cooldown by 20% and recovers Resonance Energy by 20%. This effect has a cooldown of 3s.,Mỗi lần sử dụng Resonance Skill sẽ giảm 20% Cooldown chiêu của Resonance Liberation và hồi 20% Resonance Energy. Hiệu ứng này có Cooldown chiêu là 3 giây.,C?n ti?ng Anh nghi v?n: Cooldown; Energy; Liberation; Skill | S? t?/c?m nghi v?n: 5 | T? l? nghi v?n: 0.625 | M?c ??: 35.25
"When in <color=Highlight>Resonance Mode - Fusion Burst</color>, Fusion Burst DMG triggered on targets near the active Resonator in the team is Amplified.
<size=10></size>
When in <color=Highlight>Resonance Mode - Tune Strain</color>, the incoming Resonator gains All DMG Amplification. 
After this Resonator inflicts <color=Highlight>Tune Strain - Shifting</color> on the target under the effect, they gain additional All DMG Amplification.
This effect is active until the Resonator is switched out.","Khi ở <color=Highlight>Resonance Mode - Fusion Burst</color>, Sát Thương Cơn Bùng Nổ Dung Nham kích hoạt trên mục tiêu gần Resonator đang hoạt động trong đội sẽ được Khuếch Đại.
<size=10></size>
Khi ở <color=Highlight>Resonance Mode - Tune Strain</color>, Resonator tham chiến nhận hiệu ứng DMG Amplification Toàn Bộ.
Sau khi Resonator này gây <color=Highlight>Tune Strain - Shifting</color> lên mục tiêu đang chịu hiệu ứng, họ sẽ nhận thêm hiệu ứng DMG Amplification Toàn Bộ.
Hiệu ứng này duy trì đến khi Resonator bị thay ra.",C?n ti?ng Anh nghi v?n: Amplification; Burst; Mode; Shifting; Strain; Tune | S? t?/c?m nghi v?n: 10 | T? l? nghi v?n: 0.323 | M?c ??: 35.23
"<color=#c49e55>[Resonance Liberation]</color>
Resonance Liberation - Omega Storm additionally deals Aero DMG equal to {1} of Rover: Aero's ATK <SapTag=0>{0}</SapTag> {Cus:Sap,S=time P=times SapTag=0} and reduces the target's Aero RES by {2} for {3}s on hit. This effect is unstackable.
After casting Omega Storm, Rover: Aero's Outro Skill is enhanced: Hitting the target increases the maximum stack of Aero Erosion the target can receive by {4} for {5}s.","<color=#c49e55>[Resonance Liberation]</color>
Resonance Liberation - Bão Omega gây thêm Aero DMG bằng {1} Tấn Công của Rover: Aero <SapTag=0>{0}</SapTag> {Cus:Sap,S=lần P=lần SapTag=0} và giảm Aero RES của mục tiêu {2} trong {3} giây khi trúng đích. Hiệu ứng này không thể chồng chất.
Sau khi thi triển Bão Omega, Outro Skill của Rover: Aero được tăng cường: Đánh trúng mục tiêu sẽ tăng số tầng Aero Erosion tối đa mục tiêu có thể nhận thêm {4} trong {5} giây.",C?n ti?ng Anh nghi v?n: Erosion; Liberation; Omega; Outro; RES; Skill | S? t?/c?m nghi v?n: 7 | T? l? nghi v?n: 0.318 | M?c ??: 35.18
"By the time Lupa returned to the training room, the teammate she had partnered with for the past few months was already gone.

She stood there for a moment, dazed, before moving forward through the unlit room. Her Forte had gifted her with many things: fire, a sharpened sense of smell, and the ability to see in the dark. Without hesitation, Lupa made her way to a chair and sat down, settling quietly into the darkness.

""Well,"" she thought, ""the Domina or manager will send someone new soon.""

This farce was finally over.

They had found the mole, the one leaking the team secrets, the source of the rumors. Julia wasn't one for mercy. Therefore, that former teammate who sold them out would likely be barred from setting foot on any arena of Capitoline Hill for a very long time.

Over the years, as Lupa's fame grew, her teammates had come and gone. Some couldn't keep up with the way she fought. Others were dismissed simply because Julia didn't like them. A few, like her former teammate, had come with ill intent from the very start. And then there were those who... simply couldn't stand how the crowd's cheers always found her, leaving them forgotten in her shadow.

Lupa had tried to say something about it, but she quickly learned that even the act of ""trying to say something"" could cut like blades.

Maybe it was because she had never truly been in their shoes. After all, she had never tasted failure. Or maybe it was that unspoken ""You'll never know what it feels like,"" and the fact that, when the dust settled, she was always the one who came out ahead.

Eventually, Lupa learned to stay silent.

After sitting there a while longer, she got up and walked over to the cabinet where the match recordings were kept. From the shelves, she pulled out one particular recording she had watched many times before. Perhaps it was a kind of self-consolation, clinging to the idea that even those without talent could still find joy in the arena, even though the Gladiator in that recording didn't last long and disappeared from the arena all too suddenly.

The light from Breen the Screen cast flickering shadows across Lupa's face, leaving deep, hollowed patches of darkness behind.","Khi Lupa trở lại phòng tập, người đồng đội đã sát cánh cùng cô suốt mấy tháng qua đã biến mất.

Cô đứng đó một lúc, ngẩn người, rồi bước tiếp vào căn phòng tối om. Forte của cô đã ban cho cô nhiều thứ: ngọn lửa, khứu giác nhạy bén, và khả năng nhìn trong bóng tối. Không chút do dự, Lupa tiến đến một chiếc ghế và ngồi xuống, lặng lẽ hòa vào màn đêm.

""Thôi,"" cô nghĩ, ""Domina hay quản lý sẽ sớm cử người mới tới thôi.""

Trò hề này cuối cùng cũng kết thúc.

Họ đã tìm ra gián điệp, kẻ đã để lộ bí mật của đội, nguồn cơn của những lời đồn đại. Julia không phải dạng nhân từ. Vì thế, kẻ đồng đội cũ đã phản bội họ chắc chắn sẽ bị cấm đặt chân lên bất kỳ đấu trường nào trên Capitoline Hill trong một thời gian rất dài.

Qua bao năm tháng, danh tiếng của Lupa ngày càng lớn, đồng đội của cô đến rồi đi. Có người không theo kịp cách cô chiến đấu. Số khác bị sa thải chỉ vì Julia không ưa. Một vài kẻ, như đồng đội cũ của cô, ngay từ đầu đã mang theo ý đồ xấu. Và cũng có những người... đơn giản là không thể chịu nổi việc tiếng hò reo của đám đông luôn hướng về cô, để họ chìm trong bóng tối.

Lupa đã cố nói gì đó về chuyện này, nhưng cô nhanh chóng nhận ra rằng ngay cả việc ""cố nói"" cũng có thể sắc như lưỡi dao.

Có lẽ vì cô chưa bao giờ thực sự ở trong hoàn cảnh của họ. Suy cho cùng, cô chưa từng nếm trải thất bại. Hoặc có lẽ là vì cái nhìn ""Ngươi sẽ chẳng bao giờ hiểu cảm giác đó đâu"", và sự thật rằng, khi khói lửa tan đi, cô luôn là người đứng trên đỉnh.

Dần dần, Lupa học cách im lặng.

Ngồi thêm một lúc nữa, cô đứng dậy và đi đến tủ chứa các bản ghi trận đấu. Từ giá sách, cô rút ra một bản ghi mà cô đã xem đi xem lại nhiều lần. Có lẽ đó là một cách tự an ủi bản thân, bám víu vào ý nghĩ rằng ngay cả những kẻ không có tài năng vẫn có thể tìm thấy niềm vui trên đấu trường, dù cho Chiến Binh trong bản ghi đó không trụ được lâu và biến mất khỏi đấu trường quá đột ngột.

Ánh sáng từ Breen the Screen nhấp nháy trên khuôn mặt Lupa, để lại những khoảng tối sâu thẳm, trống rỗng.",C?n ti?ng Anh nghi v?n: Breen; Capitoline; Domina; Hill; Julia; Lupa; Screen | S? t?/c?m nghi v?n: 13 | T? l? nghi v?n: 0.217 | M?c ??: 35.17
"Glacio DMG + 10% after releasing Basic Attack or Heavy Attack. This effect stacks up to 3 times, each stack lasts 15s.","Attack Băng giá tăng thêm 10% sau khi thực hiện Basic Attack hoặc Heavy Attack. Hiệu ứng này có thể chồng chất lên đến 3 lần, mỗi lần kéo dài 15 giây.",C?n ti?ng Anh nghi v?n: Attack; Basic; Heavy | S? t?/c?m nghi v?n: 5 | T? l? nghi v?n: 0.714 | M?c ??: 35.14
"Increases ATK by {0} upon dealing Basic Attack DMG or Heavy Attack DMG, stacking up to {1} time(s). This effect lasts for {2}s and can be triggered {4} time(s) every {3}s.","Tăng Attack thêm {0} khi gây Sát Thương Basic Attack hoặc Heavy Attack, có thể tích lũy tối đa {1} lần. Hiệu ứng này kéo dài trong {2} giây và có thể kích hoạt {4} lần mỗi {3} giây.",C?n ti?ng Anh nghi v?n: Attack; Basic; Heavy | S? t?/c?m nghi v?n: 5 | T? l? nghi v?n: 0.714 | M?c ??: 35.14
"[Resistance]: This enemy has a higher <color=Fire>Fusion RES</color>.

[Illusive Chord]: When transformed into Lorelei, become immune to the Dragon of Dirge's DMG, increasing the Fusion RES of all Resonators in the team by 20% for 15s. Being attacked by the Dragon of Dirge during transformation reduces its Vibration Strength.

[Crumble]: 3 minutes after the battle begins, Resonators' ATK is increased by 10% every 10s, up to 100%. The DMG taken by Resonators will also increase by 10% every 10s, with no stacking limit. All Resonators in the team lose 10% of their Max HP every 2s, until their HP reaches below 20%.

[Wings Unfurled] Each successful Dodge recovers a certain amount of STA to Resonators and increases their ATK by 10% for 5s, stacking up to 5 times.","[Kháng cự]: Kẻ địch này có <color=Fire>Fusion RES</color> cao hơn.

[Hợp Âm Ảo]: Khi biến hình thành Lorelei, miễn nhiễm với Sát Thương từ Dragon of Dirge, tăng Fusion RES của tất cả Resonators trong đội lên 20% trong 15 giây. Bị Dragon of Dirge tấn công trong quá trình biến hình sẽ giảm Độ rung của nó.

[Sụp Đổ]: Sau 3 phút kể từ khi trận chiến bắt đầu, Tấn Công của Resonators sẽ tăng 10% mỗi 10 giây, tối đa 100%. Sát Thương nhận vào cũng tăng 10% mỗi 10 giây, không giới hạn cộng dồn. Tất cả Resonators trong đội sẽ mất 10% HP tối đa mỗi 2 giây, cho đến khi HP còn dưới 20%.

[Đôi Cánh Xòe Rộng] Mỗi lần Dodge thành công sẽ phục hồi một lượng STA nhất định cho Resonators và tăng Tấn Công lên 10% trong 5 giây, tối đa 5 lần.",C?n ti?ng Anh nghi v?n: Dirge; Dodge; Dragon; Lorelei; of; RES | S? t?/c?m nghi v?n: 10 | T? l? nghi v?n: 0.312 | M?c ??: 35.12
"Summon Hyvatia to fire lasers at enemies from mid-air, dealing {0} Spectro DMG 10 times.

Casting Outro Skill within {1}s after summoning Hyvatia grants {2} All-Attribute DMG Bonus to the next Resonator using Intro Skill for {3}s.

CD: {4}s.","Summon Hyvatia bắn tia laser từ trên không vào kẻ địch, gây {0} Spectro DMG 10 lần.

Sử dụng Outro Skill trong vòng {1} giây sau khi triệu hồi Hyvatia sẽ tăng {2} Sát Thương Toàn Thuộc Tính cho Resonator kế tiếp sử dụng Intro Skill trong {3} giây.

Hồi chiêu: {4} giây.",C?n ti?ng Anh nghi v?n: Hyvatia; Intro; Outro; Skill; Summon | S? t?/c?m nghi v?n: 7 | T? l? nghi v?n: 0.412 | M?c ??: 35.12
"This enemy has a <color=HighlightB>higher RES</color> to <color=Wind>Aero DMG</color>.

In the exam zone, Elite Class enemies grant a shield to all friendly units within 15m every 5s. Upon death, they restore 20% HP to nearby friendly units and trigger an explosion that deals damage equal to 100% of ATK.

After scanning the data of past animals in Lahai-Roi, the Exostrider used its own parts to grow and proliferate mechanical reindeer. These Flora Reindeer are companions to the Roya and help the Roya in plant foraging.","Kẻ địch này có <color=HighlightB>higher RES</color> <color=Wind>Aero DMG</color> cao hơn.

Trong khu vực thi, kẻ địch Class Cao sẽ tạo lá chắn cho tất cả đơn vị đồng minh trong phạm vi 15m mỗi 5 giây. Khi chết, chúng hồi 20% HP cho các đơn vị đồng minh gần đó và kích hoạt vụ nổ gây sát thương bằng 100% Tấn Công.

Sau khi quét dữ liệu của các loài động vật trước đây ở Lahai-Roi, Exostrider đã sử dụng các bộ phận của chính mình để phát triển và nhân bản những con tuần lộc cơ khí. Những Flora Reindeer này là bạn đồng hành của Roya và hỗ trợ Roya trong việc tìm kiếm thực vật.",C?n ti?ng Anh nghi v?n: Class; Exostrider; Flora; higher; Lahai; Reindeer; RES; Roya | S? t?/c?m nghi v?n: 9 | T? l? nghi v?n: 0.31 | M?c ??: 35.1
"<color=Highlight>Sentry Construct</color>
 - For 15s after defeating Sentry Construct, all Resonators in the team are immune to damage.
 - When Sentry Construct is in mid-air, it deals 30% more DMG. If it's affected by <color=Highlight>Negative Statuses</color> or <color=Highlight>Tunability - Shifting</color>, Resonators' Vibration Strength Reduction Rate is increased by 50%.
 [Unlocked in Round 2] Sentry Construct's behavior changes. Counterattacks can no longer knock it down from mid-air.","<color=Highlight>Sentry Construct</color>
- Trong 15 giây sau khi đánh bại Sentry Construct, tất cả Resonators trong đội miễn nhiễm sát thương.
- Khi Sentry Construct ở trên không, nó gây thêm 30% Sát Thương. Nếu bị ảnh hưởng bởi <color=Highlight>Negative Statuses</color> hoặc <color=Highlight>Tunability - Shifting</color>, tỷ lệ giảm Concerto Vibrancy của Resonators tăng 50%.
[Mở khóa ở Round 2] Hành vi của Sentry Construct thay đổi. Đòn phản công không còn hạ gục nó khỏi không trung.",C?n ti?ng Anh nghi v?n: Construct; Negative; Sentry; Shifting; Statuses; Tunability | S? t?/c?m nghi v?n: 12 | T? l? nghi v?n: 0.5 | M?c ??: 35.0
"When in mid-air, casting <color=Highlight>Mid-air Resonance Skill</color> removes all stacks of Spectro Frazzle, Havoc Bane, Fusion Burst, Glacio Chafe, and Electro Flare from the target hit and inflicts 1 stack of Aero Erosion for each stack removed.","Khi ở trên không, sử dụng <color=Highlight>Mid-air Resonance Skill</color> sẽ loại bỏ toàn bộ lớp Spectro Frazzle, Havoc Bane, Fusion Burst, Glacio Chafe và Electro Flare trên mục tiêu trúng đòn, đồng thời gây 1 lớp Aero Erosion cho mỗi lớp bị loại bỏ.",C?n ti?ng Anh nghi v?n: air; Bane; Burst; Chafe; Erosion; Flare; Frazzle; Mid; Skill | S? t?/c?m nghi v?n: 9 | T? l? nghi v?n: 0.5 | M?c ??: 35.0
"When in mid-air, casting <color=Highlight>Mid-air Resonance Skill</color> removes all stacks of Spectro Frazzle, Havoc Bane, Fusion Burst, Glacio Chafe, and Electro Flare from the target hit and inflicts 1 stack of Aero Erosion for each stack removed.","Khi ở trên không, sử dụng <color=Highlight>Mid-air Resonance Skill</color> sẽ loại bỏ toàn bộ lớp Spectro Frazzle, Havoc Bane, Fusion Burst, Glacio Chafe và Electro Flare trên mục tiêu trúng đòn, đồng thời gây 1 lớp Aero Erosion cho mỗi lớp bị loại bỏ.",C?n ti?ng Anh nghi v?n: air; Bane; Burst; Chafe; Erosion; Flare; Frazzle; Mid; Skill | S? t?/c?m nghi v?n: 9 | T? l? nghi v?n: 0.5 | M?c ??: 35.0
"Summon the Talons of Decree to attack nearby enemies, dealing {0} Aero DMG.
The Resonator with this Echo equipped in their main slot gains {1} Aero DMG Bonus and {2} Heavy Attack DMG Bonus.
CD: {3}s.","Summon Talons of Decree tấn công kẻ địch gần đó, gây {0} Aero DMG.
Resonator trang bị Echo này ở vị trí chính sẽ nhận {1} Aero DMG Bonus và {2} Tăng Sát Thương Heavy Attack.
Hồi chiêu: {3} giây.",C?n ti?ng Anh nghi v?n: Attack; Bonus; Decree; Heavy; of; Summon; Talons | S? t?/c?m nghi v?n: 7 | T? l? nghi v?n: 0.5 | M?c ??: 35.0
"Summon the Talons of Decree to deal Aero DMG to nearby enemies.
The Resonator with this Echo equipped in the main slot gains Aero and Heavy Attack DMG Bonus.","Summon Talons of Decree gây Aero DMG lên kẻ địch gần đó.
Resonator trang bị Echo này ở vị trí chính sẽ nhận Aero DMG Bonus và Heavy Attack.",C?n ti?ng Anh nghi v?n: Attack; Bonus; Decree; Heavy; of; Summon; Talons | S? t?/c?m nghi v?n: 7 | T? l? nghi v?n: 0.5 | M?c ??: 35.0
"Deal <color=Light>Spectro DMG</color>.
- <color=Highlight>Absolution</color> Enhancement: Increase DMG Multiplier.
- <color=Highlight>Confession</color> Enhancement: Apply <color=Highlight>Spectro Frazzle</color> to targets hit.","Gây <color=Light>Spectro DMG</color>.
- Increase cường <color=Highlight>Absolution</color>: Increase hệ số sát thương.
- Increase cường <color=Highlight>Confession</color>: Apply <color=Highlight>Spectro Frazzle</color> lên mục tiêu trúng đòn.",C?n ti?ng Anh nghi v?n: Absolution; Apply; Confession; Frazzle; Increase | S? t?/c?m nghi v?n: 7 | T? l? nghi v?n: 0.7 | M?c ??: 35.0
"{Cus:Ipt,Touch=Tap PC=Press Gamepad=Press} <color=Highlight>Resonance Skill</color> following <color=Highlight>Basic Attack Stage 3</color> to cast <color=Highlight>Enhanced Resonance Skill</color>.","{Cus:Ipt,Touch=Touch PC=press Gamepad=press} <color=Highlight>Resonance Skill</color> sau <color=Highlight>Basic Attack Stage 3</color> để thi triển <color=Highlight>Enhanced Resonance Skill</color>.",C?n ti?ng Anh nghi v?n: Attack; Basic; Enhanced; Skill; Stage | S? t?/c?m nghi v?n: 6 | T? l? nghi v?n: 0.6 | M?c ??: 35.0
"Reduce <color=highlight>Resonance Liberation</color> Cooldown.
Defeating an enemy regenerates extra Resonance Energy and Concerto Energy.
Defeating an enemy also increases the Crit. Rate and Crit. DMG of all party members' <color=highlight>Resonance Liberation</color>. This effect can be stacked.","Giảm Cooldown chiêu <color=highlight>Resonance Liberation</color>.
Tiêu diệt kẻ địch sẽ hồi phục thêm Resonance Energy và Concerto Energy.
Tiêu diệt kẻ địch cũng tăng Crit. Rate và Crit. DMG của <color=highlight>Resonance Liberation</color> cho tất cả thành viên trong đội. Hiệu ứng này có thể chồng chất.",C?n ti?ng Anh nghi v?n: Cooldown; Energy; Liberation; Rate | S? t?/c?m nghi v?n: 6 | T? l? nghi v?n: 0.4 | M?c ??: 35.0
"<color=#c49e55>[Resonance Skill]</color>
Each time a Basic Attack or Resonance Skill is used while in Striding Lion, Lingyang's ATK is increased by {0} for {1}s. This effect can be triggered once every second, stacking up to {2} time(s).","<color=#c49e55>[Resonance Skill]</color>
Mỗi lần sử dụng Basic Attack hoặc Resonance Skill khi ở trạng thái Striding Lion, Attack của Lingyang sẽ tăng thêm {0} trong {1} giây. Hiệu ứng này có thể kích hoạt mỗi giây một lần, tối đa {2} lần.",C?n ti?ng Anh nghi v?n: Attack; Basic; Lion; Skill; Striding | S? t?/c?m nghi v?n: 6 | T? l? nghi v?n: 0.6 | M?c ??: 35.0
"Fourth Normal Attack.
Yangyang will get 1 Cleaving Wind if her last normal attack hits a target.","Normal Attack thứ tư.
Nếu đòn Normal Attack cuối cùng của Yangyang trúng mục tiêu, cô sẽ nhận được 1 [Gió Chém].",C?n ti?ng Anh nghi v?n: Attack; Normal; Yangyang | S? t?/c?m nghi v?n: 5 | T? l? nghi v?n: 1.0 | M?c ??: 35.0
"Fourth Normal Attack.
Yangyang will get 1 Cleaving Wind if her last normal attack hits a target.","Normal Attack thứ tư.
Nếu đòn Normal Attack cuối cùng của Yangyang trúng mục tiêu, cô sẽ nhận được 1 [Gió Chém].",C?n ti?ng Anh nghi v?n: Attack; Normal; Yangyang | S? t?/c?m nghi v?n: 5 | T? l? nghi v?n: 1.0 | M?c ??: 35.0
"Evaluation Basis: [Resonance Assessment 1231-G]

The exact timing of Resonator Zhezhi's Awakening is unclear. Signs of ""animation"" appeared in her childhood drawings, and her Forte control improved alongside her painting skills.

Resonator Zhezhi's <te href=850072>Tacet Mark</te> is located on the back of her right hand. Post-Awakening observations have not found any significant physical changes. Testing shows Zhezhi can ""animate"" her paintings, affecting observers' visual perception and judgment (effective on both living organisms and <te href=850081>Tacet Discords</te>).
 
""Animation"" has two levels:
Moderate: Causes slight movements in two-dimensional images.
Severe: Simulates three-dimensional volumetric forms, lasting up to 30 minutes and 28 seconds, covering up to 274.5 square meters.

Both levels produce illusions, not actual objects. No stable interval detected.

No similar Resonance Spectrum Pattern identified, and the cause of Zhezhi's Awakening remains unclear.
Additionally, analysis of test samples show a <te href=850067>Rabelle's Curve</te> with a noticeable periodic waveform. Therefore, Zhezhi is identified as a <te href=850068>Congenital Resonator</te>.","Cơ sở Đánh giá: [Đánh giá Cộng hưởng 1231-G]

Thời điểm chính xác của Sự Thức tỉnh Resonator Zhezhi vẫn chưa rõ. Dấu hiệu ""hoạt họa"" đã xuất hiện trong các bức vẽ từ nhỏ, và khả năng kiểm soát Forte của cô cải thiện song song với kỹ năng hội họa.

<te href=850072>Tacet Mark</te> của Zhezhi nằm ở mu bàn tay phải. Quan sát sau Sự Thức tỉnh không phát hiện thay đổi thể chất đáng kể. Test cho thấy Zhezhi có thể ""hoạt họa"" các bức vẽ, ảnh hưởng đến nhận thức và phán đoán thị giác của người quan sát (hiệu quả với cả sinh vật sống và <te href=850081>Tacet Discords</te>).

""Hoạt họa"" có hai cấp độ:
Vừa: Gây chuyển động nhẹ trong hình ảnh hai chiều.
Nghiêm trọng: Mô phỏng hình khối ba chiều, kéo dài đến 30 phút 28 giây, phủ sóng lên đến 274,5 mét vuông.

Cả hai cấp độ đều tạo ra ảo giác, không phải vật thể thực. Không phát hiện khoảng thời gian ổn định.

Không xác định được Mô hình Phổ Cộng hưởng tương tự, nguyên nhân Sự Thức tỉnh của Zhezhi vẫn chưa rõ.
Ngoài ra, phân tích mẫu thử cho thấy <te href=850067>Rabelle's Curve</te> có dạng sóng tuần hoàn rõ rệt. Do đó, Zhezhi được xác định là <te href=850068>Congenital Resonator</te>.",C?n ti?ng Anh nghi v?n: Congenital; Curve; Discords; Mark; Rabelle's; Test; Zhezhi | S? t?/c?m nghi v?n: 11 | T? l? nghi v?n: 0.297 | M?c ??: 34.97
"[About]
Beside a mysterious door stands a girl who has accidentally wandered through it—Dorothy. She seeks your help to defeat the monsters lurking behind the door.

[Eligibility]
Reach Union Level 22.

[Event Rules]
1. In this challenge, you can choose ""Dorothy's Companions"" as Echoes to assist you in battle, which greatly enhances the combat abilities of Resonators.
2. Downed Resonators will be automatically revived after a while. 
3. You can complete the task with your Friends.
4. You can only use designated Echoes in this mode (Sonatas will remain effective and only the main Echo Skill will be replaced).
5. Point Calculation: Clearance Points + (Remaining Time x Time Coefficient).
The Total Points will be the sum of the highest points achieved in regular levels. (Points will not be awarded for challenge levels).","Về Sự Kiện
Bên cánh cửa bí ẩn, có một cô bé vô tình lạc qua—Dorothy. Cô cần sự giúp đỡ của cậu để đánh bại những con quái vật ẩn nấp sau cánh cửa đó.

Điều Kiện Tham Gia
Đạt Cấp Liên Minh 22.

Event Rules
1. Trong thử thách này, cậu có thể chọn ""Bạn Companions của Dorothy"" làm Echoes hỗ trợ chiến đấu, giúp tăng cường sức mạnh cho Resonators.
2. Resonators bị hạ gục sẽ tự động hồi sinh sau một khoảng thời gian.
3. Cậu có thể hoàn thành nhiệm vụ cùng bạn bè.
4. Trong chế độ này, chỉ được sử dụng Echoes đã chỉ định (Sonata vẫn có hiệu lực và chỉ Skill Echoes chính bị thay thế).
5. Cách Tính Points: Points Hoàn Thành + (Thời Gian Còn Lại x Hệ Số Thời Gian).
Total Points sẽ là tổng điểm cao nhất đạt được ở các màn thông thường. (Không tính điểm cho các màn thử thách).",C?n ti?ng Anh nghi v?n: Companions; Dorothy; Event; Points; Skill; Total; x | S? t?/c?m nghi v?n: 10 | T? l? nghi v?n: 0.294 | M?c ??: 34.94
"Fleurdelys's attacks restore <color=Highlight>Conviction</color> on hit.
When <color=Highlight>Conviction</color> reaches 120 points, use Resonance Liberation to cast <color=Highlight>Blade of Howling Squall</color> as Fleurdelys.","Các đòn tấn công của Fleurdelys hồi phục <color=Highlight>Conviction</color> khi trúng đích.
Khi <color=Highlight>Conviction</color> đạt 120 điểm, hãy sử dụng Resonance Liberation để Fleurdelys thi triển <color=Highlight>Blade of Howling Squall</color>.",C?n ti?ng Anh nghi v?n: Blade; Conviction; Fleurdelys; Howling; Liberation; of; Squall | S? t?/c?m nghi v?n: 9 | T? l? nghi v?n: 0.692 | M?c ??: 34.92
"After casting Intro Skill, for the next 6s, Resonators deal 40% more damage. A Shadow Wave is generated 1.5s after casting Resonance Skill to attack the enemies, dealing Havoc DMG. This effect has a cooldown of 3s, with the cooldown calculated independently for each Resonator.

Team I Buff: All team members of Havoc Attribute restore 4 additional Concerto Energy per second.
Team II Buff: All team members restore 2 additional Concerto Energy per second.","Sau khi sử dụng Kỹ Năng Giới Thiệu, trong 6 giây tiếp theo, Resonators gây thêm 40% sát thương. Một Đợt Sóng Shadow sẽ xuất hiện sau 1,5 giây kể từ khi sử dụng Resonance Skill để tấn công kẻ địch, gây Havoc DMG. Hiệu ứng này có Cooldown 3 giây, tính riêng cho từng Resonators.

Hiệu ứng Đội I: Các thành viên trong đội thuộc hệ Havoc hồi thêm 4 Concerto Energy mỗi giây.
Hiệu ứng Đội II: Các thành viên trong đội hồi thêm 2 Concerto Energy mỗi giây.",C?n ti?ng Anh nghi v?n: Cooldown; Energy; I; II; Shadow; Skill | S? t?/c?m nghi v?n: 7 | T? l? nghi v?n: 0.292 | M?c ??: 34.92
"This enemy has a <color=HighlightB>higher RES</color> to <color=Thunder>Electro DMG </color>.

In the exam zone, Elite Class enemies grant a shield to all friendly units within 15m every 5s. Upon death, they restore 20% HP to nearby friendly units and trigger an explosion that deals damage equal to 100% of ATK.

In the face of the vast unknown lands in Lahai-Roi, the Spacetrek Collective developed the multi-purpose Spacetrek Explorer to serve in transport, storage, and defense roles. Its wheeled legs and heavy-duty tires allow it to race along vertical surfaces, making it suitable for both urban and off-road terrain. The onboard storage compartments are designed to support long-term scientific expeditions.","Kẻ địch này có <color=HighlightB>higher RES</color> <color=Thunder>Electro DMG</color>.

Trong khu vực thi, kẻ địch Class Elite sẽ tạo lá chắn cho tất cả đơn vị đồng minh trong phạm vi 15m mỗi 5 giây. Khi bị tiêu diệt, chúng hồi phục 20% HP cho đồng minh xung quanh và kích hoạt vụ nổ gây sát thương bằng 100% Tấn Công.

Trước những vùng đất bí ẩn rộng lớn ở Lahai-Roi, Spacetrek Collective đã phát triển Spacetrek Explorer đa năng để phục vụ vận tải, lưu trữ và phòng thủ. Chân bánh xe và lốp chịu lực giúp nó di chuyển trên các bề mặt thẳng đứng, phù hợp cho cả địa hình đô thị lẫn hoang dã. Các khoang chứa trên tàu được thiết kế để hỗ trợ các chuyến thám hiểm khoa học dài hạn.",C?n ti?ng Anh nghi v?n: Class; Collective; Elite; Explorer; higher; Lahai; RES; Spacetrek | S? t?/c?m nghi v?n: 9 | T? l? nghi v?n: 0.29 | M?c ??: 34.9
"Certain Resonators can inflict <color=Highlight>Tune Rupture - Shifting</color> on the target. During this state, if the affected target is hit by <color=Highlight>Tune Break</color>, their <color=Highlight>Tune Rupture - Shifting</color> state is replaced with <color=Highlight>Tune Rupture - Interfered</color>.","Một số Resonators có thể gây <color=Highlight>Tune Rupture - Shifting</color> lên mục tiêu. Trong trạng thái này, nếu mục tiêu bị trúng <color=Highlight>Tune Break</color>, trạng thái <color=Highlight>Tune Rupture - Shifting</color> sẽ bị thay thế bằng <color=Highlight>Tune Rupture - Interfered</color>.",C?n ti?ng Anh nghi v?n: Break; Interfered; Rupture; Shifting; Tune | S? t?/c?m nghi v?n: 11 | T? l? nghi v?n: 0.786 | M?c ??: 34.86
"Certain Resonators can inflict <color=Highlight>Tune Strain - Shifting</color> on the target. During this state, if the affected target is hit by <color=Highlight>Tune Break</color>, their <color=Highlight>Tune Strain - Shifting</color> state is replaced with <color=Highlight>Tune Strain - Interfered</color>.","Một số Resonators có thể gây <color=Highlight>Tune Strain - Shifting</color> lên mục tiêu. Trong trạng thái này, nếu mục tiêu bị trúng <color=Highlight>Tune Break</color>, trạng thái <color=Highlight>Tune Strain - Shifting</color> sẽ bị thay thế bằng <color=Highlight>Tune Strain - Interfered</color>.",C?n ti?ng Anh nghi v?n: Break; Interfered; Shifting; Strain; Tune | S? t?/c?m nghi v?n: 11 | T? l? nghi v?n: 0.786 | M?c ??: 34.86
"[Resistance]: This enemy has a higher <color=Wind>Aero RES</color> and <color=Ice>Glacio RES</color>.

[Undercurrent]: A successful Dodge recovers certain STA and Concerto Energy.

[Impartation]: Casting Intro Skill increases the caster's ATK by 20% and decreases their DMG taken by 30% for 10s.

[Death's Dance]: 3 minutes after the battle begins, Resonators' ATK is increased by 10% every 10s, up to 100%. The DMG taken by Resonators will also increase by 10% every 10s, with no stacking limit. All Resonators in the team lose 10% of their Max HP every 2s, until their HP reaches below 20%.","[Kháng Hiệu Ứng]: Kẻ địch này có <color=Wind>Aero RES</color> và <color=Ice>Glacio RES</color> cao hơn.

[Dòng Ngầm]: Dodge thành công sẽ hồi một lượng STA và Concerto Energy nhất định.

[Ban Phước]: Sử dụng Intro Skill sẽ tăng 20% Tấn Công và giảm 30% Sát Thương Nhận Vào của người dùng trong 10 giây.

[Điệu Vũ Tử Thần]: Sau 3 phút kể từ khi trận chiến bắt đầu, Tấn Công của Resonators sẽ tăng 10% mỗi 10 giây, tối đa 100%. Sát Thương Nhận Vào cũng sẽ tăng 10% mỗi 10 giây, không giới hạn cộng dồn. Mọi Resonators trong đội sẽ mất 10% HP tối đa mỗi 2 giây cho đến khi HP còn dưới 20%.",C?n ti?ng Anh nghi v?n: Dodge; Energy; Intro; RES; Skill | S? t?/c?m nghi v?n: 6 | T? l? nghi v?n: 0.286 | M?c ??: 34.86
"<color=Highlight>Sentry Construct</color>
- For 15s after defeating Sentry Construct, all Resonators in the team are immune to damage.
- When Sentry Construct is in mid-air, it deals 30% more DMG. If it's affected by <color=Highlight>Negative Statuses</color> or <color=Highlight>Tunability - Shifting</color>, Resonators' Vibration Strength Reduction Rate is increased by 50%.
- Sentry Construct's behavior changes. Counterattacks can no longer knock it down from mid-air.","<color=Highlight>Sentry Construct</color>
- Sau khi đánh bại Sentry Construct, tất cả Resonators trong đội sẽ miễn nhiễm sát thương trong 15 giây.
- Khi Sentry Construct ở trên không, sát thương gây ra tăng 30%. Nếu bị ảnh hưởng bởi <color=Highlight>Negative Statuses</color> hoặc <color=Highlight>Tunability - Shifting</color>, tỷ lệ giảm Concerto Vibrancy của Resonators tăng 50%.
- Hành vi của Sentry Construct thay đổi. Các đòn phản công không còn khiến nó bị hất ngã khi đang trên không.",C?n ti?ng Anh nghi v?n: Construct; Negative; Sentry; Shifting; Statuses; Tunability | S? t?/c?m nghi v?n: 12 | T? l? nghi v?n: 0.48 | M?c ??: 34.8
"Calcharo ""the Vicious"" was once one of the Exiles in the New Federation's Lawless Zone. He has long mastered all kinds of insidious strategies to survive. Nowadays, he has grown even more ruthless for his mercenary: Poisoning, assassination, bribery, kidnapping, bombs... He'd do whatever he found necessary to get the job done. Rumors of Calcharo's impossible feats circulated endlessly. Some spoke of him staying in the desert for 7 days without water for a planned ambush, others of him donning bombs all over his body during a past negotiation. There were even whispers of him hiring killers to fake his assassination in a scheme to garner trust.

While potentially exaggerated, the rumors were not entirely unfathomable to those who knew Calcharo personally. However, the stories became even more outlandish as time passed... 

""He single-handedly stopped a truck at 12; when he turned 15, his Forte made the whole New Federation shudder in fear. He even fought the entire country's cops at 18 and left unscathed..."" 

""His chest is home to the dead spirits, and his forehead bears curses of the gods. Beneath his feet strikes thunder, and out of his eyes shoots flames. His rage will never be quenched until heaven burns down..."" 

""He has been to hell and back, time and time again... He will always come as a lightning, a phantom, and reclaim everything he deserves..."" 

The latest rumors about Calcharo have become one of the go-to topics among the mercenary members when off-duty.

But the man himself seems unfazed... He's either desensitized already or scheming to capitalize on the rumors.

In the Lawless Zone, friends can become enemies in an instant—as common as changing air currents. Change is constant, even in the most unexpected places. What once seemed harmful can instantly become a useful tool. It all depends on how we choose to use it.

Rumors sow prejudices. Prejudices grow into misconceptions. Misconceptions produce misjudgments.

And in a cut-throat game, misjudgment of enemy strength is always a bane.","""Calcharo ""Kẻ Tàn Bạo"""" từng là một trong những kẻ lưu vong ở Khu Vực Vô Pháp của New Federation. Hắn đã thành thạo đủ mọi thủ đoạn hèn hạ để sinh tồn từ lâu. Ngày nay, hắn còn trở nên tàn nhẫn hơn vì công việc lính đánh thuê: đầu độc, ám sát, mua chuộc, bắt cóc, bom mìn... Hắn sẽ làm bất cứ điều gì cần thiết để hoàn thành nhiệm vụ. Những câu chuyện về kỳ tích bất khả thi của Calcharo lan truyền không ngừng. Người ta kể hắn từng nằm phục kích trong sa mạc bảy ngày không nước, kẻ khác lại nói hắn từng đeo bom khắp người trong một cuộc đàm phán. Thậm chí có tin đồn hắn thuê sát thủ giả vờ ám sát mình để lấy lòng tin.

Dù có phần phóng đại, những lời đồn đó không hẳn là vô căn cứ với những ai từng biết Calcharo. Nhưng càng về sau, câu chuyện càng trở nên hoang đường...

""Hắn một mình chặn đứng cả chiếc xe tải năm 12 tuổi; đến năm 15, Forte của hắn khiến cả New Federation phải khiếp sợ. Năm 18 tuổi, hắn đánh nhau với toàn bộ cảnh sát cả nước mà vẫn bình an vô sự...""

""Ngực hắn là nơi trú ngụ của những linh hồn chết, trán hắn mang lời nguyền của thần linh. Dưới chân hắn giáng sấm sét, từ mắt hắn bắn ra ngọn lửa. Cơn thịnh nộ của hắn sẽ không nguôi cho đến khi trời đất cháy rụi...""

""Hắn đã đi qua địa ngục và trở về không biết bao lần... Hắn sẽ luôn đến như tia chớp, như bóng ma, và đoạt lại tất cả những gì thuộc về mình...""

Những tin đồn mới nhất về Calcharo đã trở thành đề tài bàn tán thường xuyên của các lính đánh thuê khi rảnh rỗi.

Nhưng bản thân hắn dường như chẳng mảy may quan tâm... Có lẽ hắn đã quá quen với những lời đồn đại, hoặc đang âm thầm lợi dụng chúng.

Ở Khu Vực Vô Pháp, bạn bè có thể trở thành kẻ thù trong chớp mắt—như gió đổi chiều. Sự thay đổi là bất biến, ngay cả ở những nơi khó ngờ nhất. Điều từng có hại có thể lập tức trở thành công cụ hữu ích. Tất cả phụ thuộc vào cách ta sử dụng nó.

Lời đồn gieo rắc định kiến. Định kiến lớn lên thành hiểu lầm. Hiểu lầm dẫn đến đánh giá sai.

Và trong một cuộc chơi đẫm máu, đánh giá sai sức mạnh kẻ thù luôn là tai họa.",C?n ti?ng Anh nghi v?n: an; Calcharo; Federation; may; New | S? t?/c?m nghi v?n: 10 | T? l? nghi v?n: 0.179 | M?c ??: 34.79
"<color=#e4c69b>Enhanced Rally</color> <color=#fb6464>(Unactivated)</color> - Once activated, each time this Echo uses an Active Skill, Quick-Deploy an Echo with unactivated Rally or Enhanced Rally to the Deployment Zone from your deck, and Reconstruct this Echo. If the Echo has multiple Rally or Enhanced Rally skills, only the first activated one can be triggered.","<color=#e4c69b>Enhanced Rally</color> <color=#fb6464>(Unactivated)</color> - Khi kích hoạt, mỗi lần Tacet Discord này sử dụng Active Skill, Triển khai Nhanh một Tacet Discord có Rally hoặc Enhanced Rally chưa kích hoạt từ bộ bài lên Vùng Triển khai và Tái cấu trúc Tacet Discord này. Nếu Tacet Discord có nhiều kỹ năng Rally hoặc Enhanced Rally, chỉ kỹ năng đầu tiên được kích hoạt mới có thể kích hoạt hiệu ứng này.",C?n ti?ng Anh nghi v?n: Active; Enhanced; Rally; Skill; Unactivated | S? t?/c?m nghi v?n: 11 | T? l? nghi v?n: 0.478 | M?c ??: 34.78
"After casting <color=Highlight>Heavy Attack - Schemata of Runes</color>, gain {0} points of <color=Highlight>Full Stop</color>, up to 100 points.","Sau khi sử dụng <color=Highlight>Heavy Attack - Schemata of Runes</color>, nhận được {0} điểm <color=Highlight>Full Stop</color>, tối đa 100 điểm.",C?n ti?ng Anh nghi v?n: Attack; Full; Heavy; of; Runes; Schemata; Stop | S? t?/c?m nghi v?n: 7 | T? l? nghi v?n: 0.778 | M?c ??: 34.78
"Heavy Attack - Bitterfrost: Foreclaimed Self: While in <color=Highlight>Foreclaimed Self</color>, with 3 stacks of <color=Highlight>Whiteout Bitterfrost</color>, hold {0}.","Heavy Attack - Bitterfrost: Tự Kết Tội: Khi ở trạng thái <color=Highlight>Foreclaimed Self</color>, với 3 lớp <color=Highlight>Whiteout Bitterfrost</color>, giữ {0}.",C?n ti?ng Anh nghi v?n: Attack; Bitterfrost; Foreclaimed; Heavy; Self; Whiteout | S? t?/c?m nghi v?n: 7 | T? l? nghi v?n: 0.875 | M?c ??: 34.75
"This enemy has a <color=HighlightB>higher RES</color> to <color=Wind>Aero DMG</color>. 

A giant ape-like monster that resides at the towering Central Banyan, guarding the apes' territory from intrusion. 

To avoid unexpected confrontation with it, the Midnight Rangers and the Huaxu Academy once collaborated in a special operation to tag the Feilian Beringal with a tracking bracelet, enabling the tracking of its movements within the forest.","Kẻ địch này có <color=HighlightB>higher RES</color> với <color=Wind>Aero DMG</color>. 

Một con quái thú khổng lồ hình dạng như vượn, cư ngụ tại Cây Bồ Đề Trung Tâm cao chót vót, canh giữ lãnh thổ của loài vượn khỏi sự xâm nhập. 

Để tránh đụng độ bất ngờ với nó, Midnight Rangers và Huaxu Academy từng hợp tác trong một chiến dịch đặc biệt, gắn vòng theo dõi lên Feilian Beringal, giúp giám sát chuyển động của nó trong rừng.",C?n ti?ng Anh nghi v?n: Academy; Beringal; Feilian; higher; Huaxu; Midnight; Rangers; RES | S? t?/c?m nghi v?n: 8 | T? l? nghi v?n: 0.471 | M?c ??: 34.71
"[Filed from: <te href=851071>Spacetrek Collective</te>: <te href=851069>Startorch Academy</te> Faculty Records]
[Forte Examination Report RA2462-G]
 
Name: Luuk Herssen

Forte Overview: Examination confirms the subject's <te href=850072>Tacet Mark</te> is located at the center of the right palm, marked by a chronic, unhealing wound. Physical signs and bloodwork indicate the presence of an anomalous energy fluid—an ""Ichor""—circulating within the subject. This substance can rapidly alter its phase state under conscious will. Activation is accompanied by a burning sensation and transient high temperatures. Long-term use has resulted in color blindness. Currently, the subject perceives only the color gold, with all other hues rendered in grayscale.

The subject reports stable symptoms and declines further treatment.
 
<i>""Examination and reporting were conducted by the subject personally to ensure accuracy of records.""</i>
<i>""Location: Startorch Academy - Resonator Nursing Unit. 
Recorder: Luuk Herssen.""</i>","[""Hồ sơ do <te href=851071>Spacetrek Collective</te> lưu trữ: Hồ sơ giảng viên <te href=851069>Startorch Academy</te>]
[Report Khảo sát Forte RA2462-G]

Name: Luuk Herssen

Overview Forte: Kiểm tra xác nhận <te href=850072>Tacet Mark</te> của đối tượng nằm ở trung tâm lòng bàn tay phải, biểu hiện dưới dạng một vết thương mãn tính không lành. Dấu hiệu thể chất và xét nghiệm máu cho thấy sự hiện diện của một chất lỏng năng lượng dị thường—“Dịch Thần”—lưu thông trong cơ thể. Chất này có thể nhanh chóng thay đổi trạng thái pha theo ý chí. Khi kích hoạt, kèm theo cảm giác bỏng rát và nhiệt độ cao tạm thời. Việc sử dụng lâu dài đã dẫn đến mù màu. Hiện tại, đối tượng chỉ nhìn thấy màu vàng, các màu khác đều chuyển thành thang độ xám.

Đối tượng báo cáo triệu chứng ổn định và từ chối điều trị thêm.

<i>“Việc kiểm tra và báo cáo được đối tượng tự thực hiện để đảm bảo tính chính xác của hồ sơ.”</i>
<i>“Địa điểm: Startorch Academy - Đơn vị Điều dưỡng Resonator.
Recorder: Luuk Herssen.”</i>",C?n ti?ng Anh nghi v?n: Academy; Herssen; Luuk; Mark; Name; Overview; Recorder; Startorch | S? t?/c?m nghi v?n: 10 | T? l? nghi v?n: 0.37 | M?c ??: 34.7
"In <color=Highlight>Demon Hypostasis</color>, 100 points of <color=Highlight>Purging Flame</color> are obtained by consuming all available <color=Highlight>Sinflame</color>. While in <color=Highlight>Demon Hypostasis</color>, the more <color=Highlight>Afterflame</color> Galbrena has, the more DMG enemies take from <color=Highlight>various enhanced moves</color>.","Trong <color=Highlight>Demon Hypostasis</color>, Galbrena nhận được 100 điểm <color=Highlight>Purging Flame</color> bằng cách tiêu thụ toàn bộ <color=Highlight>Sinflame</color>. Khi ở trạng thái <color=Highlight>Demon Hypostasis</color>, lượng <color=Highlight>Afterflame</color> Galbrena sở hữu càng nhiều, kẻ địch càng chịu nhiều sát thương từ <color=Highlight>các chiêu cường hóa khác nhau</color>.",C?n ti?ng Anh nghi v?n: Afterflame; Demon; Flame; Galbrena; Hypostasis; Purging; Sinflame | S? t?/c?m nghi v?n: 10 | T? l? nghi v?n: 0.769 | M?c ??: 34.69
"Casting <color=Highlight>Foreclaiming: Inward Vision</color> causes Hiyuki to enter <color=Highlight>Foreclaimed Self</color>. While in <color=Highlight>Foreclaimed Self</color>, Hiyuki unlocks new moves and restores <color=Highlight>Frostheart</color> through certain attacks.","Khi sử dụng <color=Highlight>Foreclaiming: Inward Vision</color>, Hiyuki sẽ bước vào trạng thái <color=Highlight>Foreclaimed Self</color>. Trong trạng thái <color=Highlight>Foreclaimed Self</color>, Hiyuki mở khóa các động tác mới và phục hồi <color=Highlight>Frostheart</color> thông qua một số đòn tấn công nhất định.",C?n ti?ng Anh nghi v?n: Foreclaimed; Foreclaiming; Frostheart; Hiyuki; Inward; Self; Vision | S? t?/c?m nghi v?n: 10 | T? l? nghi v?n: 0.769 | M?c ??: 34.69
"This enemy has a <color=HighlightB>higher RES</color> to <color=Fire>Fusion DMG</color>.

A dragon-like Tacet Discord that haunts the peak of Penitent's End for an unknown reason, devouring all frequencies indiscriminately. Twisted by the frequencies of decay and death it consumes, it now appears as a dreadful, skeletal beast.

Once a sacred place, this island is now a grave of sorrow, and anyone who comes for redemption must face its fire of judgment.

Such is Gehinom, the Dragon of Dirge, whose flames burn to the bone, whose pain echoes, yearning for a final release.","Kẻ địch này có <color=HighlightB>higher RES</color> với <color=Fire>Fusion DMG</color>.

Một Discord hình rồng ẩn náu trên đỉnh Penitent's End vì lý do bí ẩn, nuốt chửng mọi tần số không phân biệt. Bị vặn xoắn bởi những tần số của sự mục nát và cái chết mà nó hấp thụ, giờ đây nó hiện lên như một quái thú khủng khiếp với bộ xương trần trụi.

Nơi từng là thánh địa nay đã trở thành nấm mồ của đau thương, và bất cứ ai đến tìm sự cứu rỗi đều phải đối mặt với ngọn lửa phán xét của nó.

Đó chính là Gehinom, Dragon Than Khóc, ngọn lửa của nó thiêu đốt đến tận xương tủy, nỗi đau vang vọng, khao khát một sự giải thoát cuối cùng.",C?n ti?ng Anh nghi v?n: Discord; Dragon; End; Gehinom; higher; Penitent's; RES | S? t?/c?m nghi v?n: 7 | T? l? nghi v?n: 0.467 | M?c ??: 34.67
"Hold <color=Highlight>Basic Attack</color> in mid-air to perform Mid-air Plunging Attack at the cost of STA, dealing <color=Fire>Fusion DMG</color> and charging up <color=Highlight>Resonance Liberation - Breakdown Form</color>.
Consume <color=Highlight>Void Particle</color> to increase the skill DMG.","Giữ <color=Highlight>Basic Attack</color> giữa không trung để thực hiện Đòn Lao Xuống từ trên không, tiêu hao STA, gây <color=Fire>Fusion DMG</color> và nạp <color=Highlight>Resonance Liberation - Breakdown Form</color>.
Tiêu hao <color=Highlight>Void Particle</color> để tăng sát thương kỹ năng.",C?n ti?ng Anh nghi v?n: Attack; Basic; Breakdown; Form; Liberation; Particle; Void | S? t?/c?m nghi v?n: 7 | T? l? nghi v?n: 0.467 | M?c ??: 34.67
"Enemies gain the following effect: Queen of the Night's <color=#b72924ff>ATK is increased by 10%</color>. This effect is stackable.

<color=#5cc96aff>Defeating an enemy</color> grants nearby Resonators in the team <color=#5cc96aff>80% DMG Bonus</color> for <color=#5cc96aff>5</color>s.","Kẻ địch nhận hiệu ứng sau: <color=#b72924ff>ATK is increased by 10%</color>. Hiệu ứng có thể chồng chất.

<color=#5cc96aff>Defeating an enemy</color> sẽ ban cho Resonators gần đó trong đội <color=#5cc96aff>80% DMG Bonus</color> trong <color=#5cc96aff>5</color> giây.",C?n ti?ng Anh nghi v?n: an; Bonus; by; Defeating; enemy; increased; is | S? t?/c?m nghi v?n: 7 | T? l? nghi v?n: 0.467 | M?c ??: 34.67
"The competition does not end when you're downed in the Challenge Zone, but your Glory Level will decrease to the number of your <color=#ffd12f>Trial Level</color>. However, you will gain a Hunt Points bonus, which remains in effect until your Glory Level recovers to the highest level you've ever achieved. Please take note of this when fighting tough opponents.

You can gain Trial Points by occupying Banners of Conquest. Trial Points will increase your Trial Level, which will only be effective in this competition and does not reset when you are downed.","Thử thách không kết thúc khi cậu bị hạ gục trong Khu Vực Thi Đấu, nhưng Cấp Độ Glory của cậu sẽ giảm xuống bằng với <color=#ffd12f>Trial Level</color>. Tuy nhiên, cậu sẽ nhận được thêm Points Săn, và phần thưởng này sẽ tiếp tục có hiệu lực cho đến khi Cấp Độ Glory của cậu phục hồi về mức cao nhất từng đạt được. Hãy lưu ý điều này khi đối đầu với những đối thủ mạnh nhé.

Cậu có thể kiếm Points Trial bằng cách chiếm giữ các Cờ Chinh Phục. Points Trial sẽ tăng Cấp Độ Trial của cậu, chỉ có hiệu lực trong cuộc thi này và không bị reset khi cậu bị hạ gục.",C?n ti?ng Anh nghi v?n: Glory; Level; Points; reset; Trial | S? t?/c?m nghi v?n: 11 | T? l? nghi v?n: 0.458 | M?c ??: 34.58
"""...!""

Chisa jolted awake from the nightmare, cold sweat soaking her back. In a daze, her side still throbbed with a sharp, phantom pain that clawed at her nerves.

But her flesh was unbroken, unlike in the dream. Drawing a deep breath, she pressed a hand to her chest, trying to calm the frantic pounding of her heart.

It had been two months since she was trapped in Honami. Her body was slowly adjusting to the endless loop day after day, but each night the nightmares dragged her soul deeper into the abyss.

She turned her head toward the sofa. Sumika lay fast asleep, one hand slipping from the cushion, the other resting beside an open notebook scrawled with numbers and scribbled notes.

Outside, the rain fell in relentless torrents.

By the time Sumika woke up, dusk had already descended. The storm had weakened. Faint stars dotted the ink-blue sky, like silver nails scattered carelessly across the cold night. Still yawning, she followed Chisa into a convenience store. While Chisa carefully gathered food and supplies from the shelves, she turned to find Sumika absorbed in the flickering sign overhead, notebook and pen already in hand.

""Chisa, look at this—"" she whispered, voice brimming with restrained excitement. ""It's just the same as last time! The time, the flicker rate... Everything matches! If we can just gather a few more samples... these data will let us uncover the pattern behind the loop!""

Catching the brightness in her eyes, Chisa unconsciously clenched her fists. In her palm lingered the sensation of yesterday's cut when she severed the Tacet Discords' threads, a cold shiver, like the snapping of silk.

Whenever she drew her scissors and used her Forte, crimson lines surfaced in her vision—the threads of life, visible only to her. Unlike the warmth of human veins, these threads reeked of decay. They pursued the Left Behind, tearing them apart and dragging those fragile lives into yet another loop alongside the Lament.

Chisa studied her reflection on the window: a face calm, almost pale, but with a single ember still burning in her eyes.

Yesterday, here in this very store, she had crossed paths with the same girl again. The one she met every loop, who always shared her snacks so earnestly, never once realizing that she bore the iridescent glow of the Left Behind. Perhaps it was that fragile but unyielding kindness that kept Chisa from accepting that this city had been forever imprisoned in the past.

The night stretched long, but dawn would always come.

When the first light finally broke through the leaden clouds, she thought she could hear the trembling hum of threads. Pressing her hand to her chest, Chisa knew that when the next loop began, everything would reset once again.

But that was fine.

As long as the scissors remained in her grasp, as long as the fragments of warmth had not been completely forgotten...

She would keep walking forward until the day she could finally cut through the nightmare and sever the snare.","""...!""

Chisa giật mình tỉnh giấc khỏi cơn ác mộng, mồ hôi lạnh ướt đẫm lưng. Trong cơn mơ hồ, bên sườn cô vẫn đau nhói như có bàn tay vô hình xé toạc dây thần kinh.

Nhưng da thịt cô vẫn lành lặn, không như trong giấc mơ. Hít một hơi sâu, cô áp tay lên ngực, cố trấn tĩnh nhịp tim đập loạn xạ.

Đã hai tháng kể từ khi bị mắc kẹt ở Honami. Cơ thể cô dần thích nghi với vòng lặp vô tận ngày qua ngày, nhưng mỗi đêm, những cơn ác mộng lại kéo linh hồn cô chìm sâu hơn vào vực thẳm.

Cô quay đầu về phía sofa. Sumika đang say giấc, một tay tuột khỏi gối, tay kia đặt bên cuốn sổ mở toang với những con số và ghi chú nguệch ngoạc.

Bên ngoài, mưa rơi không ngừng.

Khi Sumika thức dậy, màn đêm đã buông xuống. Cơn bão đã yếu đi. Những vì sao mờ nhạt lốm đốm trên bầu trời xanh thẫm, như những chiếc đinh bạc vương vãi trên đêm lạnh.

Vẫn còn ngái ngủ, cô theo Chisa vào một cửa hàng tiện lợi. Trong khi Chisa cẩn thận lấy đồ ăn và nhu yếu phẩm từ kệ, cô quay lại thấy Sumika đang chăm chú nhìn biển hiệu nhấp nháy phía trên, tay đã cầm sẵn sổ và bút.

""Chisa, nhìn này—"" cô thì thầm, giọng tràn ngập hứng khởi kìm Dodgen. ""Giống hệt lần trước! Thời gian, tần số nhấp nháy... Tất cả đều khớp! Nếu thu thập thêm vài mẫu nữa... dữ liệu này sẽ giúp ta tìm ra quy luật đằng sau vòng lặp!""

Nhìn thấy ánh mắt rực sáng của cô, Chisa vô thức siết chặt tay. Trong lòng bàn tay vẫn còn cảm giác đau rát từ vết cắt hôm qua, khi cô cắt đứt những sợi dây Tacet Discord, một cơn ớn lạnh như tơ bị đứt lìa.

Mỗi khi rút kéo và sử dụng Forte, những đường đỏ thẫm lại hiện ra trong tầm mắt—những sợi dây sinh mệnh, chỉ có cô nhìn thấy. Không giống như mạch máu ấm áp của con người, những sợi dây này mang mùi thối rữa. Chúng săn đuổi những kẻ Bị Bỏ Lại, xé nát họ và kéo những sinh mệnh mỏng manh ấy vào vòng lặp mới cùng với Lament.

Chisa nhìn bóng mình trên cửa kính: một gương mặt bình thản, gần như nhợt nhạt, nhưng trong đôi mắt vẫn còn một tia lửa âm ỉ.

Yesterday, ngay tại cửa hàng này, cô lại gặp cô gái ấy một lần nữa. Người cô gặp mỗi vòng lặp, luôn chia sẻ đồ ăn một cách chân thành, không hề biết mình mang ánh sáng lấp lánh của kẻ Bị Bỏ Lại. Có lẽ chính sự tử tế mỏng manh nhưng không chịu khuất phục ấy đã khiến Chisa không thể chấp nhận rằng thành phố này đã bị giam cầm trong quá khứ mãi mãi.

Đêm dài đằng đẵng, nhưng bình minh rồi sẽ đến.

Khi ánh sáng đầu tiên xuyên qua những đám mây chì, cô tưởng như nghe thấy tiếng rung động run rẩy của những sợi dây. Áp tay lên ngực, Chisa biết rằng khi vòng lặp tiếp theo bắt đầu, mọi thứ sẽ lại trở về con số không.

Nhưng không sao cả.

Chừng nào còn nắm kéo trong tay, chừng nào những mảnh vỡ ấm áp chưa bị lãng quên hoàn toàn...

Cô sẽ tiếp tục bước đi cho đến ngày có thể cắt đứt cơn ác mộng và chặt đứt cái bẫy này.",C?n ti?ng Anh nghi v?n: Chisa; Honami; sofa; Sumika; Yesterday | S? t?/c?m nghi v?n: 14 | T? l? nghi v?n: 0.157 | M?c ??: 34.57
"<color=#c49e55>[Special Enhancement]</color> After ""Silver Awls"" or ""Silver Kernels"" hit the target, there is a 20% chance to generate 1 ""Polyphone"" that lasts for 5s. Up to 3 ""Polyphone"" can exist at the same time. ""Polyphones"" grant a random buff effect when picked up;
In addition, there is a small chance for ""Enhanced Polyphones"" to appear, which may grant unexpected consequences when picked up.","<color=#c49e55>[Special Enhancement]</color> Sau khi ""Silver Awls"" hoặc ""Silver Kernels"" trúng mục tiêu, có 20% cơ hội tạo ra 1 ""Polyphone"" tồn tại trong 5 giây. Tối đa 3 ""Polyphone"" có thể tồn tại đồng thời. ""Polyphone"" sẽ cấp một hiệu ứng buff ngẫu nhiên khi nhặt;
Ngoài ra, cũng có khả năng xuất hiện ""Enhanced Polyphone"", có thể mang lại hậu quả bất ngờ khi nhặt.",C?n ti?ng Anh nghi v?n: Awls; buff; Enhanced; Kernels; Polyphone; Silver | S? t?/c?m nghi v?n: 10 | T? l? nghi v?n: 0.556 | M?c ??: 34.56
"<color=#c49e55>[Special Enhancement]</color> After ""Silver Awls"" or ""Silver Kernels"" hit the target, there is a {0} chance to generate {1} ""Polyphone"" that lasts for {2}s. Up to {3} ""Polyphone"" can exist at the same time. ""Polyphones"" grant a random buff effect when picked up;
In addition, there is a small chance for ""Enhanced Polyphones"" to appear, which may produce unexpected outcome when picked up.","<color=#c49e55>[Special Enhancement]</color> Sau khi ""Silver Awls"" hoặc ""Silver Kernels"" trúng mục tiêu, có {0}% cơ hội tạo ra {1} ""Polyphone"" tồn tại trong {2} giây. Tối đa {3} ""Polyphone"" có thể tồn tại đồng thời. ""Polyphone"" sẽ cấp một hiệu ứng buff ngẫu nhiên khi nhặt;
Ngoài ra, cũng có khả năng xuất hiện ""Enhanced Polyphone"", có thể mang lại kết quả bất ngờ khi nhặt.",C?n ti?ng Anh nghi v?n: Awls; buff; Enhanced; Kernels; Polyphone; Silver | S? t?/c?m nghi v?n: 10 | T? l? nghi v?n: 0.556 | M?c ??: 34.56
"Normal Attack, Resonance Skill and Intro Skill recover Forte Gauge on hit","Normal Attack, Resonance Skill và Intro Skill hồi phục Thanh Forte khi trúng mục tiêu",C?n ti?ng Anh nghi v?n: Attack; Intro; Normal; Skill | S? t?/c?m nghi v?n: 5 | T? l? nghi v?n: 0.556 | M?c ??: 34.56
"Normal Attack, Resonance Skill and Intro Skill recover Forte Gauge on hit","Normal Attack, Resonance Skill và Intro Skill hồi phục Thanh Forte khi trúng mục tiêu",C?n ti?ng Anh nghi v?n: Attack; Intro; Normal; Skill | S? t?/c?m nghi v?n: 5 | T? l? nghi v?n: 0.556 | M?c ??: 34.56
"Normal Attack, Resonance Skill and Intro Skill recover Forte Gauge on hit","Normal Attack, Resonance Skill và Intro Skill hồi phục Thanh Forte khi trúng mục tiêu",C?n ti?ng Anh nghi v?n: Attack; Intro; Normal; Skill | S? t?/c?m nghi v?n: 5 | T? l? nghi v?n: 0.556 | M?c ??: 34.56
"Recover Forte Gauge for Basic Attack, Heavy Attack or Resonance Skill on hit","Hồi phục Thanh Forte khi Basic Attack, Heavy Attack hoặc Resonance Skill trúng mục tiêu",C?n ti?ng Anh nghi v?n: Attack; Basic; Heavy; Skill | S? t?/c?m nghi v?n: 5 | T? l? nghi v?n: 0.556 | M?c ??: 34.56
"Normal Attack, Resonance Skill and Intro Skill recover Forte Gauge on hit","Normal Attack, Resonance Skill và Intro Skill hồi phục Thanh Forte khi trúng mục tiêu",C?n ti?ng Anh nghi v?n: Attack; Intro; Normal; Skill | S? t?/c?m nghi v?n: 5 | T? l? nghi v?n: 0.556 | M?c ??: 34.56
"<color=#c49e55>[Forte Circuit]</color> Casting Heavy Attack - Scarlet Coda grants enhanced effects.
Damage dealt by Basic Attack - Movement of Fate and Finality and Resonance Skill - Murmurs in a Haunting Dream are increased.","<color=#c49e55>[Forte Circuit]</color> Sử dụng Heavy Attack - Khúc Kết Đỏ Thẫm sẽ kích hoạt hiệu ứng tăng cường.
Sát Thương gây ra bởi Basic Attack - Vận Mệnh và Kết Cục cùng Resonance Skill - Lời Thì Thầm Trong Giấc Mộng Kinh Hoàng sẽ được tăng lên.",C?n ti?ng Anh nghi v?n: Attack; Basic; Heavy; Skill | S? t?/c?m nghi v?n: 5 | T? l? nghi v?n: 0.556 | M?c ??: 34.56
"After casting certain skills, Iuno's Resonance Skill is replaced with Closing Refrain for 5s.
Casting Closing Refrain unleashes a flurry of strikes, dealing <color=Wind>Aero DMG</color>, and activates the <color=Highlight>Lunar Cycle</color> state.
Iuno enters <color=Highlight>Lunar Cycle - Half Moon</color> first by default, during which she attacks with <color=Highlight>Moonring</color> to restore Forte Gauge.","Sau khi sử dụng một số kỹ năng nhất định, Resonance Skill của Iuno sẽ được thay thế bằng Khúc Kết trong 5 giây.
Sử dụng Khúc Kết sẽ tung ra hàng loạt đòn tấn công, gây <color=Wind>Aero DMG</color> và kích hoạt trạng thái <color=Highlight>Lunar Cycle</color>.
Iuno mặc định sẽ bước vào <color=Highlight>Lunar Cycle - Half Moon</color>, trong đó cô tấn công bằng <color=Highlight>Moonring</color> để hồi phục Thanh Forte.",C?n ti?ng Anh nghi v?n: Cycle; Half; Iuno; Lunar; Moon; Moonring; Skill | S? t?/c?m nghi v?n: 10 | T? l? nghi v?n: 0.455 | M?c ??: 34.55
"Crit. DMG is increased by 20%. When Resonators cast Intro Skill, they gain 30% Resonance Liberation DMG Bonus and Heavy Attack DMG Bonus for 15s.","Crit. DMG tăng 20%. Khi Resonators sử dụng Intro Skill, họ sẽ nhận thêm 30% Tăng Sát Thương Resonance Liberation và Tăng Sát Thương Heavy Attack trong 15 giây.",C?n ti?ng Anh nghi v?n: Attack; Heavy; Intro; Liberation; Skill | S? t?/c?m nghi v?n: 5 | T? l? nghi v?n: 0.455 | M?c ??: 34.55
"Crit. DMG is increased by 25%. When Resonators cast Intro Skill, they gain 40% Heavy Attack DMG Bonus and Resonance Liberation DMG Bonus for 20s.","Crit. DMG tăng 25%. Khi Resonators sử dụng Intro Skill, họ sẽ nhận thêm 40% Tăng Sát Thương Heavy Attack và Tăng Sát Thương Resonance Liberation trong 20 giây.",C?n ti?ng Anh nghi v?n: Attack; Heavy; Intro; Liberation; Skill | S? t?/c?m nghi v?n: 5 | T? l? nghi v?n: 0.455 | M?c ??: 34.55
The central area is called Realm of Spear. It <color=Highlight>increases Resonators' damage to shielded enemies</color>,Khu vực trung tâm gọi là Lĩnh Vực Thương. Nó <color=Highlight>increases Resonators' damage to shielded enemies</color>,C?n ti?ng Anh nghi v?n: damage; enemies; increases; Resonators'; shielded; to | S? t?/c?m nghi v?n: 6 | T? l? nghi v?n: 0.75 | M?c ??: 34.5
"When Concerto Energy is full, Iuno can cast <color=Highlight>Heavy Attack - Absolute Fullness</color>.","Khi Concerto Energy đầy, Iuno có thể sử dụng <color=Highlight>Heavy Attack - Absolute Fullness</color>.",C?n ti?ng Anh nghi v?n: Absolute; Attack; Energy; Fullness; Heavy; Iuno | S? t?/c?m nghi v?n: 6 | T? l? nghi v?n: 0.75 | M?c ??: 34.5
"Hold Normal Attack to enter the Absolution status, dealing greater damage.
Hold Resonance Skill to enter the Confession status, applying Spectro Frazzle to targets hit.","Giữ Normal Attack để vào trạng thái Absolution, gây sát thương lớn hơn.
Giữ Resonance Skill để vào trạng thái Confession, áp dụng Spectro Frazzle lên mục tiêu trúng đòn.",C?n ti?ng Anh nghi v?n: Absolution; Attack; Confession; Frazzle; Normal; Skill | S? t?/c?m nghi v?n: 6 | T? l? nghi v?n: 0.75 | M?c ??: 34.5
"When <color=Highlight>Fleurdelys</color> has <color=Highlight>Mandate of Divinity</color> in <color=Highlight>Manifest</color>:
<color=Wind>Aero Erosion</color> DMG is Amplified by 50% and its damage interval is decreased by 50% for enemies within a certain distance from <color=Highlight>Fleurdelys</color>.
<color=Highlight>Mandate of Divinity</color> is removed when <color=Highlight>Manifest</color> ends.","Khi <color=Highlight>Fleurdelys</color> đang trong trạng thái <color=Highlight>Mandate of Divinity</color> với <color=Highlight>Manifest</color>:
<color=Wind>Aero Erosion</color> sẽ được Khuếch Đại 50% sát thương và giảm 50% khoảng thời gian gây sát thương đối với kẻ địch trong một khoảng cách nhất định từ <color=Highlight>Fleurdelys</color>.
<color=Highlight>Mandate of Divinity</color> sẽ bị loại bỏ khi <color=Highlight>Manifest</color> kết thúc.",C?n ti?ng Anh nghi v?n: Divinity; Erosion; Fleurdelys; Mandate; Manifest; of | S? t?/c?m nghi v?n: 11 | T? l? nghi v?n: 0.647 | M?c ??: 34.47
"Casting Intro Skill recovers Forte Gauge.
Hitting a target with Normal Attacks and Vining Waltz consumes Forte Gauge.","Kích hoạt Intro Skill sẽ hồi phục Thanh Forte.
Tấn công mục tiêu bằng Normal Attack và Vining Waltz sẽ tiêu hao Thanh Forte.",C?n ti?ng Anh nghi v?n: Attack; Intro; Normal; Skill; Vining; Waltz | S? t?/c?m nghi v?n: 6 | T? l? nghi v?n: 0.545 | M?c ??: 34.45
"<color=#c49e55>[Forte Circuit]</color> Mid-Air Attacks deal additional Electro Damage to enemies with ""Punishment Mark"". The amount is equal to that of Resonance Liberation. This has a {0}s cooldown. This cooldown is reset when Chameleon Cipher is cast.","<color=#c49e55>[Forte Circuit]</color> Đòn tấn công giữa không khí gây thêm Electro Damage lên kẻ địch mang ""Dấu Trừng Phạt"". Lượng Sát Thương này tương đương với Resonance Liberation. Hiệu ứng này có Cooldown chiêu {0} giây. Cooldown chiêu sẽ được đặt lại khi thi triển Chameleon Cipher.",C?n ti?ng Anh nghi v?n: Chameleon; Cipher; Cooldown; Damage; Liberation | S? t?/c?m nghi v?n: 6 | T? l? nghi v?n: 0.545 | M?c ??: 34.45
"Miscellaneous Records of <te href=260009>Mingting</te>'s <te href=260002>Ministry of Sentinel Affairs</te>: Correspondence Collection

…In my recent observations over the past few days, it appears less that he refuses to employ his Forte and more that he consciously restrains himself from using it. Regarding the nature of the ability itself, he remains decidedly reserved. Only from the Academy's report may one glean a few particulars:

<i>Test subject waveform analysis presents an elliptical oscillation. Time-domain readings are stable, with no anomalous patterns observed.
Resonant Criticality: High. Stability is high with no risk of <te href=850073>Overclocking</te>. 
No prior history of Overclocking. Psychological intervention is deemed unnecessary.
Note: The subject admits to repeated offenses involving violent breaches of the law, though his demeanor was notably composed. It is recommended that these claims should be verified by the Ministry of Justice and local authorities in Chongzhou.</i>

…Yet, in my own assessment, this man harbors no murderous intent. His composure is unwavering, his demeanor steady. His swordsmanship is among the finest, and few in all of Mingting could rival him. He could have been a remarkable asset to the <te href=260001>Internal Security Agency</te>. That such an individual is listed in the Justice Commission's dossiers as a perpetrator of unlawful violence is difficult to believe. I have already communicated with the Ministry of Rites, outlining the advantages and implications of recruiting said individual. Should you wish to employ this man, I expect no obstacle shall arise on that account.

Dongyuan's annotation: Naturally, the steadier the better. But judging from this report... isn't this lad a little too devoid of emotion?","Ghi Chép Lặt Vặt Của <te href=260009>Mingting</te> - <te href=260002>Ministry of Sentinel Affairs</te>: Tuyển Tập Thư Tín

…Qua quan sát mấy ngày gần đây, ta thấy hắn không phải là không thể sử dụng Forte của mình, mà là cố tình kiềm chế không dùng. Về bản chất khả năng đó, hắn vẫn giữ kín như bưng. Chỉ từ báo cáo của Học Viện mới có thể rút ra vài chi tiết:

<i>Phân tích dạng sóng đối tượng cho thấy dao động hình elip. Dữ liệu miền thời gian ổn định, không phát hiện bất thường.
Độ Tới Hạn Cộng Hưởng: High. Độ ổn định cao, không có nguy cơ <te href=850073>Overclocking</te>.
Chưa từng có tiền sử Quá Tải. Can thiệp tâm lý được đánh giá là không cần thiết.
Ghi chú: Đối tượng thừa nhận đã nhiều lần vi phạm pháp luật với hành vi bạo lực, nhưng thái độ lại bình thản đến đáng ngờ. Đề nghị Bộ Tư Pháp và chính quyền địa phương Trùng Châu xác minh lại những cáo buộc này.</i>

…Nhưng theo đánh giá của ta, gã này không hề có ý đồ sát hại. Thái độ của hắn điềm tĩnh đến mức đáng kinh ngạc, phong thái vững vàng. Kỹ năng kiếm thuật của hắn thuộc hàng xuất sắc, ít người ở Mingting có thể sánh bằng. Hắn đáng lẽ đã có thể trở thành một tài sản quý giá cho <te href=260001>Internal Security Agency</te>. Thật khó tin khi một cá nhân như vậy lại bị Ủy Ban Tư Pháp liệt vào danh sách tội phạm bạo lực. Ta đã liên lạc với Bộ Lễ Nghĩa, trình bày rõ lợi ích và ý nghĩa của việc chiêu mộ hắn. Nếu ngài muốn sử dụng người này, ta tin sẽ không gặp trở ngại nào.

Chú thích của Đông Nguyên: Tất nhiên, càng điềm tĩnh càng tốt. Nhưng đọc báo cáo này... thằng nhóc này chẳng có chút cảm xúc nào à?",C?n ti?ng Anh nghi v?n: Affairs; Agency; High; Internal; Mingting; Ministry; of; Overclocking; Security | S? t?/c?m nghi v?n: 10 | T? l? nghi v?n: 0.244 | M?c ??: 34.44
"Deal <color=Fire>Fusion DMG</color> and gain <color=Highlight>Interlude Applause</color> effect.
<size=10> </size>
<size=40><color=Title>Interlude Applause</color></size>
The next Mid-air Attack begins at <color=Highlight>Stage 2</color>. This effect ends when Brant lands early or is switched out.","Gây <color=Fire>Fusion DMG</color> và nhận hiệu ứng <color=Highlight>Interlude Applause</color>.
<size=10> </size>
<size=40><color=Title>Interlude Applause</color></size>
Đòn Mid-air Attack sẽ bắt đầu từ <color=Highlight>Stage 2</color>. Hiệu ứng này sẽ kết thúc khi Brant hạ cánh sớm hoặc bị thay ra.",C?n ti?ng Anh nghi v?n: air; Applause; Attack; Brant; Interlude; Mid; Stage | S? t?/c?m nghi v?n: 9 | T? l? nghi v?n: 0.643 | M?c ??: 34.43
"In this challenge:
<color=Highlight>Changli</color> remains in the <color=Highlight>True Sight</color> state.
Flight STA cost is reduced.

Key Buff: <color=Highlight>Mid-air Attack</color> summons a Meteorite on hit, dealing Fusion DMG.","Trong thử thách này:
<color=Highlight>Changli</color> duy trì trạng thái <color=Highlight>True Sight</color>.
Chi phí STA khi bay được giảm.

Buff chính: <color=Highlight>Mid-air Attack</color> triệu hồi Thiên Thạch khi trúng đích, gây Fusion DMG.",C?n ti?ng Anh nghi v?n: air; Attack; Buff; Changli; Mid; Sight; True | S? t?/c?m nghi v?n: 7 | T? l? nghi v?n: 0.438 | M?c ??: 34.38
Restore HP for all nearby party members based on {0} of the healing provided by Resonance Skill <color=Highlight>Scroll Divination</color> when Resonance Skill <color=Highlight>Antique Appraisal</color> is cast.,Restore HP cho tất cả Resonator gần đó dựa trên {0} lượng hồi phục từ Resonance Skill <color=Highlight>Scroll Divination</color> khi kích hoạt Resonance Skill <color=Highlight>Antique Appraisal</color>.,C?n ti?ng Anh nghi v?n: Antique; Appraisal; Divination; Restore; Scroll; Skill | S? t?/c?m nghi v?n: 7 | T? l? nghi v?n: 0.538 | M?c ??: 34.38
"A pillar of colorful light, a rainbow undone.
Fingertips, hands, and shoulders...
Mother faded like candlelight.
 
A dark land, the sinking plains.
Broken wood, shattered ice, wind, and snow...
We fell like lemmings into the end.
 
The Giant and ▇▇▇▇▇ at war—
The end of the plains, the end of the Old Epoch.
 
Darkness descended,
It was the roar of ▇▇▇▇▇.
 
The sun ascended,
It was the Giant's beating heart.
 
How could the rainbow light be extinguished?
How could the darkness withdraw?
How could we have survived?
 
For the Giant was here.
For the Giant was here.
For the Giant was here.
 
—An excerpt from the Royan folksong <i>For the Giant Was Here</i>
 
Despite their struggle for survival in the frostlands, the Roya found no peace. Instead, they faced the first Void Storm in their recorded history. Royan chronicles tell of a blinding radiance that pierced the ice and speared the sky. Everything touched by that storm was consumed, stripped of substance, and erased from the world.
 
It was this calamity that triggered the unprecedented collapse of the frostlands, catapulting the ancestors of the Roya into a vast, subterranean cavern. Yet within that endless darkness, a rumbling Reactor Drive rose like a new dawn, for the Exostrider had plucked its own Core and set it alight to become the sun of this underworld.
 
As for ▇▇▇▇▇, the foe who once waged war against the Exostrider, the ancient records offer only fragments. Perhaps, to the Roya, the terror of their enemy mattered less than the sacrifice of the one who shielded them.","Một cột ánh sáng muôn màu, cầu vồng tan tác.
Đầu ngón tay, bàn tay, bờ vai...
Mẹ tan như ánh nến.
 
Vùng đất tối tăm, đồng bằng chìm sâu.
Gỗ vỡ, băng tan, gió và tuyết...
Ta ngã xuống như đàn lemming vào ngày tận thế.
 
Người Khổng Lồ và ▇▇▇▇▇ giao tranh—
Ngày tàn của đồng bằng, ngày tàn của Kỷ Nguyên Cũ.
 
Bóng tối buông xuống,
Đó là tiếng gầm của ▇▇▇▇▇.
 
Mặt trời mọc lên,
Đó là trái tim đập của Người Khổng Lồ.
 
Làm sao ánh cầu vồng có thể tắt?
Làm sao bóng tối có thể rút lui?
Làm sao chúng ta có thể sống sót?
 
Vì Người Khổng Lồ đã ở đây.
Vì Người Khổng Lồ đã ở đây.
Vì Người Khổng Lồ đã ở đây.
 
—Trích đoạn dân ca Royan *Vì Người Khổng Lồ Đã Ở Đây*
 
Dù vật lộn sinh tồn trong vùng băng giá, người Roya vẫn không tìm được bình yên. Thay vào đó, họ phải đối mặt với Cơn Void Storm đầu tiên trong lịch sử được ghi chép. Biên niên sử Royan kể về một luồng sáng chói lòa xuyên qua lớp băng, đâm thẳng lên trời. Mọi thứ bị cơn bão ấy chạm đến đều bị thiêu rụi, mất đi hình hài và bị xóa sổ khỏi thế gian.
 
Chính thảm họa này đã gây ra sự sụp đổ chưa từng có của vùng băng giá, đẩy tổ tiên người Roya vào một hang động ngầm rộng lớn. Thế nhưng, trong bóng tối vô tận ấy, một động cơ Reactor Drive rung chuyển đã mọc lên như bình minh mới, khi Exostrider tự rút lấy Core của mình và thắp sáng nó thành mặt trời của thế giới ngầm này.
 
Còn về ▇▇▇▇▇, kẻ thù từng giao chiến với Exostrider, những ghi chép cổ xưa chỉ còn lại những mảnh vụn. Có lẽ, với người Roya, nỗi kinh hoàng về kẻ thù kia không quan trọng bằng sự hy sinh của người đã che chở cho họ.",C?n ti?ng Anh nghi v?n: Core; Drive; Exostrider; Reactor; Roya; Royan; Storm; Void | S? t?/c?m nghi v?n: 12 | T? l? nghi v?n: 0.235 | M?c ??: 34.35
"Evaluation Basis: [Resonance Assessment 1541-G]
 
Resonator Jianxin experienced her Awakening 3 years ago. The Awakening was not triggered by any event and thus is observed as a Natural Awakening.
 
Resonator Jianxin's <te href=850072>Tacet Mark</te> is located on her left shoulder. Post-Awakening observations found no notable physical change.
 
Jianxin's Forte allows her to enhance her attacks by manipulating airflow and creating force fields. Evaluation revealed a strike velocity of 340m/s. Details regarding the force fields remain inconclusive. Overall, Jianxin's Forte exhibits potential for further development.
 
Resonator Jianxin's Resonance Spectrum Pattern has a 5% similarity to over 10 objects and no significant similarities above 20% have been found. The source of Awakening cannot be determined at this time.
 
Analysis of test samples has revealed a non-convergent <te href=850067>Rabelle's Curve</te> with a stable rise. Occasional fluctuations within normal range have been detected. Therefore, Jianxin is identified as a <te href=850070>Natural Resonator</te>.","Cơ sở đánh giá: [Đánh Giá Resonance 1541-G]

Resonator Jianxin thức tỉnh cách đây 3 năm. Quá trình thức tỉnh không do bất kỳ sự kiện nào kích hoạt, do đó được xem là Thức Tỉnh Tự Nhiên.

<te href=850072>Tacet Mark</te> của Jianxin nằm ở vai trái. Quan sát sau thức tỉnh không ghi nhận thay đổi thể chất đáng kể.

Khả năng của Jianxin cho phép cô tăng cường đòn tấn công bằng cách thao túng luồng không khí và tạo ra trường lực. Đánh giá cho thấy tốc độ tấn công đạt 340m/s. Details về trường lực vẫn chưa thể kết luận. Nhìn chung, khả năng của Jianxin có tiềm năng phát triển hơn nữa.

Mô hình Phổ Resonance của Jianxin có 5% tương đồng với hơn 10 đối tượng và không có sự tương đồng đáng kể nào trên 20%. Nguồn gốc thức tỉnh hiện chưa thể xác định.

Phân tích mẫu thử cho thấy <te href=850067>Rabelle's Curve</te> không hội tụ với xu hướng tăng ổn định. Đôi khi xuất hiện dao động trong phạm vi bình thường. Do đó, Jianxin được xác định là <te href=850070>Natural Resonator</te>.",C?n ti?ng Anh nghi v?n: Curve; Details; Jianxin; Mark; Natural; Rabelle's; s | S? t?/c?m nghi v?n: 12 | T? l? nghi v?n: 0.333 | M?c ??: 34.33
"When Zani is not in <color=Highlight>Inferno Mode</color> and <color=Highlight>Forte Gauge 1</color> is full, consume <color=Highlight>Forte Gauge 1</color> to cast <color=Highlight>Enhanced Resonance Skill</color>, dealing <color=Light>Spectro DMG</color> and entering <color=Highlight>Sunburst</color>.","Khi Zani không ở <color=Highlight>Inferno Mode</color> và <color=Highlight>Forte Gauge 1</color> đầy, tiêu thụ <color=Highlight>Forte Gauge 1</color> để thi triển <color=Highlight>Enhanced Resonance Skill</color>, gây <color=Light>Spectro DMG</color> và bước vào trạng thái <color=Highlight>Sunburst</color>.",C?n ti?ng Anh nghi v?n: Enhanced; Gauge; Inferno; Mode; Skill; Sunburst; Zani | S? t?/c?m nghi v?n: 8 | T? l? nghi v?n: 0.533 | M?c ??: 34.33
"Attack the target and deal <color=Light>Spectro DMG</color>. The next incoming Resonator has their All DMG and Resonance Liberation DMG Amplified. Switching Resonators ends the effect early.
Casting Outro Skill exits <color=Highlight>Roller Skating Mode</color>.","Tấn công mục tiêu và gây <color=Light>Spectro DMG</color>. Resonators tiếp theo tham chiến sẽ được Khuếch Đại toàn bộ Sát Thương và Sát Thương Resonance Liberation. Chuyển đổi Resonators sẽ kết thúc hiệu ứng sớm.
Thi triển Outro Skill sẽ thoát khỏi <color=Highlight>Roller Skating Mode</color>.",C?n ti?ng Anh nghi v?n: Liberation; Mode; Outro; Roller; Skating; Skill | S? t?/c?m nghi v?n: 6 | T? l? nghi v?n: 0.429 | M?c ??: 34.29
"In <color=Highlight>Aureate Judge</color>, Resonance Skill <color=Highlight>Aureole of Execution</color> gains DMG Multiplier increase. Each time it's cast, 100 points of Ichor Flow are consumed.","Trong <color=Highlight>Aureate Judge</color>, Resonance Skill <color=Highlight>Aureole of Execution</color> được tăng hệ số sát thương. Mỗi lần sử dụng sẽ tiêu hao 100 điểm Flow Ichor.",C?n ti?ng Anh nghi v?n: Aureate; Aureole; Execution; Flow; Ichor; Judge; of; Skill | S? t?/c?m nghi v?n: 8 | T? l? nghi v?n: 0.727 | M?c ??: 34.27
All team members have their Heavy Attack DMG increased by 50% and will not be downed during the challenge. Hitting a target with Heavy Attack recovers 10 Concerto Energy.,Tất cả thành viên trong đội được tăng 50% Sát Thương Heavy Attack và không thể bị hạ gục trong thử thách. Đánh trúng mục tiêu bằng Heavy Attack sẽ hồi 10 Concerto Energy.,C?n ti?ng Anh nghi v?n: Attack; Energy; Heavy | S? t?/c?m nghi v?n: 5 | T? l? nghi v?n: 0.625 | M?c ??: 34.25
Casting Resonance Liberation instantly resets Resonance Liberation Cooldown and restores all Resonance Energy. Cooldown: {0}s.,Kích hoạt Resonance Liberation lập tức đặt lại Cooldown chiêu Resonance Liberation và hồi toàn bộ Resonance Energy. Cooldown chiêu: {0} giây.,C?n ti?ng Anh nghi v?n: Cooldown; Energy; Liberation | S? t?/c?m nghi v?n: 5 | T? l? nghi v?n: 0.625 | M?c ??: 34.25
"<color=#c49e55>[Basic Attack]</color>
Mid-air Attack doesn't consume STA, and Basic Attack recovers Resonance Energy and increases ATK.","<color=#c49e55>[Basic Attack]</color>
Đòn Attack trên không không tiêu hao STA, và Basic Attack hồi phục Resonance Energy cũng như tăng Attack.",C?n ti?ng Anh nghi v?n: Attack; Basic; Energy | S? t?/c?m nghi v?n: 5 | T? l? nghi v?n: 0.625 | M?c ??: 34.25
"<color=#c49e55>[Resonance Skill]</color>
Resonance Skill gains special enhancements. Casting Heavy Attack or Resonance Skill increases ATK.","<color=#c49e55>[Resonance Skill]</color>
Resonance Skill được tăng cường đặc biệt. Thi triển Heavy Attack hoặc Resonance Skill sẽ tăng Attack.",C?n ti?ng Anh nghi v?n: Attack; Heavy; Skill | S? t?/c?m nghi v?n: 5 | T? l? nghi v?n: 0.625 | M?c ??: 34.25
"<color=#c49e55>[Heavy Attack]</color> Gain a significant Heavy Attack DMG Bonus. Casting Resonance Liberation empowers the next Heavy Attack: ""Chaoscleave"" to restore extra HP.","<color=#c49e55>[Heavy Attack]</color> Nhận thêm lượng lớn Sát Thương Heavy Attack. Sử dụng Resonance Liberation sẽ tăng cường đòn Heavy Attack tiếp theo: ""Cắt Đôi Hỗn Loạn"" để phục hồi thêm HP.",C?n ti?ng Anh nghi v?n: Attack; Heavy; Liberation | S? t?/c?m nghi v?n: 5 | T? l? nghi v?n: 0.625 | M?c ??: 34.25
"Take This - Normal Attack: {0}{0}{0}{0}
Take This - Heavy Attack: Hold {0} then release
Take This - Midair Attack: Continuously tap {0} in midair","Normal Attack: {0}{0}{0}{0}
Heavy Attack: Giữ {0} rồi thả
Mid-air Attack: Nhấn liên tục {0} khi đang ở trên không",C?n ti?ng Anh nghi v?n: Attack; Heavy; Normal | S? t?/c?m nghi v?n: 5 | T? l? nghi v?n: 0.625 | M?c ??: 34.25
"Taoqi deals <color=Dark>Havoc DMG</color>, heals herself, and generates {0} Rocksteady Shield(s).
If attacked when casting <color=Highlight>Fortified Defense</color>, Taoqi will automatically cast <color=Highlight>Strategic Parry</color>.
<size=10></size>
<size=40><color=Title>Rocksteady Shield</color></size>
When the incoming Resonator in your team is attacked, {1} <color=Highlight>Rocksteady Shield</color> is consumed to reduce the damage taken.","Taoqi gây <color=Dark>Havoc DMG</color>, hồi phục cho bản thân và tạo ra {0} Shield Đá Vững Chắc.
Nếu bị tấn công khi đang thi triển <color=Highlight>Fortified Defense</color>, Taoqi sẽ tự động kích hoạt <color=Highlight>Strategic Parry</color>.
<size=10></size>
<size=40><color=Title>Rocksteady Shield</color></size>
Khi Resonator trong đội bị tấn công, {1} <color=Highlight>Rocksteady Shield</color> sẽ được tiêu hao để giảm sát thương nhận vào.",C?n ti?ng Anh nghi v?n: Defense; Fortified; Parry; Rocksteady; Shield; Strategic; Taoqi | S? t?/c?m nghi v?n: 11 | T? l? nghi v?n: 0.524 | M?c ??: 34.24
"Septimont Travel Atlas

[About]
Explore this new area to claim Astrites.

[Eligibility]
Reach Union Level 14 and complete the Main Quest ""Through the Sea Thou Break"" to unlock.

[Event Rules]
Increase Exploration Progress to claim rewards at certain points.
After the event concludes, unclaimed rewards will remain available for 30 days and will be reissued via Mail when you log in during this period.","Septimont Travel Atlas

[Giới Thiệu]
Explore khu vực mới này để thu thập Astrites.

[Điều Kiện Mở Khóa]
Đạt Cấp Liên Minh 14 và hoàn thành Nhiệm Vụ Chính ""Vượt Biển Tới Bờ"" để mở khóa.

[Event Rules]
Increase Exploration Progress để nhận phần thưởng tại các mốc nhất định.
Sau khi sự kiện kết thúc, phần thưởng chưa nhận sẽ được giữ lại trong 30 ngày và sẽ được gửi lại qua Mail khi bạn đăng nhập trong thời gian này.",C?n ti?ng Anh nghi v?n: Astrites; Atlas; Exploration; Explore; Increase; Mail; Progress; Travel | S? t?/c?m nghi v?n: 8 | T? l? nghi v?n: 0.421 | M?c ??: 34.21
"[Endstate Matrix]
In Endstate Matrix, your skills will be tested through intense combats. Confront the enemies and earn points to claim corresponding rewards.

[Eligibility]
Achieve at least 24 Crests in one phase of the Tower of Adversity and reach at least 3,500 points in one phase of the Respawning Waters: Torrents in Whimpering Wastes after 3.2 is released.

[Challenge Cycle & Phases]
Endstate Matrix progresses through Challenge Cycles. Each Challenge Cycle spans across multiple Challenge Phases, which reset with version updates. Rewards are offered independently for Challenge Cycles and Challenge Phases 

[Cycle Rewards - Doomsday Cycle]
The current Challenge Cycle is ""Doomsday Cycle"". Complete the Cycle Tasks and Challenge Tasks to earn Encrypted Data and unlock exclusive rewards. Encrypted Data will be cleared at the end of the Cycle.
- Cycle Tasks reset at the start of a new Challenge Phase. In Doomsday Cycle, you may earn up to 420 points of Encrypted Data via Cycle Tasks.
- Challenge Tasks update at each Challenge Phase and last for the duration of the Challenge Cycle. In Doomsday Cycle, you may earn 20 points of Encrypted Data via each Challenge Task and up to 180 points in total.

[Matrix]
Endstate Matrix consists of two Zones: Stability Accords and Singularity Expansion. Earn the required points in Stability Accords to unlock Singularity Expansion.

[Stability Accords]
You may deploy up to 3 teams. Defeat all enemies in one round to complete the challenge.

[Singularity Expansion]
There is no limit to the number of teams you can deploy. Defeating all enemies in a round will open the next round, with enemies growing stronger each time.

[Power Circuits]
In Endstate Matrix, you must deploy three Resonators in each team and select a Power Circuit before starting the challenge.

[Demo Resonators]
Demo Resonators are available only if you own the corresponding Resonators. Each Demo Resonator is set to Lv. 90, equipped with a Lv. 90 weapon and a fitting Echo set with Lv. 25 Echoes. They inherit the Resonance Chain from your own Resonators.

[Resonator Enhancements]
In Endstate Matrix, certain Resonators will receive special skill enhancements.

[Viral Infection]
In Singularity Expansion, enemy HP increases by each round, and stronger enemy effects will be unlocked as rounds progress.

[Vigor]
Each time a Resonator participates in a challenge, 1 point of Vigor is consumed. Resonators with 0 Vigor cannot be deployed. Vigor is calculated separately for Stability Accords and Singularity Expansion.

[Weapon & Echo Occupation]
Different Resonators cannot use the same weapon and Echo in this event. If a Resonator in the team has equipped a weapon or Echo used by another Resonator with a challenge record, you cannot start the challenge with this team.","[Ma trận Tận thế]
Trong Ma trận Tận thế, kỹ năng của ngươi sẽ được thử thách qua những trận chiến khốc liệt. Đối đầu với kẻ địch và kiếm điểm để đổi lấy phần thưởng tương ứng.

[Điều kiện tham gia]
Đạt ít nhất 24 Huy hiệu trong một giai đoạn của Tower of Adversity và đạt tối thiểu 3.500 điểm trong một giai đoạn của Dòng Nước Tái Sinh: Dòng Chảy Uất Hận tại Whimpering Wastes sau khi phiên bản 3.2 ra mắt.

[Chu kỳ & Giai đoạn thử thách]
Ma trận Tận thế tiến triển qua các Chu kỳ Thử thách. Mỗi Chu kỳ Thử thách kéo dài qua nhiều Giai đoạn Thử thách, được đặt lại khi phiên bản cập nhật. Rewards được trao riêng cho từng Chu kỳ Thử thách và Giai đoạn Thử thách.

[Rewards Chu kỳ - Chu kỳ Doomsday]
Chu kỳ Thử thách hiện tại là ""Chu kỳ Doomsday"". Hoàn thành Nhiệm vụ Chu kỳ và Nhiệm vụ Thử thách để kiếm Dữ liệu Mã hóa và mở khóa phần thưởng độc quyền. Dữ liệu Mã hóa sẽ bị xóa khi Chu kỳ kết thúc.
- Nhiệm vụ Chu kỳ sẽ được đặt lại khi bắt đầu Giai đoạn Thử thách mới. Trong Chu kỳ Doomsday, ngươi có thể kiếm tối đa 420 điểm Dữ liệu Mã hóa từ Nhiệm vụ Cycle.
- Nhiệm vụ Thử thách cập nhật theo từng Giai đoạn Thử thách và kéo dài trong suốt Chu kỳ Thử thách. Trong Chu kỳ Doomsday, mỗi Nhiệm vụ Thử thách có thể mang lại 20 điểm Dữ liệu Mã hóa, tổng cộng tối đa 180 điểm.

[Ma trận]
Ma trận Tận thế bao gồm hai Khu vực: Hiệp ước Ổn định và Mở rộng Điểm Kỳ dị. Kiếm đủ điểm yêu cầu trong Hiệp ước Ổn định để mở khóa Mở rộng Điểm Kỳ dị.

[Hiệp ước Ổn định]
Ngươi có thể triển khai tối đa 3 đội. Đánh bại tất cả kẻ địch trong một lượt để hoàn thành thử thách.

[Mở rộng Điểm Kỳ dị]
Không giới hạn số đội ngươi có thể triển khai. Đánh bại tất cả kẻ địch trong một lượt sẽ mở ra lượt tiếp theo, với kẻ địch ngày càng mạnh hơn.

[Mạch Năng lượng]
Trong Ma trận Tận thế, mỗi đội phải triển khai ba Resonators và chọn một Mạch Năng lượng trước khi bắt đầu thử thách.

[Resonators Demo]
Resonators Demo chỉ khả dụng nếu ngươi sở hữu Resonators tương ứng. Mỗi Resonators Demo được đặt ở cấp 90, trang bị vũ khí cấp 90 và bộ Echoes phù hợp với Echoes cấp 25. Họ kế thừa Chuỗi Resonance từ Resonators của ngươi.

[Resonators Enhancement]
Trong Ma trận Tận thế, một số Resonators sẽ nhận được tăng cường kỹ năng đặc biệt.

[Nhiễm Khuẩn]
Trong Mở rộng Điểm Kỳ dị, HP của kẻ địch sẽ tăng theo từng lượt, và hiệu ứng kẻ địch mạnh hơn sẽ được mở khóa khi lượt tiến triển.

[Năng lượng]
Mỗi lần một Resonators tham gia thử thách, 1 điểm Năng lượng sẽ bị tiêu hao. Resonators với 0 Năng lượng không thể được triển khai. Năng lượng được tính riêng cho Hiệp ước Ổn định và Mở rộng Điểm Kỳ dị.

[Chiếm dụng Weapon & Echoes]
Các Resonators khác nhau không thể sử dụng cùng một vũ khí và Echoes trong sự kiện này. Nếu một Resonators trong đội đã trang bị vũ khí hoặc Echoes mà Resonators khác đã sử dụng trong thử thách trước đó, ngươi không thể bắt đầu thử thách với đội này.",C?n ti?ng Anh nghi v?n: Adversity; Cycle; Demo; Doomsday; of; Rewards; Tower; Wastes; Whimpering | S? t?/c?m nghi v?n: 12 | T? l? nghi v?n: 0.119 | M?c ??: 34.19
"Counterattack increases Combat Rank's progression efficiency by {0}% for {1}s.
Rank ≥ B: Counterattack increases the DMG dealt by all team members by {2}% for {3}s.
Rank ≥ S: Counterattack resets the active Resonator's Resonance Skill Cooldown.","Counterattack tăng hiệu suất tiến trình Hạng Combat lên {0}% trong {1} giây.
Hạng ≥ B: Counterattack tăng Sát Thương của tất cả thành viên trong đội lên {2}% trong {3} giây.
Hạng ≥ S: Counterattack làm mới Cooldown chiêu Resonance Skill của Resonator đang kích hoạt.",C?n ti?ng Anh nghi v?n: B; Combat; Cooldown; Counterattack; S; Skill | S? t?/c?m nghi v?n: 8 | T? l? nghi v?n: 0.615 | M?c ??: 34.15
"<size=40><color=Title>Ripple</color></size>
Deal <color=Dark>Havoc DMG</color>.
<size=10> </size>
<size=40><color=Title>Tidal Surge</color></size>
When in <color=Highlight>Mirage</color>, <color=Highlight>Intro Skill</color> becomes <color=Highlight>Tidal Surge</color>, dealing <color=Dark>Havoc DMG</color>.","<size=40><color=Title>Ripple</color></size>
Gây <color=Dark>Havoc DMG</color>.
<size=10> </size>
<size=40><color=Title>Tidal Surge</color></size>
Khi ở trạng thái <color=Highlight>Mirage</color>, <color=Highlight>Intro Skill</color> sẽ trở thành <color=Highlight>Tidal Surge</color>, gây <color=Dark>Havoc DMG</color>.",C?n ti?ng Anh nghi v?n: Intro; Mirage; Ripple; Skill; Surge; Tidal | S? t?/c?m nghi v?n: 8 | T? l? nghi v?n: 0.615 | M?c ??: 34.15
"Clear the Void Storm Zone for the first time to earn rare Tidal Heritages.
Enemies within the Void Storm Zone respawn daily. Repeat the challenge to earn Modding EXP for your expedition motorbike.","Hoàn thành Void Storm Zone lần đầu để nhận Tidal Heritages hiếm.
Kẻ địch trong Void Storm Zone sẽ hồi sinh mỗi ngày. Lặp lại thử thách để kiếm EXP Modding cho xe máy thám hiểm của bạn.",C?n ti?ng Anh nghi v?n: EXP; Heritages; Modding; Storm; Tidal; Void; Zone | S? t?/c?m nghi v?n: 10 | T? l? nghi v?n: 0.714 | M?c ??: 34.14
"When Resonators using Sword deal Basic Attack DMG, they deal additional Basic Attack DMG equal to 80% of ATK. This effect can be triggered once every second.","Khi Resonators sử dụng Kiếm gây Sát Thương Basic Attack, họ gây thêm Sát Thương Basic Attack bằng 80% Attack. Hiệu ứng này có thể kích hoạt mỗi giây một lần.",C?n ti?ng Anh nghi v?n: Attack; Basic | S? t?/c?m nghi v?n: 5 | T? l? nghi v?n: 0.714 | M?c ??: 34.14
"[Resistance]: This enemy has a higher <color=Fire>Fusion RES</color>.

[Illusive Chord]: When transformed into Lorelei, become immune to the Dragon of Dirge's DMG, increasing the Fusion RES of all Resonators in the team by 20% for 15s. Being attacked by the Dragon of Dirge during transformation reduces its Vibration Strength.","[Kháng cự]: Kẻ địch này có <color=Fire>Fusion RES</color> cao hơn.

[Hợp Âm Ảo]: Khi biến hình thành Lorelei, miễn nhiễm với Sát Thương từ Dragon of Dirge, tăng Fusion RES của tất cả Resonators trong đội lên 20% trong 15 giây. Bị Dragon of Dirge tấn công trong quá trình biến hình sẽ giảm Độ rung của nó.",C?n ti?ng Anh nghi v?n: Dirge; Dragon; Lorelei; of; RES | S? t?/c?m nghi v?n: 9 | T? l? nghi v?n: 0.5 | M?c ??: 34.0
"This enemy has a <color=HighlightB>higher RES</color> to <color=Light>Spectro DMG</color>.

Hyvatia is Spacetrek Collective's first detection array built at Sundermere to monitor and stabilize the Reactor Drive's energy state in real time.

Its core function is to detect abnormal or dangerous energy fluctuations, perform immediate emergency calibrations, and feed this data back to the Drive to ensure stable operation.","Kẻ địch này có <color=HighlightB>higher RES</color> <color=Light>Spectro DMG</color>.

Hyvatia là hệ thống dò tìm đầu tiên của Spacetrek Collective, được xây dựng tại Sundermere để giám sát và ổn định trạng thái năng lượng của Reactor Drive theo thời gian thực.

Chức năng cốt lõi của nó là phát hiện các dao động năng lượng bất thường hoặc nguy hiểm, hiệu chỉnh khẩn cấp ngay lập tức, và truyền dữ liệu này về Drive để đảm bảo hoạt động ổn định.",C?n ti?ng Anh nghi v?n: Drive; higher; Hyvatia; Reactor; RES; Spacetrek; Sundermere | S? t?/c?m nghi v?n: 8 | T? l? nghi v?n: 0.5 | M?c ??: 34.0
"Cast to pull in enemies and send Roccia into mid-air, activating <color=Highlight>Beyond Imagination</color>. Roccia can cast <color=Highlight>Chain Plunging Attack</color> with enough <color=Highlight>Forte Gauge</color> in this state.","Kích hoạt để hút kẻ địch và đưa Roccia lên không trung, kích hoạt <color=Highlight>Beyond Imagination</color>. Ở trạng thái này, Roccia có thể sử dụng <color=Highlight>Chain Plunging Attack</color> nếu <color=Highlight>Forte Gauge</color> đủ.",C?n ti?ng Anh nghi v?n: Attack; Beyond; Chain; Gauge; Imagination; Plunging; Roccia | S? t?/c?m nghi v?n: 8 | T? l? nghi v?n: 0.8 | M?c ??: 34.0
"While in <color=Highlight>Kaleidoscopic Parade</color> and skating on the ground, continuously recover <color=Highlight>Lumiflow</color>. Casting <color=Highlight>Polychrome Leap</color> consumes <color=Highlight>Lumiflow</color> and recovers <color=Highlight>True Color</color>.","Khi ở trạng thái <color=Highlight>Kaleidoscopic Parade</color> và trượt trên mặt đất, <color=Highlight>Lumiflow</color> sẽ liên tục hồi phục. Sử dụng <color=Highlight>Polychrome Leap</color> sẽ tiêu hao <color=Highlight>Lumiflow</color> và hồi phục <color=Highlight>True Color</color>.",C?n ti?ng Anh nghi v?n: Color; Kaleidoscopic; Leap; Lumiflow; Parade; Polychrome; True | S? t?/c?m nghi v?n: 8 | T? l? nghi v?n: 0.8 | M?c ??: 34.0
"When Resonance Skill <color=Highlight>Flaming Woolies</color> or Resonance Skill <color=Highlight>Cosmos - Rampage</color> is cast, Encore's Fusion DMG Bonus is increased by {0} for {1}s.","Khi Resonance Skill <color=Highlight>Flaming Woolies</color> hoặc Resonance Skill <color=Highlight>Cosmos - Rampage</color> được kích hoạt, Hiệu Ứng Fusion DMG Bonus của Encore sẽ tăng thêm {0} trong {1} giây.",C?n ti?ng Anh nghi v?n: Bonus; Cosmos; Flaming; Rampage; Skill; Woolies | S? t?/c?m nghi v?n: 7 | T? l? nghi v?n: 0.5 | M?c ??: 34.0
"When Resonance Skill <color=Highlight>Flaming Woolies</color> or Resonance Skill <color=Highlight>Cosmos - Rampage</color> is cast, Encore's Fusion DMG Bonus is increased by {0} for {1}s.","Khi Resonance Skill <color=Highlight>Flaming Woolies</color> hoặc Resonance Skill <color=Highlight>Cosmos - Rampage</color> được kích hoạt, Hiệu Ứng Fusion DMG Bonus của Encore sẽ tăng thêm {0} trong {1} giây.",C?n ti?ng Anh nghi v?n: Bonus; Cosmos; Flaming; Rampage; Skill; Woolies | S? t?/c?m nghi v?n: 7 | T? l? nghi v?n: 0.5 | M?c ??: 34.0
"When <color=#b72924ff>Vibration Strength is above 0</color>, enemies recover <color=#b72924ff>3% of their max HP</color> each time they deal damage. This effect can be triggered once every <color=#b72924ff>10s</color>.","Khi <color=#b72924ff>Vibration Strength is above 0</color>, kẻ địch sẽ hồi phục <color=#b72924ff>3% of their max HP</color> mỗi khi gây sát thương. Hiệu ứng này có thể kích hoạt mỗi <color=#b72924ff>10s</color> một lần.",C?n ti?ng Anh nghi v?n: above; is; max; of; Strength; their; Vibration | S? t?/c?m nghi v?n: 7 | T? l? nghi v?n: 0.7 | M?c ??: 34.0
"When <color=#b72924ff>Vibration Strength is above 0</color>, enemies recover <color=#b72924ff>6% of their max HP</color> each time they deal damage. This effect can be triggered once every <color=#b72924ff>10s</color>.","Khi <color=#b72924ff>Vibration Strength is above 0</color>, kẻ địch sẽ hồi phục <color=#b72924ff>6% of their max HP</color> mỗi khi gây sát thương. Hiệu ứng này có thể kích hoạt mỗi <color=#b72924ff>10s</color> một lần.",C?n ti?ng Anh nghi v?n: above; is; max; of; Strength; their; Vibration | S? t?/c?m nghi v?n: 7 | T? l? nghi v?n: 0.7 | M?c ??: 34.0
Galbrena: <color=#d4bf5f>Basic Attack</color> and <color=#d4bf5f>Hellstride</color> Combo Tutorial,Galbrena: <color=#d4bf5f>Basic Attack</color> và <color=#d4bf5f>Hellstride</color> Combo Tutorial,C?n ti?ng Anh nghi v?n: Attack; Basic; Combo; Galbrena; Hellstride; Tutorial | S? t?/c?m nghi v?n: 6 | T? l? nghi v?n: 1.0 | M?c ??: 34.0
Galbrena: <color=#d4bf5f>Heavy Attack - Volley of Death</color> Tutorial,Galbrena: <color=#d4bf5f>Heavy Attack - Volley of Death</color> Hướng dẫn,C?n ti?ng Anh nghi v?n: Attack; Death; Galbrena; Heavy; of; Volley | S? t?/c?m nghi v?n: 6 | T? l? nghi v?n: 1.0 | M?c ??: 34.0
Lynae: <color=#d4bf5f>Kaleidoscopic Parade - Ground Heavy Attack</color> Tutorial,Lynae: Hướng dẫn <color=#d4bf5f>Kaleidoscopic Parade - Ground Heavy Attack</color>,C?n ti?ng Anh nghi v?n: Attack; Ground; Heavy; Kaleidoscopic; Lynae; Parade | S? t?/c?m nghi v?n: 6 | T? l? nghi v?n: 1.0 | M?c ??: 34.0
Hiyuki: <color=#d4bf5f>Heavy Attack - Bitterfrost: Foreclaimed Self</color> Tutorial,Hiyuki: <color=#d4bf5f>Heavy Attack - Bitterfrost: Foreclaimed Self</color>,C?n ti?ng Anh nghi v?n: Attack; Bitterfrost; Foreclaimed; Heavy; Hiyuki; Self | S? t?/c?m nghi v?n: 6 | T? l? nghi v?n: 1.0 | M?c ??: 34.0
"Attack the target to deal <color=Wind>Aero DMG</color> and inflict a stack of <color=Highlight><te href=850009>Aero Erosion</te></color>.
Follow up with Basic Attack in time to cast Basic Attack Stage 3.","Tấn công mục tiêu gây <color=Wind>Aero DMG</color> và áp đặt một tầng <color=Highlight><te href=850009>Aero Erosion</te></color>.
Thực hiện Basic Attack kịp thời để thi triển Stage 3 Basic Attack.",C?n ti?ng Anh nghi v?n: Attack; Basic; Erosion; Stage | S? t?/c?m nghi v?n: 6 | T? l? nghi v?n: 0.6 | M?c ??: 34.0
"<size=40><color=Title>Basic Attack - Pink</color></size>
Deal <color=Fire>Fusion DMG</color>.
<size=10></size>
<size=40><color=Title>Basic Attack - Violet</color></size>
Deal <color=Fire>Fusion DMG</color>.","<size=40><color=Title>Basic Attack - Pink</color></size>
Gây <color=Fire>Fusion DMG</color>.
<size=10></size>
<size=40><color=Title>Basic Attack - Violet</color></size>
Gây <color=Fire>Fusion DMG</color>.",C?n ti?ng Anh nghi v?n: Attack; Basic; Pink; Violet | S? t?/c?m nghi v?n: 6 | T? l? nghi v?n: 0.6 | M?c ??: 34.0
"All Resonators get Collinearity: Dealing DMG with Basic ATK, Heavy ATK, Resonance Skill, and Resonance Liberation inflicts <SapTag=0>{0}</SapTag> {Cus:Sap,S=stack P=stacks SapTag=0} of Aero Erosion and <SapTag=1>{1}</SapTag> {Cus:Sap,S=stack P=stacks SapTag=1} of Spectro Frazzle, triggered once every {2}s.","Tất cả Resonators nhận Hiệu Ứng Đồng Quy: Gây Sát Thương bằng Basic Attack, Tấn Công Nặng, Resonance Skill và Resonance Liberation sẽ áp đặt <SapTag=0>{0}</SapTag> {Cus:Sap,S=tầng P=tầng SapTag=0} Erosion Aero và <SapTag=1>{1}</SapTag> {Cus:Sap,S=tầng P=tầng SapTag=1} Spectro Frazzle, kích hoạt mỗi {2} giây một lần.",C?n ti?ng Anh nghi v?n: Attack; Basic; Erosion; Frazzle; Liberation; Skill | S? t?/c?m nghi v?n: 6 | T? l? nghi v?n: 0.5 | M?c ??: 34.0
Enemy <color=#b72924ff>Max Vibration Strength is increased by 15%</color>.,Kẻ địch <color=#b72924ff>Max Vibration Strength is increased by 15%</color>.,C?n ti?ng Anh nghi v?n: by; increased; is; Max; Strength; Vibration | S? t?/c?m nghi v?n: 6 | T? l? nghi v?n: 1.0 | M?c ??: 34.0
Enemy <color=#b72924ff>Max Vibration Strength is increased by 30%</color>.,Kẻ địch <color=#b72924ff>Max Vibration Strength is increased by 30%</color>.,C?n ti?ng Anh nghi v?n: by; increased; is; Max; Strength; Vibration | S? t?/c?m nghi v?n: 6 | T? l? nghi v?n: 1.0 | M?c ??: 34.0
Dealing Basic Attack DMG <color=Highlight>{0}</color> times summons <color=Highlight>{1}</color> <color=Highlight><te href=851100>Combo - Rice Dango Missile</te></color>.,Gây Sát Thương Basic Attack <color=Highlight>{0}</color> lần sẽ triệu hồi <color=Highlight>{1}</color> <color=Highlight><te href=851100>Combo - Rice Dango Missile</te></color>.,C?n ti?ng Anh nghi v?n: Attack; Basic; Combo; Dango; Missile; Rice | S? t?/c?m nghi v?n: 6 | T? l? nghi v?n: 1.0 | M?c ??: 34.0
Dealing Basic Attack DMG summons 6 extra <color=Highlight><te href=851100>Combo - Rice Dango Missiles</te></color>.,Gây Sát Thương Basic Attack sẽ triệu hồi thêm 6 <color=Highlight><te href=851100>Combo - Rice Dango Missiles</te></color>.,C?n ti?ng Anh nghi v?n: Attack; Basic; Combo; Dango; Missiles; Rice | S? t?/c?m nghi v?n: 6 | T? l? nghi v?n: 1.0 | M?c ??: 34.0
"Every time a Resonator deals Basic Attack DMG, their next Basic Attack DMG is Amplified by 4% for 15s, stacking up to 5 times.

This Token has unlimited uses in Whimpering Wastes.","Mỗi khi Resonator gây Sát Thương Basic Attack, sát thương Basic Attack tiếp theo sẽ được Khuếch Đại thêm 4% trong 15 giây, tối đa 5 tầng.

Mã thông báo này có thể sử dụng không giới hạn tại Whimpering Wastes.",C?n ti?ng Anh nghi v?n: Attack; Basic; Wastes; Whimpering | S? t?/c?m nghi v?n: 6 | T? l? nghi v?n: 0.6 | M?c ??: 34.0
Roccia: <color=#d4bf5f>Heavy Attack and Combo</color> Tutorial,Roccia: <color=#d4bf5f>Heavy Attack and Combo</color>,C?n ti?ng Anh nghi v?n: and; Attack; Combo; Heavy; Roccia | S? t?/c?m nghi v?n: 5 | T? l? nghi v?n: 1.0 | M?c ??: 34.0
"Recover Forte Gauge for Basic Attack on hit or Intro Skill, Resonance Skill cast","Hồi phục Thanh Forte khi Basic Attack trúng mục tiêu hoặc khi Intro Skill, Resonance Skill được kích hoạt",C?n ti?ng Anh nghi v?n: Attack; Basic; Intro; Skill | S? t?/c?m nghi v?n: 5 | T? l? nghi v?n: 0.5 | M?c ??: 34.0
Time to Show Some Colors! DMG,Time to Show Some Colors! Sát Thương,C?n ti?ng Anh nghi v?n: Colors; Show; Some; Time; to | S? t?/c?m nghi v?n: 5 | T? l? nghi v?n: 1.0 | M?c ??: 34.0
Increase <color=Highlight>Heavy Attack - Quadruple Downbeat</color>'s DMG by {0}.,Increase {0} <color=Highlight>Heavy Attack - Quadruple Downbeat</color>,C?n ti?ng Anh nghi v?n: Attack; Downbeat; Heavy; Increase; Quadruple | S? t?/c?m nghi v?n: 5 | T? l? nghi v?n: 1.0 | M?c ??: 34.0
"At the start of the challenge, <color=#ffb04a>Resonance Energy</color> is restored to 100%. Gain Tune Rupture Core: <color=#ffb04a>Tune Rupture DMG</color> is increased by 100%. <color=#ffb04a>Tune Break DMG</color> is increased by 200%, and <color=#ffb04a>Tune Break Boost</color> is increased by 40.","Khi thử thách bắt đầu, <color=#ffb04a>Resonance Energy</color> sẽ được hồi phục về 100%. Nhận Core Vỡ Nhịp: <color=#ffb04a>Tune Rupture DMG</color> tăng 100%. <color=#ffb04a>Tune Break DMG</color> tăng 200%, và <color=#ffb04a>Tune Break Boost</color> tăng 40.",C?n ti?ng Anh nghi v?n: Boost; Break; Core; Energy; Rupture; Tune | S? t?/c?m nghi v?n: 9 | T? l? nghi v?n: 0.692 | M?c ??: 33.92
"Each day, there is a {0}% chance to generate an <te href=851013><color=#c79f49>Item of Exchange</color></te> on a blank block. The chance increases based on the number of <te href=851055><color=#c79f49>adjacent</color></te> <te href=851049><color=#c79f49>Chop Chops</color></te>. Each adjacent Chop Chop adds {1}% to the probability, with a maximum increase of {2}%.","Mỗi ngày, có {0}% cơ hội tạo ra <te href=851013><color=#c79f49>Item of Exchange</color></te> trên ô trống. Xác suất tăng dựa trên số lượng <te href=851055><color=#c79f49>adjacent</color></te> <te href=851049><color=#c79f49>Chop Chops</color></te>. Mỗi Chop Chop kề bên sẽ tăng {1}% xác suất, tối đa {2}%.",C?n ti?ng Anh nghi v?n: adjacent; Chop; Chops; Exchange; Item; of | S? t?/c?m nghi v?n: 8 | T? l? nghi v?n: 0.889 | M?c ??: 33.89
"Aemeath saves you from a sudden attack by the mysterious mech, Sigillum. You learn Aemeath is the Exostrider's Resonator. She died years ago, Overclocking her Resonance with the Exostrider to stop the Threnodian from breaking through the Stridergate seal. Her sacrifice left her a digital ghost. You can only see her because you hold the Reactor Core.
To stop Sigillum taking your frequency and to help Aemeath piece her ""self"" back together—her physical form as the Exostrider's complete Resonator—you agree to work together.","Aemeath cứu bạn khỏi cuộc tấn công bất ngờ của cỗ máy bí ẩn, Sigillum. Bạn biết được Aemeath chính là Resonator của Exostrider. Cô đã chết nhiều năm trước, khi Overclock Tần số của mình với Exostrider để ngăn Threnodian phá vỡ ấn Stridergate. Sự hy sinh ấy biến cô thành một linh hồn kỹ thuật số. Bạn chỉ có thể nhìn thấy cô vì bạn đang nắm giữ Reactor Core.
Để ngăn Sigillum chiếm đoạt Tần số của bạn và giúp Aemeath tái tạo lại ""bản thể"" của mình—hình hài hoàn chỉnh của Resonator Exostrider—bạn đồng ý hợp tác cùng cô.",C?n ti?ng Anh nghi v?n: Aemeath; Core; Exostrider; Reactor; Sigillum; Stridergate | S? t?/c?m nghi v?n: 11 | T? l? nghi v?n: 0.579 | M?c ??: 33.79
Optional: Defeat Lampylumen Myriad to remove Fallacy of No Return's Shield and restore Resonance Energy for the team.,Tùy chọn: Đánh bại Lampylumen Myriad để phá bỏ Shield Fallacy of Không Return và khôi phục Resonance Energy cho cả đội.,C?n ti?ng Anh nghi v?n: Energy; Fallacy; Lampylumen; Myriad; of; Return; Shield | S? t?/c?m nghi v?n: 7 | T? l? nghi v?n: 0.778 | M?c ??: 33.78
Optional: Defeat Lampylumen Myriad to remove Fallacy of No Return's Shield and restore Resonance Energy for the team.,Tùy chọn: Đánh bại Lampylumen Myriad để phá bỏ Shield Fallacy of Không Return và khôi phục Resonance Energy cho cả đội.,C?n ti?ng Anh nghi v?n: Energy; Fallacy; Lampylumen; Myriad; of; Return; Shield | S? t?/c?m nghi v?n: 7 | T? l? nghi v?n: 0.778 | M?c ??: 33.78
"<color=#f4d582>Heavy Attack: Detonate</color> will detonate ""Ice Thorn"", ""Ice Prism"" and ""Glacier"" on the path of the attack, dealing <color=#1891e7ff>Glacio DMG</color>.","Đòn <color=#f4d582>Heavy Attack: Detonate</color> sẽ kích nổ ""Ice Thorn"", ""Ice Prism"" và ""Sông Băng"" trên đường tấn công, gây <color=#1891e7ff>Glacio DMG</color>.",C?n ti?ng Anh nghi v?n: Attack; Detonate; Heavy; Ice; Prism; Thorn | S? t?/c?m nghi v?n: 7 | T? l? nghi v?n: 0.778 | M?c ??: 33.78
"Basic Attack - Iai: While in <color=Highlight>Foreclaimed Self</color> and in <color=Highlight>Iai Stance</color>, {Cus:Ipt,Touch=tap PC=press Gamepad=press} {0}.","Basic Attack - Iai: Khi ở trạng thái <color=Highlight>Foreclaimed Self</color> và trong <color=Highlight>Iai Stance</color>, {Cus:Ipt,Touch=tap PC=press Gamepad=press} {0}.",C?n ti?ng Anh nghi v?n: Attack; Basic; Foreclaimed; Iai; Self; Stance | S? t?/c?m nghi v?n: 7 | T? l? nghi v?n: 0.778 | M?c ??: 33.78
"A monitoring instrument installed on the surface of Sundermere by the Spacetrek Collective to oversee and maintain the Reactor Drive.
At its core is a replica of the Exostrider's calibration module, enabling a dedicated data link with the Drive to transmit real-time correction parameters. Hyvatia plays a vital role in ensuring the Reactor Drive's continuous and stable operation.","Một thiết bị giám sát do Spacetrek Collective lắp đặt trên bề mặt Sundermere để theo dõi và duy trì hoạt động của Reactor Drive.
Bên trong là bản sao mô-đun hiệu chuẩn của Exostrider, cho phép kết nối dữ liệu chuyên dụng với Drive để truyền các thông số điều chỉnh theo thời gian thực. Hyvatia đóng vai trò then chốt trong việc đảm bảo Reactor Drive vận hành liên tục và ổn định.",C?n ti?ng Anh nghi v?n: Collective; Drive; Hyvatia; Reactor; Spacetrek; Sundermere; then | S? t?/c?m nghi v?n: 10 | T? l? nghi v?n: 0.476 | M?c ??: 33.76
"Defeating a <color=Highlight>marked</color> target resets <color=Highlight>Resonance Skill</color> cooldown.
Performing <color=Highlight>Resonance Liberation</color> grants all Resonators in the team <color=Highlight>Glory</color>:
Their attacks ignore a certain amount of Fusion RES. The effect is enhanced with more Fusion Resonators in the team.","Tiêu diệt <color=Highlight>marked</color> sẽ làm mới Cooldown chiêu của <color=Highlight>Resonance Skill</color>.
Thực hiện <color=Highlight>Resonance Liberation</color> sẽ ban cho tất cả Resonators trong đội <color=Highlight>Glory</color>:
Các đòn tấn công của họ sẽ xuyên qua một lượng Fusion RES nhất định. Hiệu ứng tăng cường nếu đội có nhiều Resonators Fusion hơn.",C?n ti?ng Anh nghi v?n: Cooldown; Glory; Liberation; marked; RES; Skill | S? t?/c?m nghi v?n: 6 | T? l? nghi v?n: 0.375 | M?c ??: 33.75
"After casting Resonance Skill <color=Highlight>Chromatic Splendor</color>, Carlotta can perform <color=Highlight>Mid-air Attacks</color> while being immune to any DMG or interruptions before the Mid-air Attack deals DMG.
When Carlotta is on the team, the active Resonator's Flight STA cost is reduced by {0}.","Sau khi sử dụng Resonance Skill <color=Highlight>Chromatic Splendor</color>, Carlotta có thể thực hiện <color=Highlight>Mid-air Attacks</color> mà không bị thiệt hại hay gián đoạn nào trước khi đòn tấn công gây sát thương.
Khi Carlotta có mặt trong đội, chi phí Thể Lực cho Flight của Resonator đang hoạt động sẽ giảm {0}.",C?n ti?ng Anh nghi v?n: air; Attacks; Carlotta; Chromatic; Flight; Mid; Skill; Splendor | S? t?/c?m nghi v?n: 9 | T? l? nghi v?n: 0.474 | M?c ??: 33.74
"After casting Resonance Skill <color=Highlight>Chromatic Splendor</color>, Carlotta can perform <color=Highlight>Mid-air Attacks</color> while being immune to any DMG or interruptions before the Mid-air Attack deals DMG.
When Carlotta is on the team, the active Resonator's Flight STA cost is reduced by {0}.","Sau khi sử dụng Resonance Skill <color=Highlight>Chromatic Splendor</color>, Carlotta có thể thực hiện <color=Highlight>Mid-air Attacks</color> mà không bị thiệt hại hay gián đoạn nào trước khi đòn tấn công gây sát thương.
Khi Carlotta có mặt trong đội, chi phí Thể Lực cho Flight của Resonator đang hoạt động sẽ giảm {0}.",C?n ti?ng Anh nghi v?n: air; Attacks; Carlotta; Chromatic; Flight; Mid; Skill; Splendor | S? t?/c?m nghi v?n: 9 | T? l? nghi v?n: 0.474 | M?c ??: 33.74
"This enemy has a <color=HighlightB>higher RES</color> to <color=Wind>Aero DMG </color>.

The mechanical antlers on its head can be damaged by Counterattacks. Successfully breaking the antlers will reduce its attack power.

After scanning the data of past animals in Lahai-Roi, the Exostrider used its own parts to grow and proliferate mechanical reindeer. These Flora Reindeer are companions to the Roya and help the Roya in plant foraging.","Kẻ địch này có <color=HighlightB>higher RES</color> <color=Wind>Aero DMG</color> cao hơn.

Những chiếc gạc cơ khí trên đầu nó có thể bị phá hủy bằng Phản Đòn. Phá vỡ thành công gạc sẽ làm giảm sức tấn công của nó.

Sau khi quét dữ liệu các loài động vật trong quá khứ ở Lahai-Roi, Exostrider đã sử dụng chính bộ phận của mình để phát triển và nhân bản những con tuần lộc cơ khí. Những Flora Reindeer này là bạn đồng hành của Roya và hỗ trợ Roya trong việc tìm kiếm thực vật.",C?n ti?ng Anh nghi v?n: Exostrider; Flora; higher; Lahai; Reindeer; RES; Roya | S? t?/c?m nghi v?n: 8 | T? l? nghi v?n: 0.471 | M?c ??: 33.71
"While in the <color=Highlight>Seraphic Duo</color> state and <color=Highlight>Synchronization Rate</color> reaches 50%, {Cus:Ipt,Touch=tap PC=press Gamepad=press} <color=Highlight>Resonance Skill</color> to cast Resonance Skill <color=Highlight>Seraphic Duet</color>, dealing <color=Fire>Fusion DMG</color>.","Khi ở trạng thái <color=Highlight>Seraphic Duo</color> và <color=Highlight>Synchronization Rate</color> đạt 50%, {Cus:Ipt,Touch=tap PC=press Gamepad=press} <color=Highlight>Resonance Skill</color> để thi triển Resonance Skill <color=Highlight>Seraphic Duet</color>, gây <color=Fire>Fusion DMG</color>.",C?n ti?ng Anh nghi v?n: Duet; Duo; Rate; Seraphic; Skill; Synchronization | S? t?/c?m nghi v?n: 8 | T? l? nghi v?n: 0.571 | M?c ??: 33.71
"While in the <color=Highlight>Seraphic Duo</color> state and <color=Highlight>Synchronization Rate</color> reaches 50%, {Cus:Ipt,Touch=tap PC=press Gamepad=press} <color=Highlight>Resonance Skill</color> to cast the Resonance Skill <color=Highlight>Seraphic Duet</color>, dealing <color=Fire>Fusion DMG</color>.","Khi ở trạng thái <color=Highlight>Seraphic Duo</color> và <color=Highlight>Synchronization Rate</color> đạt 50%, {Cus:Ipt,Touch=tap PC=press Gamepad=press} <color=Highlight>Resonance Skill</color> để thi triển Resonance Skill <color=Highlight>Seraphic Duet</color>, gây <color=Fire>Fusion DMG</color>.",C?n ti?ng Anh nghi v?n: Duet; Duo; Rate; Seraphic; Skill; Synchronization | S? t?/c?m nghi v?n: 8 | T? l? nghi v?n: 0.571 | M?c ??: 33.71
"Foreclaiming: Inward Vision: While in <color=Highlight>Present Self</color>, unlocks after casting <color=Highlight>Heavy Attack - Frost Splinter: Present Self</color>. When unlocked, {Cus:Ipt,Touch=tap PC=press Gamepad=press} {0}.","Nội Quan: Khi ở trạng thái <color=Highlight>Present Self</color>, mở khóa sau khi thi triển <color=Highlight>Heavy Attack - Frost Splinter: Present Self</color>. Khi mở khóa, {Cus:Ipt,Touch=tap PC=press Gamepad=press} {0}.",C?n ti?ng Anh nghi v?n: Attack; Frost; Heavy; Present; Self; Splinter | S? t?/c?m nghi v?n: 8 | T? l? nghi v?n: 0.571 | M?c ??: 33.71
"<color=#c49e55>[Resonance Liberation]</color>
Resonance Liberation - Deadening Abyss additionally explodes <SapTag=0>{0}</SapTag> {Cus:Sap,S=time P=times SapTag=0}. Casting Resonance Liberation recovers {1} Umbra. If Rover isn't in Dark Surge, casting Resonance Liberation activates Dark Surge, in which Havoc DMG is increased by {2}.","<color=#c49e55>[Resonance Liberation]</color>
Resonance Liberation - Vực Thẳm Tử Thần sẽ bổ sung thêm <SapTag=0>{0}</SapTag> {Cus:Sap,S=lần P=lần SapTag=0} vụ nổ. Kích hoạt Resonance Liberation sẽ hồi {1} Umbra. Nếu Rover không ở trong trạng thái Dâng Dark Surge, kích hoạt Resonance Liberation sẽ kích hoạt Dâng Dark Surge, trong đó Havoc DMG được tăng thêm {2}.",C?n ti?ng Anh nghi v?n: Dark; Liberation; Surge; Umbra | S? t?/c?m nghi v?n: 8 | T? l? nghi v?n: 0.471 | M?c ??: 33.71
"Summon a Nightmare: Feilian Beringal to attack enemies, dealing {0} Aero DMG. The remaining Whirlwind Beam will continuously attack surrounding enemies up to 5 times, each dealing {1} Aero DMG.
The Resonator with this Echo equipped in their main slot gains {2} Aero DMG Bonus and {3} Heavy Attack DMG Bonus.
CD: {4}s.","Summon Nightmare: Feilian Beringal tấn công kẻ địch, gây {0} Aero DMG. Tia Xoáy còn lại sẽ liên tục tấn công kẻ địch xung quanh tối đa 5 lần, mỗi lần gây {1} Aero DMG.
Resonator trang bị Echo này ở vị trí chính sẽ nhận thêm {2} Aero DMG Bonus và {3} Tăng Sát Thương Heavy Attack.
Hồi chiêu: {4} giây.",C?n ti?ng Anh nghi v?n: Attack; Beringal; Bonus; Feilian; Heavy; Nightmare; Summon | S? t?/c?m nghi v?n: 7 | T? l? nghi v?n: 0.368 | M?c ??: 33.68
"After casting Gravity Well, when Resonators in the team cast Tune Break on a target affected by Tune Strain - Shifting, they also apply 1 additional stack of Tune Strain - Interfered that lasts for 120s.","Sau khi sử dụng Gravity Well, khi Resonators trong đội sử dụng Tune Break lên mục tiêu bị ảnh hưởng bởi Tune Strain - Shifting, họ cũng sẽ áp dụng thêm 1 lớp Tune Strain - Interfered kéo dài 120 giây.",C?n ti?ng Anh nghi v?n: Break; Gravity; Interfered; Shifting; Strain; Tune; Well | S? t?/c?m nghi v?n: 10 | T? l? nghi v?n: 0.667 | M?c ??: 33.67
"After casting Gravity Well, when Resonators in the team cast Tune Break on a target affected by Tune Strain - Shifting, they also apply 1 additional stack of Tune Strain - Interfered.","Sau khi sử dụng Gravity Well, khi Resonators trong đội sử dụng Tune Break lên mục tiêu bị ảnh hưởng bởi Tune Strain - Shifting, họ cũng sẽ áp dụng thêm 1 lớp Tune Strain - Interfered.",C?n ti?ng Anh nghi v?n: Break; Gravity; Interfered; Shifting; Strain; Tune; Well | S? t?/c?m nghi v?n: 10 | T? l? nghi v?n: 0.667 | M?c ??: 33.67
Enter the <color=Highlight>Decipher</color> state after casting <color=Highlight>Basic Attack Stage 4</color> for {0}s. This effect ends early when Sigrika is switched off the field.,Enter trạng thái <color=Highlight>Decipher</color> sau khi sử dụng <color=Highlight>Basic Attack Stage 4</color> trong {0} giây. Hiệu ứng kết thúc sớm nếu Sigrika rời khỏi chiến trường.,C?n ti?ng Anh nghi v?n: Attack; Basic; Decipher; Enter; Sigrika; Stage | S? t?/c?m nghi v?n: 6 | T? l? nghi v?n: 0.667 | M?c ??: 33.67
"<color=#c49e55>[Resonance Skill]</color>
Resonance Skill - Art of Violence additionally recovers Forte Gauge. Basic Attack - Necessary Measures additionally inflicts Deconstruction upon the target on hit.
Deconstruction gains enhancements.","<color=#c49e55>[Resonance Skill]</color>
Resonance Skill - Art of Violence hồi phục thêm Đồng Hồ Forte. Basic Attack - Biện Pháp Cần Thiết gây Giải Cấu lên mục tiêu khi trúng đòn.
Giải Cấu được tăng cường.",C?n ti?ng Anh nghi v?n: Art; Attack; Basic; of; Skill; Violence | S? t?/c?m nghi v?n: 6 | T? l? nghi v?n: 0.667 | M?c ??: 33.67
"<color=#c49e55>[Resonance Skill]</color>
Resonance Skill's Cooldown is reduced, and casting the skill grants immunity to interruption. Mid-air Attack gains special enhancements. Inflicting Aero Erosion deals extra damage.","<color=#c49e55>[Resonance Skill]</color>
Cooldown chiêu của Resonance Skill được rút ngắn, và thi triển kỹ năng sẽ miễn nhiễm với gián đoạn. Mid-air Attack được tăng cường đặc biệt. Gây Erosion Aero sẽ gây thêm sát thương.",C?n ti?ng Anh nghi v?n: air; Attack; Cooldown; Erosion; Mid; Skill | S? t?/c?m nghi v?n: 6 | T? l? nghi v?n: 0.667 | M?c ??: 33.67
"<i>Report on Lampylumen</i>
 
The Tiger's Maw Mine primarily produces Lampylumen along with other ore deposits, as well as a minor quantity of Tacetite ores.

Following years of joint research by Huaxu Academy and the Ministry of Development, a unanimous conclusion has been reached regarding the formation of the Tiger's Maw.

They found that tectonic shifts caused by the Waveworn Phenomenon altered the plate tectonics in Jinzhou, uplifting ore deposits formed tens of millions of years ago to the upper crust and introducing Lampylumen into the domain of human knowledge.

The initial survey of the Lampylumen veins has led to the following conclusions:

Form: Lampylumen typically has a cubic structure, often found as singular cubes or stacked formations, and its rectangular shape allows for easy extraction. It melts at high temperatures, making it easy to shape.

Properties: Due to its unique formation, Lampylumen has an internal structure arranged like an electrical network, making it an ideal material for semiconductor sheets.

Application: Lampylumen can be used in chips for Terminals and Resonance Beacons, as well as in the manufacturing of various high-precision components (further assessment required).","<i>Report về Lampylumen</i>

Mỏ Hổ Hàm chủ yếu sản xuất Lampylumen cùng các loại quặng khác, cũng như một lượng nhỏ quặng Tacetite.

Sau nhiều năm nghiên cứu chung giữa Huaxu Academy và Bộ Phát triển, một kết luận thống nhất đã được đưa ra về sự hình thành của Hổ Hàm.

Họ phát hiện rằng sự dịch chuyển kiến tạo do Hiện tượng Waveworn gây ra đã làm thay đổi cấu trúc địa tầng ở Jinzhou, đẩy các mỏ quặng hình thành từ hàng chục triệu năm trước lên vỏ trái đất và đưa Lampylumen vào tầm hiểu biết của con người.

Khảo sát ban đầu về các mạch Lampylumen đã đưa ra những kết luận sau:

Hình dạng: Lampylumen thường có cấu trúc lập phương, thường thấy dưới dạng khối đơn hoặc xếp chồng, hình chữ nhật giúp dễ dàng khai thác. Nó nóng chảy ở nhiệt độ cao, dễ dàng tạo hình.

Tính chất: Do quá trình hình thành đặc biệt, Lampylumen có cấu trúc nội tại sắp xếp như một mạng lưới điện, khiến nó trở thành vật liệu lý tưởng cho các tấm bán dẫn.

Ứng dụng: Lampylumen có thể được sử dụng trong chip cho Thiết bị đầu cuối và Đèn hiệu Cộng hưởng, cũng như trong sản xuất các linh kiện chính xác cao (cần đánh giá thêm).",C?n ti?ng Anh nghi v?n: Academy; Huaxu; Lampylumen; Report; Tacetite; Waveworn | S? t?/c?m nghi v?n: 12 | T? l? nghi v?n: 0.364 | M?c ??: 33.64
"When <color=#f4d582>Heavy Attack: Strategic Parry</color> is successfully triggered, perform up to three follow-up attacks, dealing <color=#e649a6>Havoc DMG</color>, considered as Basic Attack DMG. Each follow-up attack consumes ""Resolving Caliber"" on hit to grant a shield.","Khi <color=#f4d582>Heavy Attack: Strategic Parry</color> kích hoạt thành công, thực hiện tối đa ba đòn tấn công tiếp theo, gây <color=#e649a6>Havoc DMG</color>, được tính là sát thương Basic Attack. Mỗi đòn tiếp theo trúng mục tiêu sẽ tiêu hao ""Độ Chuẩn Xác Giải Quyết"" để tạo khiên.",C?n ti?ng Anh nghi v?n: Attack; Basic; Heavy; Parry; Strategic | S? t?/c?m nghi v?n: 6 | T? l? nghi v?n: 0.462 | M?c ??: 33.62
"Hold Normal Attack to consume STA and charge, then release after a while to cast <color=Highlight>Heavy Attack: Charged I</color>, dealing <color=Fire>Fusion DMG</color>.","Giữ Normal Attack để tiêu hao STA và tích lực, sau đó thả ra để tung <color=Highlight>Heavy Attack: Charged I</color>, gây <color=Fire>Fusion DMG</color>.",C?n ti?ng Anh nghi v?n: Attack; Charged; Heavy; I; Normal | S? t?/c?m nghi v?n: 6 | T? l? nghi v?n: 0.462 | M?c ??: 33.62
"Hold Normal Attack to consume STA and charge, then release after a while to cast <color=Highlight>Heavy Attack: Charged I</color>, dealing <color=Fire>Fusion DMG</color>.","Giữ Normal Attack để tiêu hao STA và tích lực, sau đó thả ra để tung <color=Highlight>Heavy Attack: Charged I</color>, gây <color=Fire>Fusion DMG</color>.",C?n ti?ng Anh nghi v?n: Attack; Charged; Heavy; I; Normal | S? t?/c?m nghi v?n: 6 | T? l? nghi v?n: 0.462 | M?c ??: 33.62
"Hold Normal Attack to consume STA and charge. Keep holding it for a longer duration to cast <color=Highlight>Heavy Attack: Charged II</color>, dealing higher <color=Fire>Fusion DMG</color>.","Giữ Normal Attack để tiêu hao STA và tích lực. Giữ lâu hơn để tung ra <color=Highlight>Heavy Attack: Charged II</color>, gây <color=Fire>Fusion DMG</color> cao hơn.",C?n ti?ng Anh nghi v?n: Attack; Charged; Heavy; II; Normal | S? t?/c?m nghi v?n: 6 | T? l? nghi v?n: 0.462 | M?c ??: 33.62
Increase Max Thermobaric Bullets by {0} rounds. Increase damage from Resonance Skill <color=Highlight>Boom Boom</color> by {1}.,Increase đạn Thermobaric tối đa thêm {0} viên. Increase sát thương Resonance Skill <color=Highlight>Boom Boom</color> thêm {1}.,C?n ti?ng Anh nghi v?n: Boom; Increase; Skill; Thermobaric | S? t?/c?m nghi v?n: 6 | T? l? nghi v?n: 0.857 | M?c ??: 33.57
"After casting Resonance Liberation, increases all team members' Critical Basic Attack DMG by 40% for 15s and reduces their Resonance Skill cooldown by 10s.","Sau khi sử dụng Resonance Liberation, tăng Crit. DMG của Basic Attack cho tất cả thành viên trong đội lên 40% trong 15 giây và giảm Cooldown chiêu Resonance Skill của họ đi 10 giây.",C?n ti?ng Anh nghi v?n: Attack; Basic; Cooldown; Liberation; Skill | S? t?/c?m nghi v?n: 5 | T? l? nghi v?n: 0.357 | M?c ??: 33.57
"Dealing Basic Attack DMG increases Spectro DMG, stackable. With max stacks, casting Resonance Liberation increases Basic Attack DMG.","Gây Sát Thương Basic Attack sẽ tăng Spectro DMG, có thể tích lũy. Khi đạt tối đa, sử dụng Resonance Liberation sẽ tăng Sát Thương Basic Attack.",C?n ti?ng Anh nghi v?n: Attack; Basic; Liberation | S? t?/c?m nghi v?n: 5 | T? l? nghi v?n: 0.556 | M?c ??: 33.56
"Dealing Basic Attack DMG increases Spectro DMG, stackable. With max stacks, casting Resonance Liberation increases Basic Attack DMG.","Gây Sát Thương Basic Attack sẽ tăng Spectro DMG, có thể tích lũy. Khi đạt tối đa, sử dụng Resonance Liberation sẽ tăng Sát Thương Basic Attack.",C?n ti?ng Anh nghi v?n: Attack; Basic; Liberation | S? t?/c?m nghi v?n: 5 | T? l? nghi v?n: 0.556 | M?c ??: 33.56
"After the New Solar Celebration concludes, Lucilla reveals that the root of the Dark Side anomaly remains unresolved. During your investigation, she discovers that the trap set by the Fractsidus specifically targets memory-type Resonators. Determined to draw the rabbit out, Lucilla volunteers to act as bait, but doing so means confronting her own vulnerabilities.
However, Lucilla has learned to face her past with honesty long ago. She breaks the illusion, and, with your help, captures the rabbit. In doing so, the root of the Dark Side anomaly is finally eliminated.","Sau khi New Solar Celebration kết thúc, Lucilla tiết lộ rằng gốc rễ của bất thường ở Dark Side vẫn chưa được giải quyết. Trong quá trình điều tra, cô phát hiện cái bẫy do Fractsidus giăng ra nhắm vào Resonators thuộc hệ nhớ. Quyết tâm nhử con thỏ ra, Lucilla tình nguyện làm mồi nhử, nhưng điều đó đồng nghĩa với việc phải đối mặt với những điểm yếu của chính mình.
Tuy nhiên, Lucilla đã học cách đối diện với quá khứ một cách thẳng thắn từ lâu. Cô phá vỡ ảo ảnh, và với sự trợ giúp của ngươi, bắt được con thỏ. Nhờ vậy, gốc rễ của bất thường ở Dark Side cuối cùng cũng bị tiêu diệt.",C?n ti?ng Anh nghi v?n: Celebration; Dark; Lucilla; New; Side; Solar | S? t?/c?m nghi v?n: 10 | T? l? nghi v?n: 0.455 | M?c ??: 33.55
"Following Resonance Skill, <color=Highlight>{Cus:Ipt,Touch=tap PC=press Gamepad=press} Normal Attack 3 times</color> to cast Basic Attack Stage 4.","Sau khi kích hoạt Resonance Skill, <color=Highlight>{Cus:Ipt,Touch=tap PC=press Gamepad=press} Normal Attack 3 lần</color> để tung ra Giai Đoạn Basic Attack 4.",C?n ti?ng Anh nghi v?n: Attack; Basic; Normal; Skill | S? t?/c?m nghi v?n: 5 | T? l? nghi v?n: 0.455 | M?c ??: 33.55
"Heavy Attack - Imminent Oblivion: When Tinted Crystal is not on cooldown and when Forte Gauge is full, hold {0} to attack the target, reducing Resonance Skill cooldown.","Heavy Attack - Hư Vô Sắp Tới: Khi Tinh Thể Nhuộm không trong Cooldown chiêu và Thanh Forte đầy, giữ {0} để tấn công mục tiêu, giảm Cooldown chiêu Resonance Skill.",C?n ti?ng Anh nghi v?n: Attack; Cooldown; Heavy; Skill | S? t?/c?m nghi v?n: 5 | T? l? nghi v?n: 0.455 | M?c ??: 33.55
"The active Resonator has all their skills increased to the max level and specific skill Cooldowns reduced. <color=#b94f4e>However, their Resonance Liberation is disabled</color>.","Resonator đang kích hoạt được tăng tất cả kỹ năng lên cấp tối đa và Cooldown chiêu của một số kỹ năng cụ thể được giảm. <color=#b94f4e>However, their Resonance Liberation is disabled</color>.",C?n ti?ng Anh nghi v?n: Cooldown; disabled; However; is; Liberation; their | S? t?/c?m nghi v?n: 6 | T? l? nghi v?n: 0.75 | M?c ??: 33.5
"This enemy has a <color=HighlightB>higher RES</color> to <color=Fire>Fusion DMG</color>.
Denia takes 25% more DMG from all Negative Statuses.
She takes 30% more total DMG for 15s under Frostbind.

""A Department of Voidmatters student at Startorch Academy. Also, a professional slacker who has mastered the art of dozing through courses. Still, she hardly misses any campus event, always there to flash her 'gentle' smile to one and all.""
And yet her name, her identity, her Resonance Ability, even the ties she claimed to others... all of it was a lie.
Between you and the Keystone stands nothing more but a puppet who came into existence only because of Aleph-1.","Kẻ địch này có <color=HighlightB>higher RES</color> với <color=Fire>Fusion DMG</color>.
Denia chịu thêm 25% sát thương từ tất cả Trạng Thái Tiêu Cực.
Cô chịu thêm 30% tổng sát thương trong 15 giây khi bị Frostbind.

""Một sinh viên Khoa Vật Chất Hư Không tại Startorch Academy. Đồng thời là một kẻ lười biếng chuyên nghiệp, tinh thông nghệ thuật ngủ gật trong giờ học. Dù vậy, cô hầu như không bỏ lỡ sự kiện nào của trường, luôn xuất hiện với nụ cười 'dịu dàng' dành cho mọi người.""
Nhưng tên tuổi, danh tính, Năng Lực Resonance, thậm chí cả những mối quan hệ mà cô từng tuyên bố... tất cả đều là dối trá.
Giữa ngươi và Keystone giờ chỉ còn một con rối, sinh ra chỉ vì Aleph-1.",C?n ti?ng Anh nghi v?n: Academy; Aleph; Denia; Frostbind; higher; Keystone; RES; Startorch | S? t?/c?m nghi v?n: 8 | T? l? nghi v?n: 0.348 | M?c ??: 33.48
"<color=Highlight>[Resonance Liberation]</color>
- Resonance Liberation - Omega Storm additionally deals <color=Highlight><SapTag=0>{0}</SapTag></color> {Cus:Sap,S=instance P=instances SapTag=0} of Aero DMG equal to <color=Highlight>{1}</color> of Rover: Aero's ATK and reduces the target's Aero RES by <color=Highlight>{2}</color> on hit for <color=Highlight>{3}s</color>. This effect is not stackable.
- Casting Resonance Liberation - Omega Storm enhances Rover: Aero's Outro Skill: Upon hitting a target, increase the maximum stacks of Aero Erosion the target can receive by <color=Highlight>{4}</color> for <color=Highlight>{5}s</color>.","<color=Highlight>[Resonance Liberation]</color>
- Resonance Liberation - Bão Omega bổ sung gây <color=Highlight><SapTag=0>{0}</SapTag></color> {Cus:Sap,S=lần P=lần SapTag=0} Aero DMG bằng <color=Highlight>{1}</color> Tấn Công của Rover: Aero và giảm Aero RES của mục tiêu <color=Highlight>{2}</color> khi trúng đòn trong <color=Highlight>{3}s</color>. Hiệu ứng này không thể chồng chất.
- Sử dụng Resonance Liberation - Bão Omega sẽ tăng cường Kỹ Năng Kết Thúc của Rover: Aero: Khi trúng mục tiêu, tăng số tầng Erosion Aero tối đa mục tiêu có thể nhận thêm <color=Highlight>{4}</color> trong <color=Highlight>{5}s</color>.",C?n ti?ng Anh nghi v?n: Erosion; Liberation; Omega; RES; s | S? t?/c?m nghi v?n: 8 | T? l? nghi v?n: 0.348 | M?c ??: 33.48
A target enters this state when they are hit by <color=Highlight>Tune Break</color> under the <color=Highlight>Tune Rupture - Shifting</color> state. Resonators who can respond to <color=Highlight>Tune Rupture- Interfered</color> cause additional effects when attacking targets in this state. <color=Highlight>Tune Rupture- Interfered</color> lasts for 8s.,Mục tiêu sẽ rơi vào trạng thái này khi bị <color=Highlight>Tune Break</color> trong trạng thái <color=Highlight>Tune Rupture - Shifting</color>. Resonators có thể phản ứng với <color=Highlight>Tune Rupture- Interfered</color> sẽ gây thêm hiệu ứng khi tấn công mục tiêu trong trạng thái này. <color=Highlight>Tune Rupture- Interfered</color> kéo dài trong 8 giây.,C?n ti?ng Anh nghi v?n: Break; Interfered; Rupture; Shifting; Tune | S? t?/c?m nghi v?n: 11 | T? l? nghi v?n: 0.647 | M?c ??: 33.47
A target enters this state when they are hit by <color=Highlight>Tune Break</color> under the <color=Highlight>Tune Strain - Shifting</color> state. Resonators who can respond to <color=Highlight>Tune Strain - Interfered</color> cause additional effects when attacking targets in this state. <color=Highlight>Tune Strain - Interfered</color> lasts for 30s.,Mục tiêu sẽ rơi vào trạng thái này khi bị <color=Highlight>Tune Break</color> trong trạng thái <color=Highlight>Tune Strain - Shifting</color>. Resonators có thể phản ứng với <color=Highlight>Tune Strain - Interfered</color> sẽ gây thêm hiệu ứng khi tấn công mục tiêu trong trạng thái này. <color=Highlight>Tune Strain - Interfered</color> kéo dài trong 30 giây.,C?n ti?ng Anh nghi v?n: Break; Interfered; Shifting; Strain; Tune | S? t?/c?m nghi v?n: 11 | T? l? nghi v?n: 0.647 | M?c ??: 33.47
"Basic Attack: True Sight - Charge: While in True Sight, use {0} after using Jump or while in mid-air.","Basic Attack: True Sight - Tích Lực: Khi ở trạng thái True Sight, sử dụng {0} sau khi Nhảy hoặc khi đang ở giữa không trung.",C?n ti?ng Anh nghi v?n: Attack; Basic; Sight; True | S? t?/c?m nghi v?n: 6 | T? l? nghi v?n: 0.545 | M?c ??: 33.45
"Attack the target to deal <color=Fire>Fusion DMG</color>, then jump into mid-air, clearing all <color=Highlight><te href=120903>Rest Mass Energy</te></color> and entering <color=Highlight><te href=120902>Wide Field Observation Mode</te></color>.","Tấn công mục tiêu gây <color=Fire>Fusion DMG</color>, sau đó bật lên không trung, xóa toàn bộ <color=Highlight><te href=120903>Rest Mass Energy</te></color> và vào trạng thái <color=Highlight><te href=120902>Wide Field Observation Mode</te></color>.",C?n ti?ng Anh nghi v?n: Energy; Field; Mass; Mode; Observation; Rest; Wide | S? t?/c?m nghi v?n: 7 | T? l? nghi v?n: 0.636 | M?c ??: 33.36
"Upon entering the battle, all enemies except Feilian Beringal gain a Shield equal to <color=#b72924ff>30% of their Max HP</color>. When shielded, they gain <color=#b72924ff>50% DMG Bonus</color>.","Khi bước vào trận chiến, tất cả kẻ địch ngoại trừ Feilian Beringal nhận được Shield tương đương <color=#b72924ff>30% of their Max HP</color>. Khi có khiên, chúng sẽ nhận <color=#b72924ff>50% DMG Bonus</color>.",C?n ti?ng Anh nghi v?n: Beringal; Bonus; Feilian; Max; of; Shield; their | S? t?/c?m nghi v?n: 7 | T? l? nghi v?n: 0.636 | M?c ??: 33.36
"<color=#c49e55>[Resonance Skill]</color>
- Grants Glean: Restore Crimson Pistil each second.
- Camellya enters Budding Mode after casting Resonance Skill.","<color=#c49e55>[Resonance Skill]</color>
- Cấp hiệu ứng Glean: Restore Crimson Pistil mỗi giây.
- Camellya bước vào chế độ Budding sau khi thi triển Resonance Skill.",C?n ti?ng Anh nghi v?n: Budding; Camellya; Crimson; Glean; Pistil; Restore; Skill | S? t?/c?m nghi v?n: 7 | T? l? nghi v?n: 0.636 | M?c ??: 33.36
"<color=Title>Effect</color>
The Resonator's STA Recovery Speed is increased.

<color=Title>Support Skill</color>
Fully recovers the STA of all Resonators in the team and activates <color=Highlight><te href=851105>Boost - Sprint</te></color>, greatly increasing their Movement Speed.","<color=Title>Effect</color>
Tốc độ hồi phục Thể Lực của Resonators được tăng cường.

<color=Title>Hỗ Trợ Skill</color>
Recovery toàn bộ Thể Lực cho tất cả Resonators trong đội và kích hoạt <color=Highlight><te href=851105>Boost - Sprint</te></color>, tăng đáng kể Movement Speed của họ.",C?n ti?ng Anh nghi v?n: Boost; Effect; Movement; Recovery; Skill; Speed; Sprint | S? t?/c?m nghi v?n: 7 | T? l? nghi v?n: 0.636 | M?c ??: 33.36
"You reach the Roya Frostlands and encounter the Academy doctor, Luuk Herssen. He joins you for part of the journey and reveals that before the Lament, the frostlands were a lush forest. The calamity that triggered a magnetic pole shift also coincided with another event: the Etheric Sea Phenomenon, which engulfed Solaris's sky and cut off any path to outer space.
The Spacetrek Collective was founded to restore space exploration via the Stridergate. But humanity faces another threat in the form of Aleph-1, the alien Threnodian lurking beyond the Stridergate.","Bạn đến Vùng Đất Băng Giá Roya và gặp lại bác sĩ của Học Viện, Luuk Herssen. Ông cùng bạn đi một đoạn đường và tiết lộ rằng trước Đại Bi Kịch, vùng đất băng giá này từng là một khu rừng tươi tốt. Thảm họa gây ra sự đảo cực từ trường cũng trùng hợp với một sự kiện khác: Hiện Tượng Etheric Sea, nuốt chửng bầu trời Solaris và cắt đứt mọi con đường ra ngoài không gian.
Spacetrek Collective được thành lập để khôi phục việc thám hiểm không gian thông qua Stridergate. Nhưng nhân loại còn phải đối mặt với một mối đe dọa khác dưới hình dạng Aleph-1, sinh vật ngoài hành tinh Threnodian ẩn nấp bên kia Stridergate.",C?n ti?ng Anh nghi v?n: Aleph; Collective; Etheric; Herssen; Luuk; Roya; Sea; Spacetrek; Stridergate | S? t?/c?m nghi v?n: 10 | T? l? nghi v?n: 0.435 | M?c ??: 33.35
"[Resistance]: This enemy has a higher <color=Fire>Fusion RES</color>.

[Red Shift]: Reactor Husk enters the Huntfire state upon recovering from Immobilization for the first time. While in this state, the Vulnerable Core on its left arm will no longer be exposed under Negative Statuses. When the Vulnerable Core is exposed, Reactor Husk takes increased DMG. Huntfire ends when Reactor Husk is Immobilized again or when its left-arm armor is destroyed.

[Death's Dance]: 3 minutes after the battle begins, Resonators' ATK is increased by 10% every 10s, up to 100%. The DMG taken by Resonators will also increase by 10% every 10s, with no stacking limit. All Resonators in the team lose 10% of their Max HP every 2s, until their HP reaches 20%.","[Kháng Cự]: Kẻ địch này có <color=Fire>Fusion RES</color> cao hơn.

[Shift Đỏ]: Khi hồi phục khỏi Trạng Thái Bất Động lần đầu, Reactor Husk bước vào trạng thái Săn Lửa. Trong trạng thái này, Vulnerable Core trên cánh tay trái sẽ không còn lộ ra khi chịu Trạng Thái Tiêu Cực. Khi Vulnerable Core lộ ra, Reactor Husk nhận sát thương tăng thêm. Trạng thái Săn Lửa kết thúc khi Reactor Husk bị Bất Động lần nữa hoặc khi giáp cánh tay trái bị phá hủy.

[Điệu Nhảy Tử Thần]: Sau 3 phút giao tranh, Tấn Công của Resonators tăng 10% mỗi 10 giây, tối đa 100%. Sát thương nhận vào cũng tăng 10% mỗi 10 giây, không giới hạn chồng. Tất cả Resonators trong đội mất 10% HP tối đa mỗi 2 giây, cho đến khi HP còn dưới 20%.",C?n ti?ng Anh nghi v?n: Core; Husk; Reactor; RES; Vulnerable | S? t?/c?m nghi v?n: 11 | T? l? nghi v?n: 0.333 | M?c ??: 33.33
"This traditional performance takes many forms, from solo shows featuring only the Agile Head to a duo combining both the Agile Head and the Steady Tail.
Agile Head is a jargon for Lion Head.","Màn biểu diễn truyền thống này có nhiều hình thức, từ độc tấu chỉ có Agile Head đến song tấu kết hợp cả Agile Head và Steady Tail.
Agile Head là biệt danh của Lion Head.",C?n ti?ng Anh nghi v?n: Agile; Head; Lion; Steady; Tail | S? t?/c?m nghi v?n: 10 | T? l? nghi v?n: 0.833 | M?c ??: 33.33
"<te href=851006><color=#c79f49>Devour</color></te>: Devour <SapTag=0>{0}</SapTag> <te href=851055><color=#c79f49>adjacent</color></te> {Cus:Sap,S=Echo P=Echoes SapTag=0} every day, and gain the <te href=851009><color=#c79f49>Daily Coupon</color></te> yield of the Devoured target. When Devouring Echoes with the same Dream Attribute, there is a {1}% chance to Devour again. You can Devour up to <SapTag=2>{2}</SapTag> {Cus:Sap,S=time P=times SapTag=2} a day.","<te href=851006><color=#c79f49>Devour</color></te>: Mỗi ngày, Devour <SapTag=0>{0}</SapTag> {Cus:Sap,S=Echoes P=Echoes SapTag=0} <te href=851055><color=#c79f49>adjacent</color></te> và nhận sản lượng <te href=851009><color=#c79f49>Daily Coupon</color></te> của mục tiêu bị Devour. Khi Devour Echoes cùng thuộc tính Dream, có {1}% cơ hội Devour tiếp. Mỗi ngày có thể Devour tối đa <SapTag=2>{2}</SapTag> {Cus:Sap,S=lần P=lần SapTag=2}.",C?n ti?ng Anh nghi v?n: adjacent; Coupon; Daily; Devour; Dream | S? t?/c?m nghi v?n: 10 | T? l? nghi v?n: 0.833 | M?c ??: 33.33
"Attack the target and deal {0} <color=Light>Spectro DMG</color>. The next incoming Resonator gain {1} All DMG Amplification and {2} Resonance Liberation DMG Amplification for 14s or until they are switched out.
Lynae leaves the <color=Highlight><te href=150902>Kaleidoscopic Parade</te></color> state upon casting Outro Skill.","Tấn công mục tiêu và gây {0} <color=Light>Spectro DMG</color>. Resonator tiếp theo tham chiến sẽ nhận {1} Khuếch Đại Toàn Bộ Sát Thương và {2} DMG Amplification Resonance Liberation trong 14 giây hoặc cho đến khi bị thay ra.
Lynae rời khỏi trạng thái <color=Highlight><te href=150902>Kaleidoscopic Parade</te></color> khi thi triển Outro Skill.",C?n ti?ng Anh nghi v?n: Amplification; Kaleidoscopic; Liberation; Lynae; Outro; Parade; Skill | S? t?/c?m nghi v?n: 7 | T? l? nghi v?n: 0.333 | M?c ??: 33.33
Rover: Heavy Attack Tutorial <color=#d4bf5f>Heavy Attack: Aftertune</color>,Rover: Hướng dẫn Heavy Attack <color=#d4bf5f>Heavy Attack: Aftertune</color>,C?n ti?ng Anh nghi v?n: Aftertune; Attack; Heavy | S? t?/c?m nghi v?n: 5 | T? l? nghi v?n: 0.833 | M?c ??: 33.33
Rover: Heavy Attack Tutorial <color=#d4bf5f>Heavy Attack: Aftertune</color>,Rover: Hướng dẫn Heavy Attack <color=#d4bf5f>Heavy Attack: Aftertune</color>,C?n ti?ng Anh nghi v?n: Aftertune; Attack; Heavy | S? t?/c?m nghi v?n: 5 | T? l? nghi v?n: 0.833 | M?c ??: 33.33
"In <color=Highlight>Heavy Attack Boost</color> state, <color=Highlight>Heavy Attack</color> gains DMG Amplification.","Trong trạng thái <color=Highlight>Heavy Attack Boost</color>, <color=Highlight>Heavy Attack</color> được khuếch đại sát thương.",C?n ti?ng Anh nghi v?n: Attack; Boost; Heavy | S? t?/c?m nghi v?n: 5 | T? l? nghi v?n: 0.833 | M?c ??: 33.33
"The team gains a stack of Momentum Mark when dealing Basic Attack DMG. Upon reaching 30 stacks, all Marks are cleared to unleash 1 large-scale Impact.

Team I Buff: Casting Resonance Skill grants the team a stack of Momentum Mark when hitting a target. This effect lasts for 4s.

Team II Buff: Triggering Impact increases all team members' ATK by 30% for 30s.","Đội nhận 1 điểm Dấu Hiệu Động Lượng khi gây Sát Thương Basic Attack. Khi đạt 30 điểm, toàn bộ dấu hiệu sẽ được xóa để giải phóng 1 Vụ Nổ quy mô lớn.

Hiệu ứng Đội I: Khi sử dụng Resonance Skill trúng mục tiêu, đội nhận 1 điểm Dấu Hiệu Động Lượng. Hiệu ứng kéo dài 4 giây.

Hiệu ứng Đội II: Kích hoạt Vụ Nổ tăng 30% Attack cho tất cả thành viên trong đội trong 30 giây.",C?n ti?ng Anh nghi v?n: Attack; Basic; I; II; Skill | S? t?/c?m nghi v?n: 6 | T? l? nghi v?n: 0.429 | M?c ??: 33.29
"The team gains a stack of Momentum Mark when dealing Basic Attack DMG. Upon reaching 30 stacks, all Marks are cleared to unleash 2 large-scale Impacts.

Team I Buff: Casting Resonance Skill grants the team a stack of Momentum Mark when hitting a target. This effect lasts for 4s.

Team II Buff: Triggering Impact increases all team members' ATK by 30% for 30s.","Đội nhận 1 điểm Dấu Hiệu Động Lượng khi gây Sát Thương Basic Attack. Khi đạt 30 điểm, toàn bộ dấu hiệu sẽ được xóa để giải phóng 2 Vụ Nổ quy mô lớn.

Hiệu ứng Đội I: Khi sử dụng Resonance Skill trúng mục tiêu, đội nhận 1 điểm Dấu Hiệu Động Lượng. Hiệu ứng kéo dài 4 giây.

Hiệu ứng Đội II: Kích hoạt Vụ Nổ tăng 30% Attack cho tất cả thành viên trong đội trong 30 giây.",C?n ti?ng Anh nghi v?n: Attack; Basic; I; II; Skill | S? t?/c?m nghi v?n: 6 | T? l? nghi v?n: 0.429 | M?c ??: 33.29
"{Cus:Ipt,Touch=Tap PC=Press Gamepad=Press} Resonance Skill shortly after casting <color=Highlight>Basic Attack Stage 4</color> to cast <color=Highlight>Chained Resonance Skill 1</color>, dealing <color=Wind>Aero DMG</color>.","Nhấn {Cus:Ipt,Touch=Ấn PC=press Gamepad=press} Resonance Skill ngay sau khi tung <color=Highlight>Basic Attack Stage 4</color> để thực hiện <color=Highlight>Chained Resonance Skill 1</color>, gây <color=Wind>Aero DMG</color>.",C?n ti?ng Anh nghi v?n: Attack; Basic; Chained; Skill; Stage | S? t?/c?m nghi v?n: 6 | T? l? nghi v?n: 0.429 | M?c ??: 33.29
"Enemies take 30% more total DMG.

Dealing damage or defeating enemies restores Ember. 
 
The Burning Waves state starts when Ember is full, which lasts for 30s. During this state, attacks that hit enemies cause them to take 60% more total DMG for 5s.

All Tokens have unlimited uses while inside the Infinite Torrents.
 
When hit by a Resonator's skill, enemies in the <color=#ffb04a>Mistune</color> state take an instance of <color=#ffb04a>Tune Break DMG</color> and then exit the <color=#ffb04a>Mistune</color> state.","Kẻ địch chịu thêm 30% tổng Sát Thương.

Gây sát thương hoặc đánh bại kẻ địch sẽ hồi phục Ember.

Trạng thái Burning Waves kích hoạt khi Ember đầy, kéo dài 30 giây. Trong trạng thái này, các đòn tấn công trúng kẻ địch sẽ khiến chúng chịu thêm 60% tổng Sát Thương trong 5 giây.

Tất cả Mảnh có thể sử dụng không giới hạn khi ở trong Infinite Torrents.

Khi bị kỹ năng của Resonator đánh trúng, kẻ địch trong trạng thái <color=#ffb04a>Mistune</color> sẽ chịu một lần <color=#ffb04a>Tune Break DMG</color> và thoát khỏi trạng thái <color=#ffb04a>Mistune</color>.",C?n ti?ng Anh nghi v?n: Break; Burning; Ember; Infinite; Mistune; Torrents; Tune; Waves | S? t?/c?m nghi v?n: 10 | T? l? nghi v?n: 0.526 | M?c ??: 33.26
"<color=yellow>Team-up Guide: </color>

Yangyang's Resonance Skill ""Wind Feather Break"" and Resonance Burst ""North Wind Effect"" can both generate monster gathering effects, greatly improving output efficiency.","<color=yellow>Đội-up Guide:</color>

Resonance Skill ""Phá Gió Feather"" và Kỹ Năng Bùng Nổ ""Effect Gió Bắc"" của Yangyang đều có thể tạo hiệu ứng tập trung quái vật, tăng đáng kể hiệu suất tấn công.",C?n ti?ng Anh nghi v?n: Effect; Feather; Guide; Skill; up | S? t?/c?m nghi v?n: 5 | T? l? nghi v?n: 0.625 | M?c ??: 33.25
"<color=#e8aa32>[<te href=750023>Fusion-Type Combat Machine</te>]</color>

When Fusion-Type Combat Machines deal damage, there is a <color=Highlight>{0}</color> chance to directly defeat small Tacet Discords (deal <color=Highlight>{1}</color> Fusion DMG to medium Tacet Discords instead).
Tacet Discords defeated by Fusion-Type Combat Machines have a <color=Highlight>{2}</color> chance to drop 1 pile of Lucky Coin. When Hologram Echo: Chest Mimic triggers this effect, the number of Lucky Coins dropped is doubled.","<color=#e8aa32>[<te href=750023>Fusion-Type Combat Machine</te>]</color>

Khi Combat Machines Loại Fusion gây sát thương, có <color=Highlight>{0}</color> xác suất tiêu diệt trực tiếp Tacet Discord nhỏ (thay vào đó gây <color=Highlight>{1}</color> Fusion DMG lên Tacet Discord cỡ trung).
Tacet Discord bị tiêu diệt bởi Combat Machines Loại Fusion có <color=Highlight>{2}</color> xác suất rơi 1 đống Lucky Coin. Khi Hologram Echo: Chest Mimic kích hoạt hiệu ứng này, số lượng Lucky Coin rơi sẽ tăng gấp đôi.",C?n ti?ng Anh nghi v?n: Chest; Coin; Combat; Hologram; Lucky; Machines; Mimic | S? t?/c?m nghi v?n: 11 | T? l? nghi v?n: 0.423 | M?c ??: 33.23
"<color=#e8aa32>[<te href=750023>Fusion-Type Combat Machine</te>]</color>

When Fusion-Type Combat Machines deal damage, there is a <color=Highlight>{0}</color> chance to directly defeat small Tacet Discords (deal <color=Highlight>{1}</color> Fusion DMG to medium Tacet Discords instead).
Tacet Discords defeated by Fusion-Type Combat Machines have a <color=Highlight>{2}</color> chance to drop 1 pile of Lucky Coin. When Hologram Echo: Chest Mimic triggers this effect, the number of Lucky Coins dropped is doubled.","<color=#e8aa32>[<te href=750023>Fusion-Type Combat Machine</te>]</color>

Khi Combat Machines Loại Fusion gây sát thương, có <color=Highlight>{0}</color> xác suất tiêu diệt trực tiếp Tacet Discord nhỏ (thay vào đó gây <color=Highlight>{1}</color> Fusion DMG lên Tacet Discord cỡ trung).
Tacet Discord bị tiêu diệt bởi Combat Machines Loại Fusion có <color=Highlight>{2}</color> xác suất rơi 1 đống Lucky Coin. Khi Hologram Echo: Chest Mimic kích hoạt hiệu ứng này, số lượng Lucky Coin rơi sẽ tăng gấp đôi.",C?n ti?ng Anh nghi v?n: Chest; Coin; Combat; Hologram; Lucky; Machines; Mimic | S? t?/c?m nghi v?n: 11 | T? l? nghi v?n: 0.423 | M?c ??: 33.23
"Deal Aero DMG to surrounding enemies equal to 100% of Rover's ATK. Then increase Movement Speed by 48%, which gradually decreases to 0% over 4s. Each 1% Movement Speed gained during this time grants 0.8% DMG Bonus.
<color=Highlight>At Resonator Lv. 5</color>
Movement Speed bonus increases to 64%, and the damage conversion rate rises to 1%.
<color=Highlight>At Resonator Lv. 10</color>
Movement Speed bonus increases to 80%, and the damage conversion rate rises to 1.2%.","Gây Aero DMG lên kẻ địch xung quanh bằng 100% Tấn Công của Rover. Sau đó, tăng Movement Speed lên 48%, giảm dần về 0% trong 4 giây. Mỗi 1% Movement Speed tăng thêm trong thời gian này sẽ cộng thêm 0.8% Sát Thương.
<color=Highlight>At Resonator Lv. 5</color>
Tăng Movement Speed lên 64%, tỷ lệ chuyển đổi sát thương tăng lên 1%.
<color=Highlight>At Resonator Lv. 10</color>
Tăng Movement Speed lên 80%, tỷ lệ chuyển đổi sát thương tăng lên 1.2%.",C?n ti?ng Anh nghi v?n: At; Lv; Movement; Speed | S? t?/c?m nghi v?n: 12 | T? l? nghi v?n: 0.522 | M?c ??: 33.22
"Echo Sonata Effect: Havoc Eclipse

2pcs Set: Havoc DMG + 10%.
5pcs Set: Havoc DMG + 7.5% after releasing Basic Attack or Heavy Attack. This effect stacks up to 4 times, each stack lasts 15s.","Effect Bộ Hồi Âm: Nhật Thực Hỗn Loạn

2 món: Havoc DMG + 10%.
5 món: Sau khi tung Basic Attack hoặc Heavy Attack, Havoc DMG tăng thêm 7,5%. Hiệu ứng này có thể chồng chất tối đa 4 lần, mỗi lần kéo dài 15 giây.",C?n ti?ng Anh nghi v?n: Attack; Basic; Effect; Heavy | S? t?/c?m nghi v?n: 5 | T? l? nghi v?n: 0.417 | M?c ??: 33.17
"<color=#c49e55>[Resonance Skill]</color> After casting Resonance Skill, the next Basic Attack cast within {0}s will be replaced with Rapid: Heavy Attack - Detonate, increasing resistance to interruption. Ice Burst DMG is increased by {1}.","<color=#c49e55>[Resonance Skill]</color> Sau khi sử dụng Resonance Skill, đòn Basic Attack tiếp theo trong {0} giây sẽ được thay thế bằng Kỹ Năng Nhanh: Heavy Attack - Kích Nổ, tăng khả năng kháng gián đoạn. Sát thương Bùng Nổ Băng tăng {1}.",C?n ti?ng Anh nghi v?n: Attack; Basic; Heavy; Skill | S? t?/c?m nghi v?n: 5 | T? l? nghi v?n: 0.417 | M?c ??: 33.17
"<color=Highlight>Activated upon having 3 Bond Members in the team</color>
When in Synergy Burst, DMG dealt by all Resonators in the team is Amplified by {0}.","<color=Highlight>Activated upon having 3 Bond Members in the team</color>
Khi trong trạng thái Cơn Bùng Nổ Đồng Điệu, Sát Thương gây ra bởi tất cả Synergy Giả trong đội sẽ được Khuếch Đại thêm {0}.",C?n ti?ng Anh nghi v?n: Activated; Bond; having; in; Members; Synergy; team; upon | S? t?/c?m nghi v?n: 8 | T? l? nghi v?n: 0.615 | M?c ??: 33.15
"<color=Highlight>Activated upon having 3 Bond Members in the team</color>
When in Synergy Boost:
Each time a Data Bomb hits a target, the target's DEF is reduced by {0} for {2}s, stacking up to {1} times.","<color=Highlight>Activated upon having 3 Bond Members in the team</color>
Khi trong trạng thái Đồng Điệu Tăng Cường:
Mỗi lần Quả Bom Data trúng mục tiêu, Phòng Ngự của mục tiêu sẽ bị giảm {0} trong {2} giây, tối đa chồng chất {1} lần.",C?n ti?ng Anh nghi v?n: Activated; Bond; Data; having; in; Members; team; upon | S? t?/c?m nghi v?n: 8 | T? l? nghi v?n: 0.615 | M?c ??: 33.15
"Perform up to 4 consecutive attacks. When performing <color=Highlight>Basic Attack 3</color>, hold <color=Highlight>Normal Attack Button</color> to continuously strike the target.","Thực hiện tối đa 4 đòn tấn công liên tiếp. Khi thực hiện <color=Highlight>Basic Attack 3</color>, giữ <color=Highlight>Normal Attack Button</color> để liên tục ra đòn vào mục tiêu.",C?n ti?ng Anh nghi v?n: Attack; Basic; Button; Normal | S? t?/c?m nghi v?n: 5 | T? l? nghi v?n: 0.714 | M?c ??: 33.14
"Jump into mid-air, then <color=Highlight>{Cus:Ipt,Touch=tap PC=press Gamepad=press} Normal Attack 3 times</color> to cast Basic Attack Stage 4.","Nhảy lên không trung, rồi <color=Highlight>{Cus:Ipt,Touch=tap PC=press Gamepad=press} Normal Attack 3 lần</color> để tung chiêu Basic Attack Stage 4.",C?n ti?ng Anh nghi v?n: Attack; Basic; Normal; Stage | S? t?/c?m nghi v?n: 5 | T? l? nghi v?n: 0.714 | M?c ??: 33.14
"With 3 segments of <color=Highlight>Forte Gauge</color>, <color=Highlight>hold Normal Attack</color> to cast enhanced Heavy Attack.","Với 3 đoạn <color=Highlight>Forte Gauge</color>, <color=Highlight>giữ Normal Attack</color> để thi triển Heavy Attack được tăng cường.",C?n ti?ng Anh nghi v?n: Attack; Gauge; Heavy; Normal | S? t?/c?m nghi v?n: 5 | T? l? nghi v?n: 0.714 | M?c ??: 33.14
"Transform into the False Sovereign to attack nearby enemies and deal Electro DMG.
The Resonator with this Echo equipped in the main slot gains Electro and Heavy Attack DMG Bonus. Upon casting Intro Skill, summon the False Sovereign to deal Electro DMG.","Biến thành Kẻ Giả Mạo Quân Chủ để tấn công kẻ địch xung quanh, gây Electro DMG.
Resonator gắn Echo này ở vị trí chính sẽ nhận Electro DMG Bonus và Heavy Attack. Khi kích hoạt Intro Skill, triệu hồi Kẻ Giả Mạo Quân Chủ để gây Electro DMG.",C?n ti?ng Anh nghi v?n: Attack; Bonus; Heavy; Intro; Skill | S? t?/c?m nghi v?n: 5 | T? l? nghi v?n: 0.312 | M?c ??: 33.12
"When <color=Highlight>Conviction</color> reaches 120 points, {Cus:Ipt,Touch=tap PC=press Gamepad=press} Resonance Liberation to cast <color=Highlight>Resonance Liberation - Blade of Howling Squall</color>.","Khi <color=Highlight>Conviction</color> đạt 120 điểm, {Cus:Ipt,Touch=tap PC=press Gamepad=press} Resonance Liberation để sử dụng <color=Highlight>Resonance Liberation - Blade of Howling Squall</color>.",C?n ti?ng Anh nghi v?n: Blade; Conviction; Howling; Liberation; of; Squall | S? t?/c?m nghi v?n: 7 | T? l? nghi v?n: 0.7 | M?c ??: 33.0
"<color=#c49e55>[Resonance Skill]</color>
· DMG dealt by Encore's Resonance Skill, Dreamscape: Cloudy, and Dreamscape: Cosmos ignores {0} of the target's DEF.
· Summoning Dreamscape: Cloudy also summons Dreamscape: Cosmos, dealing Fusion DMG equal to {1} of Encore's ATK, considered Basic Attack DMG. This effect can be triggered once every {2}s.","<color=#c49e55>[Resonance Skill]</color>
· Sát thương gây ra bởi Resonance Skill của Encore, Mộng Cảnh: Mây Cloudy và Mộng Cảnh: Cosmos sẽ bỏ qua {0} Phòng Ngự của mục tiêu.
· Triệu hồi Mộng Cảnh: Mây Cloudy cũng sẽ triệu hồi Mộng Cảnh: Cosmos, gây Fusion DMG bằng {1} sức tấn công của Encore, được tính là sát thương Basic Attack. Hiệu ứng này chỉ có thể kích hoạt mỗi {2} giây một lần.",C?n ti?ng Anh nghi v?n: Attack; Basic; Cloudy; Cosmos; Skill | S? t?/c?m nghi v?n: 7 | T? l? nghi v?n: 0.5 | M?c ??: 33.0
"The team gains a stack of Momentum Mark for 2s when dealing Basic Attack DMG. Upon reaching 30 stacks, all Marks are cleared to unleash 2 small-scale Impacts.

Team I Buff: Casting Resonance Skill grants the team a stack of Momentum Mark when hitting a target. This effect lasts for 4s.

Team II Buff: Triggering Impact increases all team members' ATK by 30% for 30s.","Đội nhận 1 điểm Dấu Hiệu Động Lượng trong 2 giây khi gây Sát Thương Basic Attack. Khi đạt 30 điểm, toàn bộ dấu hiệu sẽ được xóa để giải phóng 2 Vụ Nổ quy mô nhỏ.

Hiệu ứng Đội I: Khi sử dụng Resonance Skill trúng mục tiêu, đội nhận 1 điểm Dấu Hiệu Động Lượng. Hiệu ứng kéo dài 4 giây.

Hiệu ứng Đội II: Kích hoạt Vụ Nổ tăng 30% Attack cho tất cả thành viên trong đội trong 30 giây.",C?n ti?ng Anh nghi v?n: Attack; Basic; I; II; Skill | S? t?/c?m nghi v?n: 6 | T? l? nghi v?n: 0.4 | M?c ??: 33.0
"Casting this skill increases the DMG dealt by all nearby Resonators in the team.
<size=10></size>
<size=40><color=Title>Motorbike Chain Attack</color></size>
{Cus:Ipt,Touch=Tap PC=Press Gamepad=Press} Normal Attack within a certain time after casting <color=Highlight>Resonance Liberation</color> to cast a chain attack using the motorbike.","Kích hoạt kỹ năng này sẽ tăng Sát Thương gây ra bởi tất cả Resonators trong đội ở gần.
<size=10></size>
<size=40><color=Title>Motorbike Chain Attack</color></size>
{Cus:Ipt,Touch=tap PC=press Gamepad=press} Normal Attack trong khoảng thời gian nhất định sau khi kích hoạt <color=Highlight>Resonance Liberation</color> để thực hiện đòn tấn công xích bằng xe máy.",C?n ti?ng Anh nghi v?n: Attack; Chain; Liberation; Motorbike; Normal | S? t?/c?m nghi v?n: 6 | T? l? nghi v?n: 0.4 | M?c ??: 33.0
"<color=#c49e55>[Resonance Skill]</color>
Sync Strike DMG is Amplified. After performing Sync Strike, the DMG of Basic Attack, Dodge Counter, Starlight Resonance, and Starlight Ember is Amplified.","<color=#c49e55>[Resonance Skill]</color>
Sát thương Đồng Bộ Attack được khuếch đại. Sau khi thực hiện Đồng Bộ Attack, sát thương của Basic Attack, Dodge Counter, Resonance Sao và Than Hồng Sao được khuếch đại.",C?n ti?ng Anh nghi v?n: Attack; Basic; Counter; Dodge | S? t?/c?m nghi v?n: 6 | T? l? nghi v?n: 0.5 | M?c ??: 33.0
"When Resonance Energy is full, <color=#c89a45>1 stack</color> of Resonance Liberation Mark is additionally granted per second. Each stack of Resonance Liberation Mark increases Resonance Liberation DMG by an additional <color=#c89a45>40%</color>.","Khi Resonance Energy đạt tối đa, mỗi giây sẽ nhận thêm <color=#c89a45>1 stack</color> Đánh Dấu Resonance Liberation. Mỗi tầng Đánh Dấu Resonance Liberation làm tăng Sát Thương Resonance Liberation thêm <color=#c89a45>40%</color>.",C?n ti?ng Anh nghi v?n: Energy; Liberation; stack | S? t?/c?m nghi v?n: 5 | T? l? nghi v?n: 0.5 | M?c ??: 33.0
"Dealing Basic Attack DMG increases Spectro DMG by {0} for {2}s, stacking up to {1} times. With {1} stacks, casting Resonance Liberation grants {3} Basic Attack DMG Bonus.","Gây Sát Thương Basic Attack sẽ tăng Spectro DMG thêm {0} trong {2} giây, có thể tích lũy tối đa {1} lần. Khi đạt {1} tầng, sử dụng Resonance Liberation sẽ tăng {3} Sát Thương Basic Attack.",C?n ti?ng Anh nghi v?n: Attack; Basic; Liberation | S? t?/c?m nghi v?n: 5 | T? l? nghi v?n: 0.5 | M?c ??: 33.0
Outro Skill & Intro Skill,Outro Skill & Intro Skill,C?n ti?ng Anh nghi v?n: Intro; Outro; Skill | S? t?/c?m nghi v?n: 4 | T? l? nghi v?n: 1.0 | M?c ??: 33.0
Increases Basic Attack DMG Bonus and Heavy Attack DMG Bonus by {0}.,Tăng Hiệu Ứng Sát Thương Basic Attack và Heavy Attack lên {0}.,C?n ti?ng Anh nghi v?n: Attack; Basic; Heavy | S? t?/c?m nghi v?n: 4 | T? l? nghi v?n: 1.0 | M?c ??: 33.0
Increases Basic Attack and Heavy Attack DMG Bonus by {0}.,Tăng Hiệu Ứng Sát Thương Basic Attack và Heavy Attack lên {0}.,C?n ti?ng Anh nghi v?n: Attack; Basic; Heavy | S? t?/c?m nghi v?n: 4 | T? l? nghi v?n: 1.0 | M?c ??: 33.0
<color=#c49e55>[Heavy Attack]</color> Casting Heavy Attack: Detonate enhances Basic Attack. Ice Burst DMG is significantly increased.,<color=#c49e55>[Heavy Attack]</color> Sử dụng Heavy Attack: Bùng Nổ sẽ tăng cường Basic Attack. Sát Thương Vụ Nổ Băng tăng đáng kể.,C?n ti?ng Anh nghi v?n: Attack; Basic; Heavy | S? t?/c?m nghi v?n: 4 | T? l? nghi v?n: 1.0 | M?c ??: 33.0
"<color=Highlight>[Forte Circuit]</color>
Demon Hypostasis grants <color=Highlight>{0}</color> Echo Skill DMG Bonus, and increases the total DMG of Basic Attack and Heavy Attack by <color=Highlight>{1}</color>.","<color=Highlight>[Forte Circuit]</color>
Dạng Ác Quỷ tăng <color=Highlight>{0}</color> Sát Thương Kỹ Năng Dư Âm và tăng tổng sát thương của Basic Attack và Đòn Heavy Attack thêm <color=Highlight>{1}</color>.",C?n ti?ng Anh nghi v?n: Attack; Basic; Heavy | S? t?/c?m nghi v?n: 4 | T? l? nghi v?n: 1.0 | M?c ??: 33.0
"Transform into the False Sovereign and dash forward in a spinning strike, dealing {0} Electro DMG 4 times.
The Resonator with this Echo equipped in the main slot gains {1} Electro DMG Bonus and {2} Heavy Attack DMG Bonus. Upon casting Intro Skill, the False Sovereign is also summoned to deal {3} Electro DMG.
Start with {4} charges. Gain 1 charge every {5}s, up to {6} charges.
CD: {7}s","Biến thành Kẻ Giả Mạo Quân Chủ và lao tới trong đòn xoay tấn công, gây {0} Electro DMG 4 lần.
Resonator gắn Echo này ở vị trí chính sẽ nhận {1} Electro DMG Bonus và {2} Tăng Sát Thương Heavy Attack. Khi kích hoạt Intro Skill, Kẻ Giả Mạo Quân Chủ cũng được triệu hồi để gây {3} Electro DMG.
Bắt đầu với {4} lần tích năng. Mỗi {5} giây tích được 1 lần, tối đa {6} lần.
Hồi chiêu: {7} giây.",C?n ti?ng Anh nghi v?n: Attack; Bonus; Heavy; Intro; Skill | S? t?/c?m nghi v?n: 5 | T? l? nghi v?n: 0.294 | M?c ??: 32.94
"Integration: When 3 Echoes with the same Dream Attribute and rarity as this Echo are in the same row, they Integrate into 1 Rage Against the Statue and gain Dreamland Coupons equal to 60 + total Daily Coupon yield x2.","Integration: Khi 3 Echoes cùng Thuộc Tính Giấc Mơ và độ hiếm với Echoes này đứng cùng hàng, chúng sẽ Integration thành 1 Rage Against the Statue và nhận được Dreamland Coupons tương đương 60 + tổng số Daily Coupon x2.",C?n ti?ng Anh nghi v?n: Against; Coupon; Coupons; Daily; Dreamland; Integration; Rage; Statue | S? t?/c?m nghi v?n: 9 | T? l? nghi v?n: 0.692 | M?c ??: 32.92
"1. During the Moon-Chasing Festival, you can increase Popularity via the activities in <color=#8c7e51>Lodge Wishes</color> and <color=#8c7e51>Fair Stalls</color> to make the Moonlit Fair more lively.
2. Popularity ranges from Level 1 to Level 6.","1. Trong Moon-Chasing Festival, bạn có thể tăng Độ Nổi Tiếng qua các hoạt động tại <color=#8c7e51>Lodge Wishes</color> và <color=#8c7e51>Fair Stalls</color> để làm cho Moonlit Fair thêm sôi động.
2. Độ Nổi Tiếng dao động từ Cấp 1 đến Cấp 6.",C?n ti?ng Anh nghi v?n: Chasing; Fair; Festival; Lodge; Moon; Moonlit; Stalls; Wishes | S? t?/c?m nghi v?n: 9 | T? l? nghi v?n: 0.692 | M?c ??: 32.92
DMG dealt by the effects triggered by the Bond Fairy Tale's Finale (such as Bouncy Brawl and Whimsical Whirl) is Amplified by {0}.,Sát thương gây ra bởi các hiệu ứng kích hoạt từ Bond Fairy Tale's Finale (như Bouncy Brawl và Whimsical Whirl) được Khuếch Đại thêm {0}.,C?n ti?ng Anh nghi v?n: Bond; Bouncy; Brawl; Fairy; Finale; Tale's; Whimsical; Whirl | S? t?/c?m nghi v?n: 8 | T? l? nghi v?n: 0.889 | M?c ??: 32.89
"When <color=Highlight>Forte Gauge</color> is full, <color=Highlight>Enhanced Resonance Skill</color> becomes available. 
Deal <color=Dark>Havoc DMG</color> and <color=Highlight>mark</color> the targets.
Casting this skill sends Chisa into <color=Highlight>Chainsaw Mode</color>.","Khi <color=Highlight>Forte Gauge</color> đầy, có thể sử dụng <color=Highlight>Enhanced Resonance Skill</color>.
Gây <color=Dark>Havoc DMG</color> và <color=Highlight>mark</color> mục tiêu.
Sử dụng kỹ năng này sẽ đưa Chisa vào <color=Highlight>Chainsaw Mode</color>.",C?n ti?ng Anh nghi v?n: Chainsaw; Chisa; Enhanced; Gauge; mark; Mode; Skill | S? t?/c?m nghi v?n: 7 | T? l? nghi v?n: 0.583 | M?c ??: 32.83
"When a Resonator in the team defeats a target marked by <color=Highlight><te href=150801>Unseen Snare</te></color>, the Cooldown of Chisa's Resonance Skill <color=Highlight>Eye of Unraveling</color> is reset, triggered up to once every {0}s.","Khi một Resonator trong đội tiêu diệt mục tiêu bị đánh dấu bởi <color=Highlight><te href=150801>Unseen Snare</te></color>, Cooldown chiêu của Resonance Skill <color=Highlight>Eye of Unraveling</color> của Chisa sẽ được đặt lại, hiệu ứng này chỉ có thể kích hoạt tối đa một lần mỗi {0} giây.",C?n ti?ng Anh nghi v?n: Cooldown; Eye; of; Skill; Snare; Unraveling; Unseen | S? t?/c?m nghi v?n: 7 | T? l? nghi v?n: 0.583 | M?c ??: 32.83
"<color=#723a2e><size=36>ROM Effect</size></color>
When in Wide Field Observation Mode, the whole team deals <color=#f97507>{0}</color> more Skill DMG.
Mornye fires lasers upon each collision with an enemy, dealing Skill DMG equal to <color=#f97507>{1}</color> of ATK.","<color=#723a2e><size=36>Effect ROM</size></color>
Khi ở Wide Field Observation Mode, toàn đội gây thêm <color=#f97507>{0}</color> Sát Thương Kỹ Năng.
Mornye bắn tia laser mỗi khi va chạm với kẻ địch, gây Sát Thương Kỹ Năng bằng <color=#f97507>{1}</color> Tấn Công.",C?n ti?ng Anh nghi v?n: Effect; Field; Mode; Mornye; Observation; ROM; Wide | S? t?/c?m nghi v?n: 7 | T? l? nghi v?n: 0.583 | M?c ??: 32.83
"With an Antique, tap to cast the corresponding Antique Appraisal and obtain the corresponding Auspices.
At four Auspices, hold Normal Attack to cast Poetic Essence. Additional effects are granted based on the combination of Auspices.","Với một Đồ Cổ, chạm để sử dụng Đánh Giá Đồ Cổ tương ứng và nhận được Auspices phù hợp.
Khi đạt bốn Auspices, giữ Normal Attack để sử dụng Poetic Essence. Hiệu ứng bổ sung sẽ được kích hoạt dựa trên tổ hợp Auspices.",C?n ti?ng Anh nghi v?n: Attack; Auspices; Essence; Normal; Poetic | S? t?/c?m nghi v?n: 7 | T? l? nghi v?n: 0.778 | M?c ??: 32.78
"Transform into Fallacy of No Return and perform consecutive strikes forward, dealing a total of {0} <color=#ffd12f>Spectro DMG</color>.
Dealing DMG to enemies with this Echo Skill reduces Resonance Skill Cooldown by {1} for all nearby Resonators in the team and grants {2} Resonance Skill DMG Bonus for {4}s, stacking up to {3} times. Retriggering the effect resets its duration.
CD: {5}s","Biến thành Fallacy of Không Return và thực hiện liên tiếp các đòn tấn công về phía trước, gây tổng cộng {0} <color=#ffd12f>Spectro DMG</color>.
Gây sát thương lên kẻ địch bằng Kỹ Năng Echo này sẽ giảm Cooldown chiêu Resonance Skill {1} cho tất cả Resonators trong đội ở gần và tăng {2} Sát Thương Resonance Skill trong {4} giây, có thể tích lũy tối đa {3} lần. Kích hoạt lại hiệu ứng sẽ làm mới thời gian.
Hồi chiêu: {5} giây",C?n ti?ng Anh nghi v?n: Cooldown; Fallacy; of; Return; Skill | S? t?/c?m nghi v?n: 6 | T? l? nghi v?n: 0.375 | M?c ??: 32.75
"Lunite Subscription
1. Purchase Lunite Subscription to immediately claim Lunite x300 and extend the duration of Lunite Subscription by 30 days.
2. Before the Lunite Subscription expires, you can claim Astrite x90 per day upon log-in. This resets at 04:00 AM server time every day.
3. Before the Lunite Subscription expires, any unclaimed daily rewards on the days you haven't logged in will not be redistributed.

[Notes]
1. When your current Lunite Subscription duration is ≤180 days, you can extend the duration by 30 days with each Lunite Subscription purchase.
2. When your current Lunite Subscription duration is >180 days, you cannot extend the Lunite Subscription further.
3. Any repetitive purchase when your current Lunite Subscription duration is >180 days will be refunded in Lunite x330 without extending the Lunite Subscription.","Lunite Subscription
1. Mua Lunite Subscription để nhận ngay Lunite x300 và gia hạn thời gian đăng ký thêm 30 ngày.
2. Trước khi Lunite Subscription hết hạn, bạn có thể nhận Astrite x90 mỗi ngày khi đăng nhập. Phần thưởng này sẽ được làm mới vào 04:00 AM theo giờ máy chủ hàng ngày.
3. Trước khi Lunite Subscription hết hạn, phần thưởng hàng ngày chưa nhận trong những ngày bạn không đăng nhập sẽ không được bù lại.

[Lưu ý]
1. Khi thời gian đăng ký Gói Lunite hiện tại của bạn ≤180 ngày, mỗi lần mua Gói Đăng Ký sẽ gia hạn thêm 30 ngày.
2. Khi thời gian đăng ký Gói Lunite hiện tại >180 ngày, bạn không thể gia hạn thêm.
3. Nếu mua lặp lại khi thời gian đăng ký hiện tại >180 ngày, số tiền sẽ được hoàn lại bằng Lunite x330 mà không gia hạn thêm thời gian.",C?n ti?ng Anh nghi v?n: Astrite; Lunite; Subscription | S? t?/c?m nghi v?n: 13 | T? l? nghi v?n: 0.371 | M?c ??: 32.71
"<color=Highlight>Successful Dodges</color> deal AoE DMG and <color=Highlight>extend</color> the challenge time. Launching <color=Highlight>Counterattacks</color> <color=Highlight>greatly extends</color> the challenge time, while <color=ThreatHigh>taking damage</color> reduces the challenge time.","<color=Highlight>Successful Dodges</color> gây Sát Thương Khu Vực và <color=Highlight>extend</color> thời gian thử thách. Thực hiện <color=Highlight>Counterattacks</color> sẽ <color=Highlight>greatly extends</color> thời gian thử thách, trong khi <color=ThreatHigh>taking damage</color> sẽ làm giảm thời gian thử thách.",C?n ti?ng Anh nghi v?n: Counterattacks; damage; Dodges; extend; extends; greatly; Successful; taking | S? t?/c?m nghi v?n: 8 | T? l? nghi v?n: 0.571 | M?c ??: 32.71
"<color=Highlight>Activated upon having 3 Bond Members in the team</color>
When in Synergy Burst:
Summoning the Sword of Divinity grants {0} DMG Bonus to all Resonators in the team for {1}s, stacking up to {2} times.","Kích hoạt khi có <color=Highlight>Activated upon having 3 Bond Members in the team</color>
Khi ở trạng thái Đồng Bộ Bùng Nổ:
Triệu hồi Kiếm Thần Thánh sẽ tăng {0} Sát Thương cho tất cả Synergy Giả trong đội trong {1} giây, tối đa {2} lớp.",C?n ti?ng Anh nghi v?n: Activated; Bond; having; in; Members; Synergy; team; upon | S? t?/c?m nghi v?n: 8 | T? l? nghi v?n: 0.571 | M?c ??: 32.71
"Journal Entry of Veron Toccata—Head of Toccata Family
 
The Order was inevitably made aware of Ciaccona's ability. They deemed her destined to become the Toccata Family's most radiant chorister. Per protocol, they conducted a Forte examination on her. These were the results:
 
This member's waveform graph shows elliptical fluctuations with a stable Time Domain. No signs of abnormal fluctuations were observed. The test results are assessed as being within the normal phase.
 
Resonant Criticality: High. This member possesses high stability with minimal risk of <te href=850073>Overclocking</te>.
 
Records indicate no history of Overclocking.
 
There is no current need for psychological counseling.
 
<i>All data appears to be normal, likely due to her perception of melodies being filled with wonder and hope. As she grows older, I sometimes wish she could be happy like this forever... Yet I know that became impossible the moment she took that key.</i>","Journal của Veron Toccata—Trưởng gia tộc Toccata
 
Hội đã không thể tránh khỏi việc biết đến năng lực của Ciaccona. Họ cho rằng số phận của cô là trở thành ca sĩ sáng chói nhất của gia tộc Toccata. Theo quy trình, họ đã tiến hành test Forte đối với cô. Đây là kết quả:
 
Biểu đồ dạng sóng của thành viên này cho thấy dao động hình elip với miền Thời gian ổn định. Không phát hiện dấu hiệu dao động bất thường. Kết quả test được đánh giá là trong giai đoạn bình thường.
 
Độ Tới Hạn Cộng Hưởng: High. Thành viên này sở hữu độ ổn định cao với rủi ro <te href=850073>Overclocking</te> cực thấp.
 
Hồ sơ ghi nhận không có tiền sử Quá Tải.
 
Hiện không cần tư vấn tâm lý.
 
<i>Mọi dữ liệu đều có vẻ bình thường, có lẽ vì cô bé cảm nhận giai điệu tràn đầy điều kỳ diệu và hy vọng. Khi lớn lên, đôi lúc tôi ước gì con bé có thể mãi hạnh phúc như thế... Nhưng tôi biết điều đó đã trở nên bất khả thi từ khi con bé cầm chiếc chìa khóa ấy.</i>",C?n ti?ng Anh nghi v?n: High; Journal; Overclocking; test; Toccata; Veron | S? t?/c?m nghi v?n: 9 | T? l? nghi v?n: 0.265 | M?c ??: 32.65
"KU-Raji of the Black Shores sends you a message: the Spacetrek Observatory has been demolished by a Void Storm. Despite its vital role in charting Lahai-Roi's terrain, ecology, and climate, its reconstruction has stalled…
Now it's the time to restore this frontier. Rebuild Lahai-Roi's route network and support the reconstruction of the Spacetrek Observatory!","KU-Raji từ Bờ Đen gửi lời nhắn tới cậu: Đài quan sát Spacetrek đã bị Void Storm phá hủy. Dù nó đóng vai trò then chốt trong việc lập bản đồ địa hình, hệ sinh thái và khí hậu của Lahai-Roi, việc tái thiết vẫn đang đình trệ…
Giờ là lúc khôi phục vùng đất biên cương này. Hãy xây dựng lại mạng lưới tuyến đường của Lahai-Roi và hỗ trợ tái thiết Đài quan sát Spacetrek!",C?n ti?ng Anh nghi v?n: KU; Lahai; Raji; Spacetrek; Storm; then; Void | S? t?/c?m nghi v?n: 9 | T? l? nghi v?n: 0.562 | M?c ??: 32.62
"KU-Raji of the Black Shores sends you a message: the Spacetrek Observatory has been demolished by a Void Storm. Despite its vital role in charting Lahai-Roi's terrain, ecology, and climate, its reconstruction has stalled…
Now it's the time to restore this frontier. Rebuild Lahai-Roi's route network and support the reconstruction of the Spacetrek Observatory!","KU-Raji từ Bờ Đen gửi lời nhắn tới cậu: Đài quan sát Spacetrek đã bị Void Storm phá hủy. Dù nó đóng vai trò then chốt trong việc lập bản đồ địa hình, hệ sinh thái và khí hậu của Lahai-Roi, việc tái thiết vẫn đang đình trệ…
Giờ là lúc khôi phục vùng đất biên cương này. Hãy xây dựng lại mạng lưới tuyến đường của Lahai-Roi và hỗ trợ tái thiết Đài quan sát Spacetrek!",C?n ti?ng Anh nghi v?n: KU; Lahai; Raji; Spacetrek; Storm; then; Void | S? t?/c?m nghi v?n: 9 | T? l? nghi v?n: 0.562 | M?c ??: 32.62
"<color=Highlight>[Resonance Skill]</color>
- Crit. Rate is increased by <color=Highlight>{0}</color>. Resonance Skill - Unbound Flow that costs Windstring becomes Resonance Skill - Unbound Flow: Ultra.

Resonance Skill - Unbound Flow: Ultra:
- Stage <color=Highlight>{1}</color> pulls in nearby targets. The skill has two more attack stages.
- Rover: Aero is immune to interruption when casting the skill, which has a greater range and inflicts <color=Highlight><SapTag=2>{2}</SapTag></color> {Cus:Sap,S=stack P=stacks SapTag=2} of Aero Erosion on hit.","<color=Highlight>[Resonance Skill]</color>
- Crit. Rate tăng <color=Highlight>{0}</color>. Resonance Skill - Lưu Chuyển Tự Do tiêu hao Windstring sẽ trở thành Resonance Skill - Lưu Chuyển Tự Do: Siêu Cấp.

Resonance Skill - Lưu Chuyển Tự Do: Siêu Cấp:
- Giai đoạn <color=Highlight>{1}</color> hút mục tiêu xung quanh. Skill có thêm hai giai đoạn tấn công.
- Rover: Aero miễn nhiễm với gián đoạn khi thi triển kỹ năng, phạm vi rộng hơn và gây <color=Highlight><SapTag=2>{2}</SapTag></color> {Cus:Sap,S=luỹ thế P=luỹ thế SapTag=2} Erosion Aero khi trúng mục tiêu.",C?n ti?ng Anh nghi v?n: Erosion; Rate; Skill; Windstring | S? t?/c?m nghi v?n: 7 | T? l? nghi v?n: 0.259 | M?c ??: 32.59
"[Resistance]: This enemy has a higher <color=Ice>Glacio RES</color>.

[Barricade]: No Grapple point will be generated when Sentry Construct is in defense stance.
 
[Light Fall]: When Sentry Construct is in the air, it loses an additional 1% Vibration Strength every time it takes damage. This effect can be triggered once every 0.5s. Taking damage while inflicted with Spectro Frazzle reduces an additional 2% Vibration Strength. This effect can be triggered once per second.
 
[Crumble]: 3 minutes after the battle begins, the enemy's ATK is increased by 30% every 10s, with no stack limit. Resonators' ATK is increased by 10% every 10s, up to 100%. All Resonators in the team lose 10% of their Max HP every 2s, until their HP reaches below 20%.","[Kháng Cự]: Kẻ địch này có <color=Ice>Glacio RES</color> cao hơn.

[Hàng Rào]: Sentry Construct trong tư thế phòng thủ sẽ không tạo ra điểm Treo.

[Rơi Light]: Khi Sentry Construct ở trên không, mỗi lần chịu sát thương sẽ làm giảm thêm 1% Vibration Strength. Hiệu ứng này kích hoạt mỗi 0,5 giây. Nếu chịu sát thương khi đang bị Spectro Frazzle, Vibration Strength giảm thêm 2%, kích hoạt mỗi giây.

[Fall]: Sau 3 phút giao tranh, Tấn Công của kẻ địch tăng 30% mỗi 10 giây, không giới hạn chồng. Tấn Công của Resonators tăng 10% mỗi 10 giây, tối đa 100%. Tất cả Resonators trong đội mất 10% HP tối đa mỗi 2 giây, cho đến khi HP còn dưới 20%.",C?n ti?ng Anh nghi v?n: Construct; Frazzle; RES; Sentry; Strength; Vibration | S? t?/c?m nghi v?n: 10 | T? l? nghi v?n: 0.357 | M?c ??: 32.57
"While in her default <color=Highlight>Baseline Mode</color>, Mornye gains <color=Highlight>Rest Mass Energy</color>.","Khi ở <color=Highlight>Baseline Mode</color> mặc định, Mornye nhận được <color=Highlight>Rest Mass Energy</color>.",C?n ti?ng Anh nghi v?n: Baseline; Energy; Mass; Mode; Mornye; Rest | S? t?/c?m nghi v?n: 6 | T? l? nghi v?n: 0.857 | M?c ??: 32.57
Encore: Forte Circuit Tutorial <color=#d4bf5f>Heavy Attack: Cloudy Frenzy</color>,Encore: Hướng dẫn Forte Circuit <color=#d4bf5f>Heavy Attack: Cloudy Frenzy</color>,C?n ti?ng Anh nghi v?n: Attack; Circuit; Cloudy; Encore; Frenzy; Heavy | S? t?/c?m nghi v?n: 6 | T? l? nghi v?n: 0.857 | M?c ??: 32.57
Encore: Forte Circuit Tutorial <color=#d4bf5f>Heavy Attack: Cosmos Rupture</color>,Encore: Hướng dẫn Forte Circuit <color=#d4bf5f>Heavy Attack: Cosmos Rupture</color>,C?n ti?ng Anh nghi v?n: Attack; Circuit; Cosmos; Encore; Heavy; Rupture | S? t?/c?m nghi v?n: 6 | T? l? nghi v?n: 0.857 | M?c ??: 32.57
Verina: Forte Circuit Tutorial <color=#d4bf5f>Heavy Attack: Starflower Blooms</color>,Verina: Hướng dẫn Forte Circuit <color=#d4bf5f>Heavy Attack: Starflower Blooms</color>,C?n ti?ng Anh nghi v?n: Attack; Blooms; Circuit; Heavy; Starflower; Verina | S? t?/c?m nghi v?n: 6 | T? l? nghi v?n: 0.857 | M?c ??: 32.57
"When Trance is not depleted, Cantarella can cast Heavy Attack Delusive Dive. This skill can also be cast in water.","Khi Trance chưa cạn kiệt, Cantarella có thể sử dụng Heavy Attack Delusive Dive. Kỹ năng này cũng có thể được sử dụng dưới nước.",C?n ti?ng Anh nghi v?n: Attack; Cantarella; Delusive; Dive; Heavy; Trance | S? t?/c?m nghi v?n: 6 | T? l? nghi v?n: 0.857 | M?c ??: 32.57
"Basic Attack summons a fireball on hit that blasts the targets, dealing Fusion DMG equal to 150% of ATK, considered Basic Attack DMG. This effect is triggered once every 3s.
When in [Divined Dream], the fireball is enhanced and deals DMG equal to 300% of ATK.","Attack cơ bản triệu hồi một quả cầu lửa khi trúng mục tiêu, gây Fusion DMG bằng 150% Attack, được tính là Sát Thương Basic Attack. Hiệu ứng này kích hoạt mỗi 3 giây một lần.
Khi ở trạng thái [Divined Dream], quả cầu lửa được tăng cường và gây Sát Thương bằng 300% Attack.",C?n ti?ng Anh nghi v?n: Attack; Basic | S? t?/c?m nghi v?n: 5 | T? l? nghi v?n: 0.556 | M?c ??: 32.56
"<color=#c49e55>[Basic Attack]</color>
Mid-air Attack doesn't consume STA.
Hitting a target with Basic Attack grants the following effects:
- Recover {0} Resonance Energy.
- ATK is increased by {1} for {2}s, stacking up to {3} times.","<color=#c49e55>[Basic Attack]</color>
Đòn Attack trên không không tiêu hao STA.
Đánh trúng mục tiêu bằng Basic Attack sẽ mang lại các hiệu ứng sau:
- Hồi {0} Resonance Energy.
- Attack tăng thêm {1} trong {2} giây, có thể cộng dồn tối đa {3} lần.",C?n ti?ng Anh nghi v?n: Attack; Basic; Energy | S? t?/c?m nghi v?n: 5 | T? l? nghi v?n: 0.455 | M?c ??: 32.55
"<color=#c49e55>[Basic Attack]</color>
When Basic Attack - Real Fantasy hits the target and Imagination is no less than {0} points, additionally generate a Firework Bomb, dealing Havoc DMG equal to {1} of Roccia's ATK, considered Heavy Attack DMG.","<color=#c49e55>[Basic Attack]</color>
Khi Basic Attack - Ảo Ảnh Thực trúng mục tiêu và Tưởng Tượng không dưới {0} điểm, sẽ tạo thêm một Quả Bom Pháo Hoa, gây Havoc DMG bằng {1} Attack của Roccia, được tính là Sát Thương Heavy Attack.",C?n ti?ng Anh nghi v?n: Attack; Basic; Heavy | S? t?/c?m nghi v?n: 5 | T? l? nghi v?n: 0.455 | M?c ??: 32.55
<color=#c49e55>[Basic Attack]</color> Gain significant Electro DMG Bonus increase. Basic Attacks restore extra Forte Gauge and reduce active Resonance Liberation cooldown while not in Resonance Liberation state.,<color=#c49e55>[Basic Attack]</color> Nhận tăng thưởng Electro DMG đáng kể. Basic Attack hồi thêm Năng Lượng Forte và giảm Cooldown chiêu của Resonance Liberation khi không ở trạng thái Resonance Liberation.,C?n ti?ng Anh nghi v?n: Attack; Basic; Cooldown; Liberation | S? t?/c?m nghi v?n: 5 | T? l? nghi v?n: 0.455 | M?c ??: 32.55
"Attack the target, dealing <color=Dark>Havoc DMG</color> equal to {0} of Camellya's ATK.
After activating Forte Circuit's <color=Highlight>Ephemeral</color>, the next Outro Skill <color=Highlight>Twining</color> deals additional <color=Dark>Havoc DMG</color> equal to {1} of Camellya's ATK.","Tấn công mục tiêu, gây <color=Dark>Havoc DMG</color> tương đương {0} Attack của Camellya.
Sau khi kích hoạt <color=Highlight>Ephemeral</color> của Forte Circuit, Outro Skill <color=Highlight>Twining</color> tiếp theo sẽ gây thêm <color=Dark>Havoc DMG</color> tương đương {1} Attack của Camellya.",C?n ti?ng Anh nghi v?n: Attack; Ephemeral; Outro; Skill; Twining | S? t?/c?m nghi v?n: 6 | T? l? nghi v?n: 0.353 | M?c ??: 32.53
"Attack the target, dealing <color=Dark>Havoc DMG</color> equal to {0} of Camellya's ATK.
After activating Forte Circuit's <color=Highlight>Ephemeral</color>, the next Outro Skill <color=Highlight>Twining</color> deals additional <color=Dark>Havoc DMG</color> equal to {1} of Camellya's ATK.","Tấn công mục tiêu, gây <color=Dark>Havoc DMG</color> tương đương {0} Attack của Camellya.
Sau khi kích hoạt <color=Highlight>Ephemeral</color> của Forte Circuit, Outro Skill <color=Highlight>Twining</color> tiếp theo sẽ gây thêm <color=Dark>Havoc DMG</color> tương đương {1} Attack của Camellya.",C?n ti?ng Anh nghi v?n: Attack; Ephemeral; Outro; Skill; Twining | S? t?/c?m nghi v?n: 6 | T? l? nghi v?n: 0.353 | M?c ??: 32.53
"Attack the target, dealing <color=Dark>Havoc DMG</color> equal to {0} of Camellya's ATK.
After activating Forte Circuit's <color=Highlight>Ephemeral</color>, Camellya's next Outro Skill <color=Highlight>Twining</color> deals additional <color=Dark>Havoc DMG</color> equal to {1} of her ATK.","Tấn công mục tiêu, gây <color=Dark>Havoc DMG</color> tương đương {0} Attack của Camellya.
Sau khi kích hoạt <color=Highlight>Ephemeral</color> của Forte Circuit, Outro Skill <color=Highlight>Twining</color> tiếp theo của Camellya sẽ gây thêm <color=Dark>Havoc DMG</color> tương đương {1} Attack của cô.",C?n ti?ng Anh nghi v?n: Attack; Ephemeral; Outro; Skill; Twining | S? t?/c?m nghi v?n: 6 | T? l? nghi v?n: 0.353 | M?c ??: 32.53
"Summon a Harmonic Note that deals Aero DMG to surrounding enemies equal to 10% of Ciaccona's ATK every 0.5s for 10s. Enemies damaged by this skill have their DMG taken increased by 3% and their Movement Speed reduced by 1% for 5s, stacking up to 20 times.
<color=Highlight>At Resonator Lv. 5</color>
Enemies' DMG taken is increased by 4%, and Movement Speed is reduced by 2%.
<color=Highlight>At Resonator Lv. 10</color>
Enemies' DMG taken is increased by 5%, and Movement Speed is reduced by 3%.","Summon một Nốt Hài Hòa gây Aero DMG lên kẻ địch xung quanh bằng 10% Tấn Công của Ciaccona mỗi 0.5 giây trong 10 giây. Kẻ địch bị tấn công bởi kỹ năng này sẽ chịu Sát Thương tăng thêm 3% và Movement Speed giảm 1% trong 5 giây, tối đa chồng chất 20 lần.
<color=Highlight>At Resonator Lv. 5</color>
Sát Thương kẻ địch phải chịu tăng thêm 4%, Movement Speed giảm 2%.
<color=Highlight>At Resonator Lv. 10</color>
Sát Thương kẻ địch phải chịu tăng thêm 5%, Movement Speed giảm 3%.",C?n ti?ng Anh nghi v?n: At; Lv; Movement; Speed; Summon | S? t?/c?m nghi v?n: 11 | T? l? nghi v?n: 0.55 | M?c ??: 32.5
"Evaluation Basis: [Resonance Assessment 1888-G]
Resonator Lingyang's age and time of Awakening remain uncertain, and he appears to have Awakened a long time ago. Lingyang has endured prolonged exposure to harsh environmental conditions and may have naturally activated his Forte during combat.

Lingyang bears a <te href=850072>Tacet Mark</te> on his right arm. No Post-Awakening mutations have been noted.

His physical endurance and strength are exceptional, likely due to his exposure to extreme environments. He displays advanced skills and agility in combat and survival, but lacks experience utilizing his Forte as it is not habitually used. Further evaluation is necessary to determine if proper guidance in Forte usage is needed.

Under the influence of his Forte, Lingyang's senses are heightened and he can generate an invisible freezing Gusto within a limited area. This also creates a low-temperature field that exerts pressure on nearby enemies. Additionally, Lingyang can influence and motivate the emotions of those near him through his transmitted will.

No instances of Resonance Spectrum Patterns similar to Lingyang's have been encountered. The cause of his Awakening remains unknown at this time.

Analysis of test samples has revealed a non-convergent <te href=850067>Rabelle's Curve</te> with a gradual rise. Therefore, Lingyang is identified as a <te href=850070>Natural Resonator</te>.

<i>""What? So his 'beast-like' appearance wasn't a result of his Forte? What exactly is this...""</i>","Cơ sở đánh giá: [Đánh Giá Resonance 1888-G]

Tuổi tác và thời điểm thức tỉnh của Resonator Lingyang vẫn chưa xác định, và có vẻ cậu đã thức tỉnh từ rất lâu. Lingyang đã trải qua thời gian dài tiếp xúc với điều kiện môi trường khắc nghiệt và có thể đã kích hoạt Forte một cách tự nhiên trong chiến đấu.

Lingyang mang <te href=850072>Tacet Mark</te> trên cánh tay phải. Không ghi nhận đột biến sau thức tỉnh.

Sức bền và thể lực của cậu vượt trội, có thể do tiếp xúc với môi trường cực đoan. Cậu thể hiện kỹ năng chiến đấu và sinh tồn điêu luyện, nhưng thiếu kinh nghiệm sử dụng Forte do không thường xuyên vận dụng. Cần đánh giá thêm để xác định liệu có cần hướng dẫn sử dụng Forte đúng cách hay không.

Dưới tác động của Forte, giác quan của Lingyang trở nên nhạy bén hơn và cậu có thể tạo ra một trường Gusto băng giá vô hình trong phạm vi giới hạn. Điều này cũng tạo ra một trường nhiệt độ thấp gây áp lực lên kẻ địch xung quanh. Ngoài ra, Lingyang có thể tác động và khích lệ tinh thần của những người gần đó thông qua ý chí truyền đạt.

Chưa ghi nhận trường hợp nào có Mô hình Phổ Resonance tương tự Lingyang. Nguyên nhân thức tỉnh của cậu vẫn chưa được xác định.

Phân tích mẫu thử cho thấy <te href=850067>Rabelle's Curve</te> không hội tụ với đoạn tăng dần. Do đó, Lingyang được xác định là <te href=850070>Natural Resonator</te>.

<i>""Gì cơ? Vậy ngoại hình 'hoang dã' của cậu ta không phải do Forte à? Rốt cuộc đây là cái gì...""</i>",C?n ti?ng Anh nghi v?n: Curve; Gusto; Lingyang; Mark; Natural; Rabelle's | S? t?/c?m nghi v?n: 12 | T? l? nghi v?n: 0.245 | M?c ??: 32.45
"Photo of Jinhsi sitting or stepping on her sword

C-MOSS's hot tip: Enhanced Resonance Skill after Basic Attack Stage 4
(Feel free to explore other ways to complete the challenge)","Chụp ảnh Jinhsi ngồi hoặc đạp lên thanh kiếm của mình

Mẹo nóng từ C-MOSS: Resonance Skill được tăng cường sau Basic Attack Stage 4
(Cứ tự do khám phá các cách khác để hoàn thành thử thách nhé)",C?n ti?ng Anh nghi v?n: Attack; Basic; C; Jinhsi; Skill; Stage | S? t?/c?m nghi v?n: 6 | T? l? nghi v?n: 0.545 | M?c ??: 32.45
Gain {0} Glacio DMG Bonus for {1}s upon casting Intro Skill <color=Highlight>Scroll of Wonders</color>.,Nhận {0} Glacio DMG Bonus trong {1} giây sau khi sử dụng Intro Skill <color=Highlight>Scroll of Wonders</color>.,C?n ti?ng Anh nghi v?n: Bonus; Intro; of; Scroll; Skill; Wonders | S? t?/c?m nghi v?n: 6 | T? l? nghi v?n: 0.545 | M?c ??: 32.45
Gain {0} Glacio DMG Bonus for {1}s upon casting Intro Skill <color=Highlight>Scroll of Wonders</color>.,Nhận {0} Glacio DMG Bonus trong {1} giây sau khi sử dụng Intro Skill <color=Highlight>Scroll of Wonders</color>.,C?n ti?ng Anh nghi v?n: Bonus; Intro; of; Scroll; Skill; Wonders | S? t?/c?m nghi v?n: 6 | T? l? nghi v?n: 0.545 | M?c ??: 32.45
"<color=#c49e55>[Heavy Attack]</color>
Red Light: Heavy Attack has a larger range and no longer consumes STA. Lumi gains {0} Electro DMG Bonus.","<color=#c49e55>[Heavy Attack]</color>
Red Light: Heavy Attack có phạm vi rộng hơn và không còn tiêu hao STA. Lumi nhận thêm {0} bonus Electro DMG.",C?n ti?ng Anh nghi v?n: Attack; bonus; Heavy; Light; Lumi; Red | S? t?/c?m nghi v?n: 6 | T? l? nghi v?n: 0.545 | M?c ??: 32.45
"<color=#c49e55>[Heavy Attack]</color>
Red Light: Heavy Attack has a larger range and no longer consumes STA. Lumi gains Electro DMG Bonus.","<color=#c49e55>[Heavy Attack]</color>
Red Light: Heavy Attack có phạm vi rộng hơn và không còn tiêu hao STA. Lumi nhận thêm bonus Electro DMG.",C?n ti?ng Anh nghi v?n: Attack; bonus; Heavy; Light; Lumi; Red | S? t?/c?m nghi v?n: 6 | T? l? nghi v?n: 0.545 | M?c ??: 32.45
"Nestled on the edge of a cliff in Thessalleo Fells, Porto Veno Castle is a mysterious and magnificent residence of the Fisalias.
Among all the Fisalia family properties across Rinacista, this imposing cliffside castle stands out as the most special. It is the home of the current head of the Fisalia family.","Nằm trên vách đá ở Thessalleo Fells, Porto Veno Castle là dinh thự huyền bí và tráng lệ của gia tộc Fisalias.
Trong số tất cả tài sản của gia tộc Fisalia trên khắp Rinacista, tòa lâu đài sừng sững bên vách đá này nổi bật như một nơi đặc biệt nhất. Đây chính là nơi ở của người đứng đầu gia tộc Fisalia hiện tại.",C?n ti?ng Anh nghi v?n: Castle; Fells; Fisalia; Fisalias; Porto; Rinacista; Thessalleo; Veno | S? t?/c?m nghi v?n: 9 | T? l? nghi v?n: 0.643 | M?c ??: 32.43
"[Excerpt from the <te href=850152>Priestess</te> Register, Tetragon Temple]
This entry concerns the 127th Priestess of the Tetragon Temple, known as Iu▇.

She was born on the night of hollowed moon. As a <te href=850068>Congenital Resonator</te>, her eyes are said to hold the power to ▇▇▇▇.

Her Tacet Mark is located atop her left foot. When she activates her Resonance ability, ▇▇ energy constructs with the shape of lunar phases manifest around her, and the tips of her hair turn translucent, radiating a gentle glow that is almost indistinguishable from actual moonlight.

Resonance spectral analysis reveals that her Forte aligns extraordinarily closely with the frequency pattern of the natural moon, exhibiting a continuous, phase-like modulation. Notably, three years ago, her Forte appeared to ▇▇▇▇. It became capable of An▇ and Mani▇, enabling her to shape moonlight into solid arrows that can reveal marked monsters hid▇ in the <te href=851023>Dark Tide</te>.

<i>When we archived this entry, Grandmother Lillibet asked us to verify it multiple times. Oddly, none of us could remember who had written it in the first place. And stranger still, no one seems to recall the Priestess described here. Could a powerful Priestess like her have truly existed? Somehow, this out-of-nowhere record feels as if it was written by the moonlight itself!</i>","[""Trích từ <te href=850152>Priestess</te>, Tetragon Temple]
Mục này ghi chép về Tư Tế thứ 127 của Tetragon Temple, được biết đến với tên Iu▇.

Nàng sinh ra vào đêm trăng khuyết. Là một <te href=850068>Congenital Resonator</te>, đôi mắt nàng được cho là chứa đựng sức mạnh để ▇▇▇▇.

Tacet Mark của nàng nằm trên mu bàn chân trái. Khi kích hoạt năng lực Resonance, ▇▇ cấu trúc năng lượng mang hình dáng các pha trăng hiện ra xung quanh, và mái tóc nàng trở nên trong suốt, tỏa ra ánh sáng dịu dàng gần như không thể phân biệt với ánh trăng thật.

Phân tích phổ Resonance cho thấy Forte của nàng trùng khớp một cách kỳ lạ với tần số tự nhiên của mặt trăng, thể hiện sự điều biến pha liên tục. Đáng chú ý, ba năm trước, Forte của nàng dường như đã ▇▇▇▇. Nó có khả năng An▇ và Mani▇, cho phép nàng biến ánh trăng thành những mũi tên rắn chắc, có thể phát hiện những quái vật bị đánh dấu ẩn náu trong <te href=851023>Dark Tide</te>.

<i>Khi chúng tôi lưu trữ mục này, Bà Lillibet đã yêu cầu xác minh nhiều lần. Kỳ lạ thay, không ai trong chúng tôi nhớ được ai đã viết nó. Và còn kỳ lạ hơn, dường như không ai nhớ đến Tư Tế được miêu tả ở đây. Liệu một Tư Tế quyền năng như nàng có thực sự tồn tại? Bằng cách nào đó, bản ghi chép đột ngột này như thể được viết bằng chính ánh trăng!</i>",C?n ti?ng Anh nghi v?n: An; Congenital; Dark; Iu; Lillibet; Mani; Mark; Temple; Tetragon; Tide | S? t?/c?m nghi v?n: 10 | T? l? nghi v?n: 0.238 | M?c ??: 32.38
Heal all nearby party members based on {0} of the healing provided by Resonance Skill <color=Highlight>Scroll Divination</color> when Resonance Skill <color=Highlight>Antique Appraisal</color> is cast.,Heal toàn bộ thành viên trong đội gần đó dựa trên {0} lượng hồi phục từ Resonance Skill <color=Highlight>Scroll Divination</color> khi kích hoạt Resonance Skill <color=Highlight>Antique Appraisal</color>.,C?n ti?ng Anh nghi v?n: Antique; Appraisal; Divination; Heal; Scroll; Skill | S? t?/c?m nghi v?n: 7 | T? l? nghi v?n: 0.636 | M?c ??: 32.36
"Summon Dragon of Dirge to generate a Grief Rift that lasts for 10s, regularly dealing {0} <color=#ffd12f>Fusion DMG</color> to enemies within the Grief Rift.
Dealing DMG to enemies with this Echo Skill grants a {1} Basic and Heavy Attack Bonus to all nearby Resonators in the team, triggered once every second, stacking up to {2} times.
CD: {3}s","Summon Dragon Than Khóc để tạo ra Vực Sầu, tồn tại trong 10 giây, liên tục gây {0} <color=#ffd12f>Fusion DMG</color> lên kẻ địch trong phạm vi.
Gây sát thương lên kẻ địch bằng Kỹ Năng Echo này sẽ ban thêm {1} Tăng Sát Thương Basic Attack và Heavy Attack cho tất cả Resonators trong đội ở gần, kích hoạt mỗi giây một lần, tối đa {2} lần.
Hồi chiêu: {3} giây",C?n ti?ng Anh nghi v?n: Attack; Basic; Dragon; Heavy; Summon | S? t?/c?m nghi v?n: 6 | T? l? nghi v?n: 0.333 | M?c ??: 32.33
Ciaccona: <color=#d4bf5f>Resonance Skill</color> Tutorial - Interrupting Basic Attack Stage 4,Ciaccona: <color=#d4bf5f>Resonance Skill</color> - Ngắt Stage 4 Basic Attack,C?n ti?ng Anh nghi v?n: Attack; Basic; Ciaccona; Skill; Stage | S? t?/c?m nghi v?n: 5 | T? l? nghi v?n: 0.833 | M?c ??: 32.33
"<color=#c49e55>[Resonance Liberation]</color> Casting Resonance Liberation grants Prime Chi that lasts {0}s:
- While dealing damage, the target's Aero DMG RES is ignored by {1}.
- The Cooldown of Resonance Skill is reduced by {2}. Casting Resonance Skill is regarded as triggering Perfect Counter.","<color=#c49e55>[Resonance Liberation]</color> Kích hoạt Resonance Liberation ban cho Nguyên Khí kéo dài {0} giây:
- Khi gây sát thương, Aero RES DMG của mục tiêu bị bỏ qua {1}.
- Cooldown chiêu của Resonance Skill giảm {2}. Kích hoạt Resonance Skill được coi là kích hoạt Phản Đòn Hoàn Hảo.",C?n ti?ng Anh nghi v?n: Cooldown; Liberation; RES; Skill | S? t?/c?m nghi v?n: 5 | T? l? nghi v?n: 0.333 | M?c ??: 32.33
"Targets affected by <color=Highlight>Tune Rupture - Interfered</color> or <color=Highlight>Tune Strain - Interfered</color> take increased DMG from all nearby Resonators in the team. For every {8} of Mornye's Energy Regen exceeding {7}, their DMG is increased by {9}, up to {10}.","Mục tiêu bị ảnh hưởng bởi <color=Highlight>Tune Rupture - Interfered</color> hoặc <color=Highlight>Tune Strain - Interfered</color> sẽ chịu sát thương tăng từ tất cả Resonators trong đội ở gần. Cứ mỗi {8} Energy Regen của Mornye vượt quá {7}, sát thương của họ sẽ tăng thêm {9}, tối đa {10}.",C?n ti?ng Anh nghi v?n: Energy; Interfered; Regen; Rupture; Strain; Tune | S? t?/c?m nghi v?n: 8 | T? l? nghi v?n: 0.727 | M?c ??: 32.27
"When Resonators perform Heavy Attack, the ATK of all Resonators in the team is increased by 10% and their Basic Attack DMG dealt by 10% for 18s, stacking up to 3 times. The effect's duration resets with each new stack.","Khi Resonators thực hiện Heavy Attack, Attack của tất cả Resonators trong đội tăng 10% và Sát Thương Basic Attack tăng 10% trong 18 giây, có thể tích lũy tối đa 3 lần. Thời gian duy trì hiệu ứng sẽ được làm mới với mỗi tầng mới.",C?n ti?ng Anh nghi v?n: Attack; Basic; Heavy | S? t?/c?m nghi v?n: 5 | T? l? nghi v?n: 0.417 | M?c ??: 32.17
"When the Resonator's HP is above {0}, increases ATK by {1}. When the Resonator's HP is below {2}, gives {3} healing when dealing Basic Attack DMG or Heavy Attack DMG. This effect can be triggered {5} time(s) every {4}s.","Khi HP của Resonator trên {0}, Attack tăng thêm {1}. Khi HP dưới {2}, hồi {3} HP khi gây Sát Thương Basic Attack hoặc Heavy Attack. Hiệu ứng này có thể kích hoạt {5} lần mỗi {4} giây.",C?n ti?ng Anh nghi v?n: Attack; Basic; Heavy | S? t?/c?m nghi v?n: 5 | T? l? nghi v?n: 0.417 | M?c ??: 32.17
"Aureole of Execution: {Cus:Ipt,Touch=Tap PC=Press Gamepad=Press} {0}+{0}+{0}+{0} on the ground or {Cus:Ipt,Touch=tap PC=press Gamepad=press} {0}+{0}/Jump+{0}/Jump in the air to activate Resonance Skill <color=Highlight>Aureole of Execution</color>. After the activation, {Cus:Ipt,Touch=tap PC=press Gamepad=press} {1} to cast Resonance Skill <color=Highlight>Aureole of Execution</color>.","{Cus:Ipt,Touch=Touch PC=press Gamepad=press} {0}+{0}+{0}+{0} trên mặt đất hoặc {Cus:Ipt,Touch=tap PC=press Gamepad=press} {0}+{0}/Nhảy+{0}/Nhảy trên không để kích hoạt Resonance Skill <color=Highlight>Aureole of Execution</color>. Sau khi kích hoạt, {Cus:Ipt,Touch=tap PC=press Gamepad=press} {1} để thi triển Resonance Skill <color=Highlight>Aureole of Execution</color>.",C?n ti?ng Anh nghi v?n: Aureole; Execution; of; Skill | S? t?/c?m nghi v?n: 8 | T? l? nghi v?n: 0.615 | M?c ??: 32.15
"<color=#723a2e><size=36>ROM Effect</size></color>
When Qiuyuan casts Skills, the whole team's Bounce DMG is increased by <color=#f97507>{3}</color> for <color=#f97507>{4}s</color>.
Each collision with an enemy increases the whole team's Crit. Rate by <color=#f97507>{0}</color> for <color=#f97507>{2}s</color>, stacking up to <color=#f97507>{1}</color> times.","<color=#723a2e><size=36>Effect ROM</size></color>
Khi Qiuyuan sử dụng Skills, Sát Thương Bounce của toàn đội tăng thêm <color=#f97507>{3}</color> trong <color=#f97507>{4}s</color>.
Mỗi lần va chạm với kẻ địch sẽ tăng Crit. Rate của toàn đội lên <color=#f97507>{0}</color> trong <color=#f97507>{2}s</color>, tối đa <color=#f97507>{1}</color> lần.",C?n ti?ng Anh nghi v?n: Bounce; Effect; Qiuyuan; Rate; ROM; s; Skills | S? t?/c?m nghi v?n: 8 | T? l? nghi v?n: 0.615 | M?c ??: 32.15
"Chain Basic Attack: After performing Basic Attack 3, hold {0} to continuously attack the target.","Basic Attack Chain: Sau khi thực hiện Basic Attack 3, giữ {0} để liên tục tấn công mục tiêu.",C?n ti?ng Anh nghi v?n: Attack; Basic; Chain | S? t?/c?m nghi v?n: 5 | T? l? nghi v?n: 0.714 | M?c ??: 32.14
"Transform into Impermanence Heron to fly up and smack down, dealing {0} Havoc DMG.

Long press to stay as Impermanence Heron and continuously spit flames, each attack dealing {1} Havoc DMG.

Once the initial attack lands on any enemy, the current character regains 10 Resonance Energy. If the current character uses their Outro Skill within the next 15s, the next character's damage dealt will be boosted by 12% for 15s.

CD: {2}s","Biến thành Impermanence Heron, bay lên và đập xuống, gây {0} Sát Thương Hệ Havoc.

Giữ lâu để duy trì dạng Impermanence Heron và liên tục phun lửa, mỗi đòn gây {1} Sát Thương Hệ Havoc.

Khi đòn tấn công đầu tiên trúng kẻ địch, nhân vật hiện tại sẽ hồi phục 10 Resonance Energy. Nếu nhân vật hiện tại sử dụng Outro Skill trong vòng 15 giây tiếp theo, sát thương của nhân vật kế tiếp sẽ được tăng 12% trong 15 giây.

Hồi chiêu: {2} giây",C?n ti?ng Anh nghi v?n: Energy; Heron; Impermanence; Outro; Skill | S? t?/c?m nghi v?n: 7 | T? l? nghi v?n: 0.412 | M?c ??: 32.12
"Transform into Nightmare: Crownless and attack enemies in front, dealing {0} Havoc DMG. The Resonator with this Echo equipped in their main slot gains {1} Havoc DMG Bonus and {2} Basic Attack DMG Bonus.
This skill has {3} initial charges, replenished once every {4}s, max {5} charges. When Nightmare: Crownless hits a target, DMG dealt by this skill is increased by {6}. This effect lasts for {7}s and does not stack.
CD: {4}s.","Biến Đổi Nightmare: Crownless và tấn công kẻ địch phía trước, gây {0} Havoc DMG. Resonator trang bị Echo này ở vị trí chính sẽ nhận {1} Havoc DMG Bonus và {2} Tăng Sát Thương Basic Attack.
Kỹ năng này có {3} lần sử dụng ban đầu, hồi lại sau mỗi {4} giây, tối đa {5} lần. Khi Nightmare: Crownless trúng mục tiêu, sát thương của kỹ năng sẽ tăng thêm {6}. Hiệu ứng kéo dài {7} giây và không cộng dồn.
Hồi chiêu: {4} giây.",C?n ti?ng Anh nghi v?n: Attack; Basic; Bonus; Crownless; Nightmare | S? t?/c?m nghi v?n: 7 | T? l? nghi v?n: 0.412 | M?c ??: 32.12
"All <color=#8c7e51>Combat Actions</color> can accumulate Concerto Vibrancy, when you switch characters if the energy is full, the existing Concerto Vibrancy will be consumed and the corresponding Concerto Effect will be triggered automatically according to the <color=#8c7e51>Element type of the switched character</color>.","Tất cả <color=#8c7e51>Combat Actions</color> đều tích lũy Concerto Vibrancy. Khi chuyển đổi nhân vật, nếu năng lượng đã đầy, Concerto Vibrancy hiện có sẽ được tiêu thụ và hiệu ứng Concerto tương ứng sẽ tự động kích hoạt theo <color=#8c7e51>Element type of the switched character</color>.",C?n ti?ng Anh nghi v?n: Actions; character; Combat; Element; of; switched; type; Vibrancy | S? t?/c?m nghi v?n: 9 | T? l? nghi v?n: 0.6 | M?c ??: 32.0
"Ice Burst: Use Heavy Attack: Detonate to pierce through Ice Thorn, Ice Prism, or Glacier","Ice Burst: Dùng Đòn tấn công mạnh: Detonate để xuyên thủng Ice Thorn, Ice Prism hoặc Glacier",C?n ti?ng Anh nghi v?n: Burst; Detonate; Glacier; Ice; Prism; Thorn | S? t?/c?m nghi v?n: 8 | T? l? nghi v?n: 1.0 | M?c ??: 32.0
"Unlock a special Resonance Liberation under the Crownless form. This Resonance Liberation is the Crownless's finishing attack. You will always stay in the Crownless form when casting this Resonance Liberation, but immediately end the Crownless form when it is finished. Deal {0} more DMG under the Crownless form.","Mở khóa một Resonance Liberation đặc biệt dưới dạng Crownless. Resonance Liberation này là đòn kết thúc của Crownless. Bạn sẽ luôn ở dạng Crownless khi sử dụng Resonance Liberation này, nhưng sẽ thoát khỏi dạng Crownless ngay sau khi hoàn thành. Gây thêm {0} DMG dưới dạng Crownless.",C?n ti?ng Anh nghi v?n: Crownless; Liberation | S? t?/c?m nghi v?n: 8 | T? l? nghi v?n: 0.5 | M?c ??: 32.0
"Consume STA to perform up to 4 consecutive attacks in mid-air, dealing <color=Fire>Fusion DMG</color>.
After releasing <color=Highlight>Mid-air Attack Stage 4</color>, Changli enters <color=Highlight>True Sight</color>, lasting for 12s.","Tiêu hao STA để thực hiện tối đa 4 đòn tấn công liên tiếp trên không, gây <color=Fire>Fusion DMG</color>.
Sau khi giải phóng <color=Highlight>Mid-air Attack Stage 4</color>, Changli bước vào trạng thái <color=Highlight>True Sight</color>, kéo dài trong 12 giây.",C?n ti?ng Anh nghi v?n: air; Attack; Changli; Mid; Sight; Stage; True | S? t?/c?m nghi v?n: 7 | T? l? nghi v?n: 0.5 | M?c ??: 32.0
"When releasing <color=Highlight>Heavy Attack</color>, if Changli carries 4 stacks of [Enflamement], she consumes all stacks of [Enflamement] to release <color=Highlight>Flaming Sacrifice</color>, dealing <color=Fire>Fusion DMG</color>, considered as Resonance Skill DMG.","Khi giải phóng <color=Highlight>Heavy Attack</color>, nếu Changli đang mang 4 lớp [Enflamement], cô sẽ tiêu hao toàn bộ lớp [Enflamement] để giải phóng <color=Highlight>Flaming Sacrifice</color>, gây <color=Fire>Fusion DMG</color>, được tính là sát thương Resonance Skill.",C?n ti?ng Anh nghi v?n: Attack; Changli; Flaming; Heavy; Sacrifice; Skill | S? t?/c?m nghi v?n: 6 | T? l? nghi v?n: 0.5 | M?c ??: 32.0
"<color=#ffd12f>[Dreamscape Power: Status]</color>
The [Lucid Dream] status becomes the [Time Rider] status, which greatly slows the time flow nearby and deals a massive amount of Spectro DMG <color=Highlight>upon ending the Time Rider status.</color>","<color=#ffd12f>[Dreamscape Power: Status]</color>
Status [Lucid Dream] chuyển thành trạng thái [Kỵ Sĩ Thời Gian], làm chậm đáng kể dòng chảy thời gian xung quanh và gây lượng lớn Spectro DMG <color=Highlight>upon ending the Time Rider status.</color>.",C?n ti?ng Anh nghi v?n: ending; Rider; Status; status; Time; upon | S? t?/c?m nghi v?n: 6 | T? l? nghi v?n: 0.5 | M?c ??: 32.0
Increase Coordinated Attack DMG. Critical hits of Coordinated Attack increase ATK.,Increase Sát Thương Attack Phối Hợp. Các đòn Attack Phối Hợp chí mạng sẽ tăng Attack.,C?n ti?ng Anh nghi v?n: Attack; Increase | S? t?/c?m nghi v?n: 4 | T? l? nghi v?n: 1.0 | M?c ??: 32.0
<color=#b72924ff>Resonator switch cooldown</color> is increased to <color=#b72924ff>3s</color> (Intro Skill not affected).,Cooldown chiêu <color=#b72924ff>Resonator switch cooldown</color> tăng lên <color=#b72924ff>3s</color> (Skill Khởi Động không bị ảnh hưởng).,C?n ti?ng Anh nghi v?n: Cooldown; cooldown; Skill; switch | S? t?/c?m nghi v?n: 4 | T? l? nghi v?n: 0.8 | M?c ??: 32.0
"The factors hindering the growth of the Voidbane Eldertrees have been removed, but after prolonged exposure to Voidmatter, the plants have entered an adaptive dormant state...
<color=#ffd12f>Deliver the corresponding area's ""Restoratives""</color> to restore the growth of the Voidbane Eldertrees.","Các yếu tố cản trở sự phát triển của Voidbane Eldertrees đã được loại bỏ, nhưng sau thời gian dài tiếp xúc với Voidmatter, thực vật đã rơi vào trạng thái ngủ đông thích nghi...
<color=#ffd12f>Deliver the corresponding area's ""Restoratives""</color> để khôi phục sự phát triển của Voidbane Eldertrees.",C?n ti?ng Anh nghi v?n: area's; corresponding; Deliver; Eldertrees; Restoratives; Voidbane; Voidmatter | S? t?/c?m nghi v?n: 9 | T? l? nghi v?n: 0.692 | M?c ??: 31.92
"During <color=Highlight>Cosmos Rave</color>, use <color=Highlight>Heavy Attack</color> when ""Mayhem"" is full to consume all ""Mayhem"" and enter the Cosmos Mayhem state. After the Cosmos Mayhem state ends, all ""Mayhem"" will be consumed to cast Cosmos: Rupture, dealing <color=#e15226ff>Fusion DMG</color>, considered as Resonance Liberation DMG.","Trong <color=Highlight>Cosmos Rave</color>, khi ""Hỗn Loạn"" đầy, dùng <color=Highlight>Heavy Attack</color> để tiêu hao toàn bộ ""Hỗn Loạn"" và bước vào trạng thái Hỗn Loạn Cosmos. Sau khi trạng thái này kết thúc, toàn bộ ""Hỗn Loạn"" sẽ bị tiêu hao để thi triển Cosmos: Vỡ Tan, gây <color=#e15226ff>Fusion DMG</color>, được tính là Sát Thương Resonance Liberation.",C?n ti?ng Anh nghi v?n: Attack; Cosmos; Heavy; Liberation; Rave | S? t?/c?m nghi v?n: 7 | T? l? nghi v?n: 0.389 | M?c ??: 31.89
"Echo Sonata Effect: Frosty Resolve

2pcs Set: Resonance Skill DMG +12%.
5pcs Set: Casting Resonance Skill grants 22.5% Glacio DMG Bonus for 15s, and casting Resonance Liberation increases Resonance Skill DMG by 18%, lasting for 5s. This effect stacks up to 2 times.","Effect Bộ Hồi Âm: Ý Chí Băng Giá

2 món: Sát Thương Resonance Skill +12%.
5 món: Sử dụng Resonance Skill sẽ tăng Glacio DMG 22,5% trong 15 giây, và sử dụng Resonance Liberation sẽ tăng Sát Thương Resonance Skill 18% trong 5 giây. Hiệu ứng này có thể chồng chất tối đa 2 lần.",C?n ti?ng Anh nghi v?n: Effect; Liberation; Skill | S? t?/c?m nghi v?n: 5 | T? l? nghi v?n: 0.385 | M?c ??: 31.85
"<color=#c49e55>[Resonance Skill]</color>
Casting Resonance Skill - Awakening Gale, Resonance Skill - Skyfall Severance, and Heavy Attack - Razor Wind grants special energy. It can be used to replace Windstring to cast Resonance Skill - Unbound Flow or increase the damage dealt by Unbound Flow.","<color=#c49e55>[Resonance Skill]</color>
Sử dụng Resonance Skill - Thức Tỉnh Phong, Resonance Skill - Đoạn Trời Rơi và Heavy Attack - Phong Kiếm sẽ tích lũy năng lượng đặc biệt. Năng lượng này có thể thay thế Chuỗi Gió để thi triển Resonance Skill - Lưu Chuyển Tự Do hoặc tăng sát thương của Lưu Chuyển.",C?n ti?ng Anh nghi v?n: Attack; Heavy; Skill | S? t?/c?m nghi v?n: 5 | T? l? nghi v?n: 0.385 | M?c ??: 31.85
"Jiyan is the youngest general in the <te href=850086>Midnight Rangers</te>' history. He is the Qingloong that everyone looks up to, and the invincible warrior no enemy stands any chance against. However, at some point, Jiyan became haunted by a recurring nightmare.

In that dream, the city of <te href=850091>Jinzhou</te> was engulfed in flames and consumed by <te href=850081>Tacet Discords</te>. The monsters raged on, feeding on the frequencies of the dead. Chaotic sounds echoed throughout the city, creating a symphony of destruction.

On the flame-lit battlefield, a lone figure fought relentlessly with a lance in hand. Each swing tore through the air. One, two, three... Hundreds of thousands of Tacet Discords fell under his fierce and restless strikes.

Despite his best efforts, the man could not quell the endless swarm of Tacet Discords ravaging the land. Day after day, year after year, he fought in vain until he was the sole survivor on a desolate battlefield. The Tacet Discords transformed into his fallen comrades, encircling and closing in on him.

""That's a clueless kid! How can we trust him with our lives?""

""You said you would protect us... but why?""

""Jiyan, what on earth are you fighting for?""

Despite being known for his calm and decisive nature, few were aware of the nightmares that would sometimes jolt him awake, haunted by the voices of the dead.

As the general, it was Jiyan's duty to safeguard not only the borders, but also the entirety of his nation. Every move he made and every plan he enacted carried immense responsibility and consequence.

This is why he seems to be always frowning, thinking, and planning ahead. One day, perhaps, he will finally turn around and answer those questions from the dead.

He fights for the living, and for the deceased.","Jiyan là vị tướng trẻ nhất trong lịch sử <te href=850086>Midnight Rangers</te>. Anh là Qingloong mà mọi người ngưỡng mộ, chiến binh bất bại không kẻ thù nào có thể chống lại. Thế nhưng, đến một lúc nào đó, Jiyan bắt đầu bị ám ảnh bởi một cơn ác mộng lặp đi lặp lại.

Trong giấc mơ ấy, thành phố <te href=850091>Jinzhou</te> chìm trong biển lửa, bị nuốt chửng bởi <te href=850081>Tacet Discords</te>. Lũ quái vật hoành hành, hút lấy tần số của những người đã chết. Âm thanh hỗn loạn vang vọng khắp thành phố, tạo nên bản giao hưởng của sự hủy diệt.

Trên chiến trường ngập lửa, một bóng người đơn độc chiến đấu không ngừng với ngọn giáo trong tay. Mỗi nhát chém xé toang không khí. One, two, three... Hàng trăm ngàn Tacet Discord ngã xuống dưới những đòn đánh dữ dội và không ngừng nghỉ của anh.

Dù đã cố gắng hết sức, người đàn ông ấy vẫn không thể dập tắt được bầy Tacet Discord đang tàn phá mảnh đất này. Ngày qua ngày, năm qua năm, anh chiến đấu trong vô vọng cho đến khi trở thành người sống sót duy nhất trên chiến trường hoang tàn. Tacet Discord biến thành những đồng đội đã ngã xuống, bao vây và tiến lại gần anh.

""Thằng nhóc ngốc nghếch này! Sao chúng ta có thể tin tưởng giao mạng cho nó được?""

""Ngươi nói sẽ bảo vệ chúng ta... nhưng tại sao?""

""Jiyan, rốt cuộc ngươi chiến đấu vì cái gì?""

Dù nổi tiếng là người điềm tĩnh và quyết đoán, ít ai biết rằng đôi khi anh bị giật mình tỉnh giấc bởi những cơn ác mộng, ám ảnh bởi tiếng nói của những người đã khuất.

Là một vị tướng, nhiệm vụ của Jiyan không chỉ là bảo vệ biên giới mà còn là toàn bộ quốc gia. Mỗi quyết định và kế hoạch của anh đều mang theo trách nhiệm và hậu quả nặng nề.

Đó là lý do anh luôn trầm ngâm, suy nghĩ và lên kế hoạch trước. Một ngày nào đó, có lẽ anh sẽ quay lại và trả lời những câu hỏi từ những người đã khuất.

Anh chiến đấu vì những người đang sống, và cả những người đã chết.",C?n ti?ng Anh nghi v?n: Discords; Jiyan; Midnight; One; Qingloong; Rangers; three; two | S? t?/c?m nghi v?n: 11 | T? l? nghi v?n: 0.18 | M?c ??: 31.8
"Activate the Resonance Nexus in Startorch Academy during the Main Quest ""What Burns Beneath Frostlands""","Kích hoạt Resonance Nexus tại Startorch Academy trong Nhiệm vụ Chính ""What Burns Beneath Frostlands""",C?n ti?ng Anh nghi v?n: Academy; Beneath; Burns; Frostlands; Nexus; Startorch; What | S? t?/c?m nghi v?n: 7 | T? l? nghi v?n: 0.778 | M?c ??: 31.78
"Activate the Resonance Nexus in Startorch Academy during the Main Quest ""What Burns Beneath Frostlands""","Kích hoạt Resonance Nexus tại Startorch Academy trong Nhiệm vụ Chính ""What Burns Beneath Frostlands""",C?n ti?ng Anh nghi v?n: Academy; Beneath; Burns; Frostlands; Nexus; Startorch; What | S? t?/c?m nghi v?n: 7 | T? l? nghi v?n: 0.778 | M?c ??: 31.78
"Activate the Resonance Nexus in Startorch Academy during the Main Quest ""What Burns Beneath Frostlands""","Kích hoạt Resonance Nexus tại Startorch Academy trong Nhiệm vụ Chính ""What Burns Beneath Frostlands""",C?n ti?ng Anh nghi v?n: Academy; Beneath; Burns; Frostlands; Nexus; Startorch; What | S? t?/c?m nghi v?n: 7 | T? l? nghi v?n: 0.778 | M?c ??: 31.78
"Activate the Resonance Nexus in Startorch Academy in the Main Quest ""What Burns Beneath Frostlands"" to unlock.","Kích hoạt Resonance Nexus tại Startorch Academy trong Nhiệm Vụ Chính ""What Burns Beneath Frostlands"" để mở khóa.",C?n ti?ng Anh nghi v?n: Academy; Beneath; Burns; Frostlands; Nexus; Startorch; What | S? t?/c?m nghi v?n: 7 | T? l? nghi v?n: 0.778 | M?c ??: 31.78
"Activate the Resonance Nexus in Startorch Academy during the Main Quest ""What Burns Beneath Frostlands""","Kích hoạt Resonance Nexus tại Startorch Academy trong Nhiệm vụ Chính ""What Burns Beneath Frostlands""",C?n ti?ng Anh nghi v?n: Academy; Beneath; Burns; Frostlands; Nexus; Startorch; What | S? t?/c?m nghi v?n: 7 | T? l? nghi v?n: 0.778 | M?c ??: 31.78
"Activate the Resonance Nexus in Startorch Academy during the Main Quest ""What Burns Beneath Frostlands""","Kích hoạt Resonance Nexus tại Startorch Academy trong Nhiệm vụ Chính ""What Burns Beneath Frostlands""",C?n ti?ng Anh nghi v?n: Academy; Beneath; Burns; Frostlands; Nexus; Startorch; What | S? t?/c?m nghi v?n: 7 | T? l? nghi v?n: 0.778 | M?c ??: 31.78
"Activate the Resonance Nexus in Startorch Academy during the Main Quest ""What Burns Beneath Frostlands""","Kích hoạt Resonance Nexus tại Startorch Academy trong Nhiệm vụ Chính ""What Burns Beneath Frostlands""",C?n ti?ng Anh nghi v?n: Academy; Beneath; Burns; Frostlands; Nexus; Startorch; What | S? t?/c?m nghi v?n: 7 | T? l? nghi v?n: 0.778 | M?c ??: 31.78
"Activate the Resonance Nexus in Startorch Academy during the Main Quest ""What Burns Beneath Frostlands""","Kích hoạt Resonance Nexus tại Startorch Academy trong Nhiệm vụ Chính ""What Burns Beneath Frostlands""",C?n ti?ng Anh nghi v?n: Academy; Beneath; Burns; Frostlands; Nexus; Startorch; What | S? t?/c?m nghi v?n: 7 | T? l? nghi v?n: 0.778 | M?c ??: 31.78
"Activate the Resonance Nexus in Startorch Academy during the Main Quest ""What Burns Beneath Frostlands""","Kích hoạt Resonance Nexus tại Startorch Academy trong Nhiệm vụ Chính ""What Burns Beneath Frostlands""",C?n ti?ng Anh nghi v?n: Academy; Beneath; Burns; Frostlands; Nexus; Startorch; What | S? t?/c?m nghi v?n: 7 | T? l? nghi v?n: 0.778 | M?c ??: 31.78
"Activate the Resonance Nexus in Startorch Academy during the Main Quest ""What Burns Beneath Frostlands""","Kích hoạt Resonance Nexus tại Startorch Academy trong Nhiệm vụ Chính ""What Burns Beneath Frostlands""",C?n ti?ng Anh nghi v?n: Academy; Beneath; Burns; Frostlands; Nexus; Startorch; What | S? t?/c?m nghi v?n: 7 | T? l? nghi v?n: 0.778 | M?c ??: 31.78
"Activate the Resonance Nexus in Startorch Academy during the Main Quest ""What Burns Beneath Frostlands""","Kích hoạt Resonance Nexus tại Startorch Academy trong Nhiệm vụ Chính ""What Burns Beneath Frostlands""",C?n ti?ng Anh nghi v?n: Academy; Beneath; Burns; Frostlands; Nexus; Startorch; What | S? t?/c?m nghi v?n: 7 | T? l? nghi v?n: 0.778 | M?c ??: 31.78
"Activate the Resonance Nexus in Startorch Academy during Main Quest ""What Burns Beneath Frostlands"" to unlock","Kích hoạt Resonance Nexus tại Startorch Academy trong Nhiệm vụ Chính ""What Burns Beneath Frostlands"" để mở khóa",C?n ti?ng Anh nghi v?n: Academy; Beneath; Burns; Frostlands; Nexus; Startorch; What | S? t?/c?m nghi v?n: 7 | T? l? nghi v?n: 0.778 | M?c ??: 31.78
"Activate the Resonance Nexus in Startorch Academy during the Main Quest ""What Burns Beneath Frostlands""","Kích hoạt Resonance Nexus tại Startorch Academy trong Nhiệm vụ Chính ""What Burns Beneath Frostlands""",C?n ti?ng Anh nghi v?n: Academy; Beneath; Burns; Frostlands; Nexus; Startorch; What | S? t?/c?m nghi v?n: 7 | T? l? nghi v?n: 0.778 | M?c ??: 31.78
"Activate the Resonance Nexus in Startorch Academy during the Main Quest ""What Burns Beneath Frostlands""","Kích hoạt Resonance Nexus tại Startorch Academy trong Nhiệm vụ Chính ""What Burns Beneath Frostlands""",C?n ti?ng Anh nghi v?n: Academy; Beneath; Burns; Frostlands; Nexus; Startorch; What | S? t?/c?m nghi v?n: 7 | T? l? nghi v?n: 0.778 | M?c ??: 31.78
"Activate the Resonance Nexus in Startorch Academy during the Main Quest ""What Burns Beneath Frostlands""","Kích hoạt Resonance Nexus tại Startorch Academy trong Nhiệm vụ Chính ""What Burns Beneath Frostlands""",C?n ti?ng Anh nghi v?n: Academy; Beneath; Burns; Frostlands; Nexus; Startorch; What | S? t?/c?m nghi v?n: 7 | T? l? nghi v?n: 0.778 | M?c ??: 31.78
"Shorekeeper summons 1 <color=Highlight>Flare Star Butterfly</color> and 1 <color=Highlight>Dim Star Butterfly</color> to circle the Resonator on the field for up to {0}s, granting the following effects:  
- If the Resonator on the field is hit or launched, tapping the <color=Highlight>Dodge Button</color> allows the Resonator to immediately recover from the interruption, triggering a successful Dodge. The Resonator launched in the air can land on the ground standing if they are close to the ground. This effect can be triggered up to {1} time(s).
- All nearby party members' DMG is Amplified by {2}.","Shorekeeper triệu hồi 1 <color=Highlight>Flare Star Butterfly</color> và 1 <color=Highlight>Dim Star Butterfly</color> bay quanh Resonator trên chiến trường trong tối đa {0} giây, mang lại các hiệu ứng sau:
- Nếu Resonator trên chiến trường bị tấn công hoặc tung lên không, nhấn <color=Highlight>Dodge Button</color> sẽ giúp họ lập tức hồi phục khỏi gián đoạn, kích hoạt Dodge thành công. Resonator bị tung lên không có thể tiếp đất đứng nếu ở gần mặt đất. Hiệu ứng này có thể kích hoạt tối đa {1} lần.
- Tất cả thành viên trong đội gần đó được Tăng Sát Thương {2}.",C?n ti?ng Anh nghi v?n: Butterfly; Button; Dim; Dodge; Flare; Shorekeeper; Star | S? t?/c?m nghi v?n: 10 | T? l? nghi v?n: 0.476 | M?c ??: 31.76
"After <color=Highlight>Resonance Liberation Finisher</color> is unlocked, when both <color=Highlight>Synchronization Rate</color> and <color=Highlight>Resonance Rate</color> are full at the same time, <color=Highlight>Resonance Liberation Finisher</color> becomes available, dealing massive <color=Fire>Fusion DMG</color> and switching to Aemeath form.","Sau khi mở khóa <color=Highlight>Resonance Liberation Finisher</color>, khi cả <color=Highlight>Synchronization Rate</color> và <color=Highlight>Resonance Rate</color> đều đạt tối đa cùng lúc, <color=Highlight>Resonance Liberation Finisher</color> sẽ khả dụng, gây <color=Fire>Fusion DMG</color> cực lớn và chuyển sang dạng Aemeath.",C?n ti?ng Anh nghi v?n: Aemeath; Finisher; Liberation; Rate; Synchronization | S? t?/c?m nghi v?n: 8 | T? l? nghi v?n: 0.471 | M?c ??: 31.71
"Your attacks have a chance to inflict <color=Highlight>1</color> stack of either Fusion Burst, Aero Erosion, Spectro Frazzle, Electro Flare, or Havoc Bane on hit. This effect can be triggered <color=Highlight>once</color> every <color=Highlight>0.5s</color>. Gain <color=Highlight>1%</color> DMG Amplification for each stack of Negative Status inflicted on the target for <color=Highlight>4s</color>, stacking up to <color=Highlight>30</color> times.","Các đòn tấn công của cậu có xác suất gây <color=Highlight>1</color> tầng hiệu ứng Fusion Burst, Aero Erosion, Spectro Frazzle, Electro Flare hoặc Havoc Bane khi trúng mục tiêu. Hiệu ứng này chỉ kích hoạt <color=Highlight>once</color> mỗi <color=Highlight>0.5s</color>. Mỗi tầng Status Tiêu Cực trên mục tiêu sẽ tăng <color=Highlight>1%</color> DMG Amplification cho cậu trong <color=Highlight>4s</color>, tối đa <color=Highlight>30</color> tầng.",C?n ti?ng Anh nghi v?n: Amplification; Bane; Burst; Erosion; Flare; Frazzle; once; Status | S? t?/c?m nghi v?n: 8 | T? l? nghi v?n: 0.471 | M?c ??: 31.71
"Resonator Galbrena has a prior history of Overclocking. Maximum severity rating: Mild.
  
<i>Black Shores Bloom Bearer Research Report</i>
  
<i>Despite the immense power Ms. Galbrena exhibited after <te href=850073>Overclocking</te>—including marked transformation of both appearance and physiology—we nevertheless classify her historical Overclock severity rating as Mild.</i>
  
<i>This assessment must be understood in context: her Resonance Ability was once corrupted by the <te href=851023>Dark Tide</te>, leaving her almost entirely depleted of her Resonance Ability. For a Resonator so diminished to achieve Overclocking at all—to move from deficit to surplus, from absence to presence—is nothing short of miraculous.</i>
  
<i>Traditionally, Overclocking has been defined as a state that exhausts the mind and body, signifying the dominance of destructive tendencies over regenerative ones within Resonators. Galbrena's case, however, compels us to reconsider this definition. In her, Overclocking did not manifest as deterioration, but as a signal of rebirth. It suggests that the phenomenon may be closely tied to the will of the Resonator and that, if properly guided, Overclocking could potentially yield constructive outcomes, transforming into a power that Resonators could one day learn to wield with intent.</i>
  
<i>Important Note: All research personnel are strictly prohibited from attempting, by any method, to replicate Ms. Galbrena's Overclocking method. Any such action, once discovered, will result in immediate containment measures.</i>","Resonators Galbrena có tiền sử Quá Tải trước đây. Mức độ nghiêm trọng tối đa: Nhẹ.

<i>Report Nghiên cứu Người Mang Hoa Vùng Bờ Đen</i>

<i>Dù sau khi <te href=850073>Overclocking</te>, bà Galbrena thể hiện sức mạnh khủng khiếp—bao gồm cả sự biến đổi rõ rệt về ngoại hình và sinh lý—chúng tôi vẫn xếp mức độ nghiêm trọng Quá Tải trong lịch sử của bà là Nhẹ.</i>

<i>Đánh giá này cần được hiểu trong bối cảnh: Resonance Ability của bà từng bị <te href=851023>Dark Tide</te> làm hư hại, khiến bà gần như cạn kiệt Resonance Ability. Với một Resonators suy yếu như vậy mà vẫn đạt được Quá Tải—từ thiếu hụt đến dư thừa, từ không có gì đến hiện hữu—quả là một điều kỳ diệu.</i>

<i>Theo truyền thống, Quá Tải được định nghĩa là trạng thái vắt kiệt tâm trí và thể xác, biểu thị sự áp đảo của xu hướng hủy diệt so với tái tạo trong Resonators. Tuy nhiên, trường hợp của Galbrena buộc chúng ta phải xem xét lại định nghĩa này. Ở bà, Quá Tải không biểu hiện như sự suy thoái, mà như tín hiệu của sự tái sinh. Điều này cho thấy hiện tượng này có thể gắn liền với ý chí của Resonators và nếu được dẫn dắt đúng cách, Quá Tải có khả năng mang lại kết quả tích cực, trở thành sức mạnh mà một ngày nào đó Resonators có thể học cách kiểm soát theo ý muốn.</i>

<i>Lưu ý quan trọng: Tất cả nhân viên nghiên cứu nghiêm cấm tuyệt đối thử tái tạo phương pháp Quá Tải của bà Galbrena bằng bất kỳ cách nào. Nếu phát hiện, sẽ áp dụng ngay biện pháp cách ly.</i>",C?n ti?ng Anh nghi v?n: Ability; Dark; Galbrena; Overclocking; Report; so; Tide | S? t?/c?m nghi v?n: 11 | T? l? nghi v?n: 0.268 | M?c ??: 31.68
Total Spectro DMG is increased by 20%. Total Heavy Attack DMG is increased by 40%. Total Resonance Liberation DMG is increased by 40%.,Total Spectro DMG tăng 20%. Total Sát Thương Heavy Attack tăng 40%. Total Sát Thương Resonance Liberation tăng 40%.,C?n ti?ng Anh nghi v?n: Attack; Heavy; Liberation; Total | S? t?/c?m nghi v?n: 6 | T? l? nghi v?n: 0.667 | M?c ??: 31.67
"<size=40><color=Title>Flaming Woolies</color></size>
Deal <color=Fire>Fusion DMG</color>.
<size=10></size>
<size=40><color=Title>Energetic Welcome</color></size>
After casting <color=Highlight>Flaming Woolies</color>, use <color=Highlight>Resonance Skill</color> to perform <color=Highlight>Energetic Welcome</color>, dealing <color=Fire>Fusion DMG</color>.","<size=40><color=Title>Flaming Woolies</color></size>
Gây <color=Fire>Fusion DMG</color>.
<size=10></size>
<size=40><color=Title>Energetic Welcome</color></size>
Sau khi sử dụng <color=Highlight>Flaming Woolies</color>, dùng <color=Highlight>Resonance Skill</color> để thực hiện <color=Highlight>Energetic Welcome</color>, gây <color=Fire>Fusion DMG</color>.",C?n ti?ng Anh nghi v?n: Energetic; Flaming; Skill; Welcome; Woolies | S? t?/c?m nghi v?n: 9 | T? l? nghi v?n: 0.562 | M?c ??: 31.62
"<color=#c49e55>[Resonance Skill]</color> ""Incinerating Will"" additionally reduces the target's Havoc RES by {0} for {1}s. When casting Resonance Skill: ""Crimson Erosion"" stage 2, Danjin gains a shield based on {2} of her Max HP for {3}s. The shield effect can be triggered up to {5} times every {4}s.","<color=#c49e55>[Resonance Skill]</color> ""Incinerating Will"" sẽ giảm thêm Havoc RES của mục tiêu đi {0} trong {1} giây. Khi sử dụng Resonance Skill: ""Erosion Đỏ Thẫm"" giai đoạn 2, Danjin sẽ nhận được một lớp khiên dựa trên {2} HP tối đa của cô trong {3} giây. Hiệu ứng khiên này có thể kích hoạt tối đa {5} lần mỗi {4} giây.",C?n ti?ng Anh nghi v?n: Danjin; Erosion; Incinerating; RES; Skill; Will | S? t?/c?m nghi v?n: 6 | T? l? nghi v?n: 0.462 | M?c ??: 31.62
"[Memetic Tuning]
Before exploring the Illusive Realm, Memetic Tuning can be selected to adjust the difficulty of the exploration and the reward rate (Memetic Tuning can only be used in Difficulty Ⅳ, V, and VI).
Memetic Tuning affects Resonators' combat experience and enemies' abilities in the upcoming Illusive Realm exploration. The reward rate will be applied to the Illusive Specimens and Memory Points obtained after completing the upcoming exploration.

Reverie Memes: Reduce the overall difficulty and the reward rate of the upcoming exploration.
Nightmare Memes: Increase the overall difficulty and the reward rate of the upcoming exploration.","[Tuning Meme]
Trước khi khám phá Echo Ảo, bạn có thể chọn Tuning Meme để điều chỉnh độ khó của chuyến thám hiểm và tỷ lệ phần thưởng (Tuning Meme chỉ khả dụng ở Độ Khó IV, V và VI).
Tuning Meme ảnh hưởng đến trải nghiệm chiến đấu của Resonators và khả năng của kẻ địch trong chuyến thám hiểm Echo Ảo sắp tới. Tỷ lệ phần thưởng sẽ được áp dụng cho các Illusive Specimen và Memory Points nhận được sau khi hoàn thành chuyến thám hiểm.

Meme Ảo Giác: Giảm độ khó tổng thể và tỷ lệ phần thưởng của chuyến thám hiểm sắp tới.
Meme Nightmare: Increase độ khó tổng thể và tỷ lệ phần thưởng của chuyến thám hiểm sắp tới.",C?n ti?ng Anh nghi v?n: Illusive; Increase; Memory; Nightmare; Points; Tuning; V | S? t?/c?m nghi v?n: 9 | T? l? nghi v?n: 0.36 | M?c ??: 31.6
"<color=#c49e55>[Basic Attack]</color> <color=#c49e55>[Resonance Skill]</color> While in Incarnation, casting Basic Attack and Resonance Skill restores Forte Gauge and slightly increases the Resonator's ATK.","<color=#c49e55>[Basic Attack]</color> <color=#c49e55>[Resonance Skill]</color> Khi ở trạng thái Incarnation, thi triển Basic Attack và Resonance Skill sẽ hồi phục Đồng Hồ Năng Lượng và tăng nhẹ Attack của Resonator.",C?n ti?ng Anh nghi v?n: Attack; Basic; Incarnation; Skill | S? t?/c?m nghi v?n: 5 | T? l? nghi v?n: 0.556 | M?c ??: 31.56
"Taoqi deals <color=Dark>Havoc DMG</color> to surrounding targets, generating {0} Rocksteady Shield and healing herself.
If attacked when casting <color=Highlight>Fortified Defense</color>, <color=Highlight>Strategic Parry</color> will be automatically cast.
<size=10> </size>
<size=40><color=Title>Rocksteady Shield</color></size>
When the active character on the team is attacked, {1} <color=Highlight>Rocksteady Shield</color> is consumed to reduce the damage taken.","Taoqi gây <color=Dark>Havoc DMG</color> lên các mục tiêu xung quanh, tạo ra {0} Shield Đá Vững Chắc và hồi phục cho bản thân.
Nếu bị tấn công khi đang thi triển <color=Highlight>Fortified Defense</color>, <color=Highlight>Strategic Parry</color> sẽ tự động kích hoạt.
<size=10> </size>
<size=40><color=Title>Rocksteady Shield</color></size>
Khi Resonator đang hoạt động trong đội bị tấn công, {1} <color=Highlight>Rocksteady Shield</color> sẽ được tiêu hao để giảm sát thương nhận vào.",C?n ti?ng Anh nghi v?n: Defense; Fortified; Parry; Rocksteady; Shield; Strategic; Taoqi | S? t?/c?m nghi v?n: 10 | T? l? nghi v?n: 0.455 | M?c ??: 31.55
"<color=#e4c69b>Enhanced Rally</color> - Once activated, each time this Echo uses an Active Skill, Quick-Deploy an Echo with unactivated Rally or Enhanced Rally to the Deployment Zone from your deck, and Reconstruct this Echo. If the Echo has multiple Rally or Enhanced Rally skills, only the first activated one can be triggered.","<color=#e4c69b>Enhanced Rally</color> - Khi kích hoạt, mỗi lần Tacet Discord này sử dụng Active Skill, Triển khai Nhanh một Tacet Discord có Rally hoặc Enhanced Rally chưa kích hoạt từ bộ bài lên Vùng Triển khai và Tái cấu trúc Tacet Discord này. Nếu Tacet Discord có nhiều kỹ năng Rally hoặc Enhanced Rally, chỉ kỹ năng đầu tiên được kích hoạt mới có thể kích hoạt hiệu ứng này.",C?n ti?ng Anh nghi v?n: Active; Enhanced; Rally; Skill | S? t?/c?m nghi v?n: 10 | T? l? nghi v?n: 0.455 | M?c ??: 31.55
"<color=#ffd12f>[Trigger Requirement]</color>
When [Dreamscape Power: Damage] buffs are set to be triggered by dealing <color=Highlight>Heavy Attack</color> DMG (trigger requirement for [Ice Burst] do not change), moderately increase Heavy Attack DMG.","<color=#ffd12f>[Trigger Yêu cầu]</color>
Khi buff [Dreamscape Power: Damage] được thiết lập để kích hoạt khi gây <color=Highlight>Heavy Attack</color> DMG (yêu cầu kích hoạt cho [Ice Burst] không thay đổi), tăng vừa phải Heavy Attack DMG.",C?n ti?ng Anh nghi v?n: Attack; buff; Heavy | S? t?/c?m nghi v?n: 5 | T? l? nghi v?n: 0.455 | M?c ??: 31.55
"<color=#ffd12f>[Trigger Requirement]</color>
When [Dreamscape Power: Damage] buffs are set to be triggered by dealing <color=Highlight>Heavy Attack</color> DMG (trigger requirement for [Ice Burst] do not change), moderately increase Heavy Attack DMG.","<color=#ffd12f>[Trigger Yêu cầu]</color>
Khi buff [Dreamscape Power: Damage] được thiết lập để kích hoạt khi gây <color=Highlight>Heavy Attack</color> DMG (yêu cầu kích hoạt cho [Ice Burst] không thay đổi), tăng vừa phải Heavy Attack DMG.",C?n ti?ng Anh nghi v?n: Attack; buff; Heavy | S? t?/c?m nghi v?n: 5 | T? l? nghi v?n: 0.455 | M?c ??: 31.55
"<color=#ffd12f>[Trigger Requirement]</color>
When [Dreamscape Power: Damage] buffs are set to be triggered by dealing <color=Highlight>Basic Attack</color> DMG (trigger requirement for [Ice Burst] do not change), moderately increase Basic Attack DMG.","<color=#ffd12f>[Điều Kiện Burst]</color>
Khi buff [Dreamscape Power: Damage] được thiết lập để kích hoạt khi gây <color=Highlight>Basic Attack</color> DMG (điều kiện kích hoạt cho [Ice Burst] không thay đổi), tăng vừa phải <color=Highlight>Basic Attack</color> DMG.",C?n ti?ng Anh nghi v?n: Attack; Basic; buff | S? t?/c?m nghi v?n: 5 | T? l? nghi v?n: 0.455 | M?c ??: 31.55
"<color=#ffd12f>[Trigger Requirement]</color>
When [Dreamscape Power: Damage] buffs are set to be triggered by dealing <color=Highlight>Basic Attack</color> DMG (trigger requirement for [Ice Burst] do not change), moderately increase Basic Attack DMG.","<color=#ffd12f>[Trigger Yêu cầu]</color>
Khi buff [Dreamscape Power: Damage] được thiết lập để kích hoạt khi gây <color=Highlight>Basic Attack</color> DMG (điều kiện kích hoạt cho [Ice Burst] không thay đổi), tăng vừa phải Basic Attack DMG.",C?n ti?ng Anh nghi v?n: Attack; Basic; buff | S? t?/c?m nghi v?n: 5 | T? l? nghi v?n: 0.455 | M?c ??: 31.55
"Echo Skill deals more DMG and has a lower Cooldown. When in [Divined Dream], dealing Echo Skill DMG reduces Echo Skill Cooldown of all Resonators in the team.","Skill Echo gây nhiều sát thương hơn và Cooldown chiêu ngắn hơn. Khi ở trạng thái [Giấc Mơ Tiên Tri], gây sát thương Skill Echo sẽ giảm Cooldown chiêu Skill Echo của tất cả Resonators trong đội.",C?n ti?ng Anh nghi v?n: Cooldown; Skill | S? t?/c?m nghi v?n: 5 | T? l? nghi v?n: 0.455 | M?c ??: 31.55
"Qiuyuan drinks from his bamboo flask to restore Swordster's Soliloquy. When full, Qiuyuan enters the <color=Highlight>Inksplash of Mind</color> state to deal more DMG at the cost of Swordster's Soliloquy.","Qiuyuan uống từ bình tre của mình để hồi phục *Swordster's Soliloquy*. Khi đầy, Qiuyuan bước vào trạng thái <color=Highlight>Inksplash of Mind</color> để gây thêm Sát Thương, đổi lại sẽ tiêu hao *Swordster's Soliloquy*.",C?n ti?ng Anh nghi v?n: Inksplash; Mind; of; Qiuyuan; Soliloquy; Swordster's | S? t?/c?m nghi v?n: 9 | T? l? nghi v?n: 0.75 | M?c ??: 31.5
"<te href=851006><color=#c79f49>Devour</color></te>: Devour <SapTag=0>{0}</SapTag> {Cus:Sap,S=Echo P=Echoes SapTag=0} every day, and gain the <te href=851009><color=#c79f49>Daily Coupon</color></te> yield of the Devoured target. When Devouring Echoes, gain <te href=851011><color=#c79f49>Frequency Crystals</color></te> based on the rarity of the Devoured target (Grey: 1, Blue: 1, Purple: 2, Golden: 3).","<te href=851006><color=#c79f49>Devour</color></te>: Mỗi ngày, Devour <SapTag=0>{0}</SapTag> {Cus:Sap,S=Echoes P=Echoes SapTag=0} và nhận sản lượng <te href=851009><color=#c79f49>Daily Coupon</color></te> của mục tiêu bị Devour. Khi Devour Echoes, nhận <te href=851011><color=#c79f49>Frequency Crystals</color></te> dựa trên độ hiếm của mục tiêu (Xám: 1, Xanh dương: 1, Purple: 2, Vàng: 3).",C?n ti?ng Anh nghi v?n: Coupon; Crystals; Daily; Devour; Frequency; Purple | S? t?/c?m nghi v?n: 9 | T? l? nghi v?n: 0.75 | M?c ??: 31.5
"Transform into Nightmare: Kelpie to attack nearby targets, dealing Glacio DMG.
The Resonator with this Echo equipped in the main slot gains Glacio and Aero DMG Bonus. Switching out the Resonator with Outro Skill summons Nightmare: Kelpie to deal Aero DMG.","Biến Đổi Nightmare: Kelpie để tấn công mục tiêu gần đó, gây Glacio DMG.
Resonator trang bị Echo này ở vị trí chính sẽ nhận Glacio DMG Bonus và Aero. Khi thay đổi Resonator bằng Outro Skill, triệu hồi Nightmare: Kelpie gây Aero DMG.",C?n ti?ng Anh nghi v?n: Bonus; Kelpie; Nightmare; Outro; Skill | S? t?/c?m nghi v?n: 7 | T? l? nghi v?n: 0.35 | M?c ??: 31.5
"Photo of Phrolova in a dance with Hecate

C-MOSS's Reminder: Basic Attack Stage 2
(Feel free to explore other ways to complete the challenge)","Chụp ảnh Phrolova nhảy múa cùng Hecate

Lời nhắc từ C-MOSS: Stage 2 của Basic Attack
(Cứ tự do khám phá các cách khác để hoàn thành thử thách nhé)",C?n ti?ng Anh nghi v?n: Attack; Basic; C; Hecate; Phrolova; Stage | S? t?/c?m nghi v?n: 6 | T? l? nghi v?n: 0.75 | M?c ??: 31.5
Restore <color=Highlight>Forte Gauge</color> and <color=Highlight>Energy Points</color> when entering combat in <color=Highlight>Pink Form</color>.,Restore <color=Highlight>Forte Gauge</color> và <color=Highlight>Energy Points</color> khi vào trạng thái chiến đấu ở <color=Highlight>Pink Form</color>.,C?n ti?ng Anh nghi v?n: Energy; Form; Gauge; Pink; Points; Restore | S? t?/c?m nghi v?n: 6 | T? l? nghi v?n: 0.75 | M?c ??: 31.5
"All enemies except Fallacy of No Return gain <color=#b72924ff>5% DMG Bonus</color> and have their <color=#5cc96aff>DEF reduced by 5%</color> every <color=#b72924ff>5s</color>, stacking up to <color=#b72924ff>20</color> times.","Tất cả kẻ địch (trừ Fallacy of Không Return) nhận <color=#b72924ff>5% DMG Bonus</color> và bị <color=#5cc96aff>DEF reduced by 5%</color> mỗi <color=#b72924ff>5s</color>, tối đa <color=#b72924ff>20 lần</color>.",C?n ti?ng Anh nghi v?n: Bonus; by; Fallacy; of; reduced; Return | S? t?/c?m nghi v?n: 6 | T? l? nghi v?n: 0.75 | M?c ??: 31.5
Enemy <color=#b72924ff>Max HP is increased by 20%</color>. <color=#5cc96aff>Dodge Counter</color> additionally deal DMG equal to <color=#5cc96aff>3%</color> of the enemies' Max HP.,Kẻ địch <color=#b72924ff>Max HP is increased by 20%</color>. <color=#5cc96aff>Dodge Counter</color> gây thêm sát thương bằng <color=#5cc96aff>3%</color> HP tối đa của kẻ địch.,C?n ti?ng Anh nghi v?n: by; Counter; Dodge; increased; is; Max | S? t?/c?m nghi v?n: 6 | T? l? nghi v?n: 0.75 | M?c ??: 31.5
<color=Highlight>Skip the turn</color> and <color=Highlight>act last next round</color> when at the top of a stack.,<color=Highlight>Skip the turn</color> và <color=Highlight>act last next round</color> khi ở đầu ngăn xếp.,C?n ti?ng Anh nghi v?n: act; last; next; round; Skip; turn | S? t?/c?m nghi v?n: 6 | T? l? nghi v?n: 0.75 | M?c ??: 31.5
"<color=#c49e55>[Forte Circuit]</color>
Casting Heavy Slash - Night Fall gains Imminent Reckoning that increases Spectro DMG.","<color=#c49e55>[Forte Circuit]</color>
Sử dụng Heavy Slash - Night Fall sẽ nhận được Imminent Reckoning làm tăng Spectro DMG.",C?n ti?ng Anh nghi v?n: Fall; Heavy; Imminent; Night; Reckoning; Slash | S? t?/c?m nghi v?n: 6 | T? l? nghi v?n: 0.75 | M?c ??: 31.5
"5. The Divine Envoys featured in the documentary were actually portrayed by the Echoes from Reserved Terminals, as the Order refused to allow the actual Divine Envoys to participate in any form of entertainment filming.

6. The battle scenes involving Napoli the Second and the Blessed Maiden were largely performed by sponsors, many of whom were contractors from Lollo Logistics. Locals from Rinascita only made up a small part of the cast, but they spent an entire day teaching the couriers how to charge into their enemies like knights.

7. In the bar fight scene, the director personally contributed to the fighting choreography due to having consumed too much of the special brew made in the Fagaceae Peninsula.

8. The iconic scene of the first Pilgrim's Sail setting off was filmed in a single take because the crew was only able to lease the ship for half a day.

9. The current head of the Montelli family made a cameo appearance, playing the role of the first family head of the Montellis.

10. The documentary has yet to be shown in local cinemas in Ragunna.","5. Những ""Sứ Giả Thần Linh"" xuất hiện trong phim tài liệu thực chất do các Echoes từ Thiết bị đầu cuối Dự phòng thủ vai, vì Hội Huấn từ chối cho phép các Sứ Giả Thần Linh thật tham gia bất kỳ hoạt động quay phim giải trí nào.

6. Những cảnh chiến đấu giữa Napoli đệ Nhị và Thánh Nữ phần lớn do các nhà tài trợ đảm nhận, đa số là nhân viên hợp đồng của Lollo Logistics. Người dân địa phương ở Rinascita chỉ đóng một phần nhỏ trong dàn diễn viên, nhưng họ đã dành cả ngày để dạy các nhân viên giao hàng cách xông pha vào kẻ thù như những hiệp sĩ thực thụ.

7. Trong cảnh ẩu đả ở quán bar, đạo diễn đã trực tiếp chỉ đạo vũ đạo chiến đấu sau khi uống quá nhiều rượu đặc sản từ Bán đảo Fagaceae.

8. Cảnh con tàu Pilgrim's Sail đầu tiên khởi hành được quay chỉ trong một lần duy nhất vì đoàn làm phim chỉ thuê được tàu trong nửa ngày.

9. Người đứng đầu hiện tại của gia tộc Montelli đã xuất hiện cameo, thủ vai người đứng đầu đầu tiên của gia tộc Montelli.

10. Bộ phim tài liệu này vẫn chưa được chiếu tại các rạp ở Ragunna.",C?n ti?ng Anh nghi v?n: bar; cameo; Fagaceae; Logistics; Lollo; Montelli; Napoli; Pilgrim's; Sail | S? t?/c?m nghi v?n: 10 | T? l? nghi v?n: 0.244 | M?c ??: 31.44
"When casting Resonance Skill <color=Highlight>Stroke of Genius</color> or Resonance Skill <color=Highlight>Creation's Zenith</color>, ATK is increased by {0} for {2}s. This can be stacked up to {1} time(s).","Khi sử dụng Resonance Skill <color=Highlight>Stroke of Genius</color> hoặc Resonance Skill <color=Highlight>Creation's Zenith</color>, Tấn Công của Resonator trong đội tăng {0} trong {2} giây. Có thể tích lũy tối đa {1} lần.",C?n ti?ng Anh nghi v?n: Creation's; Genius; of; Skill; Stroke; Zenith | S? t?/c?m nghi v?n: 7 | T? l? nghi v?n: 0.538 | M?c ??: 31.38
"When casting Resonance Skill <color=Highlight>Stroke of Genius</color> or Resonance Skill <color=Highlight>Creation's Zenith</color>, ATK is increased by {0} for {2}s. This can be stacked up to {1} time(s).","Khi sử dụng Resonance Skill <color=Highlight>Stroke of Genius</color> hoặc Resonance Skill <color=Highlight>Creation's Zenith</color>, Tấn Công của Resonator trong đội tăng {0} trong {2} giây. Có thể tích lũy tối đa {1} lần.",C?n ti?ng Anh nghi v?n: Creation's; Genius; of; Skill; Stroke; Zenith | S? t?/c?m nghi v?n: 7 | T? l? nghi v?n: 0.538 | M?c ??: 31.38
"<color=#c49e55>[Forte Circuit]</color> 
While in Wide Field Observation Mode, Mornye summons <SapTag=1>{1}</SapTag> Orbit {Cus:Sap,S=Star P=Stars SapTag=1} every {0}s to attack the target enemy, each dealing Fusion DMG equal to {2} of Mornye's DEF, considered Resonance Liberation DMG.","<color=#c49e55>[Forte Circuit]</color> 
Trong Wide Field Observation Mode, Mornye triệu hồi <SapTag=1>{1}</SapTag> Quỹ Tinh {Cus:Sap,S=Star P=Stars SapTag=1} mỗi {0} giây để tấn công mục tiêu, mỗi lần gây Fusion DMG bằng {2} DEF của Mornye, được tính là Sát Thương Resonance Liberation.",C?n ti?ng Anh nghi v?n: Field; Liberation; Mode; Mornye; Observation; Wide | S? t?/c?m nghi v?n: 7 | T? l? nghi v?n: 0.538 | M?c ??: 31.38
"<color=#1891e7>[Aero]</color>
This enemy has a <color=#b49f50> higher RES</color> against <color=#1891e7>Aero DMG</color>.  

Binomial name ""Tetraodon spiritalis"", a Mutant Organism of the genus Tetraodon. Presumed to be a relative to Gulpuff, though their ecological niche are slightly different. Chirpuff lives mainly in the air, preying on insects.","<color=#1891e7>[Aero]</color>
Kẻ địch này có <color=#b49f50>higher RES</color> đối với <color=#1891e7>Aero DMG</color>. 

Tên nhị thức ""Tetraodon spiritalis"", một Sinh Vật Đột Biến thuộc chi Tetraodon. Được cho là có họ hàng với Gulpuff, mặc dù vị trí sinh thái của chúng có đôi chút khác biệt. Chirpuff chủ yếu sống trên không, săn bắt côn trùng.",C?n ti?ng Anh nghi v?n: Chirpuff; Gulpuff; higher; RES; spiritalis; Tetraodon | S? t?/c?m nghi v?n: 7 | T? l? nghi v?n: 0.538 | M?c ??: 31.38
"<color=#c49e55>[Resonance Skill]</color> 
- The Aureate Judge state is permanently active. In this state, Aureole of Execution: Ring pulls in nearby targets, and Aureole of Execution: Breach is replaced with a spin attack of a larger range, striking up to {0} times, each dealing Spectro DMG equal to {1} of ATK. Luuk Herssen can move freely during this attack, but Ichor Blade will no longer be thrown.
- Aureole of Execution: Glare can be cast up to {2} times, each dealing Spectro DMG equal to {3} of ATK. Thrown Solid-State Ichor can detonate Ichor Deposits, dealing Spectro DMG equal to {4} of ATK.
- Performing Mid-air Attack - Gavel of Earthshaker resets the Aureole of Execution skill sequence.","<color=#c49e55>[Resonance Skill]</color>
- Trạng thái Thẩm Phán Hoàng Kim được kích hoạt vĩnh viễn. Trong trạng thái này, Vòng Trừng Phạt: Chuông sẽ hút mục tiêu xung quanh, và Vòng Trừng Phạt: Đột Phá được thay thế bằng một đòn xoay tấn công phạm vi rộng, có thể đánh trúng tối đa {0} times, mỗi lần gây Spectro DMG bằng {1} sức tấn công. Luuk Herssen có thể di chuyển tự do trong đòn tấn công này, nhưng Kiếm Ichor sẽ không còn được phóng đi.
- Vòng Trừng Phạt: Ánh Sáng có thể sử dụng tối đa {2} lần, mỗi lần gây Spectro DMG bằng {3} sức tấn công. Kiếm Ichor Rắn Chắc khi phóng đi có thể kích nổ Kho Ichor, gây Spectro DMG bằng {4} sức tấn công.
- Thực hiện Đòn Mid-air Attack - Búa Địa Chấn sẽ thiết lập lại chuỗi kỹ năng Vòng Trừng Phạt.",C?n ti?ng Anh nghi v?n: air; Attack; Herssen; Ichor; Luuk; Mid; times | S? t?/c?m nghi v?n: 9 | T? l? nghi v?n: 0.333 | M?c ??: 31.33
"Negative Statuses include: <color=#ffd12f>Aero Erosion</color>, <color=#ffd12f>Electro Flare</color>, <color=#ffd12f>Spectro Frazzle</color>, <color=#ffd12f>Fusion Burst</color>, <color=#ffd12f>Glacio Chafe</color>, and <color=#ffd12f>Havoc Bane</color>.","Negative Status bao gồm: <color=#ffd12f>Aero Erosion</color>, <color=#ffd12f>Electro Flare</color>, <color=#ffd12f>Spectro Frazzle</color>, <color=#ffd12f>Fusion Burst</color>, <color=#ffd12f>Glacio Chafe</color> và <color=#ffd12f>Havoc Bane</color>.",C?n ti?ng Anh nghi v?n: Bane; Burst; Chafe; Erosion; Flare; Frazzle; Negative; Status | S? t?/c?m nghi v?n: 8 | T? l? nghi v?n: 0.533 | M?c ??: 31.33
"Grants 30% Fusion DMG Bonus.
When the active Resonator casts Echo Skill or deals Echo Skill DMG, they additionally recover Ember, triggered up to 1 time per second.
When the active Resonator deals damage while in the Burning Waves state, they unleash an AoE attack, dealing Fusion DMG equal to 1600% of their ATK in total (considered Echo Skill DMG), triggered up to 1 time every 6s.","Tăng 30% Fusion DMG.
Khi Resonator chủ động sử dụng Echo Skill hoặc gây Sát Thương Echo Skill, họ sẽ hồi phục thêm Ember, kích hoạt tối đa 1 lần mỗi giây.
Khi Resonator chủ động gây sát thương trong trạng thái Burning Waves, họ sẽ tung ra một đòn tấn công AoE, gây Fusion DMG bằng 1600% Tấn Công của họ (được tính là Sát Thương Echo Skill), kích hoạt tối đa 1 lần mỗi 6 giây.",C?n ti?ng Anh nghi v?n: AoE; Burning; Ember; Skill; Waves | S? t?/c?m nghi v?n: 7 | T? l? nghi v?n: 0.333 | M?c ??: 31.33
Dodge Counter restores {0} points of Concerto Energy and reduces Echo Skill Cooldown by {1}s. Cooldown: {2}s.,Dodge Counter phục hồi {0} điểm Concerto Energy và giảm {1} giây Cooldown chiêu Kỹ Năng Vọng Âm. Cooldown chiêu: {2} giây.,C?n ti?ng Anh nghi v?n: Cooldown; Counter; Dodge; Energy | S? t?/c?m nghi v?n: 5 | T? l? nghi v?n: 0.833 | M?c ??: 31.33
"If Resolve is more than 30 when casting <color=#f4d582>Resonance Liberation: Emerald Storm: Prelude</color>, consume 30 Resolve to cast Emerald Storm: Finale instead, dealing <color=Wind>Aero DMG</color>, considered as Heavy Attack DMG. Can be cast mid-air.","Nếu Điểm Quyết Tâm trên 30 khi kích hoạt <color=#f4d582>Resonance Liberation: Emerald Storm: Prelude</color>, tiêu hao 30 Điểm Quyết Tâm để thay thế bằng Bão Ngọc Lục - Khúc Kết, gây <color=Wind>Aero DMG</color>, được tính là Sát Thương Heavy Attack. Có thể kích hoạt khi đang bay.",C?n ti?ng Anh nghi v?n: Attack; Emerald; Heavy; Liberation; Prelude; Storm | S? t?/c?m nghi v?n: 6 | T? l? nghi v?n: 0.429 | M?c ??: 31.29
"In this challenge:
<color=Highlight>Phoebe</color> can cast Mid-air Heavy Attacks unlimited times.
Flight STA cost is reduced.

Key Buff: <color=Highlight>Casting intro Skill</color> will also inflict Aero Erosion and Spectro Frazzle on the target.","Trong thử thách này:
<color=Highlight>Phoebe</color> có thể sử dụng Đòn Tấn Công Nặng giữa không trung không giới hạn.
Chi phí STA khi bay giảm.

Tăng cường chính: <color=Highlight>Casting intro Skill</color> cũng sẽ gây Aero Erosion và Spectro Frazzle lên mục tiêu.",C?n ti?ng Anh nghi v?n: Casting; Erosion; Frazzle; intro; Phoebe; Skill | S? t?/c?m nghi v?n: 6 | T? l? nghi v?n: 0.429 | M?c ??: 31.29
"Evaluation Basis: [Resonance Assessment 1617-G]

According to Resonator Aalto's reports, there was a rare occurrence of heavy fog on the day of his birth. Aalto's <te href=850072>Tacet Mark</te> is located on the left side of his neck. Other than gaining the ability to briefly transform into a mist-like form, no significant physical changes have been observed in Aalto's body after his Awakening.

Resonator Aalto excels in the art of camouflage and transformation, often assuming an elusive and fluctuating physical state, akin to the characteristics of mist. Further tests conducted to ascertain the properties of the mist he conjures yielded inconclusive results.

The Resonance Spectrum Pattern of Aalto matches our known Spectrum Patterns of fog. Strong Syntony Reactions have been observed during testing, confirming the connection between fog and Aalto's Awakening. 
Additionally, analysis of test samples has revealed a non-convergent <te href=850067>Rabelle's Curve</te> with a noticeable periodic waveform, which classifies Aalto as a <te href=850068>Congenital Resonator</te>.


<i>Researcher's Annotation: As stated in the report, this Resonator is cunning and a master of disguises, thus rendering the credibility of his recounts questionable.</i>

<i>Annotation to the annotation: As a broker honoring integrity. I, Aalto, solemnly swear that the recount I presented is 100% truth. Nothing more, nothing less.</i>","Cơ sở đánh giá: [Đánh Giá Resonance 1617-G]

Theo báo cáo của Resonator Aalto, vào ngày anh ta ra đời, đã xuất hiện một hiện tượng hiếm gặp: sương mù dày đặc. <te href=850072>Tacet Mark</te> của Aalto nằm ở bên trái cổ. Ngoài khả năng biến hình ngắn hạn thành dạng sương mù, không có thay đổi vật lý đáng kể nào được ghi nhận trên cơ thể Aalto sau khi Kích Hoạt.

Resonator Aalto rất xuất sắc trong nghệ thuật ngụy trang và biến hóa, thường xuyên duy trì trạng thái vật lý khó nắm bắt và biến đổi, giống như đặc tính của sương mù. Các thử nghiệm tiếp theo nhằm xác định tính chất của màn sương do anh ta tạo ra đều không đưa ra kết quả rõ ràng.

Mô hình Phổ Resonance của Aalto trùng khớp với các Mô hình Phổ đã biết của sương mù. Phản ứng Đồng Điệu mạnh mẽ đã được ghi nhận trong quá trình thử nghiệm, xác nhận mối liên hệ giữa sương mù và sự Kích Hoạt của Aalto.
Ngoài ra, phân tích mẫu thử cho thấy một <te href=850067>Rabelle's Curve</te> không hội tụ với dạng sóng tuần hoàn rõ rệt, qua đó xếp Aalto vào loại <te href=850068>Congenital Resonator</te>.


<i>Ghi chú của Nhà nghiên cứu: Như đã nêu trong báo cáo, Resonator này rất xảo quyệt và là bậc thầy ngụy trang, do đó độ tin cậy trong lời kể của hắn rất đáng ngờ.</i>

<i>Ghi chú cho ghi chú: Là một người môi giới trọng danh dự, ta, Aalto, xin thề rằng lời kể ta trình bày là sự thật 100%. Không thêm, không bớt.</i>",C?n ti?ng Anh nghi v?n: Aalto; Congenital; Curve; Mark; Rabelle's | S? t?/c?m nghi v?n: 12 | T? l? nghi v?n: 0.226 | M?c ??: 31.26
Heavy Attack: Aftertune: Tap {0} after Heavy Attack: Resonance hits a target,Heavy Attack: Aftertune: Nhấn {0} sau khi Heavy Attack: Resonance trúng mục tiêu,C?n ti?ng Anh nghi v?n: Aftertune; Attack; Heavy | S? t?/c?m nghi v?n: 5 | T? l? nghi v?n: 0.625 | M?c ??: 31.25
"This enemy has a <color=HighlightB>higher RES</color> to <color=Light>Spectro DMG</color>.
When hit by an Echo Skill, Sigillum gains 1 stack of Off Course, up to 5 stacks. Echoes with the same name can only trigger this effect once.
Each stack of Off Course makes it take 10% more total DMG. At 5 stacks, Sigillum takes an additional 30% total DMG.

Rage and tears. Suffering and joy. Sorrow and pain. All are condensed, along with her sigh, into a single golden frequency.
It gazes at the sky, lost in memories worn thin by the ages. The lost voyager is still searching for the way home.","Kẻ địch này có <color=HighlightB>higher RES</color> <color=Light>Spectro DMG</color>.
Khi bị trúng Kỹ Năng Echoes, Sigillum nhận 1 tầng Off Course, tối đa 5 tầng. Các Echoes cùng tên chỉ kích hoạt hiệu ứng này một lần.
Mỗi tầng Off Course khiến nó chịu thêm 10% tổng sát thương. Khi đạt 5 tầng, Sigillum chịu thêm 30% tổng sát thương.

Giận dữ và nước mắt. Đau khổ và niềm vui. Nỗi buồn và đau đớn. Tất cả được cô đọng cùng tiếng thở dài của nàng vào một tần số vàng.
Nó ngước nhìn trời, lạc trong những ký ức đã phai mờ theo thời gian. Người lữ khách lạc lối vẫn đang tìm đường về nhà.",C?n ti?ng Anh nghi v?n: Course; higher; Off; RES; Sigillum | S? t?/c?m nghi v?n: 8 | T? l? nghi v?n: 0.421 | M?c ??: 31.21
Crit. DMG of <color=Highlight><te href=851100>Combo - Rice Dango Missile</te></color> and <color=Highlight><te href=851101>Combo - Rice Dango Missile: Enhanced</te></color> is increased by <color=Highlight>{0}</color>.,Crit. DMG của <color=Highlight><te href=851100>Combo - Rice Dango Missile</te></color> và <color=Highlight><te href=851101>Combo - Rice Dango Missile: Enhanced</te></color> tăng thêm <color=Highlight>{0}</color>.,C?n ti?ng Anh nghi v?n: Combo; Dango; Enhanced; Missile; Rice | S? t?/c?m nghi v?n: 9 | T? l? nghi v?n: 0.818 | M?c ??: 31.18
"When <color=Highlight><te href=851100>Combo - Rice Dango Missile</te></color> or <color=Highlight><te href=851101>Combo - Rice Dango Missile: Enhanced</te></color> hits a target, the subsequent missiles gain DMG Bonus.","Khi <color=Highlight><te href=851100>Combo - Rice Dango Missile</te></color> hoặc <color=Highlight><te href=851101>Combo - Rice Dango Missile: Enhanced</te></color> trúng mục tiêu, các tên lửa tiếp theo sẽ nhận thêm Tấn Công.",C?n ti?ng Anh nghi v?n: Combo; Dango; Enhanced; Missile; Rice | S? t?/c?m nghi v?n: 9 | T? l? nghi v?n: 0.818 | M?c ??: 31.18
Crit. DMG of <color=Highlight><te href=851100>Combo - Rice Dango Missile</te></color> and <color=Highlight><te href=851101>Combo - Rice Dango Missile: Enhanced</te></color> is increased.,Crit. DMG của <color=Highlight><te href=851100>Combo - Rice Dango Missile</te></color> và <color=Highlight><te href=851101>Combo - Rice Dango Missile: Enhanced</te></color> được tăng lên.,C?n ti?ng Anh nghi v?n: Combo; Dango; Enhanced; Missile; Rice | S? t?/c?m nghi v?n: 9 | T? l? nghi v?n: 0.818 | M?c ??: 31.18
"When Baizhi casts Resonance Skill <color=Highlight>Emergency Plan</color>, You'tan generates a field of <color=Highlight>Euphonia</color> that lasts for {0}s.
<size=10> </size>
<size=40><color=Title>Euphonia</color></size>
ATK of the Resonators who pick up Euphonia is increased by {1} for {2}s.","Khi Baizhi sử dụng Resonance Skill <color=Highlight>Emergency Plan</color>, You'tan tạo ra một vùng <color=Highlight>Euphonia</color> kéo dài {0} giây.
<size=10> </size>
<size=40><color=Title>Euphonia</color></size>
Tấn Công của Resonators nhặt được Euphonia sẽ tăng {1} trong {2} giây.",C?n ti?ng Anh nghi v?n: Baizhi; Emergency; Euphonia; Plan; Skill; You'tan | S? t?/c?m nghi v?n: 8 | T? l? nghi v?n: 0.615 | M?c ??: 31.15
Casting Resonance Liberation <color=Highlight>Singer's Triple Cadenza</color> grants Ciaccona a Shield equal to {0} of her Max HP for {1}s. Switching out Ciaccona removes the Shield.,Kích hoạt Resonance Liberation <color=Highlight>Singer's Triple Cadenza</color> tạo cho Ciaccona một Lớp Shield tương đương {0} HP tối đa của cô trong {1} giây. Chuyển đổi Ciaccona ra khỏi đội sẽ loại bỏ Lớp Shield.,C?n ti?ng Anh nghi v?n: Cadenza; Ciaccona; Liberation; Shield; Singer's; Triple | S? t?/c?m nghi v?n: 8 | T? l? nghi v?n: 0.615 | M?c ??: 31.15
"When Baizhi casts Resonance Skill <color=Highlight>Emergency Plan</color>, You'tan generates a field of <color=Highlight>Euphonia</color> that lasts for {0}s.
<size=10></size>
<size=40><color=Title>Euphonia</color></size>
ATK of Resonators who pick up Euphonia is increased by {1} for {2}s.","Khi Baizhi sử dụng Resonance Skill <color=Highlight>Emergency Plan</color>, You'tan tạo ra một vùng <color=Highlight>Euphonia</color> kéo dài {0} giây.
<size=10></size>
<size=40><color=Title>Euphonia</color></size>
Tấn Công của Resonators nhặt được Euphonia sẽ tăng {1} trong {2} giây.",C?n ti?ng Anh nghi v?n: Baizhi; Emergency; Euphonia; Plan; Skill; You'tan | S? t?/c?m nghi v?n: 8 | T? l? nghi v?n: 0.615 | M?c ??: 31.15
Luuk Herssen may switch between 3 forms of Enhanced Resonance Skill to deal substantial Basic Attack DMG.,Luuk Herssen có thể chuyển đổi giữa 3 dạng Resonance Skill Nâng Cao để gây Sát Thương Basic Attack đáng kể.,C?n ti?ng Anh nghi v?n: Attack; Basic; Herssen; Luuk; Skill | S? t?/c?m nghi v?n: 5 | T? l? nghi v?n: 0.714 | M?c ??: 31.14
"When Outro Skill is triggered, deal additional {0} Havoc DMG to surrounding enemies, considered Outro Skill DMG, and grant the incoming Resonator {1} Havoc DMG Bonus for {2}s.","Khi Outro Skill được kích hoạt, gây thêm {0} Havoc DMG lên kẻ địch xung quanh, được tính là Sát Thương Outro Skill, và trao cho Resonator kế tiếp {1} Havoc DMG Bonus trong {2} giây.",C?n ti?ng Anh nghi v?n: Bonus; Outro; Skill | S? t?/c?m nghi v?n: 5 | T? l? nghi v?n: 0.312 | M?c ??: 31.12
"The nexus of an ecological information network designed based on the principles of Wutherium Science. Typically situated in medium and large towns, it detects and models energy fluctuations, activities of Tacet Discords, and other abnormal signals to provide early warnings of Waveworn Phenomena.

In the Roya Frostlands and Lahai-Roi, the Resonance Nexus is known as the Solis Lens Array. These lenses concentrate and convert the glow of the Reactor Drive into usable power for local facilities.","Trung tâm của mạng lưới thông tin sinh thái được thiết kế dựa trên nguyên lý Khoa học Wutherium. Thường đặt tại các thị trấn trung bình và lớn, nó phát hiện và mô hình hóa dao động năng lượng, hoạt động của Tacet Discord, cùng các tín hiệu bất thường khác để đưa ra cảnh báo sớm về Hiện tượng Waveworn.

Tại Roya Frostlands và Lahai-Roi, Resonance Nexus được gọi là Mảng Thấu kính Solis. Những thấu kính này tập trung và chuyển đổi ánh sáng từ Reactor Drive thành năng lượng sử dụng cho các cơ sở địa phương.",C?n ti?ng Anh nghi v?n: Drive; Frostlands; Lahai; Nexus; Reactor; Roya; Solis; Waveworn; Wutherium | S? t?/c?m nghi v?n: 9 | T? l? nghi v?n: 0.409 | M?c ??: 31.09
"Evaluation Basis: [Resonance Assessment 2100-G] 

The exact timing of Resonator Jinhsi's Awakening remains unclear. Signs of her Awakening manifested early in her life, establishing a profound resonance with <te href=850116>Sentinel Jué</te>. 

Positioned at the midpoint of her back, Jinhsi's <te href=850072>Tacet Mark</te> is a distinct feature. When activating her Resonance Ability, crystalline formations resembling Loong horns materialize above her head. 

Through her unique gift, Jinhsi can manipulate light to create holographic projections mirroring Sentinel Jué, showcasing power comparable to the <te href=850083>Sentinel</te>'s own abilities.

Observational data points towards the exceptional growth capacity of the subject's Resonance Ability. The pinnacle of this ability hints at the remarkable prospect of time shifting.

Detailed analysis of Jinhsi's Resonance Spectrum Pattern has unveiled a striking resemblance to that of Sentinel Jué. Rigorous testing has uncovered strong Syntony reactions. Nevertheless, the precise trigger behind Jinhsi's Awakening remains enigmatic due to the Sentinel's special position.

Analysis of test samples has revealed a non-convergent <te href=850067>Rabelle's Curve</te> with a noticeable periodic waveform, which classifies Jinhsi as a <te href=850068>Congenital Resonator</te>.","Cơ sở Đánh giá: [Đánh giá Cộng hưởng 2100-G] 

Thời điểm chính xác Resonator Jinhsi thức tỉnh vẫn chưa được xác định. Dấu hiệu thức tỉnh của cô xuất hiện từ sớm, thiết lập một sự cộng hưởng sâu sắc với <te href=850116>Sentinel Jué</te>. 

<te href=850072>Tacet Mark</te> của Jinhsi nằm ở giữa lưng, là một đặc điểm nổi bật. Khi kích hoạt Năng lực Cộng hưởng, những cấu trúc tinh thể giống sừng Loong hiện ra trên đầu cô. 

Nhờ năng lực đặc biệt, Jinhsi có thể thao túng ánh sáng để tạo ra những hình chiếu hologram phản chiếu Sentinel Jué, thể hiện sức mạnh tương đương với khả năng của chính <te href=850083>Sentinel</te>. 

Dữ liệu quan sát cho thấy tiềm năng phát triển vượt trội của Năng lực Cộng hưởng của đối tượng. Đỉnh cao của khả năng này gợi mở viễn cảnh đáng kinh ngạc về việc dịch chuyển thời gian. 

Phân tích chi tiết Mô hình Phổ Cộng hưởng của Jinhsi đã tiết lộ sự tương đồng đáng kinh ngạc với Mô hình của Sentinel Jué. Các thử nghiệm nghiêm ngặt đã phát hiện phản ứng Đồng điệu mạnh mẽ. Tuy nhiên, nguyên nhân chính xác dẫn đến sự thức tỉnh của Jinhsi vẫn còn là bí ẩn do vị trí đặc biệt của Sentinel. 

Phân tích mẫu thử cho thấy <te href=850067>Rabelle's Curve</te> không hội tụ với dạng sóng tuần hoàn rõ rệt, qua đó xếp Jinhsi vào loại <te href=850068>Congenital Resonator</te>.",C?n ti?ng Anh nghi v?n: Congenital; Curve; Jinhsi; Loong; Mark; Rabelle's | S? t?/c?m nghi v?n: 11 | T? l? nghi v?n: 0.306 | M?c ??: 31.06
"- When in <color=Highlight>Resonance Mode - Fusion Burst</color>, Resonance Skill <color=Highlight>Seraphic Duet</color> removes the <color=Highlight>Fusion Trail</color> stacks on targets if they are inflicted with <color=Highlight>Fusion Trail</color>, and trigger the <color=Highlight>Fusion Trail</color> on the target based on its max stack limit without removing its stacks. Each stack of <color=Highlight>Fusion Trail</color> removed from the target increases the DMG Multiplier of <color=Highlight>Fusion Trail</color> on the main target by {0}.","Khi ở <color=Highlight>Resonance Mode - Fusion Burst</color>, kỹ năng Resonance <color=Highlight>Seraphic Duet</color> sẽ loại bỏ các lớp <color=Highlight>Fusion Trail</color> trên mục tiêu nếu chúng bị ảnh hưởng bởi <color=Highlight>Fusion Trail</color>, đồng thời kích hoạt <color=Highlight>Fusion Trail</color> trên mục tiêu dựa trên giới hạn lớp tối đa mà không loại bỏ các lớp hiện có. Mỗi lớp <color=Highlight>Fusion Trail</color> bị loại bỏ khỏi mục tiêu sẽ tăng Hệ Số Sát Thương của <color=Highlight>Fusion Trail</color> lên mục tiêu chính thêm {0}.",C?n ti?ng Anh nghi v?n: Burst; Duet; Mode; Seraphic; Trail | S? t?/c?m nghi v?n: 9 | T? l? nghi v?n: 0.5 | M?c ??: 31.0
"With an <color=Highlight>Antique</color>, Youhu's next <color=Highlight>Basic Attack</color> will activate the corresponding <color=Highlight>Antique Appraisal</color>.
Only one <color=Highlight>Antique</color> can exist at a time, and the newly drawn <color=Highlight>Antique</color> will replace the existing one.","Với một <color=Highlight>Antique</color>, <color=Highlight>Basic Attack</color> tiếp theo của Youhu sẽ kích hoạt <color=Highlight>Antique Appraisal</color> tương ứng.
Chỉ có thể tồn tại một <color=Highlight>Antique</color> tại một thời điểm, và <color=Highlight>Antique</color> mới rút sẽ thay thế cái hiện có.",C?n ti?ng Anh nghi v?n: Antique; Appraisal; Attack; Basic | S? t?/c?m nghi v?n: 7 | T? l? nghi v?n: 0.7 | M?c ??: 31.0
"<color=Highlight>Activated upon having 3 Bond Members in the team</color>
When in Synergy Burst, the total DMG of Consecutive Punches and Clench is increased by {0}.","<color=Highlight>Activated upon having 3 Bond Members in the team</color>
Khi trong trạng thái Cơn Bùng Nổ Đồng Điệu, tổng Sát Thương của Đòn Liên Tiếp và Siết Chặt được tăng thêm {0}.",C?n ti?ng Anh nghi v?n: Activated; Bond; having; in; Members; team; upon | S? t?/c?m nghi v?n: 7 | T? l? nghi v?n: 0.7 | M?c ??: 31.0
"<color=Highlight>Activated upon having 3 Bond Members in the team</color>
When in Synergy Burst, gain all Master Stance effects, and the DMG Multiplier of Master Stance is increased from {0} to {1} of ATK.","<color=Highlight>Activated upon having 3 Bond Members in the team</color>
Khi trong trạng thái Cơn Bùng Nổ Đồng Điệu, nhận tất cả hiệu ứng của Thế Đứng Chủ Nhân, và Hệ Số Sát Thương của Thế Đứng Chủ Nhân tăng từ {0} lên {1} Tấn Công.",C?n ti?ng Anh nghi v?n: Activated; Bond; having; in; Members; team; upon | S? t?/c?m nghi v?n: 7 | T? l? nghi v?n: 0.7 | M?c ??: 31.0
"Polychrome Leap: With enough <color=Highlight>Lumiflow</color>, {Cus:Ipt,Touch=tap PC=press Gamepad=press} Jump to cast <color=Highlight>Polychrome Leap</color>, gaining 1 point of <color=Highlight>True Color</color> and inflicting <color=Highlight>Photochromic Flux</color> on targets upon hit.","Bước Nhảy Đa Sắc: Khi có đủ <color=Highlight>Lumiflow</color>, {Cus:Ipt,Touch=tap PC=press Gamepad=press} Nhảy để tung chiêu <color=Highlight>Polychrome Leap</color>, nhận 1 điểm <color=Highlight>True Color</color> và gây hiệu ứng <color=Highlight>Photochromic Flux</color> lên mục tiêu khi trúng đích.",C?n ti?ng Anh nghi v?n: Color; Flux; Leap; Lumiflow; Photochromic; Polychrome; True | S? t?/c?m nghi v?n: 7 | T? l? nghi v?n: 0.7 | M?c ??: 31.0
"<color=Highlight>Resonance Liberation - Blade of Howling Squall</color>: As <color=Highlight>Fleurdelys</color>, {Cus:Ipt,Touch=tap PC=press Gamepad=press} {0} when <color=Highlight>Conviction</color> reaches 120 points.","<color=Highlight>Resonance Liberation - Blade of Howling Squall</color>: Khi ở dạng <color=Highlight>Fleurdelys</color>, {Cus:Ipt,Touch=tap PC=press Gamepad=press} {0} khi <color=Highlight>Conviction</color> đạt 120 điểm.",C?n ti?ng Anh nghi v?n: Blade; Conviction; Fleurdelys; Howling; Liberation; of; Squall | S? t?/c?m nghi v?n: 7 | T? l? nghi v?n: 0.7 | M?c ??: 31.0
"When in <color=Highlight>Starlume Acceleration</color>, casting Resonance Liberation <color=Highlight>Heavenfall Edict: Overdrive</color> additionally recovers <color=Highlight>Resonance Rate</color>.","Khi ở <color=Highlight>Starlume Acceleration</color>, sử dụng Resonance Liberation <color=Highlight>Heavenfall Edict: Overdrive</color> sẽ hồi phục thêm <color=Highlight>Resonance Rate</color>.",C?n ti?ng Anh nghi v?n: Acceleration; Edict; Heavenfall; Liberation; Overdrive; Rate; Starlume | S? t?/c?m nghi v?n: 7 | T? l? nghi v?n: 0.7 | M?c ??: 31.0
"Reach Union Level 14 and activate the Resonance Nexus in Startorch Academy during the Main Quest ""What Burns Beneath Frostlands"" to unlock","Đạt Cấp Liên Minh 14 và kích hoạt Resonance Nexus tại Startorch Academy trong Nhiệm vụ Chính ""What Burns Beneath Frostlands"" để mở khóa",C?n ti?ng Anh nghi v?n: Academy; Beneath; Burns; Frostlands; Nexus; Startorch; What | S? t?/c?m nghi v?n: 7 | T? l? nghi v?n: 0.7 | M?c ??: 31.0
"Reach Union Level 14 and activate the Resonance Nexus in Startorch Academy during the Main Quest ""What Burns Beneath Frostlands"" to unlock","Đạt Cấp Liên Minh 14 và kích hoạt Resonance Nexus tại Startorch Academy trong Nhiệm vụ Chính ""What Burns Beneath Frostlands"" để mở khóa",C?n ti?ng Anh nghi v?n: Academy; Beneath; Burns; Frostlands; Nexus; Startorch; What | S? t?/c?m nghi v?n: 7 | T? l? nghi v?n: 0.7 | M?c ??: 31.0
"Reach Union Level 14 and activate the Resonance Nexus in Startorch Academy during the Main Quest ""What Burns Beneath Frostlands"" to unlock","Đạt Cấp Liên Minh 14 và kích hoạt Resonance Nexus tại Startorch Academy trong Nhiệm vụ Chính ""What Burns Beneath Frostlands"" để mở khóa",C?n ti?ng Anh nghi v?n: Academy; Beneath; Burns; Frostlands; Nexus; Startorch; What | S? t?/c?m nghi v?n: 7 | T? l? nghi v?n: 0.7 | M?c ??: 31.0
