en_source,vn_translate,loi_du_doan
"- When the Battle Stage starts, you lose {0} HP.","Khi Battle Stage bắt đầu, bạn mất {0} HP.",C?n ti?ng Anh nghi v?n: Battle; Stage | S? t?/c?m nghi v?n: 2 | T? l? nghi v?n: 0.5 | M?c ??: 11.0
Unlock any 3 Resonance Nexus in Lahai-Roi,Mở khóa 3 Resonance Nexus bất kỳ tại Lahai-Roi,C?n ti?ng Anh nghi v?n: Lahai; Nexus | S? t?/c?m nghi v?n: 2 | T? l? nghi v?n: 0.5 | M?c ??: 11.0
Defeat the Round 2 enemies of Singularity Expansion in Doubled Pawns Matrix,Tiêu diệt đợt địch thứ 2 của Singularity Expansion trong Ma Trận Tốt Đôi,C?n ti?ng Anh nghi v?n: Expansion; Singularity | S? t?/c?m nghi v?n: 2 | T? l? nghi v?n: 0.5 | M?c ??: 11.0
Activate Resonance Nexus in Hunter's Den in Sanguis Plateaus,Kích hoạt Mạch Resonance tại Hang Thợ Săn - Sanguis Plateaus,C?n ti?ng Anh nghi v?n: Plateaus; Sanguis | S? t?/c?m nghi v?n: 2 | T? l? nghi v?n: 0.5 | M?c ??: 11.0
"A hardened horn from a Titanhorn Antelope. These creatures are known to feed on stone in the most unforgiving environments, resulting in horns as tough as the rocks they consume.","Một chiếc sừng cứng cáp của loài Titanhorn Antelope. Những sinh vật này nổi tiếng với việc ăn đá trong những môi trường khắc nghiệt nhất, tạo nên những chiếc sừng cứng như chính những tảng đá chúng nuốt vào.",C?n ti?ng Anh nghi v?n: Antelope; Titanhorn | S? t?/c?m nghi v?n: 2 | T? l? nghi v?n: 0.5 | M?c ??: 11.0
"Open to get 1 random Glacio Echo, a material for weapon and skill upgrade, and Shell Credits.","Mở để nhận ngẫu nhiên 1 Echo Glacio, vật liệu nâng cấp vũ khí và kỹ năng, cùng với Shell Credits.",C?n ti?ng Anh nghi v?n: Credits; Shell | S? t?/c?m nghi v?n: 2 | T? l? nghi v?n: 0.5 | M?c ??: 11.0
"Open to get 1 random Glacio Echo, a material for weapon and skill upgrade, and Shell Credits.","Mở để nhận ngẫu nhiên 1 Echo Glacio, vật liệu nâng cấp vũ khí và kỹ năng, cùng với Shell Credits.",C?n ti?ng Anh nghi v?n: Credits; Shell | S? t?/c?m nghi v?n: 2 | T? l? nghi v?n: 0.5 | M?c ??: 11.0
"Open to get 1 random Electro Echo, a material for weapon and skill upgrade, and Shell Credits.","Mở để nhận ngẫu nhiên 1 Echo Electro, vật liệu nâng cấp vũ khí và kỹ năng, cùng với Shell Credits.",C?n ti?ng Anh nghi v?n: Credits; Shell | S? t?/c?m nghi v?n: 2 | T? l? nghi v?n: 0.5 | M?c ??: 11.0
"Open to get 1 random Electro Echo, a material for weapon and skill upgrade, and Shell Credits.","Mở để nhận ngẫu nhiên 1 Echo Electro, vật liệu nâng cấp vũ khí và kỹ năng, cùng với Shell Credits.",C?n ti?ng Anh nghi v?n: Credits; Shell | S? t?/c?m nghi v?n: 2 | T? l? nghi v?n: 0.5 | M?c ??: 11.0
"Open to get 1 random Havoc Echo, a material for weapon and skill upgrade, and Shell Credits.","Mở để nhận ngẫu nhiên 1 Echo Havoc, vật liệu nâng cấp vũ khí và kỹ năng, cùng với Shell Credits.",C?n ti?ng Anh nghi v?n: Credits; Shell | S? t?/c?m nghi v?n: 2 | T? l? nghi v?n: 0.5 | M?c ??: 11.0
"Open to get 1 random Havoc Echo, a material for weapon and skill upgrade, and Shell Credits.","Mở để nhận ngẫu nhiên 1 Echo Havoc, vật liệu nâng cấp vũ khí và kỹ năng, cùng với Shell Credits.",C?n ti?ng Anh nghi v?n: Credits; Shell | S? t?/c?m nghi v?n: 2 | T? l? nghi v?n: 0.5 | M?c ??: 11.0
"Open to get 1 random Fusion Echo, a material for weapon and skill upgrade, and Shell Credits.","Mở để nhận ngẫu nhiên 1 Echo Fusion, vật liệu nâng cấp vũ khí và kỹ năng, cùng với Shell Credits.",C?n ti?ng Anh nghi v?n: Credits; Shell | S? t?/c?m nghi v?n: 2 | T? l? nghi v?n: 0.5 | M?c ??: 11.0
"Open to get 1 random Fusion Echo, a material for weapon and skill upgrade, and Shell Credits.","Mở để nhận ngẫu nhiên 1 Echo Fusion, vật liệu nâng cấp vũ khí và kỹ năng, cùng với Shell Credits.",C?n ti?ng Anh nghi v?n: Credits; Shell | S? t?/c?m nghi v?n: 2 | T? l? nghi v?n: 0.5 | M?c ??: 11.0
"Open to get 1 random Aero Echo, a material for weapon and skill upgrade, and Shell Credits.","Mở để nhận ngẫu nhiên 1 Echo Aero, vật liệu nâng cấp vũ khí và kỹ năng, cùng với Shell Credits.",C?n ti?ng Anh nghi v?n: Credits; Shell | S? t?/c?m nghi v?n: 2 | T? l? nghi v?n: 0.5 | M?c ??: 11.0
"Open to get 1 random Aero Echo, a material for weapon and skill upgrade, and Shell Credits.","Mở để nhận ngẫu nhiên 1 Echo Aero, vật liệu nâng cấp vũ khí và kỹ năng, cùng với Shell Credits.",C?n ti?ng Anh nghi v?n: Credits; Shell | S? t?/c?m nghi v?n: 2 | T? l? nghi v?n: 0.5 | M?c ??: 11.0
"Open to get 1 random Spectro Echo, a material for weapon and skill upgrade, and Shell Credits.","Mở để nhận ngẫu nhiên 1 Echo Spectro, vật liệu nâng cấp vũ khí và kỹ năng, cùng với Shell Credits.",C?n ti?ng Anh nghi v?n: Credits; Shell | S? t?/c?m nghi v?n: 2 | T? l? nghi v?n: 0.5 | M?c ??: 11.0
"Open to get 1 random Spectro Echo, a material for weapon and skill upgrade, and Shell Credits.","Mở để nhận ngẫu nhiên 1 Echo Spectro, vật liệu nâng cấp vũ khí và kỹ năng, cùng với Shell Credits.",C?n ti?ng Anh nghi v?n: Credits; Shell | S? t?/c?m nghi v?n: 2 | T? l? nghi v?n: 0.5 | M?c ??: 11.0
"A guidebook obtained by chance, used to enhance Rover's Fishing Ability, and increase the sale price of catch.","Cuốn sách hướng dẫn tình cờ kiếm được, dùng để nâng cao Fishing Ability của Rover và tăng giá bán của mẻ câu.",C?n ti?ng Anh nghi v?n: Ability; Fishing | S? t?/c?m nghi v?n: 2 | T? l? nghi v?n: 0.5 | M?c ??: 11.0
A data module for Cubes. Equip to increase Healing.,Mô-đun dữ liệu cho Cube. Equip để tăng hiệu quả Healing.,C?n ti?ng Anh nghi v?n: Equip; Healing | S? t?/c?m nghi v?n: 2 | T? l? nghi v?n: 0.5 | M?c ??: 11.0
"Summons an Echo to support you in combat. It does not take damage from the Resonators.

This Token has unlimited uses in Whimpering Wastes.","Triệu hồi một Echo hỗ trợ chiến đấu. Nó không chịu sát thương từ Resonators.

Mã thông báo này có thể sử dụng không giới hạn tại Whimpering Wastes.",C?n ti?ng Anh nghi v?n: Wastes; Whimpering | S? t?/c?m nghi v?n: 2 | T? l? nghi v?n: 0.5 | M?c ??: 11.0
"A guidebook obtained by chance, used to enhance Rover's Fishing Ability, and increase the sale price of catch.","Cuốn sách hướng dẫn tình cờ kiếm được, dùng để nâng cao Fishing Ability của Rover và tăng giá bán của mẻ câu.",C?n ti?ng Anh nghi v?n: Ability; Fishing | S? t?/c?m nghi v?n: 2 | T? l? nghi v?n: 0.5 | M?c ??: 11.0
"When a Resonator inflicts Aero Erosion upon enemies, the active Resonator in the team gains 40% Aero DMG Bonus for 15s, stacking up to 3 times.","Khi một Resonator gây hiệu ứng Aero Erosion lên kẻ địch, Resonator đang hoạt động trong đội sẽ nhận được 40% Aero DMG Bonus trong 15 giây, có thể tích lũy tối đa 3 lần.",C?n ti?ng Anh nghi v?n: Bonus; Erosion | S? t?/c?m nghi v?n: 2 | T? l? nghi v?n: 0.2 | M?c ??: 11.0
Tap {0} to use Resonance Skill.,Nhấn {0} để sử dụng Resonance Skill.,C?n ti?ng Anh nghi v?n: Skill | S? t?/c?m nghi v?n: 1 | T? l? nghi v?n: 0.5 | M?c ??: 11.0
Tap {0} to use Resonance Liberation.,Nhấn {0} để sử dụng Resonance Liberation.,C?n ti?ng Anh nghi v?n: Liberation | S? t?/c?m nghi v?n: 1 | T? l? nghi v?n: 0.5 | M?c ??: 11.0
Deal damage with Resonance Liberation,Gây sát thương bằng Resonance Liberation.,C?n ti?ng Anh nghi v?n: Liberation | S? t?/c?m nghi v?n: 1 | T? l? nghi v?n: 0.5 | M?c ??: 11.0
Defeat 2 enemies with Resonance Liberation DMG: {挑战3统计}/2,Tiêu diệt 2 kẻ địch bằng Sát Thương Resonance Liberation: {挑战3统计}/2,C?n ti?ng Anh nghi v?n: Liberation | S? t?/c?m nghi v?n: 1 | T? l? nghi v?n: 0.5 | M?c ??: 11.0
Defeat 2 enemies with Resonance Liberation DMG: {挑战3统计}/2,Tiêu diệt 2 kẻ địch bằng Sát Thương Resonance Liberation: {挑战3统计}/2,C?n ti?ng Anh nghi v?n: Liberation | S? t?/c?m nghi v?n: 1 | T? l? nghi v?n: 0.5 | M?c ??: 11.0
Defeat 3 enemies with Resonance Liberation DMG: {挑战2统计}/3,Tiêu diệt 3 kẻ địch bằng Sát thương Resonance Liberation: {挑战2统计}/3,C?n ti?ng Anh nghi v?n: Liberation | S? t?/c?m nghi v?n: 1 | T? l? nghi v?n: 0.5 | M?c ??: 11.0
Defeat 3 enemies with Resonance Liberation DMG: {挑战2统计}/3,Tiêu diệt 3 kẻ địch bằng Sát thương Resonance Liberation: {挑战2统计}/3,C?n ti?ng Anh nghi v?n: Liberation | S? t?/c?m nghi v?n: 1 | T? l? nghi v?n: 0.5 | M?c ??: 11.0
Buff List,Danh Sách Buff,C?n ti?ng Anh nghi v?n: Buff | S? t?/c?m nghi v?n: 1 | T? l? nghi v?n: 0.5 | M?c ??: 11.0
Use Resonance Skill 4 times: {挑战3统计} /4,Sử dụng Resonance Skill 4 lần: {挑战3统计} /4,C?n ti?ng Anh nghi v?n: Skill | S? t?/c?m nghi v?n: 1 | T? l? nghi v?n: 0.5 | M?c ??: 11.0
Use Resonance Skill 4 times: {挑战3统计} /4,Sử dụng Resonance Skill 4 lần: {挑战3统计} /4,C?n ti?ng Anh nghi v?n: Skill | S? t?/c?m nghi v?n: 1 | T? l? nghi v?n: 0.5 | M?c ??: 11.0
Defeat 1 enemies with Resonance Liberation DMG: {ScoreKill02} /1,Tiêu diệt 1 kẻ địch bằng Sát Thương Resonance Liberation: {ScoreKill02} /1,C?n ti?ng Anh nghi v?n: Liberation | S? t?/c?m nghi v?n: 1 | T? l? nghi v?n: 0.5 | M?c ??: 11.0
Defeat all enemies using Resonance Liberation: {ScoreKill02} /1,Tiêu diệt hết kẻ địch bằng Resonance Liberation: {ScoreKill02} /1,C?n ti?ng Anh nghi v?n: Liberation | S? t?/c?m nghi v?n: 1 | T? l? nghi v?n: 0.5 | M?c ??: 11.0
Resonance Skill DMG: 0/20000,Sát Thương Resonance Skill: 0/20000,C?n ti?ng Anh nghi v?n: Skill | S? t?/c?m nghi v?n: 1 | T? l? nghi v?n: 0.5 | M?c ??: 11.0
You feel surging with power. (Skill Cooldown -90%),Cậu cảm thấy sức mạnh trào dâng. (Thời Gian Cooldown Kỹ Năng -90%),C?n ti?ng Anh nghi v?n: Cooldown | S? t?/c?m nghi v?n: 1 | T? l? nghi v?n: 0.5 | M?c ??: 11.0
Resonator Skill Tutorial,Hướng dẫn Resonator Skill Giả,C?n ti?ng Anh nghi v?n: Skill | S? t?/c?m nghi v?n: 1 | T? l? nghi v?n: 0.5 | M?c ??: 11.0
Characters' Resonance Liberation deal increased DMG.,Resonance Liberation của nhân vật gây Sát Thương tăng cường.,C?n ti?ng Anh nghi v?n: Liberation | S? t?/c?m nghi v?n: 1 | T? l? nghi v?n: 0.5 | M?c ??: 11.0
Defeat 1 target with Resonance Liberation DMG: {ScoreKill}/1,Tiêu diệt 1 mục tiêu bằng Sát Thương Resonance Liberation: {ScoreKill}/1,C?n ti?ng Anh nghi v?n: Liberation | S? t?/c?m nghi v?n: 1 | T? l? nghi v?n: 0.5 | M?c ??: 11.0
Defeat 1 target with Resonance Liberation DMG: {ScoreKill}/1,Tiêu diệt 1 mục tiêu bằng Sát Thương Resonance Liberation: {ScoreKill}/1,C?n ti?ng Anh nghi v?n: Liberation | S? t?/c?m nghi v?n: 1 | T? l? nghi v?n: 0.5 | M?c ??: 11.0
Increase Base HP to 50. Draw 8 cards of his choice and gain 6 extra Energy at the start of the first round.,"Increase HP Cơ Bản lên 50. Ở đầu hiệp đầu tiên, rút 8 lá bài tùy chọn và nhận thêm 6 Năng Lượng.",C?n ti?ng Anh nghi v?n: Increase | S? t?/c?m nghi v?n: 1 | T? l? nghi v?n: 0.5 | M?c ??: 11.0
Complete Resonator Skill Tutorial 2 times,Hoàn thành Hướng dẫn Resonator Skill Giả 2 lần,C?n ti?ng Anh nghi v?n: Skill | S? t?/c?m nghi v?n: 1 | T? l? nghi v?n: 0.5 | M?c ??: 11.0
RESONANCE SKILL,RESONANCE SKILL,C?n ti?ng Anh nghi v?n: SKILL | S? t?/c?m nghi v?n: 1 | T? l? nghi v?n: 0.5 | M?c ??: 11.0
RESONANCE LIBERATION,RESONANCE LIBERATION,C?n ti?ng Anh nghi v?n: LIBERATION | S? t?/c?m nghi v?n: 1 | T? l? nghi v?n: 0.5 | M?c ??: 11.0
RESONANCE ENERGY,RESONANCE ENERGY,C?n ti?ng Anh nghi v?n: ENERGY | S? t?/c?m nghi v?n: 1 | T? l? nghi v?n: 0.5 | M?c ??: 11.0
CONCERTO SKILL,CONCERTO SKILL,C?n ti?ng Anh nghi v?n: SKILL | S? t?/c?m nghi v?n: 1 | T? l? nghi v?n: 0.5 | M?c ??: 11.0
The Weapon deals 35% more DMG against distant enemies.,Weapon gây thêm 35% Sát Thương lên kẻ địch ở xa.,C?n ti?ng Anh nghi v?n: Weapon | S? t?/c?m nghi v?n: 1 | T? l? nghi v?n: 0.5 | M?c ??: 11.0
The Weapon ignores 45% DEF of enemies that are slowed.,Weapon bỏ qua 45% Phòng Ngự của kẻ địch đang bị làm chậm.,C?n ti?ng Anh nghi v?n: Weapon | S? t?/c?m nghi v?n: 1 | T? l? nghi v?n: 0.5 | M?c ??: 11.0
Perform Resonance Liberation 3 times in total,Thực hiện Resonance Liberation tổng cộng 3 lần,C?n ti?ng Anh nghi v?n: Liberation | S? t?/c?m nghi v?n: 1 | T? l? nghi v?n: 0.5 | M?c ??: 11.0
Enemy <color=Ice>Glacio RES</color> decreases by 10%,Kháng <color=Ice>Glacio RES</color> của kẻ địch giảm 10%.,C?n ti?ng Anh nghi v?n: RES | S? t?/c?m nghi v?n: 1 | T? l? nghi v?n: 0.5 | M?c ??: 11.0
Enemy <color=Fire>Fusion RES</color> decreases by 10%,Kháng <color=Fire>Fusion RES</color> của kẻ địch giảm 10%.,C?n ti?ng Anh nghi v?n: RES | S? t?/c?m nghi v?n: 1 | T? l? nghi v?n: 0.5 | M?c ??: 11.0
Enemy <color=Thunder>Electro RES</color> decreases by 10%,Kháng <color=Thunder>Electro RES</color> của kẻ địch giảm 10%.,C?n ti?ng Anh nghi v?n: RES | S? t?/c?m nghi v?n: 1 | T? l? nghi v?n: 0.5 | M?c ??: 11.0
Enemy <color=Wind>Aero RES</color> decreases by 10%,Kháng <color=Wind>Aero RES</color> của kẻ địch giảm 10%.,C?n ti?ng Anh nghi v?n: RES | S? t?/c?m nghi v?n: 1 | T? l? nghi v?n: 0.5 | M?c ??: 11.0
Enemy <color=Light>Spectro RES</color> decreases by 10%,Kháng <color=Light>Spectro RES</color> của kẻ địch giảm 10%.,C?n ti?ng Anh nghi v?n: RES | S? t?/c?m nghi v?n: 1 | T? l? nghi v?n: 0.5 | M?c ??: 11.0
Enemy <color=Dark>Havoc RES</color> decreases by 10%,Kẻ địch <color=Dark>Havoc RES</color>.,C?n ti?ng Anh nghi v?n: RES | S? t?/c?m nghi v?n: 1 | T? l? nghi v?n: 0.5 | M?c ??: 11.0
Enemy <color=Ice>Glacio RES</color> increases by 10%,Kháng <color=Ice>Glacio RES</color> của kẻ địch tăng 10%.,C?n ti?ng Anh nghi v?n: RES | S? t?/c?m nghi v?n: 1 | T? l? nghi v?n: 0.5 | M?c ??: 11.0
Enemy <color=Fire>Fusion RES</color> increases by 10%,Kháng <color=Fire>Fusion RES</color> của kẻ địch tăng 10%.,C?n ti?ng Anh nghi v?n: RES | S? t?/c?m nghi v?n: 1 | T? l? nghi v?n: 0.5 | M?c ??: 11.0
Enemy <color=Thunder>Electro RES</color> increases by 10%,Kháng <color=Thunder>Electro RES</color> của kẻ địch tăng 10%.,C?n ti?ng Anh nghi v?n: RES | S? t?/c?m nghi v?n: 1 | T? l? nghi v?n: 0.5 | M?c ??: 11.0
Enemy <color=Wind>Aero RES</color> increases by 10%,Kháng <color=Wind>Aero RES</color> của kẻ địch tăng 10%.,C?n ti?ng Anh nghi v?n: RES | S? t?/c?m nghi v?n: 1 | T? l? nghi v?n: 0.5 | M?c ??: 11.0
Enemy <color=Light>Spectro RES</color> increases by 10%,Kháng <color=Light>Spectro RES</color> của kẻ địch tăng 10%.,C?n ti?ng Anh nghi v?n: RES | S? t?/c?m nghi v?n: 1 | T? l? nghi v?n: 0.5 | M?c ??: 11.0
Enemy <color=Dark>Havoc RES</color> increases by 10%,Kẻ địch <color=Dark>Havoc RES</color>.,C?n ti?ng Anh nghi v?n: RES | S? t?/c?m nghi v?n: 1 | T? l? nghi v?n: 0.5 | M?c ??: 11.0
Increases Resonance Liberation DMG.,Tăng Sát Thương Resonance Liberation.,C?n ti?ng Anh nghi v?n: Liberation | S? t?/c?m nghi v?n: 1 | T? l? nghi v?n: 0.5 | M?c ??: 11.0
Sub: Reson. Skill DMG+,Phụ: Sát Thương Resonance Skill+,C?n ti?ng Anh nghi v?n: Skill | S? t?/c?m nghi v?n: 1 | T? l? nghi v?n: 0.5 | M?c ??: 11.0
Sub: Reson. Liberation DMG+,Phụ: Sát Thương Resonance Liberation+,C?n ti?ng Anh nghi v?n: Liberation | S? t?/c?m nghi v?n: 1 | T? l? nghi v?n: 0.5 | M?c ??: 11.0
Echo Skill,Echo Skill,C?n ti?ng Anh nghi v?n: Skill | S? t?/c?m nghi v?n: 1 | T? l? nghi v?n: 0.5 | M?c ??: 11.0
Echo Skill in effect. Cannot perform this action.,Skill Echo đang kích hoạt. Không thể thực hiện hành động này.,C?n ti?ng Anh nghi v?n: Skill | S? t?/c?m nghi v?n: 1 | T? l? nghi v?n: 0.5 | M?c ??: 11.0
Increase movement speed.,Increase tốc độ di chuyển.,C?n ti?ng Anh nghi v?n: Increase | S? t?/c?m nghi v?n: 1 | T? l? nghi v?n: 0.5 | M?c ??: 11.0
Increase stats for every second while in the air.,Increase chỉ số mỗi giây khi ở trên không.,C?n ti?ng Anh nghi v?n: Increase | S? t?/c?m nghi v?n: 1 | T? l? nghi v?n: 0.5 | M?c ??: 11.0
Increase movement speed.,Increase tốc độ di chuyển.,C?n ti?ng Anh nghi v?n: Increase | S? t?/c?m nghi v?n: 1 | T? l? nghi v?n: 0.5 | M?c ??: 11.0
Goal 3: Deal damage with Resonance Liberation,Mục tiêu 3: Gây sát thương bằng Resonance Liberation,C?n ti?ng Anh nghi v?n: Liberation | S? t?/c?m nghi v?n: 1 | T? l? nghi v?n: 0.5 | M?c ??: 11.0
Goal 3: Use Resonance Liberation DMG to defeat 2 enemies,Mục tiêu 3: Dùng Sát Thương Resonance Liberation để đánh bại 2 kẻ địch,C?n ti?ng Anh nghi v?n: Liberation | S? t?/c?m nghi v?n: 1 | T? l? nghi v?n: 0.5 | M?c ??: 11.0
Goal 3: Use Resonance Liberation DMG to immobilize an enemy 1 time,Mục tiêu 3: Dùng Sát Thương Resonance Liberation để hóa đá kẻ địch 1 lần,C?n ti?ng Anh nghi v?n: Liberation | S? t?/c?m nghi v?n: 1 | T? l? nghi v?n: 0.5 | M?c ??: 11.0
Goal 3: Use Resonance Liberation DMG to defeat 1 enemy,Mục tiêu 3: Dùng Sát Thương Resonance Liberation để đánh bại 1 kẻ địch,C?n ti?ng Anh nghi v?n: Liberation | S? t?/c?m nghi v?n: 1 | T? l? nghi v?n: 0.5 | M?c ??: 11.0
Goal 2: Use Resonance Liberation DMG to defeat 3 enemies,Mục tiêu 2: Dùng Sát Thương Resonance Liberation đánh bại 3 kẻ địch,C?n ti?ng Anh nghi v?n: Liberation | S? t?/c?m nghi v?n: 1 | T? l? nghi v?n: 0.5 | M?c ??: 11.0
Goal 3: Use Resonance Liberation DMG to defeat 2 enemies,Mục tiêu 3: Dùng Sát Thương Resonance Liberation để đánh bại 2 kẻ địch,C?n ti?ng Anh nghi v?n: Liberation | S? t?/c?m nghi v?n: 1 | T? l? nghi v?n: 0.5 | M?c ??: 11.0
Goal 3: Use Resonance Liberation DMG to immobilize an enemy 1 time,Mục tiêu 3: Dùng Sát Thương Resonance Liberation để hóa đá kẻ địch 1 lần,C?n ti?ng Anh nghi v?n: Liberation | S? t?/c?m nghi v?n: 1 | T? l? nghi v?n: 0.5 | M?c ??: 11.0
Goal 3: Use Resonance Liberation DMG to defeat 1 enemy,Mục tiêu 3: Dùng Sát Thương Resonance Liberation để đánh bại 1 kẻ địch,C?n ti?ng Anh nghi v?n: Liberation | S? t?/c?m nghi v?n: 1 | T? l? nghi v?n: 0.5 | M?c ??: 11.0
Goal 2: Use Resonance Liberation DMG to defeat 3 enemies,Mục tiêu 2: Dùng Sát Thương Resonance Liberation đánh bại 3 kẻ địch,C?n ti?ng Anh nghi v?n: Liberation | S? t?/c?m nghi v?n: 1 | T? l? nghi v?n: 0.5 | M?c ??: 11.0
Goal 3: Use Resonance Liberation DMG to defeat 1 enemy,Mục tiêu 3: Dùng Sát Thương Resonance Liberation để đánh bại 1 kẻ địch,C?n ti?ng Anh nghi v?n: Liberation | S? t?/c?m nghi v?n: 1 | T? l? nghi v?n: 0.5 | M?c ??: 11.0
Goal 3: Use Resonance Liberation DMG to defeat 1 enemy,Mục tiêu 3: Dùng Sát Thương Resonance Liberation để đánh bại 1 kẻ địch,C?n ti?ng Anh nghi v?n: Liberation | S? t?/c?m nghi v?n: 1 | T? l? nghi v?n: 0.5 | M?c ??: 11.0
Using Grapple grants a shield with durability equal to {0} of ATK. This effect has a Cooldown of {1}s.,Sử dụng Móc Neo tạo khiên có độ bền bằng {0} sức Tấn Công. Hiệu ứng này có Cooldown {1} giây.,C?n ti?ng Anh nghi v?n: Cooldown | S? t?/c?m nghi v?n: 1 | T? l? nghi v?n: 0.5 | M?c ??: 11.0
Increase Max HP by {0}.,Increase HP tối đa thêm {0}.,C?n ti?ng Anh nghi v?n: Increase | S? t?/c?m nghi v?n: 1 | T? l? nghi v?n: 0.5 | M?c ??: 11.0
Each stack of Basic Attack Mark increases the active Resonator's damage to immobilized targets by an additional <color=#c89a45>10%</color>.,Mỗi điểm Đánh Basic sẽ tăng thêm <color=#c89a45>10%</color> sát thương của Resonator hiện tại lên mục tiêu bị bất động.,C?n ti?ng Anh nghi v?n: Basic | S? t?/c?m nghi v?n: 1 | T? l? nghi v?n: 0.5 | M?c ??: 11.0
Resonance Liberation: Fierce Slashes,Resonance Liberation: Những Nhát Chém Dữ Dội,C?n ti?ng Anh nghi v?n: Liberation | S? t?/c?m nghi v?n: 1 | T? l? nghi v?n: 0.5 | M?c ??: 11.0
Echo Skill DMG is increased by <color=#c89a45>1500%</color>.,Sát thương Skill Echo tăng thêm <color=#c89a45>1500%</color>.,C?n ti?ng Anh nghi v?n: Skill | S? t?/c?m nghi v?n: 1 | T? l? nghi v?n: 0.5 | M?c ??: 11.0
Hitting a target reduces Echo Skill cooldown by <color=#c89a45>50%</color>. This effect can be triggered once every 5s.,Đánh trúng mục tiêu sẽ giảm Cooldown chiêu của Kỹ Năng Echo xuống <color=#c89a45>50%</color>. Hiệu ứng này chỉ kích hoạt mỗi 5 giây một lần.,C?n ti?ng Anh nghi v?n: Cooldown | S? t?/c?m nghi v?n: 1 | T? l? nghi v?n: 0.5 | M?c ??: 11.0
Defeat any enemy with a buff in Resonance Liberation: Fierce Slashes,Hạ gục kẻ địch đang có hiệu ứng Resonance Liberation: Những Nhát Chém Dữ Dội,C?n ti?ng Anh nghi v?n: Liberation | S? t?/c?m nghi v?n: 1 | T? l? nghi v?n: 0.5 | M?c ??: 11.0
Glacio RES is increased by {0}.,Glacio RES tăng thêm {0}.,C?n ti?ng Anh nghi v?n: RES | S? t?/c?m nghi v?n: 1 | T? l? nghi v?n: 0.5 | M?c ??: 11.0
Fusion RES is increased by {0}.,Fusion RES tăng thêm {0}.,C?n ti?ng Anh nghi v?n: RES | S? t?/c?m nghi v?n: 1 | T? l? nghi v?n: 0.5 | M?c ??: 11.0
Aero RES is increased by {0}.,Aero RES tăng {0}.,C?n ti?ng Anh nghi v?n: RES | S? t?/c?m nghi v?n: 1 | T? l? nghi v?n: 0.5 | M?c ??: 11.0
Resonance Skill DMG Bonus is increased by {0}.,Thêm Sát Thương Resonance Skill tăng {0}.,C?n ti?ng Anh nghi v?n: Skill | S? t?/c?m nghi v?n: 1 | T? l? nghi v?n: 0.5 | M?c ??: 11.0
Resonance Liberation DMG Bonus is increased by {0}.,Thêm Sát Thương Resonance Liberation tăng thêm {0}.,C?n ti?ng Anh nghi v?n: Liberation | S? t?/c?m nghi v?n: 1 | T? l? nghi v?n: 0.5 | M?c ??: 11.0
"{PlayerName}, I wish you a beautiful day. (Buff gained: Reduce the Cooldown of Grapple by 25% until 4 am)","Chúc cậu một ngày thật tuyệt vời, {PlayerName}. (Đã nhận hiệu ứng: Giảm Thời Gian Cooldown của Kỹ Năng Bám Đu lên 25% đến 4 giờ sáng)",C?n ti?ng Anh nghi v?n: Cooldown | S? t?/c?m nghi v?n: 1 | T? l? nghi v?n: 0.5 | M?c ??: 11.0
"{PlayerName}, I wish you a beautiful day. (Buff gained: Increase the Echo drop rate by 20% until 4 am)","{PlayerName}, chúc cậu có một ngày thật đẹp. (Đã nhận hiệu ứng: Increase tỷ lệ rơi Echo thêm 20% đến 4 giờ sáng)",C?n ti?ng Anh nghi v?n: Increase | S? t?/c?m nghi v?n: 1 | T? l? nghi v?n: 0.5 | M?c ??: 11.0
There are traces of a Resonance Energy discharge everywhere...,Khắp nơi đều có dấu vết phóng thích Resonance Energy...,C?n ti?ng Anh nghi v?n: Energy | S? t?/c?m nghi v?n: 1 | T? l? nghi v?n: 0.5 | M?c ??: 11.0
"""So I thought… to restore the music sheet properly, maybe I had to use the same method! But the Explorer is too big to be handled all by myself!""","""Vậy nên tớ nghĩ... để khôi phục bản nhạc đúng cách, có lẽ phải dùng chính phương pháp đó! Nhưng cái Thiết bị đầu cuối to quá, tớ không thể tự mình lo liệu được!""",C?n ti?ng Anh nghi v?n: to | S? t?/c?m nghi v?n: 1 | T? l? nghi v?n: 0.5 | M?c ??: 11.0
Analyzing weather conditions. Detecting a rapid increase in air humidity and a significant drop in air pressure.,Analyzing điều kiện thời tiết. Độ ẩm không khí tăng nhanh và áp suất không khí giảm đột ngột.,C?n ti?ng Anh nghi v?n: Analyzing | S? t?/c?m nghi v?n: 1 | T? l? nghi v?n: 0.5 | M?c ??: 11.0
Enable the Lifer's Buff,Kích hoạt Buff của Lifer,C?n ti?ng Anh nghi v?n: Buff | S? t?/c?m nghi v?n: 1 | T? l? nghi v?n: 0.5 | M?c ??: 11.0
Aerial Resonance Skill,Resonance Skill Trên Không,C?n ti?ng Anh nghi v?n: Skill | S? t?/c?m nghi v?n: 1 | T? l? nghi v?n: 0.5 | M?c ??: 11.0
Hold Resonance Liberation,Giữ Resonance Liberation,C?n ti?ng Anh nghi v?n: Liberation | S? t?/c?m nghi v?n: 1 | T? l? nghi v?n: 0.5 | M?c ??: 11.0
Resonance Skill,Resonance Skill,C?n ti?ng Anh nghi v?n: Skill | S? t?/c?m nghi v?n: 1 | T? l? nghi v?n: 0.5 | M?c ??: 11.0
Resonance Skill,Resonance Skill,C?n ti?ng Anh nghi v?n: Skill | S? t?/c?m nghi v?n: 1 | T? l? nghi v?n: 0.5 | M?c ??: 11.0
Mid-air Resonance Skill,Resonance Skill trên không,C?n ti?ng Anh nghi v?n: Skill | S? t?/c?m nghi v?n: 1 | T? l? nghi v?n: 0.5 | M?c ??: 11.0
Resonance Liberation,Resonance Liberation,C?n ti?ng Anh nghi v?n: Liberation | S? t?/c?m nghi v?n: 1 | T? l? nghi v?n: 0.5 | M?c ??: 11.0
Resonance Skill,Resonance Skill,C?n ti?ng Anh nghi v?n: Skill | S? t?/c?m nghi v?n: 1 | T? l? nghi v?n: 0.5 | M?c ??: 11.0
Resonance Skill,Resonance Skill,C?n ti?ng Anh nghi v?n: Skill | S? t?/c?m nghi v?n: 1 | T? l? nghi v?n: 0.5 | M?c ??: 11.0
Resonance Skill,Resonance Skill,C?n ti?ng Anh nghi v?n: Skill | S? t?/c?m nghi v?n: 1 | T? l? nghi v?n: 0.5 | M?c ??: 11.0
Resonance Skill Finisher,Hồi Kết Resonance Skill,C?n ti?ng Anh nghi v?n: Skill | S? t?/c?m nghi v?n: 1 | T? l? nghi v?n: 0.5 | M?c ??: 11.0
Resonance Skill,Resonance Skill,C?n ti?ng Anh nghi v?n: Skill | S? t?/c?m nghi v?n: 1 | T? l? nghi v?n: 0.5 | M?c ??: 11.0
Resonance Liberation,Resonance Liberation,C?n ti?ng Anh nghi v?n: Liberation | S? t?/c?m nghi v?n: 1 | T? l? nghi v?n: 0.5 | M?c ??: 11.0
Charging Concerto Energy.221<subnode=FightConcertoState1/> <subnode=FightConcertoState2/> <subnode=FightConcertoState3/>,Đang nạp Concerto Energy.221<subnode=FightConcertoState1/> <subnode=FightConcertoState2/> <subnode=FightConcertoState3/>,C?n ti?ng Anh nghi v?n: Energy | S? t?/c?m nghi v?n: 1 | T? l? nghi v?n: 0.5 | M?c ??: 11.0
Charge the Concerto Energy: <subnode=FightConcertoState1/> or <subnode=FightConcertoState2/>,Tích trữ Concerto Energy: <subnode=FightConcertoState1/> hoặc <subnode=FightConcertoState2/>,C?n ti?ng Anh nghi v?n: Energy | S? t?/c?m nghi v?n: 1 | T? l? nghi v?n: 0.5 | M?c ??: 11.0
Press {0} to use <color=#ffd12f>Resonance Skill</color>,Nhấn {0} để sử dụng <color=#ffd12f>Resonance Skill</color>.,C?n ti?ng Anh nghi v?n: Skill | S? t?/c?m nghi v?n: 1 | T? l? nghi v?n: 0.5 | M?c ??: 11.0
Press {0} to use <color=#8c7e51>Resonance Liberation</color>,Nhấn {0} để sử dụng <color=#8c7e51>Resonance Liberation</color>.,C?n ti?ng Anh nghi v?n: Liberation | S? t?/c?m nghi v?n: 1 | T? l? nghi v?n: 0.5 | M?c ??: 11.0
Resonance Liberation,Resonance Liberation,C?n ti?ng Anh nghi v?n: Liberation | S? t?/c?m nghi v?n: 1 | T? l? nghi v?n: 0.5 | M?c ??: 11.0
Fusion Burst Effect,Effect Bùng Nổ Fusion,C?n ti?ng Anh nghi v?n: Effect | S? t?/c?m nghi v?n: 1 | T? l? nghi v?n: 0.5 | M?c ??: 11.0
Press {0} to cast<color=#ffd12f>Resonance Skill</color>.,Nhấn {0} để sử dụng <color=#ffd12f>Resonance Skill</color>.,C?n ti?ng Anh nghi v?n: Skill | S? t?/c?m nghi v?n: 1 | T? l? nghi v?n: 0.5 | M?c ??: 11.0
Resonance Skill Finisher,Hồi Kết Resonance Skill,C?n ti?ng Anh nghi v?n: Skill | S? t?/c?m nghi v?n: 1 | T? l? nghi v?n: 0.5 | M?c ??: 11.0
Chained Resonance Skill 1,Resonance Skill Dây Xích 1,C?n ti?ng Anh nghi v?n: Skill | S? t?/c?m nghi v?n: 1 | T? l? nghi v?n: 0.5 | M?c ??: 11.0
Chained Resonance Skill 2,Resonance Skill Dây Xích 2,C?n ti?ng Anh nghi v?n: Skill | S? t?/c?m nghi v?n: 1 | T? l? nghi v?n: 0.5 | M?c ??: 11.0
Resonance Liberation,Resonance Liberation,C?n ti?ng Anh nghi v?n: Liberation | S? t?/c?m nghi v?n: 1 | T? l? nghi v?n: 0.5 | M?c ??: 11.0
Resonance Liberation Finisher,Hồi Kết Resonance Liberation,C?n ti?ng Anh nghi v?n: Liberation | S? t?/c?m nghi v?n: 1 | T? l? nghi v?n: 0.5 | M?c ??: 11.0
Mech form: <color=#d4bf5f>Resonance Skill</color> Tutorial,Hướng dẫn: <color=#d4bf5f>Resonance Skill</color> (Dạng Cơ Giới),C?n ti?ng Anh nghi v?n: Skill | S? t?/c?m nghi v?n: 1 | T? l? nghi v?n: 0.5 | M?c ??: 11.0
Resonance Skill DMG + {0},Sát Thương Resonance Skill + {0},C?n ti?ng Anh nghi v?n: Skill | S? t?/c?m nghi v?n: 1 | T? l? nghi v?n: 0.5 | M?c ??: 11.0
Increase ATK. Reaching 250% Energy Regen increases all Attribute DMG.,"Increase Tấn Công. Khi Tái Tạo Năng Lượng đạt 250%, tăng toàn bộ Sát Thương Thuộc Tính.",C?n ti?ng Anh nghi v?n: Increase | S? t?/c?m nghi v?n: 1 | T? l? nghi v?n: 0.5 | M?c ??: 11.0
Boosts the effect of Resonance Energy.,Tăng cường hiệu quả của Resonance Energy.,C?n ti?ng Anh nghi v?n: Energy | S? t?/c?m nghi v?n: 1 | T? l? nghi v?n: 0.5 | M?c ??: 11.0
Skill DMG,Skill DMG,C?n ti?ng Anh nghi v?n: Skill | S? t?/c?m nghi v?n: 1 | T? l? nghi v?n: 0.5 | M?c ??: 11.0
Skill DMG,Skill DMG,C?n ti?ng Anh nghi v?n: Skill | S? t?/c?m nghi v?n: 1 | T? l? nghi v?n: 0.5 | M?c ??: 11.0
Deal substantial Resonance Liberation DMG.,Gây Sát Thương Resonance Liberation đáng kể.,C?n ti?ng Anh nghi v?n: Liberation | S? t?/c?m nghi v?n: 1 | T? l? nghi v?n: 0.5 | M?c ??: 11.0
Deal substantial Resonance Liberation DMG.,Gây Sát Thương Resonance Liberation đáng kể.,C?n ti?ng Anh nghi v?n: Liberation | S? t?/c?m nghi v?n: 1 | T? l? nghi v?n: 0.5 | M?c ??: 11.0
Skill DMG,Skill DMG,C?n ti?ng Anh nghi v?n: Skill | S? t?/c?m nghi v?n: 1 | T? l? nghi v?n: 0.5 | M?c ??: 11.0
Skill DMG,Skill DMG,C?n ti?ng Anh nghi v?n: Skill | S? t?/c?m nghi v?n: 1 | T? l? nghi v?n: 0.5 | M?c ??: 11.0
Skill DMG,Skill DMG,C?n ti?ng Anh nghi v?n: Skill | S? t?/c?m nghi v?n: 1 | T? l? nghi v?n: 0.5 | M?c ??: 11.0
Skill DMG,Skill DMG,C?n ti?ng Anh nghi v?n: Skill | S? t?/c?m nghi v?n: 1 | T? l? nghi v?n: 0.5 | M?c ??: 11.0
Skill DMG,Skill DMG,C?n ti?ng Anh nghi v?n: Skill | S? t?/c?m nghi v?n: 1 | T? l? nghi v?n: 0.5 | M?c ??: 11.0
Skill DMG,Skill DMG,C?n ti?ng Anh nghi v?n: Skill | S? t?/c?m nghi v?n: 1 | T? l? nghi v?n: 0.5 | M?c ??: 11.0
Skill DMG,Skill DMG,C?n ti?ng Anh nghi v?n: Skill | S? t?/c?m nghi v?n: 1 | T? l? nghi v?n: 0.5 | M?c ??: 11.0
Skill DMG,Skill DMG,C?n ti?ng Anh nghi v?n: Skill | S? t?/c?m nghi v?n: 1 | T? l? nghi v?n: 0.5 | M?c ??: 11.0
Skill DMG,Skill DMG,C?n ti?ng Anh nghi v?n: Skill | S? t?/c?m nghi v?n: 1 | T? l? nghi v?n: 0.5 | M?c ??: 11.0
Skill DMG,Skill DMG,C?n ti?ng Anh nghi v?n: Skill | S? t?/c?m nghi v?n: 1 | T? l? nghi v?n: 0.5 | M?c ??: 11.0
Skill DMG,Skill DMG,C?n ti?ng Anh nghi v?n: Skill | S? t?/c?m nghi v?n: 1 | T? l? nghi v?n: 0.5 | M?c ??: 11.0
Skill DMG,Skill DMG,C?n ti?ng Anh nghi v?n: Skill | S? t?/c?m nghi v?n: 1 | T? l? nghi v?n: 0.5 | M?c ??: 11.0
Resonance Skill - Encroach DMG,Resonance Skill - Xâm Lấn: Sát Thương,C?n ti?ng Anh nghi v?n: Skill | S? t?/c?m nghi v?n: 1 | T? l? nghi v?n: 0.5 | M?c ??: 11.0
Resonance Skill - Ascent of Malice DMG,Resonance Skill - Khúc Dâng Oán Thù: Sát Thương,C?n ti?ng Anh nghi v?n: Skill | S? t?/c?m nghi v?n: 1 | T? l? nghi v?n: 0.5 | M?c ??: 11.0
Resonance Skill - Ascent of Malice Concerto Regen,Resonance Skill - Khúc Dâng Oán Thù: Hồi Phục,C?n ti?ng Anh nghi v?n: Skill | S? t?/c?m nghi v?n: 1 | T? l? nghi v?n: 0.5 | M?c ??: 11.0
Resonance Skill - Ravage DMG,Resonance Skill - Tàn Phá: Sát Thương,C?n ti?ng Anh nghi v?n: Skill | S? t?/c?m nghi v?n: 1 | T? l? nghi v?n: 0.5 | M?c ??: 11.0
Skill DMG,Skill DMG,C?n ti?ng Anh nghi v?n: Skill | S? t?/c?m nghi v?n: 1 | T? l? nghi v?n: 0.5 | M?c ??: 11.0
Skill DMG,Skill DMG,C?n ti?ng Anh nghi v?n: Skill | S? t?/c?m nghi v?n: 1 | T? l? nghi v?n: 0.5 | M?c ??: 11.0
Skill DMG,Skill DMG,C?n ti?ng Anh nghi v?n: Skill | S? t?/c?m nghi v?n: 1 | T? l? nghi v?n: 0.5 | M?c ??: 11.0
Skill DMG,Skill DMG,C?n ti?ng Anh nghi v?n: Skill | S? t?/c?m nghi v?n: 1 | T? l? nghi v?n: 0.5 | M?c ??: 11.0
Skill DMG,Skill DMG,C?n ti?ng Anh nghi v?n: Skill | S? t?/c?m nghi v?n: 1 | T? l? nghi v?n: 0.5 | M?c ??: 11.0
Skill DMG,Skill DMG,C?n ti?ng Anh nghi v?n: Skill | S? t?/c?m nghi v?n: 1 | T? l? nghi v?n: 0.5 | M?c ??: 11.0
Skill DMG,Skill DMG,C?n ti?ng Anh nghi v?n: Skill | S? t?/c?m nghi v?n: 1 | T? l? nghi v?n: 0.5 | M?c ??: 11.0
Skill DMG,Skill DMG,C?n ti?ng Anh nghi v?n: Skill | S? t?/c?m nghi v?n: 1 | T? l? nghi v?n: 0.5 | M?c ??: 11.0
Cogitation Model Cooldown,Cooldown Mô Hình Suy Tư,C?n ti?ng Anh nghi v?n: Cooldown | S? t?/c?m nghi v?n: 1 | T? l? nghi v?n: 0.5 | M?c ??: 11.0
Divergence Cooldown,Cooldown Khúc Giao Dị,C?n ti?ng Anh nghi v?n: Cooldown | S? t?/c?m nghi v?n: 1 | T? l? nghi v?n: 0.5 | M?c ??: 11.0
Skill DMG,Skill DMG,C?n ti?ng Anh nghi v?n: Skill | S? t?/c?m nghi v?n: 1 | T? l? nghi v?n: 0.5 | M?c ??: 11.0
Skill DMG,Skill DMG,C?n ti?ng Anh nghi v?n: Skill | S? t?/c?m nghi v?n: 1 | T? l? nghi v?n: 0.5 | M?c ??: 11.0
Resonance Skill - Undying Sunlight: Strike DMG,Resonance Skill - Ánh Dương Bất Tử: Sát Thương Đòn Đánh,C?n ti?ng Anh nghi v?n: Skill | S? t?/c?m nghi v?n: 1 | T? l? nghi v?n: 0.5 | M?c ??: 11.0
Resonance Skill - Undying Sunlight: Leap DMG,Resonance Skill - Ánh Dương Bất Tử: Sát Thương Nhảy,C?n ti?ng Anh nghi v?n: Skill | S? t?/c?m nghi v?n: 1 | T? l? nghi v?n: 0.5 | M?c ??: 11.0
Resonance Skill - Undying Sunlight: Plunge DMG,Resonance Skill - Ánh Dương Bất Tử: Sát Thương Đâm Xuống,C?n ti?ng Anh nghi v?n: Skill | S? t?/c?m nghi v?n: 1 | T? l? nghi v?n: 0.5 | M?c ??: 11.0
Resonance Liberation - Sword of Eternal Oath DMG,Sát Thương Resonance Liberation - Kiếm Lời Thề Vĩnh Cửu,C?n ti?ng Anh nghi v?n: Liberation | S? t?/c?m nghi v?n: 1 | T? l? nghi v?n: 0.5 | M?c ??: 11.0
Skill DMG,Skill DMG,C?n ti?ng Anh nghi v?n: Skill | S? t?/c?m nghi v?n: 1 | T? l? nghi v?n: 0.5 | M?c ??: 11.0
Skill DMG,Skill DMG,C?n ti?ng Anh nghi v?n: Skill | S? t?/c?m nghi v?n: 1 | T? l? nghi v?n: 0.5 | M?c ??: 11.0
Skill DMG,Skill DMG,C?n ti?ng Anh nghi v?n: Skill | S? t?/c?m nghi v?n: 1 | T? l? nghi v?n: 0.5 | M?c ??: 11.0
Skill DMG,Skill DMG,C?n ti?ng Anh nghi v?n: Skill | S? t?/c?m nghi v?n: 1 | T? l? nghi v?n: 0.5 | M?c ??: 11.0
Skill DMG,Skill DMG,C?n ti?ng Anh nghi v?n: Skill | S? t?/c?m nghi v?n: 1 | T? l? nghi v?n: 0.5 | M?c ??: 11.0
Skill DMG,Skill DMG,C?n ti?ng Anh nghi v?n: Skill | S? t?/c?m nghi v?n: 1 | T? l? nghi v?n: 0.5 | M?c ??: 11.0
Skill DMG,Skill DMG,C?n ti?ng Anh nghi v?n: Skill | S? t?/c?m nghi v?n: 1 | T? l? nghi v?n: 0.5 | M?c ??: 11.0
Skill DMG,Skill DMG,C?n ti?ng Anh nghi v?n: Skill | S? t?/c?m nghi v?n: 1 | T? l? nghi v?n: 0.5 | M?c ??: 11.0
Resonance Liberation Continuous Damage,Sát Thương Liên Tục Resonance Liberation,C?n ti?ng Anh nghi v?n: Liberation | S? t?/c?m nghi v?n: 1 | T? l? nghi v?n: 0.5 | M?c ??: 11.0
Resonance Liberation Explosion Damage,Sát Thương Nổ Resonance Liberation,C?n ti?ng Anh nghi v?n: Liberation | S? t?/c?m nghi v?n: 1 | T? l? nghi v?n: 0.5 | M?c ??: 11.0
Skill DMG,Skill DMG,C?n ti?ng Anh nghi v?n: Skill | S? t?/c?m nghi v?n: 1 | T? l? nghi v?n: 0.5 | M?c ??: 11.0
Awakening Gale Cooldown,Cooldown Bản Giao Hưởng Gió Thức Tỉnh,C?n ti?ng Anh nghi v?n: Cooldown | S? t?/c?m nghi v?n: 1 | T? l? nghi v?n: 0.5 | M?c ??: 11.0
Skill DMG,Skill DMG,C?n ti?ng Anh nghi v?n: Skill | S? t?/c?m nghi v?n: 1 | T? l? nghi v?n: 0.5 | M?c ??: 11.0
Skill DMG,Skill DMG,C?n ti?ng Anh nghi v?n: Skill | S? t?/c?m nghi v?n: 1 | T? l? nghi v?n: 0.5 | M?c ??: 11.0
Skill DMG,Skill DMG,C?n ti?ng Anh nghi v?n: Skill | S? t?/c?m nghi v?n: 1 | T? l? nghi v?n: 0.5 | M?c ??: 11.0
Skill DMG,Skill DMG,C?n ti?ng Anh nghi v?n: Skill | S? t?/c?m nghi v?n: 1 | T? l? nghi v?n: 0.5 | M?c ??: 11.0
Skill DMG,Skill DMG,C?n ti?ng Anh nghi v?n: Skill | S? t?/c?m nghi v?n: 1 | T? l? nghi v?n: 0.5 | M?c ??: 11.0
Mid-air Attack 1 Sword Shadow Recalled,Thu hồi Bóng Kiếm Attack 1 Trên Không 1,C?n ti?ng Anh nghi v?n: Attack | S? t?/c?m nghi v?n: 1 | T? l? nghi v?n: 0.5 | M?c ??: 11.0
Resonance Skill Cooldown,Hồi Resonance Skill,C?n ti?ng Anh nghi v?n: Skill | S? t?/c?m nghi v?n: 1 | T? l? nghi v?n: 0.5 | M?c ??: 11.0
A Knight's Heartfelt Prayers Cooldown,Thời Gian Cooldown: Lời Nguyện Cầu Chân Thành,C?n ti?ng Anh nghi v?n: Cooldown | S? t?/c?m nghi v?n: 1 | T? l? nghi v?n: 0.5 | M?c ??: 11.0
Resonance Skill Cooldown,Hồi Resonance Skill,C?n ti?ng Anh nghi v?n: Skill | S? t?/c?m nghi v?n: 1 | T? l? nghi v?n: 0.5 | M?c ??: 11.0
Mid-air Attack 1 STA Cost,Chi phí Thể Lực Attack 1 Trên Không 1,C?n ti?ng Anh nghi v?n: Attack | S? t?/c?m nghi v?n: 1 | T? l? nghi v?n: 0.5 | M?c ??: 11.0
Pulse of Origins Cooldown,Cooldown Bản Giao Hưởng Nguồn Cội,C?n ti?ng Anh nghi v?n: Cooldown | S? t?/c?m nghi v?n: 1 | T? l? nghi v?n: 0.5 | M?c ??: 11.0
Skill DMG,Skill DMG,C?n ti?ng Anh nghi v?n: Skill | S? t?/c?m nghi v?n: 1 | T? l? nghi v?n: 0.5 | M?c ??: 11.0
Skill DMG,Skill DMG,C?n ti?ng Anh nghi v?n: Skill | S? t?/c?m nghi v?n: 1 | T? l? nghi v?n: 0.5 | M?c ??: 11.0
Skill DMG,Skill DMG,C?n ti?ng Anh nghi v?n: Skill | S? t?/c?m nghi v?n: 1 | T? l? nghi v?n: 0.5 | M?c ??: 11.0
Skill DMG,Skill DMG,C?n ti?ng Anh nghi v?n: Skill | S? t?/c?m nghi v?n: 1 | T? l? nghi v?n: 0.5 | M?c ??: 11.0
Skill DMG,Skill DMG,C?n ti?ng Anh nghi v?n: Skill | S? t?/c?m nghi v?n: 1 | T? l? nghi v?n: 0.5 | M?c ??: 11.0
Skill DMG,Skill DMG,C?n ti?ng Anh nghi v?n: Skill | S? t?/c?m nghi v?n: 1 | T? l? nghi v?n: 0.5 | M?c ??: 11.0
Skill DMG,Skill DMG,C?n ti?ng Anh nghi v?n: Skill | S? t?/c?m nghi v?n: 1 | T? l? nghi v?n: 0.5 | M?c ??: 11.0
Skill DMG,Skill DMG,C?n ti?ng Anh nghi v?n: Skill | S? t?/c?m nghi v?n: 1 | T? l? nghi v?n: 0.5 | M?c ??: 11.0
Skill DMG,Skill DMG,C?n ti?ng Anh nghi v?n: Skill | S? t?/c?m nghi v?n: 1 | T? l? nghi v?n: 0.5 | M?c ??: 11.0
Skill DMG,Skill DMG,C?n ti?ng Anh nghi v?n: Skill | S? t?/c?m nghi v?n: 1 | T? l? nghi v?n: 0.5 | M?c ??: 11.0
Skill DMG,Skill DMG,C?n ti?ng Anh nghi v?n: Skill | S? t?/c?m nghi v?n: 1 | T? l? nghi v?n: 0.5 | M?c ??: 11.0
Skill DMG,Skill DMG,C?n ti?ng Anh nghi v?n: Skill | S? t?/c?m nghi v?n: 1 | T? l? nghi v?n: 0.5 | M?c ??: 11.0
Skill DMG,Skill DMG,C?n ti?ng Anh nghi v?n: Skill | S? t?/c?m nghi v?n: 1 | T? l? nghi v?n: 0.5 | M?c ??: 11.0
Skill DMG,Skill DMG,C?n ti?ng Anh nghi v?n: Skill | S? t?/c?m nghi v?n: 1 | T? l? nghi v?n: 0.5 | M?c ??: 11.0
Skill DMG,Skill DMG,C?n ti?ng Anh nghi v?n: Skill | S? t?/c?m nghi v?n: 1 | T? l? nghi v?n: 0.5 | M?c ??: 11.0
Skill DMG,Skill DMG,C?n ti?ng Anh nghi v?n: Skill | S? t?/c?m nghi v?n: 1 | T? l? nghi v?n: 0.5 | M?c ??: 11.0
Graceful Step Cooldown,Thời Gian Cooldown Bước Nhẹ,C?n ti?ng Anh nghi v?n: Cooldown | S? t?/c?m nghi v?n: 1 | T? l? nghi v?n: 0.5 | M?c ??: 11.0
Perception Drain Cooldown,Thời Gian Cooldown Thấm Hụt Nhận Thức,C?n ti?ng Anh nghi v?n: Cooldown | S? t?/c?m nghi v?n: 1 | T? l? nghi v?n: 0.5 | M?c ??: 11.0
Flowing Suffocation Cooldown,Thời Gian Cooldown Ngạt Thở,C?n ti?ng Anh nghi v?n: Cooldown | S? t?/c?m nghi v?n: 1 | T? l? nghi v?n: 0.5 | M?c ??: 11.0
Skill DMG,Skill DMG,C?n ti?ng Anh nghi v?n: Skill | S? t?/c?m nghi v?n: 1 | T? l? nghi v?n: 0.5 | M?c ??: 11.0
Scarlet Coda Cooldown,Thời Gian Cooldown Khúc Kết Đỏ Thẫm,C?n ti?ng Anh nghi v?n: Cooldown | S? t?/c?m nghi v?n: 1 | T? l? nghi v?n: 0.5 | M?c ??: 11.0
Skill DMG,Skill DMG,C?n ti?ng Anh nghi v?n: Skill | S? t?/c?m nghi v?n: 1 | T? l? nghi v?n: 0.5 | M?c ??: 11.0
Skill DMG,Skill DMG,C?n ti?ng Anh nghi v?n: Skill | S? t?/c?m nghi v?n: 1 | T? l? nghi v?n: 0.5 | M?c ??: 11.0
Skill DMG,Skill DMG,C?n ti?ng Anh nghi v?n: Skill | S? t?/c?m nghi v?n: 1 | T? l? nghi v?n: 0.5 | M?c ??: 11.0
Skill DMG,Skill DMG,C?n ti?ng Anh nghi v?n: Skill | S? t?/c?m nghi v?n: 1 | T? l? nghi v?n: 0.5 | M?c ??: 11.0
Skill DMG,Skill DMG,C?n ti?ng Anh nghi v?n: Skill | S? t?/c?m nghi v?n: 1 | T? l? nghi v?n: 0.5 | M?c ??: 11.0
Skill DMG,Skill DMG,C?n ti?ng Anh nghi v?n: Skill | S? t?/c?m nghi v?n: 1 | T? l? nghi v?n: 0.5 | M?c ??: 11.0
Skill DMG,Skill DMG,C?n ti?ng Anh nghi v?n: Skill | S? t?/c?m nghi v?n: 1 | T? l? nghi v?n: 0.5 | M?c ??: 11.0
Detonate Concerto Energy,Kích nổ Concerto Energy,C?n ti?ng Anh nghi v?n: Energy | S? t?/c?m nghi v?n: 1 | T? l? nghi v?n: 0.5 | M?c ??: 11.0
Skill DMG,Skill DMG,C?n ti?ng Anh nghi v?n: Skill | S? t?/c?m nghi v?n: 1 | T? l? nghi v?n: 0.5 | M?c ??: 11.0
Skill DMG,Skill DMG,C?n ti?ng Anh nghi v?n: Skill | S? t?/c?m nghi v?n: 1 | T? l? nghi v?n: 0.5 | M?c ??: 11.0
Skill DMG,Skill DMG,C?n ti?ng Anh nghi v?n: Skill | S? t?/c?m nghi v?n: 1 | T? l? nghi v?n: 0.5 | M?c ??: 11.0
Skill DMG,Skill DMG,C?n ti?ng Anh nghi v?n: Skill | S? t?/c?m nghi v?n: 1 | T? l? nghi v?n: 0.5 | M?c ??: 11.0
Skill DMG,Skill DMG,C?n ti?ng Anh nghi v?n: Skill | S? t?/c?m nghi v?n: 1 | T? l? nghi v?n: 0.5 | M?c ??: 11.0
Skill DMG,Skill DMG,C?n ti?ng Anh nghi v?n: Skill | S? t?/c?m nghi v?n: 1 | T? l? nghi v?n: 0.5 | M?c ??: 11.0
Skill DMG,Skill DMG,C?n ti?ng Anh nghi v?n: Skill | S? t?/c?m nghi v?n: 1 | T? l? nghi v?n: 0.5 | M?c ??: 11.0
Skill DMG,Skill DMG,C?n ti?ng Anh nghi v?n: Skill | S? t?/c?m nghi v?n: 1 | T? l? nghi v?n: 0.5 | M?c ??: 11.0
Skill DMG,Skill DMG,C?n ti?ng Anh nghi v?n: Skill | S? t?/c?m nghi v?n: 1 | T? l? nghi v?n: 0.5 | M?c ??: 11.0
Skill DMG,Skill DMG,C?n ti?ng Anh nghi v?n: Skill | S? t?/c?m nghi v?n: 1 | T? l? nghi v?n: 0.5 | M?c ??: 11.0
Skill DMG,Skill DMG,C?n ti?ng Anh nghi v?n: Skill | S? t?/c?m nghi v?n: 1 | T? l? nghi v?n: 0.5 | M?c ??: 11.0
Skill DMG,Skill DMG,C?n ti?ng Anh nghi v?n: Skill | S? t?/c?m nghi v?n: 1 | T? l? nghi v?n: 0.5 | M?c ??: 11.0
Skill DMG,Skill DMG,C?n ti?ng Anh nghi v?n: Skill | S? t?/c?m nghi v?n: 1 | T? l? nghi v?n: 0.5 | M?c ??: 11.0
Skill DMG,Skill DMG,C?n ti?ng Anh nghi v?n: Skill | S? t?/c?m nghi v?n: 1 | T? l? nghi v?n: 0.5 | M?c ??: 11.0
Ephemeral Cooldown,Cooldown Phù Du,C?n ti?ng Anh nghi v?n: Cooldown | S? t?/c?m nghi v?n: 1 | T? l? nghi v?n: 0.5 | M?c ??: 11.0
Skill DMG,Skill DMG,C?n ti?ng Anh nghi v?n: Skill | S? t?/c?m nghi v?n: 1 | T? l? nghi v?n: 0.5 | M?c ??: 11.0
Resonance Skill - Targeted Action: {1},Resonance Skill - Hành Động Có Mục Tiêu: {1},C?n ti?ng Anh nghi v?n: Skill | S? t?/c?m nghi v?n: 1 | T? l? nghi v?n: 0.5 | M?c ??: 11.0
Resonance Skill Flickering Reverie and Perception Drain send the target into Hazy Dream.,"Resonance Skill ""Mộng Ảo Chập Chờn"" và ""Hút Nhận Thức"" đẩy mục tiêu vào trạng thái Mộng Mị.",C?n ti?ng Anh nghi v?n: Skill | S? t?/c?m nghi v?n: 1 | T? l? nghi v?n: 0.5 | M?c ??: 11.0
Fusion Burst Effect,Effect Bùng Nổ Fusion,C?n ti?ng Anh nghi v?n: Effect | S? t?/c?m nghi v?n: 1 | T? l? nghi v?n: 0.5 | M?c ??: 11.0
Resonance Liberation Charge,Tích Năng Resonance Liberation,C?n ti?ng Anh nghi v?n: Liberation | S? t?/c?m nghi v?n: 1 | T? l? nghi v?n: 0.5 | M?c ??: 11.0
Resonance Skill,Resonance Skill,C?n ti?ng Anh nghi v?n: Skill | S? t?/c?m nghi v?n: 1 | T? l? nghi v?n: 0.5 | M?c ??: 11.0
Resonance Liberation,Resonance Liberation,C?n ti?ng Anh nghi v?n: Liberation | S? t?/c?m nghi v?n: 1 | T? l? nghi v?n: 0.5 | M?c ??: 11.0
Skill DMG,Skill DMG,C?n ti?ng Anh nghi v?n: Skill | S? t?/c?m nghi v?n: 1 | T? l? nghi v?n: 0.5 | M?c ??: 11.0
Skill DMG,Skill DMG,C?n ti?ng Anh nghi v?n: Skill | S? t?/c?m nghi v?n: 1 | T? l? nghi v?n: 0.5 | M?c ??: 11.0
Skill DMG,Skill DMG,C?n ti?ng Anh nghi v?n: Skill | S? t?/c?m nghi v?n: 1 | T? l? nghi v?n: 0.5 | M?c ??: 11.0
Resonance Skill DMG Bonus is increased by {0}.,Thêm Sát Thương Resonance Skill tăng {0}.,C?n ti?ng Anh nghi v?n: Skill | S? t?/c?m nghi v?n: 1 | T? l? nghi v?n: 0.5 | M?c ??: 11.0
Resonance Skill DMG Bonus is increased by {0}.,Thêm Sát Thương Resonance Skill tăng {0}.,C?n ti?ng Anh nghi v?n: Skill | S? t?/c?m nghi v?n: 1 | T? l? nghi v?n: 0.5 | M?c ??: 11.0
Increases Resonance Liberation DMG Bonus by {0}.,Tăng Thêm Sát Thương Resonance Liberation lên {0}.,C?n ti?ng Anh nghi v?n: Liberation | S? t?/c?m nghi v?n: 1 | T? l? nghi v?n: 0.5 | M?c ??: 11.0
Skill DMG,Skill DMG,C?n ti?ng Anh nghi v?n: Skill | S? t?/c?m nghi v?n: 1 | T? l? nghi v?n: 0.5 | M?c ??: 11.0
Skill DMG,Skill DMG,C?n ti?ng Anh nghi v?n: Skill | S? t?/c?m nghi v?n: 1 | T? l? nghi v?n: 0.5 | M?c ??: 11.0
Skill DMG,Skill DMG,C?n ti?ng Anh nghi v?n: Skill | S? t?/c?m nghi v?n: 1 | T? l? nghi v?n: 0.5 | M?c ??: 11.0
Skill DMG,Skill DMG,C?n ti?ng Anh nghi v?n: Skill | S? t?/c?m nghi v?n: 1 | T? l? nghi v?n: 0.5 | M?c ??: 11.0
Skill DMG,Skill DMG,C?n ti?ng Anh nghi v?n: Skill | S? t?/c?m nghi v?n: 1 | T? l? nghi v?n: 0.5 | M?c ??: 11.0
Crescent Divinity Cooldown,Thời Gian Cooldown Thần Thánh Lưỡi Liềm,C?n ti?ng Anh nghi v?n: Cooldown | S? t?/c?m nghi v?n: 1 | T? l? nghi v?n: 0.5 | M?c ??: 11.0
Jinhsi's Skill Cooldown,Cooldown chiêu kỹ năng của Jinhsi,C?n ti?ng Anh nghi v?n: Cooldown | S? t?/c?m nghi v?n: 1 | T? l? nghi v?n: 0.5 | M?c ??: 11.0
Golden Reflux Cooldown,Thời Gian Cooldown Dòng Chảy Vàng,C?n ti?ng Anh nghi v?n: Cooldown | S? t?/c?m nghi v?n: 1 | T? l? nghi v?n: 0.5 | M?c ??: 11.0
Skill DMG,Skill DMG,C?n ti?ng Anh nghi v?n: Skill | S? t?/c?m nghi v?n: 1 | T? l? nghi v?n: 0.5 | M?c ??: 11.0
Skill DMG,Skill DMG,C?n ti?ng Anh nghi v?n: Skill | S? t?/c?m nghi v?n: 1 | T? l? nghi v?n: 0.5 | M?c ??: 11.0
Heavenfall Edict: Finale Cooldown,Thiên Lệnh: Thời Gian Cooldown Hoàn Mĩ,C?n ti?ng Anh nghi v?n: Cooldown | S? t?/c?m nghi v?n: 1 | T? l? nghi v?n: 0.5 | M?c ??: 11.0
Skill DMG,Skill DMG,C?n ti?ng Anh nghi v?n: Skill | S? t?/c?m nghi v?n: 1 | T? l? nghi v?n: 0.5 | M?c ??: 11.0
Skill DMG,Skill DMG,C?n ti?ng Anh nghi v?n: Skill | S? t?/c?m nghi v?n: 1 | T? l? nghi v?n: 0.5 | M?c ??: 11.0
Fantasy Bait - Stagecraft Form Cooldown,Mồi Ảo - Thời Gian Cooldown Hình Thức Diễn Xuất,C?n ti?ng Anh nghi v?n: Cooldown | S? t?/c?m nghi v?n: 1 | T? l? nghi v?n: 0.5 | M?c ??: 11.0
Final Act - Stagecraft Form Cooldown,Hồi Kết - Thời Gian Cooldown Hình Thái Diễn Xuất,C?n ti?ng Anh nghi v?n: Cooldown | S? t?/c?m nghi v?n: 1 | T? l? nghi v?n: 0.5 | M?c ??: 11.0
Final Act - Breakdown Form Cooldown,Hồi Kết - Thời Gian Cooldown Hình Thái Sụp Đổ,C?n ti?ng Anh nghi v?n: Cooldown | S? t?/c?m nghi v?n: 1 | T? l? nghi v?n: 0.5 | M?c ??: 11.0
Resonance Skill - Present Self DMG,Resonance Skill - Hiện Thân: Sát Thương,C?n ti?ng Anh nghi v?n: Skill | S? t?/c?m nghi v?n: 1 | T? l? nghi v?n: 0.5 | M?c ??: 11.0
Skill DMG,Skill DMG,C?n ti?ng Anh nghi v?n: Skill | S? t?/c?m nghi v?n: 1 | T? l? nghi v?n: 0.5 | M?c ??: 11.0
Foreclaiming: Blade Liberation Cooldown,Giải Phóng Kiếm: Thời Gian Cooldown,C?n ti?ng Anh nghi v?n: Cooldown | S? t?/c?m nghi v?n: 1 | T? l? nghi v?n: 0.5 | M?c ??: 11.0
Enemies take {0} more total DMG from Resonance Skill.,Kẻ địch chịu thêm {0} tổng Sát Thương từ Resonance Skill.,C?n ti?ng Anh nghi v?n: Skill | S? t?/c?m nghi v?n: 1 | T? l? nghi v?n: 0.5 | M?c ??: 11.0
Enemies take {0} more total DMG from Resonance Liberation.,Kẻ địch chịu thêm {0} tổng Sát Thương từ Resonance Liberation.,C?n ti?ng Anh nghi v?n: Liberation | S? t?/c?m nghi v?n: 1 | T? l? nghi v?n: 0.5 | M?c ??: 11.0
Echo Skill,Echo Skill,C?n ti?ng Anh nghi v?n: Skill | S? t?/c?m nghi v?n: 1 | T? l? nghi v?n: 0.5 | M?c ??: 11.0
Increase starting Team Level by {0}.,Increase Cấp Đội ban đầu lên {0}.,C?n ti?ng Anh nghi v?n: Increase | S? t?/c?m nghi v?n: 1 | T? l? nghi v?n: 0.5 | M?c ??: 11.0
Increase starting Team Level by {0}.,Increase Cấp Đội ban đầu lên {0}.,C?n ti?ng Anh nghi v?n: Increase | S? t?/c?m nghi v?n: 1 | T? l? nghi v?n: 0.5 | M?c ??: 11.0
Increase Max HP by 10%,Increase HP tối đa thêm 10%.,C?n ti?ng Anh nghi v?n: Increase | S? t?/c?m nghi v?n: 1 | T? l? nghi v?n: 0.5 | M?c ??: 11.0
Restore a small amount of HP,Restore một ít HP,C?n ti?ng Anh nghi v?n: Restore | S? t?/c?m nghi v?n: 1 | T? l? nghi v?n: 0.5 | M?c ??: 11.0
Resonance Skill DMG Bonus,Thêm Sát Thương Resonance Skill,C?n ti?ng Anh nghi v?n: Skill | S? t?/c?m nghi v?n: 1 | T? l? nghi v?n: 0.5 | M?c ??: 11.0
Resonance Liberation DMG Bonus,Thêm Sát Thương Resonance Liberation,C?n ti?ng Anh nghi v?n: Liberation | S? t?/c?m nghi v?n: 1 | T? l? nghi v?n: 0.5 | M?c ??: 11.0
Echo Skill,Echo Skill,C?n ti?ng Anh nghi v?n: Skill | S? t?/c?m nghi v?n: 1 | T? l? nghi v?n: 0.5 | M?c ??: 11.0
Casting <color=Highlight>Echo Skill</color> increases ATK.,Kích hoạt <color=Highlight>Echo Skill</color> tăng Tấn Công.,C?n ti?ng Anh nghi v?n: Skill | S? t?/c?m nghi v?n: 1 | T? l? nghi v?n: 0.5 | M?c ??: 11.0
Buff Overview,Tổng quan Buff,C?n ti?ng Anh nghi v?n: Buff | S? t?/c?m nghi v?n: 1 | T? l? nghi v?n: 0.5 | M?c ??: 11.0
Buff Overview,Tổng quan Buff,C?n ti?ng Anh nghi v?n: Buff | S? t?/c?m nghi v?n: 1 | T? l? nghi v?n: 0.5 | M?c ??: 11.0
Advanced Buff,Buff Nâng Cao,C?n ti?ng Anh nghi v?n: Buff | S? t?/c?m nghi v?n: 1 | T? l? nghi v?n: 0.5 | M?c ??: 11.0
Resonance Liberation DMG is increased by {0}. Energy Regen is increased by {1}.,Sát thương Resonance Liberation tăng {0}. Hồi phục Năng Lượng tăng {1}.,C?n ti?ng Anh nghi v?n: Liberation | S? t?/c?m nghi v?n: 1 | T? l? nghi v?n: 0.5 | M?c ??: 11.0
"Increase the whole team's Skill DMG by <color=#f97507>{0}</color> and additionally restore <color=#f97507><SapTag=1>{1}</SapTag></color> {Cus:Sap,S=point P=points SapTag=1} of Skill Energy every second.","Increase Sát Thương Kỹ Năng cho toàn đội <color=#f97507>{0}</color> và hồi phục thêm <color=#f97507><SapTag=1>{1}</SapTag></color> {Cus:Sap,S=Năng Lượng Kỹ Năng P=Năng Lượng Kỹ Năng SapTag=1} mỗi giây.",C?n ti?ng Anh nghi v?n: Increase | S? t?/c?m nghi v?n: 1 | T? l? nghi v?n: 0.5 | M?c ??: 11.0
"<color=#5b1d2f><size=36>Extra Effect</size></color>
ATK +<color=#f97507>{0}</color>.","<color=#5b1d2f><size=36>Effect Bổ Sung</size></color>
Tấn Công +<color=#f97507>{0}</color>.",C?n ti?ng Anh nghi v?n: Effect | S? t?/c?m nghi v?n: 1 | T? l? nghi v?n: 0.5 | M?c ??: 11.0
"<color=#5b1d2f><size=36>Extra Effect</size></color>
Team Skill DMG +<color=#f97507>{0}</color>.","<color=#5b1d2f><size=36>Hiệu ứng bổ sung</size></color>
Sát thương Skill của đội tăng <color=#f97507>{0}</color>.",C?n ti?ng Anh nghi v?n: Skill | S? t?/c?m nghi v?n: 1 | T? l? nghi v?n: 0.5 | M?c ??: 11.0
"<color=#5b1d2f><size=36>Extra Effect</size></color>
ATK +<color=#f97507>{0}</color>.","<color=#5b1d2f><size=36>Effect Bổ Sung</size></color>
Tấn Công +<color=#f97507>{0}</color>.",C?n ti?ng Anh nghi v?n: Effect | S? t?/c?m nghi v?n: 1 | T? l? nghi v?n: 0.5 | M?c ??: 11.0
"<color=#5b1d2f><size=36>Extra Effect</size></color>
Team Skill DMG +<color=#f97507>{0}</color>.","<color=#5b1d2f><size=36>Hiệu ứng bổ sung</size></color>
Sát thương Skill của đội tăng <color=#f97507>{0}</color>.",C?n ti?ng Anh nghi v?n: Skill | S? t?/c?m nghi v?n: 1 | T? l? nghi v?n: 0.5 | M?c ??: 11.0
"<color=#5b1d2f><size=36>Extra Effect</size></color>
ATK +<color=#f97507>{0}</color>.","<color=#5b1d2f><size=36>Effect Bổ Sung</size></color>
Tấn Công +<color=#f97507>{0}</color>.",C?n ti?ng Anh nghi v?n: Effect | S? t?/c?m nghi v?n: 1 | T? l? nghi v?n: 0.5 | M?c ??: 11.0
"<color=#5b1d2f><size=36>Extra Effect</size></color>
ATK +<color=#f97507>{0}</color>.","<color=#5b1d2f><size=36>Effect Bổ Sung</size></color>
Tấn Công +<color=#f97507>{0}</color>.",C?n ti?ng Anh nghi v?n: Effect | S? t?/c?m nghi v?n: 1 | T? l? nghi v?n: 0.5 | M?c ??: 11.0
"<color=#5b1d2f><size=36>Extra Effect</size></color>
ATK +<color=#f97507>{0}</color>.","<color=#5b1d2f><size=36>Effect Bổ Sung</size></color>
Tấn Công +<color=#f97507>{0}</color>.",C?n ti?ng Anh nghi v?n: Effect | S? t?/c?m nghi v?n: 1 | T? l? nghi v?n: 0.5 | M?c ??: 11.0
Attack additionally deals DMG equal to {0} of current HP once. Cooldown: {1}s.,Attack gây thêm sát thương bằng {0} HP hiện tại một lần. Hồi chiêu: {1} giây.,C?n ti?ng Anh nghi v?n: Attack | S? t?/c?m nghi v?n: 1 | T? l? nghi v?n: 0.5 | M?c ??: 11.0
Grants {0} Resonance Liberation DMG Bonus.,Tăng {0} Sát Thương Resonance Liberation.,C?n ti?ng Anh nghi v?n: Liberation | S? t?/c?m nghi v?n: 1 | T? l? nghi v?n: 0.5 | M?c ??: 11.0
"A Critical Hit additionally restores {0} points of Resonance Energy, triggered once every {1}s.","Bạo kích sẽ hồi {0} Resonance Energy, kích hoạt mỗi {1} giây một lần.",C?n ti?ng Anh nghi v?n: Energy | S? t?/c?m nghi v?n: 1 | T? l? nghi v?n: 0.5 | M?c ??: 11.0
Grants {0} Resonance Skill DMG Bonus.,Tăng {0} Sát Thương Resonance Skill.,C?n ti?ng Anh nghi v?n: Skill | S? t?/c?m nghi v?n: 1 | T? l? nghi v?n: 0.5 | M?c ??: 11.0
Resonance Liberation deals {0} more DMG to Immobilized enemies.,Resonance Liberation gây thêm {0} Sát Thương lên kẻ địch Bị Cố Định.,C?n ti?ng Anh nghi v?n: Liberation | S? t?/c?m nghi v?n: 1 | T? l? nghi v?n: 0.5 | M?c ??: 11.0
"A Critical Hit restores {0} points of Resonance Energy, triggered once every {1}s.","Bạo kích sẽ hồi {0} Resonance Energy, kích hoạt mỗi {1} giây một lần.",C?n ti?ng Anh nghi v?n: Energy | S? t?/c?m nghi v?n: 1 | T? l? nghi v?n: 0.5 | M?c ??: 11.0
Reduces Max Resonance Energy by {0}.,Giảm {0} Resonance Energy tối đa.,C?n ti?ng Anh nghi v?n: Energy | S? t?/c?m nghi v?n: 1 | T? l? nghi v?n: 0.5 | M?c ??: 11.0
Grants {0} Resonance Skill DMG Bonus.,Tăng {0} Sát Thương Resonance Skill.,C?n ti?ng Anh nghi v?n: Skill | S? t?/c?m nghi v?n: 1 | T? l? nghi v?n: 0.5 | M?c ??: 11.0
Grants {0} Resonance Liberation DMG Bonus.,Tăng {0} Sát Thương Resonance Liberation.,C?n ti?ng Anh nghi v?n: Liberation | S? t?/c?m nghi v?n: 1 | T? l? nghi v?n: 0.5 | M?c ??: 11.0
"Dealing Echo Skill DMG additionally summons Wind Gust 3 times, dealing DMG equal to {0} of ATK. Cooldown: {1}s.","Gây sát thương bằng Kỹ Năng Echo sẽ triệu hồi thêm 3 lần Cơn Gió Đột Kích, gây sát thương bằng {0} Tấn Công. Cooldown: {1} giây.",C?n ti?ng Anh nghi v?n: Cooldown | S? t?/c?m nghi v?n: 1 | T? l? nghi v?n: 0.5 | M?c ??: 11.0
Reduces Echo Skill Cooldown by {0}.,Giảm Cooldown chiêu Kỹ Năng Echo {0}.,C?n ti?ng Anh nghi v?n: Cooldown | S? t?/c?m nghi v?n: 1 | T? l? nghi v?n: 0.5 | M?c ??: 11.0
"Defeating an enemy reduces Echo Skill Cooldown by {0}s, triggered once every {1}s.","Tiêu diệt kẻ địch sẽ giảm Cooldown chiêu Kỹ Năng Echo đi {0} giây, kích hoạt mỗi {1} giây một lần.",C?n ti?ng Anh nghi v?n: Cooldown | S? t?/c?m nghi v?n: 1 | T? l? nghi v?n: 0.5 | M?c ??: 11.0
Attacking Immobilized enemies triggers additional DMG equal to {0} of ATK once. Cooldown: {1}s.,Tấn Công kẻ địch Bất Động sẽ kích hoạt sát thương bổ sung bằng {0} Tấn Công. Cooldown: {1} giây.,C?n ti?ng Anh nghi v?n: Cooldown | S? t?/c?m nghi v?n: 1 | T? l? nghi v?n: 0.5 | M?c ??: 11.0
Resonance Skill hit increases DMG.,Resonance Skill trúng đích tăng Sát Thương.,C?n ti?ng Anh nghi v?n: Skill | S? t?/c?m nghi v?n: 1 | T? l? nghi v?n: 0.5 | M?c ??: 11.0
Attack additionally deals damage based on the current HP.,Attack gây thêm sát thương dựa trên HP hiện tại.,C?n ti?ng Anh nghi v?n: Attack | S? t?/c?m nghi v?n: 1 | T? l? nghi v?n: 0.5 | M?c ??: 11.0
Grants Resonance Skill DMG Bonus.,Tăng Sát Thương Resonance Skill.,C?n ti?ng Anh nghi v?n: Skill | S? t?/c?m nghi v?n: 1 | T? l? nghi v?n: 0.5 | M?c ??: 11.0
Resonance Liberation deals more DMG to Immobilized enemies.,Resonance Liberation gây thêm Sát Thương lên kẻ địch Bị Cố Định.,C?n ti?ng Anh nghi v?n: Liberation | S? t?/c?m nghi v?n: 1 | T? l? nghi v?n: 0.5 | M?c ??: 11.0
Grants Resonance Skill DMG Bonus.,Tăng Sát Thương Resonance Skill.,C?n ti?ng Anh nghi v?n: Skill | S? t?/c?m nghi v?n: 1 | T? l? nghi v?n: 0.5 | M?c ??: 11.0
Intro Skill additionally summons Wind Gust 5 times on hit.,Skill Khởi Động còn triệu hồi Luồng Gió 5 lần khi trúng mục tiêu.,C?n ti?ng Anh nghi v?n: Skill | S? t?/c?m nghi v?n: 1 | T? l? nghi v?n: 0.5 | M?c ??: 11.0
Reduces Echo Skill Cooldown.,Giảm Cooldown chiêu Kỹ Năng Echo.,C?n ti?ng Anh nghi v?n: Cooldown | S? t?/c?m nghi v?n: 1 | T? l? nghi v?n: 0.5 | M?c ??: 11.0
Defeating an enemy reduces Echo Skill Cooldown.,Tiêu diệt kẻ địch sẽ giảm Cooldown chiêu Kỹ Năng Echo.,C?n ti?ng Anh nghi v?n: Cooldown | S? t?/c?m nghi v?n: 1 | T? l? nghi v?n: 0.5 | M?c ??: 11.0
Enemies take more DMG for each type of Negative Status they have.,Kẻ địch chịu thêm sát thương tương ứng với mỗi loại Status Tiêu Cực mà chúng đang mang.,C?n ti?ng Anh nghi v?n: Status | S? t?/c?m nghi v?n: 1 | T? l? nghi v?n: 0.5 | M?c ??: 11.0
Dark Slash deals additional DMG equal to {0} of ATK and Amplifies Negative Status DMG dealt to the target by {1} for {2}s.,Đòn Kiếm Bóng Tối gây thêm Sát Thương bằng {0} Tấn Công và Khuếch Đại Sát Thương Status Tiêu Cực tác động lên mục tiêu thêm {1} trong {2} giây.,C?n ti?ng Anh nghi v?n: Status | S? t?/c?m nghi v?n: 1 | T? l? nghi v?n: 0.5 | M?c ??: 11.0
"<color=#c49e55>[Resonance Skill]</color>
Resonance Skill - Demon Arisen gains a special enhancement.","<color=#c49e55>[Resonance Skill]</color>
Resonance Skill - Ác Quỷ Thức Tỉnh nhận được tăng cường đặc biệt.",C?n ti?ng Anh nghi v?n: Skill | S? t?/c?m nghi v?n: 1 | T? l? nghi v?n: 0.5 | M?c ??: 11.0
"<color=#c49e55>[Resonance Skill]</color> 
Casting Resonance Skill summons Hover Cannons to attack enemies.","<color=#c49e55>[Resonance Skill]</color>
Sử dụng Resonance Skill sẽ triệu hồi Pháo Nổi để tấn công kẻ địch.",C?n ti?ng Anh nghi v?n: Skill | S? t?/c?m nghi v?n: 1 | T? l? nghi v?n: 0.5 | M?c ??: 11.0
"Complete ""First Resonance.""","Hoàn thành ""First Resonance.""",C?n ti?ng Anh nghi v?n: First | S? t?/c?m nghi v?n: 1 | T? l? nghi v?n: 0.5 | M?c ??: 11.0
"<color=#c49e55>[Resonance Liberation]</color>
Resonance Liberation gains a special enhancement.","<color=#c49e55>[Resonance Liberation]</color>
Resonance Liberation nhận được một tăng cường đặc biệt.",C?n ti?ng Anh nghi v?n: Liberation | S? t?/c?m nghi v?n: 1 | T? l? nghi v?n: 0.5 | M?c ??: 11.0
"<color=#c49e55>[Resonance Liberation]</color>
Resonance Liberation - To the Horizon gains special enhancements.","<color=#c49e55>[Resonance Liberation]</color>
Resonance Liberation - Đến Chân Trời nhận được những tăng cường đặc biệt.",C?n ti?ng Anh nghi v?n: Liberation | S? t?/c?m nghi v?n: 1 | T? l? nghi v?n: 0.5 | M?c ??: 11.0
"<color=#c49e55>[Resonance Skill]</color>
Resonance Skill - Skyfall Severance gains special enhancements.","<color=#c49e55>[Resonance Skill]</color>
Resonance Skill - Đoạn Kết Từ Trời được tăng cường đặc biệt.",C?n ti?ng Anh nghi v?n: Skill | S? t?/c?m nghi v?n: 1 | T? l? nghi v?n: 0.5 | M?c ??: 11.0
"<color=Highlight>[Resonance Liberation]</color>
Resonance Liberation - Omega Storm is enhanced.","<color=Highlight>[Resonance Liberation]</color>
Resonance Liberation - Bão Tận Thế được tăng cường.",C?n ti?ng Anh nghi v?n: Liberation | S? t?/c?m nghi v?n: 1 | T? l? nghi v?n: 0.5 | M?c ??: 11.0
"<color=#c49e55>[Resonance Skill]</color>
Resonance Skill gains a special enhancement.","<color=#c49e55>[Resonance Skill]</color>
Resonance Skill được tăng cường đặc biệt.",C?n ti?ng Anh nghi v?n: Skill | S? t?/c?m nghi v?n: 1 | T? l? nghi v?n: 0.5 | M?c ??: 11.0
"<color=#c49e55>[Resonance Liberation]</color>
Resonance Liberation gains a special enhancement.","<color=#c49e55>[Resonance Liberation]</color>
Resonance Liberation nhận được một tăng cường đặc biệt.",C?n ti?ng Anh nghi v?n: Liberation | S? t?/c?m nghi v?n: 1 | T? l? nghi v?n: 0.5 | M?c ??: 11.0
"<color=#c49e55>[Resonance Skill]</color>
Resonance Skill - Flickering Reverie gains additional enhancement.","<color=#c49e55>[Resonance Skill]</color>
Resonance Skill - Ảo Ảnh Lấp Lánh được tăng cường thêm.",C?n ti?ng Anh nghi v?n: Skill | S? t?/c?m nghi v?n: 1 | T? l? nghi v?n: 0.5 | M?c ??: 11.0
"<color=#c49e55>[Resonance Liberation]</color>
Resonance Liberation - Beneath the Sea gains special enhancements.","<color=#c49e55>[Resonance Liberation]</color>
Resonance Liberation - Dưới Biển Sâu nhận được các nâng cấp đặc biệt.",C?n ti?ng Anh nghi v?n: Liberation | S? t?/c?m nghi v?n: 1 | T? l? nghi v?n: 0.5 | M?c ??: 11.0
Echo Skill DMG is increased by 22.5%.,"Sát thương Skill Echo tăng thêm 22,5%.",C?n ti?ng Anh nghi v?n: Skill | S? t?/c?m nghi v?n: 1 | T? l? nghi v?n: 0.5 | M?c ??: 11.0
Echo Skill DMG is increased by 45%.,Sát thương Skill Echo tăng thêm 45%.,C?n ti?ng Anh nghi v?n: Skill | S? t?/c?m nghi v?n: 1 | T? l? nghi v?n: 0.5 | M?c ??: 11.0
Echo Skill DMG is increased by 67.5%.,"Sát thương Skill Echo tăng thêm 67,5%.",C?n ti?ng Anh nghi v?n: Skill | S? t?/c?m nghi v?n: 1 | T? l? nghi v?n: 0.5 | M?c ??: 11.0
<color=#c49e55>[Resonance Skill]</color> Resonance Skill DMG is increased by {0}.,<color=#c49e55>[Resonance Skill]</color> Sát Thương Resonance Skill tăng {0}.,C?n ti?ng Anh nghi v?n: Skill | S? t?/c?m nghi v?n: 1 | T? l? nghi v?n: 0.5 | M?c ??: 11.0
<color=#c49e55>[Resonance Skill]</color> Resonance Skill DMG significantly increased.,<color=#c49e55>[Resonance Skill]</color> Sát Thương Resonance Skill tăng đáng kể.,C?n ti?ng Anh nghi v?n: Skill | S? t?/c?m nghi v?n: 1 | T? l? nghi v?n: 0.5 | M?c ??: 11.0
<color=#c49e55>[Resonance Liberation]</color> Resonance Liberation DMG is increased by {0}.,<color=#c49e55>[Resonance Liberation]</color> Tăng sát thương Resonance Liberation thêm {0}.,C?n ti?ng Anh nghi v?n: Liberation | S? t?/c?m nghi v?n: 1 | T? l? nghi v?n: 0.5 | M?c ??: 11.0
<color=#c49e55>[Resonance Liberation]</color> Resonance Liberation DMG significantly increased.,<color=#c49e55>[Resonance Liberation]</color> Tăng đáng kể sát thương Resonance Liberation.,C?n ti?ng Anh nghi v?n: Liberation | S? t?/c?m nghi v?n: 1 | T? l? nghi v?n: 0.5 | M?c ??: 11.0
<color=#ffd12f>[Resonance Skill]</color> Resonance Skill DMG is increased by 36%.,<color=#ffd12f>[Resonance Skill]</color> Sát thương Resonance Skill tăng 36%.,C?n ti?ng Anh nghi v?n: Skill | S? t?/c?m nghi v?n: 1 | T? l? nghi v?n: 0.5 | M?c ??: 11.0
<color=#ffd12f>[Resonance Skill]</color> Resonance Skill DMG moderately increased.,<color=#ffd12f>[Resonance Skill]</color> Sát thương Resonance Skill tăng vừa phải.,C?n ti?ng Anh nghi v?n: Skill | S? t?/c?m nghi v?n: 1 | T? l? nghi v?n: 0.5 | M?c ??: 11.0
Resonance Liberation 9,Resonance Liberation 9,C?n ti?ng Anh nghi v?n: Liberation | S? t?/c?m nghi v?n: 1 | T? l? nghi v?n: 0.5 | M?c ??: 11.0
Resonance Liberation 5,Resonance Liberation Cấp 5,C?n ti?ng Anh nghi v?n: Liberation | S? t?/c?m nghi v?n: 1 | T? l? nghi v?n: 0.5 | M?c ??: 11.0
Recipe of Dreams: Resonance Skill,Công thức Giấc Mơ: Resonance Skill,C?n ti?ng Anh nghi v?n: Skill | S? t?/c?m nghi v?n: 1 | T? l? nghi v?n: 0.5 | M?c ??: 11.0
Recipe of Dreams: Resonance Liberation,Công thức Giấc Mơ: Resonance Liberation,C?n ti?ng Anh nghi v?n: Liberation | S? t?/c?m nghi v?n: 1 | T? l? nghi v?n: 0.5 | M?c ??: 11.0
"<color=#ffd12f>[Health]</color>
Increase Max HP by 22.5%.","<color=#ffd12f>[Health]</color>
Increase HP tối đa thêm 22,5%.",C?n ti?ng Anh nghi v?n: Increase | S? t?/c?m nghi v?n: 1 | T? l? nghi v?n: 0.5 | M?c ??: 11.0
"<color=#ffd12f>[Health]</color>
Increase Max HP by 45%.","<color=#ffd12f>[Health]</color>
Increase HP tối đa thêm 45%.",C?n ti?ng Anh nghi v?n: Increase | S? t?/c?m nghi v?n: 1 | T? l? nghi v?n: 0.5 | M?c ??: 11.0
"<color=#ffd12f>[Health]</color>
Increase Max HP by 67.5%.","<color=#ffd12f>[Health]</color>
Increase HP tối đa thêm 67,5%.",C?n ti?ng Anh nghi v?n: Increase | S? t?/c?m nghi v?n: 1 | T? l? nghi v?n: 0.5 | M?c ??: 11.0
"<color=#ffd12f>[Defense]</color>
Increase DEF by 22.5%.","<color=#ffd12f>[Defense]</color>
Increase Defense thêm 22,5%.",C?n ti?ng Anh nghi v?n: Increase | S? t?/c?m nghi v?n: 1 | T? l? nghi v?n: 0.5 | M?c ??: 11.0
"<color=#ffd12f>[Defense]</color>
Increase DEF by 45%.","<color=#ffd12f>[Defense]</color>
Increase Defense thêm 45%.",C?n ti?ng Anh nghi v?n: Increase | S? t?/c?m nghi v?n: 1 | T? l? nghi v?n: 0.5 | M?c ??: 11.0
"<color=#ffd12f>[Defense]</color>
Increase DEF by 67.5%.","<color=#ffd12f>[Defense]</color>
Increase Defense thêm 67,5%.",C?n ti?ng Anh nghi v?n: Increase | S? t?/c?m nghi v?n: 1 | T? l? nghi v?n: 0.5 | M?c ??: 11.0
"<color=#ffd12f>[Damage]</color>
Slightly increase Resonance Skill DMG.","<color=#ffd12f>[Damage]</color>
Tăng nhẹ Sát Thương Resonance Skill.",C?n ti?ng Anh nghi v?n: Skill | S? t?/c?m nghi v?n: 1 | T? l? nghi v?n: 0.5 | M?c ??: 11.0
"<color=#ffd12f>[Damage]</color>
Moderately increase Resonance Skill DMG.","<color=#ffd12f>[Damage]</color>
Tăng nhẹ Sát Thương Resonance Skill.",C?n ti?ng Anh nghi v?n: Skill | S? t?/c?m nghi v?n: 1 | T? l? nghi v?n: 0.5 | M?c ??: 11.0
"<color=#ffd12f>[Damage]</color>
Greatly increase Resonance Skill DMG.","<color=#ffd12f>[Damage]</color>
Tăng mạnh Sát Thương Resonance Skill.",C?n ti?ng Anh nghi v?n: Skill | S? t?/c?m nghi v?n: 1 | T? l? nghi v?n: 0.5 | M?c ??: 11.0
"<color=#ffd12f>[Damage]</color>
Slightly increases Resonance Liberation DMG.","<color=#ffd12f>[Damage]</color>
Tăng nhẹ Sát Thương Resonance Liberation.",C?n ti?ng Anh nghi v?n: Liberation | S? t?/c?m nghi v?n: 1 | T? l? nghi v?n: 0.5 | M?c ??: 11.0
"<color=#ffd12f>[Damage]</color>
Moderately increase Resonance Liberation DMG.","<color=#ffd12f>[Damage]</color>
Tăng nhẹ Sát Thương Resonance Liberation.",C?n ti?ng Anh nghi v?n: Liberation | S? t?/c?m nghi v?n: 1 | T? l? nghi v?n: 0.5 | M?c ??: 11.0
"<color=#ffd12f>[Damage]</color>
Greatly increase Resonance Liberation DMG.","<color=#ffd12f>[Damage]</color>
Tăng mạnh sát thương Resonance Liberation.",C?n ti?ng Anh nghi v?n: Liberation | S? t?/c?m nghi v?n: 1 | T? l? nghi v?n: 0.5 | M?c ??: 11.0
Each heavy attack consumes an additional 10 Resonance Energy to gain a 30% Damage boost.,Mỗi đòn tấn công nặng tiêu tốn thêm 10 Resonance Energy để tăng 30% Sát Thương.,C?n ti?ng Anh nghi v?n: Energy | S? t?/c?m nghi v?n: 1 | T? l? nghi v?n: 0.5 | M?c ??: 11.0
Resonance Liberation 1,Resonance Liberation Cấp 1,C?n ti?ng Anh nghi v?n: Liberation | S? t?/c?m nghi v?n: 1 | T? l? nghi v?n: 0.5 | M?c ??: 11.0
Resonance Liberation 2,Resonance Liberation Cấp 2,C?n ti?ng Anh nghi v?n: Liberation | S? t?/c?m nghi v?n: 1 | T? l? nghi v?n: 0.5 | M?c ??: 11.0
Resonance Liberation 3,Resonance Liberation Cấp 3,C?n ti?ng Anh nghi v?n: Liberation | S? t?/c?m nghi v?n: 1 | T? l? nghi v?n: 0.5 | M?c ??: 11.0
Resonance Liberation 7,Resonance Liberation Cấp 7,C?n ti?ng Anh nghi v?n: Liberation | S? t?/c?m nghi v?n: 1 | T? l? nghi v?n: 0.5 | M?c ??: 11.0
<color=#ffd12f>[Concerto]</color> Echo Skill recovers 15 Concerto Energy.,<color=#ffd12f>[Concerto]</color> Kỹ Năng Vọng Âm hồi phục 15 Concerto Energy.,C?n ti?ng Anh nghi v?n: Energy | S? t?/c?m nghi v?n: 1 | T? l? nghi v?n: 0.5 | M?c ??: 11.0
<color=#ffd12f>[Concerto]</color> Echo Skill recovers 10 Concerto Energy.,<color=#ffd12f>[Concerto]</color> Kỹ Năng Vọng Âm hồi phục 10 Concerto Energy.,C?n ti?ng Anh nghi v?n: Energy | S? t?/c?m nghi v?n: 1 | T? l? nghi v?n: 0.5 | M?c ??: 11.0
<color=#ffd12f>[Concerto]</color> Concerto Energy slightly recovered for Echo Skill.,<color=#ffd12f>[Concerto]</color> Concerto Energy của Kỹ Năng Vọng Âm đã hồi phục nhẹ.,C?n ti?ng Anh nghi v?n: Energy | S? t?/c?m nghi v?n: 1 | T? l? nghi v?n: 0.5 | M?c ??: 11.0
<color=#ffd12f>[Resonance Skill]</color> Energy required to cast Resonance Liberation is reduced to 80%.,<color=#ffd12f>[Resonance Skill]</color> Năng lượng cần thiết để kích hoạt Resonance Liberation giảm xuống còn 80%.,C?n ti?ng Anh nghi v?n: Liberation | S? t?/c?m nghi v?n: 1 | T? l? nghi v?n: 0.5 | M?c ??: 11.0
<color=#ffd12f>[Resonance Skill]</color> Energy required to cast Resonance Liberation reduced.,<color=#ffd12f>[Resonance Skill]</color> Năng lượng cần thiết để kích hoạt Resonance Liberation giảm.,C?n ti?ng Anh nghi v?n: Liberation | S? t?/c?m nghi v?n: 1 | T? l? nghi v?n: 0.5 | M?c ??: 11.0
"<color=#ffd12f>[Crit. Hit]</color> Critical hits trigger ""Fuse Effect"".","<color=#ffd12f>[Crit. Hit]</color> Kích hoạt ""Effect Hòa Nhập"" khi xuất hiện bạo kích.",C?n ti?ng Anh nghi v?n: Effect | S? t?/c?m nghi v?n: 1 | T? l? nghi v?n: 0.5 | M?c ??: 11.0
<color=#ffd12f>[Resonance Skill]</color> Resonance Skill DMG is increased by 75%.,<color=#ffd12f>[Resonance Skill]</color> Sát thương Resonance Skill tăng 75%.,C?n ti?ng Anh nghi v?n: Skill | S? t?/c?m nghi v?n: 1 | T? l? nghi v?n: 0.5 | M?c ??: 11.0
<color=#ffd12f>[Resonance Skill]</color> Resonance Skill DMG significantly increased.,<color=#ffd12f>[Resonance Skill]</color> Sát thương Resonance Skill tăng đáng kể.,C?n ti?ng Anh nghi v?n: Skill | S? t?/c?m nghi v?n: 1 | T? l? nghi v?n: 0.5 | M?c ??: 11.0
<color=#ffd12f>[Echo Skill]</color> Echo Skill Cooldown is reduced by 50%.,<color=#ffd12f>[Echo Skill]</color> Cooldown chiêu Kỹ Năng Echo giảm 50%.,C?n ti?ng Anh nghi v?n: Cooldown | S? t?/c?m nghi v?n: 1 | T? l? nghi v?n: 0.5 | M?c ??: 11.0
<color=#ffd12f>[Echo Skill]</color> Echo Skill Cooldown reduced.,<color=#ffd12f>[Echo Skill]</color> Cooldown chiêu Kỹ Năng Echo giảm.,C?n ti?ng Anh nghi v?n: Cooldown | S? t?/c?m nghi v?n: 1 | T? l? nghi v?n: 0.5 | M?c ??: 11.0
<color=#ffd12f>[Resonance Skill]</color> Resonance Skill DMG is increased by 18%.,<color=#ffd12f>[Resonance Skill]</color> Sát thương Resonance Skill tăng 18%.,C?n ti?ng Anh nghi v?n: Skill | S? t?/c?m nghi v?n: 1 | T? l? nghi v?n: 0.5 | M?c ??: 11.0
<color=#ffd12f>[Resonance Skill]</color> Resonance Skill DMG slightly increased.,<color=#ffd12f>[Resonance Skill]</color> Sát thương Resonance Skill tăng nhẹ.,C?n ti?ng Anh nghi v?n: Skill | S? t?/c?m nghi v?n: 1 | T? l? nghi v?n: 0.5 | M?c ??: 11.0
<color=#ffd12f>[Resonance Skill]</color> Resonance Skill DMG is increased by 36%.,<color=#ffd12f>[Resonance Skill]</color> Sát thương Resonance Skill tăng 36%.,C?n ti?ng Anh nghi v?n: Skill | S? t?/c?m nghi v?n: 1 | T? l? nghi v?n: 0.5 | M?c ??: 11.0
<color=#ffd12f>[Resonance Skill]</color> Resonance Skill DMG moderately increased.,<color=#ffd12f>[Resonance Skill]</color> Sát thương Resonance Skill tăng vừa phải.,C?n ti?ng Anh nghi v?n: Skill | S? t?/c?m nghi v?n: 1 | T? l? nghi v?n: 0.5 | M?c ??: 11.0
<color=#ffd12f>[Resonance Skill]</color> Resonance Skill DMG is increased by 72%.,<color=#ffd12f>[Resonance Skill]</color> Sát thương Resonance Skill tăng 72%.,C?n ti?ng Anh nghi v?n: Skill | S? t?/c?m nghi v?n: 1 | T? l? nghi v?n: 0.5 | M?c ??: 11.0
<color=#ffd12f>[Resonance Skill]</color> Resonance Skill DMG significantly increased.,<color=#ffd12f>[Resonance Skill]</color> Sát thương Resonance Skill tăng đáng kể.,C?n ti?ng Anh nghi v?n: Skill | S? t?/c?m nghi v?n: 1 | T? l? nghi v?n: 0.5 | M?c ??: 11.0
<color=#ffd12f>[Resonance Skill]</color> Resonance Liberation DMG is increased by 15%.,<color=#ffd12f>[Resonance Skill]</color> Sát thương Resonance Liberation tăng 15%.,C?n ti?ng Anh nghi v?n: Liberation | S? t?/c?m nghi v?n: 1 | T? l? nghi v?n: 0.5 | M?c ??: 11.0
<color=#ffd12f>[Resonance Skill]</color> Resonance Liberation DMG slightly increased.,<color=#ffd12f>[Resonance Skill]</color> Sát thương Resonance Liberation tăng nhẹ.,C?n ti?ng Anh nghi v?n: Liberation | S? t?/c?m nghi v?n: 1 | T? l? nghi v?n: 0.5 | M?c ??: 11.0
<color=#ffd12f>[Resonance Skill]</color> Resonance Liberation DMG is increased by 30%.,<color=#ffd12f>[Resonance Skill]</color> Sát thương Resonance Liberation tăng 30%.,C?n ti?ng Anh nghi v?n: Liberation | S? t?/c?m nghi v?n: 1 | T? l? nghi v?n: 0.5 | M?c ??: 11.0
<color=#ffd12f>[Resonance Skill]</color> Resonance Liberation DMG moderately increased.,<color=#ffd12f>[Resonance Skill]</color> Sát thương Resonance Liberation tăng vừa phải.,C?n ti?ng Anh nghi v?n: Liberation | S? t?/c?m nghi v?n: 1 | T? l? nghi v?n: 0.5 | M?c ??: 11.0
<color=#ffd12f>[Resonance Skill]</color> Resonance Liberation DMG is increased by 60%.,<color=#ffd12f>[Resonance Skill]</color> Sát thương Resonance Liberation tăng 60%.,C?n ti?ng Anh nghi v?n: Liberation | S? t?/c?m nghi v?n: 1 | T? l? nghi v?n: 0.5 | M?c ??: 11.0
<color=#ffd12f>[Resonance Skill]</color> Resonance Liberation DMG significantly increased.,<color=#ffd12f>[Resonance Skill]</color> Sát thương Resonance Liberation tăng đáng kể.,C?n ti?ng Anh nghi v?n: Liberation | S? t?/c?m nghi v?n: 1 | T? l? nghi v?n: 0.5 | M?c ??: 11.0
Critical hits increase Resonance Skill Damage. Stackable,Đòn tấn công chí mạng tăng Sát Thương Resonance Skill. Có thể cộng dồn.,C?n ti?ng Anh nghi v?n: Skill | S? t?/c?m nghi v?n: 1 | T? l? nghi v?n: 0.5 | M?c ??: 11.0
<color=#ffd12f>[Crit. Hit]</color> 8 Resonance Energy is regenerated upon critical hits. This can be triggered once every 2s.,Mỗi lần <color=#ffd12f>[Crit. Hit]</color> sẽ phục hồi 8 Resonance Energy. Hiệu ứng này có thể kích hoạt mỗi 2 giây 1 lần.,C?n ti?ng Anh nghi v?n: Energy | S? t?/c?m nghi v?n: 1 | T? l? nghi v?n: 0.5 | M?c ??: 11.0
<color=#ffd12f>[Concerto]</color> Defeating a target regenerates 20 Concerto Energy.,<color=#ffd12f>[Concerto]</color> Tiêu diệt mục tiêu sẽ hồi phục 20 Concerto Energy.,C?n ti?ng Anh nghi v?n: Energy | S? t?/c?m nghi v?n: 1 | T? l? nghi v?n: 0.5 | M?c ??: 11.0
Gain 10 Resonance Energy upon defeating a target.,Tiêu diệt mục tiêu sẽ nhận được 10 Resonance Energy.,C?n ti?ng Anh nghi v?n: Energy | S? t?/c?m nghi v?n: 1 | T? l? nghi v?n: 0.5 | M?c ??: 11.0
Gain 10 Resonance Energy upon defeating a target.,Tiêu diệt mục tiêu sẽ nhận được 10 Resonance Energy.,C?n ti?ng Anh nghi v?n: Energy | S? t?/c?m nghi v?n: 1 | T? l? nghi v?n: 0.5 | M?c ??: 11.0
Increase ATK by 25% in Depths of Illusive Realm.,Increase Tấn Công thêm 25% trong Vực Ảo Ảnh.,C?n ti?ng Anh nghi v?n: Increase | S? t?/c?m nghi v?n: 1 | T? l? nghi v?n: 0.5 | M?c ??: 11.0
<color=#c49e55>[Resonance Liberation]</color> DMG of Resonance Liberation is greatly increased against targets with Punishment Mark.,<color=#c49e55>[Resonance Liberation]</color> Sát Thương của Resonance Liberation tăng mạnh đối với mục tiêu có Dấu Hiệu Trừng Phạt.,C?n ti?ng Anh nghi v?n: Liberation | S? t?/c?m nghi v?n: 1 | T? l? nghi v?n: 0.5 | M?c ??: 11.0
Resonance Skill Enhancement,Tăng Cường Resonance Skill,C?n ti?ng Anh nghi v?n: Skill | S? t?/c?m nghi v?n: 1 | T? l? nghi v?n: 0.5 | M?c ??: 11.0
Resonance Skill Enhancement,Tăng Cường Resonance Skill,C?n ti?ng Anh nghi v?n: Skill | S? t?/c?m nghi v?n: 1 | T? l? nghi v?n: 0.5 | M?c ??: 11.0
Resonance Skill Enhancement,Tăng Cường Resonance Skill,C?n ti?ng Anh nghi v?n: Skill | S? t?/c?m nghi v?n: 1 | T? l? nghi v?n: 0.5 | M?c ??: 11.0
Resonance Liberation Enhancement,Resonance Liberation Tăng Cường,C?n ti?ng Anh nghi v?n: Liberation | S? t?/c?m nghi v?n: 1 | T? l? nghi v?n: 0.5 | M?c ??: 11.0
Resonance Skill Enhancement,Tăng Cường Resonance Skill,C?n ti?ng Anh nghi v?n: Skill | S? t?/c?m nghi v?n: 1 | T? l? nghi v?n: 0.5 | M?c ??: 11.0
Resonance Skill Enhancement,Tăng Cường Resonance Skill,C?n ti?ng Anh nghi v?n: Skill | S? t?/c?m nghi v?n: 1 | T? l? nghi v?n: 0.5 | M?c ??: 11.0
Resonance Skill DMG,Sát Thương Resonance Skill,C?n ti?ng Anh nghi v?n: Skill | S? t?/c?m nghi v?n: 1 | T? l? nghi v?n: 0.5 | M?c ??: 11.0
Resonance Liberation Damage,Sát thương Resonance Liberation,C?n ti?ng Anh nghi v?n: Liberation | S? t?/c?m nghi v?n: 1 | T? l? nghi v?n: 0.5 | M?c ??: 11.0
Resonance Liberation Regeneration,Hồi Phục Resonance Liberation,C?n ti?ng Anh nghi v?n: Liberation | S? t?/c?m nghi v?n: 1 | T? l? nghi v?n: 0.5 | M?c ??: 11.0
Gain 10 Resonance Energy upon defeating a target.,Tiêu diệt mục tiêu sẽ nhận được 10 Resonance Energy.,C?n ti?ng Anh nghi v?n: Energy | S? t?/c?m nghi v?n: 1 | T? l? nghi v?n: 0.5 | M?c ??: 11.0
Increase the Freeze duration by 3s.,Increase thời gian Đông cứng thêm 3 giây.,C?n ti?ng Anh nghi v?n: Increase | S? t?/c?m nghi v?n: 1 | T? l? nghi v?n: 0.5 | M?c ??: 11.0
Significantly reduce the Cooldown of Echo skills! (still by 10%),Giảm đáng kể Cooldown chiêu của kỹ năng Echo! (vẫn là 10%),C?n ti?ng Anh nghi v?n: Cooldown | S? t?/c?m nghi v?n: 1 | T? l? nghi v?n: 0.5 | M?c ??: 11.0
Increase ATK by 30% in Depths of Illusive Realm.,Increase Tấn Công thêm 30% trong Vực Ảo Ảnh.,C?n ti?ng Anh nghi v?n: Increase | S? t?/c?m nghi v?n: 1 | T? l? nghi v?n: 0.5 | M?c ??: 11.0
<color=#c49e55>[Resonance Liberation]</color> Increase Inklit Spirits' DMG by {0} but reduce the max number that can be summoned by {1}.,"<color=#c49e55>[Resonance Liberation]</color> Increase sát thương của Linh Hồn Mực Nhỏ thêm {0}, nhưng giảm số lượng tối đa có thể triệu hồi đi {1}.",C?n ti?ng Anh nghi v?n: Increase | S? t?/c?m nghi v?n: 1 | T? l? nghi v?n: 0.5 | M?c ??: 11.0
Increase the Frozen state duration by 3s.,Increase thời gian trạng thái Bị Đông cứng thêm 3 giây.,C?n ti?ng Anh nghi v?n: Increase | S? t?/c?m nghi v?n: 1 | T? l? nghi v?n: 0.5 | M?c ??: 11.0
Fusion RES,Fusion RES,C?n ti?ng Anh nghi v?n: RES | S? t?/c?m nghi v?n: 1 | T? l? nghi v?n: 0.5 | M?c ??: 11.0
Increase Fusion RES by 20%,Increase Kháng Hệ Fusion 20%,C?n ti?ng Anh nghi v?n: Increase | S? t?/c?m nghi v?n: 1 | T? l? nghi v?n: 0.5 | M?c ??: 11.0
Increase Glacio RES by 20%,Increase Kháng Hệ Glacio 20%,C?n ti?ng Anh nghi v?n: Increase | S? t?/c?m nghi v?n: 1 | T? l? nghi v?n: 0.5 | M?c ??: 11.0
Increase Havoc RES by 20%,Increase Kháng Hệ Havoc 20%,C?n ti?ng Anh nghi v?n: Increase | S? t?/c?m nghi v?n: 1 | T? l? nghi v?n: 0.5 | M?c ??: 11.0
The skill is on cooldown,Kỹ năng đang trong Cooldown,C?n ti?ng Anh nghi v?n: Cooldown | S? t?/c?m nghi v?n: 1 | T? l? nghi v?n: 0.5 | M?c ??: 11.0
Buff Time Count:,Thời gian Buff:,C?n ti?ng Anh nghi v?n: Buff | S? t?/c?m nghi v?n: 1 | T? l? nghi v?n: 0.5 | M?c ??: 11.0
Echo Skill,Echo Skill,C?n ti?ng Anh nghi v?n: Skill | S? t?/c?m nghi v?n: 1 | T? l? nghi v?n: 0.5 | M?c ??: 11.0
- Transform ({0}): Increase your Echoes' STR by {1} until the round ends.,Biến Hóa ({0}): Increase Sức Mạnh của các Resonator lên {1} đến hết lượt.,C?n ti?ng Anh nghi v?n: Increase | S? t?/c?m nghi v?n: 1 | T? l? nghi v?n: 0.5 | M?c ??: 11.0
- Transform ({0}): Increase your Echoes' STR and CON by {1} until the round ends.,Biến Hóa ({0}): Increase Sức Mạnh và Thể Trạng của các Resonator lên {1} đến hết lượt.,C?n ti?ng Anh nghi v?n: Increase | S? t?/c?m nghi v?n: 1 | T? l? nghi v?n: 0.5 | M?c ??: 11.0
- Transform ({0}): Increase your Echoes' STR by {1} until the round ends.,Biến Hóa ({0}): Increase Sức Mạnh của các Resonator lên {1} đến hết lượt.,C?n ti?ng Anh nghi v?n: Increase | S? t?/c?m nghi v?n: 1 | T? l? nghi v?n: 0.5 | M?c ??: 11.0
Complete the Challenge and restore Septimont's Dreamscape Nodes.,Hoàn thành Challenge và khôi phục các Điểm Mộng Ảnh Septimont,C?n ti?ng Anh nghi v?n: Challenge | S? t?/c?m nghi v?n: 1 | T? l? nghi v?n: 0.5 | M?c ??: 11.0
Resonance Skill DMG,Sát Thương Resonance Skill,C?n ti?ng Anh nghi v?n: Skill | S? t?/c?m nghi v?n: 1 | T? l? nghi v?n: 0.5 | M?c ??: 11.0
Resonance Liberation DMG,Sát Thương Resonance Liberation,C?n ti?ng Anh nghi v?n: Liberation | S? t?/c?m nghi v?n: 1 | T? l? nghi v?n: 0.5 | M?c ??: 11.0
Resonance Skill,Resonance Skill,C?n ti?ng Anh nghi v?n: Skill | S? t?/c?m nghi v?n: 1 | T? l? nghi v?n: 0.5 | M?c ??: 11.0
Resonance Liberation,Resonance Liberation,C?n ti?ng Anh nghi v?n: Liberation | S? t?/c?m nghi v?n: 1 | T? l? nghi v?n: 0.5 | M?c ??: 11.0
Enemy Havoc RES decreases by 10%.,Havoc RES của địch giảm 10%.,C?n ti?ng Anh nghi v?n: RES | S? t?/c?m nghi v?n: 1 | T? l? nghi v?n: 0.5 | M?c ??: 11.0
Enemy Fusion RES decreases by 10%.,Fusion RES của địch giảm 10%.,C?n ti?ng Anh nghi v?n: RES | S? t?/c?m nghi v?n: 1 | T? l? nghi v?n: 0.5 | M?c ??: 11.0
Enemy Electro RES decreases by 10%.,Electro RES của địch giảm 10%.,C?n ti?ng Anh nghi v?n: RES | S? t?/c?m nghi v?n: 1 | T? l? nghi v?n: 0.5 | M?c ??: 11.0
Deployment Cooldown,Cooldown triển khai,C?n ti?ng Anh nghi v?n: Cooldown | S? t?/c?m nghi v?n: 1 | T? l? nghi v?n: 0.5 | M?c ??: 11.0
Fusion RES,Fusion RES,C?n ti?ng Anh nghi v?n: RES | S? t?/c?m nghi v?n: 1 | T? l? nghi v?n: 0.5 | M?c ??: 11.0
Triggering [Blizzard Sigil] restores Concerto Energy.,Kích hoạt [Blizzard Sigil] phục hồi Concerto Energy.,C?n ti?ng Anh nghi v?n: Energy | S? t?/c?m nghi v?n: 1 | T? l? nghi v?n: 0.5 | M?c ??: 11.0
Echo Skill,Echo Skill,C?n ti?ng Anh nghi v?n: Skill | S? t?/c?m nghi v?n: 1 | T? l? nghi v?n: 0.5 | M?c ??: 11.0
Resonance Energy,Resonance Energy,C?n ti?ng Anh nghi v?n: Energy | S? t?/c?m nghi v?n: 1 | T? l? nghi v?n: 0.5 | M?c ??: 11.0
Concerto Energy,Concerto Energy,C?n ti?ng Anh nghi v?n: Energy | S? t?/c?m nghi v?n: 1 | T? l? nghi v?n: 0.5 | M?c ??: 11.0
Resonance Skill DMG is increased by 22.5%.,"Sát Thương Resonance Skill tăng 22,5%.",C?n ti?ng Anh nghi v?n: Skill | S? t?/c?m nghi v?n: 1 | T? l? nghi v?n: 0.5 | M?c ??: 11.0
Resonance Liberation DMG is increased by 22.5%.,"Sát thương Resonance Liberation tăng 22,5%.",C?n ti?ng Anh nghi v?n: Liberation | S? t?/c?m nghi v?n: 1 | T? l? nghi v?n: 0.5 | M?c ??: 11.0
Resonance Skill DMG is increased by 45%.,Sát Thương Resonance Skill tăng 45%.,C?n ti?ng Anh nghi v?n: Skill | S? t?/c?m nghi v?n: 1 | T? l? nghi v?n: 0.5 | M?c ??: 11.0
Resonance Liberation DMG is increased by 45%.,Sát thương Resonance Liberation tăng 45%.,C?n ti?ng Anh nghi v?n: Liberation | S? t?/c?m nghi v?n: 1 | T? l? nghi v?n: 0.5 | M?c ??: 11.0
Resonance Skill DMG is increased by 67.5%.,"Sát Thương Resonance Skill tăng 67,5%.",C?n ti?ng Anh nghi v?n: Skill | S? t?/c?m nghi v?n: 1 | T? l? nghi v?n: 0.5 | M?c ??: 11.0
Resonance Liberation DMG is increased by 67.5%.,"Sát thương Resonance Liberation tăng 67,5%.",C?n ti?ng Anh nghi v?n: Liberation | S? t?/c?m nghi v?n: 1 | T? l? nghi v?n: 0.5 | M?c ??: 11.0
Max HP slightly increases.,Max HP tăng nhẹ.,C?n ti?ng Anh nghi v?n: Max | S? t?/c?m nghi v?n: 1 | T? l? nghi v?n: 0.5 | M?c ??: 11.0
Resonance Skill DMG slightly increases.,Sát Thương Resonance Skill tăng nhẹ.,C?n ti?ng Anh nghi v?n: Skill | S? t?/c?m nghi v?n: 1 | T? l? nghi v?n: 0.5 | M?c ??: 11.0
Resonance Liberation DMG slightly increases.,Sát thương Resonance Liberation tăng nhẹ.,C?n ti?ng Anh nghi v?n: Liberation | S? t?/c?m nghi v?n: 1 | T? l? nghi v?n: 0.5 | M?c ??: 11.0
Max HP moderately increases.,Max HP tăng vừa.,C?n ti?ng Anh nghi v?n: Max | S? t?/c?m nghi v?n: 1 | T? l? nghi v?n: 0.5 | M?c ??: 11.0
Resonance Skill DMG moderately increases.,Sát Thương Resonance Skill tăng vừa phải.,C?n ti?ng Anh nghi v?n: Skill | S? t?/c?m nghi v?n: 1 | T? l? nghi v?n: 0.5 | M?c ??: 11.0
Resonance Liberation DMG moderately increases.,Sát thương Resonance Liberation tăng vừa phải.,C?n ti?ng Anh nghi v?n: Liberation | S? t?/c?m nghi v?n: 1 | T? l? nghi v?n: 0.5 | M?c ??: 11.0
Max HP greatly increases.,Max HP tăng mạnh.,C?n ti?ng Anh nghi v?n: Max | S? t?/c?m nghi v?n: 1 | T? l? nghi v?n: 0.5 | M?c ??: 11.0
Resonance Skill DMG greatly increases.,Sát Thương Resonance Skill tăng mạnh.,C?n ti?ng Anh nghi v?n: Skill | S? t?/c?m nghi v?n: 1 | T? l? nghi v?n: 0.5 | M?c ??: 11.0
Resonance Liberation DMG greatly increases.,Sát Thương Resonance Liberation tăng mạnh.,C?n ti?ng Anh nghi v?n: Liberation | S? t?/c?m nghi v?n: 1 | T? l? nghi v?n: 0.5 | M?c ??: 11.0
DMG Bonus +7.5%.,"DMG Bonus +7,5%.",C?n ti?ng Anh nghi v?n: Bonus | S? t?/c?m nghi v?n: 1 | T? l? nghi v?n: 0.5 | M?c ??: 11.0
ATK Bonus,ATK Bonus,C?n ti?ng Anh nghi v?n: Bonus | S? t?/c?m nghi v?n: 1 | T? l? nghi v?n: 0.5 | M?c ??: 11.0
Buff item cannot be repeatedly used while still in cooldown,Vật phẩm hiệu ứng không thể dùng lại khi chưa hết Cooldown,C?n ti?ng Anh nghi v?n: Cooldown | S? t?/c?m nghi v?n: 1 | T? l? nghi v?n: 0.5 | M?c ??: 11.0
Revive on cooldown,Hồi sinh đang Cooldown,C?n ti?ng Anh nghi v?n: Cooldown | S? t?/c?m nghi v?n: 1 | T? l? nghi v?n: 0.5 | M?c ??: 11.0
Cannot switch characters in cooldown state,Không thể đổi nhân vật khi đang Cooldown,C?n ti?ng Anh nghi v?n: Cooldown | S? t?/c?m nghi v?n: 1 | T? l? nghi v?n: 0.5 | M?c ??: 11.0
Resonance Liberation,Resonance Liberation,C?n ti?ng Anh nghi v?n: Liberation | S? t?/c?m nghi v?n: 1 | T? l? nghi v?n: 0.5 | M?c ??: 11.0
The montage does not contain a buff,Đoạn phim dựng không chứa buff,C?n ti?ng Anh nghi v?n: buff | S? t?/c?m nghi v?n: 1 | T? l? nghi v?n: 0.5 | M?c ??: 11.0
Please select a Technique Buff before starting the challenge.,Hãy chọn một Buff Kỹ năng trước khi bắt đầu thử thách.,C?n ti?ng Anh nghi v?n: Buff | S? t?/c?m nghi v?n: 1 | T? l? nghi v?n: 0.5 | M?c ??: 11.0
Fusion Burst Challenge,Challenge Bùng Nổ Fusion,C?n ti?ng Anh nghi v?n: Challenge | S? t?/c?m nghi v?n: 1 | T? l? nghi v?n: 0.5 | M?c ??: 11.0
Echo Buff data not found.,Không tìm thấy dữ liệu Buff Echo.,C?n ti?ng Anh nghi v?n: Buff | S? t?/c?m nghi v?n: 1 | T? l? nghi v?n: 0.5 | M?c ??: 11.0
Echo buff configuration not found.,Không tìm thấy cấu hình buff Echo.,C?n ti?ng Anh nghi v?n: buff | S? t?/c?m nghi v?n: 1 | T? l? nghi v?n: 0.5 | M?c ??: 11.0
Resonance Mode quantity error,Lỗi số lượng Resonance Mode,C?n ti?ng Anh nghi v?n: Mode | S? t?/c?m nghi v?n: 1 | T? l? nghi v?n: 0.5 | M?c ??: 11.0
"Fleurdelys' drop, used for Skill Upgrade.","Vật phẩm rơi của Fleurdelys, dùng để Skill Nâng cấp.",C?n ti?ng Anh nghi v?n: Skill | S? t?/c?m nghi v?n: 1 | T? l? nghi v?n: 0.5 | M?c ??: 11.0
"Fleurdelys' drop, used for Skill Upgrade.","Vật phẩm rơi của Fleurdelys, dùng để Skill Nâng cấp.",C?n ti?ng Anh nghi v?n: Skill | S? t?/c?m nghi v?n: 1 | T? l? nghi v?n: 0.5 | M?c ??: 11.0
"Sigillum's drop, used for Skill Upgrade.","Vật phẩm rơi của Sigillum, dùng để Skill Nâng cấp.",C?n ti?ng Anh nghi v?n: Skill | S? t?/c?m nghi v?n: 1 | T? l? nghi v?n: 0.5 | M?c ??: 11.0
A material used for Weapon & Resonator Ascension and Skill Upgrade.,Vật liệu dùng để Thăng Cấp Vũ Khí & Resonator và Skill Nâng cấp.,C?n ti?ng Anh nghi v?n: Skill | S? t?/c?m nghi v?n: 1 | T? l? nghi v?n: 0.5 | M?c ??: 11.0
A material used for Weapon & Resonator Ascension and Skill Upgrade.,Vật liệu dùng để Thăng Cấp Vũ Khí & Resonator và Skill Nâng cấp.,C?n ti?ng Anh nghi v?n: Skill | S? t?/c?m nghi v?n: 1 | T? l? nghi v?n: 0.5 | M?c ??: 11.0
A material used for Weapon & Resonator Ascension and Skill Upgrade.,Vật liệu dùng để Thăng Cấp Vũ Khí & Resonator và Skill Nâng cấp.,C?n ti?ng Anh nghi v?n: Skill | S? t?/c?m nghi v?n: 1 | T? l? nghi v?n: 0.5 | M?c ??: 11.0
A material used for Weapon & Resonator Ascension and Skill Upgrade.,Vật liệu dùng để Thăng Cấp Vũ Khí & Resonator và Skill Nâng cấp.,C?n ti?ng Anh nghi v?n: Skill | S? t?/c?m nghi v?n: 1 | T? l? nghi v?n: 0.5 | M?c ??: 11.0
A material used for Weapon & Resonator Ascension and Skill Upgrade.,Vật liệu dùng để Thăng Cấp Vũ Khí & Resonator và Skill Nâng cấp.,C?n ti?ng Anh nghi v?n: Skill | S? t?/c?m nghi v?n: 1 | T? l? nghi v?n: 0.5 | M?c ??: 11.0
A material used for Weapon & Resonator Ascension and Skill Upgrade.,Vật liệu dùng để Thăng Cấp Vũ Khí & Resonator và Skill Nâng cấp.,C?n ti?ng Anh nghi v?n: Skill | S? t?/c?m nghi v?n: 1 | T? l? nghi v?n: 0.5 | M?c ??: 11.0
A material used for Weapon & Resonator Ascension and Skill Upgrade.,Vật liệu dùng để Thăng Cấp Vũ Khí & Resonator và Skill Nâng cấp.,C?n ti?ng Anh nghi v?n: Skill | S? t?/c?m nghi v?n: 1 | T? l? nghi v?n: 0.5 | M?c ??: 11.0
A material used for Weapon & Resonator Ascension and Skill Upgrade.,Vật liệu dùng để Thăng Cấp Vũ Khí & Resonator và Skill Nâng cấp.,C?n ti?ng Anh nghi v?n: Skill | S? t?/c?m nghi v?n: 1 | T? l? nghi v?n: 0.5 | M?c ??: 11.0
A material used for Weapon & Resonator Ascension and Skill Upgrade.,Vật liệu dùng để Thăng Cấp Vũ Khí & Resonator và Skill Nâng cấp.,C?n ti?ng Anh nghi v?n: Skill | S? t?/c?m nghi v?n: 1 | T? l? nghi v?n: 0.5 | M?c ??: 11.0
A material used for Weapon & Resonator Ascension and Skill Upgrade.,Vật liệu dùng để Thăng Cấp Vũ Khí & Resonator và Skill Nâng cấp.,C?n ti?ng Anh nghi v?n: Skill | S? t?/c?m nghi v?n: 1 | T? l? nghi v?n: 0.5 | M?c ??: 11.0
A material used for Weapon & Resonator Ascension and Skill Upgrade.,Vật liệu dùng để Thăng Cấp Vũ Khí & Resonator và Skill Nâng cấp.,C?n ti?ng Anh nghi v?n: Skill | S? t?/c?m nghi v?n: 1 | T? l? nghi v?n: 0.5 | M?c ??: 11.0
A material used for Weapon & Resonator Ascension and Skill Upgrade.,Vật liệu dùng để Thăng Cấp Vũ Khí & Resonator và Skill Nâng cấp.,C?n ti?ng Anh nghi v?n: Skill | S? t?/c?m nghi v?n: 1 | T? l? nghi v?n: 0.5 | M?c ??: 11.0
A material used for Weapon & Resonator Ascension and Skill Upgrade.,Vật liệu dùng để Thăng Cấp Vũ Khí & Resonator và Skill Nâng cấp.,C?n ti?ng Anh nghi v?n: Skill | S? t?/c?m nghi v?n: 1 | T? l? nghi v?n: 0.5 | M?c ??: 11.0
A material used for Weapon & Resonator Ascension and Skill Upgrade.,Vật liệu dùng để Thăng Cấp Vũ Khí & Resonator và Skill Nâng cấp.,C?n ti?ng Anh nghi v?n: Skill | S? t?/c?m nghi v?n: 1 | T? l? nghi v?n: 0.5 | M?c ??: 11.0
A material used for Weapon & Resonator Ascension and Skill Upgrade.,Vật liệu dùng để Thăng Cấp Vũ Khí & Resonator và Skill Nâng cấp.,C?n ti?ng Anh nghi v?n: Skill | S? t?/c?m nghi v?n: 1 | T? l? nghi v?n: 0.5 | M?c ??: 11.0
A material used for Weapon & Resonator Ascension and Skill Upgrade.,Vật liệu dùng để Thăng Cấp Vũ Khí & Resonator và Skill Nâng cấp.,C?n ti?ng Anh nghi v?n: Skill | S? t?/c?m nghi v?n: 1 | T? l? nghi v?n: 0.5 | M?c ??: 11.0
A material used for Weapon & Resonator Ascension and Skill Upgrade.,Vật liệu dùng để Thăng Cấp Vũ Khí & Resonator và Skill Nâng cấp.,C?n ti?ng Anh nghi v?n: Skill | S? t?/c?m nghi v?n: 1 | T? l? nghi v?n: 0.5 | M?c ??: 11.0
A material used for Weapon & Resonator Ascension and Skill Upgrade.,Vật liệu dùng để Thăng Cấp Vũ Khí & Resonator và Skill Nâng cấp.,C?n ti?ng Anh nghi v?n: Skill | S? t?/c?m nghi v?n: 1 | T? l? nghi v?n: 0.5 | M?c ??: 11.0
A material used for Weapon & Resonator Ascension and Skill Upgrade.,Vật liệu dùng để Thăng Cấp Vũ Khí & Resonator và Skill Nâng cấp.,C?n ti?ng Anh nghi v?n: Skill | S? t?/c?m nghi v?n: 1 | T? l? nghi v?n: 0.5 | M?c ??: 11.0
A material used for Weapon & Resonator Ascension and Skill Upgrade.,Vật liệu dùng để Thăng Cấp Vũ Khí & Resonator và Skill Nâng cấp.,C?n ti?ng Anh nghi v?n: Skill | S? t?/c?m nghi v?n: 1 | T? l? nghi v?n: 0.5 | M?c ??: 11.0
A material used for Weapon & Resonator Ascension and Skill Upgrade.,Vật liệu dùng để Thăng Cấp Vũ Khí & Resonator và Skill Nâng cấp.,C?n ti?ng Anh nghi v?n: Skill | S? t?/c?m nghi v?n: 1 | T? l? nghi v?n: 0.5 | M?c ??: 11.0
A material used for Weapon & Resonator Ascension and Skill Upgrade.,Vật liệu dùng để Thăng Cấp Vũ Khí & Resonator và Skill Nâng cấp.,C?n ti?ng Anh nghi v?n: Skill | S? t?/c?m nghi v?n: 1 | T? l? nghi v?n: 0.5 | M?c ??: 11.0
A material used for Weapon & Resonator Ascension and Skill Upgrade.,Vật liệu dùng để Thăng Cấp Vũ Khí & Resonator và Skill Nâng cấp.,C?n ti?ng Anh nghi v?n: Skill | S? t?/c?m nghi v?n: 1 | T? l? nghi v?n: 0.5 | M?c ??: 11.0
A material used for Weapon & Resonator Ascension and Skill Upgrade.,Vật liệu dùng để Thăng Cấp Vũ Khí & Resonator và Skill Nâng cấp.,C?n ti?ng Anh nghi v?n: Skill | S? t?/c?m nghi v?n: 1 | T? l? nghi v?n: 0.5 | M?c ??: 11.0
A material used for Weapon & Resonator Ascension and Skill Upgrade.,Vật liệu dùng để Thăng Cấp Vũ Khí & Resonator và Skill Nâng cấp.,C?n ti?ng Anh nghi v?n: Skill | S? t?/c?m nghi v?n: 1 | T? l? nghi v?n: 0.5 | M?c ??: 11.0
A material used for Weapon & Resonator Ascension and Skill Upgrade.,Vật liệu dùng để Thăng Cấp Vũ Khí & Resonator và Skill Nâng cấp.,C?n ti?ng Anh nghi v?n: Skill | S? t?/c?m nghi v?n: 1 | T? l? nghi v?n: 0.5 | M?c ??: 11.0
A material used for Weapon & Resonator Ascension and Skill Upgrade.,Vật liệu dùng để Thăng Cấp Vũ Khí & Resonator và Skill Nâng cấp.,C?n ti?ng Anh nghi v?n: Skill | S? t?/c?m nghi v?n: 1 | T? l? nghi v?n: 0.5 | M?c ??: 11.0
A material used for Weapon & Resonator Ascension and Skill Upgrade.,Vật liệu dùng để Thăng Cấp Vũ Khí & Resonator và Skill Nâng cấp.,C?n ti?ng Anh nghi v?n: Skill | S? t?/c?m nghi v?n: 1 | T? l? nghi v?n: 0.5 | M?c ??: 11.0
A material used for Weapon & Resonator Ascension and Skill Upgrade.,Vật liệu dùng để Thăng Cấp Vũ Khí & Resonator và Skill Nâng cấp.,C?n ti?ng Anh nghi v?n: Skill | S? t?/c?m nghi v?n: 1 | T? l? nghi v?n: 0.5 | M?c ??: 11.0
A material used for Weapon & Resonator Ascension and Skill Upgrade.,Vật liệu dùng để Thăng Cấp Vũ Khí & Resonator và Skill Nâng cấp.,C?n ti?ng Anh nghi v?n: Skill | S? t?/c?m nghi v?n: 1 | T? l? nghi v?n: 0.5 | M?c ??: 11.0
A material used for Weapon & Resonator Ascension and Skill Upgrade.,Vật liệu dùng để Thăng Cấp Vũ Khí & Resonator và Skill Nâng cấp.,C?n ti?ng Anh nghi v?n: Skill | S? t?/c?m nghi v?n: 1 | T? l? nghi v?n: 0.5 | M?c ??: 11.0
A material used for Weapon & Resonator Ascension and Skill Upgrade.,Vật liệu dùng để Thăng Cấp Vũ Khí & Resonator và Skill Nâng cấp.,C?n ti?ng Anh nghi v?n: Skill | S? t?/c?m nghi v?n: 1 | T? l? nghi v?n: 0.5 | M?c ??: 11.0
A material used for Weapon & Resonator Ascension and Skill Upgrade.,Vật liệu dùng để Thăng Cấp Vũ Khí & Resonator và Skill Nâng cấp.,C?n ti?ng Anh nghi v?n: Skill | S? t?/c?m nghi v?n: 1 | T? l? nghi v?n: 0.5 | M?c ??: 11.0
A material used for Weapon & Resonator Ascension and Skill Upgrade.,Vật liệu dùng để Thăng Cấp Vũ Khí & Resonator và Skill Nâng cấp.,C?n ti?ng Anh nghi v?n: Skill | S? t?/c?m nghi v?n: 1 | T? l? nghi v?n: 0.5 | M?c ??: 11.0
A material used for Weapon & Resonator Ascension and Skill Upgrade.,Vật liệu dùng để Thăng Cấp Vũ Khí & Resonator và Skill Nâng cấp.,C?n ti?ng Anh nghi v?n: Skill | S? t?/c?m nghi v?n: 1 | T? l? nghi v?n: 0.5 | M?c ??: 11.0
A material used for Weapon & Resonator Ascension and Skill Upgrade.,Vật liệu dùng để Thăng Cấp Vũ Khí & Resonator và Skill Nâng cấp.,C?n ti?ng Anh nghi v?n: Skill | S? t?/c?m nghi v?n: 1 | T? l? nghi v?n: 0.5 | M?c ??: 11.0
A material used for Weapon & Resonator Ascension and Skill Upgrade.,Vật liệu dùng để Thăng Cấp Vũ Khí & Resonator và Skill Nâng cấp.,C?n ti?ng Anh nghi v?n: Skill | S? t?/c?m nghi v?n: 1 | T? l? nghi v?n: 0.5 | M?c ??: 11.0
A material used for Weapon & Resonator Ascension and Skill Upgrade.,Vật liệu dùng để Thăng Cấp Vũ Khí & Resonator và Skill Nâng cấp.,C?n ti?ng Anh nghi v?n: Skill | S? t?/c?m nghi v?n: 1 | T? l? nghi v?n: 0.5 | M?c ??: 11.0
A material used for Weapon & Resonator Ascension and Skill Upgrade.,Vật liệu dùng để Thăng Cấp Vũ Khí & Resonator và Skill Nâng cấp.,C?n ti?ng Anh nghi v?n: Skill | S? t?/c?m nghi v?n: 1 | T? l? nghi v?n: 0.5 | M?c ??: 11.0
A material used for Weapon & Resonator Ascension and Skill Upgrade.,Vật liệu dùng để Thăng Cấp Vũ Khí & Resonator và Skill Nâng cấp.,C?n ti?ng Anh nghi v?n: Skill | S? t?/c?m nghi v?n: 1 | T? l? nghi v?n: 0.5 | M?c ??: 11.0
A material used for Weapon & Resonator Ascension and Skill Upgrade.,Vật liệu dùng để Thăng Cấp Vũ Khí & Resonator và Skill Nâng cấp.,C?n ti?ng Anh nghi v?n: Skill | S? t?/c?m nghi v?n: 1 | T? l? nghi v?n: 0.5 | M?c ??: 11.0
A material used for Weapon & Resonator Ascension and Skill Upgrade.,Vật liệu dùng để Thăng Cấp Vũ Khí & Resonator và Skill Nâng cấp.,C?n ti?ng Anh nghi v?n: Skill | S? t?/c?m nghi v?n: 1 | T? l? nghi v?n: 0.5 | M?c ??: 11.0
A material used for Weapon & Resonator Ascension and Skill Upgrade.,Vật liệu dùng để Thăng Cấp Vũ Khí & Resonator và Skill Nâng cấp.,C?n ti?ng Anh nghi v?n: Skill | S? t?/c?m nghi v?n: 1 | T? l? nghi v?n: 0.5 | M?c ??: 11.0
A material used for Weapon & Resonator Ascension and Skill Upgrade.,Vật liệu dùng để Thăng Cấp Vũ Khí & Resonator và Skill Nâng cấp.,C?n ti?ng Anh nghi v?n: Skill | S? t?/c?m nghi v?n: 1 | T? l? nghi v?n: 0.5 | M?c ??: 11.0
A material used for Weapon & Resonator Ascension and Skill Upgrade.,Vật liệu dùng để Thăng Cấp Vũ Khí & Resonator và Skill Nâng cấp.,C?n ti?ng Anh nghi v?n: Skill | S? t?/c?m nghi v?n: 1 | T? l? nghi v?n: 0.5 | M?c ??: 11.0
A material used for Weapon & Resonator Ascension and Skill Upgrade.,Vật liệu dùng để Thăng Cấp Vũ Khí & Resonator và Skill Nâng cấp.,C?n ti?ng Anh nghi v?n: Skill | S? t?/c?m nghi v?n: 1 | T? l? nghi v?n: 0.5 | M?c ??: 11.0
A material used for Weapon & Resonator Ascension and Skill Upgrade.,Vật liệu dùng để Thăng Cấp Vũ Khí & Resonator và Skill Nâng cấp.,C?n ti?ng Anh nghi v?n: Skill | S? t?/c?m nghi v?n: 1 | T? l? nghi v?n: 0.5 | M?c ??: 11.0
A material used for Weapon & Resonator Ascension and Skill Upgrade.,Vật liệu dùng để Thăng Cấp Vũ Khí & Resonator và Skill Nâng cấp.,C?n ti?ng Anh nghi v?n: Skill | S? t?/c?m nghi v?n: 1 | T? l? nghi v?n: 0.5 | M?c ??: 11.0
"Scar's drop, used for Skill Upgrade.","Vật phẩm rơi của Scar, dùng để Skill Nâng cấp.",C?n ti?ng Anh nghi v?n: Skill | S? t?/c?m nghi v?n: 1 | T? l? nghi v?n: 0.5 | M?c ??: 11.0
"Scar's drop, used for Skill Upgrade.","Vật phẩm rơi của Scar, dùng để Skill Nâng cấp.",C?n ti?ng Anh nghi v?n: Skill | S? t?/c?m nghi v?n: 1 | T? l? nghi v?n: 0.5 | M?c ??: 11.0
"Dreamless's drop, used for Skill Upgrade.","Vật phẩm rơi từ Dreamless, dùng để Skill Nâng cấp.",C?n ti?ng Anh nghi v?n: Skill | S? t?/c?m nghi v?n: 1 | T? l? nghi v?n: 0.5 | M?c ??: 11.0
"Dreamless's drop, used for Skill Upgrade.","Vật phẩm rơi từ Dreamless, dùng để Skill Nâng cấp.",C?n ti?ng Anh nghi v?n: Skill | S? t?/c?m nghi v?n: 1 | T? l? nghi v?n: 0.5 | M?c ??: 11.0
"Hecate's drop, used for Skill Upgrade.","Vật phẩm rơi của Hecate, dùng để Skill Nâng cấp.",C?n ti?ng Anh nghi v?n: Skill | S? t?/c?m nghi v?n: 1 | T? l? nghi v?n: 0.5 | M?c ??: 11.0
"Hecate's drop, used for Skill Upgrade.","Vật phẩm rơi của Hecate, dùng để Skill Nâng cấp.",C?n ti?ng Anh nghi v?n: Skill | S? t?/c?m nghi v?n: 1 | T? l? nghi v?n: 0.5 | M?c ??: 11.0
"Sentinel Jué's drop, used for Skill Upgrade.","Vật phẩm rơi của Sentinel Jué, dùng để Skill Nâng cấp.",C?n ti?ng Anh nghi v?n: Skill | S? t?/c?m nghi v?n: 1 | T? l? nghi v?n: 0.5 | M?c ??: 11.0
"Sentinel Jué's drop, used for Skill Upgrade.","Vật phẩm rơi của Sentinel Jué, dùng để Skill Nâng cấp.",C?n ti?ng Anh nghi v?n: Skill | S? t?/c?m nghi v?n: 1 | T? l? nghi v?n: 0.5 | M?c ??: 11.0
An item that can remove the Lifer's buff.,Vật phẩm có thể loại bỏ hiệu ứng buff của Lifer.,C?n ti?ng Anh nghi v?n: buff | S? t?/c?m nghi v?n: 1 | T? l? nghi v?n: 0.5 | M?c ??: 11.0
An item that can remove the Lifer's buff.,Vật phẩm có thể loại bỏ hiệu ứng buff của Lifer.,C?n ti?ng Anh nghi v?n: buff | S? t?/c?m nghi v?n: 1 | T? l? nghi v?n: 0.5 | M?c ??: 11.0
Enemies take 15% more total DMG. Echo Skill deals 25% more total DMG.,Kẻ địch chịu thêm 15% tổng Sát Thương. Skill Echo gây thêm 25% tổng Sát Thương.,C?n ti?ng Anh nghi v?n: Skill | S? t?/c?m nghi v?n: 1 | T? l? nghi v?n: 0.5 | M?c ??: 11.0
Enemies take 15% more total DMG. Inflicting Negative Status on the enemies increases total DMG by 15% for 30s.,Kẻ địch chịu thêm 15% tổng Sát Thương. Gây Status Tiêu Cực lên kẻ địch sẽ tăng tổng Sát Thương thêm 15% trong 30 giây.,C?n ti?ng Anh nghi v?n: Status | S? t?/c?m nghi v?n: 1 | T? l? nghi v?n: 0.5 | M?c ??: 11.0
"Denia's drop, used for Skill Upgrade.","Vật phẩm rơi của Denia, dùng để Skill Nâng cấp.",C?n ti?ng Anh nghi v?n: Skill | S? t?/c?m nghi v?n: 1 | T? l? nghi v?n: 0.5 | M?c ??: 11.0
"Denia's drop, used for Skill Upgrade.","Vật phẩm rơi của Denia, dùng để Skill Nâng cấp.",C?n ti?ng Anh nghi v?n: Skill | S? t?/c?m nghi v?n: 1 | T? l? nghi v?n: 0.5 | M?c ??: 11.0
Skill DMG increases.,Tăng DMG Skill.,C?n ti?ng Anh nghi v?n: Skill | S? t?/c?m nghi v?n: 1 | T? l? nghi v?n: 0.5 | M?c ??: 11.0
"Transform into Fusion Warrior to block enemy attacks. Deal Fusion DMG and reduce this Echo Skill's CD when the block is successful,","Biến thành Fusion Warrior để chặn đòn tấn công của kẻ địch. Khi chặn thành công, gây Fusion DMG và giảm Cooldown chiêu của Kỹ Năng Echo này.",C?n ti?ng Anh nghi v?n: Cooldown; Warrior | S? t?/c?m nghi v?n: 2 | T? l? nghi v?n: 0.286 | M?c ??: 10.86
"<color=#c49e55>[Resonance Skill]</color> When Creation's Zenith deals DMG, summon all available Inklit Spirits at once to attack the target. Inklit Spirit's summon interval is greatly decreased.","<color=#c49e55>[Resonance Skill]</color> Khi Zenith Sáng Tạo gây Sát Thương, triệu hồi tất cả Tinh Linh Mực sẵn có tấn công mục tiêu. Cooldown triệu hồi Tinh Linh Mực giảm đáng kể.",C?n ti?ng Anh nghi v?n: Cooldown; Zenith | S? t?/c?m nghi v?n: 2 | T? l? nghi v?n: 0.286 | M?c ??: 10.86
"While dashing, Resonators recover {0} Resonance Energy per second and gains <SapTag=1>{1}</SapTag> {Cus:Sap,S=stack P=stacks SapTag=1} of Energy Surge. Each stack increases all team members' Crit. Rate by {2} for {4}s, stacking up to <SapTag=3>{3}</SapTag> {Cus:Sap,S=time P=times SapTag=3}.","Khi di chuyển nhanh, Resonators hồi phục {0} Resonance Energy mỗi giây và nhận <SapTag=1>{1}</SapTag> {Cus:Sap,S=tầng P=tầng SapTag=1} Dâng Trào Năng Lượng. Mỗi tầng tăng Crit. Rate cho tất cả thành viên trong đội thêm {2} trong {4} giây, có thể chồng chất tối đa <SapTag=3>{3}</SapTag> {Cus:Sap,S=lần P=lần SapTag=3}.",C?n ti?ng Anh nghi v?n: Energy; Rate | S? t?/c?m nghi v?n: 2 | T? l? nghi v?n: 0.182 | M?c ??: 10.82
"Echo Sonata Effect: Eternal Radiance
 
2pcs Set: Spectro DMG +10%.
5pcs Set: Inflicting Spectro Frazzle on enemies increases Crit. Rate by 20% for 15s. Attacking enemies inflicted with 10 stacks of Spectro Frazzle grants 15% Spectro DMG Bonus for 15s.","Effect Bộ Hồi Âm: Ánh Sáng Vĩnh Hằng

2 món: Spectro DMG +10%.
5 món: Gây Choáng Spectro lên kẻ địch sẽ tăng Crit. Rate 20% trong 15 giây. Tấn công kẻ địch bị Choáng Spectro 10 tầng sẽ tăng thêm 15% Spectro DMG trong 15 giây.",C?n ti?ng Anh nghi v?n: Effect; Rate | S? t?/c?m nghi v?n: 2 | T? l? nghi v?n: 0.182 | M?c ??: 10.82
Transform into Dreamless to continuously attack enemies and deal Havoc DMG. This Echo Skill deals more damage after Rover-Havoc casts their Resonance Liberation.,"Biến thành Dreamless để liên tục tấn công kẻ địch, gây Havoc DMG. Kỹ Năng Echo này gây sát thương cao hơn sau khi Rover-Havoc sử dụng Resonance Liberation của mình.",C?n ti?ng Anh nghi v?n: Dreamless; Liberation | S? t?/c?m nghi v?n: 2 | T? l? nghi v?n: 0.182 | M?c ??: 10.82
"ATK is increased by {0}. Within {1}s after dealing Echo Skill DMG, gain {2} Resonance Skill DMG Bonus and {3} Echo Skill DMG Amplification, and ignore {4} of the target's DEF when dealing damage.","Tấn Công tăng thêm {0}. Trong vòng {1} giây sau khi gây Sát Thương Kỹ Năng Vang Âm, nhận thêm {2} Sát Thương Resonance Skill và {3} DMG Amplification Kỹ Năng Vang Âm, đồng thời bỏ qua {4} Phòng Ngự của mục tiêu khi gây sát thương.",C?n ti?ng Anh nghi v?n: Amplification; Skill | S? t?/c?m nghi v?n: 2 | T? l? nghi v?n: 0.182 | M?c ??: 10.82
"After Electro or Aero Resonators cast Resonance Liberation, their efficiency in reducing the target's Vibration Strength is increased by 200% for 12s. Attacking immobilized targets deals additional Physical DMG equal to 700% of ATK, triggered once per 3s.","Sau khi Resonators Hệ Electro hoặc Aero sử dụng Resonance Liberation, hiệu quả giảm Concerto Vibrancy của mục tiêu tăng 200% trong 12 giây. Tấn công mục tiêu bị bất động gây thêm sát thương Physical bằng 700% Tấn Công, kích hoạt mỗi 3 giây một lần.",C?n ti?ng Anh nghi v?n: Liberation; Physical | S? t?/c?m nghi v?n: 2 | T? l? nghi v?n: 0.182 | M?c ??: 10.82
"After Resonators using Gauntlets cast Resonance Liberation, all Resonators in the team receive a Shield equal to 50% of Max HP for 8s. This effect can be triggered once every 5s.","Sau khi Resonators sử dụng Găng Tay kích hoạt Resonance Liberation, tất cả Resonators trong đội nhận Shield tương đương 50% HP tối đa trong 8 giây. Hiệu ứng này chỉ có thể kích hoạt mỗi 5 giây một lần.",C?n ti?ng Anh nghi v?n: Liberation; Shield | S? t?/c?m nghi v?n: 2 | T? l? nghi v?n: 0.182 | M?c ??: 10.82
"A special firecracker sold at the Fireworks Shop. After equipping this to Utility, you can throw firecrackers to damage enemies. (Only available during the ""By Moon's Grace"" Event and will be removed from Backpack after the Event ends.)","Pháo hoa đặc biệt được bán tại Shop Pháo Hoa. Khi trang bị vào Hỗ Trợ, bạn có thể Dodgem pháo để gây sát thương lên kẻ địch. (Chỉ có sẵn trong Sự Kiện ""Grace Của Ánh Trăng"" và sẽ bị xóa khỏi Hành Trang sau khi sự kiện kết thúc.)",C?n ti?ng Anh nghi v?n: Grace; Shop | S? t?/c?m nghi v?n: 2 | T? l? nghi v?n: 0.182 | M?c ??: 10.82
"A special firecracker sold at the Fireworks Shop. After equipping this to Utility, you can throw firecrackers to damage enemies. (Only available during the ""By Moon's Grace"" Event and will be removed from Backpack after the Event ends.)","Pháo hoa đặc biệt được bán tại Shop Pháo Hoa. Khi trang bị vào Hỗ Trợ, bạn có thể Dodgem pháo để gây sát thương lên kẻ địch. (Chỉ có sẵn trong Sự Kiện ""Grace Của Ánh Trăng"" và sẽ bị xóa khỏi Hành Trang sau khi sự kiện kết thúc.)",C?n ti?ng Anh nghi v?n: Grace; Shop | S? t?/c?m nghi v?n: 2 | T? l? nghi v?n: 0.182 | M?c ??: 10.82
"Music is composed of frequency, as is everything. Thus, everything hums its own melody. Ciaccona's Forte allows her to perceive these melodies; by retuning them, she crafts a Sonoro Sphere in her hands where stories and memories carried in music replay themselves. The deeper her understanding of the melodies, the richer the stories she can summon.","Music được cấu thành từ tần số, cũng như mọi thứ khác. Vì vậy, mọi thứ đều ngân vang giai điệu riêng của mình. Khả năng Forte của Ciaccona cho phép cô cảm nhận những giai điệu ấy; bằng cách điều chỉnh chúng, cô tạo ra một Sonoro Sphere trong tay, nơi những câu chuyện và ký ức được mang theo trong âm nhạc tái hiện lại. Hiểu biết càng sâu về giai điệu, những câu chuyện cô có thể triệu hồi càng phong phú.",C?n ti?ng Anh nghi v?n: Music; Sonoro; Sphere | S? t?/c?m nghi v?n: 3 | T? l? nghi v?n: 0.176 | M?c ??: 10.76
"Zephyr Energy Orbs now grant a stackable Zephyr status.
The Zephyr status will allow characters to deal additional Aero DMG 1 time during Heavy Attacks and Plunging Attacks.","Quả Cầu Năng Lượng Zephyr giờ đây sẽ cấp trạng thái Zephyr có thể chồng chất.
Trạng thái Zephyr cho phép nhân vật gây thêm Aero DMG 1 lần trong Đòn Tấn Công Nặng và Đòn Lao Xuống.",C?n ti?ng Anh nghi v?n: Zephyr | S? t?/c?m nghi v?n: 3 | T? l? nghi v?n: 0.375 | M?c ??: 10.75
"Participate in duels to earn Duel Resonance. Use Duel Resonance to increase your Duelist Level and unlock new dueling abilities and enhancements, along with various rewards.","Tham gia các trận đấu để kiếm Duel Resonance. Dùng Duel Resonance để tăng Cấp Độ Duel Sĩ, mở khóa kỹ năng và nâng cấp mới cho trận đấu, cùng nhiều phần thưởng khác.",C?n ti?ng Anh nghi v?n: Duel | S? t?/c?m nghi v?n: 3 | T? l? nghi v?n: 0.375 | M?c ??: 10.75
"Encore generates a Thermal Field centered around skill target, with a radius of {0}m. Targets inside the Thermal Field are continuously burned, suffering <color=Fire>Fusion DMG</color> equal to {2} of Encore's ATK every {1}s for {3}s.","Encore tạo ra một Echo Nhiệt ở trung tâm mục tiêu, bán kính {0}m. Mục tiêu trong Echo Nhiệt sẽ liên tục bị thiêu đốt, chịu <color=Fire>Fusion DMG</color> tương đương {2} Tấn Công của Encore mỗi {1} giây trong {3} giây.",C?n ti?ng Anh nghi v?n: Encore; m | S? t?/c?m nghi v?n: 3 | T? l? nghi v?n: 0.273 | M?c ??: 10.73
"<size=40><color=Title>Mist Avatar</color></size>
Cast ""Mist"" and {0} ""Mist Avatar(s)"" to taunt the surrounding targets. The avatars inherit a portion of Aalto's HP and generate {1} Mist Bullets around them, dealing <color=Wind>Aero DMG</color>.","<size=40><color=Title>Mist Avatar</color></size>
Triệu hồi ""Sương Mù"" và {0} ""Avatar Sương Mù"" để khiêu chiến các mục tiêu xung quanh. Hóa thân thừa hưởng một phần HP của Aalto và tạo ra {1} Viên Đạn Sương quanh mình, gây <color=Wind>Aero DMG</color>.",C?n ti?ng Anh nghi v?n: Avatar; Mist | S? t?/c?m nghi v?n: 3 | T? l? nghi v?n: 0.273 | M?c ??: 10.73
"The team gains Incandescence: Goes through the enemies upon collision, launching <color=#f97507>{0}</color> crossed laser beams that deal Rush DMG equal to <color=#f97507>{2}</color> of Jinhsi's ATK every <color=#f97507>{1}s</color> for <color=#f97507>{3}s</color>.","Đội nhận hiệu ứng Ánh Sáng Rực: Khi va chạm xuyên qua kẻ địch, phóng <color=#f97507>{0}</color> tia laser giao nhau gây Sát Thương Đột Kích bằng <color=#f97507>{2}</color> Tấn Công của Jinhsi mỗi <color=#f97507>{1}s</color> trong <color=#f97507>{3}s</color>.",C?n ti?ng Anh nghi v?n: laser; s | S? t?/c?m nghi v?n: 3 | T? l? nghi v?n: 0.273 | M?c ??: 10.73
"Resonance Beacons record data from their surrounding area and transmit it to the Resonance Nexus for analysis.
You can fast travel to any activated Resonance Beacon, where injured or downed Resonators will be restored.","Resonance Beacon ghi lại dữ liệu từ khu vực xung quanh và truyền về Resonance Nexus để phân tích.
Bạn có thể dịch chuyển tức thời đến bất kỳ Resonance Beacon nào đã kích hoạt, nơi Resonators bị thương hoặc bất tỉnh sẽ được hồi phục.",C?n ti?ng Anh nghi v?n: Beacon; Nexus | S? t?/c?m nghi v?n: 3 | T? l? nghi v?n: 0.273 | M?c ??: 10.73
"When in [Divined Dream], Tune Rupture and Tune Break DMG ignore target DEF. Entering [Divined Dream] inflicts Mistune on nearby targets.","Khi ở trong [Divined Dream], Sát Thương Đứt Giai Tune và Vỡ Giai Tune sẽ bỏ qua PHÒNG NGỰ của mục tiêu. Khi bước vào [Divined Dream], các mục tiêu xung quanh sẽ bị ảnh hưởng bởi Mistune.",C?n ti?ng Anh nghi v?n: Mistune; Tune | S? t?/c?m nghi v?n: 3 | T? l? nghi v?n: 0.273 | M?c ??: 10.73
"Triggers <color=#8c7e51>Electro Ensemble</color> when Concerto Effect is triggered if both Character's Attribute Types are <color=#9656d8>Electro</color> and <color=#46c3d4>Aero</color>, respectively.
Damage dealt by the boarding CharacterResonance Liberation is increased by <color=#8c7e51>40%</color> for <color=#8c7e51>12</color> seconds. does not take effect when the Character is not boarded.","Kích hoạt Concerto Effect khi cả hai Resonator có Thuộc Tính lần lượt là <color=#9656d8>Electro Ensemble</color> và <color=#46c3d4>Electro</color> sẽ kích hoạt <color=#8c7e51>Aero</color>.
Sát Thương Giải Phóng Đồng Điệu của Resonator đang lên máy sẽ tăng <color=#8c7e51>40%</color> trong <color=#8c7e51>12</color> giây. Hiệu ứng không có tác dụng nếu Resonator không lên máy.",C?n ti?ng Anh nghi v?n: Effect; Ensemble | S? t?/c?m nghi v?n: 2 | T? l? nghi v?n: 0.167 | M?c ??: 10.67
"When Resonators heal team members, their Energy Regen is increased by 20% for 4s. When Resonators receive healing, their Crit. DMG is increased by 30% for 4s. Retriggering these effects resets their duration.","Khi Resonators hồi máu cho đồng đội, Tốc Độ Energy Regen của họ sẽ tăng 20% trong 4 giây. Khi Resonators được hồi máu, Crit. DMG của họ sẽ tăng 30% trong 4 giây. Kích hoạt lại hiệu ứng sẽ làm mới thời gian.",C?n ti?ng Anh nghi v?n: Energy; Regen | S? t?/c?m nghi v?n: 2 | T? l? nghi v?n: 0.167 | M?c ??: 10.67
"Echo Sonata Effect: Molten Rift

2pcs Set: Fusion DMG + 10%.
5pcs Set: Fusion DMG + 30% for 15s after releasing Resonance Skill.","Hiệu ứng Bộ Echo Sonata: Vết Nứt Nham Thạch

2 món: Fusion DMG +10%.
5 món: Fusion DMG +30% trong 15 giây sau khi giải phóng Resonance Skill.",C?n ti?ng Anh nghi v?n: Skill; Sonata | S? t?/c?m nghi v?n: 2 | T? l? nghi v?n: 0.167 | M?c ??: 10.67
"The healing received by Resonators in the team is increased and their resistance to interruption is enhanced. If Rover: Aero is in the team, Rover: Aero restores extra <color=Highlight>Forte Gauge</color> upon casting <color=Highlight>Resonance Liberation</color>.","Lượng hồi phục mà Resonators trong đội nhận được tăng lên và khả năng chống gián đoạn của họ được củng cố. Nếu Rover: Aero có mặt trong đội, Rover: Aero sẽ khôi phục thêm <color=Highlight>Forte Gauge</color> khi sử dụng <color=Highlight>Resonance Liberation</color>.",C?n ti?ng Anh nghi v?n: Gauge; Liberation | S? t?/c?m nghi v?n: 2 | T? l? nghi v?n: 0.167 | M?c ??: 10.67
"When a Resonator with the Bond Model Citizen casts Resonance Liberation, activate the following effect:
Summon <SapTag=0>{0}</SapTag> Vacuum {Cus:Sap,S=Tornado P=Tornados SapTag=0} to attack the target {1} times, each attack dealing Aero DMG equal to {2} of ATK. It will attack another <SapTag=3>{3}</SapTag> {Cus:Sap,S=time P=times SapTag=3} shortly after, each attack dealing DMG equal to {4} of ATK. Then summon {5} Citizen Snowballs, each dealing Glacio DMG equal to {6} of ATK. When the last snowball hits, it deals Glacio DMG equal to {7} of ATK and heals {8} of Max HP for the active Resonator.","Khi Resonator sở hữu Mô Hình Liên Kết Công Dân thi triển Resonance Liberation, kích hoạt hiệu ứng sau:
Summon <SapTag=0>{0}</SapTag> Lốc Xoáy {Cus:Sap,S=Tornado P=Tornados SapTag=0} tấn công mục tiêu {1} lần, mỗi đòn gây Sát Thương Gió bằng {2} Sức Tấn Công. Sau đó, nó sẽ tấn công thêm <SapTag=3>{3}</SapTag> {Cus:Sap,S=lần P=lần SapTag=3}, mỗi đòn gây sát thương bằng {4} Sức Tấn Công. Cuối cùng, triệu hồi {5} Quả Cầu Tuyết Công Dân, mỗi quả gây Sát Thương Băng bằng {6} Sức Tấn Công. Khi quả cầu cuối cùng trúng đích, nó sẽ gây Sát Thương Băng bằng {7} Sức Tấn Công và hồi {8} HP tối đa cho Resonator đang hoạt động.",C?n ti?ng Anh nghi v?n: Liberation; Summon | S? t?/c?m nghi v?n: 2 | T? l? nghi v?n: 0.167 | M?c ??: 10.67
"Resonators recover additional Ember when they inflict Negative Statuses on enemies, triggered up to once per second.
Resonators in the team gain 50% Glacio DMG Bonus and Spectro DMG Bonus. Enemies take 200% more total Glacio Chafe DMG.","Resonators hồi phục thêm Than Hồng khi gây Trạng Thái Tiêu Cực cho kẻ địch, kích hoạt tối đa một lần mỗi giây.
Các Resonators trong đội nhận thêm 50% Glacio DMG Bonus và Spectro. Kẻ địch chịu thêm 200% tổng Sát Thương Chafe Glacio.",C?n ti?ng Anh nghi v?n: Bonus; Chafe | S? t?/c?m nghi v?n: 2 | T? l? nghi v?n: 0.167 | M?c ??: 10.67
"Her fifteenth summer smelled of pencil shavings and loneliness.

One afternoon, the ceaseless rain of the tsuyu season briefly relented. Carrying a stack of books to return, Chisa crossed the courtyard and passed the equipment room. From behind the door came muffled sobs. Through the narrow gap, she glimpsed her classmate Ritsuko cornered by three girls, her shirt blotched with ink, her eyeglasses shattered on the floor. The head of them pressed a lighter to the embroidered name on her uniform, filling the air with the bitter stench of scorched fabric.

It reminded Chisa of the frog in biology class, pinned flat to the dissection tray, limbs splayed, yet its heart still beating futilely. Before she could think, her hand had already acted. She pushed the ajar door open and drew out the scissors she always carried.

That small pair of scissors had been her mother's faithful companion throughout her career and was passed down to her. Now, it pointed at someone's face for the first time.

""Let her go,"" she demanded.

Retribution came swiftly. By the next morning, her desk was carved with ""idiot."" Her locker overflowed with shredded textbooks. But the worst part of it was the blurred faces—no sooner than when she tried to see who had tripped her did she realize every face around her had melted into smears of color. The doctor's report read ""psychogenic visual recognition disorder."" In the wake of her awakened Forte, her brain had cut loose the thread that allowed her to recognize faces.

In that moment, she heard a faint snap—not the brittle break of nerves, but like the sound she heard when the strings of her goldfish lantern snagged on a tree during a festival years ago. The warm, vibrant threads that once bound people together unraveled, falling away in a rain of broken fragments.

When her scissors shredded the final note filled with malicious words, rain hammered the classroom windows. Chisa stared at her hazy, flickering reflection on the window and suddenly realized that growing up meant learning to cut out every loose thread herself—lantern strings tangled in branches, the kite string unwinding between her and her parents, or the cruel arcs frozen on her bullies' lips.

The rainy season stretched on. Cicadas rose with the mounting summer heat. Clutching her scissors, Chisa began to imagine a path she could carve on her own: a path perhaps lonely, but true to her heart. The one she would never need to turn back from.","Mùa hè năm mười lăm của cô thoang thoảng mùi gỗ bút chì và nỗi cô đơn.

Một buổi chiều, cơn mưa dai dẳng của mùa mưa tạm ngớt. Chịu khó mang chồng sách đi trả, Chisa băng qua sân trường và đi ngang phòng dụng cụ. Từ sau cánh cửa, tiếng khóc nghẹn vọng ra. Qua khe hở hẹp, cô nhìn thấy bạn cùng lớp Ritsuko bị ba đứa con gái dồn vào góc, áo đồng phục loang vết mực, cặp kính vỡ vụn dưới sàn. Đứa cầm đầu dí chiếc bật lửa vào tên thêu trên áo, không khí tràn ngập mùi vải cháy khét.

Cảnh tượng ấy gợi cô nhớ đến con ếch trong giờ sinh học, bị ghim phẳng trên khay mổ, tứ chi giạng ra, trái tim vẫn đập vô ích. Chưa kịp suy nghĩ, tay cô đã hành động. Cô đẩy cánh cửa hé ra và rút chiếc kéo luôn mang theo bên mình.

Chiếc kéo nhỏ ấy từng là người bạn đồng hành trung thành của mẹ cô suốt sự nghiệp, rồi được truyền lại cho cô. Giờ đây, nó lần đầu tiên chĩa vào mặt ai đó.

""Buông cô ấy ra,"" cô ra lệnh.

Sự trả thù đến nhanh chóng. Sáng hôm sau, bàn học của cô bị khắc chữ ""đồ ngốc"". Tủ đồ của cô tràn ngập sách vở bị xé nát. Nhưng điều tồi tệ nhất là những khuôn mặt mờ nhòe—vừa khi cô cố nhận ra ai đã ngáng chân mình, cô mới nhận ra mọi khuôn mặt xung quanh đều tan biến thành những vệt màu nhòe nhoẹt. Báo cáo của bác sĩ ghi ""rối loạn nhận diện thị giác tâm sinh lý"". Sau khi Forte của cô thức tỉnh, não bộ đã cắt đứt sợi dây cho phép cô nhận diện khuôn mặt.

Trong khoảnh khắc đó, cô nghe thấy một tiếng rắc nhẹ—không phải tiếng đứt gãy của dây thần kinh, mà giống như âm thanh khi dây đèn cá chép của cô mắc vào cành cây trong một lễ hội năm nào. Những sợi dây ấm áp, rực rỡ từng kết nối mọi người với nhau giờ đứt rời, rơi xuống như mưa vụn vỡ.

Khi chiếc kéo của cô xé nát nốt nhạc cuối cùng chứa đầy lời độc ác, mưa đập mạnh vào cửa sổ lớp học. Chisa nhìn chằm chằm vào hình ảnh phản chiếu mờ ảo, chập chờn của mình trên kính và chợt nhận ra rằng trưởng thành nghĩa là học cách tự cắt bỏ mọi sợi dây thừa—dây đèn lồng mắc vào cành cây, sợi dây diều đứt giữa cô và bố mẹ, hay những nụ cười độc ác đóng băng trên môi bọn bắt nạt.

Mùa mưa kéo dài. Ve sầu cất tiếng khi cái nóng mùa hè ngày càng tăng. Nắm chặt chiếc kéo, Chisa bắt đầu hình dung về con đường cô có thể tự khắc họa: một con đường có lẽ cô đơn, nhưng chân thật với trái tim mình. Con đường mà cô sẽ không bao giờ phải quay đầu lại.",C?n ti?ng Anh nghi v?n: Chisa; Ritsuko | S? t?/c?m nghi v?n: 4 | T? l? nghi v?n: 0.059 | M?c ??: 10.59
"Team II Buff: All team members restore 2 additional Concerto Energy per second.

Enemy Buff:
- Scorching Aura: Some enemies deal DoT Fusion DMG to nearby Resonators.
- Defeating these enemies increases all team members' ATK by 20% for 30s and their resistance to interruption for 60s.","Hiệu ứng Đội II: Mọi thành viên trong đội hồi phục thêm 2 Concerto Energy mỗi giây.

Hiệu ứng Kẻ Địch:
- Hào Quang Cháy Bỏng: Một số kẻ địch gây Sát Thương Hệ Fusion theo thời gian lên Resonators gần đó.
- Hạ gục những kẻ địch này sẽ tăng 20% Tấn Công cho tất cả thành viên trong đội trong 30 giây và tăng khả năng chống gián đoạn trong 60 giây.",C?n ti?ng Anh nghi v?n: Energy; II | S? t?/c?m nghi v?n: 2 | T? l? nghi v?n: 0.154 | M?c ??: 10.54
"Team II Buff: All team members restore 2 additional Concerto Energy per second.

Enemy Buff:
- Scorching Aura: Some enemies deal DoT Fusion DMG to nearby Resonators.
- Defeating these enemies increases all team members' ATK by 20% for 30s and their resistance to interruption for 60s.","Hiệu ứng Đội II: Mọi thành viên trong đội hồi phục thêm 2 Concerto Energy mỗi giây.

Hiệu ứng Kẻ Địch:
- Hào Quang Cháy Bỏng: Một số kẻ địch gây Sát Thương Hệ Fusion theo thời gian lên Resonators gần đó.
- Hạ gục những kẻ địch này sẽ tăng 20% Tấn Công cho tất cả thành viên trong đội trong 30 giây và tăng khả năng chống gián đoạn trong 60 giây.",C?n ti?ng Anh nghi v?n: Energy; II | S? t?/c?m nghi v?n: 2 | T? l? nghi v?n: 0.154 | M?c ??: 10.54
"Echo Sonata Effect: Gusts of Welkin

2pcs Set: Aero DMG +10%.
5pcs Set: Inflicting Aero Erosion on enemies increases Aero DMG for all Resonators in the team by 15%, and for the Resonator triggering this effect by an additional 15%, lasting for 20s.","Effect Bộ Hồi Âm: Cơn Gió Của Bầu Trời

2 món: Aero DMG +10%.
5 món: Gây Erosion Aero lên kẻ địch sẽ tăng Aero DMG cho tất cả Resonators trong đội lên 15%, và tăng thêm 15% cho Resonators kích hoạt hiệu ứng này, kéo dài trong 20 giây.",C?n ti?ng Anh nghi v?n: Effect; Erosion | S? t?/c?m nghi v?n: 2 | T? l? nghi v?n: 0.154 | M?c ??: 10.54
"Transform into Dreamless and perform 6 consecutive strikes. The first 5 strikes deal {0} Havoc DMG each, and the last strike deal {1} Havoc DMG.
The DMG of this Echo Skill is increased by {3} during the first {2}s after Rover: Havoc casts Resonance Liberation: Deadening Abyss.

CD: {4}s","Biến thành Dreamless, thực hiện 6 đòn tấn công liên tiếp. Năm đòn đầu gây {0} Havoc DMG mỗi đòn, đòn cuối gây {1} Havoc DMG.
Sát thương của Kỹ Năng Echo này tăng thêm {3} trong {2} giây đầu sau khi Rover: Havoc sử dụng Resonance Liberation: Vực Hư Vô.

Hồi chiêu: {4} giây.",C?n ti?ng Anh nghi v?n: Dreamless; Liberation | S? t?/c?m nghi v?n: 2 | T? l? nghi v?n: 0.154 | M?c ??: 10.54
"The head governor of Jinzhou.
In Huanglong, when a Magistrate takes office, they adopt the region's name as their own. For example, Jinhsi was originally named Hsi but changed her name to Jinhsi after becoming the Magistrate of Jinzhou.","Thống đốc trưởng của Jinzhou.
Ở Huanglong, khi một quan Huyện nhậm chức, họ sẽ lấy tên vùng làm tên mình. Ví dụ, Jinhsi ban đầu tên là Hsi nhưng đã đổi thành Jinhsi sau khi trở thành quan Huyện của Jinzhou.",C?n ti?ng Anh nghi v?n: Hsi; Jinhsi | S? t?/c?m nghi v?n: 3 | T? l? nghi v?n: 0.25 | M?c ??: 10.5
"<color=Fire>Fusion DMG</color> dealt by Resonators is increased.
<color=Dark>Havoc DMG</color> taken by enemies is decreased.

A dangerous zone born from the Waveworn Phenomenon. Its most distinctive feature is the white Resonance Cord in the center, marked by a giant Tacet Mark. 
In addition to hazardous Tacet Discords, the area is also rich in precious materials.","<color=Fire>Fusion DMG</color> gây ra bởi Resonators được tăng cường.
<color=Dark>Havoc DMG</color> mà kẻ địch phải chịu giảm đi.

Một khu vực nguy hiểm sinh ra từ Waveworn Phenomenon. Đặc điểm nổi bật nhất là sợi dây Resonance Cord trắng ở trung tâm, được đánh dấu bởi một Echo khổng lồ.
Ngoài những Tacet Discord nguy hiểm, khu vực này còn rất giàu tài nguyên quý giá.",C?n ti?ng Anh nghi v?n: Cord; Phenomenon; Waveworn | S? t?/c?m nghi v?n: 3 | T? l? nghi v?n: 0.15 | M?c ??: 10.5
"<color=Fire>Fusion DMG</color> dealt by Resonators is increased.
<color=Light>Spectro DMG</color> taken by enemies is decreased.

A dangerous zone born from the Waveworn Phenomenon. Its most distinctive feature is the white Resonance Cord in the center, marked by a giant Tacet Mark.
In addition to hazardous Tacet Discords, the area is also rich in precious materials.","<color=Fire>Fusion DMG</color> gây ra bởi Resonators được tăng cường.
<color=Light>Spectro DMG</color> mà kẻ địch phải chịu giảm đi.

Một khu vực nguy hiểm sinh ra từ Waveworn Phenomenon. Đặc điểm nổi bật nhất là sợi dây Resonance Cord trắng ở trung tâm, được đánh dấu bởi một Echo khổng lồ.
Ngoài những Tacet Discord nguy hiểm, khu vực này còn rất giàu tài nguyên quý giá.",C?n ti?ng Anh nghi v?n: Cord; Phenomenon; Waveworn | S? t?/c?m nghi v?n: 3 | T? l? nghi v?n: 0.15 | M?c ??: 10.5
"<color=Fire>Fusion DMG</color> dealt by Resonators is increased.
<color=Dark>Havoc DMG</color> taken by enemies is decreased.

A dangerous zone born from the Waveworn Phenomenon. Its most distinctive feature is the white Resonance Cord in the center, marked by a giant Tacet Mark.
In addition to hazardous Tacet Discords, the area is also rich in precious materials.","<color=Fire>Fusion DMG</color> gây ra bởi Resonators được tăng cường.
<color=Dark>Havoc DMG</color> mà kẻ địch phải chịu giảm đi.

Một khu vực nguy hiểm sinh ra từ Waveworn Phenomenon. Đặc điểm nổi bật nhất là sợi dây Resonance Cord trắng ở trung tâm, được đánh dấu bởi một Echo khổng lồ.
Ngoài những Tacet Discord nguy hiểm, khu vực này còn rất giàu tài nguyên quý giá.",C?n ti?ng Anh nghi v?n: Cord; Phenomenon; Waveworn | S? t?/c?m nghi v?n: 3 | T? l? nghi v?n: 0.15 | M?c ??: 10.5
"<color=Fire>Fusion DMG</color> dealt by Resonators is increased.
<color=Ice>Glacio DMG</color> taken by enemies is reduced.

A dangerous zone born from the Waveworn Phenomenon. Its most distinctive feature is the white Resonance Cord in the center, marked by a giant Tacet Mark.
In addition to hazardous Tacet Discords, the area is also rich in precious materials.","<color=Fire>Fusion DMG</color> gây ra bởi Resonators được tăng cường.
<color=Ice>Glacio DMG</color> mà kẻ địch phải chịu được giảm bớt.

Một khu vực nguy hiểm sinh ra từ Waveworn Phenomenon. Đặc điểm nổi bật nhất là sợi dây Resonance Cord trắng ở trung tâm, được đánh dấu bởi một Echo khổng lồ.
Ngoài những Tacet Discord nguy hiểm, khu vực này còn rất giàu tài nguyên quý giá.",C?n ti?ng Anh nghi v?n: Cord; Phenomenon; Waveworn | S? t?/c?m nghi v?n: 3 | T? l? nghi v?n: 0.15 | M?c ??: 10.5
"Summon You'tan to instantly restore HP to all Characters on a team nearby and generate 4 <color=Highlight>Remnant Entities</color> in succession. Remnant Entities will follow the active character on the team, automatically attack the target every 2.5 seconds, dealing <color=Ice>Glacio DMG</color> when hitting the target, and restoring HP to all characters in the nearby team within the range of the attack.","Triệu hồi You'tan để lập tức hồi HP cho tất cả Resonator trong đội gần đó và liên tiếp tạo ra 4 <color=Highlight>Remnant Entities</color>. Thực Thể Tàn Dư sẽ đi theo Resonator đang hoạt động trong đội, tự động tấn công mục tiêu mỗi 2,5 giây, gây <color=Ice>Glacio DMG</color> khi trúng đích và hồi HP cho tất cả Resonator trong đội gần đó trong phạm vi tấn công.",C?n ti?ng Anh nghi v?n: Entities; Remnant; You'tan | S? t?/c?m nghi v?n: 3 | T? l? nghi v?n: 0.15 | M?c ??: 10.5
"Youhu hurls her scroll at the enemy, causing a <color=Ice>Glacio DMG</color> blast in the area.
On the blast, four buttons will appear. Choose a button within the specified time to obtain the corresponding <color=Highlight><te href=850046>Antique</te></color>. Otherwise, obtain one random <color=Highlight>Antique</color>.","Youhu Dodgem cuộn giấy về phía kẻ địch, tạo ra một vụ nổ <color=Ice>Glacio DMG</color> trong khu vực.
Trên vụ nổ sẽ xuất hiện bốn nút bấm. Hãy chọn một nút trong thời gian quy định để nhận được <color=Highlight><te href=850046>Antique</te></color> tương ứng. Nếu không, bạn sẽ nhận được một <color=Highlight>Antique</color> ngẫu nhiên.",C?n ti?ng Anh nghi v?n: Antique; Youhu | S? t?/c?m nghi v?n: 3 | T? l? nghi v?n: 0.25 | M?c ??: 10.5
"An operation conducted by Septimont's Gladiators to eliminate the Dark Tide and its creations within the Sanguis Plateaus.
The Plateaus' unique terrain allows Remnant Energy to accumulate, sustaining the lingering Blightcloud hanging over the area, a remnant of the first Dark Tide outbreak in Rinascita. Consequently, the region has become a breeding ground for Dark Tide creatures, where the Dark Tide's corruption continues to spread unchecked.
As the confrontation with the Dark Tide stretched on, the Septimontians discovered a strategy to effectively curb the Dark Tide's advance: luring its creations toward the Earthrend Wedge and hunting them near its base. Since then, the ""hunt"" gradually evolved into an institutionalized tradition deeply woven into Septimont's culture.","Chiến dịch do các Chiến Binh Septimont tiến hành nhằm tiêu diệt Hắc Triều và các sinh vật của nó tại Cao nguyên Sanguis.
Địa hình độc đáo của cao nguyên khiến Năng Lượng Tàn Dư tích tụ, duy trì đám Mây Độc còn sót lại từ đợt bùng phát Hắc Triều đầu tiên ở Rinascita. Do đó, khu vực này trở thành nơi sinh sôi của sinh vật Hắc Triều, nơi sự tha hóa của Hắc Triều lan rộng không kiểm soát.
Khi cuộc đối đầu với Hắc Triều kéo dài, người Septimont phát hiện chiến lược hiệu quả để kìm hãm sự tiến công của nó: dụ sinh vật Hắc Triều về phía Earthrend Wedge và săn chúng gần chân vực. Từ đó, ""cuộc săn"" dần trở thành truyền thống thể chế hóa, ăn sâu vào văn hóa Septimont.",C?n ti?ng Anh nghi v?n: Earthrend; Sanguis; Wedge | S? t?/c?m nghi v?n: 3 | T? l? nghi v?n: 0.143 | M?c ??: 10.43
"In Helltide Mode, the final battle has no time limit. The drill ends only if the Resonator is downed or when all TDs are eliminated.
TDs will constantly spawn, while both sides' HP and ATK increase periodically.","Trong Helltide Mode, trận chiến cuối cùng không giới hạn thời gian. Mũi khoan chỉ dừng lại khi Resonator bị đánh bại hoặc khi tất cả TD bị tiêu diệt.
TD sẽ liên tục xuất hiện, trong khi HP và Tấn Công của cả hai bên đều tăng định kỳ.",C?n ti?ng Anh nghi v?n: Helltide; Mode | S? t?/c?m nghi v?n: 2 | T? l? nghi v?n: 0.143 | M?c ??: 10.43
"<color=#c49e55>[Resonance Liberation]</color> <color=#c49e55>[Effect Enhancement]</color> When casting Resonance Liberation, Baizhi will lose {0} points of her current HP, and gain the ""Protection of You'tan"" for {1}s, which:
Restores HP {2} time(s) per second, and;
Doubles the number of ""Silver Awls"" generated during this period, and;
Turns all ""Silver Awls"" generated during this period into ""Silver Kernels"", dealing {3} points of DMG.","<color=#c49e55>[Resonance Liberation]</color> <color=#c49e55>[Effect Enhancement]</color> Khi kích hoạt Resonance Liberation, Bạch Chỉ sẽ mất {0} HP hiện tại và nhận ""Hộ Mệnh You'tan"" trong {1} giây, mang lại hiệu ứng:
Hồi phục HP {2} lần mỗi giây, và;
Tăng gấp đôi số lượng ""Kim Châm"" tạo ra trong thời gian này, và;
Biến tất cả ""Kim Châm"" thành ""Hạt Kim"", gây {3} Sát Thương.",C?n ti?ng Anh nghi v?n: Liberation; You'tan | S? t?/c?m nghi v?n: 2 | T? l? nghi v?n: 0.143 | M?c ??: 10.43
"Thundering Mephis now deals a powerful finishing attack after 6 flash attacks, pulling in the surrounding enemies and dealing Electro DMG equal to 320%+800% of the Resonator's ATK. For each stack of Cloaked Voltage, Finishing Attack DMG is increased by 100%. After casting the finishing attack, a shield equal to 10% of the Max HP is granted for 2s.","Sau 6 đòn tấn công chớp nhoáng, Mephis Sấm Sét sẽ tung ra một đòn kết liễu mạnh mẽ, hút kẻ địch xung quanh và gây Sát Thương Điện bằng 320%+800% Attack của Resonator. Mỗi tầng Điện Áp Ẩn sẽ tăng Sát Thương đòn kết liễu thêm 100%. Sau khi tung đòn kết liễu, Resonator sẽ nhận một lá chắn tương đương 10% HP tối đa trong 2 giây.",C?n ti?ng Anh nghi v?n: Attack; Mephis | S? t?/c?m nghi v?n: 2 | T? l? nghi v?n: 0.143 | M?c ??: 10.43
"Attack the target, dealing <color=Wind>Aero DMG</color> equal to {0} of Qiuyuan's ATK, considered as Echo Skill DMG.
Grant {1} Echo Skill DMG Amplification to the incoming Resonator, lasting for {2}s or until the Resonator is switched out.","Tấn công mục tiêu, gây <color=Wind>Aero DMG</color> bằng {0} Attack của Qiuyuan, được tính là Sát Thương Kỹ Năng Vang Âm.
Cấp {1} DMG Amplification Kỹ Năng Vang Âm cho Resonator kế tiếp, kéo dài {2} giây hoặc cho đến khi Resonator bị thay ra.",C?n ti?ng Anh nghi v?n: Amplification; Attack | S? t?/c?m nghi v?n: 2 | T? l? nghi v?n: 0.133 | M?c ??: 10.33
"Transform into Kerasaur to leap into the air and slam down, dealing {0} Aero DMG. Shortly after hitting the target, cast Echo Skill again to charge at the target, dealing {1} Aero DMG.
The Resonator with this Echo equipped in the main slot gains {2} Aero DMG Bonus and {3} Resonance Liberation DMG Bonus.
CD: {4}s","Biến thành Kerasaur, nhảy lên không trung và đập xuống, gây {0} Sát Thương Hệ Aero. Ngay sau khi trúng mục tiêu, dùng lại Kỹ Năng Echo để lao vào mục tiêu, gây {1} Sát Thương Hệ Aero.
Resonator trang bị Echo này ở vị trí chính sẽ nhận thêm {2} Tăng Sát Thương Hệ Aero và {3} Tăng Sát Thương Kỹ Năng Resonance Liberation.
Hồi chiêu: {4} giây",C?n ti?ng Anh nghi v?n: Kerasaur; Liberation | S? t?/c?m nghi v?n: 2 | T? l? nghi v?n: 0.133 | M?c ??: 10.33
"Transform into Kerasaur to leap into the air and slam down, dealing Aero DMG. Shortly after hitting the target, cast Echo Skill again to charge at the target, dealing Aero DMG.
The Resonator with this Echo equipped in the main slot gains Aero and Resonance Liberation DMG Bonus.","Biến thành Kerasaur, nhảy lên không trung và đập xuống, gây Sát Thương Hệ Aero. Ngay sau khi trúng mục tiêu, dùng lại Kỹ Năng Echo để lao vào mục tiêu, gây Sát Thương Hệ Aero.
Resonator trang bị Echo này ở vị trí chính sẽ nhận thêm Tăng Sát Thương Hệ Aero và Tăng Sát Thương Kỹ Năng Resonance Liberation.",C?n ti?ng Anh nghi v?n: Kerasaur; Liberation | S? t?/c?m nghi v?n: 2 | T? l? nghi v?n: 0.133 | M?c ??: 10.33
"A colossal vertical transport system built along the Exostrider's greatsword, connecting Lahai-Roi and the Roya Frostlands.
Its structure resembles a spine piercing both heaven and earth. Powered by orbital-acceleration technology, it connects the deep cavern to the surface and serves as Lahai-Roi's most important transportation hubs.","Hệ thống vận chuyển thẳng đứng khổng lồ được xây dựng dọc theo thanh đại kiếm của Exostrider, nối liền Lahai-Roi và vùng đất băng giá Roya.
Cấu trúc giống như một chiếc xương sống xuyên trời đất. Vận hành bằng công nghệ gia tốc quỹ đạo, nó kết nối hang động sâu với mặt đất và là trung tâm giao thông quan trọng nhất của Lahai-Roi.",C?n ti?ng Anh nghi v?n: Lahai; Roya | S? t?/c?m nghi v?n: 3 | T? l? nghi v?n: 0.231 | M?c ??: 10.31
"Phrolova's Sonoro Sphere, designed to replicate the Beyond through artificial means. Using the powers of Threnodian Leviathan, she intends to use bodies of Tacet Discords as hosts for the reverberating consciousness of the departed. In doing so, the Sonoro may merge with reality, and those long past can live in a new, eternal world free of decay.","Quả Cầu Sonoro của Phrolova, được tạo ra để tái hiện Thế Giới Bên Kia bằng phương pháp nhân tạo. Dùng sức mạnh của Threnodian Leviathan, cô dự định sử dụng thân thể của các Tacet Discord làm vật chủ cho ý thức vang vọng của những người đã khuất. Như vậy, Sonoro có thể hòa nhập với thực tại, và những linh hồn đã mất sẽ được sống trong một thế giới vĩnh hằng mới, không còn sự hủy hoại.",C?n ti?ng Anh nghi v?n: Leviathan; Sonoro | S? t?/c?m nghi v?n: 3 | T? l? nghi v?n: 0.231 | M?c ??: 10.31
"Summon Jué to generate a <color=#ffd12f>stagnation field</color> that lasts for {0}s. While active, it increases nearby party members' Vibration Strength Depletion Rate by {1}. Enemies in the filed have their DEF reduced by {2} and RES to All Attributes reduced by {3}. During this time, Jué soars through the air and deals {4} Spectro DMG while summoning thunderbolts that strike nearby enemies up to 5 times, each dealing {5} Spectro DMG. Jué then spirals downward, attacking surrounding enemies twice, each dealing {6} Spectro DMG. Cooldown: {7}s.","Summon Jué để tạo ra <color=#ffd12f>stagnation field</color> kéo dài {0} giây. Khi kích hoạt, nó làm tăng Tốc Độ Tiêu Hao Concerto Vibrancy của các Resonator gần đó lên {1}. Kẻ địch trong trường bị giảm {2} Phòng Ngự và {3} Kháng Tất Cả Thuộc Tính. Trong thời gian này, Jué bay lượn trên không và gây {4} Spectro DMG, đồng thời triệu hồi sấm sét giáng xuống kẻ địch gần đó tối đa 5 lần, mỗi lần gây {5} Spectro DMG. Sau đó, Jué xoáy xuống tấn công kẻ địch xung quanh hai lần, mỗi lần gây {6} Spectro DMG. Hồi chiêu: {7} giây.",C?n ti?ng Anh nghi v?n: field; stagnation; Summon | S? t?/c?m nghi v?n: 3 | T? l? nghi v?n: 0.13 | M?c ??: 10.3
"When the team has at least <SapTag=0>{0}</SapTag> {Cus:Sap,S=Resonator P=Resonators SapTag=0} with the Bond Fairy Tale's Finale:
- A successful Dodge summons an Illusive Vine to launch the nearby targets into mid-air, dealing Spectro DMG equal to {1} of ATK and healing {2} of the active Resonator's Max HP. This effect can be triggered once every {3}s.
- Casting Resonance Skill triggers Warrior Strikes once after a short while, dealing Fusion DMG equal to {4} of ATK in total. This effect can be triggered once every {5}s.","Khi đội có ít nhất <SapTag=0>{0}</SapTag> {Cus:Sap,S=Resonators P=Resonators SapTag=0} sở hữu Liên Kết ""Chuyện Cổ Tích Kết Thúc"":
- Dodge thành công sẽ triệu hồi Dây Leo Ảo để tung mục tiêu gần đó lên không trung, gây Spectro DMG bằng {1} Tấn Công và hồi {2} HP tối đa của Resonators đang hoạt động. Hiệu ứng này có thể kích hoạt mỗi {3} giây một lần.
- Sử dụng Resonance Skill sẽ kích hoạt Đòn Đánh Chiến Binh sau một khoảng thời gian ngắn, gây tổng Fusion DMG bằng {4} Tấn Công. Hiệu ứng này có thể kích hoạt mỗi {5} giây một lần.",C?n ti?ng Anh nghi v?n: Dodge; Skill | S? t?/c?m nghi v?n: 2 | T? l? nghi v?n: 0.125 | M?c ??: 10.25
"The Concerto Effect triggered by characters with Glacio and Spectra elements is called <color=#8c7e51>Glacio Stimulation</color>.
Glacio Stimulation can cause an area of time stopping effect for a short period of time, before amplifying the Glacio effect applied onto enemies into Overcooled within a certain range.","Concerto Effect được kích hoạt bởi các Resonator mang nguyên tố Glacio và Spectro gọi là <color=#8c7e51>Glacio Stimulation</color>.
Kích Thích Glacio có thể tạo ra hiệu ứng dừng thời gian trong một khu vực ngắn, sau đó khuếch đại hiệu ứng Glacio trên kẻ địch thành trạng thái Quá Lạnh trong phạm vi nhất định.",C?n ti?ng Anh nghi v?n: Effect; Stimulation | S? t?/c?m nghi v?n: 2 | T? l? nghi v?n: 0.118 | M?c ??: 10.18
"The Concerto Effect triggered by characters with Fusion and Spectra elements is called <color=#8c7e51>Fusion Stimulation</color>.
Fusion Stimulation can cause an area of time stopping effect for a short period of time, before amplifying the Fusion effect applied onto enemies into Overheated within a certain range.","Concerto Effect được kích hoạt bởi các Resonator mang nguyên tố Fusion và Spectro gọi là <color=#8c7e51>Fusion Stimulation</color>.
Kích Thích Fusion có thể tạo ra hiệu ứng dừng thời gian trong một khu vực ngắn, sau đó khuếch đại hiệu ứng Fusion trên kẻ địch thành trạng thái Quá Nhiệt trong phạm vi nhất định.",C?n ti?ng Anh nghi v?n: Effect; Stimulation | S? t?/c?m nghi v?n: 2 | T? l? nghi v?n: 0.118 | M?c ??: 10.18
"The Concerto Effect triggered by characters with Glacio and Spectra elements is called <color=#8c7e51>Glacio Stimulation</color>.
Glacio Stimulation can cause an area of time stopping effect for a short period of time, before amplifying the Glacio effect applied onto enemies into Overcooled within a certain range.","Concerto Effect được kích hoạt bởi các Resonator mang nguyên tố Glacio và Spectro gọi là <color=#8c7e51>Glacio Stimulation</color>.
Kích Thích Glacio có thể tạo ra hiệu ứng dừng thời gian trong một khu vực ngắn, sau đó khuếch đại hiệu ứng Glacio trên kẻ địch thành trạng thái Quá Lạnh trong phạm vi nhất định.",C?n ti?ng Anh nghi v?n: Effect; Stimulation | S? t?/c?m nghi v?n: 2 | T? l? nghi v?n: 0.118 | M?c ??: 10.18
"The Concerto Effect triggered by characters with Fusion and Spectra elements is called <color=#8c7e51>Fusion Stimulation</color>.
Fusion Stimulation can cause an area of time stopping effect for a short period of time, before amplifying the Fusion effect applied onto enemies into Overheated within a certain range.","Concerto Effect được kích hoạt bởi các Resonator mang nguyên tố Fusion và Spectro gọi là <color=#8c7e51>Fusion Stimulation</color>.
Kích Thích Fusion có thể tạo ra hiệu ứng dừng thời gian trong một khu vực ngắn, sau đó khuếch đại hiệu ứng Fusion trên kẻ địch thành trạng thái Quá Nhiệt trong phạm vi nhất định.",C?n ti?ng Anh nghi v?n: Effect; Stimulation | S? t?/c?m nghi v?n: 2 | T? l? nghi v?n: 0.118 | M?c ??: 10.18
"After reading the strange message you received, Cantarella explains that the Night of Remembrance is centered around ghost-related themes. Tonight's theme happens to be the ""ghost girl.""

She senses the effect on you and invites you to join the event, promising that you'll recover once you solve the riddles prepared for tonight.","Sau khi đọc tin nhắn kỳ lạ mà cậu nhận được, Cantarella giải thích rằng Night Tưởng Niệm xoay quanh chủ đề liên quan đến ma quỷ. Chủ đề tối nay tình cờ lại là ""cô gái ma"".

Cô cảm nhận được tác động của nó lên cậu và mời cậu tham gia sự kiện, hứa rằng cậu sẽ hồi phục sau khi giải được những câu đố được chuẩn bị cho tối nay.",C?n ti?ng Anh nghi v?n: Cantarella; Night | S? t?/c?m nghi v?n: 2 | T? l? nghi v?n: 0.118 | M?c ??: 10.18
"Binomial name ""Aigialosauridae lapis"", a Mutant Organism the genus Aigialosauridae. The lizards have no natural habit of caring for their younglings, thus hatchlings can only survive by imitating the hunting behavior of the adults, scavenging the remains of their food and, if necessary, using other hatchlings as targets for prey.","Tên nhị thức ""Aigialosauridae lapis"", một Sinh Vật Đột Biến thuộc chi Aigialosauridae. Loài thằn lằn này không có tập tính chăm sóc con non, do đó những con non mới nở chỉ có thể sống sót bằng cách bắt chước hành vi săn mồi của con trưởng thành, nhặt thức ăn thừa và nếu cần, sử dụng những con non khác làm mục tiêu săn mồi.",C?n ti?ng Anh nghi v?n: Aigialosauridae; lapis | S? t?/c?m nghi v?n: 3 | T? l? nghi v?n: 0.214 | M?c ??: 10.14
"A special agency responsible for monitoring Sentinels, astronomy, and calendars across Huanglong's various cities. Led by the Minister of Sentinel Affairs in Mingting, it has subordinate bureaus in the other six cities, each headed by a Supervisor. While they hold independent authority on Sentinel-related matters, they are limited to advising and supervising the administrative bodies of each city and Mingting.","Một cơ quan đặc biệt chịu trách nhiệm giám sát các Sentinel, thiên văn và lịch pháp tại các thành phố trên khắp Huanglong. Dưới sự lãnh đạo của Bộ trưởng Bộ Sự vụ Sentinel tại Mingting, cơ quan này có các chi nhánh trực thuộc tại sáu thành phố khác, mỗi nơi do một Supervisor đứng đầu. Dù có quyền tự chủ trong các vấn đề liên quan đến Sentinel, họ chỉ được phép tư vấn và giám sát các cơ quan hành chính của từng thành phố và Mingting.",C?n ti?ng Anh nghi v?n: Mingting; Supervisor | S? t?/c?m nghi v?n: 3 | T? l? nghi v?n: 0.214 | M?c ??: 10.14
"Once trapped in a labyrinth of memories and possibilities, Camellya has lost much. But now, she tells you she no longer wishes to recover her lost memories, believing the seal left by Lady Flora will naturally break when the time is right.

What matters to her now is enjoying this reunion with you.

Just as she did in previous timeline junctures, Camellya smiles and extends her hand, offering you a flower.","Sau khi bị mắc kẹt trong mê cung ký ức và những khả năng, Camellya đã mất mát nhiều thứ. Nhưng giờ đây, cô nói với cậu rằng mình không còn muốn khôi phục những ký ức đã mất nữa, tin rằng dấu ấn của Quý Cô Flora sẽ tự động phá vỡ khi thời cơ đến.

Điều quan trọng với cô lúc này là tận hưởng khoảnh khắc đoàn tụ này cùng cậu.

Như trong những mốc thời gian trước, Camellya mỉm cười và đưa tay ra, tặng cậu một bông hoa.",C?n ti?ng Anh nghi v?n: Camellya; Flora | S? t?/c?m nghi v?n: 3 | T? l? nghi v?n: 0.2 | M?c ??: 10.0
"Alertness indicates how alert the Vault's security system is to your actions. It increases when you are detected by Vitreum Dancers, spotted by surveillance cameras, or engage in combat. You can lower it by disabling security systems or defeating enemies. If Alertness reaches 100, you will be forced to retreat and restart from the previous area.","Mức Alertness cho biết hệ thống an ninh của Kho Tàng phát hiện hành động của ngươi đến mức nào. Nó sẽ tăng khi ngươi bị các Vũ Công Vitreum phát hiện, bị camera giám sát bắt gặp, hoặc tham gia chiến đấu. Ngươi có thể giảm mức này bằng cách vô hiệu hóa hệ thống an ninh hoặc đánh bại kẻ địch. Nếu Mức Alertness đạt 100, ngươi sẽ bị buộc phải rút lui và bắt đầu lại từ khu vực trước đó.",C?n ti?ng Anh nghi v?n: Alertness; Vitreum | S? t?/c?m nghi v?n: 3 | T? l? nghi v?n: 0.2 | M?c ??: 10.0
"The core module of the Waypoint, responsible for collecting, sharing, and updating location information. It connects the Waypoint and the Resonance Beacon, making it essential for initiating and maintaining the functioning of the Waypoint.","Mô-đun lõi của Waypoint, chịu trách nhiệm thu thập, chia sẻ và cập nhật thông tin vị trí. Nó kết nối Waypoint với Đèn Hiệu Resonance, đóng vai trò thiết yếu trong việc khởi động và duy trì hoạt động của Waypoint.",C?n ti?ng Anh nghi v?n: Waypoint | S? t?/c?m nghi v?n: 3 | T? l? nghi v?n: 0.3 | M?c ??: 10.0
Certain obstacles that have been eroded with Wutherons cannot be destroyed using normal methods. It can only be broken by using Levitation to grab a nearby Tacetite Fulminates to trigger an explosion by throwing onto it.,Một số chướng ngại vật bị xói mòn bởi Wutheron không thể phá hủy bằng phương pháp thông thường. Chỉ có thể phá vỡ bằng cách dùng Khả Năng Bay để nhặt Tacetite Fulminates gần đó và Dodgem vào để kích nổ.,C?n ti?ng Anh nghi v?n: Fulminates; Tacetite | S? t?/c?m nghi v?n: 2 | T? l? nghi v?n: 0.4 | M?c ??: 10.0
<color=Highlight>Burst Bubble</color> deals damage to Resonators and Tacet Discords on the field,<color=Highlight>Burst Bubble</color> gây sát thương lên Resonators và Tacet Discord trên chiến trường.,C?n ti?ng Anh nghi v?n: Bubble; Burst | S? t?/c?m nghi v?n: 2 | T? l? nghi v?n: 0.4 | M?c ??: 10.0
"When Overlapping Force reaches the max stacks, <color=highlight>Spectro DMG</color> is increased by 40%.","Khi Overlapping Force đạt tối đa, <color=highlight>Spectro DMG</color> tăng thêm 40%.",C?n ti?ng Anh nghi v?n: Force; Overlapping | S? t?/c?m nghi v?n: 2 | T? l? nghi v?n: 0.4 | M?c ??: 10.0
"When Overlapping Force reaches the max stacks, <color=highlight>Fusion DMG</color> is increased by 40%.","Khi Overlapping Force đạt tối đa, <color=highlight>Fusion DMG</color> tăng thêm 40%.",C?n ti?ng Anh nghi v?n: Force; Overlapping | S? t?/c?m nghi v?n: 2 | T? l? nghi v?n: 0.4 | M?c ??: 10.0
"When Overlapping Force reaches the max stacks, <color=highlight>Aero DMG</color> is increased by 40%.","Khi Overlapping Force đạt tối đa, <color=highlight>Aero DMG</color> tăng thêm 40%.",C?n ti?ng Anh nghi v?n: Force; Overlapping | S? t?/c?m nghi v?n: 2 | T? l? nghi v?n: 0.4 | M?c ??: 10.0
"When Overlapping Force reaches the max stacks, <color=Ice>Glacio DMG</color> is increased by 40%.","Khi Overlapping Force đạt tối đa, <color=Ice>Glacio DMG</color> tăng thêm 40%.",C?n ti?ng Anh nghi v?n: Force; Overlapping | S? t?/c?m nghi v?n: 2 | T? l? nghi v?n: 0.4 | M?c ??: 10.0
"An amalgamated horror that often emerges alongside Void Storms. During lulls between Storms, it primarily inhabits the highly concentrated Voidmatter environment of the Mawburrow Desert. The Voidmatter Regulators on its head serve as both its power source and its weakness.","Một quái vật kết hợp thường xuất hiện cùng với Void Storm. Trong những khoảng lặng giữa các cơn bão, nó chủ yếu trú ngụ tại môi trường Hư Vật cô đặc ở sa mạc Mawburrow. Các Bộ điều tiết Hư Vật trên đầu vừa là nguồn sức mạnh, vừa là điểm yếu của nó.",C?n ti?ng Anh nghi v?n: Mawburrow; Void | S? t?/c?m nghi v?n: 2 | T? l? nghi v?n: 0.4 | M?c ??: 10.0
"Located on the outskirts of the city of Septimont, it's the ""air terminal"" where Gladiators cross the canyons and make their trip to and from the Sanguis Plateaus.","Nằm ở ngoại ô thành phố Septimont, đây là ""trạm không vận"" nơi các Chiến Binh vượt qua hẻm núi để đến và rời Sanguis Plateaus.",C?n ti?ng Anh nghi v?n: Plateaus; Sanguis | S? t?/c?m nghi v?n: 2 | T? l? nghi v?n: 0.4 | M?c ??: 10.0
"When the active character on the team is attacked, 1 Rocksteady Shield is consumed to reduce the damage taken.","Khi nhân vật chủ động trong đội bị tấn công, 1 Shield Rocksteady sẽ được tiêu hao để giảm Sát Thương nhận vào.",C?n ti?ng Anh nghi v?n: Rocksteady; Shield | S? t?/c?m nghi v?n: 2 | T? l? nghi v?n: 0.4 | M?c ??: 10.0
"Heal all nearby Resonators in the team when Bravo reaches 25, 50, 75, and 100.","Heal toàn bộ Resonators gần đó trong đội khi chỉ số Bravo đạt 25, 50, 75 và 100.",C?n ti?ng Anh nghi v?n: Bravo; Heal | S? t?/c?m nghi v?n: 2 | T? l? nghi v?n: 0.4 | M?c ??: 10.0
Receive Dreamland Coupons equal to the number of Frequency Crystals in each Phase.,Nhận Dreamland Coupons tương đương số lượng Tinh thể Tần số trong mỗi Giai đoạn.,C?n ti?ng Anh nghi v?n: Coupons; Dreamland | S? t?/c?m nghi v?n: 2 | T? l? nghi v?n: 0.4 | M?c ??: 10.0
The Restoration Station revives your Resonators and restores their HP to 100%.,Restoration Station hồi sinh Resonators của bạn và khôi phục HP của họ về 100%.,C?n ti?ng Anh nghi v?n: Restoration; Station | S? t?/c?m nghi v?n: 2 | T? l? nghi v?n: 0.4 | M?c ??: 10.0
"<color=#e8aa32>[<te href=750034>Hunting Trap</te>]</color>

Electro-Type Combat Machines' Crit. Rate is increased by <color=Highlight>{0}</color>.","<color=#e8aa32>[<te href=750034>Hunting Trap</te>]</color>

Crit. Rate của Combat Machines Kiểu Electro tăng thêm <color=Highlight>{0}</color>.",C?n ti?ng Anh nghi v?n: Combat; Rate | S? t?/c?m nghi v?n: 2 | T? l? nghi v?n: 0.4 | M?c ??: 10.0
"<color=#e8aa32>[<te href=750034>Hunting Trap</te>]</color>

Electro-Type Combat Machines' Crit. Rate is increased by <color=Highlight>{0}</color>.","<color=#e8aa32>[<te href=750034>Hunting Trap</te>]</color>

Crit. Rate của Combat Machines Kiểu Electro tăng thêm <color=Highlight>{0}</color>.",C?n ti?ng Anh nghi v?n: Combat; Rate | S? t?/c?m nghi v?n: 2 | T? l? nghi v?n: 0.4 | M?c ??: 10.0
"The crisis at Mt. Firmament has been resolved, and the waterway between Jinzhou and Hongzhen is open once again. As a result, there has been an increase in visitors from Jinzhou, making the town more lively than before.","Khủng hoảng tại Núi Firmament đã được giải quyết, tuyến đường thủy giữa Jinzhou và Hongzhen lại thông suốt. Nhờ đó, lượng du khách từ Jinzhou tăng lên, khiến thị trấn trở nên nhộn nhịp hơn trước.",C?n ti?ng Anh nghi v?n: Firmament; Hongzhen | S? t?/c?m nghi v?n: 2 | T? l? nghi v?n: 0.4 | M?c ??: 10.0
"Target No.1: Mysterious Scissorswoman
Reward: 2,000,000 Rice Dangos
Area: All Districts in Honami City
Status: Impending","Mục Tiêu Số 1: Kẻ Cắt Kéo Bí Ẩn
Phần Thưởng: 2.000.000 Rice Dango
Khu Vực: Toàn Bộ Quận Honami
Tình Trạng: Sắp Xảy Ra",C?n ti?ng Anh nghi v?n: Honami; Rice | S? t?/c?m nghi v?n: 2 | T? l? nghi v?n: 0.4 | M?c ??: 10.0
"You need more than just a strong Forte to become a Synchronist. What matters more is understanding it, so you are able to sync and power up the Exostrider's ""Drive.""","Muốn trở thành Synchronist, cậu cần nhiều hơn là một Forte mạnh mẽ. Quan trọng hơn là phải hiểu được nó, để có thể đồng bộ và kích hoạt ""Drive"" của Exostrider.",C?n ti?ng Anh nghi v?n: Drive; Synchronist | S? t?/c?m nghi v?n: 2 | T? l? nghi v?n: 0.4 | M?c ??: 10.0
I'm glad. My Forte seems to have a calming effect. Thought it might help everyone wind down after drills.,I'm glad. Bản nhạc của ta dường như có tác dụng xoa dịu. Nghĩ là sẽ giúp mọi người thư giãn sau buổi luyện tập.,C?n ti?ng Anh nghi v?n: glad; I'm | S? t?/c?m nghi v?n: 2 | T? l? nghi v?n: 0.4 | M?c ??: 10.0
Some breakers suffering minor impact are able to recover on their own after the Void Storm subsides. Any serious influence will require a manual reset.,Một số bộ ngắt bị tác động nhẹ có thể tự phục hồi sau khi Void Storm tan đi. Những ảnh hưởng nghiêm trọng hơn sẽ cần phải thiết lập lại thủ công.,C?n ti?ng Anh nghi v?n: Storm; Void | S? t?/c?m nghi v?n: 2 | T? l? nghi v?n: 0.4 | M?c ??: 10.0
"And our research, ""analyzing Void Storm flows to locate and recover lost things,"" that's exactly what can help heal those ""frozen wounds."" I... finally love my work again!","Và nghiên cứu của chúng ta, ""phân tích dòng chảy Void Storm để xác định và thu hồi những thứ đã mất,"" chính là thứ có thể chữa lành những ""vết thương băng giá"" đó. Ta... cuối cùng cũng lại yêu công việc của mình!",C?n ti?ng Anh nghi v?n: Storm; Void | S? t?/c?m nghi v?n: 2 | T? l? nghi v?n: 0.4 | M?c ??: 10.0
"I saw a listing by someone calling themself the ""Scavenger."" They promised to recover specific lost items. But the item they helped me recover was a total fake! I spent 20,000 Shell Credits on a piece of junk!","Tớ thấy một tin đăng của ai đó tự xưng là ""Kẻ Đào Mộ"". Hắn hứa sẽ tìm lại những món đồ bị mất. Nhưng thứ hắn đưa về cho tớ hoàn toàn là đồ giả! Tớ đã tiêu 20.000 Shell Credits vào một đống rác!",C?n ti?ng Anh nghi v?n: Credits; Shell | S? t?/c?m nghi v?n: 2 | T? l? nghi v?n: 0.4 | M?c ??: 10.0
"Moon Shooter is very popular. While the stall owner changes the targets daily, the frequent use has caused some wear and tear.","Moon Shooter rất được yêu thích. Dù chủ quán thay đổi bia mỗi ngày, nhưng việc sử dụng thường xuyên đã khiến trò chơi này bị hao mòn đôi chút.",C?n ti?ng Anh nghi v?n: Moon; Shooter | S? t?/c?m nghi v?n: 2 | T? l? nghi v?n: 0.4 | M?c ??: 10.0
Thinking back on a few scenes from the Hero Plays... Flame Ranger did not rely solely on his Forte and abilities to achieve his heroic feats.,Nhớ lại vài cảnh trong vở kịch Anh Hùng... Flame Ranger không chỉ dựa vào Forte và khả năng của mình để lập nên kỳ tích đâu.,C?n ti?ng Anh nghi v?n: Flame; Ranger | S? t?/c?m nghi v?n: 2 | T? l? nghi v?n: 0.4 | M?c ??: 10.0
"So, if we could process the Tacetite into raw materials for other components, the ""Tacetite content"" of the entire weapon would increase dramatically!","Vậy nên, nếu ta có thể xử lý Tacetite thành nguyên liệu thô cho các bộ phận khác, ""hàm lượng Tacetite"" của toàn bộ vũ khí sẽ tăng vọt!",C?n ti?ng Anh nghi v?n: Tacetite | S? t?/c?m nghi v?n: 2 | T? l? nghi v?n: 0.5 | M?c ??: 10.0
"By the Sentinel... What should I do to find the goods? If I don't recover them soon, Signor Marcello will surely ""settle the accounts"" with me...","Nhân danh Sentinel... tôi phải làm gì để tìm lại hàng hóa bây giờ? Nếu không sớm tìm được, Signor Marcello chắc chắn sẽ ""thanh toán"" với tôi...",C?n ti?ng Anh nghi v?n: Marcello; Signor | S? t?/c?m nghi v?n: 2 | T? l? nghi v?n: 0.4 | M?c ??: 10.0
"Leave the finding of the parts to us, and go find Mimika first. She's over at Resonance Nexus.","Để chúng ta tìm linh kiện, ngươi hãy đi tìm Mimika trước. Cô ấy đang ở Nexus Resonance.",C?n ti?ng Anh nghi v?n: Mimika; Nexus | S? t?/c?m nghi v?n: 2 | T? l? nghi v?n: 0.4 | M?c ??: 10.0
"Quickly shoot at nearby targets, dealing <color=#e15226ff>Fusion DMG</color>, and gaining ""Thermobaric Bullets"".","Bắn nhanh vào các mục tiêu gần đó, gây <color=#e15226ff>Fusion DMG</color>, và nhận ""Thermobaric Bullets"".",C?n ti?ng Anh nghi v?n: Bullets; Thermobaric | S? t?/c?m nghi v?n: 2 | T? l? nghi v?n: 0.4 | M?c ??: 10.0
"Attack the target, dealing <color=Dark>Havoc DMG</color>. Grants <color=Highlight>Forte Gauge - Purple</color>.","Tấn công mục tiêu, gây <color=Dark>Havoc DMG</color>. Cấp <color=Highlight>Forte Gauge - Purple</color>.",C?n ti?ng Anh nghi v?n: Gauge; Purple | S? t?/c?m nghi v?n: 2 | T? l? nghi v?n: 0.4 | M?c ??: 10.0
Deal <color=Fire>Fusion DMG</color> and switch to <color=Highlight>Breakdown Form</color>.,Gây <color=Fire>Fusion DMG</color> và chuyển sang <color=Highlight>Breakdown Form</color>.,C?n ti?ng Anh nghi v?n: Breakdown; Form | S? t?/c?m nghi v?n: 2 | T? l? nghi v?n: 0.4 | M?c ??: 10.0
"Tacet Discords with Passive - Fortified have very low HP, but the DMG they take is fixed at 1 for each hit.","Tacet Discord với Passive - Fortified có lượng HP rất thấp, nhưng Sát Thương nhận vào mỗi đòn bị cố định ở mức 1.",C?n ti?ng Anh nghi v?n: Fortified; Passive | S? t?/c?m nghi v?n: 2 | T? l? nghi v?n: 0.4 | M?c ??: 10.0
"While a Pinball is in motion, {Cus:Ipt,Touch=tap PC=press Gamepad=press} the Rush button to send it charging toward the nearest enemy.","Khi Quả Cầu Pinball đang di chuyển, {Cus:Ipt,Touch=tap PC=press Gamepad=press} nút Rush để điều khiển nó lao về phía kẻ địch gần nhất.",C?n ti?ng Anh nghi v?n: Pinball; Rush | S? t?/c?m nghi v?n: 2 | T? l? nghi v?n: 0.4 | M?c ??: 10.0
"Prism Formation has a special skill. Once activated, it continuously fires lasers and gains a Shield. Break the Shield to interrupt the skill.","Prism Formation có kỹ năng đặc biệt. Khi kích hoạt, nó liên tục bắn tia laser và tạo khiên. Phá vỡ khiên để ngắt kỹ năng.",C?n ti?ng Anh nghi v?n: Formation; Prism | S? t?/c?m nghi v?n: 2 | T? l? nghi v?n: 0.4 | M?c ??: 10.0
"Reactor Husk has a powerful skill. Once activated, it begins charging and gains a shield. When the charging completes, smoke spreads across the field, and fireballs will shower down. Break the shield to interrupt the charging.","Reactor Husk sở hữu kỹ năng mạnh mẽ. Khi kích hoạt, nó bắt đầu tích năng và tạo khiên bảo vệ. Khi tích năng hoàn tất, khói sẽ lan tỏa khắp chiến trường, và những quả cầu lửa sẽ trút xuống như mưa. Hãy phá vỡ khiên để ngăn chặn quá trình tích năng.",C?n ti?ng Anh nghi v?n: Husk; Reactor | S? t?/c?m nghi v?n: 2 | T? l? nghi v?n: 0.4 | M?c ??: 10.0
"While standing within a Lumescribe Component's range, your Hoverdroid is empowered. Use it to deal a deadly blow to enemies.","Khi đứng trong phạm vi của Bộ phận Lumescribe, Hoverdroid của bạn sẽ được tăng cường. Hãy sử dụng nó để giáng đòn chí mạng vào kẻ địch.",C?n ti?ng Anh nghi v?n: Hoverdroid; Lumescribe | S? t?/c?m nghi v?n: 2 | T? l? nghi v?n: 0.4 | M?c ??: 10.0
Summon a Glacio Predator to throw ice spears and deal Glacio DMG.,Summon Glacio Predator phóng ngọn giáo băng gây Glacio DMG.,C?n ti?ng Anh nghi v?n: Predator; Summon | S? t?/c?m nghi v?n: 2 | T? l? nghi v?n: 0.4 | M?c ??: 10.0
Summon a Gulpuff to blow bubbles and deal Glacio DMG.,Summon Gulpuff thổi bong bóng gây Glacio DMG.,C?n ti?ng Anh nghi v?n: Gulpuff; Summon | S? t?/c?m nghi v?n: 2 | T? l? nghi v?n: 0.4 | M?c ??: 10.0
Summon a Chirpuff to blast a powerful gust of wind. Deals Aero DMG and knocks enemies back.,"Summon một Chirpuff tạo ra luồng gió mạnh, gây Aero DMG và đẩy lùi kẻ địch.",C?n ti?ng Anh nghi v?n: Chirpuff; Summon | S? t?/c?m nghi v?n: 2 | T? l? nghi v?n: 0.4 | M?c ??: 10.0
"Summon a Viridblaze Saurian to continuously spit fire, dealing {0} Fusion DMG 10 times.

CD: {1}s","Summon Thằn Lằn Lửa Viridblaze phun lửa liên tục, gây {0} Fusion DMG 10 lần.

Hồi chiêu: {1} giây",C?n ti?ng Anh nghi v?n: Summon; Viridblaze | S? t?/c?m nghi v?n: 2 | T? l? nghi v?n: 0.4 | M?c ??: 10.0
"Summon a Viridblaze Saurian to continuously spit fire, dealing Fusion DMG.","Summon Thằn Lằn Lửa Viridblaze phun lửa liên tục, gây Fusion DMG.",C?n ti?ng Anh nghi v?n: Summon; Viridblaze | S? t?/c?m nghi v?n: 2 | T? l? nghi v?n: 0.4 | M?c ??: 10.0
"Summon a Sabercat Prowler to fire beams at enemies, dealing {0} Havoc DMG.

CD: {1}s.","Summon Mãnh Hổ Sabercat bắn chùm tia vào kẻ địch, gây {0} Havoc DMG.

Hồi chiêu: {1} giây.",C?n ti?ng Anh nghi v?n: Sabercat; Summon | S? t?/c?m nghi v?n: 2 | T? l? nghi v?n: 0.4 | M?c ??: 10.0
"Transform into a Mining Drone to attack enemies, dealing {0} Havoc DMG twice.
CD: {1}s.","Biến thành Mining Drone để tấn công kẻ địch, gây {0} Havoc DMG hai lần.
Hồi chiêu: {1} giây.",C?n ti?ng Anh nghi v?n: Drone; Mining | S? t?/c?m nghi v?n: 2 | T? l? nghi v?n: 0.4 | M?c ??: 10.0
Transform into Diurnus Knight and deal Spectro DMG to enemies. Deal increased DMG to enemies inflicted by Spectro Frazzle.,Biến thành Kỵ Sĩ Diurnus và gây Spectro DMG lên kẻ địch. Gây sát thương tăng cường lên kẻ địch bị Spectro Frazzle.,C?n ti?ng Anh nghi v?n: Diurnus; Frazzle | S? t?/c?m nghi v?n: 2 | T? l? nghi v?n: 0.4 | M?c ??: 10.0
"Summon an Aero Drake to attack enemies, dealing {0} Aero DMG.
CD: {1}s.","Summon một Aero Drake tấn công kẻ địch, gây {0} Aero DMG.
Hồi chiêu: {1} giây.",C?n ti?ng Anh nghi v?n: Drake; Summon | S? t?/c?m nghi v?n: 2 | T? l? nghi v?n: 0.4 | M?c ??: 10.0
Summon an Aero Drake to deal Aero DMG to enemies.,Summon một Aero Drake gây Aero DMG lên kẻ địch.,C?n ti?ng Anh nghi v?n: Drake; Summon | S? t?/c?m nghi v?n: 2 | T? l? nghi v?n: 0.4 | M?c ??: 10.0
"Summon a Glacio Drake to attack enemies, dealing {0} Glacio DMG 5 times.
CD: {1}s.","Summon Glacio Drake tấn công kẻ địch, gây {0} Glacio DMG 5 lần.
Hồi chiêu: {1} giây.",C?n ti?ng Anh nghi v?n: Drake; Summon | S? t?/c?m nghi v?n: 2 | T? l? nghi v?n: 0.4 | M?c ??: 10.0
Summon a Glacio Drake to deal Glacio DMG to enemies.,Summon Glacio Drake gây Glacio DMG lên kẻ địch.,C?n ti?ng Anh nghi v?n: Drake; Summon | S? t?/c?m nghi v?n: 2 | T? l? nghi v?n: 0.4 | M?c ??: 10.0
"Summon a Fusion Drake to attack enemies, dealing {0} Fusion DMG 3 times.
CD: {1}s","Summon Fusion Drake tấn công kẻ địch 3 lần, mỗi lần gây {0} Fusion DMG.
Hồi chiêu: {1} giây",C?n ti?ng Anh nghi v?n: Drake; Summon | S? t?/c?m nghi v?n: 2 | T? l? nghi v?n: 0.4 | M?c ??: 10.0
Summon a Fusion Drake to deal Fusion DMG to enemies.,Summon Fusion Drake gây Fusion DMG lên kẻ địch.,C?n ti?ng Anh nghi v?n: Drake; Summon | S? t?/c?m nghi v?n: 2 | T? l? nghi v?n: 0.4 | M?c ??: 10.0
"Summon a Spectro Drake to attack enemies, dealing {0} Spectro DMG 3 times.
CD: {1}s","Summon Spectro Drake tấn công kẻ địch, gây {0} Spectro DMG 3 lần.
Hồi chiêu: {1} giây.",C?n ti?ng Anh nghi v?n: Drake; Summon | S? t?/c?m nghi v?n: 2 | T? l? nghi v?n: 0.4 | M?c ??: 10.0
"Summon a Havoc Drake to attack enemies, dealing {0} Havoc DMG 3 times.
CD: {1}s","Summon một Havoc Drake tấn công kẻ địch, gây {0} Havoc DMG 3 lần.
Hồi chiêu: {1} giây",C?n ti?ng Anh nghi v?n: Drake; Summon | S? t?/c?m nghi v?n: 2 | T? l? nghi v?n: 0.4 | M?c ??: 10.0
Summon a Havoc Drake to deal Havoc DMG to enemies.,Summon một Havoc Drake gây Havoc DMG lên kẻ địch.,C?n ti?ng Anh nghi v?n: Drake; Summon | S? t?/c?m nghi v?n: 2 | T? l? nghi v?n: 0.4 | M?c ??: 10.0
"Thus Spoke the Blade: To Teach - In the Inksplash of Mind state, hold {0} to cast this skill at the cost of Swordster's Soliloquy.","Lưỡi Kiếm Lên Tiếng: Dạy Dỗ - Trong trạng thái Tâm Thể Loang Mực, giữ {0} để thi triển kỹ năng này, trả giá bằng Swordster's Soliloquy.",C?n ti?ng Anh nghi v?n: Soliloquy; Swordster's | S? t?/c?m nghi v?n: 2 | T? l? nghi v?n: 0.4 | M?c ??: 10.0
"When certain attacks hit the target, consume <color=Highlight>Glacio Bite</color> on the target to inflict <color=Highlight>Frostbind</color>.","Khi một số đòn tấn công trúng mục tiêu, tiêu hao <color=Highlight>Glacio Bite</color> trên mục tiêu để gây hiệu ứng <color=Highlight>Frostbind</color>.",C?n ti?ng Anh nghi v?n: Bite; Frostbind | S? t?/c?m nghi v?n: 2 | T? l? nghi v?n: 0.4 | M?c ??: 10.0
Sawring - Blitz Stage 2: Discordance DMG,Lưỡi Cưa Xoay - Stage 2 Blitz: Sát Thương Tacet Discord,C?n ti?ng Anh nghi v?n: Blitz; Stage | S? t?/c?m nghi v?n: 2 | T? l? nghi v?n: 0.4 | M?c ??: 10.0
"Striding Lion: When Forte Gauge is full, hold {0}","Striding Lion: Khi Thanh Forte đầy, giữ {0}",C?n ti?ng Anh nghi v?n: Lion; Striding | S? t?/c?m nghi v?n: 2 | T? l? nghi v?n: 0.4 | M?c ??: 10.0
"Emerald Storm: Finale: When Forte Gauge is above 30, tap {0}","Emerald Storm: Kết Cục: Khi Thanh Forte trên 30, nhấn {0}",C?n ti?ng Anh nghi v?n: Emerald; Storm | S? t?/c?m nghi v?n: 2 | T? l? nghi v?n: 0.4 | M?c ??: 10.0
"Emerald Storm: Prelude: When Forte Gauge is below 30, tap {0}","Emerald Storm: Khúc Dạo Đầu: Khi Thanh Forte dưới 30, nhấn {0}",C?n ti?ng Anh nghi v?n: Emerald; Storm | S? t?/c?m nghi v?n: 2 | T? l? nghi v?n: 0.4 | M?c ??: 10.0
"Verina protects a team member from fatal damage and grants a shield with strength equal to {0} of Verina's ATK, lasting for {1}s. This can be triggered 1 time every {2} minutes.","Verina bảo vệ một thành viên trong đội khỏi sát thương chí mạng và tạo khiên với sức mạnh bằng {0} Tấn Công của Verina, kéo dài trong {1} giây. Khả năng này có thể kích hoạt 1 lần mỗi {2} phút.",C?n ti?ng Anh nghi v?n: Verina | S? t?/c?m nghi v?n: 2 | T? l? nghi v?n: 0.5 | M?c ??: 10.0
Sanhua deals <color=Ice>Glacio DMG</color> and creates {0} <te href=850037>Glacier</te>.,Sanhua gây <color=Ice>Glacio DMG</color> và tạo ra {0} <te href=850037>Glacier</te>.,C?n ti?ng Anh nghi v?n: Glacier; Sanhua | S? t?/c?m nghi v?n: 2 | T? l? nghi v?n: 0.4 | M?c ??: 10.0
"Encore pounces at the enemies with Cosmos, dealing <color=Fire>Fusion DMG</color>.","Encore cùng Cosmos lao thẳng vào kẻ địch, gây <color=Fire>Fusion DMG</color>.",C?n ti?ng Anh nghi v?n: Cosmos; Encore | S? t?/c?m nghi v?n: 2 | T? l? nghi v?n: 0.4 | M?c ??: 10.0
"Attack the target and deal <color=Dark>Havoc DMG</color>.
Casting this skill sends Phrolova into <color=Highlight><te href=160805>Reincarnate</te></color>.","Tấn công mục tiêu và gây <color=Dark>Havoc DMG</color>.
Khi kích hoạt kỹ năng này, Phrolova sẽ bước vào trạng thái <color=Highlight><te href=160805>Reincarnate</te></color>.",C?n ti?ng Anh nghi v?n: Phrolova; Reincarnate | S? t?/c?m nghi v?n: 2 | T? l? nghi v?n: 0.4 | M?c ??: 10.0
"Deal <color=Wind>Aero DMG</color> and activate the <color=Highlight><te href=141001>Lunar Cycle</te></color> state.
Can be cast in mid-air.","Gây <color=Wind>Aero DMG</color> và kích hoạt trạng thái <color=Highlight><te href=141001>Lunar Cycle</te></color>.
Có thể sử dụng khi đang ở trên không.",C?n ti?ng Anh nghi v?n: Cycle; Lunar | S? t?/c?m nghi v?n: 2 | T? l? nghi v?n: 0.4 | M?c ??: 10.0
"When Dodge Counter is cast, heals {0} of the Resonator's Max HP. This effect can be triggered {2} time(s) every {1}s.","Khi sử dụng Dodge Counter, hồi {0} HP tối đa của Resonator. Hiệu ứng này có thể kích hoạt {2} lần mỗi {1} giây.",C?n ti?ng Anh nghi v?n: Counter; Dodge | S? t?/c?m nghi v?n: 2 | T? l? nghi v?n: 0.4 | M?c ??: 10.0
Deal <color=Ice>Glacio DMG</color> and create {0} Ice Prism.,Gây <color=Ice>Glacio DMG</color> và tạo ra {0} Ice Prism.,C?n ti?ng Anh nghi v?n: Ice; Prism | S? t?/c?m nghi v?n: 2 | T? l? nghi v?n: 0.4 | M?c ??: 10.0
Deal <color=Ice>Glacio DMG</color> and create 1 Ice Thorn.,Gây <color=Ice>Glacio DMG</color> và tạo ra 1 Ice Thorn.,C?n ti?ng Anh nghi v?n: Ice; Thorn | S? t?/c?m nghi v?n: 2 | T? l? nghi v?n: 0.4 | M?c ??: 10.0
"Summon <color=Highlight>Phantom</color> to attack the enemy, dealing <color=Thunder>Electro DMG</color> equal to {0} of Calcharo's ATK.","Summon <color=Highlight>Phantom</color> tấn công kẻ địch, gây <color=Thunder>Electro DMG</color> bằng {0} Tấn Công của Calcharo.",C?n ti?ng Anh nghi v?n: Phantom; Summon | S? t?/c?m nghi v?n: 2 | T? l? nghi v?n: 0.4 | M?c ??: 10.0
"After leaving combat or reviving, restore <color=Highlight>Snowforged Blade</color> to 1 point.","Sau khi rời khỏi chiến đấu hoặc hồi sinh, khôi phục <color=Highlight>Snowforged Blade</color> về 1 điểm.",C?n ti?ng Anh nghi v?n: Blade; Snowforged | S? t?/c?m nghi v?n: 2 | T? l? nghi v?n: 0.4 | M?c ??: 10.0
"<color=Highlight>Starflux</color> is capped at {0} points.
<color=Highlight>Starflux</color> recovers naturally over time.","<color=Highlight>Starflux</color> bị giới hạn ở mức {0} điểm.
<color=Highlight>Starflux</color> sẽ tự phục hồi theo thời gian.",C?n ti?ng Anh nghi v?n: Starflux | S? t?/c?m nghi v?n: 2 | T? l? nghi v?n: 0.5 | M?c ??: 10.0
Clench's DMG Multiplier is increased to {0} of ATK. Triggering Clench grants a Shield equal to {1} of Max HP and immunity to interruption for {2}s.,Hệ số sát thương của Clench tăng lên {0} Tấn Công. Kích hoạt Clench sẽ tạo khiên tương đương {1} HP tối đa và miễn nhiễm gián đoạn trong {2} giây.,C?n ti?ng Anh nghi v?n: Clench | S? t?/c?m nghi v?n: 2 | T? l? nghi v?n: 0.5 | M?c ??: 10.0
"When in combat, summons <color=Highlight>Namipon</color> every {0}s to restore HP equal to {1} of Max HP and grant a Shield with the same points.","Trong chiến đấu, triệu hồi <color=Highlight>Namipon</color> mỗi {0} giây để phục hồi HP bằng {1}% HP tối đa và tạo Shield với số điểm tương đương.",C?n ti?ng Anh nghi v?n: Namipon; Shield | S? t?/c?m nghi v?n: 2 | T? l? nghi v?n: 0.4 | M?c ??: 10.0
"When Symphony Rank is at S or higher, Crit. Rate is increased by {0}.","Khi Cấp Độ Giao Hưởng đạt S trở lên, Crit. Rate tăng {0}.",C?n ti?ng Anh nghi v?n: Rate; S | S? t?/c?m nghi v?n: 2 | T? l? nghi v?n: 0.4 | M?c ??: 10.0
Mỗi lần va chạm với kẻ thù sẽ gây thêm Thiệt hại khi nảy ra bằng <color=#f97507>{0}</color> ATK của Xiangli Yao.,Mỗi lần va chạm với kẻ địch sẽ gây thêm Sát Thương khi nảy ra bằng <color=#f97507>{0}</color> Tấn Công của Xiangli Yao.,C?n ti?ng Anh nghi v?n: Xiangli; Yao | S? t?/c?m nghi v?n: 2 | T? l? nghi v?n: 0.4 | M?c ??: 10.0
"Each time the team collides with an enemy, deal additional Power Strike DMG equal to <color=#f97507>{0}</color> of ATK and increase Combo hit count by <color=#f97507>{1}</color>. This effect lasts for <color=#f97507>{2}s</color>.","Mỗi khi đội của bạn va chạm với kẻ địch, gây thêm Sát Thương Đòn Đánh Mạnh bằng <color=#f97507>{0}</color> Tấn Công và tăng <color=#f97507>{1}</color> điểm Combo. Hiệu ứng này kéo dài trong <color=#f97507>{2}s</color>.",C?n ti?ng Anh nghi v?n: Combo; s | S? t?/c?m nghi v?n: 2 | T? l? nghi v?n: 0.4 | M?c ??: 10.0
"Denia fires a projectile whenever the team collects a Pickup, dealing Skill DMG equal to <color=#f97507>{0}</color> of her ATK.","Mỗi khi đội thu thập một Pickup, Denia sẽ bắn ra một viên đạn gây Sát Thương Kỹ Năng bằng <color=#f97507>{0}</color> Tấn Công của cô.",C?n ti?ng Anh nghi v?n: Denia; Pickup | S? t?/c?m nghi v?n: 2 | T? l? nghi v?n: 0.4 | M?c ??: 10.0
"<color=#5b1d2f><size=36>ROM Effect</size></color>
When the team uses Flippers to perform Power Strike, the whole team's Power Strike DMG and Rush DMG are increased by <color=#f97507>{0}</color> for <color=#f97507>{1}s</color>.","<color=#5b1d2f><size=36>Hiệu ứng ROM</size></color>
Khi đội sử dụng Đôi Vây để thực hiện Đòn Công Kích, Sát Thương Đòn Công Kích và Sát Thương Lao Tới của toàn đội tăng <color=#f97507>{0}</color> trong <color=#f97507>{1}s</color>.",C?n ti?ng Anh nghi v?n: ROM; s | S? t?/c?m nghi v?n: 2 | T? l? nghi v?n: 0.4 | M?c ??: 10.0
"<color=#5b1d2f><size=36>ROM Effect</size></color>
Rushing increases the whole team's Rush DMG by <color=#f97507>{0}</color> for <color=#f97507>{2}s</color>, stacking up to <color=#f97507>{1}</color> times.","<color=#5b1d2f><size=36>Hiệu ứng ROM</size></color>
Tăng Sát Thương Lao Tới cho toàn đội lên <color=#f97507>{0}</color> trong <color=#f97507>{2}s</color>, tối đa <color=#f97507>{1} lần</color> chồng chất.",C?n ti?ng Anh nghi v?n: ROM; s | S? t?/c?m nghi v?n: 2 | T? l? nghi v?n: 0.4 | M?c ??: 10.0
"<color=#5b1d2f><size=36>ROM Effect</size></color>
Performing Skills restores the whole team's HP equal to <color=#f97507>{0}</color> of their Max HP.","<color=#5b1d2f><size=36>Hiệu ứng ROM</size></color>
Sử dụng Skills hồi phục HP cho toàn đội bằng <color=#f97507>{0}</color> HP tối đa của mỗi người.",C?n ti?ng Anh nghi v?n: ROM; Skills | S? t?/c?m nghi v?n: 2 | T? l? nghi v?n: 0.4 | M?c ??: 10.0
Successful Dodge increases the active Resonator's Crit. Rate by {0} for {1}s.,Dodge thành công tăng Crit. Rate của Resonator đang hoạt động lên {0} trong {1} giây.,C?n ti?ng Anh nghi v?n: Dodge; Rate | S? t?/c?m nghi v?n: 2 | T? l? nghi v?n: 0.4 | M?c ??: 10.0
"For every <SapTag=0>{0}</SapTag> {Cus:Sap,S=stack P=stacks SapTag=0} of Spectro Frazzle or Aero Erosion inflicted on an enemy, there is a {1} chance to inflict <SapTag=2>{2}</SapTag> additional {Cus:Sap,S=stack P=stacks SapTag=2}.","Mỗi khi kẻ địch chịu <SapTag=0>{0}</SapTag> {Cus:Sap,S=lớp P=lớp SapTag=0} Spectro Frazzle hoặc Aero Erosion, có {1}% cơ hội gây thêm <SapTag=2>{2}</SapTag> {Cus:Sap,S=lớp P=lớp SapTag=2}.",C?n ti?ng Anh nghi v?n: Erosion; Frazzle | S? t?/c?m nghi v?n: 2 | T? l? nghi v?n: 0.4 | M?c ??: 10.0
"For every <SapTag=0>{0}</SapTag> {Cus:Sap,S=stack P=stacks SapTag=0} of Fusion Burst or Havoc Bane inflicted on an enemy, there is a {1} chance to inflict <SapTag=2>{2}</SapTag> additional {Cus:Sap,S=stack P=stacks SapTag=2}.","Mỗi khi kẻ địch chịu <SapTag=0>{0}</SapTag> {Cus:Sap,S=lớp P=lớp SapTag=0} Fusion Burst hoặc Havoc Bane, có {1}% cơ hội gây thêm <SapTag=2>{2}</SapTag> {Cus:Sap,S=lớp P=lớp SapTag=2}.",C?n ti?ng Anh nghi v?n: Bane; Burst | S? t?/c?m nghi v?n: 2 | T? l? nghi v?n: 0.4 | M?c ??: 10.0
"Enemies take {0} more DMG for {2}s each time inflicted with Spectro Frazzle or Aero Erosion, stacking up to {1} times.","Mỗi lần dính Spectro Frazzle hoặc Aero Erosion, mục tiêu chịu thêm {0} Sát Thương trong {2} giây, tối đa cộng dồn {1} lần.",C?n ti?ng Anh nghi v?n: Erosion; Frazzle | S? t?/c?m nghi v?n: 2 | T? l? nghi v?n: 0.4 | M?c ??: 10.0
Concerto Companions' Vibration Strength Reduction Rate is additionally increased by {0}.,Tỷ lệ deplete Vibration Strength của Companions Giao Hưởng tăng thêm {0}.,C?n ti?ng Anh nghi v?n: Strength; Vibration | S? t?/c?m nghi v?n: 2 | T? l? nghi v?n: 0.4 | M?c ??: 10.0
"Each time you inflict Spectro Frazzle or Aero Erosion on an enemy, there is a chance to inflict additional stacks.","Mỗi khi bạn gây hiệu ứng Spectro Frazzle hoặc Aero Erosion lên kẻ địch, có khả năng gây thêm tầng hiệu ứng.",C?n ti?ng Anh nghi v?n: Erosion; Frazzle | S? t?/c?m nghi v?n: 2 | T? l? nghi v?n: 0.4 | M?c ??: 10.0
"Each time you inflict Fusion Burst or Havoc Bane on an enemy, there is a chance to inflict additional stacks.","Mỗi khi bạn gây hiệu ứng Fusion Burst hoặc Havoc Bane lên kẻ địch, có khả năng gây thêm tầng hiệu ứng.",C?n ti?ng Anh nghi v?n: Bane; Burst | S? t?/c?m nghi v?n: 2 | T? l? nghi v?n: 0.4 | M?c ??: 10.0
Enemies take more DMG when inflicted with Spectro Frazzle or Aero Erosion.,Kẻ địch chịu thêm sát thương khi bị Spectro Frazzle hoặc Aero Erosion.,C?n ti?ng Anh nghi v?n: Erosion; Frazzle | S? t?/c?m nghi v?n: 2 | T? l? nghi v?n: 0.4 | M?c ??: 10.0
Dealing damage to an enemy has a chance to inflict 1 stack of Fusion Burst or Havoc Bane on it.,Gây sát thương lên kẻ địch có khả năng gây 1 tầng Fusion Burst hoặc Havoc Bane cho nó.,C?n ti?ng Anh nghi v?n: Bane; Burst | S? t?/c?m nghi v?n: 2 | T? l? nghi v?n: 0.4 | M?c ??: 10.0
Dealing damage to an enemy has a chance to inflict 1 stack of Spectro Frazzle or Aero Erosion on it.,Gây sát thương lên kẻ địch có khả năng gây 1 tầng Spectro Frazzle hoặc Aero Erosion cho nó.,C?n ti?ng Anh nghi v?n: Erosion; Frazzle | S? t?/c?m nghi v?n: 2 | T? l? nghi v?n: 0.4 | M?c ??: 10.0
Performing Tune Break Skill on an enemy instantly removes its immunity to Mistuned state and reduces its DEF.,"Khi sử dụng Kỹ Năng Phá Tune lên kẻ địch, ngay lập tức loại bỏ khả năng miễn nhiễm trạng thái Lệch Tune và giảm Phòng Ngự của nó.",C?n ti?ng Anh nghi v?n: Tune | S? t?/c?m nghi v?n: 2 | T? l? nghi v?n: 0.5 | M?c ??: 10.0
"<color=#c49e55>[Heavy Attack]</color> 
Starlight Resonance and Starlight Ember are enhanced, summoning Mech or Aemeath to attack.","<color=#c49e55>[Heavy Attack]</color> 
Cộng hưởng Sao và Than Sao được tăng cường, triệu hồi Mech hoặc Aemeath tấn công.",C?n ti?ng Anh nghi v?n: Aemeath; Mech | S? t?/c?m nghi v?n: 2 | T? l? nghi v?n: 0.4 | M?c ??: 10.0
Use 4 different Concerto Resonators to challenge any difficulty of Phantasm Amass once.,Thách đấu bất kỳ độ khó nào của Phantasm Amass một lần bằng 4 Concerto Resonators khác nhau.,C?n ti?ng Anh nghi v?n: Amass; Phantasm | S? t?/c?m nghi v?n: 2 | T? l? nghi v?n: 0.4 | M?c ??: 10.0
"Summon the juvenile Roseshroom to emit energy balls, causing Havoc DMG.","Summon Roseshroom vị thành niên bắn ra các quả cầu năng lượng, gây Havoc DMG.",C?n ti?ng Anh nghi v?n: Roseshroom; Summon | S? t?/c?m nghi v?n: 2 | T? l? nghi v?n: 0.4 | M?c ??: 10.0
"Summon a mature Roseshroom to emit a beam, causing Havoc DMG.","Summon một Roseshroom trưởng thành phóng tia, gây Havoc DMG.",C?n ti?ng Anh nghi v?n: Roseshroom; Summon | S? t?/c?m nghi v?n: 2 | T? l? nghi v?n: 0.4 | M?c ??: 10.0
Transform into Feilian Beringal and launch a stick attack for Aero DMG.,Biến thành Feilian Beringal và tung đòn tấn công bằng gậy gây Aero DMG.,C?n ti?ng Anh nghi v?n: Beringal; Feilian | S? t?/c?m nghi v?n: 2 | T? l? nghi v?n: 0.4 | M?c ??: 10.0
"<color=#c49e55>[Resonance Skill]</color> <color=#c49e55>[Effect Replacement]</color> After casting Resonance Skill, up to {0} Coordinated Silver Awls will be generated based on the Forte Gauge consumed, lasting for {1}s. The Silver Awls will perform coordinated attacks with Baizhi. Each Silver Awl deals {2} DMG.
Consuming 2-3 Forte Gauge generates 1 Coordinated Silver Awl. 
Consuming 4 Forte Gauge generates 2 Coordinated Silver Awls.","<color=#c49e55>[Resonance Skill]</color> <color=#c49e55>[Effect Replacement]</color> Sau khi sử dụng Resonance Skill, tối đa {0} Kim Châm Phối Hợp sẽ được tạo ra dựa trên lượng Forte đã tiêu hao, tồn tại trong {1} giây. Các Kim Châm sẽ phối hợp tấn công cùng Baizhi. Mỗi Kim Châm gây {2} sát thương.
Tiêu hao 2-3 Forte tạo ra 1 Kim Châm Phối Hợp.
Tiêu hao 4 Forte tạo ra 2 Kim Châm Phối Hợp.",C?n ti?ng Anh nghi v?n: Baizhi; Skill | S? t?/c?m nghi v?n: 2 | T? l? nghi v?n: 0.1 | M?c ??: 10.0
"<color=#ffd12f>[Lucid Dream]</color>
When [Dreamscape Power: Damage] buffs can only be triggered in the Lucid Dream status, they apply 2 more times when triggered.","<color=#ffd12f>[Lucid Dream]</color>
Khi hiệu ứng [Sức Mạnh Cảnh Mộng: Sát Thương] chỉ có thể kích hoạt trong trạng thái Lucid Dream, chúng sẽ được áp dụng thêm 2 lần khi kích hoạt.",C?n ti?ng Anh nghi v?n: Dream; Lucid | S? t?/c?m nghi v?n: 2 | T? l? nghi v?n: 0.4 | M?c ??: 10.0
"<color=#ffd12f>[Trigger Interval]</color>
In the Lucid Dream status, when [Dreamscape Power: Damage] buffs deal damage, reduce the trigger intervals of all [Dreamscape Power: Damage] buffs by 80%.","<color=#ffd12f>[Trigger Interval]</color>
Trong trạng thái Lucid Dream, khi các hiệu ứng [Sức Mạnh Cảnh Mộng: Sát Thương] gây sát thương, giảm 80% khoảng thời gian kích hoạt của tất cả hiệu ứng [Sức Mạnh Cảnh Mộng: Sát Thương].",C?n ti?ng Anh nghi v?n: Dream; Lucid | S? t?/c?m nghi v?n: 2 | T? l? nghi v?n: 0.4 | M?c ??: 10.0
"<color=#ffd12f>[Combo]</color> When attacks hit a target 20 times, ""Meteor Fire"" will be summoned to attack the target, dealing DMG equal to 800% of ATK to the targets within the range.","<color=#ffd12f>[Combo]</color> Khi tấn công trúng mục tiêu 20 lần, ""Meteor Fire"" sẽ được triệu hồi để tấn công, gây sát thương bằng 800% Tấn Công lên các mục tiêu trong phạm vi.",C?n ti?ng Anh nghi v?n: Fire; Meteor | S? t?/c?m nghi v?n: 2 | T? l? nghi v?n: 0.4 | M?c ??: 10.0
"For every second at Rank A or higher, increase Crit. Rate by 5% for 2s, stacking up to 10 times.","Mỗi giây ở Hạng A hoặc cao hơn, Crit. Rate tăng 5% trong 2 giây, có thể chồng chất tối đa 10 lần.",C?n ti?ng Anh nghi v?n: A; Rate | S? t?/c?m nghi v?n: 2 | T? l? nghi v?n: 0.4 | M?c ??: 10.0
"<color=#ffd12f>[Forte Circuit]</color> Increases Crit. Rate for every attack on hit during ""DAKA DAKA!""","<color=#ffd12f>[Forte Circuit]</color> Tăng Tỷ lệ Bạo kích mỗi khi tấn công trúng đích trong trạng thái ""DAKA DAKA!"".",C?n ti?ng Anh nghi v?n: DAKA | S? t?/c?m nghi v?n: 2 | T? l? nghi v?n: 0.5 | M?c ??: 10.0
<color=#c49e55>[Basic Attack]</color> Crit. Rate and Crit. DMG are significantly increased. Fengyiquan gains a special enhancement.,<color=#c49e55>[Basic Attack]</color> Crit. Rate và Crit. DMG tăng đáng kể. Fengyiquan nhận được tăng cường đặc biệt.,C?n ti?ng Anh nghi v?n: Fengyiquan; Rate | S? t?/c?m nghi v?n: 2 | T? l? nghi v?n: 0.4 | M?c ??: 10.0
"<color=#c49e55>[Forte Circuit]</color> Clarity can be automatically gained. When Ice Burst hits an enemy, the Resonator's ATK is slightly increased.","<color=#c49e55>[Forte Circuit]</color> Có thể tự động nhận được Sự Thanh Khiết. Khi Ice Burst trúng kẻ địch, Tấn Công của Resonator sẽ tăng nhẹ.",C?n ti?ng Anh nghi v?n: Burst; Ice | S? t?/c?m nghi v?n: 2 | T? l? nghi v?n: 0.4 | M?c ??: 10.0
<color=#c49e55>[Resonance Skill]</color> Summon all available Inklit Spirits when Creation's Zenith deals DMG.,<color=#c49e55>[Resonance Skill]</color> Summon tất cả Tinh Linh Mực sẵn có khi Zenith Sáng Tạo gây Sát Thương.,C?n ti?ng Anh nghi v?n: Summon; Zenith | S? t?/c?m nghi v?n: 2 | T? l? nghi v?n: 0.4 | M?c ??: 10.0
"For every second at Rank A or higher, increase Crit. Rate by 5% for 2s, stacking up to 10 times.","Mỗi giây ở Hạng A hoặc cao hơn, Crit. Rate tăng 5% trong 2 giây, có thể chồng chất tối đa 10 lần.",C?n ti?ng Anh nghi v?n: A; Rate | S? t?/c?m nghi v?n: 2 | T? l? nghi v?n: 0.4 | M?c ??: 10.0
"- In the Battle Stage, your Echoes recover {0} of their Max HP per second.","Trong Battle Stage, các Echoes của bạn phục hồi {0} HP tối đa mỗi giây.",C?n ti?ng Anh nghi v?n: Battle; Stage | S? t?/c?m nghi v?n: 2 | T? l? nghi v?n: 0.4 | M?c ??: 10.0
"Phase Goal completed, deducting Dreamland Coupons equal to the target revenue.","Đã hoàn thành Mục Tiêu Giai Đoạn, trừ số Dreamland Coupons tương đương với doanh thu mục tiêu.",C?n ti?ng Anh nghi v?n: Coupons; Dreamland | S? t?/c?m nghi v?n: 2 | T? l? nghi v?n: 0.4 | M?c ??: 10.0
"Periodically launches Tacetite Spikes, dealing Physical DMG to Tacet Discords.","Thỉnh thoảng phóng Gai Tacetite, gây Sát Thương Physical lên Tacet Discord.",C?n ti?ng Anh nghi v?n: Physical; Tacetite | S? t?/c?m nghi v?n: 2 | T? l? nghi v?n: 0.4 | M?c ??: 10.0
"Periodically launches Tacetite Spikes, dealing Physical DMG to Tacet Discords.","Thỉnh thoảng phóng Gai Tacetite, gây Sát Thương Physical lên Tacet Discord.",C?n ti?ng Anh nghi v?n: Physical; Tacetite | S? t?/c?m nghi v?n: 2 | T? l? nghi v?n: 0.4 | M?c ??: 10.0
"Periodically launches Tacetite Spikes, dealing Physical DMG to Tacet Discords.","Thỉnh thoảng phóng Gai Tacetite, gây Sát Thương Physical lên Tacet Discord.",C?n ti?ng Anh nghi v?n: Physical; Tacetite | S? t?/c?m nghi v?n: 2 | T? l? nghi v?n: 0.4 | M?c ??: 10.0
"Periodically launches Tacetite Spikes, dealing Physical DMG to Tacet Discords.","Thỉnh thoảng phóng Gai Tacetite, gây Sát Thương Physical lên Tacet Discord.",C?n ti?ng Anh nghi v?n: Physical; Tacetite | S? t?/c?m nghi v?n: 2 | T? l? nghi v?n: 0.4 | M?c ??: 10.0
"Periodically launches Tacetite Spikes, dealing Physical DMG to Tacet Discords.","Thỉnh thoảng phóng Gai Tacetite, gây Sát Thương Physical lên Tacet Discord.",C?n ti?ng Anh nghi v?n: Physical; Tacetite | S? t?/c?m nghi v?n: 2 | T? l? nghi v?n: 0.4 | M?c ??: 10.0
"Periodically summons a Junrock Echo that explodes when approached by Tacet Discords, dealing AoE Physical DMG.","Định kỳ triệu hồi Ảnh Phản Chiếu Junrock phát nổ khi Tacet Discord đến gần, gây Sát Thương Physical diện rộng.",C?n ti?ng Anh nghi v?n: Junrock; Physical | S? t?/c?m nghi v?n: 2 | T? l? nghi v?n: 0.4 | M?c ??: 10.0
"Periodically summons a Junrock Echo that explodes when approached by Tacet Discords, dealing AoE Physical DMG.","Định kỳ triệu hồi Ảnh Phản Chiếu Junrock phát nổ khi Tacet Discord đến gần, gây Sát Thương Physical diện rộng.",C?n ti?ng Anh nghi v?n: Junrock; Physical | S? t?/c?m nghi v?n: 2 | T? l? nghi v?n: 0.4 | M?c ??: 10.0
"Periodically summons a Junrock Echo that explodes when approached by Tacet Discords, dealing AoE Physical DMG.","Định kỳ triệu hồi Ảnh Phản Chiếu Junrock phát nổ khi Tacet Discord đến gần, gây Sát Thương Physical diện rộng.",C?n ti?ng Anh nghi v?n: Junrock; Physical | S? t?/c?m nghi v?n: 2 | T? l? nghi v?n: 0.4 | M?c ??: 10.0
"Periodically summons a Junrock Echo that explodes when approached by Tacet Discords, dealing AoE Physical DMG.","Định kỳ triệu hồi Ảnh Phản Chiếu Junrock phát nổ khi Tacet Discord đến gần, gây Sát Thương Physical diện rộng.",C?n ti?ng Anh nghi v?n: Junrock; Physical | S? t?/c?m nghi v?n: 2 | T? l? nghi v?n: 0.4 | M?c ??: 10.0
"Periodically summons a Junrock Echo that explodes when approached by Tacet Discords, dealing AoE Physical DMG.","Định kỳ triệu hồi Ảnh Phản Chiếu Junrock phát nổ khi Tacet Discord đến gần, gây Sát Thương Physical diện rộng.",C?n ti?ng Anh nghi v?n: Junrock; Physical | S? t?/c?m nghi v?n: 2 | T? l? nghi v?n: 0.4 | M?c ??: 10.0
"Periodically launches Tacetite Spikes, dealing Physical DMG to Tacet Discords.","Thỉnh thoảng phóng Gai Tacetite, gây Sát Thương Physical lên Tacet Discord.",C?n ti?ng Anh nghi v?n: Physical; Tacetite | S? t?/c?m nghi v?n: 2 | T? l? nghi v?n: 0.4 | M?c ??: 10.0
"Periodically launches Tacetite Spikes, dealing Physical DMG to Tacet Discords.","Thỉnh thoảng phóng Gai Tacetite, gây Sát Thương Physical lên Tacet Discord.",C?n ti?ng Anh nghi v?n: Physical; Tacetite | S? t?/c?m nghi v?n: 2 | T? l? nghi v?n: 0.4 | M?c ??: 10.0
"Periodically launches Tacetite Spikes, dealing Physical DMG to Tacet Discords.","Thỉnh thoảng phóng Gai Tacetite, gây Sát Thương Physical lên Tacet Discord.",C?n ti?ng Anh nghi v?n: Physical; Tacetite | S? t?/c?m nghi v?n: 2 | T? l? nghi v?n: 0.4 | M?c ??: 10.0
"Periodically summons a Junrock Echo that explodes when approached by Tacet Discords, dealing AoE Physical DMG.","Định kỳ triệu hồi Ảnh Phản Chiếu Junrock phát nổ khi Tacet Discord đến gần, gây Sát Thương Physical diện rộng.",C?n ti?ng Anh nghi v?n: Junrock; Physical | S? t?/c?m nghi v?n: 2 | T? l? nghi v?n: 0.4 | M?c ??: 10.0
"Periodically summons a Junrock Echo that explodes when approached by Tacet Discords, dealing AoE Physical DMG.","Định kỳ triệu hồi Ảnh Phản Chiếu Junrock phát nổ khi Tacet Discord đến gần, gây Sát Thương Physical diện rộng.",C?n ti?ng Anh nghi v?n: Junrock; Physical | S? t?/c?m nghi v?n: 2 | T? l? nghi v?n: 0.4 | M?c ??: 10.0
"Periodically summons a Junrock Echo that explodes when approached by Tacet Discords, dealing AoE Physical DMG.","Định kỳ triệu hồi Ảnh Phản Chiếu Junrock phát nổ khi Tacet Discord đến gần, gây Sát Thương Physical diện rộng.",C?n ti?ng Anh nghi v?n: Junrock; Physical | S? t?/c?m nghi v?n: 2 | T? l? nghi v?n: 0.4 | M?c ??: 10.0
"Periodically launches Tacetite Spikes, dealing Physical DMG to Tacet Discords.","Thỉnh thoảng phóng Gai Tacetite, gây Sát Thương Physical lên Tacet Discord.",C?n ti?ng Anh nghi v?n: Physical; Tacetite | S? t?/c?m nghi v?n: 2 | T? l? nghi v?n: 0.4 | M?c ??: 10.0
"Periodically launches Tacetite Spikes, dealing Physical DMG to Tacet Discords.","Thỉnh thoảng phóng Gai Tacetite, gây Sát Thương Physical lên Tacet Discord.",C?n ti?ng Anh nghi v?n: Physical; Tacetite | S? t?/c?m nghi v?n: 2 | T? l? nghi v?n: 0.4 | M?c ??: 10.0
"Periodically launches Tacetite Spikes, dealing Physical DMG to Tacet Discords.","Thỉnh thoảng phóng Gai Tacetite, gây Sát Thương Physical lên Tacet Discord.",C?n ti?ng Anh nghi v?n: Physical; Tacetite | S? t?/c?m nghi v?n: 2 | T? l? nghi v?n: 0.4 | M?c ??: 10.0
"Periodically summons a Junrock Echo that explodes when approached by Tacet Discords, dealing AoE Physical DMG.","Định kỳ triệu hồi Ảnh Phản Chiếu Junrock phát nổ khi Tacet Discord đến gần, gây Sát Thương Physical diện rộng.",C?n ti?ng Anh nghi v?n: Junrock; Physical | S? t?/c?m nghi v?n: 2 | T? l? nghi v?n: 0.4 | M?c ??: 10.0
"Periodically summons a Junrock Echo that explodes when approached by Tacet Discords, dealing AoE Physical DMG.","Định kỳ triệu hồi Ảnh Phản Chiếu Junrock phát nổ khi Tacet Discord đến gần, gây Sát Thương Physical diện rộng.",C?n ti?ng Anh nghi v?n: Junrock; Physical | S? t?/c?m nghi v?n: 2 | T? l? nghi v?n: 0.4 | M?c ??: 10.0
"Periodically summons a Junrock Echo that explodes when approached by Tacet Discords, dealing AoE Physical DMG.","Định kỳ triệu hồi Ảnh Phản Chiếu Junrock phát nổ khi Tacet Discord đến gần, gây Sát Thương Physical diện rộng.",C?n ti?ng Anh nghi v?n: Junrock; Physical | S? t?/c?m nghi v?n: 2 | T? l? nghi v?n: 0.4 | M?c ??: 10.0
The damage dealt by [Erosion Sigil] is Amplified and additionally triggers the damage effect of Aero Erosion and Spectro Frazzle.,Sát thương gây ra bởi [Erosion Sigil] được Khuếch Đại và đồng thời kích hoạt hiệu ứng sát thương của Aero Erosion và Spectro Frazzle.,C?n ti?ng Anh nghi v?n: Erosion; Frazzle | S? t?/c?m nghi v?n: 2 | T? l? nghi v?n: 0.4 | M?c ??: 10.0
<color=#c49e55><te href=800026>Bullet Weapons</te></color>' Crit. DMG against distant enemies is increased by 60%.,<color=#c49e55><te href=800026>Bullet Weapons</te></color> tăng 60% Crit. DMG đối với kẻ địch ở xa.,C?n ti?ng Anh nghi v?n: Bullet; Weapons | S? t?/c?m nghi v?n: 2 | T? l? nghi v?n: 0.4 | M?c ??: 10.0
"Galbrena: By my trigger... enter hell's gates!
<te href=260005>Chimera</te>: Scorched to ash!","Galbrena: Theo mệnh lệnh của ta... bước vào cửa địa ngục!
<te href=260005>Chimera</te>: Thiêu rụi thành tro!",C?n ti?ng Anh nghi v?n: Chimera; Galbrena | S? t?/c?m nghi v?n: 2 | T? l? nghi v?n: 0.4 | M?c ??: 10.0
Triggering Tune Break creates a thunderstorm that deals 6000% Electro DMG to enemies.,Kích hoạt Tune Break tạo ra bão sấm sét gây 6000% Electro DMG lên kẻ địch.,C?n ti?ng Anh nghi v?n: Break; Tune | S? t?/c?m nghi v?n: 2 | T? l? nghi v?n: 0.4 | M?c ??: 10.0
"When under the influence of a Void Storm, Resonators in the team take 20% less DMG.","Khi chịu ảnh hưởng của Void Storm, Resonators trong đội nhận ít hơn 20% Sát Thương.",C?n ti?ng Anh nghi v?n: Storm; Void | S? t?/c?m nghi v?n: 2 | T? l? nghi v?n: 0.4 | M?c ??: 10.0
"When under the influence of a Void Storm, Resonators in the team take less DMG.","Khi chịu ảnh hưởng của Void Storm, Resonators trong đội nhận ít sát thương hơn.",C?n ti?ng Anh nghi v?n: Storm; Void | S? t?/c?m nghi v?n: 2 | T? l? nghi v?n: 0.4 | M?c ??: 10.0
"Passive Tactic: For each Quick-Deploy, you gain {0} points of HP.","Passive Tactic: Mỗi lần Triển khai Nhanh, bạn nhận được {0} HP.",C?n ti?ng Anh nghi v?n: Passive; Tactic | S? t?/c?m nghi v?n: 2 | T? l? nghi v?n: 0.4 | M?c ??: 10.0
Defeat the Round 3 enemies of Singularity Expansion in Doubled Pawns Matrix: Pilot,Tiêu diệt đợt địch thứ 3 của Singularity Expansion trong Ma Trận Tốt Đôi: Phi Công,C?n ti?ng Anh nghi v?n: Expansion; Singularity | S? t?/c?m nghi v?n: 2 | T? l? nghi v?n: 0.4 | M?c ??: 10.0
"Activate the Startorch Academy Resonance Nexus in Main Quest ""What Burns Beneath Frostlands.""","Kích hoạt Resonance Nexus Học Viện Startorch trong Nhiệm Vụ Chính ""Điều Gì Nung Nấu Dưới Lãnh Nguyên.""",C?n ti?ng Anh nghi v?n: Nexus; Startorch | S? t?/c?m nghi v?n: 2 | T? l? nghi v?n: 0.4 | M?c ??: 10.0
Every <color=Highlight>{0}</color> excess Crit. Rate from the Main Weapon is converted into <color=Highlight>{1}</color> Crit. DMG.,Mỗi <color=Highlight>{0}</color> Crit. Rate dư thừa từ Vũ Khí Main sẽ chuyển hóa thành <color=Highlight>{1}</color> Crit. DMG.,C?n ti?ng Anh nghi v?n: Main; Rate | S? t?/c?m nghi v?n: 2 | T? l? nghi v?n: 0.4 | M?c ??: 10.0
"Main Weapon is modded with <color=Highlight>Shotgun Module</color>: <color=Highlight>{0}</color> projectiles can be shot in a single attack, covering targets on multiple lanes. But projectile damage is reduced by <color=Highlight>{1}</color>.","Vũ Khí Main được lắp đặt <color=Highlight>Shotgun Mô-đun</color>: Có thể bắn <color=Highlight>{0}</color> viên đạn trong một lần tấn công, bao phủ nhiều mục tiêu trên các làn khác nhau. Nhưng sát thương đạn giảm <color=Highlight>{1}</color>.",C?n ti?ng Anh nghi v?n: Main; Shotgun | S? t?/c?m nghi v?n: 2 | T? l? nghi v?n: 0.4 | M?c ??: 10.0
"Unlock Main Weapon: Zap Module
Fires an additional laser beam at regular intervals, dealing massive damage.","Mở khóa Vũ Khí Chính: Zap Mô-đun
Bắn thêm một tia laser theo chu kỳ đều đặn, gây sát thương lớn.",C?n ti?ng Anh nghi v?n: laser; Zap | S? t?/c?m nghi v?n: 2 | T? l? nghi v?n: 0.4 | M?c ??: 10.0
"Upgrade Effect:
When under the influence of a Void Storm, Resonators in the team take 20% less DMG.","Hiệu ứng nâng cấp:
Khi chịu ảnh hưởng của Void Storm, Resonators trong đội giảm 20% Sát Thương nhận vào.",C?n ti?ng Anh nghi v?n: Storm; Void | S? t?/c?m nghi v?n: 2 | T? l? nghi v?n: 0.4 | M?c ??: 10.0
"Upgrade Effect:
After casting Steelwing Comet, gain 20% All-Attribute DMG Bonus for 120s.","Hiệu ứng nâng cấp:
Sau khi sử dụng Steelwing Comet, nhận thêm 20% Tăng Sát Thương Toàn Thuộc Tính trong 120 giây.",C?n ti?ng Anh nghi v?n: Comet; Steelwing | S? t?/c?m nghi v?n: 2 | T? l? nghi v?n: 0.4 | M?c ??: 10.0
"At Zahira's recommendation, you become a test volunteer helping rebuild the route network across the Etching Plains. With Elowyn's assistance, you restore the transport routes, and the lifelines of the plain begin to spread out beneath your feet once more.","Theo đề xuất của Zahira, cậu trở thành tình nguyện viên thử nghiệm giúp khôi phục mạng lưới đường đi trên Etching Plains. Với sự trợ giúp của Elowyn, cậu khôi phục các tuyến vận chuyển, và những mạch sống của đồng bằng lại dần trải rộng dưới chân cậu.",C?n ti?ng Anh nghi v?n: Etching; Plains | S? t?/c?m nghi v?n: 2 | T? l? nghi v?n: 0.4 | M?c ??: 10.0
The number limit of Waypoints has been reached. Do you wish to consume [{0}] x1 to place a Waypoint and retrieve the first one?,Đã đạt giới hạn số Waypoint. Bạn có muốn tiêu hao [{0}] x1 để đặt một Waypoint mới và thu hồi điểm đầu tiên không?,C?n ti?ng Anh nghi v?n: Waypoint | S? t?/c?m nghi v?n: 2 | T? l? nghi v?n: 0.5 | M?c ??: 10.0
"Activate the Startorch Academy Resonance Nexus in Main Quest ""What Burns Beneath Frostlands.""","Kích hoạt Resonance Nexus Học Viện Startorch trong Nhiệm Vụ Chính ""Điều Gì Nung Nấu Dưới Lãnh Nguyên.""",C?n ti?ng Anh nghi v?n: Nexus; Startorch | S? t?/c?m nghi v?n: 2 | T? l? nghi v?n: 0.4 | M?c ??: 10.0
"Activate the Startorch Academy Resonance Nexus in Main Quest ""What Burns Beneath Frostlands.""","Kích hoạt Resonance Nexus Học Viện Startorch trong Nhiệm Vụ Chính ""Điều Gì Nung Nấu Dưới Lãnh Nguyên.""",C?n ti?ng Anh nghi v?n: Nexus; Startorch | S? t?/c?m nghi v?n: 2 | T? l? nghi v?n: 0.4 | M?c ??: 10.0
"Activate the Startorch Academy Resonance Nexus in Main Quest ""What Burns Beneath Frostlands.""","Kích hoạt Resonance Nexus Học Viện Startorch trong Nhiệm Vụ Chính ""Điều Gì Nung Nấu Dưới Lãnh Nguyên.""",C?n ti?ng Anh nghi v?n: Nexus; Startorch | S? t?/c?m nghi v?n: 2 | T? l? nghi v?n: 0.4 | M?c ??: 10.0
"Defeating overworld enemies yields 55% more Shell Credits, lasting for 30m. Only effective on your own Resonators in Co-op Mode.",Tiêu diệt kẻ địch trên thế giới mở sẽ nhận thêm 55% Shell Credits trong 30 phút. Chỉ có hiệu lực với Resonators của riêng bạn trong Chế độ Hợp tác.,C?n ti?ng Anh nghi v?n: Credits; Shell | S? t?/c?m nghi v?n: 2 | T? l? nghi v?n: 0.4 | M?c ??: 10.0
"Defeating overworld enemies yields 55% more Shell Credits, lasting for 30m. Only effective on your own Resonators in Co-op Mode.",Tiêu diệt kẻ địch trên thế giới mở sẽ nhận thêm 55% Shell Credits trong 30 phút. Chỉ có hiệu lực với Resonators của riêng bạn trong Chế độ Hợp tác.,C?n ti?ng Anh nghi v?n: Credits; Shell | S? t?/c?m nghi v?n: 2 | T? l? nghi v?n: 0.4 | M?c ??: 10.0
"Can be used to obtain a random collected Echo.
Upgrade the Data Bank to increase your chance of getting Echoes of higher Rarity.","Có thể dùng để nhận một Echoes ngẫu nhiên đã thu thập.
Nâng cấp Data Bank để tăng cơ hội nhận được Echoes hiếm hơn.",C?n ti?ng Anh nghi v?n: Bank; Data | S? t?/c?m nghi v?n: 2 | T? l? nghi v?n: 0.4 | M?c ??: 10.0
"Defeating overworld enemies yields 28% more Shell Credits, lasting for 30m. Only effective on your own Resonators in Co-op Mode.",Tiêu diệt kẻ địch trên thế giới mở sẽ nhận thêm 28% Shell Credits trong 30 phút. Chỉ có hiệu lực với Resonators của riêng bạn trong Chế độ Hợp tác.,C?n ti?ng Anh nghi v?n: Credits; Shell | S? t?/c?m nghi v?n: 2 | T? l? nghi v?n: 0.4 | M?c ??: 10.0
"Defeating overworld enemies yields 28% more Shell Credits, lasting for 30m. Only effective on your own Resonators in Co-op Mode.",Tiêu diệt kẻ địch trên thế giới mở sẽ nhận thêm 28% Shell Credits trong 30 phút. Chỉ có hiệu lực với Resonators của riêng bạn trong Chế độ Hợp tác.,C?n ti?ng Anh nghi v?n: Credits; Shell | S? t?/c?m nghi v?n: 2 | T? l? nghi v?n: 0.4 | M?c ??: 10.0
"A scripture fragment obtained by chance, used to enhance Phoebe's Fishing Ability, and increase hull Durability.","Một mảnh kinh thư tình cờ tìm được, dùng để nâng cao Fishing Ability của Phoebe và tăng Độ Bền thân tàu.",C?n ti?ng Anh nghi v?n: Ability; Fishing | S? t?/c?m nghi v?n: 2 | T? l? nghi v?n: 0.4 | M?c ??: 10.0
"Defeating overworld enemies yields 25% more Shell Credits, lasting for 30m. Only effective on your own Resonators in Co-op Mode.",Tiêu diệt kẻ địch trên thế giới mở sẽ nhận thêm 25% Shell Credits trong 30 phút. Chỉ có hiệu lực với Resonators của riêng bạn trong Chế độ Hợp tác.,C?n ti?ng Anh nghi v?n: Credits; Shell | S? t?/c?m nghi v?n: 2 | T? l? nghi v?n: 0.4 | M?c ??: 10.0
"Defeating overworld enemies yields 25% more Shell Credits, lasting for 30m. Only effective on your own Resonators in Co-op Mode.",Tiêu diệt kẻ địch trên thế giới mở sẽ nhận thêm 25% Shell Credits trong 30 phút. Chỉ có hiệu lực với Resonators của riêng bạn trong Chế độ Hợp tác.,C?n ti?ng Anh nghi v?n: Credits; Shell | S? t?/c?m nghi v?n: 2 | T? l? nghi v?n: 0.4 | M?c ??: 10.0
"Defeating overworld enemies yields 50% more Shell Credits, lasting for 30m. Only effective on your own Resonators in Co-op Mode.",Tiêu diệt kẻ địch trên thế giới mở sẽ nhận thêm 50% Shell Credits trong 30 phút. Chỉ có hiệu lực với Resonators của riêng bạn trong Chế độ Hợp tác.,C?n ti?ng Anh nghi v?n: Credits; Shell | S? t?/c?m nghi v?n: 2 | T? l? nghi v?n: 0.4 | M?c ??: 10.0
"Defeating overworld enemies yields 50% more Shell Credits, lasting for 30m. Only effective on your own Resonators in Co-op Mode.",Tiêu diệt kẻ địch trên thế giới mở sẽ nhận thêm 50% Shell Credits trong 30 phút. Chỉ có hiệu lực với Resonators của riêng bạn trong Chế độ Hợp tác.,C?n ti?ng Anh nghi v?n: Credits; Shell | S? t?/c?m nghi v?n: 2 | T? l? nghi v?n: 0.4 | M?c ??: 10.0
A data module for Cubes. Equip to increase Crit. Rate.,Mô-đun dữ liệu cho Cube. Equip để tăng Crit. Rate.,C?n ti?ng Anh nghi v?n: Equip; Rate | S? t?/c?m nghi v?n: 2 | T? l? nghi v?n: 0.4 | M?c ??: 10.0
Increases Max STA for Flight by 10 points. Can be obtained from Exploration Rewards of Ragunna.,Tăng STA tối đa cho Flight thêm 10 điểm. Có thể nhận được từ Rewards Thám hiểm ở Ragunna.,C?n ti?ng Anh nghi v?n: Flight; Rewards | S? t?/c?m nghi v?n: 2 | T? l? nghi v?n: 0.4 | M?c ??: 10.0
Increases Max STA for Flight by 10 points. Can be obtained from Exploration Rewards of Ragunna.,Tăng STA tối đa cho Flight thêm 10 điểm. Có thể nhận được từ Rewards Thám hiểm ở Ragunna.,C?n ti?ng Anh nghi v?n: Flight; Rewards | S? t?/c?m nghi v?n: 2 | T? l? nghi v?n: 0.4 | M?c ??: 10.0
"A scripture fragment obtained by chance, used to enhance Phoebe's Fishing Ability, and increase hull Durability.","Một mảnh kinh thư tình cờ tìm được, dùng để nâng cao Fishing Ability của Phoebe và tăng Độ Bền thân tàu.",C?n ti?ng Anh nghi v?n: Ability; Fishing | S? t?/c?m nghi v?n: 2 | T? l? nghi v?n: 0.4 | M?c ??: 10.0
"Each time defeating a target increases ATK of all Resonators in the team by 9%, stacking up to 10 times.

This Token can be used up to <color=#fee388>2</color> times in Whimpering Wastes.","Mỗi khi tiêu diệt một mục tiêu sẽ tăng Tấn Công của tất cả Resonators trong đội lên 9%, có thể chồng chất tối đa 10 lần.

Mảnh này có thể sử dụng tối đa <color=#fee388>2</color> lần tại Whimpering Wastes.",C?n ti?ng Anh nghi v?n: Wastes; Whimpering | S? t?/c?m nghi v?n: 2 | T? l? nghi v?n: 0.4 | M?c ??: 10.0
A kind of special cookie that can be found in the Cube World. Used to increase Cube Experience.,Loại bánh quy đặc biệt có thể tìm thấy ở Thế Giới Cube. Dùng để tăng Kinh Nghiệm Cube.,C?n ti?ng Anh nghi v?n: Cube | S? t?/c?m nghi v?n: 2 | T? l? nghi v?n: 0.5 | M?c ??: 10.0
A kind of special cookie that can be found in the Cube World. Used to increase Cube Experience.,Loại bánh quy đặc biệt có thể tìm thấy ở Thế Giới Cube. Dùng để tăng Kinh Nghiệm Cube.,C?n ti?ng Anh nghi v?n: Cube | S? t?/c?m nghi v?n: 2 | T? l? nghi v?n: 0.5 | M?c ??: 10.0
"When Resonators are in mid-air, their DMG dealt is Amplified by 80%.

This Token can be used up to <color=#fee388>2</color> times in Whimpering Wastes.","Khi Resonators ở trên không, Sát Thương gây ra sẽ được Khuếch Đại thêm 80%.

Mảnh Ghép này có thể sử dụng tối đa <color=#fee388>2</color> lần tại Whimpering Wastes.",C?n ti?ng Anh nghi v?n: Wastes; Whimpering | S? t?/c?m nghi v?n: 2 | T? l? nghi v?n: 0.4 | M?c ??: 10.0
"The Burning Waves state becomes permanent. While in Burning Waves, Resonators deal 50% more DMG.

This Token can be used up to <color=#fee388>2</color> times in Whimpering Wastes.","Trạng thái Sóng Cháy trở thành vĩnh viễn. Khi ở trong Sóng Cháy, Resonators gây thêm 50% sát thương.

Mảnh này có thể sử dụng tối đa <color=#fee388>2</color> lần tại Whimpering Wastes.",C?n ti?ng Anh nghi v?n: Wastes; Whimpering | S? t?/c?m nghi v?n: 2 | T? l? nghi v?n: 0.4 | M?c ??: 10.0
"""Did the Void Storm consume me? Am I... dead?""",Cơn Void Storm đã nuốt chửng ta rồi sao? Ta... đã chết chưa?,C?n ti?ng Anh nghi v?n: Storm; Void | S? t?/c?m nghi v?n: 2 | T? l? nghi v?n: 0.4 | M?c ??: 10.0
The clock starts now. Recover all Royan runes before Duskveil gets initiated.,Bắt đầu đếm ngược. Hãy thu thập tất cả Rune Royan trước khi Duskveil kích hoạt.,C?n ti?ng Anh nghi v?n: Duskveil; Royan | S? t?/c?m nghi v?n: 2 | T? l? nghi v?n: 0.4 | M?c ??: 10.0
Goal 3: Use Resonance Skills 4 times,Mục tiêu 3: Sử dụng Resonance Skill 4 lần,C?n ti?ng Anh nghi v?n: Skill | S? t?/c?m nghi v?n: 1 | T? l? nghi v?n: 0.5 | M?c ??: 10.0
Goal 3: Use Resonance Skills 4 times,Mục tiêu 3: Sử dụng Resonance Skill 4 lần,C?n ti?ng Anh nghi v?n: Skill | S? t?/c?m nghi v?n: 1 | T? l? nghi v?n: 0.5 | M?c ??: 10.0
"<color=#ffd12f>[Attack]</color>
Slightly increase the trigger intervals of [Dreamscape Power: Damage] buffs and greatly increase ATK.","<color=#ffd12f>[Attack]</color>
Tăng nhẹ khoảng thời gian kích hoạt của hiệu ứng [Sức Mạnh Cảnh Mộng: Sát Thương] và tăng mạnh Attack.",C?n ti?ng Anh nghi v?n: Attack | S? t?/c?m nghi v?n: 1 | T? l? nghi v?n: 0.5 | M?c ??: 10.0
"<color=#ffd12f>[Trigger Interval]</color>
Slightly reduce the trigger intervals of [Dreamscape Power: Damage] buffs.",Giảm nhẹ khoảng thời gian kích hoạt của buff <color=#ffd12f>[Trigger Interval]</color>.,C?n ti?ng Anh nghi v?n: buff | S? t?/c?m nghi v?n: 1 | T? l? nghi v?n: 0.5 | M?c ??: 10.0
"<color=#ffd12f>[Attack]</color>
Taking DMG increases ATK based on HP already lost.","<color=#ffd12f>[Attack]</color>
Chịu sát thương sẽ tăng Attack dựa trên lượng HP đã mất.",C?n ti?ng Anh nghi v?n: Attack | S? t?/c?m nghi v?n: 1 | T? l? nghi v?n: 0.5 | M?c ??: 10.0
"In your dreams, you see Phrolova floating in the air with pages swirling around her.

Phrolova gives you a play that contains an account of the future. You don't believe her, but she seems indifferent. 

She tells you that Lupa will be the one to trigger the Dark Tide's surge in Septimont, and it will happen within three days.","Trong giấc mơ, ngươi thấy Phrolova lơ lửng giữa không trung, những trang giấy xoay cuộn quanh nàng.

Phrolova đưa cho ngươi một vở kịch ghi lại tương lai. Ngươi không tin, nhưng nàng dường như chẳng màng.

Nàng nói rằng Lupa sẽ là người kích hoạt Đợt Sóng Hắc Triều tại Septimont, và điều đó sẽ xảy ra trong vòng ba ngày tới.",C?n ti?ng Anh nghi v?n: Lupa; Phrolova | S? t?/c?m nghi v?n: 3 | T? l? nghi v?n: 0.188 | M?c ??: 9.88
"The waveform graph for Resonator Youhu shows a non-periodic rectangular pulse fluctuation for once, with sustained peak values during specific time intervals before a gradual decrease. These waveforms currently display clear sinusoidal fluctuations. Both the upper and lower peak values are low.

Resonant Criticality: Relatively high. Resonator Youhu's frequency displays high stability with a low risk of <te href=850073>Overclocking</te>.

Regular physical check-ups are recommended, while psychological counseling is currently deemed unnecessary.","Biểu đồ dạng sóng của Resonator Youhu từng xuất hiện dao động xung vuông không tuần hoàn, với giá trị đỉnh duy trì trong những khoảng thời gian nhất định trước khi giảm dần. Hiện tại, dạng sóng đang thể hiện dao động hình sin rõ rệt. Cả giá trị đỉnh trên và dưới đều thấp.

Độ Phản Ứng Cộng Hưởng: Tương đối cao. Tần số của Youhu có độ ổn định cao, nguy cơ <te href=850073>Overclocking</te> thấp.

Nên tiến hành kiểm tra sức khỏe định kỳ, nhưng tư vấn tâm lý hiện không cần thiết.",C?n ti?ng Anh nghi v?n: Overclocking; Youhu | S? t?/c?m nghi v?n: 3 | T? l? nghi v?n: 0.188 | M?c ??: 9.88
"A formidable opponent. His words and actions have indeed earned the Senate's favor. I'm well aware the Senate is far from clean, but I trust Avidius has no intention of sinking into its filth. What I do wonder, though, is how fiercely his ambition will burn… or whether the confusion I now see in his eyes will one day consume him, leaving only cold embers in the wake of a fire gone out.","Một đối thủ đáng nể. Lời nói và hành động của hắn quả thực đã chiếm được lòng tin của Senate. Ta biết Senate chẳng trong sạch chút nào, nhưng ta tin Avidius không có ý chìm đắm vào vũng bùn ấy. Điều ta băn khoăn là tham vọng của hắn sẽ cháy mãnh liệt đến đâu… hay liệu sự hoang mang hiện giờ trong ánh mắt hắn có một ngày nuốt chửng tất cả, chỉ để lại tro tàn lạnh lẽo sau ngọn lửa tàn.",C?n ti?ng Anh nghi v?n: Avidius; Senate | S? t?/c?m nghi v?n: 3 | T? l? nghi v?n: 0.188 | M?c ??: 9.88
"You finally find Jinhsi, who appears greatly weakened. She has learned from the Court of Savantae's records that the Sentinel was injured upon arriving at Mt. Firmament, and its worsening condition is causing the increasingly unstable flow of time. With Jinzhou endangered, Jinhsi intends to verify the Court's claims for herself. If necessary, she is prepared to engage the Sentinel in battle to trigger a Second Resonance, even if it means risking her life.","Cuối cùng cậu cũng tìm thấy Jinhsi, nhưng trông cô đang rất suy yếu. Từ những ghi chép của Tòa án Savantae, cô biết được Sentinel đã bị thương khi đến Núi Firmament, và tình trạng ngày càng tồi tệ của nó đang khiến dòng thời gian trở nên bất ổn hơn bao giờ hết. Với Jinzhou đang lâm nguy, Jinhsi quyết định tự mình xác minh lời tuyên bố của Tòa án. Nếu cần, cô sẵn sàng giao chiến với Sentinel để kích hoạt Lần Resonance Thứ Hai, dù phải đánh đổi cả tính mạng.",C?n ti?ng Anh nghi v?n: Firmament; Jinhsi | S? t?/c?m nghi v?n: 3 | T? l? nghi v?n: 0.176 | M?c ??: 9.76
"Yinlin tells you that the Séance Society is a dangerous organization that lures people in by promising to bring back their loved ones. They appear to be linked to the Fractsidus, and her mission is to gather evidence against them and identify the mastermind behind it all. Currently, she is investigating the prototype puppets in the hope they hold clues about their creator. Eager to recover your lost memories, you decide to assist Yinlin by following Lirong to the puppets' storage location.","Yinlin nói với cậu rằng Hội Séance là một tổ chức nguy hiểm, dụ dỗ người khác bằng lời hứa sẽ hồi sinh người thân đã mất. Chúng dường như có liên hệ với Fractsidus, và nhiệm vụ của cô là thu thập bằng chứng chống lại chúng cũng như tìm ra kẻ chủ mưu đứng sau. Hiện tại, cô đang điều tra những con rối nguyên mẫu với hy vọng chúng chứa manh mối về người tạo ra chúng. Với mong muốn lấy lại ký ức đã mất, cậu quyết định hỗ trợ Yinlin bằng cách theo chân Lirong đến nơi cất giữ những con rối.",C?n ti?ng Anh nghi v?n: Lirong; Yinlin | S? t?/c?m nghi v?n: 3 | T? l? nghi v?n: 0.176 | M?c ??: 9.76
Deals large amounts Smelt + Conduction DMG. Targets within the AoE with be inflicted Conduction and Smelt for 20 seconds. (Conduction: Target are easily interrupted by attacks.. Smelt: Target takes DoT DMG.),Gây lượng lớn Sát Thương Nung Chảy + Conduction. Mục tiêu trong phạm vi ảnh hưởng sẽ bị ảnh hưởng bởi Conduction và Nung Chảy trong 20 giây. (Conduction: Mục tiêu dễ bị gián đoạn bởi các đòn tấn công. Nung Chảy: Mục tiêu chịu Sát Thương theo thời gian.),C?n ti?ng Anh nghi v?n: Conduction | S? t?/c?m nghi v?n: 3 | T? l? nghi v?n: 0.273 | M?c ??: 9.73
"The Concerto Effect triggered by characters with Glacio and Fusion elements is called <color=#8c7e51>Glacio-Fusion Interference</color>.
Glacio-Fusion Interference can attach Glacio and Fusion status to enemies in a wide area. For a certain period of time, enemies with this status will trigger additional effects when they receive different types of elemental damage (Glacio, Fusion, Electro, and Aero damage).","Concerto Effect được kích hoạt bởi các Resonator mang nguyên tố Glacio và Fusion gọi là <color=#8c7e51>Glacio-Fusion Interference</color>.
Giao Thoa Glacio-Fusion có thể gắn trạng thái Glacio và Fusion lên kẻ địch trong phạm vi rộng. Trong một khoảng thời gian nhất định, kẻ địch mang trạng thái này sẽ kích hoạt hiệu ứng bổ sung khi nhận các loại sát thương nguyên tố khác nhau (Glacio DMG, Fusion, Electro và Aero).",C?n ti?ng Anh nghi v?n: Effect; Interference | S? t?/c?m nghi v?n: 2 | T? l? nghi v?n: 0.071 | M?c ??: 9.71
"The Concerto Effect triggered by characters with Fusion and Electro elements is called <color=#8c7e51>Fusion-Electro Interference</color>.
Fusion-Electro Interference can attach Fusion and Electro status to enemies in a wide area. For a certain period of time, enemies with this status will trigger additional effects when they receive different types of elemental damage (Glacio, Fusion, Electro, and Aero damage).","Concerto Effect được kích hoạt bởi các Resonator mang nguyên tố Fusion và Electro gọi là <color=#8c7e51>Fusion-Electro Interference</color>.
Giao Thoa Fusion-Electro có thể gắn trạng thái Fusion và Electro lên kẻ địch trong phạm vi rộng. Trong một khoảng thời gian nhất định, kẻ địch mang trạng thái này sẽ kích hoạt hiệu ứng bổ sung khi nhận các loại sát thương nguyên tố khác nhau (Glacio DMG, Fusion, Electro và Aero).",C?n ti?ng Anh nghi v?n: Effect; Interference | S? t?/c?m nghi v?n: 2 | T? l? nghi v?n: 0.071 | M?c ??: 9.71
"The Concerto Effect triggered by characters with Glacio and Fusion elements is called <color=#8c7e51>Glacio-Fusion Interference</color>.
Glacio-Fusion Interference can attach Glacio and Fusion status to enemies in a wide area. For a certain period of time, enemies with this status will trigger additional effects when they receive different types of elemental damage (Glacio, Fusion, Electro, and Aero damage).","Concerto Effect được kích hoạt bởi các Resonator mang nguyên tố Glacio và Fusion gọi là <color=#8c7e51>Glacio-Fusion Interference</color>.
Giao Thoa Glacio-Fusion có thể gắn trạng thái Glacio và Fusion lên kẻ địch trong phạm vi rộng. Trong một khoảng thời gian nhất định, kẻ địch mang trạng thái này sẽ kích hoạt hiệu ứng bổ sung khi nhận các loại sát thương nguyên tố khác nhau (Glacio DMG, Fusion, Electro và Aero).",C?n ti?ng Anh nghi v?n: Effect; Interference | S? t?/c?m nghi v?n: 2 | T? l? nghi v?n: 0.071 | M?c ??: 9.71
"The Concerto Effect triggered by characters with Fusion and Electro elements is called <color=#8c7e51>Fusion-Electro Interference</color>.
Fusion-Electro Interference can attach Fusion and Electro status to enemies in a wide area. For a certain period of time, enemies with this status will trigger additional effects when they receive different types of elemental damage (Glacio, Fusion, Electro, and Aero damage).","Concerto Effect được kích hoạt bởi các Resonator mang nguyên tố Fusion và Electro gọi là <color=#8c7e51>Fusion-Electro Interference</color>.
Giao Thoa Fusion-Electro có thể gắn trạng thái Fusion và Electro lên kẻ địch trong phạm vi rộng. Trong một khoảng thời gian nhất định, kẻ địch mang trạng thái này sẽ kích hoạt hiệu ứng bổ sung khi nhận các loại sát thương nguyên tố khác nhau (Glacio DMG, Fusion, Electro và Aero).",C?n ti?ng Anh nghi v?n: Effect; Interference | S? t?/c?m nghi v?n: 2 | T? l? nghi v?n: 0.071 | M?c ??: 9.71
"This enemy has a <color=HighlightB>higher RES</color> to <color=Wind>Aero DMG</color>.

Kerasaurs are fierce, amphibious Tacet Discords mimicking Saurosuchus. They gain their name from the spiky scales covering their bodies.

Kerasaurs are not indigenous to Septimont. They were introduced as gladiatorial opponents in matches for their distinct appearance and aggressive behavior.

Their pronounced territorial instincts also make them the ideal Echoes to serve in the city's defense force once tamed.","Kẻ địch này có <color=HighlightB>kháng</color> <color=Wind>Aero DMG</color> <color=HighlightB>cao hơn</color>.

Kerasaurs là những Tacet Discord lưỡng cư hung dữ, bắt chước loài Saurosuchus. Chúng được đặt tên theo những chiếc vảy gai nhọn bao phủ cơ thể.

Kerasaurs không phải loài bản địa của Septimont. Chúng được đưa vào làm đối thủ trong các trận đấu giác đấu vì ngoại hình đặc biệt và tính cách hung hãn.

Bản năng lãnh thổ mạnh mẽ cũng khiến chúng trở thành những Echoes lý tưởng để phục vụ trong lực lượng phòng thủ thành phố sau khi được thuần hóa.",C?n ti?ng Anh nghi v?n: Kerasaurs; Saurosuchus | S? t?/c?m nghi v?n: 3 | T? l? nghi v?n: 0.158 | M?c ??: 9.58
"This enemy has a <color=HighlightB>higher RES</color> to <color=Light>Spectro DMG </color>.

To explore Lahai-Roi with greater efficiency, the Research Institute deployed Geospider robots. Now in its S4 iteration, the Geospider's mobility and intel-gathering capabilities are unmatched. They are frequently taken on scientific expeditions and equipped with a high-precision sensor suite to defend both themselves and personnel.","Kẻ địch này có <color=HighlightB>kháng</color> <color=Light>Spectro DMG</color> <color=HighlightB>cao hơn</color>.

Để khám phá Lahai-Roi hiệu quả hơn, Viện Nghiên Cứu đã triển khai robot Geospider. Ở phiên bản S4, khả năng di chuyển và thu thập thông tin của Geospider là vô song. Chúng thường được mang theo trong các chuyến thám hiểm khoa học và trang bị bộ cảm biến chính xác cao để tự vệ cũng như bảo vệ nhân sự.",C?n ti?ng Anh nghi v?n: Geospider; Lahai | S? t?/c?m nghi v?n: 3 | T? l? nghi v?n: 0.158 | M?c ??: 9.58
"After piecing together the clues, you uncover the truth. Mingyan used her Forte to create temporary phantasms in her art that attracted Tacet Discords. The ""monsters"" reported by witnesses were merely distorted phantasms seen by frightened people in the dark. Zhezhi insists that Mingyan was not motivated by personal gain, and asks that you continue to search for evidence to clear her name in her art studio.","Sau khi ghép nối các manh mối, cậu phát hiện ra sự thật. Mingyan đã dùng Forte của mình để tạo ra những ảo ảnh tạm thời trong tác phẩm nghệ thuật, thu hút Tacet Discord. Những ""quái vật"" mà nhân chứng nhìn thấy chỉ là những ảo ảnh méo mó do người dân hoảng sợ trong bóng tối. Zhezhi khẳng định Mingyan không hề vụ lợi cá nhân, và yêu cầu cậu tiếp tục tìm kiếm bằng chứng để minh oan cho cô ấy tại phòng tranh.",C?n ti?ng Anh nghi v?n: Mingyan; Zhezhi | S? t?/c?m nghi v?n: 3 | T? l? nghi v?n: 0.158 | M?c ??: 9.58
"Happy birthday, {PlayerName}. I must confess, ever since I found out about your birthday, I've been thinking about the perfect gift for you. You likely already possess many treasures, so I wanted mine to be something unique, practical, and delightful—something that would bring you joy and remind you of me. So, here it is: a pistol reshaped by my Forte. It symbolizes that you have the freedom to do as you wish. Whether or not you're a Montelli, this promise holds true, always, in the name of Carlotta <te href=850101>Montelli</te>.","Chúc mừng sinh nhật, {PlayerName}. Ta phải thú thật, từ khi biết sinh nhật của cậu, ta đã suy nghĩ rất nhiều về món quà hoàn hảo nhất để tặng. Cậu chắc hẳn đã sở hữu vô số bảo vật, nên ta muốn món quà của mình phải thật đặc biệt, thiết thực và khiến cậu vui mừng—một thứ có thể mang lại niềm vui và nhắc cậu nhớ đến ta. Vậy nên, đây: một khẩu súng được tôi luyện bởi Forte của ta. Nó tượng trưng cho quyền tự do làm điều cậu muốn. Dù cậu có phải là Montelli hay không, lời hứa này vẫn mãi đúng, nhân danh Carlotta <te href=850101>Montelli</te>.",C?n ti?ng Anh nghi v?n: Carlotta; Montelli | S? t?/c?m nghi v?n: 3 | T? l? nghi v?n: 0.15 | M?c ??: 9.5
"A mark found either on a Resonator's skin or the ground of a Tacet Field.
For Resonators, these marks serve as conduits for their Forte, a sign of their rebirth after awakening.
In Tacet Fields, the mark becomes the focal point where chaotic energy coalesces, forming the white Resonance Cord that births endless Tacet Discords into this world.","Một dấu hiệu được tìm thấy trên da của Resonators hoặc trên mặt đất của Tacet Field.
Với Resonators, những dấu hiệu này là đường dẫn cho Forte của họ, biểu tượng cho sự tái sinh sau khi thức tỉnh.
Trong Tacet Field, dấu hiệu trở thành điểm tập trung năng lượng hỗn loạn, tạo thành Resonance Cord trắng, sinh ra vô số Tacet Discord trên thế giới này.",C?n ti?ng Anh nghi v?n: Cord; Field | S? t?/c?m nghi v?n: 3 | T? l? nghi v?n: 0.143 | M?c ??: 9.43
This type of Tactic enhances nearby Combat Machines within a certain range when active.,Loại chiến thuật này tăng cường sức mạnh cho các Combat Machines trong phạm vi nhất định khi kích hoạt.,C?n ti?ng Anh nghi v?n: Combat; Machines | S? t?/c?m nghi v?n: 2 | T? l? nghi v?n: 0.333 | M?c ??: 9.33
"Sonoro Sphere is a space of dense Remnant Energy capable of preserving transdimensional information. In Huanglong culture, such ethereal realms—neither tangible nor illusory—are often referred to as ""mirages.""","Sonoro Sphere là không gian chứa mật độ Năng Lượng Tàn Dư dày đặc, có khả năng lưu giữ thông tin xuyên chiều. Trong văn hóa Huanglong, những cõi vô hình như vậy—không thực cũng chẳng hư—thường được gọi là ""ảo ảnh"".",C?n ti?ng Anh nghi v?n: Sonoro; Sphere | S? t?/c?m nghi v?n: 2 | T? l? nghi v?n: 0.333 | M?c ??: 9.33
"Echoes with this Dream Attribute can grow stronger through Gradation. When certain Echoes meet their Gradation conditions, their Daily Coupon yield increases.","Những Resonator mang thuộc tính Giấc Mơ này có thể trở nên mạnh mẽ hơn thông qua Sự Tiến Hóa. Khi đạt đủ điều kiện Tiến Hóa, sản lượng Daily Coupon của chúng sẽ tăng lên.",C?n ti?ng Anh nghi v?n: Coupon; Daily | S? t?/c?m nghi v?n: 2 | T? l? nghi v?n: 0.333 | M?c ??: 9.33
"When an Echo on the field is Devoured, there is a 20% chance to generate a basic form of itself on a blank block.","Khi một Echo on the field bị Nuốt Chửng, có 20% khả năng tạo ra Hình Thái Cơ Bản của nó trên một ô trống.",C?n ti?ng Anh nghi v?n: field; on | S? t?/c?m nghi v?n: 2 | T? l? nghi v?n: 0.333 | M?c ??: 9.33
"When an Echo undergoes Gradation, there is a 5% chance to increase its Daily Coupon yield by 100%.","Khi một Echo trải qua Tiến Hóa, có 5% khả năng tăng lượng Daily Coupon tạo ra lên 100%.",C?n ti?ng Anh nghi v?n: Coupon; Daily | S? t?/c?m nghi v?n: 2 | T? l? nghi v?n: 0.333 | M?c ??: 9.33
Equip Hocus Pocus and use Echo Skill within the specified range,Gắn Hocus Pocus và sử dụng Kỹ Năng Echo trong phạm vi quy định,C?n ti?ng Anh nghi v?n: Hocus; Pocus | S? t?/c?m nghi v?n: 2 | T? l? nghi v?n: 0.333 | M?c ??: 9.33
Equip Hocus Pocus and use Echo Skill within the specified range,Gắn Hocus Pocus và sử dụng Kỹ Năng Echo trong phạm vi quy định,C?n ti?ng Anh nghi v?n: Hocus; Pocus | S? t?/c?m nghi v?n: 2 | T? l? nghi v?n: 0.333 | M?c ??: 9.33
"[Zealous] Successful Dodge Counter increases the Resonator's Crit. DMG by 15% for 15s, stacking up to 4 times.","[""Hăng Hái"" Dodge Counter thành công tăng Crit. DMG của Resonator thêm 15% trong 15 giây, tối đa 4 lần cộng dồn.",C?n ti?ng Anh nghi v?n: Counter; Dodge | S? t?/c?m nghi v?n: 2 | T? l? nghi v?n: 0.333 | M?c ??: 9.33
"[Zealous] Successful Dodge Counter increases the Resonator's Crit. DMG by 15% for 15s, stacking up to 4 times.","[""Hăng Hái"" Dodge Counter thành công tăng Crit. DMG của Resonator thêm 15% trong 15 giây, tối đa 4 lần cộng dồn.",C?n ti?ng Anh nghi v?n: Counter; Dodge | S? t?/c?m nghi v?n: 2 | T? l? nghi v?n: 0.333 | M?c ??: 9.33
"When Dodge is successfully performed, Crit. Rate is increased by 20% for 8s, stacking up to 3 times. The effect's duration resets with each new stack.","Khi Dodge thành công, Crit. Rate tăng 20% trong 8 giây, tối đa 3 lần cộng dồn. Thời gian hiệu ứng sẽ được làm mới với mỗi lần cộng dồn mới.",C?n ti?ng Anh nghi v?n: Dodge; Rate | S? t?/c?m nghi v?n: 2 | T? l? nghi v?n: 0.333 | M?c ??: 9.33
"<color=#e8aa32>[<te href=750032>DMG Enhancement</te>]</color>

For every <color=Highlight>{0}</color> Sim Credits you have, Combat Machines' Crit. DMG is increased by <color=Highlight>{1}</color>, up to the number equal to wave count *<color=Highlight>{2}</color>.","<color=#e8aa32>[<te href=750032>DMG Enhancement</te>]</color>

Cứ mỗi <color=Highlight>{0}</color> Sim Creditss bạn sở hữu, Crit. DMG của Combat Machines tăng thêm <color=Highlight>{1}</color>, tối đa bằng số đợt * <color=Highlight>{2}</color>.",C?n ti?ng Anh nghi v?n: Combat; Sim | S? t?/c?m nghi v?n: 2 | T? l? nghi v?n: 0.333 | M?c ??: 9.33
"<color=#e8aa32>[<te href=750032>DMG Enhancement</te>]</color>

For every <color=Highlight>{0}</color> Sim Credits you have, Combat Machines' Crit. Rateis increased by <color=Highlight>{1}</color>, up to the number equal to wave count *<color=Highlight>{2}</color>.","<color=#e8aa32>[<te href=750032>DMG Enhancement</te>]</color>

Cứ mỗi <color=Highlight>{0}</color> Sim Creditss bạn sở hữu, Crit. Rate của Combat Machines tăng thêm <color=Highlight>{1}</color>, tối đa bằng số đợt * <color=Highlight>{2}</color>.",C?n ti?ng Anh nghi v?n: Combat; Sim | S? t?/c?m nghi v?n: 2 | T? l? nghi v?n: 0.333 | M?c ??: 9.33
"<color=#e8aa32>[<te href=750021>Echo-Type Combat Machine</te>]</color>

Tacet Discords hit by Hologram Echo: Junrock have all of their RES reduced by <color=Highlight>{0}</color> for <color=Highlight>{1}</color>s.","<color=#e8aa32>[<te href=750021>Echo-Type Combat Machine</te>]</color>

Tacet Discord bị trúng Hologram Echo: Junrock sẽ bị giảm toàn bộ Kháng thêm <color=Highlight>{0}</color> trong <color=Highlight>{1}</color> giây.",C?n ti?ng Anh nghi v?n: Hologram; Junrock | S? t?/c?m nghi v?n: 2 | T? l? nghi v?n: 0.333 | M?c ??: 9.33
"<color=#e8aa32>[<te href=750021>Echo-Type Combat Machine</te>]</color>

Tacet Discords hit by Hologram Echo: Junrock have all of their RES reduced by <color=Highlight>{0}</color> for <color=Highlight>{1}</color>s.","<color=#e8aa32>[<te href=750021>Echo-Type Combat Machine</te>]</color>

Tacet Discord bị trúng Hologram Echo: Junrock sẽ bị giảm toàn bộ Kháng thêm <color=Highlight>{0}</color> trong <color=Highlight>{1}</color> giây.",C?n ti?ng Anh nghi v?n: Hologram; Junrock | S? t?/c?m nghi v?n: 2 | T? l? nghi v?n: 0.333 | M?c ??: 9.33
"As a matter of fact, the Terminals used in Ragunna, including their Resonance Nexus and Beacons, are all different from Jinzhou's.","Thực tế thì, các Thiết bị đầu cuối ở Ragunna, bao gồm cả Resonance Nexus và Beacons, đều khác với những cái ở Jinzhou.",C?n ti?ng Anh nghi v?n: Beacons; Nexus | S? t?/c?m nghi v?n: 2 | T? l? nghi v?n: 0.333 | M?c ??: 9.33
"Hm, a mechanism powered by Resonance, activated by etched sigils. So this is how the Septimontians of old purified Dark Tide remnants?","Hừm, một cơ chế vận hành bằng Resonance, kích hoạt bởi các ký hiệu khắc. Vậy đây là cách người Septimont cổ xưa thanh tẩy tàn tích của Dark Tide sao?",C?n ti?ng Anh nghi v?n: Dark; Tide | S? t?/c?m nghi v?n: 2 | T? l? nghi v?n: 0.333 | M?c ??: 9.33
"Now that Void Storms are gone, Lahai-Roi's ecosystem will gradually recover.","Giờ Void Storm đã tan, hệ sinh thái của Lahai-Roi sẽ dần hồi phục.",C?n ti?ng Anh nghi v?n: Lahai; Void | S? t?/c?m nghi v?n: 2 | T? l? nghi v?n: 0.333 | M?c ??: 9.33
Let me think... Only objects moving at an extreme velocity can trigger this glitch. You'd need... a vehicle like a motorbike.,Let me think... Chỉ có vật thể di chuyển ở tốc độ cực cao mới kích hoạt được lỗi này. Chắc phải cần... một phương tiện như xe máy thôi.,C?n ti?ng Anh nghi v?n: Let; think | S? t?/c?m nghi v?n: 2 | T? l? nghi v?n: 0.333 | M?c ??: 9.33
"Yes, I understand your concerns. Data shows that Lollo Logistics has the lowest cargo damage rate in the industry for international shipping.",Tôi hiểu những lo ngại của anh. Dữ liệu cho thấy Lollo Logistics có tỷ lệ hư hỏng hàng hóa thấp nhất ngành trong vận chuyển quốc tế.,C?n ti?ng Anh nghi v?n: Logistics; Lollo | S? t?/c?m nghi v?n: 2 | T? l? nghi v?n: 0.333 | M?c ??: 9.33
"After taking a certain amount of damage, Mech Abomination shapeshifts and releases a powerful attack.","Sau khi chịu một lượng sát thương nhất định, Mech Abomination sẽ biến hình và tung ra đòn tấn công mạnh mẽ.",C?n ti?ng Anh nghi v?n: Abomination; Mech | S? t?/c?m nghi v?n: 2 | T? l? nghi v?n: 0.333 | M?c ??: 9.33
"After completing Sonoro Sphere challenges, you can consume Waveplates to claim rewards.","Sau khi hoàn thành các thử thách trong Sonoro Sphere, cậu có thể dùng Waveplate để nhận thưởng.",C?n ti?ng Anh nghi v?n: Sonoro; Sphere | S? t?/c?m nghi v?n: 2 | T? l? nghi v?n: 0.333 | M?c ??: 9.33
"After completing Sonoro Sphere challenges, you can consume Waveplates to claim rewards.","Sau khi hoàn thành các thử thách trong Sonoro Sphere, cậu có thể dùng Waveplate để nhận thưởng.",C?n ti?ng Anh nghi v?n: Sonoro; Sphere | S? t?/c?m nghi v?n: 2 | T? l? nghi v?n: 0.333 | M?c ??: 9.33
"After completing Sonoro Sphere challenges, you can consume Waveplates to claim rewards.","Sau khi hoàn thành các thử thách trong Sonoro Sphere, cậu có thể dùng Waveplate để nhận thưởng.",C?n ti?ng Anh nghi v?n: Sonoro; Sphere | S? t?/c?m nghi v?n: 2 | T? l? nghi v?n: 0.333 | M?c ??: 9.33
Reach Symphony Rank SS to significantly boost Crit. Rate and Crit. DMG.,Đạt Cấp Độ Giao Hưởng SS để tăng đáng kể Crit. Rate và Crit. DMG.,C?n ti?ng Anh nghi v?n: Rate; SS | S? t?/c?m nghi v?n: 2 | T? l? nghi v?n: 0.333 | M?c ??: 9.33
"Luuk Herssen swings his scalpel, dealing <color=Light>Spectro DMG</color>.","Luuk Herssen vung dao mổ, gây <color=Light>Spectro DMG</color>.",C?n ti?ng Anh nghi v?n: Herssen; Luuk | S? t?/c?m nghi v?n: 2 | T? l? nghi v?n: 0.333 | M?c ??: 9.33
Consume STA to deal <color=Fire>Fusion DMG</color> and restore <color=Highlight>Void Particle</color>.,Tiêu hao STA để gây <color=Fire>Fusion DMG</color> và hồi phục <color=Highlight>Void Particle</color>.,C?n ti?ng Anh nghi v?n: Particle; Void | S? t?/c?m nghi v?n: 2 | T? l? nghi v?n: 0.333 | M?c ??: 9.33
"Stand right before the monument base, then use Grapple to pull the misplaced monument back to its base to restore the monument.","Stand ngay trước chân bia, rồi dùng Grapple kéo tấm bia bị lệch về vị trí cũ để khôi phục lại di tích.",C?n ti?ng Anh nghi v?n: Grapple; Stand | S? t?/c?m nghi v?n: 2 | T? l? nghi v?n: 0.333 | M?c ??: 9.33
"[About]
Tethys's crisis simulation program is getting an upgrade. With newly gathered data from the Black Shores and Rinascita, harsher scenarios await those who dare to face the challenge…

[Eligibility]
Reach Union Level 30.

[Crisis Trials]
As a member of the Black Shores, take on trials with different combinations of Stress Modules.
Each Crisis Trial has a default set of Stress Modules. Support Modules are available to lower the trial's difficulty.
After completing a Crisis Trial, the corresponding Disaster Trial along with its Stress Modules and Support Modules will be unlocked.

[Disaster Trials]
To gather additional combat data and improve the Black Shores's crisis response plans, this training program also includes a Hard Mode.
As a member of the Black Shores, you will face <color=#c89a45>hard challenges</color> with various Stress Module combinations.
Disaster Trials have no required Stress Level. Data samples are gathered from participants pushing their limits.
Participating in a Disaster Trial will consume Support Modules, so select them carefully in advance.
Certain risky Stress Modules can only be unlocked after clearing the corresponding Disaster Trials or clearing a Disaster Trial with the required Stress Level. 
<color=#c89a45>Warning: Equipping too many Stress Modules may make the trial excessively challenging.</color>

[Revival Mechanism]
If a participant is downed in a trial, they can consume Stress Levels to revive. This also gives a corresponding buff.
Please note that consuming Stress Levels will affect the completion and final result of Challenge Goals.

[Matrix Crystals]
Obtain Matrix Crystals by completing Challenge Goals in the Crisis and Disaster Trials. Matrix Crystals can be exchanged for rewards at the Supply Station. Completing certain Stress Level challenges in Disaster Trials will grant an <color=#c89a45>event-exclusive Title reward</color>.

<color=#c89a45>The Supply Station closes when this event ends. All remaining Matrix Crystals will expire and will not be reserved after the event ends. Please exchange your Matrix Crystals in time.</color>","Về Chương Trình
Chương trình mô phỏng khủng hoảng của Tethys đang được nâng cấp. Với dữ liệu mới thu thập từ Black Shores và Rinascita, những kịch bản khắc nghiệt hơn đang chờ đợi những ai dám đối mặt với thử thách…",C?n ti?ng Anh nghi v?n: Black; Shores | S? t?/c?m nghi v?n: 2 | T? l? nghi v?n: 0.333 | M?c ??: 9.33
"In Singularity Expansion, enemy HP increases by each round, and stronger enemy effects will be unlocked as rounds progress.","Trong Singularity Expansion, HP của kẻ địch sẽ tăng theo từng đợt, và các hiệu ứng mạnh hơn sẽ được mở khóa khi tiến độ tăng lên.",C?n ti?ng Anh nghi v?n: Expansion; Singularity | S? t?/c?m nghi v?n: 2 | T? l? nghi v?n: 0.333 | M?c ??: 9.33
"[About]
A team of Royan herders has run into trouble while guiding their Exoswarm across the frostlands. Now, they need your help to track down the strays.

[Eligibility]
Reach Union Level 14 and activate the Resonance Nexus in Startorch Academy during the Main Quest ""What Burns Beneath Frostlands"" to unlock.

[Event Rules]
During the event, ""Migration Mayhem"" stages unlock daily and come in Easy and Hard difficulties. The Easy and Hard levels include 1 and 2 lost Exoswarm respectively.

You and the Exoswarm will take turns to move in the game. You may place the Royan Shepherd's Staffs in the frostlands as barriers, use terrain features such as sinkholes and ice walls to restrict the Exoswarm's movement and surround them, and guide the lost Exoswarm back to the migration pack.

Fully surround the Exoswarm to complete the stage. Upon completion, you will receive rewards such as Astrites and upgrade Materials. Your personal record will be logged as the minimum number of Shepherd's Staffs used during each challenge.
You fail the challenge if you fail to surround the Exoswarm before they escape the current frostlands area and cause them to be lost in sight. You will need to reattempt the stage.

You may repeat each stage after its first completion. You can retry challenges as many times as needed to refresh your personal record.","Về Sự Kiện
Một đoàn người chăn gia súc Royan đã gặp rắc rối khi dẫn đàn Exoswarm băng qua vùng băng giá. Giờ đây, họ cần sự giúp đỡ của cậu để tìm lại những con thú đi lạc.",C?n ti?ng Anh nghi v?n: Exoswarm; Royan | S? t?/c?m nghi v?n: 2 | T? l? nghi v?n: 0.333 | M?c ??: 9.33
"Repairing the Common Knights scattered across the field can weaken the Examiner, reducing the Shield on the enemy around the Grand Knight.","Sửa lại các Hiệp Sĩ Common rải rác trên chiến trường có thể làm suy yếu Giám Khảo, giảm Shield bảo vệ kẻ địch xung quanh Hiệp Sĩ Cấp Cao.",C?n ti?ng Anh nghi v?n: Common; Shield | S? t?/c?m nghi v?n: 2 | T? l? nghi v?n: 0.333 | M?c ??: 9.33
Reach Symphony Rank SS to significantly boost Crit. Rate and Crit. DMG.,Đạt Cấp Độ Giao Hưởng SS để tăng đáng kể Crit. Rate và Crit. DMG.,C?n ti?ng Anh nghi v?n: Rate; SS | S? t?/c?m nghi v?n: 2 | T? l? nghi v?n: 0.333 | M?c ??: 9.33
Reach Symphony Rank SS to significantly boost Crit. Rate and Crit. DMG.,Đạt Cấp Độ Giao Hưởng SS để tăng đáng kể Crit. Rate và Crit. DMG.,C?n ti?ng Anh nghi v?n: Rate; SS | S? t?/c?m nghi v?n: 2 | T? l? nghi v?n: 0.333 | M?c ??: 9.33
Reach Symphony Rank SS to significantly boost Crit. Rate and Crit. DMG.,Đạt Cấp Độ Giao Hưởng SS để tăng đáng kể Crit. Rate và Crit. DMG.,C?n ti?ng Anh nghi v?n: Rate; SS | S? t?/c?m nghi v?n: 2 | T? l? nghi v?n: 0.333 | M?c ??: 9.33
Summon a Glacio Prism that deals Glacio DMG with crystal shards.,Summon Glacio Prism bắn các mảnh tinh thể gây Glacio DMG.,C?n ti?ng Anh nghi v?n: Prism; Summon | S? t?/c?m nghi v?n: 2 | T? l? nghi v?n: 0.333 | M?c ??: 9.33
Summon a Havoc Prism that deals Havoc DMG with crystal shards.,Summon một Havoc Prism gây Havoc DMG bằng các mảnh tinh thể.,C?n ti?ng Anh nghi v?n: Prism; Summon | S? t?/c?m nghi v?n: 2 | T? l? nghi v?n: 0.333 | M?c ??: 9.33
"Summon a Geospider S4 to attack enemies, dealing {0} Spectro DMG once and {1} Spectro DMG once.
 
 CD: {2}s.","Summon Geospider S4 tấn công kẻ địch, gây {0} Spectro DMG một lần và {1} Spectro DMG một lần nữa.

Hồi chiêu: {2} giây.",C?n ti?ng Anh nghi v?n: Geospider; Summon | S? t?/c?m nghi v?n: 2 | T? l? nghi v?n: 0.333 | M?c ??: 9.33
Attack the target and deal <color=Fire>Fusion DMG</color>. Gain DMG Multiplier increase for various enhanced moves during <color=Highlight>Demon Hypostasis</color>.,Tấn công mục tiêu và gây <color=Fire>Fusion DMG</color>. Nhận tăng Hệ Số Sát Thương cho các đòn tấn công được tăng cường trong trạng thái <color=Highlight>Demon Hypostasis</color>.,C?n ti?ng Anh nghi v?n: Demon; Hypostasis | S? t?/c?m nghi v?n: 2 | T? l? nghi v?n: 0.333 | M?c ??: 9.33
"Summon a Nimbus Wraith that restores the active Resonator's HP by {0} of their Max HP, up to 4 times.
CD: {1}s.","Summon Hồn Mây Nimbus hồi phục HP cho Resonator đang hoạt động bằng {0} HP tối đa của họ, tối đa 4 lần.
Hồi chiêu: {1} giây.",C?n ti?ng Anh nghi v?n: Nimbus; Summon | S? t?/c?m nghi v?n: 2 | T? l? nghi v?n: 0.333 | M?c ??: 9.33
"Transform into a Pilgrim's Shell to attack nearby enemies, dealing {0} Aero DMG.
CD: {1}s","Biến thành Pilgrim's Shell để tấn công kẻ địch xung quanh, gây {0} Aero DMG.
Hồi chiêu: {1} giây",C?n ti?ng Anh nghi v?n: Pilgrim's; Shell | S? t?/c?m nghi v?n: 2 | T? l? nghi v?n: 0.333 | M?c ??: 9.33
Transform into a Pilgrim's Shell to attack nearby enemies and deal Aero DMG.,"Biến thành Pilgrim's Shell để tấn công kẻ địch xung quanh, gây Aero DMG.",C?n ti?ng Anh nghi v?n: Pilgrim's; Shell | S? t?/c?m nghi v?n: 2 | T? l? nghi v?n: 0.333 | M?c ??: 9.33
Recover Forte Gauge for Coordinated Attacks on hit when Thunder Wedge in on the field,Hồi phục Thanh Forte khi Đòn Phối Hợp trúng mục tiêu khi Thunder Wedge đang hiện diện trên chiến trường,C?n ti?ng Anh nghi v?n: Thunder; Wedge | S? t?/c?m nghi v?n: 2 | T? l? nghi v?n: 0.333 | M?c ??: 9.33
Moonbow - Dodge Counter Extra Concerto Regen,Nguyệt Cung - Dodge Counter Hồi Extrac Concerto Bổ Sung,C?n ti?ng Anh nghi v?n: Counter; Dodge | S? t?/c?m nghi v?n: 2 | T? l? nghi v?n: 0.333 | M?c ??: 9.33
"After casting the Intro Skill <color=Highlight>Tactical Strike</color>, Jiyan's ATK is increased by {0} for {1}s.","Sau khi sử dụng Kỹ Năng Mở Đầu <color=Highlight>Tactical Strike</color>, Tấn Công của Jiyan sẽ tăng {0} trong {1} giây.",C?n ti?ng Anh nghi v?n: Strike; Tactical | S? t?/c?m nghi v?n: 2 | T? l? nghi v?n: 0.333 | M?c ??: 9.33
"After casting Intro Skill <color=Highlight>Tactical Strike</color>, Jiyan's ATK is increased by {0} for {1}s.","Sau khi sử dụng Kỹ Năng Giới Thiệu <color=Highlight>Tactical Strike</color>, Tấn Công của Jiyan tăng thêm {0} trong {1} giây.",C?n ti?ng Anh nghi v?n: Strike; Tactical | S? t?/c?m nghi v?n: 2 | T? l? nghi v?n: 0.333 | M?c ??: 9.33
Glacio DMG dealt by nearby Resonators other than Hiyuki in the team is Amplified against targets affected by <color=Highlight>Glacio Chafe</color>.,Sát Thương Băng giá từ Resonators khác trong đội (ngoại trừ Hiyuki) sẽ được Khuếch Đại khi tấn công mục tiêu bị ảnh hưởng bởi <color=Highlight>Glacio Chafe</color>.,C?n ti?ng Anh nghi v?n: Chafe; Hiyuki | S? t?/c?m nghi v?n: 2 | T? l? nghi v?n: 0.333 | M?c ??: 9.33
"Deal 7,000,000 Fusion Burst or Glacio Chafe DMG to enemies in a single battle",Gây 7.000.000 Fusion DMG Burst hoặc Glacio Chafe lên kẻ địch trong một trận đấu.,C?n ti?ng Anh nghi v?n: Burst; Chafe | S? t?/c?m nghi v?n: 2 | T? l? nghi v?n: 0.333 | M?c ??: 9.33
Reaching Symphony Rank SS increases Crit. Rate by {0} and Crit. DMG by {1}.,Đạt Hạng SS Bản Giao Hưởng sẽ tăng Crit. Rate thêm {0} và Crit. DMG thêm {1}.,C?n ti?ng Anh nghi v?n: Rate; SS | S? t?/c?m nghi v?n: 2 | T? l? nghi v?n: 0.333 | M?c ??: 9.33
<color=#f0c154>Increases Crit. Rate and Crit. DMG at high Symphony Rank.</color>,<color=#f0c154>Tăng Crit. Rate và Crit. DMG ở cấp Symphony cao.</color>,C?n ti?ng Anh nghi v?n: Rate; Symphony | S? t?/c?m nghi v?n: 2 | T? l? nghi v?n: 0.333 | M?c ??: 9.33
"Fully restore the team's Burst Points at the start of battle, but reduce the team's total DMG by <color=#f97507>{0}</color> for <color=#f97507>{1}s</color>.
Effective only in the Leader slot.","Khôi phục toàn bộ Points Kỹ Năng Nổ cho đội ngay khi trận đấu bắt đầu, nhưng giảm tổng Sát Thương của đội đi <color=#f97507>{0}</color> trong <color=#f97507>{1}s</color>.
Chỉ có hiệu lực ở vị trí Đội Trưởng.",C?n ti?ng Anh nghi v?n: Points; s | S? t?/c?m nghi v?n: 2 | T? l? nghi v?n: 0.333 | M?c ??: 9.33
"<color=#5b1d2f><size=36>ROM Effect</size></color>
Rushing increases the whole team's ATK by <color=#f97507>{0}</color> for <color=#f97507>{1}s</color>.","<color=#5b1d2f><size=36>Hiệu ứng ROM</size></color>
Tăng Tấn Công cho toàn đội lên <color=#f97507>{0}</color> khi lao tới trong <color=#f97507>{1}s</color>.",C?n ti?ng Anh nghi v?n: ROM; s | S? t?/c?m nghi v?n: 2 | T? l? nghi v?n: 0.333 | M?c ??: 9.33
"<color=#5b1d2f><size=36>ROM Effect</size></color>
Performing Skills restores all team members' HP equal to <color=#f97507>{0}</color> of the wielder's Max HP.","<color=#5b1d2f><size=36>Hiệu ứng ROM</size></color>
Sử dụng Skills hồi phục HP cho tất cả thành viên trong đội bằng <color=#f97507>{0}</color> HP tối đa của người sử dụng.",C?n ti?ng Anh nghi v?n: ROM; Skills | S? t?/c?m nghi v?n: 2 | T? l? nghi v?n: 0.333 | M?c ??: 9.33
"<color=#5b1d2f><size=36>ROM Effect</size></color>
Each time a Pickup is collected, the whole team's Crit. DMG is increased by <color=#f97507>{0}</color> for <color=#f97507>{2}s</color>, stacking up to <color=#f97507>{1}</color> times.","<color=#5b1d2f><size=36>Hiệu ứng ROM</size></color>
Mỗi lần thu thập Vật phẩm Nhặt, Crit. DMG của cả đội tăng thêm <color=#f97507>{0}</color> trong <color=#f97507>{2}s</color>, tối đa <color=#f97507>{1}</color> lần.",C?n ti?ng Anh nghi v?n: ROM; s | S? t?/c?m nghi v?n: 2 | T? l? nghi v?n: 0.333 | M?c ??: 9.33
Additionally increases Concerto Companions' Vibration Strength Reduction Rate.,Tăng thêm Tỷ Lệ deplete Vibration Strength cho Companions Concerto.,C?n ti?ng Anh nghi v?n: Strength; Vibration | S? t?/c?m nghi v?n: 2 | T? l? nghi v?n: 0.333 | M?c ??: 9.33
"Dark Slash deals DMG of {2} Attributes equal to {3} of ATK on hit. For every <SapTag=4>{4}</SapTag> {Cus:Sap,S=stack P=stacks SapTag=4} of Negative Status on the target, the corresponding Attribute's DMG Multiplier of this attack is increased by {5}. Later, it inflicts {1} stack of {0} different Negative Statuses on the target.","Kỹ năng Dark Slash gây sát thương thuộc {2} thuộc tính bằng {3} sức tấn công khi trúng mục tiêu. Với mỗi <SapTag=4>{4}</SapTag> {Cus:Sap,S=cấp P=cấp trạng thái tiêu cực SapTag=4} trạng thái tiêu cực trên mục tiêu, hệ số sát thương của thuộc tính tương ứng trong đòn tấn công này sẽ tăng thêm {5}. Sau đó, kỹ năng sẽ áp đặt {1} cấp của {0} trạng thái tiêu cực khác nhau lên mục tiêu.",C?n ti?ng Anh nghi v?n: Dark; Slash | S? t?/c?m nghi v?n: 2 | T? l? nghi v?n: 0.333 | M?c ??: 9.33
Challenge Carnival in Slumberland with Concerto: Yinlin 1 time.,Tham gia Carnival Thách Đấu ở Slumberland cùng Concerto: Yinlin 1 lần.,C?n ti?ng Anh nghi v?n: Slumberland; Yinlin | S? t?/c?m nghi v?n: 2 | T? l? nghi v?n: 0.333 | M?c ??: 9.33
Challenge Carnival in Slumberland with Concerto: Jianxin 1 time.,Tham gia Carnival Thách Đấu ở Slumberland cùng Concerto: Jianxin 1 lần.,C?n ti?ng Anh nghi v?n: Jianxin; Slumberland | S? t?/c?m nghi v?n: 2 | T? l? nghi v?n: 0.333 | M?c ??: 9.33
Challenge Carnival in Slumberland with Concerto: Verina 1 time.,Tham gia Carnival Thách Đấu ở Slumberland cùng Concerto: Verina 1 lần.,C?n ti?ng Anh nghi v?n: Slumberland; Verina | S? t?/c?m nghi v?n: 2 | T? l? nghi v?n: 0.333 | M?c ??: 9.33
Challenge Carnival in Slumberland with Concerto: Mortefi 1 time.,Tham gia Carnival Thách Đấu ở Slumberland cùng Concerto: Mortefi 1 lần.,C?n ti?ng Anh nghi v?n: Mortefi; Slumberland | S? t?/c?m nghi v?n: 2 | T? l? nghi v?n: 0.333 | M?c ??: 9.33
Challenge Carnival in Slumberland with Concerto: Sanhua 1 time.,Tham gia Carnival Thách Đấu ở Slumberland cùng Concerto: Sanhua 1 lần.,C?n ti?ng Anh nghi v?n: Sanhua; Slumberland | S? t?/c?m nghi v?n: 2 | T? l? nghi v?n: 0.333 | M?c ??: 9.33
Challenge Carnival in Slumberland with Concerto: Yuanwu 1 time.,Tham gia Carnival Thách Đấu ở Slumberland cùng Concerto: Yuanwu 1 lần.,C?n ti?ng Anh nghi v?n: Slumberland; Yuanwu | S? t?/c?m nghi v?n: 2 | T? l? nghi v?n: 0.333 | M?c ??: 9.33
"Transform into a Stonewall Bracer and charge forward, causing physical DMG each time, and prolong the charge time by holding the skill.","Biến thành Stonewall Bracer và lao về phía trước, gây sát thương vật lý mỗi lần di chuyển, giữ kỹ năng để kéo dài thời gian lao đi.",C?n ti?ng Anh nghi v?n: Bracer; Stonewall | S? t?/c?m nghi v?n: 2 | T? l? nghi v?n: 0.333 | M?c ??: 9.33
"<color=#c49e55>[Resonance Liberation]</color>
- Mortefi's Crit. Rate is increased by {0}.
- While Burning Rhapsody is active, each Concerto Companion entering the field triggers {1} additional strike(s) of Sforzato. This effect can be triggered once every {2}s.","<color=#c49e55>[Resonance Liberation]</color>
- Crit. Rate của Mortefi tăng thêm {0}.
- Khi Bản Giao Hưởng Cháy Bỏng còn hiệu lực, mỗi Cộng Sự Hòa Tấu xuất hiện trên chiến trường sẽ kích hoạt thêm {1} đòn Sforzato. Hiệu ứng này chỉ có thể kích hoạt mỗi {2} giây một lần.",C?n ti?ng Anh nghi v?n: Rate; Sforzato | S? t?/c?m nghi v?n: 2 | T? l? nghi v?n: 0.333 | M?c ??: 9.33
"<color=Highlight>[Forte Circuit]</color>
Whenever Chisa deals damage <color=Highlight>{0}</color> times, Shredded Fate is triggered, dealing Havoc DMG and inflicting Havoc Bane.","<color=Highlight>[Forte Circuit]</color>
Mỗi khi Chisa gây sát thương <color=Highlight>{0}</color> lần, Số Mệnh Xé Nát sẽ được kích hoạt, gây Havoc DMG và áp đặt Havoc Bane.",C?n ti?ng Anh nghi v?n: Bane; Chisa | S? t?/c?m nghi v?n: 2 | T? l? nghi v?n: 0.333 | M?c ??: 9.33
"<color=#ffd12f>[Crit. DMG]</color>
When in the Lucid Dream status, <color=Highlight>excess Crit. Rate</color> is converted into Crit. DMG.","Khi ở trạng thái <color=#ffd12f>[Crit. DMG]</color>, <color=Highlight>excess Crit. Rate</color> sẽ được chuyển hóa thành Crit. DMG.",C?n ti?ng Anh nghi v?n: excess; Rate | S? t?/c?m nghi v?n: 2 | T? l? nghi v?n: 0.333 | M?c ??: 9.33
"Summon a Glacio Prism for 6s to attack enemies. Each attack deals 538.00% Glacio DMG, which will be increased by another 66.67% if the target is Frozen. Cooldown: 10.8s.","Summon Glacio Prism trong 6 giây để tấn công kẻ địch. Mỗi đòn gây 538,00% Glacio DMG, tăng thêm 66,67% nếu mục tiêu bị Đóng Băng. Hồi chiêu: 10,8 giây.",C?n ti?ng Anh nghi v?n: Prism; Summon | S? t?/c?m nghi v?n: 2 | T? l? nghi v?n: 0.333 | M?c ??: 9.33
"In <color=#fcf585>Anniversary Resonator Convene</color>, you may set a <color=#fcf585>5-Star Resonator</color> as the Convene target.
You may change your selection at any time, which does not affect the Guarantee count.","Trong <color=#fcf585>Anniversary Resonator Triệu Tập</color>, bạn có thể chọn một <color=#fcf585>5-Star Resonator</color> làm mục tiêu Triệu Hồi.
Bạn có thể thay đổi lựa chọn bất cứ lúc nào mà không ảnh hưởng đến số lần Đảm Bảo.",C?n ti?ng Anh nghi v?n: Anniversary; Star | S? t?/c?m nghi v?n: 2 | T? l? nghi v?n: 0.333 | M?c ??: 9.33
"Summon a Glacio Prism for 6s to attack enemies. Each attack deals 436.67% Glacio DMG, which will be increased by another 66.67% if the target is Frozen. Cooldown: 15s.","Summon Glacio Prism trong 6 giây để tấn công kẻ địch. Mỗi đòn gây 436,67% Glacio DMG, tăng thêm 66,67% nếu mục tiêu bị Đóng Băng. Hồi chiêu: 15 giây.",C?n ti?ng Anh nghi v?n: Prism; Summon | S? t?/c?m nghi v?n: 2 | T? l? nghi v?n: 0.333 | M?c ??: 9.33
Summon a Gulpuff that generates a healing field. All nearby party members within this field recover 25.00% HP. Cooldown: 20s.,"Summon Gulpuff tạo ra trường hồi phục. Tất cả đồng đội trong phạm vi này phục hồi 25,00% HP. Hồi chiêu: 20 giây.",C?n ti?ng Anh nghi v?n: Gulpuff; Summon | S? t?/c?m nghi v?n: 2 | T? l? nghi v?n: 0.333 | M?c ??: 9.33
"Dealing damage to enemies inflicted with Aero Erosion and Spectro Frazzle increases the Resonator's ATK by 15% for 5s, stacking up to 5 times.","Gây sát thương lên kẻ địch bị Aero Erosion và Spectro Frazzle sẽ tăng Tấn Công của Resonator lên 15% trong 5 giây, tối đa 5 tầng.",C?n ti?ng Anh nghi v?n: Erosion; Frazzle | S? t?/c?m nghi v?n: 2 | T? l? nghi v?n: 0.333 | M?c ??: 9.33
"<color=#e4c69b>Mimic</color> - When this Echo Activates the next Special Skill through Modulation, Mimic becomes that skill.","<color=#e4c69b>Mimic</color> - Khi Echo này kích hoạt Kỹ Năng Special tiếp theo thông qua Điều Tần, Bắt Chước sẽ biến thành kỹ năng đó.",C?n ti?ng Anh nghi v?n: Mimic; Special | S? t?/c?m nghi v?n: 2 | T? l? nghi v?n: 0.333 | M?c ??: 9.33
"- When you Modulate this Echo, increase its STR by {0} and CON by {1} until the round ends.","- Khi Modulate Echo này, tăng STR của nó thêm {0} và CON thêm {1} đến khi lượt kết thúc.",C?n ti?ng Anh nghi v?n: Modulate; STR | S? t?/c?m nghi v?n: 2 | T? l? nghi v?n: 0.333 | M?c ??: 9.33
"- When you Modulate this Echo, increase its STR by {0} and CON by {1} until the round ends.","- Khi Modulate Echo này, tăng STR của nó thêm {0} và CON thêm {1} đến khi lượt kết thúc.",C?n ti?ng Anh nghi v?n: Modulate; STR | S? t?/c?m nghi v?n: 2 | T? l? nghi v?n: 0.333 | M?c ??: 9.33
"- When you use Transform, this Echo deals {0} more DMG to enemy Echoes in the Battle Stage of the current round.","- Khi sử dụng Biến Đổi, Echoes này gây thêm {0} sát thương lên Echoes địch trong Battle Stage ở vòng hiện tại.",C?n ti?ng Anh nghi v?n: Battle; Stage | S? t?/c?m nghi v?n: 2 | T? l? nghi v?n: 0.333 | M?c ??: 9.33
"- When you Modulate this Echo, increase its STR by {0} and CON by {1} until the round ends.","- Khi Modulate Echo này, tăng STR của nó thêm {0} và CON thêm {1} đến khi lượt kết thúc.",C?n ti?ng Anh nghi v?n: Modulate; STR | S? t?/c?m nghi v?n: 2 | T? l? nghi v?n: 0.333 | M?c ??: 9.33
"A Tactic Set that generates Chain Lightnings bouncing between targets, increases Electro DMG, and enhances the Paralysis effect.","Tactic Set tạo ra Chuỗi Sét nảy giữa các mục tiêu, tăng Electro DMG và gia tăng hiệu ứng Tê Liệt.",C?n ti?ng Anh nghi v?n: Set; Tactic | S? t?/c?m nghi v?n: 2 | T? l? nghi v?n: 0.333 | M?c ??: 9.33
"Summons a spinning Hoartoise Echo, dealing Physical DMG and knocking back Tacet Discords in its path.","Triệu hồi một Hoartoise Echo xoay tròn, gây Sát Thương Physical và đẩy lùi Tacet Discord trên đường đi.",C?n ti?ng Anh nghi v?n: Hoartoise; Physical | S? t?/c?m nghi v?n: 2 | T? l? nghi v?n: 0.333 | M?c ??: 9.33
"Summons a spinning Hoartoise Echo, dealing Physical DMG and knocking back Tacet Discords in its path.","Triệu hồi một Hoartoise Echo xoay tròn, gây Sát Thương Physical và đẩy lùi Tacet Discord trên đường đi.",C?n ti?ng Anh nghi v?n: Hoartoise; Physical | S? t?/c?m nghi v?n: 2 | T? l? nghi v?n: 0.333 | M?c ??: 9.33
"Summons a spinning Hoartoise Echo, dealing Physical DMG and knocking back Tacet Discords in its path.","Triệu hồi một Hoartoise Echo xoay tròn, gây Sát Thương Physical và đẩy lùi Tacet Discord trên đường đi.",C?n ti?ng Anh nghi v?n: Hoartoise; Physical | S? t?/c?m nghi v?n: 2 | T? l? nghi v?n: 0.333 | M?c ??: 9.33
"Summons a spinning Hoartoise Echo, dealing Physical DMG and knocking back Tacet Discords in its path.","Triệu hồi một Hoartoise Echo xoay tròn, gây Sát Thương Physical và đẩy lùi Tacet Discord trên đường đi.",C?n ti?ng Anh nghi v?n: Hoartoise; Physical | S? t?/c?m nghi v?n: 2 | T? l? nghi v?n: 0.333 | M?c ??: 9.33
"Summons a spinning Hoartoise Echo, dealing Physical DMG and knocking back Tacet Discords in its path.","Triệu hồi một Hoartoise Echo xoay tròn, gây Sát Thương Physical và đẩy lùi Tacet Discord trên đường đi.",C?n ti?ng Anh nghi v?n: Hoartoise; Physical | S? t?/c?m nghi v?n: 2 | T? l? nghi v?n: 0.333 | M?c ??: 9.33
"Summons a spinning Hoartoise Echo, dealing Physical DMG and knocking back Tacet Discords in its path.","Triệu hồi một Hoartoise Echo xoay tròn, gây Sát Thương Physical và đẩy lùi Tacet Discord trên đường đi.",C?n ti?ng Anh nghi v?n: Hoartoise; Physical | S? t?/c?m nghi v?n: 2 | T? l? nghi v?n: 0.333 | M?c ??: 9.33
"Summons a spinning Hoartoise Echo, dealing Physical DMG and knocking back Tacet Discords in its path.","Triệu hồi một Hoartoise Echo xoay tròn, gây Sát Thương Physical và đẩy lùi Tacet Discord trên đường đi.",C?n ti?ng Anh nghi v?n: Hoartoise; Physical | S? t?/c?m nghi v?n: 2 | T? l? nghi v?n: 0.333 | M?c ??: 9.33
"Summons a spinning Hoartoise Echo, dealing Physical DMG and knocking back Tacet Discords in its path.","Triệu hồi một Hoartoise Echo xoay tròn, gây Sát Thương Physical và đẩy lùi Tacet Discord trên đường đi.",C?n ti?ng Anh nghi v?n: Hoartoise; Physical | S? t?/c?m nghi v?n: 2 | T? l? nghi v?n: 0.333 | M?c ??: 9.33
"Summons a spinning Hoartoise Echo, dealing Physical DMG and knocking back Tacet Discords in its path.","Triệu hồi một Hoartoise Echo xoay tròn, gây Sát Thương Physical và đẩy lùi Tacet Discord trên đường đi.",C?n ti?ng Anh nghi v?n: Hoartoise; Physical | S? t?/c?m nghi v?n: 2 | T? l? nghi v?n: 0.333 | M?c ??: 9.33
"Summons a spinning Hoartoise Echo, dealing Physical DMG and knocking back Tacet Discords in its path.","Triệu hồi một Hoartoise Echo xoay tròn, gây Sát Thương Physical và đẩy lùi Tacet Discord trên đường đi.",C?n ti?ng Anh nghi v?n: Hoartoise; Physical | S? t?/c?m nghi v?n: 2 | T? l? nghi v?n: 0.333 | M?c ??: 9.33
"Summons a spinning Hoartoise Echo, dealing Physical DMG and knocking back Tacet Discords in its path.","Triệu hồi một Hoartoise Echo xoay tròn, gây Sát Thương Physical và đẩy lùi Tacet Discord trên đường đi.",C?n ti?ng Anh nghi v?n: Hoartoise; Physical | S? t?/c?m nghi v?n: 2 | T? l? nghi v?n: 0.333 | M?c ??: 9.33
"A Tactic Set that generates Chain Lightnings bouncing between targets, increases Electro DMG, and enhances the Paralysis effect.","Tactic Set tạo ra Chuỗi Sét nảy giữa các mục tiêu, tăng Electro DMG và gia tăng hiệu ứng Tê Liệt.",C?n ti?ng Anh nghi v?n: Set; Tactic | S? t?/c?m nghi v?n: 2 | T? l? nghi v?n: 0.333 | M?c ??: 9.33
"When [Erosion Sigil] deals damage, it immediately triggers the damage effect of all Aero Erosion and Spectro Frazzle stacks on the target once. The damage dealt by [Erosion Sigil] is Amplified by 200%.","Khi [Erosion Sigil] gây sát thương, nó ngay lập tức kích hoạt hiệu ứng sát thương của tất cả tầng Aero Erosion và Spectro Frazzle trên mục tiêu một lần. Sát thương của [Erosion Sigil] được Khuếch đại thêm 200%.",C?n ti?ng Anh nghi v?n: Erosion; Frazzle | S? t?/c?m nghi v?n: 2 | T? l? nghi v?n: 0.333 | M?c ??: 9.33
"<color=Highlight>[Forte Circuit]</color>
Whenever Chisa deals damage <color=Highlight>{0}</color> times, Shredded Fate is triggered, dealing Havoc DMG and inflicting Havoc Bane.","<color=Highlight>[Forte Circuit]</color>
Mỗi khi Chisa gây sát thương <color=Highlight>{0}</color> lần, Số Mệnh Xé Nát sẽ được kích hoạt, gây Havoc DMG và áp đặt Havoc Bane.",C?n ti?ng Anh nghi v?n: Bane; Chisa | S? t?/c?m nghi v?n: 2 | T? l? nghi v?n: 0.333 | M?c ??: 9.33
"For every <color=Highlight>{0}</color> Crit. Rate Bonus or <color=Highlight>{2}</color> Crit. DMG of Main Weapon, its ATK is increased by <color=Highlight>{1}</color>.",Mỗi <color=Highlight>{0}</color> Crit. Rate hoặc <color=Highlight>{2}</color> Crit. DMG của Vũ Khí Main sẽ tăng <color=Highlight>{1}</color> Sát Thương cho vũ khí đó.,C?n ti?ng Anh nghi v?n: Main; Rate | S? t?/c?m nghi v?n: 2 | T? l? nghi v?n: 0.333 | M?c ??: 9.33
"For every <color=Highlight>{0}</color> Crit. Rate Bonus or <color=Highlight>{2}</color> Crit. DMG of Support Droid, its ATK is increased by <color=Highlight>{1}</color>.",Mỗi <color=Highlight>{0}</color> Crit. Rate hoặc <color=Highlight>{2}</color> Crit. DMG của Hỗ Trợ Droid sẽ tăng <color=Highlight>{1}</color> Sát Thương cho nó.,C?n ti?ng Anh nghi v?n: Droid; Rate | S? t?/c?m nghi v?n: 2 | T? l? nghi v?n: 0.333 | M?c ??: 9.33
"Immensely restores Energy and greatly generates Gourmet Points.

A nutrient-dense dish for those who dislike sweets. Flavorful and easy to consume.","Hồi phục Năng Lượng cực mạnh và tạo ra lượng lớn Gourmet Points.

Món ăn giàu dinh dưỡng cho những ai không thích ngọt. Hương vị đậm đà, dễ ăn.",C?n ti?ng Anh nghi v?n: Gourmet; Points | S? t?/c?m nghi v?n: 2 | T? l? nghi v?n: 0.333 | M?c ??: 9.33
"While influenced by Void Storm, the active Resonator restores HP upon defeating a target.","Khi bị ảnh hưởng bởi Void Storm, Resonator đang hoạt động sẽ hồi HP mỗi khi tiêu diệt mục tiêu.",C?n ti?ng Anh nghi v?n: Storm; Void | S? t?/c?m nghi v?n: 2 | T? l? nghi v?n: 0.333 | M?c ??: 9.33
"A scripture fragment obtained by chance, used to enhance Phoebe's Fishing Ability, and increase the probability of obtaining Mutants.","Một mảnh kinh thư tình cờ tìm được, dùng để nâng cao Fishing Ability của Phoebe và tăng xác suất thu được Cá Đột Biến.",C?n ti?ng Anh nghi v?n: Ability; Fishing | S? t?/c?m nghi v?n: 2 | T? l? nghi v?n: 0.333 | M?c ??: 9.33
"While Resonators are in mid-air, their DMG dealt is Amplified by 55% for 15s when Resonators are in mid-air.

This Token can be used up to <color=#fee388>2</color> times in Whimpering Wastes.","Khi Resonators ở trên không, Sát Thương gây ra sẽ được Khuếch Đại thêm 55% trong 15 giây.

Mảnh này có thể sử dụng tối đa <color=#fee388>2</color> lần tại Whimpering Wastes.",C?n ti?ng Anh nghi v?n: Wastes; Whimpering | S? t?/c?m nghi v?n: 2 | T? l? nghi v?n: 0.333 | M?c ??: 9.33
"A scripture fragment obtained by chance, used to enhance Phoebe's Fishing Ability, and increase the probability of obtaining Mutants.","Một mảnh kinh thư tình cờ tìm được, dùng để nâng cao Fishing Ability của Phoebe và tăng xác suất thu được Cá Đột Biến.",C?n ti?ng Anh nghi v?n: Ability; Fishing | S? t?/c?m nghi v?n: 2 | T? l? nghi v?n: 0.333 | M?c ??: 9.33
"In Bjartr Woods, the area closest to the Threnodian's attempted breach, partial structural damage has been confirmed. Overall, the situation remains well within control.","Tại Khu Bjartr Woods, nơi gần nhất với điểm đột phá của Threnodian, đã xác nhận có hư hại cấu trúc cục bộ. Nhìn chung, tình hình vẫn nằm trong tầm kiểm soát.",C?n ti?ng Anh nghi v?n: Bjartr; Woods | S? t?/c?m nghi v?n: 2 | T? l? nghi v?n: 0.333 | M?c ??: 9.33
[Resistance]: This enemy has a higher <color=Ice>Glacio RES</color>.,[Kháng Cự]: Kẻ địch này có <color=Ice>Glacio RES</color> cao hơn.,C?n ti?ng Anh nghi v?n: RES | S? t?/c?m nghi v?n: 1 | T? l? nghi v?n: 0.333 | M?c ??: 9.33
[Resistance]: This enemy has a higher <color=Fire>Fusion RES</color>.,[Kháng cự]: Kẻ địch này có <color=Fire>Fusion RES</color> cao hơn.,C?n ti?ng Anh nghi v?n: RES | S? t?/c?m nghi v?n: 1 | T? l? nghi v?n: 0.333 | M?c ??: 9.33
[Resistance]: This enemy has a higher <color=Thunder>Electro RES</color>.,[Kháng]: Kẻ địch này có <color=Thunder>Electro RES</color> cao hơn.,C?n ti?ng Anh nghi v?n: RES | S? t?/c?m nghi v?n: 1 | T? l? nghi v?n: 0.333 | M?c ??: 9.33
[Resistance]: This enemy has a higher <color=Wind>Aero RES</color>.,[Kháng Hiệu Ứng]: Kẻ địch này có <color=Wind>Aero RES</color> cao hơn.,C?n ti?ng Anh nghi v?n: RES | S? t?/c?m nghi v?n: 1 | T? l? nghi v?n: 0.333 | M?c ??: 9.33
[Resistance]: This enemy has a higher <color=Light>Spectro RES</color>.,[Kháng Cự]: Kẻ địch này có <color=Light>Spectro RES</color> cao hơn.,C?n ti?ng Anh nghi v?n: RES | S? t?/c?m nghi v?n: 1 | T? l? nghi v?n: 0.333 | M?c ??: 9.33
[Resistance]: This enemy has a higher <color=Dark>Havoc RES</color>.,[Kháng cự]: Kẻ địch này có <color=Dark>Havoc RES</color> cao hơn.,C?n ti?ng Anh nghi v?n: RES | S? t?/c?m nghi v?n: 1 | T? l? nghi v?n: 0.333 | M?c ??: 9.33
Concerto Energy recovers by 10 per second when not in battle.,Concerto Energy phục hồi 10 điểm mỗi giây khi không chiến đấu.,C?n ti?ng Anh nghi v?n: Energy | S? t?/c?m nghi v?n: 1 | T? l? nghi v?n: 0.333 | M?c ??: 9.33
Resonance Energy recovers by 10 per second when not in battle.,Resonance Energy hồi phục 10 điểm mỗi giây khi không chiến đấu.,C?n ti?ng Anh nghi v?n: Energy | S? t?/c?m nghi v?n: 1 | T? l? nghi v?n: 0.333 | M?c ??: 9.33
Master of Echo's Glacio RES decreases by 15%,Glacio RES của Chủ Echo giảm 15%,C?n ti?ng Anh nghi v?n: RES | S? t?/c?m nghi v?n: 1 | T? l? nghi v?n: 0.333 | M?c ??: 9.33
Master of Echo's Glacio RES increases by 40%,Glacio RES của Chủ Echo tăng 40%,C?n ti?ng Anh nghi v?n: RES | S? t?/c?m nghi v?n: 1 | T? l? nghi v?n: 0.333 | M?c ??: 9.33
Master of Echo's Fusion RES decreases by 15%,Fusion RES của Chủ Echo giảm 15%,C?n ti?ng Anh nghi v?n: RES | S? t?/c?m nghi v?n: 1 | T? l? nghi v?n: 0.333 | M?c ??: 9.33
Master of Echo's Fusion RES increases by 40%,Fusion RES của Chủ Echo tăng 40%,C?n ti?ng Anh nghi v?n: RES | S? t?/c?m nghi v?n: 1 | T? l? nghi v?n: 0.333 | M?c ??: 9.33
Master of Echo's Electro RES decreases by 15%,Electro RES của Chủ Echo giảm 15%,C?n ti?ng Anh nghi v?n: RES | S? t?/c?m nghi v?n: 1 | T? l? nghi v?n: 0.333 | M?c ??: 9.33
Master of Echo's Electro RES increases by 40%,Electro RES của Chủ Echo tăng 40%,C?n ti?ng Anh nghi v?n: RES | S? t?/c?m nghi v?n: 1 | T? l? nghi v?n: 0.333 | M?c ??: 9.33
Master of Echo's Aero RES decreases by 15%,Aero RES của Chủ Echo giảm 15%,C?n ti?ng Anh nghi v?n: RES | S? t?/c?m nghi v?n: 1 | T? l? nghi v?n: 0.333 | M?c ??: 9.33
Master of Echo's Aero RES increases by 40%,Aero RES của Chủ Echo tăng 40%,C?n ti?ng Anh nghi v?n: RES | S? t?/c?m nghi v?n: 1 | T? l? nghi v?n: 0.333 | M?c ??: 9.33
Master of Echo's Havoc RES decreases by 15%,Havoc RES của Chủ Echo giảm 15%,C?n ti?ng Anh nghi v?n: RES | S? t?/c?m nghi v?n: 1 | T? l? nghi v?n: 0.333 | M?c ??: 9.33
"When there is an attackable target within range, it will be locked. Press this button to Switch to a different target.","Khi có mục tiêu tấn công trong tầm, nó sẽ bị khóa. Nhấn nút này để Switch mục tiêu khác.",C?n ti?ng Anh nghi v?n: Switch | S? t?/c?m nghi v?n: 1 | T? l? nghi v?n: 0.333 | M?c ??: 9.33
"When there is an attackable target within range, it will be locked. Press this button to Switch to a different target.","Khi có mục tiêu tấn công trong tầm, nó sẽ bị khóa. Nhấn nút này để Switch mục tiêu khác.",C?n ti?ng Anh nghi v?n: Switch | S? t?/c?m nghi v?n: 1 | T? l? nghi v?n: 0.333 | M?c ??: 9.33
"When Crescendo Impact reaches max stacks, Resonance Skill DMG is increased by 66%.","Khi Tích Lũy Cực Đại đạt tối đa, Sát Thương Resonance Skill tăng 66%.",C?n ti?ng Anh nghi v?n: Skill | S? t?/c?m nghi v?n: 1 | T? l? nghi v?n: 0.333 | M?c ??: 9.33
Increase ATK by 600 for all team members.,Increase Tấn Công cho tất cả thành viên trong đội thêm 600.,C?n ti?ng Anh nghi v?n: Increase | S? t?/c?m nghi v?n: 1 | T? l? nghi v?n: 0.333 | M?c ??: 9.33
Increase DMG by 45% for all team members.,Increase Sát Thương cho tất cả thành viên trong đội thêm 45%.,C?n ti?ng Anh nghi v?n: Increase | S? t?/c?m nghi v?n: 1 | T? l? nghi v?n: 0.333 | M?c ??: 9.33
Increase ATK by 50 for all team members.,Increase Tấn Công cho tất cả thành viên trong đội thêm 50.,C?n ti?ng Anh nghi v?n: Increase | S? t?/c?m nghi v?n: 1 | T? l? nghi v?n: 0.333 | M?c ??: 9.33
Increase Crit. DMG by {0}.,Increase Crit. DMG thêm {0}.,C?n ti?ng Anh nghi v?n: Increase | S? t?/c?m nghi v?n: 1 | T? l? nghi v?n: 0.333 | M?c ??: 9.33
"For {0}s, Echo Skill Cooldown is decreased by {1}%.","Trong {0} giây, Cooldown chiêu Kỹ Năng Echo giảm {1}%.",C?n ti?ng Anh nghi v?n: Cooldown | S? t?/c?m nghi v?n: 1 | T? l? nghi v?n: 0.333 | M?c ??: 9.33
Gain {0}% Resonance Skill DMG Bonus for {1}s.,Nhận thêm {0}% Sát Thương Resonance Skill trong {1} giây.,C?n ti?ng Anh nghi v?n: Skill | S? t?/c?m nghi v?n: 1 | T? l? nghi v?n: 0.333 | M?c ??: 9.33
Gain {0}% Resonance Liberation DMG Bonus for {1}s.,Nhận thêm {0}% Sát Thương Resonance Liberation trong {1} giây.,C?n ti?ng Anh nghi v?n: Liberation | S? t?/c?m nghi v?n: 1 | T? l? nghi v?n: 0.333 | M?c ??: 9.33
Glacio DMG Bonus is increased by {0}.,Glacio DMG Bonus được tăng thêm {0}.,C?n ti?ng Anh nghi v?n: Bonus | S? t?/c?m nghi v?n: 1 | T? l? nghi v?n: 0.333 | M?c ??: 9.33
Fusion DMG Bonus is increased by {0}.,Fusion DMG Bonus thêm {0}.,C?n ti?ng Anh nghi v?n: Bonus | S? t?/c?m nghi v?n: 1 | T? l? nghi v?n: 0.333 | M?c ??: 9.33
Electro DMG Bonus is increased by {0}.,Electro DMG Bonus được tăng thêm {0}.,C?n ti?ng Anh nghi v?n: Bonus | S? t?/c?m nghi v?n: 1 | T? l? nghi v?n: 0.333 | M?c ??: 9.33
Aero DMG Bonus is increased by {0}.,Aero DMG Bonus được tăng thêm {0}.,C?n ti?ng Anh nghi v?n: Bonus | S? t?/c?m nghi v?n: 1 | T? l? nghi v?n: 0.333 | M?c ??: 9.33
Spectro DMG Bonus is increased by {0}.,Spectro DMG Bonus tăng thêm {0}.,C?n ti?ng Anh nghi v?n: Bonus | S? t?/c?m nghi v?n: 1 | T? l? nghi v?n: 0.333 | M?c ??: 9.33
Havoc DMG Bonus is increased by {0}.,Havoc DMG Bonus thêm {0}.,C?n ti?ng Anh nghi v?n: Bonus | S? t?/c?m nghi v?n: 1 | T? l? nghi v?n: 0.333 | M?c ??: 9.33
<color=Highlight>Stack</color> with the Cubes on the current pad and move together.,Cộng dồn <color=Highlight>Stack</color> với các Khối Lập Phương trên bệ hiện tại và di chuyển cùng nhau.,C?n ti?ng Anh nghi v?n: Stack | S? t?/c?m nghi v?n: 1 | T? l? nghi v?n: 0.333 | M?c ??: 9.33
"{PlayerName}, I wish you a beautiful day. (Buff gained: Increase the team's Crit. DMG by 16% until 4 am)","Chúc cậu một ngày thật tuyệt vời, {PlayerName}. (Đã nhận hiệu ứng: Increase Crit. DMG của toàn đội lên 16% đến 4 giờ sáng)",C?n ti?ng Anh nghi v?n: Increase | S? t?/c?m nghi v?n: 1 | T? l? nghi v?n: 0.333 | M?c ??: 9.33
Yes. It could be related to my Forte...,Yes. Có thể liên quan đến Khả Năng của ta...,C?n ti?ng Anh nghi v?n: Yes | S? t?/c?m nghi v?n: 1 | T? l? nghi v?n: 0.333 | M?c ??: 9.33
What set off this huge energy surge? There are traces of Cartethyia's Resonance Energy discharge everywhere...,Cái gì đã kích hoạt luồng năng lượng khổng lồ này? Khắp nơi đều vương vãi dấu vết của Resonance Energy Cartethyia...,C?n ti?ng Anh nghi v?n: Energy | S? t?/c?m nghi v?n: 1 | T? l? nghi v?n: 0.333 | M?c ??: 9.33
Rover: <color=#d4bf5f>Resonance Skill</color> Tutorial,Rover: Hướng dẫn <color=#d4bf5f>Resonance Skill</color>,C?n ti?ng Anh nghi v?n: Skill | S? t?/c?m nghi v?n: 1 | T? l? nghi v?n: 0.333 | M?c ??: 9.33
Rover: <color=#d4bf5f>Resonance Liberation</color> Tutorial,Rover: Hướng dẫn <color=#d4bf5f>Resonance Liberation</color>,C?n ti?ng Anh nghi v?n: Liberation | S? t?/c?m nghi v?n: 1 | T? l? nghi v?n: 0.333 | M?c ??: 9.33
Rover: Resonance Skill Tutorial,Rover: Hướng dẫn Resonance Skill,C?n ti?ng Anh nghi v?n: Skill | S? t?/c?m nghi v?n: 1 | T? l? nghi v?n: 0.333 | M?c ??: 9.33
Rover: Resonance Liberation Tutorial,Rover: Hướng dẫn Resonance Liberation,C?n ti?ng Anh nghi v?n: Liberation | S? t?/c?m nghi v?n: 1 | T? l? nghi v?n: 0.333 | M?c ??: 9.33
Rover: <color=#d4bf5f>Resonance Skill</color> Tutorial,Rover: Hướng dẫn <color=#d4bf5f>Resonance Skill</color>,C?n ti?ng Anh nghi v?n: Skill | S? t?/c?m nghi v?n: 1 | T? l? nghi v?n: 0.333 | M?c ??: 9.33
Rover: <color=#d4bf5f>Resonance Liberation</color> Tutorial,Rover: Hướng dẫn <color=#d4bf5f>Resonance Liberation</color>,C?n ti?ng Anh nghi v?n: Liberation | S? t?/c?m nghi v?n: 1 | T? l? nghi v?n: 0.333 | M?c ??: 9.33
Rover: <color=#d4bf5f>Resonance Skill</color> Tutorial,Rover: Hướng dẫn <color=#d4bf5f>Resonance Skill</color>,C?n ti?ng Anh nghi v?n: Skill | S? t?/c?m nghi v?n: 1 | T? l? nghi v?n: 0.333 | M?c ??: 9.33
Rover: <color=#d4bf5f>Resonance Liberation</color> Tutorial,Rover: Hướng dẫn <color=#d4bf5f>Resonance Liberation</color>,C?n ti?ng Anh nghi v?n: Liberation | S? t?/c?m nghi v?n: 1 | T? l? nghi v?n: 0.333 | M?c ??: 9.33
Rover: <color=#d4bf5f>Resonance Skill</color> Tutorial,Rover: Hướng dẫn <color=#d4bf5f>Resonance Skill</color>,C?n ti?ng Anh nghi v?n: Skill | S? t?/c?m nghi v?n: 1 | T? l? nghi v?n: 0.333 | M?c ??: 9.33
Rover: <color=#d4bf5f>Resonance Liberation</color> Tutorial,Rover: Hướng dẫn <color=#d4bf5f>Resonance Liberation</color>,C?n ti?ng Anh nghi v?n: Liberation | S? t?/c?m nghi v?n: 1 | T? l? nghi v?n: 0.333 | M?c ??: 9.33
{0} Cast this <color=#ffd12f>Echo skill</color> to charge forward.,{0} Sử dụng <color=#ffd12f>Echo skill</color> này để lao về phía trước.,C?n ti?ng Anh nghi v?n: skill | S? t?/c?m nghi v?n: 1 | T? l? nghi v?n: 0.333 | M?c ??: 9.33
Resonance Energy Cost,Tiêu hao Resonance Energy,C?n ti?ng Anh nghi v?n: Energy | S? t?/c?m nghi v?n: 1 | T? l? nghi v?n: 0.333 | M?c ??: 9.33
Resonance Skill marks the target. Some of Chisa's skills can pull in the marked targets.,Resonance Skill đánh dấu mục tiêu. Một số kỹ năng của Chisa có thể kéo các mục tiêu đã đánh dấu về phía mình.,C?n ti?ng Anh nghi v?n: Skill | S? t?/c?m nghi v?n: 1 | T? l? nghi v?n: 0.333 | M?c ??: 9.33
Cast enhanced Resonance Skill when Forte Gauge is above 50%,Kích hoạt Resonance Skill đã nâng cấp khi Đồng Bộ Âm Sắc trên 50%,C?n ti?ng Anh nghi v?n: Skill | S? t?/c?m nghi v?n: 1 | T? l? nghi v?n: 0.333 | M?c ??: 9.33
Resonance Liberation - Hellfire Absolution DMG,Resonance Liberation - Bản Giao Hưởng Xá Tội Hỏa Ngục Sát Thương,C?n ti?ng Anh nghi v?n: Liberation | S? t?/c?m nghi v?n: 1 | T? l? nghi v?n: 0.333 | M?c ??: 9.33
Resonance Skill - Undying Sunlight: Plunge Concerto Regen,Resonance Skill - Ánh Dương Bất Tử: Hồi Phục Khúc Concerto Đâm Xuống,C?n ti?ng Anh nghi v?n: Skill | S? t?/c?m nghi v?n: 1 | T? l? nghi v?n: 0.333 | M?c ??: 9.33
Resonance Liberation - Sword of Eternal Oath Concerto Regen,Resonance Liberation - Khúc Giao Hưởng Kiếm Lời Thề Vĩnh Cửu,C?n ti?ng Anh nghi v?n: Liberation | S? t?/c?m nghi v?n: 1 | T? l? nghi v?n: 0.333 | M?c ??: 9.33
Resonance Skill - Undying Sunlight: Strike STA Cost,Resonance Skill - Ánh Dương Bất Tử: Chi Phí Thể Lực Đòn Đánh,C?n ti?ng Anh nghi v?n: Skill | S? t?/c?m nghi v?n: 1 | T? l? nghi v?n: 0.333 | M?c ??: 9.33
Resonance Skill - Undying Sunlight: Leap STA Cost,Resonance Skill - Ánh Dương Bất Tử: Tiêu Hao Thể Lực Nhảy,C?n ti?ng Anh nghi v?n: Skill | S? t?/c?m nghi v?n: 1 | T? l? nghi v?n: 0.333 | M?c ??: 9.33
Arc Beyond the Edge Cooldown,Thời Gian Cooldown Khúc Giao Hưởng Vượt Biên,C?n ti?ng Anh nghi v?n: Cooldown | S? t?/c?m nghi v?n: 1 | T? l? nghi v?n: 0.333 | M?c ??: 9.33
Resonance Energy Cost,Tiêu hao Resonance Energy,C?n ti?ng Anh nghi v?n: Energy | S? t?/c?m nghi v?n: 1 | T? l? nghi v?n: 0.333 | M?c ??: 9.33
Flickering Reverie Cooldown,Thời Gian Cooldown Bản Giao Hưởng Ảo Ảnh,C?n ti?ng Anh nghi v?n: Cooldown | S? t?/c?m nghi v?n: 1 | T? l? nghi v?n: 0.333 | M?c ??: 9.33
DMG Multiplier Increase per Aftersound,Increase Hệ Số Sát Thương sau Mỗi Âm Vang,C?n ti?ng Anh nghi v?n: Increase | S? t?/c?m nghi v?n: 1 | T? l? nghi v?n: 0.333 | M?c ??: 9.33
Resonance Skill - Forcible Riposte: Hold {1}. Cast automatically upon being hit.,Resonance Skill - Phản Đòn Cưỡng Chế: Giữ {1}. Tự động kích hoạt khi bị tấn công.,C?n ti?ng Anh nghi v?n: Skill | S? t?/c?m nghi v?n: 1 | T? l? nghi v?n: 0.333 | M?c ??: 9.33
Glacio DMG Bonus increased by {0}.,Glacio DMG Bonus tăng thêm {0}.,C?n ti?ng Anh nghi v?n: Bonus | S? t?/c?m nghi v?n: 1 | T? l? nghi v?n: 0.333 | M?c ??: 9.33
Glacio DMG Bonus+,Glacio DMG Bonus+,C?n ti?ng Anh nghi v?n: Bonus | S? t?/c?m nghi v?n: 1 | T? l? nghi v?n: 0.333 | M?c ??: 9.33
Electro DMG Bonus increased by {0}.,Electro DMG Bonus tăng thêm {0}.,C?n ti?ng Anh nghi v?n: Bonus | S? t?/c?m nghi v?n: 1 | T? l? nghi v?n: 0.333 | M?c ??: 9.33
Electro DMG Bonus+,Tăng Electro DMG Bonus,C?n ti?ng Anh nghi v?n: Bonus | S? t?/c?m nghi v?n: 1 | T? l? nghi v?n: 0.333 | M?c ??: 9.33
Glacio DMG Bonus increased by {0}.,Glacio DMG Bonus tăng thêm {0}.,C?n ti?ng Anh nghi v?n: Bonus | S? t?/c?m nghi v?n: 1 | T? l? nghi v?n: 0.333 | M?c ??: 9.33
Glacio DMG Bonus+,Glacio DMG Bonus+,C?n ti?ng Anh nghi v?n: Bonus | S? t?/c?m nghi v?n: 1 | T? l? nghi v?n: 0.333 | M?c ??: 9.33
Electro DMG Bonus increased by {0}.,Electro DMG Bonus tăng thêm {0}.,C?n ti?ng Anh nghi v?n: Bonus | S? t?/c?m nghi v?n: 1 | T? l? nghi v?n: 0.333 | M?c ??: 9.33
Electro DMG Bonus+,Tăng Electro DMG Bonus,C?n ti?ng Anh nghi v?n: Bonus | S? t?/c?m nghi v?n: 1 | T? l? nghi v?n: 0.333 | M?c ??: 9.33
Electro DMG Bonus increased by {0}.,Electro DMG Bonus tăng thêm {0}.,C?n ti?ng Anh nghi v?n: Bonus | S? t?/c?m nghi v?n: 1 | T? l? nghi v?n: 0.333 | M?c ??: 9.33
Electro DMG Bonus+,Tăng Electro DMG Bonus,C?n ti?ng Anh nghi v?n: Bonus | S? t?/c?m nghi v?n: 1 | T? l? nghi v?n: 0.333 | M?c ??: 9.33
Electro DMG Bonus increased by {0}.,Electro DMG Bonus tăng thêm {0}.,C?n ti?ng Anh nghi v?n: Bonus | S? t?/c?m nghi v?n: 1 | T? l? nghi v?n: 0.333 | M?c ??: 9.33
Electro DMG Bonus+,Tăng Electro DMG Bonus,C?n ti?ng Anh nghi v?n: Bonus | S? t?/c?m nghi v?n: 1 | T? l? nghi v?n: 0.333 | M?c ??: 9.33
Aero DMG Bonus increased by {0}.,Aero DMG Bonus thêm {0}.,C?n ti?ng Anh nghi v?n: Bonus | S? t?/c?m nghi v?n: 1 | T? l? nghi v?n: 0.333 | M?c ??: 9.33
Aero DMG Bonus+,Aero DMG Bonus+,C?n ti?ng Anh nghi v?n: Bonus | S? t?/c?m nghi v?n: 1 | T? l? nghi v?n: 0.333 | M?c ??: 9.33
Aero DMG Bonus increased by {0}.,Aero DMG Bonus thêm {0}.,C?n ti?ng Anh nghi v?n: Bonus | S? t?/c?m nghi v?n: 1 | T? l? nghi v?n: 0.333 | M?c ??: 9.33
Aero DMG Bonus+,Aero DMG Bonus+,C?n ti?ng Anh nghi v?n: Bonus | S? t?/c?m nghi v?n: 1 | T? l? nghi v?n: 0.333 | M?c ??: 9.33
Aero DMG Bonus increased by {0}.,Aero DMG Bonus thêm {0}.,C?n ti?ng Anh nghi v?n: Bonus | S? t?/c?m nghi v?n: 1 | T? l? nghi v?n: 0.333 | M?c ??: 9.33
Aero DMG Bonus+,Aero DMG Bonus+,C?n ti?ng Anh nghi v?n: Bonus | S? t?/c?m nghi v?n: 1 | T? l? nghi v?n: 0.333 | M?c ??: 9.33
Aero DMG Bonus increased by {0}.,Aero DMG Bonus thêm {0}.,C?n ti?ng Anh nghi v?n: Bonus | S? t?/c?m nghi v?n: 1 | T? l? nghi v?n: 0.333 | M?c ??: 9.33
Aero DMG Bonus+,Aero DMG Bonus+,C?n ti?ng Anh nghi v?n: Bonus | S? t?/c?m nghi v?n: 1 | T? l? nghi v?n: 0.333 | M?c ??: 9.33
Aero DMG Bonus increased by {0}.,Aero DMG Bonus thêm {0}.,C?n ti?ng Anh nghi v?n: Bonus | S? t?/c?m nghi v?n: 1 | T? l? nghi v?n: 0.333 | M?c ??: 9.33
Aero DMG Bonus+,Aero DMG Bonus+,C?n ti?ng Anh nghi v?n: Bonus | S? t?/c?m nghi v?n: 1 | T? l? nghi v?n: 0.333 | M?c ??: 9.33
Glacio DMG Bonus increased by {0}.,Glacio DMG Bonus tăng thêm {0}.,C?n ti?ng Anh nghi v?n: Bonus | S? t?/c?m nghi v?n: 1 | T? l? nghi v?n: 0.333 | M?c ??: 9.33
Glacio DMG Bonus+,Glacio DMG Bonus+,C?n ti?ng Anh nghi v?n: Bonus | S? t?/c?m nghi v?n: 1 | T? l? nghi v?n: 0.333 | M?c ??: 9.33
Aero DMG Bonus increased by {0}.,Aero DMG Bonus thêm {0}.,C?n ti?ng Anh nghi v?n: Bonus | S? t?/c?m nghi v?n: 1 | T? l? nghi v?n: 0.333 | M?c ??: 9.33
Aero DMG Bonus+,Aero DMG Bonus+,C?n ti?ng Anh nghi v?n: Bonus | S? t?/c?m nghi v?n: 1 | T? l? nghi v?n: 0.333 | M?c ??: 9.33
Aero DMG Bonus increased by {0}.,Aero DMG Bonus thêm {0}.,C?n ti?ng Anh nghi v?n: Bonus | S? t?/c?m nghi v?n: 1 | T? l? nghi v?n: 0.333 | M?c ??: 9.33
Aero DMG Bonus+,Aero DMG Bonus+,C?n ti?ng Anh nghi v?n: Bonus | S? t?/c?m nghi v?n: 1 | T? l? nghi v?n: 0.333 | M?c ??: 9.33
Aero DMG Bonus increased by {0}.,Aero DMG Bonus thêm {0}.,C?n ti?ng Anh nghi v?n: Bonus | S? t?/c?m nghi v?n: 1 | T? l? nghi v?n: 0.333 | M?c ??: 9.33
Aero DMG Bonus+,Aero DMG Bonus+,C?n ti?ng Anh nghi v?n: Bonus | S? t?/c?m nghi v?n: 1 | T? l? nghi v?n: 0.333 | M?c ??: 9.33
Spectro DMG Bonus increased by {0}.,Spectro DMG Bonus tăng {0}.,C?n ti?ng Anh nghi v?n: Bonus | S? t?/c?m nghi v?n: 1 | T? l? nghi v?n: 0.333 | M?c ??: 9.33
Spectro DMG Bonus+,Tăng Spectro DMG Bonus,C?n ti?ng Anh nghi v?n: Bonus | S? t?/c?m nghi v?n: 1 | T? l? nghi v?n: 0.333 | M?c ??: 9.33
Spectro DMG Bonus increased by {0}.,Spectro DMG Bonus tăng {0}.,C?n ti?ng Anh nghi v?n: Bonus | S? t?/c?m nghi v?n: 1 | T? l? nghi v?n: 0.333 | M?c ??: 9.33
Spectro DMG Bonus+,Tăng Spectro DMG Bonus,C?n ti?ng Anh nghi v?n: Bonus | S? t?/c?m nghi v?n: 1 | T? l? nghi v?n: 0.333 | M?c ??: 9.33
Spectro DMG Bonus increased by {0}.,Spectro DMG Bonus tăng {0}.,C?n ti?ng Anh nghi v?n: Bonus | S? t?/c?m nghi v?n: 1 | T? l? nghi v?n: 0.333 | M?c ??: 9.33
Spectro DMG Bonus+,Tăng Spectro DMG Bonus,C?n ti?ng Anh nghi v?n: Bonus | S? t?/c?m nghi v?n: 1 | T? l? nghi v?n: 0.333 | M?c ??: 9.33
Spectro DMG Bonus increased by {0}.,Spectro DMG Bonus tăng {0}.,C?n ti?ng Anh nghi v?n: Bonus | S? t?/c?m nghi v?n: 1 | T? l? nghi v?n: 0.333 | M?c ??: 9.33
Spectro DMG Bonus+,Tăng Spectro DMG Bonus,C?n ti?ng Anh nghi v?n: Bonus | S? t?/c?m nghi v?n: 1 | T? l? nghi v?n: 0.333 | M?c ??: 9.33
Havoc DMG Bonus increased by {0}.,Havoc DMG Bonus lên thêm {0}.,C?n ti?ng Anh nghi v?n: Bonus | S? t?/c?m nghi v?n: 1 | T? l? nghi v?n: 0.333 | M?c ??: 9.33
Havoc DMG Bonus+,Havoc DMG Bonus+,C?n ti?ng Anh nghi v?n: Bonus | S? t?/c?m nghi v?n: 1 | T? l? nghi v?n: 0.333 | M?c ??: 9.33
Havoc DMG Bonus increased by {0}.,Havoc DMG Bonus lên thêm {0}.,C?n ti?ng Anh nghi v?n: Bonus | S? t?/c?m nghi v?n: 1 | T? l? nghi v?n: 0.333 | M?c ??: 9.33
Havoc DMG Bonus+,Havoc DMG Bonus+,C?n ti?ng Anh nghi v?n: Bonus | S? t?/c?m nghi v?n: 1 | T? l? nghi v?n: 0.333 | M?c ??: 9.33
Havoc DMG Bonus increased by {0}.,Havoc DMG Bonus lên thêm {0}.,C?n ti?ng Anh nghi v?n: Bonus | S? t?/c?m nghi v?n: 1 | T? l? nghi v?n: 0.333 | M?c ??: 9.33
Havoc DMG Bonus+,Havoc DMG Bonus+,C?n ti?ng Anh nghi v?n: Bonus | S? t?/c?m nghi v?n: 1 | T? l? nghi v?n: 0.333 | M?c ??: 9.33
Havoc DMG Bonus increased by {0}.,Havoc DMG Bonus lên thêm {0}.,C?n ti?ng Anh nghi v?n: Bonus | S? t?/c?m nghi v?n: 1 | T? l? nghi v?n: 0.333 | M?c ??: 9.33
Havoc DMG Bonus+,Havoc DMG Bonus+,C?n ti?ng Anh nghi v?n: Bonus | S? t?/c?m nghi v?n: 1 | T? l? nghi v?n: 0.333 | M?c ??: 9.33
Havoc DMG Bonus increased by {0}.,Havoc DMG Bonus lên thêm {0}.,C?n ti?ng Anh nghi v?n: Bonus | S? t?/c?m nghi v?n: 1 | T? l? nghi v?n: 0.333 | M?c ??: 9.33
Havoc DMG Bonus+,Havoc DMG Bonus+,C?n ti?ng Anh nghi v?n: Bonus | S? t?/c?m nghi v?n: 1 | T? l? nghi v?n: 0.333 | M?c ??: 9.33
Havoc DMG Bonus increased by {0}.,Havoc DMG Bonus lên thêm {0}.,C?n ti?ng Anh nghi v?n: Bonus | S? t?/c?m nghi v?n: 1 | T? l? nghi v?n: 0.333 | M?c ??: 9.33
Havoc DMG Bonus+,Havoc DMG Bonus+,C?n ti?ng Anh nghi v?n: Bonus | S? t?/c?m nghi v?n: 1 | T? l? nghi v?n: 0.333 | M?c ??: 9.33
Havoc DMG Bonus increased by {0}.,Havoc DMG Bonus lên thêm {0}.,C?n ti?ng Anh nghi v?n: Bonus | S? t?/c?m nghi v?n: 1 | T? l? nghi v?n: 0.333 | M?c ??: 9.33
Havoc DMG Bonus+,Havoc DMG Bonus+,C?n ti?ng Anh nghi v?n: Bonus | S? t?/c?m nghi v?n: 1 | T? l? nghi v?n: 0.333 | M?c ??: 9.33
Havoc DMG Bonus increased by {0}.,Havoc DMG Bonus lên thêm {0}.,C?n ti?ng Anh nghi v?n: Bonus | S? t?/c?m nghi v?n: 1 | T? l? nghi v?n: 0.333 | M?c ??: 9.33
Havoc DMG Bonus+,Havoc DMG Bonus+,C?n ti?ng Anh nghi v?n: Bonus | S? t?/c?m nghi v?n: 1 | T? l? nghi v?n: 0.333 | M?c ??: 9.33
Havoc DMG Bonus increased by {0}.,Havoc DMG Bonus lên thêm {0}.,C?n ti?ng Anh nghi v?n: Bonus | S? t?/c?m nghi v?n: 1 | T? l? nghi v?n: 0.333 | M?c ??: 9.33
Havoc DMG Bonus+,Havoc DMG Bonus+,C?n ti?ng Anh nghi v?n: Bonus | S? t?/c?m nghi v?n: 1 | T? l? nghi v?n: 0.333 | M?c ??: 9.33
Havoc DMG Bonus increased by {0}.,Havoc DMG Bonus lên thêm {0}.,C?n ti?ng Anh nghi v?n: Bonus | S? t?/c?m nghi v?n: 1 | T? l? nghi v?n: 0.333 | M?c ??: 9.33
Havoc DMG Bonus+,Havoc DMG Bonus+,C?n ti?ng Anh nghi v?n: Bonus | S? t?/c?m nghi v?n: 1 | T? l? nghi v?n: 0.333 | M?c ??: 9.33
Havoc DMG Bonus increased by {0}.,Havoc DMG Bonus lên thêm {0}.,C?n ti?ng Anh nghi v?n: Bonus | S? t?/c?m nghi v?n: 1 | T? l? nghi v?n: 0.333 | M?c ??: 9.33
Havoc DMG Bonus+,Havoc DMG Bonus+,C?n ti?ng Anh nghi v?n: Bonus | S? t?/c?m nghi v?n: 1 | T? l? nghi v?n: 0.333 | M?c ??: 9.33
Havoc DMG Bonus increased by {0}.,Havoc DMG Bonus lên thêm {0}.,C?n ti?ng Anh nghi v?n: Bonus | S? t?/c?m nghi v?n: 1 | T? l? nghi v?n: 0.333 | M?c ??: 9.33
Havoc DMG Bonus+,Havoc DMG Bonus+,C?n ti?ng Anh nghi v?n: Bonus | S? t?/c?m nghi v?n: 1 | T? l? nghi v?n: 0.333 | M?c ??: 9.33
Glacio DMG Bonus increased by {0}.,Glacio DMG Bonus tăng thêm {0}.,C?n ti?ng Anh nghi v?n: Bonus | S? t?/c?m nghi v?n: 1 | T? l? nghi v?n: 0.333 | M?c ??: 9.33
Glacio DMG Bonus+,Glacio DMG Bonus+,C?n ti?ng Anh nghi v?n: Bonus | S? t?/c?m nghi v?n: 1 | T? l? nghi v?n: 0.333 | M?c ??: 9.33
Glacio DMG Bonus increased by {0}.,Glacio DMG Bonus tăng thêm {0}.,C?n ti?ng Anh nghi v?n: Bonus | S? t?/c?m nghi v?n: 1 | T? l? nghi v?n: 0.333 | M?c ??: 9.33
Glacio DMG Bonus+,Glacio DMG Bonus+,C?n ti?ng Anh nghi v?n: Bonus | S? t?/c?m nghi v?n: 1 | T? l? nghi v?n: 0.333 | M?c ??: 9.33
Glacio DMG Bonus increased by {0}.,Glacio DMG Bonus tăng thêm {0}.,C?n ti?ng Anh nghi v?n: Bonus | S? t?/c?m nghi v?n: 1 | T? l? nghi v?n: 0.333 | M?c ??: 9.33
Glacio DMG Bonus+,Glacio DMG Bonus+,C?n ti?ng Anh nghi v?n: Bonus | S? t?/c?m nghi v?n: 1 | T? l? nghi v?n: 0.333 | M?c ??: 9.33
Glacio DMG Bonus increased by {0}.,Glacio DMG Bonus tăng thêm {0}.,C?n ti?ng Anh nghi v?n: Bonus | S? t?/c?m nghi v?n: 1 | T? l? nghi v?n: 0.333 | M?c ??: 9.33
Glacio DMG Bonus+,Glacio DMG Bonus+,C?n ti?ng Anh nghi v?n: Bonus | S? t?/c?m nghi v?n: 1 | T? l? nghi v?n: 0.333 | M?c ??: 9.33
Fusion DMG Bonus increased by {0}.,Fusion DMG Bonus tăng {0}.,C?n ti?ng Anh nghi v?n: Bonus | S? t?/c?m nghi v?n: 1 | T? l? nghi v?n: 0.333 | M?c ??: 9.33
Fusion DMG Bonus+,Fusion DMG Bonus+,C?n ti?ng Anh nghi v?n: Bonus | S? t?/c?m nghi v?n: 1 | T? l? nghi v?n: 0.333 | M?c ??: 9.33
Fusion DMG Bonus increased by {0}.,Fusion DMG Bonus tăng {0}.,C?n ti?ng Anh nghi v?n: Bonus | S? t?/c?m nghi v?n: 1 | T? l? nghi v?n: 0.333 | M?c ??: 9.33
Fusion DMG Bonus+,Fusion DMG Bonus+,C?n ti?ng Anh nghi v?n: Bonus | S? t?/c?m nghi v?n: 1 | T? l? nghi v?n: 0.333 | M?c ??: 9.33
Fusion DMG Bonus increased by {0}.,Fusion DMG Bonus tăng {0}.,C?n ti?ng Anh nghi v?n: Bonus | S? t?/c?m nghi v?n: 1 | T? l? nghi v?n: 0.333 | M?c ??: 9.33
Fusion DMG Bonus+,Fusion DMG Bonus+,C?n ti?ng Anh nghi v?n: Bonus | S? t?/c?m nghi v?n: 1 | T? l? nghi v?n: 0.333 | M?c ??: 9.33
Fusion DMG Bonus increased by {0}.,Fusion DMG Bonus tăng {0}.,C?n ti?ng Anh nghi v?n: Bonus | S? t?/c?m nghi v?n: 1 | T? l? nghi v?n: 0.333 | M?c ??: 9.33
Fusion DMG Bonus+,Fusion DMG Bonus+,C?n ti?ng Anh nghi v?n: Bonus | S? t?/c?m nghi v?n: 1 | T? l? nghi v?n: 0.333 | M?c ??: 9.33
Fusion DMG Bonus increased by {0}.,Fusion DMG Bonus tăng {0}.,C?n ti?ng Anh nghi v?n: Bonus | S? t?/c?m nghi v?n: 1 | T? l? nghi v?n: 0.333 | M?c ??: 9.33
Fusion DMG Bonus+,Fusion DMG Bonus+,C?n ti?ng Anh nghi v?n: Bonus | S? t?/c?m nghi v?n: 1 | T? l? nghi v?n: 0.333 | M?c ??: 9.33
Fusion DMG Bonus increased by {0}.,Fusion DMG Bonus tăng {0}.,C?n ti?ng Anh nghi v?n: Bonus | S? t?/c?m nghi v?n: 1 | T? l? nghi v?n: 0.333 | M?c ??: 9.33
Fusion DMG Bonus+,Fusion DMG Bonus+,C?n ti?ng Anh nghi v?n: Bonus | S? t?/c?m nghi v?n: 1 | T? l? nghi v?n: 0.333 | M?c ??: 9.33
Fusion DMG Bonus increased by {0}.,Fusion DMG Bonus tăng {0}.,C?n ti?ng Anh nghi v?n: Bonus | S? t?/c?m nghi v?n: 1 | T? l? nghi v?n: 0.333 | M?c ??: 9.33
Fusion DMG Bonus+,Fusion DMG Bonus+,C?n ti?ng Anh nghi v?n: Bonus | S? t?/c?m nghi v?n: 1 | T? l? nghi v?n: 0.333 | M?c ??: 9.33
Fusion DMG Bonus increased by {0}.,Fusion DMG Bonus tăng {0}.,C?n ti?ng Anh nghi v?n: Bonus | S? t?/c?m nghi v?n: 1 | T? l? nghi v?n: 0.333 | M?c ??: 9.33
Fusion DMG Bonus+,Fusion DMG Bonus+,C?n ti?ng Anh nghi v?n: Bonus | S? t?/c?m nghi v?n: 1 | T? l? nghi v?n: 0.333 | M?c ??: 9.33
Fusion DMG Bonus increased by {0}.,Fusion DMG Bonus tăng {0}.,C?n ti?ng Anh nghi v?n: Bonus | S? t?/c?m nghi v?n: 1 | T? l? nghi v?n: 0.333 | M?c ??: 9.33
Fusion DMG Bonus+,Fusion DMG Bonus+,C?n ti?ng Anh nghi v?n: Bonus | S? t?/c?m nghi v?n: 1 | T? l? nghi v?n: 0.333 | M?c ??: 9.33
