en_source,vn_translate,loi_du_doan
"The appearance of this Tacet Discord resembles a humanoid, widely distributed. The attacks are mainly at close range and are dangerous.","Discord này có hình dạng giống người, phân bố rộng rãi. Các đòn tấn công chủ yếu ở tầm gần và rất nguy hiểm.",C?n ti?ng Anh nghi v?n: Discord | S? t?/c?m nghi v?n: 1 | T? l? nghi v?n: 0.5 | M?c ??: 8.0
Glacio Predator,Glacio Predator,C?n ti?ng Anh nghi v?n: Predator | S? t?/c?m nghi v?n: 1 | T? l? nghi v?n: 0.5 | M?c ??: 8.0
Glacio Prism,Glacio Prism,C?n ti?ng Anh nghi v?n: Prism | S? t?/c?m nghi v?n: 1 | T? l? nghi v?n: 0.5 | M?c ??: 8.0
Fusion Prism,Fusion Prism,C?n ti?ng Anh nghi v?n: Prism | S? t?/c?m nghi v?n: 1 | T? l? nghi v?n: 0.5 | M?c ??: 8.0
Fractsidus Executioner,Fractsidus Executioner,C?n ti?ng Anh nghi v?n: Executioner | S? t?/c?m nghi v?n: 1 | T? l? nghi v?n: 0.5 | M?c ??: 8.0
Medium Tacet Field - Transmitter,Trường Tacet Medium - Bộ Truyền Tín,C?n ti?ng Anh nghi v?n: Medium | S? t?/c?m nghi v?n: 1 | T? l? nghi v?n: 0.5 | M?c ??: 8.0
Resonance Record,Resonance Record,C?n ti?ng Anh nghi v?n: Record | S? t?/c?m nghi v?n: 1 | T? l? nghi v?n: 0.5 | M?c ??: 8.0
Resonance Record,Resonance Record,C?n ti?ng Anh nghi v?n: Record | S? t?/c?m nghi v?n: 1 | T? l? nghi v?n: 0.5 | M?c ??: 8.0
Tacet Field,Tacet Field,C?n ti?ng Anh nghi v?n: Field | S? t?/c?m nghi v?n: 1 | T? l? nghi v?n: 0.5 | M?c ??: 8.0
Resonance Record,Resonance Record,C?n ti?ng Anh nghi v?n: Record | S? t?/c?m nghi v?n: 1 | T? l? nghi v?n: 0.5 | M?c ??: 8.0
Resonance Record,Resonance Record,C?n ti?ng Anh nghi v?n: Record | S? t?/c?m nghi v?n: 1 | T? l? nghi v?n: 0.5 | M?c ??: 8.0
Resonance Record,Resonance Record,C?n ti?ng Anh nghi v?n: Record | S? t?/c?m nghi v?n: 1 | T? l? nghi v?n: 0.5 | M?c ??: 8.0
Resonance Record,Resonance Record,C?n ti?ng Anh nghi v?n: Record | S? t?/c?m nghi v?n: 1 | T? l? nghi v?n: 0.5 | M?c ??: 8.0
Resonance Record,Resonance Record,C?n ti?ng Anh nghi v?n: Record | S? t?/c?m nghi v?n: 1 | T? l? nghi v?n: 0.5 | M?c ??: 8.0
UID copied in clipboard.,Đã sao chép UID vào bộ nhớ tạm.,C?n ti?ng Anh nghi v?n: UID | S? t?/c?m nghi v?n: 1 | T? l? nghi v?n: 0.5 | M?c ??: 8.0
Result will take effect in next day,Result sẽ có hiệu lực vào ngày tiếp theo,C?n ti?ng Anh nghi v?n: Result | S? t?/c?m nghi v?n: 1 | T? l? nghi v?n: 0.5 | M?c ??: 8.0
Tacet Field Unlocked,Mở khóa Tacet Field,C?n ti?ng Anh nghi v?n: Field | S? t?/c?m nghi v?n: 1 | T? l? nghi v?n: 0.5 | M?c ??: 8.0
Tacet Field Unlocked,Mở khóa Tacet Field,C?n ti?ng Anh nghi v?n: Field | S? t?/c?m nghi v?n: 1 | T? l? nghi v?n: 0.5 | M?c ??: 8.0
This Rover is offline or UID incorrect,Rover này đang ngoại tuyến hoặc UID không chính xác,C?n ti?ng Anh nghi v?n: UID | S? t?/c?m nghi v?n: 1 | T? l? nghi v?n: 0.5 | M?c ??: 8.0
You cannot place Reverberation in Co-op,Bạn không thể đặt Reverberation trong Chế độ Đồng đội,C?n ti?ng Anh nghi v?n: Reverberation | S? t?/c?m nghi v?n: 1 | T? l? nghi v?n: 0.5 | M?c ??: 8.0
Stand beside the walls and hold {0} to climb.,Stand cạnh tường và giữ {0} để leo.,C?n ti?ng Anh nghi v?n: Stand | S? t?/c?m nghi v?n: 1 | T? l? nghi v?n: 0.5 | M?c ??: 8.0
Tap to open Character page.,Chạm để mở trang Character.,C?n ti?ng Anh nghi v?n: Character | S? t?/c?m nghi v?n: 1 | T? l? nghi v?n: 0.5 | M?c ??: 8.0
Tap to open Character page.,Chạm để mở trang Character.,C?n ti?ng Anh nghi v?n: Character | S? t?/c?m nghi v?n: 1 | T? l? nghi v?n: 0.5 | M?c ??: 8.0
Tap to open Character page.,Chạm để mở trang Character.,C?n ti?ng Anh nghi v?n: Character | S? t?/c?m nghi v?n: 1 | T? l? nghi v?n: 0.5 | M?c ??: 8.0
Tap to open Character page.,Chạm để mở trang Character.,C?n ti?ng Anh nghi v?n: Character | S? t?/c?m nghi v?n: 1 | T? l? nghi v?n: 0.5 | M?c ??: 8.0
The Piggy.,The Piggy.,C?n ti?ng Anh nghi v?n: Piggy | S? t?/c?m nghi v?n: 1 | T? l? nghi v?n: 0.5 | M?c ??: 8.0
Tiancheng Urban Area,Khu Đô thị Tiancheng,C?n ti?ng Anh nghi v?n: Tiancheng | S? t?/c?m nghi v?n: 1 | T? l? nghi v?n: 0.5 | M?c ??: 8.0
Desorock Highland,Cao nguyên Desorock,C?n ti?ng Anh nghi v?n: Desorock | S? t?/c?m nghi v?n: 1 | T? l? nghi v?n: 0.5 | M?c ??: 8.0
Whining Aix's Mire,Bãi Lầy Whining Aix,C?n ti?ng Anh nghi v?n: Whining | S? t?/c?m nghi v?n: 1 | T? l? nghi v?n: 0.5 | M?c ??: 8.0
Tacet Field,Tacet Field,C?n ti?ng Anh nghi v?n: Field | S? t?/c?m nghi v?n: 1 | T? l? nghi v?n: 0.5 | M?c ??: 8.0
Tacet Field,Tacet Field,C?n ti?ng Anh nghi v?n: Field | S? t?/c?m nghi v?n: 1 | T? l? nghi v?n: 0.5 | M?c ??: 8.0
Tacet Field,Tacet Field,C?n ti?ng Anh nghi v?n: Field | S? t?/c?m nghi v?n: 1 | T? l? nghi v?n: 0.5 | M?c ??: 8.0
Tacet Field,Tacet Field,C?n ti?ng Anh nghi v?n: Field | S? t?/c?m nghi v?n: 1 | T? l? nghi v?n: 0.5 | M?c ??: 8.0
Tacet Field,Tacet Field,C?n ti?ng Anh nghi v?n: Field | S? t?/c?m nghi v?n: 1 | T? l? nghi v?n: 0.5 | M?c ??: 8.0
Tacet Field,Tacet Field,C?n ti?ng Anh nghi v?n: Field | S? t?/c?m nghi v?n: 1 | T? l? nghi v?n: 0.5 | M?c ??: 8.0
Tacet Field,Tacet Field,C?n ti?ng Anh nghi v?n: Field | S? t?/c?m nghi v?n: 1 | T? l? nghi v?n: 0.5 | M?c ??: 8.0
Tacet Field,Tacet Field,C?n ti?ng Anh nghi v?n: Field | S? t?/c?m nghi v?n: 1 | T? l? nghi v?n: 0.5 | M?c ??: 8.0
Tacet Field,Tacet Field,C?n ti?ng Anh nghi v?n: Field | S? t?/c?m nghi v?n: 1 | T? l? nghi v?n: 0.5 | M?c ??: 8.0
Fusion Warrior,Fusion Warrior,C?n ti?ng Anh nghi v?n: Warrior | S? t?/c?m nghi v?n: 1 | T? l? nghi v?n: 0.5 | M?c ??: 8.0
"The appearance of this Tacet Discord resembles a humanoid, widely distributed. The attacks are mainly at close range and are dangerous.","Discord này có hình dạng giống người, phân bố rộng rãi. Các đòn tấn công chủ yếu ở tầm gần và rất nguy hiểm.",C?n ti?ng Anh nghi v?n: Discord | S? t?/c?m nghi v?n: 1 | T? l? nghi v?n: 0.5 | M?c ??: 8.0
Medium Tacet Field - Transmitter,Trường Tacet Medium - Bộ Truyền Tín,C?n ti?ng Anh nghi v?n: Medium | S? t?/c?m nghi v?n: 1 | T? l? nghi v?n: 0.5 | M?c ??: 8.0
Glacio Predator,Glacio Predator,C?n ti?ng Anh nghi v?n: Predator | S? t?/c?m nghi v?n: 1 | T? l? nghi v?n: 0.5 | M?c ??: 8.0
Glacio Prism,Glacio Prism,C?n ti?ng Anh nghi v?n: Prism | S? t?/c?m nghi v?n: 1 | T? l? nghi v?n: 0.5 | M?c ??: 8.0
Fusion Prism,Fusion Prism,C?n ti?ng Anh nghi v?n: Prism | S? t?/c?m nghi v?n: 1 | T? l? nghi v?n: 0.5 | M?c ??: 8.0
Fractsidus Executioner,Fractsidus Executioner,C?n ti?ng Anh nghi v?n: Executioner | S? t?/c?m nghi v?n: 1 | T? l? nghi v?n: 0.5 | M?c ??: 8.0
Open Resonator Interface,Mở Interface Resonator,C?n ti?ng Anh nghi v?n: Interface | S? t?/c?m nghi v?n: 1 | T? l? nghi v?n: 0.5 | M?c ??: 8.0
Invite at most 3 Resonators,Invite tối đa 3 Resonators,C?n ti?ng Anh nghi v?n: Invite | S? t?/c?m nghi v?n: 1 | T? l? nghi v?n: 0.5 | M?c ??: 8.0
Crit. Rate,Crit. Rate,C?n ti?ng Anh nghi v?n: Rate | S? t?/c?m nghi v?n: 1 | T? l? nghi v?n: 0.5 | M?c ??: 8.0
Elite TD appearing,Elite TD xuất hiện,C?n ti?ng Anh nghi v?n: Elite | S? t?/c?m nghi v?n: 1 | T? l? nghi v?n: 0.5 | M?c ??: 8.0
Pioneer Podcast Available,Podcast Tiên phong có sẵn,C?n ti?ng Anh nghi v?n: Podcast | S? t?/c?m nghi v?n: 1 | T? l? nghi v?n: 0.5 | M?c ??: 8.0
Add to Blocklist,Add vào danh sách chặn,C?n ti?ng Anh nghi v?n: Add | S? t?/c?m nghi v?n: 1 | T? l? nghi v?n: 0.5 | M?c ??: 8.0
Search by UID,Tìm theo UID,C?n ti?ng Anh nghi v?n: UID | S? t?/c?m nghi v?n: 1 | T? l? nghi v?n: 0.5 | M?c ??: 8.0
Tacet Field,Tacet Field,C?n ti?ng Anh nghi v?n: Field | S? t?/c?m nghi v?n: 1 | T? l? nghi v?n: 0.5 | M?c ??: 8.0
Pose for Memo,Tạo dáng cho Memo,C?n ti?ng Anh nghi v?n: Memo | S? t?/c?m nghi v?n: 1 | T? l? nghi v?n: 0.5 | M?c ??: 8.0
Resonance Beacon,Resonance Beacon,C?n ti?ng Anh nghi v?n: Beacon | S? t?/c?m nghi v?n: 1 | T? l? nghi v?n: 0.5 | M?c ??: 8.0
Waveplate Consumed:,Waveplate đã tiêu hao:,C?n ti?ng Anh nghi v?n: Waveplate | S? t?/c?m nghi v?n: 1 | T? l? nghi v?n: 0.5 | M?c ??: 8.0
Tacet Field,Tacet Field,C?n ti?ng Anh nghi v?n: Field | S? t?/c?m nghi v?n: 1 | T? l? nghi v?n: 0.5 | M?c ??: 8.0
Pioneer Podcast Connoisseur Channel,Kênh Podcast Nhà Tiên Phong,C?n ti?ng Anh nghi v?n: Podcast | S? t?/c?m nghi v?n: 1 | T? l? nghi v?n: 0.5 | M?c ??: 8.0
Search by UID to add a Friend,Tìm kiếm theo UID để thêm bạn,C?n ti?ng Anh nghi v?n: UID | S? t?/c?m nghi v?n: 1 | T? l? nghi v?n: 0.5 | M?c ??: 8.0
"Type in target IP address 

Might override the Server you chose","Nhập địa chỉ IP mục tiêu 

Có thể ghi đè Máy chủ đã chọn",C?n ti?ng Anh nghi v?n: IP | S? t?/c?m nghi v?n: 1 | T? l? nghi v?n: 0.5 | M?c ??: 8.0
Ascension Materials Required,Materials Thăng Hoa Yêu Cầu,C?n ti?ng Anh nghi v?n: Materials | S? t?/c?m nghi v?n: 1 | T? l? nghi v?n: 0.5 | M?c ??: 8.0
Resonance Chain Upgrade,Nâng cấp Resonance Chain,C?n ti?ng Anh nghi v?n: Chain | S? t?/c?m nghi v?n: 1 | T? l? nghi v?n: 0.5 | M?c ??: 8.0
Sort by,Sort theo,C?n ti?ng Anh nghi v?n: Sort | S? t?/c?m nghi v?n: 1 | T? l? nghi v?n: 0.5 | M?c ??: 8.0
Level Rewards,Rewards theo cấp,C?n ti?ng Anh nghi v?n: Rewards | S? t?/c?m nghi v?n: 1 | T? l? nghi v?n: 0.5 | M?c ??: 8.0
Resonance Chain,Resonance Chain,C?n ti?ng Anh nghi v?n: Chain | S? t?/c?m nghi v?n: 1 | T? l? nghi v?n: 0.5 | M?c ??: 8.0
You can only recover data from upgraded Echo,Bạn chỉ có thể khôi phục dữ liệu từ Echo upgraded,C?n ti?ng Anh nghi v?n: upgraded | S? t?/c?m nghi v?n: 1 | T? l? nghi v?n: 0.5 | M?c ??: 8.0
Current Echo Filter: {0},Filter Echo Hiện Tại: {0},C?n ti?ng Anh nghi v?n: Filter | S? t?/c?m nghi v?n: 1 | T? l? nghi v?n: 0.5 | M?c ??: 8.0
The first Mainstat can be Modified,Mainstat đầu tiên có thể Thay đổi,C?n ti?ng Anh nghi v?n: Mainstat | S? t?/c?m nghi v?n: 1 | T? l? nghi v?n: 0.5 | M?c ??: 8.0
Waveplate Cost,Chi phí Waveplate,C?n ti?ng Anh nghi v?n: Waveplate | S? t?/c?m nghi v?n: 1 | T? l? nghi v?n: 0.5 | M?c ??: 8.0
Crest Obtained,Obtained Creast,C?n ti?ng Anh nghi v?n: Obtained | S? t?/c?m nghi v?n: 1 | T? l? nghi v?n: 0.5 | M?c ??: 8.0
Vigor Cost,Chi phí Vigor,C?n ti?ng Anh nghi v?n: Vigor | S? t?/c?m nghi v?n: 1 | T? l? nghi v?n: 0.5 | M?c ??: 8.0
Select Quick Accesses you want to set,Chọn Quick Access muốn thiết lập,C?n ti?ng Anh nghi v?n: Quick | S? t?/c?m nghi v?n: 1 | T? l? nghi v?n: 0.5 | M?c ??: 8.0
Tap to claim today's Lunite Subscription reward,Chạm để nhận thưởng Đăng Ký Lunite hôm nay,C?n ti?ng Anh nghi v?n: Lunite | S? t?/c?m nghi v?n: 1 | T? l? nghi v?n: 0.5 | M?c ??: 8.0
Rotate Roulette,Rotate Vòng Quay,C?n ti?ng Anh nghi v?n: Rotate | S? t?/c?m nghi v?n: 1 | T? l? nghi v?n: 0.5 | M?c ??: 8.0
Limited-time,Limited thời gian,C?n ti?ng Anh nghi v?n: Limited | S? t?/c?m nghi v?n: 1 | T? l? nghi v?n: 0.5 | M?c ??: 8.0
"If your ""Eureka"" fails, you'll receive only the base earnings without any additional funds invested.","Nếu ""Eureka"" của bạn thất bại, bạn sẽ chỉ nhận được thu nhập cơ bản mà không có thêm bất kỳ khoản đầu tư nào.",C?n ti?ng Anh nghi v?n: Eureka | S? t?/c?m nghi v?n: 1 | T? l? nghi v?n: 0.5 | M?c ??: 8.0
Nightmare Memes,Meme Nightmare,C?n ti?ng Anh nghi v?n: Nightmare | S? t?/c?m nghi v?n: 1 | T? l? nghi v?n: 0.5 | M?c ??: 8.0
Fetching Lollo network interface...,Đang tải giao diện mạng Lollo...,C?n ti?ng Anh nghi v?n: Lollo | S? t?/c?m nghi v?n: 1 | T? l? nghi v?n: 0.5 | M?c ??: 8.0
Redeem Lollo Stamps,Đổi Tem Lollo,C?n ti?ng Anh nghi v?n: Lollo | S? t?/c?m nghi v?n: 1 | T? l? nghi v?n: 0.5 | M?c ??: 8.0
Windchimer Delivery,Giao hàng Windchimer,C?n ti?ng Anh nghi v?n: Windchimer | S? t?/c?m nghi v?n: 1 | T? l? nghi v?n: 0.5 | M?c ??: 8.0
Level Rewards,Rewards theo cấp,C?n ti?ng Anh nghi v?n: Rewards | S? t?/c?m nghi v?n: 1 | T? l? nghi v?n: 0.5 | M?c ??: 8.0
Ascension Preview,Preview Thăng hoa,C?n ti?ng Anh nghi v?n: Preview | S? t?/c?m nghi v?n: 1 | T? l? nghi v?n: 0.5 | M?c ??: 8.0
Collection Progress,Progress Thu thập,C?n ti?ng Anh nghi v?n: Progress | S? t?/c?m nghi v?n: 1 | T? l? nghi v?n: 0.5 | M?c ??: 8.0
Sigil Preview,Xem Trước Sigil,C?n ti?ng Anh nghi v?n: Sigil | S? t?/c?m nghi v?n: 1 | T? l? nghi v?n: 0.5 | M?c ??: 8.0
Please enter a UID,Vui lòng nhập UID,C?n ti?ng Anh nghi v?n: UID | S? t?/c?m nghi v?n: 1 | T? l? nghi v?n: 0.5 | M?c ??: 8.0
Moon-Chasing Festival: By Moon's Grace,Lễ Hội Theo Dấu Trăng: Grace Của Ánh Trăng,C?n ti?ng Anh nghi v?n: Grace | S? t?/c?m nghi v?n: 1 | T? l? nghi v?n: 0.5 | M?c ??: 8.0
Copy UID,Sao Chép UID,C?n ti?ng Anh nghi v?n: UID | S? t?/c?m nghi v?n: 1 | T? l? nghi v?n: 0.5 | M?c ??: 8.0
Do you want to use the copied UID?,Bạn có muốn sử dụng UID đã sao chép?,C?n ti?ng Anh nghi v?n: UID | S? t?/c?m nghi v?n: 1 | T? l? nghi v?n: 0.5 | M?c ??: 8.0
Dream Shards,Dream Shard,C?n ti?ng Anh nghi v?n: Dream | S? t?/c?m nghi v?n: 1 | T? l? nghi v?n: 0.5 | M?c ??: 8.0
Dream Shards,Dream Shard,C?n ti?ng Anh nghi v?n: Dream | S? t?/c?m nghi v?n: 1 | T? l? nghi v?n: 0.5 | M?c ??: 8.0
Dream Shards,Dream Shard,C?n ti?ng Anh nghi v?n: Dream | S? t?/c?m nghi v?n: 1 | T? l? nghi v?n: 0.5 | M?c ??: 8.0
Dream Shards,Dream Shard,C?n ti?ng Anh nghi v?n: Dream | S? t?/c?m nghi v?n: 1 | T? l? nghi v?n: 0.5 | M?c ??: 8.0
Limited-Time Rewards,Rewards giới hạn thời gian,C?n ti?ng Anh nghi v?n: Rewards | S? t?/c?m nghi v?n: 1 | T? l? nghi v?n: 0.5 | M?c ??: 8.0
Only Echo EXP items,Chỉ vật phẩm EXP Echo,C?n ti?ng Anh nghi v?n: EXP | S? t?/c?m nghi v?n: 1 | T? l? nghi v?n: 0.5 | M?c ??: 8.0
Somnoire Cleansed,Somnoire Đã Thanh Tẩy,C?n ti?ng Anh nghi v?n: Somnoire | S? t?/c?m nghi v?n: 1 | T? l? nghi v?n: 0.5 | M?c ??: 8.0
Obtain Lollo Stamp,Nhận Tem Lollo,C?n ti?ng Anh nghi v?n: Lollo | S? t?/c?m nghi v?n: 1 | T? l? nghi v?n: 0.5 | M?c ??: 8.0
Wear Outfit,Wear Trang phục,C?n ti?ng Anh nghi v?n: Wear | S? t?/c?m nghi v?n: 1 | T? l? nghi v?n: 0.5 | M?c ??: 8.0
Complete Travel Records for all areas to claim,Hoàn thành Nhật Ký Travel tất cả khu vực để nhận thưởng,C?n ti?ng Anh nghi v?n: Travel | S? t?/c?m nghi v?n: 1 | T? l? nghi v?n: 0.5 | M?c ??: 8.0
Restoration Cost,Chi Phí Restoration,C?n ti?ng Anh nghi v?n: Restoration | S? t?/c?m nghi v?n: 1 | T? l? nghi v?n: 0.5 | M?c ??: 8.0
Limited-Time Rewards,Rewards giới hạn thời gian,C?n ti?ng Anh nghi v?n: Rewards | S? t?/c?m nghi v?n: 1 | T? l? nghi v?n: 0.5 | M?c ??: 8.0
Limited-Time Rewards,Rewards giới hạn thời gian,C?n ti?ng Anh nghi v?n: Rewards | S? t?/c?m nghi v?n: 1 | T? l? nghi v?n: 0.5 | M?c ??: 8.0
Nameless Coins Obtained,Đã Nhận Nameless Coin,C?n ti?ng Anh nghi v?n: Nameless | S? t?/c?m nghi v?n: 1 | T? l? nghi v?n: 0.5 | M?c ??: 8.0
Select an Awning for Rachel,Chọn Tán cho Rachel,C?n ti?ng Anh nghi v?n: Rachel | S? t?/c?m nghi v?n: 1 | T? l? nghi v?n: 0.5 | M?c ??: 8.0
Disaster Trial,Trial Tai Họa,C?n ti?ng Anh nghi v?n: Trial | S? t?/c?m nghi v?n: 1 | T? l? nghi v?n: 0.5 | M?c ??: 8.0
Team Info  <color=#5cc96aff>Trial Resonators Available</color>,Đội Info  <color=#5cc96aff>Resonators thử nghiệm có sẵn</color>,C?n ti?ng Anh nghi v?n: Info | S? t?/c?m nghi v?n: 1 | T? l? nghi v?n: 0.5 | M?c ??: 8.0
Limited-Time Rewards,Rewards giới hạn thời gian,C?n ti?ng Anh nghi v?n: Rewards | S? t?/c?m nghi v?n: 1 | T? l? nghi v?n: 0.5 | M?c ??: 8.0
Level Rewards,Rewards theo cấp,C?n ti?ng Anh nghi v?n: Rewards | S? t?/c?m nghi v?n: 1 | T? l? nghi v?n: 0.5 | M?c ??: 8.0
Concerto Companions,Companions Concerto,C?n ti?ng Anh nghi v?n: Companions | S? t?/c?m nghi v?n: 1 | T? l? nghi v?n: 0.5 | M?c ??: 8.0
Exploration Info,Thông Tin Exploration,C?n ti?ng Anh nghi v?n: Exploration | S? t?/c?m nghi v?n: 1 | T? l? nghi v?n: 0.5 | M?c ??: 8.0
Reach Union Level xx,Đạt Cấp Độ Liên Minh xx,C?n ti?ng Anh nghi v?n: xx | S? t?/c?m nghi v?n: 1 | T? l? nghi v?n: 0.5 | M?c ??: 8.0
Advanced Skill Materials,Materials Kỹ Năng Nâng Cao,C?n ti?ng Anh nghi v?n: Materials | S? t?/c?m nghi v?n: 1 | T? l? nghi v?n: 0.5 | M?c ??: 8.0
Reach Union Level xx,Đạt Cấp Độ Liên Minh xx,C?n ti?ng Anh nghi v?n: xx | S? t?/c?m nghi v?n: 1 | T? l? nghi v?n: 0.5 | M?c ??: 8.0
Limited-Time Rewards,Rewards giới hạn thời gian,C?n ti?ng Anh nghi v?n: Rewards | S? t?/c?m nghi v?n: 1 | T? l? nghi v?n: 0.5 | M?c ??: 8.0
Limited-Time Rewards,Rewards giới hạn thời gian,C?n ti?ng Anh nghi v?n: Rewards | S? t?/c?m nghi v?n: 1 | T? l? nghi v?n: 0.5 | M?c ??: 8.0
Limited-Time Rewards,Rewards giới hạn thời gian,C?n ti?ng Anh nghi v?n: Rewards | S? t?/c?m nghi v?n: 1 | T? l? nghi v?n: 0.5 | M?c ??: 8.0
<b>Cube Lineup</b>,<b>Danh Sách Cube</b>,C?n ti?ng Anh nghi v?n: Cube | S? t?/c?m nghi v?n: 1 | T? l? nghi v?n: 0.5 | M?c ??: 8.0
No Core Echo,Không Có Core Echo,C?n ti?ng Anh nghi v?n: Core | S? t?/c?m nghi v?n: 1 | T? l? nghi v?n: 0.5 | M?c ??: 8.0
Quick Build,Build Nhanh,C?n ti?ng Anh nghi v?n: Build | S? t?/c?m nghi v?n: 1 | T? l? nghi v?n: 0.5 | M?c ??: 8.0
Quick Build,Build Nhanh,C?n ti?ng Anh nghi v?n: Build | S? t?/c?m nghi v?n: 1 | T? l? nghi v?n: 0.5 | M?c ??: 8.0
Disaster Trial,Trial Tai Họa,C?n ti?ng Anh nghi v?n: Trial | S? t?/c?m nghi v?n: 1 | T? l? nghi v?n: 0.5 | M?c ??: 8.0
Unlocked Medals of Prestige:,Huy Chương Prestige Đã Mở Khóa:,C?n ti?ng Anh nghi v?n: Prestige | S? t?/c?m nghi v?n: 1 | T? l? nghi v?n: 0.5 | M?c ??: 8.0
Echo Overview,Overview Echo,C?n ti?ng Anh nghi v?n: Overview | S? t?/c?m nghi v?n: 1 | T? l? nghi v?n: 0.5 | M?c ??: 8.0
Duel Resonance Weekly Limit,Giới hạn hàng tuần Duel Resonance,C?n ti?ng Anh nghi v?n: Duel | S? t?/c?m nghi v?n: 1 | T? l? nghi v?n: 0.5 | M?c ??: 8.0
Duel Resonance,Duel Resonance,C?n ti?ng Anh nghi v?n: Duel | S? t?/c?m nghi v?n: 1 | T? l? nghi v?n: 0.5 | M?c ??: 8.0
Core Echo Locked,Core Echo Đã Khóa,C?n ti?ng Anh nghi v?n: Core | S? t?/c?m nghi v?n: 1 | T? l? nghi v?n: 0.5 | M?c ??: 8.0
Limited-Time Rewards,Rewards giới hạn thời gian,C?n ti?ng Anh nghi v?n: Rewards | S? t?/c?m nghi v?n: 1 | T? l? nghi v?n: 0.5 | M?c ??: 8.0
Limited-Time Rewards,Rewards giới hạn thời gian,C?n ti?ng Anh nghi v?n: Rewards | S? t?/c?m nghi v?n: 1 | T? l? nghi v?n: 0.5 | M?c ??: 8.0
Dreamland Badges,Huy hiệu Dreamland,C?n ti?ng Anh nghi v?n: Dreamland | S? t?/c?m nghi v?n: 1 | T? l? nghi v?n: 0.5 | M?c ??: 8.0
View Sigil,Xem Sigil,C?n ti?ng Anh nghi v?n: Sigil | S? t?/c?m nghi v?n: 1 | T? l? nghi v?n: 0.5 | M?c ??: 8.0
Limited-Time Rewards,Rewards giới hạn thời gian,C?n ti?ng Anh nghi v?n: Rewards | S? t?/c?m nghi v?n: 1 | T? l? nghi v?n: 0.5 | M?c ??: 8.0
Limited-Time Rewards,Rewards giới hạn thời gian,C?n ti?ng Anh nghi v?n: Rewards | S? t?/c?m nghi v?n: 1 | T? l? nghi v?n: 0.5 | M?c ??: 8.0
Namipon Badge,Huy Hiệu Namipon,C?n ti?ng Anh nghi v?n: Namipon | S? t?/c?m nghi v?n: 1 | T? l? nghi v?n: 0.5 | M?c ??: 8.0
Sigil Preview,Xem Trước Sigil,C?n ti?ng Anh nghi v?n: Sigil | S? t?/c?m nghi v?n: 1 | T? l? nghi v?n: 0.5 | M?c ??: 8.0
Limited-Time Rewards,Rewards giới hạn thời gian,C?n ti?ng Anh nghi v?n: Rewards | S? t?/c?m nghi v?n: 1 | T? l? nghi v?n: 0.5 | M?c ??: 8.0
Namipon Ability not equipped,Chưa Trang Bị Kỹ Năng Namipon,C?n ti?ng Anh nghi v?n: Namipon | S? t?/c?m nghi v?n: 1 | T? l? nghi v?n: 0.5 | M?c ??: 8.0
Quick Build,Build Nhanh,C?n ti?ng Anh nghi v?n: Build | S? t?/c?m nghi v?n: 1 | T? l? nghi v?n: 0.5 | M?c ??: 8.0
The Spacetrek Collective will forever honor your service!,Tập thể Spacetrek sẽ mãi tôn vinh sự cống hiến của bạn!,C?n ti?ng Anh nghi v?n: Spacetrek | S? t?/c?m nghi v?n: 1 | T? l? nghi v?n: 0.5 | M?c ??: 8.0
Level Rewards,Rewards theo cấp,C?n ti?ng Anh nghi v?n: Rewards | S? t?/c?m nghi v?n: 1 | T? l? nghi v?n: 0.5 | M?c ??: 8.0
Please select a WavesLine contact,Vui lòng chọn một liên lạc WavesLine,C?n ti?ng Anh nghi v?n: WavesLine | S? t?/c?m nghi v?n: 1 | T? l? nghi v?n: 0.5 | M?c ??: 8.0
Chat Bubble,Bong Bóng Chat,C?n ti?ng Anh nghi v?n: Chat | S? t?/c?m nghi v?n: 1 | T? l? nghi v?n: 0.5 | M?c ??: 8.0
"Hello, WavesLine.","Xin chào, WavesLine.",C?n ti?ng Anh nghi v?n: WavesLine | S? t?/c?m nghi v?n: 1 | T? l? nghi v?n: 0.5 | M?c ??: 8.0
No Core Echo selected,Chưa chọn Core Echo,C?n ti?ng Anh nghi v?n: Core | S? t?/c?m nghi v?n: 1 | T? l? nghi v?n: 0.5 | M?c ??: 8.0
Trial Resonators,Trial Resonators,C?n ti?ng Anh nghi v?n: Trial | S? t?/c?m nghi v?n: 1 | T? l? nghi v?n: 0.5 | M?c ??: 8.0
Claimable at SOL3 Phase 1,Claimable ở Giai đoạn 1 SOL3,C?n ti?ng Anh nghi v?n: Claimable | S? t?/c?m nghi v?n: 1 | T? l? nghi v?n: 0.5 | M?c ??: 8.0
No available Featured Resonator Convene,Chưa có Featured Resonator Triệu Tập khả dụng,C?n ti?ng Anh nghi v?n: Featured | S? t?/c?m nghi v?n: 1 | T? l? nghi v?n: 0.5 | M?c ??: 8.0
You haven't cleared this Tacet Field,Bạn chưa hoàn thành Tacet Field này,C?n ti?ng Anh nghi v?n: Field | S? t?/c?m nghi v?n: 1 | T? l? nghi v?n: 0.5 | M?c ??: 8.0
Crit. Rate,Crit. Rate,C?n ti?ng Anh nghi v?n: Rate | S? t?/c?m nghi v?n: 1 | T? l? nghi v?n: 0.5 | M?c ??: 8.0
Core Protocols,Giao Thức Cốt Core,C?n ti?ng Anh nghi v?n: Core | S? t?/c?m nghi v?n: 1 | T? l? nghi v?n: 0.5 | M?c ??: 8.0
Core Protocols,Giao Thức Cốt Core,C?n ti?ng Anh nghi v?n: Core | S? t?/c?m nghi v?n: 1 | T? l? nghi v?n: 0.5 | M?c ??: 8.0
Biker Ranking,Ranking Tay đua,C?n ti?ng Anh nghi v?n: Ranking | S? t?/c?m nghi v?n: 1 | T? l? nghi v?n: 0.5 | M?c ??: 8.0
Biker Ranking,Ranking Tay đua,C?n ti?ng Anh nghi v?n: Ranking | S? t?/c?m nghi v?n: 1 | T? l? nghi v?n: 0.5 | M?c ??: 8.0
Limited-Time Rewards,Rewards giới hạn thời gian,C?n ti?ng Anh nghi v?n: Rewards | S? t?/c?m nghi v?n: 1 | T? l? nghi v?n: 0.5 | M?c ??: 8.0
Current Vibe Gauge,Thanh Vibe Hiện Tại,C?n ti?ng Anh nghi v?n: Vibe | S? t?/c?m nghi v?n: 1 | T? l? nghi v?n: 0.5 | M?c ??: 8.0
Limited-Time Rewards,Rewards giới hạn thời gian,C?n ti?ng Anh nghi v?n: Rewards | S? t?/c?m nghi v?n: 1 | T? l? nghi v?n: 0.5 | M?c ??: 8.0
Windchimer Delivery,Giao hàng Windchimer,C?n ti?ng Anh nghi v?n: Windchimer | S? t?/c?m nghi v?n: 1 | T? l? nghi v?n: 0.5 | M?c ??: 8.0
Available Now,Available Ngay,C?n ti?ng Anh nghi v?n: Available | S? t?/c?m nghi v?n: 1 | T? l? nghi v?n: 0.5 | M?c ??: 8.0
Limited-Time Rewards,Rewards giới hạn thời gian,C?n ti?ng Anh nghi v?n: Rewards | S? t?/c?m nghi v?n: 1 | T? l? nghi v?n: 0.5 | M?c ??: 8.0
Limited-Time Rewards,Rewards giới hạn thời gian,C?n ti?ng Anh nghi v?n: Rewards | S? t?/c?m nghi v?n: 1 | T? l? nghi v?n: 0.5 | M?c ??: 8.0
Limited-Time Rewards,Rewards giới hạn thời gian,C?n ti?ng Anh nghi v?n: Rewards | S? t?/c?m nghi v?n: 1 | T? l? nghi v?n: 0.5 | M?c ??: 8.0
Limited-Time Rewards,Rewards giới hạn thời gian,C?n ti?ng Anh nghi v?n: Rewards | S? t?/c?m nghi v?n: 1 | T? l? nghi v?n: 0.5 | M?c ??: 8.0
Limited-Time Rewards,Rewards giới hạn thời gian,C?n ti?ng Anh nghi v?n: Rewards | S? t?/c?m nghi v?n: 1 | T? l? nghi v?n: 0.5 | M?c ??: 8.0
Limited-Time Rewards,Rewards giới hạn thời gian,C?n ti?ng Anh nghi v?n: Rewards | S? t?/c?m nghi v?n: 1 | T? l? nghi v?n: 0.5 | M?c ??: 8.0
View Sigil,Xem Sigil,C?n ti?ng Anh nghi v?n: Sigil | S? t?/c?m nghi v?n: 1 | T? l? nghi v?n: 0.5 | M?c ??: 8.0
Special Supplies,Hàng Cung Ứng Special,C?n ti?ng Anh nghi v?n: Special | S? t?/c?m nghi v?n: 1 | T? l? nghi v?n: 0.5 | M?c ??: 8.0
Special Supplies,Hàng Cung Ứng Special,C?n ti?ng Anh nghi v?n: Special | S? t?/c?m nghi v?n: 1 | T? l? nghi v?n: 0.5 | M?c ??: 8.0
Special Supplies,Hàng Cung Ứng Special,C?n ti?ng Anh nghi v?n: Special | S? t?/c?m nghi v?n: 1 | T? l? nghi v?n: 0.5 | M?c ??: 8.0
Special Supplies,Hàng Cung Ứng Special,C?n ti?ng Anh nghi v?n: Special | S? t?/c?m nghi v?n: 1 | T? l? nghi v?n: 0.5 | M?c ??: 8.0
Limited-Time Rewards,Rewards giới hạn thời gian,C?n ti?ng Anh nghi v?n: Rewards | S? t?/c?m nghi v?n: 1 | T? l? nghi v?n: 0.5 | M?c ??: 8.0
Limited-Time Rewards,Rewards giới hạn thời gian,C?n ti?ng Anh nghi v?n: Rewards | S? t?/c?m nghi v?n: 1 | T? l? nghi v?n: 0.5 | M?c ??: 8.0
Limited-Time Rewards,Rewards giới hạn thời gian,C?n ti?ng Anh nghi v?n: Rewards | S? t?/c?m nghi v?n: 1 | T? l? nghi v?n: 0.5 | M?c ??: 8.0
3-Star Time Record: {0},Thời Gian Kỷ Lục 3-Star: {0},C?n ti?ng Anh nghi v?n: Star | S? t?/c?m nghi v?n: 1 | T? l? nghi v?n: 0.5 | M?c ??: 8.0
So the candy can even silence a Priestess...,Thì ra kẹo còn có thể khiến một Priestess câm lặng...,C?n ti?ng Anh nghi v?n: Priestess | S? t?/c?m nghi v?n: 1 | T? l? nghi v?n: 0.5 | M?c ??: 8.0
"The moment you step into the Frostlands, this very sight catches your eyes...","Khoảnh khắc đặt chân vào Frostlands, khung cảnh trước mắt khiến bạn phải ngỡ ngàng...",C?n ti?ng Anh nghi v?n: Frostlands | S? t?/c?m nghi v?n: 1 | T? l? nghi v?n: 0.5 | M?c ??: 8.0
Abbowser will stick to being the ultimate roadblock for every hero trying to finish the race!,Abbowser sẽ tiếp tục là chướng ngại vật tối thượng đối với mọi anh hùng muốn hoàn thành cuộc đua!,C?n ti?ng Anh nghi v?n: Abbowser | S? t?/c?m nghi v?n: 1 | T? l? nghi v?n: 0.5 | M?c ??: 8.0
"letter briefly tells the story of a poor family that loses loved ones one after another, but has SHC wealth and strength (temporary text)","Bức thư ngắn ngủi kể về một gia đình nghèo mất đi người thân hết lần này đến lần khác, nhưng lại sở hữu của cải và sức mạnh của SHC (văn bản tạm thời).",C?n ti?ng Anh nghi v?n: SHC | S? t?/c?m nghi v?n: 1 | T? l? nghi v?n: 0.5 | M?c ??: 8.0
"Black Sheep's Head, Pig's Blood, God's Brand, Dry Wood, Paycheck... (Temporary copywriter)","Đầu Cừu Đen, Máu Lợn, Thương Hiệu Thần Thánh, Củi Khô, Lương Tháng... (Bản sao tạm thời của copywriter)",C?n ti?ng Anh nghi v?n: copywriter | S? t?/c?m nghi v?n: 1 | T? l? nghi v?n: 0.5 | M?c ??: 8.0
Torn Page from a Picture Book,Page sách tranh bị rách,C?n ti?ng Anh nghi v?n: Page | S? t?/c?m nghi v?n: 1 | T? l? nghi v?n: 0.5 | M?c ??: 8.0
"At the edge of Mt. Firmament, whispers of tides echo from the seaside ruins.","Tại rìa Núi Firmament, tiếng sóng vỗ vọng từ những tàn tích ven biển.",C?n ti?ng Anh nghi v?n: Firmament | S? t?/c?m nghi v?n: 1 | T? l? nghi v?n: 0.5 | M?c ??: 8.0
Redeem Lollo Stamps,Đổi Tem Lollo,C?n ti?ng Anh nghi v?n: Lollo | S? t?/c?m nghi v?n: 1 | T? l? nghi v?n: 0.5 | M?c ??: 8.0
Obtain Lollo Stamp,Nhận Tem Lollo,C?n ti?ng Anh nghi v?n: Lollo | S? t?/c?m nghi v?n: 1 | T? l? nghi v?n: 0.5 | M?c ??: 8.0
Pioneer Podcast,Podcast Tiên Phong,C?n ti?ng Anh nghi v?n: Podcast | S? t?/c?m nghi v?n: 1 | T? l? nghi v?n: 0.5 | M?c ??: 8.0
Static Joystick,Needle Joystick tĩnh,C?n ti?ng Anh nghi v?n: Joystick | S? t?/c?m nghi v?n: 1 | T? l? nghi v?n: 0.5 | M?c ??: 8.0
Dynamic Joystick,Needle Joystick động,C?n ti?ng Anh nghi v?n: Joystick | S? t?/c?m nghi v?n: 1 | T? l? nghi v?n: 0.5 | M?c ??: 8.0
High Quality,Quality cao,C?n ti?ng Anh nghi v?n: Quality | S? t?/c?m nghi v?n: 1 | T? l? nghi v?n: 0.5 | M?c ??: 8.0
Fetching Lollo network interface...,Đang tải giao diện mạng Lollo...,C?n ti?ng Anh nghi v?n: Lollo | S? t?/c?m nghi v?n: 1 | T? l? nghi v?n: 0.5 | M?c ??: 8.0
Resonance Chain,Resonance Chain,C?n ti?ng Anh nghi v?n: Chain | S? t?/c?m nghi v?n: 1 | T? l? nghi v?n: 0.5 | M?c ??: 8.0
Resonance Chain,Resonance Chain,C?n ti?ng Anh nghi v?n: Chain | S? t?/c?m nghi v?n: 1 | T? l? nghi v?n: 0.5 | M?c ??: 8.0
Echo Tuning,Tuning Echo,C?n ti?ng Anh nghi v?n: Tuning | S? t?/c?m nghi v?n: 1 | T? l? nghi v?n: 0.5 | M?c ??: 8.0
Resonance Chain,Resonance Chain,C?n ti?ng Anh nghi v?n: Chain | S? t?/c?m nghi v?n: 1 | T? l? nghi v?n: 0.5 | M?c ??: 8.0
Enable Auto FPS,Bật Auto FPS,C?n ti?ng Anh nghi v?n: Auto | S? t?/c?m nghi v?n: 1 | T? l? nghi v?n: 0.5 | M?c ??: 8.0
The up/down controls for Flight will be inverted.,Điều khiển lên/xuống khi Flight sẽ bị đảo ngược.,C?n ti?ng Anh nghi v?n: Flight | S? t?/c?m nghi v?n: 1 | T? l? nghi v?n: 0.5 | M?c ??: 8.0
Next-generation graphics technology that supports advanced graphic features for smoother performance and higher resource efficiency. Restart the client for changes to take effect.,Công nghệ đồ họa thế hệ mới hỗ trợ các tính năng đồ họa tiên tiến để tối ưu hiệu suất mượt mà và hiệu quả tài nguyên. Restart ứng dụng để thay đổi có hiệu lực.,C?n ti?ng Anh nghi v?n: Restart | S? t?/c?m nghi v?n: 1 | T? l? nghi v?n: 0.5 | M?c ??: 8.0
Soliseed Delivery Level Up,Nâng cấp Cấp độ Giao Hạt Soliseed,C?n ti?ng Anh nghi v?n: Soliseed | S? t?/c?m nghi v?n: 1 | T? l? nghi v?n: 0.5 | M?c ??: 8.0
Molten Core: Metallic Drip,Core Nóng Chảy: Nhuộm Kim,C?n ti?ng Anh nghi v?n: Core | S? t?/c?m nghi v?n: 1 | T? l? nghi v?n: 0.5 | M?c ??: 8.0
Scar: Stage II - Lv. 50,Sẹo: Giai đoạn II - Cấp 50,C?n ti?ng Anh nghi v?n: II | S? t?/c?m nghi v?n: 1 | T? l? nghi v?n: 0.5 | M?c ??: 8.0
Scar: Stage II - Lv. 50,Sẹo: Giai đoạn II - Cấp 50,C?n ti?ng Anh nghi v?n: II | S? t?/c?m nghi v?n: 1 | T? l? nghi v?n: 0.5 | M?c ??: 8.0
Scar: Stage II - Lv. 60,Sẹo: Giai đoạn II - Cấp 60,C?n ti?ng Anh nghi v?n: II | S? t?/c?m nghi v?n: 1 | T? l? nghi v?n: 0.5 | M?c ??: 8.0
Scar: Stage II - Lv. 60,Sẹo: Giai đoạn II - Cấp 60,C?n ti?ng Anh nghi v?n: II | S? t?/c?m nghi v?n: 1 | T? l? nghi v?n: 0.5 | M?c ??: 8.0
Flying Scythe of Gori - Level 55,Lưỡi Hái Bay Gori - Cấp 55,C?n ti?ng Anh nghi v?n: Gori | S? t?/c?m nghi v?n: 1 | T? l? nghi v?n: 0.5 | M?c ??: 8.0
Flying Scythe of Gori - Level 65,Lưỡi Hái Bay Gori - Cấp 65,C?n ti?ng Anh nghi v?n: Gori | S? t?/c?m nghi v?n: 1 | T? l? nghi v?n: 0.5 | M?c ??: 8.0
Flying Scythe of Gori - Level 65,Lưỡi Hái Bay Gori - Cấp 65,C?n ti?ng Anh nghi v?n: Gori | S? t?/c?m nghi v?n: 1 | T? l? nghi v?n: 0.5 | M?c ??: 8.0
Flying Scythe of Gori - Level 70,Lưỡi Hái Bay Gori - Cấp 70,C?n ti?ng Anh nghi v?n: Gori | S? t?/c?m nghi v?n: 1 | T? l? nghi v?n: 0.5 | M?c ??: 8.0
Flying Scythe of Gori - Level 70,Lưỡi Hái Bay Gori - Cấp 70,C?n ti?ng Anh nghi v?n: Gori | S? t?/c?m nghi v?n: 1 | T? l? nghi v?n: 0.5 | M?c ??: 8.0
Mourning Aix - Level 65 - Countermeasure Technique,Tang Lễ Aix - Cấp 65 - Kỹ Thuật Phản Công,C?n ti?ng Anh nghi v?n: Aix | S? t?/c?m nghi v?n: 1 | T? l? nghi v?n: 0.5 | M?c ??: 8.0
Mourning Aix - Level 65 - Countermeasure Technique,Tang Lễ Aix - Cấp 65 - Kỹ Thuật Phản Công,C?n ti?ng Anh nghi v?n: Aix | S? t?/c?m nghi v?n: 1 | T? l? nghi v?n: 0.5 | M?c ??: 8.0
TD - Missions Test,TD - Thử nghiệm Missions,C?n ti?ng Anh nghi v?n: Missions | S? t?/c?m nghi v?n: 1 | T? l? nghi v?n: 0.5 | M?c ??: 8.0
Scar - Phase II - Level 55,Sẹo - Pha II - Cấp 55,C?n ti?ng Anh nghi v?n: II | S? t?/c?m nghi v?n: 1 | T? l? nghi v?n: 0.5 | M?c ??: 8.0
Scar - Phase II - Level 55,Sẹo - Pha II - Cấp 55,C?n ti?ng Anh nghi v?n: II | S? t?/c?m nghi v?n: 1 | T? l? nghi v?n: 0.5 | M?c ??: 8.0
Scar - Phase II - Level 65,Sẹo - Pha II - Cấp 65,C?n ti?ng Anh nghi v?n: II | S? t?/c?m nghi v?n: 1 | T? l? nghi v?n: 0.5 | M?c ??: 8.0
Scar - Phase II - Level 65,Sẹo - Pha II - Cấp 65,C?n ti?ng Anh nghi v?n: II | S? t?/c?m nghi v?n: 1 | T? l? nghi v?n: 0.5 | M?c ??: 8.0
Scar - Phase II - Level 70,Sẹo - Pha II - Cấp 70,C?n ti?ng Anh nghi v?n: II | S? t?/c?m nghi v?n: 1 | T? l? nghi v?n: 0.5 | M?c ??: 8.0
Scar - Phase II - Level 70,Sẹo - Pha II - Cấp 70,C?n ti?ng Anh nghi v?n: II | S? t?/c?m nghi v?n: 1 | T? l? nghi v?n: 0.5 | M?c ??: 8.0
Scar: Stage II - Lv. 60,Sẹo: Giai đoạn II - Cấp 60,C?n ti?ng Anh nghi v?n: II | S? t?/c?m nghi v?n: 1 | T? l? nghi v?n: 0.5 | M?c ??: 8.0
Scar: Stage II - Lv. 60,Sẹo: Giai đoạn II - Cấp 60,C?n ti?ng Anh nghi v?n: II | S? t?/c?m nghi v?n: 1 | T? l? nghi v?n: 0.5 | M?c ??: 8.0
Concerto Effect: Legato,Hiệu Ứng Concerto: Legato,C?n ti?ng Anh nghi v?n: Legato | S? t?/c?m nghi v?n: 1 | T? l? nghi v?n: 0.5 | M?c ??: 8.0
Concerto Effect: Sustenance,Hiệu Ứng Concerto: Sustenance,C?n ti?ng Anh nghi v?n: Sustenance | S? t?/c?m nghi v?n: 1 | T? l? nghi v?n: 0.5 | M?c ??: 8.0
test Yangyang 战斗CE,Thử Nghiệm CE Chiến Đấu Yangyang,C?n ti?ng Anh nghi v?n: Yangyang | S? t?/c?m nghi v?n: 1 | T? l? nghi v?n: 0.5 | M?c ??: 8.0
TD-Levitator test,Thử Nghiệm TD-Levitator,C?n ti?ng Anh nghi v?n: Levitator | S? t?/c?m nghi v?n: 1 | T? l? nghi v?n: 0.5 | M?c ??: 8.0
test 副本 Function 展示,Function Bản sao Thử nghiệm,C?n ti?ng Anh nghi v?n: Function | S? t?/c?m nghi v?n: 1 | T? l? nghi v?n: 0.5 | M?c ??: 8.0
Aftersound Rift,Khe Vực Aftersound,C?n ti?ng Anh nghi v?n: Aftersound | S? t?/c?m nghi v?n: 1 | T? l? nghi v?n: 0.5 | M?c ??: 8.0
Photo of Qiuyuan performing a Plunging Attack,Chụp ảnh Qiuyuan thực hiện Đòn Lao Dốc,C?n ti?ng Anh nghi v?n: Qiuyuan | S? t?/c?m nghi v?n: 1 | T? l? nghi v?n: 0.5 | M?c ??: 8.0
Photo of Qiuyuan summoning bamboos,Chụp ảnh Qiuyuan triệu hồi tre,C?n ti?ng Anh nghi v?n: Qiuyuan | S? t?/c?m nghi v?n: 1 | T? l? nghi v?n: 0.5 | M?c ??: 8.0
Photo of Qiuyuan wearing his bamboo hat,Chụp ảnh Qiuyuan đội nón tre,C?n ti?ng Anh nghi v?n: Qiuyuan | S? t?/c?m nghi v?n: 1 | T? l? nghi v?n: 0.5 | M?c ??: 8.0
Photo of Zani throwing her shield at the enemy,Chụp ảnh Zani Dodgem khiên vào kẻ địch,C?n ti?ng Anh nghi v?n: Zani | S? t?/c?m nghi v?n: 1 | T? l? nghi v?n: 0.5 | M?c ??: 8.0
Photo of Jinhsi summoning Sentinel Jué,Chụp ảnh Jinhsi triệu hồi Kẻ Canh Gác Quyết,C?n ti?ng Anh nghi v?n: Jinhsi | S? t?/c?m nghi v?n: 1 | T? l? nghi v?n: 0.5 | M?c ??: 8.0
Photo of Hecate attacking with the whip,Chụp ảnh Hecate tấn công bằng roi,C?n ti?ng Anh nghi v?n: Hecate | S? t?/c?m nghi v?n: 1 | T? l? nghi v?n: 0.5 | M?c ??: 8.0
Photo of Camellya in Blossom Mode,Chụp ảnh Camellya ở Chế độ Nở Hoa,C?n ti?ng Anh nghi v?n: Camellya | S? t?/c?m nghi v?n: 1 | T? l? nghi v?n: 0.5 | M?c ??: 8.0
Photo of Crimson Blossom,Chụp ảnh Hoa Crimson,C?n ti?ng Anh nghi v?n: Crimson | S? t?/c?m nghi v?n: 1 | T? l? nghi v?n: 0.5 | M?c ??: 8.0
Domain scene switch preview,Xem trước chuyển cảnh Domain,C?n ti?ng Anh nghi v?n: Domain | S? t?/c?m nghi v?n: 1 | T? l? nghi v?n: 0.5 | M?c ??: 8.0
A Combat Training Simulation. Clear the challenges for various resources.,Mô phỏng Huấn Luyện Combat. Hoàn thành thử thách để nhận nhiều tài nguyên khác nhau.,C?n ti?ng Anh nghi v?n: Combat | S? t?/c?m nghi v?n: 1 | T? l? nghi v?n: 0.5 | M?c ??: 8.0
Dreams Ablaze in Darkness I,Giấc Mơ Cháy Bỏng Trong Bóng Tối I,C?n ti?ng Anh nghi v?n: I | S? t?/c?m nghi v?n: 1 | T? l? nghi v?n: 0.5 | M?c ??: 8.0
Dreams Ablaze in Darkness II,Giấc Mơ Cháy Bỏng Trong Bóng Tối II,C?n ti?ng Anh nghi v?n: II | S? t?/c?m nghi v?n: 1 | T? l? nghi v?n: 0.5 | M?c ??: 8.0
Dreams Ablaze in Darkness III,Giấc Mơ Cháy Bỏng Trong Bóng Tối III,C?n ti?ng Anh nghi v?n: III | S? t?/c?m nghi v?n: 1 | T? l? nghi v?n: 0.5 | M?c ??: 8.0
Dreams Ablaze in Darkness IV,Giấc Mơ Cháy Bỏng Trong Bóng Tối IV,C?n ti?ng Anh nghi v?n: IV | S? t?/c?m nghi v?n: 1 | T? l? nghi v?n: 0.5 | M?c ??: 8.0
Dreams Ablaze in Darkness V,Giấc Mơ Cháy Bỏng Trong Bóng Tối V,C?n ti?ng Anh nghi v?n: V | S? t?/c?m nghi v?n: 1 | T? l? nghi v?n: 0.5 | M?c ??: 8.0
Carnival in Slumberland I,Lễ Hội Trong Xứ Giấc Mơ I,C?n ti?ng Anh nghi v?n: I | S? t?/c?m nghi v?n: 1 | T? l? nghi v?n: 0.5 | M?c ??: 8.0
Carnival in Slumberland II,Carnival Giấc Mơ II,C?n ti?ng Anh nghi v?n: II | S? t?/c?m nghi v?n: 1 | T? l? nghi v?n: 0.5 | M?c ??: 8.0
Carnival in Slumberland III,Carnival Giấc Mộng III,C?n ti?ng Anh nghi v?n: III | S? t?/c?m nghi v?n: 1 | T? l? nghi v?n: 0.5 | M?c ??: 8.0
Carnival in Slumberland IV,Carnival Giấc Mộng IV,C?n ti?ng Anh nghi v?n: IV | S? t?/c?m nghi v?n: 1 | T? l? nghi v?n: 0.5 | M?c ??: 8.0
Carnival in Slumberland V,Lễ Hội Trong Xứ Giấc Mơ V,C?n ti?ng Anh nghi v?n: V | S? t?/c?m nghi v?n: 1 | T? l? nghi v?n: 0.5 | M?c ??: 8.0
Phantasm Amass VI: Dream of Resolution,Ảo Tưởng Tích Lũy VI: Giấc Mộng Resolution,C?n ti?ng Anh nghi v?n: Resolution | S? t?/c?m nghi v?n: 1 | T? l? nghi v?n: 0.5 | M?c ??: 8.0
Tide of Perils I,Thủy Triều Hiểm Nguy I,C?n ti?ng Anh nghi v?n: I | S? t?/c?m nghi v?n: 1 | T? l? nghi v?n: 0.5 | M?c ??: 8.0
Tide of Perils II,Thủy Triều Hiểm Nguy II,C?n ti?ng Anh nghi v?n: II | S? t?/c?m nghi v?n: 1 | T? l? nghi v?n: 0.5 | M?c ??: 8.0
"""The time to say goodbye has come. This is where I will leave behind my weak self of the past.""
Help Dorothy defeat the monsters behind the gate.","""Đã đến lúc nói lời tạm biệt. Đây là nơi tôi sẽ để lại bản thân yếu đuối của quá khứ.""
Giúp Dorothy đánh bại lũ quái vật phía sau cánh cổng.",C?n ti?ng Anh nghi v?n: Dorothy | S? t?/c?m nghi v?n: 1 | T? l? nghi v?n: 0.5 | M?c ??: 8.0
Sinister Calling I,Tiếng Gọi Oan Nghiệt I,C?n ti?ng Anh nghi v?n: I | S? t?/c?m nghi v?n: 1 | T? l? nghi v?n: 0.5 | M?c ??: 8.0
Complete Nightmare Revisits Difficulty VI,Hoàn thành Độ Khó Nightmare Tái Hiện VI,C?n ti?ng Anh nghi v?n: Nightmare | S? t?/c?m nghi v?n: 1 | T? l? nghi v?n: 0.5 | M?c ??: 8.0
The Montellis,The Montellis,C?n ti?ng Anh nghi v?n: Montellis | S? t?/c?m nghi v?n: 1 | T? l? nghi v?n: 0.5 | M?c ??: 8.0
Averardo Vault,Kho Tàng Averardo,C?n ti?ng Anh nghi v?n: Averardo | S? t?/c?m nghi v?n: 1 | T? l? nghi v?n: 0.5 | M?c ??: 8.0
Cleansing Breeze: Helix,Làn Gió Thanh Tẩy: Helix,C?n ti?ng Anh nghi v?n: Helix | S? t?/c?m nghi v?n: 1 | T? l? nghi v?n: 0.5 | M?c ??: 8.0
"""No, he made a promise to death that he didn't keep.""
Help Dorothy defeat the monster behind the door.","""Không, hắn đã hứa với cái chết mà không giữ lời.""
Giúp Dorothy đánh bại quái vật sau cánh cửa.",C?n ti?ng Anh nghi v?n: Dorothy | S? t?/c?m nghi v?n: 1 | T? l? nghi v?n: 0.5 | M?c ??: 8.0
"""They float... and you'll float too.""
Help Dorothy defeat the monster behind the door.","""Chúng trôi nổi... và cậu cũng sẽ trôi nổi thôi.""
Giúp Dorothy đánh bại quái vật sau cánh cửa.",C?n ti?ng Anh nghi v?n: Dorothy | S? t?/c?m nghi v?n: 1 | T? l? nghi v?n: 0.5 | M?c ??: 8.0
Weekly Challenge: Dawning Light,Thử thách Hàng tuần: Light Bình Minh,C?n ti?ng Anh nghi v?n: Light | S? t?/c?m nghi v?n: 1 | T? l? nghi v?n: 0.5 | M?c ??: 8.0
Vampire demo level01 description,Mô tả màn demo Ma Cà Rồng 01,C?n ti?ng Anh nghi v?n: demo | S? t?/c?m nghi v?n: 1 | T? l? nghi v?n: 0.5 | M?c ??: 8.0
Vampire demo level02 description,Mô tả màn demo Ma Cà Rồng 02,C?n ti?ng Anh nghi v?n: demo | S? t?/c?m nghi v?n: 1 | T? l? nghi v?n: 0.5 | M?c ??: 8.0
Vampire demo level03 description,Mô tả màn demo Ma Cà Rồng 03,C?n ti?ng Anh nghi v?n: demo | S? t?/c?m nghi v?n: 1 | T? l? nghi v?n: 0.5 | M?c ??: 8.0
Vampire demo level04 description,Mô tả màn demo Ma Cà Rồng 04,C?n ti?ng Anh nghi v?n: demo | S? t?/c?m nghi v?n: 1 | T? l? nghi v?n: 0.5 | M?c ??: 8.0
Vampire demo level05 description,Mô tả màn demo Ma Cà Rồng 05,C?n ti?ng Anh nghi v?n: demo | S? t?/c?m nghi v?n: 1 | T? l? nghi v?n: 0.5 | M?c ??: 8.0
Vampire demo level06 description,Mô tả màn demo Ma Cà Rồng 06,C?n ti?ng Anh nghi v?n: demo | S? t?/c?m nghi v?n: 1 | T? l? nghi v?n: 0.5 | M?c ??: 8.0
Vampire demo level07 description,Mô tả màn demo Ma Cà Rồng 07,C?n ti?ng Anh nghi v?n: demo | S? t?/c?m nghi v?n: 1 | T? l? nghi v?n: 0.5 | M?c ??: 8.0
Great. Allow me to introduce our research once more.,Great. Để tôi giới thiệu lại nghiên cứu của chúng ta.,C?n ti?ng Anh nghi v?n: Great | S? t?/c?m nghi v?n: 1 | T? l? nghi v?n: 0.5 | M?c ??: 8.0
"Haha, I figured you'd say so! Thank you. And, as always, I'll be there if you need anything from me.","Haha, tớ biết cậu sẽ nói vậy! Cảm ơn nhé. Và như mọi khi, tớ sẽ luôn ở đây nếu cậu cần gì đó.",C?n ti?ng Anh nghi v?n: Haha | S? t?/c?m nghi v?n: 1 | T? l? nghi v?n: 0.5 | M?c ??: 8.0
"Rest assured. The Somnoire has always been generous. And, as always, I'll be there if you need anything from me.","Yên tâm đi. Somnoire luôn hào phóng mà. Và như mọi khi, tôi sẽ ở đây nếu bạn cần gì từ tôi.",C?n ti?ng Anh nghi v?n: Somnoire | S? t?/c?m nghi v?n: 1 | T? l? nghi v?n: 0.5 | M?c ??: 8.0
"Ever since the last incident, I've been working on the Somnoire, getting it to resume the task of dream backup.","Kể từ sự cố lần trước, tôi đã nghiên cứu Somnoire, cố gắng khôi phục nhiệm vụ sao lưu giấc mơ.",C?n ti?ng Anh nghi v?n: Somnoire | S? t?/c?m nghi v?n: 1 | T? l? nghi v?n: 0.5 | M?c ??: 8.0
"It wasn't normal, meow... Just thinking about it gives me an uneasy feeling.","Chuyện đó không bình thường chút nào, meo... Chỉ nghĩ đến thôi là mình đã thấy bất an rồi.",C?n ti?ng Anh nghi v?n: an | S? t?/c?m nghi v?n: 1 | T? l? nghi v?n: 0.5 | M?c ??: 8.0
"Once I finally finished my work, I realized Melody had already ended up like this...",Khi tôi hoàn thành công việc thì Melody đã trở nên như thế này rồi...,C?n ti?ng Anh nghi v?n: Melody | S? t?/c?m nghi v?n: 1 | T? l? nghi v?n: 0.5 | M?c ??: 8.0
"Could you share them with Melody? This might ease its ""symptoms""...","Bạn có thể chia sẻ chúng với Melody không? Có thể sẽ làm dịu ""triệu chứng"" của nó...",C?n ti?ng Anh nghi v?n: Melody | S? t?/c?m nghi v?n: 1 | T? l? nghi v?n: 0.5 | M?c ??: 8.0
"Could you share them with Melody? This might ease its ""symptoms""...","Bạn có thể chia sẻ chúng với Melody không? Có thể sẽ làm dịu ""triệu chứng"" của nó...",C?n ti?ng Anh nghi v?n: Melody | S? t?/c?m nghi v?n: 1 | T? l? nghi v?n: 0.5 | M?c ??: 8.0
Oh... oh! Yes! This is the sound Melody was meant to have! This... this is true music!,Ồ... ồ! Đúng rồi! Đây mới là âm thanh mà Melody đáng lẽ phải có! Đây... đây mới là âm nhạc thực sự!,C?n ti?ng Anh nghi v?n: Melody | S? t?/c?m nghi v?n: 1 | T? l? nghi v?n: 0.5 | M?c ??: 8.0
You describe what happened to the Ebony Gatekeeper.,Bạn thuật lại những gì đã xảy ra với Gatekeeper Huyền Ngân.,C?n ti?ng Anh nghi v?n: Gatekeeper | S? t?/c?m nghi v?n: 1 | T? l? nghi v?n: 0.5 | M?c ??: 8.0
"Is that so? Hold on, you must... There it is, you're the champion of this year's Agon!","Vậy à? Đợi chút, chắc hẳn cậu... Đúng rồi, cậu chính là quán quân Agon năm nay!",C?n ti?ng Anh nghi v?n: Agon | S? t?/c?m nghi v?n: 1 | T? l? nghi v?n: 0.5 | M?c ??: 8.0
"Well, it was open to interpretation. Anyhow, the test has already started while we were speaking—","À, nó cũng có thể hiểu theo nhiều cách. Dù sao thì bài test cũng đã bắt đầu trong lúc chúng ta nói chuyện rồi—",C?n ti?ng Anh nghi v?n: test | S? t?/c?m nghi v?n: 1 | T? l? nghi v?n: 0.2 | M?c ??: 8.0
"Ahem. Maybe save the jokes for later, Dreamwalker.","Hừm. Có lẽ nên để trò đùa đó lại sau, Dreamwalker.",C?n ti?ng Anh nghi v?n: Dreamwalker | S? t?/c?m nghi v?n: 1 | T? l? nghi v?n: 0.5 | M?c ??: 8.0
"Ah, so you must be {PlayerName}? Your name precedes you. Whispers of your deeds have long traveled the winds and frequencies to my ears.","À, vậy chắc hẳn cậu là {PlayerName}? Name của cậu đã vang xa rồi. Những câu chuyện về cậu đã theo gió và tần số đến tai tôi từ lâu lắm rồi.",C?n ti?ng Anh nghi v?n: Name | S? t?/c?m nghi v?n: 1 | T? l? nghi v?n: 0.2 | M?c ??: 8.0
"Grandpa Jingzhu, seriously, you’re not well... Let’s forget about capturing <ano=TD Frequencies>Echoes</ano> for now and head straight to the hospital, okay?","Ông Jingzhu à, thật đấy, ông không khỏe... Thôi quên chuyện bắt <ano=TD Frequencies>Echoes</ano> đi, mình đến bệnh viện luôn nhé?",C?n ti?ng Anh nghi v?n: Jingzhu | S? t?/c?m nghi v?n: 1 | T? l? nghi v?n: 0.5 | M?c ??: 8.0
"Excellent! Leave it to me! Grandpa Jingzhu, now please go to the hospital and tend to your injuries.","Xuất sắc! Để chuyện này cho tôi! Ông Jingzhu, giờ ông hãy đến bệnh viện chữa vết thương đi ạ.",C?n ti?ng Anh nghi v?n: Jingzhu | S? t?/c?m nghi v?n: 1 | T? l? nghi v?n: 0.5 | M?c ??: 8.0
"Grandpa Jingzhu, are these Echoes enough?","Ông Jingzhu, số Echoes này đủ chưa ạ?",C?n ti?ng Anh nghi v?n: Jingzhu | S? t?/c?m nghi v?n: 1 | T? l? nghi v?n: 0.5 | M?c ??: 8.0
Hmm... Let me take a look. You're right!,Hmm... Để tôi xem nào. Bạn nói đúng đấy!,C?n ti?ng Anh nghi v?n: Hmm | S? t?/c?m nghi v?n: 1 | T? l? nghi v?n: 0.5 | M?c ??: 8.0
"Hehe, I can already picture the look on her face!","Hehe, tớ có thể tưởng tượng ra vẻ mặt của cô ấy rồi!",C?n ti?ng Anh nghi v?n: Hehe | S? t?/c?m nghi v?n: 1 | T? l? nghi v?n: 0.5 | M?c ??: 8.0
"I’m about to ask her, ""Would you accept this Noctemint and join me on a lifelong journey?""","Tôi sắp hỏi cô ấy: ""Em có chấp nhận Noctemint này và cùng tôi bước vào hành trình cả đời không?""",C?n ti?ng Anh nghi v?n: Noctemint | S? t?/c?m nghi v?n: 1 | T? l? nghi v?n: 0.5 | M?c ??: 8.0
"I’ve been reflecting on Linghan’s words, and it’s become clear to me.","Tôi đã suy ngẫm về lời của Linghan, và mọi chuyện đã trở nên rõ ràng với tôi.",C?n ti?ng Anh nghi v?n: Linghan | S? t?/c?m nghi v?n: 1 | T? l? nghi v?n: 0.5 | M?c ??: 8.0
"It’s her way of guiding me forward. Hahaha, she truly does care about me!","Đó là cách cô ấy dẫn dắt tôi tiến về phía trước. Hahaha, cô ấy thật sự quan tâm đến tôi!",C?n ti?ng Anh nghi v?n: Hahaha | S? t?/c?m nghi v?n: 1 | T? l? nghi v?n: 0.5 | M?c ??: 8.0
...Starting to wonder if Grandpa Jingzhu bumped his head.,...Bắt đầu tự hỏi không biết ông nội Jingzhu có bị va đầu không.,C?n ti?ng Anh nghi v?n: Jingzhu | S? t?/c?m nghi v?n: 1 | T? l? nghi v?n: 0.5 | M?c ??: 8.0
"Hey there, Rover! Remember Grandpa Jingzhu?","Này, Rover! Còn nhớ ông Jingzhu không?",C?n ti?ng Anh nghi v?n: Jingzhu | S? t?/c?m nghi v?n: 1 | T? l? nghi v?n: 0.5 | M?c ??: 8.0
"Great, you can make some extra money while helping Grandpa Jingzhu. Talk about killing two birds with one stone, right?","Tuyệt vời, vừa giúp ông Jingzhu vừa kiếm thêm chút tiền. Một mũi tên trúng hai đích luôn nhỉ?",C?n ti?ng Anh nghi v?n: Jingzhu | S? t?/c?m nghi v?n: 1 | T? l? nghi v?n: 0.5 | M?c ??: 8.0
And why is Grandpa Jingzhu being so stubborn...,Và tại sao ông nội Jingzhu lại cứng đầu thế nhỉ...,C?n ti?ng Anh nghi v?n: Jingzhu | S? t?/c?m nghi v?n: 1 | T? l? nghi v?n: 0.5 | M?c ??: 8.0
"Haha, that sounds a tad... intimidating, doesn't it?","Haha, nghe hơi... đáng sợ nhỉ?",C?n ti?ng Anh nghi v?n: Haha | S? t?/c?m nghi v?n: 1 | T? l? nghi v?n: 0.5 | M?c ??: 8.0
"Ah, you still recognize this old face, Yhan.","À, cậu vẫn nhận ra gương mặt này đấy à, Yhan.",C?n ti?ng Anh nghi v?n: Yhan | S? t?/c?m nghi v?n: 1 | T? l? nghi v?n: 0.5 | M?c ??: 8.0
It’s been a while since we last met. Mr. Jingzhu. You still look spirited... though your legs don’t seem as nimble?,Lâu rồi mới gặp lại. Ông Jingzhu. Ông vẫn trông khỏe mạnh... dù chân có vẻ không còn nhanh nhẹn như xưa?,C?n ti?ng Anh nghi v?n: Jingzhu | S? t?/c?m nghi v?n: 1 | T? l? nghi v?n: 0.5 | M?c ??: 8.0
"You’re as spirited as ever, Mr. Jingzhu.",Ông Jingzhu vẫn tràn đầy khí thế như mọi khi nhỉ.,C?n ti?ng Anh nghi v?n: Jingzhu | S? t?/c?m nghi v?n: 1 | T? l? nghi v?n: 0.5 | M?c ??: 8.0
"Haha, I’m truly flattered.","Haha, tôi thật sự rất vinh hạnh.",C?n ti?ng Anh nghi v?n: Haha | S? t?/c?m nghi v?n: 1 | T? l? nghi v?n: 0.5 | M?c ??: 8.0
"Hmph, I’m used to keeping a low profile. Bide my time to impress Linghan.","Hừm, tôi quen với việc sống lặng lẽ thôi. Chờ thời cơ gây ấn tượng với Linghan.",C?n ti?ng Anh nghi v?n: Linghan | S? t?/c?m nghi v?n: 1 | T? l? nghi v?n: 0.5 | M?c ??: 8.0
"Yingying seems to be quite lively today, and that helped me a lot.","Hôm nay Yingying trông rất hoạt bát, giúp tôi rất nhiều.",C?n ti?ng Anh nghi v?n: Yingying | S? t?/c?m nghi v?n: 1 | T? l? nghi v?n: 0.5 | M?c ??: 8.0
"Yingying is certainly brimming with energy today, isn’t she? That helped me a lot.",Hôm nay Yingying tràn đầy năng lượng nhỉ? Điều đó giúp tôi rất nhiều.,C?n ti?ng Anh nghi v?n: Yingying | S? t?/c?m nghi v?n: 1 | T? l? nghi v?n: 0.5 | M?c ??: 8.0
"Perhaps, Linghan isn’t used to such direct and impassioned displays of affection?","Có lẽ, Linghan chưa quen với những biểu lộ tình cảm trực tiếp và nồng nhiệt như vậy?",C?n ti?ng Anh nghi v?n: Linghan | S? t?/c?m nghi v?n: 1 | T? l? nghi v?n: 0.5 | M?c ??: 8.0
"That makes sense... Grandma Linghan does seem rather serious, so perhaps it’s time to switch tactics?","Cũng hợp lý... Bà Linghan trông khá nghiêm túc, có lẽ nên thay đổi chiến thuật nhỉ?",C?n ti?ng Anh nghi v?n: Linghan | S? t?/c?m nghi v?n: 1 | T? l? nghi v?n: 0.5 | M?c ??: 8.0
"Awesome, let’s do this! Grandpa Jingzhu said it’s the best time for Echo-catching, and I’m ready to snag a bunch!","Tuyệt quá, bắt đầu thôi! Ông Jingzhu bảo đây là thời điểm tốt nhất để bắt Echo, và tớ đã sẵn sàng săn một đống luôn!",C?n ti?ng Anh nghi v?n: Jingzhu | S? t?/c?m nghi v?n: 1 | T? l? nghi v?n: 0.5 | M?c ??: 8.0
"Check it out, Grandpa Jingzhu! These massive scythes are just too cool, huh?",Ông nội Jingzhu xem này! Những lưỡi hái khổng lồ này ngầu quá phải không?,C?n ti?ng Anh nghi v?n: Jingzhu | S? t?/c?m nghi v?n: 1 | T? l? nghi v?n: 0.5 | M?c ??: 8.0
Shh... I think I sense it. The frequencies of the Tacet Field...,Shh... Tôi cảm nhận được rồi. Những tần số của Trường Tacet...,C?n ti?ng Anh nghi v?n: Shh | S? t?/c?m nghi v?n: 1 | T? l? nghi v?n: 0.5 | M?c ??: 8.0
There’s a Tacet Field nearby!,Có một Tacet Field gần đây!,C?n ti?ng Anh nghi v?n: Field | S? t?/c?m nghi v?n: 1 | T? l? nghi v?n: 0.5 | M?c ??: 8.0
"They say the stronger your Terminal, the likelier it is for Echoes to pop up. That's because... because... Anyway, your Terminal must be crazy powerful! Right?","Nghe nói Terminal càng mạnh thì càng dễ xuất hiện Echoes. Đó là vì... vì... À thôi, Terminal của cậu hẳn là cực kỳ mạnh rồi! Right không?",C?n ti?ng Anh nghi v?n: Right | S? t?/c?m nghi v?n: 1 | T? l? nghi v?n: 0.2 | M?c ??: 8.0
"Hehe, yes. I’ve thought it over and I do need the help of you young folks.","Hehe, đúng rồi. Tôi đã suy nghĩ kỹ và thực sự cần sự giúp đỡ của các cậu.",C?n ti?ng Anh nghi v?n: Hehe | S? t?/c?m nghi v?n: 1 | T? l? nghi v?n: 0.5 | M?c ??: 8.0
"No worries, I’m bursting with energy! So, Grandpa Jingzhu, what’s the plan?","Đừng lo, tôi tràn đầy năng lượng mà! Vậy ông Jingzhu, kế hoạch là gì ạ?",C?n ti?ng Anh nghi v?n: Jingzhu | S? t?/c?m nghi v?n: 1 | T? l? nghi v?n: 0.5 | M?c ??: 8.0
"Don’t worry, Yingying. Grandma will be alright. She’ll be back home soon.","Đừng lo, Yingying. Bà sẽ ổn thôi. Bà sẽ sớm về nhà mà.",C?n ti?ng Anh nghi v?n: Yingying | S? t?/c?m nghi v?n: 1 | T? l? nghi v?n: 0.5 | M?c ??: 8.0
"Let’s not dawdle. Hang tight, Linghan! We’re on our way!","Đừng chần chừ nữa. Cố lên, Linghan! Chúng ta đang đến!",C?n ti?ng Anh nghi v?n: Linghan | S? t?/c?m nghi v?n: 1 | T? l? nghi v?n: 0.5 | M?c ??: 8.0
"It was Linghan who proposed a brilliant strategy. With her deep understanding of Echoes, she suggested utilizing them to repel the enemies’ assault.","Chính Linghan đã đề xuất một chiến thuật xuất sắc. Với hiểu biết sâu sắc về Echoes, cô đề nghị sử dụng chúng để đẩy lùi cuộc tấn công của kẻ địch.",C?n ti?ng Anh nghi v?n: Linghan | S? t?/c?m nghi v?n: 1 | T? l? nghi v?n: 0.5 | M?c ??: 8.0
"Grandpa Jingzhu, why are you crying?","Ông Jingzhu, sao ông lại khóc thế ạ?",C?n ti?ng Anh nghi v?n: Jingzhu | S? t?/c?m nghi v?n: 1 | T? l? nghi v?n: 0.5 | M?c ??: 8.0
Jingzhu... Did you just have flowers with you?,Jingzhu... Cậu vừa cầm hoa đấy à?,C?n ti?ng Anh nghi v?n: Jingzhu | S? t?/c?m nghi v?n: 1 | T? l? nghi v?n: 0.5 | M?c ??: 8.0
"Because I made a promise to you, Linghan. I vowed to never let you be alone, and I intend to uphold that promise for eternity.","Bởi vì tớ đã hứa với cậu, Linghan. Tớ thề sẽ không bao giờ để cậu một mình, và tớ sẽ giữ lời hứa đó mãi mãi.",C?n ti?ng Anh nghi v?n: Linghan | S? t?/c?m nghi v?n: 1 | T? l? nghi v?n: 0.5 | M?c ??: 8.0
Sorry for bringing up sad things. Thank you for helping me find Linghan.,Xin lỗi vì đã nhắc đến chuyện buồn. Cảm ơn bạn đã giúp tôi tìm thấy Linghan.,C?n ti?ng Anh nghi v?n: Linghan | S? t?/c?m nghi v?n: 1 | T? l? nghi v?n: 0.5 | M?c ??: 8.0
Linghan has accepted me. It’s a great joy! I should feel happy!,Linghan đã chấp nhận tôi. Thật là vui sướng! Tôi phải cảm thấy hạnh phúc mới được!,C?n ti?ng Anh nghi v?n: Linghan | S? t?/c?m nghi v?n: 1 | T? l? nghi v?n: 0.5 | M?c ??: 8.0
And Dr. Luuk?,Còn Tiến sĩ Luuk thì sao?,C?n ti?ng Anh nghi v?n: Luuk | S? t?/c?m nghi v?n: 1 | T? l? nghi v?n: 0.5 | M?c ??: 8.0
Hmm... then I'll have to try something else next time.,Hmm... vậy lần sau mình sẽ thử cách khác.,C?n ti?ng Anh nghi v?n: Hmm | S? t?/c?m nghi v?n: 1 | T? l? nghi v?n: 0.5 | M?c ??: 8.0
"Shh... Uncle Chenpi... Please don’t call me that, remember?","Shh... Bác Trần Phi... Đừng gọi cháu thế, nhớ không?",C?n ti?ng Anh nghi v?n: Shh | S? t?/c?m nghi v?n: 1 | T? l? nghi v?n: 0.5 | M?c ??: 8.0
Could you please let me have this Sonance Casket?,Cậu có thể cho tớ cái Hòm Sonance này được không?,C?n ti?ng Anh nghi v?n: Sonance | S? t?/c?m nghi v?n: 1 | T? l? nghi v?n: 0.5 | M?c ??: 8.0
"Aww, Chixia... You know I’ll never do something like that…","Ôi, Chixia... Cậu biết mà, tớ sẽ không bao giờ làm điều như thế đâu...",C?n ti?ng Anh nghi v?n: Chixia | S? t?/c?m nghi v?n: 1 | T? l? nghi v?n: 0.5 | M?c ??: 8.0
"It’s a deal, then. (Hand over the Sonance Casket)",Vậy thì thỏa thuận thế này. (Trao Rương Sonance),C?n ti?ng Anh nghi v?n: Sonance | S? t?/c?m nghi v?n: 1 | T? l? nghi v?n: 0.5 | M?c ??: 8.0
Our headquarters has extended an invitation to you. Please consider joining the Pioneer Association!,Trụ sở chính đã gửi lời mời đến ngươi. Hãy cân nhắc gia nhập Hiệp Hội Pioneer!,C?n ti?ng Anh nghi v?n: Pioneer | S? t?/c?m nghi v?n: 1 | T? l? nghi v?n: 0.5 | M?c ??: 8.0
"Oops, Gulpuff plushies sold out... Want me to reserve one for you?","Ôi, thú nhồi bông Gulpuff hết hàng mất rồi... Cậu muốn tớ đặt trước một con không?",C?n ti?ng Anh nghi v?n: Gulpuff | S? t?/c?m nghi v?n: 1 | T? l? nghi v?n: 0.5 | M?c ??: 8.0
"Is that so? It leads to the Somnoire, a place where all the dreams, memories, and emotions of Solaris-3 converge.","Vậy à? Nó dẫn đến Somnoire, nơi hội tụ mọi giấc mơ, ký ức và cảm xúc của Solaris-3.",C?n ti?ng Anh nghi v?n: Somnoire | S? t?/c?m nghi v?n: 1 | T? l? nghi v?n: 0.5 | M?c ??: 8.0
"You know about the Somnoire? It's where all the dreams, memories, and emotions of Solaris-3 are stored.","Bạn biết về Somnoire chứ? Đó là nơi lưu trữ tất cả những giấc mơ, ký ức và cảm xúc của Solaris-3.",C?n ti?ng Anh nghi v?n: Somnoire | S? t?/c?m nghi v?n: 1 | T? l? nghi v?n: 0.5 | M?c ??: 8.0
"Before your reawakening, something that shouldn't have been there infiltrated the Somnoire.","Trước khi bạn thức tỉnh, có thứ không nên tồn tại đã xâm nhập vào Somnoire.",C?n ti?ng Anh nghi v?n: Somnoire | S? t?/c?m nghi v?n: 1 | T? l? nghi v?n: 0.5 | M?c ??: 8.0
"The Somnoire needs authentic memories and experiences, and I shouldn't tamper with them.","Somnoire cần những ký ức và trải nghiệm chân thật, và tôi không nên can thiệp vào chúng.",C?n ti?ng Anh nghi v?n: Somnoire | S? t?/c?m nghi v?n: 1 | T? l? nghi v?n: 0.5 | M?c ??: 8.0
The situation inside Somnoire must be worse than I thought.,Tình hình bên trong Somnoire chắc còn tồi tệ hơn tôi nghĩ.,C?n ti?ng Anh nghi v?n: Somnoire | S? t?/c?m nghi v?n: 1 | T? l? nghi v?n: 0.5 | M?c ??: 8.0
And here we are. This is the <color=Highlight>Synthesizer</color> Uncle Wei mentioned.,Và chúng ta đã đến nơi. Đây chính là <color=Highlight>Bộ Tổng hợp</color> mà chú Wei đã nhắc đến.,C?n ti?ng Anh nghi v?n: Wei | S? t?/c?m nghi v?n: 1 | T? l? nghi v?n: 0.5 | M?c ??: 8.0
"Auntie Panhua, how about giving me and {PlayerName} a shot at it together?","Dì Panhua, để cháu và {PlayerName} thử sức cùng nhau được không ạ?",C?n ti?ng Anh nghi v?n: Panhua | S? t?/c?m nghi v?n: 1 | T? l? nghi v?n: 0.5 | M?c ??: 8.0
"No, no, no, Auntie Panhua, just forget that name! I’m begging you!","Không, không, thím Panhua à, đừng nhắc đến cái tên đó nữa! Tôi van thím đấy!",C?n ti?ng Anh nghi v?n: Panhua | S? t?/c?m nghi v?n: 1 | T? l? nghi v?n: 0.5 | M?c ??: 8.0
"Before long, Panhua served up the dishes. The delicious pairing of sweet Candied Caltrops and slow-cooked Jinzhou Stew made you hungry.","Chẳng mấy chốc, Panhua đã dọn món lên. Sự kết hợp tuyệt vời giữa Bánh Củ Mã Thầy Đường và món Hầm Jinzhou nấu chậm khiến bạn thấy đói bụng.",C?n ti?ng Anh nghi v?n: Panhua | S? t?/c?m nghi v?n: 1 | T? l? nghi v?n: 0.5 | M?c ??: 8.0
Auntie Panhua! You’ve got the sweetest heart. I always knew it!,Dì Panhua! Dì thật là tốt bụng. Con luôn biết điều đó mà!,C?n ti?ng Anh nghi v?n: Panhua | S? t?/c?m nghi v?n: 1 | T? l? nghi v?n: 0.5 | M?c ??: 8.0
"Haha, but I truly owe you big time for lending a hand. You’re the reason those elderly folks with mobility issues get their goods on time. Thanks!","Haha, nhưng thật lòng mình rất mang ơn cậu đã giúp đỡ. Chính nhờ cậu mà những người lớn tuổi khó đi lại mới nhận được hàng đúng giờ. Cảm ơn nhiều nhé!",C?n ti?ng Anh nghi v?n: Haha | S? t?/c?m nghi v?n: 1 | T? l? nghi v?n: 0.5 | M?c ??: 8.0
"Well, yeah... But fun fact, it’s Auntie Panhua who gave me this recipe.","Ừ, đúng vậy... Nhưng có điều thú vị là chính dì Panhua đã cho tôi công thức này.",C?n ti?ng Anh nghi v?n: Panhua | S? t?/c?m nghi v?n: 1 | T? l? nghi v?n: 0.5 | M?c ??: 8.0
"Hey, Uncle Mahe, did you catch any hints?","Này, bác Mahe, bác có phát hiện ra điều gì không?",C?n ti?ng Anh nghi v?n: Mahe | S? t?/c?m nghi v?n: 1 | T? l? nghi v?n: 0.5 | M?c ??: 8.0
"Oh yeah! That’s right! Didn’t realize you had such a knack for summarizing. You must be a big fan of Hero Plays, am I right?",Ồ đúng rồi! Đúng là vậy! Không ngờ cậu lại có tài tóm tắt đến thế. Chắc cậu là fan cứng của những vở kịch anh hùng nhỉ?,C?n ti?ng Anh nghi v?n: fan | S? t?/c?m nghi v?n: 1 | T? l? nghi v?n: 0.5 | M?c ??: 8.0
"You betcha! If Auntie Panhua whips this up, you’re getting a front-row seat to taste it!","Chắc chắn rồi! Nếu dì Panhua làm món này, cậu sẽ được nếm thử ngay trên hàng ghế đầu!",C?n ti?ng Anh nghi v?n: Panhua | S? t?/c?m nghi v?n: 1 | T? l? nghi v?n: 0.5 | M?c ??: 8.0
"Since we know the ingredients required, Chixia and I will head out and grab what we need.","Vì chúng ta đã biết nguyên liệu cần thiết, tôi và Chixia sẽ đi lấy những thứ cần dùng.",C?n ti?ng Anh nghi v?n: Chixia | S? t?/c?m nghi v?n: 1 | T? l? nghi v?n: 0.5 | M?c ??: 8.0
"Don’t be like Chixia, just barging in and scaring everyone.","Đừng có mà học theo Chixia, xông vào làm mọi người sợ hết hồn.",C?n ti?ng Anh nghi v?n: Chixia | S? t?/c?m nghi v?n: 1 | T? l? nghi v?n: 0.5 | M?c ??: 8.0
"Haha, you’re exaggerating. As far as I know, only we, your old pals, are calling you that.","Haha, cậu nói quá rồi. Theo tôi biết, chỉ có đám bạn cũ của cậu mới gọi cậu như thế thôi.",C?n ti?ng Anh nghi v?n: Haha | S? t?/c?m nghi v?n: 1 | T? l? nghi v?n: 0.5 | M?c ??: 8.0
"That makes sense... By the way, doesn’t Auntie Panhua already have one on standby?","Cũng hợp lý... À này, dì Panhua không phải đã có sẵn một cái rồi sao?",C?n ti?ng Anh nghi v?n: Panhua | S? t?/c?m nghi v?n: 1 | T? l? nghi v?n: 0.5 | M?c ??: 8.0
"Hello, Uncle Fu.","Xin chào, Bác Fu.",C?n ti?ng Anh nghi v?n: Fu | S? t?/c?m nghi v?n: 1 | T? l? nghi v?n: 0.5 | M?c ??: 8.0
"So, what do you think about Hongzhen nowadays?",Bạn nghĩ sao về Hongzhen dạo này?,C?n ti?ng Anh nghi v?n: Hongzhen | S? t?/c?m nghi v?n: 1 | T? l? nghi v?n: 0.5 | M?c ??: 8.0
"Hahaha, before I answer your question, let me ask you one.","Hahaha, trước khi tôi trả lời câu hỏi của cậu, để tôi hỏi cậu một câu đã.",C?n ti?ng Anh nghi v?n: Hahaha | S? t?/c?m nghi v?n: 1 | T? l? nghi v?n: 0.5 | M?c ??: 8.0
"Back then, I thought Hongzhen needed Xinyi more than me, just like Jinhsi did Jué.","Hồi đó, tôi cứ nghĩ Hồng Trấn cần Tâm Nghi hơn tôi, cũng như Jinhsi cần Quyết vậy.",C?n ti?ng Anh nghi v?n: Jinhsi | S? t?/c?m nghi v?n: 1 | T? l? nghi v?n: 0.5 | M?c ??: 8.0
The Ebony Gatekeeper didn't recognize me.,Người gác cổng Ebony không nhận ra tôi.,C?n ti?ng Anh nghi v?n: Ebony | S? t?/c?m nghi v?n: 1 | T? l? nghi v?n: 0.5 | M?c ??: 8.0
Not the real Ebony Gatekeeper?,Không phải Gatekeeper Huyền Ngân thật sao?,C?n ti?ng Anh nghi v?n: Gatekeeper | S? t?/c?m nghi v?n: 1 | T? l? nghi v?n: 0.5 | M?c ??: 8.0
He asked for my help in restoring the Somnoire.,Anh ấy nhờ tôi giúp khôi phục Somnoire.,C?n ti?ng Anh nghi v?n: Somnoire | S? t?/c?m nghi v?n: 1 | T? l? nghi v?n: 0.5 | M?c ??: 8.0
"Exactly. ""He"" has mistaken you for a newcomer to the Somnoire and laid out a special route for you.","Chính xác. ""Hắn"" đã nhầm cậu là người mới đến Somnoire và đã chuẩn bị một lộ trình đặc biệt cho cậu.",C?n ti?ng Anh nghi v?n: Somnoire | S? t?/c?m nghi v?n: 1 | T? l? nghi v?n: 0.5 | M?c ??: 8.0
"She is a virtual entity, a fusion of countless consciousnesses within the Somnoire, and the one experiencing this dream.","Cô ấy là một thực thể ảo, sự kết hợp của vô số ý thức bên trong Somnoire, và là người đang trải nghiệm giấc mơ này.",C?n ti?ng Anh nghi v?n: Somnoire | S? t?/c?m nghi v?n: 1 | T? l? nghi v?n: 0.5 | M?c ??: 8.0
"Hehe, I didn't lie to you, did I?","Hehe, ta có nói dối các cháu đâu, phải không?",C?n ti?ng Anh nghi v?n: Hehe | S? t?/c?m nghi v?n: 1 | T? l? nghi v?n: 0.5 | M?c ??: 8.0
"Strange things have been gathering in the Somnoire lately, and I've been having nightmares too...","Gần đây có nhiều điều kỳ lạ đang tụ tập trong Somnoire, và tôi cũng thường gặp ác mộng...",C?n ti?ng Anh nghi v?n: Somnoire | S? t?/c?m nghi v?n: 1 | T? l? nghi v?n: 0.5 | M?c ??: 8.0
The Somnoire has grown increasingly chaotic and dangerous.,Somnoire ngày càng hỗn loạn và nguy hiểm.,C?n ti?ng Anh nghi v?n: Somnoire | S? t?/c?m nghi v?n: 1 | T? l? nghi v?n: 0.5 | M?c ??: 8.0
"I'm not sure what that thing was, but the Metaphor it provided should come in handy.","Tôi không rõ thứ đó là gì, nhưng Metaphor mà nó cung cấp chắc sẽ hữu dụng.",C?n ti?ng Anh nghi v?n: Metaphor | S? t?/c?m nghi v?n: 1 | T? l? nghi v?n: 0.5 | M?c ??: 8.0
Selectable 5-Star Standard Weapons,Weapons tiêu chuẩn 5 sao có thể chọn,C?n ti?ng Anh nghi v?n: Weapons | S? t?/c?m nghi v?n: 1 | T? l? nghi v?n: 0.5 | M?c ??: 8.0
Selectable 5-Star Featured Resonators,Resonators 5-Star Nổi Bật Có Thể Chọn,C?n ti?ng Anh nghi v?n: Star | S? t?/c?m nghi v?n: 1 | T? l? nghi v?n: 0.5 | M?c ??: 8.0
Activated Resonance Chain,Resonance Chain đã kích hoạt,C?n ti?ng Anh nghi v?n: Chain | S? t?/c?m nghi v?n: 1 | T? l? nghi v?n: 0.5 | M?c ??: 8.0
Switch to Phrolova.,Chuyển sang Phrolova.,C?n ti?ng Anh nghi v?n: Phrolova | S? t?/c?m nghi v?n: 1 | T? l? nghi v?n: 0.5 | M?c ??: 8.0
Switch to Phrolova.,Chuyển sang Phrolova.,C?n ti?ng Anh nghi v?n: Phrolova | S? t?/c?m nghi v?n: 1 | T? l? nghi v?n: 0.5 | M?c ??: 8.0
Switch to Phrolova.,Chuyển sang Phrolova.,C?n ti?ng Anh nghi v?n: Phrolova | S? t?/c?m nghi v?n: 1 | T? l? nghi v?n: 0.5 | M?c ??: 8.0
<color=Highlight>Forte Gauge</color> maxes out at 6.,<color=Highlight>Forte Gauge</color> đạt tối đa 6.,C?n ti?ng Anh nghi v?n: Gauge | S? t?/c?m nghi v?n: 1 | T? l? nghi v?n: 0.5 | M?c ??: 8.0
<color=Highlight>Forte Gauge</color> maxes out at 6.,<color=Highlight>Forte Gauge</color> đạt tối đa 6.,C?n ti?ng Anh nghi v?n: Gauge | S? t?/c?m nghi v?n: 1 | T? l? nghi v?n: 0.5 | M?c ??: 8.0
<color=Highlight>Forte Gauge</color> maxes out at 6.,<color=Highlight>Forte Gauge</color> đạt tối đa 6.,C?n ti?ng Anh nghi v?n: Gauge | S? t?/c?m nghi v?n: 1 | T? l? nghi v?n: 0.5 | M?c ??: 8.0
<color=#8c7e51>Echo</color> obtained. View the Echo in the Resonators panel.,<color=#8c7e51>Echo</color> đã nhận. View Echo trong bảng Resonators.,C?n ti?ng Anh nghi v?n: View | S? t?/c?m nghi v?n: 1 | T? l? nghi v?n: 0.2 | M?c ??: 8.0
{0} <color=#8c7e51>Baizhi</color> has joined the team. She can be added to the team,{0} <color=#8c7e51>Baizhi</color> đã gia nhập đội. Cô ấy có thể được thêm vào đội hình,C?n ti?ng Anh nghi v?n: Baizhi | S? t?/c?m nghi v?n: 1 | T? l? nghi v?n: 0.5 | M?c ??: 8.0
<color=#8c7e51>Baizhi</color> has joined the team. She can be added to the team,<color=#8c7e51>Baizhi</color> đã gia nhập đội. Cô ấy có thể được thêm vào đội,C?n ti?ng Anh nghi v?n: Baizhi | S? t?/c?m nghi v?n: 1 | T? l? nghi v?n: 0.5 | M?c ??: 8.0
Tap Milestones to collect Stage Rewards,Chạm vào Cột mốc để nhận Rewards Giai đoạn,C?n ti?ng Anh nghi v?n: Rewards | S? t?/c?m nghi v?n: 1 | T? l? nghi v?n: 0.5 | M?c ??: 8.0
Tap Milestones to collect Stage Rewards,Chạm vào Cột mốc để nhận Rewards Giai đoạn,C?n ti?ng Anh nghi v?n: Rewards | S? t?/c?m nghi v?n: 1 | T? l? nghi v?n: 0.5 | M?c ??: 8.0
You have obtained Rover's <color=#8c7e51>Waveband</color>. Tap to enhance the ability,Bạn đã nhận được <color=#8c7e51>Waveband</color> của Rover. Nhấn để tăng cường khả năng,C?n ti?ng Anh nghi v?n: Waveband | S? t?/c?m nghi v?n: 1 | T? l? nghi v?n: 0.5 | M?c ??: 8.0
Resonators can use the <color=#8c7e51>Echo Skill</color> of the Echo equipped at the top.,Resonators có thể sử dụng <color=#8c7e51>Echo Skill</color> của Echo được trang bị ở vị trí đầu tiên.,C?n ti?ng Anh nghi v?n: Skill | S? t?/c?m nghi v?n: 1 | T? l? nghi v?n: 0.2 | M?c ??: 8.0
Resonators can use the <color=#8c7e51>Echo Skill</color> of the Echo equipped at the top.,Resonators có thể sử dụng <color=#8c7e51>Echo Skill</color> của Echo được trang bị ở vị trí đầu tiên.,C?n ti?ng Anh nghi v?n: Skill | S? t?/c?m nghi v?n: 1 | T? l? nghi v?n: 0.2 | M?c ??: 8.0
"With the Synthesizer, you can synthesize Potions, craft items, or purify materials","Với Máy Synthesize, bạn có thể tổng hợp Thuốc, chế tạo vật phẩm hoặc tinh luyện vật liệu",C?n ti?ng Anh nghi v?n: Synthesize | S? t?/c?m nghi v?n: 1 | T? l? nghi v?n: 0.5 | M?c ??: 8.0
"With the Synthesizer, you can synthesize Potions, craft items, or purify materials","Với Máy Synthesize, bạn có thể tổng hợp Thuốc, chế tạo vật phẩm hoặc tinh luyện vật liệu",C?n ti?ng Anh nghi v?n: Synthesize | S? t?/c?m nghi v?n: 1 | T? l? nghi v?n: 0.5 | M?c ??: 8.0
Tap to open the Set Time panel,Chạm để mở bảng Set Thời Gian,C?n ti?ng Anh nghi v?n: Set | S? t?/c?m nghi v?n: 1 | T? l? nghi v?n: 0.5 | M?c ??: 8.0
Perform attacks to gain <color=#8c7e51>Forte Gauge</color>.,Thực hiện tấn công để nhận <color=#8c7e51>Forte Gauge</color>.,C?n ti?ng Anh nghi v?n: Gauge | S? t?/c?m nghi v?n: 1 | T? l? nghi v?n: 0.5 | M?c ??: 8.0
Use this button to set the position for your Companions.,Dùng nút này để đặt vị trí cho Companions.,C?n ti?ng Anh nghi v?n: Companions | S? t?/c?m nghi v?n: 1 | T? l? nghi v?n: 0.5 | M?c ??: 8.0
Use this button to set the position for your Companions.,Dùng nút này để đặt vị trí cho Companions.,C?n ti?ng Anh nghi v?n: Companions | S? t?/c?m nghi v?n: 1 | T? l? nghi v?n: 0.5 | M?c ??: 8.0
Use this button to set the position for your Companions.,Dùng nút này để đặt vị trí cho Companions.,C?n ti?ng Anh nghi v?n: Companions | S? t?/c?m nghi v?n: 1 | T? l? nghi v?n: 0.5 | M?c ??: 8.0
"{0} When your Energy is full, you can transform into Crownless.","{0} Khi Năng Lượng đầy, bạn có thể biến hình thành Crownless.",C?n ti?ng Anh nghi v?n: Crownless | S? t?/c?m nghi v?n: 1 | T? l? nghi v?n: 0.5 | M?c ??: 8.0
"When your Energy is full, press {0}+{1} to transform into Crownless.","Khi Năng Lượng của bạn đầy, nhấn {0}+{1} để biến hình thành Crownless.",C?n ti?ng Anh nghi v?n: Crownless | S? t?/c?m nghi v?n: 1 | T? l? nghi v?n: 0.5 | M?c ??: 8.0
"When your Energy is full, you can transform into Crownless.","Khi Năng Lượng của bạn đầy, bạn có thể biến hình thành Crownless.",C?n ti?ng Anh nghi v?n: Crownless | S? t?/c?m nghi v?n: 1 | T? l? nghi v?n: 0.5 | M?c ??: 8.0
"Check the ""Metaphors"" and enhancements you have obtained.","Kiểm tra ""Metaphors"" và các nâng cấp bạn đã nhận được.",C?n ti?ng Anh nghi v?n: Metaphors | S? t?/c?m nghi v?n: 1 | T? l? nghi v?n: 0.5 | M?c ??: 8.0
"Check the ""Metaphors"" and enhancements you have obtained.","Kiểm tra ""Metaphors"" và các nâng cấp bạn đã nhận được.",C?n ti?ng Anh nghi v?n: Metaphors | S? t?/c?m nghi v?n: 1 | T? l? nghi v?n: 0.5 | M?c ??: 8.0
Resonance Conversion unlocked.,Đã mở khóa Resonance Conversion.,C?n ti?ng Anh nghi v?n: Conversion | S? t?/c?m nghi v?n: 1 | T? l? nghi v?n: 0.5 | M?c ??: 8.0
Resonance Conversion unlocked,Resonance Conversion đã mở khóa,C?n ti?ng Anh nghi v?n: Conversion | S? t?/c?m nghi v?n: 1 | T? l? nghi v?n: 0.5 | M?c ??: 8.0
Equip an Echo to unlock a new skill,Equip Echo để mở khóa kỹ năng mới,C?n ti?ng Anh nghi v?n: Equip | S? t?/c?m nghi v?n: 1 | T? l? nghi v?n: 0.5 | M?c ??: 8.0
Resonators can use the <color=#8c7e51>Echo Skill</color> of the Echo equipped at the top,Resonators có thể sử dụng <color=#8c7e51>Resonance Skill</color> của Echo được trang bị ở vị trí đầu tiên,C?n ti?ng Anh nghi v?n: Skill | S? t?/c?m nghi v?n: 1 | T? l? nghi v?n: 0.2 | M?c ??: 8.0
Forte Gauge: Concentration,Đồng Hồ Forte: Concentration,C?n ti?ng Anh nghi v?n: Concentration | S? t?/c?m nghi v?n: 1 | T? l? nghi v?n: 0.5 | M?c ??: 8.0
Forte Gauge: Concentration,Đồng Hồ Forte: Concentration,C?n ti?ng Anh nghi v?n: Concentration | S? t?/c?m nghi v?n: 1 | T? l? nghi v?n: 0.5 | M?c ??: 8.0
"When you have 30 Resolves, {0} cast Resonance Liberation to deal extra damage.","Khi có 30 Resolve, {0} sử dụng Resonance Liberation để gây thêm DMG.",C?n ti?ng Anh nghi v?n: Liberation | S? t?/c?m nghi v?n: 1 | T? l? nghi v?n: 0.2 | M?c ??: 8.0
"When you have 30 Resolves, cast Resonance Liberation to deal extra damage.","Khi có 30 Resolve, hãy dùng Resonance Liberation để gây thêm DMG.",C?n ti?ng Anh nghi v?n: Liberation | S? t?/c?m nghi v?n: 1 | T? l? nghi v?n: 0.2 | M?c ??: 8.0
Level up your Data Bank to increase COST limit,Nâng cấp Kho Dữ liệu để tăng giới hạn COST,C?n ti?ng Anh nghi v?n: COST | S? t?/c?m nghi v?n: 1 | T? l? nghi v?n: 0.5 | M?c ??: 8.0
Level up your Data Bank to increase COST limit,Nâng cấp Kho Dữ liệu để tăng giới hạn COST,C?n ti?ng Anh nghi v?n: COST | S? t?/c?m nghi v?n: 1 | T? l? nghi v?n: 0.5 | M?c ??: 8.0
Level up your Data Bank to increase COST limit,Nâng cấp Kho Dữ liệu để tăng giới hạn COST,C?n ti?ng Anh nghi v?n: COST | S? t?/c?m nghi v?n: 1 | T? l? nghi v?n: 0.5 | M?c ??: 8.0
New weapon obtained. Equip to boost the Resonator's Stats,Đã nhận vũ khí mới. Equip để tăng chỉ số Resonator,C?n ti?ng Anh nghi v?n: Equip | S? t?/c?m nghi v?n: 1 | T? l? nghi v?n: 0.5 | M?c ??: 8.0
Equip Projector to display absorbed Echoes.,Equip Máy chiếu để hiển thị Echoes đã hấp thụ.,C?n ti?ng Anh nghi v?n: Equip | S? t?/c?m nghi v?n: 1 | T? l? nghi v?n: 0.5 | M?c ??: 8.0
Select to equip the Projector and create a shortcut on the Utility wheel,Chọn để trang bị Projector và tạo phím tắt trên vòng Công cụ,C?n ti?ng Anh nghi v?n: Projector | S? t?/c?m nghi v?n: 1 | T? l? nghi v?n: 0.5 | M?c ??: 8.0
Select to equip the Projector and create a shortcut on the Utility wheel,Chọn để trang bị Projector và tạo phím tắt trên vòng Công cụ,C?n ti?ng Anh nghi v?n: Projector | S? t?/c?m nghi v?n: 1 | T? l? nghi v?n: 0.5 | M?c ??: 8.0
Select to equip the Projector and create a shortcut on the Utility wheel,Chọn để trang bị Projector và tạo phím tắt trên vòng Công cụ,C?n ti?ng Anh nghi v?n: Projector | S? t?/c?m nghi v?n: 1 | T? l? nghi v?n: 0.5 | M?c ??: 8.0
Deal damage to enemies and dodge their attacks to increase your Symphony Rank.,Gây sát thương lên kẻ địch và Dodge các đòn tấn công của chúng để tăng Cấp Độ Giao Hưởng.,C?n ti?ng Anh nghi v?n: Dodge | S? t?/c?m nghi v?n: 1 | T? l? nghi v?n: 0.5 | M?c ??: 8.0
Deal damage to enemies and dodge their attacks to increase your Symphony Rank.,Gây sát thương lên kẻ địch và Dodge các đòn tấn công của chúng để tăng Cấp Độ Giao Hưởng.,C?n ti?ng Anh nghi v?n: Dodge | S? t?/c?m nghi v?n: 1 | T? l? nghi v?n: 0.5 | M?c ??: 8.0
Deal damage to enemies and dodge their attacks to increase your Symphony Rank.,Gây sát thương lên kẻ địch và Dodge các đòn tấn công của chúng để tăng Cấp Độ Giao Hưởng.,C?n ti?ng Anh nghi v?n: Dodge | S? t?/c?m nghi v?n: 1 | T? l? nghi v?n: 0.5 | M?c ??: 8.0
{0} Use the Grapple to rapidly approach Jué,{0} Dùng Grapple để tiếp cận Jué nhanh chóng,C?n ti?ng Anh nghi v?n: Grapple | S? t?/c?m nghi v?n: 1 | T? l? nghi v?n: 0.5 | M?c ??: 8.0
Use the Grapple to rapidly approach Jué,Dùng Grapple để tiếp cận Jué nhanh chóng,C?n ti?ng Anh nghi v?n: Grapple | S? t?/c?m nghi v?n: 1 | T? l? nghi v?n: 0.5 | M?c ??: 8.0
Tap to equip the selected Echoid.,Chạm để trang bị Echoid đã chọn.,C?n ti?ng Anh nghi v?n: Echoid | S? t?/c?m nghi v?n: 1 | T? l? nghi v?n: 0.5 | M?c ??: 8.0
Press {0} to equip the selected Echoid.,Nhấn {0} để trang bị Echoid đã chọn.,C?n ti?ng Anh nghi v?n: Echoid | S? t?/c?m nghi v?n: 1 | T? l? nghi v?n: 0.5 | M?c ??: 8.0
Tap to equip the selected Echoid.,Chạm để trang bị Echoid đã chọn.,C?n ti?ng Anh nghi v?n: Echoid | S? t?/c?m nghi v?n: 1 | T? l? nghi v?n: 0.5 | M?c ??: 8.0
"Tap to enter Co-op Mode.
You can select the same Resonator or Echoid as your party member.","Chạm để vào Chế Độ Hợp Tác.
Bạn có thể chọn cùng Resonator hoặc Echoid với đồng đội.",C?n ti?ng Anh nghi v?n: Echoid | S? t?/c?m nghi v?n: 1 | T? l? nghi v?n: 0.5 | M?c ??: 8.0
"Tap to enter Co-op Mode.
You can select the same Resonator or Echoid as your party member.","Chạm để vào Chế Độ Hợp Tác.
Bạn có thể chọn cùng Resonator hoặc Echoid với đồng đội.",C?n ti?ng Anh nghi v?n: Echoid | S? t?/c?m nghi v?n: 1 | T? l? nghi v?n: 0.5 | M?c ??: 8.0
"To gain Popularity, you'll need to build attractive stalls.","Để có được Popularity, bạn cần xây dựng những gian hàng hấp dẫn.",C?n ti?ng Anh nghi v?n: Popularity | S? t?/c?m nghi v?n: 1 | T? l? nghi v?n: 0.5 | M?c ??: 8.0
"To gain Popularity, you'll need to build attractive stalls.","Để có được Popularity, bạn cần xây dựng những gian hàng hấp dẫn.",C?n ti?ng Anh nghi v?n: Popularity | S? t?/c?m nghi v?n: 1 | T? l? nghi v?n: 0.5 | M?c ??: 8.0
Tap here to view all unlocked Moments.,Chạm vào đây để xem tất cả Moments đã mở khóa.,C?n ti?ng Anh nghi v?n: Moments | S? t?/c?m nghi v?n: 1 | T? l? nghi v?n: 0.5 | M?c ??: 8.0
Tap here to view all unlocked Moments.,Chạm vào đây để xem tất cả Moments đã mở khóa.,C?n ti?ng Anh nghi v?n: Moments | S? t?/c?m nghi v?n: 1 | T? l? nghi v?n: 0.5 | M?c ??: 8.0
Tap here to view all unlocked Moments.,Chạm vào đây để xem tất cả Moments đã mở khóa.,C?n ti?ng Anh nghi v?n: Moments | S? t?/c?m nghi v?n: 1 | T? l? nghi v?n: 0.5 | M?c ??: 8.0
Spend time with your Companions to greatly increase the Bond Level and their stats.,Dành thời gian với Companions để tăng mạnh Cấp Độ Gắn Kết và chỉ số của họ.,C?n ti?ng Anh nghi v?n: Companions | S? t?/c?m nghi v?n: 1 | T? l? nghi v?n: 0.5 | M?c ??: 8.0
Spend time with your Companions to greatly increase the Bond Level and their stats.,Dành thời gian với Companions để tăng mạnh Cấp Độ Gắn Kết và chỉ số của họ.,C?n ti?ng Anh nghi v?n: Companions | S? t?/c?m nghi v?n: 1 | T? l? nghi v?n: 0.5 | M?c ??: 8.0
Spend time with your Companions to greatly increase the Bond Level and their stats.,Dành thời gian với Companions để tăng mạnh Cấp Độ Gắn Kết và chỉ số của họ.,C?n ti?ng Anh nghi v?n: Companions | S? t?/c?m nghi v?n: 1 | T? l? nghi v?n: 0.5 | M?c ??: 8.0
"Companions may experience a ""Eureka"" moment that could lead to surprising results.","Đồng hành có thể trải qua khoảnh khắc ""Eureka"" và dẫn đến kết quả bất ngờ.",C?n ti?ng Anh nghi v?n: Eureka | S? t?/c?m nghi v?n: 1 | T? l? nghi v?n: 0.5 | M?c ??: 8.0
"Companions may experience a ""Eureka"" moment that could lead to surprising results.","Đồng hành có thể trải qua khoảnh khắc ""Eureka"" và dẫn đến kết quả bất ngờ.",C?n ti?ng Anh nghi v?n: Eureka | S? t?/c?m nghi v?n: 1 | T? l? nghi v?n: 0.5 | M?c ??: 8.0
"Companions may experience a ""Eureka"" moment that could lead to surprising results.","Đồng hành có thể trải qua khoảnh khắc ""Eureka"" và dẫn đến kết quả bất ngờ.",C?n ti?ng Anh nghi v?n: Eureka | S? t?/c?m nghi v?n: 1 | T? l? nghi v?n: 0.5 | M?c ??: 8.0
{0} Upgrading stalls can increase Popularity and earnings from Wishes.,{0} Nâng cấp quầy hàng có thể tăng Độ Nổi Tiếng và thu nhập từ Wishes.,C?n ti?ng Anh nghi v?n: Wishes | S? t?/c?m nghi v?n: 1 | T? l? nghi v?n: 0.5 | M?c ??: 8.0
Select Zhezhi to enjoy a memorable moment together.,Chọn Zhezhi để cùng trải qua khoảnh khắc đáng nhớ.,C?n ti?ng Anh nghi v?n: Zhezhi | S? t?/c?m nghi v?n: 1 | T? l? nghi v?n: 0.5 | M?c ??: 8.0
Select Zhezhi to enjoy a memorable moment together.,Chọn Zhezhi để cùng trải qua khoảnh khắc đáng nhớ.,C?n ti?ng Anh nghi v?n: Zhezhi | S? t?/c?m nghi v?n: 1 | T? l? nghi v?n: 0.5 | M?c ??: 8.0
Select Zhezhi to enjoy a memorable moment together.,Chọn Zhezhi để cùng trải qua khoảnh khắc đáng nhớ.,C?n ti?ng Anh nghi v?n: Zhezhi | S? t?/c?m nghi v?n: 1 | T? l? nghi v?n: 0.5 | M?c ??: 8.0
Tap now to trigger <color=#8c7e51>Dodge</color>,Nhấn ngay để kích hoạt <color=#8c7e51>Dodge</color>,C?n ti?ng Anh nghi v?n: Dodge | S? t?/c?m nghi v?n: 1 | T? l? nghi v?n: 0.5 | M?c ??: 8.0
Click to select the Main Resonator,Nhấn để chọn Main Resonator,C?n ti?ng Anh nghi v?n: Main | S? t?/c?m nghi v?n: 1 | T? l? nghi v?n: 0.5 | M?c ??: 8.0
Press {0} to select the Mian Resonator,Nhấn {0} để chọn Resonator Mian,C?n ti?ng Anh nghi v?n: Mian | S? t?/c?m nghi v?n: 1 | T? l? nghi v?n: 0.5 | M?c ??: 8.0
Tap to select the Main Resonator,Chạm để chọn Main Resonator,C?n ti?ng Anh nghi v?n: Main | S? t?/c?m nghi v?n: 1 | T? l? nghi v?n: 0.5 | M?c ??: 8.0
Casting the skill restores Forte Gauge.,Dùng kỹ năng sẽ phục hồi Forte Gauge.,C?n ti?ng Anh nghi v?n: Gauge | S? t?/c?m nghi v?n: 1 | T? l? nghi v?n: 0.5 | M?c ??: 8.0
Casting the skill restores Forte Gauge.,Dùng kỹ năng sẽ phục hồi Forte Gauge.,C?n ti?ng Anh nghi v?n: Gauge | S? t?/c?m nghi v?n: 1 | T? l? nghi v?n: 0.5 | M?c ??: 8.0
Casting the skill restores Forte Gauge.,Dùng kỹ năng sẽ phục hồi Forte Gauge.,C?n ti?ng Anh nghi v?n: Gauge | S? t?/c?m nghi v?n: 1 | T? l? nghi v?n: 0.5 | M?c ??: 8.0
Cartethyia Enhanced Resonance Liberation Tutorial,Hướng dẫn Giải phóng Cộng hưởng Nâng cao Cartethyia,C?n ti?ng Anh nghi v?n: Cartethyia | S? t?/c?m nghi v?n: 1 | T? l? nghi v?n: 0.5 | M?c ??: 8.0
Cartethyia Enhanced Resonance Liberation Tutorial,Hướng dẫn Giải phóng Cộng hưởng Nâng cao Cartethyia,C?n ti?ng Anh nghi v?n: Cartethyia | S? t?/c?m nghi v?n: 1 | T? l? nghi v?n: 0.5 | M?c ??: 8.0
Cartethyia Enhanced Resonance Liberation Tutorial,Hướng dẫn Giải phóng Cộng hưởng Nâng cao Cartethyia,C?n ti?ng Anh nghi v?n: Cartethyia | S? t?/c?m nghi v?n: 1 | T? l? nghi v?n: 0.5 | M?c ??: 8.0
Use {0} to turn into a Plushie Echo,Dùng {0} để biến thành Plushie Echo,C?n ti?ng Anh nghi v?n: Plushie | S? t?/c?m nghi v?n: 1 | T? l? nghi v?n: 0.5 | M?c ??: 8.0
Click to transform into a Plushie Echo,Nhấn để biến thành Plushie Echo,C?n ti?ng Anh nghi v?n: Plushie | S? t?/c?m nghi v?n: 1 | T? l? nghi v?n: 0.5 | M?c ??: 8.0
Invite companions to share a moment together to get rich rewards,Invite bạn bè cùng chia sẻ khoảnh khắc để nhận phần thưởng hậu hĩnh,C?n ti?ng Anh nghi v?n: Invite | S? t?/c?m nghi v?n: 1 | T? l? nghi v?n: 0.5 | M?c ??: 8.0
Invite companions to share a moment together to get rich rewards,Invite bạn bè cùng chia sẻ khoảnh khắc để nhận phần thưởng hậu hĩnh,C?n ti?ng Anh nghi v?n: Invite | S? t?/c?m nghi v?n: 1 | T? l? nghi v?n: 0.5 | M?c ??: 8.0
Invite companions to share a moment together to get rich rewards,Invite bạn bè cùng chia sẻ khoảnh khắc để nhận phần thưởng hậu hĩnh,C?n ti?ng Anh nghi v?n: Invite | S? t?/c?m nghi v?n: 1 | T? l? nghi v?n: 0.5 | M?c ??: 8.0
Check the current Environment Report.,Xem Report môi trường hiện tại.,C?n ti?ng Anh nghi v?n: Report | S? t?/c?m nghi v?n: 1 | T? l? nghi v?n: 0.5 | M?c ??: 8.0
Check the current Environment Report.,Xem Report môi trường hiện tại.,C?n ti?ng Anh nghi v?n: Report | S? t?/c?m nghi v?n: 1 | T? l? nghi v?n: 0.5 | M?c ??: 8.0
Check the current Environment Report.,Xem Report môi trường hiện tại.,C?n ti?ng Anh nghi v?n: Report | S? t?/c?m nghi v?n: 1 | T? l? nghi v?n: 0.5 | M?c ??: 8.0
Obtain the catch once your Fishing Progress is maxed.,Nhận mẻ câu khi Tiến Độ Fishing đạt tối đa.,C?n ti?ng Anh nghi v?n: Fishing | S? t?/c?m nghi v?n: 1 | T? l? nghi v?n: 0.5 | M?c ??: 8.0
Obtain the catch once your Fishing Progress is maxed.,Nhận mẻ câu khi Tiến Độ Fishing đạt tối đa.,C?n ti?ng Anh nghi v?n: Fishing | S? t?/c?m nghi v?n: 1 | T? l? nghi v?n: 0.5 | M?c ??: 8.0
Obtain the catch once your Fishing Progress is maxed.,Nhận mẻ câu khi Tiến Độ Fishing đạt tối đa.,C?n ti?ng Anh nghi v?n: Fishing | S? t?/c?m nghi v?n: 1 | T? l? nghi v?n: 0.5 | M?c ??: 8.0
Sell all your catches stored in the cargo.,Sell tất cả chiến lợi phẩm đang lưu trong hàng hóa.,C?n ti?ng Anh nghi v?n: Sell | S? t?/c?m nghi v?n: 1 | T? l? nghi v?n: 0.5 | M?c ??: 8.0
{0} Sell all your catches stored in the cargo.,Sell toàn bộ {0} mẻ đánh bắt đang lưu trong hàng hóa.,C?n ti?ng Anh nghi v?n: Sell | S? t?/c?m nghi v?n: 1 | T? l? nghi v?n: 0.5 | M?c ??: 8.0
Sell all your catches stored in the cargo.,Sell tất cả chiến lợi phẩm đang lưu trong hàng hóa.,C?n ti?ng Anh nghi v?n: Sell | S? t?/c?m nghi v?n: 1 | T? l? nghi v?n: 0.5 | M?c ??: 8.0
Enhance a Resonator's Fishing Abilities to boost fishing productivity.,Nâng cấp Kỹ Năng Fishing của Resonator để tăng hiệu suất câu cá.,C?n ti?ng Anh nghi v?n: Fishing | S? t?/c?m nghi v?n: 1 | T? l? nghi v?n: 0.5 | M?c ??: 8.0
Enhance a Resonator's Fishing Abilities to boost fishing productivity.,Nâng cấp Kỹ Năng Fishing của Resonator để tăng hiệu suất câu cá.,C?n ti?ng Anh nghi v?n: Fishing | S? t?/c?m nghi v?n: 1 | T? l? nghi v?n: 0.5 | M?c ??: 8.0
Enhance a Resonator's Fishing Abilities to boost fishing productivity.,Nâng cấp Kỹ Năng Fishing của Resonator để tăng hiệu suất câu cá.,C?n ti?ng Anh nghi v?n: Fishing | S? t?/c?m nghi v?n: 1 | T? l? nghi v?n: 0.5 | M?c ??: 8.0
Resonance Conversion unlocked.,Đã mở khóa Resonance Conversion.,C?n ti?ng Anh nghi v?n: Conversion | S? t?/c?m nghi v?n: 1 | T? l? nghi v?n: 0.5 | M?c ??: 8.0
Resonance Conversion unlocked.,Đã mở khóa Resonance Conversion.,C?n ti?ng Anh nghi v?n: Conversion | S? t?/c?m nghi v?n: 1 | T? l? nghi v?n: 0.5 | M?c ??: 8.0
{0} You can now call Phaom for a ride.,{0} Bạn có thể gọi Phaom để di chuyển.,C?n ti?ng Anh nghi v?n: Phaom | S? t?/c?m nghi v?n: 1 | T? l? nghi v?n: 0.5 | M?c ??: 8.0
Check Round Reports here,Xem Báo Cáo Round Đấu tại đây,C?n ti?ng Anh nghi v?n: Round | S? t?/c?m nghi v?n: 1 | T? l? nghi v?n: 0.5 | M?c ??: 8.0
Check Round Reports here,Xem Báo Cáo Round Đấu tại đây,C?n ti?ng Anh nghi v?n: Round | S? t?/c?m nghi v?n: 1 | T? l? nghi v?n: 0.5 | M?c ??: 8.0
"{Cus:Ipt,Touch=Tap PC=Click Gamepad=Press} here to equip your Support Cube.","{Cus:Ipt,Touch=Touch PC=click Gamepad=press} vào đây để trang bị Hỗ Trợ Cube.",C?n ti?ng Anh nghi v?n: Cube | S? t?/c?m nghi v?n: 1 | T? l? nghi v?n: 0.5 | M?c ??: 8.0
"{Cus:Ipt,Touch=Tap PC=Click Gamepad=Press} here to equip your Support Cube.","{Cus:Ipt,Touch=Touch PC=click Gamepad=press} vào đây để trang bị Hỗ Trợ Cube.",C?n ti?ng Anh nghi v?n: Cube | S? t?/c?m nghi v?n: 1 | T? l? nghi v?n: 0.5 | M?c ??: 8.0
"{Cus:Ipt,Touch=Tap PC=Click Gamepad=Press} here to equip your Support Cube.","{Cus:Ipt,Touch=Touch PC=click Gamepad=press} vào đây để trang bị Hỗ Trợ Cube.",C?n ti?ng Anh nghi v?n: Cube | S? t?/c?m nghi v?n: 1 | T? l? nghi v?n: 0.5 | M?c ??: 8.0
You got a bunch of snacks! Time to power up your Cubes!,Bạn nhận được một đống đồ ăn vặt! Đến lúc tăng sức mạnh cho Cubes rồi!,C?n ti?ng Anh nghi v?n: Cubes | S? t?/c?m nghi v?n: 1 | T? l? nghi v?n: 0.5 | M?c ??: 8.0
{0} You got a bunch of snacks! Time to power up your Cubes!,{0} Bạn nhận được một đống đồ ăn vặt! Đến lúc tiếp năng lượng cho Cubes rồi!,C?n ti?ng Anh nghi v?n: Cubes | S? t?/c?m nghi v?n: 1 | T? l? nghi v?n: 0.5 | M?c ??: 8.0
You got a bunch of snacks! Time to power up your Cubes!,Bạn nhận được một đống đồ ăn vặt! Đến lúc tăng sức mạnh cho Cubes rồi!,C?n ti?ng Anh nghi v?n: Cubes | S? t?/c?m nghi v?n: 1 | T? l? nghi v?n: 0.5 | M?c ??: 8.0
This shows Race Progress and and the Cubes still in contention.,Hiển thị Tiến Độ Cuộc Race và các Khối Lập Phương còn tranh tài.,C?n ti?ng Anh nghi v?n: Race | S? t?/c?m nghi v?n: 1 | T? l? nghi v?n: 0.5 | M?c ??: 8.0
This shows Race Progress and and the Cubes still in contention.,Hiển thị Tiến Độ Cuộc Race và các Khối Lập Phương còn tranh tài.,C?n ti?ng Anh nghi v?n: Race | S? t?/c?m nghi v?n: 1 | T? l? nghi v?n: 0.5 | M?c ??: 8.0
This shows Race Progress and and the Cubes still in contention.,Hiển thị Tiến Độ Cuộc Race và các Khối Lập Phương còn tranh tài.,C?n ti?ng Anh nghi v?n: Race | S? t?/c?m nghi v?n: 1 | T? l? nghi v?n: 0.5 | M?c ??: 8.0
Earn Popularity Rewards if your supported Cube takes first place!,Nhận phần thưởng Danh Vọng nếu Cube bạn ủng hộ giành vị trí đầu tiên!,C?n ti?ng Anh nghi v?n: Cube | S? t?/c?m nghi v?n: 1 | T? l? nghi v?n: 0.5 | M?c ??: 8.0
Earn Popularity Rewards if your supported Cube takes first place!,Nhận phần thưởng Danh Vọng nếu Cube bạn ủng hộ giành vị trí đầu tiên!,C?n ti?ng Anh nghi v?n: Cube | S? t?/c?m nghi v?n: 1 | T? l? nghi v?n: 0.5 | M?c ??: 8.0
Earn Popularity Rewards if your supported Cube takes first place!,Nhận phần thưởng Danh Vọng nếu Cube bạn ủng hộ giành vị trí đầu tiên!,C?n ti?ng Anh nghi v?n: Cube | S? t?/c?m nghi v?n: 1 | T? l? nghi v?n: 0.5 | M?c ??: 8.0
"{Cus:Ipt,Touch=Tap PC=Click Gamepad=Press} to play the Film","{Cus:Ipt,Touch=tap PC=click Gamepad=press} để xem Film",C?n ti?ng Anh nghi v?n: Film | S? t?/c?m nghi v?n: 1 | T? l? nghi v?n: 0.5 | M?c ??: 8.0
"{Cus:Ipt,Touch=Tap PC=Click Gamepad=Press} to play the Film","{Cus:Ipt,Touch=tap PC=click Gamepad=press} để xem Film",C?n ti?ng Anh nghi v?n: Film | S? t?/c?m nghi v?n: 1 | T? l? nghi v?n: 0.5 | M?c ??: 8.0
"{Cus:Ipt,Touch=Tap PC=Click Gamepad=Press} to play the Film","{Cus:Ipt,Touch=tap PC=click Gamepad=press} để xem Film",C?n ti?ng Anh nghi v?n: Film | S? t?/c?m nghi v?n: 1 | T? l? nghi v?n: 0.5 | M?c ??: 8.0
You can view Data Module effects here.,Bạn có thể xem hiệu ứng Mô-đun Data tại đây.,C?n ti?ng Anh nghi v?n: Data | S? t?/c?m nghi v?n: 1 | T? l? nghi v?n: 0.5 | M?c ??: 8.0
You can view Data Module effects here.,Bạn có thể xem hiệu ứng Mô-đun Data tại đây.,C?n ti?ng Anh nghi v?n: Data | S? t?/c?m nghi v?n: 1 | T? l? nghi v?n: 0.5 | M?c ??: 8.0
You can view Data Module effects here.,Bạn có thể xem hiệu ứng Mô-đun Data tại đây.,C?n ti?ng Anh nghi v?n: Data | S? t?/c?m nghi v?n: 1 | T? l? nghi v?n: 0.5 | M?c ??: 8.0
"{Cus:Ipt,Touch=Tap PC=Click Gamepad=Press} Equip to slot this Data Module.","{Cus:Ipt,Touch=Touch PC=click Gamepad=press} để trang bị Data Mô-đun vào ô này.",C?n ti?ng Anh nghi v?n: Data | S? t?/c?m nghi v?n: 1 | T? l? nghi v?n: 0.5 | M?c ??: 8.0
"{Cus:Ipt,Touch=Tap PC=Click Gamepad=Press} Equip to slot this Data Module.","{Cus:Ipt,Touch=Touch PC=click Gamepad=press} để trang bị Data Mô-đun vào ô này.",C?n ti?ng Anh nghi v?n: Data | S? t?/c?m nghi v?n: 1 | T? l? nghi v?n: 0.5 | M?c ??: 8.0
"{Cus:Ipt,Touch=Tap PC=Click Gamepad=Press} Equip to slot this Data Module.","{Cus:Ipt,Touch=Touch PC=click Gamepad=press} để trang bị Data Mô-đun vào ô này.",C?n ti?ng Anh nghi v?n: Data | S? t?/c?m nghi v?n: 1 | T? l? nghi v?n: 0.5 | M?c ??: 8.0
"Recruit designated Resonators to form a Bond, unlocking powerful buffs.","Chiêu mộ Resonators chỉ định để hình thành Bond, mở khóa các hiệu ứng tăng cường mạnh mẽ.",C?n ti?ng Anh nghi v?n: Bond | S? t?/c?m nghi v?n: 1 | T? l? nghi v?n: 0.5 | M?c ??: 8.0
"Recruit designated Resonators to form a Bond, unlocking powerful buffs.","Chiêu mộ Resonators chỉ định để hình thành Bond, mở khóa các hiệu ứng tăng cường mạnh mẽ.",C?n ti?ng Anh nghi v?n: Bond | S? t?/c?m nghi v?n: 1 | T? l? nghi v?n: 0.5 | M?c ??: 8.0
"Recruit designated Resonators to form a Bond, unlocking powerful buffs.","Chiêu mộ Resonators chỉ định để hình thành Bond, mở khóa các hiệu ứng tăng cường mạnh mẽ.",C?n ti?ng Anh nghi v?n: Bond | S? t?/c?m nghi v?n: 1 | T? l? nghi v?n: 0.5 | M?c ??: 8.0
{0} + {1} to quickly <color=#8c7e51>enter</color> or <color=#8c7e51>exit</color> Immersion Mode.,{0} + {1} để nhanh chóng <color=#8c7e51>vào</color> hoặc <color=#8c7e51>thoát</color> Chế độ Immersion.,C?n ti?ng Anh nghi v?n: Immersion | S? t?/c?m nghi v?n: 1 | T? l? nghi v?n: 0.5 | M?c ??: 8.0
The Spearback with the Special Skill is now Deployed. Use it to break your opponent's defense.,Echo Mũi Giáo với Kỹ Năng Special đã được Triệu Hồi. Hãy sử dụng nó để phá vỡ phòng thủ của đối thủ.,C?n ti?ng Anh nghi v?n: Special | S? t?/c?m nghi v?n: 1 | T? l? nghi v?n: 0.5 | M?c ??: 8.0
{0} The Spearback with the Special Skill is now Deployed. Use it to break your opponent's defense.,{0} Kích Ngư Special đã được Triển Khai. Hãy sử dụng nó để phá vỡ phòng thủ của đối thủ.,C?n ti?ng Anh nghi v?n: Special | S? t?/c?m nghi v?n: 1 | T? l? nghi v?n: 0.5 | M?c ??: 8.0
The Spearback with the Special Skill is now Deployed. Use it to break your opponent's defense.,Echo Mũi Giáo với Kỹ Năng Special đã được Triệu Hồi. Hãy sử dụng nó để phá vỡ phòng thủ của đối thủ.,C?n ti?ng Anh nghi v?n: Special | S? t?/c?m nghi v?n: 1 | T? l? nghi v?n: 0.5 | M?c ??: 8.0
{0} Use Orchestration to alter the state of nearby objects.,{0} Dùng Orchestration để thay đổi trạng thái của các vật thể gần đó.,C?n ti?ng Anh nghi v?n: Orchestration | S? t?/c?m nghi v?n: 1 | T? l? nghi v?n: 0.5 | M?c ??: 8.0
Use Orchestration to alter the state of nearby objects.,Dùng Orchestration để thay đổi trạng thái của các vật thể gần đó.,C?n ti?ng Anh nghi v?n: Orchestration | S? t?/c?m nghi v?n: 1 | T? l? nghi v?n: 0.5 | M?c ??: 8.0
Your Dream Boons can be enhanced.,Dream Boon Giấc Mơ của bạn có thể được tăng cường.,C?n ti?ng Anh nghi v?n: Dream | S? t?/c?m nghi v?n: 1 | T? l? nghi v?n: 0.5 | M?c ??: 8.0
Your Dream Boons can be enhanced.,Dream Boon Giấc Mơ của bạn có thể được tăng cường.,C?n ti?ng Anh nghi v?n: Dream | S? t?/c?m nghi v?n: 1 | T? l? nghi v?n: 0.5 | M?c ??: 8.0
Your Dream Boons can be enhanced.,Dream Boon Giấc Mơ của bạn có thể được tăng cường.,C?n ti?ng Anh nghi v?n: Dream | S? t?/c?m nghi v?n: 1 | T? l? nghi v?n: 0.5 | M?c ??: 8.0
A deck must include a Domain card.,Một bộ bài phải bao gồm thẻ Domain.,C?n ti?ng Anh nghi v?n: Domain | S? t?/c?m nghi v?n: 1 | T? l? nghi v?n: 0.5 | M?c ??: 8.0
{0}A deck must include a Domain card.,{0}Bộ bài phải bao gồm thẻ Domain.,C?n ti?ng Anh nghi v?n: Domain | S? t?/c?m nghi v?n: 1 | T? l? nghi v?n: 0.5 | M?c ??: 8.0
A deck must include a Domain card.,Một bộ bài phải bao gồm thẻ Domain.,C?n ti?ng Anh nghi v?n: Domain | S? t?/c?m nghi v?n: 1 | T? l? nghi v?n: 0.5 | M?c ??: 8.0
{0} to view your currently owned Tactics.,{0} để xem Tactics hiện có của bạn.,C?n ti?ng Anh nghi v?n: Tactics | S? t?/c?m nghi v?n: 1 | T? l? nghi v?n: 0.5 | M?c ??: 8.0
Choose a Sigil. It'll automatically activate when the conditions are met.,Chọn một Sigil. Nó sẽ tự động kích hoạt khi điều kiện được đáp ứng.,C?n ti?ng Anh nghi v?n: Sigil | S? t?/c?m nghi v?n: 1 | T? l? nghi v?n: 0.5 | M?c ??: 8.0
Choose a Sigil. It'll automatically activate when the conditions are met.,Chọn một Sigil. Nó sẽ tự động kích hoạt khi điều kiện được đáp ứng.,C?n ti?ng Anh nghi v?n: Sigil | S? t?/c?m nghi v?n: 1 | T? l? nghi v?n: 0.5 | M?c ??: 8.0
Choose a Sigil. It'll automatically activate when the conditions are met.,Chọn một Sigil. Nó sẽ tự động kích hoạt khi điều kiện được đáp ứng.,C?n ti?ng Anh nghi v?n: Sigil | S? t?/c?m nghi v?n: 1 | T? l? nghi v?n: 0.5 | M?c ??: 8.0
You can unlock Talents here to boost your Resonator's performance,Bạn có thể mở khóa Talents tại đây để tăng cường hiệu suất của Resonator.,C?n ti?ng Anh nghi v?n: Talents | S? t?/c?m nghi v?n: 1 | T? l? nghi v?n: 0.5 | M?c ??: 8.0
You can unlock Talents here to boost your Resonator's performance,Bạn có thể mở khóa Talents tại đây để tăng cường hiệu suất của Resonator.,C?n ti?ng Anh nghi v?n: Talents | S? t?/c?m nghi v?n: 1 | T? l? nghi v?n: 0.5 | M?c ??: 8.0
You can unlock Talents here to boost your Resonator's performance,Bạn có thể mở khóa Talents tại đây để tăng cường hiệu suất của Resonator.,C?n ti?ng Anh nghi v?n: Talents | S? t?/c?m nghi v?n: 1 | T? l? nghi v?n: 0.5 | M?c ??: 8.0
Spend Rice Dangos to unlock more Sticker slots.,Dùng Bánh Dango để mở khóa thêm ô Sticker.,C?n ti?ng Anh nghi v?n: Sticker | S? t?/c?m nghi v?n: 1 | T? l? nghi v?n: 0.5 | M?c ??: 8.0
Spend Rice Dangos to unlock more Sticker slots.,Dùng Bánh Dango để mở khóa thêm ô Sticker.,C?n ti?ng Anh nghi v?n: Sticker | S? t?/c?m nghi v?n: 1 | T? l? nghi v?n: 0.5 | M?c ??: 8.0
Spend Rice Dangos to unlock more Sticker slots.,Dùng Bánh Dango để mở khóa thêm ô Sticker.,C?n ti?ng Anh nghi v?n: Sticker | S? t?/c?m nghi v?n: 1 | T? l? nghi v?n: 0.5 | M?c ??: 8.0
{0} Equip Stickers to enhance the combat power of Resonators.,{0} Equip Hình Dán để tăng sức chiến đấu của Resonators.,C?n ti?ng Anh nghi v?n: Equip | S? t?/c?m nghi v?n: 1 | T? l? nghi v?n: 0.5 | M?c ??: 8.0
"You'll lose fighting ability once Stability drops to zero, and the current exploration will end automatically.","Khi Stability giảm về 0, bạn sẽ mất khả năng chiến đấu và cuộc thám hiểm hiện tại sẽ tự động kết thúc.",C?n ti?ng Anh nghi v?n: Stability | S? t?/c?m nghi v?n: 1 | T? l? nghi v?n: 0.5 | M?c ??: 8.0
"You'll lose fighting ability once Stability drops to zero, and the current exploration will end automatically.","Khi Stability giảm về 0, bạn sẽ mất khả năng chiến đấu và cuộc thám hiểm hiện tại sẽ tự động kết thúc.",C?n ti?ng Anh nghi v?n: Stability | S? t?/c?m nghi v?n: 1 | T? l? nghi v?n: 0.5 | M?c ??: 8.0
"You'll lose fighting ability once Stability drops to zero, and the current exploration will end automatically.","Khi Stability giảm về 0, bạn sẽ mất khả năng chiến đấu và cuộc thám hiểm hiện tại sẽ tự động kết thúc.",C?n ti?ng Anh nghi v?n: Stability | S? t?/c?m nghi v?n: 1 | T? l? nghi v?n: 0.5 | M?c ??: 8.0
You can select a support Namipon to accompany you in your explorations. Match them with the Stickers of specific shapes to activate bonuses.,Bạn có thể chọn một Namipon hỗ trợ để đồng hành trong các chuyến khám phá. Ghép chúng với các Hình Dán có hình dạng cụ thể để kích hoạt thưởng.,C?n ti?ng Anh nghi v?n: Namipon | S? t?/c?m nghi v?n: 1 | T? l? nghi v?n: 0.5 | M?c ??: 8.0
You can select a support Namipon to accompany you in your explorations. Match them with the Stickers of specific shapes to activate bonuses.,Bạn có thể chọn một Namipon hỗ trợ để đồng hành trong các chuyến khám phá. Ghép chúng với các Hình Dán có hình dạng cụ thể để kích hoạt thưởng.,C?n ti?ng Anh nghi v?n: Namipon | S? t?/c?m nghi v?n: 1 | T? l? nghi v?n: 0.5 | M?c ??: 8.0
You can select a support Namipon to accompany you in your explorations. Match them with the Stickers of specific shapes to activate bonuses.,Bạn có thể chọn một Namipon hỗ trợ để đồng hành trong các chuyến khám phá. Ghép chúng với các Hình Dán có hình dạng cụ thể để kích hoạt thưởng.,C?n ti?ng Anh nghi v?n: Namipon | S? t?/c?m nghi v?n: 1 | T? l? nghi v?n: 0.5 | M?c ??: 8.0
Inspect your newly unlocked support Namipons here.,Inspect những Namipon hỗ trợ mới mở khóa của bạn tại đây.,C?n ti?ng Anh nghi v?n: Inspect | S? t?/c?m nghi v?n: 1 | T? l? nghi v?n: 0.5 | M?c ??: 8.0
Inspect your newly unlocked support Namipons here.,Inspect những Namipon hỗ trợ mới mở khóa của bạn tại đây.,C?n ti?ng Anh nghi v?n: Inspect | S? t?/c?m nghi v?n: 1 | T? l? nghi v?n: 0.5 | M?c ??: 8.0
Inspect your newly unlocked support Namipons here.,Inspect những Namipon hỗ trợ mới mở khóa của bạn tại đây.,C?n ti?ng Anh nghi v?n: Inspect | S? t?/c?m nghi v?n: 1 | T? l? nghi v?n: 0.5 | M?c ??: 8.0
You can ready this support Namipon for deployment.,Bạn có thể chuẩn bị Namipon hỗ trợ này để triển khai.,C?n ti?ng Anh nghi v?n: Namipon | S? t?/c?m nghi v?n: 1 | T? l? nghi v?n: 0.5 | M?c ??: 8.0
You can ready this support Namipon for deployment.,Bạn có thể chuẩn bị Namipon hỗ trợ này để triển khai.,C?n ti?ng Anh nghi v?n: Namipon | S? t?/c?m nghi v?n: 1 | T? l? nghi v?n: 0.5 | M?c ??: 8.0
You can ready this support Namipon for deployment.,Bạn có thể chuẩn bị Namipon hỗ trợ này để triển khai.,C?n ti?ng Anh nghi v?n: Namipon | S? t?/c?m nghi v?n: 1 | T? l? nghi v?n: 0.5 | M?c ??: 8.0
<color=#ffd12f>Hold </color> {0} and select <color=#ffd12f>Quests</color> from the wheel to view your Main Objectives and Side Objectives.,<color=#ffd12f>Giữ </color> {0} và chọn <color=#ffd12f>Quests</color> trên vòng tròn để xem Mục tiêu chính và Mục tiêu phụ.,C?n ti?ng Anh nghi v?n: Quests | S? t?/c?m nghi v?n: 1 | T? l? nghi v?n: 0.5 | M?c ??: 8.0
Upgrade Cafe Decor to unlock Namipon Case Files.,Nâng cấp Trang Trí Quán Cà Phê để mở khóa Hồ Sơ Namipon.,C?n ti?ng Anh nghi v?n: Namipon | S? t?/c?m nghi v?n: 1 | T? l? nghi v?n: 0.5 | M?c ??: 8.0
Upgrade Cafe Decor to unlock Namipon Case Files.,Nâng cấp Trang Trí Quán Cà Phê để mở khóa Hồ Sơ Namipon.,C?n ti?ng Anh nghi v?n: Namipon | S? t?/c?m nghi v?n: 1 | T? l? nghi v?n: 0.5 | M?c ??: 8.0
Upgrade Cafe Decor to unlock Namipon Case Files.,Nâng cấp Trang Trí Quán Cà Phê để mở khóa Hồ Sơ Namipon.,C?n ti?ng Anh nghi v?n: Namipon | S? t?/c?m nghi v?n: 1 | T? l? nghi v?n: 0.5 | M?c ??: 8.0
You've obtained a Resonator Sticker. It has been added to your Storage Bag.,Bạn đã nhận được một Resonator Sticker. Nó đã được thêm vào Túi đồ.,C?n ti?ng Anh nghi v?n: Sticker | S? t?/c?m nghi v?n: 1 | T? l? nghi v?n: 0.5 | M?c ??: 8.0
You've obtained a Resonator Sticker. It has been added to your Storage Bag.,Bạn đã nhận được một Resonator Sticker. Nó đã được thêm vào Túi đồ.,C?n ti?ng Anh nghi v?n: Sticker | S? t?/c?m nghi v?n: 1 | T? l? nghi v?n: 0.5 | M?c ??: 8.0
"{Cus:Ipt,Touch=Tap PC=Click Gamepad=Press} on the card to view your Domain skills.","{Cus:Ipt,Touch=tap PC=click Gamepad=press} vào thẻ để xem kỹ năng Domain của bạn.",C?n ti?ng Anh nghi v?n: Domain | S? t?/c?m nghi v?n: 1 | T? l? nghi v?n: 0.5 | M?c ??: 8.0
"{0}{Cus:Ipt,Touch=Tap PC=Click Gamepad=Press} on the card to view your Domain skills.","{0}{Cus:Ipt,Touch=tap PC=click Gamepad=press} vào thẻ để xem kỹ năng Domain của bạn.",C?n ti?ng Anh nghi v?n: Domain | S? t?/c?m nghi v?n: 1 | T? l? nghi v?n: 0.5 | M?c ??: 8.0
"{Cus:Ipt,Touch=Tap PC=Click Gamepad=Press} on the card to view your Domain skills.","{Cus:Ipt,Touch=tap PC=click Gamepad=press} vào thẻ để xem kỹ năng Domain của bạn.",C?n ti?ng Anh nghi v?n: Domain | S? t?/c?m nghi v?n: 1 | T? l? nghi v?n: 0.5 | M?c ??: 8.0
Equip Echoes available for projection here,Equip Echoes có sẵn để chiếu tại đây,C?n ti?ng Anh nghi v?n: Equip | S? t?/c?m nghi v?n: 1 | T? l? nghi v?n: 0.5 | M?c ??: 8.0
Equip Echoes available for projection here,Equip Echoes có sẵn để chiếu tại đây,C?n ti?ng Anh nghi v?n: Equip | S? t?/c?m nghi v?n: 1 | T? l? nghi v?n: 0.5 | M?c ??: 8.0
Equip Echoes available for projection here,Equip Echoes có sẵn để chiếu tại đây,C?n ti?ng Anh nghi v?n: Equip | S? t?/c?m nghi v?n: 1 | T? l? nghi v?n: 0.5 | M?c ??: 8.0
Complete tasks to earn Modding Points and upgrade Expansion Modules.,Hoàn thành nhiệm vụ để kiếm Points Mod và nâng cấp Mô-đun Mở Rộng.,C?n ti?ng Anh nghi v?n: Points | S? t?/c?m nghi v?n: 1 | T? l? nghi v?n: 0.5 | M?c ??: 8.0
Complete tasks to earn Modding Points and upgrade Expansion Modules.,Hoàn thành nhiệm vụ để kiếm Points Mod và nâng cấp Mô-đun Mở Rộng.,C?n ti?ng Anh nghi v?n: Points | S? t?/c?m nghi v?n: 1 | T? l? nghi v?n: 0.5 | M?c ??: 8.0
Complete tasks to earn Modding Points and upgrade Expansion Modules.,Hoàn thành nhiệm vụ để kiếm Points Mod và nâng cấp Mô-đun Mở Rộng.,C?n ti?ng Anh nghi v?n: Points | S? t?/c?m nghi v?n: 1 | T? l? nghi v?n: 0.5 | M?c ??: 8.0
"{Cus:Ipt,Touch=Tap PC=Click Gamepad=Press} to view the new Livery","{Cus:Ipt,Touch=Touch PC=click Gamepad=press} để xem Livery mới",C?n ti?ng Anh nghi v?n: Livery | S? t?/c?m nghi v?n: 1 | T? l? nghi v?n: 0.5 | M?c ??: 8.0
"{Cus:Ipt,Touch=Tap PC=Click Gamepad=Press} to view the new Livery","{Cus:Ipt,Touch=Touch PC=click Gamepad=press} để xem Livery mới",C?n ti?ng Anh nghi v?n: Livery | S? t?/c?m nghi v?n: 1 | T? l? nghi v?n: 0.5 | M?c ??: 8.0
"{Cus:Ipt,Touch=Tap PC=Click Gamepad=Press} to view the new Livery","{Cus:Ipt,Touch=Touch PC=click Gamepad=press} để xem Livery mới",C?n ti?ng Anh nghi v?n: Livery | S? t?/c?m nghi v?n: 1 | T? l? nghi v?n: 0.5 | M?c ??: 8.0
Use Import Preset to equip all Livery elements,Dùng Mẫu Nhập để trang bị toàn bộ Livery,C?n ti?ng Anh nghi v?n: Livery | S? t?/c?m nghi v?n: 1 | T? l? nghi v?n: 0.5 | M?c ??: 8.0
Use Import Preset to equip all Livery elements,Dùng Mẫu Nhập để trang bị toàn bộ Livery,C?n ti?ng Anh nghi v?n: Livery | S? t?/c?m nghi v?n: 1 | T? l? nghi v?n: 0.5 | M?c ??: 8.0
Use Import Preset to equip all Livery elements,Dùng Mẫu Nhập để trang bị toàn bộ Livery,C?n ti?ng Anh nghi v?n: Livery | S? t?/c?m nghi v?n: 1 | T? l? nghi v?n: 0.5 | M?c ??: 8.0
"{Cus:Ipt,Touch=Tap PC=Click Gamepad=Press} here to view the newly unlocked Tactic Modules","{Cus:Ipt,Touch=Touch PC=click Gamepad=press} vào đây để xem Tactic Mô-đun mới mở khóa",C?n ti?ng Anh nghi v?n: Tactic | S? t?/c?m nghi v?n: 1 | T? l? nghi v?n: 0.5 | M?c ??: 8.0
"{Cus:Ipt,Touch=Tap PC=Click Gamepad=Press} here to view the newly unlocked Tactic Modules","{Cus:Ipt,Touch=Touch PC=click Gamepad=press} vào đây để xem Tactic Mô-đun mới mở khóa",C?n ti?ng Anh nghi v?n: Tactic | S? t?/c?m nghi v?n: 1 | T? l? nghi v?n: 0.5 | M?c ??: 8.0
"{Cus:Ipt,Touch=Tap PC=Click Gamepad=Press} here to view the newly unlocked Tactic Modules","{Cus:Ipt,Touch=Touch PC=click Gamepad=press} vào đây để xem Tactic Mô-đun mới mở khóa",C?n ti?ng Anh nghi v?n: Tactic | S? t?/c?m nghi v?n: 1 | T? l? nghi v?n: 0.5 | M?c ??: 8.0
Boost fully recovered; release the skill to speed up immediately,Boost đã hồi phục đầy đủ; thả kỹ năng để tăng tốc ngay lập tức,C?n ti?ng Anh nghi v?n: Boost | S? t?/c?m nghi v?n: 1 | T? l? nghi v?n: 0.5 | M?c ??: 8.0
Boost fully recovered; release the skill to speed up immediately,Boost đã hồi phục đầy đủ; thả kỹ năng để tăng tốc ngay lập tức,C?n ti?ng Anh nghi v?n: Boost | S? t?/c?m nghi v?n: 1 | T? l? nghi v?n: 0.5 | M?c ??: 8.0
Earn a Rating higher than A on Easy to unlock more difficulty levels,Đạt xếp hạng cao hơn A ở độ khó Dễ để mở khóa thêm các mức độ khó khác,C?n ti?ng Anh nghi v?n: A | S? t?/c?m nghi v?n: 1 | T? l? nghi v?n: 0.5 | M?c ??: 8.0
Earn a Rating higher than A on Easy to unlock more difficulty levels,Đạt xếp hạng cao hơn A ở độ khó Dễ để mở khóa thêm các mức độ khó khác,C?n ti?ng Anh nghi v?n: A | S? t?/c?m nghi v?n: 1 | T? l? nghi v?n: 0.5 | M?c ??: 8.0
Earn a Rating higher than A on Easy to unlock more difficulty levels,Đạt xếp hạng cao hơn A ở độ khó Dễ để mở khóa thêm các mức độ khó khác,C?n ti?ng Anh nghi v?n: A | S? t?/c?m nghi v?n: 1 | T? l? nghi v?n: 0.5 | M?c ??: 8.0
Clear blocks to earn points and reach the target score to clear the stage,Clear các khối để kiếm điểm và đạt điểm mục tiêu để qua màn,C?n ti?ng Anh nghi v?n: Clear | S? t?/c?m nghi v?n: 1 | T? l? nghi v?n: 0.5 | M?c ??: 8.0
Clear blocks to earn points and reach the target score to clear the stage,Clear các khối để kiếm điểm và đạt điểm mục tiêu để qua màn,C?n ti?ng Anh nghi v?n: Clear | S? t?/c?m nghi v?n: 1 | T? l? nghi v?n: 0.5 | M?c ??: 8.0
Clear blocks to earn points and reach the target score to clear the stage,Clear các khối để kiếm điểm và đạt điểm mục tiêu để qua màn,C?n ti?ng Anh nghi v?n: Clear | S? t?/c?m nghi v?n: 1 | T? l? nghi v?n: 0.5 | M?c ??: 8.0
Echo Filter is now upgraded,Filter Echo đã được nâng cấp,C?n ti?ng Anh nghi v?n: Filter | S? t?/c?m nghi v?n: 1 | T? l? nghi v?n: 0.5 | M?c ??: 8.0
Echo Filter is now upgraded,Filter Echo đã được nâng cấp,C?n ti?ng Anh nghi v?n: Filter | S? t?/c?m nghi v?n: 1 | T? l? nghi v?n: 0.5 | M?c ??: 8.0
Echo Filter is now upgraded,Filter Echo đã được nâng cấp,C?n ti?ng Anh nghi v?n: Filter | S? t?/c?m nghi v?n: 1 | T? l? nghi v?n: 0.5 | M?c ??: 8.0
Echo Filter is now upgraded,Filter Echo đã được nâng cấp,C?n ti?ng Anh nghi v?n: Filter | S? t?/c?m nghi v?n: 1 | T? l? nghi v?n: 0.5 | M?c ??: 8.0
Echo Filter is now upgraded,Filter Echo đã được nâng cấp,C?n ti?ng Anh nghi v?n: Filter | S? t?/c?m nghi v?n: 1 | T? l? nghi v?n: 0.5 | M?c ??: 8.0
Echo Filter is now upgraded,Filter Echo đã được nâng cấp,C?n ti?ng Anh nghi v?n: Filter | S? t?/c?m nghi v?n: 1 | T? l? nghi v?n: 0.5 | M?c ??: 8.0
Echo Filter is now upgraded,Filter Echo đã được nâng cấp,C?n ti?ng Anh nghi v?n: Filter | S? t?/c?m nghi v?n: 1 | T? l? nghi v?n: 0.5 | M?c ??: 8.0
Echo Filter is now upgraded,Filter Echo đã được nâng cấp,C?n ti?ng Anh nghi v?n: Filter | S? t?/c?m nghi v?n: 1 | T? l? nghi v?n: 0.5 | M?c ??: 8.0
Echo Filter is now upgraded,Filter Echo đã được nâng cấp,C?n ti?ng Anh nghi v?n: Filter | S? t?/c?m nghi v?n: 1 | T? l? nghi v?n: 0.5 | M?c ??: 8.0
Echo Filter is now upgraded,Filter Echo đã được nâng cấp,C?n ti?ng Anh nghi v?n: Filter | S? t?/c?m nghi v?n: 1 | T? l? nghi v?n: 0.5 | M?c ??: 8.0
View the special mechanism of the Examiner here,Xem cơ chế đặc biệt của Examiner tại đây,C?n ti?ng Anh nghi v?n: Examiner | S? t?/c?m nghi v?n: 1 | T? l? nghi v?n: 0.5 | M?c ??: 8.0
View the special mechanism of the Examiner here,Xem cơ chế đặc biệt của Examiner tại đây,C?n ti?ng Anh nghi v?n: Examiner | S? t?/c?m nghi v?n: 1 | T? l? nghi v?n: 0.5 | M?c ??: 8.0
View the special mechanism of the Examiner here,Xem cơ chế đặc biệt của Examiner tại đây,C?n ti?ng Anh nghi v?n: Examiner | S? t?/c?m nghi v?n: 1 | T? l? nghi v?n: 0.5 | M?c ??: 8.0
Earn Popularity Rewards if your supported Cube takes first place!,Nhận phần thưởng Danh Vọng nếu Cube bạn ủng hộ giành vị trí đầu tiên!,C?n ti?ng Anh nghi v?n: Cube | S? t?/c?m nghi v?n: 1 | T? l? nghi v?n: 0.5 | M?c ??: 8.0
Earn Popularity Rewards if your supported Cube takes first place!,Nhận phần thưởng Danh Vọng nếu Cube bạn ủng hộ giành vị trí đầu tiên!,C?n ti?ng Anh nghi v?n: Cube | S? t?/c?m nghi v?n: 1 | T? l? nghi v?n: 0.5 | M?c ??: 8.0
Earn Popularity Rewards if your supported Cube takes first place!,Nhận phần thưởng Danh Vọng nếu Cube bạn ủng hộ giành vị trí đầu tiên!,C?n ti?ng Anh nghi v?n: Cube | S? t?/c?m nghi v?n: 1 | T? l? nghi v?n: 0.5 | M?c ??: 8.0
Deal damage to enemies and dodge their attacks to increase your Symphony Rank.,Gây sát thương lên kẻ địch và Dodge các đòn tấn công của chúng để tăng Cấp Độ Giao Hưởng.,C?n ti?ng Anh nghi v?n: Dodge | S? t?/c?m nghi v?n: 1 | T? l? nghi v?n: 0.5 | M?c ??: 8.0
Deal damage to enemies and dodge their attacks to increase your Symphony Rank.,Gây sát thương lên kẻ địch và Dodge các đòn tấn công của chúng để tăng Cấp Độ Giao Hưởng.,C?n ti?ng Anh nghi v?n: Dodge | S? t?/c?m nghi v?n: 1 | T? l? nghi v?n: 0.5 | M?c ??: 8.0
Deal damage to enemies and dodge their attacks to increase your Symphony Rank.,Gây sát thương lên kẻ địch và Dodge các đòn tấn công của chúng để tăng Cấp Độ Giao Hưởng.,C?n ti?ng Anh nghi v?n: Dodge | S? t?/c?m nghi v?n: 1 | T? l? nghi v?n: 0.5 | M?c ??: 8.0
"When your Energy is full, you can transform into Crownless.","Khi Năng Lượng của bạn đầy, bạn có thể biến hình thành Crownless.",C?n ti?ng Anh nghi v?n: Crownless | S? t?/c?m nghi v?n: 1 | T? l? nghi v?n: 0.5 | M?c ??: 8.0
"When your Energy is full, you can transform into Crownless.","Khi Năng Lượng của bạn đầy, bạn có thể biến hình thành Crownless.",C?n ti?ng Anh nghi v?n: Crownless | S? t?/c?m nghi v?n: 1 | T? l? nghi v?n: 0.5 | M?c ??: 8.0
Begin the first stage.,Begin giai đoạn đầu tiên.,C?n ti?ng Anh nghi v?n: Begin | S? t?/c?m nghi v?n: 1 | T? l? nghi v?n: 0.5 | M?c ??: 8.0
Begin the first stage.,Begin giai đoạn đầu tiên.,C?n ti?ng Anh nghi v?n: Begin | S? t?/c?m nghi v?n: 1 | T? l? nghi v?n: 0.5 | M?c ??: 8.0
"{Cus:Ipt,Touch=Tap PC=Click Gamepad=Press} here to decompile extra Tactical ROMs.","{Cus:Ipt,Touch=Touch PC=Nhấp Tay cầm=Nhấn} vào đây để giải mã thêm Tactical ROM.",C?n ti?ng Anh nghi v?n: Tactical | S? t?/c?m nghi v?n: 1 | T? l? nghi v?n: 0.5 | M?c ??: 8.0
"{Cus:Ipt,Touch=Tap PC=Click Gamepad=Press} {0} to decompile extra Tactical ROMs.","{Cus:Ipt,Touch=Touch PC=click Gamepad=press} {0} để giải mã thêm Tactical ROM.",C?n ti?ng Anh nghi v?n: Tactical | S? t?/c?m nghi v?n: 1 | T? l? nghi v?n: 0.5 | M?c ??: 8.0
"{Cus:Ipt,Touch=Tap PC=Click Gamepad=Press} here to decompile extra Tactical ROMs.","{Cus:Ipt,Touch=Touch PC=Nhấp Tay cầm=Nhấn} vào đây để giải mã thêm Tactical ROM.",C?n ti?ng Anh nghi v?n: Tactical | S? t?/c?m nghi v?n: 1 | T? l? nghi v?n: 0.5 | M?c ??: 8.0
"Once the Restoration reaches a certain milestone, go to the Base Camp to raise its level.","Khi Restoration đạt đến một mốc nhất định, hãy đến Trại Cơ Bản để nâng cấp.",C?n ti?ng Anh nghi v?n: Restoration | S? t?/c?m nghi v?n: 1 | T? l? nghi v?n: 0.5 | M?c ??: 8.0
"Once the Restoration reaches a certain milestone, go to the Base Camp to raise its level.","Khi Restoration đạt đến một mốc nhất định, hãy đến Trại Cơ Bản để nâng cấp.",C?n ti?ng Anh nghi v?n: Restoration | S? t?/c?m nghi v?n: 1 | T? l? nghi v?n: 0.5 | M?c ??: 8.0
"Once the Restoration reaches a certain milestone, go to the Base Camp to raise its level.","Khi Restoration đạt đến một mốc nhất định, hãy đến Trại Cơ Bản để nâng cấp.",C?n ti?ng Anh nghi v?n: Restoration | S? t?/c?m nghi v?n: 1 | T? l? nghi v?n: 0.5 | M?c ??: 8.0
Pioneer Training Ground - Elite,Bãi Tập Huấn Luyện Pioneer - Đối thủ tinh nhuệ,C?n ti?ng Anh nghi v?n: Pioneer | S? t?/c?m nghi v?n: 1 | T? l? nghi v?n: 0.5 | M?c ??: 8.0
The Gallery will show Legendary loot items that are brought back.,Bộ sưu tập sẽ hiển thị các vật phẩm Legendary thu thập được.,C?n ti?ng Anh nghi v?n: Legendary | S? t?/c?m nghi v?n: 1 | T? l? nghi v?n: 0.5 | M?c ??: 8.0
Lahai-Roi: Become Beast,Lahai-Roi: Hóa Thú,C?n ti?ng Anh nghi v?n: Lahai | S? t?/c?m nghi v?n: 1 | T? l? nghi v?n: 0.5 | M?c ??: 8.0
More Voidbane Eldertrees can be restored,Có thể khôi phục thêm Voidbane Eldertree,C?n ti?ng Anh nghi v?n: Voidbane | S? t?/c?m nghi v?n: 1 | T? l? nghi v?n: 0.5 | M?c ??: 8.0
Burial Bay - First Half,Burial Bay - Nửa Đầu,C?n ti?ng Anh nghi v?n: Burial | S? t?/c?m nghi v?n: 1 | T? l? nghi v?n: 0.5 | M?c ??: 8.0
Doomstrand - Second Half,Doomstrand - Nửa Sau,C?n ti?ng Anh nghi v?n: Doomstrand | S? t?/c?m nghi v?n: 1 | T? l? nghi v?n: 0.5 | M?c ??: 8.0
Riptide - Second Half,Riptide - Nửa Sau,C?n ti?ng Anh nghi v?n: Riptide | S? t?/c?m nghi v?n: 1 | T? l? nghi v?n: 0.5 | M?c ??: 8.0
Tempest - Second Half,Tempest - Hồi Hai,C?n ti?ng Anh nghi v?n: Tempest | S? t?/c?m nghi v?n: 1 | T? l? nghi v?n: 0.5 | M?c ??: 8.0
Seabane - Second Half,Seabane - Nửa Sau,C?n ti?ng Anh nghi v?n: Seabane | S? t?/c?m nghi v?n: 1 | T? l? nghi v?n: 0.5 | M?c ??: 8.0
Tactics Preview,Xem Trước Tactics,C?n ti?ng Anh nghi v?n: Tactics | S? t?/c?m nghi v?n: 1 | T? l? nghi v?n: 0.5 | M?c ??: 8.0
Gold Tactics Preview,Xem Trước Tactics Vàng,C?n ti?ng Anh nghi v?n: Tactics | S? t?/c?m nghi v?n: 1 | T? l? nghi v?n: 0.5 | M?c ??: 8.0
Tacet Discords Incoming,Tacet Discords Đang Tiến Đến,C?n ti?ng Anh nghi v?n: Discords | S? t?/c?m nghi v?n: 1 | T? l? nghi v?n: 0.5 | M?c ??: 8.0
Windchimer Delivery,Giao hàng Windchimer,C?n ti?ng Anh nghi v?n: Windchimer | S? t?/c?m nghi v?n: 1 | T? l? nghi v?n: 0.5 | M?c ??: 8.0
Concerto Overture,Concerto Overture,C?n ti?ng Anh nghi v?n: Overture | S? t?/c?m nghi v?n: 1 | T? l? nghi v?n: 0.5 | M?c ??: 8.0
All members receive additional Concerto Vibrancy.,Tất cả thành viên nhận thêm Concerto Vibrancy.,C?n ti?ng Anh nghi v?n: Vibrancy | S? t?/c?m nghi v?n: 1 | T? l? nghi v?n: 0.5 | M?c ??: 8.0
Resonance Pirouette,Resonance Pirouette,C?n ti?ng Anh nghi v?n: Pirouette | S? t?/c?m nghi v?n: 1 | T? l? nghi v?n: 0.5 | M?c ??: 8.0
"For each Resonance Liberation used, the entire team gains a 20% increase in damage for 12s.","Mỗi khi sử dụng Resonance Liberation, toàn đội nhận tăng 20% DMG trong 12 giây.",C?n ti?ng Anh nghi v?n: Liberation | S? t?/c?m nghi v?n: 1 | T? l? nghi v?n: 0.2 | M?c ??: 8.0
Crit. Rate,Crit. Rate,C?n ti?ng Anh nghi v?n: Rate | S? t?/c?m nghi v?n: 1 | T? l? nghi v?n: 0.5 | M?c ??: 8.0
Resonance Efficiency,Efficiency Resonance,C?n ti?ng Anh nghi v?n: Efficiency | S? t?/c?m nghi v?n: 1 | T? l? nghi v?n: 0.5 | M?c ??: 8.0
Concerto Sublimation,Concerto Sublimation,C?n ti?ng Anh nghi v?n: Sublimation | S? t?/c?m nghi v?n: 1 | T? l? nghi v?n: 0.5 | M?c ??: 8.0
Frozen DMG bonus,Tăng DMG Frozen,C?n ti?ng Anh nghi v?n: Frozen | S? t?/c?m nghi v?n: 1 | T? l? nghi v?n: 0.5 | M?c ??: 8.0
Smelt DMG bonus,Tăng DMG Smelt,C?n ti?ng Anh nghi v?n: Smelt | S? t?/c?m nghi v?n: 1 | T? l? nghi v?n: 0.5 | M?c ??: 8.0
Conduction DMG bonus,Tăng DMG Conduction,C?n ti?ng Anh nghi v?n: Conduction | S? t?/c?m nghi v?n: 1 | T? l? nghi v?n: 0.5 | M?c ??: 8.0
Physical DMG Resistance,Kháng DMG Physical,C?n ti?ng Anh nghi v?n: Physical | S? t?/c?m nghi v?n: 1 | T? l? nghi v?n: 0.5 | M?c ??: 8.0
Frozen DMG Resistance,Kháng DMG Frozen,C?n ti?ng Anh nghi v?n: Frozen | S? t?/c?m nghi v?n: 1 | T? l? nghi v?n: 0.5 | M?c ??: 8.0
Smelt DMG Resistance,Kháng DMG Smelt,C?n ti?ng Anh nghi v?n: Smelt | S? t?/c?m nghi v?n: 1 | T? l? nghi v?n: 0.5 | M?c ??: 8.0
Conduction DMG Resistance,Kháng DMG Conduction,C?n ti?ng Anh nghi v?n: Conduction | S? t?/c?m nghi v?n: 1 | T? l? nghi v?n: 0.5 | M?c ??: 8.0
Physical DMG Immunity,Miễn Nhiễm DMG Physical,C?n ti?ng Anh nghi v?n: Physical | S? t?/c?m nghi v?n: 1 | T? l? nghi v?n: 0.5 | M?c ??: 8.0
Stamina Recovery,Recovery STA,C?n ti?ng Anh nghi v?n: Recovery | S? t?/c?m nghi v?n: 1 | T? l? nghi v?n: 0.5 | M?c ??: 8.0
Extra zero Plangency time,Thời gian Plangency bằng 0 thêm,C?n ti?ng Anh nghi v?n: Plangency | S? t?/c?m nghi v?n: 1 | T? l? nghi v?n: 0.5 | M?c ??: 8.0
Wutrelic skill DMG bonus,Tăng DMG kỹ năng Wutrelic,C?n ti?ng Anh nghi v?n: Wutrelic | S? t?/c?m nghi v?n: 1 | T? l? nghi v?n: 0.5 | M?c ??: 8.0
Crit. Rate,Crit. Rate,C?n ti?ng Anh nghi v?n: Rate | S? t?/c?m nghi v?n: 1 | T? l? nghi v?n: 0.5 | M?c ??: 8.0
Resonance Efficiency,Efficiency Resonance,C?n ti?ng Anh nghi v?n: Efficiency | S? t?/c?m nghi v?n: 1 | T? l? nghi v?n: 0.5 | M?c ??: 8.0
Concerto Sublimation,Concerto Sublimation,C?n ti?ng Anh nghi v?n: Sublimation | S? t?/c?m nghi v?n: 1 | T? l? nghi v?n: 0.5 | M?c ??: 8.0
Frozen DMG bonus,Tăng DMG Frozen,C?n ti?ng Anh nghi v?n: Frozen | S? t?/c?m nghi v?n: 1 | T? l? nghi v?n: 0.5 | M?c ??: 8.0
Smelt DMG bonus,Tăng DMG Smelt,C?n ti?ng Anh nghi v?n: Smelt | S? t?/c?m nghi v?n: 1 | T? l? nghi v?n: 0.5 | M?c ??: 8.0
Conduction DMG bonus,Tăng DMG Conduction,C?n ti?ng Anh nghi v?n: Conduction | S? t?/c?m nghi v?n: 1 | T? l? nghi v?n: 0.5 | M?c ??: 8.0
Physical DMG Resistance,Kháng DMG Physical,C?n ti?ng Anh nghi v?n: Physical | S? t?/c?m nghi v?n: 1 | T? l? nghi v?n: 0.5 | M?c ??: 8.0
Frozen DMG Resistance,Kháng DMG Frozen,C?n ti?ng Anh nghi v?n: Frozen | S? t?/c?m nghi v?n: 1 | T? l? nghi v?n: 0.5 | M?c ??: 8.0
Smelt DMG Resistance,Kháng DMG Smelt,C?n ti?ng Anh nghi v?n: Smelt | S? t?/c?m nghi v?n: 1 | T? l? nghi v?n: 0.5 | M?c ??: 8.0
Conduction DMG Resistance,Kháng DMG Conduction,C?n ti?ng Anh nghi v?n: Conduction | S? t?/c?m nghi v?n: 1 | T? l? nghi v?n: 0.5 | M?c ??: 8.0
Physical DMG Immunity,Miễn Nhiễm DMG Physical,C?n ti?ng Anh nghi v?n: Physical | S? t?/c?m nghi v?n: 1 | T? l? nghi v?n: 0.5 | M?c ??: 8.0
Stamina Recovery,Recovery STA,C?n ti?ng Anh nghi v?n: Recovery | S? t?/c?m nghi v?n: 1 | T? l? nghi v?n: 0.5 | M?c ??: 8.0
Extra zero Plangency time,Thời gian Plangency bằng 0 thêm,C?n ti?ng Anh nghi v?n: Plangency | S? t?/c?m nghi v?n: 1 | T? l? nghi v?n: 0.5 | M?c ??: 8.0
Wutrelic skill DMG bonus,Tăng DMG kỹ năng Wutrelic,C?n ti?ng Anh nghi v?n: Wutrelic | S? t?/c?m nghi v?n: 1 | T? l? nghi v?n: 0.5 | M?c ??: 8.0
"Melody possesses the ability to capture every melody it hears and orchestrate its surrounding ""Melody Ensemble"" to replay them.","Melody có khả năng ghi lại mọi giai điệu nó nghe thấy và điều khiển ""Dàn Nhạc Melody"" xung quanh để tái hiện lại chúng.",C?n ti?ng Anh nghi v?n: Melody | S? t?/c?m nghi v?n: 2 | T? l? nghi v?n: 0.286 | M?c ??: 7.86
"That’s right! Chixia, Chixia... oh, what a magnificent name! I came up with it all by myself. This is the culmination of all my life experiences and knowledge!","Đúng rồi! Chixia, Chixia... cái tên thật tuyệt vời làm sao! Tôi tự nghĩ ra đấy. Đây là kết tinh của tất cả kinh nghiệm và tri thức của tôi!",C?n ti?ng Anh nghi v?n: Chixia | S? t?/c?m nghi v?n: 2 | T? l? nghi v?n: 0.286 | M?c ??: 7.86
"Deploy the Core Echo.
Core Echoes cannot be Modulated or Reconstructed.","Triển khai Core Echoes.
Core Echoes không thể Modulate hoặc Reconstruct.",C?n ti?ng Anh nghi v?n: Core | S? t?/c?m nghi v?n: 2 | T? l? nghi v?n: 0.286 | M?c ??: 7.86
"Deploy the Core Echo.
Core Echoes cannot be Modulated or Reconstructed.","Triển khai Core Echoes.
Core Echoes không thể Modulate hoặc Reconstruct.",C?n ti?ng Anh nghi v?n: Core | S? t?/c?m nghi v?n: 2 | T? l? nghi v?n: 0.286 | M?c ??: 7.86
"Deploy the Core Echo.
Core Echoes cannot be Modulated or Reconstructed.","Triển khai Core Echoes.
Core Echoes không thể Modulate hoặc Reconstruct.",C?n ti?ng Anh nghi v?n: Core | S? t?/c?m nghi v?n: 2 | T? l? nghi v?n: 0.286 | M?c ??: 7.86
"Deploy the Core Echo.
Core Echoes cannot be Modulated or Reconstructed.","Triển khai Core Echoes.
Core Echoes không thể Modulate hoặc Reconstruct.",C?n ti?ng Anh nghi v?n: Core | S? t?/c?m nghi v?n: 2 | T? l? nghi v?n: 0.286 | M?c ??: 7.86
"Deploy the Core Echo.
Core Echoes cannot be Modulated or Reconstructed.","Triển khai Core Echoes.
Core Echoes không thể Modulate hoặc Reconstruct.",C?n ti?ng Anh nghi v?n: Core | S? t?/c?m nghi v?n: 2 | T? l? nghi v?n: 0.286 | M?c ??: 7.86
"Deploy the Core Echo.
Core Echoes cannot be Modulated or Reconstructed.","Triển khai Core Echoes.
Core Echoes không thể Modulate hoặc Reconstruct.",C?n ti?ng Anh nghi v?n: Core | S? t?/c?m nghi v?n: 2 | T? l? nghi v?n: 0.286 | M?c ??: 7.86
Casting Resonance Liberation increases the damage dealt by all nearby Resonators in the team.,Kích hoạt Resonance Liberation sẽ tăng DMG gây ra bởi tất cả Resonators gần đó trong đội.,C?n ti?ng Anh nghi v?n: Liberation | S? t?/c?m nghi v?n: 1 | T? l? nghi v?n: 0.167 | M?c ??: 7.67
Casting Resonance Liberation increases the damage dealt by all nearby Resonators in the team.,Kích hoạt Resonance Liberation sẽ tăng DMG gây ra bởi tất cả Resonators gần đó trong đội.,C?n ti?ng Anh nghi v?n: Liberation | S? t?/c?m nghi v?n: 1 | T? l? nghi v?n: 0.167 | M?c ??: 7.67
Casting Resonance Liberation increases the damage dealt by all nearby Resonators in the team.,Kích hoạt Resonance Liberation sẽ tăng DMG gây ra bởi tất cả Resonators gần đó trong đội.,C?n ti?ng Anh nghi v?n: Liberation | S? t?/c?m nghi v?n: 1 | T? l? nghi v?n: 0.167 | M?c ??: 7.67
"A card game for two. To win, you need perception, strategy, and, of course, a bit of luck.","Trò chơi bài dành cho hai người. Để chiến thắng, bạn cần sự quan sát, chiến thuật và tất nhiên, một chút may mắn.",C?n ti?ng Anh nghi v?n: may | S? t?/c?m nghi v?n: 1 | T? l? nghi v?n: 0.25 | M?c ??: 7.5
"Revival Time: 10s (Solo & Co-op)
<color=#aa9b6a>Trial Resonators will be available in Solo mode.</color>","Cooldown sinh: 10 giây (Chơi đơn & Hợp tác)
<color=#aa9b6a>Resonators thử nghiệm sẽ khả dụng trong chế độ Chơi đơn.</color>",C?n ti?ng Anh nghi v?n: Cooldown | S? t?/c?m nghi v?n: 1 | T? l? nghi v?n: 0.25 | M?c ??: 7.5
"Revival Time: 10s (Solo & Co-op)
<color=#aa9b6a>Trial Resonators will be available in Solo mode.</color>","Cooldown sinh: 10 giây (Chơi đơn & Hợp tác)
<color=#aa9b6a>Resonators thử nghiệm sẽ khả dụng trong chế độ Chơi đơn.</color>",C?n ti?ng Anh nghi v?n: Cooldown | S? t?/c?m nghi v?n: 1 | T? l? nghi v?n: 0.25 | M?c ??: 7.5
"Revival Time: 10s (Solo & Co-op)
<color=#aa9b6a>Trial Resonators will be available in Solo mode.</color>","Cooldown sinh: 10 giây (Chơi đơn & Hợp tác)
<color=#aa9b6a>Resonators thử nghiệm sẽ khả dụng trong chế độ Chơi đơn.</color>",C?n ti?ng Anh nghi v?n: Cooldown | S? t?/c?m nghi v?n: 1 | T? l? nghi v?n: 0.25 | M?c ??: 7.5
"Revival Time: 10s (Solo & Co-op)
<color=#aa9b6a>Trial Resonators will be available in Solo mode.</color>","Cooldown sinh: 10 giây (Chơi đơn & Hợp tác)
<color=#aa9b6a>Resonators thử nghiệm sẽ khả dụng trong chế độ Chơi đơn.</color>",C?n ti?ng Anh nghi v?n: Cooldown | S? t?/c?m nghi v?n: 1 | T? l? nghi v?n: 0.25 | M?c ??: 7.5
"Revival Time: 10s (Solo & Co-op)
<color=#aa9b6a>Trial Resonators will be available in Solo mode.</color>","Cooldown sinh: 10 giây (Chơi đơn & Hợp tác)
<color=#aa9b6a>Resonators thử nghiệm sẽ khả dụng trong chế độ Chơi đơn.</color>",C?n ti?ng Anh nghi v?n: Cooldown | S? t?/c?m nghi v?n: 1 | T? l? nghi v?n: 0.25 | M?c ??: 7.5
"Revival Time: 10s (Solo & Co-op)
<color=#aa9b6a>Trial Resonators will be available in Solo mode.</color>","Cooldown sinh: 10 giây (Chơi đơn & Hợp tác)
<color=#aa9b6a>Resonators thử nghiệm sẽ khả dụng trong chế độ Chơi đơn.</color>",C?n ti?ng Anh nghi v?n: Cooldown | S? t?/c?m nghi v?n: 1 | T? l? nghi v?n: 0.25 | M?c ??: 7.5
"I’m so lucky to meet you today, Rover.","Hôm nay thật may mắn khi được gặp bạn, Rover.",C?n ti?ng Anh nghi v?n: may | S? t?/c?m nghi v?n: 1 | T? l? nghi v?n: 0.25 | M?c ??: 7.5
"No worries at all! It’s no biggie, really. Well, not as huge as diving into those tokens, that’s for sure.","Đừng lo! Chuyện nhỏ thôi mà, thật đấy. Chắc chắn không to tát bằng việc lao vào mấy cái token đó đâu.",C?n ti?ng Anh nghi v?n: to | S? t?/c?m nghi v?n: 1 | T? l? nghi v?n: 0.25 | M?c ??: 7.5
"While collecting ""Metaphors,"" you will also receive additional Stat buffs.","Trong khi thu thập ""Ẩn Dụ"", bạn cũng sẽ nhận được thêm buff chỉ số.",C?n ti?ng Anh nghi v?n: buff | S? t?/c?m nghi v?n: 1 | T? l? nghi v?n: 0.25 | M?c ??: 7.5
"While collecting ""Metaphors,"" you will also receive additional Stat buffs.","Trong khi thu thập ""Ẩn Dụ"", bạn cũng sẽ nhận được thêm buff chỉ số.",C?n ti?ng Anh nghi v?n: buff | S? t?/c?m nghi v?n: 1 | T? l? nghi v?n: 0.25 | M?c ??: 7.5
View the buffs received after completing the event here.,Xem buff nhận được sau khi hoàn thành sự kiện tại đây.,C?n ti?ng Anh nghi v?n: buff | S? t?/c?m nghi v?n: 1 | T? l? nghi v?n: 0.25 | M?c ??: 7.5
View the buffs received after completing the event here.,Xem buff nhận được sau khi hoàn thành sự kiện tại đây.,C?n ti?ng Anh nghi v?n: buff | S? t?/c?m nghi v?n: 1 | T? l? nghi v?n: 0.25 | M?c ??: 7.5
View the buffs received after completing the event here.,Xem buff nhận được sau khi hoàn thành sự kiện tại đây.,C?n ti?ng Anh nghi v?n: buff | S? t?/c?m nghi v?n: 1 | T? l? nghi v?n: 0.25 | M?c ??: 7.5
"Check your Glory Level, Trial Level, and Buffs here.","Kiểm tra Cấp Độ Vinh Quang, Cấp Độ Thử Thách và Buff của bạn tại đây.",C?n ti?ng Anh nghi v?n: Buff | S? t?/c?m nghi v?n: 1 | T? l? nghi v?n: 0.25 | M?c ??: 7.5
"Check your Glory Level, Trial Level, and Buffs here.","Kiểm tra Cấp Độ Vinh Quang, Cấp Độ Thử Thách và Buff của bạn tại đây.",C?n ti?ng Anh nghi v?n: Buff | S? t?/c?m nghi v?n: 1 | T? l? nghi v?n: 0.25 | M?c ??: 7.5
"Check your Glory Level, Trial Level, and Buffs here.","Kiểm tra Cấp Độ Vinh Quang, Cấp Độ Thử Thách và Buff của bạn tại đây.",C?n ti?ng Anh nghi v?n: Buff | S? t?/c?m nghi v?n: 1 | T? l? nghi v?n: 0.25 | M?c ??: 7.5
Dealing Tune Break DMG increases Echo Skill DMG by 40% for all Resonators in the team for 10s.,Gây DMG Phá Nhịp tăng DMG Resonance Skill của tất cả Resonators trong đội lên 40% trong 10 giây.,C?n ti?ng Anh nghi v?n: Skill | S? t?/c?m nghi v?n: 1 | T? l? nghi v?n: 0.143 | M?c ??: 7.43
"You found Cosmos, Encore's wooly companion, by a mysterious gateway. Some kind of test seems to be running behind the gate and it needs your assistance.
During the test, Cosmos will provide Echoids to significantly boost Resonators' combat power.
You can complete the task with your friends.","Bạn tìm thấy Cosmos, người bạn lông lá của Encore, bên cạnh một cánh cổng bí ẩn. Có vẻ như một loại thử nghiệm đang diễn ra phía sau cánh cổng và cần sự trợ giúp của bạn.
Trong thử nghiệm, Cosmos sẽ cung cấp Echoid để tăng cường đáng kể sức mạnh chiến đấu của Resonators.
Bạn có thể hoàn thành nhiệm vụ cùng bạn bè.",C?n ti?ng Anh nghi v?n: Cosmos | S? t?/c?m nghi v?n: 2 | T? l? nghi v?n: 0.222 | M?c ??: 7.22
"Budget Dilemma
Lv. 0: <color=Highlight>Off-Tune Buildup Rate</color> is increased by 300%. Cannot be downed during the challenge.
Lv. 1: When casting <color=Highlight>Tune Break</color>, fire Deadly Design toward nearby enemies, dealing <color=Ice>Glacio DMG</color>.
Lv. 2: Casting <color=Highlight>Tune Break</color> increases <color=Highlight>Tune Break Boost</color> of all Resonators in the team by 200. Deadly Design can now stagnate enemies and leave behind 3 Budget Cages, dealing additional damage.
Lv. 3: Budget Cages deal additional damage when they expire.","Tiến thoái lưỡng nan ngân sách
Cấp 0: Tỷ lệ <color=Highlight>Tích lũy Lệch Nhịp</color> tăng 300%. Không thể bị hạ gục trong thử thách.
Cấp 1: Khi sử dụng <color=Highlight>Phá Nhịp</color>, bắn Thiết Kế Chết Người vào kẻ địch gần đó, gây <color=Ice>Glacio DMG</color>.
Cấp 2: Sử dụng <color=Highlight>Phá Nhịp</color> làm tăng <color=Highlight>Tăng Cường Phá Nhịp</color> của tất cả Resonators trong đội lên 200. Thiết Kế Chết Người giờ có thể làm đình trệ kẻ địch và để lại 3 Lồng Budget, gây sát thương thêm.
Cấp 3: Lồng Budget gây sát thương thêm khi hết hiệu lực.",C?n ti?ng Anh nghi v?n: Budget | S? t?/c?m nghi v?n: 2 | T? l? nghi v?n: 0.2 | M?c ??: 7.0
"Team DMG and DEF are increased by 25% when Resonance Liberations are used, lasting for 15 seconds and stacking up to 3 times.","DMG và DEF của đội tăng 25% khi sử dụng Resonance Liberation, kéo dài 15 giây và cộng dồn tối đa 3 lần.",C?n ti?ng Anh nghi v?n: Liberation | S? t?/c?m nghi v?n: 1 | T? l? nghi v?n: 0.2 | M?c ??: 7.0
"Huanglong is a nation of thousands of years. Long history forged a special and traditional culture for this nation. Although the Lament fracture it's development, but its people are still fighting and trying their best to inherit whatever the nation remains.
In the Recovery Age. Huanglong's Tacetite Industry brought life again to this country. With the endless order for the Tacetite, Huanglong's economy has ever stopped booming.","Huanglong là một quốc gia với hàng ngàn năm lịch sử. Lịch sử lâu đời đã hun đúc nên một nền văn hóa đặc sắc và truyền thống cho dân tộc này. Mặc dù Vết Nứt Than Thở đã làm gián đoạn sự phát triển của nó, nhưng người dân nơi đây vẫn không ngừng chiến đấu và cố gắng kế thừa những gì còn sót lại của quốc gia.
Trong Kỷ Nguyên Phục Hưng, ngành công nghiệp Tacetite của Huanglong đã mang lại sức sống mới cho đất nước này. Với những đơn hàng Tacetite không ngừng nghỉ, nền kinh tế Huanglong chưa bao giờ ngừng phát triển.",C?n ti?ng Anh nghi v?n: Tacetite | S? t?/c?m nghi v?n: 2 | T? l? nghi v?n: 0.133 | M?c ??: 6.33
Elite Class Human drop,Rơi từ kẻ địch Human cấp Tinh Anh,C?n ti?ng Anh nghi v?n: Human | S? t?/c?m nghi v?n: 1 | T? l? nghi v?n: 0.333 | M?c ??: 6.33
A common small Tacet Discord that can release a small amount of Havoc energy to attack. Relatively low danger level.,Một Discord nhỏ phổ biến có thể giải phóng một lượng nhỏ năng lượng Havoc để tấn công. Mức độ nguy hiểm tương đối thấp.,C?n ti?ng Anh nghi v?n: Discord | S? t?/c?m nghi v?n: 1 | T? l? nghi v?n: 0.333 | M?c ??: 6.33
A common small Tacet Discord that can release a small amount of Aero energy to attack. Relatively low danger level.,Một Discord nhỏ thông thường có thể giải phóng một lượng nhỏ năng lượng Aero để tấn công. Mức độ nguy hiểm tương đối thấp.,C?n ti?ng Anh nghi v?n: Discord | S? t?/c?m nghi v?n: 1 | T? l? nghi v?n: 0.333 | M?c ??: 6.33
A common small size Tacet Discord that can release a small amount of Fusion energy to attack. Relatively low danger level.,"Một Discord kích cỡ nhỏ thông thường, có thể giải phóng một lượng nhỏ năng lượng Fusion để tấn công. Mức độ nguy hiểm tương đối thấp.",C?n ti?ng Anh nghi v?n: Discord | S? t?/c?m nghi v?n: 1 | T? l? nghi v?n: 0.333 | M?c ??: 6.33
"Widely distributed mutant plants, mostly found in areas with more Tacetite, less dangerous.","Thực vật đột biến phân bố rộng, chủ yếu xuất hiện ở khu vực có nhiều Tacetite, ít nguy hiểm hơn.",C?n ti?ng Anh nghi v?n: Tacetite | S? t?/c?m nghi v?n: 1 | T? l? nghi v?n: 0.333 | M?c ??: 6.33
Medium Tacet Field - Echo,Vùng Tacet Medium - Echo,C?n ti?ng Anh nghi v?n: Medium | S? t?/c?m nghi v?n: 1 | T? l? nghi v?n: 0.333 | M?c ??: 6.33
Setting changes will take effect in next time openning the game.,Thay đổi cài đặt sẽ có hiệu lực vào lần mở game tiếp theo.,C?n ti?ng Anh nghi v?n: game | S? t?/c?m nghi v?n: 1 | T? l? nghi v?n: 0.333 | M?c ??: 6.33
This Rover is not in your Blocklist,Rover này không có trong Blocklist của bạn,C?n ti?ng Anh nghi v?n: Blocklist | S? t?/c?m nghi v?n: 1 | T? l? nghi v?n: 0.333 | M?c ??: 6.33
"Solo Record Guide.
Tap {0} to open mission page.","Hướng dẫn Ghi Solo.
Nhấn {0} để mở trang nhiệm vụ.",C?n ti?ng Anh nghi v?n: Solo | S? t?/c?m nghi v?n: 1 | T? l? nghi v?n: 0.333 | M?c ??: 6.33
"When an Excaratte burrows into the ground, use drop attacks to knock it out of the ground.","Khi Excaratte chui xuống đất, dùng đòn đánh rơi để đánh bật nó lên.",C?n ti?ng Anh nghi v?n: Excaratte | S? t?/c?m nghi v?n: 1 | T? l? nghi v?n: 0.333 | M?c ??: 6.33
"An ability useful for crossing over terrains. Can be used directly in leaping upwards, or you can look for Grapple Points in the map for even further travels.",Kỹ năng hữu ích để vượt địa hình. Có thể dùng để nhảy lên trực tiếp hoặc tìm Points Móc trên bản đồ để di chuyển xa hơn.,C?n ti?ng Anh nghi v?n: Points | S? t?/c?m nghi v?n: 1 | T? l? nghi v?n: 0.333 | M?c ??: 6.33
"An ability useful for crossing over terrains. Can be used directly in leaping upwards, or you can look for Grapple Points in the map for even further travels.",Kỹ năng hữu ích để vượt địa hình. Có thể dùng để nhảy lên trực tiếp hoặc tìm Points Móc trên bản đồ để di chuyển xa hơn.,C?n ti?ng Anh nghi v?n: Points | S? t?/c?m nghi v?n: 1 | T? l? nghi v?n: 0.333 | M?c ??: 6.33
"An ability useful for crossing over terrains. Can be used directly in leaping upwards, or you can look for Grapple Points in the map for even further travels.",Kỹ năng hữu ích để vượt địa hình. Có thể dùng để nhảy lên trực tiếp hoặc tìm Points Móc trên bản đồ để di chuyển xa hơn.,C?n ti?ng Anh nghi v?n: Points | S? t?/c?m nghi v?n: 1 | T? l? nghi v?n: 0.333 | M?c ??: 6.33
"An ability useful for crossing over terrains. Can be used directly in leaping upwards, or you can look for Grapple Points in the map for even further travels.",Kỹ năng hữu ích để vượt địa hình. Có thể dùng để nhảy lên trực tiếp hoặc tìm Points Móc trên bản đồ để di chuyển xa hơn.,C?n ti?ng Anh nghi v?n: Points | S? t?/c?m nghi v?n: 1 | T? l? nghi v?n: 0.333 | M?c ??: 6.33
Stand beside the walls and drag to move will allow you to climb.,Stand cạnh tường và kéo để di chuyển sẽ giúp bạn leo lên.,C?n ti?ng Anh nghi v?n: Stand | S? t?/c?m nghi v?n: 1 | T? l? nghi v?n: 0.333 | M?c ??: 6.33
A common small Tacet Discord that can release a small amount of Havoc energy to attack. Relatively low danger level.,Một Discord nhỏ phổ biến có thể giải phóng một lượng nhỏ năng lượng Havoc để tấn công. Mức độ nguy hiểm tương đối thấp.,C?n ti?ng Anh nghi v?n: Discord | S? t?/c?m nghi v?n: 1 | T? l? nghi v?n: 0.333 | M?c ??: 6.33
A common small Tacet Discord that can release a small amount of Aero energy to attack. Relatively low danger level.,Một Discord nhỏ thông thường có thể giải phóng một lượng nhỏ năng lượng Aero để tấn công. Mức độ nguy hiểm tương đối thấp.,C?n ti?ng Anh nghi v?n: Discord | S? t?/c?m nghi v?n: 1 | T? l? nghi v?n: 0.333 | M?c ??: 6.33
A common small size Tacet Discord that can release a small amount of Fusion energy to attack. Relatively low danger level.,"Một Discord kích cỡ nhỏ thông thường, có thể giải phóng một lượng nhỏ năng lượng Fusion để tấn công. Mức độ nguy hiểm tương đối thấp.",C?n ti?ng Anh nghi v?n: Discord | S? t?/c?m nghi v?n: 1 | T? l? nghi v?n: 0.333 | M?c ??: 6.33
"Widely distributed mutant plants, mostly found in areas with more Tacetite, less dangerous.","Thực vật đột biến phân bố rộng, chủ yếu xuất hiện ở khu vực có nhiều Tacetite, ít nguy hiểm hơn.",C?n ti?ng Anh nghi v?n: Tacetite | S? t?/c?m nghi v?n: 1 | T? l? nghi v?n: 0.333 | M?c ??: 6.33
Medium Tacet Field - Echo,Vùng Tacet Medium - Echo,C?n ti?ng Anh nghi v?n: Medium | S? t?/c?m nghi v?n: 1 | T? l? nghi v?n: 0.333 | M?c ??: 6.33
Banner Trophy Chests in this area,Rương Giải Thưởng Banner trong khu vực này,C?n ti?ng Anh nghi v?n: Banner | S? t?/c?m nghi v?n: 1 | T? l? nghi v?n: 0.333 | M?c ??: 6.33
Play all pairs in your hand before drawing,Play hết tất cả các cặp bài trên tay trước khi rút bài,C?n ti?ng Anh nghi v?n: Play | S? t?/c?m nghi v?n: 1 | T? l? nghi v?n: 0.333 | M?c ??: 6.33
Explore Solaris-3 to unlock more content,Explore Solaris-3 để mở khóa thêm nội dung.,C?n ti?ng Anh nghi v?n: Explore | S? t?/c?m nghi v?n: 1 | T? l? nghi v?n: 0.333 | M?c ??: 6.33
Trigger a Critical Hit when doing DMG,Trigger Đòn chí mạng khi gây DMG,C?n ti?ng Anh nghi v?n: Trigger | S? t?/c?m nghi v?n: 1 | T? l? nghi v?n: 0.333 | M?c ??: 6.33
This game is still in closed beta,Trò chơi vẫn đang trong giai đoạn thử nghiệm beta kín,C?n ti?ng Anh nghi v?n: beta | S? t?/c?m nghi v?n: 1 | T? l? nghi v?n: 0.333 | M?c ??: 6.33
Equipped by Current Character,Đã Trang Bị Cho Character Hiện Tại,C?n ti?ng Anh nghi v?n: Character | S? t?/c?m nghi v?n: 1 | T? l? nghi v?n: 0.333 | M?c ??: 6.33
Probable Rewards after Challenge Success,Rewards có thể nhận sau khi hoàn thành thử thách,C?n ti?ng Anh nghi v?n: Rewards | S? t?/c?m nghi v?n: 1 | T? l? nghi v?n: 0.333 | M?c ??: 6.33
"After reset, challenge records of the current party will be cleared and Vigor will be returned","Sau khi đặt lại, hồ sơ thử thách của đội hiện tại sẽ bị xóa và Vigor sẽ được hoàn trả",C?n ti?ng Anh nghi v?n: Vigor | S? t?/c?m nghi v?n: 1 | T? l? nghi v?n: 0.333 | M?c ??: 6.33
Quick Access Wheel,Wheel Truy Cập Nhanh,C?n ti?ng Anh nghi v?n: Wheel | S? t?/c?m nghi v?n: 1 | T? l? nghi v?n: 0.333 | M?c ??: 6.33
Filter to view rewards for each level.,Filter để xem phần thưởng cho từng cấp độ.,C?n ti?ng Anh nghi v?n: Filter | S? t?/c?m nghi v?n: 1 | T? l? nghi v?n: 0.333 | M?c ??: 6.33
Explore the area to obtain Variables.,Explore khu vực để thu thập Biến Số.,C?n ti?ng Anh nghi v?n: Explore | S? t?/c?m nghi v?n: 1 | T? l? nghi v?n: 0.333 | M?c ??: 6.33
Echo EXP items and Echoes,Vật phẩm EXP Echoes và Echoes,C?n ti?ng Anh nghi v?n: EXP | S? t?/c?m nghi v?n: 1 | T? l? nghi v?n: 0.333 | M?c ??: 6.33
Available Support Modules,Power Circuit Hỗ Trợ Available,C?n ti?ng Anh nghi v?n: Available | S? t?/c?m nghi v?n: 1 | T? l? nghi v?n: 0.333 | M?c ??: 6.33
Apply to all Resonators,Apply cho tất cả Resonators,C?n ti?ng Anh nghi v?n: Apply | S? t?/c?m nghi v?n: 1 | T? l? nghi v?n: 0.333 | M?c ??: 6.33
Check out our super amazing Cube Combo!,Hãy xem Combo Khối siêu đỉnh của chúng ta!,C?n ti?ng Anh nghi v?n: Combo | S? t?/c?m nghi v?n: 1 | T? l? nghi v?n: 0.333 | M?c ??: 6.33
"Collect 1,000 Dreamland Badges to claim",Thu thập 1.000 Huy hiệu Dreamland để nhận,C?n ti?ng Anh nghi v?n: Dreamland | S? t?/c?m nghi v?n: 1 | T? l? nghi v?n: 0.333 | M?c ??: 6.33
Decipher to view the details,Decipher để xem chi tiết,C?n ti?ng Anh nghi v?n: Decipher | S? t?/c?m nghi v?n: 1 | T? l? nghi v?n: 0.333 | M?c ??: 6.33
The loot items in your Storage Bag have been sent to the Warehouse. Go check them out!,Vật phẩm chiến lợi phẩm trong Túi Lưu trữ của bạn đã được gửi đến Warehouse. Hãy kiểm tra chúng đi!,C?n ti?ng Anh nghi v?n: Warehouse | S? t?/c?m nghi v?n: 1 | T? l? nghi v?n: 0.333 | M?c ??: 6.33
Do you want to sell the following items for <color=#d5aa29>{0}</color> Rice Dangos?,Bạn có muốn bán các vật phẩm sau để nhận <color=#d5aa29>{0}</color> Bánh Rice Dango không?,C?n ti?ng Anh nghi v?n: Rice | S? t?/c?m nghi v?n: 1 | T? l? nghi v?n: 0.333 | M?c ??: 6.33
Lahai-Roi Pioneer Level,Cấp Tiên Phong Lahai-Roi,C?n ti?ng Anh nghi v?n: Lahai | S? t?/c?m nghi v?n: 1 | T? l? nghi v?n: 0.333 | M?c ??: 6.33
Next Stop: Lahai-Roi,Điểm Đến Tiếp Theo: Lahai-Roi,C?n ti?ng Anh nghi v?n: Lahai | S? t?/c?m nghi v?n: 1 | T? l? nghi v?n: 0.333 | M?c ??: 6.33
Please select the Expansion Module you wish to equip,Vui lòng chọn Expansion Mô-đun muốn trang bị,C?n ti?ng Anh nghi v?n: Expansion | S? t?/c?m nghi v?n: 1 | T? l? nghi v?n: 0.333 | M?c ??: 6.33
"No trial Resonators for ""Tutorial Track""","Không có Resonators thử nghiệm cho ""Nhạc Phẩm Tutorial""",C?n ti?ng Anh nghi v?n: Tutorial | S? t?/c?m nghi v?n: 1 | T? l? nghi v?n: 0.333 | M?c ??: 6.33
Discard according to the custom Echo Management Plan,Loại bỏ theo Kế hoạch Echo Management tùy chỉnh,C?n ti?ng Anh nghi v?n: Management | S? t?/c?m nghi v?n: 1 | T? l? nghi v?n: 0.333 | M?c ??: 6.33
All Common Knights in the Exam have been repaired,Tất cả Hiệp Sĩ Common trong Bài Thi đã được sửa chữa,C?n ti?ng Anh nghi v?n: Common | S? t?/c?m nghi v?n: 1 | T? l? nghi v?n: 0.333 | M?c ??: 6.33
"Wait, what happened to Mornye?","Khoan, chuyện gì xảy ra với Mornye vậy?",C?n ti?ng Anh nghi v?n: Mornye | S? t?/c?m nghi v?n: 1 | T? l? nghi v?n: 0.333 | M?c ??: 6.33
Senior! M-my buns hurt... Hic...,Tiền bối! Bánh bao của con... đau quá... Hic...,C?n ti?ng Anh nghi v?n: Hic | S? t?/c?m nghi v?n: 1 | T? l? nghi v?n: 0.333 | M?c ??: 6.33
"A large underground research center built before the Lament, featuring a well plunging to depths that reach the Moho discontinuity. At the well's bottom, countless mysteries await unraveling.","Một trung tâm nghiên cứu ngầm rộng lớn được xây dựng trước Thương Khốc, nổi bật với giếng sâu xuống tới độ sâu của ranh giới Moho. Ở đáy giếng, vô số bí ẩn đang chờ được khám phá.",C?n ti?ng Anh nghi v?n: Moho | S? t?/c?m nghi v?n: 1 | T? l? nghi v?n: 0.333 | M?c ??: 6.33
You have the ability to absorb and resonate with the sounds of everything in the world and change your Resonance Attribute.,Bạn có khả năng hấp thụ và cộng hưởng với âm thanh của mọi thứ trên thế giới và thay đổi Attribute Cộng hưởng của mình.,C?n ti?ng Anh nghi v?n: Attribute | S? t?/c?m nghi v?n: 1 | T? l? nghi v?n: 0.333 | M?c ??: 6.33
Applies a semi-transparent effect when the camera enters foliage.,Áp dụng hiệu ứng trong suốt một phần khi camera đi vào tán lá.,C?n ti?ng Anh nghi v?n: camera | S? t?/c?m nghi v?n: 1 | T? l? nghi v?n: 0.333 | M?c ??: 6.33
"Once enabled, Boost stays active once triggered and can be toggled with a single press.","Khi kích hoạt, Boost sẽ duy trì trạng thái hoạt động và có thể bật/tắt bằng một lần nhấn.",C?n ti?ng Anh nghi v?n: Boost | S? t?/c?m nghi v?n: 1 | T? l? nghi v?n: 0.333 | M?c ??: 6.33
"If the Vehicle control is set to Stick, the stick's position and size in the layout remain consistent with the Regular settings.","Nếu điều khiển Xe được đặt ở chế độ Stick, vị trí và kích thước của cần điều khiển trong bố cục sẽ giữ nguyên như cài đặt Thông thường.",C?n ti?ng Anh nghi v?n: Stick | S? t?/c?m nghi v?n: 1 | T? l? nghi v?n: 0.333 | M?c ??: 6.33
Phase Ascension: I,Giai Đoạn Thăng Hoa: I,C?n ti?ng Anh nghi v?n: I | S? t?/c?m nghi v?n: 1 | T? l? nghi v?n: 0.333 | M?c ??: 6.33
Phase Ascension: II,Giai Đoạn Thăng Hoa: II,C?n ti?ng Anh nghi v?n: II | S? t?/c?m nghi v?n: 1 | T? l? nghi v?n: 0.333 | M?c ??: 6.33
Phase Ascension: III,Giai Đoạn Thăng Hoa: III,C?n ti?ng Anh nghi v?n: III | S? t?/c?m nghi v?n: 1 | T? l? nghi v?n: 0.333 | M?c ??: 6.33
Terror Reborn I,Nỗi Kinh Hoàng Tái Sinh I,C?n ti?ng Anh nghi v?n: I | S? t?/c?m nghi v?n: 1 | T? l? nghi v?n: 0.333 | M?c ??: 6.33
Terror Reborn II,Nỗi Kinh Hoàng Tái Sinh II,C?n ti?ng Anh nghi v?n: II | S? t?/c?m nghi v?n: 1 | T? l? nghi v?n: 0.333 | M?c ??: 6.33
Carnival in Slumberland VI: Chaos,Carnival Giấc Mơ VI: Chaos,C?n ti?ng Anh nghi v?n: Chaos | S? t?/c?m nghi v?n: 1 | T? l? nghi v?n: 0.333 | M?c ??: 6.33
"""Great adventures in stories have a way of starting off with a sudden gust of wind out of nowhere.""
Help Dorothy defeat the monsters behind the gate.","""Những cuộc phiêu lưu tuyệt vời trong truyện thường bắt đầu bằng một cơn gió bất chợt.""
Hỗ trợ Dorothy đánh bại quái vật sau cánh cổng.",C?n ti?ng Anh nghi v?n: Dorothy | S? t?/c?m nghi v?n: 1 | T? l? nghi v?n: 0.333 | M?c ??: 6.33
"""I'm just practicing how to tell you the truth about those fairy tales.""
Help Dorothy defeat the monsters behind the gate.","""Tớ chỉ đang luyện tập cách nói cho cậu biết sự thật về những câu chuyện cổ tích ấy thôi.""
Giúp Dorothy đánh bại lũ quái vật sau cánh cổng.",C?n ti?ng Anh nghi v?n: Dorothy | S? t?/c?m nghi v?n: 1 | T? l? nghi v?n: 0.333 | M?c ??: 6.33
"Head to the tower...
The Fisalia descendant leaves only his retreating silhouette behind. He will fulfill his mission.","Hướng đến tòa tháp...
Hậu duệ Fisalia chỉ để lại bóng dáng rời đi. Anh ta sẽ hoàn thành nhiệm vụ của mình.",C?n ti?ng Anh nghi v?n: Fisalia | S? t?/c?m nghi v?n: 1 | T? l? nghi v?n: 0.333 | M?c ??: 6.33
The Primus,The The Primus,C?n ti?ng Anh nghi v?n: Primus | S? t?/c?m nghi v?n: 1 | T? l? nghi v?n: 0.333 | M?c ??: 6.33
"Phrolova's Sonoro Sphere. 
Amid the wild revelry, she beckons you to join in the dance, offering a story in exchange and unveiling the truth behind the curtain.","Quả Cầu Sonoro của Phrolova.
Giữa không khí cuồng nhiệt, cô mời gọi bạn cùng nhảy múa, đổi lại một câu chuyện và hé lộ sự thật đằng sau bức màn.",C?n ti?ng Anh nghi v?n: Sonoro | S? t?/c?m nghi v?n: 1 | T? l? nghi v?n: 0.333 | M?c ??: 6.33
Pass this Sonoro Sphere's trial to obtain indispensable resources.,Vượt qua thử thách của Sonoro Sphere này để nhận được tài nguyên thiết yếu.,C?n ti?ng Anh nghi v?n: Sonoro | S? t?/c?m nghi v?n: 1 | T? l? nghi v?n: 0.333 | M?c ??: 6.33
Pass this Sonoro Sphere's trial to obtain indispensable resources.,Vượt qua thử thách của Sonoro Sphere này để nhận được tài nguyên thiết yếu.,C?n ti?ng Anh nghi v?n: Sonoro | S? t?/c?m nghi v?n: 1 | T? l? nghi v?n: 0.333 | M?c ??: 6.33
"""You make a wish, and it becomes yours... In the end, everything that’s yours will come back to you.""
Help Dorothy defeat the monster behind the door.","""Cậu ước điều gì, và điều đó sẽ thuộc về cậu... Đến cuối cùng, mọi thứ thuộc về cậu rồi cũng sẽ quay về với cậu.""
Giúp Dorothy đánh bại quái vật sau cánh cửa.",C?n ti?ng Anh nghi v?n: Dorothy | S? t?/c?m nghi v?n: 1 | T? l? nghi v?n: 0.333 | M?c ??: 6.33
"""One, two, it's coming for you...""
Help Dorothy defeat the monster behind the door.","""Một, hai, nó đang đến tìm cậu...""
Giúp Dorothy đánh bại quái vật sau cánh cửa.",C?n ti?ng Anh nghi v?n: Dorothy | S? t?/c?m nghi v?n: 1 | T? l? nghi v?n: 0.333 | M?c ??: 6.33
"Strange frequencies boil in the Somnoire, slowly taking shape into something familiar.
It must return to the Abyss of Dreams.","Những tần số kỳ lạ sôi sục trong Somnoire, dần dần thành hình thành một thứ gì đó quen thuộc.
Nó phải trở về Vực Mộng Mị.",C?n ti?ng Anh nghi v?n: Somnoire | S? t?/c?m nghi v?n: 1 | T? l? nghi v?n: 0.333 | M?c ??: 6.33
"Yesterday lives on beyond tomorrow. What you've done will shape the world that's yet to come.
It must return to the Abyss of Dreams.","Yesterday vẫn sống mãi qua ngày mai. Những gì ngươi đã làm sẽ định hình thế giới sắp tới.
Nó phải trở về Vực Mộng.",C?n ti?ng Anh nghi v?n: Yesterday | S? t?/c?m nghi v?n: 1 | T? l? nghi v?n: 0.333 | M?c ??: 6.33
These ancient underground waterways have become gang hideouts. Join Zani in venturing inside to uproot the crime that's spread here.,Những đường thủy cổ xưa dưới lòng đất này đã trở thành sào huyệt của bọn tội phạm. Hãy cùng Zani mạo hiểm vào trong để triệt phá tội ác lan tràn ở đây.,C?n ti?ng Anh nghi v?n: Zani | S? t?/c?m nghi v?n: 1 | T? l? nghi v?n: 0.333 | M?c ??: 6.33
These ancient underground waterways have become gang hideouts. Join Zani in venturing inside to uproot the crime that's spread here.,Những đường thủy cổ xưa dưới lòng đất này đã trở thành sào huyệt của bọn tội phạm. Hãy cùng Zani mạo hiểm vào trong để triệt phá tội ác lan tràn ở đây.,C?n ti?ng Anh nghi v?n: Zani | S? t?/c?m nghi v?n: 1 | T? l? nghi v?n: 0.333 | M?c ??: 6.33
The gateway to the Somnoire is open again… Did something happen?,Cánh cổng dẫn đến Somnoire lại mở… Có chuyện gì xảy ra sao?,C?n ti?ng Anh nghi v?n: Somnoire | S? t?/c?m nghi v?n: 1 | T? l? nghi v?n: 0.333 | M?c ??: 6.33
"{PlayerName}, do you think that special TD is similar to some of the memory fragments in the Somnoire?","{PlayerName}, cậu có nghĩ rằng TD đặc biệt này giống với một số mảnh ký ức trong Somnoire không?",C?n ti?ng Anh nghi v?n: Somnoire | S? t?/c?m nghi v?n: 1 | T? l? nghi v?n: 0.333 | M?c ??: 6.33
I'm not sure about that... but there are surprisingly few dreams from Order members in these samples... What's going on?,"Tôi không chắc lắm... nhưng trong những mẫu này, giấc mơ của các thành viên Order lại ít đến bất ngờ... Chuyện gì đang xảy ra vậy?",C?n ti?ng Anh nghi v?n: Order | S? t?/c?m nghi v?n: 1 | T? l? nghi v?n: 0.333 | M?c ??: 6.33
"Let's leave that for later. In time, the Somnoire in Ragunna will be fully established.","Để chuyện đó lại sau đi. Đến lúc đó, Somnoire ở Ragunna sẽ được thành lập hoàn chỉnh.",C?n ti?ng Anh nghi v?n: Somnoire | S? t?/c?m nghi v?n: 1 | T? l? nghi v?n: 0.333 | M?c ??: 6.33
"Although it's still not stable, the Dreamscape Nodes here should be accessible now, meow.","Dù vẫn chưa ổn định, nhưng các Nút Dreamscape ở đây giờ đã có thể truy cập được rồi, meo.",C?n ti?ng Anh nghi v?n: Dreamscape | S? t?/c?m nghi v?n: 1 | T? l? nghi v?n: 0.333 | M?c ??: 6.33
One thing is certain that the severed connection of Rinascita's Somnoire has something to do with it.,Một điều chắc chắn là sự đứt đoạn kết nối của Somnoire thuộc Rinascita có liên quan đến chuyện này.,C?n ti?ng Anh nghi v?n: Somnoire | S? t?/c?m nghi v?n: 1 | T? l? nghi v?n: 0.333 | M?c ??: 6.33
"But lately, we are running short on Sacred Salt. As an Acolyte of the Ministry of Holy Rituals, I...","Nhưng gần đây, chúng ta đang thiếu Muối Thánh. Là một Acolyte của Bộ Nghi Lễ Thần Thánh, tôi...",C?n ti?ng Anh nghi v?n: Acolyte | S? t?/c?m nghi v?n: 1 | T? l? nghi v?n: 0.333 | M?c ??: 6.33
It was suppressing the Nightmare Tacet Discords.,Nó đang kìm hãm các Nightmare Tacet Discord.,C?n ti?ng Anh nghi v?n: Nightmare | S? t?/c?m nghi v?n: 1 | T? l? nghi v?n: 0.333 | M?c ??: 6.33
Instructor Yhan would arrange simulations for his men to train against enemy holograms and improve their combat skills.,Người hướng dẫn Yhan sẽ sắp xếp các buổi mô phỏng để binh lính luyện tập chống lại ảnh toàn ký của kẻ địch và nâng cao kỹ năng chiến đấu.,C?n ti?ng Anh nghi v?n: Yhan | S? t?/c?m nghi v?n: 1 | T? l? nghi v?n: 0.333 | M?c ??: 6.33
This should be the projection thing Qinggong was talking about... I should try it out.,Đây chắc là thứ hình chiếu mà Qinggong nói đến... Tớ nên thử xem sao.,C?n ti?ng Anh nghi v?n: Qinggong | S? t?/c?m nghi v?n: 1 | T? l? nghi v?n: 0.333 | M?c ??: 6.33
Well... to see you about matters concerning Somnoire naturally.,Ừm... để gặp anh về chuyện liên quan đến Somnoire thôi mà.,C?n ti?ng Anh nghi v?n: Somnoire | S? t?/c?m nghi v?n: 1 | T? l? nghi v?n: 0.333 | M?c ??: 6.33
I was wondering if you have noticed... A gateway to the Somnoire has started to appear in Rinascita.,Ta đang tự hỏi liệu ngươi có nhận thấy không... Một cánh cổng dẫn đến Somnoire đã bắt đầu xuất hiện ở Rinascita.,C?n ti?ng Anh nghi v?n: Somnoire | S? t?/c?m nghi v?n: 1 | T? l? nghi v?n: 0.333 | M?c ??: 6.33
You're inside Encore's Cosmos?,Bạn đang ở bên trong Cosmos của Encore?,C?n ti?ng Anh nghi v?n: Cosmos | S? t?/c?m nghi v?n: 1 | T? l? nghi v?n: 0.333 | M?c ??: 6.33
"Please, Dreamwalker. I assure you that I have no secrets to hide.","Xin hãy tin tôi, Dreamwalker. Tôi đảm bảo rằng mình không có bí mật gì để giấu giếm.",C?n ti?ng Anh nghi v?n: Dreamwalker | S? t?/c?m nghi v?n: 1 | T? l? nghi v?n: 0.333 | M?c ??: 6.33
"Go, Dreamwalker. In the realms of dreams, only the dream itself holds the answers we seek.","Hãy đi, Dreamwalker. Trong cõi mộng, chỉ có giấc mơ mới nắm giữ câu trả lời chúng ta tìm kiếm.",C?n ti?ng Anh nghi v?n: Dreamwalker | S? t?/c?m nghi v?n: 1 | T? l? nghi v?n: 0.333 | M?c ??: 6.33
"And now, they've sent an invitation. Maybe a path to the deeper layers of the Somnoire has finally opened.","Và giờ đây, họ đã gửi lời mời. Có lẽ con đường dẫn đến những tầng sâu hơn của Somnoire cuối cùng đã mở ra.",C?n ti?ng Anh nghi v?n: Somnoire | S? t?/c?m nghi v?n: 1 | T? l? nghi v?n: 0.333 | M?c ??: 6.33
"My knights understand the true meaning of unity. To see their comrades aided without delay, these Common Knights will hurl you straight to the Grand Knights.","Các kỵ sĩ của ta hiểu rõ ý nghĩa của sự đoàn kết. Để thấy đồng đội được hỗ trợ kịp thời, những Kỵ Sĩ Common này sẽ Dodgem ngươi thẳng đến các Đại Kỵ Sĩ.",C?n ti?ng Anh nghi v?n: Common | S? t?/c?m nghi v?n: 1 | T? l? nghi v?n: 0.333 | M?c ??: 6.33
Accept the Grand Commander's Extra Credits.,Nhận Thưởng Tín Dụng Bổ Sung từ Grand Commander.,C?n ti?ng Anh nghi v?n: Grand | S? t?/c?m nghi v?n: 1 | T? l? nghi v?n: 0.333 | M?c ??: 6.33
Well? Let see that cute furball.,Well? Để xem chú mèo lông xù đáng yêu kia đi.,C?n ti?ng Anh nghi v?n: Well | S? t?/c?m nghi v?n: 1 | T? l? nghi v?n: 0.333 | M?c ??: 6.33
"Uh... Grandpa Jingzhu, are you really sure about that? It sounds a bit strange. It's not every day you see a lady keen on Echoes.","Ơ... Ông Jingzhu, ông thật sự chắc chứ? Nghe hơi kỳ cục đấy. Không phải ngày nào cũng thấy một quý cô thích Echoes đâu.",C?n ti?ng Anh nghi v?n: Jingzhu | S? t?/c?m nghi v?n: 1 | T? l? nghi v?n: 0.333 | M?c ??: 6.33
"Well done, well done indeed. This Echo team is much more impressive than mine back in the day, haha!","Tuyệt vời, thật sự rất tuyệt vời. Đội Echo này ấn tượng hơn nhiều so với đội của tôi ngày xưa, haha!",C?n ti?ng Anh nghi v?n: haha | S? t?/c?m nghi v?n: 1 | T? l? nghi v?n: 0.333 | M?c ??: 6.33
"There she is, Linghan, m-my beloved wife... wife-to-be.","Đó là cô ấy, Linghan, v-vợ tôi... vợ tương lai của tôi.",C?n ti?ng Anh nghi v?n: Linghan | S? t?/c?m nghi v?n: 1 | T? l? nghi v?n: 0.333 | M?c ??: 6.33
"It’s the Noctemint, her favorite flower.","Đó là hoa Noctemint, loài hoa cô ấy yêu thích.",C?n ti?ng Anh nghi v?n: Noctemint | S? t?/c?m nghi v?n: 1 | T? l? nghi v?n: 0.333 | M?c ??: 6.33
"But alas, my efforts seem to fall short... I truly hope she’ll appreciate this Noctemint this time.","Nhưng than ôi, nỗ lực của tôi dường như vẫn chưa đủ... Tôi thật sự hy vọng lần này cô ấy sẽ thích món Noctemint này.",C?n ti?ng Anh nghi v?n: Noctemint | S? t?/c?m nghi v?n: 1 | T? l? nghi v?n: 0.333 | M?c ??: 6.33
Being timid doesn’t fit being a Patroller! Follow my lead. Let’s roll!,Nhát gan không phải là tính cách của một Patroller! Hãy theo tôi. Đi thôi!,C?n ti?ng Anh nghi v?n: Patroller | S? t?/c?m nghi v?n: 1 | T? l? nghi v?n: 0.333 | M?c ??: 6.33
I’ve heard rumors that Yhan has turned into quite the strict instructor. You’d better take care.,Ta nghe đồn Yhan đã trở thành một người hướng dẫn khá nghiêm khắc. Ngươi nên cẩn thận đấy.,C?n ti?ng Anh nghi v?n: Yhan | S? t?/c?m nghi v?n: 1 | T? l? nghi v?n: 0.333 | M?c ??: 6.33
"Indeed, Mr. Jingzhu. The present demands our full attention.","Đúng vậy, ông Jingzhu. Hiện tại đòi hỏi chúng ta phải tập trung toàn lực.",C?n ti?ng Anh nghi v?n: Jingzhu | S? t?/c?m nghi v?n: 1 | T? l? nghi v?n: 0.333 | M?c ??: 6.33
"Of course, it’s not just the Echo I’ve prepared! Linghan once shared her criteria for an ideal partner.","Tất nhiên, không chỉ có Echo đâu! Linghan từng chia sẻ tiêu chí về một người bạn đời lý tưởng của cô ấy.",C?n ti?ng Anh nghi v?n: Linghan | S? t?/c?m nghi v?n: 1 | T? l? nghi v?n: 0.333 | M?c ??: 6.33
"Oh my! Hold on, Yingying. You’re too young to understand what that means.","Ôi trời! Khoan đã, Yingying. Con còn nhỏ chưa hiểu chuyện đó đâu.",C?n ti?ng Anh nghi v?n: Yingying | S? t?/c?m nghi v?n: 1 | T? l? nghi v?n: 0.333 | M?c ??: 6.33
"What do you think, Linghan?","Anh nghĩ sao, Linghan?",C?n ti?ng Anh nghi v?n: Linghan | S? t?/c?m nghi v?n: 1 | T? l? nghi v?n: 0.333 | M?c ??: 6.33
For I’ve resolved to become the wise and valiant soldier that matches Linghan’s ideals!,Vì ta đã quyết tâm trở thành người lính khôn ngoan và dũng cảm xứng với lý tưởng của Linghan!,C?n ti?ng Anh nghi v?n: Linghan | S? t?/c?m nghi v?n: 1 | T? l? nghi v?n: 0.333 | M?c ??: 6.33
"Grandpa Jingzhu, you’re already done with treatment? That was quick!","Ông Jingzhu, ông đã điều trị xong rồi ạ? Nhanh thế!",C?n ti?ng Anh nghi v?n: Jingzhu | S? t?/c?m nghi v?n: 1 | T? l? nghi v?n: 0.333 | M?c ??: 6.33
"Of course! Back in my prime, with my captain, we captured all kinds of Tacet Discords...","Tất nhiên! Hồi còn sung sức, cùng thuyền trưởng của tôi, chúng tôi đã bắt được đủ loại Tacet Discords...",C?n ti?ng Anh nghi v?n: Discords | S? t?/c?m nghi v?n: 1 | T? l? nghi v?n: 0.333 | M?c ??: 6.33
"Yeah, what else can we do? The Scythes is already pretty impressive. Can we kick it up a notch?","Ừ, còn gì nữa không? The Scythes đã khá ấn tượng rồi. Chúng ta có thể nâng cấp thêm không?",C?n ti?ng Anh nghi v?n: Scythes | S? t?/c?m nghi v?n: 1 | T? l? nghi v?n: 0.333 | M?c ??: 6.33
"Linghan should be delighted to see this, don’t you think?","Linghan chắc sẽ rất vui khi thấy thứ này, cậu thấy thế nào?",C?n ti?ng Anh nghi v?n: Linghan | S? t?/c?m nghi v?n: 1 | T? l? nghi v?n: 0.333 | M?c ??: 6.33
"Hey, mind if I ask you something? Have you seen Grandma Linghan around today?","Này, phiền cậu cho tôi hỏi chút được không? Hôm nay cậu có thấy bà Linghan ở đâu không?",C?n ti?ng Anh nghi v?n: Linghan | S? t?/c?m nghi v?n: 1 | T? l? nghi v?n: 0.333 | M?c ??: 6.33
"It’s reassuring to have your support. When it comes to Linghan’s safety, the more helpers, the better.","Thật yên tâm khi có sự hỗ trợ của cậu. Về vấn đề an toàn của Linghan, càng nhiều người giúp đỡ càng tốt.",C?n ti?ng Anh nghi v?n: Linghan | S? t?/c?m nghi v?n: 1 | T? l? nghi v?n: 0.333 | M?c ??: 6.33
This place is seriously dangerous. Grandma Linghan isn’t in a good health condition. Why would she come here...,Nơi này thực sự nguy hiểm. Bà Linghan sức khỏe không tốt. Sao bà ấy lại đến đây...,C?n ti?ng Anh nghi v?n: Linghan | S? t?/c?m nghi v?n: 1 | T? l? nghi v?n: 0.333 | M?c ??: 6.33
They’re right here. Let’s take them back to Grandpa Jingzhu!,Chúng ở ngay đây rồi. Đưa chúng về cho ông Jingzhu thôi!,C?n ti?ng Anh nghi v?n: Jingzhu | S? t?/c?m nghi v?n: 1 | T? l? nghi v?n: 0.333 | M?c ??: 6.33
"So, that’s why you’ve been chasing after Grandma Linghan, huh?",Vậy nên đó là lý do cậu đuổi theo bà Linghan à?,C?n ti?ng Anh nghi v?n: Linghan | S? t?/c?m nghi v?n: 1 | T? l? nghi v?n: 0.333 | M?c ??: 6.33
"Plus, seeing you must have made Linghan so relieved to know that the people we risked our lives for have turned into amazing adults.","Hơn nữa, thấy bạn khỏe mạnh chắc hẳn đã khiến Linghan yên tâm khi biết những người mà chúng ta đã liều mạng bảo vệ giờ đã trưởng thành tuyệt vời.",C?n ti?ng Anh nghi v?n: Linghan | S? t?/c?m nghi v?n: 1 | T? l? nghi v?n: 0.333 | M?c ??: 6.33
Check this out. This arcade cabinet has been sitting here since my very first day of school. I've never seen it on before.,Xem này. Cái máy arcade này đã ở đây từ ngày đầu tiên tôi đi học. Tôi chưa bao giờ thấy nó bật lên.,C?n ti?ng Anh nghi v?n: arcade | S? t?/c?m nghi v?n: 1 | T? l? nghi v?n: 0.333 | M?c ??: 6.33
"So… This youngling here must be a friend of our great Patroller Chixia, yes?","Vậy... Cậu nhóc này hẳn là bạn của Patroler Chixia vĩ đại của chúng ta, phải không?",C?n ti?ng Anh nghi v?n: Chixia | S? t?/c?m nghi v?n: 1 | T? l? nghi v?n: 0.333 | M?c ??: 6.33
"Ugh, speaking of that, I haven’t seen Youhu for a while now. Hopefully she didn’t get into trouble again…","Ui, nói đến chuyện đó, lâu rồi mình không thấy Youhu đâu. Hy vọng cô ấy không gặp rắc rối gì nữa...",C?n ti?ng Anh nghi v?n: Youhu | S? t?/c?m nghi v?n: 1 | T? l? nghi v?n: 0.333 | M?c ??: 6.33
"If you ever find other Sonance Caskets, please consider selling them to me.","Nếu bạn tìm thấy thêm Sonance Casket nào, hãy cân nhắc bán cho tôi nhé.",C?n ti?ng Anh nghi v?n: Sonance | S? t?/c?m nghi v?n: 1 | T? l? nghi v?n: 0.333 | M?c ??: 6.33
The Insider Channel features updates on ongoing explorations by contracted reporters and seasoned explorers.,Kênh Insider cập nhật những cuộc thám hiểm đang diễn ra bởi các phóng viên ký hợp đồng và các nhà thám hiểm dày dạn kinh nghiệm.,C?n ti?ng Anh nghi v?n: Insider | S? t?/c?m nghi v?n: 1 | T? l? nghi v?n: 0.333 | M?c ??: 6.33
"Anyway, you can always reach out for help on your journey. The Pioneer Association is here for you through any obstacles!","Dù sao đi nữa, bạn luôn có thể tìm kiếm sự trợ giúp trên hành trình của mình. Hiệp Hội Pioneer sẽ luôn ở bên bạn vượt qua mọi trở ngại!",C?n ti?ng Anh nghi v?n: Pioneer | S? t?/c?m nghi v?n: 1 | T? l? nghi v?n: 0.333 | M?c ??: 6.33
You can call me Gatekeeper for now. My name isn't important—what matters is this gateway.,"Hiện tại, bạn có thể gọi tôi là Gatekeeper. Tên tôi không quan trọng—điều quan trọng là cánh cổng này.",C?n ti?ng Anh nghi v?n: Gatekeeper | S? t?/c?m nghi v?n: 1 | T? l? nghi v?n: 0.333 | M?c ??: 6.33
"With you on board, I'm confident we can restore the Somnoire to its normal state.","Có bạn ở đây, tôi tin chắc chúng ta có thể khôi phục Somnoire về trạng thái bình thường.",C?n ti?ng Anh nghi v?n: Somnoire | S? t?/c?m nghi v?n: 1 | T? l? nghi v?n: 0.333 | M?c ??: 6.33
That’s all? Seriously? Not even Auntie Panhua’s culinary magic can shake you?,Chỉ thế thôi sao? Thật á? Đến cả tài nghệ nấu nướng của Dì Panhua cũng không lay chuyển được cậu à?,C?n ti?ng Anh nghi v?n: Panhua | S? t?/c?m nghi v?n: 1 | T? l? nghi v?n: 0.333 | M?c ??: 6.33
"Well, well, look who’s here. Chixia, back at it with the deliveries, eh?","Ôi, ai đây nhỉ? Chixia, lại đi giao hàng à?",C?n ti?ng Anh nghi v?n: Chixia | S? t?/c?m nghi v?n: 1 | T? l? nghi v?n: 0.333 | M?c ??: 6.33
"Absolutely! Uncle Mahe’s the go-to guy for anything and everything in Jinzhou. Not only food ingredients, he can get you many strange things!","Chắc chắn rồi! Bác Mahe là người có thể lo mọi thứ ở Jinzhou. Không chỉ nguyên liệu nấu ăn, bác ấy còn có thể kiếm được nhiều thứ kỳ lạ đấy!",C?n ti?ng Anh nghi v?n: Mahe | S? t?/c?m nghi v?n: 1 | T? l? nghi v?n: 0.333 | M?c ??: 6.33
"Thanks for the inspiration! Uncle Mahe, how much are these ingredients? I’ll cover the bill.","Cảm ơn vì nguồn cảm hứng! Bác Mahe ơi, mấy nguyên liệu này bao nhiêu tiền? Cháu sẽ thanh toán.",C?n ti?ng Anh nghi v?n: Mahe | S? t?/c?m nghi v?n: 1 | T? l? nghi v?n: 0.333 | M?c ??: 6.33
"Really? C’mon, wrack your brain for it! Uncle Mahe thinks it’s more of a medicinal cuisine than a regular dish.",Thật sao? Cố nhớ xem nào! Bác Mahe nghĩ đây giống món ăn dược liệu hơn là món ăn thông thường đấy.,C?n ti?ng Anh nghi v?n: Mahe | S? t?/c?m nghi v?n: 1 | T? l? nghi v?n: 0.333 | M?c ??: 6.33
Just let Auntie Panhua know. It should be cool for you to join in!,Cứ báo với dì Panhua nhé. Chắc chắn cậu tham gia được mà!,C?n ti?ng Anh nghi v?n: Panhua | S? t?/c?m nghi v?n: 1 | T? l? nghi v?n: 0.333 | M?c ??: 6.33
Check it out. That’s Uncle Wei’s weapon shop right over there.,Xem kìa. Đó là cửa hàng vũ khí của chú Wei đằng kia.,C?n ti?ng Anh nghi v?n: Wei | S? t?/c?m nghi v?n: 1 | T? l? nghi v?n: 0.333 | M?c ??: 6.33
"No wonder Auntie Panhua said it’s passed down through word of mouth, sparking debates over its flavor.","Chẳng trách dì Panhua nói rằng nó được truyền miệng qua nhiều thế hệ, khiến mọi người tranh cãi về hương vị của nó.",C?n ti?ng Anh nghi v?n: Panhua | S? t?/c?m nghi v?n: 1 | T? l? nghi v?n: 0.333 | M?c ??: 6.33
That’s right. Madam Magistrate mentioned you’re Jinzhou’s guest.,Đúng vậy. Quý bà Magistrate có nhắc đến anh là khách của Jinzhou.,C?n ti?ng Anh nghi v?n: Magistrate | S? t?/c?m nghi v?n: 1 | T? l? nghi v?n: 0.333 | M?c ??: 6.33
"Hey, no worries, Uncle Wei. I just snagged some synthesis materials recently. Rover can borrow mine!","Ê, đừng lo, chú Wei. Gần đây cháu vừa kiếm được vài nguyên liệu tổng hợp. Rover có thể mượn của cháu!",C?n ti?ng Anh nghi v?n: Wei | S? t?/c?m nghi v?n: 1 | T? l? nghi v?n: 0.333 | M?c ??: 6.33
"When I first became the Mayor of Hongzhen, I came across this thing on one of my walks in the mountains.","Khi tôi mới trở thành Thị Trưởng Hongzhen, tôi tình cờ tìm thấy thứ này trong một lần đi dạo trên núi.",C?n ti?ng Anh nghi v?n: Hongzhen | S? t?/c?m nghi v?n: 1 | T? l? nghi v?n: 0.333 | M?c ??: 6.33
This scale—It seems like it has captured Hongzhen in a frozen slice of time.,Tấm vảy này—dường như nó đã đóng băng Hongzhen trong một khoảnh khắc thời gian.,C?n ti?ng Anh nghi v?n: Hongzhen | S? t?/c?m nghi v?n: 1 | T? l? nghi v?n: 0.333 | M?c ??: 6.33
Maybe it's better to give it to Xinyi?,Hay là đưa nó cho Xinyi nhỉ?,C?n ti?ng Anh nghi v?n: Xinyi | S? t?/c?m nghi v?n: 1 | T? l? nghi v?n: 0.333 | M?c ??: 6.33
"Over the years, I've really missed those young folks who left Mt. Firmament for new lives.","Những năm qua, ta thực sự nhớ những người trẻ đã rời Núi Firmament để bắt đầu cuộc sống mới.",C?n ti?ng Anh nghi v?n: Firmament | S? t?/c?m nghi v?n: 1 | T? l? nghi v?n: 0.333 | M?c ??: 6.33
"I've built my life around this town, but you, {PlayerName}, you're not bound to Hongzhen or even Huanglong.","Tôi đã gắn bó cả cuộc đời với thị trấn này, nhưng còn {PlayerName}, cậu không bị ràng buộc với Hongzhen hay thậm chí cả Huanglong.",C?n ti?ng Anh nghi v?n: Hongzhen | S? t?/c?m nghi v?n: 1 | T? l? nghi v?n: 0.333 | M?c ??: 6.33
"However far you go, when you're tired, you're always welcome back to Mt. Firmament.","Dù bạn đi xa đến đâu, khi mệt mỏi, bạn luôn được chào đón trở về Núi Firmament.",C?n ti?ng Anh nghi v?n: Firmament | S? t?/c?m nghi v?n: 1 | T? l? nghi v?n: 0.333 | M?c ??: 6.33
"Behind this gateway lurks all sorts of mysteries. The chaos in the Somnoire hasn't been fully resolved, and I'm continuing my investigation.","Phía sau cánh cổng này ẩn chứa vô vàn bí ẩn. Sự hỗn loạn ở Somnoire vẫn chưa được giải quyết hoàn toàn, và tôi vẫn đang tiếp tục điều tra.",C?n ti?ng Anh nghi v?n: Somnoire | S? t?/c?m nghi v?n: 1 | T? l? nghi v?n: 0.333 | M?c ??: 6.33
"As you can see, we are now inside the Somnoire. What do you think of it?","Như bạn thấy đấy, chúng ta đang ở bên trong Somnoire. Bạn thấy thế nào?",C?n ti?ng Anh nghi v?n: Somnoire | S? t?/c?m nghi v?n: 1 | T? l? nghi v?n: 0.333 | M?c ??: 6.33
"Back to the point, in the Somnoire, you'll encounter other entities apart from me.","Quay lại vấn đề chính, trong Somnoire, cậu sẽ gặp những thực thể khác ngoài tôi.",C?n ti?ng Anh nghi v?n: Somnoire | S? t?/c?m nghi v?n: 1 | T? l? nghi v?n: 0.333 | M?c ??: 6.33
"In fact, she will be a valuable ally as you navigate the Somnoire.","Thực tế, cô ấy sẽ là đồng minh đắc lực khi bạn khám phá Somnoire.",C?n ti?ng Anh nghi v?n: Somnoire | S? t?/c?m nghi v?n: 1 | T? l? nghi v?n: 0.333 | M?c ??: 6.33
"The Resonator's Resonance Chain is fully activated.
Selection unavailable.","Resonance Chain của Resonator đã kích hoạt hoàn toàn.
Không thể chọn.",C?n ti?ng Anh nghi v?n: Chain | S? t?/c?m nghi v?n: 1 | T? l? nghi v?n: 0.333 | M?c ??: 6.33
"{Cus:Ipt,Touch=Tap PC=Press Gamepad=Press} Dodge now to unleash Lifethread - Glide","{Cus:Ipt,Touch=tap PC=press Gamepad=press} Dodge ngay để kích hoạt Sợi sinh mệnh - Lướt",C?n ti?ng Anh nghi v?n: Dodge | S? t?/c?m nghi v?n: 1 | T? l? nghi v?n: 0.333 | M?c ??: 6.33
"{Cus:Ipt,Touch=Tap PC=Press Gamepad=Press} Dodge now to unleash Lifethread - Glide","{Cus:Ipt,Touch=tap PC=press Gamepad=press} Dodge ngay để kích hoạt Sợi sinh mệnh - Lướt",C?n ti?ng Anh nghi v?n: Dodge | S? t?/c?m nghi v?n: 1 | T? l? nghi v?n: 0.333 | M?c ??: 6.33
"{Cus:Ipt,Touch=Tap PC=Press Gamepad=Press} Dodge now to unleash Lifethread - Glide","{Cus:Ipt,Touch=tap PC=press Gamepad=press} Dodge ngay để kích hoạt Sợi sinh mệnh - Lướt",C?n ti?ng Anh nghi v?n: Dodge | S? t?/c?m nghi v?n: 1 | T? l? nghi v?n: 0.333 | M?c ??: 6.33
"{Cus:Ipt,Touch=Tap PC=Press Gamepad=Press} Dodge now to unleash Lifethread - Glide","{Cus:Ipt,Touch=tap PC=press Gamepad=press} Dodge ngay để kích hoạt Sợi sinh mệnh - Lướt",C?n ti?ng Anh nghi v?n: Dodge | S? t?/c?m nghi v?n: 1 | T? l? nghi v?n: 0.333 | M?c ??: 6.33
"{Cus:Ipt,Touch=Tap PC=Press Gamepad=Press} Dodge now to unleash Lifethread - Glide","{Cus:Ipt,Touch=tap PC=press Gamepad=press} Dodge ngay để kích hoạt Sợi sinh mệnh - Lướt",C?n ti?ng Anh nghi v?n: Dodge | S? t?/c?m nghi v?n: 1 | T? l? nghi v?n: 0.333 | M?c ??: 6.33
"{Cus:Ipt,Touch=Tap PC=Press Gamepad=Press} Dodge now to unleash Lifethread - Glide","{Cus:Ipt,Touch=tap PC=press Gamepad=press} Dodge ngay để kích hoạt Sợi sinh mệnh - Lướt",C?n ti?ng Anh nghi v?n: Dodge | S? t?/c?m nghi v?n: 1 | T? l? nghi v?n: 0.333 | M?c ??: 6.33
"While in <color=Highlight>Kaleidoscopic Parade</color>, attacks and movement grant <color=Highlight>Lumiflow</color>.","Trong <color=Highlight>Diễu Hành Muôn Sắc</color>, tấn công và di chuyển sẽ nhận được <color=Highlight>Lumiflow</color>.",C?n ti?ng Anh nghi v?n: Lumiflow | S? t?/c?m nghi v?n: 1 | T? l? nghi v?n: 0.333 | M?c ??: 6.33
"While in <color=Highlight>Kaleidoscopic Parade</color>, attacks and movement grant <color=Highlight>Lumiflow</color>.","Trong <color=Highlight>Diễu Hành Muôn Sắc</color>, tấn công và di chuyển sẽ nhận được <color=Highlight>Lumiflow</color>.",C?n ti?ng Anh nghi v?n: Lumiflow | S? t?/c?m nghi v?n: 1 | T? l? nghi v?n: 0.333 | M?c ??: 6.33
"While in <color=Highlight>Kaleidoscopic Parade</color>, attacks and movement grant <color=Highlight>Lumiflow</color>.","Trong <color=Highlight>Diễu Hành Muôn Sắc</color>, tấn công và di chuyển sẽ nhận được <color=Highlight>Lumiflow</color>.",C?n ti?ng Anh nghi v?n: Lumiflow | S? t?/c?m nghi v?n: 1 | T? l? nghi v?n: 0.333 | M?c ??: 6.33
Activity Task is unlocked in <color=#8c7e51>Guidebook</color>. Tap here to open.,Nhiệm Vụ Activity đã mở khóa trong <color=#8c7e51>Sổ Tay Hướng Dẫn</color>. Nhấn vào đây để mở.,C?n ti?ng Anh nghi v?n: Activity | S? t?/c?m nghi v?n: 1 | T? l? nghi v?n: 0.333 | M?c ??: 6.33
A new Resonator has joined the party! Tap the icon of <color=#8c7e51>Yangyang</color> to switch.,Một Resonator mới đã gia nhập nhóm! Nhấn vào biểu tượng <color=#8c7e51>Yangyang</color> để chuyển đổi.,C?n ti?ng Anh nghi v?n: Yangyang | S? t?/c?m nghi v?n: 1 | T? l? nghi v?n: 0.333 | M?c ??: 6.33
Equip and upgrade <color=#8c7e51>Echoes</color> to overcome the upcoming challenges,Equip và nâng cấp <color=#8c7e51>Echoes</color> để vượt qua những thử thách sắp tới,C?n ti?ng Anh nghi v?n: Equip | S? t?/c?m nghi v?n: 1 | T? l? nghi v?n: 0.333 | M?c ??: 6.33
Consume identical weapons using Syntonize to enhance their special effects,Tiêu hao vũ khí giống nhau bằng Syntonize để tăng cường hiệu ứng đặc biệt của chúng,C?n ti?ng Anh nghi v?n: Syntonize | S? t?/c?m nghi v?n: 1 | T? l? nghi v?n: 0.333 | M?c ??: 6.33
<color=#8c7e51>Guidebook</color> is unlocked. {0} to view <color=#8c7e51>Combat Training</color>,<color=#8c7e51>Cẩm Nang</color> đã mở khóa. Nhấn {0} để xem <color=#8c7e51>Huấn Luyện Combat</color>,C?n ti?ng Anh nghi v?n: Combat | S? t?/c?m nghi v?n: 1 | T? l? nghi v?n: 0.333 | M?c ??: 6.33
"In Crafting, you can craft the weapon you need","Trong Craft, bạn có thể tạo ra vũ khí mình cần",C?n ti?ng Anh nghi v?n: Craft | S? t?/c?m nghi v?n: 1 | T? l? nghi v?n: 0.333 | M?c ??: 6.33
"In Crafting, you can craft the weapon you need","Trong Craft, bạn có thể tạo ra vũ khí mình cần",C?n ti?ng Anh nghi v?n: Craft | S? t?/c?m nghi v?n: 1 | T? l? nghi v?n: 0.333 | M?c ??: 6.33
These dream creations are called Illusive Echoes.,Những tạo vật trong mơ này được gọi là Illusive Echoes.,C?n ti?ng Anh nghi v?n: Illusive | S? t?/c?m nghi v?n: 1 | T? l? nghi v?n: 0.333 | M?c ??: 6.33
These dream creations are called Illusive Echoes.,Những tạo vật trong mơ này được gọi là Illusive Echoes.,C?n ti?ng Anh nghi v?n: Illusive | S? t?/c?m nghi v?n: 1 | T? l? nghi v?n: 0.333 | M?c ??: 6.33
These dream creations are called Illusive Echoes.,Những tạo vật trong mơ này được gọi là Illusive Echoes.,C?n ti?ng Anh nghi v?n: Illusive | S? t?/c?m nghi v?n: 1 | T? l? nghi v?n: 0.333 | M?c ??: 6.33
"Obtain the required quantity of ""Metaphors"" of specific types to unlock more abilities of Illusive Echo.","Thu thập đủ số lượng yêu cầu của ""Ẩn Dụ"" loại cụ thể để mở khóa thêm khả năng của Illusive Echo.",C?n ti?ng Anh nghi v?n: Illusive | S? t?/c?m nghi v?n: 1 | T? l? nghi v?n: 0.333 | M?c ??: 6.33
"Obtain the required quantity of ""Metaphors"" of specific types to unlock more abilities of Illusive Echo.","Thu thập đủ số lượng yêu cầu của ""Ẩn Dụ"" loại cụ thể để mở khóa thêm khả năng của Illusive Echo.",C?n ti?ng Anh nghi v?n: Illusive | S? t?/c?m nghi v?n: 1 | T? l? nghi v?n: 0.333 | M?c ??: 6.33
"Obtain the required quantity of ""Metaphors"" of specific types to unlock more abilities of Illusive Echo.","Thu thập đủ số lượng yêu cầu của ""Ẩn Dụ"" loại cụ thể để mở khóa thêm khả năng của Illusive Echo.",C?n ti?ng Anh nghi v?n: Illusive | S? t?/c?m nghi v?n: 1 | T? l? nghi v?n: 0.333 | M?c ??: 6.33
Open to view Echoes Equip panel,Mở để xem bảng Equip Echoes,C?n ti?ng Anh nghi v?n: Equip | S? t?/c?m nghi v?n: 1 | T? l? nghi v?n: 0.333 | M?c ??: 6.33
"Gain a great amount of ""Diminutive Sound"" when hitting a target with a well-timed combo.","Nhận lượng lớn ""Âm Thanh Nhỏ"" khi đánh trúng mục tiêu bằng combo đúng nhịp.",C?n ti?ng Anh nghi v?n: combo | S? t?/c?m nghi v?n: 1 | T? l? nghi v?n: 0.333 | M?c ??: 6.33
"Gain a great amount of ""Diminutive Sound"" when hitting a target with a well-timed combo.","Nhận lượng lớn ""Âm Thanh Nhỏ"" khi đánh trúng mục tiêu bằng combo đúng nhịp.",C?n ti?ng Anh nghi v?n: combo | S? t?/c?m nghi v?n: 1 | T? l? nghi v?n: 0.333 | M?c ??: 6.33
{0} Equip or upgrade <color=#8c7e51>Echoes</color> to overcome the upcoming challenges,{0} Equip hoặc nâng cấp <color=#8c7e51>Echoes</color> để vượt qua thử thách sắp tới,C?n ti?ng Anh nghi v?n: Equip | S? t?/c?m nghi v?n: 1 | T? l? nghi v?n: 0.333 | M?c ??: 6.33
Open the Guidebook to view Quest Details,Mở Sổ tay để xem Details Nhiệm vụ,C?n ti?ng Anh nghi v?n: Details | S? t?/c?m nghi v?n: 1 | T? l? nghi v?n: 0.333 | M?c ??: 6.33
{0} New Echo obtained. Equip to gain Resonator Stat boost.,{0} Nhận được Echo mới. Equip để tăng Chỉ số Resonator.,C?n ti?ng Anh nghi v?n: Equip | S? t?/c?m nghi v?n: 1 | T? l? nghi v?n: 0.333 | M?c ??: 6.33
New Echo obtained. Equip to gain Resonator Stat boost.,Nhận được Echo mới. Equip để tăng chỉ số Resonator.,C?n ti?ng Anh nghi v?n: Equip | S? t?/c?m nghi v?n: 1 | T? l? nghi v?n: 0.333 | M?c ??: 6.33
Projector can be equipped in the Utility,Có thể trang bị Projector trong Công cụ,C?n ti?ng Anh nghi v?n: Projector | S? t?/c?m nghi v?n: 1 | T? l? nghi v?n: 0.333 | M?c ??: 6.33
Projector can be equipped in the Utility,Có thể trang bị Projector trong Công cụ,C?n ti?ng Anh nghi v?n: Projector | S? t?/c?m nghi v?n: 1 | T? l? nghi v?n: 0.333 | M?c ??: 6.33
Projector can be equipped in the Utility,Có thể trang bị Projector trong Công cụ,C?n ti?ng Anh nghi v?n: Projector | S? t?/c?m nghi v?n: 1 | T? l? nghi v?n: 0.333 | M?c ??: 6.33
Tokens grant powerful buffs and are closely related to the past of Resonators.,Tokens mang lại hiệu ứng tăng cường mạnh mẽ và có liên hệ mật thiết với quá khứ của Resonators.,C?n ti?ng Anh nghi v?n: Tokens | S? t?/c?m nghi v?n: 1 | T? l? nghi v?n: 0.333 | M?c ??: 6.33
Tokens grant powerful buffs and are closely related to the past of Resonators.,Tokens mang lại hiệu ứng tăng cường mạnh mẽ và có liên hệ mật thiết với quá khứ của Resonators.,C?n ti?ng Anh nghi v?n: Tokens | S? t?/c?m nghi v?n: 1 | T? l? nghi v?n: 0.333 | M?c ??: 6.33
Tokens grant powerful buffs and are closely related to the past of Resonators.,Tokens mang lại hiệu ứng tăng cường mạnh mẽ và có liên hệ mật thiết với quá khứ của Resonators.,C?n ti?ng Anh nghi v?n: Tokens | S? t?/c?m nghi v?n: 1 | T? l? nghi v?n: 0.333 | M?c ??: 6.33
"{Cus:Ipt,Touch=Tap PC=Click Gamepad=Press} to select Buffs for this stage.","{Cus:Ipt,Touch=tap PC=click Gamepad=press} để chọn Buffs cho giai đoạn này.",C?n ti?ng Anh nghi v?n: Buffs | S? t?/c?m nghi v?n: 1 | T? l? nghi v?n: 0.333 | M?c ??: 6.33
"{Cus:Ipt,Touch=Tap PC=Click Gamepad=Press} to select Buffs for this stage.","{Cus:Ipt,Touch=tap PC=click Gamepad=press} để chọn Buffs cho giai đoạn này.",C?n ti?ng Anh nghi v?n: Buffs | S? t?/c?m nghi v?n: 1 | T? l? nghi v?n: 0.333 | M?c ??: 6.33
"{Cus:Ipt,Touch=Tap PC=Click Gamepad=Press} to select Buffs for this stage.","{Cus:Ipt,Touch=tap PC=click Gamepad=press} để chọn Buffs cho giai đoạn này.",C?n ti?ng Anh nghi v?n: Buffs | S? t?/c?m nghi v?n: 1 | T? l? nghi v?n: 0.333 | M?c ??: 6.33
{0}<color=#8c7e51>Baizhi</color> has joined the team. You can add her to your lineup now.,{0}<color=#8c7e51>Baizhi</color> đã gia nhập đội. Bạn có thể thêm cô ấy vào đội hình ngay bây giờ.,C?n ti?ng Anh nghi v?n: Baizhi | S? t?/c?m nghi v?n: 1 | T? l? nghi v?n: 0.333 | M?c ??: 6.33
<color=#8c7e51>Baizhi</color> has joined the team. You can add her to your lineup now.,<color=#8c7e51>Baizhi</color> đã gia nhập đội. Bạn có thể thêm cô ấy vào đội hình ngay bây giờ.,C?n ti?ng Anh nghi v?n: Baizhi | S? t?/c?m nghi v?n: 1 | T? l? nghi v?n: 0.333 | M?c ??: 6.33
Gain EXP through battles to upgrade and unlock new abilities for Echoids.,"Đánh bại kẻ địch để nhận EXP, nâng cấp và mở khóa kỹ năng mới cho Echoid.",C?n ti?ng Anh nghi v?n: EXP | S? t?/c?m nghi v?n: 1 | T? l? nghi v?n: 0.333 | M?c ??: 6.33
Gain EXP through battles to upgrade and unlock new abilities for Echoids.,"Đánh bại kẻ địch để nhận EXP, nâng cấp và mở khóa kỹ năng mới cho Echoid.",C?n ti?ng Anh nghi v?n: EXP | S? t?/c?m nghi v?n: 1 | T? l? nghi v?n: 0.333 | M?c ??: 6.33
Gain EXP through battles to upgrade and unlock new abilities for Echoids.,"Đánh bại kẻ địch để nhận EXP, nâng cấp và mở khóa kỹ năng mới cho Echoid.",C?n ti?ng Anh nghi v?n: EXP | S? t?/c?m nghi v?n: 1 | T? l? nghi v?n: 0.333 | M?c ??: 6.33
Tap Companions to view their detailed stats.,Chạm vào Companions để xem chỉ số chi tiết.,C?n ti?ng Anh nghi v?n: Companions | S? t?/c?m nghi v?n: 1 | T? l? nghi v?n: 0.333 | M?c ??: 6.33
Tap Companions to view their detailed stats.,Chạm vào Companions để xem chỉ số chi tiết.,C?n ti?ng Anh nghi v?n: Companions | S? t?/c?m nghi v?n: 1 | T? l? nghi v?n: 0.333 | M?c ??: 6.33
Select Xiangli Yao to enjoy a memorable moment together.,Chọn Tương Ly Yao để cùng trải qua khoảnh khắc đáng nhớ.,C?n ti?ng Anh nghi v?n: Yao | S? t?/c?m nghi v?n: 1 | T? l? nghi v?n: 0.333 | M?c ??: 6.33
Select Xiangli Yao to enjoy a memorable moment together.,Chọn Tương Ly Yao để cùng trải qua khoảnh khắc đáng nhớ.,C?n ti?ng Anh nghi v?n: Yao | S? t?/c?m nghi v?n: 1 | T? l? nghi v?n: 0.333 | M?c ??: 6.33
Select Xiangli Yao to enjoy a memorable moment together.,Chọn Tương Ly Yao để cùng trải qua khoảnh khắc đáng nhớ.,C?n ti?ng Anh nghi v?n: Yao | S? t?/c?m nghi v?n: 1 | T? l? nghi v?n: 0.333 | M?c ??: 6.33
You can configure whether the camera automatically adjusts during combat.,Bạn có thể tùy chỉnh camera có tự động điều chỉnh trong chiến đấu hay không.,C?n ti?ng Anh nghi v?n: camera | S? t?/c?m nghi v?n: 1 | T? l? nghi v?n: 0.333 | M?c ??: 6.33
Click to check your active Resonator Enhancements,Nhấn để kiểm tra Resonator Enhancements đang kích hoạt,C?n ti?ng Anh nghi v?n: Enhancements | S? t?/c?m nghi v?n: 1 | T? l? nghi v?n: 0.333 | M?c ??: 6.33
Press {0} to check your active Resonator Enhancements,Nhấn {0} để kiểm tra Resonator Enhancements đang hoạt động,C?n ti?ng Anh nghi v?n: Enhancements | S? t?/c?m nghi v?n: 1 | T? l? nghi v?n: 0.333 | M?c ??: 6.33
Tap to check your active Resonator Enhancements,Chạm để kiểm tra Resonator Enhancements đang kích hoạt,C?n ti?ng Anh nghi v?n: Enhancements | S? t?/c?m nghi v?n: 1 | T? l? nghi v?n: 0.333 | M?c ??: 6.33
Some requests are only availble after unlocking certain Fishing Abilities.,Một số yêu cầu chỉ khả dụng sau khi mở khóa một số Kỹ Năng Fishing nhất định.,C?n ti?ng Anh nghi v?n: Fishing | S? t?/c?m nghi v?n: 1 | T? l? nghi v?n: 0.333 | M?c ??: 6.33
Some requests are only availble after unlocking certain Fishing Abilities.,Một số yêu cầu chỉ khả dụng sau khi mở khóa một số Kỹ Năng Fishing nhất định.,C?n ti?ng Anh nghi v?n: Fishing | S? t?/c?m nghi v?n: 1 | T? l? nghi v?n: 0.333 | M?c ??: 6.33
Some requests are only availble after unlocking certain Fishing Abilities.,Một số yêu cầu chỉ khả dụng sau khi mở khóa một số Kỹ Năng Fishing nhất định.,C?n ti?ng Anh nghi v?n: Fishing | S? t?/c?m nghi v?n: 1 | T? l? nghi v?n: 0.333 | M?c ??: 6.33
Adjust the difficulty of the challenge by equipping different Stress Modules.,Điều chỉnh độ khó thử thách bằng cách trang bị các Mô-đun Stress khác nhau.,C?n ti?ng Anh nghi v?n: Stress | S? t?/c?m nghi v?n: 1 | T? l? nghi v?n: 0.333 | M?c ??: 6.33
Adjust the difficulty of the challenge by equipping different Stress Modules.,Điều chỉnh độ khó thử thách bằng cách trang bị các Mô-đun Stress khác nhau.,C?n ti?ng Anh nghi v?n: Stress | S? t?/c?m nghi v?n: 1 | T? l? nghi v?n: 0.333 | M?c ??: 6.33
Adjust the difficulty of the challenge by equipping different Stress Modules.,Điều chỉnh độ khó thử thách bằng cách trang bị các Mô-đun Stress khác nhau.,C?n ti?ng Anh nghi v?n: Stress | S? t?/c?m nghi v?n: 1 | T? l? nghi v?n: 0.333 | M?c ??: 6.33
Choose a Support Cube for your Resonator.,Chọn Hỗ Trợ Cube cho Resonator của bạn.,C?n ti?ng Anh nghi v?n: Cube | S? t?/c?m nghi v?n: 1 | T? l? nghi v?n: 0.333 | M?c ??: 6.33
{0} Chose a Support Cube for your Resonator.,{0} Hãy chọn một Hỗ Trợ Cube cho Resonator của bạn.,C?n ti?ng Anh nghi v?n: Cube | S? t?/c?m nghi v?n: 1 | T? l? nghi v?n: 0.333 | M?c ??: 6.33
Choose a Support Cube for your Resonator.,Chọn Hỗ Trợ Cube cho Resonator của bạn.,C?n ti?ng Anh nghi v?n: Cube | S? t?/c?m nghi v?n: 1 | T? l? nghi v?n: 0.333 | M?c ??: 6.33
{0} Equip Data Modules on your Cubes to boost their stats and Abilities.,{0} Equip Mô-đun Dữ liệu cho Cube để tăng chỉ số và Kỹ năng của chúng.,C?n ti?ng Anh nghi v?n: Equip | S? t?/c?m nghi v?n: 1 | T? l? nghi v?n: 0.333 | M?c ??: 6.33
"You found Cube snacks in Abbowser's Castle! {Cus:Ipt,Touch=Tap PC=Click Gamepad=Press} to level up.","Bạn tìm thấy đồ ăn vặt Cube trong Lâu Đài Abbowser! {Cus:Ipt,Touch=Touch PC=Bấm Gamepad=press} để tăng cấp.",C?n ti?ng Anh nghi v?n: Cube | S? t?/c?m nghi v?n: 1 | T? l? nghi v?n: 0.333 | M?c ??: 6.33
"You found Cube snacks in Abbowser's Castle! {Cus:Ipt,Touch=Tap PC=Click Gamepad=Press} to level up.","Bạn tìm thấy đồ ăn vặt Cube trong Lâu Đài Abbowser! {Cus:Ipt,Touch=Touch PC=Bấm Gamepad=press} để tăng cấp.",C?n ti?ng Anh nghi v?n: Cube | S? t?/c?m nghi v?n: 1 | T? l? nghi v?n: 0.333 | M?c ??: 6.33
"You found Cube snacks in Abbowser's Castle! {Cus:Ipt,Touch=Tap PC=Click Gamepad=Press} to level up.","Bạn tìm thấy đồ ăn vặt Cube trong Lâu Đài Abbowser! {Cus:Ipt,Touch=Touch PC=Bấm Gamepad=press} để tăng cấp.",C?n ti?ng Anh nghi v?n: Cube | S? t?/c?m nghi v?n: 1 | T? l? nghi v?n: 0.333 | M?c ??: 6.33
Here's the Cube gearing up for the next match.,Đây là Cube đang chuẩn bị cho trận đấu tiếp theo.,C?n ti?ng Anh nghi v?n: Cube | S? t?/c?m nghi v?n: 1 | T? l? nghi v?n: 0.333 | M?c ??: 6.33
Here's the Cube gearing up for the next match.,Đây là Cube đang chuẩn bị cho trận đấu tiếp theo.,C?n ti?ng Anh nghi v?n: Cube | S? t?/c?m nghi v?n: 1 | T? l? nghi v?n: 0.333 | M?c ??: 6.33
Here's the Cube gearing up for the next match.,Đây là Cube đang chuẩn bị cho trận đấu tiếp theo.,C?n ti?ng Anh nghi v?n: Cube | S? t?/c?m nghi v?n: 1 | T? l? nghi v?n: 0.333 | M?c ??: 6.33
Consume Inspiration to unlock more endings to the story.,Tiêu hao Inspiration để mở khóa thêm kết thúc cho câu chuyện.,C?n ti?ng Anh nghi v?n: Inspiration | S? t?/c?m nghi v?n: 1 | T? l? nghi v?n: 0.333 | M?c ??: 6.33
Consume Inspiration to unlock more endings to the story.,Tiêu hao Inspiration để mở khóa thêm kết thúc cho câu chuyện.,C?n ti?ng Anh nghi v?n: Inspiration | S? t?/c?m nghi v?n: 1 | T? l? nghi v?n: 0.333 | M?c ??: 6.33
Consume Inspiration to unlock more endings to the story.,Tiêu hao Inspiration để mở khóa thêm kết thúc cho câu chuyện.,C?n ti?ng Anh nghi v?n: Inspiration | S? t?/c?m nghi v?n: 1 | T? l? nghi v?n: 0.333 | M?c ??: 6.33
Your choices and story branches lead to different endings in the Screenplay.,Lựa chọn và nhánh câu chuyện của bạn dẫn đến những kết thúc khác nhau trong Screenplay.,C?n ti?ng Anh nghi v?n: Screenplay | S? t?/c?m nghi v?n: 1 | T? l? nghi v?n: 0.333 | M?c ??: 6.33
Your choices and story branches lead to different endings in the Screenplay.,Lựa chọn và nhánh câu chuyện của bạn dẫn đến những kết thúc khác nhau trong Screenplay.,C?n ti?ng Anh nghi v?n: Screenplay | S? t?/c?m nghi v?n: 1 | T? l? nghi v?n: 0.333 | M?c ??: 6.33
Your choices and story branches lead to different endings in the Screenplay.,Lựa chọn và nhánh câu chuyện của bạn dẫn đến những kết thúc khác nhau trong Screenplay.,C?n ti?ng Anh nghi v?n: Screenplay | S? t?/c?m nghi v?n: 1 | T? l? nghi v?n: 0.333 | M?c ??: 6.33
"{Cus:Ipt,Touch=Tap PC=Click Gamepad=Press} to view currently available Trial Resonators.","{Cus:Ipt,Touch=Touch PC=click Gamepad=press} để xem các Trial Resonators hiện có.",C?n ti?ng Anh nghi v?n: Trial | S? t?/c?m nghi v?n: 1 | T? l? nghi v?n: 0.333 | M?c ??: 6.33
"{Cus:Ipt,Touch=Tap PC=Click Gamepad=Press} to view currently available Trial Resonators.","{Cus:Ipt,Touch=Touch PC=click Gamepad=press} để xem các Trial Resonators hiện có.",C?n ti?ng Anh nghi v?n: Trial | S? t?/c?m nghi v?n: 1 | T? l? nghi v?n: 0.333 | M?c ??: 6.33
"{Cus:Ipt,Touch=Tap PC=Click Gamepad=Press} to view currently available Trial Resonators.","{Cus:Ipt,Touch=Touch PC=click Gamepad=press} để xem các Trial Resonators hiện có.",C?n ti?ng Anh nghi v?n: Trial | S? t?/c?m nghi v?n: 1 | T? l? nghi v?n: 0.333 | M?c ??: 6.33
"{0} {Cus:Ipt,Touch=Tap PC=Click Gamepad=Press} the Race button to check the progress of the Race and watch the replays.","{0} {Cus:Ipt,Touch=tap PC=click Gamepad=press} nút Race để kiểm tra tiến độ cuộc đua và xem lại các đoạn phát lại.",C?n ti?ng Anh nghi v?n: Race | S? t?/c?m nghi v?n: 1 | T? l? nghi v?n: 0.333 | M?c ??: 6.33
Dice rolls decide the order and how many steps each Cube takes.,Việc gieo xúc xắc sẽ quyết định thứ tự và số bước di chuyển của mỗi Cube.,C?n ti?ng Anh nghi v?n: Cube | S? t?/c?m nghi v?n: 1 | T? l? nghi v?n: 0.333 | M?c ??: 6.33
Dice rolls decide the order and how many steps each Cube takes.,Việc gieo xúc xắc sẽ quyết định thứ tự và số bước di chuyển của mỗi Cube.,C?n ti?ng Anh nghi v?n: Cube | S? t?/c?m nghi v?n: 1 | T? l? nghi v?n: 0.333 | M?c ??: 6.33
Dice rolls decide the order and how many steps each Cube takes.,Việc gieo xúc xắc sẽ quyết định thứ tự và số bước di chuyển của mỗi Cube.,C?n ti?ng Anh nghi v?n: Cube | S? t?/c?m nghi v?n: 1 | T? l? nghi v?n: 0.333 | M?c ??: 6.33
"{Cus:Ipt,Touch=Tap PC=Click Gamepad=Press} to view detailed instructions on Supporting a Cube.","{Cus:Ipt,Touch=Touch PC=click Gamepad=press} để xem hướng dẫn chi tiết về Hỗ Trợ Cube.",C?n ti?ng Anh nghi v?n: Cube | S? t?/c?m nghi v?n: 1 | T? l? nghi v?n: 0.333 | M?c ??: 6.33
"{Cus:Ipt,Touch=Tap PC=Click Gamepad=Press} to view detailed instructions on Supporting a Cube.","{Cus:Ipt,Touch=Touch PC=click Gamepad=press} để xem hướng dẫn chi tiết về Hỗ Trợ Cube.",C?n ti?ng Anh nghi v?n: Cube | S? t?/c?m nghi v?n: 1 | T? l? nghi v?n: 0.333 | M?c ??: 6.33
"{Cus:Ipt,Touch=Tap PC=Click Gamepad=Press} to view detailed instructions on Supporting a Cube.","{Cus:Ipt,Touch=Touch PC=click Gamepad=press} để xem hướng dẫn chi tiết về Hỗ Trợ Cube.",C?n ti?ng Anh nghi v?n: Cube | S? t?/c?m nghi v?n: 1 | T? l? nghi v?n: 0.333 | M?c ??: 6.33
This is the Reconstruction Area. Place an Echo here to <color=#8c7e51>receive 1 point of Energy</color>.,Đây là Khu Tái Thiết. Place một Echo tại đây để <color=#8c7e51>nhận 1 điểm Năng Lượng</color>.,C?n ti?ng Anh nghi v?n: Place | S? t?/c?m nghi v?n: 1 | T? l? nghi v?n: 0.333 | M?c ??: 6.33
This is the Reconstruction Area. Place an Echo here to <color=#8c7e51>receive 1 point of Energy</color>.,Đây là Khu Tái Thiết. Place một Echo tại đây để <color=#8c7e51>nhận 1 điểm Năng Lượng</color>.,C?n ti?ng Anh nghi v?n: Place | S? t?/c?m nghi v?n: 1 | T? l? nghi v?n: 0.333 | M?c ??: 6.33
This is the Reconstruction Area. Place an Echo here to <color=#8c7e51>receive 1 point of Energy</color>.,Đây là Khu Tái Thiết. Place một Echo tại đây để <color=#8c7e51>nhận 1 điểm Năng Lượng</color>.,C?n ti?ng Anh nghi v?n: Place | S? t?/c?m nghi v?n: 1 | T? l? nghi v?n: 0.333 | M?c ??: 6.33
"{Cus:Ipt,Touch=Tap PC=Click Gamepad=Press} to view Core Echo and Trial.","{Cus:Ipt,Touch=Touch PC=press Gamepad=press} để xem Echo Cốt lõi và Trial.",C?n ti?ng Anh nghi v?n: Trial | S? t?/c?m nghi v?n: 1 | T? l? nghi v?n: 0.333 | M?c ??: 6.33
"{0} {Cus:Ipt,Touch=Tap PC=Click Gamepad=Press} to view Core Echo and Trial.","{0} {Cus:Ipt,Touch=Touch PC=Bấm Gamepad=press} để xem Core Echo và Thử Nghiệm.",C?n ti?ng Anh nghi v?n: Core | S? t?/c?m nghi v?n: 1 | T? l? nghi v?n: 0.333 | M?c ??: 6.33
"{Cus:Ipt,Touch=Tap PC=Click Gamepad=Press} to view Core Echo and Trial.","{Cus:Ipt,Touch=Touch PC=press Gamepad=press} để xem Echo Cốt lõi và Trial.",C?n ti?ng Anh nghi v?n: Trial | S? t?/c?m nghi v?n: 1 | T? l? nghi v?n: 0.333 | M?c ??: 6.33
"Your Duelist Level was raised. {Cus:Ipt,Touch=Tap PC=Click Gamepad=Press} here to view your level rewards.","Cấp Độ Duelist của bạn đã tăng. {Cus:Ipt,Touch=Touch PC=Bấm Gamepad=press} vào đây để xem phần thưởng theo cấp.",C?n ti?ng Anh nghi v?n: Duelist | S? t?/c?m nghi v?n: 1 | T? l? nghi v?n: 0.333 | M?c ??: 6.33
"Your Duelist Level was raised. {Cus:Ipt,Touch=Tap PC=Click Gamepad=Press} here to view your level rewards.","Cấp Độ Duelist của bạn đã tăng. {Cus:Ipt,Touch=Touch PC=Bấm Gamepad=press} vào đây để xem phần thưởng theo cấp.",C?n ti?ng Anh nghi v?n: Duelist | S? t?/c?m nghi v?n: 1 | T? l? nghi v?n: 0.333 | M?c ??: 6.33
"Your Duelist Level was raised. {Cus:Ipt,Touch=Tap PC=Click Gamepad=Press} here to view your level rewards.","Cấp Độ Duelist của bạn đã tăng. {Cus:Ipt,Touch=Touch PC=Bấm Gamepad=press} vào đây để xem phần thưởng theo cấp.",C?n ti?ng Anh nghi v?n: Duelist | S? t?/c?m nghi v?n: 1 | T? l? nghi v?n: 0.333 | M?c ??: 6.33
{0} Hold to use the Quick Build function to set your deck up according to the preset.,Giữ {0} để dùng chức năng Build Nhanh và thiết lập bộ bài theo thiết lập có sẵn.,C?n ti?ng Anh nghi v?n: Build | S? t?/c?m nghi v?n: 1 | T? l? nghi v?n: 0.333 | M?c ??: 6.33
You must choose Resonator Tactics and deck before your duel.,Bạn phải chọn Resonator Tactics và bộ bài trước khi đấu.,C?n ti?ng Anh nghi v?n: Tactics | S? t?/c?m nghi v?n: 1 | T? l? nghi v?n: 0.333 | M?c ??: 6.33
You must choose Resonator Tactics and deck before your duel.,Bạn phải chọn Resonator Tactics và bộ bài trước khi đấu.,C?n ti?ng Anh nghi v?n: Tactics | S? t?/c?m nghi v?n: 1 | T? l? nghi v?n: 0.333 | M?c ??: 6.33
You must choose Resonator Tactics and deck before your duel.,Bạn phải chọn Resonator Tactics và bộ bài trước khi đấu.,C?n ti?ng Anh nghi v?n: Tactics | S? t?/c?m nghi v?n: 1 | T? l? nghi v?n: 0.333 | M?c ??: 6.33
A deck must include a Core Echo.,Bộ bài phải bao gồm một Core Echo.,C?n ti?ng Anh nghi v?n: Core | S? t?/c?m nghi v?n: 1 | T? l? nghi v?n: 0.333 | M?c ??: 6.33
{0} A deck must include a Core Echo.,{0} Bộ bài phải bao gồm một Core Echo.,C?n ti?ng Anh nghi v?n: Core | S? t?/c?m nghi v?n: 1 | T? l? nghi v?n: 0.333 | M?c ??: 6.33
A deck must include a Core Echo.,Bộ bài phải bao gồm một Core Echo.,C?n ti?ng Anh nghi v?n: Core | S? t?/c?m nghi v?n: 1 | T? l? nghi v?n: 0.333 | M?c ??: 6.33
Dreamborne Echoes are more powerful than normal Echoes.,Echoes Dreamborne mạnh hơn Echoes thông thường.,C?n ti?ng Anh nghi v?n: Dreamborne | S? t?/c?m nghi v?n: 1 | T? l? nghi v?n: 0.333 | M?c ??: 6.33
Dreamborne Echoes are more powerful than normal Echoes.,Echoes Dreamborne mạnh hơn Echoes thông thường.,C?n ti?ng Anh nghi v?n: Dreamborne | S? t?/c?m nghi v?n: 1 | T? l? nghi v?n: 0.333 | M?c ??: 6.33
Dreamborne Echoes are more powerful than normal Echoes.,Echoes Dreamborne mạnh hơn Echoes thông thường.,C?n ti?ng Anh nghi v?n: Dreamborne | S? t?/c?m nghi v?n: 1 | T? l? nghi v?n: 0.333 | M?c ??: 6.33
{0}A Domain's <color=#8c7e51>Special Effects</color> will only be activated after a certain deck build requirement is met.,{0}Hiệu ứng <color=#8c7e51>Special</color> của Domain chỉ được kích hoạt khi đáp ứng yêu cầu xây dựng bộ bài nhất định.,C?n ti?ng Anh nghi v?n: Special | S? t?/c?m nghi v?n: 1 | T? l? nghi v?n: 0.333 | M?c ??: 6.33
{0} to view Combat Machines' Attribute effects here.,Nhấn {0} để xem hiệu ứng thuộc tính của Combat Machine tại đây.,C?n ti?ng Anh nghi v?n: Combat | S? t?/c?m nghi v?n: 1 | T? l? nghi v?n: 0.333 | M?c ??: 6.33
Boost your Resonator's performance here,Boost hiệu suất cho Resonator tại đây,C?n ti?ng Anh nghi v?n: Boost | S? t?/c?m nghi v?n: 1 | T? l? nghi v?n: 0.333 | M?c ??: 6.33
Boost your Resonator's performance here,Boost hiệu suất cho Resonator tại đây,C?n ti?ng Anh nghi v?n: Boost | S? t?/c?m nghi v?n: 1 | T? l? nghi v?n: 0.333 | M?c ??: 6.33
Boost your Resonator's performance here,Boost hiệu suất cho Resonator tại đây,C?n ti?ng Anh nghi v?n: Boost | S? t?/c?m nghi v?n: 1 | T? l? nghi v?n: 0.333 | M?c ??: 6.33
You can initiate Helltide Mode to make the drills harsher,Bạn có thể kích hoạt Chế độ Helltide để tăng độ khắc nghiệt cho các mũi khoan,C?n ti?ng Anh nghi v?n: Helltide | S? t?/c?m nghi v?n: 1 | T? l? nghi v?n: 0.333 | M?c ??: 6.33
You can initiate Helltide Mode to make the drills harsher,Bạn có thể kích hoạt Chế độ Helltide để tăng độ khắc nghiệt cho các mũi khoan,C?n ti?ng Anh nghi v?n: Helltide | S? t?/c?m nghi v?n: 1 | T? l? nghi v?n: 0.333 | M?c ??: 6.33
You can initiate Helltide Mode to make the drills harsher,Bạn có thể kích hoạt Chế độ Helltide để tăng độ khắc nghiệt cho các mũi khoan,C?n ti?ng Anh nghi v?n: Helltide | S? t?/c?m nghi v?n: 1 | T? l? nghi v?n: 0.333 | M?c ??: 6.33
Weapons unlock Evolution effects after reaching certain levels,Weapons mở khóa hiệu ứng Tiến Hóa sau khi đạt cấp nhất định,C?n ti?ng Anh nghi v?n: Weapons | S? t?/c?m nghi v?n: 1 | T? l? nghi v?n: 0.333 | M?c ??: 6.33
Weapons unlock Evolution effects after reaching certain levels,Weapons mở khóa hiệu ứng Tiến Hóa sau khi đạt cấp nhất định,C?n ti?ng Anh nghi v?n: Weapons | S? t?/c?m nghi v?n: 1 | T? l? nghi v?n: 0.333 | M?c ??: 6.33
Weapons unlock Evolution effects after reaching certain levels,Weapons mở khóa hiệu ứng Tiến Hóa sau khi đạt cấp nhất định,C?n ti?ng Anh nghi v?n: Weapons | S? t?/c?m nghi v?n: 1 | T? l? nghi v?n: 0.333 | M?c ??: 6.33
Loot items found during exploration can be sold for Rice Dangos.,Vật phẩm nhặt được trong quá trình khám phá có thể bán lấy Bánh Rice Dango.,C?n ti?ng Anh nghi v?n: Rice | S? t?/c?m nghi v?n: 1 | T? l? nghi v?n: 0.333 | M?c ??: 6.33
Loot items found during exploration can be sold for Rice Dangos.,Vật phẩm nhặt được trong quá trình khám phá có thể bán lấy Bánh Rice Dango.,C?n ti?ng Anh nghi v?n: Rice | S? t?/c?m nghi v?n: 1 | T? l? nghi v?n: 0.333 | M?c ??: 6.33
Loot items found during exploration can be sold for Rice Dangos.,Vật phẩm nhặt được trong quá trình khám phá có thể bán lấy Bánh Rice Dango.,C?n ti?ng Anh nghi v?n: Rice | S? t?/c?m nghi v?n: 1 | T? l? nghi v?n: 0.333 | M?c ??: 6.33
Select a locked slot and spend Rice Dangos to unlock it.,Chọn ô bị khóa và tiêu hao Bánh Rice Dango để mở khóa.,C?n ti?ng Anh nghi v?n: Rice | S? t?/c?m nghi v?n: 1 | T? l? nghi v?n: 0.333 | M?c ??: 6.33
Select a locked slot and spend Rice Dangos to unlock it.,Chọn ô bị khóa và tiêu hao Bánh Rice Dango để mở khóa.,C?n ti?ng Anh nghi v?n: Rice | S? t?/c?m nghi v?n: 1 | T? l? nghi v?n: 0.333 | M?c ??: 6.33
Select a locked slot and spend Rice Dangos to unlock it.,Chọn ô bị khóa và tiêu hao Bánh Rice Dango để mở khóa.,C?n ti?ng Anh nghi v?n: Rice | S? t?/c?m nghi v?n: 1 | T? l? nghi v?n: 0.333 | M?c ??: 6.33
"{0} After booking the Namipon Shuttle, {Cus:Ipt,Touch=tap PC=click Gamepad=press} here to Extract.","{0} Sau khi đặt vé tàu Namipon, {Cus:Ipt,Touch=tap PC=bấm Gamepad=press} vào đây để Trích Xuất.",C?n ti?ng Anh nghi v?n: Namipon | S? t?/c?m nghi v?n: 1 | T? l? nghi v?n: 0.333 | M?c ??: 6.33
You can view support Namipon details here.,Bạn có thể xem thông tin hỗ trợ Namipon tại đây.,C?n ti?ng Anh nghi v?n: Namipon | S? t?/c?m nghi v?n: 1 | T? l? nghi v?n: 0.333 | M?c ??: 6.33
You can view support Namipon details here.,Bạn có thể xem thông tin hỗ trợ Namipon tại đây.,C?n ti?ng Anh nghi v?n: Namipon | S? t?/c?m nghi v?n: 1 | T? l? nghi v?n: 0.333 | M?c ??: 6.33
You can view support Namipon details here.,Bạn có thể xem thông tin hỗ trợ Namipon tại đây.,C?n ti?ng Anh nghi v?n: Namipon | S? t?/c?m nghi v?n: 1 | T? l? nghi v?n: 0.333 | M?c ??: 6.33
Deploying a Cost 3 Echo increases your Trial progress.,Triển khai Echo có Cost 3 sẽ tăng tiến độ Thử Nghiệm.,C?n ti?ng Anh nghi v?n: Cost | S? t?/c?m nghi v?n: 1 | T? l? nghi v?n: 0.333 | M?c ??: 6.33
Deploying a Cost 3 Echo increases your Trial progress.,Triển khai Echo có Cost 3 sẽ tăng tiến độ Thử Nghiệm.,C?n ti?ng Anh nghi v?n: Cost | S? t?/c?m nghi v?n: 1 | T? l? nghi v?n: 0.333 | M?c ??: 6.33
Using the Hornett ends the Deployment Stage.,Sử dụng Hornett sẽ kết thúc Giai đoạn Triển khai.,C?n ti?ng Anh nghi v?n: Hornett | S? t?/c?m nghi v?n: 1 | T? l? nghi v?n: 0.333 | M?c ??: 6.33
Using the Hornett ends the Deployment Stage.,Sử dụng Hornett sẽ kết thúc Giai đoạn Triển khai.,C?n ti?ng Anh nghi v?n: Hornett | S? t?/c?m nghi v?n: 1 | T? l? nghi v?n: 0.333 | M?c ??: 6.33
Using the Hornett ends the Deployment Stage.,Sử dụng Hornett sẽ kết thúc Giai đoạn Triển khai.,C?n ti?ng Anh nghi v?n: Hornett | S? t?/c?m nghi v?n: 1 | T? l? nghi v?n: 0.333 | M?c ??: 6.33
View ways you can earn Modding EXP here.,Xem các cách kiếm Điểm Kinh Nghiệm Modding tại đây.,C?n ti?ng Anh nghi v?n: Modding | S? t?/c?m nghi v?n: 1 | T? l? nghi v?n: 0.333 | M?c ??: 6.33
View ways you can earn Modding EXP here.,Xem các cách kiếm Điểm Kinh Nghiệm Modding tại đây.,C?n ti?ng Anh nghi v?n: Modding | S? t?/c?m nghi v?n: 1 | T? l? nghi v?n: 0.333 | M?c ??: 6.33
View ways you can earn Modding EXP here.,Xem các cách kiếm Điểm Kinh Nghiệm Modding tại đây.,C?n ti?ng Anh nghi v?n: Modding | S? t?/c?m nghi v?n: 1 | T? l? nghi v?n: 0.333 | M?c ??: 6.33
Customize your expedition motorbike's Livery here.,Tùy chỉnh Livery cho xe máy thám hiểm của bạn tại đây.,C?n ti?ng Anh nghi v?n: Livery | S? t?/c?m nghi v?n: 1 | T? l? nghi v?n: 0.333 | M?c ??: 6.33
Customize your expedition motorbike's Livery here.,Tùy chỉnh Livery cho xe máy thám hiểm của bạn tại đây.,C?n ti?ng Anh nghi v?n: Livery | S? t?/c?m nghi v?n: 1 | T? l? nghi v?n: 0.333 | M?c ??: 6.33
Customize your expedition motorbike's Livery here.,Tùy chỉnh Livery cho xe máy thám hiểm của bạn tại đây.,C?n ti?ng Anh nghi v?n: Livery | S? t?/c?m nghi v?n: 1 | T? l? nghi v?n: 0.333 | M?c ??: 6.33
Deploy a La Guardia from your hand and end the round.,Triệu hồi một La Guardia từ tay bài và kết thúc lượt.,C?n ti?ng Anh nghi v?n: Guardia | S? t?/c?m nghi v?n: 1 | T? l? nghi v?n: 0.333 | M?c ??: 6.33
Deploy a La Guardia from your hand and end the round.,Triệu hồi một La Guardia từ tay bài và kết thúc lượt.,C?n ti?ng Anh nghi v?n: Guardia | S? t?/c?m nghi v?n: 1 | T? l? nghi v?n: 0.333 | M?c ??: 6.33
Deploy a La Guardia from your hand and end the round.,Triệu hồi một La Guardia từ tay bài và kết thúc lượt.,C?n ti?ng Anh nghi v?n: Guardia | S? t?/c?m nghi v?n: 1 | T? l? nghi v?n: 0.333 | M?c ??: 6.33
"{Cus:Ipt,Touch=Tap PC=Click Gamepad=Press} here for the construction interface, and further Lahai-Roi's reconstruction project","{Cus:Ipt,Touch=tap PC=press Gamepad=press} vào đây để mở giao diện xây dựng và tiếp tục dự án tái thiết Lahai-Roi",C?n ti?ng Anh nghi v?n: Lahai | S? t?/c?m nghi v?n: 1 | T? l? nghi v?n: 0.333 | M?c ??: 6.33
"{Cus:Ipt,Touch=Tap PC=Click Gamepad=Press} here for the construction interface, and further Lahai-Roi's reconstruction project","{Cus:Ipt,Touch=tap PC=press Gamepad=press} vào đây để mở giao diện xây dựng và tiếp tục dự án tái thiết Lahai-Roi",C?n ti?ng Anh nghi v?n: Lahai | S? t?/c?m nghi v?n: 1 | T? l? nghi v?n: 0.333 | M?c ??: 6.33
"{Cus:Ipt,Touch=Tap PC=Click Gamepad=Press} here for the construction interface, and further Lahai-Roi's reconstruction project","{Cus:Ipt,Touch=tap PC=press Gamepad=press} vào đây để mở giao diện xây dựng và tiếp tục dự án tái thiết Lahai-Roi",C?n ti?ng Anh nghi v?n: Lahai | S? t?/c?m nghi v?n: 1 | T? l? nghi v?n: 0.333 | M?c ??: 6.33
Time will automatically adjust to meet the Weather Simulation's requirement if needed,Thời gian sẽ tự động điều chỉnh để đáp ứng yêu cầu của Weather Simulation nếu cần,C?n ti?ng Anh nghi v?n: Weather | S? t?/c?m nghi v?n: 1 | T? l? nghi v?n: 0.333 | M?c ??: 6.33
Time will automatically adjust to meet the Weather Simulation's requirement if needed,Thời gian sẽ tự động điều chỉnh để đáp ứng yêu cầu của Weather Simulation nếu cần,C?n ti?ng Anh nghi v?n: Weather | S? t?/c?m nghi v?n: 1 | T? l? nghi v?n: 0.333 | M?c ??: 6.33
Time will automatically adjust to meet the Weather Simulation's requirement if needed,Thời gian sẽ tự động điều chỉnh để đáp ứng yêu cầu của Weather Simulation nếu cần,C?n ti?ng Anh nghi v?n: Weather | S? t?/c?m nghi v?n: 1 | T? l? nghi v?n: 0.333 | M?c ??: 6.33
"Demo Resonators can be found here, and can only be unlocked if you own the corresponding Resonator.",Các Demo Resonators có thể tìm thấy tại đây và chỉ có thể mở khóa nếu bạn sở hữu Resonators tương ứng.,C?n ti?ng Anh nghi v?n: Demo | S? t?/c?m nghi v?n: 1 | T? l? nghi v?n: 0.333 | M?c ??: 6.33
"Demo Resonators can be found here, and can only be unlocked if you own the corresponding Resonator.",Các Demo Resonators có thể tìm thấy tại đây và chỉ có thể mở khóa nếu bạn sở hữu Resonators tương ứng.,C?n ti?ng Anh nghi v?n: Demo | S? t?/c?m nghi v?n: 1 | T? l? nghi v?n: 0.333 | M?c ??: 6.33
"Demo Resonators can be found here, and can only be unlocked if you own the corresponding Resonator.",Các Demo Resonators có thể tìm thấy tại đây và chỉ có thể mở khóa nếu bạn sở hữu Resonators tương ứng.,C?n ti?ng Anh nghi v?n: Demo | S? t?/c?m nghi v?n: 1 | T? l? nghi v?n: 0.333 | M?c ??: 6.33
Undefeated enemies' HP does not reset when they face a new team.,HP của kẻ địch bất bại không reset khi đối mặt với đội hình mới.,C?n ti?ng Anh nghi v?n: reset | S? t?/c?m nghi v?n: 1 | T? l? nghi v?n: 0.333 | M?c ??: 6.33
Undefeated enemies' HP does not reset when they face a new team.,HP của kẻ địch bất bại không reset khi đối mặt với đội hình mới.,C?n ti?ng Anh nghi v?n: reset | S? t?/c?m nghi v?n: 1 | T? l? nghi v?n: 0.333 | M?c ??: 6.33
Undefeated enemies' HP does not reset when they face a new team.,HP của kẻ địch bất bại không reset khi đối mặt với đội hình mới.,C?n ti?ng Anh nghi v?n: reset | S? t?/c?m nghi v?n: 1 | T? l? nghi v?n: 0.333 | M?c ??: 6.33
You must choose Resonator Tactics and deck before your duel.,Bạn phải chọn Resonator Tactics và bộ bài trước khi đấu.,C?n ti?ng Anh nghi v?n: Tactics | S? t?/c?m nghi v?n: 1 | T? l? nghi v?n: 0.333 | M?c ??: 6.33
You must choose Resonator Tactics and deck before your duel.,Bạn phải chọn Resonator Tactics và bộ bài trước khi đấu.,C?n ti?ng Anh nghi v?n: Tactics | S? t?/c?m nghi v?n: 1 | T? l? nghi v?n: 0.333 | M?c ??: 6.33
You must choose Resonator Tactics and deck before your duel.,Bạn phải chọn Resonator Tactics và bộ bài trước khi đấu.,C?n ti?ng Anh nghi v?n: Tactics | S? t?/c?m nghi v?n: 1 | T? l? nghi v?n: 0.333 | M?c ??: 6.33
Invite other companions here after completing the previous game,Invite đồng hành khác đến đây sau khi hoàn thành trò chơi trước,C?n ti?ng Anh nghi v?n: Invite | S? t?/c?m nghi v?n: 1 | T? l? nghi v?n: 0.333 | M?c ??: 6.33
Invite other companions here after completing the previous game,Invite đồng hành khác đến đây sau khi hoàn thành trò chơi trước,C?n ti?ng Anh nghi v?n: Invite | S? t?/c?m nghi v?n: 1 | T? l? nghi v?n: 0.333 | M?c ??: 6.33
Invite other companions here after completing the previous game,Invite đồng hành khác đến đây sau khi hoàn thành trò chơi trước,C?n ti?ng Anh nghi v?n: Invite | S? t?/c?m nghi v?n: 1 | T? l? nghi v?n: 0.333 | M?c ??: 6.33
Clear blocks containing Medals to collect them,Clear các khối chứa Huy Chương để thu thập chúng,C?n ti?ng Anh nghi v?n: Clear | S? t?/c?m nghi v?n: 1 | T? l? nghi v?n: 0.333 | M?c ??: 6.33
Clear blocks containing Medals to collect them,Clear các khối chứa Huy Chương để thu thập chúng,C?n ti?ng Anh nghi v?n: Clear | S? t?/c?m nghi v?n: 1 | T? l? nghi v?n: 0.333 | M?c ??: 6.33
Clear blocks containing Medals to collect them,Clear các khối chứa Huy Chương để thu thập chúng,C?n ti?ng Anh nghi v?n: Clear | S? t?/c?m nghi v?n: 1 | T? l? nghi v?n: 0.333 | M?c ??: 6.33
Lynae and Mornye's Starry Whisper have been unlocked,Thì Thầm Sao Đêm của Lynae và Mornye đã được mở khóa,C?n ti?ng Anh nghi v?n: Lynae | S? t?/c?m nghi v?n: 1 | T? l? nghi v?n: 0.333 | M?c ??: 6.33
Lynae and Mornye's Starry Whisper have been unlocked,Thì Thầm Sao Đêm của Lynae và Mornye đã được mở khóa,C?n ti?ng Anh nghi v?n: Lynae | S? t?/c?m nghi v?n: 1 | T? l? nghi v?n: 0.333 | M?c ??: 6.33
Lynae and Mornye's Starry Whisper have been unlocked,Thì Thầm Sao Đêm của Lynae và Mornye đã được mở khóa,C?n ti?ng Anh nghi v?n: Lynae | S? t?/c?m nghi v?n: 1 | T? l? nghi v?n: 0.333 | M?c ??: 6.33
"{Cus:Ipt,Touch=Tap PC=Click Gamepad=Press} to view the Knights' locations and Examiner info","{Cus:Ipt,Touch=Chạm PC=Nhấp chuột Gamepad=Nhấn} để xem vị trí của các Hiệp Sĩ và thông tin Examiner",C?n ti?ng Anh nghi v?n: Examiner | S? t?/c?m nghi v?n: 1 | T? l? nghi v?n: 0.333 | M?c ??: 6.33
"{Cus:Ipt,Touch=Tap PC=Click Gamepad=Press} to view the Knights' locations and Examiner info","{Cus:Ipt,Touch=Chạm PC=Nhấp chuột Gamepad=Nhấn} để xem vị trí của các Hiệp Sĩ và thông tin Examiner",C?n ti?ng Anh nghi v?n: Examiner | S? t?/c?m nghi v?n: 1 | T? l? nghi v?n: 0.333 | M?c ??: 6.33
"{Cus:Ipt,Touch=Tap PC=Click Gamepad=Press} to view the Knights' locations and Examiner info","{Cus:Ipt,Touch=Chạm PC=Nhấp chuột Gamepad=Nhấn} để xem vị trí của các Hiệp Sĩ và thông tin Examiner",C?n ti?ng Anh nghi v?n: Examiner | S? t?/c?m nghi v?n: 1 | T? l? nghi v?n: 0.333 | M?c ??: 6.33
"{Cus:Ipt,Touch=Tap PC=Click Gamepad=Press} to view detailed instructions on Supporting a Cube.","{Cus:Ipt,Touch=Touch PC=click Gamepad=press} để xem hướng dẫn chi tiết về Hỗ Trợ Cube.",C?n ti?ng Anh nghi v?n: Cube | S? t?/c?m nghi v?n: 1 | T? l? nghi v?n: 0.333 | M?c ??: 6.33
"{Cus:Ipt,Touch=Tap PC=Click Gamepad=Press} to view detailed instructions on Supporting a Cube.","{Cus:Ipt,Touch=Touch PC=click Gamepad=press} để xem hướng dẫn chi tiết về Hỗ Trợ Cube.",C?n ti?ng Anh nghi v?n: Cube | S? t?/c?m nghi v?n: 1 | T? l? nghi v?n: 0.333 | M?c ??: 6.33
"{Cus:Ipt,Touch=Tap PC=Click Gamepad=Press} to view detailed instructions on Supporting a Cube.","{Cus:Ipt,Touch=Touch PC=click Gamepad=press} để xem hướng dẫn chi tiết về Hỗ Trợ Cube.",C?n ti?ng Anh nghi v?n: Cube | S? t?/c?m nghi v?n: 1 | T? l? nghi v?n: 0.333 | M?c ??: 6.33
You can support your Cube for the next scheduled match here.,Bạn có thể hỗ trợ Cube của mình cho trận đấu đã lên lịch tiếp theo tại đây.,C?n ti?ng Anh nghi v?n: Cube | S? t?/c?m nghi v?n: 1 | T? l? nghi v?n: 0.333 | M?c ??: 6.33
You can support your Cube for the next scheduled match here.,Bạn có thể hỗ trợ Cube của mình cho trận đấu đã lên lịch tiếp theo tại đây.,C?n ti?ng Anh nghi v?n: Cube | S? t?/c?m nghi v?n: 1 | T? l? nghi v?n: 0.333 | M?c ??: 6.33
You can support your Cube for the next scheduled match here.,Bạn có thể hỗ trợ Cube của mình cho trận đấu đã lên lịch tiếp theo tại đây.,C?n ti?ng Anh nghi v?n: Cube | S? t?/c?m nghi v?n: 1 | T? l? nghi v?n: 0.333 | M?c ??: 6.33
You can check Race Progress and the Cubes still in contention here.,Bạn có thể kiểm tra Tiến trình Race và các Khối Lập phương còn tranh tài tại đây.,C?n ti?ng Anh nghi v?n: Race | S? t?/c?m nghi v?n: 1 | T? l? nghi v?n: 0.333 | M?c ??: 6.33
You can check Race Progress and the Cubes still in contention here.,Bạn có thể kiểm tra Tiến trình Race và các Khối Lập phương còn tranh tài tại đây.,C?n ti?ng Anh nghi v?n: Race | S? t?/c?m nghi v?n: 1 | T? l? nghi v?n: 0.333 | M?c ??: 6.33
You can check Race Progress and the Cubes still in contention here.,Bạn có thể kiểm tra Tiến trình Race và các Khối Lập phương còn tranh tài tại đây.,C?n ti?ng Anh nghi v?n: Race | S? t?/c?m nghi v?n: 1 | T? l? nghi v?n: 0.333 | M?c ??: 6.33
Memetic Tuning applies various restrictions in battle to increase the challenge difficulty.,Tuning Ngữ Nghĩa áp dụng nhiều hạn chế khác nhau trong trận đấu để tăng độ khó thử thách.,C?n ti?ng Anh nghi v?n: Tuning | S? t?/c?m nghi v?n: 1 | T? l? nghi v?n: 0.333 | M?c ??: 6.33
Memetic Tuning applies various restrictions in battle to increase the challenge difficulty.,Tuning Ngữ Nghĩa áp dụng nhiều hạn chế khác nhau trong trận đấu để tăng độ khó thử thách.,C?n ti?ng Anh nghi v?n: Tuning | S? t?/c?m nghi v?n: 1 | T? l? nghi v?n: 0.333 | M?c ??: 6.33
Memetic Tuning applies various restrictions in battle to increase the challenge difficulty.,Tuning Ngữ Nghĩa áp dụng nhiều hạn chế khác nhau trong trận đấu để tăng độ khó thử thách.,C?n ti?ng Anh nghi v?n: Tuning | S? t?/c?m nghi v?n: 1 | T? l? nghi v?n: 0.333 | M?c ??: 6.33
You can also select other Persona Pinballs to quickly form your lineup.,Bạn cũng có thể chọn các Persona Pinball khác để nhanh chóng tạo đội hình.,C?n ti?ng Anh nghi v?n: Persona | S? t?/c?m nghi v?n: 1 | T? l? nghi v?n: 0.333 | M?c ??: 6.33
You can also select other Persona Pinballs to quickly form your lineup.,Bạn cũng có thể chọn các Persona Pinball khác để nhanh chóng tạo đội hình.,C?n ti?ng Anh nghi v?n: Persona | S? t?/c?m nghi v?n: 1 | T? l? nghi v?n: 0.333 | M?c ??: 6.33
You can also select other Persona Pinballs to quickly form your lineup.,Bạn cũng có thể chọn các Persona Pinball khác để nhanh chóng tạo đội hình.,C?n ti?ng Anh nghi v?n: Persona | S? t?/c?m nghi v?n: 1 | T? l? nghi v?n: 0.333 | M?c ??: 6.33
Pioneer Training Ground - Minions,Bãi Tập Huấn Luyện Pioneer - Tay sai,C?n ti?ng Anh nghi v?n: Pioneer | S? t?/c?m nghi v?n: 1 | T? l? nghi v?n: 0.333 | M?c ??: 6.33
Edit your Resonator lineup in the Warehouse.,Chỉnh đội hình Resonator trong Warehouse.,C?n ti?ng Anh nghi v?n: Warehouse | S? t?/c?m nghi v?n: 1 | T? l? nghi v?n: 0.333 | M?c ??: 6.33
Burial Bay - Second Half,Burial Bay - Nửa Sau,C?n ti?ng Anh nghi v?n: Burial | S? t?/c?m nghi v?n: 1 | T? l? nghi v?n: 0.333 | M?c ??: 6.33
Tacet Discords Overview,Tổng Quan Tacet Discords,C?n ti?ng Anh nghi v?n: Discords | S? t?/c?m nghi v?n: 1 | T? l? nghi v?n: 0.333 | M?c ??: 6.33
"A bird-of-prey-like animal that perches at the Whining Aix's Mire, with cries like a mournful song. 

Legend has it that this bird once had a partner and that their chorus was a beautiful sound. Their names were not passed down, but their hymns were recorded and preserved by human beings. 

Until one of them was deceased. The surviving one cried all day long, and the cries were so dismal it was called the Mourning Aix.","Một loài chim săn mồi đậu tại Bãi Than Vãn Aix, tiếng kêu như một bài ca ai oán.

Truyền thuyết kể rằng loài chim này từng có một người bạn đời và tiếng hót của chúng là một âm thanh tuyệt đẹp. Tên của chúng không được lưu truyền, nhưng những bản thánh ca của chúng đã được con người ghi chép và bảo tồn.

Cho đến khi một trong hai con qua đời. Con còn lại khóc suốt ngày, tiếng kêu bi thương đến mức được gọi là Chim Than Vãn Aix.",C?n ti?ng Anh nghi v?n: Aix | S? t?/c?m nghi v?n: 2 | T? l? nghi v?n: 0.095 | M?c ??: 5.95
"Tacet Discord commonly seen active within mines and mountainous areas, small in size, relatively low danger level.","Discord thường hoạt động trong các khu mỏ và vùng núi, kích thước nhỏ, mức độ nguy hiểm tương đối thấp.",C?n ti?ng Anh nghi v?n: Discord | S? t?/c?m nghi v?n: 1 | T? l? nghi v?n: 0.25 | M?c ??: 5.5
"A humanoid Tacet Discord with a wide distribution that mainly attacks at close range. Possesses unilateral idiosyncratic upper extremity, with some risk.","Một Discord hình người có phạm vi phân bố rộng, chủ yếu tấn công tầm gần. Có chi trên đặc trưng một bên, tiềm ẩn một số rủi ro.",C?n ti?ng Anh nghi v?n: Discord | S? t?/c?m nghi v?n: 1 | T? l? nghi v?n: 0.25 | M?c ??: 5.5
Completing the Star Up Mission for Rover will get Mission EXP to exchange for rewards.,Hoàn thành Nhiệm Vụ Nâng Sao cho Rover sẽ nhận được EXP Nhiệm Vụ để đổi lấy phần thưởng.,C?n ti?ng Anh nghi v?n: EXP | S? t?/c?m nghi v?n: 1 | T? l? nghi v?n: 0.25 | M?c ??: 5.5
"You can use Crystallized Plates to exchange for rewards, and then interact with exit to leave.","Bạn có thể sử dụng Crystallized Plate để đổi lấy phần thưởng, sau đó tương tác với lối ra để rời đi.",C?n ti?ng Anh nghi v?n: Crystallized | S? t?/c?m nghi v?n: 1 | T? l? nghi v?n: 0.25 | M?c ??: 5.5
Ma He's Grocers,Ma Anh ấy's Grocers,C?n ti?ng Anh nghi v?n: Grocers | S? t?/c?m nghi v?n: 1 | T? l? nghi v?n: 0.25 | M?c ??: 5.5
"Location: Imperial Residence - Greater Tiancheng - Huanglong
Description: Imperial Residence - Domain","Vị trí: Dinh Đế Vương - Đại Tiancheng - Huanglong
Mô tả: Dinh Đế Vương - Lãnh Địa",C?n ti?ng Anh nghi v?n: Tiancheng | S? t?/c?m nghi v?n: 1 | T? l? nghi v?n: 0.25 | M?c ??: 5.5
"Tacet Discord commonly seen active within mines and mountainous areas, small in size, relatively low danger level.","Discord thường hoạt động trong các khu mỏ và vùng núi, kích thước nhỏ, mức độ nguy hiểm tương đối thấp.",C?n ti?ng Anh nghi v?n: Discord | S? t?/c?m nghi v?n: 1 | T? l? nghi v?n: 0.25 | M?c ??: 5.5
"A humanoid Tacet Discord with a wide distribution that mainly attacks at close range. Possesses unilateral idiosyncratic upper extremity, with some risk.","Một Discord hình người có phạm vi phân bố rộng, chủ yếu tấn công tầm gần. Có chi trên đặc trưng một bên, tiềm ẩn một số rủi ro.",C?n ti?ng Anh nghi v?n: Discord | S? t?/c?m nghi v?n: 1 | T? l? nghi v?n: 0.25 | M?c ??: 5.5
You can collapse the game while downloading,Bạn có thể thu nhỏ game trong khi tải xuống,C?n ti?ng Anh nghi v?n: game | S? t?/c?m nghi v?n: 1 | T? l? nghi v?n: 0.25 | M?c ??: 5.5
Scanning Module to scan all available info from areas,Mô-đun Scan để thu thập tất cả thông tin khả dụng từ khu vực,C?n ti?ng Anh nghi v?n: Scan | S? t?/c?m nghi v?n: 1 | T? l? nghi v?n: 0.25 | M?c ??: 5.5
Equip to replace the main Echo Skill. The activated Sonatas remain effective.,Equip để thay thế kỹ năng Echo chính. Các Sonata đã kích hoạt vẫn có hiệu lực.,C?n ti?ng Anh nghi v?n: Equip | S? t?/c?m nghi v?n: 1 | T? l? nghi v?n: 0.25 | M?c ??: 5.5
"The looming shadow stares at you with its fiery eyes, as if trying to draw you back into the endless darkness. Enter the Somnoire with your trusted companions, link your minds and spirits, and relive your epic battle against the ever-lurking nightmare.","Bóng tối u ám nhìn chằm chằm vào bạn bằng đôi mắt rực lửa, như thể muốn kéo bạn trở lại bóng tối vô tận. Hãy bước vào Somnoire cùng những người bạn đáng tin cậy, kết nối tâm trí và tinh thần, và sống lại trận chiến hoành tráng chống lại cơn ác mộng luôn rình rập.",C?n ti?ng Anh nghi v?n: Somnoire | S? t?/c?m nghi v?n: 1 | T? l? nghi v?n: 0.25 | M?c ??: 5.5
"The looming shadow stares at you with its fiery eyes, as if trying to draw you back into the endless darkness. Enter the Somnoire with your trusted companions, link your minds and spirits, and relive your epic battle against the ever-lurking nightmare.","Bóng tối u ám nhìn chằm chằm vào bạn bằng đôi mắt rực lửa, như thể muốn kéo bạn trở lại bóng tối vô tận. Hãy bước vào Somnoire cùng những người bạn đáng tin cậy, kết nối tâm trí và tinh thần, và sống lại trận chiến hoành tráng chống lại cơn ác mộng luôn rình rập.",C?n ti?ng Anh nghi v?n: Somnoire | S? t?/c?m nghi v?n: 1 | T? l? nghi v?n: 0.25 | M?c ??: 5.5
You can enter the game once the download is complete.,Bạn có thể vào game sau khi tải xong.,C?n ti?ng Anh nghi v?n: game | S? t?/c?m nghi v?n: 1 | T? l? nghi v?n: 0.25 | M?c ??: 5.5
Enemies in the Sub-Memory Zone have very high HP. Clearing Sub-Memory Zones grants additional Illusive Points.,Kẻ địch trong Vùng Ký Ức Phụ có lượng HP rất cao. Xóa Vùng Ký Ức Phụ sẽ nhận thêm Points Ảo Ảnh.,C?n ti?ng Anh nghi v?n: Points | S? t?/c?m nghi v?n: 1 | T? l? nghi v?n: 0.25 | M?c ??: 5.5
Lament Recon: Solaris Soldier,Lament Recon: Chiến Binh Solaris,C?n ti?ng Anh nghi v?n: Recon | S? t?/c?m nghi v?n: 1 | T? l? nghi v?n: 0.25 | M?c ??: 5.5
Lament Recon: Solaris Soldier,Lament Recon: Chiến Binh Solaris,C?n ti?ng Anh nghi v?n: Recon | S? t?/c?m nghi v?n: 1 | T? l? nghi v?n: 0.25 | M?c ??: 5.5
You can enter the game once the core package download is complete.,Bạn có thể vào game sau khi tải xong gói dữ liệu cốt lõi.,C?n ti?ng Anh nghi v?n: game | S? t?/c?m nghi v?n: 1 | T? l? nghi v?n: 0.25 | M?c ??: 5.5
And why is Iuno so quiet today?,Sao hôm nay Iuno im lặng thế nhỉ?,C?n ti?ng Anh nghi v?n: Iuno | S? t?/c?m nghi v?n: 1 | T? l? nghi v?n: 0.25 | M?c ??: 5.5
"If you're that thing called a ""spacecraft"" in the book Dad read to me, tell my name to my mom in the sky!
I'm called Stargazer! The ""star"" where mom is!","Nếu cậu là thứ gọi là ""tàu vũ trụ"" trong cuốn sách bố đọc cho tôi, hãy nói tên tôi với mẹ trên trời nhé!
Tôi là Stargazer! ""Ngôi sao"" nơi mẹ ở!",C?n ti?ng Anh nghi v?n: Stargazer | S? t?/c?m nghi v?n: 1 | T? l? nghi v?n: 0.25 | M?c ??: 5.5
New Screenplay opened in Solaris Film Festival,Kịch bản mới khai mạc tại Liên hoan Film Solaris,C?n ti?ng Anh nghi v?n: Film | S? t?/c?m nghi v?n: 1 | T? l? nghi v?n: 0.25 | M?c ??: 5.5
You can acquire Echo materials by clearing Tacet Fields.,Bạn có thể thu thập vật liệu Echo bằng cách hoàn thành Tacet Fields.,C?n ti?ng Anh nghi v?n: Fields | S? t?/c?m nghi v?n: 1 | T? l? nghi v?n: 0.25 | M?c ??: 5.5
"Located within the depths of Averardo Vault, off Echo train network, this tower is known to few. What dark secrets does the place hide?","Nằm sâu trong kho tàng Averardo, ngoài mạng lưới tàu Echo, tháp này ít người biết đến. Nơi đây ẩn chứa những bí mật đen tối nào?",C?n ti?ng Anh nghi v?n: Averardo | S? t?/c?m nghi v?n: 1 | T? l? nghi v?n: 0.25 | M?c ??: 5.5
"It is said that the fates of the Fisalia heirs are bound to three towering spires, and this is one of them.","Người ta nói rằng số phận của những người thừa kế Fisalia gắn liền với ba ngọn tháp sừng sững, và đây là một trong số đó.",C?n ti?ng Anh nghi v?n: Fisalia | S? t?/c?m nghi v?n: 1 | T? l? nghi v?n: 0.25 | M?c ??: 5.5
