en_source,vn_translate,loi_du_doan
"It is said that the fates of the Fisalia heirs are bound to three towering spires, and this is one of them.","Người ta nói rằng số phận của những người thừa kế Fisalia gắn liền với ba ngọn tháp sừng sững, và đây là một trong số đó.",C?n ti?ng Anh nghi v?n: Fisalia | S? t?/c?m nghi v?n: 1 | T? l? nghi v?n: 0.25 | M?c ??: 5.5
"It is said that the fates of the Fisalia heirs are bound to three towering spires, and this is one of them.","Người ta nói rằng số phận của những người thừa kế Fisalia gắn liền với ba ngọn tháp sừng sững, và đây là một trong số đó.",C?n ti?ng Anh nghi v?n: Fisalia | S? t?/c?m nghi v?n: 1 | T? l? nghi v?n: 0.25 | M?c ??: 5.5
"A mysterious gateway has appeared, leading to a realm known as Somnoire. Legend has it that it hosts the dreams of all beings in Solaris...","Một cánh cổng bí ẩn đã xuất hiện, dẫn đến một thế giới gọi là Somnoire. Tương truyền, nơi đây chứa đựng những giấc mơ của tất cả sinh linh ở Solaris...",C?n ti?ng Anh nghi v?n: Somnoire | S? t?/c?m nghi v?n: 1 | T? l? nghi v?n: 0.25 | M?c ??: 5.5
"Once enabled, Acceleration stays active once triggered and can be toggled with a single press.","Sau khi kích hoạt, Acceleration sẽ duy trì trạng thái hoạt động và có thể bật/tắt bằng một lần nhấn.",C?n ti?ng Anh nghi v?n: Acceleration | S? t?/c?m nghi v?n: 1 | T? l? nghi v?n: 0.25 | M?c ??: 5.5
"Even if you are confined to a single dimension, the X-axis, you must continue moving forward in the correct direction.","Dù bị giới hạn trong một chiều duy nhất, trục X, bạn vẫn phải tiếp tục tiến về phía trước theo đúng hướng.",C?n ti?ng Anh nghi v?n: X | S? t?/c?m nghi v?n: 1 | T? l? nghi v?n: 0.25 | M?c ??: 5.5
"The looming shadow stares at you with its fiery eyes, as if trying to draw you back into the endless darkness. Enter the Somnoire with your trusted companions, link your minds and spirits, and relive your epic battle against the ever-lurking nightmare.","Bóng tối u ám nhìn chằm chằm vào bạn bằng đôi mắt rực lửa, như thể muốn kéo bạn trở lại bóng tối vô tận. Hãy bước vào Somnoire cùng những người bạn đáng tin cậy, kết nối tâm trí và tinh thần, và sống lại trận chiến hoành tráng chống lại cơn ác mộng luôn rình rập.",C?n ti?ng Anh nghi v?n: Somnoire | S? t?/c?m nghi v?n: 1 | T? l? nghi v?n: 0.25 | M?c ??: 5.5
"The looming shadow stares at you with its fiery eyes, as if trying to draw you back into the endless darkness. Enter the Somnoire with your trusted companions, link your minds and spirits, and relive your epic battle against the ever-lurking nightmare.","Bóng tối u ám nhìn chằm chằm vào bạn bằng đôi mắt rực lửa, như thể muốn kéo bạn trở lại bóng tối vô tận. Hãy bước vào Somnoire cùng những người bạn đáng tin cậy, kết nối tâm trí và tinh thần, và sống lại trận chiến hoành tráng chống lại cơn ác mộng luôn rình rập.",C?n ti?ng Anh nghi v?n: Somnoire | S? t?/c?m nghi v?n: 1 | T? l? nghi v?n: 0.25 | M?c ??: 5.5
"The looming shadow stares at you with its fiery eyes, as if trying to draw you back into the endless darkness. Enter the Somnoire with your trusted companions, link your minds and spirits, and relive your epic battle against the ever-lurking nightmare.","Bóng tối u ám nhìn chằm chằm vào bạn bằng đôi mắt rực lửa, như thể muốn kéo bạn trở lại bóng tối vô tận. Hãy bước vào Somnoire cùng những người bạn đáng tin cậy, kết nối tâm trí và tinh thần, và sống lại trận chiến hoành tráng chống lại cơn ác mộng luôn rình rập.",C?n ti?ng Anh nghi v?n: Somnoire | S? t?/c?m nghi v?n: 1 | T? l? nghi v?n: 0.25 | M?c ??: 5.5
"The looming shadow stares at you with its fiery eyes, as if trying to draw you back into the endless darkness. Enter the Somnoire with your trusted companions, link your minds and spirits, and relive your epic battle against the ever-lurking nightmare.","Bóng tối u ám nhìn chằm chằm vào bạn bằng đôi mắt rực lửa, như thể muốn kéo bạn trở lại bóng tối vô tận. Hãy bước vào Somnoire cùng những người bạn đáng tin cậy, kết nối tâm trí và tinh thần, và sống lại trận chiến hoành tráng chống lại cơn ác mộng luôn rình rập.",C?n ti?ng Anh nghi v?n: Somnoire | S? t?/c?m nghi v?n: 1 | T? l? nghi v?n: 0.25 | M?c ??: 5.5
"The looming shadow stares at you with its fiery eyes, as if trying to draw you back into the endless darkness. Enter the Somnoire with your trusted companions, link your minds and spirits, and relive your epic battle against the ever-lurking nightmare.","Bóng tối u ám nhìn chằm chằm vào bạn bằng đôi mắt rực lửa, như thể muốn kéo bạn trở lại bóng tối vô tận. Hãy bước vào Somnoire cùng những người bạn đáng tin cậy, kết nối tâm trí và tinh thần, và sống lại trận chiến hoành tráng chống lại cơn ác mộng luôn rình rập.",C?n ti?ng Anh nghi v?n: Somnoire | S? t?/c?m nghi v?n: 1 | T? l? nghi v?n: 0.25 | M?c ??: 5.5
"The looming shadow stares at you with its fiery eyes, as if trying to draw you back into the endless darkness. Enter the Somnoire with your trusted companions, link your minds and spirits, and relive your epic battle against the ever-lurking nightmare.","Bóng tối u ám nhìn chằm chằm vào bạn bằng đôi mắt rực lửa, như thể muốn kéo bạn trở lại bóng tối vô tận. Hãy bước vào Somnoire cùng những người bạn đáng tin cậy, kết nối tâm trí và tinh thần, và sống lại trận chiến hoành tráng chống lại cơn ác mộng luôn rình rập.",C?n ti?ng Anh nghi v?n: Somnoire | S? t?/c?m nghi v?n: 1 | T? l? nghi v?n: 0.25 | M?c ??: 5.5
"A large underground research center built before the Lament, featuring a well plunging to depths that reach the Moho discontinuity. At the well's bottom, mysteries await unraveling.","Một trung tâm nghiên cứu ngầm rộng lớn được xây dựng trước Lament, nổi bật với giếng sâu xuống tới ranh giới Moho. Ở đáy giếng, vô vàn bí ẩn đang chờ được khám phá.",C?n ti?ng Anh nghi v?n: Moho | S? t?/c?m nghi v?n: 1 | T? l? nghi v?n: 0.25 | M?c ??: 5.5
"""Courage is just a consumable by nature, it gets more expensive as you get older.""
Help Dorothy defeat the monsters behind the gate.","""Dũng cảm chỉ là thứ tiêu hao theo bản chất, càng lớn tuổi thì càng đắt đỏ.""
Giúp Dorothy đánh bại lũ quái sau cánh cổng.",C?n ti?ng Anh nghi v?n: Dorothy | S? t?/c?m nghi v?n: 1 | T? l? nghi v?n: 0.25 | M?c ??: 5.5
"""The sun rises over the village houses. I wonder if tomorrow will be a brand new day?""
Help Dorothy defeat the monsters behind the gate.","""Mặt trời mọc trên những ngôi nhà trong làng. Liệu ngày mai có phải là một ngày mới không nhỉ?""
Giúp Dorothy đánh bại lũ quái vật phía sau cánh cổng.",C?n ti?ng Anh nghi v?n: Dorothy | S? t?/c?m nghi v?n: 1 | T? l? nghi v?n: 0.25 | M?c ??: 5.5
"""What's with all the Montellis named 'Leonardo'? Is there a naming convention I missed?""","""Sao nhà Montelli toàn đặt tên 'Leonardo' vậy? Có quy tắc đặt tên nào mà tôi bỏ lỡ à?""",C?n ti?ng Anh nghi v?n: Leonardo' | S? t?/c?m nghi v?n: 1 | T? l? nghi v?n: 0.25 | M?c ??: 5.5
"This Sonoro Sphere manifests the wishes of those who drowned in the Lament's abyss. It is not a surrender to the Order's authority, but a confession of the world's suffering.","Quả cầu Sonoro này thể hiện nguyện vọng của những người đã chìm trong vực Thương Khó. Nó không phải là sự khuất phục trước uy quyền của Order, mà là lời thú nhận nỗi đau của thế giới.",C?n ti?ng Anh nghi v?n: Sonoro | S? t?/c?m nghi v?n: 1 | T? l? nghi v?n: 0.25 | M?c ??: 5.5
Pass this Sonoro Sphere's trial to obtain Resonator enhancement items.,Vượt qua thử thách của Sonoro Sphere để nhận vật phẩm tăng cường Resonator.,C?n ti?ng Anh nghi v?n: Sonoro | S? t?/c?m nghi v?n: 1 | T? l? nghi v?n: 0.25 | M?c ??: 5.5
Pass this Sonoro Sphere's trial to obtain Resonator enhancement items.,Vượt qua thử thách của Sonoro Sphere để nhận vật phẩm tăng cường Resonator.,C?n ti?ng Anh nghi v?n: Sonoro | S? t?/c?m nghi v?n: 1 | T? l? nghi v?n: 0.25 | M?c ??: 5.5
I'll compile a list of the Faded Zones and send it to you shortly.,Mình sẽ tổng hợp danh sách các Faded Zone và gửi cho bạn sớm.,C?n ti?ng Anh nghi v?n: Faded | S? t?/c?m nghi v?n: 1 | T? l? nghi v?n: 0.25 | M?c ??: 5.5
"Now the dream frequency in the Ragunna region is stable... Hmm, how should I say this... It feels very... Rinascita.","Giờ đây tần số giấc mơ ở khu vực Ragunna đã ổn định... Hmm, phải nói thế nào nhỉ... Cảm giác rất... Rinascita.",C?n ti?ng Anh nghi v?n: Hmm | S? t?/c?m nghi v?n: 1 | T? l? nghi v?n: 0.25 | M?c ??: 5.5
"It can no longer perform entire melodies. Even its voice shows signs of ""distortion""... Melody... without you, how am I supposed to live?","Nó không còn thể trình diễn toàn bộ bản nhạc nữa. Ngay cả giọng hát của nó cũng có dấu hiệu ""méo mó""... Melody... nếu không có em, tôi phải sống sao đây?",C?n ti?ng Anh nghi v?n: Melody | S? t?/c?m nghi v?n: 1 | T? l? nghi v?n: 0.25 | M?c ??: 5.5
"The High Tide's drawn in so many TDs, and even after it receded, plenty of those bastards still refuse to leave.","Thủy Triều High đã kéo đến vô số TD, và ngay cả khi nó rút đi, lũ khốn đó vẫn không chịu rời đi.",C?n ti?ng Anh nghi v?n: High | S? t?/c?m nghi v?n: 1 | T? l? nghi v?n: 0.25 | M?c ??: 5.5
Ha! You even took care of the biggest and baddest TD out there!,Ha! Ngay cả con TD khét tiếng nhất cũng bị cậu giải quyết rồi!,C?n ti?ng Anh nghi v?n: Ha | S? t?/c?m nghi v?n: 1 | T? l? nghi v?n: 0.25 | M?c ??: 5.5
Looks like I don't have to worry about TDs for a while. I think it's time I go do something else.,Có vẻ như tớ không phải lo về TDs trong một thời gian rồi. Chắc tớ nên đi làm gì đó khác thôi.,C?n ti?ng Anh nghi v?n: TDs | S? t?/c?m nghi v?n: 1 | T? l? nghi v?n: 0.25 | M?c ??: 5.5
"No worries. It’s no trouble at all! After all, it’s a Patroller’s duty to take care of the residents’ needs.","Đừng lo. Chẳng có gì phiền đâu! Rốt cuộc, chăm lo nhu cầu cư dân cũng là nhiệm vụ của một Patroller mà.",C?n ti?ng Anh nghi v?n: Patroller | S? t?/c?m nghi v?n: 1 | T? l? nghi v?n: 0.25 | M?c ??: 5.5
Let’s go break the good news to Grandpa Jingzhu!,Đi báo tin vui cho ông Jingzhu thôi nào!,C?n ti?ng Anh nghi v?n: Jingzhu | S? t?/c?m nghi v?n: 1 | T? l? nghi v?n: 0.25 | M?c ??: 5.5
Yhan is quite a formidable figure. Breezing through his training is truly commendable.,Yhan quả là một nhân vật đáng gờm. Vượt qua buổi huấn luyện của anh ấy thật đáng khen ngợi.,C?n ti?ng Anh nghi v?n: Yhan | S? t?/c?m nghi v?n: 1 | T? l? nghi v?n: 0.25 | M?c ??: 5.5
"Haha, don’t worry! This old man used to be quite something in his day! Even though I’m old now, I can still hold my own against any danger.","Haha, đừng lo! Lão già này ngày xưa cũng từng là tay cừ khôi đấy! Dù giờ đã già, lão vẫn có thể đương đầu với mọi hiểm nguy.",C?n ti?ng Anh nghi v?n: Haha | S? t?/c?m nghi v?n: 1 | T? l? nghi v?n: 0.25 | M?c ??: 5.5
"Okay, Grandpa Jingzhu, promise me you’ll take care of yourself. If anything dangerous pops up, don’t try to tough it out. Just give me a holler right away!","Được rồi, ông Jingzhu, hứa với cháu là ông sẽ giữ gìn sức khỏe nhé. Nếu có gì nguy hiểm xảy ra, đừng cố chịu đựng một mình. Hãy gọi cháu ngay lập tức!",C?n ti?ng Anh nghi v?n: Jingzhu | S? t?/c?m nghi v?n: 1 | T? l? nghi v?n: 0.25 | M?c ??: 5.5
"Havoc Warrior is undoubtedly impressive, but relying on a single Echo might not be enough to capture her heart...","Havoc Warrior quả thực ấn tượng, nhưng chỉ dựa vào một Echo có lẽ chưa đủ để chiếm được trái tim cô ấy...",C?n ti?ng Anh nghi v?n: Warrior | S? t?/c?m nghi v?n: 1 | T? l? nghi v?n: 0.25 | M?c ??: 5.5
Let me share a little secret with you. There’s another valuable asset in Tacet Fields... known as Tuners!,Để tôi chia sẻ một bí mật nhỏ với bạn. Ở Tacet Fields còn có một tài sản quý giá khác... gọi là Tuner!,C?n ti?ng Anh nghi v?n: Fields | S? t?/c?m nghi v?n: 1 | T? l? nghi v?n: 0.25 | M?c ??: 5.5
Lạ lùng. Thật bất thường khi Linghan không ra ngoài tắm nắng vào giờ này. Cô ấy có thể ở trong nhà được không?,Kỳ lạ thật. Thật bất thường khi Linghan không ra ngoài tắm nắng vào giờ này. Cô ấy có thể đang ở trong nhà không nhỉ?,C?n ti?ng Anh nghi v?n: Linghan | S? t?/c?m nghi v?n: 1 | T? l? nghi v?n: 0.25 | M?c ??: 5.5
"To minimize casualties, she led the entire squad here to gather hundreds of Flautist’s Echoes.","Để giảm thiểu thương vong, cô đã dẫn cả đội đến đây thu thập hàng trăm Echoes của Flautist.",C?n ti?ng Anh nghi v?n: Flautist | S? t?/c?m nghi v?n: 1 | T? l? nghi v?n: 0.25 | M?c ??: 5.5
"Hehe, if you have time, feel free to visit us, and we can chat about Echoes to our heart’s content.","Hehe, nếu có thời gian, cứ ghé thăm chúng tôi nhé, chúng ta có thể trò chuyện về Echoes thỏa thích.",C?n ti?ng Anh nghi v?n: Hehe | S? t?/c?m nghi v?n: 1 | T? l? nghi v?n: 0.25 | M?c ??: 5.5
"Yet for those of us who are relic hunters, the information stored in these Sonance Caskets is highly coveted.","Nhưng với những người như chúng tôi, những kẻ săn tìm di vật, thông tin lưu trữ trong những chiếc Hòm Sonance này là vô cùng quý giá.",C?n ti?ng Anh nghi v?n: Sonance | S? t?/c?m nghi v?n: 1 | T? l? nghi v?n: 0.25 | M?c ??: 5.5
(Ask if he can teach you treasure appraisal.),(Ask xem anh ấy có thể dạy bạn thẩm định kho báu không.),C?n ti?ng Anh nghi v?n: Ask | S? t?/c?m nghi v?n: 1 | T? l? nghi v?n: 0.25 | M?c ??: 5.5
"I appreciate the compliment, Chixia. There are numerous talented individuals in Jinzhou, and I am far from being one of the best.","Cảm ơn lời khen, Chixia. Ở Jinzhou có rất nhiều người tài năng, và tôi còn lâu mới nằm trong số giỏi nhất.",C?n ti?ng Anh nghi v?n: Chixia | S? t?/c?m nghi v?n: 1 | T? l? nghi v?n: 0.25 | M?c ??: 5.5
"So, what do you say? How about this Jinzhou Speedster takes you on a culinary adventure at Auntie Panhua’s Restaurant?","Vậy sao? Thế này nhé, gã lái xe tốc độ Jinzhou này sẽ đưa cậu đi trải nghiệm ẩm thực tại Nhà hàng Dì Panhua nhé?",C?n ti?ng Anh nghi v?n: Panhua | S? t?/c?m nghi v?n: 1 | T? l? nghi v?n: 0.25 | M?c ??: 5.5
"Let’s meet at Panhua’s Restaurant on Gourmet Street. Time-wise, just let me know before you’re ready.",Hẹn gặp ở Nhà Hàng Panhua trên Phố Ẩm Thực nhé. Còn về thời gian thì báo cho tôi trước khi bạn sẵn sàng.,C?n ti?ng Anh nghi v?n: Panhua | S? t?/c?m nghi v?n: 1 | T? l? nghi v?n: 0.25 | M?c ??: 5.5
"Something special? Hmm, give me some time to think.","Có gì đặc biệt à? Hmm, cho tôi chút thời gian suy nghĩ đã.",C?n ti?ng Anh nghi v?n: Hmm | S? t?/c?m nghi v?n: 1 | T? l? nghi v?n: 0.25 | M?c ??: 5.5
I’ll take a stroll around the city with Chixia to get a feel for the place.,Ta sẽ cùng Chixia đi dạo quanh thành phố để làm quen với nơi này.,C?n ti?ng Anh nghi v?n: Chixia | S? t?/c?m nghi v?n: 1 | T? l? nghi v?n: 0.25 | M?c ??: 5.5
"Chixia, you’re being too kind. It’s entirely all thanks to everyone in the neighborhood supporting my business. If you need anything, just let me know.","Chixia, cô quá khen rồi. Tất cả đều nhờ mọi người trong khu phố ủng hộ cửa hàng của tôi. Nếu cần gì, cứ nói nhé.",C?n ti?ng Anh nghi v?n: Chixia | S? t?/c?m nghi v?n: 1 | T? l? nghi v?n: 0.25 | M?c ??: 5.5
"Yeah... Hold up! Rover, what’s that supposed to mean? Obviously, I...","Yeah... Khoan đã! Rover, ý cậu là sao? Rõ ràng là tôi...",C?n ti?ng Anh nghi v?n: Yeah | S? t?/c?m nghi v?n: 1 | T? l? nghi v?n: 0.25 | M?c ??: 5.5
"Now I’m even more eager to get a taste, knowing the backstory! Uncle Wei, mind lending us your big pyrite spoon?","Giờ thì tôi càng háo hức muốn nếm thử hơn, khi biết được câu chuyện đằng sau! Bác Vệ à, cho chúng tôi mượn chiếc muôi pyrite lớn của bác nhé?",C?n ti?ng Anh nghi v?n: pyrite | S? t?/c?m nghi v?n: 1 | T? l? nghi v?n: 0.25 | M?c ??: 5.5
The reason that the spoon affects the soup's flavor is because it releases a few minerals while stirring. You could use a smaller pyrite spoon instead.,Lý do muỗng ảnh hưởng đến hương vị súp là vì nó giải phóng một số khoáng chất khi khuấy. Bạn có thể sử dụng muỗng pyrite nhỏ hơn thay thế.,C?n ti?ng Anh nghi v?n: pyrite | S? t?/c?m nghi v?n: 1 | T? l? nghi v?n: 0.25 | M?c ??: 5.5
"Haha, hello to you! I've never seen anyone as lively as you here.","Haha, xin chào cậu! Chưa bao giờ thấy ai tràn đầy sức sống như cậu ở đây cả.",C?n ti?ng Anh nghi v?n: Haha | S? t?/c?m nghi v?n: 1 | T? l? nghi v?n: 0.25 | M?c ??: 5.5
"You'll encounter more bizarre occurrences in the Somnoire… Creatures, plants, Tacet Discords, and even your cherished friends.","Bạn sẽ gặp phải nhiều hiện tượng kỳ lạ hơn ở Somnoire… Những sinh vật, thực vật, Tacet Discord, và thậm chí cả những người bạn thân thiết của bạn.",C?n ti?ng Anh nghi v?n: Somnoire | S? t?/c?m nghi v?n: 1 | T? l? nghi v?n: 0.25 | M?c ??: 5.5
"Don't underestimate them, Rover. Be careful. We have no idea what kinds of enemies may appear in the current Somnoire.","Đừng coi thường chúng, Rover. Hãy cẩn thận. Chúng ta không biết loại kẻ địch nào có thể xuất hiện ở Somnoire hiện tại.",C?n ti?ng Anh nghi v?n: Somnoire | S? t?/c?m nghi v?n: 1 | T? l? nghi v?n: 0.25 | M?c ??: 5.5
Anyway... See the thing over there? It's the culprit behind the chaos and corruption in this area...,Anyway... Thấy cái vật kia không? Đó chính là thủ phạm gây ra sự hỗn loạn và hủ bại ở khu vực này...,C?n ti?ng Anh nghi v?n: Anyway | S? t?/c?m nghi v?n: 1 | T? l? nghi v?n: 0.25 | M?c ??: 5.5
A new Resonator has joined the team! Press {0} to switch to <color=#8c7e51>Yangyang</color>.,Một Resonator mới đã gia nhập đội! Nhấn {0} để chuyển sang <color=#8c7e51>Yangyang</color>.,C?n ti?ng Anh nghi v?n: Yangyang | S? t?/c?m nghi v?n: 1 | T? l? nghi v?n: 0.25 | M?c ??: 5.5
You have obtained Rover's <color=#8c7e51>Waveband</color>. {0} to go to elevate Rover's capability.,Bạn đã nhận được <color=#8c7e51>Waveband</color> của Rover. {0} để nâng cao khả năng của Rover.,C?n ti?ng Anh nghi v?n: Waveband | S? t?/c?m nghi v?n: 1 | T? l? nghi v?n: 0.25 | M?c ??: 5.5
Unlock a <color=#8c7e51>Resonance Chain</color> node to elevate a Resonator's capability.,Mở khóa một nút <color=#8c7e51>Resonance Chain</color> để nâng cao khả năng của Resonator.,C?n ti?ng Anh nghi v?n: Chain | S? t?/c?m nghi v?n: 1 | T? l? nghi v?n: 0.25 | M?c ??: 5.5
Unlock a <color=#8c7e51>Resonance Chain</color> node to elevate a Resonator's capability.,Mở khóa một nút <color=#8c7e51>Resonance Chain</color> để nâng cao khả năng của Resonator.,C?n ti?ng Anh nghi v?n: Chain | S? t?/c?m nghi v?n: 1 | T? l? nghi v?n: 0.25 | M?c ??: 5.5
"After <color=#8c7e51>Tuning</color> an Echo, new Substat slots will be added","Sau khi <color=#8c7e51>Tuning</color> Echo, các ô Phụ Thuộc tính mới sẽ được thêm vào",C?n ti?ng Anh nghi v?n: Tuning | S? t?/c?m nghi v?n: 1 | T? l? nghi v?n: 0.25 | M?c ??: 5.5
"After <color=#8c7e51>Tuning</color> an Echo, new Substat slots will be added","Sau khi <color=#8c7e51>Tuning</color> Echo, các ô Phụ Thuộc tính mới sẽ được thêm vào",C?n ti?ng Anh nghi v?n: Tuning | S? t?/c?m nghi v?n: 1 | T? l? nghi v?n: 0.25 | M?c ??: 5.5
Select a Resonance Beacon to fast travel,Chọn Resonance Beacon để di chuyển nhanh,C?n ti?ng Anh nghi v?n: Beacon | S? t?/c?m nghi v?n: 1 | T? l? nghi v?n: 0.25 | M?c ??: 5.5
Select a Resonance Beacon to fast travel,Chọn Resonance Beacon để di chuyển nhanh,C?n ti?ng Anh nghi v?n: Beacon | S? t?/c?m nghi v?n: 1 | T? l? nghi v?n: 0.25 | M?c ??: 5.5
Select a Resonance Beacon to fast travel,Chọn Resonance Beacon để di chuyển nhanh,C?n ti?ng Anh nghi v?n: Beacon | S? t?/c?m nghi v?n: 1 | T? l? nghi v?n: 0.25 | M?c ??: 5.5
"{0} In <color=#8c7e51>Guidebook</color>, you can check the <color=#8c7e51>Recommended Quests</color> for your current level.","{0} Trong <color=#8c7e51>Cẩm nang</color>, bạn có thể xem <color=#8c7e51>Quests Được đề xuất</color> phù hợp với cấp độ hiện tại.",C?n ti?ng Anh nghi v?n: Quests | S? t?/c?m nghi v?n: 1 | T? l? nghi v?n: 0.25 | M?c ??: 5.5
"{0} In <color=#8c7e51>Guidebook</color>, you can check the <color=#8c7e51>Recommended Quests</color> for your current level.","{0} Trong <color=#8c7e51>Cẩm nang</color>, bạn có thể xem <color=#8c7e51>Quests Được đề xuất</color> phù hợp với cấp độ hiện tại.",C?n ti?ng Anh nghi v?n: Quests | S? t?/c?m nghi v?n: 1 | T? l? nghi v?n: 0.25 | M?c ??: 5.5
"{0} After building stalls, you can invite more Companions. Go check it out!","{0} Sau khi xây dựng quầy hàng, bạn có thể mời thêm Companions. Hãy thử xem nào!",C?n ti?ng Anh nghi v?n: Companions | S? t?/c?m nghi v?n: 1 | T? l? nghi v?n: 0.25 | M?c ??: 5.5
Manage your Cargo space by moving or rotating your catch.,Quản lý không gian Cargo bằng cách di chuyển hoặc xoay chiến lợi phẩm.,C?n ti?ng Anh nghi v?n: Cargo | S? t?/c?m nghi v?n: 1 | T? l? nghi v?n: 0.25 | M?c ??: 5.5
Manage your Cargo space by moving or rotating your catch.,Quản lý không gian Cargo bằng cách di chuyển hoặc xoay chiến lợi phẩm.,C?n ti?ng Anh nghi v?n: Cargo | S? t?/c?m nghi v?n: 1 | T? l? nghi v?n: 0.25 | M?c ??: 5.5
Manage your Cargo space by moving or rotating your catch.,Quản lý không gian Cargo bằng cách di chuyển hoặc xoay chiến lợi phẩm.,C?n ti?ng Anh nghi v?n: Cargo | S? t?/c?m nghi v?n: 1 | T? l? nghi v?n: 0.25 | M?c ??: 5.5
Rover's Resonance Attribute can be converted  between Spectro and Aero.,Attribute Cộng hưởng của Rover có thể chuyển đổi giữa Spectro và Aero.,C?n ti?ng Anh nghi v?n: Attribute | S? t?/c?m nghi v?n: 1 | T? l? nghi v?n: 0.25 | M?c ??: 5.5
Exclusive Birthday Blessing activated. You may visit Profile to modify your birthday now.,Ưu đãi Birthday Độc Quyền đã kích hoạt. Bạn có thể vào Hồ Sơ để thay đổi ngày sinh ngay bây giờ.,C?n ti?ng Anh nghi v?n: Birthday | S? t?/c?m nghi v?n: 1 | T? l? nghi v?n: 0.25 | M?c ??: 5.5
Exclusive Birthday Blessing activated. You may visit Profile to modify your birthday now.,Ưu đãi Birthday Độc Quyền đã kích hoạt. Bạn có thể vào Hồ Sơ để thay đổi ngày sinh ngay bây giờ.,C?n ti?ng Anh nghi v?n: Birthday | S? t?/c?m nghi v?n: 1 | T? l? nghi v?n: 0.25 | M?c ??: 5.5
Exclusive Birthday Blessing activated. You may visit Profile to modify your birthday now.,Ưu đãi Birthday Độc Quyền đã kích hoạt. Bạn có thể vào Hồ Sơ để thay đổi ngày sinh ngay bây giờ.,C?n ti?ng Anh nghi v?n: Birthday | S? t?/c?m nghi v?n: 1 | T? l? nghi v?n: 0.25 | M?c ??: 5.5
Roll dice to move your Cube and collect rewards on the pads you pass.,Lắc xúc xắc để di chuyển Cube và thu thập phần thưởng trên các ô bạn đi qua.,C?n ti?ng Anh nghi v?n: Cube | S? t?/c?m nghi v?n: 1 | T? l? nghi v?n: 0.25 | M?c ??: 5.5
Roll dice to move your Cube and collect rewards on the pads you pass.,Lắc xúc xắc để di chuyển Cube và thu thập phần thưởng trên các ô bạn đi qua.,C?n ti?ng Anh nghi v?n: Cube | S? t?/c?m nghi v?n: 1 | T? l? nghi v?n: 0.25 | M?c ??: 5.5
{0} Use Cube Skill to defeat Abbowser's minions!,Dùng {0} Kỹ Năng Cube để đánh bại tay sai của Abbowser!,C?n ti?ng Anh nghi v?n: Cube | S? t?/c?m nghi v?n: 1 | T? l? nghi v?n: 0.25 | M?c ??: 5.5
Use Cube Skill to defeat Abbowser's minions!,Dùng Kỹ Năng Cube để đánh bại tay sai của Abbowser!,C?n ti?ng Anh nghi v?n: Cube | S? t?/c?m nghi v?n: 1 | T? l? nghi v?n: 0.25 | M?c ??: 5.5
Include a Concerto Companion in your lineup to gain support in battle.,Bổ sung Concerto Companion vào đội hình để nhận hỗ trợ trong chiến đấu.,C?n ti?ng Anh nghi v?n: Companion | S? t?/c?m nghi v?n: 1 | T? l? nghi v?n: 0.25 | M?c ??: 5.5
Include a Concerto Companion in your lineup to gain support in battle.,Bổ sung Concerto Companion vào đội hình để nhận hỗ trợ trong chiến đấu.,C?n ti?ng Anh nghi v?n: Companion | S? t?/c?m nghi v?n: 1 | T? l? nghi v?n: 0.25 | M?c ??: 5.5
Include a Concerto Companion in your lineup to gain support in battle.,Bổ sung Concerto Companion vào đội hình để nhận hỗ trợ trong chiến đấu.,C?n ti?ng Anh nghi v?n: Companion | S? t?/c?m nghi v?n: 1 | T? l? nghi v?n: 0.25 | M?c ??: 5.5
"After upgrading the Bond, {Cus:Ipt,Touch=Tap PC=Click Gamepad=Press} to view its effects.","Sau khi nâng cấp Bond, {Cus:Ipt,Touch=tap PC=Bấm Gamepad=press} để xem hiệu ứng của nó.",C?n ti?ng Anh nghi v?n: Bond | S? t?/c?m nghi v?n: 1 | T? l? nghi v?n: 0.25 | M?c ??: 5.5
"After upgrading the Bond, {Cus:Ipt,Touch=Tap PC=Click Gamepad=Press} to view its effects.","Sau khi nâng cấp Bond, {Cus:Ipt,Touch=tap PC=Bấm Gamepad=press} để xem hiệu ứng của nó.",C?n ti?ng Anh nghi v?n: Bond | S? t?/c?m nghi v?n: 1 | T? l? nghi v?n: 0.25 | M?c ??: 5.5
"After upgrading the Bond, {Cus:Ipt,Touch=Tap PC=Click Gamepad=Press} to view its effects.","Sau khi nâng cấp Bond, {Cus:Ipt,Touch=tap PC=Bấm Gamepad=press} để xem hiệu ứng của nó.",C?n ti?ng Anh nghi v?n: Bond | S? t?/c?m nghi v?n: 1 | T? l? nghi v?n: 0.25 | M?c ??: 5.5
"{Cus:Ipt,Touch=Tap PC=Click Gamepad=Press} here to fast travel to the vicinity of the next ""Lord of Prestige.""","{Cus:Ipt,Touch=tap PC=click Gamepad=press} vào đây để di chuyển nhanh đến gần ""Lãnh Chúa Prestige"" tiếp theo.",C?n ti?ng Anh nghi v?n: Prestige | S? t?/c?m nghi v?n: 1 | T? l? nghi v?n: 0.25 | M?c ??: 5.5
"{Cus:Ipt,Touch=Tap PC=Click Gamepad=Press} here to fast travel to the vicinity of the next ""Lord of Prestige.""","{Cus:Ipt,Touch=tap PC=click Gamepad=press} vào đây để di chuyển nhanh đến gần ""Lãnh Chúa Prestige"" tiếp theo.",C?n ti?ng Anh nghi v?n: Prestige | S? t?/c?m nghi v?n: 1 | T? l? nghi v?n: 0.25 | M?c ??: 5.5
"{Cus:Ipt,Touch=Tap PC=Click Gamepad=Press} here to fast travel to the vicinity of the next ""Lord of Prestige.""","{Cus:Ipt,Touch=tap PC=click Gamepad=press} vào đây để di chuyển nhanh đến gần ""Lãnh Chúa Prestige"" tiếp theo.",C?n ti?ng Anh nghi v?n: Prestige | S? t?/c?m nghi v?n: 1 | T? l? nghi v?n: 0.25 | M?c ??: 5.5
Exploring the zone increases your Glory Level and boosts your Resonator stats.,Khám phá khu vực sẽ tăng Cấp Glory và nâng cao chỉ số Resonator của bạn.,C?n ti?ng Anh nghi v?n: Glory | S? t?/c?m nghi v?n: 1 | T? l? nghi v?n: 0.25 | M?c ??: 5.5
Exploring the zone increases your Glory Level and boosts your Resonator stats.,Khám phá khu vực sẽ tăng Cấp Glory và nâng cao chỉ số Resonator của bạn.,C?n ti?ng Anh nghi v?n: Glory | S? t?/c?m nghi v?n: 1 | T? l? nghi v?n: 0.25 | M?c ??: 5.5
Exploring the zone increases your Glory Level and boosts your Resonator stats.,Khám phá khu vực sẽ tăng Cấp Glory và nâng cao chỉ số Resonator của bạn.,C?n ti?ng Anh nghi v?n: Glory | S? t?/c?m nghi v?n: 1 | T? l? nghi v?n: 0.25 | M?c ??: 5.5
The Fusion Warrior's Special Skill is now active. Use it to win the duel!,Kỹ Năng Special của Fusion Warrior đã kích hoạt. Hãy dùng nó để giành chiến thắng trong cuộc đấu!,C?n ti?ng Anh nghi v?n: Special | S? t?/c?m nghi v?n: 1 | T? l? nghi v?n: 0.25 | M?c ??: 5.5
The Fusion Warrior's Special Skill is now active. Use it to win the duel!,Kỹ Năng Special của Fusion Warrior đã kích hoạt. Hãy dùng nó để giành chiến thắng trong cuộc đấu!,C?n ti?ng Anh nghi v?n: Special | S? t?/c?m nghi v?n: 1 | T? l? nghi v?n: 0.25 | M?c ??: 5.5
The Trial is complete. The Core Echo in your hand can now be Deployed.,Phép Thử đã hoàn tất. Core Echo trên tay bạn giờ có thể Triển Khai.,C?n ti?ng Anh nghi v?n: Core | S? t?/c?m nghi v?n: 1 | T? l? nghi v?n: 0.25 | M?c ??: 5.5
The Trial is complete. The Core Echo in your hand can now be Deployed.,Phép Thử đã hoàn tất. Core Echo trên tay bạn giờ có thể Triển Khai.,C?n ti?ng Anh nghi v?n: Core | S? t?/c?m nghi v?n: 1 | T? l? nghi v?n: 0.25 | M?c ??: 5.5
Select a team for the Combat Mastery Test.,Chọn đội cho Bài Kiểm Tra Tinh Thông Combat.,C?n ti?ng Anh nghi v?n: Combat | S? t?/c?m nghi v?n: 1 | T? l? nghi v?n: 0.25 | M?c ??: 5.5
Select a team for the Combat Mastery Test.,Chọn đội cho Bài Kiểm Tra Tinh Thông Combat.,C?n ti?ng Anh nghi v?n: Combat | S? t?/c?m nghi v?n: 1 | T? l? nghi v?n: 0.25 | M?c ??: 5.5
Select a team for the Combat Mastery Test.,Chọn đội cho Bài Kiểm Tra Tinh Thông Combat.,C?n ti?ng Anh nghi v?n: Combat | S? t?/c?m nghi v?n: 1 | T? l? nghi v?n: 0.25 | M?c ??: 5.5
You can view Combat Machines' effects at different levels here.,Bạn có thể xem hiệu ứng của Combat Machines ở các cấp độ khác nhau tại đây.,C?n ti?ng Anh nghi v?n: Combat | S? t?/c?m nghi v?n: 1 | T? l? nghi v?n: 0.25 | M?c ??: 5.5
You can view Combat Machines' effects at different levels here.,Bạn có thể xem hiệu ứng của Combat Machines ở các cấp độ khác nhau tại đây.,C?n ti?ng Anh nghi v?n: Combat | S? t?/c?m nghi v?n: 1 | T? l? nghi v?n: 0.25 | M?c ??: 5.5
{0} Throw your Feather Blade at the target to move quickly,Throw {0} Lưỡi Dao Lông vào mục tiêu để di chuyển nhanh,C?n ti?ng Anh nghi v?n: Throw | S? t?/c?m nghi v?n: 1 | T? l? nghi v?n: 0.25 | M?c ??: 5.5
Rampage grants extra rewards at the end of each stage,Rampage tặng phần thưởng bổ sung sau mỗi giai đoạn,C?n ti?ng Anh nghi v?n: Rampage | S? t?/c?m nghi v?n: 1 | T? l? nghi v?n: 0.25 | M?c ??: 5.5
Rampage grants extra rewards at the end of each stage,Rampage tặng phần thưởng bổ sung sau mỗi giai đoạn,C?n ti?ng Anh nghi v?n: Rampage | S? t?/c?m nghi v?n: 1 | T? l? nghi v?n: 0.25 | M?c ??: 5.5
Rampage grants extra rewards at the end of each stage,Rampage tặng phần thưởng bổ sung sau mỗi giai đoạn,C?n ti?ng Anh nghi v?n: Rampage | S? t?/c?m nghi v?n: 1 | T? l? nghi v?n: 0.25 | M?c ??: 5.5
Equip Stickers to enhance the combat power of Resonators.,Equip Sticker để tăng sức chiến đấu cho Resonators.,C?n ti?ng Anh nghi v?n: Equip | S? t?/c?m nghi v?n: 1 | T? l? nghi v?n: 0.25 | M?c ??: 5.5
Equip Stickers to enhance the combat power of Resonators.,Equip Sticker để tăng sức chiến đấu cho Resonators.,C?n ti?ng Anh nghi v?n: Equip | S? t?/c?m nghi v?n: 1 | T? l? nghi v?n: 0.25 | M?c ??: 5.5
"Tick this to spend Rice Dangos, allowing you to Extract at any time.","Đánh dấu để tiêu hao Bánh Rice Dango, cho phép bạn Trích Xuất bất cứ lúc nào.",C?n ti?ng Anh nghi v?n: Rice | S? t?/c?m nghi v?n: 1 | T? l? nghi v?n: 0.25 | M?c ??: 5.5
"{0} Tick this to spend Rice Dangos, allowing you to Extract at any time.","Đánh dấu {0} để tiêu hao Bánh Rice Dango, cho phép bạn Trích Xuất bất cứ lúc nào.",C?n ti?ng Anh nghi v?n: Rice | S? t?/c?m nghi v?n: 1 | T? l? nghi v?n: 0.25 | M?c ??: 5.5
"Tick this to spend Rice Dangos, allowing you to Extract at any time.","Đánh dấu để tiêu hao Bánh Rice Dango, cho phép bạn Trích Xuất bất cứ lúc nào.",C?n ti?ng Anh nghi v?n: Rice | S? t?/c?m nghi v?n: 1 | T? l? nghi v?n: 0.25 | M?c ??: 5.5
Drag the Novelty onto an empty slot on the Deployment Zone to activate it.,"Kéo ""Novelty"" vào ô trống trong Khu Triển Khai để kích hoạt.",C?n ti?ng Anh nghi v?n: Novelty | S? t?/c?m nghi v?n: 1 | T? l? nghi v?n: 0.25 | M?c ??: 5.5
Drag the Novelty onto an empty slot on the Deployment Zone to activate it.,"Kéo ""Novelty"" vào ô trống trong Khu Triển Khai để kích hoạt.",C?n ti?ng Anh nghi v?n: Novelty | S? t?/c?m nghi v?n: 1 | T? l? nghi v?n: 0.25 | M?c ??: 5.5
Drag the Novelty onto an empty slot on the Deployment Zone to activate it.,"Kéo ""Novelty"" vào ô trống trong Khu Triển Khai để kích hoạt.",C?n ti?ng Anh nghi v?n: Novelty | S? t?/c?m nghi v?n: 1 | T? l? nghi v?n: 0.25 | M?c ??: 5.5
The Trial is complete. The Core Echo in your hand can now be deployed.,Phép Thử đã hoàn tất. Core Echo trên tay bạn giờ có thể triển khai.,C?n ti?ng Anh nghi v?n: Core | S? t?/c?m nghi v?n: 1 | T? l? nghi v?n: 0.25 | M?c ??: 5.5
{0}The Trial is complete. The Core Echo in your hand can now be deployed.,{0}Thử thách đã hoàn thành. Core Echo trên tay bạn giờ có thể triển khai.,C?n ti?ng Anh nghi v?n: Core | S? t?/c?m nghi v?n: 1 | T? l? nghi v?n: 0.25 | M?c ??: 5.5
The Trial is complete. The Core Echo in your hand can now be deployed.,Phép Thử đã hoàn tất. Core Echo trên tay bạn giờ có thể triển khai.,C?n ti?ng Anh nghi v?n: Core | S? t?/c?m nghi v?n: 1 | T? l? nghi v?n: 0.25 | M?c ??: 5.5
Use the Dwarf Cassowary's Transform skill and end the Deployment Stage.,Sử dụng kỹ năng Biến Hình của Dwarf Cassowary và kết thúc Giai Đoạn Triển Khai,C?n ti?ng Anh nghi v?n: Dwarf | S? t?/c?m nghi v?n: 1 | T? l? nghi v?n: 0.25 | M?c ??: 5.5
Use the Dwarf Cassowary's Transform skill and end the Deployment Stage.,Sử dụng kỹ năng Biến Hình của Dwarf Cassowary và kết thúc Giai Đoạn Triển Khai,C?n ti?ng Anh nghi v?n: Dwarf | S? t?/c?m nghi v?n: 1 | T? l? nghi v?n: 0.25 | M?c ??: 5.5
Use the Dwarf Cassowary's Transform skill and end the Deployment Stage.,Sử dụng kỹ năng Biến Hình của Dwarf Cassowary và kết thúc Giai Đoạn Triển Khai,C?n ti?ng Anh nghi v?n: Dwarf | S? t?/c?m nghi v?n: 1 | T? l? nghi v?n: 0.25 | M?c ??: 5.5
"{Cus:Ipt,Touch=Tap PC=Click Gamepad=Press} here to view Modding Tasks, and earn Modding Points","{Cus:Ipt,Touch=Touch PC=click Gamepad=press} vào đây để xem Nhiệm Vụ Mod và kiếm Points Mod",C?n ti?ng Anh nghi v?n: Points | S? t?/c?m nghi v?n: 1 | T? l? nghi v?n: 0.25 | M?c ??: 5.5
"{Cus:Ipt,Touch=Tap PC=Click Gamepad=Press} here to view Modding Tasks, and earn Modding Points","{Cus:Ipt,Touch=Touch PC=click Gamepad=press} vào đây để xem Nhiệm Vụ Mod và kiếm Points Mod",C?n ti?ng Anh nghi v?n: Points | S? t?/c?m nghi v?n: 1 | T? l? nghi v?n: 0.25 | M?c ??: 5.5
"{Cus:Ipt,Touch=Tap PC=Click Gamepad=Press} here to view Modding Tasks, and earn Modding Points","{Cus:Ipt,Touch=Touch PC=click Gamepad=press} vào đây để xem Nhiệm Vụ Mod và kiếm Points Mod",C?n ti?ng Anh nghi v?n: Points | S? t?/c?m nghi v?n: 1 | T? l? nghi v?n: 0.25 | M?c ??: 5.5
The Dwarf Cassowary's Transform skill can boost your Echoes' power.,Kỹ năng Biến Hình của Dwarf Cassowary có thể tăng sức mạnh cho Echoes của bạn.,C?n ti?ng Anh nghi v?n: Dwarf | S? t?/c?m nghi v?n: 1 | T? l? nghi v?n: 0.25 | M?c ??: 5.5
The Dwarf Cassowary's Transform skill can boost your Echoes' power.,Kỹ năng Biến Hình của Dwarf Cassowary có thể tăng sức mạnh cho Echoes của bạn.,C?n ti?ng Anh nghi v?n: Dwarf | S? t?/c?m nghi v?n: 1 | T? l? nghi v?n: 0.25 | M?c ??: 5.5
The Dwarf Cassowary's Transform skill can boost your Echoes' power.,Kỹ năng Biến Hình của Dwarf Cassowary có thể tăng sức mạnh cho Echoes của bạn.,C?n ti?ng Anh nghi v?n: Dwarf | S? t?/c?m nghi v?n: 1 | T? l? nghi v?n: 0.25 | M?c ??: 5.5
The enemy enters Mistune state while using certain skills or in certain phases,Kẻ địch sẽ vào trạng thái Mistune khi sử dụng một số kỹ năng hoặc trong một số giai đoạn nhất định,C?n ti?ng Anh nghi v?n: Mistune | S? t?/c?m nghi v?n: 1 | T? l? nghi v?n: 0.25 | M?c ??: 5.5
The enemy enters Mistune state while using certain skills or in certain phases,Kẻ địch sẽ vào trạng thái Mistune khi sử dụng một số kỹ năng hoặc trong một số giai đoạn nhất định,C?n ti?ng Anh nghi v?n: Mistune | S? t?/c?m nghi v?n: 1 | T? l? nghi v?n: 0.25 | M?c ??: 5.5
The enemy enters Mistune state while using certain skills or in certain phases,Kẻ địch sẽ vào trạng thái Mistune khi sử dụng một số kỹ năng hoặc trong một số giai đoạn nhất định,C?n ti?ng Anh nghi v?n: Mistune | S? t?/c?m nghi v?n: 1 | T? l? nghi v?n: 0.25 | M?c ??: 5.5
{0} Use the Projector to create Echo Projections for special interactions,{0} Dùng Projector để tạo Echo Projection cho các tương tác đặc biệt,C?n ti?ng Anh nghi v?n: Projector | S? t?/c?m nghi v?n: 1 | T? l? nghi v?n: 0.25 | M?c ??: 5.5
Certain Resonators can switch between Resonance Modes and change their combat characteristics.,Một số Resonators có thể chuyển đổi giữa các Modes Resonance và thay đổi đặc tính chiến đấu.,C?n ti?ng Anh nghi v?n: Modes | S? t?/c?m nghi v?n: 1 | T? l? nghi v?n: 0.25 | M?c ??: 5.5
Certain Resonators can switch between Resonance Modes and change their combat characteristics.,Một số Resonators có thể chuyển đổi giữa các Modes Resonance và thay đổi đặc tính chiến đấu.,C?n ti?ng Anh nghi v?n: Modes | S? t?/c?m nghi v?n: 1 | T? l? nghi v?n: 0.25 | M?c ??: 5.5
Certain Resonators can switch between Resonance Modes and change their combat characteristics.,Một số Resonators có thể chuyển đổi giữa các Modes Resonance và thay đổi đặc tính chiến đấu.,C?n ti?ng Anh nghi v?n: Modes | S? t?/c?m nghi v?n: 1 | T? l? nghi v?n: 0.25 | M?c ??: 5.5
Join different Fest activities from here,Tham gia các hoạt động Fest khác nhau từ đây,C?n ti?ng Anh nghi v?n: Fest | S? t?/c?m nghi v?n: 1 | T? l? nghi v?n: 0.25 | M?c ??: 5.5
Join different Fest activities from here,Tham gia các hoạt động Fest khác nhau từ đây,C?n ti?ng Anh nghi v?n: Fest | S? t?/c?m nghi v?n: 1 | T? l? nghi v?n: 0.25 | M?c ??: 5.5
Join different Fest activities from here,Tham gia các hoạt động Fest khác nhau từ đây,C?n ti?ng Anh nghi v?n: Fest | S? t?/c?m nghi v?n: 1 | T? l? nghi v?n: 0.25 | M?c ??: 5.5
"{Cus:Ipt,Touch=Tap PC=Press Gamepad=Press} the Green Button when a Green Note appears on the Track","{Cus:Ipt,Touch=Touch PC=press Gamepad=press} Button Xanh khi Xuất Hiện Nốt Xanh trên Đường Nhạc",C?n ti?ng Anh nghi v?n: Button | S? t?/c?m nghi v?n: 1 | T? l? nghi v?n: 0.25 | M?c ??: 5.5
"{Cus:Ipt,Touch=Tap PC=Click Gamepad=Press} here to view Exam details and Mechascout repair progress","{Cus:Ipt,Touch=tap PC=Bấm Gamepad=press} vào đây để xem chi tiết Kỳ Thi và tiến độ sửa chữa Mechascout",C?n ti?ng Anh nghi v?n: Mechascout | S? t?/c?m nghi v?n: 1 | T? l? nghi v?n: 0.25 | M?c ??: 5.5
"{Cus:Ipt,Touch=Tap PC=Click Gamepad=Press} here to view Exam details and Mechascout repair progress","{Cus:Ipt,Touch=tap PC=Bấm Gamepad=press} vào đây để xem chi tiết Kỳ Thi và tiến độ sửa chữa Mechascout",C?n ti?ng Anh nghi v?n: Mechascout | S? t?/c?m nghi v?n: 1 | T? l? nghi v?n: 0.25 | M?c ??: 5.5
"{Cus:Ipt,Touch=Tap PC=Click Gamepad=Press} here to view Exam details and Mechascout repair progress","{Cus:Ipt,Touch=tap PC=Bấm Gamepad=press} vào đây để xem chi tiết Kỳ Thi và tiến độ sửa chữa Mechascout",C?n ti?ng Anh nghi v?n: Mechascout | S? t?/c?m nghi v?n: 1 | T? l? nghi v?n: 0.25 | M?c ??: 5.5
You can view all Race stages and watch replays of past matches here.,Bạn có thể xem tất cả các giai đoạn Race và xem lại các trận đấu trước tại đây.,C?n ti?ng Anh nghi v?n: Race | S? t?/c?m nghi v?n: 1 | T? l? nghi v?n: 0.25 | M?c ??: 5.5
You can view all Race stages and watch replays of past matches here.,Bạn có thể xem tất cả các giai đoạn Race và xem lại các trận đấu trước tại đây.,C?n ti?ng Anh nghi v?n: Race | S? t?/c?m nghi v?n: 1 | T? l? nghi v?n: 0.25 | M?c ??: 5.5
You can view all Race stages and watch replays of past matches here.,Bạn có thể xem tất cả các giai đoạn Race và xem lại các trận đấu trước tại đây.,C?n ti?ng Anh nghi v?n: Race | S? t?/c?m nghi v?n: 1 | T? l? nghi v?n: 0.25 | M?c ??: 5.5
Obtain the required quantity of different Attributes Orbs to unlock more abilities of Illusive Echo.,Thu thập đủ số lượng Quả Cầu Thuộc Tính khác nhau để mở khóa thêm khả năng của Illusive Echo.,C?n ti?ng Anh nghi v?n: Illusive | S? t?/c?m nghi v?n: 1 | T? l? nghi v?n: 0.25 | M?c ??: 5.5
Obtain the required quantity of different Attributes Orbs to unlock more abilities of Illusive Echo.,Thu thập đủ số lượng Quả Cầu Thuộc Tính khác nhau để mở khóa thêm khả năng của Illusive Echo.,C?n ti?ng Anh nghi v?n: Illusive | S? t?/c?m nghi v?n: 1 | T? l? nghi v?n: 0.25 | M?c ??: 5.5
Obtain the required quantity of different Attributes Orbs to unlock more abilities of Illusive Echo.,Thu thập đủ số lượng Quả Cầu Thuộc Tính khác nhau để mở khóa thêm khả năng của Illusive Echo.,C?n ti?ng Anh nghi v?n: Illusive | S? t?/c?m nghi v?n: 1 | T? l? nghi v?n: 0.25 | M?c ??: 5.5
Obtain the required quantity of different Attributes Orbs to unlock more abilities of Illusive Echo.,Thu thập đủ số lượng Quả Cầu Thuộc Tính khác nhau để mở khóa thêm khả năng của Illusive Echo.,C?n ti?ng Anh nghi v?n: Illusive | S? t?/c?m nghi v?n: 1 | T? l? nghi v?n: 0.25 | M?c ??: 5.5
Obtain the required quantity of different Attributes Orbs to unlock more abilities of Illusive Echo.,Thu thập đủ số lượng Quả Cầu Thuộc Tính khác nhau để mở khóa thêm khả năng của Illusive Echo.,C?n ti?ng Anh nghi v?n: Illusive | S? t?/c?m nghi v?n: 1 | T? l? nghi v?n: 0.25 | M?c ??: 5.5
Obtain the required quantity of different Attributes Orbs to unlock more abilities of Illusive Echo.,Thu thập đủ số lượng Quả Cầu Thuộc Tính khác nhau để mở khóa thêm khả năng của Illusive Echo.,C?n ti?ng Anh nghi v?n: Illusive | S? t?/c?m nghi v?n: 1 | T? l? nghi v?n: 0.25 | M?c ??: 5.5
All materials required for the Restoration have been collected. Proceed to deliver them.,Đã thu thập đủ tất cả vật liệu cần thiết cho Restoration. Tiến hành giao nộp.,C?n ti?ng Anh nghi v?n: Restoration | S? t?/c?m nghi v?n: 1 | T? l? nghi v?n: 0.25 | M?c ??: 5.5
All materials required for the Restoration have been collected. Proceed to deliver them.,Đã thu thập đủ tất cả vật liệu cần thiết cho Restoration. Tiến hành giao nộp.,C?n ti?ng Anh nghi v?n: Restoration | S? t?/c?m nghi v?n: 1 | T? l? nghi v?n: 0.25 | M?c ??: 5.5
All materials required for the Restoration have been collected. Proceed to deliver them.,Đã thu thập đủ tất cả vật liệu cần thiết cho Restoration. Tiến hành giao nộp.,C?n ti?ng Anh nghi v?n: Restoration | S? t?/c?m nghi v?n: 1 | T? l? nghi v?n: 0.25 | M?c ??: 5.5
Ma He's Grocers,Ma Anh ấy's Grocers,C?n ti?ng Anh nghi v?n: Grocers | S? t?/c?m nghi v?n: 1 | T? l? nghi v?n: 0.25 | M?c ??: 5.5
The Cyrscorpion is one of the few Mutant Organisms that shares the same common name and scientific classification.,Cyrscorpion là một trong số ít Sinh Vật Đột Biến có chung tên thông thường và phân loại khoa học.,C?n ti?ng Anh nghi v?n: Cyrscorpion | S? t?/c?m nghi v?n: 1 | T? l? nghi v?n: 0.2 | M?c ??: 5.0
"Tacet Discord unique to the Dim Forest. Sighting reports and insurance claims state that it has a strong desire to hunt and attack, and is presumed to be dangerous.","Discord đặc trưng của Rừng Mờ. Theo báo cáo và yêu cầu bảo hiểm, nó có ham muốn săn mồi và tấn công mạnh mẽ, được cho là nguy hiểm.",C?n ti?ng Anh nghi v?n: Discord | S? t?/c?m nghi v?n: 1 | T? l? nghi v?n: 0.2 | M?c ??: 5.0
Stand next to Echo and tap {0} while the interface shows up to absorb the Echo.,Stand cạnh Echo và nhấn {0} khi giao diện xuất hiện để hấp thụ Echo.,C?n ti?ng Anh nghi v?n: Stand | S? t?/c?m nghi v?n: 1 | T? l? nghi v?n: 0.2 | M?c ??: 5.0
"Unlock the expedition motorbike during the Main Quest ""What Burns Beneath Frostlands"" or leave Startorch Academy after arriving","Mở khóa xe máy thám hiểm trong Nhiệm Vụ Chính ""Điều Gì Cháy Dưới Vùng Đất Băng Giá"" hoặc rời Học Viện Startorch sau khi đến nơi",C?n ti?ng Anh nghi v?n: Startorch | S? t?/c?m nghi v?n: 1 | T? l? nghi v?n: 0.2 | M?c ??: 5.0
Enable Ray Tracing to calculate indirect lighting for more realistic lighting in the game. Higher settings will result in higher performance costs.,"Bật Tính Năng Dò Tia để tính toán ánh sáng gián tiếp, mang lại hiệu ứng ánh sáng chân thực hơn trong game. Cài đặt càng cao, yêu cầu hiệu năng càng lớn.",C?n ti?ng Anh nghi v?n: game | S? t?/c?m nghi v?n: 1 | T? l? nghi v?n: 0.2 | M?c ??: 5.0
"Dark flames dance in the Somnoire. This time, near the edge of dreams, you glimpse a familiar figure… At least here in your dreams, his ambition to engulf the world in flames shall forever burn.","Lửa tối nhảy múa trong Somnoire. Lần này, gần bờ mộng, bạn thoáng thấy một bóng dáng quen thuộc… Ít nhất trong giấc mơ này, tham vọng thiêu đốt thế giới của hắn sẽ mãi bùng cháy.",C?n ti?ng Anh nghi v?n: Somnoire | S? t?/c?m nghi v?n: 1 | T? l? nghi v?n: 0.2 | M?c ??: 5.0
"Dark flames dance in the Somnoire. This time, near the edge of dreams, you glimpse a familiar figure… At least here in your dreams, his ambition to engulf the world in flames shall forever burn.","Lửa tối nhảy múa trong Somnoire. Lần này, gần bờ mộng, bạn thoáng thấy một bóng dáng quen thuộc… Ít nhất trong giấc mơ này, tham vọng thiêu đốt thế giới của hắn sẽ mãi bùng cháy.",C?n ti?ng Anh nghi v?n: Somnoire | S? t?/c?m nghi v?n: 1 | T? l? nghi v?n: 0.2 | M?c ??: 5.0
"Dark flames dance in the Somnoire. This time, near the edge of dreams, you glimpse a familiar figure… At least here in your dreams, his ambition to engulf the world in flames shall forever burn.","Lửa tối nhảy múa trong Somnoire. Lần này, gần bờ mộng, bạn thoáng thấy một bóng dáng quen thuộc… Ít nhất trong giấc mơ này, tham vọng thiêu đốt thế giới của hắn sẽ mãi bùng cháy.",C?n ti?ng Anh nghi v?n: Somnoire | S? t?/c?m nghi v?n: 1 | T? l? nghi v?n: 0.2 | M?c ??: 5.0
"Dark flames dance in the Somnoire. This time, near the edge of dreams, you glimpse a familiar figure… At least here in your dreams, his ambition to engulf the world in flames shall forever burn.","Lửa tối nhảy múa trong Somnoire. Lần này, gần bờ mộng, bạn thoáng thấy một bóng dáng quen thuộc… Ít nhất trong giấc mơ này, tham vọng thiêu đốt thế giới của hắn sẽ mãi bùng cháy.",C?n ti?ng Anh nghi v?n: Somnoire | S? t?/c?m nghi v?n: 1 | T? l? nghi v?n: 0.2 | M?c ??: 5.0
"Dark flames dance in the Somnoire. This time, near the edge of dreams, you glimpse a familiar figure… At least here in your dreams, his ambition to engulf the world in flames shall forever burn.","Lửa tối nhảy múa trong Somnoire. Lần này, gần bờ mộng, bạn thoáng thấy một bóng dáng quen thuộc… Ít nhất trong giấc mơ này, tham vọng thiêu đốt thế giới của hắn sẽ mãi bùng cháy.",C?n ti?ng Anh nghi v?n: Somnoire | S? t?/c?m nghi v?n: 1 | T? l? nghi v?n: 0.2 | M?c ??: 5.0
"Descend into the depth of Somnoire, the depth of dreams. Here, chaos and noises reign. You watch the fabric of the whole place crumble before you. To the deeper dream, you go, and a faint whisper caresses your ear... In the realms of dreams, only the dream itself holds the answers we seek.","Hạ xuống vực sâu của Somnoire, vực sâu của giấc mơ. Nơi đây, hỗn loạn và tiếng ồn ngự trị. Bạn chứng kiến toàn bộ cấu trúc nơi này sụp đổ trước mắt. Bạn tiến sâu hơn vào giấc mơ, và một lời thì thầm nhẹ nhàng vuốt ve đôi tai... Trong vương quốc của những giấc mơ, chỉ có giấc mơ mới nắm giữ câu trả lời chúng ta tìm kiếm.",C?n ti?ng Anh nghi v?n: Somnoire | S? t?/c?m nghi v?n: 1 | T? l? nghi v?n: 0.2 | M?c ??: 5.0
"Descend into the depth of Somnoire, the depth of dreams. Here, chaos and noises reign. You watch the fabric of the whole place crumble before you. To the deeper dream, you go, and a faint whisper caresses your ear... In the realms of dreams, only the dream itself holds the answers we seek.","Hạ xuống vực sâu của Somnoire, vực sâu của giấc mơ. Nơi đây, hỗn loạn và tiếng ồn ngự trị. Bạn chứng kiến toàn bộ cấu trúc nơi này sụp đổ trước mắt. Bạn tiến sâu hơn vào giấc mơ, và một lời thì thầm nhẹ nhàng vuốt ve đôi tai... Trong vương quốc của những giấc mơ, chỉ có giấc mơ mới nắm giữ câu trả lời chúng ta tìm kiếm.",C?n ti?ng Anh nghi v?n: Somnoire | S? t?/c?m nghi v?n: 1 | T? l? nghi v?n: 0.2 | M?c ??: 5.0
"Descend into the depth of Somnoire, the depth of dreams. Here, chaos and noises reign. You watch the fabric of the whole place crumble before you. To the deeper dream, you go, and a faint whisper caresses your ear... In the realms of dreams, only the dream itself holds the answers we seek.","Hạ xuống vực sâu của Somnoire, vực sâu của giấc mơ. Nơi đây, hỗn loạn và tiếng ồn ngự trị. Bạn chứng kiến toàn bộ cấu trúc nơi này sụp đổ trước mắt. Bạn tiến sâu hơn vào giấc mơ, và một lời thì thầm nhẹ nhàng vuốt ve đôi tai... Trong vương quốc của những giấc mơ, chỉ có giấc mơ mới nắm giữ câu trả lời chúng ta tìm kiếm.",C?n ti?ng Anh nghi v?n: Somnoire | S? t?/c?m nghi v?n: 1 | T? l? nghi v?n: 0.2 | M?c ??: 5.0
"Descend into the depth of Somnoire, the depth of dreams. Here, chaos and noises reign. You watch the fabric of the whole place crumble before you. To the deeper dream, you go, and a faint whisper caresses your ear... In the realms of dreams, only the dream itself holds the answers we seek.","Hạ xuống vực sâu của Somnoire, vực sâu của giấc mơ. Nơi đây, hỗn loạn và tiếng ồn ngự trị. Bạn chứng kiến toàn bộ cấu trúc nơi này sụp đổ trước mắt. Bạn tiến sâu hơn vào giấc mơ, và một lời thì thầm nhẹ nhàng vuốt ve đôi tai... Trong vương quốc của những giấc mơ, chỉ có giấc mơ mới nắm giữ câu trả lời chúng ta tìm kiếm.",C?n ti?ng Anh nghi v?n: Somnoire | S? t?/c?m nghi v?n: 1 | T? l? nghi v?n: 0.2 | M?c ??: 5.0
"Descend into the depth of Somnoire, the depth of dreams. Here, chaos and noises reign. You watch the fabric of the whole place crumble before you. To the deeper dream, you go, and a faint whisper caresses your ear... In the realms of dreams, only the dream itself holds the answers we seek.","Hạ xuống vực sâu của Somnoire, vực sâu của giấc mơ. Nơi đây, hỗn loạn và tiếng ồn ngự trị. Bạn chứng kiến toàn bộ cấu trúc nơi này sụp đổ trước mắt. Bạn tiến sâu hơn vào giấc mơ, và một lời thì thầm nhẹ nhàng vuốt ve đôi tai... Trong vương quốc của những giấc mơ, chỉ có giấc mơ mới nắm giữ câu trả lời chúng ta tìm kiếm.",C?n ti?ng Anh nghi v?n: Somnoire | S? t?/c?m nghi v?n: 1 | T? l? nghi v?n: 0.2 | M?c ??: 5.0
"The phantoms linger in the wilderness, creeping ahead as they tilt their heads toward the husky whispers.

The Infinite Reality Sandbox projects a Sonoro Sphere fraught with danger. Proceed with caution.","Những bóng ma vẫn lảng vảng nơi hoang dã, lẻn tới phía trước khi nghiêng đầu về phía những lời thì thầm khàn khàn.

Hộp Cát Thực Tế Vô Tận chiếu một Quả Cầu Sonoro đầy nguy hiểm. Hãy tiến lên một cách thận trọng.",C?n ti?ng Anh nghi v?n: Sonoro | S? t?/c?m nghi v?n: 1 | T? l? nghi v?n: 0.2 | M?c ??: 5.0
"""Embark on a dream-seeking journey. May you find your true self in this clearer world.""
Help Dorothy defeat the monsters behind the gate.","""Hãy bắt đầu cuộc hành trình tìm kiếm giấc mơ. Mong rằng bạn sẽ tìm thấy bản thân thật sự trong thế giới sáng rõ này.""
Giúp Dorothy đánh bại những con quái vật phía sau cánh cổng.",C?n ti?ng Anh nghi v?n: Dorothy | S? t?/c?m nghi v?n: 1 | T? l? nghi v?n: 0.2 | M?c ??: 5.0
"The vault houses an exquisite collection of rare Echoes and artwork. Upholding the principle of ""Inviolability of Property,"" it is the safest and most impregnable place in Rinascita.","Kho tàng lưu giữ bộ sưu tập Echoes và tác phẩm nghệ thuật quý hiếm. Theo nguyên tắc ""Bất Khả Xâm Phạm Tài Sản"", đây là nơi an toàn và vững chắc nhất ở Rinascita.",C?n ti?ng Anh nghi v?n: an | S? t?/c?m nghi v?n: 1 | T? l? nghi v?n: 0.2 | M?c ??: 5.0
"""Even in the deepest abyss, something beautiful can be born.""
Help Dorothy defeat the monster behind the door.","""Dù trong vực thẳm sâu nhất, vẫn có thể sinh ra điều đẹp đẽ.""
Giúp Dorothy đánh bại quái vật sau cánh cửa.",C?n ti?ng Anh nghi v?n: Dorothy | S? t?/c?m nghi v?n: 1 | T? l? nghi v?n: 0.2 | M?c ??: 5.0
"Would you really? Oh, that would mean a great deal to me, {PlayerName}! Then I shall leave the task of restoring the Faded Zones to you.","Thật sao? Ồ, điều đó có ý nghĩa rất lớn với tôi, {PlayerName}! Vậy thì tôi sẽ giao nhiệm vụ khôi phục các Faded Zone cho cậu.",C?n ti?ng Anh nghi v?n: Faded | S? t?/c?m nghi v?n: 1 | T? l? nghi v?n: 0.2 | M?c ??: 5.0
"So, {PlayerName}, I'd like to ask you to keep eliminating those TDs hidden within the network. Only then will the dreams housed in the Somnoire be safe.","{PlayerName} à, tôi muốn nhờ cậu tiếp tục tiêu diệt những TD ẩn nấp trong mạng lưới. Chỉ như vậy, những giấc mơ trong Somnoire mới được an toàn.",C?n ti?ng Anh nghi v?n: Somnoire | S? t?/c?m nghi v?n: 1 | T? l? nghi v?n: 0.2 | M?c ??: 5.0
"In the cacophony of the world's sounds, the lifelong challenge for every musician is to distill the purest melodies... and ""Aria Mummers"" are no exception.","Trong sự hỗn loạn của âm thanh thế gian, thách thức cả đời của mỗi nhạc sĩ là chắt lọc những giai điệu thuần khiết nhất... và ""Người Diễn Aria"" cũng không ngoại lệ.",C?n ti?ng Anh nghi v?n: Aria | S? t?/c?m nghi v?n: 1 | T? l? nghi v?n: 0.2 | M?c ??: 5.0
"I have always believed, alongside Melody, that great music has the power to touch others and inspire change.",Tôi luôn tin cùng Melody rằng âm nhạc tuyệt vời có sức mạnh lay động lòng người và truyền cảm hứng cho sự thay đổi.,C?n ti?ng Anh nghi v?n: Melody | S? t?/c?m nghi v?n: 1 | T? l? nghi v?n: 0.2 | M?c ??: 5.0
"You close your eyes. After a while, you begin to hear Breen the Screen's excited voice.","Bạn nhắm mắt lại. Một lúc sau, bạn bắt đầu nghe thấy giọng Breen the Screen đầy háo hức.",C?n ti?ng Anh nghi v?n: Breen | S? t?/c?m nghi v?n: 1 | T? l? nghi v?n: 0.2 | M?c ??: 5.0
"A large banner like this can only be activated when no Tacet Discords are nearby. Of course, it'll provide a greater boost boost boost! Beep—","Một tấm băng rôn lớn như thế này chỉ có thể kích hoạt khi không có Tacet Discord nào ở gần. Tất nhiên, nó sẽ mang lại hiệu ứng tăng cường mạnh hơn! Beep—",C?n ti?ng Anh nghi v?n: Beep | S? t?/c?m nghi v?n: 1 | T? l? nghi v?n: 0.2 | M?c ??: 5.0
"Hate to break to you, {PlayerName}. Things are more complicated than we thought. Meow! We even found that cinema from last time in these samples.","Không muốn nói với {PlayerName} đâu, nhưng mọi chuyện phức tạp hơn ta tưởng. Meow! Thậm chí ta còn tìm thấy rạp chiếu phim lần trước trong những mẫu này.",C?n ti?ng Anh nghi v?n: Meow | S? t?/c?m nghi v?n: 1 | T? l? nghi v?n: 0.2 | M?c ??: 5.0
"Don't worry, you'll get your rewards. We promise. Meow! Guess what, {PlayerName}? We found that cinema from last time in these samples.","Đừng lo, cậu sẽ nhận được thưởng. Chúng tớ hứa mà. Meow! Đoán xem nào, {PlayerName}? Chúng tớ tìm thấy rạp chiếu phim lần trước trong mấy mẫu này đấy.",C?n ti?ng Anh nghi v?n: Meow | S? t?/c?m nghi v?n: 1 | T? l? nghi v?n: 0.2 | M?c ??: 5.0
I'm collecting Sacred Salt for future needs.,Tôi đang thu thập Sacred Muối cho nhu cầu tương lai.,C?n ti?ng Anh nghi v?n: Sacred | S? t?/c?m nghi v?n: 1 | T? l? nghi v?n: 0.2 | M?c ??: 5.0
They were hoping to return home. The warriors of Septimont would much rather return to their homeland than find eternal peace in Dreamscapes.,Họ mong muốn được trở về nhà. Những chiến binh Septimont thà trở về quê hương còn hơn tìm sự bình yên vĩnh cửu trong Dreamscapes.,C?n ti?ng Anh nghi v?n: Dreamscapes | S? t?/c?m nghi v?n: 1 | T? l? nghi v?n: 0.2 | M?c ??: 5.0
"Ah, warrior... Do I know you from somewhere? Did you participate in the Great Agon?","À, chiến binh... Tôi có quen cậu ở đâu không nhỉ? Cậu có tham gia Đại Agon không?",C?n ti?ng Anh nghi v?n: Agon | S? t?/c?m nghi v?n: 1 | T? l? nghi v?n: 0.2 | M?c ??: 5.0
"Oh, please reconsider, Grandpa Jingzhu! Echoes will always be there for you to capture. Once you recover, you can catch as many as you want!","Ôi, ông hãy suy nghĩ lại đi, ông nội Jingzhu! Echoes vẫn sẽ ở đó để ông bắt. Khi ông hồi phục, ông có thể bắt bao nhiêu tùy thích!",C?n ti?ng Anh nghi v?n: Jingzhu | S? t?/c?m nghi v?n: 1 | T? l? nghi v?n: 0.2 | M?c ??: 5.0
"There are quite a few juniors in there who were once beaten hard by me, haha! So, I’ll refrain from joining you and spoiling their spirits.","Trong đó có khá nhiều đàn em từng bị tôi ""dạy dỗ"" đấy, haha! Vậy nên tôi sẽ không tham gia cùng các cậu để khỏi làm tụi nó nản chí.",C?n ti?ng Anh nghi v?n: haha | S? t?/c?m nghi v?n: 1 | T? l? nghi v?n: 0.2 | M?c ??: 5.0
"Despite your youthful vigor, enduring Yhan’s training again in such a brief span may still be quite a challenge. Maybe, we can...","Dù tràn đầy sức trẻ, nhưng trải qua lại khóa huấn luyện của Yhan trong thời gian ngắn như vậy có lẽ vẫn là một thử thách không nhỏ. Có lẽ, chúng ta có thể...",C?n ti?ng Anh nghi v?n: Yhan | S? t?/c?m nghi v?n: 1 | T? l? nghi v?n: 0.2 | M?c ??: 5.0
"Ah, let me think... the most formidable and impressive one around here is... Havoc Warrior! Let's capture it!","À, để tôi nghĩ xem... con mạnh mẽ và ấn tượng nhất quanh đây là... Havoc Warrior! Hãy chụp lại nó!",C?n ti?ng Anh nghi v?n: Warrior | S? t?/c?m nghi v?n: 1 | T? l? nghi v?n: 0.2 | M?c ??: 5.0
I must carefully consider why Linghan went out today. There must be a purpose behind it.,Tôi phải suy nghĩ kỹ lý do Linghan ra ngoài hôm nay. Chắc hẳn có mục đích nào đó.,C?n ti?ng Anh nghi v?n: Linghan | S? t?/c?m nghi v?n: 1 | T? l? nghi v?n: 0.2 | M?c ??: 5.0
"Yep! The more eyes we have, the faster we can track down Grandma Linghan.","Đúng vậy! Càng nhiều người quan sát, chúng ta càng nhanh tìm ra bà Linghan.",C?n ti?ng Anh nghi v?n: Linghan | S? t?/c?m nghi v?n: 1 | T? l? nghi v?n: 0.2 | M?c ??: 5.0
"Now that you mention it, something just jogged my memory. It might help us locate Linghan swiftly.","Giờ cậu nhắc tới, ta chợt nhớ ra điều gì đó. Có thể nó sẽ giúp chúng ta tìm thấy Linghan nhanh chóng.",C?n ti?ng Anh nghi v?n: Linghan | S? t?/c?m nghi v?n: 1 | T? l? nghi v?n: 0.2 | M?c ??: 5.0
"Instead of worrying us, go make sure Grandma Linghan’s okay!","Thay vì lo lắng cho chúng tôi, hãy đi kiểm tra bà Linghan có ổn không đi!",C?n ti?ng Anh nghi v?n: Linghan | S? t?/c?m nghi v?n: 1 | T? l? nghi v?n: 0.2 | M?c ??: 5.0
"Mornye also helped work on the theories, though only a tiny part during the initial phase before she got buried under a mountain of student essays...","Mornye cũng đã đóng góp một phần nhỏ vào lý thuyết trong giai đoạn đầu, trước khi cô ấy bị chôn vùi dưới núi bài luận của sinh viên...",C?n ti?ng Anh nghi v?n: Mornye | S? t?/c?m nghi v?n: 1 | T? l? nghi v?n: 0.2 | M?c ??: 5.0
"On the other hand... One could consider it a box, in a way. The usual boxes contain physical items, but the Sonance Caskets contain records of the past.","Mặt khác... Có thể coi nó như một chiếc hộp theo cách nào đó. Những chiếc hộp thông thường chứa vật phẩm hữu hình, còn Sonance Casket chứa đựng những ghi chép về quá khứ.",C?n ti?ng Anh nghi v?n: Sonance | S? t?/c?m nghi v?n: 1 | T? l? nghi v?n: 0.2 | M?c ??: 5.0
"Oops, got a bit carried away there. Let’s hustle back to Auntie Panhua’s restaurant! Who knew making a dish would be such a mission...","Ôi, hơi quá tay rồi. Nhanh quay lại quán của Dì Panhua thôi! Ai ngờ nấu một món ăn lại phức tạp thế này...",C?n ti?ng Anh nghi v?n: Panhua | S? t?/c?m nghi v?n: 1 | T? l? nghi v?n: 0.2 | M?c ??: 5.0
"Wow, can you believe we’ve covered almost half of Jinzhou in just one day?","Wow, cậu có tin được là chúng ta đã đi gần nửa thành Jinzhou chỉ trong một ngày không?",C?n ti?ng Anh nghi v?n: Wow | S? t?/c?m nghi v?n: 1 | T? l? nghi v?n: 0.2 | M?c ??: 5.0
"After listening to your explanation, Mahe scrutinizes the old recipe.","Sau khi nghe giải thích của bạn, Mahe xem xét kỹ lưỡng công thức cũ.",C?n ti?ng Anh nghi v?n: Mahe | S? t?/c?m nghi v?n: 1 | T? l? nghi v?n: 0.2 | M?c ??: 5.0
"Even though it’s a bit of a trek, I’m thrilled to show you around my hometown. We’re nearing the Main Street, where things get even more interesting.","Dù hơi xa xôi nhưng tôi rất háo hức dẫn bạn tham quan quê hương mình. Chúng ta sắp đến Phố Main rồi, nơi có nhiều điều thú vị hơn nữa đấy.",C?n ti?ng Anh nghi v?n: Main | S? t?/c?m nghi v?n: 1 | T? l? nghi v?n: 0.2 | M?c ??: 5.0
"Alright, let’s cut to the chase. {PlayerName} and I are here to get you to check out this recipe Auntie Panhua handed us.",Thôi không vòng vo nữa. {PlayerName} và tôi đến đây để nhờ cậu xem qua công thức mà dì Panhua đưa cho chúng tôi.,C?n ti?ng Anh nghi v?n: Panhua | S? t?/c?m nghi v?n: 1 | T? l? nghi v?n: 0.2 | M?c ??: 5.0
"This recipe seems ancient. The Monkvyrid water is an old term from pharmacies, referring to that medicinal soup. Hold on, I’ve got the pre-made stuff for you.","Công thức này có vẻ cổ xưa. ""Nước Monkvyrid"" là thuật ngữ cũ trong dược điển, chỉ loại súp thuốc đó. Khoan đã, tôi có sẵn nguyên liệu pha chế sẵn cho bạn đây.",C?n ti?ng Anh nghi v?n: Monkvyrid | S? t?/c?m nghi v?n: 1 | T? l? nghi v?n: 0.2 | M?c ??: 5.0
"Anyway... Although I reside in the town, I actually have business dealings with some shops in the city. You might have indirectly purchased my goods already.","Anyway... Mặc dù mình sống ở thị trấn, nhưng mình thực ra có giao dịch với một số cửa hàng trong thành phố. Có thể cậu đã gián tiếp mua hàng của mình rồi đấy.",C?n ti?ng Anh nghi v?n: Anyway | S? t?/c?m nghi v?n: 1 | T? l? nghi v?n: 0.2 | M?c ??: 5.0
"You cannot bring anything inside here. If you need anything in battle, you'll need to manifest them from the dreams recorded in the Somnoire.","Bạn không thể mang bất cứ thứ gì vào đây. Nếu cần gì trong trận chiến, bạn sẽ phải triệu hồi chúng từ những giấc mơ được ghi lại trong Somnoire.",C?n ti?ng Anh nghi v?n: Somnoire | S? t?/c?m nghi v?n: 1 | T? l? nghi v?n: 0.2 | M?c ??: 5.0
Gain and consume Forte Gauge through various attack methods.,Tích lũy và tiêu hao Forte Gauge thông qua các phương thức tấn công khác nhau.,C?n ti?ng Anh nghi v?n: Gauge | S? t?/c?m nghi v?n: 1 | T? l? nghi v?n: 0.2 | M?c ??: 5.0
Gain and consume Forte Gauge through various attack methods.,Tích lũy và tiêu hao Forte Gauge thông qua các phương thức tấn công khác nhau.,C?n ti?ng Anh nghi v?n: Gauge | S? t?/c?m nghi v?n: 1 | T? l? nghi v?n: 0.2 | M?c ??: 5.0
Gain and consume Forte Gauge through various attack methods.,Tích lũy và tiêu hao Forte Gauge thông qua các phương thức tấn công khác nhau.,C?n ti?ng Anh nghi v?n: Gauge | S? t?/c?m nghi v?n: 1 | T? l? nghi v?n: 0.2 | M?c ??: 5.0
Gain and consume Forte Gauge through various attack methods.,Tích lũy và tiêu hao Forte Gauge thông qua các phương thức tấn công khác nhau.,C?n ti?ng Anh nghi v?n: Gauge | S? t?/c?m nghi v?n: 1 | T? l? nghi v?n: 0.2 | M?c ??: 5.0
Gain and consume Forte Gauge through various attack methods.,Tích lũy và tiêu hao Forte Gauge thông qua các phương thức tấn công khác nhau.,C?n ti?ng Anh nghi v?n: Gauge | S? t?/c?m nghi v?n: 1 | T? l? nghi v?n: 0.2 | M?c ??: 5.0
Rover's Resonance Attribute can be converted between Spectro and Havoc.,Attribute Resonance của Rover có thể chuyển đổi giữa Spectro và Havoc.,C?n ti?ng Anh nghi v?n: Attribute | S? t?/c?m nghi v?n: 1 | T? l? nghi v?n: 0.2 | M?c ??: 5.0
Rover's Resonance Attribute can be converted between Spectro and Havoc.,Attribute Resonance của Rover có thể chuyển đổi giữa Spectro và Havoc.,C?n ti?ng Anh nghi v?n: Attribute | S? t?/c?m nghi v?n: 1 | T? l? nghi v?n: 0.2 | M?c ??: 5.0
Rover's Resonance Attribute can be converted between Spectro and Havoc.,Attribute Resonance của Rover có thể chuyển đổi giữa Spectro và Havoc.,C?n ti?ng Anh nghi v?n: Attribute | S? t?/c?m nghi v?n: 1 | T? l? nghi v?n: 0.2 | M?c ??: 5.0
Rover's Resonance Attribute can be converted between Spectro and Havoc.,Attribute Resonance của Rover có thể chuyển đổi giữa Spectro và Havoc.,C?n ti?ng Anh nghi v?n: Attribute | S? t?/c?m nghi v?n: 1 | T? l? nghi v?n: 0.2 | M?c ??: 5.0
Rover's Resonance Attribute can be converted between Spectro and Havoc.,Attribute Resonance của Rover có thể chuyển đổi giữa Spectro và Havoc.,C?n ti?ng Anh nghi v?n: Attribute | S? t?/c?m nghi v?n: 1 | T? l? nghi v?n: 0.2 | M?c ??: 5.0
Rover's Resonance Attribute can be converted between Spectro and Havoc.,Attribute Resonance của Rover có thể chuyển đổi giữa Spectro và Havoc.,C?n ti?ng Anh nghi v?n: Attribute | S? t?/c?m nghi v?n: 1 | T? l? nghi v?n: 0.2 | M?c ??: 5.0
{0} Auto Equip to view recommended Echoes and quickly equip them.,{0} Tự Động Equip để xem Echoes đề xuất và trang bị nhanh chóng.,C?n ti?ng Anh nghi v?n: Equip | S? t?/c?m nghi v?n: 1 | T? l? nghi v?n: 0.2 | M?c ??: 5.0
Equip up to 5 Echoes. Level up Echoes to provide Stat boost for Resonators.,Equip tối đa 5 Echoes. Nâng cấp Echoes để tăng chỉ số cho Resonators.,C?n ti?ng Anh nghi v?n: Equip | S? t?/c?m nghi v?n: 1 | T? l? nghi v?n: 0.2 | M?c ??: 5.0
Equip up to 5 Echoes. Level up Echoes to provide Stat boost for Resonators.,Equip tối đa 5 Echoes. Nâng cấp Echoes để tăng chỉ số cho Resonators.,C?n ti?ng Anh nghi v?n: Equip | S? t?/c?m nghi v?n: 1 | T? l? nghi v?n: 0.2 | M?c ??: 5.0
Auto Equip to view recommended Echoes and quickly equip them.,Bật Tự Động Equip để xem Echoes đề xuất và trang bị nhanh.,C?n ti?ng Anh nghi v?n: Equip | S? t?/c?m nghi v?n: 1 | T? l? nghi v?n: 0.2 | M?c ??: 5.0
Auto Equip to view recommended Echoes and quickly equip them.,Bật Tự Động Equip để xem Echoes đề xuất và trang bị nhanh.,C?n ti?ng Anh nghi v?n: Equip | S? t?/c?m nghi v?n: 1 | T? l? nghi v?n: 0.2 | M?c ??: 5.0
Restoration Stations on the map can revive Resonators and restore their HP,Các Restoration Station trên bản đồ có thể hồi sinh Resonators và phục hồi HP.,C?n ti?ng Anh nghi v?n: Restoration | S? t?/c?m nghi v?n: 1 | T? l? nghi v?n: 0.2 | M?c ??: 5.0
Restoration Stations on the map can revive Resonators and restore their HP,Các Restoration Station trên bản đồ có thể hồi sinh Resonators và phục hồi HP.,C?n ti?ng Anh nghi v?n: Restoration | S? t?/c?m nghi v?n: 1 | T? l? nghi v?n: 0.2 | M?c ??: 5.0
Restoration Stations on the map can revive Resonators and restore their HP,Các Restoration Station trên bản đồ có thể hồi sinh Resonators và phục hồi HP.,C?n ti?ng Anh nghi v?n: Restoration | S? t?/c?m nghi v?n: 1 | T? l? nghi v?n: 0.2 | M?c ??: 5.0
Cubes with higher Underdog Odds grant more Popularity Rewards if they win.,Khối Cube có Tỷ Lệ Thua Cao hơn sẽ mang lại nhiều phần thưởng Popularity hơn nếu chiến thắng.,C?n ti?ng Anh nghi v?n: Popularity | S? t?/c?m nghi v?n: 1 | T? l? nghi v?n: 0.2 | M?c ??: 5.0
Cubes with higher Underdog Odds grant more Popularity Rewards if they win.,Khối Cube có Tỷ Lệ Thua Cao hơn sẽ mang lại nhiều phần thưởng Popularity hơn nếu chiến thắng.,C?n ti?ng Anh nghi v?n: Popularity | S? t?/c?m nghi v?n: 1 | T? l? nghi v?n: 0.2 | M?c ??: 5.0
Cubes with higher Underdog Odds grant more Popularity Rewards if they win.,Khối Cube có Tỷ Lệ Thua Cao hơn sẽ mang lại nhiều phần thưởng Popularity hơn nếu chiến thắng.,C?n ti?ng Anh nghi v?n: Popularity | S? t?/c?m nghi v?n: 1 | T? l? nghi v?n: 0.2 | M?c ??: 5.0
"The area up ahead contains a Main Story event, where a key part of the story unfolds. {Cus:Ipt,Touch=Tap PC=Click Gamepad=Press} the area to proceed.","Khu vực phía trước có sự kiện Cốt Truyện Main, nơi diễn ra một phần quan trọng của câu chuyện. {Cus:Ipt,Touch=Touch PC=click Gamepad=press} vào khu vực để tiếp tục.",C?n ti?ng Anh nghi v?n: Main | S? t?/c?m nghi v?n: 1 | T? l? nghi v?n: 0.2 | M?c ??: 5.0
"The area up ahead contains a Main Story event, where a key part of the story unfolds. {Cus:Ipt,Touch=Tap PC=Click Gamepad=Press} the area to proceed.","Khu vực phía trước có sự kiện Cốt Truyện Main, nơi diễn ra một phần quan trọng của câu chuyện. {Cus:Ipt,Touch=Touch PC=click Gamepad=press} vào khu vực để tiếp tục.",C?n ti?ng Anh nghi v?n: Main | S? t?/c?m nghi v?n: 1 | T? l? nghi v?n: 0.2 | M?c ??: 5.0
"The area up ahead contains a Main Story event, where a key part of the story unfolds. {Cus:Ipt,Touch=Tap PC=Click Gamepad=Press} the area to proceed.","Khu vực phía trước có sự kiện Cốt Truyện Main, nơi diễn ra một phần quan trọng của câu chuyện. {Cus:Ipt,Touch=Touch PC=click Gamepad=press} vào khu vực để tiếp tục.",C?n ti?ng Anh nghi v?n: Main | S? t?/c?m nghi v?n: 1 | T? l? nghi v?n: 0.2 | M?c ??: 5.0
Drag the Fusion Warrior to the left side of the Deployment Zone.,Kéo Fusion Warrior sang bên trái của Khu Triển Khai.,C?n ti?ng Anh nghi v?n: Warrior | S? t?/c?m nghi v?n: 1 | T? l? nghi v?n: 0.2 | M?c ??: 5.0
Drag the Fusion Warrior to the left side of the Deployment Zone.,Kéo Fusion Warrior sang bên trái của Khu Triển Khai.,C?n ti?ng Anh nghi v?n: Warrior | S? t?/c?m nghi v?n: 1 | T? l? nghi v?n: 0.2 | M?c ??: 5.0
Drag the Fusion Warrior to the left side of the Deployment Zone.,Kéo Fusion Warrior sang bên trái của Khu Triển Khai.,C?n ti?ng Anh nghi v?n: Warrior | S? t?/c?m nghi v?n: 1 | T? l? nghi v?n: 0.2 | M?c ??: 5.0
"The Fusion Warrior has been enhanced.
After the round is over, unused Echoes will return to the deck.","Fusion Warrior đã được tăng cường.
Sau khi vòng đấu kết thúc, các Echoes không sử dụng sẽ trở về bộ bài.",C?n ti?ng Anh nghi v?n: Warrior | S? t?/c?m nghi v?n: 1 | T? l? nghi v?n: 0.2 | M?c ??: 5.0
"The Fusion Warrior has been enhanced.
After the round is over, unused Echoes will return to the deck.","Fusion Warrior đã được tăng cường.
Sau khi vòng đấu kết thúc, các Echoes không sử dụng sẽ trở về bộ bài.",C?n ti?ng Anh nghi v?n: Warrior | S? t?/c?m nghi v?n: 1 | T? l? nghi v?n: 0.2 | M?c ??: 5.0
Some stages require specific Combat Machines to be equipped before starting.,Một số giai đoạn yêu cầu trang bị Combat Machine cụ thể trước khi bắt đầu.,C?n ti?ng Anh nghi v?n: Combat | S? t?/c?m nghi v?n: 1 | T? l? nghi v?n: 0.2 | M?c ??: 5.0
Some stages require specific Combat Machines to be equipped before starting.,Một số giai đoạn yêu cầu trang bị Combat Machine cụ thể trước khi bắt đầu.,C?n ti?ng Anh nghi v?n: Combat | S? t?/c?m nghi v?n: 1 | T? l? nghi v?n: 0.2 | M?c ??: 5.0
Some stages require specific Combat Machines to be equipped before starting.,Một số giai đoạn yêu cầu trang bị Combat Machine cụ thể trước khi bắt đầu.,C?n ti?ng Anh nghi v?n: Combat | S? t?/c?m nghi v?n: 1 | T? l? nghi v?n: 0.2 | M?c ??: 5.0
"This Namipon Sticker's effect applies only to Rover, greatly enhancing Rover's combat power.","Hiệu ứng của Namipon Sticker này chỉ áp dụng cho Rover, tăng cường đáng kể sức chiến đấu của Rover.",C?n ti?ng Anh nghi v?n: Namipon | S? t?/c?m nghi v?n: 1 | T? l? nghi v?n: 0.2 | M?c ??: 5.0
"This Namipon Sticker's effect applies only to Rover, greatly enhancing Rover's combat power.","Hiệu ứng của Namipon Sticker này chỉ áp dụng cho Rover, tăng cường đáng kể sức chiến đấu của Rover.",C?n ti?ng Anh nghi v?n: Namipon | S? t?/c?m nghi v?n: 1 | T? l? nghi v?n: 0.2 | M?c ??: 5.0
"This Namipon Sticker's effect applies only to Rover, greatly enhancing Rover's combat power.","Hiệu ứng của Namipon Sticker này chỉ áp dụng cho Rover, tăng cường đáng kể sức chiến đấu của Rover.",C?n ti?ng Anh nghi v?n: Namipon | S? t?/c?m nghi v?n: 1 | T? l? nghi v?n: 0.2 | M?c ??: 5.0
Collect energy to fire the Photonic Beam to damage the Voidworm,Thu thập năng lượng để phóng Tia Quang Tử gây sát thương cho Voidworm.,C?n ti?ng Anh nghi v?n: Voidworm | S? t?/c?m nghi v?n: 1 | T? l? nghi v?n: 0.2 | M?c ??: 5.0
Collect energy to fire the Photonic Beam to damage the Voidworm,Thu thập năng lượng để phóng Tia Quang Tử gây sát thương cho Voidworm.,C?n ti?ng Anh nghi v?n: Voidworm | S? t?/c?m nghi v?n: 1 | T? l? nghi v?n: 0.2 | M?c ??: 5.0
Collect energy to fire the Photonic Beam to damage the Voidworm,Thu thập năng lượng để phóng Tia Quang Tử gây sát thương cho Voidworm.,C?n ti?ng Anh nghi v?n: Voidworm | S? t?/c?m nghi v?n: 1 | T? l? nghi v?n: 0.2 | M?c ??: 5.0
Move the Resonator left or right to collect food and earn Gourmet Points,Di chuyển Resonator sang trái hoặc phải để thu thập thức ăn và kiếm điểm Gourmet,C?n ti?ng Anh nghi v?n: Gourmet | S? t?/c?m nghi v?n: 1 | T? l? nghi v?n: 0.2 | M?c ??: 5.0
Move the Resonator left or right to collect food and earn Gourmet Points,Di chuyển Resonator sang trái hoặc phải để thu thập thức ăn và kiếm điểm Gourmet,C?n ti?ng Anh nghi v?n: Gourmet | S? t?/c?m nghi v?n: 1 | T? l? nghi v?n: 0.2 | M?c ??: 5.0
Move the Resonator left or right to collect food and earn Gourmet Points,Di chuyển Resonator sang trái hoặc phải để thu thập thức ăn và kiếm điểm Gourmet,C?n ti?ng Anh nghi v?n: Gourmet | S? t?/c?m nghi v?n: 1 | T? l? nghi v?n: 0.2 | M?c ??: 5.0
"Select Demo Resonators here, which will become available once their corresponding Resonators have been unlocked","Chọn Demo Resonators tại đây, sẽ khả dụng sau khi mở khóa Resonators tương ứng",C?n ti?ng Anh nghi v?n: Demo | S? t?/c?m nghi v?n: 1 | T? l? nghi v?n: 0.2 | M?c ??: 5.0
"Select Demo Resonators here, which will become available once their corresponding Resonators have been unlocked","Chọn Demo Resonators tại đây, sẽ khả dụng sau khi mở khóa Resonators tương ứng",C?n ti?ng Anh nghi v?n: Demo | S? t?/c?m nghi v?n: 1 | T? l? nghi v?n: 0.2 | M?c ??: 5.0
"Select Demo Resonators here, which will become available once their corresponding Resonators have been unlocked","Chọn Demo Resonators tại đây, sẽ khả dụng sau khi mở khóa Resonators tương ứng",C?n ti?ng Anh nghi v?n: Demo | S? t?/c?m nghi v?n: 1 | T? l? nghi v?n: 0.2 | M?c ??: 5.0
Cubes with higher Underdog Odds grant more Popularity Rewards if they win.,Khối Cube có Tỷ Lệ Thua Cao hơn sẽ mang lại nhiều phần thưởng Popularity hơn nếu chiến thắng.,C?n ti?ng Anh nghi v?n: Popularity | S? t?/c?m nghi v?n: 1 | T? l? nghi v?n: 0.2 | M?c ??: 5.0
Cubes with higher Underdog Odds grant more Popularity Rewards if they win.,Khối Cube có Tỷ Lệ Thua Cao hơn sẽ mang lại nhiều phần thưởng Popularity hơn nếu chiến thắng.,C?n ti?ng Anh nghi v?n: Popularity | S? t?/c?m nghi v?n: 1 | T? l? nghi v?n: 0.2 | M?c ??: 5.0
Cubes with higher Underdog Odds grant more Popularity Rewards if they win.,Khối Cube có Tỷ Lệ Thua Cao hơn sẽ mang lại nhiều phần thưởng Popularity hơn nếu chiến thắng.,C?n ti?ng Anh nghi v?n: Popularity | S? t?/c?m nghi v?n: 1 | T? l? nghi v?n: 0.2 | M?c ??: 5.0
"Tacet Discord whose appearance resembles that of a human, has specialized upper limbs that can use conductive energy for long-range attacks. According to witnesses, and is somewhat dangerous.","Discord có ngoại hình giống con người, sở hữu chi trên chuyên biệt có thể sử dụng năng lượng dẫn điện để tấn công tầm xa. Theo lời nhân chứng, nó khá nguy hiểm.",C?n ti?ng Anh nghi v?n: Discord | S? t?/c?m nghi v?n: 1 | T? l? nghi v?n: 0.167 | M?c ??: 4.67
"Tacet Field of Medium danger level, defeat TDs dwelling within to obtain energy cores used for weapon enhancement.","Vùng Tacet Cấp độ nguy hiểm Medium, đánh bại TD trú ngụ bên trong để nhận lõi năng lượng dùng cho nâng cấp vũ khí.",C?n ti?ng Anh nghi v?n: Medium | S? t?/c?m nghi v?n: 1 | T? l? nghi v?n: 0.167 | M?c ??: 4.67
"Tacet Field of Medium danger level, defeat TDs dwelling within to obtain Echoes.","Vùng Tacet cấp độ nguy hiểm Medium, đánh bại TD trú ngụ bên trong để nhận Echoes.",C?n ti?ng Anh nghi v?n: Medium | S? t?/c?m nghi v?n: 1 | T? l? nghi v?n: 0.167 | M?c ??: 4.67
"Here, infinite loops pile atop each other, and people's cries become sustenance for the Lament. In the ruins of chaos, only the Tower shows its true face...","Nơi đây, những vòng lặp vô tận chồng chất lên nhau, và tiếng kêu của con người trở thành thức ăn cho Lament. Trong đống đổ nát của hỗn loạn, chỉ có Tower là lộ diện chân tướng...",C?n ti?ng Anh nghi v?n: Tower | S? t?/c?m nghi v?n: 1 | T? l? nghi v?n: 0.167 | M?c ??: 4.67
"The Sonoro Sphere of Sentinel Jué. As dawn and dusk intertwine, and seasons are left disordered, is a place encompassing the beginning and end of all time.","Quả Cầu Sonoro của Sentinel Jué. Nơi bình minh và hoàng hôn đan xen, bốn mùa đảo lộn, là chốn bao trùm khởi đầu và kết thúc của mọi thời gian.",C?n ti?ng Anh nghi v?n: Sonoro | S? t?/c?m nghi v?n: 1 | T? l? nghi v?n: 0.167 | M?c ??: 4.67
"When this option is enabled, when the Resonator starts Sprinting, they will sustain the Sprinting state until they're interrupted by the other actions.","Khi tùy chọn này được bật, Resonator sẽ duy trì trạng thái Sprinting cho đến khi bị gián đoạn bởi các hành động khác.",C?n ti?ng Anh nghi v?n: Sprinting | S? t?/c?m nghi v?n: 1 | T? l? nghi v?n: 0.167 | M?c ??: 4.67
"When HP is above 50%, Crit. Rate is increased by 50%, and Crit. DMG is increased by 50%.","Khi HP trên 50%, Crit. Rate tăng 50% và Crit. DMG tăng 50%.",C?n ti?ng Anh nghi v?n: Rate | S? t?/c?m nghi v?n: 1 | T? l? nghi v?n: 0.167 | M?c ??: 4.67
"A mysterious gateway emerges in the Whining Aix's Mire, providing access to a realm known as Somnoire. Legend has it that it hosts the dreams of all beings in Solaris.","Một cánh cổng bí ẩn xuất hiện tại Bãi Lầy Aix Rên Rỉ, mở ra một thế giới gọi là Somnoire. Tương truyền, nơi đây chứa đựng những giấc mơ của tất cả sinh linh ở Solaris.",C?n ti?ng Anh nghi v?n: Somnoire | S? t?/c?m nghi v?n: 1 | T? l? nghi v?n: 0.167 | M?c ??: 4.67
"A mysterious gateway emerges in the Whining Aix's Mire, providing access to a realm known as Somnoire. Legend has it that it hosts the dreams of all beings in Solaris.","Một cánh cổng bí ẩn xuất hiện tại Bãi Lầy Aix Rên Rỉ, mở ra một thế giới gọi là Somnoire. Tương truyền, nơi đây chứa đựng những giấc mơ của tất cả sinh linh ở Solaris.",C?n ti?ng Anh nghi v?n: Somnoire | S? t?/c?m nghi v?n: 1 | T? l? nghi v?n: 0.167 | M?c ??: 4.67
"A mysterious gateway emerges in the Whining Aix's Mire, providing access to a realm known as Somnoire. Legend has it that it hosts the dreams of all beings in Solaris.","Một cánh cổng bí ẩn xuất hiện tại Bãi Lầy Aix Rên Rỉ, mở ra một thế giới gọi là Somnoire. Tương truyền, nơi đây chứa đựng những giấc mơ của tất cả sinh linh ở Solaris.",C?n ti?ng Anh nghi v?n: Somnoire | S? t?/c?m nghi v?n: 1 | T? l? nghi v?n: 0.167 | M?c ??: 4.67
"A mysterious gateway emerges in the Whining Aix's Mire, providing access to a realm known as Somnoire. Legend has it that it hosts the dreams of all beings in Solaris.","Một cánh cổng bí ẩn xuất hiện tại Bãi Lầy Aix Rên Rỉ, mở ra một thế giới gọi là Somnoire. Tương truyền, nơi đây chứa đựng những giấc mơ của tất cả sinh linh ở Solaris.",C?n ti?ng Anh nghi v?n: Somnoire | S? t?/c?m nghi v?n: 1 | T? l? nghi v?n: 0.167 | M?c ??: 4.67
"This Sonoro Sphere captures the sunlight shed upon the forest. When day and night collide, it condenses into an eternal crystal of flame.","Quả cầu Sonoro này lưu giữ ánh sáng mặt trời chiếu rọi khu rừng. Khi ngày và đêm giao thoa, nó ngưng tụ thành tinh thể lửa vĩnh cửu.",C?n ti?ng Anh nghi v?n: Sonoro | S? t?/c?m nghi v?n: 1 | T? l? nghi v?n: 0.167 | M?c ??: 4.67
"This Sonoro Sphere captures the never-ending din of countless engines, a constant soundtrack to the bustling metropolis that was once drenched in molten metal.","Quả cầu Sonoro này ghi lại âm thanh không ngừng của vô số động cơ, một bản nhạc nền thường trực cho đô thị sầm uất từng chìm trong biển kim loại nóng chảy.",C?n ti?ng Anh nghi v?n: Sonoro | S? t?/c?m nghi v?n: 1 | T? l? nghi v?n: 0.167 | M?c ??: 4.67
"A mysterious gateway emerges in the Whining Aix's Mire, providing access to a realm known as Somnoire. Legend has it that it hosts the dreams of all beings in Solaris.","Một cánh cổng bí ẩn xuất hiện tại Bãi Lầy Aix Rên Rỉ, mở ra một thế giới gọi là Somnoire. Tương truyền, nơi đây chứa đựng những giấc mơ của tất cả sinh linh ở Solaris.",C?n ti?ng Anh nghi v?n: Somnoire | S? t?/c?m nghi v?n: 1 | T? l? nghi v?n: 0.167 | M?c ??: 4.67
"A mysterious gateway emerges in the Whining Aix's Mire, providing access to a realm known as Somnoire. Legend has it that it hosts the dreams of all beings in Solaris.","Một cánh cổng bí ẩn xuất hiện tại Bãi Lầy Aix Rên Rỉ, mở ra một thế giới gọi là Somnoire. Tương truyền, nơi đây chứa đựng những giấc mơ của tất cả sinh linh ở Solaris.",C?n ti?ng Anh nghi v?n: Somnoire | S? t?/c?m nghi v?n: 1 | T? l? nghi v?n: 0.167 | M?c ??: 4.67
"A mysterious gateway emerges in the Whining Aix's Mire, providing access to a realm known as Somnoire. Legend has it that it hosts the dreams of all beings in Solaris.","Một cánh cổng bí ẩn xuất hiện tại Bãi Lầy Aix Rên Rỉ, mở ra một thế giới gọi là Somnoire. Tương truyền, nơi đây chứa đựng những giấc mơ của tất cả sinh linh ở Solaris.",C?n ti?ng Anh nghi v?n: Somnoire | S? t?/c?m nghi v?n: 1 | T? l? nghi v?n: 0.167 | M?c ??: 4.67
"A desolate land where time flows chaotically. Guided by the Blazing Feather, with the universe as the chessboard and stars as the pieces, the chosen one reaches out to touch the distant past beneath the Eternal Blaze.","Vùng đất hoang tàn nơi thời gian trôi hỗn loạn. Được dẫn dắt bởi Ngọn Feather Rực Cháy, với vũ trụ làm bàn cờ và những vì sao làm quân cờ, người được chọn vươn tay chạm vào quá khứ xa xôi dưới Ánh Sáng Vĩnh Cửu.",C?n ti?ng Anh nghi v?n: Feather | S? t?/c?m nghi v?n: 1 | T? l? nghi v?n: 0.167 | M?c ??: 4.67
"Lingering frequencies left by a fierce clash between two formidable forces, now shaped by your memories and taking the form of Lycrosis.
The singer from beyond still awaits on the stage.","Tần số còn vương lại sau cuộc đọ sức dữ dội giữa hai thế lực hùng mạnh, giờ đây được định hình bởi ký ức của bạn và mang hình hài Lycrosis.
Người ca sĩ từ cõi bên kia vẫn đang chờ đợi trên sân khấu.",C?n ti?ng Anh nghi v?n: Lycrosis | S? t?/c?m nghi v?n: 1 | T? l? nghi v?n: 0.167 | M?c ??: 4.67
"This Sonoro Sphere manifests the wishes of those who drowned in the Lament's abyss. They spread saintly wings, like the tender embrace of a lover's arms.","Quả Cầu Sonoro này hiện thân cho những ước nguyện của những kẻ chìm đắm trong vực thẳm Lament. Chúng dang rộng đôi cánh thánh thiện, như vòng tay âu yếm của người tình.",C?n ti?ng Anh nghi v?n: Sonoro | S? t?/c?m nghi v?n: 1 | T? l? nghi v?n: 0.167 | M?c ??: 4.67
"This Sonoro Sphere records an ancient ceremony eroded by the Lament. At the end of suffering, may all transgressions be forgiven.","Quả cầu Sonoro này ghi lại một nghi lễ cổ xưa bị bào mòn bởi Lament. Ở cuối nỗi đau khổ, mong rằng mọi tội lỗi sẽ được tha thứ.",C?n ti?ng Anh nghi v?n: Sonoro | S? t?/c?m nghi v?n: 1 | T? l? nghi v?n: 0.167 | M?c ??: 4.67
"However, we still lack sufficient samples to verify our hypothesis. If you don't mind, we'd like to have you take out the remaining Nightmare Tacet Discords.","Tuy nhiên, chúng ta vẫn thiếu mẫu đủ để xác minh giả thuyết. Nếu bạn không phiền, chúng tôi muốn bạn tiêu diệt những Nightmare Tacet Discord còn lại.",C?n ti?ng Anh nghi v?n: Nightmare | S? t?/c?m nghi v?n: 1 | T? l? nghi v?n: 0.167 | M?c ??: 4.67
"Be sure to keep an eye out for any Nightmare Tacet Discords you may come across during your travels to other regions of Rinascita, {PlayerName}.","Hãy chú ý đến bất kỳ Nightmare Tacet Discord nào bạn có thể gặp trong chuyến du hành đến các vùng khác của Rinascita, {PlayerName}.",C?n ti?ng Anh nghi v?n: Nightmare | S? t?/c?m nghi v?n: 1 | T? l? nghi v?n: 0.167 | M?c ??: 4.67
"The Exostrider's fall was no silent affair. The Reactor Drive's glow pierced the darkness, and the warm frequency echoes in the air to this day.","Sự sụp đổ của Exostrider không hề lặng lẽ. Ánh sáng của Reactor Drive xuyên qua bóng tối, và những tần số ấm áp vẫn còn vang vọng đến tận ngày nay.",C?n ti?ng Anh nghi v?n: Reactor | S? t?/c?m nghi v?n: 1 | T? l? nghi v?n: 0.167 | M?c ??: 4.67
I appreciate your assistance. May the Reactor Drive's light shine upon us always.,Ta rất cảm kích sự trợ giúp của ngươi. Mong ánh sáng của Reactor Drive luôn soi sáng chúng ta.,C?n ti?ng Anh nghi v?n: Reactor | S? t?/c?m nghi v?n: 1 | T? l? nghi v?n: 0.167 | M?c ??: 4.67
Chixia is talking to someone. Come back when they’re done talking.,Chixia đang nói chuyện với ai đó. Quay lại sau khi họ nói chuyện xong.,C?n ti?ng Anh nghi v?n: Chixia | S? t?/c?m nghi v?n: 1 | T? l? nghi v?n: 0.167 | M?c ??: 4.67
"Grandpa Jingzhu, are you okay? Please don’t be sad... I-I’ll do everything I can to cheer you up.","Ông nội Jingzhu, ông có sao không? Xin đừng buồn... C-C cháu sẽ làm mọi thứ để ông vui lên.",C?n ti?ng Anh nghi v?n: Jingzhu | S? t?/c?m nghi v?n: 1 | T? l? nghi v?n: 0.167 | M?c ??: 4.67
"When I heard Grandpa Jingzhu needed a hand, I zipped over here using my amazing overdashing skill!","Khi nghe tin ông Jingzhu cần giúp đỡ, tôi lập tức lao đến đây bằng tuyệt kỹ overdash siêu đỉnh của mình!",C?n ti?ng Anh nghi v?n: Jingzhu | S? t?/c?m nghi v?n: 1 | T? l? nghi v?n: 0.167 | M?c ??: 4.67
Our goal for today is to acquire some Tuners from Tacet Fields.,Mục tiêu hôm nay của chúng ta là thu thập vài Tuner từ Tacet Fields.,C?n ti?ng Anh nghi v?n: Fields | S? t?/c?m nghi v?n: 1 | T? l? nghi v?n: 0.167 | M?c ??: 4.67
"Rover, you can trust Uncle Chenpi. He is a famous treasure appraiser in Jinzhou, definitely not a bad person who'd try to slip one past you.","Rover, cậu có thể tin bác Chenpi. Bác ấy là chuyên gia thẩm định kho báu nổi tiếng ở Jinzhou, chắc chắn không phải kẻ xấu muốn lừa cậu đâu.",C?n ti?ng Anh nghi v?n: Chenpi | S? t?/c?m nghi v?n: 1 | T? l? nghi v?n: 0.167 | M?c ??: 4.67
"The Somnoire records everything about our planet, and your presence is key to keeping it running smoothly.","Somnoire ghi lại mọi thứ về hành tinh của chúng ta, và sự hiện diện của bạn là chìa khóa để duy trì hoạt động trơn tru.",C?n ti?ng Anh nghi v?n: Somnoire | S? t?/c?m nghi v?n: 1 | T? l? nghi v?n: 0.167 | M?c ??: 4.67
"Oh no, we've come this far. Like in a typical story, it's time we proudly declare, ""Thanks to our persistence, we've discovered the perfect flavor,"" right?","Ôi không, chúng ta đã đi được đến đây rồi. Like trong một câu chuyện điển hình, đã đến lúc chúng ta tự hào tuyên bố: ""Nhờ sự kiên trì, chúng ta đã khám phá ra hương vị hoàn hảo,"" phải không?",C?n ti?ng Anh nghi v?n: Like | S? t?/c?m nghi v?n: 1 | T? l? nghi v?n: 0.167 | M?c ??: 4.67
"Well, well, if it isn’t our Xiaofang. Back so soon? Didn’t I just fix up your pistols last week? You broke them again already?","Ôi, lại là Xiaofang của ta à. Quay lại sớm thế? Tuần trước ta mới sửa đôi súng cho cậu xong, giờ lại hỏng rồi à?",C?n ti?ng Anh nghi v?n: Xiaofang | S? t?/c?m nghi v?n: 1 | T? l? nghi v?n: 0.167 | M?c ??: 4.67
"Anyway, we're here to help Auntie Panhua recreate the Essence Medley Soup.","Dù sao thì, chúng ta đến đây để giúp Dì Panhua nấu lại món Canh Hòa Âm Tinh Hoa.",C?n ti?ng Anh nghi v?n: Panhua | S? t?/c?m nghi v?n: 1 | T? l? nghi v?n: 0.167 | M?c ??: 4.67
"When I handed over the position to Xinyi, I gave this scale to her as well.","Khi tôi bàn giao vị trí cho Xinyi, tôi cũng đã trao chiếc vảy này cho cô ấy.",C?n ti?ng Anh nghi v?n: Xinyi | S? t?/c?m nghi v?n: 1 | T? l? nghi v?n: 0.167 | M?c ??: 4.67
"Egla Town is my hometown. Whenever I stand up high and gaze at the windmills spinning in the breeze, I feel a sense of peace.","Thị trấn Egla là quê hương của tôi. Mỗi khi đứng trên cao ngắm những chiếc cối xay gió quay trong gió, tôi lại cảm thấy bình yên.",C?n ti?ng Anh nghi v?n: Egla | S? t?/c?m nghi v?n: 1 | T? l? nghi v?n: 0.167 | M?c ??: 4.67
Echoes can provide additional Stats and Sonata Effects for Resonators,Echoes có thể cung cấp chỉ số bổ sung và hiệu ứng Sonata cho Resonators,C?n ti?ng Anh nghi v?n: Sonata | S? t?/c?m nghi v?n: 1 | T? l? nghi v?n: 0.167 | M?c ??: 4.67
Echoes can provide additional Stats and Sonata Effects for Resonators,Echoes có thể cung cấp chỉ số bổ sung và hiệu ứng Sonata cho Resonators,C?n ti?ng Anh nghi v?n: Sonata | S? t?/c?m nghi v?n: 1 | T? l? nghi v?n: 0.167 | M?c ??: 4.67
Echoes provide Resonator with additional Stats and Sonata effects.,Echoes cung cấp cho Resonator chỉ số bổ sung và hiệu ứng Sonata.,C?n ti?ng Anh nghi v?n: Sonata | S? t?/c?m nghi v?n: 1 | T? l? nghi v?n: 0.167 | M?c ??: 4.67
"{Cus:Ipt,Touch=Tap PC=Click Gamepad=Press} to view the Peaks of Prestige Duelists in the Lahai-Roi region.","{Cus:Ipt,Touch=Touch PC=click Gamepad=press} để xem các Duelist đỉnh cao tại khu vực Lahai-Roi.",C?n ti?ng Anh nghi v?n: Lahai | S? t?/c?m nghi v?n: 1 | T? l? nghi v?n: 0.167 | M?c ??: 4.67
"{Cus:Ipt,Touch=Tap PC=Click Gamepad=Press} to view the Peaks of Prestige Duelists in the Lahai-Roi region.","{Cus:Ipt,Touch=Touch PC=click Gamepad=press} để xem các Duelist đỉnh cao tại khu vực Lahai-Roi.",C?n ti?ng Anh nghi v?n: Lahai | S? t?/c?m nghi v?n: 1 | T? l? nghi v?n: 0.167 | M?c ??: 4.67
"A Resinacrustidum species of small size Tacet Discords, often found active in packs. Mainly appears in areas with abundant rock masses. Danger level relatively low.","Một loài Discord Tacet kích thước nhỏ thuộc chi Resinacrustidum, thường hoạt động theo bầy. Chủ yếu xuất hiện ở khu vực có nhiều khối đá. Mức độ nguy hiểm tương đối thấp.",C?n ti?ng Anh nghi v?n: Resinacrustidum | S? t?/c?m nghi v?n: 1 | T? l? nghi v?n: 0.143 | M?c ??: 4.43
"According to sighting reports, this TD is often found in Tacetite vein systems and can cause Spectra damage.","Theo báo cáo quan sát, TD này thường xuất hiện trong hệ thống mạch Tacetite và có thể gây Spectro DMG.",C?n ti?ng Anh nghi v?n: Tacetite | S? t?/c?m nghi v?n: 1 | T? l? nghi v?n: 0.143 | M?c ??: 4.43
"According to sighting reports, this TD is often found in Tacetite vein systems and can cause Glacio damage.","Theo báo cáo trinh sát, TD này thường xuất hiện trong hệ thống mạch Tacetite và có thể gây Glacio DMG.",C?n ti?ng Anh nghi v?n: Tacetite | S? t?/c?m nghi v?n: 1 | T? l? nghi v?n: 0.143 | M?c ??: 4.43
"According to sighting reports, this TD is often found in Tacetite vein systems and can cause Havoc damage.","Theo báo cáo trinh sát, TD này thường xuất hiện trong hệ thống mạch Tacetite và có thể gây Havoc DMG.",C?n ti?ng Anh nghi v?n: Tacetite | S? t?/c?m nghi v?n: 1 | T? l? nghi v?n: 0.143 | M?c ??: 4.43
"According to sighting reports, this TD is often found in Tacetite vein systems and can cause Fusion damage.","Theo báo cáo quan sát, TD này thường xuất hiện trong hệ thống mạch Tacetite và có thể gây Fusion DMG.",C?n ti?ng Anh nghi v?n: Tacetite | S? t?/c?m nghi v?n: 1 | T? l? nghi v?n: 0.143 | M?c ??: 4.43
"Large Mutant Organism unique to Huanglong, often found in the Huanglong territory between the wetlands and lakes. Desorock Highlands also have their traces, aggressive and territorial awareness is very strong, there is a certain degree of danger.","Sinh vật đột biến lớn đặc hữu của Huanglong, thường xuất hiện ở vùng lãnh thổ Huanglong giữa các vùng đầm lầy và hồ nước. Desorock Highland cũng có dấu vết của chúng, hung hăng và ý thức lãnh thổ rất mạnh, có mức độ nguy hiểm nhất định.",C?n ti?ng Anh nghi v?n: Desorock | S? t?/c?m nghi v?n: 1 | T? l? nghi v?n: 0.143 | M?c ??: 4.43
"Mostly seen as juvenile reptiles in the Desorock Highlands. According to witnesses, it usually follows the adults and hunts in concert, which is dangerous.","Thường thấy dưới dạng bò sát non ở Desorock Highland. Theo nhân chứng, chúng thường đi theo cá thể trưởng thành và săn mồi theo đàn, rất nguy hiểm.",C?n ti?ng Anh nghi v?n: Desorock | S? t?/c?m nghi v?n: 1 | T? l? nghi v?n: 0.143 | M?c ??: 4.43
"The Mutant Organism is mostly found in the Desorock Highlands. According to witnesses, it is a large reptile, fast action, more dangerous.","Sinh Vật Đột Biến thường xuất hiện ở Desorock Highland. Theo lời kể, đây là loài bò sát lớn, di chuyển nhanh và nguy hiểm hơn.",C?n ti?ng Anh nghi v?n: Desorock | S? t?/c?m nghi v?n: 1 | T? l? nghi v?n: 0.143 | M?c ??: 4.43
"Small Mutant Organism, widely distributed, with different subspecies reported in various regions, mostly found in caves, mines and other dark and humid places around the world, with a low level of danger.","Sinh Vật Đột Biến Loài Small, phân bố rộng, có nhiều phân loài ở nhiều khu vực khác nhau, chủ yếu xuất hiện trong hang động, hầm mỏ và những nơi tối, ẩm ướt trên thế giới, mức độ nguy hiểm thấp.",C?n ti?ng Anh nghi v?n: Small | S? t?/c?m nghi v?n: 1 | T? l? nghi v?n: 0.143 | M?c ??: 4.43
Modulation will allow you to resonate with different Resonators and Weapons. It's an efficient way for collecting powerful weapons and meeting with reliable allies.,Điều Phối cho phép bạn cộng hưởng với Resonators và Weapons khác nhau. Đây là cách hiệu quả để thu thập vũ khí mạnh và gặp gỡ đồng minh đáng tin cậy.,C?n ti?ng Anh nghi v?n: Weapons | S? t?/c?m nghi v?n: 1 | T? l? nghi v?n: 0.143 | M?c ??: 4.43
Ambience of Resonators well-versed in battle technique. The melodies in their broken memories can be used to enhance battle skill.,Ambience của những Resonators tinh thông kỹ thuật chiến đấu. Những giai điệu trong ký ức tan vỡ của họ có thể được dùng để nâng cao kỹ năng chiến đấu.,C?n ti?ng Anh nghi v?n: Ambience | S? t?/c?m nghi v?n: 1 | T? l? nghi v?n: 0.143 | M?c ??: 4.43
"According to sighting reports, this TD is often found in Tacetite vein systems and can cause Spectra damage.","Theo báo cáo quan sát, TD này thường xuất hiện trong hệ thống mạch Tacetite và có thể gây Spectro DMG.",C?n ti?ng Anh nghi v?n: Tacetite | S? t?/c?m nghi v?n: 1 | T? l? nghi v?n: 0.143 | M?c ??: 4.43
"According to sighting reports, this TD is often found in Tacetite vein systems and can cause Glacio damage.","Theo báo cáo trinh sát, TD này thường xuất hiện trong hệ thống mạch Tacetite và có thể gây Glacio DMG.",C?n ti?ng Anh nghi v?n: Tacetite | S? t?/c?m nghi v?n: 1 | T? l? nghi v?n: 0.143 | M?c ??: 4.43
"According to sighting reports, this TD is often found in Tacetite vein systems and can cause Havoc damage.","Theo báo cáo trinh sát, TD này thường xuất hiện trong hệ thống mạch Tacetite và có thể gây Havoc DMG.",C?n ti?ng Anh nghi v?n: Tacetite | S? t?/c?m nghi v?n: 1 | T? l? nghi v?n: 0.143 | M?c ??: 4.43
"According to sighting reports, this TD is often found in Tacetite vein systems and can cause Fusion damage.","Theo báo cáo quan sát, TD này thường xuất hiện trong hệ thống mạch Tacetite và có thể gây Fusion DMG.",C?n ti?ng Anh nghi v?n: Tacetite | S? t?/c?m nghi v?n: 1 | T? l? nghi v?n: 0.143 | M?c ??: 4.43
"Mostly seen as juvenile reptiles in the Desorock Highlands. According to witnesses, it usually follows the adults and hunts in concert, which is dangerous.","Thường thấy dưới dạng bò sát non ở Desorock Highland. Theo nhân chứng, chúng thường đi theo cá thể trưởng thành và săn mồi theo đàn, rất nguy hiểm.",C?n ti?ng Anh nghi v?n: Desorock | S? t?/c?m nghi v?n: 1 | T? l? nghi v?n: 0.143 | M?c ??: 4.43
"The Mutant Organism is mostly found in the Desorock Highlands. According to witnesses, it is a large reptile, fast action, more dangerous.","Sinh Vật Đột Biến thường xuất hiện ở Desorock Highland. Theo lời kể, đây là loài bò sát lớn, di chuyển nhanh và nguy hiểm hơn.",C?n ti?ng Anh nghi v?n: Desorock | S? t?/c?m nghi v?n: 1 | T? l? nghi v?n: 0.143 | M?c ??: 4.43
Resonate with various Resonators and Weapons through Convene. It is an efficient way to meet reliable allies and collect powerful weapons.,Giao Lưu với nhiều Resonators và Weapons thông qua Triệu Tập. Đây là cách hiệu quả để gặp gỡ đồng minh đáng tin cậy và thu thập vũ khí mạnh.,C?n ti?ng Anh nghi v?n: Weapons | S? t?/c?m nghi v?n: 1 | T? l? nghi v?n: 0.143 | M?c ??: 4.43
"The unsettling Reverberation rises from tranquility to its zenith, chanting a war song of chaos that binds all within its reach into a discordant harmony.

The Infinite Reality Sandbox projects a Sonoro Sphere fraught with danger. Proceed with caution.","Sự Cộng Hưởng bất an từ tĩnh lặng lên đến đỉnh điểm, ngân vang khúc chiến ca hỗn loạn, trói buộc tất cả trong tầm với vào một sự hòa điệu bất hòa.

Hộp Cát Thực Tại Vô Tận chiếu ra một Quả Cầu Sonoro đầy hiểm nguy. Hãy tiến lên một cách thận trọng.",C?n ti?ng Anh nghi v?n: Sonoro | S? t?/c?m nghi v?n: 1 | T? l? nghi v?n: 0.143 | M?c ??: 4.43
Dealing Tune Break DMG increases ATK by 40% for all Resonators in the team for 10s.,Gây DMG Break Nhịp làm tăng ATK 40% cho tất cả Resonators trong đội trong 10 giây.,C?n ti?ng Anh nghi v?n: Break | S? t?/c?m nghi v?n: 1 | T? l? nghi v?n: 0.143 | M?c ??: 4.43
"A being who exists only because of Aleph-1. Even that gentle smile of hers has been taken away.
Her name, her identity, her Forte, even her bonds with others… all of it a lie.
Yet, the world will not sink into boundless darkness. The end of the path she walks must not be eternal emptiness.","Một sinh vật chỉ tồn tại vì Aleph-1. Ngay cả nụ cười dịu dàng của cô ấy cũng đã bị tước đi.
Cái tên, danh tính, Forte, thậm chí cả mối quan hệ với người khác… tất cả đều là dối trá.
Thế nhưng, thế giới sẽ không chìm vào bóng tối vô tận. Điểm cuối con đường cô ấy đi không thể là hư vô vĩnh cửu.",C?n ti?ng Anh nghi v?n: Aleph | S? t?/c?m nghi v?n: 1 | T? l? nghi v?n: 0.143 | M?c ??: 4.43
Count on me! I practically know this area like the back of my hand. I’ll go ask everyone I can find to see if they’ve spotted Grandma Linghan.,Giao phó cho tôi đi! Tôi biết khu vực này như lòng bàn tay. Tôi sẽ hỏi mọi người xem có ai thấy Bà Linghan không.,C?n ti?ng Anh nghi v?n: Linghan | S? t?/c?m nghi v?n: 1 | T? l? nghi v?n: 0.143 | M?c ??: 4.43
"Ah, well, look who’s here! Our little Xiaofang has brought a friend along today. How delightful!","À, xem ai đến kìa! Cô bé Xiaofang của chúng ta hôm nay dẫn theo một người bạn. Thật là vui quá!",C?n ti?ng Anh nghi v?n: Xiaofang | S? t?/c?m nghi v?n: 1 | T? l? nghi v?n: 0.143 | M?c ??: 4.43
"Oops, looks like I gotta step down from my role as the Jinzhou encyclopedia. I’ve never even heard of that pyrite spoon!","Ôi, có vẻ tôi phải từ bỏ vai trò ""bách khoa toàn thư Jinzhou"" rồi. Tôi còn chưa nghe qua cái muỗng pyrite này bao giờ!",C?n ti?ng Anh nghi v?n: pyrite | S? t?/c?m nghi v?n: 1 | T? l? nghi v?n: 0.143 | M?c ??: 4.43
Please find me in Egla Town when you have a moment. I have a favor to ask of you and we can discuss the details when we meet.,"Hãy ghé qua tìm tôi ở Thị trấn Egla khi rảnh nhé. Tôi có việc cần nhờ cậu, chúng ta sẽ bàn chi tiết khi gặp nhau.",C?n ti?ng Anh nghi v?n: Egla | S? t?/c?m nghi v?n: 1 | T? l? nghi v?n: 0.143 | M?c ??: 4.43
"While exploring the Somnoire, you may run into a strange white cat that offers significant enhancements to your Resonators.","Trong khi khám phá Somnoire, bạn có thể gặp một con mèo trắng kỳ lạ mang đến những cải tiến đáng kể cho Resonators của bạn.",C?n ti?ng Anh nghi v?n: Somnoire | S? t?/c?m nghi v?n: 1 | T? l? nghi v?n: 0.143 | M?c ??: 4.43
"After defeating the Elite in a zone, hidden Trophy Chests in the zone will be revealed on the map.","Sau khi đánh bại Elite trong khu vực, Rương Báu Ẩn trong khu vực sẽ hiện trên bản đồ.",C?n ti?ng Anh nghi v?n: Elite | S? t?/c?m nghi v?n: 1 | T? l? nghi v?n: 0.143 | M?c ??: 4.43
"After defeating the Elite in a zone, hidden Trophy Chests in the zone will be revealed on the map.","Sau khi đánh bại Elite trong khu vực, Rương Báu Ẩn trong khu vực sẽ hiện trên bản đồ.",C?n ti?ng Anh nghi v?n: Elite | S? t?/c?m nghi v?n: 1 | T? l? nghi v?n: 0.143 | M?c ??: 4.43
"After defeating the Elite in a zone, hidden Trophy Chests in the zone will be revealed on the map.","Sau khi đánh bại Elite trong khu vực, Rương Báu Ẩn trong khu vực sẽ hiện trên bản đồ.",C?n ti?ng Anh nghi v?n: Elite | S? t?/c?m nghi v?n: 1 | T? l? nghi v?n: 0.143 | M?c ??: 4.43
"After successfully performing an extreme evasion, receive 20% increase in Crit. Rate, stacks up to 3 times, effect lasts 8 seconds, repeated evasions refreshes its duration.","Sau khi Dodge hoàn hảo, nhận tăng 20% Crit. Rate, cộng dồn tối đa 3 lần, hiệu ứng kéo dài 8 giây, Dodge lặp lại sẽ làm mới thời gian.",C?n ti?ng Anh nghi v?n: Rate | S? t?/c?m nghi v?n: 1 | T? l? nghi v?n: 0.143 | M?c ??: 4.43
"A common humanoid TD found in Tacet Fields of across the world. According to eyewitnesses, it resembles a hunter in a cloak and can use Glacio energy for long-range attacks. Moderate danger level.","Một dạng TD hình người phổ biến được tìm thấy ở các Tacet Fields trên khắp thế giới. Theo lời nhân chứng, nó giống một thợ săn khoác áo choàng và có thể sử dụng năng lượng Glacio để tấn công tầm xa. Mức độ nguy hiểm trung bình.",C?n ti?ng Anh nghi v?n: Fields | S? t?/c?m nghi v?n: 1 | T? l? nghi v?n: 0.125 | M?c ??: 4.25
"One of the large waders endemic to Huanglong. It is ferocious in nature and is mostly found in the waters of Huanglong and the Desorock Highlands, and is somewhat dangerous.","Một trong những loài chim lội lớn đặc hữu của Huanglong. Bản tính hung dữ, thường xuất hiện ở vùng nước Huanglong và Desorock Highland, có mức độ nguy hiểm nhất định.",C?n ti?ng Anh nghi v?n: Desorock | S? t?/c?m nghi v?n: 1 | T? l? nghi v?n: 0.125 | M?c ??: 4.25
"Exile Leaders are mostly Resonators. In the Huanglong region, for example, the Exile Leaders are usually those who have been expelled from the Mornguard for various reasons, and their combat experience and abilities cannot be compared with those of ordinary Exiles.","Các Thủ Lĩnh Lưu Đày hầu hết đều là Resonators. Ví dụ, ở khu vực Huanglong, các Thủ Lĩnh Lưu Đày thường là những người bị trục xuất khỏi Mornguard vì nhiều lý do khác nhau, và kinh nghiệm chiến đấu cũng như khả năng của họ không thể so sánh với những Lưu Đày thông thường.",C?n ti?ng Anh nghi v?n: Mornguard | S? t?/c?m nghi v?n: 1 | T? l? nghi v?n: 0.125 | M?c ??: 4.25
"The Thunder Squama resembles the fusion of a human and a lizard. It is able to use Wutherons within the Tacet Field for high-speed maneuvers. Initially, it is judged to be the result of the natural evolution of TDs,.","Vảy Sấm có hình dạng giống sự kết hợp giữa người và thằn lằn. Nó có thể sử dụng Wutheron trong Tacet Field để thực hiện các thao tác cơ động tốc độ cao. Ban đầu, nó được đánh giá là kết quả của quá trình tiến hóa tự nhiên của TD.",C?n ti?ng Anh nghi v?n: Field | S? t?/c?m nghi v?n: 1 | T? l? nghi v?n: 0.125 | M?c ??: 4.25
"Tacet Field of Medium danger level, defeat TDs dwelling within to obtain Transmitters used for character development.","Tacet Field cấp độ nguy hiểm trung bình, đánh bại TD bên trong để nhận Transmitter dùng cho phát triển nhân vật.",C?n ti?ng Anh nghi v?n: Field | S? t?/c?m nghi v?n: 1 | T? l? nghi v?n: 0.125 | M?c ??: 4.25
"Looks like the Hoochiefs in the cave went back to the forest. Well, let this place be our fresh start to the good life, hahaha!","Có vẻ như đám Hoochief trong hang đã quay về rừng rồi. Thôi thì, coi đây là khởi đầu mới cho cuộc sống tốt đẹp của chúng ta, hahaha!",C?n ti?ng Anh nghi v?n: hahaha | S? t?/c?m nghi v?n: 1 | T? l? nghi v?n: 0.125 | M?c ??: 4.25
"This Sonoro Sphere manifests the wishes of those who drowned in the Lament's abyss. In a darkness untouched by day or night, can a single glimmer of light deliver what the heart yearns for?","Quả Cầu Sonoro này chứa đựng nguyện vọng của những người đã chìm sâu trong vực thẳm Nỗi Sầu. Trong bóng tối không ngày không đêm, liệu một tia sáng le lói có thể mang đến điều trái tim khao khát?",C?n ti?ng Anh nghi v?n: Sonoro | S? t?/c?m nghi v?n: 1 | T? l? nghi v?n: 0.125 | M?c ??: 4.25
"This Sonoro Sphere records an ancient ceremony eroded by the Lament. The harbor draws near, the bell rings clear. O captain, have you heard the people's cheers?","Quả cầu Sonoro này ghi lại một nghi lễ cổ xưa bị xói mòn bởi Lament. Bến cảng đã gần kề, tiếng chuông vang lên trong trẻo. Thuyền trưởng ơi, ngài đã nghe thấy tiếng reo hò của dân chúng chưa?",C?n ti?ng Anh nghi v?n: Sonoro | S? t?/c?m nghi v?n: 1 | T? l? nghi v?n: 0.125 | M?c ??: 4.25
"A familiar gateway emerges in the land of Rinascita, connecting to a realm known as the Somnoire. Past memories lie buried deep within dreams, and the key to exploration is in your hands. Please do not forget, only within dreams will the answers be revealed.","Một cánh cổng quen thuộc xuất hiện trên vùng đất Rinascita, kết nối với một thế giới gọi là Somnoire. Những ký ức xưa chôn giấu sâu trong giấc mơ, và chìa khóa khám phá nằm trong tay bạn. Xin đừng quên, chỉ trong giấc mơ mới tìm thấy câu trả lời.",C?n ti?ng Anh nghi v?n: Somnoire | S? t?/c?m nghi v?n: 1 | T? l? nghi v?n: 0.125 | M?c ??: 4.25
"A familiar gateway emerges in the land of Rinascita, connecting to a realm known as the Somnoire. Past memories lie buried deep within dreams, and the key to exploration is in your hands. Please do not forget, only within dreams will the answers be revealed.","Một cánh cổng quen thuộc xuất hiện trên vùng đất Rinascita, kết nối với một thế giới gọi là Somnoire. Những ký ức xưa chôn giấu sâu trong giấc mơ, và chìa khóa khám phá nằm trong tay bạn. Xin đừng quên, chỉ trong giấc mơ mới tìm thấy câu trả lời.",C?n ti?ng Anh nghi v?n: Somnoire | S? t?/c?m nghi v?n: 1 | T? l? nghi v?n: 0.125 | M?c ??: 4.25
"A familiar gateway emerges in the land of Rinascita, connecting to a realm known as the Somnoire. Past memories lie buried deep within dreams, and the key to exploration is in your hands. Please do not forget, only within dreams will the answers be revealed.","Một cánh cổng quen thuộc xuất hiện trên vùng đất Rinascita, kết nối với một thế giới gọi là Somnoire. Những ký ức xưa chôn giấu sâu trong giấc mơ, và chìa khóa khám phá nằm trong tay bạn. Xin đừng quên, chỉ trong giấc mơ mới tìm thấy câu trả lời.",C?n ti?ng Anh nghi v?n: Somnoire | S? t?/c?m nghi v?n: 1 | T? l? nghi v?n: 0.125 | M?c ??: 4.25
"A familiar gateway emerges in the land of Rinascita, connecting to a realm known as the Somnoire. Past memories lie buried deep within dreams, and the key to exploration is in your hands. Please do not forget, only within dreams will the answers be revealed.","Một cánh cổng quen thuộc xuất hiện trên vùng đất Rinascita, kết nối với một thế giới gọi là Somnoire. Những ký ức xưa chôn giấu sâu trong giấc mơ, và chìa khóa khám phá nằm trong tay bạn. Xin đừng quên, chỉ trong giấc mơ mới tìm thấy câu trả lời.",C?n ti?ng Anh nghi v?n: Somnoire | S? t?/c?m nghi v?n: 1 | T? l? nghi v?n: 0.125 | M?c ??: 4.25
"A familiar gateway emerges in the land of Rinascita, connecting to a realm known as the Somnoire. Past memories lie buried deep within dreams, and the key to exploration is in your hands. Please do not forget, only within dreams will the answers be revealed.","Một cánh cổng quen thuộc xuất hiện trên vùng đất Rinascita, kết nối với một thế giới gọi là Somnoire. Những ký ức xưa chôn giấu sâu trong giấc mơ, và chìa khóa khám phá nằm trong tay bạn. Xin đừng quên, chỉ trong giấc mơ mới tìm thấy câu trả lời.",C?n ti?ng Anh nghi v?n: Somnoire | S? t?/c?m nghi v?n: 1 | T? l? nghi v?n: 0.125 | M?c ??: 4.25
"A familiar gateway emerges in the land of Rinascita, connecting to a realm known as the Somnoire. Past memories lie buried deep within dreams, and the key to exploration is in your hands. Please do not forget, only within dreams will the answers be revealed.","Một cánh cổng quen thuộc xuất hiện trên vùng đất Rinascita, kết nối với một thế giới gọi là Somnoire. Những ký ức xưa chôn giấu sâu trong giấc mơ, và chìa khóa khám phá nằm trong tay bạn. Xin đừng quên, chỉ trong giấc mơ mới tìm thấy câu trả lời.",C?n ti?ng Anh nghi v?n: Somnoire | S? t?/c?m nghi v?n: 1 | T? l? nghi v?n: 0.125 | M?c ??: 4.25
"The Beyond—that promised perfection—is no more in this world, at least for now. Yet deep beneath the sea, its broken fragments still glimmer with echoes of old obsession and hope. Whenever you return, you'll hear joyful laughter of rebirth, as if this land still holds the promise of eternity.","The Beyond—nơi từng hứa hẹn sự hoàn hảo—giờ không còn tồn tại trên thế giới này, ít nhất là hiện tại. Nhưng sâu dưới đáy biển, những mảnh vỡ của nó vẫn lấp lánh với những tiếng vọng của nỗi ám ảnh và hy vọng xưa cũ. Mỗi lần anh trở lại, anh sẽ nghe thấy tiếng cười vui vẻ của sự tái sinh, như thể vùng đất này vẫn còn giữ lời hứa về sự vĩnh cửu.",C?n ti?ng Anh nghi v?n: Beyond | S? t?/c?m nghi v?n: 1 | T? l? nghi v?n: 0.125 | M?c ??: 4.25
"The Threnodian Leviathan merged unto a Kingdom the memories, feelings, and aspirations of all Rinascitans, assimilating their thoughts and erasing their obsessions. An immaculate Paradise drawn on bewildered souls, whose lifeless forms chant in unison, day and night—for naught but to earn Its grace and redemption.","Leviathan Threnodian đã hợp nhất ký ức, cảm xúc và khát vọng của tất cả Rinascitan thành một Vương quốc, đồng hóa suy nghĩ và xóa bỏ những ám ảnh của họ. Một Thiên đường hoàn hảo được vẽ nên từ những linh hồn hoang mang, những thân thể vô hồn hát đồng thanh ngày đêm—chỉ để kiếm được ân sủng và sự cứu rỗi của Ngài.",C?n ti?ng Anh nghi v?n: Leviathan | S? t?/c?m nghi v?n: 1 | T? l? nghi v?n: 0.125 | M?c ??: 4.25
"Inside, they record the essences of the departed, and may once again see the light of day once they're purified of the Void Storm's influence.","Bên trong, chúng ghi lại tinh hoa của những người đã khuất, và có thể lại tỏa sáng một khi được thanh tẩy khỏi ảnh hưởng của Void Storm.",C?n ti?ng Anh nghi v?n: Void | S? t?/c?m nghi v?n: 1 | T? l? nghi v?n: 0.125 | M?c ??: 4.25
You can change Rover's Terminal appearance in the Resonator Outfits page,Bạn có thể thay đổi giao diện Terminal của Rover trong trang Resonator Outfits,C?n ti?ng Anh nghi v?n: Outfits | S? t?/c?m nghi v?n: 1 | T? l? nghi v?n: 0.125 | M?c ??: 4.25
You can change Rover's Terminal appearance in the Resonator Outfits page,Bạn có thể thay đổi giao diện Terminal của Rover trong trang Resonator Outfits,C?n ti?ng Anh nghi v?n: Outfits | S? t?/c?m nghi v?n: 1 | T? l? nghi v?n: 0.125 | M?c ??: 4.25
