en_source,vn_translate,loi_du_doan
Greet Mizar,Chào Mizar,C?n ti?ng Anh nghi v?n: Mizar | S? t?/c?m nghi v?n: 1 | T? l? nghi v?n: 1.0 | M?c ??: 13.0
Play the game on the console,Play trò chơi trên thiết bị đầu cuối,C?n ti?ng Anh nghi v?n: Play | S? t?/c?m nghi v?n: 1 | T? l? nghi v?n: 1.0 | M?c ??: 13.0
Investigate,Investigate,C?n ti?ng Anh nghi v?n: Investigate | S? t?/c?m nghi v?n: 1 | T? l? nghi v?n: 1.0 | M?c ??: 13.0
Investigate,Investigate,C?n ti?ng Anh nghi v?n: Investigate | S? t?/c?m nghi v?n: 1 | T? l? nghi v?n: 1.0 | M?c ??: 13.0
Investigate,Investigate,C?n ti?ng Anh nghi v?n: Investigate | S? t?/c?m nghi v?n: 1 | T? l? nghi v?n: 1.0 | M?c ??: 13.0
Inquire,Inquire,C?n ti?ng Anh nghi v?n: Inquire | S? t?/c?m nghi v?n: 1 | T? l? nghi v?n: 1.0 | M?c ??: 13.0
Restore the Voidborn Eldertree in Solisia Landing,Khôi phục Cây Cổ Thụ Hư Không tại Bến Đáp Solisia,C?n ti?ng Anh nghi v?n: Solisia | S? t?/c?m nghi v?n: 1 | T? l? nghi v?n: 1.0 | M?c ??: 13.0
Restore the Voidborn Eldertree in Solisia Landing,Khôi phục Cây Cổ Thụ Hư Không tại Bến Đáp Solisia,C?n ti?ng Anh nghi v?n: Solisia | S? t?/c?m nghi v?n: 1 | T? l? nghi v?n: 1.0 | M?c ??: 13.0
Type-Q Restorative: {count_1}/4400,Chất Phục Hồi Loại-Q: {count_1}/4400,C?n ti?ng Anh nghi v?n: Q | S? t?/c?m nghi v?n: 1 | T? l? nghi v?n: 1.0 | M?c ??: 13.0
Type-Q Restorative: {count_1}/4400,Chất Phục Hồi Loại-Q: {count_1}/4400,C?n ti?ng Anh nghi v?n: Q | S? t?/c?m nghi v?n: 1 | T? l? nghi v?n: 1.0 | M?c ??: 13.0
Type-S Restorative: {count_1}/1900,Chất Phục Hồi Loại-S: {count_1}/1900,C?n ti?ng Anh nghi v?n: S | S? t?/c?m nghi v?n: 1 | T? l? nghi v?n: 1.0 | M?c ??: 13.0
Type-S Restorative: {count_1}/1900,Chất Phục Hồi Loại-S: {count_1}/1900,C?n ti?ng Anh nghi v?n: S | S? t?/c?m nghi v?n: 1 | T? l? nghi v?n: 1.0 | M?c ??: 13.0
Type-F Restorative: {count_1}/2600,Chất Phục Hồi Loại-F: {count_1}/2600,C?n ti?ng Anh nghi v?n: F | S? t?/c?m nghi v?n: 1 | T? l? nghi v?n: 1.0 | M?c ??: 13.0
Type-F Restorative: {count_1}/2600,Chất Phục Hồi Loại-F: {count_1}/2600,C?n ti?ng Anh nghi v?n: F | S? t?/c?m nghi v?n: 1 | T? l? nghi v?n: 1.0 | M?c ??: 13.0
Restore the Voidborn Eldertree in the Dimmr Deep,Khôi phục Cây Cổ Thụ Hư Không tại Vực Sâu Dimmr,C?n ti?ng Anh nghi v?n: Dimmr | S? t?/c?m nghi v?n: 1 | T? l? nghi v?n: 1.0 | M?c ??: 13.0
Restore the Voidborn Eldertree in the Dimmr Deep,Khôi phục Cây Cổ Thụ Hư Không tại Vực Sâu Dimmr,C?n ti?ng Anh nghi v?n: Dimmr | S? t?/c?m nghi v?n: 1 | T? l? nghi v?n: 1.0 | M?c ??: 13.0
Type-T Restorative: {count_1}/3100,Chất Phục Hồi Loại-T: {count_1}/3100,C?n ti?ng Anh nghi v?n: T | S? t?/c?m nghi v?n: 1 | T? l? nghi v?n: 1.0 | M?c ??: 13.0
Type-T Restorative: {count_1}/3100,Chất Phục Hồi Loại-T: {count_1}/3100,C?n ti?ng Anh nghi v?n: T | S? t?/c?m nghi v?n: 1 | T? l? nghi v?n: 1.0 | M?c ??: 13.0
Initiate the Voidbane Eldertree Restoration in the Silent Crag,Khởi động Khôi phục Cây Cổ Thụ Voidbane tại Vách Đá Câm Lặng,C?n ti?ng Anh nghi v?n: Voidbane | S? t?/c?m nghi v?n: 1 | T? l? nghi v?n: 1.0 | M?c ??: 13.0
Find and bring back the Geospider S4,Tìm và đưa Geospider S4 trở lại.,C?n ti?ng Anh nghi v?n: Geospider | S? t?/c?m nghi v?n: 1 | T? l? nghi v?n: 1.0 | M?c ??: 13.0
Help the Soliskin defeat the enemies,Giúp tộc Soliskin đánh bại kẻ địch.,C?n ti?ng Anh nghi v?n: Soliskin | S? t?/c?m nghi v?n: 1 | T? l? nghi v?n: 1.0 | M?c ??: 13.0
Talk to the Soliskin,Nói chuyện với Soliskin,C?n ti?ng Anh nghi v?n: Soliskin | S? t?/c?m nghi v?n: 1 | T? l? nghi v?n: 1.0 | M?c ??: 13.0
Defeat the enemies with Mornye,Đánh bại kẻ địch cùng Mornye,C?n ti?ng Anh nghi v?n: Mornye | S? t?/c?m nghi v?n: 1 | T? l? nghi v?n: 1.0 | M?c ??: 13.0
Search for the other Soliskin,Tìm các Soliskin khác,C?n ti?ng Anh nghi v?n: Soliskin | S? t?/c?m nghi v?n: 1 | T? l? nghi v?n: 1.0 | M?c ??: 13.0
Arrive at the location of the other Soliskin,Đến vị trí của Soliskin còn lại,C?n ti?ng Anh nghi v?n: Soliskin | S? t?/c?m nghi v?n: 1 | T? l? nghi v?n: 1.0 | M?c ??: 13.0
Arrive at the location of the other Soliskin,Đến vị trí của Soliskin còn lại,C?n ti?ng Anh nghi v?n: Soliskin | S? t?/c?m nghi v?n: 1 | T? l? nghi v?n: 1.0 | M?c ??: 13.0
Search for the Soliskin,Tìm Soliskin,C?n ti?ng Anh nghi v?n: Soliskin | S? t?/c?m nghi v?n: 1 | T? l? nghi v?n: 1.0 | M?c ??: 13.0
Talk to Lenie,Nói chuyện với Lenie,C?n ti?ng Anh nghi v?n: Lenie | S? t?/c?m nghi v?n: 1 | T? l? nghi v?n: 1.0 | M?c ??: 13.0
Talk to Kamil,Nói chuyện với Kamil,C?n ti?ng Anh nghi v?n: Kamil | S? t?/c?m nghi v?n: 1 | T? l? nghi v?n: 1.0 | M?c ??: 13.0
Talk to Lenie,Nói chuyện với Lenie,C?n ti?ng Anh nghi v?n: Lenie | S? t?/c?m nghi v?n: 1 | T? l? nghi v?n: 1.0 | M?c ??: 13.0
Kamil,Kamil,C?n ti?ng Anh nghi v?n: Kamil | S? t?/c?m nghi v?n: 1 | T? l? nghi v?n: 1.0 | M?c ??: 13.0
Investigate,Investigate,C?n ti?ng Anh nghi v?n: Investigate | S? t?/c?m nghi v?n: 1 | T? l? nghi v?n: 1.0 | M?c ??: 13.0
Investigate,Investigate,C?n ti?ng Anh nghi v?n: Investigate | S? t?/c?m nghi v?n: 1 | T? l? nghi v?n: 1.0 | M?c ??: 13.0
Inspect,Inspect,C?n ti?ng Anh nghi v?n: Inspect | S? t?/c?m nghi v?n: 1 | T? l? nghi v?n: 1.0 | M?c ??: 13.0
Component,Component,C?n ti?ng Anh nghi v?n: Component | S? t?/c?m nghi v?n: 1 | T? l? nghi v?n: 1.0 | M?c ??: 13.0
Component,Component,C?n ti?ng Anh nghi v?n: Component | S? t?/c?m nghi v?n: 1 | T? l? nghi v?n: 1.0 | M?c ??: 13.0
Talk to Anslem,Nói chuyện với Anslem,C?n ti?ng Anh nghi v?n: Anslem | S? t?/c?m nghi v?n: 1 | T? l? nghi v?n: 1.0 | M?c ??: 13.0
Meet Lucilla at the Academic Affairs office,Gặp Lucilla tại Văn phòng Sự vụ Học viện,C?n ti?ng Anh nghi v?n: Lucilla | S? t?/c?m nghi v?n: 1 | T? l? nghi v?n: 1.0 | M?c ??: 13.0
Talk to Lucilla,Nói chuyện với Lucilla,C?n ti?ng Anh nghi v?n: Lucilla | S? t?/c?m nghi v?n: 1 | T? l? nghi v?n: 1.0 | M?c ??: 13.0
Talk to Anslem,Nói chuyện với Anslem,C?n ti?ng Anh nghi v?n: Anslem | S? t?/c?m nghi v?n: 1 | T? l? nghi v?n: 1.0 | M?c ??: 13.0
Use the Projector to smash the Luxite,Dùng Máy Chiếu để đập vỡ Luxite,C?n ti?ng Anh nghi v?n: Luxite | S? t?/c?m nghi v?n: 1 | T? l? nghi v?n: 1.0 | M?c ??: 13.0
Continue onward with Sigrika,Tiếp tục cùng Sigrika,C?n ti?ng Anh nghi v?n: Sigrika | S? t?/c?m nghi v?n: 1 | T? l? nghi v?n: 1.0 | M?c ??: 13.0
Talk to Sigrika,Nói chuyện với Sigrika,C?n ti?ng Anh nghi v?n: Sigrika | S? t?/c?m nghi v?n: 1 | T? l? nghi v?n: 1.0 | M?c ??: 13.0
Free the Kronaclaw,Giải thoát Kronaclaw,C?n ti?ng Anh nghi v?n: Kronaclaw | S? t?/c?m nghi v?n: 1 | T? l? nghi v?n: 1.0 | M?c ??: 13.0
Mount the Kronaclaw,Cưỡi Kronaclaw,C?n ti?ng Anh nghi v?n: Kronaclaw | S? t?/c?m nghi v?n: 1 | T? l? nghi v?n: 1.0 | M?c ??: 13.0
Fend off the Kronaclaw,Đẩy lùi Kronaclaw,C?n ti?ng Anh nghi v?n: Kronaclaw | S? t?/c?m nghi v?n: 1 | T? l? nghi v?n: 1.0 | M?c ??: 13.0
Talk to Sigrika,Nói chuyện với Sigrika,C?n ti?ng Anh nghi v?n: Sigrika | S? t?/c?m nghi v?n: 1 | T? l? nghi v?n: 1.0 | M?c ??: 13.0
Fend off the Kronaclaw,Đẩy lùi Kronaclaw,C?n ti?ng Anh nghi v?n: Kronaclaw | S? t?/c?m nghi v?n: 1 | T? l? nghi v?n: 1.0 | M?c ??: 13.0
Fight the Kronaclaw,Chiến đấu với Kronaclaw,C?n ti?ng Anh nghi v?n: Kronaclaw | S? t?/c?m nghi v?n: 1 | T? l? nghi v?n: 1.0 | M?c ??: 13.0
Search for Sigrika,Tìm Sigrika,C?n ti?ng Anh nghi v?n: Sigrika | S? t?/c?m nghi v?n: 1 | T? l? nghi v?n: 1.0 | M?c ??: 13.0
Talk to Sigrika,Nói chuyện với Sigrika,C?n ti?ng Anh nghi v?n: Sigrika | S? t?/c?m nghi v?n: 1 | T? l? nghi v?n: 1.0 | M?c ??: 13.0
Examine,Examine,C?n ti?ng Anh nghi v?n: Examine | S? t?/c?m nghi v?n: 1 | T? l? nghi v?n: 1.0 | M?c ??: 13.0
Examine,Examine,C?n ti?ng Anh nghi v?n: Examine | S? t?/c?m nghi v?n: 1 | T? l? nghi v?n: 1.0 | M?c ??: 13.0
Examine,Examine,C?n ti?ng Anh nghi v?n: Examine | S? t?/c?m nghi v?n: 1 | T? l? nghi v?n: 1.0 | M?c ??: 13.0
Examine,Examine,C?n ti?ng Anh nghi v?n: Examine | S? t?/c?m nghi v?n: 1 | T? l? nghi v?n: 1.0 | M?c ??: 13.0
Ride,Ride,C?n ti?ng Anh nghi v?n: Ride | S? t?/c?m nghi v?n: 1 | T? l? nghi v?n: 1.0 | M?c ??: 13.0
Examine,Examine,C?n ti?ng Anh nghi v?n: Examine | S? t?/c?m nghi v?n: 1 | T? l? nghi v?n: 1.0 | M?c ??: 13.0
Examine,Examine,C?n ti?ng Anh nghi v?n: Examine | S? t?/c?m nghi v?n: 1 | T? l? nghi v?n: 1.0 | M?c ??: 13.0
Talk to Sanhua,Nói chuyện với Sanhua,C?n ti?ng Anh nghi v?n: Sanhua | S? t?/c?m nghi v?n: 1 | T? l? nghi v?n: 1.0 | M?c ??: 13.0
Arrive at Mt. Firmament,Đến Núi Firmament,C?n ti?ng Anh nghi v?n: Firmament | S? t?/c?m nghi v?n: 1 | T? l? nghi v?n: 1.0 | M?c ??: 13.0
Repair the Bridge with Chronosorter,Sửa cầu bằng Chronosorter,C?n ti?ng Anh nghi v?n: Chronosorter | S? t?/c?m nghi v?n: 1 | T? l? nghi v?n: 1.0 | M?c ??: 13.0
Go Further into Mt. Firmament,Đi sâu hơn vào Núi Firmament,C?n ti?ng Anh nghi v?n: Firmament | S? t?/c?m nghi v?n: 1 | T? l? nghi v?n: 1.0 | M?c ??: 13.0
Go Further into Mt. Firmament,Đi sâu hơn vào Núi Firmament,C?n ti?ng Anh nghi v?n: Firmament | S? t?/c?m nghi v?n: 1 | T? l? nghi v?n: 1.0 | M?c ??: 13.0
Go Further into Mt. Firmament,Đi sâu hơn vào Núi Firmament,C?n ti?ng Anh nghi v?n: Firmament | S? t?/c?m nghi v?n: 1 | T? l? nghi v?n: 1.0 | M?c ??: 13.0
Inspect the Vase,Inspect chiếc bình,C?n ti?ng Anh nghi v?n: Inspect | S? t?/c?m nghi v?n: 1 | T? l? nghi v?n: 1.0 | M?c ??: 13.0
Talk to Xinyi,Nói chuyện với Xinyi,C?n ti?ng Anh nghi v?n: Xinyi | S? t?/c?m nghi v?n: 1 | T? l? nghi v?n: 1.0 | M?c ??: 13.0
Go further into Mt. Firmament,Đi sâu hơn vào Núi Firmament,C?n ti?ng Anh nghi v?n: Firmament | S? t?/c?m nghi v?n: 1 | T? l? nghi v?n: 1.0 | M?c ??: 13.0
Go further into Mt. Firmament,Đi sâu hơn vào Núi Firmament,C?n ti?ng Anh nghi v?n: Firmament | S? t?/c?m nghi v?n: 1 | T? l? nghi v?n: 1.0 | M?c ??: 13.0
Go further into Mt. Firmament,Đi sâu hơn vào Núi Firmament,C?n ti?ng Anh nghi v?n: Firmament | S? t?/c?m nghi v?n: 1 | T? l? nghi v?n: 1.0 | M?c ??: 13.0
To Mt. Firmament,Đến Núi Firmament,C?n ti?ng Anh nghi v?n: Firmament | S? t?/c?m nghi v?n: 1 | T? l? nghi v?n: 1.0 | M?c ??: 13.0
Learn about the life of Hongzhen residents,Tìm hiểu cuộc sống của cư dân Hongzhen,C?n ti?ng Anh nghi v?n: Hongzhen | S? t?/c?m nghi v?n: 1 | T? l? nghi v?n: 1.0 | M?c ??: 13.0
Inspect the Hibernation Pod,Inspect Cỗ Máy Ngủ Đông,C?n ti?ng Anh nghi v?n: Inspect | S? t?/c?m nghi v?n: 1 | T? l? nghi v?n: 1.0 | M?c ??: 13.0
(Optional) Ski Down the Mountain,(Tùy chọn) Ski xuống núi,C?n ti?ng Anh nghi v?n: Ski | S? t?/c?m nghi v?n: 1 | T? l? nghi v?n: 1.0 | M?c ??: 13.0
Disable the Photon Barrier on the gate and enter Truthseeker's Pass,Vô hiệu hóa rào chắn Photon trên cổng và tiến vào Lối Đi Của Kẻ Tìm Chân Lý,C?n ti?ng Anh nghi v?n: Photon | S? t?/c?m nghi v?n: 1 | T? l? nghi v?n: 1.0 | M?c ??: 13.0
Turn off the Photonvault,Tắt Photonvault,C?n ti?ng Anh nghi v?n: Photonvault | S? t?/c?m nghi v?n: 1 | T? l? nghi v?n: 1.0 | M?c ??: 13.0
Operate the Chronosorter,Vận hành Chronosorter,C?n ti?ng Anh nghi v?n: Chronosorter | S? t?/c?m nghi v?n: 1 | T? l? nghi v?n: 1.0 | M?c ??: 13.0
Operate the Chronosorter and find a way to leave the chamber,Vận hành Chronosorter và tìm cách rời khỏi căn phòng này,C?n ti?ng Anh nghi v?n: Chronosorter | S? t?/c?m nghi v?n: 1 | T? l? nghi v?n: 1.0 | M?c ??: 13.0
Operate the Chronosorter to adjust the water level,Vận hành Chronosorter để điều chỉnh mực nước,C?n ti?ng Anh nghi v?n: Chronosorter | S? t?/c?m nghi v?n: 1 | T? l? nghi v?n: 1.0 | M?c ??: 13.0
Operate the Chronosorter,Vận hành Chronosorter,C?n ti?ng Anh nghi v?n: Chronosorter | S? t?/c?m nghi v?n: 1 | T? l? nghi v?n: 1.0 | M?c ??: 13.0
Operate the Chronosorter to adjust the water level,Vận hành Chronosorter để điều chỉnh mực nước,C?n ti?ng Anh nghi v?n: Chronosorter | S? t?/c?m nghi v?n: 1 | T? l? nghi v?n: 1.0 | M?c ??: 13.0
Operate the Chronosorter to adjust the water level,Vận hành Chronosorter để điều chỉnh mực nước,C?n ti?ng Anh nghi v?n: Chronosorter | S? t?/c?m nghi v?n: 1 | T? l? nghi v?n: 1.0 | M?c ??: 13.0
Read,Read,C?n ti?ng Anh nghi v?n: Read | S? t?/c?m nghi v?n: 1 | T? l? nghi v?n: 1.0 | M?c ??: 13.0
Talk to Aalto,Nói chuyện với Aalto,C?n ti?ng Anh nghi v?n: Aalto | S? t?/c?m nghi v?n: 1 | T? l? nghi v?n: 1.0 | M?c ??: 13.0
Arrive at the Modulation Hall,Đến Đại Sảnh Modulation,C?n ti?ng Anh nghi v?n: Modulation | S? t?/c?m nghi v?n: 1 | T? l? nghi v?n: 1.0 | M?c ??: 13.0
Neutralize the Tethys System,Vô hiệu hóa Hệ Thống Tethys,C?n ti?ng Anh nghi v?n: Tethys | S? t?/c?m nghi v?n: 1 | T? l? nghi v?n: 1.0 | M?c ??: 13.0
Search for Monica,Tìm Monica,C?n ti?ng Anh nghi v?n: Monica | S? t?/c?m nghi v?n: 1 | T? l? nghi v?n: 1.0 | M?c ??: 13.0
Search for the robot that can upload the data,Tìm robot có thể tải lên dữ liệu,C?n ti?ng Anh nghi v?n: robot | S? t?/c?m nghi v?n: 1 | T? l? nghi v?n: 1.0 | M?c ??: 13.0
Head to the Eye of Asteria,Đến Mắt Asteria,C?n ti?ng Anh nghi v?n: Asteria | S? t?/c?m nghi v?n: 1 | T? l? nghi v?n: 1.0 | M?c ??: 13.0
"Talk to the ""Shorekeeper""","Nói chuyện với ""Shorekeeper""",C?n ti?ng Anh nghi v?n: Shorekeeper | S? t?/c?m nghi v?n: 1 | T? l? nghi v?n: 1.0 | M?c ??: 13.0
Leave the Tethys System,Rời khỏi Tethys Hệ thống,C?n ti?ng Anh nghi v?n: Tethys | S? t?/c?m nghi v?n: 1 | T? l? nghi v?n: 1.0 | M?c ??: 13.0
Clear the corrupted data and head to the lower level,Clear dữ liệu bị hỏng và tiến xuống tầng dưới,C?n ti?ng Anh nghi v?n: Clear | S? t?/c?m nghi v?n: 1 | T? l? nghi v?n: 1.0 | M?c ??: 13.0
(Optional) Use the Grapple Shooter,(Tùy chọn) Dùng Grapple,C?n ti?ng Anh nghi v?n: Grapple | S? t?/c?m nghi v?n: 1 | T? l? nghi v?n: 1.0 | M?c ??: 13.0
Enter the Tethys System,Vào Tethys Hệ thống,C?n ti?ng Anh nghi v?n: Tethys | S? t?/c?m nghi v?n: 1 | T? l? nghi v?n: 1.0 | M?c ??: 13.0
Make contact with Yangyang,Liên lạc với Yangyang,C?n ti?ng Anh nghi v?n: Yangyang | S? t?/c?m nghi v?n: 1 | T? l? nghi v?n: 1.0 | M?c ??: 13.0
Beyond the Shore's End,Beyond Bờ Cõi Tận Cùng,C?n ti?ng Anh nghi v?n: Beyond | S? t?/c?m nghi v?n: 1 | T? l? nghi v?n: 1.0 | M?c ??: 13.0
Talk to Brant,Nói chuyện với Brant,C?n ti?ng Anh nghi v?n: Brant | S? t?/c?m nghi v?n: 1 | T? l? nghi v?n: 1.0 | M?c ??: 13.0
Meet with Shorekeeper,Gặp Shorekeeper,C?n ti?ng Anh nghi v?n: Shorekeeper | S? t?/c?m nghi v?n: 1 | T? l? nghi v?n: 1.0 | M?c ??: 13.0
Find Aalto at the port,Tìm Aalto tại cảng,C?n ti?ng Anh nghi v?n: Aalto | S? t?/c?m nghi v?n: 1 | T? l? nghi v?n: 1.0 | M?c ??: 13.0
Meet with Shorekeeper,Gặp Shorekeeper,C?n ti?ng Anh nghi v?n: Shorekeeper | S? t?/c?m nghi v?n: 1 | T? l? nghi v?n: 1.0 | M?c ??: 13.0
Find Aalto at the port,Tìm Aalto tại cảng,C?n ti?ng Anh nghi v?n: Aalto | S? t?/c?m nghi v?n: 1 | T? l? nghi v?n: 1.0 | M?c ??: 13.0
Meet with Shorekeeper,Gặp Shorekeeper,C?n ti?ng Anh nghi v?n: Shorekeeper | S? t?/c?m nghi v?n: 1 | T? l? nghi v?n: 1.0 | M?c ??: 13.0
Find Aalto at the port,Tìm Aalto tại cảng,C?n ti?ng Anh nghi v?n: Aalto | S? t?/c?m nghi v?n: 1 | T? l? nghi v?n: 1.0 | M?c ??: 13.0
Find Aalto at the port,Tìm Aalto tại cảng,C?n ti?ng Anh nghi v?n: Aalto | S? t?/c?m nghi v?n: 1 | T? l? nghi v?n: 1.0 | M?c ??: 13.0
Meet with Shorekeeper,Gặp Shorekeeper,C?n ti?ng Anh nghi v?n: Shorekeeper | S? t?/c?m nghi v?n: 1 | T? l? nghi v?n: 1.0 | M?c ??: 13.0
Meet with Shorekeeper,Gặp Shorekeeper,C?n ti?ng Anh nghi v?n: Shorekeeper | S? t?/c?m nghi v?n: 1 | T? l? nghi v?n: 1.0 | M?c ??: 13.0
Meet with Shorekeeper,Gặp Shorekeeper,C?n ti?ng Anh nghi v?n: Shorekeeper | S? t?/c?m nghi v?n: 1 | T? l? nghi v?n: 1.0 | M?c ??: 13.0
Shorekeeper and Aalto,Người Giữ Bờ và Aalto,C?n ti?ng Anh nghi v?n: Aalto | S? t?/c?m nghi v?n: 1 | T? l? nghi v?n: 1.0 | M?c ??: 13.0
Shorekeeper and Aalto,Người Giữ Bờ và Aalto,C?n ti?ng Anh nghi v?n: Aalto | S? t?/c?m nghi v?n: 1 | T? l? nghi v?n: 1.0 | M?c ??: 13.0
Shorekeeper and Aalto,Người Giữ Bờ và Aalto,C?n ti?ng Anh nghi v?n: Aalto | S? t?/c?m nghi v?n: 1 | T? l? nghi v?n: 1.0 | M?c ??: 13.0
Find Aalto at the port,Tìm Aalto tại cảng,C?n ti?ng Anh nghi v?n: Aalto | S? t?/c?m nghi v?n: 1 | T? l? nghi v?n: 1.0 | M?c ??: 13.0
Find Aalto at the port,Tìm Aalto tại cảng,C?n ti?ng Anh nghi v?n: Aalto | S? t?/c?m nghi v?n: 1 | T? l? nghi v?n: 1.0 | M?c ??: 13.0
Find Gilberto,Tìm Gilberto,C?n ti?ng Anh nghi v?n: Gilberto | S? t?/c?m nghi v?n: 1 | T? l? nghi v?n: 1.0 | M?c ??: 13.0
Head to the Liberty Square,Đến Quảng Trường Liberty,C?n ti?ng Anh nghi v?n: Liberty | S? t?/c?m nghi v?n: 1 | T? l? nghi v?n: 1.0 | M?c ??: 13.0
Go to Averardo Bank,Đến Ngân Hàng Averardo,C?n ti?ng Anh nghi v?n: Averardo | S? t?/c?m nghi v?n: 1 | T? l? nghi v?n: 1.0 | M?c ??: 13.0
Board,Board,C?n ti?ng Anh nghi v?n: Board | S? t?/c?m nghi v?n: 1 | T? l? nghi v?n: 1.0 | M?c ??: 13.0
Margherita,Margherita,C?n ti?ng Anh nghi v?n: Margherita | S? t?/c?m nghi v?n: 1 | T? l? nghi v?n: 1.0 | M?c ??: 13.0
Investigate,Investigate,C?n ti?ng Anh nghi v?n: Investigate | S? t?/c?m nghi v?n: 1 | T? l? nghi v?n: 1.0 | M?c ??: 13.0
Head to the Nexus,Đến Nexus,C?n ti?ng Anh nghi v?n: Nexus | S? t?/c?m nghi v?n: 1 | T? l? nghi v?n: 1.0 | M?c ??: 13.0
Find the troupe member Bardolino,Tìm thành viên đoàn kịch Bardolino,C?n ti?ng Anh nghi v?n: Bardolino | S? t?/c?m nghi v?n: 1 | T? l? nghi v?n: 1.0 | M?c ??: 13.0
Board the liner and prepare for the rehearsal,Board và chuẩn bị diễn tập,C?n ti?ng Anh nghi v?n: Board | S? t?/c?m nghi v?n: 1 | T? l? nghi v?n: 1.0 | M?c ??: 13.0
Meet up with Zani,Gặp Zani,C?n ti?ng Anh nghi v?n: Zani | S? t?/c?m nghi v?n: 1 | T? l? nghi v?n: 1.0 | M?c ??: 13.0
Talk to Cristoforo,Nói chuyện với Cristoforo,C?n ti?ng Anh nghi v?n: Cristoforo | S? t?/c?m nghi v?n: 1 | T? l? nghi v?n: 1.0 | M?c ??: 13.0
Talk to Cristoforo,Nói chuyện với Cristoforo,C?n ti?ng Anh nghi v?n: Cristoforo | S? t?/c?m nghi v?n: 1 | T? l? nghi v?n: 1.0 | M?c ??: 13.0
Meet up with Phoebe,Gặp Phoebe,C?n ti?ng Anh nghi v?n: Phoebe | S? t?/c?m nghi v?n: 1 | T? l? nghi v?n: 1.0 | M?c ??: 13.0
Find the nearby Gondola,Tìm Gondola gần đó,C?n ti?ng Anh nghi v?n: Gondola | S? t?/c?m nghi v?n: 1 | T? l? nghi v?n: 1.0 | M?c ??: 13.0
Defeat Lorelei,Đánh bại Lorelei,C?n ti?ng Anh nghi v?n: Lorelei | S? t?/c?m nghi v?n: 1 | T? l? nghi v?n: 1.0 | M?c ??: 13.0
Ride the Gondola,Đi Gondola,C?n ti?ng Anh nghi v?n: Gondola | S? t?/c?m nghi v?n: 1 | T? l? nghi v?n: 1.0 | M?c ??: 13.0
Land using Glider,Land Dùng Dù Lượn,C?n ti?ng Anh nghi v?n: Land | S? t?/c?m nghi v?n: 1 | T? l? nghi v?n: 1.0 | M?c ??: 13.0
Ride the Gondola,Đi Gondola,C?n ti?ng Anh nghi v?n: Gondola | S? t?/c?m nghi v?n: 1 | T? l? nghi v?n: 1.0 | M?c ??: 13.0
Defeat Lorelei,Đánh bại Lorelei,C?n ti?ng Anh nghi v?n: Lorelei | S? t?/c?m nghi v?n: 1 | T? l? nghi v?n: 1.0 | M?c ??: 13.0
Ride the Gondola,Đi Gondola,C?n ti?ng Anh nghi v?n: Gondola | S? t?/c?m nghi v?n: 1 | T? l? nghi v?n: 1.0 | M?c ??: 13.0
Inquire,Inquire,C?n ti?ng Anh nghi v?n: Inquire | S? t?/c?m nghi v?n: 1 | T? l? nghi v?n: 1.0 | M?c ??: 13.0
Investigate,Investigate,C?n ti?ng Anh nghi v?n: Investigate | S? t?/c?m nghi v?n: 1 | T? l? nghi v?n: 1.0 | M?c ??: 13.0
Inquire,Inquire,C?n ti?ng Anh nghi v?n: Inquire | S? t?/c?m nghi v?n: 1 | T? l? nghi v?n: 1.0 | M?c ??: 13.0
Examine,Examine,C?n ti?ng Anh nghi v?n: Examine | S? t?/c?m nghi v?n: 1 | T? l? nghi v?n: 1.0 | M?c ??: 13.0
Inquire,Inquire,C?n ti?ng Anh nghi v?n: Inquire | S? t?/c?m nghi v?n: 1 | T? l? nghi v?n: 1.0 | M?c ??: 13.0
Inquire,Inquire,C?n ti?ng Anh nghi v?n: Inquire | S? t?/c?m nghi v?n: 1 | T? l? nghi v?n: 1.0 | M?c ??: 13.0
Inquire,Inquire,C?n ti?ng Anh nghi v?n: Inquire | S? t?/c?m nghi v?n: 1 | T? l? nghi v?n: 1.0 | M?c ??: 13.0
Inspect,Inspect,C?n ti?ng Anh nghi v?n: Inspect | S? t?/c?m nghi v?n: 1 | T? l? nghi v?n: 1.0 | M?c ??: 13.0
Talk to Cristoforo,Nói chuyện với Cristoforo,C?n ti?ng Anh nghi v?n: Cristoforo | S? t?/c?m nghi v?n: 1 | T? l? nghi v?n: 1.0 | M?c ??: 13.0
Talk to Carlotta,Nói chuyện với Carlotta,C?n ti?ng Anh nghi v?n: Carlotta | S? t?/c?m nghi v?n: 1 | T? l? nghi v?n: 1.0 | M?c ??: 13.0
Ride the Gondola,Đi Gondola,C?n ti?ng Anh nghi v?n: Gondola | S? t?/c?m nghi v?n: 1 | T? l? nghi v?n: 1.0 | M?c ??: 13.0
Use Sensor to restore the frequencies of the stained glass pieces,Dùng Sensor để khôi phục tần số của các mảnh kính màu,C?n ti?ng Anh nghi v?n: Sensor | S? t?/c?m nghi v?n: 1 | T? l? nghi v?n: 1.0 | M?c ??: 13.0
Ride the Gondola up the waterfall,Đi thuyền gondola lên thác nước,C?n ti?ng Anh nghi v?n: gondola | S? t?/c?m nghi v?n: 1 | T? l? nghi v?n: 1.0 | M?c ??: 13.0
Ride the Gondola up the waterfall,Đi thuyền gondola lên thác nước,C?n ti?ng Anh nghi v?n: gondola | S? t?/c?m nghi v?n: 1 | T? l? nghi v?n: 1.0 | M?c ??: 13.0
Talk to Carlotta,Nói chuyện với Carlotta,C?n ti?ng Anh nghi v?n: Carlotta | S? t?/c?m nghi v?n: 1 | T? l? nghi v?n: 1.0 | M?c ??: 13.0
Find Haultir,Tìm Haultir,C?n ti?ng Anh nghi v?n: Haultir | S? t?/c?m nghi v?n: 1 | T? l? nghi v?n: 1.0 | M?c ??: 13.0
Board Phaom,Lên Phaom,C?n ti?ng Anh nghi v?n: Phaom | S? t?/c?m nghi v?n: 1 | T? l? nghi v?n: 1.0 | M?c ??: 13.0
Head to Zargon Garden,Đến Vườn Zargon,C?n ti?ng Anh nghi v?n: Zargon | S? t?/c?m nghi v?n: 1 | T? l? nghi v?n: 1.0 | M?c ??: 13.0
Ask how Abby is doing,Hỏi thăm tình hình của Abby,C?n ti?ng Anh nghi v?n: Abby | S? t?/c?m nghi v?n: 1 | T? l? nghi v?n: 1.0 | M?c ??: 13.0
Talk to Cantarella,Nói chuyện với Cantarella,C?n ti?ng Anh nghi v?n: Cantarella | S? t?/c?m nghi v?n: 1 | T? l? nghi v?n: 1.0 | M?c ??: 13.0
Enter the Avinoleum ruins,Vào tàn tích Avinoleum,C?n ti?ng Anh nghi v?n: Avinoleum | S? t?/c?m nghi v?n: 1 | T? l? nghi v?n: 1.0 | M?c ??: 13.0
Summon Phaom,Triệu hồi Phaom,C?n ti?ng Anh nghi v?n: Phaom | S? t?/c?m nghi v?n: 1 | T? l? nghi v?n: 1.0 | M?c ??: 13.0
Talk to Cartethyia (Optional),Nói chuyện với Cartethyia (Tùy chọn),C?n ti?ng Anh nghi v?n: Cartethyia | S? t?/c?m nghi v?n: 1 | T? l? nghi v?n: 1.0 | M?c ??: 13.0
Talk to Cartethyia (Optional),Nói chuyện với Cartethyia (Tùy chọn),C?n ti?ng Anh nghi v?n: Cartethyia | S? t?/c?m nghi v?n: 1 | T? l? nghi v?n: 1.0 | M?c ??: 13.0
Disembark,Disembark,C?n ti?ng Anh nghi v?n: Disembark | S? t?/c?m nghi v?n: 1 | T? l? nghi v?n: 1.0 | M?c ??: 13.0
Talk to Cartethyia,Nói chuyện với Cartethyia,C?n ti?ng Anh nghi v?n: Cartethyia | S? t?/c?m nghi v?n: 1 | T? l? nghi v?n: 1.0 | M?c ??: 13.0
Defeat Cadanto,Đánh bại Cadanto,C?n ti?ng Anh nghi v?n: Cadanto | S? t?/c?m nghi v?n: 1 | T? l? nghi v?n: 1.0 | M?c ??: 13.0
Talk to Cantarella (Optional),Nói chuyện với Cantarella (Tùy chọn),C?n ti?ng Anh nghi v?n: Cantarella | S? t?/c?m nghi v?n: 1 | T? l? nghi v?n: 1.0 | M?c ??: 13.0
Retrieve Tyrvine,Lấy lại Tyrvine,C?n ti?ng Anh nghi v?n: Tyrvine | S? t?/c?m nghi v?n: 1 | T? l? nghi v?n: 1.0 | M?c ??: 13.0
Board Phaom,Lên Phaom,C?n ti?ng Anh nghi v?n: Phaom | S? t?/c?m nghi v?n: 1 | T? l? nghi v?n: 1.0 | M?c ??: 13.0
Board Phaom,Lên Phaom,C?n ti?ng Anh nghi v?n: Phaom | S? t?/c?m nghi v?n: 1 | T? l? nghi v?n: 1.0 | M?c ??: 13.0
Board Phaom,Lên Phaom,C?n ti?ng Anh nghi v?n: Phaom | S? t?/c?m nghi v?n: 1 | T? l? nghi v?n: 1.0 | M?c ??: 13.0
Board Phaom,Lên Phaom,C?n ti?ng Anh nghi v?n: Phaom | S? t?/c?m nghi v?n: 1 | T? l? nghi v?n: 1.0 | M?c ??: 13.0
Proceed on Phaom,Tiếp tục trên Phaom,C?n ti?ng Anh nghi v?n: Phaom | S? t?/c?m nghi v?n: 1 | T? l? nghi v?n: 1.0 | M?c ??: 13.0
Board Phaom,Lên Phaom,C?n ti?ng Anh nghi v?n: Phaom | S? t?/c?m nghi v?n: 1 | T? l? nghi v?n: 1.0 | M?c ??: 13.0
Board Phaom,Lên Phaom,C?n ti?ng Anh nghi v?n: Phaom | S? t?/c?m nghi v?n: 1 | T? l? nghi v?n: 1.0 | M?c ??: 13.0
Call Cantarella (Optional),Gọi Cantarella (Tùy chọn),C?n ti?ng Anh nghi v?n: Cantarella | S? t?/c?m nghi v?n: 1 | T? l? nghi v?n: 1.0 | M?c ??: 13.0
Board Phaom,Lên Phaom,C?n ti?ng Anh nghi v?n: Phaom | S? t?/c?m nghi v?n: 1 | T? l? nghi v?n: 1.0 | M?c ??: 13.0
Ascend,Ascend,C?n ti?ng Anh nghi v?n: Ascend | S? t?/c?m nghi v?n: 1 | T? l? nghi v?n: 1.0 | M?c ??: 13.0
Take the Wingray (Optional),Đi bằng Wingray (Tùy chọn),C?n ti?ng Anh nghi v?n: Wingray | S? t?/c?m nghi v?n: 1 | T? l? nghi v?n: 1.0 | M?c ??: 13.0
Board Phaom,Lên Phaom,C?n ti?ng Anh nghi v?n: Phaom | S? t?/c?m nghi v?n: 1 | T? l? nghi v?n: 1.0 | M?c ??: 13.0
Call Cantarella (Optional),Gọi Cantarella (Tùy chọn),C?n ti?ng Anh nghi v?n: Cantarella | S? t?/c?m nghi v?n: 1 | T? l? nghi v?n: 1.0 | M?c ??: 13.0
Use Levitator to control Remnant Spark,Dùng Levitator điều khiển Tàn Dư Lửa,C?n ti?ng Anh nghi v?n: Levitator | S? t?/c?m nghi v?n: 1 | T? l? nghi v?n: 1.0 | M?c ??: 13.0
Use Levitator to control Remnant Spark,Dùng Levitator điều khiển Tàn Dư Lửa,C?n ti?ng Anh nghi v?n: Levitator | S? t?/c?m nghi v?n: 1 | T? l? nghi v?n: 1.0 | M?c ??: 13.0
Defeat the Drakes,Đánh bại Drakes,C?n ti?ng Anh nghi v?n: Drakes | S? t?/c?m nghi v?n: 1 | T? l? nghi v?n: 1.0 | M?c ??: 13.0
"Use the ""Door of Unity"" to teleport","Dùng ""Cánh Cửa Unity"" để dịch chuyển",C?n ti?ng Anh nghi v?n: Unity | S? t?/c?m nghi v?n: 1 | T? l? nghi v?n: 1.0 | M?c ??: 13.0
Defeat Cadanto,Đánh bại Cadanto,C?n ti?ng Anh nghi v?n: Cadanto | S? t?/c?m nghi v?n: 1 | T? l? nghi v?n: 1.0 | M?c ??: 13.0
"Use the ""Door of Unity"" to teleport","Dùng ""Cánh Cửa Unity"" để dịch chuyển",C?n ti?ng Anh nghi v?n: Unity | S? t?/c?m nghi v?n: 1 | T? l? nghi v?n: 1.0 | M?c ??: 13.0
Defeat Cadanto,Đánh bại Cadanto,C?n ti?ng Anh nghi v?n: Cadanto | S? t?/c?m nghi v?n: 1 | T? l? nghi v?n: 1.0 | M?c ??: 13.0
"Use the ""Door of Unity"" to teleport","Dùng ""Cánh Cửa Unity"" để dịch chuyển",C?n ti?ng Anh nghi v?n: Unity | S? t?/c?m nghi v?n: 1 | T? l? nghi v?n: 1.0 | M?c ??: 13.0
Defeat Cadanto,Đánh bại Cadanto,C?n ti?ng Anh nghi v?n: Cadanto | S? t?/c?m nghi v?n: 1 | T? l? nghi v?n: 1.0 | M?c ??: 13.0
"Use the ""Door of Unity"" to teleport","Dùng ""Cánh Cửa Unity"" để dịch chuyển",C?n ti?ng Anh nghi v?n: Unity | S? t?/c?m nghi v?n: 1 | T? l? nghi v?n: 1.0 | M?c ??: 13.0
"Use the ""Door of Unity"" to teleport","Dùng ""Cánh Cửa Unity"" để dịch chuyển",C?n ti?ng Anh nghi v?n: Unity | S? t?/c?m nghi v?n: 1 | T? l? nghi v?n: 1.0 | M?c ??: 13.0
"Use the ""Door of Unity"" to teleport","Dùng ""Cánh Cửa Unity"" để dịch chuyển",C?n ti?ng Anh nghi v?n: Unity | S? t?/c?m nghi v?n: 1 | T? l? nghi v?n: 1.0 | M?c ??: 13.0
"Head to the ""Door of Unity.""","Đến ""Cánh Cửa Unity"" đi",C?n ti?ng Anh nghi v?n: Unity | S? t?/c?m nghi v?n: 1 | T? l? nghi v?n: 1.0 | M?c ??: 13.0
Inspect the pedestal,Inspect bệ đá này,C?n ti?ng Anh nghi v?n: Inspect | S? t?/c?m nghi v?n: 1 | T? l? nghi v?n: 1.0 | M?c ??: 13.0
Find the Tacetite device,Tìm thiết bị Tacetite,C?n ti?ng Anh nghi v?n: Tacetite | S? t?/c?m nghi v?n: 1 | T? l? nghi v?n: 1.0 | M?c ??: 13.0
Search for the Tacetite device,Tìm kiếm thiết bị Tacetite,C?n ti?ng Anh nghi v?n: Tacetite | S? t?/c?m nghi v?n: 1 | T? l? nghi v?n: 1.0 | M?c ??: 13.0
"Use the ""Door of Unity"" to teleport","Dùng ""Cánh Cửa Unity"" để dịch chuyển",C?n ti?ng Anh nghi v?n: Unity | S? t?/c?m nghi v?n: 1 | T? l? nghi v?n: 1.0 | M?c ??: 13.0
"Use the ""Door of Unity"" to teleport","Dùng ""Cánh Cửa Unity"" để dịch chuyển",C?n ti?ng Anh nghi v?n: Unity | S? t?/c?m nghi v?n: 1 | T? l? nghi v?n: 1.0 | M?c ??: 13.0
"Use the ""Door of Unity"" to teleport","Dùng ""Cánh Cửa Unity"" để dịch chuyển",C?n ti?ng Anh nghi v?n: Unity | S? t?/c?m nghi v?n: 1 | T? l? nghi v?n: 1.0 | M?c ??: 13.0
Defeat Cadanto,Đánh bại Cadanto,C?n ti?ng Anh nghi v?n: Cadanto | S? t?/c?m nghi v?n: 1 | T? l? nghi v?n: 1.0 | M?c ??: 13.0
Find Cartethyia,Tìm Cartethyia,C?n ti?ng Anh nghi v?n: Cartethyia | S? t?/c?m nghi v?n: 1 | T? l? nghi v?n: 1.0 | M?c ??: 13.0
Go to Avinoleum,Đến Avinoleum,C?n ti?ng Anh nghi v?n: Avinoleum | S? t?/c?m nghi v?n: 1 | T? l? nghi v?n: 1.0 | M?c ??: 13.0
Team up with Lupa,Hợp tác với Lupa,C?n ti?ng Anh nghi v?n: Lupa | S? t?/c?m nghi v?n: 1 | T? l? nghi v?n: 1.0 | M?c ??: 13.0
Find Cartethyia,Tìm Cartethyia,C?n ti?ng Anh nghi v?n: Cartethyia | S? t?/c?m nghi v?n: 1 | T? l? nghi v?n: 1.0 | M?c ??: 13.0
Find Cartethyia,Tìm Cartethyia,C?n ti?ng Anh nghi v?n: Cartethyia | S? t?/c?m nghi v?n: 1 | T? l? nghi v?n: 1.0 | M?c ??: 13.0
Chat,Chat,C?n ti?ng Anh nghi v?n: Chat | S? t?/c?m nghi v?n: 1 | T? l? nghi v?n: 1.0 | M?c ??: 13.0
Chat,Chat,C?n ti?ng Anh nghi v?n: Chat | S? t?/c?m nghi v?n: 1 | T? l? nghi v?n: 1.0 | M?c ??: 13.0
Go to the Colosseum,Đến Colosseum,C?n ti?ng Anh nghi v?n: Colosseum | S? t?/c?m nghi v?n: 1 | T? l? nghi v?n: 1.0 | M?c ??: 13.0
Meet Buling again,Gặp lại Buling,C?n ti?ng Anh nghi v?n: Buling | S? t?/c?m nghi v?n: 1 | T? l? nghi v?n: 1.0 | M?c ??: 13.0
Black Glory,Glory Tối,C?n ti?ng Anh nghi v?n: Glory | S? t?/c?m nghi v?n: 1 | T? l? nghi v?n: 1.0 | M?c ??: 13.0
Defeat Arsinosa,Đánh bại Arsinosa,C?n ti?ng Anh nghi v?n: Arsinosa | S? t?/c?m nghi v?n: 1 | T? l? nghi v?n: 1.0 | M?c ??: 13.0
Go to the Leonidas Hotel,Đến khách sạn Leonidas,C?n ti?ng Anh nghi v?n: Leonidas | S? t?/c?m nghi v?n: 1 | T? l? nghi v?n: 1.0 | M?c ??: 13.0
First Meet Mya,Gặp Mya lần đầu,C?n ti?ng Anh nghi v?n: Mya | S? t?/c?m nghi v?n: 1 | T? l? nghi v?n: 1.0 | M?c ??: 13.0
Meet Phrolova again,Gặp lại Phrolova,C?n ti?ng Anh nghi v?n: Phrolova | S? t?/c?m nghi v?n: 1 | T? l? nghi v?n: 1.0 | M?c ??: 13.0
Go to the Colosseum,Đến Colosseum,C?n ti?ng Anh nghi v?n: Colosseum | S? t?/c?m nghi v?n: 1 | T? l? nghi v?n: 1.0 | M?c ??: 13.0
Defeat Arsinosa,Đánh bại Arsinosa,C?n ti?ng Anh nghi v?n: Arsinosa | S? t?/c?m nghi v?n: 1 | T? l? nghi v?n: 1.0 | M?c ??: 13.0
Talk to Lupa,Nói chuyện với Lupa,C?n ti?ng Anh nghi v?n: Lupa | S? t?/c?m nghi v?n: 1 | T? l? nghi v?n: 1.0 | M?c ??: 13.0
Prepare to fight,Prepare chiến đấu,C?n ti?ng Anh nghi v?n: Prepare | S? t?/c?m nghi v?n: 1 | T? l? nghi v?n: 1.0 | M?c ??: 13.0
Go to the Colosseum,Đến Colosseum,C?n ti?ng Anh nghi v?n: Colosseum | S? t?/c?m nghi v?n: 1 | T? l? nghi v?n: 1.0 | M?c ??: 13.0
Go to the Colosseum,Đến Colosseum,C?n ti?ng Anh nghi v?n: Colosseum | S? t?/c?m nghi v?n: 1 | T? l? nghi v?n: 1.0 | M?c ??: 13.0
Defeat Arsinosa,Đánh bại Arsinosa,C?n ti?ng Anh nghi v?n: Arsinosa | S? t?/c?m nghi v?n: 1 | T? l? nghi v?n: 1.0 | M?c ??: 13.0
Go to the restaurant and talk to Cartethyia,Đến nhà hàng và nói chuyện với Cartethyia,C?n ti?ng Anh nghi v?n: Cartethyia | S? t?/c?m nghi v?n: 1 | T? l? nghi v?n: 1.0 | M?c ??: 13.0
Agon of Champions: The Last Call,Agon của Những Nhà Vô Địch: Lời Kêu Gọi Cuối Cùng,C?n ti?ng Anh nghi v?n: Agon | S? t?/c?m nghi v?n: 1 | T? l? nghi v?n: 1.0 | M?c ??: 13.0
Go to the arena and meet up with Lupa,Đến đấu trường và gặp Lupa nào,C?n ti?ng Anh nghi v?n: Lupa | S? t?/c?m nghi v?n: 1 | T? l? nghi v?n: 1.0 | M?c ??: 13.0
Go to the arena and meet up with Lupa,Đến đấu trường và gặp Lupa nào,C?n ti?ng Anh nghi v?n: Lupa | S? t?/c?m nghi v?n: 1 | T? l? nghi v?n: 1.0 | M?c ??: 13.0
Defeat Fenrico,Đánh bại Fenrico,C?n ti?ng Anh nghi v?n: Fenrico | S? t?/c?m nghi v?n: 1 | T? l? nghi v?n: 1.0 | M?c ??: 13.0
Talk to Phrolova,Nói chuyện với Phrolova,C?n ti?ng Anh nghi v?n: Phrolova | S? t?/c?m nghi v?n: 1 | T? l? nghi v?n: 1.0 | M?c ??: 13.0
Examine,Examine,C?n ti?ng Anh nghi v?n: Examine | S? t?/c?m nghi v?n: 1 | T? l? nghi v?n: 1.0 | M?c ??: 13.0
Orchestrate,Orchestrate,C?n ti?ng Anh nghi v?n: Orchestrate | S? t?/c?m nghi v?n: 1 | T? l? nghi v?n: 1.0 | M?c ??: 13.0
Investigate,Investigate,C?n ti?ng Anh nghi v?n: Investigate | S? t?/c?m nghi v?n: 1 | T? l? nghi v?n: 1.0 | M?c ??: 13.0
Talk to Phrolova,Nói chuyện với Phrolova,C?n ti?ng Anh nghi v?n: Phrolova | S? t?/c?m nghi v?n: 1 | T? l? nghi v?n: 1.0 | M?c ??: 13.0
Reach the Gondola,Đến Gondola,C?n ti?ng Anh nghi v?n: Gondola | S? t?/c?m nghi v?n: 1 | T? l? nghi v?n: 1.0 | M?c ??: 13.0
Talk to the Acolyte,Nói chuyện với Acolyte,C?n ti?ng Anh nghi v?n: Acolyte | S? t?/c?m nghi v?n: 1 | T? l? nghi v?n: 1.0 | M?c ??: 13.0
Orchestrate,Orchestrate,C?n ti?ng Anh nghi v?n: Orchestrate | S? t?/c?m nghi v?n: 1 | T? l? nghi v?n: 1.0 | M?c ??: 13.0
Head to the main tent and find Augusta,Đến lều chính và tìm Augusta,C?n ti?ng Anh nghi v?n: Augusta | S? t?/c?m nghi v?n: 1 | T? l? nghi v?n: 1.0 | M?c ??: 13.0
Talk to Avidius (Optional),Nói chuyện với Avidius (Tùy chọn),C?n ti?ng Anh nghi v?n: Avidius | S? t?/c?m nghi v?n: 1 | T? l? nghi v?n: 1.0 | M?c ??: 13.0
(Optional) About the High Tide of unprecedented scale,(Tùy chọn) Về Đại Triều Tide chưa từng có tiền lệ,C?n ti?ng Anh nghi v?n: Tide | S? t?/c?m nghi v?n: 1 | T? l? nghi v?n: 1.0 | M?c ??: 13.0
Look for Augusta,Tìm Augusta,C?n ti?ng Anh nghi v?n: Augusta | S? t?/c?m nghi v?n: 1 | T? l? nghi v?n: 1.0 | M?c ??: 13.0
Defeat the Corrosaurus,Tiêu diệt Corrosaurus,C?n ti?ng Anh nghi v?n: Corrosaurus | S? t?/c?m nghi v?n: 1 | T? l? nghi v?n: 1.0 | M?c ??: 13.0
Defeat the Corrosaurus,Tiêu diệt Corrosaurus,C?n ti?ng Anh nghi v?n: Corrosaurus | S? t?/c?m nghi v?n: 1 | T? l? nghi v?n: 1.0 | M?c ??: 13.0
Meet with Augusta,Gặp Augusta,C?n ti?ng Anh nghi v?n: Augusta | S? t?/c?m nghi v?n: 1 | T? l? nghi v?n: 1.0 | M?c ??: 13.0
Lillibet,Lillibet,C?n ti?ng Anh nghi v?n: Lillibet | S? t?/c?m nghi v?n: 1 | T? l? nghi v?n: 1.0 | M?c ??: 13.0
Explore Murmurstown,Khám phá Murmurstown,C?n ti?ng Anh nghi v?n: Murmurstown | S? t?/c?m nghi v?n: 1 | T? l? nghi v?n: 1.0 | M?c ??: 13.0
Confront Augusta,Đối đầu với Augusta,C?n ti?ng Anh nghi v?n: Augusta | S? t?/c?m nghi v?n: 1 | T? l? nghi v?n: 1.0 | M?c ??: 13.0
Talk to Augusta,Nói chuyện với Augusta,C?n ti?ng Anh nghi v?n: Augusta | S? t?/c?m nghi v?n: 1 | T? l? nghi v?n: 1.0 | M?c ??: 13.0
Talk to Augusta,Nói chuyện với Augusta,C?n ti?ng Anh nghi v?n: Augusta | S? t?/c?m nghi v?n: 1 | T? l? nghi v?n: 1.0 | M?c ??: 13.0
Venture deep into the Sonoro,Đi sâu vào Sonoro,C?n ti?ng Anh nghi v?n: Sonoro | S? t?/c?m nghi v?n: 1 | T? l? nghi v?n: 1.0 | M?c ??: 13.0
Find Grandmother Lillibet,Tìm bà Lillibet,C?n ti?ng Anh nghi v?n: Lillibet | S? t?/c?m nghi v?n: 1 | T? l? nghi v?n: 1.0 | M?c ??: 13.0
Touch the wall illuminated by the light,Touch vào bức tường được ánh sáng chiếu rọi,C?n ti?ng Anh nghi v?n: Touch | S? t?/c?m nghi v?n: 1 | T? l? nghi v?n: 1.0 | M?c ??: 13.0
Touch the mural,Touch vào bức bích họa,C?n ti?ng Anh nghi v?n: Touch | S? t?/c?m nghi v?n: 1 | T? l? nghi v?n: 1.0 | M?c ??: 13.0
Touch the mural,Touch vào bức bích họa,C?n ti?ng Anh nghi v?n: Touch | S? t?/c?m nghi v?n: 1 | T? l? nghi v?n: 1.0 | M?c ??: 13.0
Touch the mural,Touch vào bức bích họa,C?n ti?ng Anh nghi v?n: Touch | S? t?/c?m nghi v?n: 1 | T? l? nghi v?n: 1.0 | M?c ??: 13.0
Enter the Chaos,Vào Chaos,C?n ti?ng Anh nghi v?n: Chaos | S? t?/c?m nghi v?n: 1 | T? l? nghi v?n: 1.0 | M?c ??: 13.0
Leave the Chaos and return to the real world,Rời Thế Giới Chaos và trở về thực tại,C?n ti?ng Anh nghi v?n: Chaos | S? t?/c?m nghi v?n: 1 | T? l? nghi v?n: 1.0 | M?c ??: 13.0
Reunite with Iuno,Đoàn tụ với Iuno,C?n ti?ng Anh nghi v?n: Iuno | S? t?/c?m nghi v?n: 1 | T? l? nghi v?n: 1.0 | M?c ??: 13.0
Talk to Avidius,Nói chuyện với Avidius,C?n ti?ng Anh nghi v?n: Avidius | S? t?/c?m nghi v?n: 1 | T? l? nghi v?n: 1.0 | M?c ??: 13.0
Inquire,Inquire,C?n ti?ng Anh nghi v?n: Inquire | S? t?/c?m nghi v?n: 1 | T? l? nghi v?n: 1.0 | M?c ??: 13.0
Inquire,Inquire,C?n ti?ng Anh nghi v?n: Inquire | S? t?/c?m nghi v?n: 1 | T? l? nghi v?n: 1.0 | M?c ??: 13.0
Inquire,Inquire,C?n ti?ng Anh nghi v?n: Inquire | S? t?/c?m nghi v?n: 1 | T? l? nghi v?n: 1.0 | M?c ??: 13.0
Find Cartethyia,Tìm Cartethyia,C?n ti?ng Anh nghi v?n: Cartethyia | S? t?/c?m nghi v?n: 1 | T? l? nghi v?n: 1.0 | M?c ??: 13.0
Find Cantarella,Tìm Cantarella,C?n ti?ng Anh nghi v?n: Cantarella | S? t?/c?m nghi v?n: 1 | T? l? nghi v?n: 1.0 | M?c ??: 13.0
Find Galbrena,Tìm Galbrena,C?n ti?ng Anh nghi v?n: Galbrena | S? t?/c?m nghi v?n: 1 | T? l? nghi v?n: 1.0 | M?c ??: 13.0
Dawn Breaks on Dark Tides,Dawn Trên Bóng Tối Dâng Trào,C?n ti?ng Anh nghi v?n: Dawn | S? t?/c?m nghi v?n: 1 | T? l? nghi v?n: 1.0 | M?c ??: 13.0
Find Qiuyuan at the harbor,Tìm Qiuyuan ở bến cảng,C?n ti?ng Anh nghi v?n: Qiuyuan | S? t?/c?m nghi v?n: 1 | T? l? nghi v?n: 1.0 | M?c ??: 13.0
A Stranger in a Strange Land,Kẻ Lạ Mặt Ở Land Lạ,C?n ti?ng Anh nghi v?n: Land | S? t?/c?m nghi v?n: 1 | T? l? nghi v?n: 1.0 | M?c ??: 13.0
Talk to Valentina,Nói chuyện với Valentina,C?n ti?ng Anh nghi v?n: Valentina | S? t?/c?m nghi v?n: 1 | T? l? nghi v?n: 1.0 | M?c ??: 13.0
Talk to Chisa,Nói chuyện với Chisa,C?n ti?ng Anh nghi v?n: Chisa | S? t?/c?m nghi v?n: 1 | T? l? nghi v?n: 1.0 | M?c ??: 13.0
Talk to Namipon,Nói chuyện với Namipon,C?n ti?ng Anh nghi v?n: Namipon | S? t?/c?m nghi v?n: 1 | T? l? nghi v?n: 1.0 | M?c ??: 13.0
Head to the cafe terrace and find Chisa,Lên sân thượng quán cà phê và tìm Chisa,C?n ti?ng Anh nghi v?n: Chisa | S? t?/c?m nghi v?n: 1 | T? l? nghi v?n: 1.0 | M?c ??: 13.0
Talk to Bowtie Butler to clean up the cafe,Nhờ Butler Nơ Bướm dọn dẹp quán cà phê,C?n ti?ng Anh nghi v?n: Butler | S? t?/c?m nghi v?n: 1 | T? l? nghi v?n: 1.0 | M?c ??: 13.0
Talk to Valentina,Nói chuyện với Valentina,C?n ti?ng Anh nghi v?n: Valentina | S? t?/c?m nghi v?n: 1 | T? l? nghi v?n: 1.0 | M?c ??: 13.0
Talk to Namipon,Nói chuyện với Namipon,C?n ti?ng Anh nghi v?n: Namipon | S? t?/c?m nghi v?n: 1 | T? l? nghi v?n: 1.0 | M?c ??: 13.0
Talk to Chisa,Nói chuyện với Chisa,C?n ti?ng Anh nghi v?n: Chisa | S? t?/c?m nghi v?n: 1 | T? l? nghi v?n: 1.0 | M?c ??: 13.0
Investigate,Investigate,C?n ti?ng Anh nghi v?n: Investigate | S? t?/c?m nghi v?n: 1 | T? l? nghi v?n: 1.0 | M?c ??: 13.0
Visit Lynae in the dormitory,Đến thăm Lynae ở ký túc xá,C?n ti?ng Anh nghi v?n: Lynae | S? t?/c?m nghi v?n: 1 | T? l? nghi v?n: 1.0 | M?c ??: 13.0
Talk to Ms. Voss,Nói chuyện với cô Voss,C?n ti?ng Anh nghi v?n: Voss | S? t?/c?m nghi v?n: 1 | T? l? nghi v?n: 1.0 | M?c ??: 13.0
Find Chisa (Optional),Tìm Chisa (Tùy chọn),C?n ti?ng Anh nghi v?n: Chisa | S? t?/c?m nghi v?n: 1 | T? l? nghi v?n: 1.0 | M?c ??: 13.0
Enter the Department of Exostrider Engineering,Bước vào Bộ Phận Kỹ Thuật Exostrider,C?n ti?ng Anh nghi v?n: Exostrider | S? t?/c?m nghi v?n: 1 | T? l? nghi v?n: 1.0 | M?c ??: 13.0
Ask Lynae,Hỏi Lynae,C?n ti?ng Anh nghi v?n: Lynae | S? t?/c?m nghi v?n: 1 | T? l? nghi v?n: 1.0 | M?c ??: 13.0
Head to the Department of Exostrider Engineering,Đến Bộ phận Kỹ thuật Exostrider,C?n ti?ng Anh nghi v?n: Exostrider | S? t?/c?m nghi v?n: 1 | T? l? nghi v?n: 1.0 | M?c ??: 13.0
Wait for Lynae,Chờ đợi Lynae,C?n ti?ng Anh nghi v?n: Lynae | S? t?/c?m nghi v?n: 1 | T? l? nghi v?n: 1.0 | M?c ??: 13.0
Stop the out-of-control Exostrider mechs,Ngăn chặn mấy cỗ máy Exostrider mất kiểm soát đi!,C?n ti?ng Anh nghi v?n: Exostrider | S? t?/c?m nghi v?n: 1 | T? l? nghi v?n: 1.0 | M?c ??: 13.0
Fight the Voidworm,Đánh bại Voidworm,C?n ti?ng Anh nghi v?n: Voidworm | S? t?/c?m nghi v?n: 1 | T? l? nghi v?n: 1.0 | M?c ??: 13.0
Stop the out-of-control Exostrider mechs,Ngăn chặn mấy cỗ máy Exostrider mất kiểm soát đi!,C?n ti?ng Anh nghi v?n: Exostrider | S? t?/c?m nghi v?n: 1 | T? l? nghi v?n: 1.0 | M?c ??: 13.0
Comfortable sofa,Ghế sofa thoải mái,C?n ti?ng Anh nghi v?n: sofa | S? t?/c?m nghi v?n: 1 | T? l? nghi v?n: 1.0 | M?c ??: 13.0
Wait for Lynae,Chờ đợi Lynae,C?n ti?ng Anh nghi v?n: Lynae | S? t?/c?m nghi v?n: 1 | T? l? nghi v?n: 1.0 | M?c ??: 13.0
Inquire,Inquire,C?n ti?ng Anh nghi v?n: Inquire | S? t?/c?m nghi v?n: 1 | T? l? nghi v?n: 1.0 | M?c ??: 13.0
Head to the Department of Exostrider Engineering,Đến Bộ phận Kỹ thuật Exostrider,C?n ti?ng Anh nghi v?n: Exostrider | S? t?/c?m nghi v?n: 1 | T? l? nghi v?n: 1.0 | M?c ??: 13.0
Wait for Lynae,Chờ đợi Lynae,C?n ti?ng Anh nghi v?n: Lynae | S? t?/c?m nghi v?n: 1 | T? l? nghi v?n: 1.0 | M?c ??: 13.0
Talk to Mornye,Nói chuyện với Mornye,C?n ti?ng Anh nghi v?n: Mornye | S? t?/c?m nghi v?n: 1 | T? l? nghi v?n: 1.0 | M?c ??: 13.0
Stop the out-of-control Hyvatia,Ngăn chặn Hyvatia mất kiểm soát,C?n ti?ng Anh nghi v?n: Hyvatia | S? t?/c?m nghi v?n: 1 | T? l? nghi v?n: 1.0 | M?c ??: 13.0
Head to the Research Institute with Lynae,Đến Viện Nghiên Cứu cùng Lynae,C?n ti?ng Anh nghi v?n: Lynae | S? t?/c?m nghi v?n: 1 | T? l? nghi v?n: 1.0 | M?c ??: 13.0
Eliminate the contaminated Exoswarm,Tiêu diệt Exoswarm bị nhiễm độc,C?n ti?ng Anh nghi v?n: Exoswarm | S? t?/c?m nghi v?n: 1 | T? l? nghi v?n: 1.0 | M?c ??: 13.0
Ask,Ask,C?n ti?ng Anh nghi v?n: Ask | S? t?/c?m nghi v?n: 1 | T? l? nghi v?n: 1.0 | M?c ??: 13.0
Mornye,Mornye,C?n ti?ng Anh nghi v?n: Mornye | S? t?/c?m nghi v?n: 1 | T? l? nghi v?n: 1.0 | M?c ??: 13.0
Inspect,Inspect,C?n ti?ng Anh nghi v?n: Inspect | S? t?/c?m nghi v?n: 1 | T? l? nghi v?n: 1.0 | M?c ??: 13.0
Inspect,Inspect,C?n ti?ng Anh nghi v?n: Inspect | S? t?/c?m nghi v?n: 1 | T? l? nghi v?n: 1.0 | M?c ??: 13.0
Inspect,Inspect,C?n ti?ng Anh nghi v?n: Inspect | S? t?/c?m nghi v?n: 1 | T? l? nghi v?n: 1.0 | M?c ??: 13.0
Inspect,Inspect,C?n ti?ng Anh nghi v?n: Inspect | S? t?/c?m nghi v?n: 1 | T? l? nghi v?n: 1.0 | M?c ??: 13.0
Find Astrid,Tìm Astrid,C?n ti?ng Anh nghi v?n: Astrid | S? t?/c?m nghi v?n: 1 | T? l? nghi v?n: 1.0 | M?c ??: 13.0
Head to the Shimmer,Đến Shimmer,C?n ti?ng Anh nghi v?n: Shimmer | S? t?/c?m nghi v?n: 1 | T? l? nghi v?n: 1.0 | M?c ??: 13.0
Defeat the contaminated Exoswarm,Đánh bại Exoswarm bị ô nhiễm,C?n ti?ng Anh nghi v?n: Exoswarm | S? t?/c?m nghi v?n: 1 | T? l? nghi v?n: 1.0 | M?c ??: 13.0
Head to Haldarheim,Đến Haldarheim,C?n ti?ng Anh nghi v?n: Haldarheim | S? t?/c?m nghi v?n: 1 | T? l? nghi v?n: 1.0 | M?c ??: 13.0
Find Mornye,Tìm Mornye,C?n ti?ng Anh nghi v?n: Mornye | S? t?/c?m nghi v?n: 1 | T? l? nghi v?n: 1.0 | M?c ??: 13.0
Enter Bjartr Woods,Vào rừng Bjartr,C?n ti?ng Anh nghi v?n: Bjartr | S? t?/c?m nghi v?n: 1 | T? l? nghi v?n: 1.0 | M?c ??: 13.0
Head to the entrance to Haldarheim,Đến lối vào Haldarheim,C?n ti?ng Anh nghi v?n: Haldarheim | S? t?/c?m nghi v?n: 1 | T? l? nghi v?n: 1.0 | M?c ??: 13.0
Find Mornye,Tìm Mornye,C?n ti?ng Anh nghi v?n: Mornye | S? t?/c?m nghi v?n: 1 | T? l? nghi v?n: 1.0 | M?c ??: 13.0
Talk to Mornye (Optional),Nói chuyện với Mornye (Tùy chọn),C?n ti?ng Anh nghi v?n: Mornye | S? t?/c?m nghi v?n: 1 | T? l? nghi v?n: 1.0 | M?c ??: 13.0
Talk to Mornye (Optional),Nói chuyện với Mornye (Tùy chọn),C?n ti?ng Anh nghi v?n: Mornye | S? t?/c?m nghi v?n: 1 | T? l? nghi v?n: 1.0 | M?c ??: 13.0
Talk to Mornye (Optional),Nói chuyện với Mornye (Tùy chọn),C?n ti?ng Anh nghi v?n: Mornye | S? t?/c?m nghi v?n: 1 | T? l? nghi v?n: 1.0 | M?c ??: 13.0
Talk to Mornye (Optional),Nói chuyện với Mornye (Tùy chọn),C?n ti?ng Anh nghi v?n: Mornye | S? t?/c?m nghi v?n: 1 | T? l? nghi v?n: 1.0 | M?c ??: 13.0
Witness the light of Helios,Chứng kiến ánh sáng của Helios,C?n ti?ng Anh nghi v?n: Helios | S? t?/c?m nghi v?n: 1 | T? l? nghi v?n: 1.0 | M?c ??: 13.0
Enter the Solisylum,Vào Solisylum,C?n ti?ng Anh nghi v?n: Solisylum | S? t?/c?m nghi v?n: 1 | T? l? nghi v?n: 1.0 | M?c ??: 13.0
Head to the Solisylum,Đến Solisylum,C?n ti?ng Anh nghi v?n: Solisylum | S? t?/c?m nghi v?n: 1 | T? l? nghi v?n: 1.0 | M?c ??: 13.0
Confront Alma,Đối đầu với Alma,C?n ti?ng Anh nghi v?n: Alma | S? t?/c?m nghi v?n: 1 | T? l? nghi v?n: 1.0 | M?c ??: 13.0
Head to Solisylum,Đến Solisylum,C?n ti?ng Anh nghi v?n: Solisylum | S? t?/c?m nghi v?n: 1 | T? l? nghi v?n: 1.0 | M?c ??: 13.0
Head to the Artificial Sun Lab with Mornye,Đến Phòng Thí Nghiệm Mặt Trời Nhân Tạo cùng Mornye,C?n ti?ng Anh nghi v?n: Mornye | S? t?/c?m nghi v?n: 1 | T? l? nghi v?n: 1.0 | M?c ??: 13.0
Launch Helios,Phóng Helios,C?n ti?ng Anh nghi v?n: Helios | S? t?/c?m nghi v?n: 1 | T? l? nghi v?n: 1.0 | M?c ??: 13.0
Investigate,Investigate,C?n ti?ng Anh nghi v?n: Investigate | S? t?/c?m nghi v?n: 1 | T? l? nghi v?n: 1.0 | M?c ??: 13.0
Talk to the elderly Shepherd (Optional),Nói chuyện với Shepherd già (Tùy chọn),C?n ti?ng Anh nghi v?n: Shepherd | S? t?/c?m nghi v?n: 1 | T? l? nghi v?n: 1.0 | M?c ??: 13.0
Investigate,Investigate,C?n ti?ng Anh nghi v?n: Investigate | S? t?/c?m nghi v?n: 1 | T? l? nghi v?n: 1.0 | M?c ??: 13.0
Investigate,Investigate,C?n ti?ng Anh nghi v?n: Investigate | S? t?/c?m nghi v?n: 1 | T? l? nghi v?n: 1.0 | M?c ??: 13.0
Investigate,Investigate,C?n ti?ng Anh nghi v?n: Investigate | S? t?/c?m nghi v?n: 1 | T? l? nghi v?n: 1.0 | M?c ??: 13.0
Investigate,Investigate,C?n ti?ng Anh nghi v?n: Investigate | S? t?/c?m nghi v?n: 1 | T? l? nghi v?n: 1.0 | M?c ??: 13.0
Head to the Solisylum,Đến Solisylum,C?n ti?ng Anh nghi v?n: Solisylum | S? t?/c?m nghi v?n: 1 | T? l? nghi v?n: 1.0 | M?c ??: 13.0
Talk to the elderly Shepherd (Optional),Nói chuyện với Shepherd già (Tùy chọn),C?n ti?ng Anh nghi v?n: Shepherd | S? t?/c?m nghi v?n: 1 | T? l? nghi v?n: 1.0 | M?c ??: 13.0
Catch up to the Soliskin,Bắt kịp Soliskin,C?n ti?ng Anh nghi v?n: Soliskin | S? t?/c?m nghi v?n: 1 | T? l? nghi v?n: 1.0 | M?c ??: 13.0
Continue exploring the Frostlands Surface,Tiếp tục khám phá Bề Mặt Frostlands,C?n ti?ng Anh nghi v?n: Frostlands | S? t?/c?m nghi v?n: 1 | T? l? nghi v?n: 1.0 | M?c ??: 13.0
Continue exploring the Frostlands Surface,Tiếp tục khám phá Bề Mặt Frostlands,C?n ti?ng Anh nghi v?n: Frostlands | S? t?/c?m nghi v?n: 1 | T? l? nghi v?n: 1.0 | M?c ??: 13.0
Continue exploring the Frostlands Surface,Tiếp tục khám phá Bề Mặt Frostlands,C?n ti?ng Anh nghi v?n: Frostlands | S? t?/c?m nghi v?n: 1 | T? l? nghi v?n: 1.0 | M?c ??: 13.0
Continue exploring the Frostlands Surface,Tiếp tục khám phá Bề Mặt Frostlands,C?n ti?ng Anh nghi v?n: Frostlands | S? t?/c?m nghi v?n: 1 | T? l? nghi v?n: 1.0 | M?c ??: 13.0
Catch up to the Soliskin,Bắt kịp Soliskin,C?n ti?ng Anh nghi v?n: Soliskin | S? t?/c?m nghi v?n: 1 | T? l? nghi v?n: 1.0 | M?c ??: 13.0
Catch up to the Soliskin,Bắt kịp Soliskin,C?n ti?ng Anh nghi v?n: Soliskin | S? t?/c?m nghi v?n: 1 | T? l? nghi v?n: 1.0 | M?c ??: 13.0
Head to the Space Station entrance,Đến lối vào Trạm Space,C?n ti?ng Anh nghi v?n: Space | S? t?/c?m nghi v?n: 1 | T? l? nghi v?n: 1.0 | M?c ??: 13.0
Talk to Aemeath,Nói chuyện với Aemeath,C?n ti?ng Anh nghi v?n: Aemeath | S? t?/c?m nghi v?n: 1 | T? l? nghi v?n: 1.0 | M?c ??: 13.0
Continue exploring the Frostlands Surface,Tiếp tục khám phá Bề Mặt Frostlands,C?n ti?ng Anh nghi v?n: Frostlands | S? t?/c?m nghi v?n: 1 | T? l? nghi v?n: 1.0 | M?c ??: 13.0
Continue exploring the Frostlands Surface,Tiếp tục khám phá Bề Mặt Frostlands,C?n ti?ng Anh nghi v?n: Frostlands | S? t?/c?m nghi v?n: 1 | T? l? nghi v?n: 1.0 | M?c ??: 13.0
Continue exploring the Frostlands Surface,Tiếp tục khám phá Bề Mặt Frostlands,C?n ti?ng Anh nghi v?n: Frostlands | S? t?/c?m nghi v?n: 1 | T? l? nghi v?n: 1.0 | M?c ??: 13.0
Continue exploring the Frostlands Surface,Tiếp tục khám phá Bề Mặt Frostlands,C?n ti?ng Anh nghi v?n: Frostlands | S? t?/c?m nghi v?n: 1 | T? l? nghi v?n: 1.0 | M?c ??: 13.0
Arrive at the Frostlands Surface,Đến Bề Mặt Frostlands,C?n ti?ng Anh nghi v?n: Frostlands | S? t?/c?m nghi v?n: 1 | T? l? nghi v?n: 1.0 | M?c ??: 13.0
Head to the Space Station entrance,Đến lối vào Trạm Space,C?n ti?ng Anh nghi v?n: Space | S? t?/c?m nghi v?n: 1 | T? l? nghi v?n: 1.0 | M?c ??: 13.0
Proceed to Ginnungamere,Tiến vào Ginnungamere,C?n ti?ng Anh nghi v?n: Ginnungamere | S? t?/c?m nghi v?n: 1 | T? l? nghi v?n: 1.0 | M?c ??: 13.0
Jump into Ginnungamere,Nhảy vào Ginnungamere,C?n ti?ng Anh nghi v?n: Ginnungamere | S? t?/c?m nghi v?n: 1 | T? l? nghi v?n: 1.0 | M?c ??: 13.0
Rest on the sofa,Nghỉ ngơi trên sofa,C?n ti?ng Anh nghi v?n: sofa | S? t?/c?m nghi v?n: 1 | T? l? nghi v?n: 1.0 | M?c ??: 13.0
Head to the Soliskin,Đến Soliskin,C?n ti?ng Anh nghi v?n: Soliskin | S? t?/c?m nghi v?n: 1 | T? l? nghi v?n: 1.0 | M?c ??: 13.0
Leave the cabin,Rời cabin,C?n ti?ng Anh nghi v?n: cabin | S? t?/c?m nghi v?n: 1 | T? l? nghi v?n: 1.0 | M?c ??: 13.0
Talk to Aemeath by the shore,Nói chuyện với Aemeath bên bờ,C?n ti?ng Anh nghi v?n: Aemeath | S? t?/c?m nghi v?n: 1 | T? l? nghi v?n: 1.0 | M?c ??: 13.0
Talk to Aemeath,Nói chuyện với Aemeath,C?n ti?ng Anh nghi v?n: Aemeath | S? t?/c?m nghi v?n: 1 | T? l? nghi v?n: 1.0 | M?c ??: 13.0
Return to your seat and wait for Aemeath,Trở lại chỗ ngồi và đợi Aemeath,C?n ti?ng Anh nghi v?n: Aemeath | S? t?/c?m nghi v?n: 1 | T? l? nghi v?n: 1.0 | M?c ??: 13.0
Search for Aemeath,Tìm kiếm Aemeath,C?n ti?ng Anh nghi v?n: Aemeath | S? t?/c?m nghi v?n: 1 | T? l? nghi v?n: 1.0 | M?c ??: 13.0
Search for Aemeath,Tìm kiếm Aemeath,C?n ti?ng Anh nghi v?n: Aemeath | S? t?/c?m nghi v?n: 1 | T? l? nghi v?n: 1.0 | M?c ??: 13.0
Travel with Aemeath,Đi cùng Aemeath,C?n ti?ng Anh nghi v?n: Aemeath | S? t?/c?m nghi v?n: 1 | T? l? nghi v?n: 1.0 | M?c ??: 13.0
Head to the Exostrider Slumber Site,Đến Điểm Nghỉ Ngơi của Exostrider,C?n ti?ng Anh nghi v?n: Exostrider | S? t?/c?m nghi v?n: 1 | T? l? nghi v?n: 1.0 | M?c ??: 13.0
Search for Aemeath,Tìm kiếm Aemeath,C?n ti?ng Anh nghi v?n: Aemeath | S? t?/c?m nghi v?n: 1 | T? l? nghi v?n: 1.0 | M?c ??: 13.0
Head to the cabin,Đến cabin,C?n ti?ng Anh nghi v?n: cabin | S? t?/c?m nghi v?n: 1 | T? l? nghi v?n: 1.0 | M?c ??: 13.0
Investigate,Investigate,C?n ti?ng Anh nghi v?n: Investigate | S? t?/c?m nghi v?n: 1 | T? l? nghi v?n: 1.0 | M?c ??: 13.0
Investigate,Investigate,C?n ti?ng Anh nghi v?n: Investigate | S? t?/c?m nghi v?n: 1 | T? l? nghi v?n: 1.0 | M?c ??: 13.0
Investigate,Investigate,C?n ti?ng Anh nghi v?n: Investigate | S? t?/c?m nghi v?n: 1 | T? l? nghi v?n: 1.0 | M?c ??: 13.0
Look,Look,C?n ti?ng Anh nghi v?n: Look | S? t?/c?m nghi v?n: 1 | T? l? nghi v?n: 1.0 | M?c ??: 13.0
Touch,Touch,C?n ti?ng Anh nghi v?n: Touch | S? t?/c?m nghi v?n: 1 | T? l? nghi v?n: 1.0 | M?c ??: 13.0
Investigate,Investigate,C?n ti?ng Anh nghi v?n: Investigate | S? t?/c?m nghi v?n: 1 | T? l? nghi v?n: 1.0 | M?c ??: 13.0
Walk with Aemeath,Đi dạo cùng Aemeath,C?n ti?ng Anh nghi v?n: Aemeath | S? t?/c?m nghi v?n: 1 | T? l? nghi v?n: 1.0 | M?c ??: 13.0
Touch the plush toy,Touch vào món đồ chơi nhồi bông,C?n ti?ng Anh nghi v?n: Touch | S? t?/c?m nghi v?n: 1 | T? l? nghi v?n: 1.0 | M?c ??: 13.0
Open the photo album,Mở album ảnh,C?n ti?ng Anh nghi v?n: album | S? t?/c?m nghi v?n: 1 | T? l? nghi v?n: 1.0 | M?c ??: 13.0
Rest,Rest,C?n ti?ng Anh nghi v?n: Rest | S? t?/c?m nghi v?n: 1 | T? l? nghi v?n: 1.0 | M?c ??: 13.0
Jump into Ginnungamere,Nhảy vào Ginnungamere,C?n ti?ng Anh nghi v?n: Ginnungamere | S? t?/c?m nghi v?n: 1 | T? l? nghi v?n: 1.0 | M?c ??: 13.0
Greet Nivora,Chào Nivora,C?n ti?ng Anh nghi v?n: Nivora | S? t?/c?m nghi v?n: 1 | T? l? nghi v?n: 1.0 | M?c ??: 13.0
Inspect the container on the table,Inspect thùng chứa trên bàn,C?n ti?ng Anh nghi v?n: Inspect | S? t?/c?m nghi v?n: 1 | T? l? nghi v?n: 1.0 | M?c ??: 13.0
Meet Lucilla at your usual spot,Gặp Lucilla tại chỗ hẹn thường lệ của cậu,C?n ti?ng Anh nghi v?n: Lucilla | S? t?/c?m nghi v?n: 1 | T? l? nghi v?n: 1.0 | M?c ??: 13.0
Defeat the Voidworm,Tiêu diệt Voidworm,C?n ti?ng Anh nghi v?n: Voidworm | S? t?/c?m nghi v?n: 1 | T? l? nghi v?n: 1.0 | M?c ??: 13.0
Continue on with Lynae,Tiếp tục cùng Lynae,C?n ti?ng Anh nghi v?n: Lynae | S? t?/c?m nghi v?n: 1 | T? l? nghi v?n: 1.0 | M?c ??: 13.0
Fight off the Voidworm,Tiêu diệt Voidworm,C?n ti?ng Anh nghi v?n: Voidworm | S? t?/c?m nghi v?n: 1 | T? l? nghi v?n: 1.0 | M?c ??: 13.0
(Optional) Question Scar,(Tùy chọn) Hỏi thăm Scar,C?n ti?ng Anh nghi v?n: Scar | S? t?/c?m nghi v?n: 1 | T? l? nghi v?n: 1.0 | M?c ??: 13.0
Talk to Yangyang,Nói chuyện với Yangyang,C?n ti?ng Anh nghi v?n: Yangyang | S? t?/c?m nghi v?n: 1 | T? l? nghi v?n: 1.0 | M?c ??: 13.0
Investigate,Investigate,C?n ti?ng Anh nghi v?n: Investigate | S? t?/c?m nghi v?n: 1 | T? l? nghi v?n: 1.0 | M?c ??: 13.0
Investigate,Investigate,C?n ti?ng Anh nghi v?n: Investigate | S? t?/c?m nghi v?n: 1 | T? l? nghi v?n: 1.0 | M?c ??: 13.0
Investigate,Investigate,C?n ti?ng Anh nghi v?n: Investigate | S? t?/c?m nghi v?n: 1 | T? l? nghi v?n: 1.0 | M?c ??: 13.0
Investigate,Investigate,C?n ti?ng Anh nghi v?n: Investigate | S? t?/c?m nghi v?n: 1 | T? l? nghi v?n: 1.0 | M?c ??: 13.0
Investigate,Investigate,C?n ti?ng Anh nghi v?n: Investigate | S? t?/c?m nghi v?n: 1 | T? l? nghi v?n: 1.0 | M?c ??: 13.0
Investigate,Investigate,C?n ti?ng Anh nghi v?n: Investigate | S? t?/c?m nghi v?n: 1 | T? l? nghi v?n: 1.0 | M?c ??: 13.0
Investigate,Investigate,C?n ti?ng Anh nghi v?n: Investigate | S? t?/c?m nghi v?n: 1 | T? l? nghi v?n: 1.0 | M?c ??: 13.0
Investigate,Investigate,C?n ti?ng Anh nghi v?n: Investigate | S? t?/c?m nghi v?n: 1 | T? l? nghi v?n: 1.0 | M?c ??: 13.0
Confront,Confront,C?n ti?ng Anh nghi v?n: Confront | S? t?/c?m nghi v?n: 1 | T? l? nghi v?n: 1.0 | M?c ??: 13.0
Investigate,Investigate,C?n ti?ng Anh nghi v?n: Investigate | S? t?/c?m nghi v?n: 1 | T? l? nghi v?n: 1.0 | M?c ??: 13.0
Investigate,Investigate,C?n ti?ng Anh nghi v?n: Investigate | S? t?/c?m nghi v?n: 1 | T? l? nghi v?n: 1.0 | M?c ??: 13.0
Defeat Scar,Đánh bại Scar,C?n ti?ng Anh nghi v?n: Scar | S? t?/c?m nghi v?n: 1 | T? l? nghi v?n: 1.0 | M?c ??: 13.0
Find Linsu,Tìm Linsu,C?n ti?ng Anh nghi v?n: Linsu | S? t?/c?m nghi v?n: 1 | T? l? nghi v?n: 1.0 | M?c ??: 13.0
Talk to Yangyang,Nói chuyện với Yangyang,C?n ti?ng Anh nghi v?n: Yangyang | S? t?/c?m nghi v?n: 1 | T? l? nghi v?n: 1.0 | M?c ??: 13.0
Meet up with Yangyang,Gặp Yangyang,C?n ti?ng Anh nghi v?n: Yangyang | S? t?/c?m nghi v?n: 1 | T? l? nghi v?n: 1.0 | M?c ??: 13.0
Look for Aalto,Tìm Aalto,C?n ti?ng Anh nghi v?n: Aalto | S? t?/c?m nghi v?n: 1 | T? l? nghi v?n: 1.0 | M?c ??: 13.0
Look for Aalto,Tìm Aalto,C?n ti?ng Anh nghi v?n: Aalto | S? t?/c?m nghi v?n: 1 | T? l? nghi v?n: 1.0 | M?c ??: 13.0
Look for Aalto,Tìm Aalto,C?n ti?ng Anh nghi v?n: Aalto | S? t?/c?m nghi v?n: 1 | T? l? nghi v?n: 1.0 | M?c ??: 13.0
Look for Aalto,Tìm Aalto,C?n ti?ng Anh nghi v?n: Aalto | S? t?/c?m nghi v?n: 1 | T? l? nghi v?n: 1.0 | M?c ??: 13.0
Catch Aalto,Bắt Aalto,C?n ti?ng Anh nghi v?n: Aalto | S? t?/c?m nghi v?n: 1 | T? l? nghi v?n: 1.0 | M?c ??: 13.0
Enter the Court of Savantae Facility,Bước vào Cơ sở Tòa án Savantae,C?n ti?ng Anh nghi v?n: Savantae | S? t?/c?m nghi v?n: 1 | T? l? nghi v?n: 1.0 | M?c ??: 13.0
Meet Aalto at the entrance,Gặp Aalto ở lối vào,C?n ti?ng Anh nghi v?n: Aalto | S? t?/c?m nghi v?n: 1 | T? l? nghi v?n: 1.0 | M?c ??: 13.0
Meet Aalto at the entrance,Gặp Aalto ở lối vào,C?n ti?ng Anh nghi v?n: Aalto | S? t?/c?m nghi v?n: 1 | T? l? nghi v?n: 1.0 | M?c ??: 13.0
Meet Aalto at the entrance,Gặp Aalto ở lối vào,C?n ti?ng Anh nghi v?n: Aalto | S? t?/c?m nghi v?n: 1 | T? l? nghi v?n: 1.0 | M?c ??: 13.0
Dive toward Sigillum,Lặn về phía Sigillum,C?n ti?ng Anh nghi v?n: Sigillum | S? t?/c?m nghi v?n: 1 | T? l? nghi v?n: 1.0 | M?c ??: 13.0
Head to the Exostrider,Đến Exostrider,C?n ti?ng Anh nghi v?n: Exostrider | S? t?/c?m nghi v?n: 1 | T? l? nghi v?n: 1.0 | M?c ??: 13.0
Use the breaker to connect the cables,Dùng breaker nối các dây cáp lại,C?n ti?ng Anh nghi v?n: breaker | S? t?/c?m nghi v?n: 1 | T? l? nghi v?n: 1.0 | M?c ??: 13.0
Use the breaker to connect the cables,Dùng breaker nối các dây cáp lại,C?n ti?ng Anh nghi v?n: breaker | S? t?/c?m nghi v?n: 1 | T? l? nghi v?n: 1.0 | M?c ??: 13.0
Enter Murmurstown,Vào Murmurstown,C?n ti?ng Anh nghi v?n: Murmurstown | S? t?/c?m nghi v?n: 1 | T? l? nghi v?n: 1.0 | M?c ??: 13.0
Head deeper into Murmurstown,Đi sâu hơn vào Murmurstown,C?n ti?ng Anh nghi v?n: Murmurstown | S? t?/c?m nghi v?n: 1 | T? l? nghi v?n: 1.0 | M?c ??: 13.0
Arrive at Chaos,Đến Chaos,C?n ti?ng Anh nghi v?n: Chaos | S? t?/c?m nghi v?n: 1 | T? l? nghi v?n: 1.0 | M?c ??: 13.0
Leave the room with Iuno,Rời khỏi phòng cùng Iuno,C?n ti?ng Anh nghi v?n: Iuno | S? t?/c?m nghi v?n: 1 | T? l? nghi v?n: 1.0 | M?c ??: 13.0
Sit by the Lunarum Bough,Ngồi bên Cành Lunarum,C?n ti?ng Anh nghi v?n: Lunarum | S? t?/c?m nghi v?n: 1 | T? l? nghi v?n: 1.0 | M?c ??: 13.0
Sit on the divination altar with Iuno,Ngồi lên bàn thờ bói toán cùng Iuno,C?n ti?ng Anh nghi v?n: Iuno | S? t?/c?m nghi v?n: 1 | T? l? nghi v?n: 1.0 | M?c ??: 13.0
Walk down the divination altar with Iuno,Đi xuống bàn bói toán cùng Iuno nào.,C?n ti?ng Anh nghi v?n: Iuno | S? t?/c?m nghi v?n: 1 | T? l? nghi v?n: 1.0 | M?c ??: 13.0
Talk to Augusta,Nói chuyện với Augusta,C?n ti?ng Anh nghi v?n: Augusta | S? t?/c?m nghi v?n: 1 | T? l? nghi v?n: 1.0 | M?c ??: 13.0
Awaken Iuno,Đánh thức Iuno,C?n ti?ng Anh nghi v?n: Iuno | S? t?/c?m nghi v?n: 1 | T? l? nghi v?n: 1.0 | M?c ??: 13.0
Talk to Augusta,Nói chuyện với Augusta,C?n ti?ng Anh nghi v?n: Augusta | S? t?/c?m nghi v?n: 1 | T? l? nghi v?n: 1.0 | M?c ??: 13.0
Defeat the manifestations of Chaos,Đánh bại những biểu hiện của Chaos,C?n ti?ng Anh nghi v?n: Chaos | S? t?/c?m nghi v?n: 1 | T? l? nghi v?n: 1.0 | M?c ??: 13.0
Defeat the manifestations of Chaos,Đánh bại những biểu hiện của Chaos,C?n ti?ng Anh nghi v?n: Chaos | S? t?/c?m nghi v?n: 1 | T? l? nghi v?n: 1.0 | M?c ??: 13.0
Iuno is devoured by the Dark Tide,Iuno bị Hắc Triều nuốt chửng.,C?n ti?ng Anh nghi v?n: Iuno | S? t?/c?m nghi v?n: 1 | T? l? nghi v?n: 1.0 | M?c ??: 13.0
Escape the Chaos,Thoát khỏi Chaos,C?n ti?ng Anh nghi v?n: Chaos | S? t?/c?m nghi v?n: 1 | T? l? nghi v?n: 1.0 | M?c ??: 13.0
Iuno gets up,Iuno đứng dậy,C?n ti?ng Anh nghi v?n: Iuno | S? t?/c?m nghi v?n: 1 | T? l? nghi v?n: 1.0 | M?c ??: 13.0
Cutscene,Cutscene,C?n ti?ng Anh nghi v?n: Cutscene | S? t?/c?m nghi v?n: 1 | T? l? nghi v?n: 1.0 | M?c ??: 13.0
Iuno - epilogue,Iuno - phần kết,C?n ti?ng Anh nghi v?n: Iuno | S? t?/c?m nghi v?n: 1 | T? l? nghi v?n: 1.0 | M?c ??: 13.0
Talk to Iuno,Nói chuyện với Iuno,C?n ti?ng Anh nghi v?n: Iuno | S? t?/c?m nghi v?n: 1 | T? l? nghi v?n: 1.0 | M?c ??: 13.0
Talk to the Gladiator (Optional),Nói chuyện với Gladiator (Tùy chọn),C?n ti?ng Anh nghi v?n: Gladiator | S? t?/c?m nghi v?n: 1 | T? l? nghi v?n: 1.0 | M?c ??: 13.0
Talk to the Gladiator (Optional),Nói chuyện với Gladiator (Tùy chọn),C?n ti?ng Anh nghi v?n: Gladiator | S? t?/c?m nghi v?n: 1 | T? l? nghi v?n: 1.0 | M?c ??: 13.0
Ride the Gondola,Đi Gondola,C?n ti?ng Anh nghi v?n: Gondola | S? t?/c?m nghi v?n: 1 | T? l? nghi v?n: 1.0 | M?c ??: 13.0
Ride the Gondola,Đi Gondola,C?n ti?ng Anh nghi v?n: Gondola | S? t?/c?m nghi v?n: 1 | T? l? nghi v?n: 1.0 | M?c ??: 13.0
Use Projector: Glommoth to shatter ice blocks,Dùng Máy Chiếu: Glommoth để đập vỡ các khối băng,C?n ti?ng Anh nghi v?n: Glommoth | S? t?/c?m nghi v?n: 1 | T? l? nghi v?n: 1.0 | M?c ??: 13.0
Use Projector: Glommoth to shatter ice blocks,Dùng Máy Chiếu: Glommoth để đập vỡ các khối băng,C?n ti?ng Anh nghi v?n: Glommoth | S? t?/c?m nghi v?n: 1 | T? l? nghi v?n: 1.0 | M?c ??: 13.0
Use Projector: Glommoth to shatter ice blocks,Dùng Máy Chiếu: Glommoth để đập vỡ các khối băng,C?n ti?ng Anh nghi v?n: Glommoth | S? t?/c?m nghi v?n: 1 | T? l? nghi v?n: 1.0 | M?c ??: 13.0
Use Projector: Glommoth to shatter ice blocks,Dùng Máy Chiếu: Glommoth để đập vỡ các khối băng,C?n ti?ng Anh nghi v?n: Glommoth | S? t?/c?m nghi v?n: 1 | T? l? nghi v?n: 1.0 | M?c ??: 13.0
Use Projector: Glommoth to shatter ice blocks,Dùng Máy Chiếu: Glommoth để đập vỡ các khối băng,C?n ti?ng Anh nghi v?n: Glommoth | S? t?/c?m nghi v?n: 1 | T? l? nghi v?n: 1.0 | M?c ??: 13.0
Use Projector: Glommoth to shatter ice blocks,Dùng Máy Chiếu: Glommoth để đập vỡ các khối băng,C?n ti?ng Anh nghi v?n: Glommoth | S? t?/c?m nghi v?n: 1 | T? l? nghi v?n: 1.0 | M?c ??: 13.0
Talk to Feyver,Nói chuyện với Feyver,C?n ti?ng Anh nghi v?n: Feyver | S? t?/c?m nghi v?n: 1 | T? l? nghi v?n: 1.0 | M?c ??: 13.0
Invite your companions to relax at the baths,Invite đồng đội thư giãn tại suối nước nóng,C?n ti?ng Anh nghi v?n: Invite | S? t?/c?m nghi v?n: 1 | T? l? nghi v?n: 1.0 | M?c ??: 13.0
Invite your companions to relax at the baths,Invite đồng đội thư giãn tại suối nước nóng,C?n ti?ng Anh nghi v?n: Invite | S? t?/c?m nghi v?n: 1 | T? l? nghi v?n: 1.0 | M?c ??: 13.0
Activate the Probe,Kích hoạt Probe,C?n ti?ng Anh nghi v?n: Probe | S? t?/c?m nghi v?n: 1 | T? l? nghi v?n: 1.0 | M?c ??: 13.0
Search for the Probe,Tìm kiếm Probe,C?n ti?ng Anh nghi v?n: Probe | S? t?/c?m nghi v?n: 1 | T? l? nghi v?n: 1.0 | M?c ??: 13.0
Activate the Probe,Kích hoạt Probe,C?n ti?ng Anh nghi v?n: Probe | S? t?/c?m nghi v?n: 1 | T? l? nghi v?n: 1.0 | M?c ??: 13.0
Catch up to the Soliskin,Bắt kịp Soliskin,C?n ti?ng Anh nghi v?n: Soliskin | S? t?/c?m nghi v?n: 1 | T? l? nghi v?n: 1.0 | M?c ??: 13.0
Catch up to the Soliskin,Bắt kịp Soliskin,C?n ti?ng Anh nghi v?n: Soliskin | S? t?/c?m nghi v?n: 1 | T? l? nghi v?n: 1.0 | M?c ??: 13.0
Activate the Probe,Kích hoạt Probe,C?n ti?ng Anh nghi v?n: Probe | S? t?/c?m nghi v?n: 1 | T? l? nghi v?n: 1.0 | M?c ??: 13.0
Find the Probe,Tìm Probe,C?n ti?ng Anh nghi v?n: Probe | S? t?/c?m nghi v?n: 1 | T? l? nghi v?n: 1.0 | M?c ??: 13.0
Catch up to the Soliskin,Bắt kịp Soliskin,C?n ti?ng Anh nghi v?n: Soliskin | S? t?/c?m nghi v?n: 1 | T? l? nghi v?n: 1.0 | M?c ??: 13.0
Inspect the item,Inspect vật phẩm,C?n ti?ng Anh nghi v?n: Inspect | S? t?/c?m nghi v?n: 1 | T? l? nghi v?n: 1.0 | M?c ??: 13.0
Inspect the Outcasts' goods,Inspect hàng hóa của nhóm Bị Đày Đọa,C?n ti?ng Anh nghi v?n: Inspect | S? t?/c?m nghi v?n: 1 | T? l? nghi v?n: 1.0 | M?c ??: 13.0
Inspect the goods again,Inspect hàng hóa lần nữa,C?n ti?ng Anh nghi v?n: Inspect | S? t?/c?m nghi v?n: 1 | T? l? nghi v?n: 1.0 | M?c ??: 13.0
Head to the hidden Outcast camp,Đến trại ẩn náu của bọn Outcast,C?n ti?ng Anh nghi v?n: Outcast | S? t?/c?m nghi v?n: 1 | T? l? nghi v?n: 1.0 | M?c ??: 13.0
Talk to the Soliskin,Nói chuyện với Soliskin,C?n ti?ng Anh nghi v?n: Soliskin | S? t?/c?m nghi v?n: 1 | T? l? nghi v?n: 1.0 | M?c ??: 13.0
Talk to the Soliskin,Nói chuyện với Soliskin,C?n ti?ng Anh nghi v?n: Soliskin | S? t?/c?m nghi v?n: 1 | T? l? nghi v?n: 1.0 | M?c ??: 13.0
Help the trapped Soliskin,Giúp đỡ Soliskin bị mắc kẹt,C?n ti?ng Anh nghi v?n: Soliskin | S? t?/c?m nghi v?n: 1 | T? l? nghi v?n: 1.0 | M?c ??: 13.0
Talk to the Soliskin,Nói chuyện với Soliskin,C?n ti?ng Anh nghi v?n: Soliskin | S? t?/c?m nghi v?n: 1 | T? l? nghi v?n: 1.0 | M?c ??: 13.0
Talk to Elma,Nói chuyện với Elma,C?n ti?ng Anh nghi v?n: Elma | S? t?/c?m nghi v?n: 1 | T? l? nghi v?n: 1.0 | M?c ??: 13.0
Talk to Elma,Nói chuyện với Elma,C?n ti?ng Anh nghi v?n: Elma | S? t?/c?m nghi v?n: 1 | T? l? nghi v?n: 1.0 | M?c ??: 13.0
Talk to Elma,Nói chuyện với Elma,C?n ti?ng Anh nghi v?n: Elma | S? t?/c?m nghi v?n: 1 | T? l? nghi v?n: 1.0 | M?c ??: 13.0
Talk to Elma,Nói chuyện với Elma,C?n ti?ng Anh nghi v?n: Elma | S? t?/c?m nghi v?n: 1 | T? l? nghi v?n: 1.0 | M?c ??: 13.0
Look for someone who needs a Windchimer,Tìm người cần Windchimer đi nào,C?n ti?ng Anh nghi v?n: Windchimer | S? t?/c?m nghi v?n: 1 | T? l? nghi v?n: 1.0 | M?c ??: 13.0
Retro Game Collector,Nhà sưu tập game cổ điển,C?n ti?ng Anh nghi v?n: game | S? t?/c?m nghi v?n: 1 | T? l? nghi v?n: 1.0 | M?c ??: 13.0
Find Melody,Tìm Melody,C?n ti?ng Anh nghi v?n: Melody | S? t?/c?m nghi v?n: 1 | T? l? nghi v?n: 1.0 | M?c ??: 13.0
Talk to Tommaso,Nói chuyện với Tommaso,C?n ti?ng Anh nghi v?n: Tommaso | S? t?/c?m nghi v?n: 1 | T? l? nghi v?n: 1.0 | M?c ??: 13.0
Talk to Melody,Nói chuyện với Melody,C?n ti?ng Anh nghi v?n: Melody | S? t?/c?m nghi v?n: 1 | T? l? nghi v?n: 1.0 | M?c ??: 13.0
Talk to Marino,Nói chuyện với Marino,C?n ti?ng Anh nghi v?n: Marino | S? t?/c?m nghi v?n: 1 | T? l? nghi v?n: 1.0 | M?c ??: 13.0
Talk to the Plushie,Nói chuyện với Plushie,C?n ti?ng Anh nghi v?n: Plushie | S? t?/c?m nghi v?n: 1 | T? l? nghi v?n: 1.0 | M?c ??: 13.0
Interact with the Plushie,Tương tác với Plushie,C?n ti?ng Anh nghi v?n: Plushie | S? t?/c?m nghi v?n: 1 | T? l? nghi v?n: 1.0 | M?c ??: 13.0
Go to the place where you agreed to meet Fulmine,Đến chỗ hẹn gặp Fulmine,C?n ti?ng Anh nghi v?n: Fulmine | S? t?/c?m nghi v?n: 1 | T? l? nghi v?n: 1.0 | M?c ??: 13.0
Plushie Expedition Squad,Đội thám hiểm Plushie,C?n ti?ng Anh nghi v?n: Plushie | S? t?/c?m nghi v?n: 1 | T? l? nghi v?n: 1.0 | M?c ??: 13.0
Meet with Arsenio,Gặp gỡ Arsenio,C?n ti?ng Anh nghi v?n: Arsenio | S? t?/c?m nghi v?n: 1 | T? l? nghi v?n: 1.0 | M?c ??: 13.0
Off Means On,Off nghĩa là Bật,C?n ti?ng Anh nghi v?n: Off | S? t?/c?m nghi v?n: 1 | T? l? nghi v?n: 1.0 | M?c ??: 13.0
Off Means On,Off nghĩa là Bật,C?n ti?ng Anh nghi v?n: Off | S? t?/c?m nghi v?n: 1 | T? l? nghi v?n: 1.0 | M?c ??: 13.0
Talk to Misha,Nói chuyện với Misha,C?n ti?ng Anh nghi v?n: Misha | S? t?/c?m nghi v?n: 1 | T? l? nghi v?n: 1.0 | M?c ??: 13.0
Complete all Smartprint Cube Reboot challenges on the Frostlands Surface,Hoàn thành tất cả thử thách Khởi Động Lại Khối Smartprint trên Bề Mặt Vùng Đất Băng Giá.,C?n ti?ng Anh nghi v?n: Smartprint | S? t?/c?m nghi v?n: 1 | T? l? nghi v?n: 1.0 | M?c ??: 13.0
Smash the Seamrock,Đập vỡ Seamrock,C?n ti?ng Anh nghi v?n: Seamrock | S? t?/c?m nghi v?n: 1 | T? l? nghi v?n: 1.0 | M?c ??: 13.0
Smash the Seamrock,Đập vỡ Seamrock,C?n ti?ng Anh nghi v?n: Seamrock | S? t?/c?m nghi v?n: 1 | T? l? nghi v?n: 1.0 | M?c ??: 13.0
Talk to Rosalia,Nói chuyện với Rosalia,C?n ti?ng Anh nghi v?n: Rosalia | S? t?/c?m nghi v?n: 1 | T? l? nghi v?n: 1.0 | M?c ??: 13.0
Talk to Miro and the others,Nói chuyện với Miro và những người khác,C?n ti?ng Anh nghi v?n: Miro | S? t?/c?m nghi v?n: 1 | T? l? nghi v?n: 1.0 | M?c ??: 13.0
Talk to Reina,Nói chuyện với Reina,C?n ti?ng Anh nghi v?n: Reina | S? t?/c?m nghi v?n: 1 | T? l? nghi v?n: 1.0 | M?c ??: 13.0
Take a photo of Reina,Chụp ảnh Reina,C?n ti?ng Anh nghi v?n: Reina | S? t?/c?m nghi v?n: 1 | T? l? nghi v?n: 1.0 | M?c ??: 13.0
Take a photo of Rosalia,Chụp ảnh Rosalia,C?n ti?ng Anh nghi v?n: Rosalia | S? t?/c?m nghi v?n: 1 | T? l? nghi v?n: 1.0 | M?c ??: 13.0
Talk to Rosalia,Nói chuyện với Rosalia,C?n ti?ng Anh nghi v?n: Rosalia | S? t?/c?m nghi v?n: 1 | T? l? nghi v?n: 1.0 | M?c ??: 13.0
Talk to Miro and the others,Nói chuyện với Miro và những người khác,C?n ti?ng Anh nghi v?n: Miro | S? t?/c?m nghi v?n: 1 | T? l? nghi v?n: 1.0 | M?c ??: 13.0
Talk to Iroh and the others,Nói chuyện với Iroh và những người khác,C?n ti?ng Anh nghi v?n: Iroh | S? t?/c?m nghi v?n: 1 | T? l? nghi v?n: 1.0 | M?c ??: 13.0
Talk to Reina,Nói chuyện với Reina,C?n ti?ng Anh nghi v?n: Reina | S? t?/c?m nghi v?n: 1 | T? l? nghi v?n: 1.0 | M?c ??: 13.0
Talk to Lianna,Nói chuyện với Lianna,C?n ti?ng Anh nghi v?n: Lianna | S? t?/c?m nghi v?n: 1 | T? l? nghi v?n: 1.0 | M?c ??: 13.0
Talk to Lianna,Nói chuyện với Lianna,C?n ti?ng Anh nghi v?n: Lianna | S? t?/c?m nghi v?n: 1 | T? l? nghi v?n: 1.0 | M?c ??: 13.0
Take a photo of Reina,Chụp ảnh Reina,C?n ti?ng Anh nghi v?n: Reina | S? t?/c?m nghi v?n: 1 | T? l? nghi v?n: 1.0 | M?c ??: 13.0
Take a photo of Rosalia,Chụp ảnh Rosalia,C?n ti?ng Anh nghi v?n: Rosalia | S? t?/c?m nghi v?n: 1 | T? l? nghi v?n: 1.0 | M?c ??: 13.0
Take a photo of Flaer,Chụp ảnh Flaer,C?n ti?ng Anh nghi v?n: Flaer | S? t?/c?m nghi v?n: 1 | T? l? nghi v?n: 1.0 | M?c ??: 13.0
Take a photo of Chuji,Chụp ảnh Chuji,C?n ti?ng Anh nghi v?n: Chuji | S? t?/c?m nghi v?n: 1 | T? l? nghi v?n: 1.0 | M?c ??: 13.0
Take a photo of Miro,Chụp ảnh Miro,C?n ti?ng Anh nghi v?n: Miro | S? t?/c?m nghi v?n: 1 | T? l? nghi v?n: 1.0 | M?c ??: 13.0
Take a photo of Solvik,Chụp ảnh Solvik,C?n ti?ng Anh nghi v?n: Solvik | S? t?/c?m nghi v?n: 1 | T? l? nghi v?n: 1.0 | M?c ??: 13.0
Take a photo of Musen,Chụp ảnh Musen,C?n ti?ng Anh nghi v?n: Musen | S? t?/c?m nghi v?n: 1 | T? l? nghi v?n: 1.0 | M?c ??: 13.0
Take a photo of Iroh,Chụp ảnh Iroh,C?n ti?ng Anh nghi v?n: Iroh | S? t?/c?m nghi v?n: 1 | T? l? nghi v?n: 1.0 | M?c ??: 13.0
Take a photo of Griff,Chụp ảnh Griff,C?n ti?ng Anh nghi v?n: Griff | S? t?/c?m nghi v?n: 1 | T? l? nghi v?n: 1.0 | M?c ??: 13.0
Reply to Harriet,Trả lời Harriet,C?n ti?ng Anh nghi v?n: Harriet | S? t?/c?m nghi v?n: 1 | T? l? nghi v?n: 1.0 | M?c ??: 13.0
Harriet seems troubled by something. Speak with her and learn what it's about.,Harriet có vẻ đang gặp chuyện gì đó. Hãy nói chuyện với cô ấy để tìm hiểu.,C?n ti?ng Anh nghi v?n: Harriet | S? t?/c?m nghi v?n: 1 | T? l? nghi v?n: 1.0 | M?c ??: 13.0
Talk to Harriet,Nói chuyện với Harriet,C?n ti?ng Anh nghi v?n: Harriet | S? t?/c?m nghi v?n: 1 | T? l? nghi v?n: 1.0 | M?c ??: 13.0
Talk to Xunjing,Nói chuyện với Xunjing,C?n ti?ng Anh nghi v?n: Xunjing | S? t?/c?m nghi v?n: 1 | T? l? nghi v?n: 1.0 | M?c ??: 13.0
Kaleidoscope of Hongzhen,Kaleidoscope Hồng Trấn,C?n ti?ng Anh nghi v?n: Kaleidoscope | S? t?/c?m nghi v?n: 1 | T? l? nghi v?n: 1.0 | M?c ??: 13.0
Answer the contact from Xinyi,Trả lời liên lạc từ Xinyi,C?n ti?ng Anh nghi v?n: Xinyi | S? t?/c?m nghi v?n: 1 | T? l? nghi v?n: 1.0 | M?c ??: 13.0
Talk to Xinyi,Nói chuyện với Xinyi,C?n ti?ng Anh nghi v?n: Xinyi | S? t?/c?m nghi v?n: 1 | T? l? nghi v?n: 1.0 | M?c ??: 13.0
Talk to Qianyue,Nói chuyện với Qianyue,C?n ti?ng Anh nghi v?n: Qianyue | S? t?/c?m nghi v?n: 1 | T? l? nghi v?n: 1.0 | M?c ??: 13.0
Talk to Qianyue,Nói chuyện với Qianyue,C?n ti?ng Anh nghi v?n: Qianyue | S? t?/c?m nghi v?n: 1 | T? l? nghi v?n: 1.0 | M?c ??: 13.0
Tell Xinyi the truth,Nói sự thật với Xinyi,C?n ti?ng Anh nghi v?n: Xinyi | S? t?/c?m nghi v?n: 1 | T? l? nghi v?n: 1.0 | M?c ??: 13.0
Talk to Qianyue,Nói chuyện với Qianyue,C?n ti?ng Anh nghi v?n: Qianyue | S? t?/c?m nghi v?n: 1 | T? l? nghi v?n: 1.0 | M?c ??: 13.0
Inquire,Inquire,C?n ti?ng Anh nghi v?n: Inquire | S? t?/c?m nghi v?n: 1 | T? l? nghi v?n: 1.0 | M?c ??: 13.0
Inquire,Inquire,C?n ti?ng Anh nghi v?n: Inquire | S? t?/c?m nghi v?n: 1 | T? l? nghi v?n: 1.0 | M?c ??: 13.0
Boundary of Deduction,Giới Hạn Deduction,C?n ti?ng Anh nghi v?n: Deduction | S? t?/c?m nghi v?n: 1 | T? l? nghi v?n: 1.0 | M?c ??: 13.0
Find Carlow beneath the large tree outside the town,Tìm Carlow dưới gốc cây lớn ngoài thị trấn,C?n ti?ng Anh nghi v?n: Carlow | S? t?/c?m nghi v?n: 1 | T? l? nghi v?n: 1.0 | M?c ??: 13.0
Take five photos of graffiti with Chalulu,Chụp năm bức ảnh về những hình vẽ bậy cùng Chalulu đi,C?n ti?ng Anh nghi v?n: Chalulu | S? t?/c?m nghi v?n: 1 | T? l? nghi v?n: 1.0 | M?c ??: 13.0
Help the Gladiator in trouble,Giúp đỡ Gladiator gặp khó khăn,C?n ti?ng Anh nghi v?n: Gladiator | S? t?/c?m nghi v?n: 1 | T? l? nghi v?n: 1.0 | M?c ??: 13.0
Talk to Postumia (optional),Nói chuyện với Postumia (tùy chọn),C?n ti?ng Anh nghi v?n: Postumia | S? t?/c?m nghi v?n: 1 | T? l? nghi v?n: 1.0 | M?c ??: 13.0
Talk to Nicus,Nói chuyện với Nicus,C?n ti?ng Anh nghi v?n: Nicus | S? t?/c?m nghi v?n: 1 | T? l? nghi v?n: 1.0 | M?c ??: 13.0
Take the Wingray (optional),Đi bằng Wingray (tùy chọn),C?n ti?ng Anh nghi v?n: Wingray | S? t?/c?m nghi v?n: 1 | T? l? nghi v?n: 1.0 | M?c ??: 13.0
Talk to Postumia,Nói chuyện với Postumia,C?n ti?ng Anh nghi v?n: Postumia | S? t?/c?m nghi v?n: 1 | T? l? nghi v?n: 1.0 | M?c ??: 13.0
Talk to Nicus,Nói chuyện với Nicus,C?n ti?ng Anh nghi v?n: Nicus | S? t?/c?m nghi v?n: 1 | T? l? nghi v?n: 1.0 | M?c ??: 13.0
Nicus,Nicus,C?n ti?ng Anh nghi v?n: Nicus | S? t?/c?m nghi v?n: 1 | T? l? nghi v?n: 1.0 | M?c ??: 13.0
Activate Banner 1 (Lv. 1-40 recommended),Kích hoạt Banner 1 (Gợi ý cấp 1-40),C?n ti?ng Anh nghi v?n: Banner | S? t?/c?m nghi v?n: 1 | T? l? nghi v?n: 1.0 | M?c ??: 13.0
Activate Banner 2 (Lv. 40-70 recommended),Kích hoạt Banner 2 (Gợi ý cấp 40-70),C?n ti?ng Anh nghi v?n: Banner | S? t?/c?m nghi v?n: 1 | T? l? nghi v?n: 1.0 | M?c ??: 13.0
Activate Banner 3 (Lv. 71-100 recommended),Kích hoạt Banner 3 (Gợi ý cấp 71-100),C?n ti?ng Anh nghi v?n: Banner | S? t?/c?m nghi v?n: 1 | T? l? nghi v?n: 1.0 | M?c ??: 13.0
Activate Banner 1 (Lv. 1-40 recommended),Kích hoạt Banner 1 (Gợi ý cấp 1-40),C?n ti?ng Anh nghi v?n: Banner | S? t?/c?m nghi v?n: 1 | T? l? nghi v?n: 1.0 | M?c ??: 13.0
Activate Banner 2 (Lv. 40-70 recommended),Kích hoạt Banner 2 (Gợi ý cấp 40-70),C?n ti?ng Anh nghi v?n: Banner | S? t?/c?m nghi v?n: 1 | T? l? nghi v?n: 1.0 | M?c ??: 13.0
Activate Banner 3 (Lv. 71-100 recommended),Kích hoạt Banner 3 (Gợi ý cấp 71-100),C?n ti?ng Anh nghi v?n: Banner | S? t?/c?m nghi v?n: 1 | T? l? nghi v?n: 1.0 | M?c ??: 13.0
Activate Banner 4 (Lv. 101-150 recommended),Kích hoạt Banner 4 (Gợi ý cấp 101-150),C?n ti?ng Anh nghi v?n: Banner | S? t?/c?m nghi v?n: 1 | T? l? nghi v?n: 1.0 | M?c ??: 13.0
Activate Banner 5 (Lv. 151-170 recommended),Kích hoạt Banner 5 (Gợi ý cấp 151-170),C?n ti?ng Anh nghi v?n: Banner | S? t?/c?m nghi v?n: 1 | T? l? nghi v?n: 1.0 | M?c ??: 13.0
Activate Banner 6 (Lv. 176-200 recommended),Kích hoạt Banner 6 (Gợi ý cấp 176-200),C?n ti?ng Anh nghi v?n: Banner | S? t?/c?m nghi v?n: 1 | T? l? nghi v?n: 1.0 | M?c ??: 13.0
Activate Banner 7 (Lv. 201-230 recommended),Kích hoạt Banner 7 (Gợi ý cấp 201-230),C?n ti?ng Anh nghi v?n: Banner | S? t?/c?m nghi v?n: 1 | T? l? nghi v?n: 1.0 | M?c ??: 13.0
Activate Banner 8 (Lv. 231-260 recommended),Kích hoạt Banner 8 (Gợi ý cấp 231-260),C?n ti?ng Anh nghi v?n: Banner | S? t?/c?m nghi v?n: 1 | T? l? nghi v?n: 1.0 | M?c ??: 13.0
Activate Banner 9 (Lv. 261-275 recommended),Kích hoạt Banner 9 (Gợi ý cấp 261-275),C?n ti?ng Anh nghi v?n: Banner | S? t?/c?m nghi v?n: 1 | T? l? nghi v?n: 1.0 | M?c ??: 13.0
Activate Banner 10 (Lv. 276-290 recommended),Kích hoạt Banner 10 (Gợi ý cấp 276-290),C?n ti?ng Anh nghi v?n: Banner | S? t?/c?m nghi v?n: 1 | T? l? nghi v?n: 1.0 | M?c ??: 13.0
Activate Banner 11 (Lv. 291-300 recommended),Kích hoạt Banner 11 (Gợi ý cấp 291-300),C?n ti?ng Anh nghi v?n: Banner | S? t?/c?m nghi v?n: 1 | T? l? nghi v?n: 1.0 | M?c ??: 13.0
Activate Banner 12 (Lv. 301-340 recommended),Kích hoạt Banner 12 (Gợi ý cấp 301-340),C?n ti?ng Anh nghi v?n: Banner | S? t?/c?m nghi v?n: 1 | T? l? nghi v?n: 1.0 | M?c ??: 13.0
Activate Banner 13 (Lv. 341-360 recommended),Kích hoạt Banner 13 (Gợi ý cấp 341-360),C?n ti?ng Anh nghi v?n: Banner | S? t?/c?m nghi v?n: 1 | T? l? nghi v?n: 1.0 | M?c ??: 13.0
Activate Banner 14 (Lv. 361-380 recommended),Kích hoạt Banner 14 (Gợi ý cấp 361-380),C?n ti?ng Anh nghi v?n: Banner | S? t?/c?m nghi v?n: 1 | T? l? nghi v?n: 1.0 | M?c ??: 13.0
Activate Banner 15 (Lv. 381-390 recommended),Kích hoạt Banner 15 (Gợi ý cấp 381-390),C?n ti?ng Anh nghi v?n: Banner | S? t?/c?m nghi v?n: 1 | T? l? nghi v?n: 1.0 | M?c ??: 13.0
Activate Banner 16 (Lv. 391-400 recommended),Kích hoạt Banner 16 (Gợi ý cấp 391-400),C?n ti?ng Anh nghi v?n: Banner | S? t?/c?m nghi v?n: 1 | T? l? nghi v?n: 1.0 | M?c ??: 13.0
Activate Banner 17 (Lv. 401-440 recommended),Kích hoạt Banner 17 (Gợi ý cấp 401-440),C?n ti?ng Anh nghi v?n: Banner | S? t?/c?m nghi v?n: 1 | T? l? nghi v?n: 1.0 | M?c ??: 13.0
Activate Banner 18 (Lv. 441-465 recommended),Kích hoạt Banner 18 (Gợi ý cấp 441-465),C?n ti?ng Anh nghi v?n: Banner | S? t?/c?m nghi v?n: 1 | T? l? nghi v?n: 1.0 | M?c ??: 13.0
Activate Banner 19 (Lv. 466-480 recommended),Kích hoạt Banner 19 (Gợi ý cấp 466-480),C?n ti?ng Anh nghi v?n: Banner | S? t?/c?m nghi v?n: 1 | T? l? nghi v?n: 1.0 | M?c ??: 13.0
Activate Banner 20 (Lv. 481-500 recommended),Kích hoạt Banner 20 (Gợi ý cấp 481-500),C?n ti?ng Anh nghi v?n: Banner | S? t?/c?m nghi v?n: 1 | T? l? nghi v?n: 1.0 | M?c ??: 13.0
Activate Banner 4 (Lv. 101-150 recommended),Kích hoạt Banner 4 (Gợi ý cấp 101-150),C?n ti?ng Anh nghi v?n: Banner | S? t?/c?m nghi v?n: 1 | T? l? nghi v?n: 1.0 | M?c ??: 13.0
Activate Banner 5 (Lv. 151-175 recommended),Kích hoạt Banner 5 (Gợi ý cấp 151-175),C?n ti?ng Anh nghi v?n: Banner | S? t?/c?m nghi v?n: 1 | T? l? nghi v?n: 1.0 | M?c ??: 13.0
Activate Banner 6 (Lv. 176-200 recommended),Kích hoạt Banner 6 (Gợi ý cấp 176-200),C?n ti?ng Anh nghi v?n: Banner | S? t?/c?m nghi v?n: 1 | T? l? nghi v?n: 1.0 | M?c ??: 13.0
Activate Banner 7 (Lv. 201-230 recommended),Kích hoạt Banner 7 (Gợi ý cấp 201-230),C?n ti?ng Anh nghi v?n: Banner | S? t?/c?m nghi v?n: 1 | T? l? nghi v?n: 1.0 | M?c ??: 13.0
Activate Banner 8 (Lv. 231-260 recommended),Kích hoạt Banner 8 (Gợi ý cấp 231-260),C?n ti?ng Anh nghi v?n: Banner | S? t?/c?m nghi v?n: 1 | T? l? nghi v?n: 1.0 | M?c ??: 13.0
Activate Banner 9 (Lv. 261-275 recommended),Kích hoạt Banner 9 (Gợi ý cấp 261-275),C?n ti?ng Anh nghi v?n: Banner | S? t?/c?m nghi v?n: 1 | T? l? nghi v?n: 1.0 | M?c ??: 13.0
Activate Banner 10 (Lv. 276-290 recommended),Kích hoạt Banner 10 (Gợi ý cấp 276-290),C?n ti?ng Anh nghi v?n: Banner | S? t?/c?m nghi v?n: 1 | T? l? nghi v?n: 1.0 | M?c ??: 13.0
Activate Banner 11 (Lv. 291-300 recommended),Kích hoạt Banner 11 (Gợi ý cấp 291-300),C?n ti?ng Anh nghi v?n: Banner | S? t?/c?m nghi v?n: 1 | T? l? nghi v?n: 1.0 | M?c ??: 13.0
Activate Banner 12 (Lv. 301-340 recommended),Kích hoạt Banner 12 (Gợi ý cấp 301-340),C?n ti?ng Anh nghi v?n: Banner | S? t?/c?m nghi v?n: 1 | T? l? nghi v?n: 1.0 | M?c ??: 13.0
Activate Banner 13 (Lv. 341-360 recommended),Kích hoạt Banner 13 (Gợi ý cấp 341-360),C?n ti?ng Anh nghi v?n: Banner | S? t?/c?m nghi v?n: 1 | T? l? nghi v?n: 1.0 | M?c ??: 13.0
Activate Banner 14 (Lv. 361-380 recommended),Kích hoạt Banner 14 (Gợi ý cấp 361-380),C?n ti?ng Anh nghi v?n: Banner | S? t?/c?m nghi v?n: 1 | T? l? nghi v?n: 1.0 | M?c ??: 13.0
Activate Banner 15 (Lv. 381-390 recommended),Kích hoạt Banner 15 (Gợi ý cấp 381-390),C?n ti?ng Anh nghi v?n: Banner | S? t?/c?m nghi v?n: 1 | T? l? nghi v?n: 1.0 | M?c ??: 13.0
Activate Banner 16 (Lv. 391-400 recommended),Kích hoạt Banner 16 (Gợi ý cấp 391-400),C?n ti?ng Anh nghi v?n: Banner | S? t?/c?m nghi v?n: 1 | T? l? nghi v?n: 1.0 | M?c ??: 13.0
Activate Banner 17 (Lv. 401-440 recommended),Kích hoạt Banner 17 (Gợi ý cấp 401-440),C?n ti?ng Anh nghi v?n: Banner | S? t?/c?m nghi v?n: 1 | T? l? nghi v?n: 1.0 | M?c ??: 13.0
Activate Banner 18 (Lv. 441-465 recommended),Kích hoạt Banner 18 (Gợi ý cấp 441-465),C?n ti?ng Anh nghi v?n: Banner | S? t?/c?m nghi v?n: 1 | T? l? nghi v?n: 1.0 | M?c ??: 13.0
Activate Banner 19 (Lv. 466-480 recommended),Kích hoạt Banner 19 (Gợi ý cấp 466-480),C?n ti?ng Anh nghi v?n: Banner | S? t?/c?m nghi v?n: 1 | T? l? nghi v?n: 1.0 | M?c ??: 13.0
Activate Banner 20 (Lv. 481-500 recommended),Kích hoạt Banner 20 (Gợi ý cấp 481-500),C?n ti?ng Anh nghi v?n: Banner | S? t?/c?m nghi v?n: 1 | T? l? nghi v?n: 1.0 | M?c ??: 13.0
Talk to the Acolyte,Nói chuyện với Acolyte,C?n ti?ng Anh nghi v?n: Acolyte | S? t?/c?m nghi v?n: 1 | T? l? nghi v?n: 1.0 | M?c ??: 13.0
Head to the coordinates given by Carlotta,Đến tọa độ Carlotta đưa,C?n ti?ng Anh nghi v?n: Carlotta | S? t?/c?m nghi v?n: 1 | T? l? nghi v?n: 1.0 | M?c ??: 13.0
Take a photo of the Lumen Tower,Chụp tháp Lumen đi.,C?n ti?ng Anh nghi v?n: Lumen | S? t?/c?m nghi v?n: 1 | T? l? nghi v?n: 1.0 | M?c ??: 13.0
Talk to Luther,Nói chuyện với Luther,C?n ti?ng Anh nghi v?n: Luther | S? t?/c?m nghi v?n: 1 | T? l? nghi v?n: 1.0 | M?c ??: 13.0
Talk to Luther,Nói chuyện với Luther,C?n ti?ng Anh nghi v?n: Luther | S? t?/c?m nghi v?n: 1 | T? l? nghi v?n: 1.0 | M?c ??: 13.0
Talk to Luther,Nói chuyện với Luther,C?n ti?ng Anh nghi v?n: Luther | S? t?/c?m nghi v?n: 1 | T? l? nghi v?n: 1.0 | M?c ??: 13.0
Talk to Luther,Nói chuyện với Luther,C?n ti?ng Anh nghi v?n: Luther | S? t?/c?m nghi v?n: 1 | T? l? nghi v?n: 1.0 | M?c ??: 13.0
Talk to Luther,Nói chuyện với Luther,C?n ti?ng Anh nghi v?n: Luther | S? t?/c?m nghi v?n: 1 | T? l? nghi v?n: 1.0 | M?c ??: 13.0
Examine,Examine,C?n ti?ng Anh nghi v?n: Examine | S? t?/c?m nghi v?n: 1 | T? l? nghi v?n: 1.0 | M?c ??: 13.0
Talk to the Acolyte,Nói chuyện với Acolyte,C?n ti?ng Anh nghi v?n: Acolyte | S? t?/c?m nghi v?n: 1 | T? l? nghi v?n: 1.0 | M?c ??: 13.0
Take a photo of Hornett,Chụp ảnh Hornett,C?n ti?ng Anh nghi v?n: Hornett | S? t?/c?m nghi v?n: 1 | T? l? nghi v?n: 1.0 | M?c ??: 13.0
Touch the frequencies from the past,Touch vào những tần số từ quá khứ,C?n ti?ng Anh nghi v?n: Touch | S? t?/c?m nghi v?n: 1 | T? l? nghi v?n: 1.0 | M?c ??: 13.0
Touch the frequencies from the past,Touch vào những tần số từ quá khứ,C?n ti?ng Anh nghi v?n: Touch | S? t?/c?m nghi v?n: 1 | T? l? nghi v?n: 1.0 | M?c ??: 13.0
Touch the frequencies from the past,Touch vào những tần số từ quá khứ,C?n ti?ng Anh nghi v?n: Touch | S? t?/c?m nghi v?n: 1 | T? l? nghi v?n: 1.0 | M?c ??: 13.0
Touch the frequency,Touch vào tần số,C?n ti?ng Anh nghi v?n: Touch | S? t?/c?m nghi v?n: 1 | T? l? nghi v?n: 1.0 | M?c ??: 13.0
Touch the frequency,Touch vào tần số,C?n ti?ng Anh nghi v?n: Touch | S? t?/c?m nghi v?n: 1 | T? l? nghi v?n: 1.0 | M?c ??: 13.0
Touch the frequency,Touch vào tần số,C?n ti?ng Anh nghi v?n: Touch | S? t?/c?m nghi v?n: 1 | T? l? nghi v?n: 1.0 | M?c ??: 13.0
Touch the frequency,Touch vào tần số,C?n ti?ng Anh nghi v?n: Touch | S? t?/c?m nghi v?n: 1 | T? l? nghi v?n: 1.0 | M?c ??: 13.0
Touch the frequency,Touch vào tần số,C?n ti?ng Anh nghi v?n: Touch | S? t?/c?m nghi v?n: 1 | T? l? nghi v?n: 1.0 | M?c ??: 13.0
Investigate,Investigate,C?n ti?ng Anh nghi v?n: Investigate | S? t?/c?m nghi v?n: 1 | T? l? nghi v?n: 1.0 | M?c ??: 13.0
Take a photo of Hornett,Chụp ảnh Hornett,C?n ti?ng Anh nghi v?n: Hornett | S? t?/c?m nghi v?n: 1 | T? l? nghi v?n: 1.0 | M?c ??: 13.0
Talk to the Ebony Gatekeeper,Nói chuyện với Người Gác Cổng Ebony,C?n ti?ng Anh nghi v?n: Ebony | S? t?/c?m nghi v?n: 1 | T? l? nghi v?n: 1.0 | M?c ??: 13.0
Dreams of Cindertide: Finale unlocked,Giấc Mơ Cindertide: Phần Kết đã mở khóa,C?n ti?ng Anh nghi v?n: Cindertide | S? t?/c?m nghi v?n: 1 | T? l? nghi v?n: 1.0 | M?c ??: 13.0
Dreams of Cindertide,Giấc Mơ Cindertide,C?n ti?ng Anh nghi v?n: Cindertide | S? t?/c?m nghi v?n: 1 | T? l? nghi v?n: 1.0 | M?c ??: 13.0
Talk to the Wootter,Nói chuyện với Wootter,C?n ti?ng Anh nghi v?n: Wootter | S? t?/c?m nghi v?n: 1 | T? l? nghi v?n: 1.0 | M?c ??: 13.0
Defeat Chunkie,Đánh bại Chunkie,C?n ti?ng Anh nghi v?n: Chunkie | S? t?/c?m nghi v?n: 1 | T? l? nghi v?n: 1.0 | M?c ??: 13.0
Talk to Arctos,Nói chuyện với Arctos,C?n ti?ng Anh nghi v?n: Arctos | S? t?/c?m nghi v?n: 1 | T? l? nghi v?n: 1.0 | M?c ??: 13.0
Find Teeny,Tìm Teeny,C?n ti?ng Anh nghi v?n: Teeny | S? t?/c?m nghi v?n: 1 | T? l? nghi v?n: 1.0 | M?c ??: 13.0
Find Teeny,Tìm Teeny,C?n ti?ng Anh nghi v?n: Teeny | S? t?/c?m nghi v?n: 1 | T? l? nghi v?n: 1.0 | M?c ??: 13.0
Talk to Teeny,Nói chuyện với Teeny,C?n ti?ng Anh nghi v?n: Teeny | S? t?/c?m nghi v?n: 1 | T? l? nghi v?n: 1.0 | M?c ??: 13.0
Wootter,Wootter,C?n ti?ng Anh nghi v?n: Wootter | S? t?/c?m nghi v?n: 1 | T? l? nghi v?n: 1.0 | M?c ??: 13.0
Talk to Aeolus,Nói chuyện với Aeolus,C?n ti?ng Anh nghi v?n: Aeolus | S? t?/c?m nghi v?n: 1 | T? l? nghi v?n: 1.0 | M?c ??: 13.0
Help the old hunter defeat the Tidespawn,Giúp lão thợ săn đánh bại Tidespawn.,C?n ti?ng Anh nghi v?n: Tidespawn | S? t?/c?m nghi v?n: 1 | T? l? nghi v?n: 1.0 | M?c ??: 13.0
Defeat the Kerasaur,Đánh bại Kerasaur,C?n ti?ng Anh nghi v?n: Kerasaur | S? t?/c?m nghi v?n: 1 | T? l? nghi v?n: 1.0 | M?c ??: 13.0
Defeat the Kerasaur,Đánh bại Kerasaur,C?n ti?ng Anh nghi v?n: Kerasaur | S? t?/c?m nghi v?n: 1 | T? l? nghi v?n: 1.0 | M?c ??: 13.0
Talk to Aeolus,Nói chuyện với Aeolus,C?n ti?ng Anh nghi v?n: Aeolus | S? t?/c?m nghi v?n: 1 | T? l? nghi v?n: 1.0 | M?c ??: 13.0
Sit,Sit,C?n ti?ng Anh nghi v?n: Sit | S? t?/c?m nghi v?n: 1 | T? l? nghi v?n: 1.0 | M?c ??: 13.0
Dream of A Rusted Sword: Part I,Giấc Mộng Kiếm Rỉ Sét: Phần I,C?n ti?ng Anh nghi v?n: I | S? t?/c?m nghi v?n: 1 | T? l? nghi v?n: 1.0 | M?c ??: 13.0
Repel the Corrosaurus,Đẩy lùi Corrosaurus,C?n ti?ng Anh nghi v?n: Corrosaurus | S? t?/c?m nghi v?n: 1 | T? l? nghi v?n: 1.0 | M?c ??: 13.0
Eliminate the Corrosaurus,Tiêu diệt Corrosaurus,C?n ti?ng Anh nghi v?n: Corrosaurus | S? t?/c?m nghi v?n: 1 | T? l? nghi v?n: 1.0 | M?c ??: 13.0
Dream of A Rusted Sword: Part II,Giấc Mộng Kiếm Rỉ Sét: Phần II,C?n ti?ng Anh nghi v?n: II | S? t?/c?m nghi v?n: 1 | T? l? nghi v?n: 1.0 | M?c ??: 13.0
Talk to Rolla,Nói chuyện với Rolla,C?n ti?ng Anh nghi v?n: Rolla | S? t?/c?m nghi v?n: 1 | T? l? nghi v?n: 1.0 | M?c ??: 13.0
Talk to Tertia,Nói chuyện với Tertia,C?n ti?ng Anh nghi v?n: Tertia | S? t?/c?m nghi v?n: 1 | T? l? nghi v?n: 1.0 | M?c ??: 13.0
Talk to Pierrot,Nói chuyện với Pierrot,C?n ti?ng Anh nghi v?n: Pierrot | S? t?/c?m nghi v?n: 1 | T? l? nghi v?n: 1.0 | M?c ??: 13.0
Visit Galba,Gặp Galba,C?n ti?ng Anh nghi v?n: Galba | S? t?/c?m nghi v?n: 1 | T? l? nghi v?n: 1.0 | M?c ??: 13.0
Talk to the battered Gladiator,Nói chuyện với Gladiator bị thương,C?n ti?ng Anh nghi v?n: Gladiator | S? t?/c?m nghi v?n: 1 | T? l? nghi v?n: 1.0 | M?c ??: 13.0
Visit Aleus,Gặp Aleus,C?n ti?ng Anh nghi v?n: Aleus | S? t?/c?m nghi v?n: 1 | T? l? nghi v?n: 1.0 | M?c ??: 13.0
Talk to Pierrot,Nói chuyện với Pierrot,C?n ti?ng Anh nghi v?n: Pierrot | S? t?/c?m nghi v?n: 1 | T? l? nghi v?n: 1.0 | M?c ??: 13.0
Visit Galba,Gặp Galba,C?n ti?ng Anh nghi v?n: Galba | S? t?/c?m nghi v?n: 1 | T? l? nghi v?n: 1.0 | M?c ??: 13.0
Talk to Pierrot,Nói chuyện với Pierrot,C?n ti?ng Anh nghi v?n: Pierrot | S? t?/c?m nghi v?n: 1 | T? l? nghi v?n: 1.0 | M?c ??: 13.0
Mummer's Wish,Wish của Người Diễn Múa,C?n ti?ng Anh nghi v?n: Wish | S? t?/c?m nghi v?n: 1 | T? l? nghi v?n: 1.0 | M?c ??: 13.0
Talk to Medulius,Nói chuyện với Medulius,C?n ti?ng Anh nghi v?n: Medulius | S? t?/c?m nghi v?n: 1 | T? l? nghi v?n: 1.0 | M?c ??: 13.0
Talk to Lenore,Nói chuyện với Lenore,C?n ti?ng Anh nghi v?n: Lenore | S? t?/c?m nghi v?n: 1 | T? l? nghi v?n: 1.0 | M?c ??: 13.0
Talk to Medulius,Nói chuyện với Medulius,C?n ti?ng Anh nghi v?n: Medulius | S? t?/c?m nghi v?n: 1 | T? l? nghi v?n: 1.0 | M?c ??: 13.0
Talk to Lenore,Nói chuyện với Lenore,C?n ti?ng Anh nghi v?n: Lenore | S? t?/c?m nghi v?n: 1 | T? l? nghi v?n: 1.0 | M?c ??: 13.0
Talk to Lenore,Nói chuyện với Lenore,C?n ti?ng Anh nghi v?n: Lenore | S? t?/c?m nghi v?n: 1 | T? l? nghi v?n: 1.0 | M?c ??: 13.0
Help Lenore break the first pile of rocks,Giúp Lenore đập vỡ đống đá thứ nhất,C?n ti?ng Anh nghi v?n: Lenore | S? t?/c?m nghi v?n: 1 | T? l? nghi v?n: 1.0 | M?c ??: 13.0
It's time to leave. Have one last talk with Lenore.,Đến lúc phải rời đi rồi. Nói chuyện lần cuối với Lenore đi.,C?n ti?ng Anh nghi v?n: Lenore | S? t?/c?m nghi v?n: 1 | T? l? nghi v?n: 1.0 | M?c ??: 13.0
Help Cherry hand out the tonic,Giúp Cherry phát thuốc bổ,C?n ti?ng Anh nghi v?n: Cherry | S? t?/c?m nghi v?n: 1 | T? l? nghi v?n: 1.0 | M?c ??: 13.0
Talk to Namipon,Nói chuyện với Namipon,C?n ti?ng Anh nghi v?n: Namipon | S? t?/c?m nghi v?n: 1 | T? l? nghi v?n: 1.0 | M?c ??: 13.0
Find Eri,Tìm Eri,C?n ti?ng Anh nghi v?n: Eri | S? t?/c?m nghi v?n: 1 | T? l? nghi v?n: 1.0 | M?c ??: 13.0
Talk to Eri,Nói chuyện với Eri,C?n ti?ng Anh nghi v?n: Eri | S? t?/c?m nghi v?n: 1 | T? l? nghi v?n: 1.0 | M?c ??: 13.0
Head to the photography location with Eri,Đến chỗ chụp ảnh với Eri đi,C?n ti?ng Anh nghi v?n: Eri | S? t?/c?m nghi v?n: 1 | T? l? nghi v?n: 1.0 | M?c ??: 13.0
Head to the photography location with Eri,Đến chỗ chụp ảnh với Eri đi,C?n ti?ng Anh nghi v?n: Eri | S? t?/c?m nghi v?n: 1 | T? l? nghi v?n: 1.0 | M?c ??: 13.0
Examine,Examine,C?n ti?ng Anh nghi v?n: Examine | S? t?/c?m nghi v?n: 1 | T? l? nghi v?n: 1.0 | M?c ??: 13.0
Investigate,Investigate,C?n ti?ng Anh nghi v?n: Investigate | S? t?/c?m nghi v?n: 1 | T? l? nghi v?n: 1.0 | M?c ??: 13.0
Choose Namipon-shaped doll,Chọn búp bê hình Namipon,C?n ti?ng Anh nghi v?n: Namipon | S? t?/c?m nghi v?n: 1 | T? l? nghi v?n: 1.0 | M?c ??: 13.0
Choose Gulpuff-shaped doll,Chọn búp bê hình Gulpuff,C?n ti?ng Anh nghi v?n: Gulpuff | S? t?/c?m nghi v?n: 1 | T? l? nghi v?n: 1.0 | M?c ??: 13.0
Talk to Shion,Nói chuyện với Shion,C?n ti?ng Anh nghi v?n: Shion | S? t?/c?m nghi v?n: 1 | T? l? nghi v?n: 1.0 | M?c ??: 13.0
Talk to Shion,Nói chuyện với Shion,C?n ti?ng Anh nghi v?n: Shion | S? t?/c?m nghi v?n: 1 | T? l? nghi v?n: 1.0 | M?c ??: 13.0
Talk to Shion,Nói chuyện với Shion,C?n ti?ng Anh nghi v?n: Shion | S? t?/c?m nghi v?n: 1 | T? l? nghi v?n: 1.0 | M?c ??: 13.0
Go to the classroom Mayo mentioned (20:00-6:00),Đến phòng học mà Mayo đã nhắc (20:00-6:00),C?n ti?ng Anh nghi v?n: Mayo | S? t?/c?m nghi v?n: 1 | T? l? nghi v?n: 1.0 | M?c ??: 13.0
Search for Chengxi,Tìm Chengxi,C?n ti?ng Anh nghi v?n: Chengxi | S? t?/c?m nghi v?n: 1 | T? l? nghi v?n: 1.0 | M?c ??: 13.0
Find Alba,Tìm Alba,C?n ti?ng Anh nghi v?n: Alba | S? t?/c?m nghi v?n: 1 | T? l? nghi v?n: 1.0 | M?c ??: 13.0
Defeat Chengxi,Đánh bại Chengxi,C?n ti?ng Anh nghi v?n: Chengxi | S? t?/c?m nghi v?n: 1 | T? l? nghi v?n: 1.0 | M?c ??: 13.0
Defeat Alba,Đánh bại Alba,C?n ti?ng Anh nghi v?n: Alba | S? t?/c?m nghi v?n: 1 | T? l? nghi v?n: 1.0 | M?c ??: 13.0
Help Ang find the booklet,Giúp Ang tìm cuốn sách nhỏ,C?n ti?ng Anh nghi v?n: Ang | S? t?/c?m nghi v?n: 1 | T? l? nghi v?n: 1.0 | M?c ??: 13.0
Invite Romeo,Mời Romeo,C?n ti?ng Anh nghi v?n: Romeo | S? t?/c?m nghi v?n: 1 | T? l? nghi v?n: 1.0 | M?c ??: 13.0
Invite Hilings,Mời Hilings,C?n ti?ng Anh nghi v?n: Hilings | S? t?/c?m nghi v?n: 1 | T? l? nghi v?n: 1.0 | M?c ??: 13.0
Invite Dhalifa,Mời Dhalifa,C?n ti?ng Anh nghi v?n: Dhalifa | S? t?/c?m nghi v?n: 1 | T? l? nghi v?n: 1.0 | M?c ??: 13.0
Talk to Dhalifa,Nói chuyện với Dhalifa,C?n ti?ng Anh nghi v?n: Dhalifa | S? t?/c?m nghi v?n: 1 | T? l? nghi v?n: 1.0 | M?c ??: 13.0
Talk to Ang and her group,Nói chuyện với Ang và nhóm của cô ấy,C?n ti?ng Anh nghi v?n: Ang | S? t?/c?m nghi v?n: 1 | T? l? nghi v?n: 1.0 | M?c ??: 13.0
Inspect,Inspect,C?n ti?ng Anh nghi v?n: Inspect | S? t?/c?m nghi v?n: 1 | T? l? nghi v?n: 1.0 | M?c ??: 13.0
Talk with the lingering Roya girl,Nói chuyện với cô gái Roya còn vương vấn,C?n ti?ng Anh nghi v?n: Roya | S? t?/c?m nghi v?n: 1 | T? l? nghi v?n: 1.0 | M?c ??: 13.0
Talk to Dari,Nói chuyện với Dari,C?n ti?ng Anh nghi v?n: Dari | S? t?/c?m nghi v?n: 1 | T? l? nghi v?n: 1.0 | M?c ??: 13.0
Talk to Dari,Nói chuyện với Dari,C?n ti?ng Anh nghi v?n: Dari | S? t?/c?m nghi v?n: 1 | T? l? nghi v?n: 1.0 | M?c ??: 13.0
Route Network Crisis Part I,Khủng hoảng Mạng Lưới Tuyến Đường Phần I,C?n ti?ng Anh nghi v?n: I | S? t?/c?m nghi v?n: 1 | T? l? nghi v?n: 1.0 | M?c ??: 13.0
Route Network Crisis Part II,Khủng hoảng Mạng Lưới Tuyến Đường Phần II,C?n ti?ng Anh nghi v?n: II | S? t?/c?m nghi v?n: 1 | T? l? nghi v?n: 1.0 | M?c ??: 13.0
Talk to Macknay,Nói chuyện với Macknay,C?n ti?ng Anh nghi v?n: Macknay | S? t?/c?m nghi v?n: 1 | T? l? nghi v?n: 1.0 | M?c ??: 13.0
WavesLine Insider,Bí Mật WavesLine,C?n ti?ng Anh nghi v?n: WavesLine | S? t?/c?m nghi v?n: 1 | T? l? nghi v?n: 1.0 | M?c ??: 13.0
Defeat Adele,Đánh bại Adele,C?n ti?ng Anh nghi v?n: Adele | S? t?/c?m nghi v?n: 1 | T? l? nghi v?n: 1.0 | M?c ??: 13.0
Defeat Francine,Đánh bại Francine,C?n ti?ng Anh nghi v?n: Francine | S? t?/c?m nghi v?n: 1 | T? l? nghi v?n: 1.0 | M?c ??: 13.0
Use Utility: Sensor,Dùng Công cụ: Sensor.,C?n ti?ng Anh nghi v?n: Sensor | S? t?/c?m nghi v?n: 1 | T? l? nghi v?n: 1.0 | M?c ??: 13.0
Discarded Log I,Nhật ký Bị Loại I,C?n ti?ng Anh nghi v?n: I | S? t?/c?m nghi v?n: 1 | T? l? nghi v?n: 1.0 | M?c ??: 13.0
Final Reverberation I,Dư Âm Cuối Cùng I,C?n ti?ng Anh nghi v?n: I | S? t?/c?m nghi v?n: 1 | T? l? nghi v?n: 1.0 | M?c ??: 13.0
Use Utility: Sensor,Dùng Công cụ: Sensor.,C?n ti?ng Anh nghi v?n: Sensor | S? t?/c?m nghi v?n: 1 | T? l? nghi v?n: 1.0 | M?c ??: 13.0
Final Reverberation II,Dư Âm Cuối Cùng II,C?n ti?ng Anh nghi v?n: II | S? t?/c?m nghi v?n: 1 | T? l? nghi v?n: 1.0 | M?c ??: 13.0
Discarded Log II,Nhật ký Bị Loại II,C?n ti?ng Anh nghi v?n: II | S? t?/c?m nghi v?n: 1 | T? l? nghi v?n: 1.0 | M?c ??: 13.0
Talk to Celo to begin hide-and-seek,Nói chuyện với Celo để bắt đầu trò chơi trốn tìm,C?n ti?ng Anh nghi v?n: Celo | S? t?/c?m nghi v?n: 1 | T? l? nghi v?n: 1.0 | M?c ??: 13.0
Talk to Celo to begin hide-and-seek,Nói chuyện với Celo để bắt đầu trò chơi trốn tìm,C?n ti?ng Anh nghi v?n: Celo | S? t?/c?m nghi v?n: 1 | T? l? nghi v?n: 1.0 | M?c ??: 13.0
Inspect the box,Inspect chiếc hộp,C?n ti?ng Anh nghi v?n: Inspect | S? t?/c?m nghi v?n: 1 | T? l? nghi v?n: 1.0 | M?c ??: 13.0
Defeat the enraged “Roya”,Đánh bại “Roya” đang nổi giận,C?n ti?ng Anh nghi v?n: Roya | S? t?/c?m nghi v?n: 1 | T? l? nghi v?n: 1.0 | M?c ??: 13.0
"Confront the defeated ""Trader""","Đối đầu với ""Trader"" đã bại trận",C?n ti?ng Anh nghi v?n: Trader | S? t?/c?m nghi v?n: 1 | T? l? nghi v?n: 1.0 | M?c ??: 13.0
Defeat the enraged “Roya”,Đánh bại “Roya” đang nổi giận,C?n ti?ng Anh nghi v?n: Roya | S? t?/c?m nghi v?n: 1 | T? l? nghi v?n: 1.0 | M?c ??: 13.0
"Confront the defeated ""Trader""","Đối đầu với ""Trader"" đã bại trận",C?n ti?ng Anh nghi v?n: Trader | S? t?/c?m nghi v?n: 1 | T? l? nghi v?n: 1.0 | M?c ??: 13.0
Defeat the enraged “Roya”,Đánh bại “Roya” đang nổi giận,C?n ti?ng Anh nghi v?n: Roya | S? t?/c?m nghi v?n: 1 | T? l? nghi v?n: 1.0 | M?c ??: 13.0
"Confront the defeated ""Trader""","Đối đầu với ""Trader"" đã bại trận",C?n ti?ng Anh nghi v?n: Trader | S? t?/c?m nghi v?n: 1 | T? l? nghi v?n: 1.0 | M?c ??: 13.0
Duel Alkain,Đấu với Alkain,C?n ti?ng Anh nghi v?n: Alkain | S? t?/c?m nghi v?n: 1 | T? l? nghi v?n: 1.0 | M?c ??: 13.0
Talk to Alkain,Nói chuyện với Alkain,C?n ti?ng Anh nghi v?n: Alkain | S? t?/c?m nghi v?n: 1 | T? l? nghi v?n: 1.0 | M?c ??: 13.0
Dark Duel Legends: Part I,Huyền Thoại Đấu Bóng Tối: Phần I,C?n ti?ng Anh nghi v?n: I | S? t?/c?m nghi v?n: 1 | T? l? nghi v?n: 1.0 | M?c ??: 13.0
Talk to Norbert,Nói chuyện với Norbert,C?n ti?ng Anh nghi v?n: Norbert | S? t?/c?m nghi v?n: 1 | T? l? nghi v?n: 1.0 | M?c ??: 13.0
Duel Norbert,Đấu với Norbert,C?n ti?ng Anh nghi v?n: Norbert | S? t?/c?m nghi v?n: 1 | T? l? nghi v?n: 1.0 | M?c ??: 13.0
Talk to Norbert,Nói chuyện với Norbert,C?n ti?ng Anh nghi v?n: Norbert | S? t?/c?m nghi v?n: 1 | T? l? nghi v?n: 1.0 | M?c ??: 13.0
Dark Duel Legends: Part III,Huyền Thoại Đấu Bóng Tối: Phần III,C?n ti?ng Anh nghi v?n: III | S? t?/c?m nghi v?n: 1 | T? l? nghi v?n: 1.0 | M?c ??: 13.0
Talk to Nishan,Nói chuyện với Nishan,C?n ti?ng Anh nghi v?n: Nishan | S? t?/c?m nghi v?n: 1 | T? l? nghi v?n: 1.0 | M?c ??: 13.0
Duel Nishan,Đấu với Nishan,C?n ti?ng Anh nghi v?n: Nishan | S? t?/c?m nghi v?n: 1 | T? l? nghi v?n: 1.0 | M?c ??: 13.0
Talk to Nishan,Nói chuyện với Nishan,C?n ti?ng Anh nghi v?n: Nishan | S? t?/c?m nghi v?n: 1 | T? l? nghi v?n: 1.0 | M?c ??: 13.0
Dark Duel Legends: Part II,Huyền Thoại Đấu Bóng Tối: Phần II,C?n ti?ng Anh nghi v?n: II | S? t?/c?m nghi v?n: 1 | T? l? nghi v?n: 1.0 | M?c ??: 13.0
Talk to Olof,Nói chuyện với Olof,C?n ti?ng Anh nghi v?n: Olof | S? t?/c?m nghi v?n: 1 | T? l? nghi v?n: 1.0 | M?c ??: 13.0
Duel Olof,Đấu với Olof,C?n ti?ng Anh nghi v?n: Olof | S? t?/c?m nghi v?n: 1 | T? l? nghi v?n: 1.0 | M?c ??: 13.0
Craft a Sword#18 at the Crafting Bay,Chế tạo Kiếm#18 tại Bệ Craft,C?n ti?ng Anh nghi v?n: Craft | S? t?/c?m nghi v?n: 1 | T? l? nghi v?n: 1.0 | M?c ??: 13.0
Talk to Garris,Nói chuyện với Garris,C?n ti?ng Anh nghi v?n: Garris | S? t?/c?m nghi v?n: 1 | T? l? nghi v?n: 1.0 | M?c ??: 13.0
Voidspawn Emergence,Sự Trỗi Dậy Của Voidspawn,C?n ti?ng Anh nghi v?n: Voidspawn | S? t?/c?m nghi v?n: 1 | T? l? nghi v?n: 1.0 | M?c ??: 13.0
Talk to Ero,Nói chuyện với Ero,C?n ti?ng Anh nghi v?n: Ero | S? t?/c?m nghi v?n: 1 | T? l? nghi v?n: 1.0 | M?c ??: 13.0
Things have settled for the moment. It's time to visit Ero...,Tạm thời mọi thứ đã ổn định. Đến lúc ghé thăm Ero thôi...,C?n ti?ng Anh nghi v?n: Ero | S? t?/c?m nghi v?n: 1 | T? l? nghi v?n: 1.0 | M?c ??: 13.0
Fest Guest: Yinlin,Khách mời lễ hội: Yinlin,C?n ti?ng Anh nghi v?n: Yinlin | S? t?/c?m nghi v?n: 1 | T? l? nghi v?n: 1.0 | M?c ??: 13.0
Head to the Bar,Đến quầy bar,C?n ti?ng Anh nghi v?n: bar | S? t?/c?m nghi v?n: 1 | T? l? nghi v?n: 1.0 | M?c ??: 13.0
Fest Guest: Cantarella,Khách mời lễ hội: Cantarella,C?n ti?ng Anh nghi v?n: Cantarella | S? t?/c?m nghi v?n: 1 | T? l? nghi v?n: 1.0 | M?c ??: 13.0
Find Jiyan,Tìm Jiyan,C?n ti?ng Anh nghi v?n: Jiyan | S? t?/c?m nghi v?n: 1 | T? l? nghi v?n: 1.0 | M?c ??: 13.0
Fest Guest: Jiyan,Khách mời lễ hội: Jiyan,C?n ti?ng Anh nghi v?n: Jiyan | S? t?/c?m nghi v?n: 1 | T? l? nghi v?n: 1.0 | M?c ??: 13.0
Fest Guest: Lynae,Khách mời lễ hội: Lynae,C?n ti?ng Anh nghi v?n: Lynae | S? t?/c?m nghi v?n: 1 | T? l? nghi v?n: 1.0 | M?c ??: 13.0
Fest Guest: Zani,Khách mời lễ hội: Zani,C?n ti?ng Anh nghi v?n: Zani | S? t?/c?m nghi v?n: 1 | T? l? nghi v?n: 1.0 | M?c ??: 13.0
Talk to Professor Edgar,Nói chuyện với Giáo sư Edgar,C?n ti?ng Anh nghi v?n: Edgar | S? t?/c?m nghi v?n: 1 | T? l? nghi v?n: 1.0 | M?c ??: 13.0
Talk to Professor Edgar,Nói chuyện với Giáo sư Edgar,C?n ti?ng Anh nghi v?n: Edgar | S? t?/c?m nghi v?n: 1 | T? l? nghi v?n: 1.0 | M?c ??: 13.0
Find Malma on the first floor,Tìm Malma ở tầng một,C?n ti?ng Anh nghi v?n: Malma | S? t?/c?m nghi v?n: 1 | T? l? nghi v?n: 1.0 | M?c ??: 13.0
Meow?,Meow?,C?n ti?ng Anh nghi v?n: Meow | S? t?/c?m nghi v?n: 1 | T? l? nghi v?n: 1.0 | M?c ??: 13.0
Meow?,Meow?,C?n ti?ng Anh nghi v?n: Meow | S? t?/c?m nghi v?n: 1 | T? l? nghi v?n: 1.0 | M?c ??: 13.0
Meow?,Meow?,C?n ti?ng Anh nghi v?n: Meow | S? t?/c?m nghi v?n: 1 | T? l? nghi v?n: 1.0 | M?c ??: 13.0
Meow?,Meow?,C?n ti?ng Anh nghi v?n: Meow | S? t?/c?m nghi v?n: 1 | T? l? nghi v?n: 1.0 | M?c ??: 13.0
Meow?,Meow?,C?n ti?ng Anh nghi v?n: Meow | S? t?/c?m nghi v?n: 1 | T? l? nghi v?n: 1.0 | M?c ??: 13.0
Meow?,Meow?,C?n ti?ng Anh nghi v?n: Meow | S? t?/c?m nghi v?n: 1 | T? l? nghi v?n: 1.0 | M?c ??: 13.0
Meow?,Meow?,C?n ti?ng Anh nghi v?n: Meow | S? t?/c?m nghi v?n: 1 | T? l? nghi v?n: 1.0 | M?c ??: 13.0
Meow?,Meow?,C?n ti?ng Anh nghi v?n: Meow | S? t?/c?m nghi v?n: 1 | T? l? nghi v?n: 1.0 | M?c ??: 13.0
Cat-Finding Master,Bậc thầy Tìm Cat,C?n ti?ng Anh nghi v?n: Cat | S? t?/c?m nghi v?n: 1 | T? l? nghi v?n: 1.0 | M?c ??: 13.0
Find Malma on the first floor,Tìm Malma ở tầng một,C?n ti?ng Anh nghi v?n: Malma | S? t?/c?m nghi v?n: 1 | T? l? nghi v?n: 1.0 | M?c ??: 13.0
Find Malma on the first floor,Tìm Malma ở tầng một,C?n ti?ng Anh nghi v?n: Malma | S? t?/c?m nghi v?n: 1 | T? l? nghi v?n: 1.0 | M?c ??: 13.0
Find Zhihuai,Tìm Zhihuai,C?n ti?ng Anh nghi v?n: Zhihuai | S? t?/c?m nghi v?n: 1 | T? l? nghi v?n: 1.0 | M?c ??: 13.0
Talk to Lucilla,Nói chuyện với Lucilla,C?n ti?ng Anh nghi v?n: Lucilla | S? t?/c?m nghi v?n: 1 | T? l? nghi v?n: 1.0 | M?c ??: 13.0
Talk to Lucilla,Nói chuyện với Lucilla,C?n ti?ng Anh nghi v?n: Lucilla | S? t?/c?m nghi v?n: 1 | T? l? nghi v?n: 1.0 | M?c ??: 13.0
Find Lucilla,Tìm Lucilla,C?n ti?ng Anh nghi v?n: Lucilla | S? t?/c?m nghi v?n: 1 | T? l? nghi v?n: 1.0 | M?c ??: 13.0
Talk to Lucilla,Nói chuyện với Lucilla,C?n ti?ng Anh nghi v?n: Lucilla | S? t?/c?m nghi v?n: 1 | T? l? nghi v?n: 1.0 | M?c ??: 13.0
Find Lucilla,Tìm Lucilla,C?n ti?ng Anh nghi v?n: Lucilla | S? t?/c?m nghi v?n: 1 | T? l? nghi v?n: 1.0 | M?c ??: 13.0
Talk to Lucilla,Nói chuyện với Lucilla,C?n ti?ng Anh nghi v?n: Lucilla | S? t?/c?m nghi v?n: 1 | T? l? nghi v?n: 1.0 | M?c ??: 13.0
"Find ""Aemeath""","Tìm ""Aemeath""",C?n ti?ng Anh nghi v?n: Aemeath | S? t?/c?m nghi v?n: 1 | T? l? nghi v?n: 1.0 | M?c ??: 13.0
"Sit by ""Aemeath""","Ngồi bên cạnh ""Aemeath""",C?n ti?ng Anh nghi v?n: Aemeath | S? t?/c?m nghi v?n: 1 | T? l? nghi v?n: 1.0 | M?c ??: 13.0
Talk to Lynae,Nói chuyện với Lynae,C?n ti?ng Anh nghi v?n: Lynae | S? t?/c?m nghi v?n: 1 | T? l? nghi v?n: 1.0 | M?c ??: 13.0
Talk to Lynae,Nói chuyện với Lynae,C?n ti?ng Anh nghi v?n: Lynae | S? t?/c?m nghi v?n: 1 | T? l? nghi v?n: 1.0 | M?c ??: 13.0
Scratches on the Wall,Vết Xước Trên Wall,C?n ti?ng Anh nghi v?n: Wall | S? t?/c?m nghi v?n: 1 | T? l? nghi v?n: 1.0 | M?c ??: 13.0
Defeat the contaminated Exoswarm,Đánh bại Exoswarm bị ô nhiễm,C?n ti?ng Anh nghi v?n: Exoswarm | S? t?/c?m nghi v?n: 1 | T? l? nghi v?n: 1.0 | M?c ??: 13.0
Talk to Lynae,Nói chuyện với Lynae,C?n ti?ng Anh nghi v?n: Lynae | S? t?/c?m nghi v?n: 1 | T? l? nghi v?n: 1.0 | M?c ??: 13.0
Talk to Mornye,Nói chuyện với Mornye,C?n ti?ng Anh nghi v?n: Mornye | S? t?/c?m nghi v?n: 1 | T? l? nghi v?n: 1.0 | M?c ??: 13.0
Talk to Mornye,Nói chuyện với Mornye,C?n ti?ng Anh nghi v?n: Mornye | S? t?/c?m nghi v?n: 1 | T? l? nghi v?n: 1.0 | M?c ??: 13.0
Meet up with Mornye,Gặp gỡ Mornye,C?n ti?ng Anh nghi v?n: Mornye | S? t?/c?m nghi v?n: 1 | T? l? nghi v?n: 1.0 | M?c ??: 13.0
Abnormal Dopamine Secretion,Tiết dopamine bất thường,C?n ti?ng Anh nghi v?n: dopamine | S? t?/c?m nghi v?n: 1 | T? l? nghi v?n: 1.0 | M?c ??: 13.0
Talk to Mornye,Nói chuyện với Mornye,C?n ti?ng Anh nghi v?n: Mornye | S? t?/c?m nghi v?n: 1 | T? l? nghi v?n: 1.0 | M?c ??: 13.0
Talk to Mornye,Nói chuyện với Mornye,C?n ti?ng Anh nghi v?n: Mornye | S? t?/c?m nghi v?n: 1 | T? l? nghi v?n: 1.0 | M?c ??: 13.0
Sylph at Twilight,Sylph lúc chạng vạng,C?n ti?ng Anh nghi v?n: Sylph | S? t?/c?m nghi v?n: 1 | T? l? nghi v?n: 1.0 | M?c ??: 13.0
Talk to Sigrika,Nói chuyện với Sigrika,C?n ti?ng Anh nghi v?n: Sigrika | S? t?/c?m nghi v?n: 1 | T? l? nghi v?n: 1.0 | M?c ??: 13.0
Talk to Sigrika,Nói chuyện với Sigrika,C?n ti?ng Anh nghi v?n: Sigrika | S? t?/c?m nghi v?n: 1 | T? l? nghi v?n: 1.0 | M?c ??: 13.0
Talk to Sigrika,Nói chuyện với Sigrika,C?n ti?ng Anh nghi v?n: Sigrika | S? t?/c?m nghi v?n: 1 | T? l? nghi v?n: 1.0 | M?c ??: 13.0
Talk to Sigrika,Nói chuyện với Sigrika,C?n ti?ng Anh nghi v?n: Sigrika | S? t?/c?m nghi v?n: 1 | T? l? nghi v?n: 1.0 | M?c ??: 13.0
Sigrika seems to be in low spirits. Go talk to her.,Sigrika có vẻ buồn bã. Đến nói chuyện với cô ấy đi.,C?n ti?ng Anh nghi v?n: Sigrika | S? t?/c?m nghi v?n: 1 | T? l? nghi v?n: 1.0 | M?c ??: 13.0
Talk to Sigrika,Nói chuyện với Sigrika,C?n ti?ng Anh nghi v?n: Sigrika | S? t?/c?m nghi v?n: 1 | T? l? nghi v?n: 1.0 | M?c ??: 13.0
Waffle Therapy,Liệu pháp Waffle,C?n ti?ng Anh nghi v?n: Waffle | S? t?/c?m nghi v?n: 1 | T? l? nghi v?n: 1.0 | M?c ??: 13.0
Snack Deficit Syndrome,Hội chứng thiếu snack,C?n ti?ng Anh nghi v?n: snack | S? t?/c?m nghi v?n: 1 | T? l? nghi v?n: 1.0 | M?c ??: 13.0
Inspect,Inspect,C?n ti?ng Anh nghi v?n: Inspect | S? t?/c?m nghi v?n: 1 | T? l? nghi v?n: 1.0 | M?c ??: 13.0
Inspect,Inspect,C?n ti?ng Anh nghi v?n: Inspect | S? t?/c?m nghi v?n: 1 | T? l? nghi v?n: 1.0 | M?c ??: 13.0
Inspect,Inspect,C?n ti?ng Anh nghi v?n: Inspect | S? t?/c?m nghi v?n: 1 | T? l? nghi v?n: 1.0 | M?c ??: 13.0
Play with the Soliskin,Chơi cùng Soliskin,C?n ti?ng Anh nghi v?n: Soliskin | S? t?/c?m nghi v?n: 1 | T? l? nghi v?n: 1.0 | M?c ??: 13.0
Talk to the Soliskin,Nói chuyện với Soliskin,C?n ti?ng Anh nghi v?n: Soliskin | S? t?/c?m nghi v?n: 1 | T? l? nghi v?n: 1.0 | M?c ??: 13.0
Play with the Soliskin,Chơi cùng Soliskin,C?n ti?ng Anh nghi v?n: Soliskin | S? t?/c?m nghi v?n: 1 | T? l? nghi v?n: 1.0 | M?c ??: 13.0
Play with the Soliskin,Chơi cùng Soliskin,C?n ti?ng Anh nghi v?n: Soliskin | S? t?/c?m nghi v?n: 1 | T? l? nghi v?n: 1.0 | M?c ??: 13.0
Play with the Soliskin,Chơi cùng Soliskin,C?n ti?ng Anh nghi v?n: Soliskin | S? t?/c?m nghi v?n: 1 | T? l? nghi v?n: 1.0 | M?c ??: 13.0
Talk to Yongxin,Nói chuyện với Yongxin,C?n ti?ng Anh nghi v?n: Yongxin | S? t?/c?m nghi v?n: 1 | T? l? nghi v?n: 1.0 | M?c ??: 13.0
Ace Salesman: I,Bậc Thầy Bán Hàng: I,C?n ti?ng Anh nghi v?n: I | S? t?/c?m nghi v?n: 1 | T? l? nghi v?n: 1.0 | M?c ??: 13.0
Obtain herbs from Tongchuan Pharmacy,Lấy thảo dược từ Nhà thuốc Tongchuan,C?n ti?ng Anh nghi v?n: Tongchuan | S? t?/c?m nghi v?n: 1 | T? l? nghi v?n: 1.0 | M?c ??: 13.0
Ace Salesman: II,Bậc Thầy Bán Hàng: II,C?n ti?ng Anh nghi v?n: II | S? t?/c?m nghi v?n: 1 | T? l? nghi v?n: 1.0 | M?c ??: 13.0
Ace Salesman: III,Bậc Thầy Bán Hàng: III,C?n ti?ng Anh nghi v?n: III | S? t?/c?m nghi v?n: 1 | T? l? nghi v?n: 1.0 | M?c ??: 13.0
Talk to Yongxin,Nói chuyện với Yongxin,C?n ti?ng Anh nghi v?n: Yongxin | S? t?/c?m nghi v?n: 1 | T? l? nghi v?n: 1.0 | M?c ??: 13.0
Ace Salesman: IV,Bậc Thầy Bán Hàng: IV,C?n ti?ng Anh nghi v?n: IV | S? t?/c?m nghi v?n: 1 | T? l? nghi v?n: 1.0 | M?c ??: 13.0
Talk to Shinong,Nói chuyện với Shinong,C?n ti?ng Anh nghi v?n: Shinong | S? t?/c?m nghi v?n: 1 | T? l? nghi v?n: 1.0 | M?c ??: 13.0
Gather,Gather,C?n ti?ng Anh nghi v?n: Gather | S? t?/c?m nghi v?n: 1 | T? l? nghi v?n: 1.0 | M?c ??: 13.0
Herb Expeditioner: I,Thám Hiểm Thảo Dược: I,C?n ti?ng Anh nghi v?n: I | S? t?/c?m nghi v?n: 1 | T? l? nghi v?n: 1.0 | M?c ??: 13.0
Talk to Shinong,Nói chuyện với Shinong,C?n ti?ng Anh nghi v?n: Shinong | S? t?/c?m nghi v?n: 1 | T? l? nghi v?n: 1.0 | M?c ??: 13.0
Gather,Gather,C?n ti?ng Anh nghi v?n: Gather | S? t?/c?m nghi v?n: 1 | T? l? nghi v?n: 1.0 | M?c ??: 13.0
Herb Expeditioner: II,Thám Hiểm Thảo Dược: II,C?n ti?ng Anh nghi v?n: II | S? t?/c?m nghi v?n: 1 | T? l? nghi v?n: 1.0 | M?c ??: 13.0
Talk to Shinong,Nói chuyện với Shinong,C?n ti?ng Anh nghi v?n: Shinong | S? t?/c?m nghi v?n: 1 | T? l? nghi v?n: 1.0 | M?c ??: 13.0
Gather,Gather,C?n ti?ng Anh nghi v?n: Gather | S? t?/c?m nghi v?n: 1 | T? l? nghi v?n: 1.0 | M?c ??: 13.0
Herb Expeditioner: III,Thám Hiểm Thảo Dược: III,C?n ti?ng Anh nghi v?n: III | S? t?/c?m nghi v?n: 1 | T? l? nghi v?n: 1.0 | M?c ??: 13.0
Talk to Shinong,Nói chuyện với Shinong,C?n ti?ng Anh nghi v?n: Shinong | S? t?/c?m nghi v?n: 1 | T? l? nghi v?n: 1.0 | M?c ??: 13.0
Gather,Gather,C?n ti?ng Anh nghi v?n: Gather | S? t?/c?m nghi v?n: 1 | T? l? nghi v?n: 1.0 | M?c ??: 13.0
Herb Expeditioner: IV,Thám Hiểm Thảo Dược: IV,C?n ti?ng Anh nghi v?n: IV | S? t?/c?m nghi v?n: 1 | T? l? nghi v?n: 1.0 | M?c ??: 13.0
Mountain Hunter I,Thợ Săn Núi Rừng: I,C?n ti?ng Anh nghi v?n: I | S? t?/c?m nghi v?n: 1 | T? l? nghi v?n: 1.0 | M?c ??: 13.0
Mountain Hunter II,Thợ Săn Núi Rừng: II,C?n ti?ng Anh nghi v?n: II | S? t?/c?m nghi v?n: 1 | T? l? nghi v?n: 1.0 | M?c ??: 13.0
Mountain Hunter III,Thợ Săn Núi Rừng: III,C?n ti?ng Anh nghi v?n: III | S? t?/c?m nghi v?n: 1 | T? l? nghi v?n: 1.0 | M?c ??: 13.0
Mountain Hunter IV,Thợ Săn Núi Rừng: IV,C?n ti?ng Anh nghi v?n: IV | S? t?/c?m nghi v?n: 1 | T? l? nghi v?n: 1.0 | M?c ??: 13.0
Eradicating Evil I,Diệt Ác: I,C?n ti?ng Anh nghi v?n: I | S? t?/c?m nghi v?n: 1 | T? l? nghi v?n: 1.0 | M?c ??: 13.0
Eradicating Evil II,Diệt Ác: II,C?n ti?ng Anh nghi v?n: II | S? t?/c?m nghi v?n: 1 | T? l? nghi v?n: 1.0 | M?c ??: 13.0
Talk to Margherita,Nói chuyện với Margherita,C?n ti?ng Anh nghi v?n: Margherita | S? t?/c?m nghi v?n: 1 | T? l? nghi v?n: 1.0 | M?c ??: 13.0
Order from Lelia,Gọi món từ Lelia,C?n ti?ng Anh nghi v?n: Lelia | S? t?/c?m nghi v?n: 1 | T? l? nghi v?n: 1.0 | M?c ??: 13.0
Introduce Lelia to the shop owner,Giới thiệu Lelia với ông chủ cửa hàng nào,C?n ti?ng Anh nghi v?n: Lelia | S? t?/c?m nghi v?n: 1 | T? l? nghi v?n: 1.0 | M?c ??: 13.0
Introduce Lelia to the shop owner,Giới thiệu Lelia với ông chủ cửa hàng nào,C?n ti?ng Anh nghi v?n: Lelia | S? t?/c?m nghi v?n: 1 | T? l? nghi v?n: 1.0 | M?c ??: 13.0
Introduce Lelia to the shop owner,Giới thiệu Lelia với ông chủ cửa hàng nào,C?n ti?ng Anh nghi v?n: Lelia | S? t?/c?m nghi v?n: 1 | T? l? nghi v?n: 1.0 | M?c ??: 13.0
Introduce Lelia to the shop owner,Giới thiệu Lelia với ông chủ cửa hàng nào,C?n ti?ng Anh nghi v?n: Lelia | S? t?/c?m nghi v?n: 1 | T? l? nghi v?n: 1.0 | M?c ??: 13.0
Talk to Lelia,Nói chuyện với Lelia,C?n ti?ng Anh nghi v?n: Lelia | S? t?/c?m nghi v?n: 1 | T? l? nghi v?n: 1.0 | M?c ??: 13.0
Talk to Maji,Nói chuyện với Maji,C?n ti?ng Anh nghi v?n: Maji | S? t?/c?m nghi v?n: 1 | T? l? nghi v?n: 1.0 | M?c ??: 13.0
Lollo Campaign Rerun: Navigation,Chiến Dịch Lollo Tái Diễn: Điều Hướng,C?n ti?ng Anh nghi v?n: Lollo | S? t?/c?m nghi v?n: 1 | T? l? nghi v?n: 1.0 | M?c ??: 13.0
Talk to Hongjing,Nói chuyện với Hongjing,C?n ti?ng Anh nghi v?n: Hongjing | S? t?/c?m nghi v?n: 1 | T? l? nghi v?n: 1.0 | M?c ??: 13.0
Inquire,Inquire,C?n ti?ng Anh nghi v?n: Inquire | S? t?/c?m nghi v?n: 1 | T? l? nghi v?n: 1.0 | M?c ??: 13.0
Inquire,Inquire,C?n ti?ng Anh nghi v?n: Inquire | S? t?/c?m nghi v?n: 1 | T? l? nghi v?n: 1.0 | M?c ??: 13.0
Inquire,Inquire,C?n ti?ng Anh nghi v?n: Inquire | S? t?/c?m nghi v?n: 1 | T? l? nghi v?n: 1.0 | M?c ??: 13.0
Inquire,Inquire,C?n ti?ng Anh nghi v?n: Inquire | S? t?/c?m nghi v?n: 1 | T? l? nghi v?n: 1.0 | M?c ??: 13.0
(Optional) Ask nearby dockworkers for information,Ask thăm những công nhân bốc vác gần đó (tùy chọn),C?n ti?ng Anh nghi v?n: Ask | S? t?/c?m nghi v?n: 1 | T? l? nghi v?n: 1.0 | M?c ??: 13.0
Talk to Lumi,Nói chuyện với Lumi,C?n ti?ng Anh nghi v?n: Lumi | S? t?/c?m nghi v?n: 1 | T? l? nghi v?n: 1.0 | M?c ??: 13.0
Talk to Lumi,Nói chuyện với Lumi,C?n ti?ng Anh nghi v?n: Lumi | S? t?/c?m nghi v?n: 1 | T? l? nghi v?n: 1.0 | M?c ??: 13.0
Smash the Seamrock,Đập vỡ Seamrock,C?n ti?ng Anh nghi v?n: Seamrock | S? t?/c?m nghi v?n: 1 | T? l? nghi v?n: 1.0 | M?c ??: 13.0
Smash the Seamrock,Đập vỡ Seamrock,C?n ti?ng Anh nghi v?n: Seamrock | S? t?/c?m nghi v?n: 1 | T? l? nghi v?n: 1.0 | M?c ??: 13.0
Chat,Chat,C?n ti?ng Anh nghi v?n: Chat | S? t?/c?m nghi v?n: 1 | T? l? nghi v?n: 1.0 | M?c ??: 13.0
Chat,Chat,C?n ti?ng Anh nghi v?n: Chat | S? t?/c?m nghi v?n: 1 | T? l? nghi v?n: 1.0 | M?c ??: 13.0
Investigate,Investigate,C?n ti?ng Anh nghi v?n: Investigate | S? t?/c?m nghi v?n: 1 | T? l? nghi v?n: 1.0 | M?c ??: 13.0
Talk to Polmes,Nói chuyện với Polmes,C?n ti?ng Anh nghi v?n: Polmes | S? t?/c?m nghi v?n: 1 | T? l? nghi v?n: 1.0 | M?c ??: 13.0
Namipon Search - The Last Bow,Tìm Namipon - Cúi Chào Cuối Cùng,C?n ti?ng Anh nghi v?n: Namipon | S? t?/c?m nghi v?n: 1 | T? l? nghi v?n: 1.0 | M?c ??: 13.0
Defeat Stylios,Đánh bại Stylios,C?n ti?ng Anh nghi v?n: Stylios | S? t?/c?m nghi v?n: 1 | T? l? nghi v?n: 1.0 | M?c ??: 13.0
Defeat Hanolt,Đánh bại Hanolt,C?n ti?ng Anh nghi v?n: Hanolt | S? t?/c?m nghi v?n: 1 | T? l? nghi v?n: 1.0 | M?c ??: 13.0
Listen,Listen,C?n ti?ng Anh nghi v?n: Listen | S? t?/c?m nghi v?n: 1 | T? l? nghi v?n: 1.0 | M?c ??: 13.0
Investigate,Investigate,C?n ti?ng Anh nghi v?n: Investigate | S? t?/c?m nghi v?n: 1 | T? l? nghi v?n: 1.0 | M?c ??: 13.0
Aniques,Aniques,C?n ti?ng Anh nghi v?n: Aniques | S? t?/c?m nghi v?n: 1 | T? l? nghi v?n: 1.0 | M?c ??: 13.0
Aniques,Aniques,C?n ti?ng Anh nghi v?n: Aniques | S? t?/c?m nghi v?n: 1 | T? l? nghi v?n: 1.0 | M?c ??: 13.0
Salcera,Salcera,C?n ti?ng Anh nghi v?n: Salcera | S? t?/c?m nghi v?n: 1 | T? l? nghi v?n: 1.0 | M?c ??: 13.0
Pick up the Soliskin,Nhặt Soliskin,C?n ti?ng Anh nghi v?n: Soliskin | S? t?/c?m nghi v?n: 1 | T? l? nghi v?n: 1.0 | M?c ??: 13.0
Pick up the Soliskin,Nhặt Soliskin,C?n ti?ng Anh nghi v?n: Soliskin | S? t?/c?m nghi v?n: 1 | T? l? nghi v?n: 1.0 | M?c ??: 13.0
Pick up the Soliskin,Nhặt Soliskin,C?n ti?ng Anh nghi v?n: Soliskin | S? t?/c?m nghi v?n: 1 | T? l? nghi v?n: 1.0 | M?c ??: 13.0
Pick up the Soliskin,Nhặt Soliskin,C?n ti?ng Anh nghi v?n: Soliskin | S? t?/c?m nghi v?n: 1 | T? l? nghi v?n: 1.0 | M?c ??: 13.0
Pick up the Soliskin,Nhặt Soliskin,C?n ti?ng Anh nghi v?n: Soliskin | S? t?/c?m nghi v?n: 1 | T? l? nghi v?n: 1.0 | M?c ??: 13.0
Pick up the Soliskin,Nhặt Soliskin,C?n ti?ng Anh nghi v?n: Soliskin | S? t?/c?m nghi v?n: 1 | T? l? nghi v?n: 1.0 | M?c ??: 13.0
Pick up the Soliskin,Nhặt Soliskin,C?n ti?ng Anh nghi v?n: Soliskin | S? t?/c?m nghi v?n: 1 | T? l? nghi v?n: 1.0 | M?c ??: 13.0
Pick up the Soliskin,Nhặt Soliskin,C?n ti?ng Anh nghi v?n: Soliskin | S? t?/c?m nghi v?n: 1 | T? l? nghi v?n: 1.0 | M?c ??: 13.0
Pick up the Soliskin,Nhặt Soliskin,C?n ti?ng Anh nghi v?n: Soliskin | S? t?/c?m nghi v?n: 1 | T? l? nghi v?n: 1.0 | M?c ??: 13.0
Pick up the Soliskin,Nhặt Soliskin,C?n ti?ng Anh nghi v?n: Soliskin | S? t?/c?m nghi v?n: 1 | T? l? nghi v?n: 1.0 | M?c ??: 13.0
Pick up the Soliskin,Nhặt Soliskin,C?n ti?ng Anh nghi v?n: Soliskin | S? t?/c?m nghi v?n: 1 | T? l? nghi v?n: 1.0 | M?c ??: 13.0
Pick up the Soliskin,Nhặt Soliskin,C?n ti?ng Anh nghi v?n: Soliskin | S? t?/c?m nghi v?n: 1 | T? l? nghi v?n: 1.0 | M?c ??: 13.0
Pick up the Soliskin,Nhặt Soliskin,C?n ti?ng Anh nghi v?n: Soliskin | S? t?/c?m nghi v?n: 1 | T? l? nghi v?n: 1.0 | M?c ??: 13.0
Pick up the Soliskni,Nhặt Soliskni,C?n ti?ng Anh nghi v?n: Soliskni | S? t?/c?m nghi v?n: 1 | T? l? nghi v?n: 1.0 | M?c ??: 13.0
Pick up the Soliskin,Nhặt Soliskin,C?n ti?ng Anh nghi v?n: Soliskin | S? t?/c?m nghi v?n: 1 | T? l? nghi v?n: 1.0 | M?c ??: 13.0
Pick up the Soliskin,Nhặt Soliskin,C?n ti?ng Anh nghi v?n: Soliskin | S? t?/c?m nghi v?n: 1 | T? l? nghi v?n: 1.0 | M?c ??: 13.0
Pick up the Soliskin,Nhặt Soliskin,C?n ti?ng Anh nghi v?n: Soliskin | S? t?/c?m nghi v?n: 1 | T? l? nghi v?n: 1.0 | M?c ??: 13.0
Inspect this power connection point,Inspect điểm kết nối năng lượng này,C?n ti?ng Anh nghi v?n: Inspect | S? t?/c?m nghi v?n: 1 | T? l? nghi v?n: 1.0 | M?c ??: 13.0
Inspect this power connection point,Inspect điểm kết nối năng lượng này,C?n ti?ng Anh nghi v?n: Inspect | S? t?/c?m nghi v?n: 1 | T? l? nghi v?n: 1.0 | M?c ??: 13.0
Use Projector to power the line,Dùng Projector để kích hoạt đường dây,C?n ti?ng Anh nghi v?n: Projector | S? t?/c?m nghi v?n: 1 | T? l? nghi v?n: 1.0 | M?c ??: 13.0
Pick up the Soliskin,Nhặt Soliskin,C?n ti?ng Anh nghi v?n: Soliskin | S? t?/c?m nghi v?n: 1 | T? l? nghi v?n: 1.0 | M?c ??: 13.0
Pick up the Soliskin,Nhặt Soliskin,C?n ti?ng Anh nghi v?n: Soliskin | S? t?/c?m nghi v?n: 1 | T? l? nghi v?n: 1.0 | M?c ??: 13.0
Talk to the rescued Soliskin,Nói chuyện với Soliskin được giải cứu,C?n ti?ng Anh nghi v?n: Soliskin | S? t?/c?m nghi v?n: 1 | T? l? nghi v?n: 1.0 | M?c ??: 13.0
Defeat the out-of-control Exoswarm,Đánh bại Exoswarm mất kiểm soát,C?n ti?ng Anh nghi v?n: Exoswarm | S? t?/c?m nghi v?n: 1 | T? l? nghi v?n: 1.0 | M?c ??: 13.0
Talk to the rescued Soliskin,Nói chuyện với Soliskin được giải cứu,C?n ti?ng Anh nghi v?n: Soliskin | S? t?/c?m nghi v?n: 1 | T? l? nghi v?n: 1.0 | M?c ??: 13.0
Talk to the rescued Soliskin,Nói chuyện với Soliskin được giải cứu,C?n ti?ng Anh nghi v?n: Soliskin | S? t?/c?m nghi v?n: 1 | T? l? nghi v?n: 1.0 | M?c ??: 13.0
Talk to the rescued Soliskin,Nói chuyện với Soliskin được giải cứu,C?n ti?ng Anh nghi v?n: Soliskin | S? t?/c?m nghi v?n: 1 | T? l? nghi v?n: 1.0 | M?c ??: 13.0
Pick up the Soliskin,Nhặt Soliskin,C?n ti?ng Anh nghi v?n: Soliskin | S? t?/c?m nghi v?n: 1 | T? l? nghi v?n: 1.0 | M?c ??: 13.0
Pick up the Soliskin,Nhặt Soliskin,C?n ti?ng Anh nghi v?n: Soliskin | S? t?/c?m nghi v?n: 1 | T? l? nghi v?n: 1.0 | M?c ??: 13.0
Talk to the rescued Soliskin,Nói chuyện với Soliskin được giải cứu,C?n ti?ng Anh nghi v?n: Soliskin | S? t?/c?m nghi v?n: 1 | T? l? nghi v?n: 1.0 | M?c ??: 13.0
Talk to the rescued Soliskin,Nói chuyện với Soliskin được giải cứu,C?n ti?ng Anh nghi v?n: Soliskin | S? t?/c?m nghi v?n: 1 | T? l? nghi v?n: 1.0 | M?c ??: 13.0
Talk to the rescued Soliskin,Nói chuyện với Soliskin được giải cứu,C?n ti?ng Anh nghi v?n: Soliskin | S? t?/c?m nghi v?n: 1 | T? l? nghi v?n: 1.0 | M?c ??: 13.0
Talk to the rescued Soliskin,Nói chuyện với Soliskin được giải cứu,C?n ti?ng Anh nghi v?n: Soliskin | S? t?/c?m nghi v?n: 1 | T? l? nghi v?n: 1.0 | M?c ??: 13.0
Talk to the rescued Soliskin,Nói chuyện với Soliskin được giải cứu,C?n ti?ng Anh nghi v?n: Soliskin | S? t?/c?m nghi v?n: 1 | T? l? nghi v?n: 1.0 | M?c ??: 13.0
Pick up the Soliskin,Nhặt Soliskin,C?n ti?ng Anh nghi v?n: Soliskin | S? t?/c?m nghi v?n: 1 | T? l? nghi v?n: 1.0 | M?c ??: 13.0
Take a photo of the Soliskin,Chụp lại Soliskin thôi,C?n ti?ng Anh nghi v?n: Soliskin | S? t?/c?m nghi v?n: 1 | T? l? nghi v?n: 1.0 | M?c ??: 13.0
Pick up the Soliskin,Nhặt Soliskin,C?n ti?ng Anh nghi v?n: Soliskin | S? t?/c?m nghi v?n: 1 | T? l? nghi v?n: 1.0 | M?c ??: 13.0
Take a photo of the Soliskin,Chụp lại Soliskin thôi,C?n ti?ng Anh nghi v?n: Soliskin | S? t?/c?m nghi v?n: 1 | T? l? nghi v?n: 1.0 | M?c ??: 13.0
Pick up the Soliskin,Nhặt Soliskin,C?n ti?ng Anh nghi v?n: Soliskin | S? t?/c?m nghi v?n: 1 | T? l? nghi v?n: 1.0 | M?c ??: 13.0
Sit down with the Soliskin,Ngồi xuống cùng Soliskin,C?n ti?ng Anh nghi v?n: Soliskin | S? t?/c?m nghi v?n: 1 | T? l? nghi v?n: 1.0 | M?c ??: 13.0
Pick up the Soliskin,Nhặt Soliskin,C?n ti?ng Anh nghi v?n: Soliskin | S? t?/c?m nghi v?n: 1 | T? l? nghi v?n: 1.0 | M?c ??: 13.0
Pick up the Soliskin,Nhặt Soliskin,C?n ti?ng Anh nghi v?n: Soliskin | S? t?/c?m nghi v?n: 1 | T? l? nghi v?n: 1.0 | M?c ??: 13.0
Pick up the Soliskin,Nhặt Soliskin,C?n ti?ng Anh nghi v?n: Soliskin | S? t?/c?m nghi v?n: 1 | T? l? nghi v?n: 1.0 | M?c ??: 13.0
Take a photo of the Soliskin,Chụp lại Soliskin thôi,C?n ti?ng Anh nghi v?n: Soliskin | S? t?/c?m nghi v?n: 1 | T? l? nghi v?n: 1.0 | M?c ??: 13.0
Pick up the Soliskin,Nhặt Soliskin,C?n ti?ng Anh nghi v?n: Soliskin | S? t?/c?m nghi v?n: 1 | T? l? nghi v?n: 1.0 | M?c ??: 13.0
Take a photo of the Soliskin,Chụp lại Soliskin thôi,C?n ti?ng Anh nghi v?n: Soliskin | S? t?/c?m nghi v?n: 1 | T? l? nghi v?n: 1.0 | M?c ??: 13.0
Pick up the Soliskin,Nhặt Soliskin,C?n ti?ng Anh nghi v?n: Soliskin | S? t?/c?m nghi v?n: 1 | T? l? nghi v?n: 1.0 | M?c ??: 13.0
Sit down with the Soliskin,Ngồi xuống cùng Soliskin,C?n ti?ng Anh nghi v?n: Soliskin | S? t?/c?m nghi v?n: 1 | T? l? nghi v?n: 1.0 | M?c ??: 13.0
Pick up the Soliskin,Nhặt Soliskin,C?n ti?ng Anh nghi v?n: Soliskin | S? t?/c?m nghi v?n: 1 | T? l? nghi v?n: 1.0 | M?c ??: 13.0
Take a photo of the Soliskin and the Mech Reindeer,Chụp Soliskin cùng với Tuần Lộc Cơ Khí đi,C?n ti?ng Anh nghi v?n: Soliskin | S? t?/c?m nghi v?n: 1 | T? l? nghi v?n: 1.0 | M?c ??: 13.0
Pick up the Soliskin,Nhặt Soliskin,C?n ti?ng Anh nghi v?n: Soliskin | S? t?/c?m nghi v?n: 1 | T? l? nghi v?n: 1.0 | M?c ??: 13.0
Rescue the scared Soliskin,Giải cứu Soliskin đang sợ hãi,C?n ti?ng Anh nghi v?n: Soliskin | S? t?/c?m nghi v?n: 1 | T? l? nghi v?n: 1.0 | M?c ??: 13.0
Sit down with the Soliskin,Ngồi xuống cùng Soliskin,C?n ti?ng Anh nghi v?n: Soliskin | S? t?/c?m nghi v?n: 1 | T? l? nghi v?n: 1.0 | M?c ??: 13.0
Pick up the Soliskin,Nhặt Soliskin,C?n ti?ng Anh nghi v?n: Soliskin | S? t?/c?m nghi v?n: 1 | T? l? nghi v?n: 1.0 | M?c ??: 13.0
Use the Grapple (Optional),Dùng Grapple (Tùy chọn),C?n ti?ng Anh nghi v?n: Grapple | S? t?/c?m nghi v?n: 1 | T? l? nghi v?n: 1.0 | M?c ??: 13.0
Pick up the Soliskin,Nhặt Soliskin,C?n ti?ng Anh nghi v?n: Soliskin | S? t?/c?m nghi v?n: 1 | T? l? nghi v?n: 1.0 | M?c ??: 13.0
Pick up the Soliskin,Nhặt Soliskin,C?n ti?ng Anh nghi v?n: Soliskin | S? t?/c?m nghi v?n: 1 | T? l? nghi v?n: 1.0 | M?c ??: 13.0
Pick up the Soliskin,Nhặt Soliskin,C?n ti?ng Anh nghi v?n: Soliskin | S? t?/c?m nghi v?n: 1 | T? l? nghi v?n: 1.0 | M?c ??: 13.0
Sit down with the Soliskin,Ngồi xuống cùng Soliskin,C?n ti?ng Anh nghi v?n: Soliskin | S? t?/c?m nghi v?n: 1 | T? l? nghi v?n: 1.0 | M?c ??: 13.0
Pick up the Soliskin,Nhặt Soliskin,C?n ti?ng Anh nghi v?n: Soliskin | S? t?/c?m nghi v?n: 1 | T? l? nghi v?n: 1.0 | M?c ??: 13.0
Talk to the Soliskin,Nói chuyện với Soliskin,C?n ti?ng Anh nghi v?n: Soliskin | S? t?/c?m nghi v?n: 1 | T? l? nghi v?n: 1.0 | M?c ??: 13.0
Talk to the Soliskin,Nói chuyện với Soliskin,C?n ti?ng Anh nghi v?n: Soliskin | S? t?/c?m nghi v?n: 1 | T? l? nghi v?n: 1.0 | M?c ??: 13.0
Use Sensor,Sử dụng Sensor,C?n ti?ng Anh nghi v?n: Sensor | S? t?/c?m nghi v?n: 1 | T? l? nghi v?n: 1.0 | M?c ??: 13.0
Pick up the Soliskin,Nhặt Soliskin,C?n ti?ng Anh nghi v?n: Soliskin | S? t?/c?m nghi v?n: 1 | T? l? nghi v?n: 1.0 | M?c ??: 13.0
Talk to the Fluffguin,Nói chuyện với Fluffguin,C?n ti?ng Anh nghi v?n: Fluffguin | S? t?/c?m nghi v?n: 1 | T? l? nghi v?n: 1.0 | M?c ??: 13.0
Go to the hotel where Fuling is staying,Đến khách sạn nơi Fuling đang ở,C?n ti?ng Anh nghi v?n: Fuling | S? t?/c?m nghi v?n: 1 | T? l? nghi v?n: 1.0 | M?c ??: 13.0
Meet with Changli at the agreed location,Gặp Changli tại địa điểm đã hẹn,C?n ti?ng Anh nghi v?n: Changli | S? t?/c?m nghi v?n: 1 | T? l? nghi v?n: 1.0 | M?c ??: 13.0
Talk to Zhezhi,Nói chuyện với Zhezhi,C?n ti?ng Anh nghi v?n: Zhezhi | S? t?/c?m nghi v?n: 1 | T? l? nghi v?n: 1.0 | M?c ??: 13.0
Discuss with Zhezhi,Nói chuyện với Zhezhi,C?n ti?ng Anh nghi v?n: Zhezhi | S? t?/c?m nghi v?n: 1 | T? l? nghi v?n: 1.0 | M?c ??: 13.0
Go to the Exile camp,Đến trại Exile,C?n ti?ng Anh nghi v?n: Exile | S? t?/c?m nghi v?n: 1 | T? l? nghi v?n: 1.0 | M?c ??: 13.0
Inquire the Exiles,Inquire những kẻ Lưu Đày,C?n ti?ng Anh nghi v?n: Inquire | S? t?/c?m nghi v?n: 1 | T? l? nghi v?n: 1.0 | M?c ??: 13.0
Talk to Shilang,Nói chuyện với Shilang,C?n ti?ng Anh nghi v?n: Shilang | S? t?/c?m nghi v?n: 1 | T? l? nghi v?n: 1.0 | M?c ??: 13.0
Talk to Zhezhi,Nói chuyện với Zhezhi,C?n ti?ng Anh nghi v?n: Zhezhi | S? t?/c?m nghi v?n: 1 | T? l? nghi v?n: 1.0 | M?c ??: 13.0
Visit Mingyan,Gặp Mingyan,C?n ti?ng Anh nghi v?n: Mingyan | S? t?/c?m nghi v?n: 1 | T? l? nghi v?n: 1.0 | M?c ??: 13.0
Interview Chixia and the researcher,Phỏng vấn Chixia và nhà nghiên cứu,C?n ti?ng Anh nghi v?n: Chixia | S? t?/c?m nghi v?n: 1 | T? l? nghi v?n: 1.0 | M?c ??: 13.0
Inspect the object,Inspect vật thể này,C?n ti?ng Anh nghi v?n: Inspect | S? t?/c?m nghi v?n: 1 | T? l? nghi v?n: 1.0 | M?c ??: 13.0
Get back to Maqi about the commission,Báo cáo lại với Maqi về nhiệm vụ đi,C?n ti?ng Anh nghi v?n: Maqi | S? t?/c?m nghi v?n: 1 | T? l? nghi v?n: 1.0 | M?c ??: 13.0
Get back to Maqi about the commission,Báo cáo lại với Maqi về nhiệm vụ đi,C?n ti?ng Anh nghi v?n: Maqi | S? t?/c?m nghi v?n: 1 | T? l? nghi v?n: 1.0 | M?c ??: 13.0
Inspect the paper stack,Inspect chồng giấy,C?n ti?ng Anh nghi v?n: Inspect | S? t?/c?m nghi v?n: 1 | T? l? nghi v?n: 1.0 | M?c ??: 13.0
Inspect,Inspect,C?n ti?ng Anh nghi v?n: Inspect | S? t?/c?m nghi v?n: 1 | T? l? nghi v?n: 1.0 | M?c ??: 13.0
Inquire,Inquire,C?n ti?ng Anh nghi v?n: Inquire | S? t?/c?m nghi v?n: 1 | T? l? nghi v?n: 1.0 | M?c ??: 13.0
Inquire,Inquire,C?n ti?ng Anh nghi v?n: Inquire | S? t?/c?m nghi v?n: 1 | T? l? nghi v?n: 1.0 | M?c ??: 13.0
Inquire,Inquire,C?n ti?ng Anh nghi v?n: Inquire | S? t?/c?m nghi v?n: 1 | T? l? nghi v?n: 1.0 | M?c ??: 13.0
Inquire,Inquire,C?n ti?ng Anh nghi v?n: Inquire | S? t?/c?m nghi v?n: 1 | T? l? nghi v?n: 1.0 | M?c ??: 13.0
Inquire,Inquire,C?n ti?ng Anh nghi v?n: Inquire | S? t?/c?m nghi v?n: 1 | T? l? nghi v?n: 1.0 | M?c ??: 13.0
Zhezhi is unavailable,Zhezhi không có mặt,C?n ti?ng Anh nghi v?n: Zhezhi | S? t?/c?m nghi v?n: 1 | T? l? nghi v?n: 1.0 | M?c ??: 13.0
Search for Verina,Tìm kiếm Verina,C?n ti?ng Anh nghi v?n: Verina | S? t?/c?m nghi v?n: 1 | T? l? nghi v?n: 1.0 | M?c ??: 13.0
Enter the Wooly Kingdom,Bước vào Vương Quốc Wooly,C?n ti?ng Anh nghi v?n: Wooly | S? t?/c?m nghi v?n: 1 | T? l? nghi v?n: 1.0 | M?c ??: 13.0
"You have promised Encore to wait for her at the garden, and what awaits you is…","Cậu đã hứa với Encore sẽ đợi cô ấy ở vườn, và điều đang chờ cậu là…",C?n ti?ng Anh nghi v?n: Encore | S? t?/c?m nghi v?n: 1 | T? l? nghi v?n: 1.0 | M?c ??: 13.0
"Small Wooly, Big Adventures","Wooly Nhỏ, Cuộc Phiêu Lưu Lớn",C?n ti?ng Anh nghi v?n: Wooly | S? t?/c?m nghi v?n: 1 | T? l? nghi v?n: 1.0 | M?c ??: 13.0
Catch up with Camellya,Bắt kịp Camellya,C?n ti?ng Anh nghi v?n: Camellya | S? t?/c?m nghi v?n: 1 | T? l? nghi v?n: 1.0 | M?c ??: 13.0
Look for the Consultant,Tìm Consultant,C?n ti?ng Anh nghi v?n: Consultant | S? t?/c?m nghi v?n: 1 | T? l? nghi v?n: 1.0 | M?c ??: 13.0
Talk to the Consultant,Nói chuyện với Consultant,C?n ti?ng Anh nghi v?n: Consultant | S? t?/c?m nghi v?n: 1 | T? l? nghi v?n: 1.0 | M?c ??: 13.0
Catch up with Camellya,Bắt kịp Camellya,C?n ti?ng Anh nghi v?n: Camellya | S? t?/c?m nghi v?n: 1 | T? l? nghi v?n: 1.0 | M?c ??: 13.0
Catch up with Camellya,Bắt kịp Camellya,C?n ti?ng Anh nghi v?n: Camellya | S? t?/c?m nghi v?n: 1 | T? l? nghi v?n: 1.0 | M?c ??: 13.0
Take a photo of Camellya,Chụp ảnh Camellya,C?n ti?ng Anh nghi v?n: Camellya | S? t?/c?m nghi v?n: 1 | T? l? nghi v?n: 1.0 | M?c ??: 13.0
Take a photo of Camellya,Chụp ảnh Camellya,C?n ti?ng Anh nghi v?n: Camellya | S? t?/c?m nghi v?n: 1 | T? l? nghi v?n: 1.0 | M?c ??: 13.0
Catch up with Camellya,Bắt kịp Camellya,C?n ti?ng Anh nghi v?n: Camellya | S? t?/c?m nghi v?n: 1 | T? l? nghi v?n: 1.0 | M?c ??: 13.0
Catch up with Camellya,Bắt kịp Camellya,C?n ti?ng Anh nghi v?n: Camellya | S? t?/c?m nghi v?n: 1 | T? l? nghi v?n: 1.0 | M?c ??: 13.0
Take a photo with Camellya,Chụp ảnh cùng Camellya,C?n ti?ng Anh nghi v?n: Camellya | S? t?/c?m nghi v?n: 1 | T? l? nghi v?n: 1.0 | M?c ??: 13.0
Catch up with Camellya,Bắt kịp Camellya,C?n ti?ng Anh nghi v?n: Camellya | S? t?/c?m nghi v?n: 1 | T? l? nghi v?n: 1.0 | M?c ??: 13.0
Projection Destruction Progress,Progress Phá Hủy Hình chiếu,C?n ti?ng Anh nghi v?n: Progress | S? t?/c?m nghi v?n: 1 | T? l? nghi v?n: 1.0 | M?c ??: 13.0
Take a photo of Camellya,Chụp ảnh Camellya,C?n ti?ng Anh nghi v?n: Camellya | S? t?/c?m nghi v?n: 1 | T? l? nghi v?n: 1.0 | M?c ??: 13.0
Take a photo of Camellya,Chụp ảnh Camellya,C?n ti?ng Anh nghi v?n: Camellya | S? t?/c?m nghi v?n: 1 | T? l? nghi v?n: 1.0 | M?c ??: 13.0
Go to the shelter where Benett used to stay,Đến nơi trú ẩn cũ của Benett,C?n ti?ng Anh nghi v?n: Benett | S? t?/c?m nghi v?n: 1 | T? l? nghi v?n: 1.0 | M?c ??: 13.0
Search near the bank for Mr. Pierre,Tìm ông Pierre gần bờ sông,C?n ti?ng Anh nghi v?n: Pierre | S? t?/c?m nghi v?n: 1 | T? l? nghi v?n: 1.0 | M?c ??: 13.0
Search near the bank for Mr. Pierre,Tìm ông Pierre gần bờ sông,C?n ti?ng Anh nghi v?n: Pierre | S? t?/c?m nghi v?n: 1 | T? l? nghi v?n: 1.0 | M?c ??: 13.0
"Go to the ""rendezvous""","Đến điểm hẹn ""rendezvous""",C?n ti?ng Anh nghi v?n: rendezvous | S? t?/c?m nghi v?n: 1 | T? l? nghi v?n: 1.0 | M?c ??: 13.0
"Go to the ""rendezvous""","Đến điểm hẹn ""rendezvous""",C?n ti?ng Anh nghi v?n: rendezvous | S? t?/c?m nghi v?n: 1 | T? l? nghi v?n: 1.0 | M?c ??: 13.0
"Go to the ""rendezvous""","Đến điểm hẹn ""rendezvous""",C?n ti?ng Anh nghi v?n: rendezvous | S? t?/c?m nghi v?n: 1 | T? l? nghi v?n: 1.0 | M?c ??: 13.0
"Go to the ""rendezvous""","Đến điểm hẹn ""rendezvous""",C?n ti?ng Anh nghi v?n: rendezvous | S? t?/c?m nghi v?n: 1 | T? l? nghi v?n: 1.0 | M?c ??: 13.0
"Go to the ""rendezvous""","Đến điểm hẹn ""rendezvous""",C?n ti?ng Anh nghi v?n: rendezvous | S? t?/c?m nghi v?n: 1 | T? l? nghi v?n: 1.0 | M?c ??: 13.0
"Go to the ""rendezvous""","Đến điểm hẹn ""rendezvous""",C?n ti?ng Anh nghi v?n: rendezvous | S? t?/c?m nghi v?n: 1 | T? l? nghi v?n: 1.0 | M?c ??: 13.0
Board the Gondola,Lên Gondola,C?n ti?ng Anh nghi v?n: Gondola | S? t?/c?m nghi v?n: 1 | T? l? nghi v?n: 1.0 | M?c ??: 13.0
Talk to Bella,Nói chuyện với Bella,C?n ti?ng Anh nghi v?n: Bella | S? t?/c?m nghi v?n: 1 | T? l? nghi v?n: 1.0 | M?c ??: 13.0
Head to Egla Town,Đến thị trấn Egla,C?n ti?ng Anh nghi v?n: Egla | S? t?/c?m nghi v?n: 1 | T? l? nghi v?n: 1.0 | M?c ??: 13.0
Talk to Brant,Nói chuyện với Brant,C?n ti?ng Anh nghi v?n: Brant | S? t?/c?m nghi v?n: 1 | T? l? nghi v?n: 1.0 | M?c ??: 13.0
Approach Aldric,Tiếp cận Aldric,C?n ti?ng Anh nghi v?n: Aldric | S? t?/c?m nghi v?n: 1 | T? l? nghi v?n: 1.0 | M?c ??: 13.0
Talk to Aldric,Nói chuyện với Aldric,C?n ti?ng Anh nghi v?n: Aldric | S? t?/c?m nghi v?n: 1 | T? l? nghi v?n: 1.0 | M?c ??: 13.0
Board the Gondola,Lên Gondola,C?n ti?ng Anh nghi v?n: Gondola | S? t?/c?m nghi v?n: 1 | T? l? nghi v?n: 1.0 | M?c ??: 13.0
Board the Gondola,Lên Gondola,C?n ti?ng Anh nghi v?n: Gondola | S? t?/c?m nghi v?n: 1 | T? l? nghi v?n: 1.0 | M?c ??: 13.0
Talk to Brant,Nói chuyện với Brant,C?n ti?ng Anh nghi v?n: Brant | S? t?/c?m nghi v?n: 1 | T? l? nghi v?n: 1.0 | M?c ??: 13.0
Inquire,Inquire,C?n ti?ng Anh nghi v?n: Inquire | S? t?/c?m nghi v?n: 1 | T? l? nghi v?n: 1.0 | M?c ??: 13.0
Listen,Listen,C?n ti?ng Anh nghi v?n: Listen | S? t?/c?m nghi v?n: 1 | T? l? nghi v?n: 1.0 | M?c ??: 13.0
Dig!,Dig!,C?n ti?ng Anh nghi v?n: Dig | S? t?/c?m nghi v?n: 1 | T? l? nghi v?n: 1.0 | M?c ??: 13.0
Dig!,Dig!,C?n ti?ng Anh nghi v?n: Dig | S? t?/c?m nghi v?n: 1 | T? l? nghi v?n: 1.0 | M?c ??: 13.0
Dig!,Dig!,C?n ti?ng Anh nghi v?n: Dig | S? t?/c?m nghi v?n: 1 | T? l? nghi v?n: 1.0 | M?c ??: 13.0
Use the Sensor,Sử dụng Sensor,C?n ti?ng Anh nghi v?n: Sensor | S? t?/c?m nghi v?n: 1 | T? l? nghi v?n: 1.0 | M?c ??: 13.0
Use the Sensor,Sử dụng Sensor,C?n ti?ng Anh nghi v?n: Sensor | S? t?/c?m nghi v?n: 1 | T? l? nghi v?n: 1.0 | M?c ??: 13.0
Use the Sensor,Sử dụng Sensor,C?n ti?ng Anh nghi v?n: Sensor | S? t?/c?m nghi v?n: 1 | T? l? nghi v?n: 1.0 | M?c ??: 13.0
Use the Sensor,Sử dụng Sensor,C?n ti?ng Anh nghi v?n: Sensor | S? t?/c?m nghi v?n: 1 | T? l? nghi v?n: 1.0 | M?c ??: 13.0
Use the Sensor,Sử dụng Sensor,C?n ti?ng Anh nghi v?n: Sensor | S? t?/c?m nghi v?n: 1 | T? l? nghi v?n: 1.0 | M?c ??: 13.0
Use the Sensor,Sử dụng Sensor,C?n ti?ng Anh nghi v?n: Sensor | S? t?/c?m nghi v?n: 1 | T? l? nghi v?n: 1.0 | M?c ??: 13.0
Inspect the Pilgrims' injuries,Inspect vết thương của nhóm Hành Hương,C?n ti?ng Anh nghi v?n: Inspect | S? t?/c?m nghi v?n: 1 | T? l? nghi v?n: 1.0 | M?c ??: 13.0
Answer the call from Roccia,Trả lời cuộc gọi từ Roccia,C?n ti?ng Anh nghi v?n: Roccia | S? t?/c?m nghi v?n: 1 | T? l? nghi v?n: 1.0 | M?c ??: 13.0
Talk to Roccia,Nói chuyện với Roccia,C?n ti?ng Anh nghi v?n: Roccia | S? t?/c?m nghi v?n: 1 | T? l? nghi v?n: 1.0 | M?c ??: 13.0
Inspect the shining object,Inspect vật thể phát sáng,C?n ti?ng Anh nghi v?n: Inspect | S? t?/c?m nghi v?n: 1 | T? l? nghi v?n: 1.0 | M?c ??: 13.0
Use the Sensor,Sử dụng Sensor,C?n ti?ng Anh nghi v?n: Sensor | S? t?/c?m nghi v?n: 1 | T? l? nghi v?n: 1.0 | M?c ??: 13.0
Inspect the shining object,Inspect vật thể phát sáng,C?n ti?ng Anh nghi v?n: Inspect | S? t?/c?m nghi v?n: 1 | T? l? nghi v?n: 1.0 | M?c ??: 13.0
Talk to Tina,Nói chuyện với Tina,C?n ti?ng Anh nghi v?n: Tina | S? t?/c?m nghi v?n: 1 | T? l? nghi v?n: 1.0 | M?c ??: 13.0
Talk to Roccia,Nói chuyện với Roccia,C?n ti?ng Anh nghi v?n: Roccia | S? t?/c?m nghi v?n: 1 | T? l? nghi v?n: 1.0 | M?c ??: 13.0
Head to Egla Town,Đến thị trấn Egla,C?n ti?ng Anh nghi v?n: Egla | S? t?/c?m nghi v?n: 1 | T? l? nghi v?n: 1.0 | M?c ??: 13.0
Spend a night to remember with Cantarella,Một đêm đáng nhớ bên Cantarella.,C?n ti?ng Anh nghi v?n: Cantarella | S? t?/c?m nghi v?n: 1 | T? l? nghi v?n: 1.0 | M?c ??: 13.0
Find Cantarella and discuss what you learned,Tìm Cantarella và thảo luận về những gì cậu đã biết,C?n ti?ng Anh nghi v?n: Cantarella | S? t?/c?m nghi v?n: 1 | T? l? nghi v?n: 1.0 | M?c ??: 13.0
Cantarella is unavailable,Cantarella không có mặt,C?n ti?ng Anh nghi v?n: Cantarella | S? t?/c?m nghi v?n: 1 | T? l? nghi v?n: 1.0 | M?c ??: 13.0
Meet up with Zani,Gặp Zani,C?n ti?ng Anh nghi v?n: Zani | S? t?/c?m nghi v?n: 1 | T? l? nghi v?n: 1.0 | M?c ??: 13.0
Meet up with Zani,Gặp Zani,C?n ti?ng Anh nghi v?n: Zani | S? t?/c?m nghi v?n: 1 | T? l? nghi v?n: 1.0 | M?c ??: 13.0
Inspect the spot where the footprints end,Inspect nơi dấu chân biến mất,C?n ti?ng Anh nghi v?n: Inspect | S? t?/c?m nghi v?n: 1 | T? l? nghi v?n: 1.0 | M?c ??: 13.0
Meet up with Zani,Gặp Zani,C?n ti?ng Anh nghi v?n: Zani | S? t?/c?m nghi v?n: 1 | T? l? nghi v?n: 1.0 | M?c ??: 13.0
Inspect,Inspect,C?n ti?ng Anh nghi v?n: Inspect | S? t?/c?m nghi v?n: 1 | T? l? nghi v?n: 1.0 | M?c ??: 13.0
Talk to Margherita,Nói chuyện với Margherita,C?n ti?ng Anh nghi v?n: Margherita | S? t?/c?m nghi v?n: 1 | T? l? nghi v?n: 1.0 | M?c ??: 13.0
(Optional) Place the sketchbook back on the bookshelf,Place lại sổ phác thảo lên kệ sách (Tùy chọn),C?n ti?ng Anh nghi v?n: Place | S? t?/c?m nghi v?n: 1 | T? l? nghi v?n: 1.0 | M?c ??: 13.0
(Optional) Place the sketchbook back on the bookshelf,Place lại sổ phác thảo lên kệ sách (Tùy chọn),C?n ti?ng Anh nghi v?n: Place | S? t?/c?m nghi v?n: 1 | T? l? nghi v?n: 1.0 | M?c ??: 13.0
Find the Jellyrose Medusa,Tìm Sứa Hồng Jellyrose,C?n ti?ng Anh nghi v?n: Jellyrose | S? t?/c?m nghi v?n: 1 | T? l? nghi v?n: 1.0 | M?c ??: 13.0
Ascend,Ascend,C?n ti?ng Anh nghi v?n: Ascend | S? t?/c?m nghi v?n: 1 | T? l? nghi v?n: 1.0 | M?c ??: 13.0
Ascend,Ascend,C?n ti?ng Anh nghi v?n: Ascend | S? t?/c?m nghi v?n: 1 | T? l? nghi v?n: 1.0 | M?c ??: 13.0
Hidden Chair sidequest,Nhiệm Vụ Phụ: Chair Ẩn,C?n ti?ng Anh nghi v?n: Chair | S? t?/c?m nghi v?n: 1 | T? l? nghi v?n: 1.0 | M?c ??: 13.0
Hidden Chair sidequest,Nhiệm Vụ Phụ: Chair Ẩn,C?n ti?ng Anh nghi v?n: Chair | S? t?/c?m nghi v?n: 1 | T? l? nghi v?n: 1.0 | M?c ??: 13.0
Empty,Empty,C?n ti?ng Anh nghi v?n: Empty | S? t?/c?m nghi v?n: 1 | T? l? nghi v?n: 1.0 | M?c ??: 13.0
Utterance of Marvels: I,Lời Tuyên Ngôn Kỳ Diệu: I,C?n ti?ng Anh nghi v?n: I | S? t?/c?m nghi v?n: 1 | T? l? nghi v?n: 1.0 | M?c ??: 13.0
Find a suitable Tacet Discord,Tìm một Discord phù hợp,C?n ti?ng Anh nghi v?n: Discord | S? t?/c?m nghi v?n: 1 | T? l? nghi v?n: 1.0 | M?c ??: 13.0
Utterance of Marvels: II,Lời Tuyên Ngôn Kỳ Diệu: II,C?n ti?ng Anh nghi v?n: II | S? t?/c?m nghi v?n: 1 | T? l? nghi v?n: 1.0 | M?c ??: 13.0
Head to the Nexus Beacon,Đến Đèn Hiệu Nexus,C?n ti?ng Anh nghi v?n: Nexus | S? t?/c?m nghi v?n: 1 | T? l? nghi v?n: 1.0 | M?c ??: 13.0
Activate the Nexus Beacon,Kích hoạt Đèn Hiệu Nexus,C?n ti?ng Anh nghi v?n: Nexus | S? t?/c?m nghi v?n: 1 | T? l? nghi v?n: 1.0 | M?c ??: 13.0
Find Yangyang,Tìm Yangyang,C?n ti?ng Anh nghi v?n: Yangyang | S? t?/c?m nghi v?n: 1 | T? l? nghi v?n: 1.0 | M?c ??: 13.0
Meet with Yangyang,Gặp Yangyang,C?n ti?ng Anh nghi v?n: Yangyang | S? t?/c?m nghi v?n: 1 | T? l? nghi v?n: 1.0 | M?c ??: 13.0
Leave the City Hall and talk to Yangyang,Rời Tòa Thị Chính và nói chuyện với Yangyang,C?n ti?ng Anh nghi v?n: Yangyang | S? t?/c?m nghi v?n: 1 | T? l? nghi v?n: 1.0 | M?c ??: 13.0
Arrive at Huaxu Academy,Đến Học Viện Huaxu,C?n ti?ng Anh nghi v?n: Huaxu | S? t?/c?m nghi v?n: 1 | T? l? nghi v?n: 1.0 | M?c ??: 13.0
Talk to Mortefi,Nói chuyện với Mortefi,C?n ti?ng Anh nghi v?n: Mortefi | S? t?/c?m nghi v?n: 1 | T? l? nghi v?n: 1.0 | M?c ??: 13.0
Ask Mortefi about the tokens,Hỏi Mortefi về các thẻ bài,C?n ti?ng Anh nghi v?n: Mortefi | S? t?/c?m nghi v?n: 1 | T? l? nghi v?n: 1.0 | M?c ??: 13.0
Talk to Mortefi,Nói chuyện với Mortefi,C?n ti?ng Anh nghi v?n: Mortefi | S? t?/c?m nghi v?n: 1 | T? l? nghi v?n: 1.0 | M?c ??: 13.0
Inquire,Inquire,C?n ti?ng Anh nghi v?n: Inquire | S? t?/c?m nghi v?n: 1 | T? l? nghi v?n: 1.0 | M?c ??: 13.0
Inquire,Inquire,C?n ti?ng Anh nghi v?n: Inquire | S? t?/c?m nghi v?n: 1 | T? l? nghi v?n: 1.0 | M?c ??: 13.0
Inquire,Inquire,C?n ti?ng Anh nghi v?n: Inquire | S? t?/c?m nghi v?n: 1 | T? l? nghi v?n: 1.0 | M?c ??: 13.0
Deliver,Deliver,C?n ti?ng Anh nghi v?n: Deliver | S? t?/c?m nghi v?n: 1 | T? l? nghi v?n: 1.0 | M?c ??: 13.0
Investigate,Investigate,C?n ti?ng Anh nghi v?n: Investigate | S? t?/c?m nghi v?n: 1 | T? l? nghi v?n: 1.0 | M?c ??: 13.0
Read,Read,C?n ti?ng Anh nghi v?n: Read | S? t?/c?m nghi v?n: 1 | T? l? nghi v?n: 1.0 | M?c ??: 13.0
Read,Read,C?n ti?ng Anh nghi v?n: Read | S? t?/c?m nghi v?n: 1 | T? l? nghi v?n: 1.0 | M?c ??: 13.0
Inquire,Inquire,C?n ti?ng Anh nghi v?n: Inquire | S? t?/c?m nghi v?n: 1 | T? l? nghi v?n: 1.0 | M?c ??: 13.0
Reach a suitable place to use Grapple,Tìm vị trí thích hợp để sử dụng Grapple,C?n ti?ng Anh nghi v?n: Grapple | S? t?/c?m nghi v?n: 1 | T? l? nghi v?n: 1.0 | M?c ??: 13.0
Ask the soldiers about Zhiyuan,Hỏi những người lính về Zhiyuan,C?n ti?ng Anh nghi v?n: Zhiyuan | S? t?/c?m nghi v?n: 1 | T? l? nghi v?n: 1.0 | M?c ??: 13.0
Discuss your plans with Yangyang,Thảo luận kế hoạch với Yangyang,C?n ti?ng Anh nghi v?n: Yangyang | S? t?/c?m nghi v?n: 1 | T? l? nghi v?n: 1.0 | M?c ??: 13.0
Help,Help,C?n ti?ng Anh nghi v?n: Help | S? t?/c?m nghi v?n: 1 | T? l? nghi v?n: 1.0 | M?c ??: 13.0
Help,Help,C?n ti?ng Anh nghi v?n: Help | S? t?/c?m nghi v?n: 1 | T? l? nghi v?n: 1.0 | M?c ??: 13.0
Inquire,Inquire,C?n ti?ng Anh nghi v?n: Inquire | S? t?/c?m nghi v?n: 1 | T? l? nghi v?n: 1.0 | M?c ??: 13.0
Find Taoqi,Tìm Taoqi,C?n ti?ng Anh nghi v?n: Taoqi | S? t?/c?m nghi v?n: 1 | T? l? nghi v?n: 1.0 | M?c ??: 13.0
Find Taoqi,Tìm Taoqi,C?n ti?ng Anh nghi v?n: Taoqi | S? t?/c?m nghi v?n: 1 | T? l? nghi v?n: 1.0 | M?c ??: 13.0
Enter the Hovering Ruins,Bước vào Ruins Lơ Lửng,C?n ti?ng Anh nghi v?n: Ruins | S? t?/c?m nghi v?n: 1 | T? l? nghi v?n: 1.0 | M?c ??: 13.0
Enter the Hovering Ruins,Bước vào Ruins Lơ Lửng,C?n ti?ng Anh nghi v?n: Ruins | S? t?/c?m nghi v?n: 1 | T? l? nghi v?n: 1.0 | M?c ??: 13.0
Use the updraft to get to the top of the Hovering Ruins.,Hãy tận dụng luồng gió để lên đỉnh Ruins Lơ Lửng.,C?n ti?ng Anh nghi v?n: Ruins | S? t?/c?m nghi v?n: 1 | T? l? nghi v?n: 1.0 | M?c ??: 13.0
Talk to Chixia,Nói chuyện với Chixia,C?n ti?ng Anh nghi v?n: Chixia | S? t?/c?m nghi v?n: 1 | T? l? nghi v?n: 1.0 | M?c ??: 13.0
Talk to Chixia,Nói chuyện với Chixia,C?n ti?ng Anh nghi v?n: Chixia | S? t?/c?m nghi v?n: 1 | T? l? nghi v?n: 1.0 | M?c ??: 13.0
Ask Mahe to help you identify the recipe,Nhờ Mahe giúp xác định công thức này,C?n ti?ng Anh nghi v?n: Mahe | S? t?/c?m nghi v?n: 1 | T? l? nghi v?n: 1.0 | M?c ??: 13.0
Chixia,Chixia,C?n ti?ng Anh nghi v?n: Chixia | S? t?/c?m nghi v?n: 1 | T? l? nghi v?n: 1.0 | M?c ??: 13.0
Talk to Chixia,Nói chuyện với Chixia,C?n ti?ng Anh nghi v?n: Chixia | S? t?/c?m nghi v?n: 1 | T? l? nghi v?n: 1.0 | M?c ??: 13.0
"(Recommended) Craft ""Guardian Sword""","(Được đề xuất) Chế tạo ""Guardian Kiếm"")",C?n ti?ng Anh nghi v?n: Guardian | S? t?/c?m nghi v?n: 1 | T? l? nghi v?n: 1.0 | M?c ??: 13.0
Talk to Chixia,Nói chuyện với Chixia,C?n ti?ng Anh nghi v?n: Chixia | S? t?/c?m nghi v?n: 1 | T? l? nghi v?n: 1.0 | M?c ??: 13.0
Talk to Lizhu,Nói chuyện với Lizhu,C?n ti?ng Anh nghi v?n: Lizhu | S? t?/c?m nghi v?n: 1 | T? l? nghi v?n: 1.0 | M?c ??: 13.0
"(Optional) Free ""Sloppy""","(Tùy chọn) Giải cứu ""Sloppy""",C?n ti?ng Anh nghi v?n: Sloppy | S? t?/c?m nghi v?n: 1 | T? l? nghi v?n: 1.0 | M?c ??: 13.0
Ride the Gondola,Đi Gondola,C?n ti?ng Anh nghi v?n: Gondola | S? t?/c?m nghi v?n: 1 | T? l? nghi v?n: 1.0 | M?c ??: 13.0
An elderly hermit is writing his memoirs by the seminary ruins. He would like some images of Avinoleum.,Một ẩn sĩ già đang viết hồi ký bên đống tàn tích của chủng viện. Ông muốn có vài bức ảnh về Avinoleum.,C?n ti?ng Anh nghi v?n: Avinoleum | S? t?/c?m nghi v?n: 1 | T? l? nghi v?n: 1.0 | M?c ??: 13.0
Avinoleum Footsteps,Dấu Chân Avinoleum,C?n ti?ng Anh nghi v?n: Avinoleum | S? t?/c?m nghi v?n: 1 | T? l? nghi v?n: 1.0 | M?c ??: 13.0
"(Optional) Free ""Sloppy""","(Tùy chọn) Giải cứu ""Sloppy""",C?n ti?ng Anh nghi v?n: Sloppy | S? t?/c?m nghi v?n: 1 | T? l? nghi v?n: 1.0 | M?c ??: 13.0
Maji,Maji,C?n ti?ng Anh nghi v?n: Maji | S? t?/c?m nghi v?n: 1 | T? l? nghi v?n: 1.0 | M?c ??: 13.0
"Lollo Campaign, Set Sail!","Chiến dịch Lollo, lên đường!",C?n ti?ng Anh nghi v?n: Lollo | S? t?/c?m nghi v?n: 1 | T? l? nghi v?n: 1.0 | M?c ??: 13.0
Maji,Maji,C?n ti?ng Anh nghi v?n: Maji | S? t?/c?m nghi v?n: 1 | T? l? nghi v?n: 1.0 | M?c ??: 13.0
Nyarla,Nyarla,C?n ti?ng Anh nghi v?n: Nyarla | S? t?/c?m nghi v?n: 1 | T? l? nghi v?n: 1.0 | M?c ??: 13.0
"Lollo Campaign, Set Sail!","Chiến dịch Lollo, lên đường!",C?n ti?ng Anh nghi v?n: Lollo | S? t?/c?m nghi v?n: 1 | T? l? nghi v?n: 1.0 | M?c ??: 13.0
Maji,Maji,C?n ti?ng Anh nghi v?n: Maji | S? t?/c?m nghi v?n: 1 | T? l? nghi v?n: 1.0 | M?c ??: 13.0
Frejon,Frejon,C?n ti?ng Anh nghi v?n: Frejon | S? t?/c?m nghi v?n: 1 | T? l? nghi v?n: 1.0 | M?c ??: 13.0
Find Maji,Tìm Maji,C?n ti?ng Anh nghi v?n: Maji | S? t?/c?m nghi v?n: 1 | T? l? nghi v?n: 1.0 | M?c ??: 13.0
Dovana,Dovana,C?n ti?ng Anh nghi v?n: Dovana | S? t?/c?m nghi v?n: 1 | T? l? nghi v?n: 1.0 | M?c ??: 13.0
Maji,Maji,C?n ti?ng Anh nghi v?n: Maji | S? t?/c?m nghi v?n: 1 | T? l? nghi v?n: 1.0 | M?c ??: 13.0
Zani,Zani,C?n ti?ng Anh nghi v?n: Zani | S? t?/c?m nghi v?n: 1 | T? l? nghi v?n: 1.0 | M?c ??: 13.0
Maji,Maji,C?n ti?ng Anh nghi v?n: Maji | S? t?/c?m nghi v?n: 1 | T? l? nghi v?n: 1.0 | M?c ??: 13.0
