en_source,vn_translate,loi_du_doan
Grandino Agent,Grandino Agent,C?n ti?ng Anh nghi v?n: Agent; Grandino | S? t?/c?m nghi v?n: 2 | T? l? nghi v?n: 1.0 | M?c ??: 16.0
Little Caius,Little Caius,C?n ti?ng Anh nghi v?n: Caius; Little | S? t?/c?m nghi v?n: 2 | T? l? nghi v?n: 1.0 | M?c ??: 16.0
Talk to Jojo and Chloe,Nói chuyện với Jojo và Chloe,C?n ti?ng Anh nghi v?n: Chloe; Jojo | S? t?/c?m nghi v?n: 2 | T? l? nghi v?n: 1.0 | M?c ??: 16.0
Mourning Aix,Mourning Aix,C?n ti?ng Anh nghi v?n: Aix; Mourning | S? t?/c?m nghi v?n: 2 | T? l? nghi v?n: 1.0 | M?c ??: 16.0
Bridged Dreamscape,Bridged Dreamscape,C?n ti?ng Anh nghi v?n: Bridged; Dreamscape | S? t?/c?m nghi v?n: 2 | T? l? nghi v?n: 1.0 | M?c ??: 16.0
Ordega Rai,Ordega Rai,C?n ti?ng Anh nghi v?n: Ordega; Rai | S? t?/c?m nghi v?n: 2 | T? l? nghi v?n: 1.0 | M?c ??: 16.0
Mysterious Chest,Mysterious Chest,C?n ti?ng Anh nghi v?n: Chest; Mysterious | S? t?/c?m nghi v?n: 2 | T? l? nghi v?n: 1.0 | M?c ??: 16.0
Scared Fluffguin,Scared Fluffguin,C?n ti?ng Anh nghi v?n: Fluffguin; Scared | S? t?/c?m nghi v?n: 2 | T? l? nghi v?n: 1.0 | M?c ??: 16.0
Template Generator,Template Generator,C?n ti?ng Anh nghi v?n: Generator; Template | S? t?/c?m nghi v?n: 2 | T? l? nghi v?n: 1.0 | M?c ??: 16.0
Stone Rose,Stone Rose,C?n ti?ng Anh nghi v?n: Rose; Stone | S? t?/c?m nghi v?n: 2 | T? l? nghi v?n: 1.0 | M?c ??: 16.0
Viscum Berry,Viscum Berry,C?n ti?ng Anh nghi v?n: Berry; Viscum | S? t?/c?m nghi v?n: 2 | T? l? nghi v?n: 1.0 | M?c ??: 16.0
Lost Roya,Lost Roya,C?n ti?ng Anh nghi v?n: Lost; Roya | S? t?/c?m nghi v?n: 2 | T? l? nghi v?n: 1.0 | M?c ??: 16.0
Recording Machine,Recording Machine,C?n ti?ng Anh nghi v?n: Machine; Recording | S? t?/c?m nghi v?n: 2 | T? l? nghi v?n: 1.0 | M?c ??: 16.0
5-Star Assessor,5-Star Assessor,C?n ti?ng Anh nghi v?n: Assessor; Star | S? t?/c?m nghi v?n: 2 | T? l? nghi v?n: 1.0 | M?c ??: 16.0
Chasm Rider,Chasm Rider,C?n ti?ng Anh nghi v?n: Chasm; Rider | S? t?/c?m nghi v?n: 2 | T? l? nghi v?n: 1.0 | M?c ??: 16.0
KU-Irwin,KU-Irwin,C?n ti?ng Anh nghi v?n: Irwin; KU | S? t?/c?m nghi v?n: 2 | T? l? nghi v?n: 1.0 | M?c ??: 16.0
: Starward Handmaiden,: Starward Handmaiden,C?n ti?ng Anh nghi v?n: Handmaiden; Starward | S? t?/c?m nghi v?n: 2 | T? l? nghi v?n: 1.0 | M?c ??: 16.0
Blurred Figure,Blurred Figure,C?n ti?ng Anh nghi v?n: Blurred; Figure | S? t?/c?m nghi v?n: 2 | T? l? nghi v?n: 1.0 | M?c ??: 16.0
Mysterious Package,Mysterious Package,C?n ti?ng Anh nghi v?n: Mysterious; Package | S? t?/c?m nghi v?n: 2 | T? l? nghi v?n: 1.0 | M?c ??: 16.0
Delicious Soliskin,Delicious Soliskin,C?n ti?ng Anh nghi v?n: Delicious; Soliskin | S? t?/c?m nghi v?n: 2 | T? l? nghi v?n: 1.0 | M?c ??: 16.0
Abyssal Gunmaster,Abyssal Gunmaster,C?n ti?ng Anh nghi v?n: Abyssal; Gunmaster | S? t?/c?m nghi v?n: 2 | T? l? nghi v?n: 1.0 | M?c ??: 16.0
Wonder Bubble,Wonder Bubble,C?n ti?ng Anh nghi v?n: Bubble; Wonder | S? t?/c?m nghi v?n: 2 | T? l? nghi v?n: 1.0 | M?c ??: 16.0
Insufficient Stability,Insufficient Stability,C?n ti?ng Anh nghi v?n: Insufficient; Stability | S? t?/c?m nghi v?n: 2 | T? l? nghi v?n: 1.0 | M?c ??: 16.0
Nightmare: Hecate,Nightmare: Hecate,C?n ti?ng Anh nghi v?n: Hecate; Nightmare | S? t?/c?m nghi v?n: 2 | T? l? nghi v?n: 1.0 | M?c ??: 16.0
Azure Lizard,Azure Lizard,C?n ti?ng Anh nghi v?n: Azure; Lizard | S? t?/c?m nghi v?n: 2 | T? l? nghi v?n: 1.0 | M?c ??: 16.0
Venerable Shepherd,Venerable Shepherd,C?n ti?ng Anh nghi v?n: Shepherd; Venerable | S? t?/c?m nghi v?n: 2 | T? l? nghi v?n: 1.0 | M?c ??: 16.0
Galecrest Gladiator,Galecrest Gladiator,C?n ti?ng Anh nghi v?n: Galecrest; Gladiator | S? t?/c?m nghi v?n: 2 | T? l? nghi v?n: 1.0 | M?c ??: 16.0
Contemplative Duelist,Contemplative Duelist,C?n ti?ng Anh nghi v?n: Contemplative; Duelist | S? t?/c?m nghi v?n: 2 | T? l? nghi v?n: 1.0 | M?c ??: 16.0
Lorelei's Kindred,Lorelei's Kindred,C?n ti?ng Anh nghi v?n: Kindred; Lorelei's | S? t?/c?m nghi v?n: 2 | T? l? nghi v?n: 1.0 | M?c ??: 16.0
Tethys Hub,Tethys Hub,C?n ti?ng Anh nghi v?n: Hub; Tethys | S? t?/c?m nghi v?n: 2 | T? l? nghi v?n: 1.0 | M?c ??: 16.0
Sample Range,Sample Range,C?n ti?ng Anh nghi v?n: Range; Sample | S? t?/c?m nghi v?n: 2 | T? l? nghi v?n: 1.0 | M?c ??: 16.0
Wary Outcast,Wary Outcast,C?n ti?ng Anh nghi v?n: Outcast; Wary | S? t?/c?m nghi v?n: 2 | T? l? nghi v?n: 1.0 | M?c ??: 16.0
Fervent Collector,Fervent Collector,C?n ti?ng Anh nghi v?n: Collector; Fervent | S? t?/c?m nghi v?n: 2 | T? l? nghi v?n: 1.0 | M?c ??: 16.0
Sound Emulator,Sound Emulator,C?n ti?ng Anh nghi v?n: Emulator; Sound | S? t?/c?m nghi v?n: 2 | T? l? nghi v?n: 1.0 | M?c ??: 16.0
: Accursed Nightmare,: Accursed Nightmare,C?n ti?ng Anh nghi v?n: Accursed; Nightmare | S? t?/c?m nghi v?n: 2 | T? l? nghi v?n: 1.0 | M?c ??: 16.0
Feeble Exile,Feeble Exile,C?n ti?ng Anh nghi v?n: Exile; Feeble | S? t?/c?m nghi v?n: 2 | T? l? nghi v?n: 1.0 | M?c ??: 16.0
Offshoot Core,Offshoot Core,C?n ti?ng Anh nghi v?n: Core; Offshoot | S? t?/c?m nghi v?n: 2 | T? l? nghi v?n: 1.0 | M?c ??: 16.0
KU-Fight,KU-Fight,C?n ti?ng Anh nghi v?n: Fight; KU | S? t?/c?m nghi v?n: 2 | T? l? nghi v?n: 1.0 | M?c ??: 16.0
Shabby Book,Shabby Book,C?n ti?ng Anh nghi v?n: Book; Shabby | S? t?/c?m nghi v?n: 2 | T? l? nghi v?n: 1.0 | M?c ??: 16.0
Freeze Frame: Action Highlights,Freeze Frame: Những Khoảnh Khắc Nổi Bật,C?n ti?ng Anh nghi v?n: Frame; Freeze | S? t?/c?m nghi v?n: 2 | T? l? nghi v?n: 1.0 | M?c ??: 16.0
KU-Tata,KU-Tata,C?n ti?ng Anh nghi v?n: KU; Tata | S? t?/c?m nghi v?n: 2 | T? l? nghi v?n: 1.0 | M?c ??: 16.0
Lampylumen Myriad,Lampylumen Myriad,C?n ti?ng Anh nghi v?n: Lampylumen; Myriad | S? t?/c?m nghi v?n: 2 | T? l? nghi v?n: 1.0 | M?c ??: 16.0
Barefoot Geese,Barefoot Geese,C?n ti?ng Anh nghi v?n: Barefoot; Geese | S? t?/c?m nghi v?n: 2 | T? l? nghi v?n: 1.0 | M?c ??: 16.0
Resonant Calcite,Resonant Calcite,C?n ti?ng Anh nghi v?n: Calcite; Resonant | S? t?/c?m nghi v?n: 2 | T? l? nghi v?n: 1.0 | M?c ??: 16.0
Standard Trophy Chest,Tiêu Chuẩn Trophy Chest,C?n ti?ng Anh nghi v?n: Chest; Trophy | S? t?/c?m nghi v?n: 2 | T? l? nghi v?n: 1.0 | M?c ??: 16.0
Weiqi Board,Weiqi Board,C?n ti?ng Anh nghi v?n: Board; Weiqi | S? t?/c?m nghi v?n: 2 | T? l? nghi v?n: 1.0 | M?c ??: 16.0
Sympathetic Shepherd,Sympathetic Shepherd,C?n ti?ng Anh nghi v?n: Shepherd; Sympathetic | S? t?/c?m nghi v?n: 2 | T? l? nghi v?n: 1.0 | M?c ??: 16.0
Dreaming Deep,Dreaming Deep,C?n ti?ng Anh nghi v?n: Deep; Dreaming | S? t?/c?m nghi v?n: 2 | T? l? nghi v?n: 1.0 | M?c ??: 16.0
Young Listener,Young Listener,C?n ti?ng Anh nghi v?n: Listener; Young | S? t?/c?m nghi v?n: 2 | T? l? nghi v?n: 1.0 | M?c ??: 16.0
: Homebound Starfarer,: Homebound Starfarer,C?n ti?ng Anh nghi v?n: Homebound; Starfarer | S? t?/c?m nghi v?n: 2 | T? l? nghi v?n: 1.0 | M?c ??: 16.0
Waiting Wootter,Waiting Wootter,C?n ti?ng Anh nghi v?n: Waiting; Wootter | S? t?/c?m nghi v?n: 2 | T? l? nghi v?n: 1.0 | M?c ??: 16.0
Standard Supply Chest,Tiêu Chuẩn Supply Chest,C?n ti?ng Anh nghi v?n: Chest; Supply | S? t?/c?m nghi v?n: 2 | T? l? nghi v?n: 1.0 | M?c ??: 16.0
"Leave ""Hidden Cave""","Rời ""Hidden Cave""",C?n ti?ng Anh nghi v?n: Cave; Hidden | S? t?/c?m nghi v?n: 2 | T? l? nghi v?n: 1.0 | M?c ??: 16.0
Enter the Lost Beyond,Bước vào Lost Beyond,C?n ti?ng Anh nghi v?n: Beyond; Lost | S? t?/c?m nghi v?n: 2 | T? l? nghi v?n: 1.0 | M?c ??: 16.0
Lady Guan,Lady Guan,C?n ti?ng Anh nghi v?n: Guan; Lady | S? t?/c?m nghi v?n: 2 | T? l? nghi v?n: 1.0 | M?c ??: 16.0
Leave the Sonoro Sphere,Rời Sonoro Sphere,C?n ti?ng Anh nghi v?n: Sonoro; Sphere | S? t?/c?m nghi v?n: 2 | T? l? nghi v?n: 1.0 | M?c ??: 16.0
Shy Commoner,Shy Commoner,C?n ti?ng Anh nghi v?n: Commoner; Shy | S? t?/c?m nghi v?n: 2 | T? l? nghi v?n: 1.0 | M?c ??: 16.0
Phoebe Cube,Phoebe Cube,C?n ti?ng Anh nghi v?n: Cube; Phoebe | S? t?/c?m nghi v?n: 2 | T? l? nghi v?n: 1.0 | M?c ??: 16.0
: Rotting Yellow,: Rotting Yellow,C?n ti?ng Anh nghi v?n: Rotting; Yellow | S? t?/c?m nghi v?n: 2 | T? l? nghi v?n: 1.0 | M?c ??: 16.0
Amber Halite,Amber Halite,C?n ti?ng Anh nghi v?n: Amber; Halite | S? t?/c?m nghi v?n: 2 | T? l? nghi v?n: 1.0 | M?c ??: 16.0
KU-Meton,KU-Meton,C?n ti?ng Anh nghi v?n: KU; Meton | S? t?/c?m nghi v?n: 2 | T? l? nghi v?n: 1.0 | M?c ??: 16.0
Mastic Nuvola,Mastic Nuvola,C?n ti?ng Anh nghi v?n: Mastic; Nuvola | S? t?/c?m nghi v?n: 2 | T? l? nghi v?n: 1.0 | M?c ??: 16.0
Tacetite Bloom,Tacetite Bloom,C?n ti?ng Anh nghi v?n: Bloom; Tacetite | S? t?/c?m nghi v?n: 2 | T? l? nghi v?n: 1.0 | M?c ??: 16.0
Reactor Husk,Reactor Husk,C?n ti?ng Anh nghi v?n: Husk; Reactor | S? t?/c?m nghi v?n: 2 | T? l? nghi v?n: 1.0 | M?c ??: 16.0
Straightforward Courier,Straightforward Courier,C?n ti?ng Anh nghi v?n: Courier; Straightforward | S? t?/c?m nghi v?n: 2 | T? l? nghi v?n: 1.0 | M?c ??: 16.0
: Limbo Rondo,: Limbo Rondo,C?n ti?ng Anh nghi v?n: Limbo; Rondo | S? t?/c?m nghi v?n: 2 | T? l? nghi v?n: 1.0 | M?c ??: 16.0
Order Deacon,Order Deacon,C?n ti?ng Anh nghi v?n: Deacon; Order | S? t?/c?m nghi v?n: 2 | T? l? nghi v?n: 1.0 | M?c ??: 16.0
Train Lover,Train Lover,C?n ti?ng Anh nghi v?n: Lover; Train | S? t?/c?m nghi v?n: 2 | T? l? nghi v?n: 1.0 | M?c ??: 16.0
Ol' Climber,Ol' Climber,C?n ti?ng Anh nghi v?n: Climber; Ol' | S? t?/c?m nghi v?n: 2 | T? l? nghi v?n: 1.0 | M?c ??: 16.0
Tambourine Duo,Tambourine Duo,C?n ti?ng Anh nghi v?n: Duo; Tambourine | S? t?/c?m nghi v?n: 2 | T? l? nghi v?n: 1.0 | M?c ??: 16.0
Standing Mannequin,Standing Mannequin,C?n ti?ng Anh nghi v?n: Mannequin; Standing | S? t?/c?m nghi v?n: 2 | T? l? nghi v?n: 1.0 | M?c ??: 16.0
Thundering Mephis,Thundering Mephis,C?n ti?ng Anh nghi v?n: Mephis; Thundering | S? t?/c?m nghi v?n: 2 | T? l? nghi v?n: 1.0 | M?c ??: 16.0
Nightmare Kelpie,Nightmare Kelpie,C?n ti?ng Anh nghi v?n: Kelpie; Nightmare | S? t?/c?m nghi v?n: 2 | T? l? nghi v?n: 1.0 | M?c ??: 16.0
Stammering Pirate,Stammering Pirate,C?n ti?ng Anh nghi v?n: Pirate; Stammering | S? t?/c?m nghi v?n: 2 | T? l? nghi v?n: 1.0 | M?c ??: 16.0
Pilgrim's Shell,Pilgrim's Shell,C?n ti?ng Anh nghi v?n: Pilgrim's; Shell | S? t?/c?m nghi v?n: 2 | T? l? nghi v?n: 1.0 | M?c ??: 16.0
Priest Alessio,Priest Alessio,C?n ti?ng Anh nghi v?n: Alessio; Priest | S? t?/c?m nghi v?n: 2 | T? l? nghi v?n: 1.0 | M?c ??: 16.0
Fruit Crackle,Fruit Crackle,C?n ti?ng Anh nghi v?n: Crackle; Fruit | S? t?/c?m nghi v?n: 2 | T? l? nghi v?n: 1.0 | M?c ??: 16.0
Cheerful Duelist,Cheerful Duelist,C?n ti?ng Anh nghi v?n: Cheerful; Duelist | S? t?/c?m nghi v?n: 2 | T? l? nghi v?n: 1.0 | M?c ??: 16.0
"""Expressway Bulletin""","""Expressway Bulletin""",C?n ti?ng Anh nghi v?n: Bulletin; Expressway | S? t?/c?m nghi v?n: 2 | T? l? nghi v?n: 1.0 | M?c ??: 16.0
Destructible Boulder,Destructible Boulder,C?n ti?ng Anh nghi v?n: Boulder; Destructible | S? t?/c?m nghi v?n: 2 | T? l? nghi v?n: 1.0 | M?c ??: 16.0
Tremor Warrior,Tremor Warrior,C?n ti?ng Anh nghi v?n: Tremor; Warrior | S? t?/c?m nghi v?n: 2 | T? l? nghi v?n: 1.0 | M?c ??: 16.0
Exile Lookout,Exile Lookout,C?n ti?ng Anh nghi v?n: Exile; Lookout | S? t?/c?m nghi v?n: 2 | T? l? nghi v?n: 1.0 | M?c ??: 16.0
Tick Tack,Tick Tack,C?n ti?ng Anh nghi v?n: Tack; Tick | S? t?/c?m nghi v?n: 2 | T? l? nghi v?n: 1.0 | M?c ??: 16.0
Scatter Prism,Scatter Prism,C?n ti?ng Anh nghi v?n: Prism; Scatter | S? t?/c?m nghi v?n: 2 | T? l? nghi v?n: 1.0 | M?c ??: 16.0
KU-Sprinkle,KU-Sprinkle,C?n ti?ng Anh nghi v?n: KU; Sprinkle | S? t?/c?m nghi v?n: 2 | T? l? nghi v?n: 1.0 | M?c ??: 16.0
Play Channel 3,Play Channel 3,C?n ti?ng Anh nghi v?n: Channel; Play | S? t?/c?m nghi v?n: 2 | T? l? nghi v?n: 1.0 | M?c ??: 16.0
Questless Knight,Questless Knight,C?n ti?ng Anh nghi v?n: Knight; Questless | S? t?/c?m nghi v?n: 2 | T? l? nghi v?n: 1.0 | M?c ??: 16.0
Lord Gulpuff,Lord Gulpuff,C?n ti?ng Anh nghi v?n: Gulpuff; Lord | S? t?/c?m nghi v?n: 2 | T? l? nghi v?n: 1.0 | M?c ??: 16.0
Changli Cube,Changli Cube,C?n ti?ng Anh nghi v?n: Changli; Cube | S? t?/c?m nghi v?n: 2 | T? l? nghi v?n: 1.0 | M?c ??: 16.0
Bei Ji,Bei Ji,C?n ti?ng Anh nghi v?n: Bei; Ji | S? t?/c?m nghi v?n: 2 | T? l? nghi v?n: 1.0 | M?c ??: 16.0
Strange Cargo,Strange Cargo,C?n ti?ng Anh nghi v?n: Cargo; Strange | S? t?/c?m nghi v?n: 2 | T? l? nghi v?n: 1.0 | M?c ??: 16.0
Stringless Lunachord,Stringless Lunachord,C?n ti?ng Anh nghi v?n: Lunachord; Stringless | S? t?/c?m nghi v?n: 2 | T? l? nghi v?n: 1.0 | M?c ??: 16.0
Impermanence Heron,Impermanence Heron,C?n ti?ng Anh nghi v?n: Heron; Impermanence | S? t?/c?m nghi v?n: 2 | T? l? nghi v?n: 1.0 | M?c ??: 16.0
Frightened Exile,Frightened Exile,C?n ti?ng Anh nghi v?n: Exile; Frightened | S? t?/c?m nghi v?n: 2 | T? l? nghi v?n: 1.0 | M?c ??: 16.0
Morri Cow,Morri Cow,C?n ti?ng Anh nghi v?n: Cow; Morri | S? t?/c?m nghi v?n: 2 | T? l? nghi v?n: 1.0 | M?c ??: 16.0
Vacationer Namipon,Vacationer Namipon,C?n ti?ng Anh nghi v?n: Namipon; Vacationer | S? t?/c?m nghi v?n: 2 | T? l? nghi v?n: 1.0 | M?c ??: 16.0
Diurnus Knight,Diurnus Knight,C?n ti?ng Anh nghi v?n: Diurnus; Knight | S? t?/c?m nghi v?n: 2 | T? l? nghi v?n: 1.0 | M?c ??: 16.0
Ji Liubai,Ji Liubai,C?n ti?ng Anh nghi v?n: Ji; Liubai | S? t?/c?m nghi v?n: 2 | T? l? nghi v?n: 1.0 | M?c ??: 16.0
How to Fight Kerasaurs IX,Cách chiến đấu Kerasaurs IX,C?n ti?ng Anh nghi v?n: IX; Kerasaurs | S? t?/c?m nghi v?n: 2 | T? l? nghi v?n: 1.0 | M?c ??: 16.0
": ""Nostalgic Filter""",": ""Nostalgic Filter""",C?n ti?ng Anh nghi v?n: Filter; Nostalgic | S? t?/c?m nghi v?n: 2 | T? l? nghi v?n: 1.0 | M?c ??: 16.0
Sentry Construct,Sentry Construct,C?n ti?ng Anh nghi v?n: Construct; Sentry | S? t?/c?m nghi v?n: 2 | T? l? nghi v?n: 1.0 | M?c ??: 16.0
Tuner - Actor 1,Tuner - Actor 1,C?n ti?ng Anh nghi v?n: Actor; Tuner | S? t?/c?m nghi v?n: 2 | T? l? nghi v?n: 1.0 | M?c ??: 16.0
: Vanishing Blue,: Vanishing Blue,C?n ti?ng Anh nghi v?n: Blue; Vanishing | S? t?/c?m nghi v?n: 2 | T? l? nghi v?n: 1.0 | M?c ??: 16.0
KU-Baski,KU-Baski,C?n ti?ng Anh nghi v?n: Baski; KU | S? t?/c?m nghi v?n: 2 | T? l? nghi v?n: 1.0 | M?c ??: 16.0
Gate Keeper,Gate Keeper,C?n ti?ng Anh nghi v?n: Gate; Keeper | S? t?/c?m nghi v?n: 2 | T? l? nghi v?n: 1.0 | M?c ??: 16.0
KU-Ponder,KU-Ponder,C?n ti?ng Anh nghi v?n: KU; Ponder | S? t?/c?m nghi v?n: 2 | T? l? nghi v?n: 1.0 | M?c ??: 16.0
Yellowed Newspaper,Yellowed Newspaper,C?n ti?ng Anh nghi v?n: Newspaper; Yellowed | S? t?/c?m nghi v?n: 2 | T? l? nghi v?n: 1.0 | M?c ??: 16.0
Gaea Rai,Gaea Rai,C?n ti?ng Anh nghi v?n: Gaea; Rai | S? t?/c?m nghi v?n: 2 | T? l? nghi v?n: 1.0 | M?c ??: 16.0
Hsin's Fortuity,Hsin's Fortuity,C?n ti?ng Anh nghi v?n: Fortuity; Hsin's | S? t?/c?m nghi v?n: 2 | T? l? nghi v?n: 1.0 | M?c ??: 16.0
KU-Shosho,KU-Shosho,C?n ti?ng Anh nghi v?n: KU; Shosho | S? t?/c?m nghi v?n: 2 | T? l? nghi v?n: 1.0 | M?c ??: 16.0
Artificial Moon,Artificial Moon,C?n ti?ng Anh nghi v?n: Artificial; Moon | S? t?/c?m nghi v?n: 2 | T? l? nghi v?n: 1.0 | M?c ??: 16.0
"""Haunting Ghost""","""Haunting Ghost""",C?n ti?ng Anh nghi v?n: Ghost; Haunting | S? t?/c?m nghi v?n: 2 | T? l? nghi v?n: 1.0 | M?c ??: 16.0
Ice Chrysalises,Ice Chrysalises,C?n ti?ng Anh nghi v?n: Chrysalises; Ice | S? t?/c?m nghi v?n: 2 | T? l? nghi v?n: 1.0 | M?c ??: 16.0
Wish Bottle,Wish Bottle,C?n ti?ng Anh nghi v?n: Bottle; Wish | S? t?/c?m nghi v?n: 2 | T? l? nghi v?n: 1.0 | M?c ??: 16.0
Exam Zone 4,Exam Zone 4,C?n ti?ng Anh nghi v?n: Exam; Zone | S? t?/c?m nghi v?n: 2 | T? l? nghi v?n: 1.0 | M?c ??: 16.0
Character Advancement,Character Advancement,C?n ti?ng Anh nghi v?n: Advancement; Character | S? t?/c?m nghi v?n: 2 | T? l? nghi v?n: 1.0 | M?c ??: 16.0
Earnest Duelist,Earnest Duelist,C?n ti?ng Anh nghi v?n: Duelist; Earnest | S? t?/c?m nghi v?n: 2 | T? l? nghi v?n: 1.0 | M?c ??: 16.0
Passing Shepherd,Passing Shepherd,C?n ti?ng Anh nghi v?n: Passing; Shepherd | S? t?/c?m nghi v?n: 2 | T? l? nghi v?n: 1.0 | M?c ??: 16.0
Zani Cube,Zani Cube,C?n ti?ng Anh nghi v?n: Cube; Zani | S? t?/c?m nghi v?n: 2 | T? l? nghi v?n: 1.0 | M?c ??: 16.0
Cobb Copo,Cobb Copo,C?n ti?ng Anh nghi v?n: Cobb; Copo | S? t?/c?m nghi v?n: 2 | T? l? nghi v?n: 1.0 | M?c ??: 16.0
Yuanwu God,Yuanwu God,C?n ti?ng Anh nghi v?n: God; Yuanwu | S? t?/c?m nghi v?n: 2 | T? l? nghi v?n: 1.0 | M?c ??: 16.0
Lian Xiaosheng,Lian Xiaosheng,C?n ti?ng Anh nghi v?n: Lian; Xiaosheng | S? t?/c?m nghi v?n: 2 | T? l? nghi v?n: 1.0 | M?c ??: 16.0
Aged Gladiator,Aged Gladiator,C?n ti?ng Anh nghi v?n: Aged; Gladiator | S? t?/c?m nghi v?n: 2 | T? l? nghi v?n: 1.0 | M?c ??: 16.0
Reader A,Reader A,C?n ti?ng Anh nghi v?n: A; Reader | S? t?/c?m nghi v?n: 2 | T? l? nghi v?n: 1.0 | M?c ??: 16.0
Play card game with Luuk Herssen,Chơi bài với Luuk Herssen,C?n ti?ng Anh nghi v?n: Herssen; Luuk | S? t?/c?m nghi v?n: 2 | T? l? nghi v?n: 1.0 | M?c ??: 16.0
Nameless Explorer,Nameless Explorer,C?n ti?ng Anh nghi v?n: Explorer; Nameless | S? t?/c?m nghi v?n: 2 | T? l? nghi v?n: 1.0 | M?c ??: 16.0
Sea Bunny,Sea Bunny,C?n ti?ng Anh nghi v?n: Bunny; Sea | S? t?/c?m nghi v?n: 2 | T? l? nghi v?n: 1.0 | M?c ??: 16.0
Strange Exile,Strange Exile,C?n ti?ng Anh nghi v?n: Exile; Strange | S? t?/c?m nghi v?n: 2 | T? l? nghi v?n: 1.0 | M?c ??: 16.0
Hocus Pocus,Hocus Pocus,C?n ti?ng Anh nghi v?n: Hocus; Pocus | S? t?/c?m nghi v?n: 2 | T? l? nghi v?n: 1.0 | M?c ??: 16.0
Flora Reindeer,Flora Reindeer,C?n ti?ng Anh nghi v?n: Flora; Reindeer | S? t?/c?m nghi v?n: 2 | T? l? nghi v?n: 1.0 | M?c ??: 16.0
Terraspawn Fungus,Terraspawn Fungus,C?n ti?ng Anh nghi v?n: Fungus; Terraspawn | S? t?/c?m nghi v?n: 2 | T? l? nghi v?n: 1.0 | M?c ??: 16.0
Cuddle Wuddle,Cuddle Wuddle,C?n ti?ng Anh nghi v?n: Cuddle; Wuddle | S? t?/c?m nghi v?n: 2 | T? l? nghi v?n: 1.0 | M?c ??: 16.0
Timid Soliskin,Timid Soliskin,C?n ti?ng Anh nghi v?n: Soliskin; Timid | S? t?/c?m nghi v?n: 2 | T? l? nghi v?n: 1.0 | M?c ??: 16.0
Hermit Owl,Hermit Owl,C?n ti?ng Anh nghi v?n: Hermit; Owl | S? t?/c?m nghi v?n: 2 | T? l? nghi v?n: 1.0 | M?c ??: 16.0
"""Grave Anathema""","""Grave Anathema""",C?n ti?ng Anh nghi v?n: Anathema; Grave | S? t?/c?m nghi v?n: 2 | T? l? nghi v?n: 1.0 | M?c ??: 16.0
Connect to Sonodisk: Jue,Kết Nối Với Sonodisk: Jue,C?n ti?ng Anh nghi v?n: Jue; Sonodisk | S? t?/c?m nghi v?n: 2 | T? l? nghi v?n: 1.0 | M?c ??: 16.0
Ichor Container,Ichor Container,C?n ti?ng Anh nghi v?n: Container; Ichor | S? t?/c?m nghi v?n: 2 | T? l? nghi v?n: 1.0 | M?c ??: 16.0
Passing Roya,Passing Roya,C?n ti?ng Anh nghi v?n: Passing; Roya | S? t?/c?m nghi v?n: 2 | T? l? nghi v?n: 1.0 | M?c ??: 16.0
Floating Tacetite,Floating Tacetite,C?n ti?ng Anh nghi v?n: Floating; Tacetite | S? t?/c?m nghi v?n: 2 | T? l? nghi v?n: 1.0 | M?c ??: 16.0
Variable Manager,Variable Manager,C?n ti?ng Anh nghi v?n: Manager; Variable | S? t?/c?m nghi v?n: 2 | T? l? nghi v?n: 1.0 | M?c ??: 16.0
Suspicious Spectator,Suspicious Spectator,C?n ti?ng Anh nghi v?n: Spectator; Suspicious | S? t?/c?m nghi v?n: 2 | T? l? nghi v?n: 1.0 | M?c ??: 16.0
Gameplay mechanic placeholder,Lối chơi mechanic placeholder,C?n ti?ng Anh nghi v?n: mechanic; placeholder | S? t?/c?m nghi v?n: 2 | T? l? nghi v?n: 1.0 | M?c ??: 16.0
Daily Scoop,Daily Scoop,C?n ti?ng Anh nghi v?n: Daily; Scoop | S? t?/c?m nghi v?n: 2 | T? l? nghi v?n: 1.0 | M?c ??: 16.0
: Jumbled Dreams,: Jumbled Dreams,C?n ti?ng Anh nghi v?n: Dreams; Jumbled | S? t?/c?m nghi v?n: 2 | T? l? nghi v?n: 1.0 | M?c ??: 16.0
Hunter: Ice,Hunter: Ice,C?n ti?ng Anh nghi v?n: Hunter; Ice | S? t?/c?m nghi v?n: 2 | T? l? nghi v?n: 1.0 | M?c ??: 16.0
Lazy Teen,Lazy Teen,C?n ti?ng Anh nghi v?n: Lazy; Teen | S? t?/c?m nghi v?n: 2 | T? l? nghi v?n: 1.0 | M?c ??: 16.0
Logistics Specialist,Logistics Specialist,C?n ti?ng Anh nghi v?n: Logistics; Specialist | S? t?/c?m nghi v?n: 2 | T? l? nghi v?n: 1.0 | M?c ??: 16.0
KU-Wipe,KU-Wipe,C?n ti?ng Anh nghi v?n: KU; Wipe | S? t?/c?m nghi v?n: 2 | T? l? nghi v?n: 1.0 | M?c ??: 16.0
KU-Bert,KU-Bert,C?n ti?ng Anh nghi v?n: Bert; KU | S? t?/c?m nghi v?n: 2 | T? l? nghi v?n: 1.0 | M?c ??: 16.0
Mourning Aix device: Noise,Thiết bị Mourning Aix: Tiếng ồn,C?n ti?ng Anh nghi v?n: Aix; Mourning | S? t?/c?m nghi v?n: 2 | T? l? nghi v?n: 1.0 | M?c ??: 16.0
Devotee's Flesh,Devotee's Flesh,C?n ti?ng Anh nghi v?n: Devotee's; Flesh | S? t?/c?m nghi v?n: 2 | T? l? nghi v?n: 1.0 | M?c ??: 16.0
Viridblaze Saurian,Viridblaze Saurian,C?n ti?ng Anh nghi v?n: Saurian; Viridblaze | S? t?/c?m nghi v?n: 2 | T? l? nghi v?n: 1.0 | M?c ??: 16.0
Cuddle Wuddle,Cuddle Wuddle,C?n ti?ng Anh nghi v?n: Cuddle; Wuddle | S? t?/c?m nghi v?n: 2 | T? l? nghi v?n: 1.0 | M?c ??: 16.0
Head to Averardo Vault,Đến Averardo Vault,C?n ti?ng Anh nghi v?n: Averardo; Vault | S? t?/c?m nghi v?n: 2 | T? l? nghi v?n: 1.0 | M?c ??: 16.0
Grandino Gladiator,Grandino Gladiator,C?n ti?ng Anh nghi v?n: Gladiator; Grandino | S? t?/c?m nghi v?n: 2 | T? l? nghi v?n: 1.0 | M?c ??: 16.0
Tidal Blight,Tidal Blight,C?n ti?ng Anh nghi v?n: Blight; Tidal | S? t?/c?m nghi v?n: 2 | T? l? nghi v?n: 1.0 | M?c ??: 16.0
Cartethyia Cube,Cartethyia Cube,C?n ti?ng Anh nghi v?n: Cartethyia; Cube | S? t?/c?m nghi v?n: 2 | T? l? nghi v?n: 1.0 | M?c ??: 16.0
Weathered Stele,Weathered Stele,C?n ti?ng Anh nghi v?n: Stele; Weathered | S? t?/c?m nghi v?n: 2 | T? l? nghi v?n: 1.0 | M?c ??: 16.0
Fourth Floor,Fourth Floor,C?n ti?ng Anh nghi v?n: Floor; Fourth | S? t?/c?m nghi v?n: 2 | T? l? nghi v?n: 1.0 | M?c ??: 16.0
Candlestick Fairy,Candlestick Fairy,C?n ti?ng Anh nghi v?n: Candlestick; Fairy | S? t?/c?m nghi v?n: 2 | T? l? nghi v?n: 1.0 | M?c ??: 16.0
Uncle Wei,Uncle Wei,C?n ti?ng Anh nghi v?n: Uncle; Wei | S? t?/c?m nghi v?n: 2 | T? l? nghi v?n: 1.0 | M?c ??: 16.0
Electric Blade,Electric Blade,C?n ti?ng Anh nghi v?n: Blade; Electric | S? t?/c?m nghi v?n: 2 | T? l? nghi v?n: 1.0 | M?c ??: 16.0
Jovial Actor,Jovial Actor,C?n ti?ng Anh nghi v?n: Actor; Jovial | S? t?/c?m nghi v?n: 2 | T? l? nghi v?n: 1.0 | M?c ??: 16.0
Shipwright Marco,Shipwright Marco,C?n ti?ng Anh nghi v?n: Marco; Shipwright | S? t?/c?m nghi v?n: 2 | T? l? nghi v?n: 1.0 | M?c ??: 16.0
Phantom: Lightcrusher,Phantom: Lightcrusher,C?n ti?ng Anh nghi v?n: Lightcrusher; Phantom | S? t?/c?m nghi v?n: 2 | T? l? nghi v?n: 1.0 | M?c ??: 16.0
Mortefi's Projection,Mortefi's Projection,C?n ti?ng Anh nghi v?n: Mortefi's; Projection | S? t?/c?m nghi v?n: 2 | T? l? nghi v?n: 1.0 | M?c ??: 16.0
Little Namipons,Little Namipons,C?n ti?ng Anh nghi v?n: Little; Namipons | S? t?/c?m nghi v?n: 2 | T? l? nghi v?n: 1.0 | M?c ??: 16.0
Namipon Poster,Namipon Poster,C?n ti?ng Anh nghi v?n: Namipon; Poster | S? t?/c?m nghi v?n: 2 | T? l? nghi v?n: 1.0 | M?c ??: 16.0
Loot Chest,Loot Chest,C?n ti?ng Anh nghi v?n: Chest; Loot | S? t?/c?m nghi v?n: 2 | T? l? nghi v?n: 1.0 | M?c ??: 16.0
Play Channel 1,Play Channel 1,C?n ti?ng Anh nghi v?n: Channel; Play | S? t?/c?m nghi v?n: 2 | T? l? nghi v?n: 1.0 | M?c ??: 16.0
Pressure Platform,Pressure Platform,C?n ti?ng Anh nghi v?n: Platform; Pressure | S? t?/c?m nghi v?n: 2 | T? l? nghi v?n: 1.0 | M?c ??: 16.0
Lotus Beast,Lotus Beast,C?n ti?ng Anh nghi v?n: Beast; Lotus | S? t?/c?m nghi v?n: 2 | T? l? nghi v?n: 1.0 | M?c ??: 16.0
Cartethyia Cube,Cartethyia Cube,C?n ti?ng Anh nghi v?n: Cartethyia; Cube | S? t?/c?m nghi v?n: 2 | T? l? nghi v?n: 1.0 | M?c ??: 16.0
Frostscourge Stalker,Frostscourge Stalker,C?n ti?ng Anh nghi v?n: Frostscourge; Stalker | S? t?/c?m nghi v?n: 2 | T? l? nghi v?n: 1.0 | M?c ??: 16.0
Gravity Calibrator,Gravity Calibrator,C?n ti?ng Anh nghi v?n: Calibrator; Gravity | S? t?/c?m nghi v?n: 2 | T? l? nghi v?n: 1.0 | M?c ??: 16.0
Jinhsi Cube,Jinhsi Cube,C?n ti?ng Anh nghi v?n: Cube; Jinhsi | S? t?/c?m nghi v?n: 2 | T? l? nghi v?n: 1.0 | M?c ??: 16.0
": ""Timid Lion""",": ""Timid Lion""",C?n ti?ng Anh nghi v?n: Lion; Timid | S? t?/c?m nghi v?n: 2 | T? l? nghi v?n: 1.0 | M?c ??: 16.0
KU-Jhering,KU-Jhering,C?n ti?ng Anh nghi v?n: Jhering; KU | S? t?/c?m nghi v?n: 2 | T? l? nghi v?n: 1.0 | M?c ??: 16.0
Wu Sheng,Wu Sheng,C?n ti?ng Anh nghi v?n: Sheng; Wu | S? t?/c?m nghi v?n: 2 | T? l? nghi v?n: 1.0 | M?c ??: 16.0
Strange Passerby,Strange Passerby,C?n ti?ng Anh nghi v?n: Passerby; Strange | S? t?/c?m nghi v?n: 2 | T? l? nghi v?n: 1.0 | M?c ??: 16.0
Thorn Bullet,Thorn Bullet,C?n ti?ng Anh nghi v?n: Bullet; Thorn | S? t?/c?m nghi v?n: 2 | T? l? nghi v?n: 1.0 | M?c ??: 16.0
Judgement: Terminatation,Judgement: Terminatation,C?n ti?ng Anh nghi v?n: Judgement; Terminatation | S? t?/c?m nghi v?n: 2 | T? l? nghi v?n: 1.0 | M?c ??: 16.0
: Ruthless Fury,: Ruthless Fury,C?n ti?ng Anh nghi v?n: Fury; Ruthless | S? t?/c?m nghi v?n: 2 | T? l? nghi v?n: 1.0 | M?c ??: 16.0
Insufficient Stability,Insufficient Stability,C?n ti?ng Anh nghi v?n: Insufficient; Stability | S? t?/c?m nghi v?n: 2 | T? l? nghi v?n: 1.0 | M?c ??: 16.0
: Lingering Storm,: Lingering Storm,C?n ti?ng Anh nghi v?n: Lingering; Storm | S? t?/c?m nghi v?n: 2 | T? l? nghi v?n: 1.0 | M?c ??: 16.0
Ninja Namipon,Ninja Namipon,C?n ti?ng Anh nghi v?n: Namipon; Ninja | S? t?/c?m nghi v?n: 2 | T? l? nghi v?n: 1.0 | M?c ??: 16.0
Carlotta Cube,Carlotta Cube,C?n ti?ng Anh nghi v?n: Carlotta; Cube | S? t?/c?m nghi v?n: 2 | T? l? nghi v?n: 1.0 | M?c ??: 16.0
Quiet Acolyte,Quiet Acolyte,C?n ti?ng Anh nghi v?n: Acolyte; Quiet | S? t?/c?m nghi v?n: 2 | T? l? nghi v?n: 1.0 | M?c ??: 16.0
Uncle Hong,Uncle Hong,C?n ti?ng Anh nghi v?n: Hong; Uncle | S? t?/c?m nghi v?n: 2 | T? l? nghi v?n: 1.0 | M?c ??: 16.0
: Delusion Whispers,: Delusion Whispers,C?n ti?ng Anh nghi v?n: Delusion; Whispers | S? t?/c?m nghi v?n: 2 | T? l? nghi v?n: 1.0 | M?c ??: 16.0
Telephone Booth,Telephone Booth,C?n ti?ng Anh nghi v?n: Booth; Telephone | S? t?/c?m nghi v?n: 2 | T? l? nghi v?n: 1.0 | M?c ??: 16.0
Lecture Hall,Lecture Hall,C?n ti?ng Anh nghi v?n: Hall; Lecture | S? t?/c?m nghi v?n: 2 | T? l? nghi v?n: 1.0 | M?c ??: 16.0
Mourning Aix,Mourning Aix,C?n ti?ng Anh nghi v?n: Aix; Mourning | S? t?/c?m nghi v?n: 2 | T? l? nghi v?n: 1.0 | M?c ??: 16.0
Voidspawn: Hyvatia,Voidspawn: Hyvatia,C?n ti?ng Anh nghi v?n: Hyvatia; Voidspawn | S? t?/c?m nghi v?n: 2 | T? l? nghi v?n: 1.0 | M?c ??: 16.0
KU-Plant,KU-Plant,C?n ti?ng Anh nghi v?n: KU; Plant | S? t?/c?m nghi v?n: 2 | T? l? nghi v?n: 1.0 | M?c ??: 16.0
Blue Rain,Blue Rain,C?n ti?ng Anh nghi v?n: Blue; Rain | S? t?/c?m nghi v?n: 2 | T? l? nghi v?n: 1.0 | M?c ??: 16.0
Crimson Throne,Crimson Throne,C?n ti?ng Anh nghi v?n: Crimson; Throne | S? t?/c?m nghi v?n: 2 | T? l? nghi v?n: 1.0 | M?c ??: 16.0
Enter the Endstate Matrix,Tiến vào Endstate Matrix,C?n ti?ng Anh nghi v?n: Endstate; Matrix | S? t?/c?m nghi v?n: 2 | T? l? nghi v?n: 1.0 | M?c ??: 16.0
"""Caged Beast""","""Caged Beast""",C?n ti?ng Anh nghi v?n: Beast; Caged | S? t?/c?m nghi v?n: 2 | T? l? nghi v?n: 1.0 | M?c ??: 16.0
Bowtie Butler,Bowtie Butler,C?n ti?ng Anh nghi v?n: Bowtie; Butler | S? t?/c?m nghi v?n: 2 | T? l? nghi v?n: 1.0 | M?c ??: 16.0
Appreciative Passerby,Appreciative Passerby,C?n ti?ng Anh nghi v?n: Appreciative; Passerby | S? t?/c?m nghi v?n: 2 | T? l? nghi v?n: 1.0 | M?c ??: 16.0
Leave the Command Rise,Rời Command Rise,C?n ti?ng Anh nghi v?n: Command; Rise | S? t?/c?m nghi v?n: 2 | T? l? nghi v?n: 1.0 | M?c ??: 16.0
Sue White,Sue White,C?n ti?ng Anh nghi v?n: Sue; White | S? t?/c?m nghi v?n: 2 | T? l? nghi v?n: 1.0 | M?c ??: 16.0
Laurus Sprouts,Laurus Sprouts,C?n ti?ng Anh nghi v?n: Laurus; Sprouts | S? t?/c?m nghi v?n: 2 | T? l? nghi v?n: 1.0 | M?c ??: 16.0
Cheerful Newcomer,Cheerful Newcomer,C?n ti?ng Anh nghi v?n: Cheerful; Newcomer | S? t?/c?m nghi v?n: 2 | T? l? nghi v?n: 1.0 | M?c ??: 16.0
Galescourge Stalker,Galescourge Stalker,C?n ti?ng Anh nghi v?n: Galescourge; Stalker | S? t?/c?m nghi v?n: 2 | T? l? nghi v?n: 1.0 | M?c ??: 16.0
Mysterious Passerby,Mysterious Passerby,C?n ti?ng Anh nghi v?n: Mysterious; Passerby | S? t?/c?m nghi v?n: 2 | T? l? nghi v?n: 1.0 | M?c ??: 16.0
Abyssal Patricius,Abyssal Patricius,C?n ti?ng Anh nghi v?n: Abyssal; Patricius | S? t?/c?m nghi v?n: 2 | T? l? nghi v?n: 1.0 | M?c ??: 16.0
Feilian Beringal,Feilian Beringal,C?n ti?ng Anh nghi v?n: Beringal; Feilian | S? t?/c?m nghi v?n: 2 | T? l? nghi v?n: 1.0 | M?c ??: 16.0
Uncle Yun,Uncle Yun,C?n ti?ng Anh nghi v?n: Uncle; Yun | S? t?/c?m nghi v?n: 2 | T? l? nghi v?n: 1.0 | M?c ??: 16.0
Spearback Ursa,Spearback Ursa,C?n ti?ng Anh nghi v?n: Spearback; Ursa | S? t?/c?m nghi v?n: 2 | T? l? nghi v?n: 1.0 | M?c ??: 16.0
Nightmare: Hecate,Nightmare: Hecate,C?n ti?ng Anh nghi v?n: Hecate; Nightmare | S? t?/c?m nghi v?n: 2 | T? l? nghi v?n: 1.0 | M?c ??: 16.0
Mining Drone,Mining Drone,C?n ti?ng Anh nghi v?n: Drone; Mining | S? t?/c?m nghi v?n: 2 | T? l? nghi v?n: 1.0 | M?c ??: 16.0
Yi Dian,Yi Dian,C?n ti?ng Anh nghi v?n: Dian; Yi | S? t?/c?m nghi v?n: 2 | T? l? nghi v?n: 1.0 | M?c ??: 16.0
Voidspawn: Kronablight,Voidspawn: Kronablight,C?n ti?ng Anh nghi v?n: Kronablight; Voidspawn | S? t?/c?m nghi v?n: 2 | T? l? nghi v?n: 1.0 | M?c ??: 16.0
Tian Menglin,Tian Menglin,C?n ti?ng Anh nghi v?n: Menglin; Tian | S? t?/c?m nghi v?n: 2 | T? l? nghi v?n: 1.0 | M?c ??: 16.0
Leave the Resounding Rise,Rời Resounding Rise,C?n ti?ng Anh nghi v?n: Resounding; Rise | S? t?/c?m nghi v?n: 2 | T? l? nghi v?n: 1.0 | M?c ??: 16.0
Oil Painting,Oil Painting,C?n ti?ng Anh nghi v?n: Oil; Painting | S? t?/c?m nghi v?n: 2 | T? l? nghi v?n: 1.0 | M?c ??: 16.0
Thunder Mage,Thunder Mage,C?n ti?ng Anh nghi v?n: Mage; Thunder | S? t?/c?m nghi v?n: 2 | T? l? nghi v?n: 1.0 | M?c ??: 16.0
KU-Water,KU-Water,C?n ti?ng Anh nghi v?n: KU; Water | S? t?/c?m nghi v?n: 2 | T? l? nghi v?n: 1.0 | M?c ??: 16.0
KU-Pare,KU-Pare,C?n ti?ng Anh nghi v?n: KU; Pare | S? t?/c?m nghi v?n: 2 | T? l? nghi v?n: 1.0 | M?c ??: 16.0
Foxtail Kelp,Foxtail Kelp,C?n ti?ng Anh nghi v?n: Foxtail; Kelp | S? t?/c?m nghi v?n: 2 | T? l? nghi v?n: 1.0 | M?c ??: 16.0
Uncle Jiang,Uncle Jiang,C?n ti?ng Anh nghi v?n: Jiang; Uncle | S? t?/c?m nghi v?n: 2 | T? l? nghi v?n: 1.0 | M?c ??: 16.0
Phantom: Crownless,Phantom: Crownless,C?n ti?ng Anh nghi v?n: Crownless; Phantom | S? t?/c?m nghi v?n: 2 | T? l? nghi v?n: 1.0 | M?c ??: 16.0
Go to Porto-Veno Castle,Đến Lâu Đài Porto-Veno,C?n ti?ng Anh nghi v?n: Porto; Veno | S? t?/c?m nghi v?n: 2 | T? l? nghi v?n: 1.0 | M?c ??: 16.0
Uncle Gao,Uncle Gao,C?n ti?ng Anh nghi v?n: Gao; Uncle | S? t?/c?m nghi v?n: 2 | T? l? nghi v?n: 1.0 | M?c ??: 16.0
Summer Flower,Summer Flower,C?n ti?ng Anh nghi v?n: Flower; Summer | S? t?/c?m nghi v?n: 2 | T? l? nghi v?n: 1.0 | M?c ??: 16.0
Lu Shen,Lu Shen,C?n ti?ng Anh nghi v?n: Lu; Shen | S? t?/c?m nghi v?n: 2 | T? l? nghi v?n: 1.0 | M?c ??: 16.0
Faithful Follower,Faithful Follower,C?n ti?ng Anh nghi v?n: Faithful; Follower | S? t?/c?m nghi v?n: 2 | T? l? nghi v?n: 1.0 | M?c ??: 16.0
Mourning Aix,Mourning Aix,C?n ti?ng Anh nghi v?n: Aix; Mourning | S? t?/c?m nghi v?n: 2 | T? l? nghi v?n: 1.0 | M?c ??: 16.0
KU-Riri,KU-Riri,C?n ti?ng Anh nghi v?n: KU; Riri | S? t?/c?m nghi v?n: 2 | T? l? nghi v?n: 1.0 | M?c ??: 16.0
Rusty Axe,Rusty Axe,C?n ti?ng Anh nghi v?n: Axe; Rusty | S? t?/c?m nghi v?n: 2 | T? l? nghi v?n: 1.0 | M?c ??: 16.0
Excited Audience,Excited Audience,C?n ti?ng Anh nghi v?n: Audience; Excited | S? t?/c?m nghi v?n: 2 | T? l? nghi v?n: 1.0 | M?c ??: 16.0
Snowfluff Seal,Snowfluff Seal,C?n ti?ng Anh nghi v?n: Seal; Snowfluff | S? t?/c?m nghi v?n: 2 | T? l? nghi v?n: 1.0 | M?c ??: 16.0
KU-Rout,KU-Rout,C?n ti?ng Anh nghi v?n: KU; Rout | S? t?/c?m nghi v?n: 2 | T? l? nghi v?n: 1.0 | M?c ??: 16.0
: Plenilune Sacrifice,: Plenilune Sacrifice,C?n ti?ng Anh nghi v?n: Plenilune; Sacrifice | S? t?/c?m nghi v?n: 2 | T? l? nghi v?n: 1.0 | M?c ??: 16.0
KU-Cannon,KU-Cannon,C?n ti?ng Anh nghi v?n: Cannon; KU | S? t?/c?m nghi v?n: 2 | T? l? nghi v?n: 1.0 | M?c ??: 16.0
Audio Log 1,Audio Log 1,C?n ti?ng Anh nghi v?n: Audio; Log | S? t?/c?m nghi v?n: 2 | T? l? nghi v?n: 1.0 | M?c ??: 16.0
Nightmare: Crownless,Nightmare: Crownless,C?n ti?ng Anh nghi v?n: Crownless; Nightmare | S? t?/c?m nghi v?n: 2 | T? l? nghi v?n: 1.0 | M?c ??: 16.0
Tracy Jacks,Tracy Jacks,C?n ti?ng Anh nghi v?n: Jacks; Tracy | S? t?/c?m nghi v?n: 2 | T? l? nghi v?n: 1.0 | M?c ??: 16.0
Rock Mirror,Rock Mirror,C?n ti?ng Anh nghi v?n: Mirror; Rock | S? t?/c?m nghi v?n: 2 | T? l? nghi v?n: 1.0 | M?c ??: 16.0
Bird Egg,Bird Egg,C?n ti?ng Anh nghi v?n: Bird; Egg | S? t?/c?m nghi v?n: 2 | T? l? nghi v?n: 1.0 | M?c ??: 16.0
Fixed Grapple,Fixed Grapple,C?n ti?ng Anh nghi v?n: Fixed; Grapple | S? t?/c?m nghi v?n: 2 | T? l? nghi v?n: 1.0 | M?c ??: 16.0
Enter the Sonoro Sphere,Vào Sonoro Sphere,C?n ti?ng Anh nghi v?n: Sonoro; Sphere | S? t?/c?m nghi v?n: 2 | T? l? nghi v?n: 1.0 | M?c ??: 16.0
Brant Cube,Brant Cube,C?n ti?ng Anh nghi v?n: Brant; Cube | S? t?/c?m nghi v?n: 2 | T? l? nghi v?n: 1.0 | M?c ??: 16.0
Battered Gladiator,Battered Gladiator,C?n ti?ng Anh nghi v?n: Battered; Gladiator | S? t?/c?m nghi v?n: 2 | T? l? nghi v?n: 1.0 | M?c ??: 16.0
KU-Kelar,KU-Kelar,C?n ti?ng Anh nghi v?n: Kelar; KU | S? t?/c?m nghi v?n: 2 | T? l? nghi v?n: 1.0 | M?c ??: 16.0
Stonewall Bracer,Stonewall Bracer,C?n ti?ng Anh nghi v?n: Bracer; Stonewall | S? t?/c?m nghi v?n: 2 | T? l? nghi v?n: 1.0 | M?c ??: 16.0
Reactor Husk,Reactor Husk,C?n ti?ng Anh nghi v?n: Husk; Reactor | S? t?/c?m nghi v?n: 2 | T? l? nghi v?n: 1.0 | M?c ??: 16.0
Ivory Gatekeeper,Ivory Gatekeeper,C?n ti?ng Anh nghi v?n: Gatekeeper; Ivory | S? t?/c?m nghi v?n: 2 | T? l? nghi v?n: 1.0 | M?c ??: 16.0
"""Alter Ego""","""Alter Ego""",C?n ti?ng Anh nghi v?n: Alter; Ego | S? t?/c?m nghi v?n: 2 | T? l? nghi v?n: 1.0 | M?c ??: 16.0
Aetherfin Sliding,Aetherfin Sliding,C?n ti?ng Anh nghi v?n: Aetherfin; Sliding | S? t?/c?m nghi v?n: 2 | T? l? nghi v?n: 1.0 | M?c ??: 16.0
"""Red Eagle""","""Red Eagle""",C?n ti?ng Anh nghi v?n: Eagle; Red | S? t?/c?m nghi v?n: 2 | T? l? nghi v?n: 1.0 | M?c ??: 16.0
Instructor Dashan,Instructor Dashan,C?n ti?ng Anh nghi v?n: Dashan; Instructor | S? t?/c?m nghi v?n: 2 | T? l? nghi v?n: 1.0 | M?c ??: 16.0
KU-Boku,KU-Boku,C?n ti?ng Anh nghi v?n: Boku; KU | S? t?/c?m nghi v?n: 2 | T? l? nghi v?n: 1.0 | M?c ??: 16.0
Fission Junrock,Fission Junrock,C?n ti?ng Anh nghi v?n: Fission; Junrock | S? t?/c?m nghi v?n: 2 | T? l? nghi v?n: 1.0 | M?c ??: 16.0
Meticulous Acolyte,Meticulous Acolyte,C?n ti?ng Anh nghi v?n: Acolyte; Meticulous | S? t?/c?m nghi v?n: 2 | T? l? nghi v?n: 1.0 | M?c ??: 16.0
Bossrush Ground,Bossrush Ground,C?n ti?ng Anh nghi v?n: Bossrush; Ground | S? t?/c?m nghi v?n: 2 | T? l? nghi v?n: 1.0 | M?c ??: 16.0
Exile A,Exile A,C?n ti?ng Anh nghi v?n: A; Exile | S? t?/c?m nghi v?n: 2 | T? l? nghi v?n: 1.0 | M?c ??: 16.0
Destructible Vehicle,Destructible Vehicle,C?n ti?ng Anh nghi v?n: Destructible; Vehicle | S? t?/c?m nghi v?n: 2 | T? l? nghi v?n: 1.0 | M?c ??: 16.0
Exile Cube,Exile Cube,C?n ti?ng Anh nghi v?n: Cube; Exile | S? t?/c?m nghi v?n: 2 | T? l? nghi v?n: 1.0 | M?c ??: 16.0
Sad Gladiator,Sad Gladiator,C?n ti?ng Anh nghi v?n: Gladiator; Sad | S? t?/c?m nghi v?n: 2 | T? l? nghi v?n: 1.0 | M?c ??: 16.0
Water Beetle,Water Beetle,C?n ti?ng Anh nghi v?n: Beetle; Water | S? t?/c?m nghi v?n: 2 | T? l? nghi v?n: 1.0 | M?c ??: 16.0
KU-Goodie,KU-Goodie,C?n ti?ng Anh nghi v?n: Goodie; KU | S? t?/c?m nghi v?n: 2 | T? l? nghi v?n: 1.0 | M?c ??: 16.0
Bruno Burrata,Bruno Burrata,C?n ti?ng Anh nghi v?n: Bruno; Burrata | S? t?/c?m nghi v?n: 2 | T? l? nghi v?n: 1.0 | M?c ??: 16.0
Cooking Stove,Cooking Stove,C?n ti?ng Anh nghi v?n: Cooking; Stove | S? t?/c?m nghi v?n: 2 | T? l? nghi v?n: 1.0 | M?c ??: 16.0
Lampylumen Myriad,Lampylumen Myriad,C?n ti?ng Anh nghi v?n: Lampylumen; Myriad | S? t?/c?m nghi v?n: 2 | T? l? nghi v?n: 1.0 | M?c ??: 16.0
": ""Nameless Evermore""",": ""Nameless Evermore""",C?n ti?ng Anh nghi v?n: Evermore; Nameless | S? t?/c?m nghi v?n: 2 | T? l? nghi v?n: 1.0 | M?c ??: 16.0
Vortex's Eye,Vortex's Eye,C?n ti?ng Anh nghi v?n: Eye; Vortex's | S? t?/c?m nghi v?n: 2 | T? l? nghi v?n: 1.0 | M?c ??: 16.0
Light Builder,Light Builder,C?n ti?ng Anh nghi v?n: Builder; Light | S? t?/c?m nghi v?n: 2 | T? l? nghi v?n: 1.0 | M?c ??: 16.0
Masch Rai,Masch Rai,C?n ti?ng Anh nghi v?n: Masch; Rai | S? t?/c?m nghi v?n: 2 | T? l? nghi v?n: 1.0 | M?c ??: 16.0
Green Rabbit,Green Rabbit,C?n ti?ng Anh nghi v?n: Green; Rabbit | S? t?/c?m nghi v?n: 2 | T? l? nghi v?n: 1.0 | M?c ??: 16.0
Water Lily,Water Lily,C?n ti?ng Anh nghi v?n: Lily; Water | S? t?/c?m nghi v?n: 2 | T? l? nghi v?n: 1.0 | M?c ??: 16.0
KU-Miki,KU-Miki,C?n ti?ng Anh nghi v?n: KU; Miki | S? t?/c?m nghi v?n: 2 | T? l? nghi v?n: 1.0 | M?c ??: 16.0
Play Channel 2,Play Channel 2,C?n ti?ng Anh nghi v?n: Channel; Play | S? t?/c?m nghi v?n: 2 | T? l? nghi v?n: 1.0 | M?c ??: 16.0
Fitness Influencer,Fitness Influencer,C?n ti?ng Anh nghi v?n: Fitness; Influencer | S? t?/c?m nghi v?n: 2 | T? l? nghi v?n: 1.0 | M?c ??: 16.0
Mining Reindeer,Mining Reindeer,C?n ti?ng Anh nghi v?n: Mining; Reindeer | S? t?/c?m nghi v?n: 2 | T? l? nghi v?n: 1.0 | M?c ??: 16.0
Freshmen Instructor,Freshmen Instructor,C?n ti?ng Anh nghi v?n: Freshmen; Instructor | S? t?/c?m nghi v?n: 2 | T? l? nghi v?n: 1.0 | M?c ??: 16.0
Ruin Gate,Ruin Gate,C?n ti?ng Anh nghi v?n: Gate; Ruin | S? t?/c?m nghi v?n: 2 | T? l? nghi v?n: 1.0 | M?c ??: 16.0
Thunder Ursa,Thunder Ursa,C?n ti?ng Anh nghi v?n: Thunder; Ursa | S? t?/c?m nghi v?n: 2 | T? l? nghi v?n: 1.0 | M?c ??: 16.0
Midnight Ranger,Midnight Ranger,C?n ti?ng Anh nghi v?n: Midnight; Ranger | S? t?/c?m nghi v?n: 2 | T? l? nghi v?n: 1.0 | M?c ??: 16.0
Sparkling Memories,Sparkling Memories,C?n ti?ng Anh nghi v?n: Memories; Sparkling | S? t?/c?m nghi v?n: 2 | T? l? nghi v?n: 1.0 | M?c ??: 16.0
Summon Gondola,Summon Gondola,C?n ti?ng Anh nghi v?n: Gondola; Summon | S? t?/c?m nghi v?n: 2 | T? l? nghi v?n: 1.0 | M?c ??: 16.0
Researcher Garcia,Researcher Garcia,C?n ti?ng Anh nghi v?n: Garcia; Researcher | S? t?/c?m nghi v?n: 2 | T? l? nghi v?n: 1.0 | M?c ??: 16.0
Sound Emulator,Sound Emulator,C?n ti?ng Anh nghi v?n: Emulator; Sound | S? t?/c?m nghi v?n: 2 | T? l? nghi v?n: 1.0 | M?c ??: 16.0
Bajorn Sheep,Bajorn Sheep,C?n ti?ng Anh nghi v?n: Bajorn; Sheep | S? t?/c?m nghi v?n: 2 | T? l? nghi v?n: 1.0 | M?c ??: 16.0
The Tactical Simulacra event has ended,Sự kiện Tactical Simulacra đã kết thúc,C?n ti?ng Anh nghi v?n: Simulacra; Tactical | S? t?/c?m nghi v?n: 2 | T? l? nghi v?n: 1.0 | M?c ??: 16.0
Flora Drone,Flora Drone,C?n ti?ng Anh nghi v?n: Drone; Flora | S? t?/c?m nghi v?n: 2 | T? l? nghi v?n: 1.0 | M?c ??: 16.0
Dark Mage,Dark Mage,C?n ti?ng Anh nghi v?n: Dark; Mage | S? t?/c?m nghi v?n: 2 | T? l? nghi v?n: 1.0 | M?c ??: 16.0
Coordinates Designation,Coordinates Designation,C?n ti?ng Anh nghi v?n: Coordinates; Designation | S? t?/c?m nghi v?n: 2 | T? l? nghi v?n: 1.0 | M?c ??: 16.0
Moss Amber,Moss Amber,C?n ti?ng Anh nghi v?n: Amber; Moss | S? t?/c?m nghi v?n: 2 | T? l? nghi v?n: 1.0 | M?c ??: 16.0
Spacetrek Convoy Supplies,Spacetrek Convoy Vật tư,C?n ti?ng Anh nghi v?n: Convoy; Spacetrek | S? t?/c?m nghi v?n: 2 | T? l? nghi v?n: 1.0 | M?c ??: 16.0
Border Patrol,Border Patrol,C?n ti?ng Anh nghi v?n: Border; Patrol | S? t?/c?m nghi v?n: 2 | T? l? nghi v?n: 1.0 | M?c ??: 16.0
Elevator Console,Elevator Console,C?n ti?ng Anh nghi v?n: Console; Elevator | S? t?/c?m nghi v?n: 2 | T? l? nghi v?n: 1.0 | M?c ??: 16.0
Mad Knight,Mad Knight,C?n ti?ng Anh nghi v?n: Knight; Mad | S? t?/c?m nghi v?n: 2 | T? l? nghi v?n: 1.0 | M?c ??: 16.0
Meteoric Iron,Meteoric Iron,C?n ti?ng Anh nghi v?n: Iron; Meteoric | S? t?/c?m nghi v?n: 2 | T? l? nghi v?n: 1.0 | M?c ??: 16.0
Shadow Stepper,Shadow Stepper,C?n ti?ng Anh nghi v?n: Shadow; Stepper | S? t?/c?m nghi v?n: 2 | T? l? nghi v?n: 1.0 | M?c ??: 16.0
Angry Instructor,Angry Instructor,C?n ti?ng Anh nghi v?n: Angry; Instructor | S? t?/c?m nghi v?n: 2 | T? l? nghi v?n: 1.0 | M?c ??: 16.0
Black Shores Member,Thành viên Black Shores,C?n ti?ng Anh nghi v?n: Black; Shores | S? t?/c?m nghi v?n: 2 | T? l? nghi v?n: 1.0 | M?c ??: 16.0
Timid Acolyte,Timid Acolyte,C?n ti?ng Anh nghi v?n: Acolyte; Timid | S? t?/c?m nghi v?n: 2 | T? l? nghi v?n: 1.0 | M?c ??: 16.0
Ebony Gatekeeper,Ebony Gatekeeper,C?n ti?ng Anh nghi v?n: Ebony; Gatekeeper | S? t?/c?m nghi v?n: 2 | T? l? nghi v?n: 1.0 | M?c ??: 16.0
Bloodtear Warrior,Bloodtear Warrior,C?n ti?ng Anh nghi v?n: Bloodtear; Warrior | S? t?/c?m nghi v?n: 2 | T? l? nghi v?n: 1.0 | M?c ??: 16.0
Hurriclaw Alpha,Hurriclaw Alpha,C?n ti?ng Anh nghi v?n: Alpha; Hurriclaw | S? t?/c?m nghi v?n: 2 | T? l? nghi v?n: 1.0 | M?c ??: 16.0
Drunk Gladiator,Drunk Gladiator,C?n ti?ng Anh nghi v?n: Drunk; Gladiator | S? t?/c?m nghi v?n: 2 | T? l? nghi v?n: 1.0 | M?c ??: 16.0
Seaside Cendrelis,Seaside Cendrelis,C?n ti?ng Anh nghi v?n: Cendrelis; Seaside | S? t?/c?m nghi v?n: 2 | T? l? nghi v?n: 1.0 | M?c ??: 16.0
Snow Owl,Snow Owl,C?n ti?ng Anh nghi v?n: Owl; Snow | S? t?/c?m nghi v?n: 2 | T? l? nghi v?n: 1.0 | M?c ??: 16.0
Supply Chests,Supply Chests,C?n ti?ng Anh nghi v?n: Chests; Supply | S? t?/c?m nghi v?n: 2 | T? l? nghi v?n: 1.0 | M?c ??: 16.0
Professor Edgar,Professor Edgar,C?n ti?ng Anh nghi v?n: Edgar; Professor | S? t?/c?m nghi v?n: 2 | T? l? nghi v?n: 1.0 | M?c ??: 16.0
Range Designation,Range Designation,C?n ti?ng Anh nghi v?n: Designation; Range | S? t?/c?m nghi v?n: 2 | T? l? nghi v?n: 1.0 | M?c ??: 16.0
Rocksteady Guardian,Rocksteady Guardian,C?n ti?ng Anh nghi v?n: Guardian; Rocksteady | S? t?/c?m nghi v?n: 2 | T? l? nghi v?n: 1.0 | M?c ??: 16.0
Cunning Outcast,Cunning Outcast,C?n ti?ng Anh nghi v?n: Cunning; Outcast | S? t?/c?m nghi v?n: 2 | T? l? nghi v?n: 1.0 | M?c ??: 16.0
Excited Adventurer,Excited Adventurer,C?n ti?ng Anh nghi v?n: Adventurer; Excited | S? t?/c?m nghi v?n: 2 | T? l? nghi v?n: 1.0 | M?c ??: 16.0
Wooly White,Wooly White,C?n ti?ng Anh nghi v?n: White; Wooly | S? t?/c?m nghi v?n: 2 | T? l? nghi v?n: 1.0 | M?c ??: 16.0
Head to the Nightmare Nest,Đến Nightmare Nest,C?n ti?ng Anh nghi v?n: Nest; Nightmare | S? t?/c?m nghi v?n: 2 | T? l? nghi v?n: 1.0 | M?c ??: 16.0
Ferocious Dog,Ferocious Dog,C?n ti?ng Anh nghi v?n: Dog; Ferocious | S? t?/c?m nghi v?n: 2 | T? l? nghi v?n: 1.0 | M?c ??: 16.0
Phantom: Capitaneus,Phantom: Capitaneus,C?n ti?ng Anh nghi v?n: Capitaneus; Phantom | S? t?/c?m nghi v?n: 2 | T? l? nghi v?n: 1.0 | M?c ??: 16.0
Central Hub,Central Hub,C?n ti?ng Anh nghi v?n: Central; Hub | S? t?/c?m nghi v?n: 2 | T? l? nghi v?n: 1.0 | M?c ??: 16.0
Curious Spectator,Curious Spectator,C?n ti?ng Anh nghi v?n: Curious; Spectator | S? t?/c?m nghi v?n: 2 | T? l? nghi v?n: 1.0 | M?c ??: 16.0
Start Capsule Machine,Khởi động Capsule Machine,C?n ti?ng Anh nghi v?n: Capsule; Machine | S? t?/c?m nghi v?n: 2 | T? l? nghi v?n: 1.0 | M?c ??: 16.0
KU-Tolo,KU-Tolo,C?n ti?ng Anh nghi v?n: KU; Tolo | S? t?/c?m nghi v?n: 2 | T? l? nghi v?n: 1.0 | M?c ??: 16.0
Laurus Gazelle,Laurus Gazelle,C?n ti?ng Anh nghi v?n: Gazelle; Laurus | S? t?/c?m nghi v?n: 2 | T? l? nghi v?n: 1.0 | M?c ??: 16.0
Firefly Swarm,Firefly Swarm,C?n ti?ng Anh nghi v?n: Firefly; Swarm | S? t?/c?m nghi v?n: 2 | T? l? nghi v?n: 1.0 | M?c ??: 16.0
Sliverglow Bloom,Sliverglow Bloom,C?n ti?ng Anh nghi v?n: Bloom; Sliverglow | S? t?/c?m nghi v?n: 2 | T? l? nghi v?n: 1.0 | M?c ??: 16.0
Tony Junior,Tony Junior,C?n ti?ng Anh nghi v?n: Junior; Tony | S? t?/c?m nghi v?n: 2 | T? l? nghi v?n: 1.0 | M?c ??: 16.0
Serious Acolyte,Serious Acolyte,C?n ti?ng Anh nghi v?n: Acolyte; Serious | S? t?/c?m nghi v?n: 2 | T? l? nghi v?n: 1.0 | M?c ??: 16.0
Exile B,Exile B,C?n ti?ng Anh nghi v?n: B; Exile | S? t?/c?m nghi v?n: 2 | T? l? nghi v?n: 1.0 | M?c ??: 16.0
: Withering Red,: Withering Red,C?n ti?ng Anh nghi v?n: Red; Withering | S? t?/c?m nghi v?n: 2 | T? l? nghi v?n: 1.0 | M?c ??: 16.0
Serious Patroller,Serious Patroller,C?n ti?ng Anh nghi v?n: Patroller; Serious | S? t?/c?m nghi v?n: 2 | T? l? nghi v?n: 1.0 | M?c ??: 16.0
Quit Interaction,Quit Interaction,C?n ti?ng Anh nghi v?n: Interaction; Quit | S? t?/c?m nghi v?n: 2 | T? l? nghi v?n: 1.0 | M?c ??: 16.0
Phagosite: Bipolarch,Phagosite: Bipolarch,C?n ti?ng Anh nghi v?n: Bipolarch; Phagosite | S? t?/c?m nghi v?n: 2 | T? l? nghi v?n: 1.0 | M?c ??: 16.0
Nervous Exile,Nervous Exile,C?n ti?ng Anh nghi v?n: Exile; Nervous | S? t?/c?m nghi v?n: 2 | T? l? nghi v?n: 1.0 | M?c ??: 16.0
Panhua's Restaurant,Panhua's Restaurant,C?n ti?ng Anh nghi v?n: Panhua's; Restaurant | S? t?/c?m nghi v?n: 2 | T? l? nghi v?n: 1.0 | M?c ??: 16.0
Giant Soliskin,Giant Soliskin,C?n ti?ng Anh nghi v?n: Giant; Soliskin | S? t?/c?m nghi v?n: 2 | T? l? nghi v?n: 1.0 | M?c ??: 16.0
Phantom: Capitaneus,Phantom: Capitaneus,C?n ti?ng Anh nghi v?n: Capitaneus; Phantom | S? t?/c?m nghi v?n: 2 | T? l? nghi v?n: 1.0 | M?c ??: 16.0
Julia Jamie,Julia Jamie,C?n ti?ng Anh nghi v?n: Jamie; Julia | S? t?/c?m nghi v?n: 2 | T? l? nghi v?n: 1.0 | M?c ??: 16.0
Tacetite Pollution,Tacetite Pollution,C?n ti?ng Anh nghi v?n: Pollution; Tacetite | S? t?/c?m nghi v?n: 2 | T? l? nghi v?n: 1.0 | M?c ??: 16.0
Diggy Duggy,Diggy Duggy,C?n ti?ng Anh nghi v?n: Diggy; Duggy | S? t?/c?m nghi v?n: 2 | T? l? nghi v?n: 1.0 | M?c ??: 16.0
Roccia Cube,Roccia Cube,C?n ti?ng Anh nghi v?n: Cube; Roccia | S? t?/c?m nghi v?n: 2 | T? l? nghi v?n: 1.0 | M?c ??: 16.0
Voidspawn: Ironhoof,Voidspawn: Ironhoof,C?n ti?ng Anh nghi v?n: Ironhoof; Voidspawn | S? t?/c?m nghi v?n: 2 | T? l? nghi v?n: 1.0 | M?c ??: 16.0
Lumiscale Construct,Lumiscale Construct,C?n ti?ng Anh nghi v?n: Construct; Lumiscale | S? t?/c?m nghi v?n: 2 | T? l? nghi v?n: 1.0 | M?c ??: 16.0
Explosive Charge,Explosive Charge,C?n ti?ng Anh nghi v?n: Charge; Explosive | S? t?/c?m nghi v?n: 2 | T? l? nghi v?n: 1.0 | M?c ??: 16.0
KU-Haha,KU-Haha,C?n ti?ng Anh nghi v?n: Haha; KU | S? t?/c?m nghi v?n: 2 | T? l? nghi v?n: 1.0 | M?c ??: 16.0
Iceglint Dancer,Iceglint Dancer,C?n ti?ng Anh nghi v?n: Dancer; Iceglint | S? t?/c?m nghi v?n: 2 | T? l? nghi v?n: 1.0 | M?c ??: 16.0
Tired Fluffguin,Tired Fluffguin,C?n ti?ng Anh nghi v?n: Fluffguin; Tired | S? t?/c?m nghi v?n: 2 | T? l? nghi v?n: 1.0 | M?c ??: 16.0
Sigrika's Diary,Sigrika's Diary,C?n ti?ng Anh nghi v?n: Diary; Sigrika's | S? t?/c?m nghi v?n: 2 | T? l? nghi v?n: 1.0 | M?c ??: 16.0
Troubled Courier,Troubled Courier,C?n ti?ng Anh nghi v?n: Courier; Troubled | S? t?/c?m nghi v?n: 2 | T? l? nghi v?n: 1.0 | M?c ??: 16.0
: Newborn Desires,: Newborn Desires,C?n ti?ng Anh nghi v?n: Desires; Newborn | S? t?/c?m nghi v?n: 2 | T? l? nghi v?n: 1.0 | M?c ??: 16.0
KU-Kadet,KU-Kadet,C?n ti?ng Anh nghi v?n: Kadet; KU | S? t?/c?m nghi v?n: 2 | T? l? nghi v?n: 1.0 | M?c ??: 16.0
HA: Detonate,HA: Detonate,C?n ti?ng Anh nghi v?n: Detonate; HA | S? t?/c?m nghi v?n: 2 | T? l? nghi v?n: 1.0 | M?c ??: 16.0
Aim On,Aim On,C?n ti?ng Anh nghi v?n: Aim; On | S? t?/c?m nghi v?n: 2 | T? l? nghi v?n: 1.0 | M?c ??: 16.0
Aim Off,Aim Off,C?n ti?ng Anh nghi v?n: Aim; Off | S? t?/c?m nghi v?n: 2 | T? l? nghi v?n: 1.0 | M?c ??: 16.0
HA - Inversion,HA - Inversion,C?n ti?ng Anh nghi v?n: HA; Inversion | S? t?/c?m nghi v?n: 2 | T? l? nghi v?n: 1.0 | M?c ??: 16.0
Aim Off,Aim Off,C?n ti?ng Anh nghi v?n: Aim; Off | S? t?/c?m nghi v?n: 2 | T? l? nghi v?n: 1.0 | M?c ??: 16.0
Keep Holding,Keep Holding,C?n ti?ng Anh nghi v?n: Holding; Keep | S? t?/c?m nghi v?n: 2 | T? l? nghi v?n: 1.0 | M?c ??: 16.0
Rending Lunge,Rending Lunge,C?n ti?ng Anh nghi v?n: Lunge; Rending | S? t?/c?m nghi v?n: 2 | T? l? nghi v?n: 1.0 | M?c ??: 16.0
Death Snip,Death Snip,C?n ti?ng Anh nghi v?n: Death; Snip | S? t?/c?m nghi v?n: 2 | T? l? nghi v?n: 1.0 | M?c ??: 16.0
Thread Withdrawn,Thread Withdrawn,C?n ti?ng Anh nghi v?n: Thread; Withdrawn | S? t?/c?m nghi v?n: 2 | T? l? nghi v?n: 1.0 | M?c ??: 16.0
Hanging Finality,Hanging Finality,C?n ti?ng Anh nghi v?n: Finality; Hanging | S? t?/c?m nghi v?n: 2 | T? l? nghi v?n: 1.0 | M?c ??: 16.0
Lifethread - Glide,Lifethread - Glide,C?n ti?ng Anh nghi v?n: Glide; Lifethread | S? t?/c?m nghi v?n: 2 | T? l? nghi v?n: 1.0 | M?c ??: 16.0
Flaming Sacrifice,Flaming Sacrifice,C?n ti?ng Anh nghi v?n: Flaming; Sacrifice | S? t?/c?m nghi v?n: 2 | T? l? nghi v?n: 1.0 | M?c ??: 16.0
Closing Refrain,Closing Refrain,C?n ti?ng Anh nghi v?n: Closing; Refrain | S? t?/c?m nghi v?n: 2 | T? l? nghi v?n: 1.0 | M?c ??: 16.0
Special Dodge,Special Dodge,C?n ti?ng Anh nghi v?n: Dodge; Special | S? t?/c?m nghi v?n: 2 | T? l? nghi v?n: 1.0 | M?c ??: 16.0
Sonance Casket,Sonance Casket,C?n ti?ng Anh nghi v?n: Casket; Sonance | S? t?/c?m nghi v?n: 2 | T? l? nghi v?n: 1.0 | M?c ??: 16.0
Sonance Casket,Sonance Casket,C?n ti?ng Anh nghi v?n: Casket; Sonance | S? t?/c?m nghi v?n: 2 | T? l? nghi v?n: 1.0 | M?c ??: 16.0
Training Dummy,Training Dummy,C?n ti?ng Anh nghi v?n: Dummy; Training | S? t?/c?m nghi v?n: 2 | T? l? nghi v?n: 1.0 | M?c ??: 16.0
Propulsion Flux,Propulsion Flux,C?n ti?ng Anh nghi v?n: Flux; Propulsion | S? t?/c?m nghi v?n: 2 | T? l? nghi v?n: 1.0 | M?c ??: 16.0
Zoom Camera,Zoom Camera,C?n ti?ng Anh nghi v?n: Camera; Zoom | S? t?/c?m nghi v?n: 2 | T? l? nghi v?n: 1.0 | M?c ??: 16.0
Tempest Mephis,Tempest Mephis,C?n ti?ng Anh nghi v?n: Mephis; Tempest | S? t?/c?m nghi v?n: 2 | T? l? nghi v?n: 1.0 | M?c ??: 16.0
Impermanence Heron,Impermanence Heron,C?n ti?ng Anh nghi v?n: Heron; Impermanence | S? t?/c?m nghi v?n: 2 | T? l? nghi v?n: 1.0 | M?c ??: 16.0
Inferno Rider,Inferno Rider,C?n ti?ng Anh nghi v?n: Inferno; Rider | S? t?/c?m nghi v?n: 2 | T? l? nghi v?n: 1.0 | M?c ??: 16.0
Feilian Beringal,Feilian Beringal,C?n ti?ng Anh nghi v?n: Beringal; Feilian | S? t?/c?m nghi v?n: 2 | T? l? nghi v?n: 1.0 | M?c ??: 16.0
Lampylumen Myriad,Lampylumen Myriad,C?n ti?ng Anh nghi v?n: Lampylumen; Myriad | S? t?/c?m nghi v?n: 2 | T? l? nghi v?n: 1.0 | M?c ??: 16.0
Mourning Aix,Mourning Aix,C?n ti?ng Anh nghi v?n: Aix; Mourning | S? t?/c?m nghi v?n: 2 | T? l? nghi v?n: 1.0 | M?c ??: 16.0
Mech Abomination,Mech Abomination,C?n ti?ng Anh nghi v?n: Abomination; Mech | S? t?/c?m nghi v?n: 2 | T? l? nghi v?n: 1.0 | M?c ??: 16.0
Rocksteady Guardian,Rocksteady Guardian,C?n ti?ng Anh nghi v?n: Guardian; Rocksteady | S? t?/c?m nghi v?n: 2 | T? l? nghi v?n: 1.0 | M?c ??: 16.0
Hoochief Cyclone,Hoochief Cyclone,C?n ti?ng Anh nghi v?n: Cyclone; Hoochief | S? t?/c?m nghi v?n: 2 | T? l? nghi v?n: 1.0 | M?c ??: 16.0
Autopuppet Scout,Autopuppet Scout,C?n ti?ng Anh nghi v?n: Autopuppet; Scout | S? t?/c?m nghi v?n: 2 | T? l? nghi v?n: 1.0 | M?c ??: 16.0
Traffic Illuminator,Traffic Illuminator,C?n ti?ng Anh nghi v?n: Illuminator; Traffic | S? t?/c?m nghi v?n: 2 | T? l? nghi v?n: 1.0 | M?c ??: 16.0
Pilgrim's Shell,Pilgrim's Shell,C?n ti?ng Anh nghi v?n: Pilgrim's; Shell | S? t?/c?m nghi v?n: 2 | T? l? nghi v?n: 1.0 | M?c ??: 16.0
Prestige Points,Prestige Points,C?n ti?ng Anh nghi v?n: Points; Prestige | S? t?/c?m nghi v?n: 2 | T? l? nghi v?n: 1.0 | M?c ??: 16.0
Spikes & Corroders,Spikes & Corroders,C?n ti?ng Anh nghi v?n: Corroders; Spikes | S? t?/c?m nghi v?n: 2 | T? l? nghi v?n: 1.0 | M?c ??: 16.0
Fragile Rock,Fragile Rock,C?n ti?ng Anh nghi v?n: Fragile; Rock | S? t?/c?m nghi v?n: 2 | T? l? nghi v?n: 1.0 | M?c ??: 16.0
Road Sign,Road Sign,C?n ti?ng Anh nghi v?n: Road; Sign | S? t?/c?m nghi v?n: 2 | T? l? nghi v?n: 1.0 | M?c ??: 16.0
Tactical Hologram: Challenge,Tactical Hologram: Thử Thách,C?n ti?ng Anh nghi v?n: Hologram; Tactical | S? t?/c?m nghi v?n: 2 | T? l? nghi v?n: 1.0 | M?c ??: 16.0
Sound Emulator,Sound Emulator,C?n ti?ng Anh nghi v?n: Emulator; Sound | S? t?/c?m nghi v?n: 2 | T? l? nghi v?n: 1.0 | M?c ??: 16.0
Encryption Block,Encryption Block,C?n ti?ng Anh nghi v?n: Block; Encryption | S? t?/c?m nghi v?n: 2 | T? l? nghi v?n: 1.0 | M?c ??: 16.0
Grapple Shooter,Grapple Shooter,C?n ti?ng Anh nghi v?n: Grapple; Shooter | S? t?/c?m nghi v?n: 2 | T? l? nghi v?n: 1.0 | M?c ??: 16.0
Vine Trap,Vine Trap,C?n ti?ng Anh nghi v?n: Trap; Vine | S? t?/c?m nghi v?n: 2 | T? l? nghi v?n: 1.0 | M?c ??: 16.0
Magnetic Cube,Magnetic Cube,C?n ti?ng Anh nghi v?n: Cube; Magnetic | S? t?/c?m nghi v?n: 2 | T? l? nghi v?n: 1.0 | M?c ??: 16.0
Gravitation Vortex,Gravitation Vortex,C?n ti?ng Anh nghi v?n: Gravitation; Vortex | S? t?/c?m nghi v?n: 2 | T? l? nghi v?n: 1.0 | M?c ??: 16.0
Control Puppet,Control Puppet,C?n ti?ng Anh nghi v?n: Control; Puppet | S? t?/c?m nghi v?n: 2 | T? l? nghi v?n: 1.0 | M?c ??: 16.0
Rotate Space,Rotate Space,C?n ti?ng Anh nghi v?n: Rotate; Space | S? t?/c?m nghi v?n: 2 | T? l? nghi v?n: 1.0 | M?c ??: 16.0
Spinning Mechanism,Spinning Mechanism,C?n ti?ng Anh nghi v?n: Mechanism; Spinning | S? t?/c?m nghi v?n: 2 | T? l? nghi v?n: 1.0 | M?c ??: 16.0
Overdash Club,Overdash Club,C?n ti?ng Anh nghi v?n: Club; Overdash | S? t?/c?m nghi v?n: 2 | T? l? nghi v?n: 1.0 | M?c ??: 16.0
Signal Decoder,Signal Decoder,C?n ti?ng Anh nghi v?n: Decoder; Signal | S? t?/c?m nghi v?n: 2 | T? l? nghi v?n: 1.0 | M?c ??: 16.0
Occupying Banners,Occupying Banners,C?n ti?ng Anh nghi v?n: Banners; Occupying | S? t?/c?m nghi v?n: 2 | T? l? nghi v?n: 1.0 | M?c ??: 16.0
Special Banners,Special Banners,C?n ti?ng Anh nghi v?n: Banners; Special | S? t?/c?m nghi v?n: 2 | T? l? nghi v?n: 1.0 | M?c ??: 16.0
Dream Contagion,Dream Contagion,C?n ti?ng Anh nghi v?n: Contagion; Dream | S? t?/c?m nghi v?n: 2 | T? l? nghi v?n: 1.0 | M?c ??: 16.0
Hero's Slash,Hero's Slash,C?n ti?ng Anh nghi v?n: Hero's; Slash | S? t?/c?m nghi v?n: 2 | T? l? nghi v?n: 1.0 | M?c ??: 16.0
Hero's Rend,Hero's Rend,C?n ti?ng Anh nghi v?n: Hero's; Rend | S? t?/c?m nghi v?n: 2 | T? l? nghi v?n: 1.0 | M?c ??: 16.0
Bitter Resentment,Bitter Resentment,C?n ti?ng Anh nghi v?n: Bitter; Resentment | S? t?/c?m nghi v?n: 2 | T? l? nghi v?n: 1.0 | M?c ??: 16.0
Incinero Petal,Incinero Petal,C?n ti?ng Anh nghi v?n: Incinero; Petal | S? t?/c?m nghi v?n: 2 | T? l? nghi v?n: 1.0 | M?c ??: 16.0
Explosive Spear,Explosive Spear,C?n ti?ng Anh nghi v?n: Explosive; Spear | S? t?/c?m nghi v?n: 2 | T? l? nghi v?n: 1.0 | M?c ??: 16.0
Transform into the Inferno Rider,Biến Hình thành Inferno Rider,C?n ti?ng Anh nghi v?n: Inferno; Rider | S? t?/c?m nghi v?n: 2 | T? l? nghi v?n: 1.0 | M?c ??: 16.0
Swamp Vortex,Swamp Vortex,C?n ti?ng Anh nghi v?n: Swamp; Vortex | S? t?/c?m nghi v?n: 2 | T? l? nghi v?n: 1.0 | M?c ??: 16.0
Acropolis Documentarian,Acropolis Documentarian,C?n ti?ng Anh nghi v?n: Acropolis; Documentarian | S? t?/c?m nghi v?n: 2 | T? l? nghi v?n: 1.0 | M?c ??: 16.0
Pioneer Podcast,Podcast Pioneer,C?n ti?ng Anh nghi v?n: Pioneer; Podcast | S? t?/c?m nghi v?n: 2 | T? l? nghi v?n: 1.0 | M?c ??: 16.0
Sonoro Sphere,Sonoro Sphere,C?n ti?ng Anh nghi v?n: Sonoro; Sphere | S? t?/c?m nghi v?n: 2 | T? l? nghi v?n: 1.0 | M?c ??: 16.0
Sonoro Sphere,Sonoro Sphere,C?n ti?ng Anh nghi v?n: Sonoro; Sphere | S? t?/c?m nghi v?n: 2 | T? l? nghi v?n: 1.0 | M?c ??: 16.0
Sonoro Sphere,Sonoro Sphere,C?n ti?ng Anh nghi v?n: Sonoro; Sphere | S? t?/c?m nghi v?n: 2 | T? l? nghi v?n: 1.0 | M?c ??: 16.0
Sonoro Sphere,Sonoro Sphere,C?n ti?ng Anh nghi v?n: Sonoro; Sphere | S? t?/c?m nghi v?n: 2 | T? l? nghi v?n: 1.0 | M?c ??: 16.0
Moonlit Revelation,Moonlit Revelation,C?n ti?ng Anh nghi v?n: Moonlit; Revelation | S? t?/c?m nghi v?n: 2 | T? l? nghi v?n: 1.0 | M?c ??: 16.0
Sonoro Sphere,Sonoro Sphere,C?n ti?ng Anh nghi v?n: Sonoro; Sphere | S? t?/c?m nghi v?n: 2 | T? l? nghi v?n: 1.0 | M?c ??: 16.0
Casket Sonar,Casket Sonar,C?n ti?ng Anh nghi v?n: Casket; Sonar | S? t?/c?m nghi v?n: 2 | T? l? nghi v?n: 1.0 | M?c ??: 16.0
Freeze Frame: Action Highlights,Freeze Frame: Những Khoảnh Khắc Nổi Bật,C?n ti?ng Anh nghi v?n: Frame; Freeze | S? t?/c?m nghi v?n: 2 | T? l? nghi v?n: 1.0 | M?c ??: 16.0
Somnoire Collection System,Somnoire Collection Hệ thống,C?n ti?ng Anh nghi v?n: Collection; Somnoire | S? t?/c?m nghi v?n: 2 | T? l? nghi v?n: 1.0 | M?c ??: 16.0
Somnoire Collection System,Somnoire Collection Hệ thống,C?n ti?ng Anh nghi v?n: Collection; Somnoire | S? t?/c?m nghi v?n: 2 | T? l? nghi v?n: 1.0 | M?c ??: 16.0
Overdash Club,Overdash Club,C?n ti?ng Anh nghi v?n: Club; Overdash | S? t?/c?m nghi v?n: 2 | T? l? nghi v?n: 1.0 | M?c ??: 16.0
Awakening Journey,Awakening Journey,C?n ti?ng Anh nghi v?n: Awakening; Journey | S? t?/c?m nghi v?n: 2 | T? l? nghi v?n: 1.0 | M?c ??: 16.0
Voyage's Beginning,Voyage's Beginning,C?n ti?ng Anh nghi v?n: Beginning; Voyage's | S? t?/c?m nghi v?n: 2 | T? l? nghi v?n: 1.0 | M?c ??: 16.0
Rumbling Hollows,Rumbling Hollows,C?n ti?ng Anh nghi v?n: Hollows; Rumbling | S? t?/c?m nghi v?n: 2 | T? l? nghi v?n: 1.0 | M?c ??: 16.0
Sonance Casket,Sonance Casket,C?n ti?ng Anh nghi v?n: Casket; Sonance | S? t?/c?m nghi v?n: 2 | T? l? nghi v?n: 1.0 | M?c ??: 16.0
Vibration Strength,Vibration Strength,C?n ti?ng Anh nghi v?n: Strength; Vibration | S? t?/c?m nghi v?n: 2 | T? l? nghi v?n: 1.0 | M?c ??: 16.0
Tacetite Fulminate,Tacetite Fulminate,C?n ti?ng Anh nghi v?n: Fulminate; Tacetite | S? t?/c?m nghi v?n: 2 | T? l? nghi v?n: 1.0 | M?c ??: 16.0
Utility: Sensor I,Công cụ: Sensor I,C?n ti?ng Anh nghi v?n: I; Sensor | S? t?/c?m nghi v?n: 2 | T? l? nghi v?n: 1.0 | M?c ??: 16.0
Utility: Sensor II,Công cụ: Sensor II,C?n ti?ng Anh nghi v?n: II; Sensor | S? t?/c?m nghi v?n: 2 | T? l? nghi v?n: 1.0 | M?c ??: 16.0
Tempest Mephis,Tempest Mephis,C?n ti?ng Anh nghi v?n: Mephis; Tempest | S? t?/c?m nghi v?n: 2 | T? l? nghi v?n: 1.0 | M?c ??: 16.0
Impermanence Heron,Impermanence Heron,C?n ti?ng Anh nghi v?n: Heron; Impermanence | S? t?/c?m nghi v?n: 2 | T? l? nghi v?n: 1.0 | M?c ??: 16.0
Inferno Rider,Inferno Rider,C?n ti?ng Anh nghi v?n: Inferno; Rider | S? t?/c?m nghi v?n: 2 | T? l? nghi v?n: 1.0 | M?c ??: 16.0
Feilian Beringal,Feilian Beringal,C?n ti?ng Anh nghi v?n: Beringal; Feilian | S? t?/c?m nghi v?n: 2 | T? l? nghi v?n: 1.0 | M?c ??: 16.0
Lampylumen Myriad,Lampylumen Myriad,C?n ti?ng Anh nghi v?n: Lampylumen; Myriad | S? t?/c?m nghi v?n: 2 | T? l? nghi v?n: 1.0 | M?c ??: 16.0
Mourning Aix,Mourning Aix,C?n ti?ng Anh nghi v?n: Aix; Mourning | S? t?/c?m nghi v?n: 2 | T? l? nghi v?n: 1.0 | M?c ??: 16.0
Mech Abomination,Mech Abomination,C?n ti?ng Anh nghi v?n: Abomination; Mech | S? t?/c?m nghi v?n: 2 | T? l? nghi v?n: 1.0 | M?c ??: 16.0
Rocksteady Guardian,Rocksteady Guardian,C?n ti?ng Anh nghi v?n: Guardian; Rocksteady | S? t?/c?m nghi v?n: 2 | T? l? nghi v?n: 1.0 | M?c ??: 16.0
Hoochief Cyclone,Hoochief Cyclone,C?n ti?ng Anh nghi v?n: Cyclone; Hoochief | S? t?/c?m nghi v?n: 2 | T? l? nghi v?n: 1.0 | M?c ??: 16.0
Autopuppet Scout,Autopuppet Scout,C?n ti?ng Anh nghi v?n: Autopuppet; Scout | S? t?/c?m nghi v?n: 2 | T? l? nghi v?n: 1.0 | M?c ??: 16.0
Traffic Illuminator,Traffic Illuminator,C?n ti?ng Anh nghi v?n: Illuminator; Traffic | S? t?/c?m nghi v?n: 2 | T? l? nghi v?n: 1.0 | M?c ??: 16.0
Pilgrim's Shell,Pilgrim's Shell,C?n ti?ng Anh nghi v?n: Pilgrim's; Shell | S? t?/c?m nghi v?n: 2 | T? l? nghi v?n: 1.0 | M?c ??: 16.0
Fragile Rock,Fragile Rock,C?n ti?ng Anh nghi v?n: Fragile; Rock | S? t?/c?m nghi v?n: 2 | T? l? nghi v?n: 1.0 | M?c ??: 16.0
Road Sign,Road Sign,C?n ti?ng Anh nghi v?n: Road; Sign | S? t?/c?m nghi v?n: 2 | T? l? nghi v?n: 1.0 | M?c ??: 16.0
Tactical Hologram: Challenge,Tactical Hologram: Thử Thách,C?n ti?ng Anh nghi v?n: Hologram; Tactical | S? t?/c?m nghi v?n: 2 | T? l? nghi v?n: 1.0 | M?c ??: 16.0
Sound Emulator,Sound Emulator,C?n ti?ng Anh nghi v?n: Emulator; Sound | S? t?/c?m nghi v?n: 2 | T? l? nghi v?n: 1.0 | M?c ??: 16.0
Signals Console,Signals Console,C?n ti?ng Anh nghi v?n: Console; Signals | S? t?/c?m nghi v?n: 2 | T? l? nghi v?n: 1.0 | M?c ??: 16.0
Signals Console,Signals Console,C?n ti?ng Anh nghi v?n: Console; Signals | S? t?/c?m nghi v?n: 2 | T? l? nghi v?n: 1.0 | M?c ??: 16.0
Signals Hub,Signals Hub,C?n ti?ng Anh nghi v?n: Hub; Signals | S? t?/c?m nghi v?n: 2 | T? l? nghi v?n: 1.0 | M?c ??: 16.0
Pressure Platform,Pressure Platform,C?n ti?ng Anh nghi v?n: Platform; Pressure | S? t?/c?m nghi v?n: 2 | T? l? nghi v?n: 1.0 | M?c ??: 16.0
Locked Circuit,Locked Circuit,C?n ti?ng Anh nghi v?n: Circuit; Locked | S? t?/c?m nghi v?n: 2 | T? l? nghi v?n: 1.0 | M?c ??: 16.0
Pressure Platform,Pressure Platform,C?n ti?ng Anh nghi v?n: Platform; Pressure | S? t?/c?m nghi v?n: 2 | T? l? nghi v?n: 1.0 | M?c ??: 16.0
Grapple Shooter,Grapple Shooter,C?n ti?ng Anh nghi v?n: Grapple; Shooter | S? t?/c?m nghi v?n: 2 | T? l? nghi v?n: 1.0 | M?c ??: 16.0
Gravitation Vortex,Gravitation Vortex,C?n ti?ng Anh nghi v?n: Gravitation; Vortex | S? t?/c?m nghi v?n: 2 | T? l? nghi v?n: 1.0 | M?c ??: 16.0
Control Puppet,Control Puppet,C?n ti?ng Anh nghi v?n: Control; Puppet | S? t?/c?m nghi v?n: 2 | T? l? nghi v?n: 1.0 | M?c ??: 16.0
Rotate Space,Rotate Space,C?n ti?ng Anh nghi v?n: Rotate; Space | S? t?/c?m nghi v?n: 2 | T? l? nghi v?n: 1.0 | M?c ??: 16.0
Spinning Mechanism,Spinning Mechanism,C?n ti?ng Anh nghi v?n: Mechanism; Spinning | S? t?/c?m nghi v?n: 2 | T? l? nghi v?n: 1.0 | M?c ??: 16.0
Hologram Token,Hologram Token,C?n ti?ng Anh nghi v?n: Hologram; Token | S? t?/c?m nghi v?n: 2 | T? l? nghi v?n: 1.0 | M?c ??: 16.0
Overdash Track,Overdash Track,C?n ti?ng Anh nghi v?n: Overdash; Track | S? t?/c?m nghi v?n: 2 | T? l? nghi v?n: 1.0 | M?c ??: 16.0
Signal Decoder,Signal Decoder,C?n ti?ng Anh nghi v?n: Decoder; Signal | S? t?/c?m nghi v?n: 2 | T? l? nghi v?n: 1.0 | M?c ??: 16.0
Signal Decoder,Signal Decoder,C?n ti?ng Anh nghi v?n: Decoder; Signal | S? t?/c?m nghi v?n: 2 | T? l? nghi v?n: 1.0 | M?c ??: 16.0
Competition Objectives,Competition Objectives,C?n ti?ng Anh nghi v?n: Competition; Objectives | S? t?/c?m nghi v?n: 2 | T? l? nghi v?n: 1.0 | M?c ??: 16.0
Special Banner,Special Banner,C?n ti?ng Anh nghi v?n: Banner; Special | S? t?/c?m nghi v?n: 2 | T? l? nghi v?n: 1.0 | M?c ??: 16.0
Dream Contagion,Dream Contagion,C?n ti?ng Anh nghi v?n: Contagion; Dream | S? t?/c?m nghi v?n: 2 | T? l? nghi v?n: 1.0 | M?c ??: 16.0
Dreamscape Node,Dreamscape Node,C?n ti?ng Anh nghi v?n: Dreamscape; Node | S? t?/c?m nghi v?n: 2 | T? l? nghi v?n: 1.0 | M?c ??: 16.0
Hero's Slash,Hero's Slash,C?n ti?ng Anh nghi v?n: Hero's; Slash | S? t?/c?m nghi v?n: 2 | T? l? nghi v?n: 1.0 | M?c ??: 16.0
Deck Building,Deck Building,C?n ti?ng Anh nghi v?n: Building; Deck | S? t?/c?m nghi v?n: 2 | T? l? nghi v?n: 1.0 | M?c ??: 16.0
Deck Composition,Deck Composition,C?n ti?ng Anh nghi v?n: Composition; Deck | S? t?/c?m nghi v?n: 2 | T? l? nghi v?n: 1.0 | M?c ??: 16.0
Modulation II,Modulation II,C?n ti?ng Anh nghi v?n: II; Modulation | S? t?/c?m nghi v?n: 2 | T? l? nghi v?n: 1.0 | M?c ??: 16.0
Modulation III,Modulation III,C?n ti?ng Anh nghi v?n: III; Modulation | S? t?/c?m nghi v?n: 2 | T? l? nghi v?n: 1.0 | M?c ??: 16.0
Modulation IV,Modulation IV,C?n ti?ng Anh nghi v?n: IV; Modulation | S? t?/c?m nghi v?n: 2 | T? l? nghi v?n: 1.0 | M?c ??: 16.0
Modulation I,Modulation I,C?n ti?ng Anh nghi v?n: I; Modulation | S? t?/c?m nghi v?n: 2 | T? l? nghi v?n: 1.0 | M?c ??: 16.0
Sonance Casket,Sonance Casket,C?n ti?ng Anh nghi v?n: Casket; Sonance | S? t?/c?m nghi v?n: 2 | T? l? nghi v?n: 1.0 | M?c ??: 16.0
Training Dummy,Training Dummy,C?n ti?ng Anh nghi v?n: Dummy; Training | S? t?/c?m nghi v?n: 2 | T? l? nghi v?n: 1.0 | M?c ??: 16.0
Propulsion Flux,Propulsion Flux,C?n ti?ng Anh nghi v?n: Flux; Propulsion | S? t?/c?m nghi v?n: 2 | T? l? nghi v?n: 1.0 | M?c ??: 16.0
Tacetite Fulminate,Tacetite Fulminate,C?n ti?ng Anh nghi v?n: Fulminate; Tacetite | S? t?/c?m nghi v?n: 2 | T? l? nghi v?n: 1.0 | M?c ??: 16.0
Acoustic Print,Acoustic Print,C?n ti?ng Anh nghi v?n: Acoustic; Print | S? t?/c?m nghi v?n: 2 | T? l? nghi v?n: 1.0 | M?c ??: 16.0
Incinero Petal,Incinero Petal,C?n ti?ng Anh nghi v?n: Incinero; Petal | S? t?/c?m nghi v?n: 2 | T? l? nghi v?n: 1.0 | M?c ??: 16.0
Explosive Spear,Explosive Spear,C?n ti?ng Anh nghi v?n: Explosive; Spear | S? t?/c?m nghi v?n: 2 | T? l? nghi v?n: 1.0 | M?c ??: 16.0
Swamp Vortex,Swamp Vortex,C?n ti?ng Anh nghi v?n: Swamp; Vortex | S? t?/c?m nghi v?n: 2 | T? l? nghi v?n: 1.0 | M?c ??: 16.0
Intensive Training,Intensive Training,C?n ti?ng Anh nghi v?n: Intensive; Training | S? t?/c?m nghi v?n: 2 | T? l? nghi v?n: 1.0 | M?c ??: 16.0
Chord Cleansing,Chord Cleansing,C?n ti?ng Anh nghi v?n: Chord; Cleansing | S? t?/c?m nghi v?n: 2 | T? l? nghi v?n: 1.0 | M?c ??: 16.0
Companion Stories,Companion Stories,C?n ti?ng Anh nghi v?n: Companion; Stories | S? t?/c?m nghi v?n: 2 | T? l? nghi v?n: 1.0 | M?c ??: 16.0
Ascendant Aces,Ascendant Aces,C?n ti?ng Anh nghi v?n: Aces; Ascendant | S? t?/c?m nghi v?n: 2 | T? l? nghi v?n: 1.0 | M?c ??: 16.0
Fissured Ledge,Fissured Ledge,C?n ti?ng Anh nghi v?n: Fissured; Ledge | S? t?/c?m nghi v?n: 2 | T? l? nghi v?n: 1.0 | M?c ??: 16.0
Transform into Mourning Aix,Biến Hình Thành Mourning Aix,C?n ti?ng Anh nghi v?n: Aix; Mourning | S? t?/c?m nghi v?n: 2 | T? l? nghi v?n: 1.0 | M?c ??: 16.0
Locked Requests,Locked Requests,C?n ti?ng Anh nghi v?n: Locked; Requests | S? t?/c?m nghi v?n: 2 | T? l? nghi v?n: 1.0 | M?c ??: 16.0
Phantom Tacet Discord,Phantom Discord,C?n ti?ng Anh nghi v?n: Discord; Phantom | S? t?/c?m nghi v?n: 2 | T? l? nghi v?n: 1.0 | M?c ??: 16.0
Phantom Tacet Discord,Phantom Discord,C?n ti?ng Anh nghi v?n: Discord; Phantom | S? t?/c?m nghi v?n: 2 | T? l? nghi v?n: 1.0 | M?c ??: 16.0
Lumiscale Construct,Lumiscale Construct,C?n ti?ng Anh nghi v?n: Construct; Lumiscale | S? t?/c?m nghi v?n: 2 | T? l? nghi v?n: 1.0 | M?c ??: 16.0
Lumiscale Construct,Lumiscale Construct,C?n ti?ng Anh nghi v?n: Construct; Lumiscale | S? t?/c?m nghi v?n: 2 | T? l? nghi v?n: 1.0 | M?c ??: 16.0
Ice Pile,Ice Pile,C?n ti?ng Anh nghi v?n: Ice; Pile | S? t?/c?m nghi v?n: 2 | T? l? nghi v?n: 1.0 | M?c ??: 16.0
Stone Lift,Stone Lift,C?n ti?ng Anh nghi v?n: Lift; Stone | S? t?/c?m nghi v?n: 2 | T? l? nghi v?n: 1.0 | M?c ??: 16.0
Sagaci Springs,Sagaci Springs,C?n ti?ng Anh nghi v?n: Sagaci; Springs | S? t?/c?m nghi v?n: 2 | T? l? nghi v?n: 1.0 | M?c ??: 16.0
Chronosorter I,Chronosorter I,C?n ti?ng Anh nghi v?n: Chronosorter; I | S? t?/c?m nghi v?n: 2 | T? l? nghi v?n: 1.0 | M?c ??: 16.0
Chronosorter II,Chronosorter II,C?n ti?ng Anh nghi v?n: Chronosorter; II | S? t?/c?m nghi v?n: 2 | T? l? nghi v?n: 1.0 | M?c ??: 16.0
Photonvault & Photon Barrier,Photonvault & Rào Chắn Photon,C?n ti?ng Anh nghi v?n: Photon; Photonvault | S? t?/c?m nghi v?n: 2 | T? l? nghi v?n: 1.0 | M?c ??: 16.0
Transform into Clang Bang,Biến hình thành Clang Bang,C?n ti?ng Anh nghi v?n: Bang; Clang | S? t?/c?m nghi v?n: 2 | T? l? nghi v?n: 1.0 | M?c ??: 16.0
Ice Pile,Ice Pile,C?n ti?ng Anh nghi v?n: Ice; Pile | S? t?/c?m nghi v?n: 2 | T? l? nghi v?n: 1.0 | M?c ??: 16.0
Light Emitter,Light Emitter,C?n ti?ng Anh nghi v?n: Emitter; Light | S? t?/c?m nghi v?n: 2 | T? l? nghi v?n: 1.0 | M?c ??: 16.0
Light Gatherer,Light Gatherer,C?n ti?ng Anh nghi v?n: Gatherer; Light | S? t?/c?m nghi v?n: 2 | T? l? nghi v?n: 1.0 | M?c ??: 16.0
Stone Lift,Stone Lift,C?n ti?ng Anh nghi v?n: Lift; Stone | S? t?/c?m nghi v?n: 2 | T? l? nghi v?n: 1.0 | M?c ??: 16.0
Acceleration Ring,Acceleration Ring,C?n ti?ng Anh nghi v?n: Acceleration; Ring | S? t?/c?m nghi v?n: 2 | T? l? nghi v?n: 1.0 | M?c ??: 16.0
Point Ring,Point Ring,C?n ti?ng Anh nghi v?n: Point; Ring | S? t?/c?m nghi v?n: 2 | T? l? nghi v?n: 1.0 | M?c ??: 16.0
Sagaci Springs,Sagaci Springs,C?n ti?ng Anh nghi v?n: Sagaci; Springs | S? t?/c?m nghi v?n: 2 | T? l? nghi v?n: 1.0 | M?c ??: 16.0
Enhanced HA,Enhanced HA,C?n ti?ng Anh nghi v?n: Enhanced; HA | S? t?/c?m nghi v?n: 2 | T? l? nghi v?n: 1.0 | M?c ??: 16.0
Sonoro Sphere,Sonoro Sphere,C?n ti?ng Anh nghi v?n: Sonoro; Sphere | S? t?/c?m nghi v?n: 2 | T? l? nghi v?n: 1.0 | M?c ??: 16.0
Converging Paths,Converging Paths,C?n ti?ng Anh nghi v?n: Converging; Paths | S? t?/c?m nghi v?n: 2 | T? l? nghi v?n: 1.0 | M?c ??: 16.0
Chrono Sign,Chrono Sign,C?n ti?ng Anh nghi v?n: Chrono; Sign | S? t?/c?m nghi v?n: 2 | T? l? nghi v?n: 1.0 | M?c ??: 16.0
Activating the Prototype Chronosorter,Kích Hoạt Prototype Chronosorter,C?n ti?ng Anh nghi v?n: Chronosorter; Prototype | S? t?/c?m nghi v?n: 2 | T? l? nghi v?n: 1.0 | M?c ??: 16.0
Chrono Sign,Chrono Sign,C?n ti?ng Anh nghi v?n: Chrono; Sign | S? t?/c?m nghi v?n: 2 | T? l? nghi v?n: 1.0 | M?c ??: 16.0
Activating the Prototype Chronosorter,Kích Hoạt Prototype Chronosorter,C?n ti?ng Anh nghi v?n: Chronosorter; Prototype | S? t?/c?m nghi v?n: 2 | T? l? nghi v?n: 1.0 | M?c ??: 16.0
Plunge Mechanism,Plunge Mechanism,C?n ti?ng Anh nghi v?n: Mechanism; Plunge | S? t?/c?m nghi v?n: 2 | T? l? nghi v?n: 1.0 | M?c ??: 16.0
Bounce Pad,Bounce Pad,C?n ti?ng Anh nghi v?n: Bounce; Pad | S? t?/c?m nghi v?n: 2 | T? l? nghi v?n: 1.0 | M?c ??: 16.0
Outlier: Tacet Discord,Outlier: Discord,C?n ti?ng Anh nghi v?n: Discord; Outlier | S? t?/c?m nghi v?n: 2 | T? l? nghi v?n: 1.0 | M?c ??: 16.0
Data Overflow,Data Overflow,C?n ti?ng Anh nghi v?n: Data; Overflow | S? t?/c?m nghi v?n: 2 | T? l? nghi v?n: 1.0 | M?c ??: 16.0
Activating Key,Activating Key,C?n ti?ng Anh nghi v?n: Activating; Key | S? t?/c?m nghi v?n: 2 | T? l? nghi v?n: 1.0 | M?c ??: 16.0
Plunge Mechanism,Plunge Mechanism,C?n ti?ng Anh nghi v?n: Mechanism; Plunge | S? t?/c?m nghi v?n: 2 | T? l? nghi v?n: 1.0 | M?c ??: 16.0
Bounce Pad,Bounce Pad,C?n ti?ng Anh nghi v?n: Bounce; Pad | S? t?/c?m nghi v?n: 2 | T? l? nghi v?n: 1.0 | M?c ??: 16.0
Outlier: Tacet Discord,Outlier: Discord,C?n ti?ng Anh nghi v?n: Discord; Outlier | S? t?/c?m nghi v?n: 2 | T? l? nghi v?n: 1.0 | M?c ??: 16.0
Opening Portals,Opening Portals,C?n ti?ng Anh nghi v?n: Opening; Portals | S? t?/c?m nghi v?n: 2 | T? l? nghi v?n: 1.0 | M?c ??: 16.0
Data Overflow,Data Overflow,C?n ti?ng Anh nghi v?n: Data; Overflow | S? t?/c?m nghi v?n: 2 | T? l? nghi v?n: 1.0 | M?c ??: 16.0
Activating Key,Activating Key,C?n ti?ng Anh nghi v?n: Activating; Key | S? t?/c?m nghi v?n: 2 | T? l? nghi v?n: 1.0 | M?c ??: 16.0
Quick Navigate,Quick Navigate,C?n ti?ng Anh nghi v?n: Navigate; Quick | S? t?/c?m nghi v?n: 2 | T? l? nghi v?n: 1.0 | M?c ??: 16.0
Connecting Portals,Connecting Portals,C?n ti?ng Anh nghi v?n: Connecting; Portals | S? t?/c?m nghi v?n: 2 | T? l? nghi v?n: 1.0 | M?c ??: 16.0
Connecting Portals,Connecting Portals,C?n ti?ng Anh nghi v?n: Connecting; Portals | S? t?/c?m nghi v?n: 2 | T? l? nghi v?n: 1.0 | M?c ??: 16.0
Pioneer Project,Pioneer Project,C?n ti?ng Anh nghi v?n: Pioneer; Project | S? t?/c?m nghi v?n: 2 | T? l? nghi v?n: 1.0 | M?c ??: 16.0
Dream Shard,Dream Shard,C?n ti?ng Anh nghi v?n: Dream; Shard | S? t?/c?m nghi v?n: 2 | T? l? nghi v?n: 1.0 | M?c ??: 16.0
Dream Link,Dream Link,C?n ti?ng Anh nghi v?n: Dream; Link | S? t?/c?m nghi v?n: 2 | T? l? nghi v?n: 1.0 | M?c ??: 16.0
Illusive Sync,Illusive Sync,C?n ti?ng Anh nghi v?n: Illusive; Sync | S? t?/c?m nghi v?n: 2 | T? l? nghi v?n: 1.0 | M?c ??: 16.0
Link Field,Link Field,C?n ti?ng Anh nghi v?n: Field; Link | S? t?/c?m nghi v?n: 2 | T? l? nghi v?n: 1.0 | M?c ??: 16.0
Illusive Sprint,Illusive Sprint,C?n ti?ng Anh nghi v?n: Illusive; Sprint | S? t?/c?m nghi v?n: 2 | T? l? nghi v?n: 1.0 | M?c ??: 16.0
Illusive Sprint: Picking up Blessings,Illusive Sprint: Nhặt lấy Phước Lành,C?n ti?ng Anh nghi v?n: Illusive; Sprint | S? t?/c?m nghi v?n: 2 | T? l? nghi v?n: 1.0 | M?c ??: 16.0
Spinning Platforms,Spinning Platforms,C?n ti?ng Anh nghi v?n: Platforms; Spinning | S? t?/c?m nghi v?n: 2 | T? l? nghi v?n: 1.0 | M?c ??: 16.0
Spinning Platforms,Spinning Platforms,C?n ti?ng Anh nghi v?n: Platforms; Spinning | S? t?/c?m nghi v?n: 2 | T? l? nghi v?n: 1.0 | M?c ??: 16.0
Fae Ignis,Fae Ignis,C?n ti?ng Anh nghi v?n: Fae; Ignis | S? t?/c?m nghi v?n: 2 | T? l? nghi v?n: 1.0 | M?c ??: 16.0
Chest Mimic,Chest Mimic,C?n ti?ng Anh nghi v?n: Chest; Mimic | S? t?/c?m nghi v?n: 2 | T? l? nghi v?n: 1.0 | M?c ??: 16.0
Cuddle Wuddle,Cuddle Wuddle,C?n ti?ng Anh nghi v?n: Cuddle; Wuddle | S? t?/c?m nghi v?n: 2 | T? l? nghi v?n: 1.0 | M?c ??: 16.0
Fae Ignis,Fae Ignis,C?n ti?ng Anh nghi v?n: Fae; Ignis | S? t?/c?m nghi v?n: 2 | T? l? nghi v?n: 1.0 | M?c ??: 16.0
Chest Mimic,Chest Mimic,C?n ti?ng Anh nghi v?n: Chest; Mimic | S? t?/c?m nghi v?n: 2 | T? l? nghi v?n: 1.0 | M?c ??: 16.0
Cuddle Wuddle,Cuddle Wuddle,C?n ti?ng Anh nghi v?n: Cuddle; Wuddle | S? t?/c?m nghi v?n: 2 | T? l? nghi v?n: 1.0 | M?c ??: 16.0
Melody Box,Melody Box,C?n ti?ng Anh nghi v?n: Box; Melody | S? t?/c?m nghi v?n: 2 | T? l? nghi v?n: 1.0 | M?c ??: 16.0
Aria Mummer,Aria Mummer,C?n ti?ng Anh nghi v?n: Aria; Mummer | S? t?/c?m nghi v?n: 2 | T? l? nghi v?n: 1.0 | M?c ??: 16.0
Cruise Share,Cruise Share,C?n ti?ng Anh nghi v?n: Cruise; Share | S? t?/c?m nghi v?n: 2 | T? l? nghi v?n: 1.0 | M?c ??: 16.0
Fragile Containers,Fragile Containers,C?n ti?ng Anh nghi v?n: Containers; Fragile | S? t?/c?m nghi v?n: 2 | T? l? nghi v?n: 1.0 | M?c ??: 16.0
Sound Emulator,Sound Emulator,C?n ti?ng Anh nghi v?n: Emulator; Sound | S? t?/c?m nghi v?n: 2 | T? l? nghi v?n: 1.0 | M?c ??: 16.0
Gondola: Cruising,Gondola: Cruising,C?n ti?ng Anh nghi v?n: Cruising; Gondola | S? t?/c?m nghi v?n: 2 | T? l? nghi v?n: 1.0 | M?c ??: 16.0
Plushie Punch,Plushie Punch,C?n ti?ng Anh nghi v?n: Plushie; Punch | S? t?/c?m nghi v?n: 2 | T? l? nghi v?n: 1.0 | M?c ??: 16.0
Nightmare Cloud,Nightmare Cloud,C?n ti?ng Anh nghi v?n: Cloud; Nightmare | S? t?/c?m nghi v?n: 2 | T? l? nghi v?n: 1.0 | M?c ??: 16.0
Floating Monument,Floating Monument,C?n ti?ng Anh nghi v?n: Floating; Monument | S? t?/c?m nghi v?n: 2 | T? l? nghi v?n: 1.0 | M?c ??: 16.0
Fagaceae Formation,Fagaceae Formation,C?n ti?ng Anh nghi v?n: Fagaceae; Formation | S? t?/c?m nghi v?n: 2 | T? l? nghi v?n: 1.0 | M?c ??: 16.0
Scatter Prism,Scatter Prism,C?n ti?ng Anh nghi v?n: Prism; Scatter | S? t?/c?m nghi v?n: 2 | T? l? nghi v?n: 1.0 | M?c ??: 16.0
Scattered Containers,Scattered Containers,C?n ti?ng Anh nghi v?n: Containers; Scattered | S? t?/c?m nghi v?n: 2 | T? l? nghi v?n: 1.0 | M?c ??: 16.0
Floating Containers,Floating Containers,C?n ti?ng Anh nghi v?n: Containers; Floating | S? t?/c?m nghi v?n: 2 | T? l? nghi v?n: 1.0 | M?c ??: 16.0
Sound Emulator,Sound Emulator,C?n ti?ng Anh nghi v?n: Emulator; Sound | S? t?/c?m nghi v?n: 2 | T? l? nghi v?n: 1.0 | M?c ??: 16.0
Gondola: Cruising,Gondola: Cruising,C?n ti?ng Anh nghi v?n: Cruising; Gondola | S? t?/c?m nghi v?n: 2 | T? l? nghi v?n: 1.0 | M?c ??: 16.0
Wingray I,Wingray I,C?n ti?ng Anh nghi v?n: I; Wingray | S? t?/c?m nghi v?n: 2 | T? l? nghi v?n: 1.0 | M?c ??: 16.0
Wingray II,Wingray II,C?n ti?ng Anh nghi v?n: II; Wingray | S? t?/c?m nghi v?n: 2 | T? l? nghi v?n: 1.0 | M?c ??: 16.0
Flight: Availability,Flight: Availability,C?n ti?ng Anh nghi v?n: Availability; Flight | S? t?/c?m nghi v?n: 2 | T? l? nghi v?n: 1.0 | M?c ??: 16.0
Flight: Steering,Flight: Steering,C?n ti?ng Anh nghi v?n: Flight; Steering | S? t?/c?m nghi v?n: 2 | T? l? nghi v?n: 1.0 | M?c ??: 16.0
Flight: Speeding,Flight: Speeding,C?n ti?ng Anh nghi v?n: Flight; Speeding | S? t?/c?m nghi v?n: 2 | T? l? nghi v?n: 1.0 | M?c ??: 16.0
Leap Spot,Leap Spot,C?n ti?ng Anh nghi v?n: Leap; Spot | S? t?/c?m nghi v?n: 2 | T? l? nghi v?n: 1.0 | M?c ??: 16.0
Climbing Spot,Climbing Spot,C?n ti?ng Anh nghi v?n: Climbing; Spot | S? t?/c?m nghi v?n: 2 | T? l? nghi v?n: 1.0 | M?c ??: 16.0
Punch Timing,Punch Timing,C?n ti?ng Anh nghi v?n: Punch; Timing | S? t?/c?m nghi v?n: 2 | T? l? nghi v?n: 1.0 | M?c ??: 16.0
Powerful Punch,Powerful Punch,C?n ti?ng Anh nghi v?n: Powerful; Punch | S? t?/c?m nghi v?n: 2 | T? l? nghi v?n: 1.0 | M?c ??: 16.0
Friable Rock,Friable Rock,C?n ti?ng Anh nghi v?n: Friable; Rock | S? t?/c?m nghi v?n: 2 | T? l? nghi v?n: 1.0 | M?c ??: 16.0
Enhanced Absorption,Enhanced Absorption,C?n ti?ng Anh nghi v?n: Absorption; Enhanced | S? t?/c?m nghi v?n: 2 | T? l? nghi v?n: 1.0 | M?c ??: 16.0
Nightmare Tacet Discord,Nightmare Discord,C?n ti?ng Anh nghi v?n: Discord; Nightmare | S? t?/c?m nghi v?n: 2 | T? l? nghi v?n: 1.0 | M?c ??: 16.0
Defeating Nightmares,Defeating Nightmares,C?n ti?ng Anh nghi v?n: Defeating; Nightmares | S? t?/c?m nghi v?n: 2 | T? l? nghi v?n: 1.0 | M?c ??: 16.0
Dreamscape Nexus,Dreamscape Nexus,C?n ti?ng Anh nghi v?n: Dreamscape; Nexus | S? t?/c?m nghi v?n: 2 | T? l? nghi v?n: 1.0 | M?c ??: 16.0
Broken Glass,Broken Glass,C?n ti?ng Anh nghi v?n: Broken; Glass | S? t?/c?m nghi v?n: 2 | T? l? nghi v?n: 1.0 | M?c ??: 16.0
Roseshroom's Weakness,Roseshroom's Weakness,C?n ti?ng Anh nghi v?n: Roseshroom's; Weakness | S? t?/c?m nghi v?n: 2 | T? l? nghi v?n: 1.0 | M?c ??: 16.0
Moving Pieces,Moving Pieces,C?n ti?ng Anh nghi v?n: Moving; Pieces | S? t?/c?m nghi v?n: 2 | T? l? nghi v?n: 1.0 | M?c ??: 16.0
Game Rules,Game Rules,C?n ti?ng Anh nghi v?n: Game; Rules | S? t?/c?m nghi v?n: 2 | T? l? nghi v?n: 1.0 | M?c ??: 16.0
Guarding Altars,Guarding Altars,C?n ti?ng Anh nghi v?n: Altars; Guarding | S? t?/c?m nghi v?n: 2 | T? l? nghi v?n: 1.0 | M?c ??: 16.0
Improving Efficiency,Improving Efficiency,C?n ti?ng Anh nghi v?n: Efficiency; Improving | S? t?/c?m nghi v?n: 2 | T? l? nghi v?n: 1.0 | M?c ??: 16.0
Tacet Discord Disturbances,Discord Disturbances,C?n ti?ng Anh nghi v?n: Discord; Disturbances | S? t?/c?m nghi v?n: 2 | T? l? nghi v?n: 1.0 | M?c ??: 16.0
Clearing Threats with Scatter Prism,Diệt Mối Đe Dọa Bằng Scatter Prism,C?n ti?ng Anh nghi v?n: Prism; Scatter | S? t?/c?m nghi v?n: 2 | T? l? nghi v?n: 1.0 | M?c ??: 16.0
Defense Laser,Defense Laser,C?n ti?ng Anh nghi v?n: Defense; Laser | S? t?/c?m nghi v?n: 2 | T? l? nghi v?n: 1.0 | M?c ??: 16.0
Special Elite,Special Elite,C?n ti?ng Anh nghi v?n: Elite; Special | S? t?/c?m nghi v?n: 2 | T? l? nghi v?n: 1.0 | M?c ??: 16.0
Scorching Aura,Scorching Aura,C?n ti?ng Anh nghi v?n: Aura; Scorching | S? t?/c?m nghi v?n: 2 | T? l? nghi v?n: 1.0 | M?c ??: 16.0
Special Elite,Special Elite,C?n ti?ng Anh nghi v?n: Elite; Special | S? t?/c?m nghi v?n: 2 | T? l? nghi v?n: 1.0 | M?c ??: 16.0
Scorching Aura,Scorching Aura,C?n ti?ng Anh nghi v?n: Aura; Scorching | S? t?/c?m nghi v?n: 2 | T? l? nghi v?n: 1.0 | M?c ??: 16.0
Glamour Couture,Glamour Couture,C?n ti?ng Anh nghi v?n: Couture; Glamour | S? t?/c?m nghi v?n: 2 | T? l? nghi v?n: 1.0 | M?c ??: 16.0
Deep Freeze,Deep Freeze,C?n ti?ng Anh nghi v?n: Deep; Freeze | S? t?/c?m nghi v?n: 2 | T? l? nghi v?n: 1.0 | M?c ??: 16.0
Wonder Bubbles,Wonder Bubbles,C?n ti?ng Anh nghi v?n: Bubbles; Wonder | S? t?/c?m nghi v?n: 2 | T? l? nghi v?n: 1.0 | M?c ??: 16.0
Profile Delivery,Profile Delivery,C?n ti?ng Anh nghi v?n: Delivery; Profile | S? t?/c?m nghi v?n: 2 | T? l? nghi v?n: 1.0 | M?c ??: 16.0
Wuthering Exploration,Wuthering Exploration,C?n ti?ng Anh nghi v?n: Exploration; Wuthering | S? t?/c?m nghi v?n: 2 | T? l? nghi v?n: 1.0 | M?c ??: 16.0
Fishing Spots,Fishing Spots,C?n ti?ng Anh nghi v?n: Fishing; Spots | S? t?/c?m nghi v?n: 2 | T? l? nghi v?n: 1.0 | M?c ??: 16.0
Repairing Pequod,Repairing Pequod,C?n ti?ng Anh nghi v?n: Pequod; Repairing | S? t?/c?m nghi v?n: 2 | T? l? nghi v?n: 1.0 | M?c ??: 16.0
Fishing Spots,Fishing Spots,C?n ti?ng Anh nghi v?n: Fishing; Spots | S? t?/c?m nghi v?n: 2 | T? l? nghi v?n: 1.0 | M?c ??: 16.0
Repairing Pequod,Repairing Pequod,C?n ti?ng Anh nghi v?n: Pequod; Repairing | S? t?/c?m nghi v?n: 2 | T? l? nghi v?n: 1.0 | M?c ??: 16.0
Switching Tracks,Switching Tracks,C?n ti?ng Anh nghi v?n: Switching; Tracks | S? t?/c?m nghi v?n: 2 | T? l? nghi v?n: 1.0 | M?c ??: 16.0
Clearance Devices,Clearance Devices,C?n ti?ng Anh nghi v?n: Clearance; Devices | S? t?/c?m nghi v?n: 2 | T? l? nghi v?n: 1.0 | M?c ??: 16.0
Track Switches,Track Switches,C?n ti?ng Anh nghi v?n: Switches; Track | S? t?/c?m nghi v?n: 2 | T? l? nghi v?n: 1.0 | M?c ??: 16.0
Clearance Restriction,Clearance Restriction,C?n ti?ng Anh nghi v?n: Clearance; Restriction | S? t?/c?m nghi v?n: 2 | T? l? nghi v?n: 1.0 | M?c ??: 16.0
Claiming Control,Claiming Control,C?n ti?ng Anh nghi v?n: Claiming; Control | S? t?/c?m nghi v?n: 2 | T? l? nghi v?n: 1.0 | M?c ??: 16.0
Wuthering Exploration,Wuthering Exploration,C?n ti?ng Anh nghi v?n: Exploration; Wuthering | S? t?/c?m nghi v?n: 2 | T? l? nghi v?n: 1.0 | M?c ??: 16.0
Enlarging Cargo,Enlarging Cargo,C?n ti?ng Anh nghi v?n: Cargo; Enlarging | S? t?/c?m nghi v?n: 2 | T? l? nghi v?n: 1.0 | M?c ??: 16.0
Enlarging Cargo,Enlarging Cargo,C?n ti?ng Anh nghi v?n: Cargo; Enlarging | S? t?/c?m nghi v?n: 2 | T? l? nghi v?n: 1.0 | M?c ??: 16.0
Fishing Rules,Fishing Rules,C?n ti?ng Anh nghi v?n: Fishing; Rules | S? t?/c?m nghi v?n: 2 | T? l? nghi v?n: 1.0 | M?c ??: 16.0
Remnant Crystal,Remnant Crystal,C?n ti?ng Anh nghi v?n: Crystal; Remnant | S? t?/c?m nghi v?n: 2 | T? l? nghi v?n: 1.0 | M?c ??: 16.0
Drifting Treasures,Drifting Treasures,C?n ti?ng Anh nghi v?n: Drifting; Treasures | S? t?/c?m nghi v?n: 2 | T? l? nghi v?n: 1.0 | M?c ??: 16.0
Drifting Treasures,Drifting Treasures,C?n ti?ng Anh nghi v?n: Drifting; Treasures | S? t?/c?m nghi v?n: 2 | T? l? nghi v?n: 1.0 | M?c ??: 16.0
Dreaming Deep,Dreaming Deep,C?n ti?ng Anh nghi v?n: Deep; Dreaming | S? t?/c?m nghi v?n: 2 | T? l? nghi v?n: 1.0 | M?c ??: 16.0
Surveillance Dataset,Surveillance Dataset,C?n ti?ng Anh nghi v?n: Dataset; Surveillance | S? t?/c?m nghi v?n: 2 | T? l? nghi v?n: 1.0 | M?c ??: 16.0
Earn Points,Earn Points,C?n ti?ng Anh nghi v?n: Earn; Points | S? t?/c?m nghi v?n: 2 | T? l? nghi v?n: 1.0 | M?c ??: 16.0
Equipping Titles,Equipping Titles,C?n ti?ng Anh nghi v?n: Equipping; Titles | S? t?/c?m nghi v?n: 2 | T? l? nghi v?n: 1.0 | M?c ??: 16.0
Remnant Spark,Remnant Spark,C?n ti?ng Anh nghi v?n: Remnant; Spark | S? t?/c?m nghi v?n: 2 | T? l? nghi v?n: 1.0 | M?c ??: 16.0
Gravity Calibrator,Gravity Calibrator,C?n ti?ng Anh nghi v?n: Calibrator; Gravity | S? t?/c?m nghi v?n: 2 | T? l? nghi v?n: 1.0 | M?c ??: 16.0
Gondola Ride,Gondola Ride,C?n ti?ng Anh nghi v?n: Gondola; Ride | S? t?/c?m nghi v?n: 2 | T? l? nghi v?n: 1.0 | M?c ??: 16.0
Ace Wings,Ace Wings,C?n ti?ng Anh nghi v?n: Ace; Wings | S? t?/c?m nghi v?n: 2 | T? l? nghi v?n: 1.0 | M?c ??: 16.0
Boat Racing,Boat Racing,C?n ti?ng Anh nghi v?n: Boat; Racing | S? t?/c?m nghi v?n: 2 | T? l? nghi v?n: 1.0 | M?c ??: 16.0
Bouncy Jellyfish,Bouncy Jellyfish,C?n ti?ng Anh nghi v?n: Bouncy; Jellyfish | S? t?/c?m nghi v?n: 2 | T? l? nghi v?n: 1.0 | M?c ??: 16.0
Flash Dodge,Flash Dodge,C?n ti?ng Anh nghi v?n: Dodge; Flash | S? t?/c?m nghi v?n: 2 | T? l? nghi v?n: 1.0 | M?c ??: 16.0
Gravitation Flux,Gravitation Flux,C?n ti?ng Anh nghi v?n: Flux; Gravitation | S? t?/c?m nghi v?n: 2 | T? l? nghi v?n: 1.0 | M?c ??: 16.0
Purifying Statues,Purifying Statues,C?n ti?ng Anh nghi v?n: Purifying; Statues | S? t?/c?m nghi v?n: 2 | T? l? nghi v?n: 1.0 | M?c ??: 16.0
Spark Throw,Spark Throw,C?n ti?ng Anh nghi v?n: Spark; Throw | S? t?/c?m nghi v?n: 2 | T? l? nghi v?n: 1.0 | M?c ??: 16.0
Fixed Route,Fixed Route,C?n ti?ng Anh nghi v?n: Fixed; Route | S? t?/c?m nghi v?n: 2 | T? l? nghi v?n: 1.0 | M?c ??: 16.0
Switching Dimensions,Switching Dimensions,C?n ti?ng Anh nghi v?n: Dimensions; Switching | S? t?/c?m nghi v?n: 2 | T? l? nghi v?n: 1.0 | M?c ??: 16.0
Bouncy Jellyfish,Bouncy Jellyfish,C?n ti?ng Anh nghi v?n: Bouncy; Jellyfish | S? t?/c?m nghi v?n: 2 | T? l? nghi v?n: 1.0 | M?c ??: 16.0
Locked Colors,Locked Colors,C?n ti?ng Anh nghi v?n: Colors; Locked | S? t?/c?m nghi v?n: 2 | T? l? nghi v?n: 1.0 | M?c ??: 16.0
Sequence Mechanism,Sequence Mechanism,C?n ti?ng Anh nghi v?n: Mechanism; Sequence | S? t?/c?m nghi v?n: 2 | T? l? nghi v?n: 1.0 | M?c ??: 16.0
Messenger Statue,Messenger Statue,C?n ti?ng Anh nghi v?n: Messenger; Statue | S? t?/c?m nghi v?n: 2 | T? l? nghi v?n: 1.0 | M?c ??: 16.0
Ventilation Tunnel,Ventilation Tunnel,C?n ti?ng Anh nghi v?n: Tunnel; Ventilation | S? t?/c?m nghi v?n: 2 | T? l? nghi v?n: 1.0 | M?c ??: 16.0
Sequence Mechanism,Sequence Mechanism,C?n ti?ng Anh nghi v?n: Mechanism; Sequence | S? t?/c?m nghi v?n: 2 | T? l? nghi v?n: 1.0 | M?c ??: 16.0
Messenger Statue,Messenger Statue,C?n ti?ng Anh nghi v?n: Messenger; Statue | S? t?/c?m nghi v?n: 2 | T? l? nghi v?n: 1.0 | M?c ??: 16.0
Ventilation Tunnel,Ventilation Tunnel,C?n ti?ng Anh nghi v?n: Tunnel; Ventilation | S? t?/c?m nghi v?n: 2 | T? l? nghi v?n: 1.0 | M?c ??: 16.0
Shield Recovery,Shield Recovery,C?n ti?ng Anh nghi v?n: Recovery; Shield | S? t?/c?m nghi v?n: 2 | T? l? nghi v?n: 1.0 | M?c ??: 16.0
Shield Zone,Shield Zone,C?n ti?ng Anh nghi v?n: Shield; Zone | S? t?/c?m nghi v?n: 2 | T? l? nghi v?n: 1.0 | M?c ??: 16.0
Dominator Zone,Dominator Zone,C?n ti?ng Anh nghi v?n: Dominator; Zone | S? t?/c?m nghi v?n: 2 | T? l? nghi v?n: 1.0 | M?c ??: 16.0
Shield Recovery,Shield Recovery,C?n ti?ng Anh nghi v?n: Recovery; Shield | S? t?/c?m nghi v?n: 2 | T? l? nghi v?n: 1.0 | M?c ??: 16.0
Shield Zone,Shield Zone,C?n ti?ng Anh nghi v?n: Shield; Zone | S? t?/c?m nghi v?n: 2 | T? l? nghi v?n: 1.0 | M?c ??: 16.0
Dominator Zone,Dominator Zone,C?n ti?ng Anh nghi v?n: Dominator; Zone | S? t?/c?m nghi v?n: 2 | T? l? nghi v?n: 1.0 | M?c ??: 16.0
Cube Data Module,Cube Data Mô-đun,C?n ti?ng Anh nghi v?n: Cube; Data | S? t?/c?m nghi v?n: 2 | T? l? nghi v?n: 1.0 | M?c ??: 16.0
Cube Data Module,Cube Data Mô-đun,C?n ti?ng Anh nghi v?n: Cube; Data | S? t?/c?m nghi v?n: 2 | T? l? nghi v?n: 1.0 | M?c ??: 16.0
Cube Ability Module,Cube Ability Mô-đun,C?n ti?ng Anh nghi v?n: Ability; Cube | S? t?/c?m nghi v?n: 2 | T? l? nghi v?n: 1.0 | M?c ??: 16.0
Cube Awakening Module,Cube Awakening Mô-đun,C?n ti?ng Anh nghi v?n: Awakening; Cube | S? t?/c?m nghi v?n: 2 | T? l? nghi v?n: 1.0 | M?c ??: 16.0
Cubie Derby,Cubie Derby,C?n ti?ng Anh nghi v?n: Cubie; Derby | S? t?/c?m nghi v?n: 2 | T? l? nghi v?n: 1.0 | M?c ??: 16.0
Obtaining Dice,Obtaining Dice,C?n ti?ng Anh nghi v?n: Dice; Obtaining | S? t?/c?m nghi v?n: 2 | T? l? nghi v?n: 1.0 | M?c ??: 16.0
Cube Encounter,Cube Encounter,C?n ti?ng Anh nghi v?n: Cube; Encounter | S? t?/c?m nghi v?n: 2 | T? l? nghi v?n: 1.0 | M?c ??: 16.0
Race Data,Race Data,C?n ti?ng Anh nghi v?n: Data; Race | S? t?/c?m nghi v?n: 2 | T? l? nghi v?n: 1.0 | M?c ??: 16.0
Defeating Abbowser,Defeating Abbowser,C?n ti?ng Anh nghi v?n: Abbowser; Defeating | S? t?/c?m nghi v?n: 2 | T? l? nghi v?n: 1.0 | M?c ??: 16.0
Ceremony Preparations,Ceremony Preparations,C?n ti?ng Anh nghi v?n: Ceremony; Preparations | S? t?/c?m nghi v?n: 2 | T? l? nghi v?n: 1.0 | M?c ??: 16.0
Ability Combos,Ability Combos,C?n ti?ng Anh nghi v?n: Ability; Combos | S? t?/c?m nghi v?n: 2 | T? l? nghi v?n: 1.0 | M?c ??: 16.0
Awakening Cubes,Awakening Cubes,C?n ti?ng Anh nghi v?n: Awakening; Cubes | S? t?/c?m nghi v?n: 2 | T? l? nghi v?n: 1.0 | M?c ??: 16.0
Race Schedule,Race Schedule,C?n ti?ng Anh nghi v?n: Race; Schedule | S? t?/c?m nghi v?n: 2 | T? l? nghi v?n: 1.0 | M?c ??: 16.0
Race Rules,Race Rules,C?n ti?ng Anh nghi v?n: Race; Rules | S? t?/c?m nghi v?n: 2 | T? l? nghi v?n: 1.0 | M?c ??: 16.0
Advancement Rules,Advancement Rules,C?n ti?ng Anh nghi v?n: Advancement; Rules | S? t?/c?m nghi v?n: 2 | T? l? nghi v?n: 1.0 | M?c ??: 16.0
Cubie Derby,Cubie Derby,C?n ti?ng Anh nghi v?n: Cubie; Derby | S? t?/c?m nghi v?n: 2 | T? l? nghi v?n: 1.0 | M?c ??: 16.0
Cubie Derby,Cubie Derby,C?n ti?ng Anh nghi v?n: Cubie; Derby | S? t?/c?m nghi v?n: 2 | T? l? nghi v?n: 1.0 | M?c ??: 16.0
Abbowser Castle,Abbowser Castle,C?n ti?ng Anh nghi v?n: Abbowser; Castle | S? t?/c?m nghi v?n: 2 | T? l? nghi v?n: 1.0 | M?c ??: 16.0
Cubie Derby,Cubie Derby,C?n ti?ng Anh nghi v?n: Cubie; Derby | S? t?/c?m nghi v?n: 2 | T? l? nghi v?n: 1.0 | M?c ??: 16.0
Cubie Derby,Cubie Derby,C?n ti?ng Anh nghi v?n: Cubie; Derby | S? t?/c?m nghi v?n: 2 | T? l? nghi v?n: 1.0 | M?c ??: 16.0
Cubie Derby,Cubie Derby,C?n ti?ng Anh nghi v?n: Cubie; Derby | S? t?/c?m nghi v?n: 2 | T? l? nghi v?n: 1.0 | M?c ??: 16.0
Wuthering Exploration,Wuthering Exploration,C?n ti?ng Anh nghi v?n: Exploration; Wuthering | S? t?/c?m nghi v?n: 2 | T? l? nghi v?n: 1.0 | M?c ??: 16.0
Phantasma Dreamland,Phantasma Dreamland,C?n ti?ng Anh nghi v?n: Dreamland; Phantasma | S? t?/c?m nghi v?n: 2 | T? l? nghi v?n: 1.0 | M?c ??: 16.0
Phantasma Dreamland,Phantasma Dreamland,C?n ti?ng Anh nghi v?n: Dreamland; Phantasma | S? t?/c?m nghi v?n: 2 | T? l? nghi v?n: 1.0 | M?c ??: 16.0
Phantasma Dreamland,Phantasma Dreamland,C?n ti?ng Anh nghi v?n: Dreamland; Phantasma | S? t?/c?m nghi v?n: 2 | T? l? nghi v?n: 1.0 | M?c ??: 16.0
Phantasma Dreamland,Phantasma Dreamland,C?n ti?ng Anh nghi v?n: Dreamland; Phantasma | S? t?/c?m nghi v?n: 2 | T? l? nghi v?n: 1.0 | M?c ??: 16.0
Phantasma Dreamland,Phantasma Dreamland,C?n ti?ng Anh nghi v?n: Dreamland; Phantasma | S? t?/c?m nghi v?n: 2 | T? l? nghi v?n: 1.0 | M?c ??: 16.0
Orchestration: Operations,Orchestration: Operations,C?n ti?ng Anh nghi v?n: Operations; Orchestration | S? t?/c?m nghi v?n: 2 | T? l? nghi v?n: 1.0 | M?c ??: 16.0
Orchestration: Grapple,Orchestration: Grapple,C?n ti?ng Anh nghi v?n: Grapple; Orchestration | S? t?/c?m nghi v?n: 2 | T? l? nghi v?n: 1.0 | M?c ??: 16.0
Orchestration: Combat,Orchestration: Combat,C?n ti?ng Anh nghi v?n: Combat; Orchestration | S? t?/c?m nghi v?n: 2 | T? l? nghi v?n: 1.0 | M?c ??: 16.0
Prayer Rite,Prayer Rite,C?n ti?ng Anh nghi v?n: Prayer; Rite | S? t?/c?m nghi v?n: 2 | T? l? nghi v?n: 1.0 | M?c ??: 16.0
Triptych Chest,Triptych Chest,C?n ti?ng Anh nghi v?n: Chest; Triptych | S? t?/c?m nghi v?n: 2 | T? l? nghi v?n: 1.0 | M?c ??: 16.0
Phantasma Dreamland,Phantasma Dreamland,C?n ti?ng Anh nghi v?n: Dreamland; Phantasma | S? t?/c?m nghi v?n: 2 | T? l? nghi v?n: 1.0 | M?c ??: 16.0
Orchestration: Grapple,Orchestration: Grapple,C?n ti?ng Anh nghi v?n: Grapple; Orchestration | S? t?/c?m nghi v?n: 2 | T? l? nghi v?n: 1.0 | M?c ??: 16.0
Music Stand,Music Stand,C?n ti?ng Anh nghi v?n: Music; Stand | S? t?/c?m nghi v?n: 2 | T? l? nghi v?n: 1.0 | M?c ??: 16.0
Polyphone Orchestration,Polyphone Orchestration,C?n ti?ng Anh nghi v?n: Orchestration; Polyphone | S? t?/c?m nghi v?n: 2 | T? l? nghi v?n: 1.0 | M?c ??: 16.0
Completing Orchestration,Completing Orchestration,C?n ti?ng Anh nghi v?n: Completing; Orchestration | S? t?/c?m nghi v?n: 2 | T? l? nghi v?n: 1.0 | M?c ??: 16.0
Prayer Rite,Prayer Rite,C?n ti?ng Anh nghi v?n: Prayer; Rite | S? t?/c?m nghi v?n: 2 | T? l? nghi v?n: 1.0 | M?c ??: 16.0
Triptych Chest,Triptych Chest,C?n ti?ng Anh nghi v?n: Chest; Triptych | S? t?/c?m nghi v?n: 2 | T? l? nghi v?n: 1.0 | M?c ??: 16.0
Anchoring Iuno,Anchoring Iuno,C?n ti?ng Anh nghi v?n: Anchoring; Iuno | S? t?/c?m nghi v?n: 2 | T? l? nghi v?n: 1.0 | M?c ??: 16.0
Unstable Rocks,Unstable Rocks,C?n ti?ng Anh nghi v?n: Rocks; Unstable | S? t?/c?m nghi v?n: 2 | T? l? nghi v?n: 1.0 | M?c ??: 16.0
Confronting Augusta,Confronting Augusta,C?n ti?ng Anh nghi v?n: Augusta; Confronting | S? t?/c?m nghi v?n: 2 | T? l? nghi v?n: 1.0 | M?c ??: 16.0
"Inspecting ""Omen""","Inspecting ""Omen""",C?n ti?ng Anh nghi v?n: Inspecting; Omen | S? t?/c?m nghi v?n: 2 | T? l? nghi v?n: 1.0 | M?c ??: 16.0
Interrupting Anchoring,Interrupting Anchoring,C?n ti?ng Anh nghi v?n: Anchoring; Interrupting | S? t?/c?m nghi v?n: 2 | T? l? nghi v?n: 1.0 | M?c ??: 16.0
Hollow Figure,Hollow Figure,C?n ti?ng Anh nghi v?n: Figure; Hollow | S? t?/c?m nghi v?n: 2 | T? l? nghi v?n: 1.0 | M?c ??: 16.0
Unstable Rocks,Unstable Rocks,C?n ti?ng Anh nghi v?n: Rocks; Unstable | S? t?/c?m nghi v?n: 2 | T? l? nghi v?n: 1.0 | M?c ??: 16.0
Confronting Augusta,Confronting Augusta,C?n ti?ng Anh nghi v?n: Augusta; Confronting | S? t?/c?m nghi v?n: 2 | T? l? nghi v?n: 1.0 | M?c ??: 16.0
Terrain Change,Terrain Change,C?n ti?ng Anh nghi v?n: Change; Terrain | S? t?/c?m nghi v?n: 2 | T? l? nghi v?n: 1.0 | M?c ??: 16.0
Combat Machines,Combat Machines,C?n ti?ng Anh nghi v?n: Combat; Machines | S? t?/c?m nghi v?n: 2 | T? l? nghi v?n: 1.0 | M?c ??: 16.0
Defending Matrix,Defending Matrix,C?n ti?ng Anh nghi v?n: Defending; Matrix | S? t?/c?m nghi v?n: 2 | T? l? nghi v?n: 1.0 | M?c ??: 16.0
Rating Stars,Rating Stars,C?n ti?ng Anh nghi v?n: Rating; Stars | S? t?/c?m nghi v?n: 2 | T? l? nghi v?n: 1.0 | M?c ??: 16.0
Tactic Selection,Tactic Selection,C?n ti?ng Anh nghi v?n: Selection; Tactic | S? t?/c?m nghi v?n: 2 | T? l? nghi v?n: 1.0 | M?c ??: 16.0
Terrain Change,Terrain Change,C?n ti?ng Anh nghi v?n: Change; Terrain | S? t?/c?m nghi v?n: 2 | T? l? nghi v?n: 1.0 | M?c ??: 16.0
Connecting Samples,Connecting Samples,C?n ti?ng Anh nghi v?n: Connecting; Samples | S? t?/c?m nghi v?n: 2 | T? l? nghi v?n: 1.0 | M?c ??: 16.0
Anchoring Samples,Anchoring Samples,C?n ti?ng Anh nghi v?n: Anchoring; Samples | S? t?/c?m nghi v?n: 2 | T? l? nghi v?n: 1.0 | M?c ??: 16.0
Removing Shields,Removing Shields,C?n ti?ng Anh nghi v?n: Removing; Shields | S? t?/c?m nghi v?n: 2 | T? l? nghi v?n: 1.0 | M?c ??: 16.0
Terrain Kills,Terrain Kills,C?n ti?ng Anh nghi v?n: Kills; Terrain | S? t?/c?m nghi v?n: 2 | T? l? nghi v?n: 1.0 | M?c ??: 16.0
Passive - Fortified,Passive - Fortified,C?n ti?ng Anh nghi v?n: Fortified; Passive | S? t?/c?m nghi v?n: 2 | T? l? nghi v?n: 1.0 | M?c ??: 16.0
Domain - Disable,Domain - Disable,C?n ti?ng Anh nghi v?n: Disable; Domain | S? t?/c?m nghi v?n: 2 | T? l? nghi v?n: 1.0 | M?c ??: 16.0
Passive - Invisibility,Passive - Invisibility,C?n ti?ng Anh nghi v?n: Invisibility; Passive | S? t?/c?m nghi v?n: 2 | T? l? nghi v?n: 1.0 | M?c ??: 16.0
Domain - Barrier,Domain - Barrier,C?n ti?ng Anh nghi v?n: Barrier; Domain | S? t?/c?m nghi v?n: 2 | T? l? nghi v?n: 1.0 | M?c ??: 16.0
Deathsound - Contamination,Deathsound - Contamination,C?n ti?ng Anh nghi v?n: Contamination; Deathsound | S? t?/c?m nghi v?n: 2 | T? l? nghi v?n: 1.0 | M?c ??: 16.0
Removing Shields,Removing Shields,C?n ti?ng Anh nghi v?n: Removing; Shields | S? t?/c?m nghi v?n: 2 | T? l? nghi v?n: 1.0 | M?c ??: 16.0
Terrain Kills,Terrain Kills,C?n ti?ng Anh nghi v?n: Kills; Terrain | S? t?/c?m nghi v?n: 2 | T? l? nghi v?n: 1.0 | M?c ??: 16.0
Passive - Fortified,Passive - Fortified,C?n ti?ng Anh nghi v?n: Fortified; Passive | S? t?/c?m nghi v?n: 2 | T? l? nghi v?n: 1.0 | M?c ??: 16.0
Domain - Disable,Domain - Disable,C?n ti?ng Anh nghi v?n: Disable; Domain | S? t?/c?m nghi v?n: 2 | T? l? nghi v?n: 1.0 | M?c ??: 16.0
Passive - Invisibility,Passive - Invisibility,C?n ti?ng Anh nghi v?n: Invisibility; Passive | S? t?/c?m nghi v?n: 2 | T? l? nghi v?n: 1.0 | M?c ??: 16.0
Domain - Barrier,Domain - Barrier,C?n ti?ng Anh nghi v?n: Barrier; Domain | S? t?/c?m nghi v?n: 2 | T? l? nghi v?n: 1.0 | M?c ??: 16.0
Aftertune - Contamination,Aftertune - Contamination,C?n ti?ng Anh nghi v?n: Aftertune; Contamination | S? t?/c?m nghi v?n: 2 | T? l? nghi v?n: 1.0 | M?c ??: 16.0
Matrix Durability,Matrix Durability,C?n ti?ng Anh nghi v?n: Durability; Matrix | S? t?/c?m nghi v?n: 2 | T? l? nghi v?n: 1.0 | M?c ??: 16.0
Matrix Durability,Matrix Durability,C?n ti?ng Anh nghi v?n: Durability; Matrix | S? t?/c?m nghi v?n: 2 | T? l? nghi v?n: 1.0 | M?c ??: 16.0
Overwatch Protocol,Overwatch Protocol,C?n ti?ng Anh nghi v?n: Overwatch; Protocol | S? t?/c?m nghi v?n: 2 | T? l? nghi v?n: 1.0 | M?c ??: 16.0
Switching Terminals,Switching Terminals,C?n ti?ng Anh nghi v?n: Switching; Terminals | S? t?/c?m nghi v?n: 2 | T? l? nghi v?n: 1.0 | M?c ??: 16.0
Beholder's Vision,Beholder's Vision,C?n ti?ng Anh nghi v?n: Beholder's; Vision | S? t?/c?m nghi v?n: 2 | T? l? nghi v?n: 1.0 | M?c ??: 16.0
Paradise Shelter,Paradise Shelter,C?n ti?ng Anh nghi v?n: Paradise; Shelter | S? t?/c?m nghi v?n: 2 | T? l? nghi v?n: 1.0 | M?c ??: 16.0
Beholder's Vision,Beholder's Vision,C?n ti?ng Anh nghi v?n: Beholder's; Vision | S? t?/c?m nghi v?n: 2 | T? l? nghi v?n: 1.0 | M?c ??: 16.0
Feather Blade,Feather Blade,C?n ti?ng Anh nghi v?n: Blade; Feather | S? t?/c?m nghi v?n: 2 | T? l? nghi v?n: 1.0 | M?c ??: 16.0
Tearing Apart,Tearing Apart,C?n ti?ng Anh nghi v?n: Apart; Tearing | S? t?/c?m nghi v?n: 2 | T? l? nghi v?n: 1.0 | M?c ??: 16.0
Hunting Hour,Hunting Hour,C?n ti?ng Anh nghi v?n: Hour; Hunting | S? t?/c?m nghi v?n: 2 | T? l? nghi v?n: 1.0 | M?c ??: 16.0
Drill Process,Drill Process,C?n ti?ng Anh nghi v?n: Drill; Process | S? t?/c?m nghi v?n: 2 | T? l? nghi v?n: 1.0 | M?c ??: 16.0
Freeze Frame Challenge - Easy Mode,Thử Thách Freeze Frame - Chế Độ Dễ,C?n ti?ng Anh nghi v?n: Frame; Freeze | S? t?/c?m nghi v?n: 2 | T? l? nghi v?n: 1.0 | M?c ??: 16.0
Stranger Things in Honami: Namipon,Những Điều Kỳ Lạ Ở Honami: Namipon,C?n ti?ng Anh nghi v?n: Honami; Namipon | S? t?/c?m nghi v?n: 2 | T? l? nghi v?n: 1.0 | M?c ??: 16.0
Stranger Things in Honami: Irideglow Contamination,Những Điều Kỳ Lạ Ở Honami: Nhiễm Độc Irideglow,C?n ti?ng Anh nghi v?n: Honami; Irideglow | S? t?/c?m nghi v?n: 2 | T? l? nghi v?n: 1.0 | M?c ??: 16.0
Stranger Things in Honami: Namipon Telephone Booth,Những Điều Kỳ Lạ Ở Honami: Buồng Điện Thoại Namipon,C?n ti?ng Anh nghi v?n: Honami; Namipon | S? t?/c?m nghi v?n: 2 | T? l? nghi v?n: 1.0 | M?c ??: 16.0
Namipon Stickers,Namipon Stickers,C?n ti?ng Anh nghi v?n: Namipon; Stickers | S? t?/c?m nghi v?n: 2 | T? l? nghi v?n: 1.0 | M?c ??: 16.0
Contaminated Loot,Contaminated Loot,C?n ti?ng Anh nghi v?n: Contaminated; Loot | S? t?/c?m nghi v?n: 2 | T? l? nghi v?n: 1.0 | M?c ??: 16.0
Irideglow Portal,Irideglow Portal,C?n ti?ng Anh nghi v?n: Irideglow; Portal | S? t?/c?m nghi v?n: 2 | T? l? nghi v?n: 1.0 | M?c ??: 16.0
Tune Break,Tune Break,C?n ti?ng Anh nghi v?n: Break; Tune | S? t?/c?m nghi v?n: 2 | T? l? nghi v?n: 1.0 | M?c ??: 16.0
Combat Power,Combat Power,C?n ti?ng Anh nghi v?n: Combat; Power | S? t?/c?m nghi v?n: 2 | T? l? nghi v?n: 1.0 | M?c ??: 16.0
Namipon Lightbox,Namipon Lightbox,C?n ti?ng Anh nghi v?n: Lightbox; Namipon | S? t?/c?m nghi v?n: 2 | T? l? nghi v?n: 1.0 | M?c ??: 16.0
Neon Tower Challenge I,Thử Thách Tháp Neon I,C?n ti?ng Anh nghi v?n: I; Neon | S? t?/c?m nghi v?n: 2 | T? l? nghi v?n: 1.0 | M?c ??: 16.0
Neon Tower Challenge II,Thử Thách Tháp Neon II,C?n ti?ng Anh nghi v?n: II; Neon | S? t?/c?m nghi v?n: 2 | T? l? nghi v?n: 1.0 | M?c ??: 16.0
Investigating Anomalies,Investigating Anomalies,C?n ti?ng Anh nghi v?n: Anomalies; Investigating | S? t?/c?m nghi v?n: 2 | T? l? nghi v?n: 1.0 | M?c ??: 16.0
Free Exploration,Free Exploration,C?n ti?ng Anh nghi v?n: Exploration; Free | S? t?/c?m nghi v?n: 2 | T? l? nghi v?n: 1.0 | M?c ??: 16.0
Motorbike Progression,Motorbike Progression,C?n ti?ng Anh nghi v?n: Motorbike; Progression | S? t?/c?m nghi v?n: 2 | T? l? nghi v?n: 1.0 | M?c ??: 16.0
Persona Sonic,Persona Sonic,C?n ti?ng Anh nghi v?n: Persona; Sonic | S? t?/c?m nghi v?n: 2 | T? l? nghi v?n: 1.0 | M?c ??: 16.0
Expansion Module Upgrades,Expansion Mô-đun Upgrades,C?n ti?ng Anh nghi v?n: Expansion; Upgrades | S? t?/c?m nghi v?n: 2 | T? l? nghi v?n: 1.0 | M?c ??: 16.0
Motorbike Features,Motorbike Features,C?n ti?ng Anh nghi v?n: Features; Motorbike | S? t?/c?m nghi v?n: 2 | T? l? nghi v?n: 1.0 | M?c ??: 16.0
Navigation Tracking,Navigation Tracking,C?n ti?ng Anh nghi v?n: Navigation; Tracking | S? t?/c?m nghi v?n: 2 | T? l? nghi v?n: 1.0 | M?c ??: 16.0
Autopilot Controls,Autopilot Controls,C?n ti?ng Anh nghi v?n: Autopilot; Controls | S? t?/c?m nghi v?n: 2 | T? l? nghi v?n: 1.0 | M?c ??: 16.0
Free Autopilot,Free Autopilot,C?n ti?ng Anh nghi v?n: Autopilot; Free | S? t?/c?m nghi v?n: 2 | T? l? nghi v?n: 1.0 | M?c ??: 16.0
Rebuild Materials,Rebuild Materials,C?n ti?ng Anh nghi v?n: Materials; Rebuild | S? t?/c?m nghi v?n: 2 | T? l? nghi v?n: 1.0 | M?c ??: 16.0
Reconstruction Gain,Reconstruction Gain,C?n ti?ng Anh nghi v?n: Gain; Reconstruction | S? t?/c?m nghi v?n: 2 | T? l? nghi v?n: 1.0 | M?c ??: 16.0
Reconstruction Navigation,Reconstruction Navigation,C?n ti?ng Anh nghi v?n: Navigation; Reconstruction | S? t?/c?m nghi v?n: 2 | T? l? nghi v?n: 1.0 | M?c ??: 16.0
Assist the Spacetrek Observatory reconstruction project,Hỗ trợ dự án tái thiết Spacetrek Observatory,C?n ti?ng Anh nghi v?n: Observatory; Spacetrek | S? t?/c?m nghi v?n: 2 | T? l? nghi v?n: 1.0 | M?c ??: 16.0
Off-Tune Level,Mức độ Off-Tune,C?n ti?ng Anh nghi v?n: Off; Tune | S? t?/c?m nghi v?n: 2 | T? l? nghi v?n: 1.0 | M?c ??: 16.0
Tune Break,Tune Break,C?n ti?ng Anh nghi v?n: Break; Tune | S? t?/c?m nghi v?n: 2 | T? l? nghi v?n: 1.0 | M?c ??: 16.0
Tune Disruption,Tune Disruption,C?n ti?ng Anh nghi v?n: Disruption; Tune | S? t?/c?m nghi v?n: 2 | T? l? nghi v?n: 1.0 | M?c ??: 16.0
Mistune: Immunity,Mistune: Immunity,C?n ti?ng Anh nghi v?n: Immunity; Mistune | S? t?/c?m nghi v?n: 2 | T? l? nghi v?n: 1.0 | M?c ??: 16.0
Mistune: Exposure,Mistune: Exposure,C?n ti?ng Anh nghi v?n: Exposure; Mistune | S? t?/c?m nghi v?n: 2 | T? l? nghi v?n: 1.0 | M?c ??: 16.0
Reactor Husk,Reactor Husk,C?n ti?ng Anh nghi v?n: Husk; Reactor | S? t?/c?m nghi v?n: 2 | T? l? nghi v?n: 1.0 | M?c ??: 16.0
Mining Reindeer,Mining Reindeer,C?n ti?ng Anh nghi v?n: Mining; Reindeer | S? t?/c?m nghi v?n: 2 | T? l? nghi v?n: 1.0 | M?c ??: 16.0
Flora Reindeer,Flora Reindeer,C?n ti?ng Anh nghi v?n: Flora; Reindeer | S? t?/c?m nghi v?n: 2 | T? l? nghi v?n: 1.0 | M?c ??: 16.0
Spacetrek Explorer,Spacetrek Explorer,C?n ti?ng Anh nghi v?n: Explorer; Spacetrek | S? t?/c?m nghi v?n: 2 | T? l? nghi v?n: 1.0 | M?c ??: 16.0
Sabercat Prowler,Sabercat Prowler,C?n ti?ng Anh nghi v?n: Prowler; Sabercat | S? t?/c?m nghi v?n: 2 | T? l? nghi v?n: 1.0 | M?c ??: 16.0
Cinder Cut,Cinder Cut,C?n ti?ng Anh nghi v?n: Cinder; Cut | S? t?/c?m nghi v?n: 2 | T? l? nghi v?n: 1.0 | M?c ??: 16.0
Vulnerable Core,Vulnerable Core,C?n ti?ng Anh nghi v?n: Core; Vulnerable | S? t?/c?m nghi v?n: 2 | T? l? nghi v?n: 1.0 | M?c ??: 16.0
Part Break,Part Break,C?n ti?ng Anh nghi v?n: Break; Part | S? t?/c?m nghi v?n: 2 | T? l? nghi v?n: 1.0 | M?c ??: 16.0
Part Break,Part Break,C?n ti?ng Anh nghi v?n: Break; Part | S? t?/c?m nghi v?n: 2 | T? l? nghi v?n: 1.0 | M?c ??: 16.0
Part Break,Part Break,C?n ti?ng Anh nghi v?n: Break; Part | S? t?/c?m nghi v?n: 2 | T? l? nghi v?n: 1.0 | M?c ??: 16.0
Mechascout: Transition,Mechascout: Transition,C?n ti?ng Anh nghi v?n: Mechascout; Transition | S? t?/c?m nghi v?n: 2 | T? l? nghi v?n: 1.0 | M?c ??: 16.0
Owlwatch Hacking,Owlwatch Hacking,C?n ti?ng Anh nghi v?n: Hacking; Owlwatch | S? t?/c?m nghi v?n: 2 | T? l? nghi v?n: 1.0 | M?c ??: 16.0
Velo Conduit,Velo Conduit,C?n ti?ng Anh nghi v?n: Conduit; Velo | S? t?/c?m nghi v?n: 2 | T? l? nghi v?n: 1.0 | M?c ??: 16.0
Grapple Drone,Grapple Drone,C?n ti?ng Anh nghi v?n: Drone; Grapple | S? t?/c?m nghi v?n: 2 | T? l? nghi v?n: 1.0 | M?c ??: 16.0
Utility: Adaptive Hook,Công cụ: Adaptive Hook,C?n ti?ng Anh nghi v?n: Adaptive; Hook | S? t?/c?m nghi v?n: 2 | T? l? nghi v?n: 1.0 | M?c ??: 16.0
Breakable Obstacles,Breakable Obstacles,C?n ti?ng Anh nghi v?n: Breakable; Obstacles | S? t?/c?m nghi v?n: 2 | T? l? nghi v?n: 1.0 | M?c ??: 16.0
Projector: Geospider S4,Projector: Geospider S4,C?n ti?ng Anh nghi v?n: Geospider; Projector | S? t?/c?m nghi v?n: 2 | T? l? nghi v?n: 1.0 | M?c ??: 16.0
Rail Sliding,Rail Sliding,C?n ti?ng Anh nghi v?n: Rail; Sliding | S? t?/c?m nghi v?n: 2 | T? l? nghi v?n: 1.0 | M?c ??: 16.0
Hologram Racetrack,Hologram Racetrack,C?n ti?ng Anh nghi v?n: Hologram; Racetrack | S? t?/c?m nghi v?n: 2 | T? l? nghi v?n: 1.0 | M?c ??: 16.0
Velo Conduit,Velo Conduit,C?n ti?ng Anh nghi v?n: Conduit; Velo | S? t?/c?m nghi v?n: 2 | T? l? nghi v?n: 1.0 | M?c ??: 16.0
Grapple Drone,Grapple Drone,C?n ti?ng Anh nghi v?n: Drone; Grapple | S? t?/c?m nghi v?n: 2 | T? l? nghi v?n: 1.0 | M?c ??: 16.0
Gathering Soliskin,Gathering Soliskin,C?n ti?ng Anh nghi v?n: Gathering; Soliskin | S? t?/c?m nghi v?n: 2 | T? l? nghi v?n: 1.0 | M?c ??: 16.0
Solis Orb,Solis Orb,C?n ti?ng Anh nghi v?n: Orb; Solis | S? t?/c?m nghi v?n: 2 | T? l? nghi v?n: 1.0 | M?c ??: 16.0
Accompanying Soliskin,Accompanying Soliskin,C?n ti?ng Anh nghi v?n: Accompanying; Soliskin | S? t?/c?m nghi v?n: 2 | T? l? nghi v?n: 1.0 | M?c ??: 16.0
Utility: Adaptive Hook,Công cụ: Adaptive Hook,C?n ti?ng Anh nghi v?n: Adaptive; Hook | S? t?/c?m nghi v?n: 2 | T? l? nghi v?n: 1.0 | M?c ??: 16.0
Breakable Obstacles,Breakable Obstacles,C?n ti?ng Anh nghi v?n: Breakable; Obstacles | S? t?/c?m nghi v?n: 2 | T? l? nghi v?n: 1.0 | M?c ??: 16.0
Hologram Racetrack,Hologram Racetrack,C?n ti?ng Anh nghi v?n: Hologram; Racetrack | S? t?/c?m nghi v?n: 2 | T? l? nghi v?n: 1.0 | M?c ??: 16.0
Cube Blocker,Cube Blocker,C?n ti?ng Anh nghi v?n: Blocker; Cube | S? t?/c?m nghi v?n: 2 | T? l? nghi v?n: 1.0 | M?c ??: 16.0
Faulty Component,Faulty Component,C?n ti?ng Anh nghi v?n: Component; Faulty | S? t?/c?m nghi v?n: 2 | T? l? nghi v?n: 1.0 | M?c ??: 16.0
Flow Limiter Module,Flow Limiter Mô-đun,C?n ti?ng Anh nghi v?n: Flow; Limiter | S? t?/c?m nghi v?n: 2 | T? l? nghi v?n: 1.0 | M?c ??: 16.0
Switching Blockers,Switching Blockers,C?n ti?ng Anh nghi v?n: Blockers; Switching | S? t?/c?m nghi v?n: 2 | T? l? nghi v?n: 1.0 | M?c ??: 16.0
Vehicle Looks,Vehicle Looks,C?n ti?ng Anh nghi v?n: Looks; Vehicle | S? t?/c?m nghi v?n: 2 | T? l? nghi v?n: 1.0 | M?c ??: 16.0
Motorbike Appearance,Motorbike Appearance,C?n ti?ng Anh nghi v?n: Appearance; Motorbike | S? t?/c?m nghi v?n: 2 | T? l? nghi v?n: 1.0 | M?c ??: 16.0
Point Rules,Point Rules,C?n ti?ng Anh nghi v?n: Point; Rules | S? t?/c?m nghi v?n: 2 | T? l? nghi v?n: 1.0 | M?c ??: 16.0
Singularity Expansion,Singularity Expansion,C?n ti?ng Anh nghi v?n: Expansion; Singularity | S? t?/c?m nghi v?n: 2 | T? l? nghi v?n: 1.0 | M?c ??: 16.0
Spacetrek Convoy Supplies,Spacetrek Convoy Vật tư,C?n ti?ng Anh nghi v?n: Convoy; Spacetrek | S? t?/c?m nghi v?n: 2 | T? l? nghi v?n: 1.0 | M?c ??: 16.0
Spacetrek Convoy Supplies,Spacetrek Convoy Vật tư,C?n ti?ng Anh nghi v?n: Convoy; Spacetrek | S? t?/c?m nghi v?n: 2 | T? l? nghi v?n: 1.0 | M?c ??: 16.0
Smartprint Cube,Smartprint Cube,C?n ti?ng Anh nghi v?n: Cube; Smartprint | S? t?/c?m nghi v?n: 2 | T? l? nghi v?n: 1.0 | M?c ??: 16.0
Smartprint Cube,Smartprint Cube,C?n ti?ng Anh nghi v?n: Cube; Smartprint | S? t?/c?m nghi v?n: 2 | T? l? nghi v?n: 1.0 | M?c ??: 16.0
Deck Composition,Deck Composition,C?n ti?ng Anh nghi v?n: Composition; Deck | S? t?/c?m nghi v?n: 2 | T? l? nghi v?n: 1.0 | M?c ??: 16.0
Deck Build,Deck Build,C?n ti?ng Anh nghi v?n: Build; Deck | S? t?/c?m nghi v?n: 2 | T? l? nghi v?n: 1.0 | M?c ??: 16.0
Perpetual Spark,Perpetual Spark,C?n ti?ng Anh nghi v?n: Perpetual; Spark | S? t?/c?m nghi v?n: 2 | T? l? nghi v?n: 1.0 | M?c ??: 16.0
Data Modification,Data Modification,C?n ti?ng Anh nghi v?n: Data; Modification | S? t?/c?m nghi v?n: 2 | T? l? nghi v?n: 1.0 | M?c ??: 16.0
Endless Track,Endless Track,C?n ti?ng Anh nghi v?n: Endless; Track | S? t?/c?m nghi v?n: 2 | T? l? nghi v?n: 1.0 | M?c ??: 16.0
Boss Fight,Boss Fight,C?n ti?ng Anh nghi v?n: Boss; Fight | S? t?/c?m nghi v?n: 2 | T? l? nghi v?n: 1.0 | M?c ??: 16.0
Endless Track,Endless Track,C?n ti?ng Anh nghi v?n: Endless; Track | S? t?/c?m nghi v?n: 2 | T? l? nghi v?n: 1.0 | M?c ??: 16.0
Vibe Gauge,Vibe Gauge,C?n ti?ng Anh nghi v?n: Gauge; Vibe | S? t?/c?m nghi v?n: 2 | T? l? nghi v?n: 1.0 | M?c ??: 16.0
Crownless Card,Crownless Card,C?n ti?ng Anh nghi v?n: Card; Crownless | S? t?/c?m nghi v?n: 2 | T? l? nghi v?n: 1.0 | M?c ??: 16.0
Decor Design,Decor Design,C?n ti?ng Anh nghi v?n: Decor; Design | S? t?/c?m nghi v?n: 2 | T? l? nghi v?n: 1.0 | M?c ??: 16.0
Obtaining Decor,Obtaining Decor,C?n ti?ng Anh nghi v?n: Decor; Obtaining | S? t?/c?m nghi v?n: 2 | T? l? nghi v?n: 1.0 | M?c ??: 16.0
Instant Veto,Instant Veto,C?n ti?ng Anh nghi v?n: Instant; Veto | S? t?/c?m nghi v?n: 2 | T? l? nghi v?n: 1.0 | M?c ??: 16.0
Sharp Instinct,Sharp Instinct,C?n ti?ng Anh nghi v?n: Instinct; Sharp | S? t?/c?m nghi v?n: 2 | T? l? nghi v?n: 1.0 | M?c ??: 16.0
Mind Scalpel,Mind Scalpel,C?n ti?ng Anh nghi v?n: Mind; Scalpel | S? t?/c?m nghi v?n: 2 | T? l? nghi v?n: 1.0 | M?c ??: 16.0
Kronaclaws and Kronablights,Kronaclaws và Kronablights,C?n ti?ng Anh nghi v?n: Kronablights; Kronaclaws | S? t?/c?m nghi v?n: 2 | T? l? nghi v?n: 1.0 | M?c ??: 16.0
Projector: Icebreaker,Projector: Icebreaker,C?n ti?ng Anh nghi v?n: Icebreaker; Projector | S? t?/c?m nghi v?n: 2 | T? l? nghi v?n: 1.0 | M?c ??: 16.0
Voidmatter Forcefield,Voidmatter Forcefield,C?n ti?ng Anh nghi v?n: Forcefield; Voidmatter | S? t?/c?m nghi v?n: 2 | T? l? nghi v?n: 1.0 | M?c ??: 16.0
Glacier Probe,Glacier Probe,C?n ti?ng Anh nghi v?n: Glacier; Probe | S? t?/c?m nghi v?n: 2 | T? l? nghi v?n: 1.0 | M?c ??: 16.0
Void Barrier,Void Barrier,C?n ti?ng Anh nghi v?n: Barrier; Void | S? t?/c?m nghi v?n: 2 | T? l? nghi v?n: 1.0 | M?c ??: 16.0
Condensed Exoenergy,Condensed Exoenergy,C?n ti?ng Anh nghi v?n: Condensed; Exoenergy | S? t?/c?m nghi v?n: 2 | T? l? nghi v?n: 1.0 | M?c ??: 16.0
Off Course,Off Course,C?n ti?ng Anh nghi v?n: Course; Off | S? t?/c?m nghi v?n: 2 | T? l? nghi v?n: 1.0 | M?c ??: 16.0
Synchronization Rate,Synchronization Rate,C?n ti?ng Anh nghi v?n: Rate; Synchronization | S? t?/c?m nghi v?n: 2 | T? l? nghi v?n: 1.0 | M?c ??: 16.0
Kronaclaws and Kronablights,Kronaclaws và Kronablights,C?n ti?ng Anh nghi v?n: Kronablights; Kronaclaws | S? t?/c?m nghi v?n: 2 | T? l? nghi v?n: 1.0 | M?c ??: 16.0
Projector: Icebreaker,Projector: Icebreaker,C?n ti?ng Anh nghi v?n: Icebreaker; Projector | S? t?/c?m nghi v?n: 2 | T? l? nghi v?n: 1.0 | M?c ??: 16.0
Glacier Probe,Glacier Probe,C?n ti?ng Anh nghi v?n: Glacier; Probe | S? t?/c?m nghi v?n: 2 | T? l? nghi v?n: 1.0 | M?c ??: 16.0
Stable Adaptive Module,Stable Adaptive Mô-đun,C?n ti?ng Anh nghi v?n: Adaptive; Stable | S? t?/c?m nghi v?n: 2 | T? l? nghi v?n: 1.0 | M?c ??: 16.0
Unstable Barrier,Unstable Barrier,C?n ti?ng Anh nghi v?n: Barrier; Unstable | S? t?/c?m nghi v?n: 2 | T? l? nghi v?n: 1.0 | M?c ??: 16.0
Void Barrier,Void Barrier,C?n ti?ng Anh nghi v?n: Barrier; Void | S? t?/c?m nghi v?n: 2 | T? l? nghi v?n: 1.0 | M?c ??: 16.0
Condensed Exoenergy,Condensed Exoenergy,C?n ti?ng Anh nghi v?n: Condensed; Exoenergy | S? t?/c?m nghi v?n: 2 | T? l? nghi v?n: 1.0 | M?c ??: 16.0
Stabilizing Droplets,Stabilizing Droplets,C?n ti?ng Anh nghi v?n: Droplets; Stabilizing | S? t?/c?m nghi v?n: 2 | T? l? nghi v?n: 1.0 | M?c ??: 16.0
Platform Relay,Platform Relay,C?n ti?ng Anh nghi v?n: Platform; Relay | S? t?/c?m nghi v?n: 2 | T? l? nghi v?n: 1.0 | M?c ??: 16.0
Ice Wall,Ice Wall,C?n ti?ng Anh nghi v?n: Ice; Wall | S? t?/c?m nghi v?n: 2 | T? l? nghi v?n: 1.0 | M?c ??: 16.0
Login Days,Login Days,C?n ti?ng Anh nghi v?n: Days; Login | S? t?/c?m nghi v?n: 2 | T? l? nghi v?n: 1.0 | M?c ??: 16.0
Endstate Matrix,Endstate Matrix,C?n ti?ng Anh nghi v?n: Endstate; Matrix | S? t?/c?m nghi v?n: 2 | T? l? nghi v?n: 1.0 | M?c ??: 16.0
Exam Lineup,Exam Lineup,C?n ti?ng Anh nghi v?n: Exam; Lineup | S? t?/c?m nghi v?n: 2 | T? l? nghi v?n: 1.0 | M?c ??: 16.0
Exam Details,Exam Details,C?n ti?ng Anh nghi v?n: Details; Exam | S? t?/c?m nghi v?n: 2 | T? l? nghi v?n: 1.0 | M?c ??: 16.0
Music Notes,Music Notes,C?n ti?ng Anh nghi v?n: Music; Notes | S? t?/c?m nghi v?n: 2 | T? l? nghi v?n: 1.0 | M?c ??: 16.0
Directional Notes,Directional Notes,C?n ti?ng Anh nghi v?n: Directional; Notes | S? t?/c?m nghi v?n: 2 | T? l? nghi v?n: 1.0 | M?c ??: 16.0
Yellow Notes,Yellow Notes,C?n ti?ng Anh nghi v?n: Notes; Yellow | S? t?/c?m nghi v?n: 2 | T? l? nghi v?n: 1.0 | M?c ??: 16.0
Music Notes,Music Notes,C?n ti?ng Anh nghi v?n: Music; Notes | S? t?/c?m nghi v?n: 2 | T? l? nghi v?n: 1.0 | M?c ??: 16.0
Directional Notes,Directional Notes,C?n ti?ng Anh nghi v?n: Directional; Notes | S? t?/c?m nghi v?n: 2 | T? l? nghi v?n: 1.0 | M?c ??: 16.0
Yellow Notes,Yellow Notes,C?n ti?ng Anh nghi v?n: Notes; Yellow | S? t?/c?m nghi v?n: 2 | T? l? nghi v?n: 1.0 | M?c ??: 16.0
Flying Speed,Flying Speed,C?n ti?ng Anh nghi v?n: Flying; Speed | S? t?/c?m nghi v?n: 2 | T? l? nghi v?n: 1.0 | M?c ??: 16.0
Endstate Matrix,Endstate Matrix,C?n ti?ng Anh nghi v?n: Endstate; Matrix | S? t?/c?m nghi v?n: 2 | T? l? nghi v?n: 1.0 | M?c ??: 16.0
Earning Points,Earning Points,C?n ti?ng Anh nghi v?n: Earning; Points | S? t?/c?m nghi v?n: 2 | T? l? nghi v?n: 1.0 | M?c ??: 16.0
Singularity Expansion,Singularity Expansion,C?n ti?ng Anh nghi v?n: Expansion; Singularity | S? t?/c?m nghi v?n: 2 | T? l? nghi v?n: 1.0 | M?c ??: 16.0
Viral Contamination,Viral Contamination,C?n ti?ng Anh nghi v?n: Contamination; Viral | S? t?/c?m nghi v?n: 2 | T? l? nghi v?n: 1.0 | M?c ??: 16.0
Exam Scope,Exam Scope,C?n ti?ng Anh nghi v?n: Exam; Scope | S? t?/c?m nghi v?n: 2 | T? l? nghi v?n: 1.0 | M?c ??: 16.0
Saving Progress,Saving Progress,C?n ti?ng Anh nghi v?n: Progress; Saving | S? t?/c?m nghi v?n: 2 | T? l? nghi v?n: 1.0 | M?c ??: 16.0
Electronic Keyboard,Electronic Keyboard,C?n ti?ng Anh nghi v?n: Electronic; Keyboard | S? t?/c?m nghi v?n: 2 | T? l? nghi v?n: 1.0 | M?c ??: 16.0
Disruption Rune,Disruption Rune,C?n ti?ng Anh nghi v?n: Disruption; Rune | S? t?/c?m nghi v?n: 2 | T? l? nghi v?n: 1.0 | M?c ??: 16.0
Drum Set,Drum Set,C?n ti?ng Anh nghi v?n: Drum; Set | S? t?/c?m nghi v?n: 2 | T? l? nghi v?n: 1.0 | M?c ??: 16.0
Electronic Keyboard,Electronic Keyboard,C?n ti?ng Anh nghi v?n: Electronic; Keyboard | S? t?/c?m nghi v?n: 2 | T? l? nghi v?n: 1.0 | M?c ??: 16.0
Rune: Key,Rune: Key,C?n ti?ng Anh nghi v?n: Key; Rune | S? t?/c?m nghi v?n: 2 | T? l? nghi v?n: 1.0 | M?c ??: 16.0
Disruption Rune,Disruption Rune,C?n ti?ng Anh nghi v?n: Disruption; Rune | S? t?/c?m nghi v?n: 2 | T? l? nghi v?n: 1.0 | M?c ??: 16.0
Bountiful Waves,Bountiful Waves,C?n ti?ng Anh nghi v?n: Bountiful; Waves | S? t?/c?m nghi v?n: 2 | T? l? nghi v?n: 1.0 | M?c ??: 16.0
Dimmr Traces,Dimmr Traces,C?n ti?ng Anh nghi v?n: Dimmr; Traces | S? t?/c?m nghi v?n: 2 | T? l? nghi v?n: 1.0 | M?c ??: 16.0
Voidmatter Blocks,Voidmatter Blocks,C?n ti?ng Anh nghi v?n: Blocks; Voidmatter | S? t?/c?m nghi v?n: 2 | T? l? nghi v?n: 1.0 | M?c ??: 16.0
Restoration Project,Restoration Project,C?n ti?ng Anh nghi v?n: Project; Restoration | S? t?/c?m nghi v?n: 2 | T? l? nghi v?n: 1.0 | M?c ??: 16.0
Boss Mechanics,Boss Mechanics,C?n ti?ng Anh nghi v?n: Boss; Mechanics | S? t?/c?m nghi v?n: 2 | T? l? nghi v?n: 1.0 | M?c ??: 16.0
Boss Mechanics,Boss Mechanics,C?n ti?ng Anh nghi v?n: Boss; Mechanics | S? t?/c?m nghi v?n: 2 | T? l? nghi v?n: 1.0 | M?c ??: 16.0
Boss Mechanics,Boss Mechanics,C?n ti?ng Anh nghi v?n: Boss; Mechanics | S? t?/c?m nghi v?n: 2 | T? l? nghi v?n: 1.0 | M?c ??: 16.0
Boss Mechanics,Boss Mechanics,C?n ti?ng Anh nghi v?n: Boss; Mechanics | S? t?/c?m nghi v?n: 2 | T? l? nghi v?n: 1.0 | M?c ??: 16.0
Boss Mechanics,Boss Mechanics,C?n ti?ng Anh nghi v?n: Boss; Mechanics | S? t?/c?m nghi v?n: 2 | T? l? nghi v?n: 1.0 | M?c ??: 16.0
Boss Mechanics,Boss Mechanics,C?n ti?ng Anh nghi v?n: Boss; Mechanics | S? t?/c?m nghi v?n: 2 | T? l? nghi v?n: 1.0 | M?c ??: 16.0
Boss Mechanics,Boss Mechanics,C?n ti?ng Anh nghi v?n: Boss; Mechanics | S? t?/c?m nghi v?n: 2 | T? l? nghi v?n: 1.0 | M?c ??: 16.0
Exclusive ROM,Exclusive ROM,C?n ti?ng Anh nghi v?n: Exclusive; ROM | S? t?/c?m nghi v?n: 2 | T? l? nghi v?n: 1.0 | M?c ??: 16.0
Collecting Restoratives,Collecting Restoratives,C?n ti?ng Anh nghi v?n: Collecting; Restoratives | S? t?/c?m nghi v?n: 2 | T? l? nghi v?n: 1.0 | M?c ??: 16.0
Restoration Completion,Restoration Completion,C?n ti?ng Anh nghi v?n: Completion; Restoration | S? t?/c?m nghi v?n: 2 | T? l? nghi v?n: 1.0 | M?c ??: 16.0
Flippers/Launch,Flippers/Launch,C?n ti?ng Anh nghi v?n: Flippers; Launch | S? t?/c?m nghi v?n: 2 | T? l? nghi v?n: 1.0 | M?c ??: 16.0
Omni-Bounce,Omni-Bounce,C?n ti?ng Anh nghi v?n: Bounce; Omni | S? t?/c?m nghi v?n: 2 | T? l? nghi v?n: 1.0 | M?c ??: 16.0
Directional Bounce,Directional Bounce,C?n ti?ng Anh nghi v?n: Bounce; Directional | S? t?/c?m nghi v?n: 2 | T? l? nghi v?n: 1.0 | M?c ??: 16.0
Black Hole,Black Hole,C?n ti?ng Anh nghi v?n: Black; Hole | S? t?/c?m nghi v?n: 2 | T? l? nghi v?n: 1.0 | M?c ??: 16.0
Reactor Husk,Reactor Husk,C?n ti?ng Anh nghi v?n: Husk; Reactor | S? t?/c?m nghi v?n: 2 | T? l? nghi v?n: 1.0 | M?c ??: 16.0
Nameless Explorer,Nameless Explorer,C?n ti?ng Anh nghi v?n: Explorer; Nameless | S? t?/c?m nghi v?n: 2 | T? l? nghi v?n: 1.0 | M?c ??: 16.0
Aerial Dash,Aerial Dash,C?n ti?ng Anh nghi v?n: Aerial; Dash | S? t?/c?m nghi v?n: 2 | T? l? nghi v?n: 1.0 | M?c ??: 16.0
Charged Leap,Charged Leap,C?n ti?ng Anh nghi v?n: Charged; Leap | S? t?/c?m nghi v?n: 2 | T? l? nghi v?n: 1.0 | M?c ??: 16.0
Light Builder Challenge,Thử Thách Light Builder,C?n ti?ng Anh nghi v?n: Builder; Light | S? t?/c?m nghi v?n: 2 | T? l? nghi v?n: 1.0 | M?c ??: 16.0
Lumescribe Component,Lumescribe Component,C?n ti?ng Anh nghi v?n: Component; Lumescribe | S? t?/c?m nghi v?n: 2 | T? l? nghi v?n: 1.0 | M?c ??: 16.0
Stalaglow Cavern,Stalaglow Cavern,C?n ti?ng Anh nghi v?n: Cavern; Stalaglow | S? t?/c?m nghi v?n: 2 | T? l? nghi v?n: 1.0 | M?c ??: 16.0
Nivora Doll,Nivora Doll,C?n ti?ng Anh nghi v?n: Doll; Nivora | S? t?/c?m nghi v?n: 2 | T? l? nghi v?n: 1.0 | M?c ??: 16.0
Solight Dial,Solight Dial,C?n ti?ng Anh nghi v?n: Dial; Solight | S? t?/c?m nghi v?n: 2 | T? l? nghi v?n: 1.0 | M?c ??: 16.0
Soliskin Platform,Soliskin Platform,C?n ti?ng Anh nghi v?n: Platform; Soliskin | S? t?/c?m nghi v?n: 2 | T? l? nghi v?n: 1.0 | M?c ??: 16.0
Voidmatter Blocks,Voidmatter Blocks,C?n ti?ng Anh nghi v?n: Blocks; Voidmatter | S? t?/c?m nghi v?n: 2 | T? l? nghi v?n: 1.0 | M?c ??: 16.0
Lumescribe Emitter,Lumescribe Emitter,C?n ti?ng Anh nghi v?n: Emitter; Lumescribe | S? t?/c?m nghi v?n: 2 | T? l? nghi v?n: 1.0 | M?c ??: 16.0
Soliskin Puff,Soliskin Puff,C?n ti?ng Anh nghi v?n: Puff; Soliskin | S? t?/c?m nghi v?n: 2 | T? l? nghi v?n: 1.0 | M?c ??: 16.0
Residual Voidmatter,Residual Voidmatter,C?n ti?ng Anh nghi v?n: Residual; Voidmatter | S? t?/c?m nghi v?n: 2 | T? l? nghi v?n: 1.0 | M?c ??: 16.0
Light Builder,Light Builder,C?n ti?ng Anh nghi v?n: Builder; Light | S? t?/c?m nghi v?n: 2 | T? l? nghi v?n: 1.0 | M?c ??: 16.0
Stalaglow Cavern,Stalaglow Cavern,C?n ti?ng Anh nghi v?n: Cavern; Stalaglow | S? t?/c?m nghi v?n: 2 | T? l? nghi v?n: 1.0 | M?c ??: 16.0
Sensing Runes,Sensing Runes,C?n ti?ng Anh nghi v?n: Runes; Sensing | S? t?/c?m nghi v?n: 2 | T? l? nghi v?n: 1.0 | M?c ??: 16.0
Aligning Runes,Aligning Runes,C?n ti?ng Anh nghi v?n: Aligning; Runes | S? t?/c?m nghi v?n: 2 | T? l? nghi v?n: 1.0 | M?c ??: 16.0
Nivora Doll,Nivora Doll,C?n ti?ng Anh nghi v?n: Doll; Nivora | S? t?/c?m nghi v?n: 2 | T? l? nghi v?n: 1.0 | M?c ??: 16.0
Solight Dial,Solight Dial,C?n ti?ng Anh nghi v?n: Dial; Solight | S? t?/c?m nghi v?n: 2 | T? l? nghi v?n: 1.0 | M?c ??: 16.0
Blocking Light,Blocking Light,C?n ti?ng Anh nghi v?n: Blocking; Light | S? t?/c?m nghi v?n: 2 | T? l? nghi v?n: 1.0 | M?c ??: 16.0
Rock Mirrors,Rock Mirrors,C?n ti?ng Anh nghi v?n: Mirrors; Rock | S? t?/c?m nghi v?n: 2 | T? l? nghi v?n: 1.0 | M?c ??: 16.0
Soliskin Puff,Soliskin Puff,C?n ti?ng Anh nghi v?n: Puff; Soliskin | S? t?/c?m nghi v?n: 2 | T? l? nghi v?n: 1.0 | M?c ??: 16.0
Residual Voidmatter,Residual Voidmatter,C?n ti?ng Anh nghi v?n: Residual; Voidmatter | S? t?/c?m nghi v?n: 2 | T? l? nghi v?n: 1.0 | M?c ??: 16.0
Race Schedules,Race Schedules,C?n ti?ng Anh nghi v?n: Race; Schedules | S? t?/c?m nghi v?n: 2 | T? l? nghi v?n: 1.0 | M?c ??: 16.0
Advancement Rules,Advancement Rules,C?n ti?ng Anh nghi v?n: Advancement; Rules | S? t?/c?m nghi v?n: 2 | T? l? nghi v?n: 1.0 | M?c ??: 16.0
Turn Flow,Turn Flow,C?n ti?ng Anh nghi v?n: Flow; Turn | S? t?/c?m nghi v?n: 2 | T? l? nghi v?n: 1.0 | M?c ??: 16.0
Cube Stacking,Cube Stacking,C?n ti?ng Anh nghi v?n: Cube; Stacking | S? t?/c?m nghi v?n: 2 | T? l? nghi v?n: 1.0 | M?c ??: 16.0
Race Overview,Race Overview,C?n ti?ng Anh nghi v?n: Overview; Race | S? t?/c?m nghi v?n: 2 | T? l? nghi v?n: 1.0 | M?c ??: 16.0
Advancement Rules,Advancement Rules,C?n ti?ng Anh nghi v?n: Advancement; Rules | S? t?/c?m nghi v?n: 2 | T? l? nghi v?n: 1.0 | M?c ??: 16.0
Origami Construct,Origami Construct,C?n ti?ng Anh nghi v?n: Construct; Origami | S? t?/c?m nghi v?n: 2 | T? l? nghi v?n: 1.0 | M?c ??: 16.0
Origami Construct,Origami Construct,C?n ti?ng Anh nghi v?n: Construct; Origami | S? t?/c?m nghi v?n: 2 | T? l? nghi v?n: 1.0 | M?c ??: 16.0
Dimmr Travelogue,Dimmr Travelogue,C?n ti?ng Anh nghi v?n: Dimmr; Travelogue | S? t?/c?m nghi v?n: 2 | T? l? nghi v?n: 1.0 | M?c ??: 16.0
Tidebreaking Courage,Tidebreaking Courage,C?n ti?ng Anh nghi v?n: Courage; Tidebreaking | S? t?/c?m nghi v?n: 2 | T? l? nghi v?n: 1.0 | M?c ??: 16.0
Windward Pilgrimage,Windward Pilgrimage,C?n ti?ng Anh nghi v?n: Pilgrimage; Windward | S? t?/c?m nghi v?n: 2 | T? l? nghi v?n: 1.0 | M?c ??: 16.0
Flaming Clawprint,Flaming Clawprint,C?n ti?ng Anh nghi v?n: Clawprint; Flaming | S? t?/c?m nghi v?n: 2 | T? l? nghi v?n: 1.0 | M?c ??: 16.0
Freezing Frost,Freezing Frost,C?n ti?ng Anh nghi v?n: Freezing; Frost | S? t?/c?m nghi v?n: 2 | T? l? nghi v?n: 1.0 | M?c ??: 16.0
Flamewing's Shadow,Flamewing's Shadow,C?n ti?ng Anh nghi v?n: Flamewing's; Shadow | S? t?/c?m nghi v?n: 2 | T? l? nghi v?n: 1.0 | M?c ??: 16.0
Trailblazing Star,Trailblazing Star,C?n ti?ng Anh nghi v?n: Star; Trailblazing | S? t?/c?m nghi v?n: 2 | T? l? nghi v?n: 1.0 | M?c ??: 16.0
Chromatic Foam,Chromatic Foam,C?n ti?ng Anh nghi v?n: Chromatic; Foam | S? t?/c?m nghi v?n: 2 | T? l? nghi v?n: 1.0 | M?c ??: 16.0
Molten Rift,Molten Rift,C?n ti?ng Anh nghi v?n: Molten; Rift | S? t?/c?m nghi v?n: 2 | T? l? nghi v?n: 1.0 | M?c ??: 16.0
Void Thunder,Void Thunder,C?n ti?ng Anh nghi v?n: Thunder; Void | S? t?/c?m nghi v?n: 2 | T? l? nghi v?n: 1.0 | M?c ??: 16.0
Sierra Gale,Sierra Gale,C?n ti?ng Anh nghi v?n: Gale; Sierra | S? t?/c?m nghi v?n: 2 | T? l? nghi v?n: 1.0 | M?c ??: 16.0
Celestial Light,Celestial Light,C?n ti?ng Anh nghi v?n: Celestial; Light | S? t?/c?m nghi v?n: 2 | T? l? nghi v?n: 1.0 | M?c ??: 16.0
Rejuvenating Glow,Rejuvenating Glow,C?n ti?ng Anh nghi v?n: Glow; Rejuvenating | S? t?/c?m nghi v?n: 2 | T? l? nghi v?n: 1.0 | M?c ??: 16.0
Moonlit Clouds,Moonlit Clouds,C?n ti?ng Anh nghi v?n: Clouds; Moonlit | S? t?/c?m nghi v?n: 2 | T? l? nghi v?n: 1.0 | M?c ??: 16.0
Lingering Tunes,Lingering Tunes,C?n ti?ng Anh nghi v?n: Lingering; Tunes | S? t?/c?m nghi v?n: 2 | T? l? nghi v?n: 1.0 | M?c ??: 16.0
Frosty Resolve,Frosty Resolve,C?n ti?ng Anh nghi v?n: Frosty; Resolve | S? t?/c?m nghi v?n: 2 | T? l? nghi v?n: 1.0 | M?c ??: 16.0
Eternal Radiance,Eternal Radiance,C?n ti?ng Anh nghi v?n: Eternal; Radiance | S? t?/c?m nghi v?n: 2 | T? l? nghi v?n: 1.0 | M?c ??: 16.0
Midnight Veil,Midnight Veil,C?n ti?ng Anh nghi v?n: Midnight; Veil | S? t?/c?m nghi v?n: 2 | T? l? nghi v?n: 1.0 | M?c ??: 16.0
Empyrean Anthem,Empyrean Anthem,C?n ti?ng Anh nghi v?n: Anthem; Empyrean | S? t?/c?m nghi v?n: 2 | T? l? nghi v?n: 1.0 | M?c ??: 16.0
Phantom Appearance,Phantom Appearance,C?n ti?ng Anh nghi v?n: Appearance; Phantom | S? t?/c?m nghi v?n: 2 | T? l? nghi v?n: 1.0 | M?c ??: 16.0
Tune Break: Sword,Tune Break: Kiếm,C?n ti?ng Anh nghi v?n: Break; Tune | S? t?/c?m nghi v?n: 2 | T? l? nghi v?n: 1.0 | M?c ??: 16.0
Slayer's Trigger,Slayer's Trigger,C?n ti?ng Anh nghi v?n: Slayer's; Trigger | S? t?/c?m nghi v?n: 2 | T? l? nghi v?n: 1.0 | M?c ??: 16.0
Edge Transcended,Edge Transcended,C?n ti?ng Anh nghi v?n: Edge; Transcended | S? t?/c?m nghi v?n: 2 | T? l? nghi v?n: 1.0 | M?c ??: 16.0
Hellfire Absolution,Hellfire Absolution,C?n ti?ng Anh nghi v?n: Absolution; Hellfire | S? t?/c?m nghi v?n: 2 | T? l? nghi v?n: 1.0 | M?c ??: 16.0
Oathbound Hunt,Oathbound Hunt,C?n ti?ng Anh nghi v?n: Hunt; Oathbound | S? t?/c?m nghi v?n: 2 | T? l? nghi v?n: 1.0 | M?c ??: 16.0
Sin Feaster,Sin Feaster,C?n ti?ng Anh nghi v?n: Feaster; Sin | S? t?/c?m nghi v?n: 2 | T? l? nghi v?n: 1.0 | M?c ??: 16.0
Hellflare Overload,Hellflare Overload,C?n ti?ng Anh nghi v?n: Hellflare; Overload | S? t?/c?m nghi v?n: 2 | T? l? nghi v?n: 1.0 | M?c ??: 16.0
Beyond Threshold,Beyond Threshold,C?n ti?ng Anh nghi v?n: Beyond; Threshold | S? t?/c?m nghi v?n: 2 | T? l? nghi v?n: 1.0 | M?c ??: 16.0
Skillful Cooking,Skillful Cooking,C?n ti?ng Anh nghi v?n: Cooking; Skillful | S? t?/c?m nghi v?n: 2 | T? l? nghi v?n: 1.0 | M?c ??: 16.0
Ashen Pursuit,Ashen Pursuit,C?n ti?ng Anh nghi v?n: Ashen; Pursuit | S? t?/c?m nghi v?n: 2 | T? l? nghi v?n: 1.0 | M?c ??: 16.0
Sundering Strike,Sundering Strike,C?n ti?ng Anh nghi v?n: Strike; Sundering | S? t?/c?m nghi v?n: 2 | T? l? nghi v?n: 1.0 | M?c ??: 16.0
Quietude Within,Quietude Within,C?n ti?ng Anh nghi v?n: Quietude; Within | S? t?/c?m nghi v?n: 2 | T? l? nghi v?n: 1.0 | M?c ??: 16.0
Verdant Edge,Verdant Edge,C?n ti?ng Anh nghi v?n: Edge; Verdant | S? t?/c?m nghi v?n: 2 | T? l? nghi v?n: 1.0 | M?c ??: 16.0
Skillful Cooking,Skillful Cooking,C?n ti?ng Anh nghi v?n: Cooking; Skillful | S? t?/c?m nghi v?n: 2 | T? l? nghi v?n: 1.0 | M?c ??: 16.0
Fractured Composition,Fractured Composition,C?n ti?ng Anh nghi v?n: Composition; Fractured | S? t?/c?m nghi v?n: 2 | T? l? nghi v?n: 1.0 | M?c ??: 16.0
Inescapable Fate,Inescapable Fate,C?n ti?ng Anh nghi v?n: Fate; Inescapable | S? t?/c?m nghi v?n: 2 | T? l? nghi v?n: 1.0 | M?c ??: 16.0
Skillful Cooking,Skillful Cooking,C?n ti?ng Anh nghi v?n: Cooking; Skillful | S? t?/c?m nghi v?n: 2 | T? l? nghi v?n: 1.0 | M?c ??: 16.0
Critical Protocol,Critical Protocol,C?n ti?ng Anh nghi v?n: Critical; Protocol | S? t?/c?m nghi v?n: 2 | T? l? nghi v?n: 1.0 | M?c ??: 16.0
Skillful Cooking,Skillful Cooking,C?n ti?ng Anh nghi v?n: Cooking; Skillful | S? t?/c?m nghi v?n: 2 | T? l? nghi v?n: 1.0 | M?c ??: 16.0
Chroma Drift,Chroma Drift,C?n ti?ng Anh nghi v?n: Chroma; Drift | S? t?/c?m nghi v?n: 2 | T? l? nghi v?n: 1.0 | M?c ??: 16.0
Prismatic Overblast,Prismatic Overblast,C?n ti?ng Anh nghi v?n: Overblast; Prismatic | S? t?/c?m nghi v?n: 2 | T? l? nghi v?n: 1.0 | M?c ??: 16.0
Chromaticity Modeling,Chromaticity Modeling,C?n ti?ng Anh nghi v?n: Chromaticity; Modeling | S? t?/c?m nghi v?n: 2 | T? l? nghi v?n: 1.0 | M?c ??: 16.0
Skillful Cooking,Skillful Cooking,C?n ti?ng Anh nghi v?n: Cooking; Skillful | S? t?/c?m nghi v?n: 2 | T? l? nghi v?n: 1.0 | M?c ??: 16.0
Spectral Analysis,Spectral Analysis,C?n ti?ng Anh nghi v?n: Analysis; Spectral | S? t?/c?m nghi v?n: 2 | T? l? nghi v?n: 1.0 | M?c ??: 16.0
Uncaused Diagnosis,Uncaused Diagnosis,C?n ti?ng Anh nghi v?n: Diagnosis; Uncaused | S? t?/c?m nghi v?n: 2 | T? l? nghi v?n: 1.0 | M?c ??: 16.0
Skillful Cooking,Skillful Cooking,C?n ti?ng Anh nghi v?n: Cooking; Skillful | S? t?/c?m nghi v?n: 2 | T? l? nghi v?n: 1.0 | M?c ??: 16.0
Radiance Cleaver,Radiance Cleaver,C?n ti?ng Anh nghi v?n: Cleaver; Radiance | S? t?/c?m nghi v?n: 2 | T? l? nghi v?n: 1.0 | M?c ??: 16.0
Thunderflare Dominion,Thunderflare Dominion,C?n ti?ng Anh nghi v?n: Dominion; Thunderflare | S? t?/c?m nghi v?n: 2 | T? l? nghi v?n: 1.0 | M?c ??: 16.0
Starfield Calibrator,Starfield Calibrator,C?n ti?ng Anh nghi v?n: Calibrator; Starfield | S? t?/c?m nghi v?n: 2 | T? l? nghi v?n: 1.0 | M?c ??: 16.0
Laser Shearer,Laser Shearer,C?n ti?ng Anh nghi v?n: Laser; Shearer | S? t?/c?m nghi v?n: 2 | T? l? nghi v?n: 1.0 | M?c ??: 16.0
Emerald Sentence,Emerald Sentence,C?n ti?ng Anh nghi v?n: Emerald; Sentence | S? t?/c?m nghi v?n: 2 | T? l? nghi v?n: 1.0 | M?c ??: 16.0
Lux & Umbra,Lux & Umbra,C?n ti?ng Anh nghi v?n: Lux; Umbra | S? t?/c?m nghi v?n: 2 | T? l? nghi v?n: 1.0 | M?c ??: 16.0
Phasic Homogenizer,Phasic Homogenizer,C?n ti?ng Anh nghi v?n: Homogenizer; Phasic | S? t?/c?m nghi v?n: 2 | T? l? nghi v?n: 1.0 | M?c ??: 16.0
Spectrum Blaster,Spectrum Blaster,C?n ti?ng Anh nghi v?n: Blaster; Spectrum | S? t?/c?m nghi v?n: 2 | T? l? nghi v?n: 1.0 | M?c ??: 16.0
Pulsation Bracer,Pulsation Bracer,C?n ti?ng Anh nghi v?n: Bracer; Pulsation | S? t?/c?m nghi v?n: 2 | T? l? nghi v?n: 1.0 | M?c ??: 16.0
Moongazer's Sigil,Moongazer's Sigil,C?n ti?ng Anh nghi v?n: Moongazer's; Sigil | S? t?/c?m nghi v?n: 2 | T? l? nghi v?n: 1.0 | M?c ??: 16.0
Boson Astrolabe,Boson Astrolabe,C?n ti?ng Anh nghi v?n: Astrolabe; Boson | S? t?/c?m nghi v?n: 2 | T? l? nghi v?n: 1.0 | M?c ??: 16.0
Edge Breaker,Edge Breaker,C?n ti?ng Anh nghi v?n: Breaker; Edge | S? t?/c?m nghi v?n: 2 | T? l? nghi v?n: 1.0 | M?c ??: 16.0
Thunderblaze Eminence,Thunderblaze Eminence,C?n ti?ng Anh nghi v?n: Eminence; Thunderblaze | S? t?/c?m nghi v?n: 2 | T? l? nghi v?n: 1.0 | M?c ??: 16.0
Definite Solution,Definite Solution,C?n ti?ng Anh nghi v?n: Definite; Solution | S? t?/c?m nghi v?n: 2 | T? l? nghi v?n: 1.0 | M?c ??: 16.0
Signal Catcher,Signal Catcher,C?n ti?ng Anh nghi v?n: Catcher; Signal | S? t?/c?m nghi v?n: 2 | T? l? nghi v?n: 1.0 | M?c ??: 16.0
Insight Bearer,Insight Bearer,C?n ti?ng Anh nghi v?n: Bearer; Insight | S? t?/c?m nghi v?n: 2 | T? l? nghi v?n: 1.0 | M?c ??: 16.0
Concert Sublimation,Concert Sublimation,C?n ti?ng Anh nghi v?n: Concert; Sublimation | S? t?/c?m nghi v?n: 2 | T? l? nghi v?n: 1.0 | M?c ??: 16.0
Composition's Clue,Composition's Clue,C?n ti?ng Anh nghi v?n: Clue; Composition's | S? t?/c?m nghi v?n: 2 | T? l? nghi v?n: 1.0 | M?c ??: 16.0
Hidden Thoughts,Hidden Thoughts,C?n ti?ng Anh nghi v?n: Hidden; Thoughts | S? t?/c?m nghi v?n: 2 | T? l? nghi v?n: 1.0 | M?c ??: 16.0
Learned Secrets,Learned Secrets,C?n ti?ng Anh nghi v?n: Learned; Secrets | S? t?/c?m nghi v?n: 2 | T? l? nghi v?n: 1.0 | M?c ??: 16.0
Polished Words,Polished Words,C?n ti?ng Anh nghi v?n: Polished; Words | S? t?/c?m nghi v?n: 2 | T? l? nghi v?n: 1.0 | M?c ??: 16.0
Abyssal Ascension,Abyssal Ascension,C?n ti?ng Anh nghi v?n: Abyssal; Ascension | S? t?/c?m nghi v?n: 2 | T? l? nghi v?n: 1.0 | M?c ??: 16.0
Chronofrost Repose,Chronofrost Repose,C?n ti?ng Anh nghi v?n: Chronofrost; Repose | S? t?/c?m nghi v?n: 2 | T? l? nghi v?n: 1.0 | M?c ??: 16.0
Celestial Incarnate,Celestial Incarnate,C?n ti?ng Anh nghi v?n: Celestial; Incarnate | S? t?/c?m nghi v?n: 2 | T? l? nghi v?n: 1.0 | M?c ??: 16.0
Friction Coefficient,Friction Coefficient,C?n ti?ng Anh nghi v?n: Coefficient; Friction | S? t?/c?m nghi v?n: 2 | T? l? nghi v?n: 1.0 | M?c ??: 16.0
Gravity Coefficient,Gravity Coefficient,C?n ti?ng Anh nghi v?n: Coefficient; Gravity | S? t?/c?m nghi v?n: 2 | T? l? nghi v?n: 1.0 | M?c ??: 16.0
Rage Limit,Rage Limit,C?n ti?ng Anh nghi v?n: Limit; Rage | S? t?/c?m nghi v?n: 2 | T? l? nghi v?n: 1.0 | M?c ??: 16.0
Rage Recovery,Rage Recovery,C?n ti?ng Anh nghi v?n: Rage; Recovery | S? t?/c?m nghi v?n: 2 | T? l? nghi v?n: 1.0 | M?c ??: 16.0
Gravity Coefficient,Gravity Coefficient,C?n ti?ng Anh nghi v?n: Coefficient; Gravity | S? t?/c?m nghi v?n: 2 | T? l? nghi v?n: 1.0 | M?c ??: 16.0
Rage Limit,Rage Limit,C?n ti?ng Anh nghi v?n: Limit; Rage | S? t?/c?m nghi v?n: 2 | T? l? nghi v?n: 1.0 | M?c ??: 16.0
Rage Recovery,Rage Recovery,C?n ti?ng Anh nghi v?n: Rage; Recovery | S? t?/c?m nghi v?n: 2 | T? l? nghi v?n: 1.0 | M?c ??: 16.0
Concert Sublimation,Concert Sublimation,C?n ti?ng Anh nghi v?n: Concert; Sublimation | S? t?/c?m nghi v?n: 2 | T? l? nghi v?n: 1.0 | M?c ??: 16.0
Barrier Breacher,Barrier Breacher,C?n ti?ng Anh nghi v?n: Barrier; Breacher | S? t?/c?m nghi v?n: 2 | T? l? nghi v?n: 1.0 | M?c ??: 16.0
Plenilune Radiance,Plenilune Radiance,C?n ti?ng Anh nghi v?n: Plenilune; Radiance | S? t?/c?m nghi v?n: 2 | T? l? nghi v?n: 1.0 | M?c ??: 16.0
Aureate Zenith,Aureate Zenith,C?n ti?ng Anh nghi v?n: Aureate; Zenith | S? t?/c?m nghi v?n: 2 | T? l? nghi v?n: 1.0 | M?c ??: 16.0
Feather Edge,Feather Edge,C?n ti?ng Anh nghi v?n: Edge; Feather | S? t?/c?m nghi v?n: 2 | T? l? nghi v?n: 1.0 | M?c ??: 16.0
Path Observer,Path Observer,C?n ti?ng Anh nghi v?n: Observer; Path | S? t?/c?m nghi v?n: 2 | T? l? nghi v?n: 1.0 | M?c ??: 16.0
Solar Flame,Solar Flame,C?n ti?ng Anh nghi v?n: Flame; Solar | S? t?/c?m nghi v?n: 2 | T? l? nghi v?n: 1.0 | M?c ??: 16.0
Aether Strike,Aether Strike,C?n ti?ng Anh nghi v?n: Aether; Strike | S? t?/c?m nghi v?n: 2 | T? l? nghi v?n: 1.0 | M?c ??: 16.0
Cryptic Insight,Cryptic Insight,C?n ti?ng Anh nghi v?n: Cryptic; Insight | S? t?/c?m nghi v?n: 2 | T? l? nghi v?n: 1.0 | M?c ??: 16.0
Waning Crescent,Waning Crescent,C?n ti?ng Anh nghi v?n: Crescent; Waning | S? t?/c?m nghi v?n: 2 | T? l? nghi v?n: 1.0 | M?c ??: 16.0
Annihilated Silence,Annihilated Silence,C?n ti?ng Anh nghi v?n: Annihilated; Silence | S? t?/c?m nghi v?n: 2 | T? l? nghi v?n: 1.0 | M?c ??: 16.0
Aeon Symphony,Aeon Symphony,C?n ti?ng Anh nghi v?n: Aeon; Symphony | S? t?/c?m nghi v?n: 2 | T? l? nghi v?n: 1.0 | M?c ??: 16.0
Ebbing Undercurrent,Ebbing Undercurrent,C?n ti?ng Anh nghi v?n: Ebbing; Undercurrent | S? t?/c?m nghi v?n: 2 | T? l? nghi v?n: 1.0 | M?c ??: 16.0
Verdant Branchlet,Verdant Branchlet,C?n ti?ng Anh nghi v?n: Branchlet; Verdant | S? t?/c?m nghi v?n: 2 | T? l? nghi v?n: 1.0 | M?c ??: 16.0
Multitide Reflection,Multitide Reflection,C?n ti?ng Anh nghi v?n: Multitide; Reflection | S? t?/c?m nghi v?n: 2 | T? l? nghi v?n: 1.0 | M?c ??: 16.0
Mirroring Introspection,Mirroring Introspection,C?n ti?ng Anh nghi v?n: Introspection; Mirroring | S? t?/c?m nghi v?n: 2 | T? l? nghi v?n: 1.0 | M?c ??: 16.0
Benevolent Grace,Benevolent Grace,C?n ti?ng Anh nghi v?n: Benevolent; Grace | S? t?/c?m nghi v?n: 2 | T? l? nghi v?n: 1.0 | M?c ??: 16.0
Frostfire Illumination,Frostfire Illumination,C?n ti?ng Anh nghi v?n: Frostfire; Illumination | S? t?/c?m nghi v?n: 2 | T? l? nghi v?n: 1.0 | M?c ??: 16.0
Triumphant Explosions,Triumphant Explosions,C?n ti?ng Anh nghi v?n: Explosions; Triumphant | S? t?/c?m nghi v?n: 2 | T? l? nghi v?n: 1.0 | M?c ??: 16.0
Thawing Triumph,Thawing Triumph,C?n ti?ng Anh nghi v?n: Thawing; Triumph | S? t?/c?m nghi v?n: 2 | T? l? nghi v?n: 1.0 | M?c ??: 16.0
Vivid Strokes,Vivid Strokes,C?n ti?ng Anh nghi v?n: Strokes; Vivid | S? t?/c?m nghi v?n: 2 | T? l? nghi v?n: 1.0 | M?c ??: 16.0
Sacrificed Gains,Sacrificed Gains,C?n ti?ng Anh nghi v?n: Gains; Sacrificed | S? t?/c?m nghi v?n: 2 | T? l? nghi v?n: 1.0 | M?c ??: 16.0
Realized Plans,Realized Plans,C?n ti?ng Anh nghi v?n: Plans; Realized | S? t?/c?m nghi v?n: 2 | T? l? nghi v?n: 1.0 | M?c ??: 16.0
Reflection's Grace,Reflection's Grace,C?n ti?ng Anh nghi v?n: Grace; Reflection's | S? t?/c?m nghi v?n: 2 | T? l? nghi v?n: 1.0 | M?c ??: 16.0
Hue's Spectrum,Hue's Spectrum,C?n ti?ng Anh nghi v?n: Hue's; Spectrum | S? t?/c?m nghi v?n: 2 | T? l? nghi v?n: 1.0 | M?c ??: 16.0
Infinite Legacy,Infinite Legacy,C?n ti?ng Anh nghi v?n: Infinite; Legacy | S? t?/c?m nghi v?n: 2 | T? l? nghi v?n: 1.0 | M?c ??: 16.0
Waterside Respite,Waterside Respite,C?n ti?ng Anh nghi v?n: Respite; Waterside | S? t?/c?m nghi v?n: 2 | T? l? nghi v?n: 1.0 | M?c ??: 16.0
Sunroom Siesta,Sunroom Siesta,C?n ti?ng Anh nghi v?n: Siesta; Sunroom | S? t?/c?m nghi v?n: 2 | T? l? nghi v?n: 1.0 | M?c ??: 16.0
Restless Sleep,Restless Sleep,C?n ti?ng Anh nghi v?n: Restless; Sleep | S? t?/c?m nghi v?n: 2 | T? l? nghi v?n: 1.0 | M?c ??: 16.0
Frosted Lullaby,Frosted Lullaby,C?n ti?ng Anh nghi v?n: Frosted; Lullaby | S? t?/c?m nghi v?n: 2 | T? l? nghi v?n: 1.0 | M?c ??: 16.0
Dreamland Meander,Dreamland Meander,C?n ti?ng Anh nghi v?n: Dreamland; Meander | S? t?/c?m nghi v?n: 2 | T? l? nghi v?n: 1.0 | M?c ??: 16.0
Slumber Evermore,Slumber Evermore,C?n ti?ng Anh nghi v?n: Evermore; Slumber | S? t?/c?m nghi v?n: 2 | T? l? nghi v?n: 1.0 | M?c ??: 16.0
Unspoken Conjecture,Unspoken Conjecture,C?n ti?ng Anh nghi v?n: Conjecture; Unspoken | S? t?/c?m nghi v?n: 2 | T? l? nghi v?n: 1.0 | M?c ??: 16.0
Overflowing Quietude,Overflowing Quietude,C?n ti?ng Anh nghi v?n: Overflowing; Quietude | S? t?/c?m nghi v?n: 2 | T? l? nghi v?n: 1.0 | M?c ??: 16.0
Sprouting Reflections,Sprouting Reflections,C?n ti?ng Anh nghi v?n: Reflections; Sprouting | S? t?/c?m nghi v?n: 2 | T? l? nghi v?n: 1.0 | M?c ??: 16.0
"Lollo Logistics, Ready to Help","Lollo Logistics, Sẵn sàng Giúp đỡ",C?n ti?ng Anh nghi v?n: Logistics; Lollo | S? t?/c?m nghi v?n: 2 | T? l? nghi v?n: 1.0 | M?c ??: 16.0
Blossoming Embrace,Blossoming Embrace,C?n ti?ng Anh nghi v?n: Blossoming; Embrace | S? t?/c?m nghi v?n: 2 | T? l? nghi v?n: 1.0 | M?c ??: 16.0
Miraculous Blooms,Miraculous Blooms,C?n ti?ng Anh nghi v?n: Blooms; Miraculous | S? t?/c?m nghi v?n: 2 | T? l? nghi v?n: 1.0 | M?c ??: 16.0
Joyous Harvest,Joyous Harvest,C?n ti?ng Anh nghi v?n: Harvest; Joyous | S? t?/c?m nghi v?n: 2 | T? l? nghi v?n: 1.0 | M?c ??: 16.0
