en_source,vn_translate,loi_du_doan
Invite to a duel,Invite thách đấu,C?n ti?ng Anh nghi v?n: Invite | S? t?/c?m nghi v?n: 1 | T? l? nghi v?n: 1.0 | M?c ??: 13.0
Invite to a duel,Invite thách đấu,C?n ti?ng Anh nghi v?n: Invite | S? t?/c?m nghi v?n: 1 | T? l? nghi v?n: 1.0 | M?c ??: 13.0
Invite to a duel,Invite thách đấu,C?n ti?ng Anh nghi v?n: Invite | S? t?/c?m nghi v?n: 1 | T? l? nghi v?n: 1.0 | M?c ??: 13.0
Invite to a duel,Invite thách đấu,C?n ti?ng Anh nghi v?n: Invite | S? t?/c?m nghi v?n: 1 | T? l? nghi v?n: 1.0 | M?c ??: 13.0
Invite to a duel,Invite thách đấu,C?n ti?ng Anh nghi v?n: Invite | S? t?/c?m nghi v?n: 1 | T? l? nghi v?n: 1.0 | M?c ??: 13.0
Take a photo of the dancing Soliskin,Chụp ảnh Soliskin đang nhảy múa,C?n ti?ng Anh nghi v?n: Soliskin | S? t?/c?m nghi v?n: 1 | T? l? nghi v?n: 1.0 | M?c ??: 13.0
Take a photo of the dancing Soliskin,Chụp ảnh Soliskin đang nhảy múa,C?n ti?ng Anh nghi v?n: Soliskin | S? t?/c?m nghi v?n: 1 | T? l? nghi v?n: 1.0 | M?c ??: 13.0
Take a photo of the Soliskin and the Mech Reindeer,Chụp Soliskin cùng với Tuần Lộc Cơ Khí đi,C?n ti?ng Anh nghi v?n: Soliskin | S? t?/c?m nghi v?n: 1 | T? l? nghi v?n: 1.0 | M?c ??: 13.0
Take a photo of the Soliskin and the Mech Reindeer,Chụp Soliskin cùng với Tuần Lộc Cơ Khí đi,C?n ti?ng Anh nghi v?n: Soliskin | S? t?/c?m nghi v?n: 1 | T? l? nghi v?n: 1.0 | M?c ??: 13.0
Dig,Dig,C?n ti?ng Anh nghi v?n: Dig | S? t?/c?m nghi v?n: 1 | T? l? nghi v?n: 1.0 | M?c ??: 13.0
Move,Move,C?n ti?ng Anh nghi v?n: Move | S? t?/c?m nghi v?n: 1 | T? l? nghi v?n: 1.0 | M?c ??: 13.0
Invoice,Invoice,C?n ti?ng Anh nghi v?n: Invoice | S? t?/c?m nghi v?n: 1 | T? l? nghi v?n: 1.0 | M?c ??: 13.0
Fluffguin,Fluffguin,C?n ti?ng Anh nghi v?n: Fluffguin | S? t?/c?m nghi v?n: 1 | T? l? nghi v?n: 1.0 | M?c ??: 13.0
Fluffguin,Fluffguin,C?n ti?ng Anh nghi v?n: Fluffguin | S? t?/c?m nghi v?n: 1 | T? l? nghi v?n: 1.0 | M?c ??: 13.0
Fluffguin,Fluffguin,C?n ti?ng Anh nghi v?n: Fluffguin | S? t?/c?m nghi v?n: 1 | T? l? nghi v?n: 1.0 | M?c ??: 13.0
Talk to Cantarella,Nói chuyện với Cantarella,C?n ti?ng Anh nghi v?n: Cantarella | S? t?/c?m nghi v?n: 1 | T? l? nghi v?n: 1.0 | M?c ??: 13.0
Use Sensor to search for hidden secrets,Dùng Sensor để tìm kiếm bí mật ẩn giấu,C?n ti?ng Anh nghi v?n: Sensor | S? t?/c?m nghi v?n: 1 | T? l? nghi v?n: 1.0 | M?c ??: 13.0
Use Sensor to search for hidden secrets,Dùng Sensor để tìm kiếm bí mật ẩn giấu,C?n ti?ng Anh nghi v?n: Sensor | S? t?/c?m nghi v?n: 1 | T? l? nghi v?n: 1.0 | M?c ??: 13.0
Dreamscape Node: Land of Swordsmanship,Mảnh Giấc Mơ: Land Kiếm Khách,C?n ti?ng Anh nghi v?n: Land | S? t?/c?m nghi v?n: 1 | T? l? nghi v?n: 1.0 | M?c ??: 13.0
Take less than 10 hits from Sagittario: {挑战3统计}/10,Bị Sagittario đánh trúng dưới 10 lần: {挑战3统计}/10,C?n ti?ng Anh nghi v?n: Sagittario | S? t?/c?m nghi v?n: 1 | T? l? nghi v?n: 1.0 | M?c ??: 13.0
Take less than 10 hits from Sagittario: 10/10,Bị Sagittario đánh trúng dưới 10 lần: 10/10,C?n ti?ng Anh nghi v?n: Sagittario | S? t?/c?m nghi v?n: 1 | T? l? nghi v?n: 1.0 | M?c ??: 13.0
Dreamscape Node: Land of Swordsmanship,Mảnh Giấc Mơ: Land Kiếm Khách,C?n ti?ng Anh nghi v?n: Land | S? t?/c?m nghi v?n: 1 | T? l? nghi v?n: 1.0 | M?c ??: 13.0
Take less than 10 hits from Sagittario: {挑战3统计} /10,Bị Sagittario đánh trúng dưới 10 lần: {挑战3统计}/10,C?n ti?ng Anh nghi v?n: Sagittario | S? t?/c?m nghi v?n: 1 | T? l? nghi v?n: 1.0 | M?c ??: 13.0
Take less than 10 hits from Sagittario: 10/10,Bị Sagittario đánh trúng dưới 10 lần: 10/10,C?n ti?ng Anh nghi v?n: Sagittario | S? t?/c?m nghi v?n: 1 | T? l? nghi v?n: 1.0 | M?c ??: 13.0
Defend the Dreamscape Nexus throughout the challenge,Bảo vệ Nexus Giấc Mơ xuyên suốt thử thách,C?n ti?ng Anh nghi v?n: Nexus | S? t?/c?m nghi v?n: 1 | T? l? nghi v?n: 1.0 | M?c ??: 13.0
Save the Dreamscape Nexus from destruction,Hãy cứu lấy Nexus Giấc Mơ khỏi sự hủy diệt,C?n ti?ng Anh nghi v?n: Nexus | S? t?/c?m nghi v?n: 1 | T? l? nghi v?n: 1.0 | M?c ??: 13.0
Defend the Dreamscape Nexus to complete the challenge,Bảo vệ Nexus Giấc Mơ để hoàn thành thử thách,C?n ti?ng Anh nghi v?n: Nexus | S? t?/c?m nghi v?n: 1 | T? l? nghi v?n: 1.0 | M?c ??: 13.0
Defend the Dreamscape Nexus throughout the challenge,Bảo vệ Nexus Giấc Mơ xuyên suốt thử thách,C?n ti?ng Anh nghi v?n: Nexus | S? t?/c?m nghi v?n: 1 | T? l? nghi v?n: 1.0 | M?c ??: 13.0
Save the Dreamscape Nexus from destruction,Hãy cứu lấy Nexus Giấc Mơ khỏi sự hủy diệt,C?n ti?ng Anh nghi v?n: Nexus | S? t?/c?m nghi v?n: 1 | T? l? nghi v?n: 1.0 | M?c ??: 13.0
Defend the Dreamscape Nexus to complete the challenge,Bảo vệ Nexus Giấc Mơ để hoàn thành thử thách,C?n ti?ng Anh nghi v?n: Nexus | S? t?/c?m nghi v?n: 1 | T? l? nghi v?n: 1.0 | M?c ??: 13.0
Dreamscape Node: Land of Dragons,Nút Giấc Mơ: Land Rồng,C?n ti?ng Anh nghi v?n: Land | S? t?/c?m nghi v?n: 1 | T? l? nghi v?n: 1.0 | M?c ??: 13.0
Dreamscape Node: Land of Dragons,Nút Giấc Mơ: Land Rồng,C?n ti?ng Anh nghi v?n: Land | S? t?/c?m nghi v?n: 1 | T? l? nghi v?n: 1.0 | M?c ??: 13.0
Baizhi,Baizhi,C?n ti?ng Anh nghi v?n: Baizhi | S? t?/c?m nghi v?n: 1 | T? l? nghi v?n: 1.0 | M?c ??: 13.0
Chixia,Chixia,C?n ti?ng Anh nghi v?n: Chixia | S? t?/c?m nghi v?n: 1 | T? l? nghi v?n: 1.0 | M?c ??: 13.0
Yangyang,Yangyang,C?n ti?ng Anh nghi v?n: Yangyang | S? t?/c?m nghi v?n: 1 | T? l? nghi v?n: 1.0 | M?c ??: 13.0
Daybreak at Last,Cuối Cùng Cũng Daybreak,C?n ti?ng Anh nghi v?n: Daybreak | S? t?/c?m nghi v?n: 1 | T? l? nghi v?n: 1.0 | M?c ??: 13.0
Jiyan,Jiyan,C?n ti?ng Anh nghi v?n: Jiyan | S? t?/c?m nghi v?n: 1 | T? l? nghi v?n: 1.0 | M?c ??: 13.0
"Small Wooly, Big Adventures","Wooly Nhỏ, Cuộc Phiêu Lưu Lớn",C?n ti?ng Anh nghi v?n: Wooly | S? t?/c?m nghi v?n: 1 | T? l? nghi v?n: 1.0 | M?c ??: 13.0
Encore,Encore,C?n ti?ng Anh nghi v?n: Encore | S? t?/c?m nghi v?n: 1 | T? l? nghi v?n: 1.0 | M?c ??: 13.0
Yinlin,Yinlin,C?n ti?ng Anh nghi v?n: Yinlin | S? t?/c?m nghi v?n: 1 | T? l? nghi v?n: 1.0 | M?c ??: 13.0
Lingyang,Lingyang,C?n ti?ng Anh nghi v?n: Lingyang | S? t?/c?m nghi v?n: 1 | T? l? nghi v?n: 1.0 | M?c ??: 13.0
Camellya,Camellya,C?n ti?ng Anh nghi v?n: Camellya | S? t?/c?m nghi v?n: 1 | T? l? nghi v?n: 1.0 | M?c ??: 13.0
Changli,Changli,C?n ti?ng Anh nghi v?n: Changli | S? t?/c?m nghi v?n: 1 | T? l? nghi v?n: 1.0 | M?c ??: 13.0
Zhezhi,Zhezhi,C?n ti?ng Anh nghi v?n: Zhezhi | S? t?/c?m nghi v?n: 1 | T? l? nghi v?n: 1.0 | M?c ??: 13.0
Camellya,Camellya,C?n ti?ng Anh nghi v?n: Camellya | S? t?/c?m nghi v?n: 1 | T? l? nghi v?n: 1.0 | M?c ??: 13.0
Carlotta,Carlotta,C?n ti?ng Anh nghi v?n: Carlotta | S? t?/c?m nghi v?n: 1 | T? l? nghi v?n: 1.0 | M?c ??: 13.0
Zani,Zani,C?n ti?ng Anh nghi v?n: Zani | S? t?/c?m nghi v?n: 1 | T? l? nghi v?n: 1.0 | M?c ??: 13.0
Shadow of the Past,Shadow Quá Khứ,C?n ti?ng Anh nghi v?n: Shadow | S? t?/c?m nghi v?n: 1 | T? l? nghi v?n: 1.0 | M?c ??: 13.0
Moments,Moments,C?n ti?ng Anh nghi v?n: Moments | S? t?/c?m nghi v?n: 1 | T? l? nghi v?n: 1.0 | M?c ??: 13.0
Moments,Moments,C?n ti?ng Anh nghi v?n: Moments | S? t?/c?m nghi v?n: 1 | T? l? nghi v?n: 1.0 | M?c ??: 13.0
Somnoire,Somnoire,C?n ti?ng Anh nghi v?n: Somnoire | S? t?/c?m nghi v?n: 1 | T? l? nghi v?n: 1.0 | M?c ??: 13.0
SOL3 Awakening,SOL3 Awakening,C?n ti?ng Anh nghi v?n: Awakening | S? t?/c?m nghi v?n: 1 | T? l? nghi v?n: 1.0 | M?c ??: 13.0
Quests,Quests,C?n ti?ng Anh nghi v?n: Quests | S? t?/c?m nghi v?n: 1 | T? l? nghi v?n: 1.0 | M?c ??: 13.0
Quests,Quests,C?n ti?ng Anh nghi v?n: Quests | S? t?/c?m nghi v?n: 1 | T? l? nghi v?n: 1.0 | M?c ??: 13.0
"""Modunasha""","""Modunasha""",C?n ti?ng Anh nghi v?n: Modunasha | S? t?/c?m nghi v?n: 1 | T? l? nghi v?n: 1.0 | M?c ??: 13.0
Research Memo A038,Nghiên cứu Memo A038,C?n ti?ng Anh nghi v?n: Memo | S? t?/c?m nghi v?n: 1 | T? l? nghi v?n: 1.0 | M?c ??: 13.0
Research Memo A038,Nghiên cứu Memo A038,C?n ti?ng Anh nghi v?n: Memo | S? t?/c?m nghi v?n: 1 | T? l? nghi v?n: 1.0 | M?c ??: 13.0
Type: Experiment Log,Loại: Log Thí nghiệm,C?n ti?ng Anh nghi v?n: Log | S? t?/c?m nghi v?n: 1 | T? l? nghi v?n: 1.0 | M?c ??: 13.0
Research Memo: A038,Nghiên cứu Memo: A038,C?n ti?ng Anh nghi v?n: Memo | S? t?/c?m nghi v?n: 1 | T? l? nghi v?n: 1.0 | M?c ??: 13.0
Archive,Archive,C?n ti?ng Anh nghi v?n: Archive | S? t?/c?m nghi v?n: 1 | T? l? nghi v?n: 1.0 | M?c ??: 13.0
Summary of the case of the assassination of Chief Mornguard,Tổng hợp vụ ám sát Đội Trưởng Mornguard,C?n ti?ng Anh nghi v?n: Mornguard | S? t?/c?m nghi v?n: 1 | T? l? nghi v?n: 1.0 | M?c ??: 13.0
Restoration No. 171,Restoration Không. 171,C?n ti?ng Anh nghi v?n: Restoration | S? t?/c?m nghi v?n: 1 | T? l? nghi v?n: 1.0 | M?c ??: 13.0
Restoration No. 281,Restoration Không. 281,C?n ti?ng Anh nghi v?n: Restoration | S? t?/c?m nghi v?n: 1 | T? l? nghi v?n: 1.0 | M?c ??: 13.0
"""Friendship""","""Friendship""",C?n ti?ng Anh nghi v?n: Friendship | S? t?/c?m nghi v?n: 1 | T? l? nghi v?n: 1.0 | M?c ??: 13.0
"""Divergence""","""Divergence""",C?n ti?ng Anh nghi v?n: Divergence | S? t?/c?m nghi v?n: 1 | T? l? nghi v?n: 1.0 | M?c ??: 13.0
"""Separation""","""Separation""",C?n ti?ng Anh nghi v?n: Separation | S? t?/c?m nghi v?n: 1 | T? l? nghi v?n: 1.0 | M?c ??: 13.0
WANTED,WANTED,C?n ti?ng Anh nghi v?n: WANTED | S? t?/c?m nghi v?n: 1 | T? l? nghi v?n: 1.0 | M?c ??: 13.0
Viewer Comments,Viewer Bình luận,C?n ti?ng Anh nghi v?n: Viewer | S? t?/c?m nghi v?n: 1 | T? l? nghi v?n: 1.0 | M?c ??: 13.0
Drainage System,Drainage Hệ thống,C?n ti?ng Anh nghi v?n: Drainage | S? t?/c?m nghi v?n: 1 | T? l? nghi v?n: 1.0 | M?c ??: 13.0
Evacuation Notice,Evacuation Thông báo,C?n ti?ng Anh nghi v?n: Evacuation | S? t?/c?m nghi v?n: 1 | T? l? nghi v?n: 1.0 | M?c ??: 13.0
Construction Notice,Construction Thông báo,C?n ti?ng Anh nghi v?n: Construction | S? t?/c?m nghi v?n: 1 | T? l? nghi v?n: 1.0 | M?c ??: 13.0
IOU,IOU,C?n ti?ng Anh nghi v?n: IOU | S? t?/c?m nghi v?n: 1 | T? l? nghi v?n: 1.0 | M?c ??: 13.0
Work Report on Exploration Site Selection-Part One,Báo Cáo Khảo Sát Lựa Chọn Địa Điểm Exploration - Phần Một,C?n ti?ng Anh nghi v?n: Exploration | S? t?/c?m nghi v?n: 1 | T? l? nghi v?n: 1.0 | M?c ??: 13.0
Camp Notice,Camp Thông báo,C?n ti?ng Anh nghi v?n: Camp | S? t?/c?m nghi v?n: 1 | T? l? nghi v?n: 1.0 | M?c ??: 13.0
Viewer Comments,Viewer Bình luận,C?n ti?ng Anh nghi v?n: Viewer | S? t?/c?m nghi v?n: 1 | T? l? nghi v?n: 1.0 | M?c ??: 13.0
Notice Board at the Northern Entrance,Thông báo Board tại Cổng Bắc,C?n ti?ng Anh nghi v?n: Board | S? t?/c?m nghi v?n: 1 | T? l? nghi v?n: 1.0 | M?c ??: 13.0
"Notice Regarding the Anomalous Behaviors of the ""Dormant Tacet Discord"" Underneath the Mine","Thông báo về Hiện Tượng Bất Thường của ""Discord Ngủ Đông"" Dưới Mỏ",C?n ti?ng Anh nghi v?n: Discord | S? t?/c?m nghi v?n: 1 | T? l? nghi v?n: 1.0 | M?c ??: 13.0
Research Memo-C2068,Nghiên cứu Memo-C2068,C?n ti?ng Anh nghi v?n: Memo | S? t?/c?m nghi v?n: 1 | T? l? nghi v?n: 1.0 | M?c ??: 13.0
Report on Exploration Work,Report Công tác Thám hiểm,C?n ti?ng Anh nghi v?n: Report | S? t?/c?m nghi v?n: 1 | T? l? nghi v?n: 1.0 | M?c ??: 13.0
Camp Notice,Camp Thông báo,C?n ti?ng Anh nghi v?n: Camp | S? t?/c?m nghi v?n: 1 | T? l? nghi v?n: 1.0 | M?c ??: 13.0
Restored Notice,Restored Thông báo,C?n ti?ng Anh nghi v?n: Restored | S? t?/c?m nghi v?n: 1 | T? l? nghi v?n: 1.0 | M?c ??: 13.0
Research Memo A038,Nghiên cứu Memo A038,C?n ti?ng Anh nghi v?n: Memo | S? t?/c?m nghi v?n: 1 | T? l? nghi v?n: 1.0 | M?c ??: 13.0
Research Memo A038,Nghiên cứu Memo A038,C?n ti?ng Anh nghi v?n: Memo | S? t?/c?m nghi v?n: 1 | T? l? nghi v?n: 1.0 | M?c ??: 13.0
Research Memo A038,Nghiên cứu Memo A038,C?n ti?ng Anh nghi v?n: Memo | S? t?/c?m nghi v?n: 1 | T? l? nghi v?n: 1.0 | M?c ??: 13.0
ghi chú rách nát (văn bản tạm thời),ghi chú rách nát (văn bản tạm thời),C?n ti?ng Anh nghi v?n: ghi | S? t?/c?m nghi v?n: 1 | T? l? nghi v?n: 1.0 | M?c ??: 13.0
Research Log,Nghiên cứu Log,C?n ti?ng Anh nghi v?n: Log | S? t?/c?m nghi v?n: 1 | T? l? nghi v?n: 1.0 | M?c ??: 13.0
Research Journal,Nghiên cứu Journal,C?n ti?ng Anh nghi v?n: Journal | S? t?/c?m nghi v?n: 1 | T? l? nghi v?n: 1.0 | M?c ??: 13.0
Research Memo–CT1946,Nghiên cứu Memo–CT1946,C?n ti?ng Anh nghi v?n: Memo | S? t?/c?m nghi v?n: 1 | T? l? nghi v?n: 1.0 | M?c ??: 13.0
Log,Log,C?n ti?ng Anh nghi v?n: Log | S? t?/c?m nghi v?n: 1 | T? l? nghi v?n: 1.0 | M?c ??: 13.0
Resolution K626,Resolution K626,C?n ti?ng Anh nghi v?n: Resolution | S? t?/c?m nghi v?n: 1 | T? l? nghi v?n: 1.0 | M?c ??: 13.0
Modulation,Modulation,C?n ti?ng Anh nghi v?n: Modulation | S? t?/c?m nghi v?n: 1 | T? l? nghi v?n: 1.0 | M?c ??: 13.0
Anchor,Anchor,C?n ti?ng Anh nghi v?n: Anchor | S? t?/c?m nghi v?n: 1 | T? l? nghi v?n: 1.0 | M?c ??: 13.0
Garden of the Primus,Garden Nguyên Sơ,C?n ti?ng Anh nghi v?n: Garden | S? t?/c?m nghi v?n: 1 | T? l? nghi v?n: 1.0 | M?c ??: 13.0
Placeholder,Placeholder,C?n ti?ng Anh nghi v?n: Placeholder | S? t?/c?m nghi v?n: 1 | T? l? nghi v?n: 1.0 | M?c ??: 13.0
Research Log,Nghiên cứu Log,C?n ti?ng Anh nghi v?n: Log | S? t?/c?m nghi v?n: 1 | T? l? nghi v?n: 1.0 | M?c ??: 13.0
Confessions,Confessions,C?n ti?ng Anh nghi v?n: Confessions | S? t?/c?m nghi v?n: 1 | T? l? nghi v?n: 1.0 | M?c ??: 13.0
Gondola,Gondola,C?n ti?ng Anh nghi v?n: Gondola | S? t?/c?m nghi v?n: 1 | T? l? nghi v?n: 1.0 | M?c ??: 13.0
Montelli,Montelli,C?n ti?ng Anh nghi v?n: Montelli | S? t?/c?m nghi v?n: 1 | T? l? nghi v?n: 1.0 | M?c ??: 13.0
Fisalia,Fisalia,C?n ti?ng Anh nghi v?n: Fisalia | S? t?/c?m nghi v?n: 1 | T? l? nghi v?n: 1.0 | M?c ??: 13.0
Lorelei,Lorelei,C?n ti?ng Anh nghi v?n: Lorelei | S? t?/c?m nghi v?n: 1 | T? l? nghi v?n: 1.0 | M?c ??: 13.0
Prologue,Prologue,C?n ti?ng Anh nghi v?n: Prologue | S? t?/c?m nghi v?n: 1 | T? l? nghi v?n: 1.0 | M?c ??: 13.0
Segue,Segue,C?n ti?ng Anh nghi v?n: Segue | S? t?/c?m nghi v?n: 1 | T? l? nghi v?n: 1.0 | M?c ??: 13.0
Roccia,Roccia,C?n ti?ng Anh nghi v?n: Roccia | S? t?/c?m nghi v?n: 1 | T? l? nghi v?n: 1.0 | M?c ??: 13.0
A Lost Page from a Diary,Một Page Nhật Ký Lạc Mất,C?n ti?ng Anh nghi v?n: Page | S? t?/c?m nghi v?n: 1 | T? l? nghi v?n: 1.0 | M?c ??: 13.0
A Lost Page from a Diary,Một Page Nhật Ký Lạc Mất,C?n ti?ng Anh nghi v?n: Page | S? t?/c?m nghi v?n: 1 | T? l? nghi v?n: 1.0 | M?c ??: 13.0
A Lost Page from a Diary,Một Page Nhật Ký Lạc Mất,C?n ti?ng Anh nghi v?n: Page | S? t?/c?m nghi v?n: 1 | T? l? nghi v?n: 1.0 | M?c ??: 13.0
Brant,Brant,C?n ti?ng Anh nghi v?n: Brant | S? t?/c?m nghi v?n: 1 | T? l? nghi v?n: 1.0 | M?c ??: 13.0
SOS...,SOS...,C?n ti?ng Anh nghi v?n: SOS | S? t?/c?m nghi v?n: 1 | T? l? nghi v?n: 1.0 | M?c ??: 13.0
Cantarella,Cantarella,C?n ti?ng Anh nghi v?n: Cantarella | S? t?/c?m nghi v?n: 1 | T? l? nghi v?n: 1.0 | M?c ??: 13.0
Health,Health,C?n ti?ng Anh nghi v?n: Health | S? t?/c?m nghi v?n: 1 | T? l? nghi v?n: 1.0 | M?c ??: 13.0
Martialism,Martialism,C?n ti?ng Anh nghi v?n: Martialism | S? t?/c?m nghi v?n: 1 | T? l? nghi v?n: 1.0 | M?c ??: 13.0
Willpower,Willpower,C?n ti?ng Anh nghi v?n: Willpower | S? t?/c?m nghi v?n: 1 | T? l? nghi v?n: 1.0 | M?c ??: 13.0
Reputation,Reputation,C?n ti?ng Anh nghi v?n: Reputation | S? t?/c?m nghi v?n: 1 | T? l? nghi v?n: 1.0 | M?c ??: 13.0
Blade of Glory,Kiếm Glory,C?n ti?ng Anh nghi v?n: Glory | S? t?/c?m nghi v?n: 1 | T? l? nghi v?n: 1.0 | M?c ??: 13.0
Stop,Stop,C?n ti?ng Anh nghi v?n: Stop | S? t?/c?m nghi v?n: 1 | T? l? nghi v?n: 1.0 | M?c ??: 13.0
Inspect the item,Inspect vật phẩm,C?n ti?ng Anh nghi v?n: Inspect | S? t?/c?m nghi v?n: 1 | T? l? nghi v?n: 1.0 | M?c ??: 13.0
Dawn Breaks on Dark Tides,Dawn Trên Bóng Tối Dâng Trào,C?n ti?ng Anh nghi v?n: Dawn | S? t?/c?m nghi v?n: 1 | T? l? nghi v?n: 1.0 | M?c ??: 13.0
Dawn Breaks on Dark Tides,Dawn Trên Bóng Tối Dâng Trào,C?n ti?ng Anh nghi v?n: Dawn | S? t?/c?m nghi v?n: 1 | T? l? nghi v?n: 1.0 | M?c ??: 13.0
Dawn Breaks on Dark Tides,Dawn Trên Bóng Tối Dâng Trào,C?n ti?ng Anh nghi v?n: Dawn | S? t?/c?m nghi v?n: 1 | T? l? nghi v?n: 1.0 | M?c ??: 13.0
Segue,Segue,C?n ti?ng Anh nghi v?n: Segue | S? t?/c?m nghi v?n: 1 | T? l? nghi v?n: 1.0 | M?c ??: 13.0
A Stranger in a Strange Land,Kẻ Lạ Mặt Ở Land Lạ,C?n ti?ng Anh nghi v?n: Land | S? t?/c?m nghi v?n: 1 | T? l? nghi v?n: 1.0 | M?c ??: 13.0
A Stranger in a Strange Land,Kẻ Lạ Mặt Ở Land Lạ,C?n ti?ng Anh nghi v?n: Land | S? t?/c?m nghi v?n: 1 | T? l? nghi v?n: 1.0 | M?c ??: 13.0
Segue,Segue,C?n ti?ng Anh nghi v?n: Segue | S? t?/c?m nghi v?n: 1 | T? l? nghi v?n: 1.0 | M?c ??: 13.0
Guestbook,Guestbook,C?n ti?ng Anh nghi v?n: Guestbook | S? t?/c?m nghi v?n: 1 | T? l? nghi v?n: 1.0 | M?c ??: 13.0
Prologue,Prologue,C?n ti?ng Anh nghi v?n: Prologue | S? t?/c?m nghi v?n: 1 | T? l? nghi v?n: 1.0 | M?c ??: 13.0
Dimmr Plains,Đồng Bằng Dimmr,C?n ti?ng Anh nghi v?n: Dimmr | S? t?/c?m nghi v?n: 1 | T? l? nghi v?n: 1.0 | M?c ??: 13.0
Unknown,Unknown,C?n ti?ng Anh nghi v?n: Unknown | S? t?/c?m nghi v?n: 1 | T? l? nghi v?n: 1.0 | M?c ??: 13.0
Iuno,Iuno,C?n ti?ng Anh nghi v?n: Iuno | S? t?/c?m nghi v?n: 1 | T? l? nghi v?n: 1.0 | M?c ??: 13.0
Lucilla,Lucilla,C?n ti?ng Anh nghi v?n: Lucilla | S? t?/c?m nghi v?n: 1 | T? l? nghi v?n: 1.0 | M?c ??: 13.0
Lynae,Lynae,C?n ti?ng Anh nghi v?n: Lynae | S? t?/c?m nghi v?n: 1 | T? l? nghi v?n: 1.0 | M?c ??: 13.0
Chisa,Chisa,C?n ti?ng Anh nghi v?n: Chisa | S? t?/c?m nghi v?n: 1 | T? l? nghi v?n: 1.0 | M?c ??: 13.0
Mornye,Mornye,C?n ti?ng Anh nghi v?n: Mornye | S? t?/c?m nghi v?n: 1 | T? l? nghi v?n: 1.0 | M?c ??: 13.0
Ronan,Ronan,C?n ti?ng Anh nghi v?n: Ronan | S? t?/c?m nghi v?n: 1 | T? l? nghi v?n: 1.0 | M?c ??: 13.0
Milo,Milo,C?n ti?ng Anh nghi v?n: Milo | S? t?/c?m nghi v?n: 1 | T? l? nghi v?n: 1.0 | M?c ??: 13.0
Dhalifa,Dhalifa,C?n ti?ng Anh nghi v?n: Dhalifa | S? t?/c?m nghi v?n: 1 | T? l? nghi v?n: 1.0 | M?c ??: 13.0
Rakosan,Rakosan,C?n ti?ng Anh nghi v?n: Rakosan | S? t?/c?m nghi v?n: 1 | T? l? nghi v?n: 1.0 | M?c ??: 13.0
Sephira,Sephira,C?n ti?ng Anh nghi v?n: Sephira | S? t?/c?m nghi v?n: 1 | T? l? nghi v?n: 1.0 | M?c ??: 13.0
Dari,Dari,C?n ti?ng Anh nghi v?n: Dari | S? t?/c?m nghi v?n: 1 | T? l? nghi v?n: 1.0 | M?c ??: 13.0
Harriet,Harriet,C?n ti?ng Anh nghi v?n: Harriet | S? t?/c?m nghi v?n: 1 | T? l? nghi v?n: 1.0 | M?c ??: 13.0
Zeon,Zeon,C?n ti?ng Anh nghi v?n: Zeon | S? t?/c?m nghi v?n: 1 | T? l? nghi v?n: 1.0 | M?c ??: 13.0
Discarded Log I,Nhật ký Bị Loại I,C?n ti?ng Anh nghi v?n: I | S? t?/c?m nghi v?n: 1 | T? l? nghi v?n: 1.0 | M?c ??: 13.0
Discarded Log II,Nhật ký Bị Loại II,C?n ti?ng Anh nghi v?n: II | S? t?/c?m nghi v?n: 1 | T? l? nghi v?n: 1.0 | M?c ??: 13.0
Misha,Misha,C?n ti?ng Anh nghi v?n: Misha | S? t?/c?m nghi v?n: 1 | T? l? nghi v?n: 1.0 | M?c ??: 13.0
Jiyan,Jiyan,C?n ti?ng Anh nghi v?n: Jiyan | S? t?/c?m nghi v?n: 1 | T? l? nghi v?n: 1.0 | M?c ??: 13.0
Shorekeeper,Shorekeeper,C?n ti?ng Anh nghi v?n: Shorekeeper | S? t?/c?m nghi v?n: 1 | T? l? nghi v?n: 1.0 | M?c ??: 13.0
Carlotta,Carlotta,C?n ti?ng Anh nghi v?n: Carlotta | S? t?/c?m nghi v?n: 1 | T? l? nghi v?n: 1.0 | M?c ??: 13.0
Cantarella,Cantarella,C?n ti?ng Anh nghi v?n: Cantarella | S? t?/c?m nghi v?n: 1 | T? l? nghi v?n: 1.0 | M?c ??: 13.0
Cartethyia,Cartethyia,C?n ti?ng Anh nghi v?n: Cartethyia | S? t?/c?m nghi v?n: 1 | T? l? nghi v?n: 1.0 | M?c ??: 13.0
Zani,Zani,C?n ti?ng Anh nghi v?n: Zani | S? t?/c?m nghi v?n: 1 | T? l? nghi v?n: 1.0 | M?c ??: 13.0
Augusta,Augusta,C?n ti?ng Anh nghi v?n: Augusta | S? t?/c?m nghi v?n: 1 | T? l? nghi v?n: 1.0 | M?c ??: 13.0
Galbrena,Galbrena,C?n ti?ng Anh nghi v?n: Galbrena | S? t?/c?m nghi v?n: 1 | T? l? nghi v?n: 1.0 | M?c ??: 13.0
Qiuyuan,Qiuyuan,C?n ti?ng Anh nghi v?n: Qiuyuan | S? t?/c?m nghi v?n: 1 | T? l? nghi v?n: 1.0 | M?c ??: 13.0
Trevor,Trevor,C?n ti?ng Anh nghi v?n: Trevor | S? t?/c?m nghi v?n: 1 | T? l? nghi v?n: 1.0 | M?c ??: 13.0
Songdis,Songdis,C?n ti?ng Anh nghi v?n: Songdis | S? t?/c?m nghi v?n: 1 | T? l? nghi v?n: 1.0 | M?c ??: 13.0
Arsenio,Arsenio,C?n ti?ng Anh nghi v?n: Arsenio | S? t?/c?m nghi v?n: 1 | T? l? nghi v?n: 1.0 | M?c ??: 13.0
Lumi,Lumi,C?n ti?ng Anh nghi v?n: Lumi | S? t?/c?m nghi v?n: 1 | T? l? nghi v?n: 1.0 | M?c ??: 13.0
Segue,Segue,C?n ti?ng Anh nghi v?n: Segue | S? t?/c?m nghi v?n: 1 | T? l? nghi v?n: 1.0 | M?c ??: 13.0
Segue,Segue,C?n ti?ng Anh nghi v?n: Segue | S? t?/c?m nghi v?n: 1 | T? l? nghi v?n: 1.0 | M?c ??: 13.0
Trial,Trial,C?n ti?ng Anh nghi v?n: Trial | S? t?/c?m nghi v?n: 1 | T? l? nghi v?n: 1.0 | M?c ??: 13.0
Trial,Trial,C?n ti?ng Anh nghi v?n: Trial | S? t?/c?m nghi v?n: 1 | T? l? nghi v?n: 1.0 | M?c ??: 13.0
Trial,Trial,C?n ti?ng Anh nghi v?n: Trial | S? t?/c?m nghi v?n: 1 | T? l? nghi v?n: 1.0 | M?c ??: 13.0
Trial,Trial,C?n ti?ng Anh nghi v?n: Trial | S? t?/c?m nghi v?n: 1 | T? l? nghi v?n: 1.0 | M?c ??: 13.0
None,None,C?n ti?ng Anh nghi v?n: None | S? t?/c?m nghi v?n: 1 | T? l? nghi v?n: 1.0 | M?c ??: 13.0
None,None,C?n ti?ng Anh nghi v?n: None | S? t?/c?m nghi v?n: 1 | T? l? nghi v?n: 1.0 | M?c ??: 13.0
None,None,C?n ti?ng Anh nghi v?n: None | S? t?/c?m nghi v?n: 1 | T? l? nghi v?n: 1.0 | M?c ??: 13.0
None,None,C?n ti?ng Anh nghi v?n: None | S? t?/c?m nghi v?n: 1 | T? l? nghi v?n: 1.0 | M?c ??: 13.0
None,None,C?n ti?ng Anh nghi v?n: None | S? t?/c?m nghi v?n: 1 | T? l? nghi v?n: 1.0 | M?c ??: 13.0
Segue,Segue,C?n ti?ng Anh nghi v?n: Segue | S? t?/c?m nghi v?n: 1 | T? l? nghi v?n: 1.0 | M?c ??: 13.0
Honami,Honami,C?n ti?ng Anh nghi v?n: Honami | S? t?/c?m nghi v?n: 1 | T? l? nghi v?n: 1.0 | M?c ??: 13.0
Honami,Honami,C?n ti?ng Anh nghi v?n: Honami | S? t?/c?m nghi v?n: 1 | T? l? nghi v?n: 1.0 | M?c ??: 13.0
Dawn Breaks on Dark Tides,Dawn Trên Bóng Tối Dâng Trào,C?n ti?ng Anh nghi v?n: Dawn | S? t?/c?m nghi v?n: 1 | T? l? nghi v?n: 1.0 | M?c ??: 13.0
All Materials,Tất cả Materials,C?n ti?ng Anh nghi v?n: Materials | S? t?/c?m nghi v?n: 1 | T? l? nghi v?n: 1.0 | M?c ??: 13.0
EXP Items,EXP Vật phẩm,C?n ti?ng Anh nghi v?n: EXP | S? t?/c?m nghi v?n: 1 | T? l? nghi v?n: 1.0 | M?c ??: 13.0
Complete Forgery Challenges 2 times,Hoàn thành Challenges Giả Mạo 2 lần,C?n ti?ng Anh nghi v?n: Challenges | S? t?/c?m nghi v?n: 1 | T? l? nghi v?n: 1.0 | M?c ??: 13.0
SO,SO,C?n ti?ng Anh nghi v?n: SO | S? t?/c?m nghi v?n: 1 | T? l? nghi v?n: 1.0 | M?c ??: 13.0
BESIDES,BESIDES,C?n ti?ng Anh nghi v?n: BESIDES | S? t?/c?m nghi v?n: 1 | T? l? nghi v?n: 1.0 | M?c ??: 13.0
PLUS,PLUS,C?n ti?ng Anh nghi v?n: PLUS | S? t?/c?m nghi v?n: 1 | T? l? nghi v?n: 1.0 | M?c ??: 13.0
{} AHEAD,{} AHEAD,C?n ti?ng Anh nghi v?n: AHEAD | S? t?/c?m nghi v?n: 1 | T? l? nghi v?n: 1.0 | M?c ??: 13.0
LIKELY {},LIKELY {},C?n ti?ng Anh nghi v?n: LIKELY | S? t?/c?m nghi v?n: 1 | T? l? nghi v?n: 1.0 | M?c ??: 13.0
ANTICIPATING {},ANTICIPATING {},C?n ti?ng Anh nghi v?n: ANTICIPATING | S? t?/c?m nghi v?n: 1 | T? l? nghi v?n: 1.0 | M?c ??: 13.0
Places & Items,Places & Vật phẩm,C?n ti?ng Anh nghi v?n: Places | S? t?/c?m nghi v?n: 1 | T? l? nghi v?n: 1.0 | M?c ??: 13.0
Directions,Directions,C?n ti?ng Anh nghi v?n: Directions | S? t?/c?m nghi v?n: 1 | T? l? nghi v?n: 1.0 | M?c ??: 13.0
Actions,Actions,C?n ti?ng Anh nghi v?n: Actions | S? t?/c?m nghi v?n: 1 | T? l? nghi v?n: 1.0 | M?c ??: 13.0
Organizations,Organizations,C?n ti?ng Anh nghi v?n: Organizations | S? t?/c?m nghi v?n: 1 | T? l? nghi v?n: 1.0 | M?c ??: 13.0
Phrases,Phrases,C?n ti?ng Anh nghi v?n: Phrases | S? t?/c?m nghi v?n: 1 | T? l? nghi v?n: 1.0 | M?c ??: 13.0
PARRY,PARRY,C?n ti?ng Anh nghi v?n: PARRY | S? t?/c?m nghi v?n: 1 | T? l? nghi v?n: 1.0 | M?c ??: 13.0
MATERIAL,MATERIAL,C?n ti?ng Anh nghi v?n: MATERIAL | S? t?/c?m nghi v?n: 1 | T? l? nghi v?n: 1.0 | M?c ??: 13.0
PLANT,PLANT,C?n ti?ng Anh nghi v?n: PLANT | S? t?/c?m nghi v?n: 1 | T? l? nghi v?n: 1.0 | M?c ??: 13.0
GATE,GATE,C?n ti?ng Anh nghi v?n: GATE | S? t?/c?m nghi v?n: 1 | T? l? nghi v?n: 1.0 | M?c ??: 13.0
ELEVATOR,ELEVATOR,C?n ti?ng Anh nghi v?n: ELEVATOR | S? t?/c?m nghi v?n: 1 | T? l? nghi v?n: 1.0 | M?c ??: 13.0
VIEWPOINT,VIEWPOINT,C?n ti?ng Anh nghi v?n: VIEWPOINT | S? t?/c?m nghi v?n: 1 | T? l? nghi v?n: 1.0 | M?c ??: 13.0
RUINS,RUINS,C?n ti?ng Anh nghi v?n: RUINS | S? t?/c?m nghi v?n: 1 | T? l? nghi v?n: 1.0 | M?c ??: 13.0
PUZZLES,PUZZLES,C?n ti?ng Anh nghi v?n: PUZZLES | S? t?/c?m nghi v?n: 1 | T? l? nghi v?n: 1.0 | M?c ??: 13.0
LIAR,LIAR,C?n ti?ng Anh nghi v?n: LIAR | S? t?/c?m nghi v?n: 1 | T? l? nghi v?n: 1.0 | M?c ??: 13.0
FRONT,FRONT,C?n ti?ng Anh nghi v?n: FRONT | S? t?/c?m nghi v?n: 1 | T? l? nghi v?n: 1.0 | M?c ??: 13.0
ABOVE,ABOVE,C?n ti?ng Anh nghi v?n: ABOVE | S? t?/c?m nghi v?n: 1 | T? l? nghi v?n: 1.0 | M?c ??: 13.0
BELOW,BELOW,C?n ti?ng Anh nghi v?n: BELOW | S? t?/c?m nghi v?n: 1 | T? l? nghi v?n: 1.0 | M?c ??: 13.0
MIDDLE,MIDDLE,C?n ti?ng Anh nghi v?n: MIDDLE | S? t?/c?m nghi v?n: 1 | T? l? nghi v?n: 1.0 | M?c ??: 13.0
EAST,EAST,C?n ti?ng Anh nghi v?n: EAST | S? t?/c?m nghi v?n: 1 | T? l? nghi v?n: 1.0 | M?c ??: 13.0
SOUTH,SOUTH,C?n ti?ng Anh nghi v?n: SOUTH | S? t?/c?m nghi v?n: 1 | T? l? nghi v?n: 1.0 | M?c ??: 13.0
WEST,WEST,C?n ti?ng Anh nghi v?n: WEST | S? t?/c?m nghi v?n: 1 | T? l? nghi v?n: 1.0 | M?c ??: 13.0
NORTH,NORTH,C?n ti?ng Anh nghi v?n: NORTH | S? t?/c?m nghi v?n: 1 | T? l? nghi v?n: 1.0 | M?c ??: 13.0
SOUTHEAST,SOUTHEAST,C?n ti?ng Anh nghi v?n: SOUTHEAST | S? t?/c?m nghi v?n: 1 | T? l? nghi v?n: 1.0 | M?c ??: 13.0
NORTHEAST,NORTHEAST,C?n ti?ng Anh nghi v?n: NORTHEAST | S? t?/c?m nghi v?n: 1 | T? l? nghi v?n: 1.0 | M?c ??: 13.0
SOUTHWEST,SOUTHWEST,C?n ti?ng Anh nghi v?n: SOUTHWEST | S? t?/c?m nghi v?n: 1 | T? l? nghi v?n: 1.0 | M?c ??: 13.0
NORTHWEST,NORTHWEST,C?n ti?ng Anh nghi v?n: NORTHWEST | S? t?/c?m nghi v?n: 1 | T? l? nghi v?n: 1.0 | M?c ??: 13.0
INSIDE,INSIDE,C?n ti?ng Anh nghi v?n: INSIDE | S? t?/c?m nghi v?n: 1 | T? l? nghi v?n: 1.0 | M?c ??: 13.0
JUMP,JUMP,C?n ti?ng Anh nghi v?n: JUMP | S? t?/c?m nghi v?n: 1 | T? l? nghi v?n: 1.0 | M?c ??: 13.0
DASH,DASH,C?n ti?ng Anh nghi v?n: DASH | S? t?/c?m nghi v?n: 1 | T? l? nghi v?n: 1.0 | M?c ??: 13.0
TRACK,TRACK,C?n ti?ng Anh nghi v?n: TRACK | S? t?/c?m nghi v?n: 1 | T? l? nghi v?n: 1.0 | M?c ??: 13.0
ESCAPE,ESCAPE,C?n ti?ng Anh nghi v?n: ESCAPE | S? t?/c?m nghi v?n: 1 | T? l? nghi v?n: 1.0 | M?c ??: 13.0
CROUCH,CROUCH,C?n ti?ng Anh nghi v?n: CROUCH | S? t?/c?m nghi v?n: 1 | T? l? nghi v?n: 1.0 | M?c ??: 13.0
WALK,WALK,C?n ti?ng Anh nghi v?n: WALK | S? t?/c?m nghi v?n: 1 | T? l? nghi v?n: 1.0 | M?c ??: 13.0
GLIDE,GLIDE,C?n ti?ng Anh nghi v?n: GLIDE | S? t?/c?m nghi v?n: 1 | T? l? nghi v?n: 1.0 | M?c ??: 13.0
DEFEAT,DEFEAT,C?n ti?ng Anh nghi v?n: DEFEAT | S? t?/c?m nghi v?n: 1 | T? l? nghi v?n: 1.0 | M?c ??: 13.0
COOK,COOK,C?n ti?ng Anh nghi v?n: COOK | S? t?/c?m nghi v?n: 1 | T? l? nghi v?n: 1.0 | M?c ??: 13.0
MERCHANT,MERCHANT,C?n ti?ng Anh nghi v?n: MERCHANT | S? t?/c?m nghi v?n: 1 | T? l? nghi v?n: 1.0 | M?c ??: 13.0
LEVITATION,LEVITATION,C?n ti?ng Anh nghi v?n: LEVITATION | S? t?/c?m nghi v?n: 1 | T? l? nghi v?n: 1.0 | M?c ??: 13.0
GLIDER,GLIDER,C?n ti?ng Anh nghi v?n: GLIDER | S? t?/c?m nghi v?n: 1 | T? l? nghi v?n: 1.0 | M?c ??: 13.0
SENSOR,SENSOR,C?n ti?ng Anh nghi v?n: SENSOR | S? t?/c?m nghi v?n: 1 | T? l? nghi v?n: 1.0 | M?c ??: 13.0
Default,Default,C?n ti?ng Anh nghi v?n: Default | S? t?/c?m nghi v?n: 1 | T? l? nghi v?n: 1.0 | M?c ??: 13.0
Sigil,Sigil,C?n ti?ng Anh nghi v?n: Sigil | S? t?/c?m nghi v?n: 1 | T? l? nghi v?n: 1.0 | M?c ??: 13.0
TBA,TBA,C?n ti?ng Anh nghi v?n: TBA | S? t?/c?m nghi v?n: 1 | T? l? nghi v?n: 1.0 | M?c ??: 13.0
You'tan,You'tan,C?n ti?ng Anh nghi v?n: You'tan | S? t?/c?m nghi v?n: 1 | T? l? nghi v?n: 1.0 | M?c ??: 13.0
Qingloong,Qingloong,C?n ti?ng Anh nghi v?n: Qingloong | S? t?/c?m nghi v?n: 1 | T? l? nghi v?n: 1.0 | M?c ??: 13.0
Exploration,Exploration,C?n ti?ng Anh nghi v?n: Exploration | S? t?/c?m nghi v?n: 1 | T? l? nghi v?n: 1.0 | M?c ??: 13.0
Fiamma,Fiamma,C?n ti?ng Anh nghi v?n: Fiamma | S? t?/c?m nghi v?n: 1 | T? l? nghi v?n: 1.0 | M?c ??: 13.0
Breeze,Breeze,C?n ti?ng Anh nghi v?n: Breeze | S? t?/c?m nghi v?n: 1 | T? l? nghi v?n: 1.0 | M?c ??: 13.0
Fairytale,Fairytale,C?n ti?ng Anh nghi v?n: Fairytale | S? t?/c?m nghi v?n: 1 | T? l? nghi v?n: 1.0 | M?c ??: 13.0
Fangs,Fangs,C?n ti?ng Anh nghi v?n: Fangs | S? t?/c?m nghi v?n: 1 | T? l? nghi v?n: 1.0 | M?c ??: 13.0
Zapstring,Zapstring,C?n ti?ng Anh nghi v?n: Zapstring | S? t?/c?m nghi v?n: 1 | T? l? nghi v?n: 1.0 | M?c ??: 13.0
Land of Lantern,Land Đèn Lồng,C?n ti?ng Anh nghi v?n: Land | S? t?/c?m nghi v?n: 1 | T? l? nghi v?n: 1.0 | M?c ??: 13.0
Pioneers,Pioneers,C?n ti?ng Anh nghi v?n: Pioneers | S? t?/c?m nghi v?n: 1 | T? l? nghi v?n: 1.0 | M?c ??: 13.0
Hecate,Hecate,C?n ti?ng Anh nghi v?n: Hecate | S? t?/c?m nghi v?n: 1 | T? l? nghi v?n: 1.0 | M?c ??: 13.0
Lorelei,Lorelei,C?n ti?ng Anh nghi v?n: Lorelei | S? t?/c?m nghi v?n: 1 | T? l? nghi v?n: 1.0 | M?c ??: 13.0
Fleurdelys,Fleurdelys,C?n ti?ng Anh nghi v?n: Fleurdelys | S? t?/c?m nghi v?n: 1 | T? l? nghi v?n: 1.0 | M?c ??: 13.0
Kelpie,Kelpie,C?n ti?ng Anh nghi v?n: Kelpie | S? t?/c?m nghi v?n: 1 | T? l? nghi v?n: 1.0 | M?c ??: 13.0
Dreamless,Dreamless,C?n ti?ng Anh nghi v?n: Dreamless | S? t?/c?m nghi v?n: 1 | T? l? nghi v?n: 1.0 | M?c ??: 13.0
Current Round not unlocked yet,Round đấu này chưa được mở khóa,C?n ti?ng Anh nghi v?n: Round | S? t?/c?m nghi v?n: 1 | T? l? nghi v?n: 1.0 | M?c ??: 13.0
Double,Double,C?n ti?ng Anh nghi v?n: Double | S? t?/c?m nghi v?n: 1 | T? l? nghi v?n: 1.0 | M?c ??: 13.0
Claimable,Claimable,C?n ti?ng Anh nghi v?n: Claimable | S? t?/c?m nghi v?n: 1 | T? l? nghi v?n: 1.0 | M?c ??: 13.0
Indifferent,Indifferent,C?n ti?ng Anh nghi v?n: Indifferent | S? t?/c?m nghi v?n: 1 | T? l? nghi v?n: 1.0 | M?c ??: 13.0
Unhappy,Unhappy,C?n ti?ng Anh nghi v?n: Unhappy | S? t?/c?m nghi v?n: 1 | T? l? nghi v?n: 1.0 | M?c ??: 13.0
Leaving,Leaving,C?n ti?ng Anh nghi v?n: Leaving | S? t?/c?m nghi v?n: 1 | T? l? nghi v?n: 1.0 | M?c ??: 13.0
Puzzled,Puzzled,C?n ti?ng Anh nghi v?n: Puzzled | S? t?/c?m nghi v?n: 1 | T? l? nghi v?n: 1.0 | M?c ??: 13.0
Stunned,Stunned,C?n ti?ng Anh nghi v?n: Stunned | S? t?/c?m nghi v?n: 1 | T? l? nghi v?n: 1.0 | M?c ??: 13.0
Envy,Envy,C?n ti?ng Anh nghi v?n: Envy | S? t?/c?m nghi v?n: 1 | T? l? nghi v?n: 1.0 | M?c ??: 13.0
Distressed,Distressed,C?n ti?ng Anh nghi v?n: Distressed | S? t?/c?m nghi v?n: 1 | T? l? nghi v?n: 1.0 | M?c ??: 13.0
Angry,Angry,C?n ti?ng Anh nghi v?n: Angry | S? t?/c?m nghi v?n: 1 | T? l? nghi v?n: 1.0 | M?c ??: 13.0
Like,Like,C?n ti?ng Anh nghi v?n: Like | S? t?/c?m nghi v?n: 1 | T? l? nghi v?n: 1.0 | M?c ??: 13.0
LOL,LOL,C?n ti?ng Anh nghi v?n: LOL | S? t?/c?m nghi v?n: 1 | T? l? nghi v?n: 1.0 | M?c ??: 13.0
Daydreaming,Daydreaming,C?n ti?ng Anh nghi v?n: Daydreaming | S? t?/c?m nghi v?n: 1 | T? l? nghi v?n: 1.0 | M?c ??: 13.0
Listening,Listening,C?n ti?ng Anh nghi v?n: Listening | S? t?/c?m nghi v?n: 1 | T? l? nghi v?n: 1.0 | M?c ??: 13.0
Drink,Drink,C?n ti?ng Anh nghi v?n: Drink | S? t?/c?m nghi v?n: 1 | T? l? nghi v?n: 1.0 | M?c ??: 13.0
Amazing,Amazing,C?n ti?ng Anh nghi v?n: Amazing | S? t?/c?m nghi v?n: 1 | T? l? nghi v?n: 1.0 | M?c ??: 13.0
Escape,Escape,C?n ti?ng Anh nghi v?n: Escape | S? t?/c?m nghi v?n: 1 | T? l? nghi v?n: 1.0 | M?c ??: 13.0
Happy,Happy,C?n ti?ng Anh nghi v?n: Happy | S? t?/c?m nghi v?n: 1 | T? l? nghi v?n: 1.0 | M?c ??: 13.0
Thinking,Thinking,C?n ti?ng Anh nghi v?n: Thinking | S? t?/c?m nghi v?n: 1 | T? l? nghi v?n: 1.0 | M?c ??: 13.0
Chaotic,Chaotic,C?n ti?ng Anh nghi v?n: Chaotic | S? t?/c?m nghi v?n: 1 | T? l? nghi v?n: 1.0 | M?c ??: 13.0
Cool,Cool,C?n ti?ng Anh nghi v?n: Cool | S? t?/c?m nghi v?n: 1 | T? l? nghi v?n: 1.0 | M?c ??: 13.0
Goodbye,Goodbye,C?n ti?ng Anh nghi v?n: Goodbye | S? t?/c?m nghi v?n: 1 | T? l? nghi v?n: 1.0 | M?c ??: 13.0
Hehe,Hehe,C?n ti?ng Anh nghi v?n: Hehe | S? t?/c?m nghi v?n: 1 | T? l? nghi v?n: 1.0 | M?c ??: 13.0
Arrived,Arrived,C?n ti?ng Anh nghi v?n: Arrived | S? t?/c?m nghi v?n: 1 | T? l? nghi v?n: 1.0 | M?c ??: 13.0
Angry,Angry,C?n ti?ng Anh nghi v?n: Angry | S? t?/c?m nghi v?n: 1 | T? l? nghi v?n: 1.0 | M?c ??: 13.0
Like,Like,C?n ti?ng Anh nghi v?n: Like | S? t?/c?m nghi v?n: 1 | T? l? nghi v?n: 1.0 | M?c ??: 13.0
Tired,Tired,C?n ti?ng Anh nghi v?n: Tired | S? t?/c?m nghi v?n: 1 | T? l? nghi v?n: 1.0 | M?c ??: 13.0
Speechless,Speechless,C?n ti?ng Anh nghi v?n: Speechless | S? t?/c?m nghi v?n: 1 | T? l? nghi v?n: 1.0 | M?c ??: 13.0
Hehe,Hehe,C?n ti?ng Anh nghi v?n: Hehe | S? t?/c?m nghi v?n: 1 | T? l? nghi v?n: 1.0 | M?c ??: 13.0
Helpless,Helpless,C?n ti?ng Anh nghi v?n: Helpless | S? t?/c?m nghi v?n: 1 | T? l? nghi v?n: 1.0 | M?c ??: 13.0
Shy,Shy,C?n ti?ng Anh nghi v?n: Shy | S? t?/c?m nghi v?n: 1 | T? l? nghi v?n: 1.0 | M?c ??: 13.0
Nod,Nod,C?n ti?ng Anh nghi v?n: Nod | S? t?/c?m nghi v?n: 1 | T? l? nghi v?n: 1.0 | M?c ??: 13.0
Sob,Sob,C?n ti?ng Anh nghi v?n: Sob | S? t?/c?m nghi v?n: 1 | T? l? nghi v?n: 1.0 | M?c ??: 13.0
Greet,Greet,C?n ti?ng Anh nghi v?n: Greet | S? t?/c?m nghi v?n: 1 | T? l? nghi v?n: 1.0 | M?c ??: 13.0
Rich,Rich,C?n ti?ng Anh nghi v?n: Rich | S? t?/c?m nghi v?n: 1 | T? l? nghi v?n: 1.0 | M?c ??: 13.0
Wow,Wow,C?n ti?ng Anh nghi v?n: Wow | S? t?/c?m nghi v?n: 1 | T? l? nghi v?n: 1.0 | M?c ??: 13.0
Sleepy,Sleepy,C?n ti?ng Anh nghi v?n: Sleepy | S? t?/c?m nghi v?n: 1 | T? l? nghi v?n: 1.0 | M?c ??: 13.0
Poof,Poof,C?n ti?ng Anh nghi v?n: Poof | S? t?/c?m nghi v?n: 1 | T? l? nghi v?n: 1.0 | M?c ??: 13.0
Relax,Relax,C?n ti?ng Anh nghi v?n: Relax | S? t?/c?m nghi v?n: 1 | T? l? nghi v?n: 1.0 | M?c ??: 13.0
Punch,Punch,C?n ti?ng Anh nghi v?n: Punch | S? t?/c?m nghi v?n: 1 | T? l? nghi v?n: 1.0 | M?c ??: 13.0
Sad,Sad,C?n ti?ng Anh nghi v?n: Sad | S? t?/c?m nghi v?n: 1 | T? l? nghi v?n: 1.0 | M?c ??: 13.0
Pat,Pat,C?n ti?ng Anh nghi v?n: Pat | S? t?/c?m nghi v?n: 1 | T? l? nghi v?n: 1.0 | M?c ??: 13.0
Surprise,Surprise,C?n ti?ng Anh nghi v?n: Surprise | S? t?/c?m nghi v?n: 1 | T? l? nghi v?n: 1.0 | M?c ??: 13.0
Huh,Huh,C?n ti?ng Anh nghi v?n: Huh | S? t?/c?m nghi v?n: 1 | T? l? nghi v?n: 1.0 | M?c ??: 13.0
Stare,Stare,C?n ti?ng Anh nghi v?n: Stare | S? t?/c?m nghi v?n: 1 | T? l? nghi v?n: 1.0 | M?c ??: 13.0
Flute,Flute,C?n ti?ng Anh nghi v?n: Flute | S? t?/c?m nghi v?n: 1 | T? l? nghi v?n: 1.0 | M?c ??: 13.0
Confused,Confused,C?n ti?ng Anh nghi v?n: Confused | S? t?/c?m nghi v?n: 1 | T? l? nghi v?n: 1.0 | M?c ??: 13.0
Excited,Excited,C?n ti?ng Anh nghi v?n: Excited | S? t?/c?m nghi v?n: 1 | T? l? nghi v?n: 1.0 | M?c ??: 13.0
Calm,Calm,C?n ti?ng Anh nghi v?n: Calm | S? t?/c?m nghi v?n: 1 | T? l? nghi v?n: 1.0 | M?c ??: 13.0
Carefree,Carefree,C?n ti?ng Anh nghi v?n: Carefree | S? t?/c?m nghi v?n: 1 | T? l? nghi v?n: 1.0 | M?c ??: 13.0
Draw,Draw,C?n ti?ng Anh nghi v?n: Draw | S? t?/c?m nghi v?n: 1 | T? l? nghi v?n: 1.0 | M?c ??: 13.0
Wink,Wink,C?n ti?ng Anh nghi v?n: Wink | S? t?/c?m nghi v?n: 1 | T? l? nghi v?n: 1.0 | M?c ??: 13.0
Shocked,Shocked,C?n ti?ng Anh nghi v?n: Shocked | S? t?/c?m nghi v?n: 1 | T? l? nghi v?n: 1.0 | M?c ??: 13.0
Hug,Hug,C?n ti?ng Anh nghi v?n: Hug | S? t?/c?m nghi v?n: 1 | T? l? nghi v?n: 1.0 | M?c ??: 13.0
Cry,Cry,C?n ti?ng Anh nghi v?n: Cry | S? t?/c?m nghi v?n: 1 | T? l? nghi v?n: 1.0 | M?c ??: 13.0
Upset,Upset,C?n ti?ng Anh nghi v?n: Upset | S? t?/c?m nghi v?n: 1 | T? l? nghi v?n: 1.0 | M?c ??: 13.0
Hmph,Hmph,C?n ti?ng Anh nghi v?n: Hmph | S? t?/c?m nghi v?n: 1 | T? l? nghi v?n: 1.0 | M?c ??: 13.0
Chill,Chill,C?n ti?ng Anh nghi v?n: Chill | S? t?/c?m nghi v?n: 1 | T? l? nghi v?n: 1.0 | M?c ??: 13.0
Pixelpuff,Pixelpuff,C?n ti?ng Anh nghi v?n: Pixelpuff | S? t?/c?m nghi v?n: 1 | T? l? nghi v?n: 1.0 | M?c ??: 13.0
Hooray,Hooray,C?n ti?ng Anh nghi v?n: Hooray | S? t?/c?m nghi v?n: 1 | T? l? nghi v?n: 1.0 | M?c ??: 13.0
Curious,Curious,C?n ti?ng Anh nghi v?n: Curious | S? t?/c?m nghi v?n: 1 | T? l? nghi v?n: 1.0 | M?c ??: 13.0
Splat,Splat,C?n ti?ng Anh nghi v?n: Splat | S? t?/c?m nghi v?n: 1 | T? l? nghi v?n: 1.0 | M?c ??: 13.0
Heart,Heart,C?n ti?ng Anh nghi v?n: Heart | S? t?/c?m nghi v?n: 1 | T? l? nghi v?n: 1.0 | M?c ??: 13.0
Smile,Smile,C?n ti?ng Anh nghi v?n: Smile | S? t?/c?m nghi v?n: 1 | T? l? nghi v?n: 1.0 | M?c ??: 13.0
Current Team,Current Đội,C?n ti?ng Anh nghi v?n: Current | S? t?/c?m nghi v?n: 1 | T? l? nghi v?n: 1.0 | M?c ??: 13.0
Permanent Challenge,Thử thách Permanent,C?n ti?ng Anh nghi v?n: Permanent | S? t?/c?m nghi v?n: 1 | T? l? nghi v?n: 1.0 | M?c ??: 13.0
Proceed,Proceed,C?n ti?ng Anh nghi v?n: Proceed | S? t?/c?m nghi v?n: 1 | T? l? nghi v?n: 1.0 | M?c ??: 13.0
Completed,Completed,C?n ti?ng Anh nghi v?n: Completed | S? t?/c?m nghi v?n: 1 | T? l? nghi v?n: 1.0 | M?c ??: 13.0
Claimed,Claimed,C?n ti?ng Anh nghi v?n: Claimed | S? t?/c?m nghi v?n: 1 | T? l? nghi v?n: 1.0 | M?c ??: 13.0
Items Obtained,Vật phẩm Obtained,C?n ti?ng Anh nghi v?n: Obtained | S? t?/c?m nghi v?n: 1 | T? l? nghi v?n: 1.0 | M?c ??: 13.0
Proficiency,Proficiency,C?n ti?ng Anh nghi v?n: Proficiency | S? t?/c?m nghi v?n: 1 | T? l? nghi v?n: 1.0 | M?c ??: 13.0
Research EXP,Nghiên cứu EXP,C?n ti?ng Anh nghi v?n: EXP | S? t?/c?m nghi v?n: 1 | T? l? nghi v?n: 1.0 | M?c ??: 13.0
Research Completed,Nghiên cứu Completed,C?n ti?ng Anh nghi v?n: Completed | S? t?/c?m nghi v?n: 1 | T? l? nghi v?n: 1.0 | M?c ??: 13.0
Apprentice,Apprentice,C?n ti?ng Anh nghi v?n: Apprentice | S? t?/c?m nghi v?n: 1 | T? l? nghi v?n: 1.0 | M?c ??: 13.0
Vibration,Vibration,C?n ti?ng Anh nghi v?n: Vibration | S? t?/c?m nghi v?n: 1 | T? l? nghi v?n: 1.0 | M?c ??: 13.0
Valor,Valor,C?n ti?ng Anh nghi v?n: Valor | S? t?/c?m nghi v?n: 1 | T? l? nghi v?n: 1.0 | M?c ??: 13.0
Wisdom,Wisdom,C?n ti?ng Anh nghi v?n: Wisdom | S? t?/c?m nghi v?n: 1 | T? l? nghi v?n: 1.0 | M?c ??: 13.0
Counterattack,Counterattack,C?n ti?ng Anh nghi v?n: Counterattack | S? t?/c?m nghi v?n: 1 | T? l? nghi v?n: 1.0 | M?c ??: 13.0
Swiftness,Swiftness,C?n ti?ng Anh nghi v?n: Swiftness | S? t?/c?m nghi v?n: 1 | T? l? nghi v?n: 1.0 | M?c ??: 13.0
Luster,Luster,C?n ti?ng Anh nghi v?n: Luster | S? t?/c?m nghi v?n: 1 | T? l? nghi v?n: 1.0 | M?c ??: 13.0
Momentum,Momentum,C?n ti?ng Anh nghi v?n: Momentum | S? t?/c?m nghi v?n: 1 | T? l? nghi v?n: 1.0 | M?c ??: 13.0
Efficiency,Efficiency,C?n ti?ng Anh nghi v?n: Efficiency | S? t?/c?m nghi v?n: 1 | T? l? nghi v?n: 1.0 | M?c ??: 13.0
Robustness,Robustness,C?n ti?ng Anh nghi v?n: Robustness | S? t?/c?m nghi v?n: 1 | T? l? nghi v?n: 1.0 | M?c ??: 13.0
Resurgence,Resurgence,C?n ti?ng Anh nghi v?n: Resurgence | S? t?/c?m nghi v?n: 1 | T? l? nghi v?n: 1.0 | M?c ??: 13.0
Testing…,Testing…,C?n ti?ng Anh nghi v?n: Testing | S? t?/c?m nghi v?n: 1 | T? l? nghi v?n: 1.0 | M?c ??: 13.0
Avinoleum,Avinoleum,C?n ti?ng Anh nghi v?n: Avinoleum | S? t?/c?m nghi v?n: 1 | T? l? nghi v?n: 1.0 | M?c ??: 13.0
Avinoleum,Avinoleum,C?n ti?ng Anh nghi v?n: Avinoleum | S? t?/c?m nghi v?n: 1 | T? l? nghi v?n: 1.0 | M?c ??: 13.0
Recycling,Recycling,C?n ti?ng Anh nghi v?n: Recycling | S? t?/c?m nghi v?n: 1 | T? l? nghi v?n: 1.0 | M?c ??: 13.0
Windfall,Windfall,C?n ti?ng Anh nghi v?n: Windfall | S? t?/c?m nghi v?n: 1 | T? l? nghi v?n: 1.0 | M?c ??: 13.0
Encore,Encore,C?n ti?ng Anh nghi v?n: Encore | S? t?/c?m nghi v?n: 1 | T? l? nghi v?n: 1.0 | M?c ??: 13.0
Accept,Accept,C?n ti?ng Anh nghi v?n: Accept | S? t?/c?m nghi v?n: 1 | T? l? nghi v?n: 1.0 | M?c ??: 13.0
Afterflame,Afterflame,C?n ti?ng Anh nghi v?n: Afterflame | S? t?/c?m nghi v?n: 1 | T? l? nghi v?n: 1.0 | M?c ??: 13.0
Sinflame,Sinflame,C?n ti?ng Anh nghi v?n: Sinflame | S? t?/c?m nghi v?n: 1 | T? l? nghi v?n: 1.0 | M?c ??: 13.0
Prowess,Prowess,C?n ti?ng Anh nghi v?n: Prowess | S? t?/c?m nghi v?n: 1 | T? l? nghi v?n: 1.0 | M?c ??: 13.0
Ascendancy,Ascendancy,C?n ti?ng Anh nghi v?n: Ascendancy | S? t?/c?m nghi v?n: 1 | T? l? nghi v?n: 1.0 | M?c ??: 13.0
Majesty,Majesty,C?n ti?ng Anh nghi v?n: Majesty | S? t?/c?m nghi v?n: 1 | T? l? nghi v?n: 1.0 | M?c ??: 13.0
Blessing of the Wan Light,Phúc Lành Light Mờ Ảo,C?n ti?ng Anh nghi v?n: Light | S? t?/c?m nghi v?n: 1 | T? l? nghi v?n: 1.0 | M?c ??: 13.0
Sentience,Sentience,C?n ti?ng Anh nghi v?n: Sentience | S? t?/c?m nghi v?n: 1 | T? l? nghi v?n: 1.0 | M?c ??: 13.0
Ring of Chainsaw,Nhẫn Chainsaw,C?n ti?ng Anh nghi v?n: Chainsaw | S? t?/c?m nghi v?n: 1 | T? l? nghi v?n: 1.0 | M?c ??: 13.0
Overflow,Overflow,C?n ti?ng Anh nghi v?n: Overflow | S? t?/c?m nghi v?n: 1 | T? l? nghi v?n: 1.0 | M?c ??: 13.0
Lumiflow,Lumiflow,C?n ti?ng Anh nghi v?n: Lumiflow | S? t?/c?m nghi v?n: 1 | T? l? nghi v?n: 1.0 | M?c ??: 13.0
Aftersound,Aftersound,C?n ti?ng Anh nghi v?n: Aftersound | S? t?/c?m nghi v?n: 1 | T? l? nghi v?n: 1.0 | M?c ??: 13.0
Maestro,Maestro,C?n ti?ng Anh nghi v?n: Maestro | S? t?/c?m nghi v?n: 1 | T? l? nghi v?n: 1.0 | M?c ??: 13.0
Reincarnate,Reincarnate,C?n ti?ng Anh nghi v?n: Reincarnate | S? t?/c?m nghi v?n: 1 | T? l? nghi v?n: 1.0 | M?c ??: 13.0
Somnoire,Somnoire,C?n ti?ng Anh nghi v?n: Somnoire | S? t?/c?m nghi v?n: 1 | T? l? nghi v?n: 1.0 | M?c ??: 13.0
Progress,Progress,C?n ti?ng Anh nghi v?n: Progress | S? t?/c?m nghi v?n: 1 | T? l? nghi v?n: 1.0 | M?c ??: 13.0
Geography,Geography,C?n ti?ng Anh nghi v?n: Geography | S? t?/c?m nghi v?n: 1 | T? l? nghi v?n: 1.0 | M?c ??: 13.0
Economy,Economy,C?n ti?ng Anh nghi v?n: Economy | S? t?/c?m nghi v?n: 1 | T? l? nghi v?n: 1.0 | M?c ??: 13.0
Transportation,Transportation,C?n ti?ng Anh nghi v?n: Transportation | S? t?/c?m nghi v?n: 1 | T? l? nghi v?n: 1.0 | M?c ??: 13.0
Land,Land,C?n ti?ng Anh nghi v?n: Land | S? t?/c?m nghi v?n: 1 | T? l? nghi v?n: 1.0 | M?c ??: 13.0
Ocean,Ocean,C?n ti?ng Anh nghi v?n: Ocean | S? t?/c?m nghi v?n: 1 | T? l? nghi v?n: 1.0 | M?c ??: 13.0
Consumption,Consumption,C?n ti?ng Anh nghi v?n: Consumption | S? t?/c?m nghi v?n: 1 | T? l? nghi v?n: 1.0 | M?c ??: 13.0
Saving,Saving,C?n ti?ng Anh nghi v?n: Saving | S? t?/c?m nghi v?n: 1 | T? l? nghi v?n: 1.0 | M?c ??: 13.0
Freedom,Freedom,C?n ti?ng Anh nghi v?n: Freedom | S? t?/c?m nghi v?n: 1 | T? l? nghi v?n: 1.0 | M?c ??: 13.0
Regulation,Regulation,C?n ti?ng Anh nghi v?n: Regulation | S? t?/c?m nghi v?n: 1 | T? l? nghi v?n: 1.0 | M?c ??: 13.0
Vehicles,Vehicles,C?n ti?ng Anh nghi v?n: Vehicles | S? t?/c?m nghi v?n: 1 | T? l? nghi v?n: 1.0 | M?c ??: 13.0
Confrontation,Confrontation,C?n ti?ng Anh nghi v?n: Confrontation | S? t?/c?m nghi v?n: 1 | T? l? nghi v?n: 1.0 | M?c ??: 13.0
Coexistence,Coexistence,C?n ti?ng Anh nghi v?n: Coexistence | S? t?/c?m nghi v?n: 1 | T? l? nghi v?n: 1.0 | M?c ??: 13.0
Plays,Plays,C?n ti?ng Anh nghi v?n: Plays | S? t?/c?m nghi v?n: 1 | T? l? nghi v?n: 1.0 | M?c ??: 13.0
Festivities,Festivities,C?n ti?ng Anh nghi v?n: Festivities | S? t?/c?m nghi v?n: 1 | T? l? nghi v?n: 1.0 | M?c ??: 13.0
Chapter II,Chương II,C?n ti?ng Anh nghi v?n: II | S? t?/c?m nghi v?n: 1 | T? l? nghi v?n: 1.0 | M?c ??: 13.0
Dimmr Plains,Đồng Bằng Dimmr,C?n ti?ng Anh nghi v?n: Dimmr | S? t?/c?m nghi v?n: 1 | T? l? nghi v?n: 1.0 | M?c ??: 13.0
Power Module,Power Mô-đun,C?n ti?ng Anh nghi v?n: Power | S? t?/c?m nghi v?n: 1 | T? l? nghi v?n: 1.0 | M?c ??: 13.0
Power Module,Power Mô-đun,C?n ti?ng Anh nghi v?n: Power | S? t?/c?m nghi v?n: 1 | T? l? nghi v?n: 1.0 | M?c ??: 13.0
Power Module,Power Mô-đun,C?n ti?ng Anh nghi v?n: Power | S? t?/c?m nghi v?n: 1 | T? l? nghi v?n: 1.0 | M?c ??: 13.0
Power Module,Power Mô-đun,C?n ti?ng Anh nghi v?n: Power | S? t?/c?m nghi v?n: 1 | T? l? nghi v?n: 1.0 | M?c ??: 13.0
Power Module,Power Mô-đun,C?n ti?ng Anh nghi v?n: Power | S? t?/c?m nghi v?n: 1 | T? l? nghi v?n: 1.0 | M?c ??: 13.0
Power Module,Power Mô-đun,C?n ti?ng Anh nghi v?n: Power | S? t?/c?m nghi v?n: 1 | T? l? nghi v?n: 1.0 | M?c ??: 13.0
Power Module,Power Mô-đun,C?n ti?ng Anh nghi v?n: Power | S? t?/c?m nghi v?n: 1 | T? l? nghi v?n: 1.0 | M?c ??: 13.0
Power Module,Power Mô-đun,C?n ti?ng Anh nghi v?n: Power | S? t?/c?m nghi v?n: 1 | T? l? nghi v?n: 1.0 | M?c ??: 13.0
Tomorrow,Tomorrow,C?n ti?ng Anh nghi v?n: Tomorrow | S? t?/c?m nghi v?n: 1 | T? l? nghi v?n: 1.0 | M?c ??: 13.0
Human,Human,C?n ti?ng Anh nghi v?n: Human | S? t?/c?m nghi v?n: 1 | T? l? nghi v?n: 1.0 | M?c ??: 13.0
Tacet Discord,Discord,C?n ti?ng Anh nghi v?n: Discord | S? t?/c?m nghi v?n: 1 | T? l? nghi v?n: 1.0 | M?c ??: 13.0
Other,Other,C?n ti?ng Anh nghi v?n: Other | S? t?/c?m nghi v?n: 1 | T? l? nghi v?n: 1.0 | M?c ??: 13.0
Boss Challenge,Thử thách Boss,C?n ti?ng Anh nghi v?n: Boss | S? t?/c?m nghi v?n: 1 | T? l? nghi v?n: 1.0 | M?c ??: 13.0
Nightmare,Nightmare,C?n ti?ng Anh nghi v?n: Nightmare | S? t?/c?m nghi v?n: 1 | T? l? nghi v?n: 1.0 | M?c ??: 13.0
Overlord Class,Hạng Overlord,C?n ti?ng Anh nghi v?n: Overlord | S? t?/c?m nghi v?n: 1 | T? l? nghi v?n: 1.0 | M?c ??: 13.0
Tactical Hologram,Hologram Chiến Thuật,C?n ti?ng Anh nghi v?n: Hologram | S? t?/c?m nghi v?n: 1 | T? l? nghi v?n: 1.0 | M?c ??: 13.0
Discount:,Discount:,C?n ti?ng Anh nghi v?n: Discount | S? t?/c?m nghi v?n: 1 | T? l? nghi v?n: 1.0 | M?c ??: 13.0
Physical,Physical,C?n ti?ng Anh nghi v?n: Physical | S? t?/c?m nghi v?n: 1 | T? l? nghi v?n: 1.0 | M?c ??: 13.0
duplex,duplex,C?n ti?ng Anh nghi v?n: duplex | S? t?/c?m nghi v?n: 1 | T? l? nghi v?n: 1.0 | M?c ??: 13.0
Viewpoint,Viewpoint,C?n ti?ng Anh nghi v?n: Viewpoint | S? t?/c?m nghi v?n: 1 | T? l? nghi v?n: 1.0 | M?c ??: 13.0
Blobfly,Blobfly,C?n ti?ng Anh nghi v?n: Blobfly | S? t?/c?m nghi v?n: 1 | T? l? nghi v?n: 1.0 | M?c ??: 13.0
Mutterfly,Mutterfly,C?n ti?ng Anh nghi v?n: Mutterfly | S? t?/c?m nghi v?n: 1 | T? l? nghi v?n: 1.0 | M?c ??: 13.0
Windchimer,Windchimer,C?n ti?ng Anh nghi v?n: Windchimer | S? t?/c?m nghi v?n: 1 | T? l? nghi v?n: 1.0 | M?c ??: 13.0
Frostbug,Frostbug,C?n ti?ng Anh nghi v?n: Frostbug | S? t?/c?m nghi v?n: 1 | T? l? nghi v?n: 1.0 | M?c ??: 13.0
Gadgetpod,Gadgetpod,C?n ti?ng Anh nghi v?n: Gadgetpod | S? t?/c?m nghi v?n: 1 | T? l? nghi v?n: 1.0 | M?c ??: 13.0
Grapple,Grapple,C?n ti?ng Anh nghi v?n: Grapple | S? t?/c?m nghi v?n: 1 | T? l? nghi v?n: 1.0 | M?c ??: 13.0
Levitator,Levitator,C?n ti?ng Anh nghi v?n: Levitator | S? t?/c?m nghi v?n: 1 | T? l? nghi v?n: 1.0 | M?c ??: 13.0
Sensor,Sensor,C?n ti?ng Anh nghi v?n: Sensor | S? t?/c?m nghi v?n: 1 | T? l? nghi v?n: 1.0 | M?c ??: 13.0
Glider,Glider,C?n ti?ng Anh nghi v?n: Glider | S? t?/c?m nghi v?n: 1 | T? l? nghi v?n: 1.0 | M?c ??: 13.0
Projector,Projector,C?n ti?ng Anh nghi v?n: Projector | S? t?/c?m nghi v?n: 1 | T? l? nghi v?n: 1.0 | M?c ??: 13.0
Memo,Memo,C?n ti?ng Anh nghi v?n: Memo | S? t?/c?m nghi v?n: 1 | T? l? nghi v?n: 1.0 | M?c ??: 13.0
Camera,Camera,C?n ti?ng Anh nghi v?n: Camera | S? t?/c?m nghi v?n: 1 | T? l? nghi v?n: 1.0 | M?c ??: 13.0
Waypoint,Waypoint,C?n ti?ng Anh nghi v?n: Waypoint | S? t?/c?m nghi v?n: 1 | T? l? nghi v?n: 1.0 | M?c ??: 13.0
Lootmapper,Lootmapper,C?n ti?ng Anh nghi v?n: Lootmapper | S? t?/c?m nghi v?n: 1 | T? l? nghi v?n: 1.0 | M?c ??: 13.0
Flight,Flight,C?n ti?ng Anh nghi v?n: Flight | S? t?/c?m nghi v?n: 1 | T? l? nghi v?n: 1.0 | M?c ??: 13.0
Claim Material,Nhận Material,C?n ti?ng Anh nghi v?n: Material | S? t?/c?m nghi v?n: 1 | T? l? nghi v?n: 1.0 | M?c ??: 13.0
Recipe,Recipe,C?n ti?ng Anh nghi v?n: Recipe | S? t?/c?m nghi v?n: 1 | T? l? nghi v?n: 1.0 | M?c ??: 13.0
Attribute,Attribute,C?n ti?ng Anh nghi v?n: Attribute | S? t?/c?m nghi v?n: 1 | T? l? nghi v?n: 1.0 | M?c ??: 13.0
Owned,Owned,C?n ti?ng Anh nghi v?n: Owned | S? t?/c?m nghi v?n: 1 | T? l? nghi v?n: 1.0 | M?c ??: 13.0
Category,Category,C?n ti?ng Anh nghi v?n: Category | S? t?/c?m nghi v?n: 1 | T? l? nghi v?n: 1.0 | M?c ??: 13.0
Discard,Discard,C?n ti?ng Anh nghi v?n: Discard | S? t?/c?m nghi v?n: 1 | T? l? nghi v?n: 1.0 | M?c ??: 13.0
Attribute,Attribute,C?n ti?ng Anh nghi v?n: Attribute | S? t?/c?m nghi v?n: 1 | T? l? nghi v?n: 1.0 | M?c ??: 13.0
Set,Set,C?n ti?ng Anh nghi v?n: Set | S? t?/c?m nghi v?n: 1 | T? l? nghi v?n: 1.0 | M?c ??: 13.0
Attribute,Attribute,C?n ti?ng Anh nghi v?n: Attribute | S? t?/c?m nghi v?n: 1 | T? l? nghi v?n: 1.0 | M?c ??: 13.0
Attribute,Attribute,C?n ti?ng Anh nghi v?n: Attribute | S? t?/c?m nghi v?n: 1 | T? l? nghi v?n: 1.0 | M?c ??: 13.0
First-Clear Rewards,Rewards Vượt ải lần đầu,C?n ti?ng Anh nghi v?n: Rewards | S? t?/c?m nghi v?n: 1 | T? l? nghi v?n: 1.0 | M?c ??: 13.0
Mimicry,Mimicry,C?n ti?ng Anh nghi v?n: Mimicry | S? t?/c?m nghi v?n: 1 | T? l? nghi v?n: 1.0 | M?c ??: 13.0
Mimicry,Mimicry,C?n ti?ng Anh nghi v?n: Mimicry | S? t?/c?m nghi v?n: 1 | T? l? nghi v?n: 1.0 | M?c ??: 13.0
Fish and Dragon Dance,Múa Cá Dragon,C?n ti?ng Anh nghi v?n: Dragon | S? t?/c?m nghi v?n: 1 | T? l? nghi v?n: 1.0 | M?c ??: 13.0
Sunrise,Sunrise,C?n ti?ng Anh nghi v?n: Sunrise | S? t?/c?m nghi v?n: 1 | T? l? nghi v?n: 1.0 | M?c ??: 13.0
Triangulation,Triangulation,C?n ti?ng Anh nghi v?n: Triangulation | S? t?/c?m nghi v?n: 1 | T? l? nghi v?n: 1.0 | M?c ??: 13.0
Permanent,Permanent,C?n ti?ng Anh nghi v?n: Permanent | S? t?/c?m nghi v?n: 1 | T? l? nghi v?n: 1.0 | M?c ??: 13.0
Milestones,Milestones,C?n ti?ng Anh nghi v?n: Milestones | S? t?/c?m nghi v?n: 1 | T? l? nghi v?n: 1.0 | M?c ??: 13.0
Activity,Activity,C?n ti?ng Anh nghi v?n: Activity | S? t?/c?m nghi v?n: 1 | T? l? nghi v?n: 1.0 | M?c ??: 13.0
Crafting,Crafting,C?n ti?ng Anh nghi v?n: Crafting | S? t?/c?m nghi v?n: 1 | T? l? nghi v?n: 1.0 | M?c ??: 13.0
Obsolete,Obsolete,C?n ti?ng Anh nghi v?n: Obsolete | S? t?/c?m nghi v?n: 1 | T? l? nghi v?n: 1.0 | M?c ??: 13.0
Somnoire,Somnoire,C?n ti?ng Anh nghi v?n: Somnoire | S? t?/c?m nghi v?n: 1 | T? l? nghi v?n: 1.0 | M?c ??: 13.0
Boss Challenge,Thử thách Boss,C?n ti?ng Anh nghi v?n: Boss | S? t?/c?m nghi v?n: 1 | T? l? nghi v?n: 1.0 | M?c ??: 13.0
Milestones,Milestones,C?n ti?ng Anh nghi v?n: Milestones | S? t?/c?m nghi v?n: 1 | T? l? nghi v?n: 1.0 | M?c ??: 13.0
Growth,Growth,C?n ti?ng Anh nghi v?n: Growth | S? t?/c?m nghi v?n: 1 | T? l? nghi v?n: 1.0 | M?c ??: 13.0
Tutorial,Tutorial,C?n ti?ng Anh nghi v?n: Tutorial | S? t?/c?m nghi v?n: 1 | T? l? nghi v?n: 1.0 | M?c ??: 13.0
Tutorial,Tutorial,C?n ti?ng Anh nghi v?n: Tutorial | S? t?/c?m nghi v?n: 1 | T? l? nghi v?n: 1.0 | M?c ??: 13.0
Adventure,Adventure,C?n ti?ng Anh nghi v?n: Adventure | S? t?/c?m nghi v?n: 1 | T? l? nghi v?n: 1.0 | M?c ??: 13.0
Speciality,Speciality,C?n ti?ng Anh nghi v?n: Speciality | S? t?/c?m nghi v?n: 1 | T? l? nghi v?n: 1.0 | M?c ??: 13.0
Accept,Accept,C?n ti?ng Anh nghi v?n: Accept | S? t?/c?m nghi v?n: 1 | T? l? nghi v?n: 1.0 | M?c ??: 13.0
Restart,Restart,C?n ti?ng Anh nghi v?n: Restart | S? t?/c?m nghi v?n: 1 | T? l? nghi v?n: 1.0 | M?c ??: 13.0
Chat,Chat,C?n ti?ng Anh nghi v?n: Chat | S? t?/c?m nghi v?n: 1 | T? l? nghi v?n: 1.0 | M?c ??: 13.0
Clear,Clear,C?n ti?ng Anh nghi v?n: Clear | S? t?/c?m nghi v?n: 1 | T? l? nghi v?n: 1.0 | M?c ??: 13.0
Confirm Option,Xác nhận Option,C?n ti?ng Anh nghi v?n: Option | S? t?/c?m nghi v?n: 1 | T? l? nghi v?n: 1.0 | M?c ??: 13.0
Delete,Delete,C?n ti?ng Anh nghi v?n: Delete | S? t?/c?m nghi v?n: 1 | T? l? nghi v?n: 1.0 | M?c ??: 13.0
Filter,Filter,C?n ti?ng Anh nghi v?n: Filter | S? t?/c?m nghi v?n: 1 | T? l? nghi v?n: 1.0 | M?c ??: 13.0
Source,Source,C?n ti?ng Anh nghi v?n: Source | S? t?/c?m nghi v?n: 1 | T? l? nghi v?n: 1.0 | M?c ??: 13.0
Proficiency Level,Cấp độ Proficiency,C?n ti?ng Anh nghi v?n: Proficiency | S? t?/c?m nghi v?n: 1 | T? l? nghi v?n: 1.0 | M?c ??: 13.0
Camera Direction,Hướng Camera,C?n ti?ng Anh nghi v?n: Camera | S? t?/c?m nghi v?n: 1 | T? l? nghi v?n: 1.0 | M?c ??: 13.0
Convene Once,Triệu Tập Once,C?n ti?ng Anh nghi v?n: Once | S? t?/c?m nghi v?n: 1 | T? l? nghi v?n: 1.0 | M?c ??: 13.0
Enhance,Enhance,C?n ti?ng Anh nghi v?n: Enhance | S? t?/c?m nghi v?n: 1 | T? l? nghi v?n: 1.0 | M?c ??: 13.0
Read,Read,C?n ti?ng Anh nghi v?n: Read | S? t?/c?m nghi v?n: 1 | T? l? nghi v?n: 1.0 | M?c ??: 13.0
Reject,Reject,C?n ti?ng Anh nghi v?n: Reject | S? t?/c?m nghi v?n: 1 | T? l? nghi v?n: 1.0 | M?c ??: 13.0
(Hold) Reset Filter,(Giữ) Đặt lại Filter,C?n ti?ng Anh nghi v?n: Filter | S? t?/c?m nghi v?n: 1 | T? l? nghi v?n: 1.0 | M?c ??: 13.0
Reset Camera,Đặt lại Camera,C?n ti?ng Anh nghi v?n: Camera | S? t?/c?m nghi v?n: 1 | T? l? nghi v?n: 1.0 | M?c ??: 13.0
Shoot,Shoot,C?n ti?ng Anh nghi v?n: Shoot | S? t?/c?m nghi v?n: 1 | T? l? nghi v?n: 1.0 | M?c ??: 13.0
Upgrade/Activate,Nâng cấp/Activate,C?n ti?ng Anh nghi v?n: Activate | S? t?/c?m nghi v?n: 1 | T? l? nghi v?n: 1.0 | M?c ??: 13.0
Autoplay,Autoplay,C?n ti?ng Anh nghi v?n: Autoplay | S? t?/c?m nghi v?n: 1 | T? l? nghi v?n: 1.0 | M?c ??: 13.0
Quit,Quit,C?n ti?ng Anh nghi v?n: Quit | S? t?/c?m nghi v?n: 1 | T? l? nghi v?n: 1.0 | M?c ??: 13.0
Add,Add,C?n ti?ng Anh nghi v?n: Add | S? t?/c?m nghi v?n: 1 | T? l? nghi v?n: 1.0 | M?c ??: 13.0
Tuning,Tuning,C?n ti?ng Anh nghi v?n: Tuning | S? t?/c?m nghi v?n: 1 | T? l? nghi v?n: 1.0 | M?c ??: 13.0
Complete Cooking once,Hoàn thành Cooking 1 lần,C?n ti?ng Anh nghi v?n: Cooking | S? t?/c?m nghi v?n: 1 | T? l? nghi v?n: 1.0 | M?c ??: 13.0
Tacet Discord,Discord,C?n ti?ng Anh nghi v?n: Discord | S? t?/c?m nghi v?n: 1 | T? l? nghi v?n: 1.0 | M?c ??: 13.0
Reverberation,Reverberation,C?n ti?ng Anh nghi v?n: Reverberation | S? t?/c?m nghi v?n: 1 | T? l? nghi v?n: 1.0 | M?c ??: 13.0
Remnant,Remnant,C?n ti?ng Anh nghi v?n: Remnant | S? t?/c?m nghi v?n: 1 | T? l? nghi v?n: 1.0 | M?c ??: 13.0
Eidoscope,Eidoscope,C?n ti?ng Anh nghi v?n: Eidoscope | S? t?/c?m nghi v?n: 1 | T? l? nghi v?n: 1.0 | M?c ??: 13.0
Avinoleum,Avinoleum,C?n ti?ng Anh nghi v?n: Avinoleum | S? t?/c?m nghi v?n: 1 | T? l? nghi v?n: 1.0 | M?c ??: 13.0
Somnoire,Somnoire,C?n ti?ng Anh nghi v?n: Somnoire | S? t?/c?m nghi v?n: 1 | T? l? nghi v?n: 1.0 | M?c ??: 13.0
Somnoire,Somnoire,C?n ti?ng Anh nghi v?n: Somnoire | S? t?/c?m nghi v?n: 1 | T? l? nghi v?n: 1.0 | M?c ??: 13.0
Somnoire,Somnoire,C?n ti?ng Anh nghi v?n: Somnoire | S? t?/c?m nghi v?n: 1 | T? l? nghi v?n: 1.0 | M?c ??: 13.0
Hall of Trial,Đại Sảnh Trial,C?n ti?ng Anh nghi v?n: Trial | S? t?/c?m nghi v?n: 1 | T? l? nghi v?n: 1.0 | M?c ??: 13.0
Calamity,Calamity,C?n ti?ng Anh nghi v?n: Calamity | S? t?/c?m nghi v?n: 1 | T? l? nghi v?n: 1.0 | M?c ??: 13.0
Synchronization,Synchronization,C?n ti?ng Anh nghi v?n: Synchronization | S? t?/c?m nghi v?n: 1 | T? l? nghi v?n: 1.0 | M?c ??: 13.0
Sounds,Sounds,C?n ti?ng Anh nghi v?n: Sounds | S? t?/c?m nghi v?n: 1 | T? l? nghi v?n: 1.0 | M?c ??: 13.0
Graphics,Graphics,C?n ti?ng Anh nghi v?n: Graphics | S? t?/c?m nghi v?n: 1 | T? l? nghi v?n: 1.0 | M?c ??: 13.0
Language,Language,C?n ti?ng Anh nghi v?n: Language | S? t?/c?m nghi v?n: 1 | T? l? nghi v?n: 1.0 | M?c ??: 13.0
Other,Other,C?n ti?ng Anh nghi v?n: Other | S? t?/c?m nghi v?n: 1 | T? l? nghi v?n: 1.0 | M?c ??: 13.0
Account,Account,C?n ti?ng Anh nghi v?n: Account | S? t?/c?m nghi v?n: 1 | T? l? nghi v?n: 1.0 | M?c ??: 13.0
Combat type,Loại Combat,C?n ti?ng Anh nghi v?n: Combat | S? t?/c?m nghi v?n: 1 | T? l? nghi v?n: 1.0 | M?c ??: 13.0
Camera Reset,Camera Đặt lại,C?n ti?ng Anh nghi v?n: Camera | S? t?/c?m nghi v?n: 1 | T? l? nghi v?n: 1.0 | M?c ??: 13.0
Voice Volume,Giọng nói Volume,C?n ti?ng Anh nghi v?n: Volume | S? t?/c?m nghi v?n: 1 | T? l? nghi v?n: 1.0 | M?c ??: 13.0
Fall,Fall,C?n ti?ng Anh nghi v?n: Fall | S? t?/c?m nghi v?n: 1 | T? l? nghi v?n: 1.0 | M?c ??: 13.0
Quests,Quests,C?n ti?ng Anh nghi v?n: Quests | S? t?/c?m nghi v?n: 1 | T? l? nghi v?n: 1.0 | M?c ??: 13.0
Team Setup,Đội Setup,C?n ti?ng Anh nghi v?n: Setup | S? t?/c?m nghi v?n: 1 | T? l? nghi v?n: 1.0 | M?c ??: 13.0
Utility Wheel,Công cụ Wheel,C?n ti?ng Anh nghi v?n: Wheel | S? t?/c?m nghi v?n: 1 | T? l? nghi v?n: 1.0 | M?c ??: 13.0
Configure Utility,Configure Công cụ,C?n ti?ng Anh nghi v?n: Configure | S? t?/c?m nghi v?n: 1 | T? l? nghi v?n: 1.0 | M?c ??: 13.0
Resolution,Resolution,C?n ti?ng Anh nghi v?n: Resolution | S? t?/c?m nghi v?n: 1 | T? l? nghi v?n: 1.0 | M?c ??: 13.0
Brightness,Brightness,C?n ti?ng Anh nghi v?n: Brightness | S? t?/c?m nghi v?n: 1 | T? l? nghi v?n: 1.0 | M?c ??: 13.0
Chat,Chat,C?n ti?ng Anh nghi v?n: Chat | S? t?/c?m nghi v?n: 1 | T? l? nghi v?n: 1.0 | M?c ??: 13.0
Resolution,Resolution,C?n ti?ng Anh nghi v?n: Resolution | S? t?/c?m nghi v?n: 1 | T? l? nghi v?n: 1.0 | M?c ??: 13.0
HDR,HDR,C?n ti?ng Anh nghi v?n: HDR | S? t?/c?m nghi v?n: 1 | T? l? nghi v?n: 1.0 | M?c ??: 13.0
Memory,Memory,C?n ti?ng Anh nghi v?n: Memory | S? t?/c?m nghi v?n: 1 | T? l? nghi v?n: 1.0 | M?c ??: 13.0
Sharpening,Sharpening,C?n ti?ng Anh nghi v?n: Sharpening | S? t?/c?m nghi v?n: 1 | T? l? nghi v?n: 1.0 | M?c ??: 13.0
FSR,FSR,C?n ti?ng Anh nghi v?n: FSR | S? t?/c?m nghi v?n: 1 | T? l? nghi v?n: 1.0 | M?c ??: 13.0
Vehicle,Vehicle,C?n ti?ng Anh nghi v?n: Vehicle | S? t?/c?m nghi v?n: 1 | T? l? nghi v?n: 1.0 | M?c ??: 13.0
Function,Function,C?n ti?ng Anh nghi v?n: Function | S? t?/c?m nghi v?n: 1 | T? l? nghi v?n: 1.0 | M?c ??: 13.0
MetalFX,MetalFX,C?n ti?ng Anh nghi v?n: MetalFX | S? t?/c?m nghi v?n: 1 | T? l? nghi v?n: 1.0 | M?c ??: 13.0
Crownless,Crownless,C?n ti?ng Anh nghi v?n: Crownless | S? t?/c?m nghi v?n: 1 | T? l? nghi v?n: 1.0 | M?c ??: 13.0
Gulpuff,Gulpuff,C?n ti?ng Anh nghi v?n: Gulpuff | S? t?/c?m nghi v?n: 1 | T? l? nghi v?n: 1.0 | M?c ??: 13.0
Chirpuff,Chirpuff,C?n ti?ng Anh nghi v?n: Chirpuff | S? t?/c?m nghi v?n: 1 | T? l? nghi v?n: 1.0 | M?c ??: 13.0
Cruisewing,Cruisewing,C?n ti?ng Anh nghi v?n: Cruisewing | S? t?/c?m nghi v?n: 1 | T? l? nghi v?n: 1.0 | M?c ??: 13.0
Excarat,Excarat,C?n ti?ng Anh nghi v?n: Excarat | S? t?/c?m nghi v?n: 1 | T? l? nghi v?n: 1.0 | M?c ??: 13.0
Exile,Exile,C?n ti?ng Anh nghi v?n: Exile | S? t?/c?m nghi v?n: 1 | T? l? nghi v?n: 1.0 | M?c ??: 13.0
Exile,Exile,C?n ti?ng Anh nghi v?n: Exile | S? t?/c?m nghi v?n: 1 | T? l? nghi v?n: 1.0 | M?c ??: 13.0
Exile,Exile,C?n ti?ng Anh nghi v?n: Exile | S? t?/c?m nghi v?n: 1 | T? l? nghi v?n: 1.0 | M?c ??: 13.0
Exile,Exile,C?n ti?ng Anh nghi v?n: Exile | S? t?/c?m nghi v?n: 1 | T? l? nghi v?n: 1.0 | M?c ??: 13.0
Exile,Exile,C?n ti?ng Anh nghi v?n: Exile | S? t?/c?m nghi v?n: 1 | T? l? nghi v?n: 1.0 | M?c ??: 13.0
Exile,Exile,C?n ti?ng Anh nghi v?n: Exile | S? t?/c?m nghi v?n: 1 | T? l? nghi v?n: 1.0 | M?c ??: 13.0
Exile,Exile,C?n ti?ng Anh nghi v?n: Exile | S? t?/c?m nghi v?n: 1 | T? l? nghi v?n: 1.0 | M?c ??: 13.0
Exile,Exile,C?n ti?ng Anh nghi v?n: Exile | S? t?/c?m nghi v?n: 1 | T? l? nghi v?n: 1.0 | M?c ??: 13.0
Exile,Exile,C?n ti?ng Anh nghi v?n: Exile | S? t?/c?m nghi v?n: 1 | T? l? nghi v?n: 1.0 | M?c ??: 13.0
Exile,Exile,C?n ti?ng Anh nghi v?n: Exile | S? t?/c?m nghi v?n: 1 | T? l? nghi v?n: 1.0 | M?c ??: 13.0
Exile,Exile,C?n ti?ng Anh nghi v?n: Exile | S? t?/c?m nghi v?n: 1 | T? l? nghi v?n: 1.0 | M?c ??: 13.0
Exile,Exile,C?n ti?ng Anh nghi v?n: Exile | S? t?/c?m nghi v?n: 1 | T? l? nghi v?n: 1.0 | M?c ??: 13.0
Diamondclaw,Diamondclaw,C?n ti?ng Anh nghi v?n: Diamondclaw | S? t?/c?m nghi v?n: 1 | T? l? nghi v?n: 1.0 | M?c ??: 13.0
Hoartoise,Hoartoise,C?n ti?ng Anh nghi v?n: Hoartoise | S? t?/c?m nghi v?n: 1 | T? l? nghi v?n: 1.0 | M?c ??: 13.0
Trigram,Trigram,C?n ti?ng Anh nghi v?n: Trigram | S? t?/c?m nghi v?n: 1 | T? l? nghi v?n: 1.0 | M?c ??: 13.0
Sagittario,Sagittario,C?n ti?ng Anh nghi v?n: Sagittario | S? t?/c?m nghi v?n: 1 | T? l? nghi v?n: 1.0 | M?c ??: 13.0
Sacerdos,Sacerdos,C?n ti?ng Anh nghi v?n: Sacerdos | S? t?/c?m nghi v?n: 1 | T? l? nghi v?n: 1.0 | M?c ??: 13.0
Flautist,Flautist,C?n ti?ng Anh nghi v?n: Flautist | S? t?/c?m nghi v?n: 1 | T? l? nghi v?n: 1.0 | M?c ??: 13.0
Tambourinist,Tambourinist,C?n ti?ng Anh nghi v?n: Tambourinist | S? t?/c?m nghi v?n: 1 | T? l? nghi v?n: 1.0 | M?c ??: 13.0
Roseshroom,Roseshroom,C?n ti?ng Anh nghi v?n: Roseshroom | S? t?/c?m nghi v?n: 1 | T? l? nghi v?n: 1.0 | M?c ??: 13.0
Spearback,Spearback,C?n ti?ng Anh nghi v?n: Spearback | S? t?/c?m nghi v?n: 1 | T? l? nghi v?n: 1.0 | M?c ??: 13.0
Carapace,Carapace,C?n ti?ng Anh nghi v?n: Carapace | S? t?/c?m nghi v?n: 1 | T? l? nghi v?n: 1.0 | M?c ??: 13.0
Lightcrusher,Lightcrusher,C?n ti?ng Anh nghi v?n: Lightcrusher | S? t?/c?m nghi v?n: 1 | T? l? nghi v?n: 1.0 | M?c ??: 13.0
Hurriclaw,Hurriclaw,C?n ti?ng Anh nghi v?n: Hurriclaw | S? t?/c?m nghi v?n: 1 | T? l? nghi v?n: 1.0 | M?c ??: 13.0
Capitaneus,Capitaneus,C?n ti?ng Anh nghi v?n: Capitaneus | S? t?/c?m nghi v?n: 1 | T? l? nghi v?n: 1.0 | M?c ??: 13.0
Kerasaur,Kerasaur,C?n ti?ng Anh nghi v?n: Kerasaur | S? t?/c?m nghi v?n: 1 | T? l? nghi v?n: 1.0 | M?c ??: 13.0
Crownless,Crownless,C?n ti?ng Anh nghi v?n: Crownless | S? t?/c?m nghi v?n: 1 | T? l? nghi v?n: 1.0 | M?c ??: 13.0
Encore,Encore,C?n ti?ng Anh nghi v?n: Encore | S? t?/c?m nghi v?n: 1 | T? l? nghi v?n: 1.0 | M?c ??: 13.0
Dreamless,Dreamless,C?n ti?ng Anh nghi v?n: Dreamless | S? t?/c?m nghi v?n: 1 | T? l? nghi v?n: 1.0 | M?c ??: 13.0
Lorelei,Lorelei,C?n ti?ng Anh nghi v?n: Lorelei | S? t?/c?m nghi v?n: 1 | T? l? nghi v?n: 1.0 | M?c ??: 13.0
Hecate,Hecate,C?n ti?ng Anh nghi v?n: Hecate | S? t?/c?m nghi v?n: 1 | T? l? nghi v?n: 1.0 | M?c ??: 13.0
Fleurdelys,Fleurdelys,C?n ti?ng Anh nghi v?n: Fleurdelys | S? t?/c?m nghi v?n: 1 | T? l? nghi v?n: 1.0 | M?c ??: 13.0
Kelpie,Kelpie,C?n ti?ng Anh nghi v?n: Kelpie | S? t?/c?m nghi v?n: 1 | T? l? nghi v?n: 1.0 | M?c ??: 13.0
Fenrico,Fenrico,C?n ti?ng Anh nghi v?n: Fenrico | S? t?/c?m nghi v?n: 1 | T? l? nghi v?n: 1.0 | M?c ??: 13.0
Corrosaurus,Corrosaurus,C?n ti?ng Anh nghi v?n: Corrosaurus | S? t?/c?m nghi v?n: 1 | T? l? nghi v?n: 1.0 | M?c ??: 13.0
Geospider S4,Geospider S4,C?n ti?ng Anh nghi v?n: Geospider | S? t?/c?m nghi v?n: 1 | T? l? nghi v?n: 1.0 | M?c ??: 13.0
Ironhoof,Ironhoof,C?n ti?ng Anh nghi v?n: Ironhoof | S? t?/c?m nghi v?n: 1 | T? l? nghi v?n: 1.0 | M?c ??: 13.0
Hecate,Hecate,C?n ti?ng Anh nghi v?n: Hecate | S? t?/c?m nghi v?n: 1 | T? l? nghi v?n: 1.0 | M?c ??: 13.0
Hyvatia,Hyvatia,C?n ti?ng Anh nghi v?n: Hyvatia | S? t?/c?m nghi v?n: 1 | T? l? nghi v?n: 1.0 | M?c ??: 13.0
Voidworm,Voidworm,C?n ti?ng Anh nghi v?n: Voidworm | S? t?/c?m nghi v?n: 1 | T? l? nghi v?n: 1.0 | M?c ??: 13.0
Kronablight,Kronablight,C?n ti?ng Anh nghi v?n: Kronablight | S? t?/c?m nghi v?n: 1 | T? l? nghi v?n: 1.0 | M?c ??: 13.0
Kronaclaw,Kronaclaw,C?n ti?ng Anh nghi v?n: Kronaclaw | S? t?/c?m nghi v?n: 1 | T? l? nghi v?n: 1.0 | M?c ??: 13.0
Glommoth,Glommoth,C?n ti?ng Anh nghi v?n: Glommoth | S? t?/c?m nghi v?n: 1 | T? l? nghi v?n: 1.0 | M?c ??: 13.0
Sigillum,Sigillum,C?n ti?ng Anh nghi v?n: Sigillum | S? t?/c?m nghi v?n: 1 | T? l? nghi v?n: 1.0 | M?c ??: 13.0
Denia,Denia,C?n ti?ng Anh nghi v?n: Denia | S? t?/c?m nghi v?n: 1 | T? l? nghi v?n: 1.0 | M?c ??: 13.0
Phantom: Sigillum,Huyễn Ảnh: Sigillum,C?n ti?ng Anh nghi v?n: Sigillum | S? t?/c?m nghi v?n: 1 | T? l? nghi v?n: 1.0 | M?c ??: 13.0
Connecting,Connecting,C?n ti?ng Anh nghi v?n: Connecting | S? t?/c?m nghi v?n: 1 | T? l? nghi v?n: 1.0 | M?c ??: 13.0
Nightingale Autonomous Nursing Assistant,Trợ lý Điều dưỡng Tự động Nightingale,C?n ti?ng Anh nghi v?n: Nightingale | S? t?/c?m nghi v?n: 1 | T? l? nghi v?n: 1.0 | M?c ??: 13.0
Synthesis Level,Cấp Độ Synthesis,C?n ti?ng Anh nghi v?n: Synthesis | S? t?/c?m nghi v?n: 1 | T? l? nghi v?n: 1.0 | M?c ??: 13.0
Souvenir Store,Souvenir Cửa hàng,C?n ti?ng Anh nghi v?n: Souvenir | S? t?/c?m nghi v?n: 1 | T? l? nghi v?n: 1.0 | M?c ??: 13.0
Fireworks Store,Fireworks Cửa hàng,C?n ti?ng Anh nghi v?n: Fireworks | S? t?/c?m nghi v?n: 1 | T? l? nghi v?n: 1.0 | M?c ??: 13.0
Track 1,Track 1,C?n ti?ng Anh nghi v?n: Track | S? t?/c?m nghi v?n: 1 | T? l? nghi v?n: 1.0 | M?c ??: 13.0
Track 2,Track 2,C?n ti?ng Anh nghi v?n: Track | S? t?/c?m nghi v?n: 1 | T? l? nghi v?n: 1.0 | M?c ??: 13.0
Track 3,Track 3,C?n ti?ng Anh nghi v?n: Track | S? t?/c?m nghi v?n: 1 | T? l? nghi v?n: 1.0 | M?c ??: 13.0
Track 4,Track 4,C?n ti?ng Anh nghi v?n: Track | S? t?/c?m nghi v?n: 1 | T? l? nghi v?n: 1.0 | M?c ??: 13.0
Track 5,Track 5,C?n ti?ng Anh nghi v?n: Track | S? t?/c?m nghi v?n: 1 | T? l? nghi v?n: 1.0 | M?c ??: 13.0
Track 6,Track 6,C?n ti?ng Anh nghi v?n: Track | S? t?/c?m nghi v?n: 1 | T? l? nghi v?n: 1.0 | M?c ??: 13.0
Lunite Subscription,Đăng Ký Lunite,C?n ti?ng Anh nghi v?n: Lunite | S? t?/c?m nghi v?n: 1 | T? l? nghi v?n: 1.0 | M?c ??: 13.0
Level Bundles,Bundles Cấp Độ,C?n ti?ng Anh nghi v?n: Bundles | S? t?/c?m nghi v?n: 1 | T? l? nghi v?n: 1.0 | M?c ??: 13.0
Standard Bundles,Tiêu Chuẩn Bundles,C?n ti?ng Anh nghi v?n: Bundles | S? t?/c?m nghi v?n: 1 | T? l? nghi v?n: 1.0 | M?c ??: 13.0
Trial Store,Trial Cửa hàng,C?n ti?ng Anh nghi v?n: Trial | S? t?/c?m nghi v?n: 1 | T? l? nghi v?n: 1.0 | M?c ??: 13.0
Aspects,Aspects,C?n ti?ng Anh nghi v?n: Aspects | S? t?/c?m nghi v?n: 1 | T? l? nghi v?n: 1.0 | M?c ??: 13.0
Bundles,Bundles,C?n ti?ng Anh nghi v?n: Bundles | S? t?/c?m nghi v?n: 1 | T? l? nghi v?n: 1.0 | M?c ??: 13.0
Outfits,Outfits,C?n ti?ng Anh nghi v?n: Outfits | S? t?/c?m nghi v?n: 1 | T? l? nghi v?n: 1.0 | M?c ??: 13.0
Unmute,Unmute,C?n ti?ng Anh nghi v?n: Unmute | S? t?/c?m nghi v?n: 1 | T? l? nghi v?n: 1.0 | M?c ??: 13.0
Mute,Mute,C?n ti?ng Anh nghi v?n: Mute | S? t?/c?m nghi v?n: 1 | T? l? nghi v?n: 1.0 | M?c ??: 13.0
Block,Block,C?n ti?ng Anh nghi v?n: Block | S? t?/c?m nghi v?n: 1 | T? l? nghi v?n: 1.0 | M?c ??: 13.0
Delete,Delete,C?n ti?ng Anh nghi v?n: Delete | S? t?/c?m nghi v?n: 1 | T? l? nghi v?n: 1.0 | M?c ??: 13.0
Report,Report,C?n ti?ng Anh nghi v?n: Report | S? t?/c?m nghi v?n: 1 | T? l? nghi v?n: 1.0 | M?c ??: 13.0
Hide,Hide,C?n ti?ng Anh nghi v?n: Hide | S? t?/c?m nghi v?n: 1 | T? l? nghi v?n: 1.0 | M?c ??: 13.0
Display,Display,C?n ti?ng Anh nghi v?n: Display | S? t?/c?m nghi v?n: 1 | T? l? nghi v?n: 1.0 | M?c ??: 13.0
Hide,Hide,C?n ti?ng Anh nghi v?n: Hide | S? t?/c?m nghi v?n: 1 | T? l? nghi v?n: 1.0 | M?c ??: 13.0
Display,Display,C?n ti?ng Anh nghi v?n: Display | S? t?/c?m nghi v?n: 1 | T? l? nghi v?n: 1.0 | M?c ??: 13.0
Off,Off,C?n ti?ng Anh nghi v?n: Off | S? t?/c?m nghi v?n: 1 | T? l? nghi v?n: 1.0 | M?c ??: 13.0
On,On,C?n ti?ng Anh nghi v?n: On | S? t?/c?m nghi v?n: 1 | T? l? nghi v?n: 1.0 | M?c ??: 13.0
Off,Off,C?n ti?ng Anh nghi v?n: Off | S? t?/c?m nghi v?n: 1 | T? l? nghi v?n: 1.0 | M?c ??: 13.0
On,On,C?n ti?ng Anh nghi v?n: On | S? t?/c?m nghi v?n: 1 | T? l? nghi v?n: 1.0 | M?c ??: 13.0
2-Stars and Below,2-Stars trở xuống,C?n ti?ng Anh nghi v?n: Stars | S? t?/c?m nghi v?n: 1 | T? l? nghi v?n: 1.0 | M?c ??: 13.0
3-Stars and Below,3-Stars trở xuống,C?n ti?ng Anh nghi v?n: Stars | S? t?/c?m nghi v?n: 1 | T? l? nghi v?n: 1.0 | M?c ??: 13.0
4-Stars and Below,4-Stars trở xuống,C?n ti?ng Anh nghi v?n: Stars | S? t?/c?m nghi v?n: 1 | T? l? nghi v?n: 1.0 | M?c ??: 13.0
Unlimited,Unlimited,C?n ti?ng Anh nghi v?n: Unlimited | S? t?/c?m nghi v?n: 1 | T? l? nghi v?n: 1.0 | M?c ??: 13.0
Answer,Answer,C?n ti?ng Anh nghi v?n: Answer | S? t?/c?m nghi v?n: 1 | T? l? nghi v?n: 1.0 | M?c ??: 13.0
calling,calling,C?n ti?ng Anh nghi v?n: calling | S? t?/c?m nghi v?n: 1 | T? l? nghi v?n: 1.0 | M?c ??: 13.0
Navigate,Navigate,C?n ti?ng Anh nghi v?n: Navigate | S? t?/c?m nghi v?n: 1 | T? l? nghi v?n: 1.0 | M?c ??: 13.0
Cheating,Cheating,C?n ti?ng Anh nghi v?n: Cheating | S? t?/c?m nghi v?n: 1 | T? l? nghi v?n: 1.0 | M?c ??: 13.0
Politics,Politics,C?n ti?ng Anh nghi v?n: Politics | S? t?/c?m nghi v?n: 1 | T? l? nghi v?n: 1.0 | M?c ??: 13.0
Other,Other,C?n ti?ng Anh nghi v?n: Other | S? t?/c?m nghi v?n: 1 | T? l? nghi v?n: 1.0 | M?c ??: 13.0
Cyberviolence,Cyberviolence,C?n ti?ng Anh nghi v?n: Cyberviolence | S? t?/c?m nghi v?n: 1 | T? l? nghi v?n: 1.0 | M?c ??: 13.0
Gain 1 Metaphor of Rarity 3,Nhận 1 Metaphor Hiếm cấp 3,C?n ti?ng Anh nghi v?n: Metaphor | S? t?/c?m nghi v?n: 1 | T? l? nghi v?n: 1.0 | M?c ??: 13.0
Metaphor,Metaphor,C?n ti?ng Anh nghi v?n: Metaphor | S? t?/c?m nghi v?n: 1 | T? l? nghi v?n: 1.0 | M?c ??: 13.0
Metaphor,Metaphor,C?n ti?ng Anh nghi v?n: Metaphor | S? t?/c?m nghi v?n: 1 | T? l? nghi v?n: 1.0 | M?c ??: 13.0
Select Mataphor,Chọn Mataphor,C?n ti?ng Anh nghi v?n: Mataphor | S? t?/c?m nghi v?n: 1 | T? l? nghi v?n: 1.0 | M?c ??: 13.0
Obtain Metaphor,Nhận Metaphor,C?n ti?ng Anh nghi v?n: Metaphor | S? t?/c?m nghi v?n: 1 | T? l? nghi v?n: 1.0 | M?c ??: 13.0
Select Metaphor,Chọn Metaphor,C?n ti?ng Anh nghi v?n: Metaphor | S? t?/c?m nghi v?n: 1 | T? l? nghi v?n: 1.0 | M?c ??: 13.0
Replace,Replace,C?n ti?ng Anh nghi v?n: Replace | S? t?/c?m nghi v?n: 1 | T? l? nghi v?n: 1.0 | M?c ??: 13.0
Enhance,Enhance,C?n ti?ng Anh nghi v?n: Enhance | S? t?/c?m nghi v?n: 1 | T? l? nghi v?n: 1.0 | M?c ??: 13.0
Total,Total,C?n ti?ng Anh nghi v?n: Total | S? t?/c?m nghi v?n: 1 | T? l? nghi v?n: 1.0 | M?c ??: 13.0
Outline,Outline,C?n ti?ng Anh nghi v?n: Outline | S? t?/c?m nghi v?n: 1 | T? l? nghi v?n: 1.0 | M?c ??: 13.0
TBA,TBA,C?n ti?ng Anh nghi v?n: TBA | S? t?/c?m nghi v?n: 1 | T? l? nghi v?n: 1.0 | M?c ??: 13.0
Activated: {0}/{1},Activated: {0}/{1},C?n ti?ng Anh nghi v?n: Activated | S? t?/c?m nghi v?n: 1 | T? l? nghi v?n: 1.0 | M?c ??: 13.0
Difficulty 1,Difficulty 1,C?n ti?ng Anh nghi v?n: Difficulty | S? t?/c?m nghi v?n: 1 | T? l? nghi v?n: 1.0 | M?c ??: 13.0
Difficulty 2,Difficulty 2,C?n ti?ng Anh nghi v?n: Difficulty | S? t?/c?m nghi v?n: 1 | T? l? nghi v?n: 1.0 | M?c ??: 13.0
Difficulty 3,Difficulty 3,C?n ti?ng Anh nghi v?n: Difficulty | S? t?/c?m nghi v?n: 1 | T? l? nghi v?n: 1.0 | M?c ??: 13.0
Difficulty 4,Difficulty 4,C?n ti?ng Anh nghi v?n: Difficulty | S? t?/c?m nghi v?n: 1 | T? l? nghi v?n: 1.0 | M?c ??: 13.0
Difficulty 5,Difficulty 5,C?n ti?ng Anh nghi v?n: Difficulty | S? t?/c?m nghi v?n: 1 | T? l? nghi v?n: 1.0 | M?c ??: 13.0
Metaphor Construction Level,Cấp Độ Xây Dựng Metaphor,C?n ti?ng Anh nghi v?n: Metaphor | S? t?/c?m nghi v?n: 1 | T? l? nghi v?n: 1.0 | M?c ??: 13.0
TBA,TBA,C?n ti?ng Anh nghi v?n: TBA | S? t?/c?m nghi v?n: 1 | T? l? nghi v?n: 1.0 | M?c ??: 13.0
Sanhua,Sanhua,C?n ti?ng Anh nghi v?n: Sanhua | S? t?/c?m nghi v?n: 1 | T? l? nghi v?n: 1.0 | M?c ??: 13.0
TBA,TBA,C?n ti?ng Anh nghi v?n: TBA | S? t?/c?m nghi v?n: 1 | T? l? nghi v?n: 1.0 | M?c ??: 13.0
Baizhi,Baizhi,C?n ti?ng Anh nghi v?n: Baizhi | S? t?/c?m nghi v?n: 1 | T? l? nghi v?n: 1.0 | M?c ??: 13.0
TBA,TBA,C?n ti?ng Anh nghi v?n: TBA | S? t?/c?m nghi v?n: 1 | T? l? nghi v?n: 1.0 | M?c ??: 13.0
Lingyang,Lingyang,C?n ti?ng Anh nghi v?n: Lingyang | S? t?/c?m nghi v?n: 1 | T? l? nghi v?n: 1.0 | M?c ??: 13.0
TBA,TBA,C?n ti?ng Anh nghi v?n: TBA | S? t?/c?m nghi v?n: 1 | T? l? nghi v?n: 1.0 | M?c ??: 13.0
Chixia,Chixia,C?n ti?ng Anh nghi v?n: Chixia | S? t?/c?m nghi v?n: 1 | T? l? nghi v?n: 1.0 | M?c ??: 13.0
TBA,TBA,C?n ti?ng Anh nghi v?n: TBA | S? t?/c?m nghi v?n: 1 | T? l? nghi v?n: 1.0 | M?c ??: 13.0
Encore,Encore,C?n ti?ng Anh nghi v?n: Encore | S? t?/c?m nghi v?n: 1 | T? l? nghi v?n: 1.0 | M?c ??: 13.0
TBA,TBA,C?n ti?ng Anh nghi v?n: TBA | S? t?/c?m nghi v?n: 1 | T? l? nghi v?n: 1.0 | M?c ??: 13.0
Mortefi,Mortefi,C?n ti?ng Anh nghi v?n: Mortefi | S? t?/c?m nghi v?n: 1 | T? l? nghi v?n: 1.0 | M?c ??: 13.0
Lupa,Lupa,C?n ti?ng Anh nghi v?n: Lupa | S? t?/c?m nghi v?n: 1 | T? l? nghi v?n: 1.0 | M?c ??: 13.0
TBA,TBA,C?n ti?ng Anh nghi v?n: TBA | S? t?/c?m nghi v?n: 1 | T? l? nghi v?n: 1.0 | M?c ??: 13.0
Calcharo,Calcharo,C?n ti?ng Anh nghi v?n: Calcharo | S? t?/c?m nghi v?n: 1 | T? l? nghi v?n: 1.0 | M?c ??: 13.0
Calcharo,Calcharo,C?n ti?ng Anh nghi v?n: Calcharo | S? t?/c?m nghi v?n: 1 | T? l? nghi v?n: 1.0 | M?c ??: 13.0
TBA,TBA,C?n ti?ng Anh nghi v?n: TBA | S? t?/c?m nghi v?n: 1 | T? l? nghi v?n: 1.0 | M?c ??: 13.0
Yinlin,Yinlin,C?n ti?ng Anh nghi v?n: Yinlin | S? t?/c?m nghi v?n: 1 | T? l? nghi v?n: 1.0 | M?c ??: 13.0
TBA,TBA,C?n ti?ng Anh nghi v?n: TBA | S? t?/c?m nghi v?n: 1 | T? l? nghi v?n: 1.0 | M?c ??: 13.0
Yuanwu,Yuanwu,C?n ti?ng Anh nghi v?n: Yuanwu | S? t?/c?m nghi v?n: 1 | T? l? nghi v?n: 1.0 | M?c ??: 13.0
TBA,TBA,C?n ti?ng Anh nghi v?n: TBA | S? t?/c?m nghi v?n: 1 | T? l? nghi v?n: 1.0 | M?c ??: 13.0
Jinhsi,Jinhsi,C?n ti?ng Anh nghi v?n: Jinhsi | S? t?/c?m nghi v?n: 1 | T? l? nghi v?n: 1.0 | M?c ??: 13.0
TBA,TBA,C?n ti?ng Anh nghi v?n: TBA | S? t?/c?m nghi v?n: 1 | T? l? nghi v?n: 1.0 | M?c ??: 13.0
Yangyang,Yangyang,C?n ti?ng Anh nghi v?n: Yangyang | S? t?/c?m nghi v?n: 1 | T? l? nghi v?n: 1.0 | M?c ??: 13.0
TBA,TBA,C?n ti?ng Anh nghi v?n: TBA | S? t?/c?m nghi v?n: 1 | T? l? nghi v?n: 1.0 | M?c ??: 13.0
Aalto,Aalto,C?n ti?ng Anh nghi v?n: Aalto | S? t?/c?m nghi v?n: 1 | T? l? nghi v?n: 1.0 | M?c ??: 13.0
TBA,TBA,C?n ti?ng Anh nghi v?n: TBA | S? t?/c?m nghi v?n: 1 | T? l? nghi v?n: 1.0 | M?c ??: 13.0
Jiyan,Jiyan,C?n ti?ng Anh nghi v?n: Jiyan | S? t?/c?m nghi v?n: 1 | T? l? nghi v?n: 1.0 | M?c ??: 13.0
TBA,TBA,C?n ti?ng Anh nghi v?n: TBA | S? t?/c?m nghi v?n: 1 | T? l? nghi v?n: 1.0 | M?c ??: 13.0
Jianxin,Jianxin,C?n ti?ng Anh nghi v?n: Jianxin | S? t?/c?m nghi v?n: 1 | T? l? nghi v?n: 1.0 | M?c ??: 13.0
Cartethyia,Cartethyia,C?n ti?ng Anh nghi v?n: Cartethyia | S? t?/c?m nghi v?n: 1 | T? l? nghi v?n: 1.0 | M?c ??: 13.0
Chisa,Chisa,C?n ti?ng Anh nghi v?n: Chisa | S? t?/c?m nghi v?n: 1 | T? l? nghi v?n: 1.0 | M?c ??: 13.0
TBA,TBA,C?n ti?ng Anh nghi v?n: TBA | S? t?/c?m nghi v?n: 1 | T? l? nghi v?n: 1.0 | M?c ??: 13.0
TBA,TBA,C?n ti?ng Anh nghi v?n: TBA | S? t?/c?m nghi v?n: 1 | T? l? nghi v?n: 1.0 | M?c ??: 13.0
TBA,TBA,C?n ti?ng Anh nghi v?n: TBA | S? t?/c?m nghi v?n: 1 | T? l? nghi v?n: 1.0 | M?c ??: 13.0
Verina,Verina,C?n ti?ng Anh nghi v?n: Verina | S? t?/c?m nghi v?n: 1 | T? l? nghi v?n: 1.0 | M?c ??: 13.0
TBA,TBA,C?n ti?ng Anh nghi v?n: TBA | S? t?/c?m nghi v?n: 1 | T? l? nghi v?n: 1.0 | M?c ??: 13.0
Lumi,Lumi,C?n ti?ng Anh nghi v?n: Lumi | S? t?/c?m nghi v?n: 1 | T? l? nghi v?n: 1.0 | M?c ??: 13.0
Lumi,Lumi,C?n ti?ng Anh nghi v?n: Lumi | S? t?/c?m nghi v?n: 1 | T? l? nghi v?n: 1.0 | M?c ??: 13.0
TBA,TBA,C?n ti?ng Anh nghi v?n: TBA | S? t?/c?m nghi v?n: 1 | T? l? nghi v?n: 1.0 | M?c ??: 13.0
TBA,TBA,C?n ti?ng Anh nghi v?n: TBA | S? t?/c?m nghi v?n: 1 | T? l? nghi v?n: 1.0 | M?c ??: 13.0
Taoqi,Taoqi,C?n ti?ng Anh nghi v?n: Taoqi | S? t?/c?m nghi v?n: 1 | T? l? nghi v?n: 1.0 | M?c ??: 13.0
TBA,TBA,C?n ti?ng Anh nghi v?n: TBA | S? t?/c?m nghi v?n: 1 | T? l? nghi v?n: 1.0 | M?c ??: 13.0
Danjin,Danjin,C?n ti?ng Anh nghi v?n: Danjin | S? t?/c?m nghi v?n: 1 | T? l? nghi v?n: 1.0 | M?c ??: 13.0
TBA,TBA,C?n ti?ng Anh nghi v?n: TBA | S? t?/c?m nghi v?n: 1 | T? l? nghi v?n: 1.0 | M?c ??: 13.0
Camellya,Camellya,C?n ti?ng Anh nghi v?n: Camellya | S? t?/c?m nghi v?n: 1 | T? l? nghi v?n: 1.0 | M?c ??: 13.0
Camellya,Camellya,C?n ti?ng Anh nghi v?n: Camellya | S? t?/c?m nghi v?n: 1 | T? l? nghi v?n: 1.0 | M?c ??: 13.0
TBA,TBA,C?n ti?ng Anh nghi v?n: TBA | S? t?/c?m nghi v?n: 1 | T? l? nghi v?n: 1.0 | M?c ??: 13.0
TBA,TBA,C?n ti?ng Anh nghi v?n: TBA | S? t?/c?m nghi v?n: 1 | T? l? nghi v?n: 1.0 | M?c ??: 13.0
Roccia,Roccia,C?n ti?ng Anh nghi v?n: Roccia | S? t?/c?m nghi v?n: 1 | T? l? nghi v?n: 1.0 | M?c ??: 13.0
Roccia,Roccia,C?n ti?ng Anh nghi v?n: Roccia | S? t?/c?m nghi v?n: 1 | T? l? nghi v?n: 1.0 | M?c ??: 13.0
Carlotta,Carlotta,C?n ti?ng Anh nghi v?n: Carlotta | S? t?/c?m nghi v?n: 1 | T? l? nghi v?n: 1.0 | M?c ??: 13.0
Carlotta,Carlotta,C?n ti?ng Anh nghi v?n: Carlotta | S? t?/c?m nghi v?n: 1 | T? l? nghi v?n: 1.0 | M?c ??: 13.0
TBA,TBA,C?n ti?ng Anh nghi v?n: TBA | S? t?/c?m nghi v?n: 1 | T? l? nghi v?n: 1.0 | M?c ??: 13.0
Cruisewing,Cruisewing,C?n ti?ng Anh nghi v?n: Cruisewing | S? t?/c?m nghi v?n: 1 | T? l? nghi v?n: 1.0 | M?c ??: 13.0
TBA,TBA,C?n ti?ng Anh nghi v?n: TBA | S? t?/c?m nghi v?n: 1 | T? l? nghi v?n: 1.0 | M?c ??: 13.0
Zapstring,Zapstring,C?n ti?ng Anh nghi v?n: Zapstring | S? t?/c?m nghi v?n: 1 | T? l? nghi v?n: 1.0 | M?c ??: 13.0
TBA,TBA,C?n ti?ng Anh nghi v?n: TBA | S? t?/c?m nghi v?n: 1 | T? l? nghi v?n: 1.0 | M?c ??: 13.0
Excarat,Excarat,C?n ti?ng Anh nghi v?n: Excarat | S? t?/c?m nghi v?n: 1 | T? l? nghi v?n: 1.0 | M?c ??: 13.0
TBA,TBA,C?n ti?ng Anh nghi v?n: TBA | S? t?/c?m nghi v?n: 1 | T? l? nghi v?n: 1.0 | M?c ??: 13.0
TBA,TBA,C?n ti?ng Anh nghi v?n: TBA | S? t?/c?m nghi v?n: 1 | T? l? nghi v?n: 1.0 | M?c ??: 13.0
TBA,TBA,C?n ti?ng Anh nghi v?n: TBA | S? t?/c?m nghi v?n: 1 | T? l? nghi v?n: 1.0 | M?c ??: 13.0
Gulpuff,Gulpuff,C?n ti?ng Anh nghi v?n: Gulpuff | S? t?/c?m nghi v?n: 1 | T? l? nghi v?n: 1.0 | M?c ??: 13.0
TBA,TBA,C?n ti?ng Anh nghi v?n: TBA | S? t?/c?m nghi v?n: 1 | T? l? nghi v?n: 1.0 | M?c ??: 13.0
Crownless,Crownless,C?n ti?ng Anh nghi v?n: Crownless | S? t?/c?m nghi v?n: 1 | T? l? nghi v?n: 1.0 | M?c ??: 13.0
TBA,TBA,C?n ti?ng Anh nghi v?n: TBA | S? t?/c?m nghi v?n: 1 | T? l? nghi v?n: 1.0 | M?c ??: 13.0
Phrolova,Phrolova,C?n ti?ng Anh nghi v?n: Phrolova | S? t?/c?m nghi v?n: 1 | T? l? nghi v?n: 1.0 | M?c ??: 13.0
TBA,TBA,C?n ti?ng Anh nghi v?n: TBA | S? t?/c?m nghi v?n: 1 | T? l? nghi v?n: 1.0 | M?c ??: 13.0
Jinhsi,Jinhsi,C?n ti?ng Anh nghi v?n: Jinhsi | S? t?/c?m nghi v?n: 1 | T? l? nghi v?n: 1.0 | M?c ??: 13.0
TBA,TBA,C?n ti?ng Anh nghi v?n: TBA | S? t?/c?m nghi v?n: 1 | T? l? nghi v?n: 1.0 | M?c ??: 13.0
TBA,TBA,C?n ti?ng Anh nghi v?n: TBA | S? t?/c?m nghi v?n: 1 | T? l? nghi v?n: 1.0 | M?c ??: 13.0
TBA,TBA,C?n ti?ng Anh nghi v?n: TBA | S? t?/c?m nghi v?n: 1 | T? l? nghi v?n: 1.0 | M?c ??: 13.0
R,R,C?n ti?ng Anh nghi v?n: R | S? t?/c?m nghi v?n: 1 | T? l? nghi v?n: 1.0 | M?c ??: 13.0
Discount,Discount,C?n ti?ng Anh nghi v?n: Discount | S? t?/c?m nghi v?n: 1 | T? l? nghi v?n: 1.0 | M?c ??: 13.0
Free,Free,C?n ti?ng Anh nghi v?n: Free | S? t?/c?m nghi v?n: 1 | T? l? nghi v?n: 1.0 | M?c ??: 13.0
Special,Special,C?n ti?ng Anh nghi v?n: Special | S? t?/c?m nghi v?n: 1 | T? l? nghi v?n: 1.0 | M?c ??: 13.0
Souvenir Store,Souvenir Cửa hàng,C?n ti?ng Anh nghi v?n: Souvenir | S? t?/c?m nghi v?n: 1 | T? l? nghi v?n: 1.0 | M?c ??: 13.0
Fireworks Store,Fireworks Cửa hàng,C?n ti?ng Anh nghi v?n: Fireworks | S? t?/c?m nghi v?n: 1 | T? l? nghi v?n: 1.0 | M?c ??: 13.0
Gondola Market,Chợ Gondola,C?n ti?ng Anh nghi v?n: Gondola | S? t?/c?m nghi v?n: 1 | T? l? nghi v?n: 1.0 | M?c ??: 13.0
Gondola Market,Chợ Gondola,C?n ti?ng Anh nghi v?n: Gondola | S? t?/c?m nghi v?n: 1 | T? l? nghi v?n: 1.0 | M?c ??: 13.0
Crownless,Crownless,C?n ti?ng Anh nghi v?n: Crownless | S? t?/c?m nghi v?n: 1 | T? l? nghi v?n: 1.0 | M?c ??: 13.0
Default,Default,C?n ti?ng Anh nghi v?n: Default | S? t?/c?m nghi v?n: 1 | T? l? nghi v?n: 1.0 | M?c ??: 13.0
No Retreat,Không Retreat,C?n ti?ng Anh nghi v?n: Retreat | S? t?/c?m nghi v?n: 1 | T? l? nghi v?n: 1.0 | M?c ??: 13.0
Superpuff,Superpuff,C?n ti?ng Anh nghi v?n: Superpuff | S? t?/c?m nghi v?n: 1 | T? l? nghi v?n: 1.0 | M?c ??: 13.0
Superpuff,Superpuff,C?n ti?ng Anh nghi v?n: Superpuff | S? t?/c?m nghi v?n: 1 | T? l? nghi v?n: 1.0 | M?c ??: 13.0
Upgrade to +10 to unlock Tuning,Nâng cấp lên +10 để mở khóa Tuning,C?n ti?ng Anh nghi v?n: Tuning | S? t?/c?m nghi v?n: 1 | T? l? nghi v?n: 1.0 | M?c ??: 13.0
Rarity,Rarity,C?n ti?ng Anh nghi v?n: Rarity | S? t?/c?m nghi v?n: 1 | T? l? nghi v?n: 1.0 | M?c ??: 13.0
1-Star,1-Star,C?n ti?ng Anh nghi v?n: Star | S? t?/c?m nghi v?n: 1 | T? l? nghi v?n: 1.0 | M?c ??: 13.0
2-Stars,2-Stars,C?n ti?ng Anh nghi v?n: Stars | S? t?/c?m nghi v?n: 1 | T? l? nghi v?n: 1.0 | M?c ??: 13.0
3-Stars,3-Stars,C?n ti?ng Anh nghi v?n: Stars | S? t?/c?m nghi v?n: 1 | T? l? nghi v?n: 1.0 | M?c ??: 13.0
4-Stars,4-Stars,C?n ti?ng Anh nghi v?n: Stars | S? t?/c?m nghi v?n: 1 | T? l? nghi v?n: 1.0 | M?c ??: 13.0
5-Stars,5-Stars,C?n ti?ng Anh nghi v?n: Stars | S? t?/c?m nghi v?n: 1 | T? l? nghi v?n: 1.0 | M?c ??: 13.0
Dodge,Dodge,C?n ti?ng Anh nghi v?n: Dodge | S? t?/c?m nghi v?n: 1 | T? l? nghi v?n: 1.0 | M?c ??: 13.0
Easy,Easy,C?n ti?ng Anh nghi v?n: Easy | S? t?/c?m nghi v?n: 1 | T? l? nghi v?n: 1.0 | M?c ??: 13.0
Medium,Medium,C?n ti?ng Anh nghi v?n: Medium | S? t?/c?m nghi v?n: 1 | T? l? nghi v?n: 1.0 | M?c ??: 13.0
Difficult,Difficult,C?n ti?ng Anh nghi v?n: Difficult | S? t?/c?m nghi v?n: 1 | T? l? nghi v?n: 1.0 | M?c ??: 13.0
Utility Wheel,Công cụ Wheel,C?n ti?ng Anh nghi v?n: Wheel | S? t?/c?m nghi v?n: 1 | T? l? nghi v?n: 1.0 | M?c ??: 13.0
Quit Challenge,Quit Thử thách,C?n ti?ng Anh nghi v?n: Quit | S? t?/c?m nghi v?n: 1 | T? l? nghi v?n: 1.0 | M?c ??: 13.0
Edit,Edit,C?n ti?ng Anh nghi v?n: Edit | S? t?/c?m nghi v?n: 1 | T? l? nghi v?n: 1.0 | M?c ??: 13.0
Utility Wheel,Công cụ Wheel,C?n ti?ng Anh nghi v?n: Wheel | S? t?/c?m nghi v?n: 1 | T? l? nghi v?n: 1.0 | M?c ??: 13.0
Reset Camera,Đặt lại Camera,C?n ti?ng Anh nghi v?n: Camera | S? t?/c?m nghi v?n: 1 | T? l? nghi v?n: 1.0 | M?c ??: 13.0
Reset Camera,Đặt lại Camera,C?n ti?ng Anh nghi v?n: Camera | S? t?/c?m nghi v?n: 1 | T? l? nghi v?n: 1.0 | M?c ??: 13.0
Navigate,Navigate,C?n ti?ng Anh nghi v?n: Navigate | S? t?/c?m nghi v?n: 1 | T? l? nghi v?n: 1.0 | M?c ??: 13.0
Navigate,Navigate,C?n ti?ng Anh nghi v?n: Navigate | S? t?/c?m nghi v?n: 1 | T? l? nghi v?n: 1.0 | M?c ??: 13.0
Quit Challenge,Quit Thử thách,C?n ti?ng Anh nghi v?n: Quit | S? t?/c?m nghi v?n: 1 | T? l? nghi v?n: 1.0 | M?c ??: 13.0
Quit Challenge,Quit Thử thách,C?n ti?ng Anh nghi v?n: Quit | S? t?/c?m nghi v?n: 1 | T? l? nghi v?n: 1.0 | M?c ??: 13.0
Quests,Quests,C?n ti?ng Anh nghi v?n: Quests | S? t?/c?m nghi v?n: 1 | T? l? nghi v?n: 1.0 | M?c ??: 13.0
Tutorial,Tutorial,C?n ti?ng Anh nghi v?n: Tutorial | S? t?/c?m nghi v?n: 1 | T? l? nghi v?n: 1.0 | M?c ??: 13.0
Chat,Chat,C?n ti?ng Anh nghi v?n: Chat | S? t?/c?m nghi v?n: 1 | T? l? nghi v?n: 1.0 | M?c ??: 13.0
Interface,Interface,C?n ti?ng Anh nghi v?n: Interface | S? t?/c?m nghi v?n: 1 | T? l? nghi v?n: 1.0 | M?c ??: 13.0
Shortcuts,Shortcuts,C?n ti?ng Anh nghi v?n: Shortcuts | S? t?/c?m nghi v?n: 1 | T? l? nghi v?n: 1.0 | M?c ??: 13.0
Hooscamp,Hooscamp,C?n ti?ng Anh nghi v?n: Hooscamp | S? t?/c?m nghi v?n: 1 | T? l? nghi v?n: 1.0 | M?c ??: 13.0
Hoochief,Hoochief,C?n ti?ng Anh nghi v?n: Hoochief | S? t?/c?m nghi v?n: 1 | T? l? nghi v?n: 1.0 | M?c ??: 13.0
Jiyan,Jiyan,C?n ti?ng Anh nghi v?n: Jiyan | S? t?/c?m nghi v?n: 1 | T? l? nghi v?n: 1.0 | M?c ??: 13.0
Yinlin,Yinlin,C?n ti?ng Anh nghi v?n: Yinlin | S? t?/c?m nghi v?n: 1 | T? l? nghi v?n: 1.0 | M?c ??: 13.0
Verina,Verina,C?n ti?ng Anh nghi v?n: Verina | S? t?/c?m nghi v?n: 1 | T? l? nghi v?n: 1.0 | M?c ??: 13.0
Lingyang,Lingyang,C?n ti?ng Anh nghi v?n: Lingyang | S? t?/c?m nghi v?n: 1 | T? l? nghi v?n: 1.0 | M?c ??: 13.0
Jianxin,Jianxin,C?n ti?ng Anh nghi v?n: Jianxin | S? t?/c?m nghi v?n: 1 | T? l? nghi v?n: 1.0 | M?c ??: 13.0
Encore,Encore,C?n ti?ng Anh nghi v?n: Encore | S? t?/c?m nghi v?n: 1 | T? l? nghi v?n: 1.0 | M?c ??: 13.0
Calcharo,Calcharo,C?n ti?ng Anh nghi v?n: Calcharo | S? t?/c?m nghi v?n: 1 | T? l? nghi v?n: 1.0 | M?c ??: 13.0
Yangyang,Yangyang,C?n ti?ng Anh nghi v?n: Yangyang | S? t?/c?m nghi v?n: 1 | T? l? nghi v?n: 1.0 | M?c ??: 13.0
Chixia,Chixia,C?n ti?ng Anh nghi v?n: Chixia | S? t?/c?m nghi v?n: 1 | T? l? nghi v?n: 1.0 | M?c ??: 13.0
Sanhua,Sanhua,C?n ti?ng Anh nghi v?n: Sanhua | S? t?/c?m nghi v?n: 1 | T? l? nghi v?n: 1.0 | M?c ??: 13.0
Taoqi,Taoqi,C?n ti?ng Anh nghi v?n: Taoqi | S? t?/c?m nghi v?n: 1 | T? l? nghi v?n: 1.0 | M?c ??: 13.0
Baizhi,Baizhi,C?n ti?ng Anh nghi v?n: Baizhi | S? t?/c?m nghi v?n: 1 | T? l? nghi v?n: 1.0 | M?c ??: 13.0
Danjin,Danjin,C?n ti?ng Anh nghi v?n: Danjin | S? t?/c?m nghi v?n: 1 | T? l? nghi v?n: 1.0 | M?c ??: 13.0
Aalto,Aalto,C?n ti?ng Anh nghi v?n: Aalto | S? t?/c?m nghi v?n: 1 | T? l? nghi v?n: 1.0 | M?c ??: 13.0
Mortefi,Mortefi,C?n ti?ng Anh nghi v?n: Mortefi | S? t?/c?m nghi v?n: 1 | T? l? nghi v?n: 1.0 | M?c ??: 13.0
Yuanwu,Yuanwu,C?n ti?ng Anh nghi v?n: Yuanwu | S? t?/c?m nghi v?n: 1 | T? l? nghi v?n: 1.0 | M?c ??: 13.0
Jinhsi,Jinhsi,C?n ti?ng Anh nghi v?n: Jinhsi | S? t?/c?m nghi v?n: 1 | T? l? nghi v?n: 1.0 | M?c ??: 13.0
Changli,Changli,C?n ti?ng Anh nghi v?n: Changli | S? t?/c?m nghi v?n: 1 | T? l? nghi v?n: 1.0 | M?c ??: 13.0
Zhezhi,Zhezhi,C?n ti?ng Anh nghi v?n: Zhezhi | S? t?/c?m nghi v?n: 1 | T? l? nghi v?n: 1.0 | M?c ??: 13.0
Compare,Compare,C?n ti?ng Anh nghi v?n: Compare | S? t?/c?m nghi v?n: 1 | T? l? nghi v?n: 1.0 | M?c ??: 13.0
Preview,Preview,C?n ti?ng Anh nghi v?n: Preview | S? t?/c?m nghi v?n: 1 | T? l? nghi v?n: 1.0 | M?c ??: 13.0
Scroll,Scroll,C?n ti?ng Anh nghi v?n: Scroll | S? t?/c?m nghi v?n: 1 | T? l? nghi v?n: 1.0 | M?c ??: 13.0
Claimed,Claimed,C?n ti?ng Anh nghi v?n: Claimed | S? t?/c?m nghi v?n: 1 | T? l? nghi v?n: 1.0 | M?c ??: 13.0
Token,Token,C?n ti?ng Anh nghi v?n: Token | S? t?/c?m nghi v?n: 1 | T? l? nghi v?n: 1.0 | M?c ??: 13.0
Rewards,Rewards,C?n ti?ng Anh nghi v?n: Rewards | S? t?/c?m nghi v?n: 1 | T? l? nghi v?n: 1.0 | M?c ??: 13.0
Zhezhi,Zhezhi,C?n ti?ng Anh nghi v?n: Zhezhi | S? t?/c?m nghi v?n: 1 | T? l? nghi v?n: 1.0 | M?c ??: 13.0
Zhezhi,Zhezhi,C?n ti?ng Anh nghi v?n: Zhezhi | S? t?/c?m nghi v?n: 1 | T? l? nghi v?n: 1.0 | M?c ??: 13.0
Pause,Pause,C?n ti?ng Anh nghi v?n: Pause | S? t?/c?m nghi v?n: 1 | T? l? nghi v?n: 1.0 | M?c ??: 13.0
Windchimer Store,Windchimer Cửa hàng,C?n ti?ng Anh nghi v?n: Windchimer | S? t?/c?m nghi v?n: 1 | T? l? nghi v?n: 1.0 | M?c ??: 13.0
Emote,Emote,C?n ti?ng Anh nghi v?n: Emote | S? t?/c?m nghi v?n: 1 | T? l? nghi v?n: 1.0 | M?c ??: 13.0
Adjust Angle,Điều chỉnh Angle,C?n ti?ng Anh nghi v?n: Angle | S? t?/c?m nghi v?n: 1 | T? l? nghi v?n: 1.0 | M?c ??: 13.0
Souvenir Store,Souvenir Cửa hàng,C?n ti?ng Anh nghi v?n: Souvenir | S? t?/c?m nghi v?n: 1 | T? l? nghi v?n: 1.0 | M?c ??: 13.0
Changli,Changli,C?n ti?ng Anh nghi v?n: Changli | S? t?/c?m nghi v?n: 1 | T? l? nghi v?n: 1.0 | M?c ??: 13.0
Bloom,Bloom,C?n ti?ng Anh nghi v?n: Bloom | S? t?/c?m nghi v?n: 1 | T? l? nghi v?n: 1.0 | M?c ??: 13.0
(Hold) Chat,(Giữ) Chat,C?n ti?ng Anh nghi v?n: Chat | S? t?/c?m nghi v?n: 1 | T? l? nghi v?n: 1.0 | M?c ??: 13.0
(Hold) Chat,(Giữ) Chat,C?n ti?ng Anh nghi v?n: Chat | S? t?/c?m nghi v?n: 1 | T? l? nghi v?n: 1.0 | M?c ??: 13.0
Add,Add,C?n ti?ng Anh nghi v?n: Add | S? t?/c?m nghi v?n: 1 | T? l? nghi v?n: 1.0 | M?c ??: 13.0
UID,UID,C?n ti?ng Anh nghi v?n: UID | S? t?/c?m nghi v?n: 1 | T? l? nghi v?n: 1.0 | M?c ??: 13.0
Discarded,Discarded,C?n ti?ng Anh nghi v?n: Discarded | S? t?/c?m nghi v?n: 1 | T? l? nghi v?n: 1.0 | M?c ??: 13.0
Discarded,Discarded,C?n ti?ng Anh nghi v?n: Discarded | S? t?/c?m nghi v?n: 1 | T? l? nghi v?n: 1.0 | M?c ??: 13.0
None,None,C?n ti?ng Anh nghi v?n: None | S? t?/c?m nghi v?n: 1 | T? l? nghi v?n: 1.0 | M?c ??: 13.0
Youhu,Youhu,C?n ti?ng Anh nghi v?n: Youhu | S? t?/c?m nghi v?n: 1 | T? l? nghi v?n: 1.0 | M?c ??: 13.0
Shorekeeper,Shorekeeper,C?n ti?ng Anh nghi v?n: Shorekeeper | S? t?/c?m nghi v?n: 1 | T? l? nghi v?n: 1.0 | M?c ??: 13.0
Youhu,Youhu,C?n ti?ng Anh nghi v?n: Youhu | S? t?/c?m nghi v?n: 1 | T? l? nghi v?n: 1.0 | M?c ??: 13.0
Shorekeeper,Shorekeeper,C?n ti?ng Anh nghi v?n: Shorekeeper | S? t?/c?m nghi v?n: 1 | T? l? nghi v?n: 1.0 | M?c ??: 13.0
Edit,Edit,C?n ti?ng Anh nghi v?n: Edit | S? t?/c?m nghi v?n: 1 | T? l? nghi v?n: 1.0 | M?c ??: 13.0
Controller,Controller,C?n ti?ng Anh nghi v?n: Controller | S? t?/c?m nghi v?n: 1 | T? l? nghi v?n: 1.0 | M?c ??: 13.0
Movement,Movement,C?n ti?ng Anh nghi v?n: Movement | S? t?/c?m nghi v?n: 1 | T? l? nghi v?n: 1.0 | M?c ??: 13.0
ICP License: 粤ICP备18069368号-8A,Giấy phép ICP: 粤ICP备18069368号-8A,C?n ti?ng Anh nghi v?n: ICP | S? t?/c?m nghi v?n: 1 | T? l? nghi v?n: 1.0 | M?c ??: 13.0
Outline,Outline,C?n ti?ng Anh nghi v?n: Outline | S? t?/c?m nghi v?n: 1 | T? l? nghi v?n: 1.0 | M?c ??: 13.0
Abby,Abby,C?n ti?ng Anh nghi v?n: Abby | S? t?/c?m nghi v?n: 1 | T? l? nghi v?n: 1.0 | M?c ??: 13.0
Waiter,Waiter,C?n ti?ng Anh nghi v?n: Waiter | S? t?/c?m nghi v?n: 1 | T? l? nghi v?n: 1.0 | M?c ??: 13.0
Chef,Chef,C?n ti?ng Anh nghi v?n: Chef | S? t?/c?m nghi v?n: 1 | T? l? nghi v?n: 1.0 | M?c ??: 13.0
Saturation,Saturation,C?n ti?ng Anh nghi v?n: Saturation | S? t?/c?m nghi v?n: 1 | T? l? nghi v?n: 1.0 | M?c ??: 13.0
Contrast,Contrast,C?n ti?ng Anh nghi v?n: Contrast | S? t?/c?m nghi v?n: 1 | T? l? nghi v?n: 1.0 | M?c ??: 13.0
Wildfire,Wildfire,C?n ti?ng Anh nghi v?n: Wildfire | S? t?/c?m nghi v?n: 1 | T? l? nghi v?n: 1.0 | M?c ??: 13.0
Trendsetter,Trendsetter,C?n ti?ng Anh nghi v?n: Trendsetter | S? t?/c?m nghi v?n: 1 | T? l? nghi v?n: 1.0 | M?c ??: 13.0
Clear Day,Clear Ngày,C?n ti?ng Anh nghi v?n: Clear | S? t?/c?m nghi v?n: 1 | T? l? nghi v?n: 1.0 | M?c ??: 13.0
Nope,Nope,C?n ti?ng Anh nghi v?n: Nope | S? t?/c?m nghi v?n: 1 | T? l? nghi v?n: 1.0 | M?c ??: 13.0
Annoyed,Annoyed,C?n ti?ng Anh nghi v?n: Annoyed | S? t?/c?m nghi v?n: 1 | T? l? nghi v?n: 1.0 | M?c ??: 13.0
Tired,Tired,C?n ti?ng Anh nghi v?n: Tired | S? t?/c?m nghi v?n: 1 | T? l? nghi v?n: 1.0 | M?c ??: 13.0
Chilling,Chilling,C?n ti?ng Anh nghi v?n: Chilling | S? t?/c?m nghi v?n: 1 | T? l? nghi v?n: 1.0 | M?c ??: 13.0
Smile,Smile,C?n ti?ng Anh nghi v?n: Smile | S? t?/c?m nghi v?n: 1 | T? l? nghi v?n: 1.0 | M?c ??: 13.0
Gotcha,Gotcha,C?n ti?ng Anh nghi v?n: Gotcha | S? t?/c?m nghi v?n: 1 | T? l? nghi v?n: 1.0 | M?c ??: 13.0
Surprise,Surprise,C?n ti?ng Anh nghi v?n: Surprise | S? t?/c?m nghi v?n: 1 | T? l? nghi v?n: 1.0 | M?c ??: 13.0
Wishing,Wishing,C?n ti?ng Anh nghi v?n: Wishing | S? t?/c?m nghi v?n: 1 | T? l? nghi v?n: 1.0 | M?c ??: 13.0
Working,Working,C?n ti?ng Anh nghi v?n: Working | S? t?/c?m nghi v?n: 1 | T? l? nghi v?n: 1.0 | M?c ??: 13.0
Salute,Salute,C?n ti?ng Anh nghi v?n: Salute | S? t?/c?m nghi v?n: 1 | T? l? nghi v?n: 1.0 | M?c ??: 13.0
Lecture,Lecture,C?n ti?ng Anh nghi v?n: Lecture | S? t?/c?m nghi v?n: 1 | T? l? nghi v?n: 1.0 | M?c ??: 13.0
Crestfallen,Crestfallen,C?n ti?ng Anh nghi v?n: Crestfallen | S? t?/c?m nghi v?n: 1 | T? l? nghi v?n: 1.0 | M?c ??: 13.0
Hug,Hug,C?n ti?ng Anh nghi v?n: Hug | S? t?/c?m nghi v?n: 1 | T? l? nghi v?n: 1.0 | M?c ??: 13.0
Run!,Run!,C?n ti?ng Anh nghi v?n: Run | S? t?/c?m nghi v?n: 1 | T? l? nghi v?n: 1.0 | M?c ??: 13.0
Bouncy,Bouncy,C?n ti?ng Anh nghi v?n: Bouncy | S? t?/c?m nghi v?n: 1 | T? l? nghi v?n: 1.0 | M?c ??: 13.0
Shocked,Shocked,C?n ti?ng Anh nghi v?n: Shocked | S? t?/c?m nghi v?n: 1 | T? l? nghi v?n: 1.0 | M?c ??: 13.0
Shocked,Shocked,C?n ti?ng Anh nghi v?n: Shocked | S? t?/c?m nghi v?n: 1 | T? l? nghi v?n: 1.0 | M?c ??: 13.0
Hungry,Hungry,C?n ti?ng Anh nghi v?n: Hungry | S? t?/c?m nghi v?n: 1 | T? l? nghi v?n: 1.0 | M?c ??: 13.0
Delicious,Delicious,C?n ti?ng Anh nghi v?n: Delicious | S? t?/c?m nghi v?n: 1 | T? l? nghi v?n: 1.0 | M?c ??: 13.0
Eavesdropping,Eavesdropping,C?n ti?ng Anh nghi v?n: Eavesdropping | S? t?/c?m nghi v?n: 1 | T? l? nghi v?n: 1.0 | M?c ??: 13.0
Awkward,Awkward,C?n ti?ng Anh nghi v?n: Awkward | S? t?/c?m nghi v?n: 1 | T? l? nghi v?n: 1.0 | M?c ??: 13.0
Ehehe!,Ehehe!,C?n ti?ng Anh nghi v?n: Ehehe | S? t?/c?m nghi v?n: 1 | T? l? nghi v?n: 1.0 | M?c ??: 13.0
Sleepy,Sleepy,C?n ti?ng Anh nghi v?n: Sleepy | S? t?/c?m nghi v?n: 1 | T? l? nghi v?n: 1.0 | M?c ??: 13.0
Awake,Awake,C?n ti?ng Anh nghi v?n: Awake | S? t?/c?m nghi v?n: 1 | T? l? nghi v?n: 1.0 | M?c ??: 13.0
Kudos,Kudos,C?n ti?ng Anh nghi v?n: Kudos | S? t?/c?m nghi v?n: 1 | T? l? nghi v?n: 1.0 | M?c ??: 13.0
Hmph!,Hmph!,C?n ti?ng Anh nghi v?n: Hmph | S? t?/c?m nghi v?n: 1 | T? l? nghi v?n: 1.0 | M?c ??: 13.0
Cheers,Cheers,C?n ti?ng Anh nghi v?n: Cheers | S? t?/c?m nghi v?n: 1 | T? l? nghi v?n: 1.0 | M?c ??: 13.0
Like,Like,C?n ti?ng Anh nghi v?n: Like | S? t?/c?m nghi v?n: 1 | T? l? nghi v?n: 1.0 | M?c ??: 13.0
Wish,Wish,C?n ti?ng Anh nghi v?n: Wish | S? t?/c?m nghi v?n: 1 | T? l? nghi v?n: 1.0 | M?c ??: 13.0
Cheer,Cheer,C?n ti?ng Anh nghi v?n: Cheer | S? t?/c?m nghi v?n: 1 | T? l? nghi v?n: 1.0 | M?c ??: 13.0
Headpat,Headpat,C?n ti?ng Anh nghi v?n: Headpat | S? t?/c?m nghi v?n: 1 | T? l? nghi v?n: 1.0 | M?c ??: 13.0
Stretch,Stretch,C?n ti?ng Anh nghi v?n: Stretch | S? t?/c?m nghi v?n: 1 | T? l? nghi v?n: 1.0 | M?c ??: 13.0
Thinking,Thinking,C?n ti?ng Anh nghi v?n: Thinking | S? t?/c?m nghi v?n: 1 | T? l? nghi v?n: 1.0 | M?c ??: 13.0
Angry,Angry,C?n ti?ng Anh nghi v?n: Angry | S? t?/c?m nghi v?n: 1 | T? l? nghi v?n: 1.0 | M?c ??: 13.0
Bow,Bow,C?n ti?ng Anh nghi v?n: Bow | S? t?/c?m nghi v?n: 1 | T? l? nghi v?n: 1.0 | M?c ??: 13.0
Sob,Sob,C?n ti?ng Anh nghi v?n: Sob | S? t?/c?m nghi v?n: 1 | T? l? nghi v?n: 1.0 | M?c ??: 13.0
Cuddle,Cuddle,C?n ti?ng Anh nghi v?n: Cuddle | S? t?/c?m nghi v?n: 1 | T? l? nghi v?n: 1.0 | M?c ??: 13.0
Pat,Pat,C?n ti?ng Anh nghi v?n: Pat | S? t?/c?m nghi v?n: 1 | T? l? nghi v?n: 1.0 | M?c ??: 13.0
Stare,Stare,C?n ti?ng Anh nghi v?n: Stare | S? t?/c?m nghi v?n: 1 | T? l? nghi v?n: 1.0 | M?c ??: 13.0
Peekaboo,Peekaboo,C?n ti?ng Anh nghi v?n: Peekaboo | S? t?/c?m nghi v?n: 1 | T? l? nghi v?n: 1.0 | M?c ??: 13.0
Panic,Panic,C?n ti?ng Anh nghi v?n: Panic | S? t?/c?m nghi v?n: 1 | T? l? nghi v?n: 1.0 | M?c ??: 13.0
Brant,Brant,C?n ti?ng Anh nghi v?n: Brant | S? t?/c?m nghi v?n: 1 | T? l? nghi v?n: 1.0 | M?c ??: 13.0
Brant,Brant,C?n ti?ng Anh nghi v?n: Brant | S? t?/c?m nghi v?n: 1 | T? l? nghi v?n: 1.0 | M?c ??: 13.0
Phoebe,Phoebe,C?n ti?ng Anh nghi v?n: Phoebe | S? t?/c?m nghi v?n: 1 | T? l? nghi v?n: 1.0 | M?c ??: 13.0
Phoebe,Phoebe,C?n ti?ng Anh nghi v?n: Phoebe | S? t?/c?m nghi v?n: 1 | T? l? nghi v?n: 1.0 | M?c ??: 13.0
Baiting,Baiting,C?n ti?ng Anh nghi v?n: Baiting | S? t?/c?m nghi v?n: 1 | T? l? nghi v?n: 1.0 | M?c ??: 13.0
Cantarella,Cantarella,C?n ti?ng Anh nghi v?n: Cantarella | S? t?/c?m nghi v?n: 1 | T? l? nghi v?n: 1.0 | M?c ??: 13.0
Cantarella,Cantarella,C?n ti?ng Anh nghi v?n: Cantarella | S? t?/c?m nghi v?n: 1 | T? l? nghi v?n: 1.0 | M?c ??: 13.0
Quick Adjust,Quick Điều chỉnh,C?n ti?ng Anh nghi v?n: Quick | S? t?/c?m nghi v?n: 1 | T? l? nghi v?n: 1.0 | M?c ??: 13.0
Review,Review,C?n ti?ng Anh nghi v?n: Review | S? t?/c?m nghi v?n: 1 | T? l? nghi v?n: 1.0 | M?c ??: 13.0
Select Text,Chọn Text,C?n ti?ng Anh nghi v?n: Text | S? t?/c?m nghi v?n: 1 | T? l? nghi v?n: 1.0 | M?c ??: 13.0
Move,Move,C?n ti?ng Anh nghi v?n: Move | S? t?/c?m nghi v?n: 1 | T? l? nghi v?n: 1.0 | M?c ??: 13.0
Vulkan,Vulkan,C?n ti?ng Anh nghi v?n: Vulkan | S? t?/c?m nghi v?n: 1 | T? l? nghi v?n: 1.0 | M?c ??: 13.0
Claimable,Claimable,C?n ti?ng Anh nghi v?n: Claimable | S? t?/c?m nghi v?n: 1 | T? l? nghi v?n: 1.0 | M?c ??: 13.0
Select Direction,Chọn Direction,C?n ti?ng Anh nghi v?n: Direction | S? t?/c?m nghi v?n: 1 | T? l? nghi v?n: 1.0 | M?c ??: 13.0
Augusta,Augusta,C?n ti?ng Anh nghi v?n: Augusta | S? t?/c?m nghi v?n: 1 | T? l? nghi v?n: 1.0 | M?c ??: 13.0
Augusta,Augusta,C?n ti?ng Anh nghi v?n: Augusta | S? t?/c?m nghi v?n: 1 | T? l? nghi v?n: 1.0 | M?c ??: 13.0
Iuno,Iuno,C?n ti?ng Anh nghi v?n: Iuno | S? t?/c?m nghi v?n: 1 | T? l? nghi v?n: 1.0 | M?c ??: 13.0
Iuno,Iuno,C?n ti?ng Anh nghi v?n: Iuno | S? t?/c?m nghi v?n: 1 | T? l? nghi v?n: 1.0 | M?c ??: 13.0
Ciaccona,Ciaccona,C?n ti?ng Anh nghi v?n: Ciaccona | S? t?/c?m nghi v?n: 1 | T? l? nghi v?n: 1.0 | M?c ??: 13.0
Zani,Zani,C?n ti?ng Anh nghi v?n: Zani | S? t?/c?m nghi v?n: 1 | T? l? nghi v?n: 1.0 | M?c ??: 13.0
Ciaccona,Ciaccona,C?n ti?ng Anh nghi v?n: Ciaccona | S? t?/c?m nghi v?n: 1 | T? l? nghi v?n: 1.0 | M?c ??: 13.0
Zani,Zani,C?n ti?ng Anh nghi v?n: Zani | S? t?/c?m nghi v?n: 1 | T? l? nghi v?n: 1.0 | M?c ??: 13.0
Combo!!,Combo!!,C?n ti?ng Anh nghi v?n: Combo | S? t?/c?m nghi v?n: 1 | T? l? nghi v?n: 1.0 | M?c ??: 13.0
Interact,Interact,C?n ti?ng Anh nghi v?n: Interact | S? t?/c?m nghi v?n: 1 | T? l? nghi v?n: 1.0 | M?c ??: 13.0
Lupa,Lupa,C?n ti?ng Anh nghi v?n: Lupa | S? t?/c?m nghi v?n: 1 | T? l? nghi v?n: 1.0 | M?c ??: 13.0
Cartethyia,Cartethyia,C?n ti?ng Anh nghi v?n: Cartethyia | S? t?/c?m nghi v?n: 1 | T? l? nghi v?n: 1.0 | M?c ??: 13.0
Phrolova,Phrolova,C?n ti?ng Anh nghi v?n: Phrolova | S? t?/c?m nghi v?n: 1 | T? l? nghi v?n: 1.0 | M?c ??: 13.0
Phrolova,Phrolova,C?n ti?ng Anh nghi v?n: Phrolova | S? t?/c?m nghi v?n: 1 | T? l? nghi v?n: 1.0 | M?c ??: 13.0
Rotate,Rotate,C?n ti?ng Anh nghi v?n: Rotate | S? t?/c?m nghi v?n: 1 | T? l? nghi v?n: 1.0 | M?c ??: 13.0
Recall,Recall,C?n ti?ng Anh nghi v?n: Recall | S? t?/c?m nghi v?n: 1 | T? l? nghi v?n: 1.0 | M?c ??: 13.0
Intensity,Intensity,C?n ti?ng Anh nghi v?n: Intensity | S? t?/c?m nghi v?n: 1 | T? l? nghi v?n: 1.0 | M?c ??: 13.0
Brightness,Brightness,C?n ti?ng Anh nghi v?n: Brightness | S? t?/c?m nghi v?n: 1 | T? l? nghi v?n: 1.0 | M?c ??: 13.0
AMD FSR3,AMD FSR3,C?n ti?ng Anh nghi v?n: AMD | S? t?/c?m nghi v?n: 1 | T? l? nghi v?n: 1.0 | M?c ??: 13.0
Combat,Combat,C?n ti?ng Anh nghi v?n: Combat | S? t?/c?m nghi v?n: 1 | T? l? nghi v?n: 1.0 | M?c ??: 13.0
Rotate,Rotate,C?n ti?ng Anh nghi v?n: Rotate | S? t?/c?m nghi v?n: 1 | T? l? nghi v?n: 1.0 | M?c ??: 13.0
Recall,Recall,C?n ti?ng Anh nghi v?n: Recall | S? t?/c?m nghi v?n: 1 | T? l? nghi v?n: 1.0 | M?c ??: 13.0
Prepare,Prepare,C?n ti?ng Anh nghi v?n: Prepare | S? t?/c?m nghi v?n: 1 | T? l? nghi v?n: 1.0 | M?c ??: 13.0
Slot 1,Slot 1,C?n ti?ng Anh nghi v?n: Slot | S? t?/c?m nghi v?n: 1 | T? l? nghi v?n: 1.0 | M?c ??: 13.0
Slot 2,Slot 2,C?n ti?ng Anh nghi v?n: Slot | S? t?/c?m nghi v?n: 1 | T? l? nghi v?n: 1.0 | M?c ??: 13.0
Slot 3,Slot 3,C?n ti?ng Anh nghi v?n: Slot | S? t?/c?m nghi v?n: 1 | T? l? nghi v?n: 1.0 | M?c ??: 13.0
Slot 4,Slot 4,C?n ti?ng Anh nghi v?n: Slot | S? t?/c?m nghi v?n: 1 | T? l? nghi v?n: 1.0 | M?c ??: 13.0
Slot 5,Slot 5,C?n ti?ng Anh nghi v?n: Slot | S? t?/c?m nghi v?n: 1 | T? l? nghi v?n: 1.0 | M?c ??: 13.0
Slot 6,Slot 6,C?n ti?ng Anh nghi v?n: Slot | S? t?/c?m nghi v?n: 1 | T? l? nghi v?n: 1.0 | M?c ??: 13.0
Slot 7,Slot 7,C?n ti?ng Anh nghi v?n: Slot | S? t?/c?m nghi v?n: 1 | T? l? nghi v?n: 1.0 | M?c ??: 13.0
Slot 8,Slot 8,C?n ti?ng Anh nghi v?n: Slot | S? t?/c?m nghi v?n: 1 | T? l? nghi v?n: 1.0 | M?c ??: 13.0
Galbrena,Galbrena,C?n ti?ng Anh nghi v?n: Galbrena | S? t?/c?m nghi v?n: 1 | T? l? nghi v?n: 1.0 | M?c ??: 13.0
Galbrena,Galbrena,C?n ti?ng Anh nghi v?n: Galbrena | S? t?/c?m nghi v?n: 1 | T? l? nghi v?n: 1.0 | M?c ??: 13.0
Qiuyuan,Qiuyuan,C?n ti?ng Anh nghi v?n: Qiuyuan | S? t?/c?m nghi v?n: 1 | T? l? nghi v?n: 1.0 | M?c ??: 13.0
Qiuyuan,Qiuyuan,C?n ti?ng Anh nghi v?n: Qiuyuan | S? t?/c?m nghi v?n: 1 | T? l? nghi v?n: 1.0 | M?c ??: 13.0
Hyvatia,Hyvatia,C?n ti?ng Anh nghi v?n: Hyvatia | S? t?/c?m nghi v?n: 1 | T? l? nghi v?n: 1.0 | M?c ??: 13.0
Sigillum,Sigillum,C?n ti?ng Anh nghi v?n: Sigillum | S? t?/c?m nghi v?n: 1 | T? l? nghi v?n: 1.0 | M?c ??: 13.0
Scar,Scar,C?n ti?ng Anh nghi v?n: Scar | S? t?/c?m nghi v?n: 1 | T? l? nghi v?n: 1.0 | M?c ??: 13.0
Chisa,Chisa,C?n ti?ng Anh nghi v?n: Chisa | S? t?/c?m nghi v?n: 1 | T? l? nghi v?n: 1.0 | M?c ??: 13.0
Photo Studio,Chụp ảnh Studio,C?n ti?ng Anh nghi v?n: Studio | S? t?/c?m nghi v?n: 1 | T? l? nghi v?n: 1.0 | M?c ??: 13.0
Voidspace,Voidspace,C?n ti?ng Anh nghi v?n: Voidspace | S? t?/c?m nghi v?n: 1 | T? l? nghi v?n: 1.0 | M?c ??: 13.0
Aleph-1,Aleph-1,C?n ti?ng Anh nghi v?n: Aleph | S? t?/c?m nghi v?n: 1 | T? l? nghi v?n: 1.0 | M?c ??: 13.0
Keystone,Keystone,C?n ti?ng Anh nghi v?n: Keystone | S? t?/c?m nghi v?n: 1 | T? l? nghi v?n: 1.0 | M?c ??: 13.0
Apply,Apply,C?n ti?ng Anh nghi v?n: Apply | S? t?/c?m nghi v?n: 1 | T? l? nghi v?n: 1.0 | M?c ??: 13.0
Lynae,Lynae,C?n ti?ng Anh nghi v?n: Lynae | S? t?/c?m nghi v?n: 1 | T? l? nghi v?n: 1.0 | M?c ??: 13.0
Mornye,Mornye,C?n ti?ng Anh nghi v?n: Mornye | S? t?/c?m nghi v?n: 1 | T? l? nghi v?n: 1.0 | M?c ??: 13.0
Rampage Level error,Lỗi Cấp Độ Rampage,C?n ti?ng Anh nghi v?n: Rampage | S? t?/c?m nghi v?n: 1 | T? l? nghi v?n: 1.0 | M?c ??: 13.0
Rampage Level error,Lỗi Cấp Độ Rampage,C?n ti?ng Anh nghi v?n: Rampage | S? t?/c?m nghi v?n: 1 | T? l? nghi v?n: 1.0 | M?c ??: 13.0
Rampage Level error,Lỗi Cấp Độ Rampage,C?n ti?ng Anh nghi v?n: Rampage | S? t?/c?m nghi v?n: 1 | T? l? nghi v?n: 1.0 | M?c ??: 13.0
Buling,Buling,C?n ti?ng Anh nghi v?n: Buling | S? t?/c?m nghi v?n: 1 | T? l? nghi v?n: 1.0 | M?c ??: 13.0
Chisa,Chisa,C?n ti?ng Anh nghi v?n: Chisa | S? t?/c?m nghi v?n: 1 | T? l? nghi v?n: 1.0 | M?c ??: 13.0
Buling,Buling,C?n ti?ng Anh nghi v?n: Buling | S? t?/c?m nghi v?n: 1 | T? l? nghi v?n: 1.0 | M?c ??: 13.0
Motorbike,Motorbike,C?n ti?ng Anh nghi v?n: Motorbike | S? t?/c?m nghi v?n: 1 | T? l? nghi v?n: 1.0 | M?c ??: 13.0
Drift,Drift,C?n ti?ng Anh nghi v?n: Drift | S? t?/c?m nghi v?n: 1 | T? l? nghi v?n: 1.0 | M?c ??: 13.0
Bounce Jump,Bounce Nhảy,C?n ti?ng Anh nghi v?n: Bounce | S? t?/c?m nghi v?n: 1 | T? l? nghi v?n: 1.0 | M?c ??: 13.0
Restart,Restart,C?n ti?ng Anh nghi v?n: Restart | S? t?/c?m nghi v?n: 1 | T? l? nghi v?n: 1.0 | M?c ??: 13.0
Drift,Drift,C?n ti?ng Anh nghi v?n: Drift | S? t?/c?m nghi v?n: 1 | T? l? nghi v?n: 1.0 | M?c ??: 13.0
Bounce Jump,Bounce Nhảy,C?n ti?ng Anh nghi v?n: Bounce | S? t?/c?m nghi v?n: 1 | T? l? nghi v?n: 1.0 | M?c ??: 13.0
Boost,Boost,C?n ti?ng Anh nghi v?n: Boost | S? t?/c?m nghi v?n: 1 | T? l? nghi v?n: 1.0 | M?c ??: 13.0
x,x,C?n ti?ng Anh nghi v?n: x | S? t?/c?m nghi v?n: 1 | T? l? nghi v?n: 1.0 | M?c ??: 13.0
Lynae,Lynae,C?n ti?ng Anh nghi v?n: Lynae | S? t?/c?m nghi v?n: 1 | T? l? nghi v?n: 1.0 | M?c ??: 13.0
Mornye,Mornye,C?n ti?ng Anh nghi v?n: Mornye | S? t?/c?m nghi v?n: 1 | T? l? nghi v?n: 1.0 | M?c ??: 13.0
Controller,Controller,C?n ti?ng Anh nghi v?n: Controller | S? t?/c?m nghi v?n: 1 | T? l? nghi v?n: 1.0 | M?c ??: 13.0
(Hold) Skip,(Giữ) Skip,C?n ti?ng Anh nghi v?n: Skip | S? t?/c?m nghi v?n: 1 | T? l? nghi v?n: 1.0 | M?c ??: 13.0
WavesLine,WavesLine,C?n ti?ng Anh nghi v?n: WavesLine | S? t?/c?m nghi v?n: 1 | T? l? nghi v?n: 1.0 | M?c ??: 13.0
Fest Guest: Lynae,Khách mời lễ hội: Lynae,C?n ti?ng Anh nghi v?n: Lynae | S? t?/c?m nghi v?n: 1 | T? l? nghi v?n: 1.0 | M?c ??: 13.0
Fest Guest: Jiyan,Khách mời lễ hội: Jiyan,C?n ti?ng Anh nghi v?n: Jiyan | S? t?/c?m nghi v?n: 1 | T? l? nghi v?n: 1.0 | M?c ??: 13.0
Fest Guest: Cantarella,Khách mời lễ hội: Cantarella,C?n ti?ng Anh nghi v?n: Cantarella | S? t?/c?m nghi v?n: 1 | T? l? nghi v?n: 1.0 | M?c ??: 13.0
Fest Guest: Zani,Khách mời lễ hội: Zani,C?n ti?ng Anh nghi v?n: Zani | S? t?/c?m nghi v?n: 1 | T? l? nghi v?n: 1.0 | M?c ??: 13.0
Fest Guest: Yinlin,Khách mời lễ hội: Yinlin,C?n ti?ng Anh nghi v?n: Yinlin | S? t?/c?m nghi v?n: 1 | T? l? nghi v?n: 1.0 | M?c ??: 13.0
Cancel Tracking,Hủy Tracking,C?n ti?ng Anh nghi v?n: Tracking | S? t?/c?m nghi v?n: 1 | T? l? nghi v?n: 1.0 | M?c ??: 13.0
Claim Rewards,Nhận Rewards,C?n ti?ng Anh nghi v?n: Rewards | S? t?/c?m nghi v?n: 1 | T? l? nghi v?n: 1.0 | M?c ??: 13.0
Abnormal Dopamine Secretion,Tiết dopamine bất thường,C?n ti?ng Anh nghi v?n: dopamine | S? t?/c?m nghi v?n: 1 | T? l? nghi v?n: 1.0 | M?c ??: 13.0
Sylph at Twilight,Sylph lúc chạng vạng,C?n ti?ng Anh nghi v?n: Sylph | S? t?/c?m nghi v?n: 1 | T? l? nghi v?n: 1.0 | M?c ??: 13.0
Waffle Therapy,Liệu pháp Waffle,C?n ti?ng Anh nghi v?n: Waffle | S? t?/c?m nghi v?n: 1 | T? l? nghi v?n: 1.0 | M?c ??: 13.0
Snack Deficit Syndrome,Hội chứng thiếu snack,C?n ti?ng Anh nghi v?n: snack | S? t?/c?m nghi v?n: 1 | T? l? nghi v?n: 1.0 | M?c ??: 13.0
Lucilla,Lucilla,C?n ti?ng Anh nghi v?n: Lucilla | S? t?/c?m nghi v?n: 1 | T? l? nghi v?n: 1.0 | M?c ??: 13.0
Aemeath,Aemeath,C?n ti?ng Anh nghi v?n: Aemeath | S? t?/c?m nghi v?n: 1 | T? l? nghi v?n: 1.0 | M?c ??: 13.0
Draw,Draw,C?n ti?ng Anh nghi v?n: Draw | S? t?/c?m nghi v?n: 1 | T? l? nghi v?n: 1.0 | M?c ??: 13.0
Hyvatia,Hyvatia,C?n ti?ng Anh nghi v?n: Hyvatia | S? t?/c?m nghi v?n: 1 | T? l? nghi v?n: 1.0 | M?c ??: 13.0
Sigillum,Sigillum,C?n ti?ng Anh nghi v?n: Sigillum | S? t?/c?m nghi v?n: 1 | T? l? nghi v?n: 1.0 | M?c ??: 13.0
Sigrika,Sigrika,C?n ti?ng Anh nghi v?n: Sigrika | S? t?/c?m nghi v?n: 1 | T? l? nghi v?n: 1.0 | M?c ??: 13.0
Lucilla,Lucilla,C?n ti?ng Anh nghi v?n: Lucilla | S? t?/c?m nghi v?n: 1 | T? l? nghi v?n: 1.0 | M?c ??: 13.0
Segue,Segue,C?n ti?ng Anh nghi v?n: Segue | S? t?/c?m nghi v?n: 1 | T? l? nghi v?n: 1.0 | M?c ??: 13.0
Dimmr Plains,Đồng Bằng Dimmr,C?n ti?ng Anh nghi v?n: Dimmr | S? t?/c?m nghi v?n: 1 | T? l? nghi v?n: 1.0 | M?c ??: 13.0
Dash,Dash,C?n ti?ng Anh nghi v?n: Dash | S? t?/c?m nghi v?n: 1 | T? l? nghi v?n: 1.0 | M?c ??: 13.0
"""Homebound""","""Homebound""",C?n ti?ng Anh nghi v?n: Homebound | S? t?/c?m nghi v?n: 1 | T? l? nghi v?n: 1.0 | M?c ??: 13.0
"Completed - ""4½""","Completed - ""4½""",C?n ti?ng Anh nghi v?n: Completed | S? t?/c?m nghi v?n: 1 | T? l? nghi v?n: 1.0 | M?c ??: 13.0
Currie,Currie,C?n ti?ng Anh nghi v?n: Currie | S? t?/c?m nghi v?n: 1 | T? l? nghi v?n: 1.0 | M?c ??: 13.0
Rewards already claimed,Rewards đã được nhận,C?n ti?ng Anh nghi v?n: Rewards | S? t?/c?m nghi v?n: 1 | T? l? nghi v?n: 1.0 | M?c ??: 13.0
Scar,Scar,C?n ti?ng Anh nghi v?n: Scar | S? t?/c?m nghi v?n: 1 | T? l? nghi v?n: 1.0 | M?c ??: 13.0
Hongzhen,Hongzhen,C?n ti?ng Anh nghi v?n: Hongzhen | S? t?/c?m nghi v?n: 1 | T? l? nghi v?n: 1.0 | M?c ??: 13.0
Onslaught,Onslaught,C?n ti?ng Anh nghi v?n: Onslaught | S? t?/c?m nghi v?n: 1 | T? l? nghi v?n: 1.0 | M?c ??: 13.0
Coordination,Coordination,C?n ti?ng Anh nghi v?n: Coordination | S? t?/c?m nghi v?n: 1 | T? l? nghi v?n: 1.0 | M?c ??: 13.0
Casualty,Casualty,C?n ti?ng Anh nghi v?n: Casualty | S? t?/c?m nghi v?n: 1 | T? l? nghi v?n: 1.0 | M?c ??: 13.0
Motivation,Motivation,C?n ti?ng Anh nghi v?n: Motivation | S? t?/c?m nghi v?n: 1 | T? l? nghi v?n: 1.0 | M?c ??: 13.0
Confrontation,Confrontation,C?n ti?ng Anh nghi v?n: Confrontation | S? t?/c?m nghi v?n: 1 | T? l? nghi v?n: 1.0 | M?c ??: 13.0
Harmony,Harmony,C?n ti?ng Anh nghi v?n: Harmony | S? t?/c?m nghi v?n: 1 | T? l? nghi v?n: 1.0 | M?c ??: 13.0
Immaculate,Immaculate,C?n ti?ng Anh nghi v?n: Immaculate | S? t?/c?m nghi v?n: 1 | T? l? nghi v?n: 1.0 | M?c ??: 13.0
Clobber,Clobber,C?n ti?ng Anh nghi v?n: Clobber | S? t?/c?m nghi v?n: 1 | T? l? nghi v?n: 1.0 | M?c ??: 13.0
Rumble,Rumble,C?n ti?ng Anh nghi v?n: Rumble | S? t?/c?m nghi v?n: 1 | T? l? nghi v?n: 1.0 | M?c ??: 13.0
Refraction,Refraction,C?n ti?ng Anh nghi v?n: Refraction | S? t?/c?m nghi v?n: 1 | T? l? nghi v?n: 1.0 | M?c ??: 13.0
Accompaniment,Accompaniment,C?n ti?ng Anh nghi v?n: Accompaniment | S? t?/c?m nghi v?n: 1 | T? l? nghi v?n: 1.0 | M?c ??: 13.0
Whirl,Whirl,C?n ti?ng Anh nghi v?n: Whirl | S? t?/c?m nghi v?n: 1 | T? l? nghi v?n: 1.0 | M?c ??: 13.0
Reverberance,Reverberance,C?n ti?ng Anh nghi v?n: Reverberance | S? t?/c?m nghi v?n: 1 | T? l? nghi v?n: 1.0 | M?c ??: 13.0
Blaze,Blaze,C?n ti?ng Anh nghi v?n: Blaze | S? t?/c?m nghi v?n: 1 | T? l? nghi v?n: 1.0 | M?c ??: 13.0
Motivation,Motivation,C?n ti?ng Anh nghi v?n: Motivation | S? t?/c?m nghi v?n: 1 | T? l? nghi v?n: 1.0 | M?c ??: 13.0
Confrontation,Confrontation,C?n ti?ng Anh nghi v?n: Confrontation | S? t?/c?m nghi v?n: 1 | T? l? nghi v?n: 1.0 | M?c ??: 13.0
Immaculate,Immaculate,C?n ti?ng Anh nghi v?n: Immaculate | S? t?/c?m nghi v?n: 1 | T? l? nghi v?n: 1.0 | M?c ??: 13.0
Zeal,Zeal,C?n ti?ng Anh nghi v?n: Zeal | S? t?/c?m nghi v?n: 1 | T? l? nghi v?n: 1.0 | M?c ??: 13.0
Breeze,Breeze,C?n ti?ng Anh nghi v?n: Breeze | S? t?/c?m nghi v?n: 1 | T? l? nghi v?n: 1.0 | M?c ??: 13.0
Harmony,Harmony,C?n ti?ng Anh nghi v?n: Harmony | S? t?/c?m nghi v?n: 1 | T? l? nghi v?n: 1.0 | M?c ??: 13.0
Restart,Restart,C?n ti?ng Anh nghi v?n: Restart | S? t?/c?m nghi v?n: 1 | T? l? nghi v?n: 1.0 | M?c ??: 13.0
Current:,Current:,C?n ti?ng Anh nghi v?n: Current | S? t?/c?m nghi v?n: 1 | T? l? nghi v?n: 1.0 | M?c ??: 13.0
Hedgepuff,Hedgepuff,C?n ti?ng Anh nghi v?n: Hedgepuff | S? t?/c?m nghi v?n: 1 | T? l? nghi v?n: 1.0 | M?c ??: 13.0
Goal 2: Knock over Hoartoise 6 times,Mục tiêu 2: Hất ngã Hoartoise 6 lần,C?n ti?ng Anh nghi v?n: Hoartoise | S? t?/c?m nghi v?n: 1 | T? l? nghi v?n: 1.0 | M?c ??: 13.0
Goal 1: Reach Battle Rank SS,Mục tiêu 1: Đạt Hạng Chiến Đấu SS,C?n ti?ng Anh nghi v?n: SS | S? t?/c?m nghi v?n: 1 | T? l? nghi v?n: 1.0 | M?c ??: 13.0
Goal 3: Be Frozen less than 2 times,Mục tiêu 3: Bị Frozen dưới 2 lần,C?n ti?ng Anh nghi v?n: Frozen | S? t?/c?m nghi v?n: 1 | T? l? nghi v?n: 1.0 | M?c ??: 13.0
Goal 1: Reach Battle Rank S,Mục tiêu 1: Đạt Hạng Chiến Đấu S,C?n ti?ng Anh nghi v?n: S | S? t?/c?m nghi v?n: 1 | T? l? nghi v?n: 1.0 | M?c ??: 13.0
Goal 1: Reach Battle Rank SS,Mục tiêu 1: Đạt Hạng Chiến Đấu SS,C?n ti?ng Anh nghi v?n: SS | S? t?/c?m nghi v?n: 1 | T? l? nghi v?n: 1.0 | M?c ??: 13.0
Goal 1: Reach Battle Rank SS,Mục tiêu 1: Đạt Cấp Chiến Đấu SS,C?n ti?ng Anh nghi v?n: SS | S? t?/c?m nghi v?n: 1 | T? l? nghi v?n: 1.0 | M?c ??: 13.0
Goal 1: Reach Battle Rank SS,Mục tiêu 1: Đạt Hạng Chiến Đấu SS,C?n ti?ng Anh nghi v?n: SS | S? t?/c?m nghi v?n: 1 | T? l? nghi v?n: 1.0 | M?c ??: 13.0
Goal 3: Take less than 10 hits from Sagittario,Mục tiêu 3: Nhận ít hơn 10 đòn từ Sagittario,C?n ti?ng Anh nghi v?n: Sagittario | S? t?/c?m nghi v?n: 1 | T? l? nghi v?n: 1.0 | M?c ??: 13.0
Goal 3: Take less than 10 hits from Sagittario,Mục tiêu 3: Nhận ít hơn 10 đòn từ Sagittario,C?n ti?ng Anh nghi v?n: Sagittario | S? t?/c?m nghi v?n: 1 | T? l? nghi v?n: 1.0 | M?c ??: 13.0
Goal 1: Reach Battle Rank SS,Mục tiêu 1: Đạt Hạng Chiến Đấu SS,C?n ti?ng Anh nghi v?n: SS | S? t?/c?m nghi v?n: 1 | T? l? nghi v?n: 1.0 | M?c ??: 13.0
Goal 1: Reach Battle Rank SS,Mục tiêu 1: Đạt Hạng Chiến Đấu SS,C?n ti?ng Anh nghi v?n: SS | S? t?/c?m nghi v?n: 1 | T? l? nghi v?n: 1.0 | M?c ??: 13.0
Challenge I,Thử thách I,C?n ti?ng Anh nghi v?n: I | S? t?/c?m nghi v?n: 1 | T? l? nghi v?n: 1.0 | M?c ??: 13.0
Challenge II,Thử thách II,C?n ti?ng Anh nghi v?n: II | S? t?/c?m nghi v?n: 1 | T? l? nghi v?n: 1.0 | M?c ??: 13.0
Challenge III,Thử thách III,C?n ti?ng Anh nghi v?n: III | S? t?/c?m nghi v?n: 1 | T? l? nghi v?n: 1.0 | M?c ??: 13.0
Challenge I,Thử thách I,C?n ti?ng Anh nghi v?n: I | S? t?/c?m nghi v?n: 1 | T? l? nghi v?n: 1.0 | M?c ??: 13.0
Challenge II,Thử thách II,C?n ti?ng Anh nghi v?n: II | S? t?/c?m nghi v?n: 1 | T? l? nghi v?n: 1.0 | M?c ??: 13.0
Challenge III,Thử thách III,C?n ti?ng Anh nghi v?n: III | S? t?/c?m nghi v?n: 1 | T? l? nghi v?n: 1.0 | M?c ??: 13.0
Challenge I,Thử thách I,C?n ti?ng Anh nghi v?n: I | S? t?/c?m nghi v?n: 1 | T? l? nghi v?n: 1.0 | M?c ??: 13.0
Challenge II,Thử thách II,C?n ti?ng Anh nghi v?n: II | S? t?/c?m nghi v?n: 1 | T? l? nghi v?n: 1.0 | M?c ??: 13.0
Contamination,Contamination,C?n ti?ng Anh nghi v?n: Contamination | S? t?/c?m nghi v?n: 1 | T? l? nghi v?n: 1.0 | M?c ??: 13.0
None,None,C?n ti?ng Anh nghi v?n: None | S? t?/c?m nghi v?n: 1 | T? l? nghi v?n: 1.0 | M?c ??: 13.0
None,None,C?n ti?ng Anh nghi v?n: None | S? t?/c?m nghi v?n: 1 | T? l? nghi v?n: 1.0 | M?c ??: 13.0
I,I,C?n ti?ng Anh nghi v?n: I | S? t?/c?m nghi v?n: 1 | T? l? nghi v?n: 1.0 | M?c ??: 13.0
II,II,C?n ti?ng Anh nghi v?n: II | S? t?/c?m nghi v?n: 1 | T? l? nghi v?n: 1.0 | M?c ??: 13.0
III,III,C?n ti?ng Anh nghi v?n: III | S? t?/c?m nghi v?n: 1 | T? l? nghi v?n: 1.0 | M?c ??: 13.0
IV,IV,C?n ti?ng Anh nghi v?n: IV | S? t?/c?m nghi v?n: 1 | T? l? nghi v?n: 1.0 | M?c ??: 13.0
V,V,C?n ti?ng Anh nghi v?n: V | S? t?/c?m nghi v?n: 1 | T? l? nghi v?n: 1.0 | M?c ??: 13.0
VII,VII,C?n ti?ng Anh nghi v?n: VII | S? t?/c?m nghi v?n: 1 | T? l? nghi v?n: 1.0 | M?c ??: 13.0
Progress,Progress,C?n ti?ng Anh nghi v?n: Progress | S? t?/c?m nghi v?n: 1 | T? l? nghi v?n: 1.0 | M?c ??: 13.0
Unsheathe,Unsheathe,C?n ti?ng Anh nghi v?n: Unsheathe | S? t?/c?m nghi v?n: 1 | T? l? nghi v?n: 1.0 | M?c ??: 13.0
Rumble,Rumble,C?n ti?ng Anh nghi v?n: Rumble | S? t?/c?m nghi v?n: 1 | T? l? nghi v?n: 1.0 | M?c ??: 13.0
Bladeline,Bladeline,C?n ti?ng Anh nghi v?n: Bladeline | S? t?/c?m nghi v?n: 1 | T? l? nghi v?n: 1.0 | M?c ??: 13.0
Boundless,Boundless,C?n ti?ng Anh nghi v?n: Boundless | S? t?/c?m nghi v?n: 1 | T? l? nghi v?n: 1.0 | M?c ??: 13.0
Motivation,Motivation,C?n ti?ng Anh nghi v?n: Motivation | S? t?/c?m nghi v?n: 1 | T? l? nghi v?n: 1.0 | M?c ??: 13.0
Refraction,Refraction,C?n ti?ng Anh nghi v?n: Refraction | S? t?/c?m nghi v?n: 1 | T? l? nghi v?n: 1.0 | M?c ??: 13.0
Reverberance,Reverberance,C?n ti?ng Anh nghi v?n: Reverberance | S? t?/c?m nghi v?n: 1 | T? l? nghi v?n: 1.0 | M?c ??: 13.0
Breeze,Breeze,C?n ti?ng Anh nghi v?n: Breeze | S? t?/c?m nghi v?n: 1 | T? l? nghi v?n: 1.0 | M?c ??: 13.0
Desolation,Desolation,C?n ti?ng Anh nghi v?n: Desolation | S? t?/c?m nghi v?n: 1 | T? l? nghi v?n: 1.0 | M?c ??: 13.0
Harmony,Harmony,C?n ti?ng Anh nghi v?n: Harmony | S? t?/c?m nghi v?n: 1 | T? l? nghi v?n: 1.0 | M?c ??: 13.0
Overlord Class,Hạng Overlord,C?n ti?ng Anh nghi v?n: Overlord | S? t?/c?m nghi v?n: 1 | T? l? nghi v?n: 1.0 | M?c ??: 13.0
Overlord Class,Hạng Overlord,C?n ti?ng Anh nghi v?n: Overlord | S? t?/c?m nghi v?n: 1 | T? l? nghi v?n: 1.0 | M?c ??: 13.0
Burst Light of Destruction,Light Phá Hủy Bùng Nổ,C?n ti?ng Anh nghi v?n: Light | S? t?/c?m nghi v?n: 1 | T? l? nghi v?n: 1.0 | M?c ??: 13.0
Beyond the Crimson Curtain,Beyond Bức Màn Đỏ Thẫm,C?n ti?ng Anh nghi v?n: Beyond | S? t?/c?m nghi v?n: 1 | T? l? nghi v?n: 1.0 | M?c ??: 13.0
Garden of Salvation,Garden Cứu Rỗi,C?n ti?ng Anh nghi v?n: Garden | S? t?/c?m nghi v?n: 1 | T? l? nghi v?n: 1.0 | M?c ??: 13.0
Garden of Adoration,Garden Ngưỡng Mộ,C?n ti?ng Anh nghi v?n: Garden | S? t?/c?m nghi v?n: 1 | T? l? nghi v?n: 1.0 | M?c ??: 13.0
Avinoleum,Avinoleum,C?n ti?ng Anh nghi v?n: Avinoleum | S? t?/c?m nghi v?n: 1 | T? l? nghi v?n: 1.0 | M?c ??: 13.0
Hall of Swordsmanship: Ruins,Đại Sảnh Kiếm Thuật: Ruins,C?n ti?ng Anh nghi v?n: Ruins | S? t?/c?m nghi v?n: 1 | T? l? nghi v?n: 1.0 | M?c ??: 13.0
Lorelei,Lorelei,C?n ti?ng Anh nghi v?n: Lorelei | S? t?/c?m nghi v?n: 1 | T? l? nghi v?n: 1.0 | M?c ??: 13.0
Fenrico,Fenrico,C?n ti?ng Anh nghi v?n: Fenrico | S? t?/c?m nghi v?n: 1 | T? l? nghi v?n: 1.0 | M?c ??: 13.0
Hyvatia,Hyvatia,C?n ti?ng Anh nghi v?n: Hyvatia | S? t?/c?m nghi v?n: 1 | T? l? nghi v?n: 1.0 | M?c ??: 13.0
Bakie,Bakie,C?n ti?ng Anh nghi v?n: Bakie | S? t?/c?m nghi v?n: 1 | T? l? nghi v?n: 1.0 | M?c ??: 13.0
Mercurio,Mercurio,C?n ti?ng Anh nghi v?n: Mercurio | S? t?/c?m nghi v?n: 1 | T? l? nghi v?n: 1.0 | M?c ??: 13.0
Lario,Lario,C?n ti?ng Anh nghi v?n: Lario | S? t?/c?m nghi v?n: 1 | T? l? nghi v?n: 1.0 | M?c ??: 13.0
Gondola,Gondola,C?n ti?ng Anh nghi v?n: Gondola | S? t?/c?m nghi v?n: 1 | T? l? nghi v?n: 1.0 | M?c ??: 13.0
Lucerna,Lucerna,C?n ti?ng Anh nghi v?n: Lucerna | S? t?/c?m nghi v?n: 1 | T? l? nghi v?n: 1.0 | M?c ??: 13.0
Tubpup,Tubpup,C?n ti?ng Anh nghi v?n: Tubpup | S? t?/c?m nghi v?n: 1 | T? l? nghi v?n: 1.0 | M?c ??: 13.0
Thunderclap,Thunderclap,C?n ti?ng Anh nghi v?n: Thunderclap | S? t?/c?m nghi v?n: 1 | T? l? nghi v?n: 1.0 | M?c ??: 13.0
Crownless,Crownless,C?n ti?ng Anh nghi v?n: Crownless | S? t?/c?m nghi v?n: 1 | T? l? nghi v?n: 1.0 | M?c ??: 13.0
Lightcrusher,Lightcrusher,C?n ti?ng Anh nghi v?n: Lightcrusher | S? t?/c?m nghi v?n: 1 | T? l? nghi v?n: 1.0 | M?c ??: 13.0
No Supported Cube,Không Có Cube Được Hỗ Trợ,C?n ti?ng Anh nghi v?n: Cube | S? t?/c?m nghi v?n: 1 | T? l? nghi v?n: 1.0 | M?c ??: 13.0
Group A GS - 1st Half,Bảng A Vòng bảng - Hiệp 1,C?n ti?ng Anh nghi v?n: A | S? t?/c?m nghi v?n: 1 | T? l? nghi v?n: 1.0 | M?c ??: 13.0
Group A GS - 2nd Half,Bảng A Vòng bảng - Hiệp 2,C?n ti?ng Anh nghi v?n: A | S? t?/c?m nghi v?n: 1 | T? l? nghi v?n: 1.0 | M?c ??: 13.0
Group A QF - 1st Half,Bảng A Tứ kết - Hiệp 1,C?n ti?ng Anh nghi v?n: A | S? t?/c?m nghi v?n: 1 | T? l? nghi v?n: 1.0 | M?c ??: 13.0
Group A QF - 2nd Half,Bảng A Tứ kết - Hiệp 2,C?n ti?ng Anh nghi v?n: A | S? t?/c?m nghi v?n: 1 | T? l? nghi v?n: 1.0 | M?c ??: 13.0
Group B GS - 1st Half,Bảng B Vòng bảng - Hiệp 1,C?n ti?ng Anh nghi v?n: B | S? t?/c?m nghi v?n: 1 | T? l? nghi v?n: 1.0 | M?c ??: 13.0
