en_source,vn_translate,loi_du_doan
Adentus,Adentus,C?n ti?ng Anh nghi v?n: Adentus | S? t?/c?m nghi v?n: 1 | T? l? nghi v?n: 1.0 | M?c ??: 13.0
Jalette,Jalette,C?n ti?ng Anh nghi v?n: Jalette | S? t?/c?m nghi v?n: 1 | T? l? nghi v?n: 1.0 | M?c ??: 13.0
Chevi,Chevi,C?n ti?ng Anh nghi v?n: Chevi | S? t?/c?m nghi v?n: 1 | T? l? nghi v?n: 1.0 | M?c ??: 13.0
Raisa,Raisa,C?n ti?ng Anh nghi v?n: Raisa | S? t?/c?m nghi v?n: 1 | T? l? nghi v?n: 1.0 | M?c ??: 13.0
Francesca,Francesca,C?n ti?ng Anh nghi v?n: Francesca | S? t?/c?m nghi v?n: 1 | T? l? nghi v?n: 1.0 | M?c ??: 13.0
Dungeon 88,Dungeon 88,C?n ti?ng Anh nghi v?n: Dungeon | S? t?/c?m nghi v?n: 1 | T? l? nghi v?n: 1.0 | M?c ??: 13.0
Dianran,Dianran,C?n ti?ng Anh nghi v?n: Dianran | S? t?/c?m nghi v?n: 1 | T? l? nghi v?n: 1.0 | M?c ??: 13.0
Dorothy,Dorothy,C?n ti?ng Anh nghi v?n: Dorothy | S? t?/c?m nghi v?n: 1 | T? l? nghi v?n: 1.0 | M?c ??: 13.0
Tinghang,Tinghang,C?n ti?ng Anh nghi v?n: Tinghang | S? t?/c?m nghi v?n: 1 | T? l? nghi v?n: 1.0 | M?c ??: 13.0
Onyeka,Onyeka,C?n ti?ng Anh nghi v?n: Onyeka | S? t?/c?m nghi v?n: 1 | T? l? nghi v?n: 1.0 | M?c ??: 13.0
Haden,Haden,C?n ti?ng Anh nghi v?n: Haden | S? t?/c?m nghi v?n: 1 | T? l? nghi v?n: 1.0 | M?c ??: 13.0
Luther,Luther,C?n ti?ng Anh nghi v?n: Luther | S? t?/c?m nghi v?n: 1 | T? l? nghi v?n: 1.0 | M?c ??: 13.0
Professor Bohr,Giáo sư Bohr,C?n ti?ng Anh nghi v?n: Bohr | S? t?/c?m nghi v?n: 1 | T? l? nghi v?n: 1.0 | M?c ??: 13.0
Hebenon,Hebenon,C?n ti?ng Anh nghi v?n: Hebenon | S? t?/c?m nghi v?n: 1 | T? l? nghi v?n: 1.0 | M?c ??: 13.0
Raji,Raji,C?n ti?ng Anh nghi v?n: Raji | S? t?/c?m nghi v?n: 1 | T? l? nghi v?n: 1.0 | M?c ??: 13.0
Caltore,Caltore,C?n ti?ng Anh nghi v?n: Caltore | S? t?/c?m nghi v?n: 1 | T? l? nghi v?n: 1.0 | M?c ??: 13.0
Sodrigo,Sodrigo,C?n ti?ng Anh nghi v?n: Sodrigo | S? t?/c?m nghi v?n: 1 | T? l? nghi v?n: 1.0 | M?c ??: 13.0
placeholder,placeholder,C?n ti?ng Anh nghi v?n: placeholder | S? t?/c?m nghi v?n: 1 | T? l? nghi v?n: 1.0 | M?c ??: 13.0
Gianluca,Gianluca,C?n ti?ng Anh nghi v?n: Gianluca | S? t?/c?m nghi v?n: 1 | T? l? nghi v?n: 1.0 | M?c ??: 13.0
Jellyrose,Jellyrose,C?n ti?ng Anh nghi v?n: Jellyrose | S? t?/c?m nghi v?n: 1 | T? l? nghi v?n: 1.0 | M?c ??: 13.0
Yuhe,Yuhe,C?n ti?ng Anh nghi v?n: Yuhe | S? t?/c?m nghi v?n: 1 | T? l? nghi v?n: 1.0 | M?c ??: 13.0
Phineas,Phineas,C?n ti?ng Anh nghi v?n: Phineas | S? t?/c?m nghi v?n: 1 | T? l? nghi v?n: 1.0 | M?c ??: 13.0
Sword Acorus,Kiếm Acorus,C?n ti?ng Anh nghi v?n: Acorus | S? t?/c?m nghi v?n: 1 | T? l? nghi v?n: 1.0 | M?c ??: 13.0
Tricolor,Tricolor,C?n ti?ng Anh nghi v?n: Tricolor | S? t?/c?m nghi v?n: 1 | T? l? nghi v?n: 1.0 | M?c ??: 13.0
Darius,Darius,C?n ti?ng Anh nghi v?n: Darius | S? t?/c?m nghi v?n: 1 | T? l? nghi v?n: 1.0 | M?c ??: 13.0
Nicole,Nicole,C?n ti?ng Anh nghi v?n: Nicole | S? t?/c?m nghi v?n: 1 | T? l? nghi v?n: 1.0 | M?c ??: 13.0
Berson,Berson,C?n ti?ng Anh nghi v?n: Berson | S? t?/c?m nghi v?n: 1 | T? l? nghi v?n: 1.0 | M?c ??: 13.0
placeholder,placeholder,C?n ti?ng Anh nghi v?n: placeholder | S? t?/c?m nghi v?n: 1 | T? l? nghi v?n: 1.0 | M?c ??: 13.0
Qingshu,Qingshu,C?n ti?ng Anh nghi v?n: Qingshu | S? t?/c?m nghi v?n: 1 | T? l? nghi v?n: 1.0 | M?c ??: 13.0
Continue Exploration,Tiếp tục Exploration,C?n ti?ng Anh nghi v?n: Exploration | S? t?/c?m nghi v?n: 1 | T? l? nghi v?n: 1.0 | M?c ??: 13.0
Malik,Malik,C?n ti?ng Anh nghi v?n: Malik | S? t?/c?m nghi v?n: 1 | T? l? nghi v?n: 1.0 | M?c ??: 13.0
"""Old Captain"" Davide","""Thuyền Trưởng Già"" Davide",C?n ti?ng Anh nghi v?n: Davide | S? t?/c?m nghi v?n: 1 | T? l? nghi v?n: 1.0 | M?c ??: 13.0
Illusia,Illusia,C?n ti?ng Anh nghi v?n: Illusia | S? t?/c?m nghi v?n: 1 | T? l? nghi v?n: 1.0 | M?c ??: 13.0
Missoula,Missoula,C?n ti?ng Anh nghi v?n: Missoula | S? t?/c?m nghi v?n: 1 | T? l? nghi v?n: 1.0 | M?c ??: 13.0
Obelisk,Obelisk,C?n ti?ng Anh nghi v?n: Obelisk | S? t?/c?m nghi v?n: 1 | T? l? nghi v?n: 1.0 | M?c ??: 13.0
Memo,Memo,C?n ti?ng Anh nghi v?n: Memo | S? t?/c?m nghi v?n: 1 | T? l? nghi v?n: 1.0 | M?c ??: 13.0
Lemongrass,Lemongrass,C?n ti?ng Anh nghi v?n: Lemongrass | S? t?/c?m nghi v?n: 1 | T? l? nghi v?n: 1.0 | M?c ??: 13.0
Gondola Market,Chợ Gondola,C?n ti?ng Anh nghi v?n: Gondola | S? t?/c?m nghi v?n: 1 | T? l? nghi v?n: 1.0 | M?c ??: 13.0
Sagittario,Sagittario,C?n ti?ng Anh nghi v?n: Sagittario | S? t?/c?m nghi v?n: 1 | T? l? nghi v?n: 1.0 | M?c ??: 13.0
Bella,Bella,C?n ti?ng Anh nghi v?n: Bella | S? t?/c?m nghi v?n: 1 | T? l? nghi v?n: 1.0 | M?c ??: 13.0
Pierrot,Pierrot,C?n ti?ng Anh nghi v?n: Pierrot | S? t?/c?m nghi v?n: 1 | T? l? nghi v?n: 1.0 | M?c ??: 13.0
Larylus,Larylus,C?n ti?ng Anh nghi v?n: Larylus | S? t?/c?m nghi v?n: 1 | T? l? nghi v?n: 1.0 | M?c ??: 13.0
Jinyue,Jinyue,C?n ti?ng Anh nghi v?n: Jinyue | S? t?/c?m nghi v?n: 1 | T? l? nghi v?n: 1.0 | M?c ??: 13.0
Fjordheim,Fjordheim,C?n ti?ng Anh nghi v?n: Fjordheim | S? t?/c?m nghi v?n: 1 | T? l? nghi v?n: 1.0 | M?c ??: 13.0
Eleazar,Eleazar,C?n ti?ng Anh nghi v?n: Eleazar | S? t?/c?m nghi v?n: 1 | T? l? nghi v?n: 1.0 | M?c ??: 13.0
Ivor,Ivor,C?n ti?ng Anh nghi v?n: Ivor | S? t?/c?m nghi v?n: 1 | T? l? nghi v?n: 1.0 | M?c ??: 13.0
Chat,Chat,C?n ti?ng Anh nghi v?n: Chat | S? t?/c?m nghi v?n: 1 | T? l? nghi v?n: 1.0 | M?c ??: 13.0
Firus,Firus,C?n ti?ng Anh nghi v?n: Firus | S? t?/c?m nghi v?n: 1 | T? l? nghi v?n: 1.0 | M?c ??: 13.0
Feed,Feed,C?n ti?ng Anh nghi v?n: Feed | S? t?/c?m nghi v?n: 1 | T? l? nghi v?n: 1.0 | M?c ??: 13.0
Helsing,Helsing,C?n ti?ng Anh nghi v?n: Helsing | S? t?/c?m nghi v?n: 1 | T? l? nghi v?n: 1.0 | M?c ??: 13.0
Ernst,Ernst,C?n ti?ng Anh nghi v?n: Ernst | S? t?/c?m nghi v?n: 1 | T? l? nghi v?n: 1.0 | M?c ??: 13.0
Lady,Lady,C?n ti?ng Anh nghi v?n: Lady | S? t?/c?m nghi v?n: 1 | T? l? nghi v?n: 1.0 | M?c ??: 13.0
Chengshi,Chengshi,C?n ti?ng Anh nghi v?n: Chengshi | S? t?/c?m nghi v?n: 1 | T? l? nghi v?n: 1.0 | M?c ??: 13.0
Asa,Asa,C?n ti?ng Anh nghi v?n: Asa | S? t?/c?m nghi v?n: 1 | T? l? nghi v?n: 1.0 | M?c ??: 13.0
Rogate,Rogate,C?n ti?ng Anh nghi v?n: Rogate | S? t?/c?m nghi v?n: 1 | T? l? nghi v?n: 1.0 | M?c ??: 13.0
Zeyuan,Zeyuan,C?n ti?ng Anh nghi v?n: Zeyuan | S? t?/c?m nghi v?n: 1 | T? l? nghi v?n: 1.0 | M?c ??: 13.0
Wenmao,Wenmao,C?n ti?ng Anh nghi v?n: Wenmao | S? t?/c?m nghi v?n: 1 | T? l? nghi v?n: 1.0 | M?c ??: 13.0
Mingming,Mingming,C?n ti?ng Anh nghi v?n: Mingming | S? t?/c?m nghi v?n: 1 | T? l? nghi v?n: 1.0 | M?c ??: 13.0
Jiuyue,Jiuyue,C?n ti?ng Anh nghi v?n: Jiuyue | S? t?/c?m nghi v?n: 1 | T? l? nghi v?n: 1.0 | M?c ??: 13.0
Katvia,Katvia,C?n ti?ng Anh nghi v?n: Katvia | S? t?/c?m nghi v?n: 1 | T? l? nghi v?n: 1.0 | M?c ??: 13.0
Peattie,Peattie,C?n ti?ng Anh nghi v?n: Peattie | S? t?/c?m nghi v?n: 1 | T? l? nghi v?n: 1.0 | M?c ??: 13.0
Matheus,Matheus,C?n ti?ng Anh nghi v?n: Matheus | S? t?/c?m nghi v?n: 1 | T? l? nghi v?n: 1.0 | M?c ??: 13.0
Gayer,Gayer,C?n ti?ng Anh nghi v?n: Gayer | S? t?/c?m nghi v?n: 1 | T? l? nghi v?n: 1.0 | M?c ??: 13.0
Lampylumen,Lampylumen,C?n ti?ng Anh nghi v?n: Lampylumen | S? t?/c?m nghi v?n: 1 | T? l? nghi v?n: 1.0 | M?c ??: 13.0
Luoluo,Luoluo,C?n ti?ng Anh nghi v?n: Luoluo | S? t?/c?m nghi v?n: 1 | T? l? nghi v?n: 1.0 | M?c ??: 13.0
[Lollo Campaign] Overview,[Lollo Campaign] Overview,C?n ti?ng Anh nghi v?n: Overview | S? t?/c?m nghi v?n: 1 | T? l? nghi v?n: 1.0 | M?c ??: 13.0
Miriam,Miriam,C?n ti?ng Anh nghi v?n: Miriam | S? t?/c?m nghi v?n: 1 | T? l? nghi v?n: 1.0 | M?c ??: 13.0
Research Records of Dollmaker,Hồ Sơ Nghiên Cứu Của Dollmaker,C?n ti?ng Anh nghi v?n: Dollmaker | S? t?/c?m nghi v?n: 1 | T? l? nghi v?n: 1.0 | M?c ??: 13.0
Touch,Touch,C?n ti?ng Anh nghi v?n: Touch | S? t?/c?m nghi v?n: 1 | T? l? nghi v?n: 1.0 | M?c ??: 13.0
Jinlan,Jinlan,C?n ti?ng Anh nghi v?n: Jinlan | S? t?/c?m nghi v?n: 1 | T? l? nghi v?n: 1.0 | M?c ??: 13.0
Frost,Frost,C?n ti?ng Anh nghi v?n: Frost | S? t?/c?m nghi v?n: 1 | T? l? nghi v?n: 1.0 | M?c ??: 13.0
Graenada,Graenada,C?n ti?ng Anh nghi v?n: Graenada | S? t?/c?m nghi v?n: 1 | T? l? nghi v?n: 1.0 | M?c ??: 13.0
Edelschnee,Edelschnee,C?n ti?ng Anh nghi v?n: Edelschnee | S? t?/c?m nghi v?n: 1 | T? l? nghi v?n: 1.0 | M?c ??: 13.0
Inspect,Inspect,C?n ti?ng Anh nghi v?n: Inspect | S? t?/c?m nghi v?n: 1 | T? l? nghi v?n: 1.0 | M?c ??: 13.0
Ablyon,Ablyon,C?n ti?ng Anh nghi v?n: Ablyon | S? t?/c?m nghi v?n: 1 | T? l? nghi v?n: 1.0 | M?c ??: 13.0
Samousas,Samousas,C?n ti?ng Anh nghi v?n: Samousas | S? t?/c?m nghi v?n: 1 | T? l? nghi v?n: 1.0 | M?c ??: 13.0
Chat,Chat,C?n ti?ng Anh nghi v?n: Chat | S? t?/c?m nghi v?n: 1 | T? l? nghi v?n: 1.0 | M?c ??: 13.0
Xuanxuan,Xuanxuan,C?n ti?ng Anh nghi v?n: Xuanxuan | S? t?/c?m nghi v?n: 1 | T? l? nghi v?n: 1.0 | M?c ??: 13.0
Baptiste,Baptiste,C?n ti?ng Anh nghi v?n: Baptiste | S? t?/c?m nghi v?n: 1 | T? l? nghi v?n: 1.0 | M?c ??: 13.0
Xiangning,Xiangning,C?n ti?ng Anh nghi v?n: Xiangning | S? t?/c?m nghi v?n: 1 | T? l? nghi v?n: 1.0 | M?c ??: 13.0
Denia,Denia,C?n ti?ng Anh nghi v?n: Denia | S? t?/c?m nghi v?n: 1 | T? l? nghi v?n: 1.0 | M?c ??: 13.0
Mortefi,Mortefi,C?n ti?ng Anh nghi v?n: Mortefi | S? t?/c?m nghi v?n: 1 | T? l? nghi v?n: 1.0 | M?c ??: 13.0
Petrah,Petrah,C?n ti?ng Anh nghi v?n: Petrah | S? t?/c?m nghi v?n: 1 | T? l? nghi v?n: 1.0 | M?c ??: 13.0
Play the piano,Chơi đàn piano,C?n ti?ng Anh nghi v?n: piano | S? t?/c?m nghi v?n: 1 | T? l? nghi v?n: 1.0 | M?c ??: 13.0
"""Minghu""","""Minghu""",C?n ti?ng Anh nghi v?n: Minghu | S? t?/c?m nghi v?n: 1 | T? l? nghi v?n: 1.0 | M?c ??: 13.0
Pudding,Pudding,C?n ti?ng Anh nghi v?n: Pudding | S? t?/c?m nghi v?n: 1 | T? l? nghi v?n: 1.0 | M?c ??: 13.0
Enzo,Enzo,C?n ti?ng Anh nghi v?n: Enzo | S? t?/c?m nghi v?n: 1 | T? l? nghi v?n: 1.0 | M?c ??: 13.0
Cook,Cook,C?n ti?ng Anh nghi v?n: Cook | S? t?/c?m nghi v?n: 1 | T? l? nghi v?n: 1.0 | M?c ??: 13.0
Aubrey,Aubrey,C?n ti?ng Anh nghi v?n: Aubrey | S? t?/c?m nghi v?n: 1 | T? l? nghi v?n: 1.0 | M?c ??: 13.0
Eudokia,Eudokia,C?n ti?ng Anh nghi v?n: Eudokia | S? t?/c?m nghi v?n: 1 | T? l? nghi v?n: 1.0 | M?c ??: 13.0
Jules,Jules,C?n ti?ng Anh nghi v?n: Jules | S? t?/c?m nghi v?n: 1 | T? l? nghi v?n: 1.0 | M?c ??: 13.0
Claud,Claud,C?n ti?ng Anh nghi v?n: Claud | S? t?/c?m nghi v?n: 1 | T? l? nghi v?n: 1.0 | M?c ??: 13.0
Althea,Althea,C?n ti?ng Anh nghi v?n: Althea | S? t?/c?m nghi v?n: 1 | T? l? nghi v?n: 1.0 | M?c ??: 13.0
Heying,Heying,C?n ti?ng Anh nghi v?n: Heying | S? t?/c?m nghi v?n: 1 | T? l? nghi v?n: 1.0 | M?c ??: 13.0
placeholder,placeholder,C?n ti?ng Anh nghi v?n: placeholder | S? t?/c?m nghi v?n: 1 | T? l? nghi v?n: 1.0 | M?c ??: 13.0
Petrova,Petrova,C?n ti?ng Anh nghi v?n: Petrova | S? t?/c?m nghi v?n: 1 | T? l? nghi v?n: 1.0 | M?c ??: 13.0
Eveflitter,Eveflitter,C?n ti?ng Anh nghi v?n: Eveflitter | S? t?/c?m nghi v?n: 1 | T? l? nghi v?n: 1.0 | M?c ??: 13.0
Xingfeng,Xingfeng,C?n ti?ng Anh nghi v?n: Xingfeng | S? t?/c?m nghi v?n: 1 | T? l? nghi v?n: 1.0 | M?c ??: 13.0
Jinghua,Jinghua,C?n ti?ng Anh nghi v?n: Jinghua | S? t?/c?m nghi v?n: 1 | T? l? nghi v?n: 1.0 | M?c ??: 13.0
Ria,Ria,C?n ti?ng Anh nghi v?n: Ria | S? t?/c?m nghi v?n: 1 | T? l? nghi v?n: 1.0 | M?c ??: 13.0
Transporter,Transporter,C?n ti?ng Anh nghi v?n: Transporter | S? t?/c?m nghi v?n: 1 | T? l? nghi v?n: 1.0 | M?c ??: 13.0
Lambier,Lambier,C?n ti?ng Anh nghi v?n: Lambier | S? t?/c?m nghi v?n: 1 | T? l? nghi v?n: 1.0 | M?c ??: 13.0
Samp,Samp,C?n ti?ng Anh nghi v?n: Samp | S? t?/c?m nghi v?n: 1 | T? l? nghi v?n: 1.0 | M?c ??: 13.0
Aluna,Aluna,C?n ti?ng Anh nghi v?n: Aluna | S? t?/c?m nghi v?n: 1 | T? l? nghi v?n: 1.0 | M?c ??: 13.0
Hermilia,Hermilia,C?n ti?ng Anh nghi v?n: Hermilia | S? t?/c?m nghi v?n: 1 | T? l? nghi v?n: 1.0 | M?c ??: 13.0
Joanne,Joanne,C?n ti?ng Anh nghi v?n: Joanne | S? t?/c?m nghi v?n: 1 | T? l? nghi v?n: 1.0 | M?c ??: 13.0
Craft,Craft,C?n ti?ng Anh nghi v?n: Craft | S? t?/c?m nghi v?n: 1 | T? l? nghi v?n: 1.0 | M?c ??: 13.0
Wunian,Wunian,C?n ti?ng Anh nghi v?n: Wunian | S? t?/c?m nghi v?n: 1 | T? l? nghi v?n: 1.0 | M?c ??: 13.0
Ariosto,Ariosto,C?n ti?ng Anh nghi v?n: Ariosto | S? t?/c?m nghi v?n: 1 | T? l? nghi v?n: 1.0 | M?c ??: 13.0
Eirny,Eirny,C?n ti?ng Anh nghi v?n: Eirny | S? t?/c?m nghi v?n: 1 | T? l? nghi v?n: 1.0 | M?c ??: 13.0
Shaper,Shaper,C?n ti?ng Anh nghi v?n: Shaper | S? t?/c?m nghi v?n: 1 | T? l? nghi v?n: 1.0 | M?c ??: 13.0
Sebastian,Sebastian,C?n ti?ng Anh nghi v?n: Sebastian | S? t?/c?m nghi v?n: 1 | T? l? nghi v?n: 1.0 | M?c ??: 13.0
Historian,Historian,C?n ti?ng Anh nghi v?n: Historian | S? t?/c?m nghi v?n: 1 | T? l? nghi v?n: 1.0 | M?c ??: 13.0
Theo,Theo,C?n ti?ng Anh nghi v?n: Theo | S? t?/c?m nghi v?n: 1 | T? l? nghi v?n: 1.0 | M?c ??: 13.0
Julian,Julian,C?n ti?ng Anh nghi v?n: Julian | S? t?/c?m nghi v?n: 1 | T? l? nghi v?n: 1.0 | M?c ??: 13.0
Aerius,Aerius,C?n ti?ng Anh nghi v?n: Aerius | S? t?/c?m nghi v?n: 1 | T? l? nghi v?n: 1.0 | M?c ??: 13.0
Qingning,Qingning,C?n ti?ng Anh nghi v?n: Qingning | S? t?/c?m nghi v?n: 1 | T? l? nghi v?n: 1.0 | M?c ??: 13.0
Mural,Mural,C?n ti?ng Anh nghi v?n: Mural | S? t?/c?m nghi v?n: 1 | T? l? nghi v?n: 1.0 | M?c ??: 13.0
Fuling,Fuling,C?n ti?ng Anh nghi v?n: Fuling | S? t?/c?m nghi v?n: 1 | T? l? nghi v?n: 1.0 | M?c ??: 13.0
Barnaby,Barnaby,C?n ti?ng Anh nghi v?n: Barnaby | S? t?/c?m nghi v?n: 1 | T? l? nghi v?n: 1.0 | M?c ??: 13.0
Chellin,Chellin,C?n ti?ng Anh nghi v?n: Chellin | S? t?/c?m nghi v?n: 1 | T? l? nghi v?n: 1.0 | M?c ??: 13.0
Exoswarm encased in ice,Exoswarm bị đóng băng,C?n ti?ng Anh nghi v?n: Exoswarm | S? t?/c?m nghi v?n: 1 | T? l? nghi v?n: 1.0 | M?c ??: 13.0
Overdash Researcher,Nhà nghiên cứu Overdash,C?n ti?ng Anh nghi v?n: Overdash | S? t?/c?m nghi v?n: 1 | T? l? nghi v?n: 1.0 | M?c ??: 13.0
Firework,Firework,C?n ti?ng Anh nghi v?n: Firework | S? t?/c?m nghi v?n: 1 | T? l? nghi v?n: 1.0 | M?c ??: 13.0
Memory of Endgame,Ký ức Endgame,C?n ti?ng Anh nghi v?n: Endgame | S? t?/c?m nghi v?n: 1 | T? l? nghi v?n: 1.0 | M?c ??: 13.0
Pyak,Pyak,C?n ti?ng Anh nghi v?n: Pyak | S? t?/c?m nghi v?n: 1 | T? l? nghi v?n: 1.0 | M?c ??: 13.0
Wutheride Transmitter_Group,Wutheride Transmitter_Group,C?n ti?ng Anh nghi v?n: Wutheride | S? t?/c?m nghi v?n: 1 | T? l? nghi v?n: 1.0 | M?c ??: 13.0
Soliskin,Soliskin,C?n ti?ng Anh nghi v?n: Soliskin | S? t?/c?m nghi v?n: 1 | T? l? nghi v?n: 1.0 | M?c ??: 13.0
Salome,Salome,C?n ti?ng Anh nghi v?n: Salome | S? t?/c?m nghi v?n: 1 | T? l? nghi v?n: 1.0 | M?c ??: 13.0
Haley,Haley,C?n ti?ng Anh nghi v?n: Haley | S? t?/c?m nghi v?n: 1 | T? l? nghi v?n: 1.0 | M?c ??: 13.0
Matson,Matson,C?n ti?ng Anh nghi v?n: Matson | S? t?/c?m nghi v?n: 1 | T? l? nghi v?n: 1.0 | M?c ??: 13.0
Zuryka,Zuryka,C?n ti?ng Anh nghi v?n: Zuryka | S? t?/c?m nghi v?n: 1 | T? l? nghi v?n: 1.0 | M?c ??: 13.0
Sher,Sher,C?n ti?ng Anh nghi v?n: Sher | S? t?/c?m nghi v?n: 1 | T? l? nghi v?n: 1.0 | M?c ??: 13.0
Intern,Intern,C?n ti?ng Anh nghi v?n: Intern | S? t?/c?m nghi v?n: 1 | T? l? nghi v?n: 1.0 | M?c ??: 13.0
Elevator,Elevator,C?n ti?ng Anh nghi v?n: Elevator | S? t?/c?m nghi v?n: 1 | T? l? nghi v?n: 1.0 | M?c ??: 13.0
Jeremy,Jeremy,C?n ti?ng Anh nghi v?n: Jeremy | S? t?/c?m nghi v?n: 1 | T? l? nghi v?n: 1.0 | M?c ??: 13.0
Feed,Feed,C?n ti?ng Anh nghi v?n: Feed | S? t?/c?m nghi v?n: 1 | T? l? nghi v?n: 1.0 | M?c ??: 13.0
Lefur,Lefur,C?n ti?ng Anh nghi v?n: Lefur | S? t?/c?m nghi v?n: 1 | T? l? nghi v?n: 1.0 | M?c ??: 13.0
Hamm,Hamm,C?n ti?ng Anh nghi v?n: Hamm | S? t?/c?m nghi v?n: 1 | T? l? nghi v?n: 1.0 | M?c ??: 13.0
Maher,Maher,C?n ti?ng Anh nghi v?n: Maher | S? t?/c?m nghi v?n: 1 | T? l? nghi v?n: 1.0 | M?c ??: 13.0
Xinping,Xinping,C?n ti?ng Anh nghi v?n: Xinping | S? t?/c?m nghi v?n: 1 | T? l? nghi v?n: 1.0 | M?c ??: 13.0
Qingzhou,Qingzhou,C?n ti?ng Anh nghi v?n: Qingzhou | S? t?/c?m nghi v?n: 1 | T? l? nghi v?n: 1.0 | M?c ??: 13.0
Leda,Leda,C?n ti?ng Anh nghi v?n: Leda | S? t?/c?m nghi v?n: 1 | T? l? nghi v?n: 1.0 | M?c ??: 13.0
Halvad,Halvad,C?n ti?ng Anh nghi v?n: Halvad | S? t?/c?m nghi v?n: 1 | T? l? nghi v?n: 1.0 | M?c ??: 13.0
Stav,Stav,C?n ti?ng Anh nghi v?n: Stav | S? t?/c?m nghi v?n: 1 | T? l? nghi v?n: 1.0 | M?c ??: 13.0
Zhixiu,Zhixiu,C?n ti?ng Anh nghi v?n: Zhixiu | S? t?/c?m nghi v?n: 1 | T? l? nghi v?n: 1.0 | M?c ??: 13.0
Mechascout,Mechascout,C?n ti?ng Anh nghi v?n: Mechascout | S? t?/c?m nghi v?n: 1 | T? l? nghi v?n: 1.0 | M?c ??: 13.0
Chimera,Chimera,C?n ti?ng Anh nghi v?n: Chimera | S? t?/c?m nghi v?n: 1 | T? l? nghi v?n: 1.0 | M?c ??: 13.0
Laliah,Laliah,C?n ti?ng Anh nghi v?n: Laliah | S? t?/c?m nghi v?n: 1 | T? l? nghi v?n: 1.0 | M?c ??: 13.0
Esa,Esa,C?n ti?ng Anh nghi v?n: Esa | S? t?/c?m nghi v?n: 1 | T? l? nghi v?n: 1.0 | M?c ??: 13.0
Strength,Strength,C?n ti?ng Anh nghi v?n: Strength | S? t?/c?m nghi v?n: 1 | T? l? nghi v?n: 1.0 | M?c ??: 13.0
Terry,Terry,C?n ti?ng Anh nghi v?n: Terry | S? t?/c?m nghi v?n: 1 | T? l? nghi v?n: 1.0 | M?c ??: 13.0
Adrian,Adrian,C?n ti?ng Anh nghi v?n: Adrian | S? t?/c?m nghi v?n: 1 | T? l? nghi v?n: 1.0 | M?c ??: 13.0
Sauron,Sauron,C?n ti?ng Anh nghi v?n: Sauron | S? t?/c?m nghi v?n: 1 | T? l? nghi v?n: 1.0 | M?c ??: 13.0
Rutherford,Rutherford,C?n ti?ng Anh nghi v?n: Rutherford | S? t?/c?m nghi v?n: 1 | T? l? nghi v?n: 1.0 | M?c ??: 13.0
Rashelle,Rashelle,C?n ti?ng Anh nghi v?n: Rashelle | S? t?/c?m nghi v?n: 1 | T? l? nghi v?n: 1.0 | M?c ??: 13.0
Waystone frequency,Tần số Waystone,C?n ti?ng Anh nghi v?n: Waystone | S? t?/c?m nghi v?n: 1 | T? l? nghi v?n: 1.0 | M?c ??: 13.0
Darcy,Darcy,C?n ti?ng Anh nghi v?n: Darcy | S? t?/c?m nghi v?n: 1 | T? l? nghi v?n: 1.0 | M?c ??: 13.0
Xiaoxuan,Xiaoxuan,C?n ti?ng Anh nghi v?n: Xiaoxuan | S? t?/c?m nghi v?n: 1 | T? l? nghi v?n: 1.0 | M?c ??: 13.0
Vetto,Vetto,C?n ti?ng Anh nghi v?n: Vetto | S? t?/c?m nghi v?n: 1 | T? l? nghi v?n: 1.0 | M?c ??: 13.0
Joss,Joss,C?n ti?ng Anh nghi v?n: Joss | S? t?/c?m nghi v?n: 1 | T? l? nghi v?n: 1.0 | M?c ??: 13.0
Bing'ge,Bing'ge,C?n ti?ng Anh nghi v?n: Bing'ge | S? t?/c?m nghi v?n: 1 | T? l? nghi v?n: 1.0 | M?c ??: 13.0
Arisa,Arisa,C?n ti?ng Anh nghi v?n: Arisa | S? t?/c?m nghi v?n: 1 | T? l? nghi v?n: 1.0 | M?c ??: 13.0
Sarah,Sarah,C?n ti?ng Anh nghi v?n: Sarah | S? t?/c?m nghi v?n: 1 | T? l? nghi v?n: 1.0 | M?c ??: 13.0
Teahouse,Teahouse,C?n ti?ng Anh nghi v?n: Teahouse | S? t?/c?m nghi v?n: 1 | T? l? nghi v?n: 1.0 | M?c ??: 13.0
Surveillance camera,Camera giám sát,C?n ti?ng Anh nghi v?n: Camera | S? t?/c?m nghi v?n: 1 | T? l? nghi v?n: 1.0 | M?c ??: 13.0
Bulletin,Bulletin,C?n ti?ng Anh nghi v?n: Bulletin | S? t?/c?m nghi v?n: 1 | T? l? nghi v?n: 1.0 | M?c ??: 13.0
Rui,Rui,C?n ti?ng Anh nghi v?n: Rui | S? t?/c?m nghi v?n: 1 | T? l? nghi v?n: 1.0 | M?c ??: 13.0
Silverstein,Silverstein,C?n ti?ng Anh nghi v?n: Silverstein | S? t?/c?m nghi v?n: 1 | T? l? nghi v?n: 1.0 | M?c ??: 13.0
Lingyan,Lingyan,C?n ti?ng Anh nghi v?n: Lingyan | S? t?/c?m nghi v?n: 1 | T? l? nghi v?n: 1.0 | M?c ??: 13.0
Harita,Harita,C?n ti?ng Anh nghi v?n: Harita | S? t?/c?m nghi v?n: 1 | T? l? nghi v?n: 1.0 | M?c ??: 13.0
Xunjing,Xunjing,C?n ti?ng Anh nghi v?n: Xunjing | S? t?/c?m nghi v?n: 1 | T? l? nghi v?n: 1.0 | M?c ??: 13.0
Professor Maeve,Giáo sư Maeve,C?n ti?ng Anh nghi v?n: Maeve | S? t?/c?m nghi v?n: 1 | T? l? nghi v?n: 1.0 | M?c ??: 13.0
Lightcrusher,Lightcrusher,C?n ti?ng Anh nghi v?n: Lightcrusher | S? t?/c?m nghi v?n: 1 | T? l? nghi v?n: 1.0 | M?c ??: 13.0
Xiaoran,Xiaoran,C?n ti?ng Anh nghi v?n: Xiaoran | S? t?/c?m nghi v?n: 1 | T? l? nghi v?n: 1.0 | M?c ??: 13.0
Forward,Forward,C?n ti?ng Anh nghi v?n: Forward | S? t?/c?m nghi v?n: 1 | T? l? nghi v?n: 1.0 | M?c ??: 13.0
Barnhizer,Barnhizer,C?n ti?ng Anh nghi v?n: Barnhizer | S? t?/c?m nghi v?n: 1 | T? l? nghi v?n: 1.0 | M?c ??: 13.0
Mingzhi,Mingzhi,C?n ti?ng Anh nghi v?n: Mingzhi | S? t?/c?m nghi v?n: 1 | T? l? nghi v?n: 1.0 | M?c ??: 13.0
Seri,Seri,C?n ti?ng Anh nghi v?n: Seri | S? t?/c?m nghi v?n: 1 | T? l? nghi v?n: 1.0 | M?c ??: 13.0
Fayn,Fayn,C?n ti?ng Anh nghi v?n: Fayn | S? t?/c?m nghi v?n: 1 | T? l? nghi v?n: 1.0 | M?c ??: 13.0
Pikbo,Pikbo,C?n ti?ng Anh nghi v?n: Pikbo | S? t?/c?m nghi v?n: 1 | T? l? nghi v?n: 1.0 | M?c ??: 13.0
Arctos,Arctos,C?n ti?ng Anh nghi v?n: Arctos | S? t?/c?m nghi v?n: 1 | T? l? nghi v?n: 1.0 | M?c ??: 13.0
Belucci,Belucci,C?n ti?ng Anh nghi v?n: Belucci | S? t?/c?m nghi v?n: 1 | T? l? nghi v?n: 1.0 | M?c ??: 13.0
Aurelius,Aurelius,C?n ti?ng Anh nghi v?n: Aurelius | S? t?/c?m nghi v?n: 1 | T? l? nghi v?n: 1.0 | M?c ??: 13.0
Filippo,Filippo,C?n ti?ng Anh nghi v?n: Filippo | S? t?/c?m nghi v?n: 1 | T? l? nghi v?n: 1.0 | M?c ??: 13.0
Brax,Brax,C?n ti?ng Anh nghi v?n: Brax | S? t?/c?m nghi v?n: 1 | T? l? nghi v?n: 1.0 | M?c ??: 13.0
Margherita,Margherita,C?n ti?ng Anh nghi v?n: Margherita | S? t?/c?m nghi v?n: 1 | T? l? nghi v?n: 1.0 | M?c ??: 13.0
Conti,Conti,C?n ti?ng Anh nghi v?n: Conti | S? t?/c?m nghi v?n: 1 | T? l? nghi v?n: 1.0 | M?c ??: 13.0
Rimbaud,Rimbaud,C?n ti?ng Anh nghi v?n: Rimbaud | S? t?/c?m nghi v?n: 1 | T? l? nghi v?n: 1.0 | M?c ??: 13.0
Baizhi,Baizhi,C?n ti?ng Anh nghi v?n: Baizhi | S? t?/c?m nghi v?n: 1 | T? l? nghi v?n: 1.0 | M?c ??: 13.0
Crispus,Crispus,C?n ti?ng Anh nghi v?n: Crispus | S? t?/c?m nghi v?n: 1 | T? l? nghi v?n: 1.0 | M?c ??: 13.0
Beryl,Beryl,C?n ti?ng Anh nghi v?n: Beryl | S? t?/c?m nghi v?n: 1 | T? l? nghi v?n: 1.0 | M?c ??: 13.0
Claudia,Claudia,C?n ti?ng Anh nghi v?n: Claudia | S? t?/c?m nghi v?n: 1 | T? l? nghi v?n: 1.0 | M?c ??: 13.0
Shiying,Shiying,C?n ti?ng Anh nghi v?n: Shiying | S? t?/c?m nghi v?n: 1 | T? l? nghi v?n: 1.0 | M?c ??: 13.0
Garcia,Garcia,C?n ti?ng Anh nghi v?n: Garcia | S? t?/c?m nghi v?n: 1 | T? l? nghi v?n: 1.0 | M?c ??: 13.0
Lumiel,Lumiel,C?n ti?ng Anh nghi v?n: Lumiel | S? t?/c?m nghi v?n: 1 | T? l? nghi v?n: 1.0 | M?c ??: 13.0
Listen,Listen,C?n ti?ng Anh nghi v?n: Listen | S? t?/c?m nghi v?n: 1 | T? l? nghi v?n: 1.0 | M?c ??: 13.0
Vaeler,Vaeler,C?n ti?ng Anh nghi v?n: Vaeler | S? t?/c?m nghi v?n: 1 | T? l? nghi v?n: 1.0 | M?c ??: 13.0
Sacerdos,Sacerdos,C?n ti?ng Anh nghi v?n: Sacerdos | S? t?/c?m nghi v?n: 1 | T? l? nghi v?n: 1.0 | M?c ??: 13.0
Medic,Medic,C?n ti?ng Anh nghi v?n: Medic | S? t?/c?m nghi v?n: 1 | T? l? nghi v?n: 1.0 | M?c ??: 13.0
placeholder,placeholder,C?n ti?ng Anh nghi v?n: placeholder | S? t?/c?m nghi v?n: 1 | T? l? nghi v?n: 1.0 | M?c ??: 13.0
Yuanyuan,Yuanyuan,C?n ti?ng Anh nghi v?n: Yuanyuan | S? t?/c?m nghi v?n: 1 | T? l? nghi v?n: 1.0 | M?c ??: 13.0
Celo,Celo,C?n ti?ng Anh nghi v?n: Celo | S? t?/c?m nghi v?n: 1 | T? l? nghi v?n: 1.0 | M?c ??: 13.0
Merill,Merill,C?n ti?ng Anh nghi v?n: Merill | S? t?/c?m nghi v?n: 1 | T? l? nghi v?n: 1.0 | M?c ??: 13.0
Jiye,Jiye,C?n ti?ng Anh nghi v?n: Jiye | S? t?/c?m nghi v?n: 1 | T? l? nghi v?n: 1.0 | M?c ??: 13.0
Kuroro,Kuroro,C?n ti?ng Anh nghi v?n: Kuroro | S? t?/c?m nghi v?n: 1 | T? l? nghi v?n: 1.0 | M?c ??: 13.0
Suo,Suo,C?n ti?ng Anh nghi v?n: Suo | S? t?/c?m nghi v?n: 1 | T? l? nghi v?n: 1.0 | M?c ??: 13.0
Lianke,Lianke,C?n ti?ng Anh nghi v?n: Lianke | S? t?/c?m nghi v?n: 1 | T? l? nghi v?n: 1.0 | M?c ??: 13.0
Haru,Haru,C?n ti?ng Anh nghi v?n: Haru | S? t?/c?m nghi v?n: 1 | T? l? nghi v?n: 1.0 | M?c ??: 13.0
Professor Karl,Giáo Sư Karl,C?n ti?ng Anh nghi v?n: Karl | S? t?/c?m nghi v?n: 1 | T? l? nghi v?n: 1.0 | M?c ??: 13.0
Elliot,Elliot,C?n ti?ng Anh nghi v?n: Elliot | S? t?/c?m nghi v?n: 1 | T? l? nghi v?n: 1.0 | M?c ??: 13.0
Jiahui,Jiahui,C?n ti?ng Anh nghi v?n: Jiahui | S? t?/c?m nghi v?n: 1 | T? l? nghi v?n: 1.0 | M?c ??: 13.0
Changfeng,Changfeng,C?n ti?ng Anh nghi v?n: Changfeng | S? t?/c?m nghi v?n: 1 | T? l? nghi v?n: 1.0 | M?c ??: 13.0
Nan,Nan,C?n ti?ng Anh nghi v?n: Nan | S? t?/c?m nghi v?n: 1 | T? l? nghi v?n: 1.0 | M?c ??: 13.0
Eyvind,Eyvind,C?n ti?ng Anh nghi v?n: Eyvind | S? t?/c?m nghi v?n: 1 | T? l? nghi v?n: 1.0 | M?c ??: 13.0
Gallus,Gallus,C?n ti?ng Anh nghi v?n: Gallus | S? t?/c?m nghi v?n: 1 | T? l? nghi v?n: 1.0 | M?c ??: 13.0
Cyril,Cyril,C?n ti?ng Anh nghi v?n: Cyril | S? t?/c?m nghi v?n: 1 | T? l? nghi v?n: 1.0 | M?c ??: 13.0
Elevator,Elevator,C?n ti?ng Anh nghi v?n: Elevator | S? t?/c?m nghi v?n: 1 | T? l? nghi v?n: 1.0 | M?c ??: 13.0
Listen,Listen,C?n ti?ng Anh nghi v?n: Listen | S? t?/c?m nghi v?n: 1 | T? l? nghi v?n: 1.0 | M?c ??: 13.0
Frostwort,Frostwort,C?n ti?ng Anh nghi v?n: Frostwort | S? t?/c?m nghi v?n: 1 | T? l? nghi v?n: 1.0 | M?c ??: 13.0
Cornet,Cornet,C?n ti?ng Anh nghi v?n: Cornet | S? t?/c?m nghi v?n: 1 | T? l? nghi v?n: 1.0 | M?c ??: 13.0
Holger,Holger,C?n ti?ng Anh nghi v?n: Holger | S? t?/c?m nghi v?n: 1 | T? l? nghi v?n: 1.0 | M?c ??: 13.0
Marcia,Marcia,C?n ti?ng Anh nghi v?n: Marcia | S? t?/c?m nghi v?n: 1 | T? l? nghi v?n: 1.0 | M?c ??: 13.0
Ynkwell,Ynkwell,C?n ti?ng Anh nghi v?n: Ynkwell | S? t?/c?m nghi v?n: 1 | T? l? nghi v?n: 1.0 | M?c ??: 13.0
Lynae,Lynae,C?n ti?ng Anh nghi v?n: Lynae | S? t?/c?m nghi v?n: 1 | T? l? nghi v?n: 1.0 | M?c ??: 13.0
Vissani,Vissani,C?n ti?ng Anh nghi v?n: Vissani | S? t?/c?m nghi v?n: 1 | T? l? nghi v?n: 1.0 | M?c ??: 13.0
Stig,Stig,C?n ti?ng Anh nghi v?n: Stig | S? t?/c?m nghi v?n: 1 | T? l? nghi v?n: 1.0 | M?c ??: 13.0
Banana,Banana,C?n ti?ng Anh nghi v?n: Banana | S? t?/c?m nghi v?n: 1 | T? l? nghi v?n: 1.0 | M?c ??: 13.0
Qinghe,Qinghe,C?n ti?ng Anh nghi v?n: Qinghe | S? t?/c?m nghi v?n: 1 | T? l? nghi v?n: 1.0 | M?c ??: 13.0
Hercle,Hercle,C?n ti?ng Anh nghi v?n: Hercle | S? t?/c?m nghi v?n: 1 | T? l? nghi v?n: 1.0 | M?c ??: 13.0
Kronablight,Kronablight,C?n ti?ng Anh nghi v?n: Kronablight | S? t?/c?m nghi v?n: 1 | T? l? nghi v?n: 1.0 | M?c ??: 13.0
Polis,Polis,C?n ti?ng Anh nghi v?n: Polis | S? t?/c?m nghi v?n: 1 | T? l? nghi v?n: 1.0 | M?c ??: 13.0
Qinglan,Qinglan,C?n ti?ng Anh nghi v?n: Qinglan | S? t?/c?m nghi v?n: 1 | T? l? nghi v?n: 1.0 | M?c ??: 13.0
Sena,Sena,C?n ti?ng Anh nghi v?n: Sena | S? t?/c?m nghi v?n: 1 | T? l? nghi v?n: 1.0 | M?c ??: 13.0
Lydell,Lydell,C?n ti?ng Anh nghi v?n: Lydell | S? t?/c?m nghi v?n: 1 | T? l? nghi v?n: 1.0 | M?c ??: 13.0
Sangyu,Sangyu,C?n ti?ng Anh nghi v?n: Sangyu | S? t?/c?m nghi v?n: 1 | T? l? nghi v?n: 1.0 | M?c ??: 13.0
Sithos,Sithos,C?n ti?ng Anh nghi v?n: Sithos | S? t?/c?m nghi v?n: 1 | T? l? nghi v?n: 1.0 | M?c ??: 13.0
Marcus,Marcus,C?n ti?ng Anh nghi v?n: Marcus | S? t?/c?m nghi v?n: 1 | T? l? nghi v?n: 1.0 | M?c ??: 13.0
Ryan,Ryan,C?n ti?ng Anh nghi v?n: Ryan | S? t?/c?m nghi v?n: 1 | T? l? nghi v?n: 1.0 | M?c ??: 13.0
Pray,Pray,C?n ti?ng Anh nghi v?n: Pray | S? t?/c?m nghi v?n: 1 | T? l? nghi v?n: 1.0 | M?c ??: 13.0
Eva,Eva,C?n ti?ng Anh nghi v?n: Eva | S? t?/c?m nghi v?n: 1 | T? l? nghi v?n: 1.0 | M?c ??: 13.0
Empty,Empty,C?n ti?ng Anh nghi v?n: Empty | S? t?/c?m nghi v?n: 1 | T? l? nghi v?n: 1.0 | M?c ??: 13.0
Ramsey,Ramsey,C?n ti?ng Anh nghi v?n: Ramsey | S? t?/c?m nghi v?n: 1 | T? l? nghi v?n: 1.0 | M?c ??: 13.0
Maslin,Maslin,C?n ti?ng Anh nghi v?n: Maslin | S? t?/c?m nghi v?n: 1 | T? l? nghi v?n: 1.0 | M?c ??: 13.0
Gratvi,Gratvi,C?n ti?ng Anh nghi v?n: Gratvi | S? t?/c?m nghi v?n: 1 | T? l? nghi v?n: 1.0 | M?c ??: 13.0
Vilmr,Vilmr,C?n ti?ng Anh nghi v?n: Vilmr | S? t?/c?m nghi v?n: 1 | T? l? nghi v?n: 1.0 | M?c ??: 13.0
Bersik,Bersik,C?n ti?ng Anh nghi v?n: Bersik | S? t?/c?m nghi v?n: 1 | T? l? nghi v?n: 1.0 | M?c ??: 13.0
Despondant Fisalia Member,Thành viên Fisalia chán nản,C?n ti?ng Anh nghi v?n: Fisalia | S? t?/c?m nghi v?n: 1 | T? l? nghi v?n: 1.0 | M?c ??: 13.0
Olmo,Olmo,C?n ti?ng Anh nghi v?n: Olmo | S? t?/c?m nghi v?n: 1 | T? l? nghi v?n: 1.0 | M?c ??: 13.0
Tetoris,Tetoris,C?n ti?ng Anh nghi v?n: Tetoris | S? t?/c?m nghi v?n: 1 | T? l? nghi v?n: 1.0 | M?c ??: 13.0
Qingling,Qingling,C?n ti?ng Anh nghi v?n: Qingling | S? t?/c?m nghi v?n: 1 | T? l? nghi v?n: 1.0 | M?c ??: 13.0
Wenmo,Wenmo,C?n ti?ng Anh nghi v?n: Wenmo | S? t?/c?m nghi v?n: 1 | T? l? nghi v?n: 1.0 | M?c ??: 13.0
Clenie,Clenie,C?n ti?ng Anh nghi v?n: Clenie | S? t?/c?m nghi v?n: 1 | T? l? nghi v?n: 1.0 | M?c ??: 13.0
"""Dorothy""","""Dorothy""",C?n ti?ng Anh nghi v?n: Dorothy | S? t?/c?m nghi v?n: 1 | T? l? nghi v?n: 1.0 | M?c ??: 13.0
Peipei,Peipei,C?n ti?ng Anh nghi v?n: Peipei | S? t?/c?m nghi v?n: 1 | T? l? nghi v?n: 1.0 | M?c ??: 13.0
Cooking,Cooking,C?n ti?ng Anh nghi v?n: Cooking | S? t?/c?m nghi v?n: 1 | T? l? nghi v?n: 1.0 | M?c ??: 13.0
Andrius,Andrius,C?n ti?ng Anh nghi v?n: Andrius | S? t?/c?m nghi v?n: 1 | T? l? nghi v?n: 1.0 | M?c ??: 13.0
Qumi,Qumi,C?n ti?ng Anh nghi v?n: Qumi | S? t?/c?m nghi v?n: 1 | T? l? nghi v?n: 1.0 | M?c ??: 13.0
Erisa,Erisa,C?n ti?ng Anh nghi v?n: Erisa | S? t?/c?m nghi v?n: 1 | T? l? nghi v?n: 1.0 | M?c ??: 13.0
Nabby,Nabby,C?n ti?ng Anh nghi v?n: Nabby | S? t?/c?m nghi v?n: 1 | T? l? nghi v?n: 1.0 | M?c ??: 13.0
Bram,Bram,C?n ti?ng Anh nghi v?n: Bram | S? t?/c?m nghi v?n: 1 | T? l? nghi v?n: 1.0 | M?c ??: 13.0
Queequeg,Queequeg,C?n ti?ng Anh nghi v?n: Queequeg | S? t?/c?m nghi v?n: 1 | T? l? nghi v?n: 1.0 | M?c ??: 13.0
Livia,Livia,C?n ti?ng Anh nghi v?n: Livia | S? t?/c?m nghi v?n: 1 | T? l? nghi v?n: 1.0 | M?c ??: 13.0
Heal,Heal,C?n ti?ng Anh nghi v?n: Heal | S? t?/c?m nghi v?n: 1 | T? l? nghi v?n: 1.0 | M?c ??: 13.0
Ptolemy,Ptolemy,C?n ti?ng Anh nghi v?n: Ptolemy | S? t?/c?m nghi v?n: 1 | T? l? nghi v?n: 1.0 | M?c ??: 13.0
Halberg,Halberg,C?n ti?ng Anh nghi v?n: Halberg | S? t?/c?m nghi v?n: 1 | T? l? nghi v?n: 1.0 | M?c ??: 13.0
Jingling,Jingling,C?n ti?ng Anh nghi v?n: Jingling | S? t?/c?m nghi v?n: 1 | T? l? nghi v?n: 1.0 | M?c ??: 13.0
Yujin,Yujin,C?n ti?ng Anh nghi v?n: Yujin | S? t?/c?m nghi v?n: 1 | T? l? nghi v?n: 1.0 | M?c ??: 13.0
Metaphor,Metaphor,C?n ti?ng Anh nghi v?n: Metaphor | S? t?/c?m nghi v?n: 1 | T? l? nghi v?n: 1.0 | M?c ??: 13.0
Airsailer,Airsailer,C?n ti?ng Anh nghi v?n: Airsailer | S? t?/c?m nghi v?n: 1 | T? l? nghi v?n: 1.0 | M?c ??: 13.0
Alannah,Alannah,C?n ti?ng Anh nghi v?n: Alannah | S? t?/c?m nghi v?n: 1 | T? l? nghi v?n: 1.0 | M?c ??: 13.0
Yala,Yala,C?n ti?ng Anh nghi v?n: Yala | S? t?/c?m nghi v?n: 1 | T? l? nghi v?n: 1.0 | M?c ??: 13.0
Emmanuel,Emmanuel,C?n ti?ng Anh nghi v?n: Emmanuel | S? t?/c?m nghi v?n: 1 | T? l? nghi v?n: 1.0 | M?c ??: 13.0
Aemeath,Aemeath,C?n ti?ng Anh nghi v?n: Aemeath | S? t?/c?m nghi v?n: 1 | T? l? nghi v?n: 1.0 | M?c ??: 13.0
Fuyan,Fuyan,C?n ti?ng Anh nghi v?n: Fuyan | S? t?/c?m nghi v?n: 1 | T? l? nghi v?n: 1.0 | M?c ??: 13.0
Rafael,Rafael,C?n ti?ng Anh nghi v?n: Rafael | S? t?/c?m nghi v?n: 1 | T? l? nghi v?n: 1.0 | M?c ??: 13.0
Jiangpiao,Jiangpiao,C?n ti?ng Anh nghi v?n: Jiangpiao | S? t?/c?m nghi v?n: 1 | T? l? nghi v?n: 1.0 | M?c ??: 13.0
Geospider S4,Geospider S4,C?n ti?ng Anh nghi v?n: Geospider | S? t?/c?m nghi v?n: 1 | T? l? nghi v?n: 1.0 | M?c ??: 13.0
Thilawa,Thilawa,C?n ti?ng Anh nghi v?n: Thilawa | S? t?/c?m nghi v?n: 1 | T? l? nghi v?n: 1.0 | M?c ??: 13.0
Olenna,Olenna,C?n ti?ng Anh nghi v?n: Olenna | S? t?/c?m nghi v?n: 1 | T? l? nghi v?n: 1.0 | M?c ??: 13.0
Chain,Chain,C?n ti?ng Anh nghi v?n: Chain | S? t?/c?m nghi v?n: 1 | T? l? nghi v?n: 1.0 | M?c ??: 13.0
Prinzhorn,Prinzhorn,C?n ti?ng Anh nghi v?n: Prinzhorn | S? t?/c?m nghi v?n: 1 | T? l? nghi v?n: 1.0 | M?c ??: 13.0
Qixian,Qixian,C?n ti?ng Anh nghi v?n: Qixian | S? t?/c?m nghi v?n: 1 | T? l? nghi v?n: 1.0 | M?c ??: 13.0
Svanar,Svanar,C?n ti?ng Anh nghi v?n: Svanar | S? t?/c?m nghi v?n: 1 | T? l? nghi v?n: 1.0 | M?c ??: 13.0
Zela,Zela,C?n ti?ng Anh nghi v?n: Zela | S? t?/c?m nghi v?n: 1 | T? l? nghi v?n: 1.0 | M?c ??: 13.0
Giorg,Giorg,C?n ti?ng Anh nghi v?n: Giorg | S? t?/c?m nghi v?n: 1 | T? l? nghi v?n: 1.0 | M?c ??: 13.0
Radio,Radio,C?n ti?ng Anh nghi v?n: Radio | S? t?/c?m nghi v?n: 1 | T? l? nghi v?n: 1.0 | M?c ??: 13.0
Fianna,Fianna,C?n ti?ng Anh nghi v?n: Fianna | S? t?/c?m nghi v?n: 1 | T? l? nghi v?n: 1.0 | M?c ??: 13.0
Ferripaws,Ferripaws,C?n ti?ng Anh nghi v?n: Ferripaws | S? t?/c?m nghi v?n: 1 | T? l? nghi v?n: 1.0 | M?c ??: 13.0
Paolo,Paolo,C?n ti?ng Anh nghi v?n: Paolo | S? t?/c?m nghi v?n: 1 | T? l? nghi v?n: 1.0 | M?c ??: 13.0
Ruiyun,Ruiyun,C?n ti?ng Anh nghi v?n: Ruiyun | S? t?/c?m nghi v?n: 1 | T? l? nghi v?n: 1.0 | M?c ??: 13.0
Qiuyuan,Qiuyuan,C?n ti?ng Anh nghi v?n: Qiuyuan | S? t?/c?m nghi v?n: 1 | T? l? nghi v?n: 1.0 | M?c ??: 13.0
Jana,Jana,C?n ti?ng Anh nghi v?n: Jana | S? t?/c?m nghi v?n: 1 | T? l? nghi v?n: 1.0 | M?c ??: 13.0
Mingwu,Mingwu,C?n ti?ng Anh nghi v?n: Mingwu | S? t?/c?m nghi v?n: 1 | T? l? nghi v?n: 1.0 | M?c ??: 13.0
Touch,Touch,C?n ti?ng Anh nghi v?n: Touch | S? t?/c?m nghi v?n: 1 | T? l? nghi v?n: 1.0 | M?c ??: 13.0
Recall,Recall,C?n ti?ng Anh nghi v?n: Recall | S? t?/c?m nghi v?n: 1 | T? l? nghi v?n: 1.0 | M?c ??: 13.0
Yangyang,Yangyang,C?n ti?ng Anh nghi v?n: Yangyang | S? t?/c?m nghi v?n: 1 | T? l? nghi v?n: 1.0 | M?c ??: 13.0
Dali,Dali,C?n ti?ng Anh nghi v?n: Dali | S? t?/c?m nghi v?n: 1 | T? l? nghi v?n: 1.0 | M?c ??: 13.0
Jar,Jar,C?n ti?ng Anh nghi v?n: Jar | S? t?/c?m nghi v?n: 1 | T? l? nghi v?n: 1.0 | M?c ??: 13.0
Touch,Touch,C?n ti?ng Anh nghi v?n: Touch | S? t?/c?m nghi v?n: 1 | T? l? nghi v?n: 1.0 | M?c ??: 13.0
Camilla,Camilla,C?n ti?ng Anh nghi v?n: Camilla | S? t?/c?m nghi v?n: 1 | T? l? nghi v?n: 1.0 | M?c ??: 13.0
Fengxi,Fengxi,C?n ti?ng Anh nghi v?n: Fengxi | S? t?/c?m nghi v?n: 1 | T? l? nghi v?n: 1.0 | M?c ??: 13.0
Erio,Erio,C?n ti?ng Anh nghi v?n: Erio | S? t?/c?m nghi v?n: 1 | T? l? nghi v?n: 1.0 | M?c ??: 13.0
Sevi,Sevi,C?n ti?ng Anh nghi v?n: Sevi | S? t?/c?m nghi v?n: 1 | T? l? nghi v?n: 1.0 | M?c ??: 13.0
Mulan,Mulan,C?n ti?ng Anh nghi v?n: Mulan | S? t?/c?m nghi v?n: 1 | T? l? nghi v?n: 1.0 | M?c ??: 13.0
Jifeng,Jifeng,C?n ti?ng Anh nghi v?n: Jifeng | S? t?/c?m nghi v?n: 1 | T? l? nghi v?n: 1.0 | M?c ??: 13.0
Wujing,Wujing,C?n ti?ng Anh nghi v?n: Wujing | S? t?/c?m nghi v?n: 1 | T? l? nghi v?n: 1.0 | M?c ??: 13.0
Leave Somnoire,Rời khỏi Somnoire,C?n ti?ng Anh nghi v?n: Somnoire | S? t?/c?m nghi v?n: 1 | T? l? nghi v?n: 1.0 | M?c ??: 13.0
Wilbur,Wilbur,C?n ti?ng Anh nghi v?n: Wilbur | S? t?/c?m nghi v?n: 1 | T? l? nghi v?n: 1.0 | M?c ??: 13.0
Bessinger,Bessinger,C?n ti?ng Anh nghi v?n: Bessinger | S? t?/c?m nghi v?n: 1 | T? l? nghi v?n: 1.0 | M?c ??: 13.0
Julien,Julien,C?n ti?ng Anh nghi v?n: Julien | S? t?/c?m nghi v?n: 1 | T? l? nghi v?n: 1.0 | M?c ??: 13.0
Xuanzhu,Xuanzhu,C?n ti?ng Anh nghi v?n: Xuanzhu | S? t?/c?m nghi v?n: 1 | T? l? nghi v?n: 1.0 | M?c ??: 13.0
Kangjiu,Kangjiu,C?n ti?ng Anh nghi v?n: Kangjiu | S? t?/c?m nghi v?n: 1 | T? l? nghi v?n: 1.0 | M?c ??: 13.0
Youning,Youning,C?n ti?ng Anh nghi v?n: Youning | S? t?/c?m nghi v?n: 1 | T? l? nghi v?n: 1.0 | M?c ??: 13.0
Armand,Armand,C?n ti?ng Anh nghi v?n: Armand | S? t?/c?m nghi v?n: 1 | T? l? nghi v?n: 1.0 | M?c ??: 13.0
Restart,Restart,C?n ti?ng Anh nghi v?n: Restart | S? t?/c?m nghi v?n: 1 | T? l? nghi v?n: 1.0 | M?c ??: 13.0
Knut,Knut,C?n ti?ng Anh nghi v?n: Knut | S? t?/c?m nghi v?n: 1 | T? l? nghi v?n: 1.0 | M?c ??: 13.0
Agni,Agni,C?n ti?ng Anh nghi v?n: Agni | S? t?/c?m nghi v?n: 1 | T? l? nghi v?n: 1.0 | M?c ??: 13.0
Glora,Glora,C?n ti?ng Anh nghi v?n: Glora | S? t?/c?m nghi v?n: 1 | T? l? nghi v?n: 1.0 | M?c ??: 13.0
Duying,Duying,C?n ti?ng Anh nghi v?n: Duying | S? t?/c?m nghi v?n: 1 | T? l? nghi v?n: 1.0 | M?c ??: 13.0
Gather,Gather,C?n ti?ng Anh nghi v?n: Gather | S? t?/c?m nghi v?n: 1 | T? l? nghi v?n: 1.0 | M?c ??: 13.0
Jonas,Jonas,C?n ti?ng Anh nghi v?n: Jonas | S? t?/c?m nghi v?n: 1 | T? l? nghi v?n: 1.0 | M?c ??: 13.0
Nevana,Nevana,C?n ti?ng Anh nghi v?n: Nevana | S? t?/c?m nghi v?n: 1 | T? l? nghi v?n: 1.0 | M?c ??: 13.0
Silno,Silno,C?n ti?ng Anh nghi v?n: Silno | S? t?/c?m nghi v?n: 1 | T? l? nghi v?n: 1.0 | M?c ??: 13.0
Mars,Mars,C?n ti?ng Anh nghi v?n: Mars | S? t?/c?m nghi v?n: 1 | T? l? nghi v?n: 1.0 | M?c ??: 13.0
Investigate,Investigate,C?n ti?ng Anh nghi v?n: Investigate | S? t?/c?m nghi v?n: 1 | T? l? nghi v?n: 1.0 | M?c ??: 13.0
Marcus,Marcus,C?n ti?ng Anh nghi v?n: Marcus | S? t?/c?m nghi v?n: 1 | T? l? nghi v?n: 1.0 | M?c ??: 13.0
Girl A,Cô gái A,C?n ti?ng Anh nghi v?n: A | S? t?/c?m nghi v?n: 1 | T? l? nghi v?n: 1.0 | M?c ??: 13.0
Synthesizer,Synthesizer,C?n ti?ng Anh nghi v?n: Synthesizer | S? t?/c?m nghi v?n: 1 | T? l? nghi v?n: 1.0 | M?c ??: 13.0
Pierce,Pierce,C?n ti?ng Anh nghi v?n: Pierce | S? t?/c?m nghi v?n: 1 | T? l? nghi v?n: 1.0 | M?c ??: 13.0
Notice Board,Thông báo Board,C?n ti?ng Anh nghi v?n: Board | S? t?/c?m nghi v?n: 1 | T? l? nghi v?n: 1.0 | M?c ??: 13.0
Kelpie,Kelpie,C?n ti?ng Anh nghi v?n: Kelpie | S? t?/c?m nghi v?n: 1 | T? l? nghi v?n: 1.0 | M?c ??: 13.0
Chair,Chair,C?n ti?ng Anh nghi v?n: Chair | S? t?/c?m nghi v?n: 1 | T? l? nghi v?n: 1.0 | M?c ??: 13.0
Gabbar,Gabbar,C?n ti?ng Anh nghi v?n: Gabbar | S? t?/c?m nghi v?n: 1 | T? l? nghi v?n: 1.0 | M?c ??: 13.0
Organize,Organize,C?n ti?ng Anh nghi v?n: Organize | S? t?/c?m nghi v?n: 1 | T? l? nghi v?n: 1.0 | M?c ??: 13.0
Yan,Yan,C?n ti?ng Anh nghi v?n: Yan | S? t?/c?m nghi v?n: 1 | T? l? nghi v?n: 1.0 | M?c ??: 13.0
Timoteo,Timoteo,C?n ti?ng Anh nghi v?n: Timoteo | S? t?/c?m nghi v?n: 1 | T? l? nghi v?n: 1.0 | M?c ??: 13.0
Varro,Varro,C?n ti?ng Anh nghi v?n: Varro | S? t?/c?m nghi v?n: 1 | T? l? nghi v?n: 1.0 | M?c ??: 13.0
Glendor,Glendor,C?n ti?ng Anh nghi v?n: Glendor | S? t?/c?m nghi v?n: 1 | T? l? nghi v?n: 1.0 | M?c ??: 13.0
Lathar,Lathar,C?n ti?ng Anh nghi v?n: Lathar | S? t?/c?m nghi v?n: 1 | T? l? nghi v?n: 1.0 | M?c ??: 13.0
Ziegler,Ziegler,C?n ti?ng Anh nghi v?n: Ziegler | S? t?/c?m nghi v?n: 1 | T? l? nghi v?n: 1.0 | M?c ??: 13.0
Xiaoju,Xiaoju,C?n ti?ng Anh nghi v?n: Xiaoju | S? t?/c?m nghi v?n: 1 | T? l? nghi v?n: 1.0 | M?c ??: 13.0
Garrett,Garrett,C?n ti?ng Anh nghi v?n: Garrett | S? t?/c?m nghi v?n: 1 | T? l? nghi v?n: 1.0 | M?c ??: 13.0
Jinhu,Jinhu,C?n ti?ng Anh nghi v?n: Jinhu | S? t?/c?m nghi v?n: 1 | T? l? nghi v?n: 1.0 | M?c ??: 13.0
Torvald,Torvald,C?n ti?ng Anh nghi v?n: Torvald | S? t?/c?m nghi v?n: 1 | T? l? nghi v?n: 1.0 | M?c ??: 13.0
Ashland,Ashland,C?n ti?ng Anh nghi v?n: Ashland | S? t?/c?m nghi v?n: 1 | T? l? nghi v?n: 1.0 | M?c ??: 13.0
Fitzner,Fitzner,C?n ti?ng Anh nghi v?n: Fitzner | S? t?/c?m nghi v?n: 1 | T? l? nghi v?n: 1.0 | M?c ??: 13.0
Huayuan,Huayuan,C?n ti?ng Anh nghi v?n: Huayuan | S? t?/c?m nghi v?n: 1 | T? l? nghi v?n: 1.0 | M?c ??: 13.0
Nikolaus,Nikolaus,C?n ti?ng Anh nghi v?n: Nikolaus | S? t?/c?m nghi v?n: 1 | T? l? nghi v?n: 1.0 | M?c ??: 13.0
Corsar,Corsar,C?n ti?ng Anh nghi v?n: Corsar | S? t?/c?m nghi v?n: 1 | T? l? nghi v?n: 1.0 | M?c ??: 13.0
Danoye,Danoye,C?n ti?ng Anh nghi v?n: Danoye | S? t?/c?m nghi v?n: 1 | T? l? nghi v?n: 1.0 | M?c ??: 13.0
Yamazaki,Yamazaki,C?n ti?ng Anh nghi v?n: Yamazaki | S? t?/c?m nghi v?n: 1 | T? l? nghi v?n: 1.0 | M?c ??: 13.0
Aniques,Aniques,C?n ti?ng Anh nghi v?n: Aniques | S? t?/c?m nghi v?n: 1 | T? l? nghi v?n: 1.0 | M?c ??: 13.0
Restart,Restart,C?n ti?ng Anh nghi v?n: Restart | S? t?/c?m nghi v?n: 1 | T? l? nghi v?n: 1.0 | M?c ??: 13.0
Console,Console,C?n ti?ng Anh nghi v?n: Console | S? t?/c?m nghi v?n: 1 | T? l? nghi v?n: 1.0 | M?c ??: 13.0
Lanyan,Lanyan,C?n ti?ng Anh nghi v?n: Lanyan | S? t?/c?m nghi v?n: 1 | T? l? nghi v?n: 1.0 | M?c ??: 13.0
Chromeshell,Chromeshell,C?n ti?ng Anh nghi v?n: Chromeshell | S? t?/c?m nghi v?n: 1 | T? l? nghi v?n: 1.0 | M?c ??: 13.0
Larko,Larko,C?n ti?ng Anh nghi v?n: Larko | S? t?/c?m nghi v?n: 1 | T? l? nghi v?n: 1.0 | M?c ??: 13.0
Laon,Laon,C?n ti?ng Anh nghi v?n: Laon | S? t?/c?m nghi v?n: 1 | T? l? nghi v?n: 1.0 | M?c ??: 13.0
Merwina,Merwina,C?n ti?ng Anh nghi v?n: Merwina | S? t?/c?m nghi v?n: 1 | T? l? nghi v?n: 1.0 | M?c ??: 13.0
Mingyi,Mingyi,C?n ti?ng Anh nghi v?n: Mingyi | S? t?/c?m nghi v?n: 1 | T? l? nghi v?n: 1.0 | M?c ??: 13.0
Irena,Irena,C?n ti?ng Anh nghi v?n: Irena | S? t?/c?m nghi v?n: 1 | T? l? nghi v?n: 1.0 | M?c ??: 13.0
Thurber,Thurber,C?n ti?ng Anh nghi v?n: Thurber | S? t?/c?m nghi v?n: 1 | T? l? nghi v?n: 1.0 | M?c ??: 13.0
Trial of Perception III,Thử thách Nhận thức III,C?n ti?ng Anh nghi v?n: III | S? t?/c?m nghi v?n: 1 | T? l? nghi v?n: 1.0 | M?c ??: 13.0
Chuji,Chuji,C?n ti?ng Anh nghi v?n: Chuji | S? t?/c?m nghi v?n: 1 | T? l? nghi v?n: 1.0 | M?c ??: 13.0
Aucustus,Aucustus,C?n ti?ng Anh nghi v?n: Aucustus | S? t?/c?m nghi v?n: 1 | T? l? nghi v?n: 1.0 | M?c ??: 13.0
Dana,Dana,C?n ti?ng Anh nghi v?n: Dana | S? t?/c?m nghi v?n: 1 | T? l? nghi v?n: 1.0 | M?c ??: 13.0
Cristoforo,Cristoforo,C?n ti?ng Anh nghi v?n: Cristoforo | S? t?/c?m nghi v?n: 1 | T? l? nghi v?n: 1.0 | M?c ??: 13.0
Vivian,Vivian,C?n ti?ng Anh nghi v?n: Vivian | S? t?/c?m nghi v?n: 1 | T? l? nghi v?n: 1.0 | M?c ??: 13.0
Chongwang,Chongwang,C?n ti?ng Anh nghi v?n: Chongwang | S? t?/c?m nghi v?n: 1 | T? l? nghi v?n: 1.0 | M?c ??: 13.0
Buling,Buling,C?n ti?ng Anh nghi v?n: Buling | S? t?/c?m nghi v?n: 1 | T? l? nghi v?n: 1.0 | M?c ??: 13.0
Aoba,Aoba,C?n ti?ng Anh nghi v?n: Aoba | S? t?/c?m nghi v?n: 1 | T? l? nghi v?n: 1.0 | M?c ??: 13.0
Faro,Faro,C?n ti?ng Anh nghi v?n: Faro | S? t?/c?m nghi v?n: 1 | T? l? nghi v?n: 1.0 | M?c ??: 13.0
Shangwen,Shangwen,C?n ti?ng Anh nghi v?n: Shangwen | S? t?/c?m nghi v?n: 1 | T? l? nghi v?n: 1.0 | M?c ??: 13.0
Storbelle,Storbelle,C?n ti?ng Anh nghi v?n: Storbelle | S? t?/c?m nghi v?n: 1 | T? l? nghi v?n: 1.0 | M?c ??: 13.0
Olet,Olet,C?n ti?ng Anh nghi v?n: Olet | S? t?/c?m nghi v?n: 1 | T? l? nghi v?n: 1.0 | M?c ??: 13.0
Sverre,Sverre,C?n ti?ng Anh nghi v?n: Sverre | S? t?/c?m nghi v?n: 1 | T? l? nghi v?n: 1.0 | M?c ??: 13.0
Calm Montelli Member,Thành viên Montelli Điềm tĩnh,C?n ti?ng Anh nghi v?n: Montelli | S? t?/c?m nghi v?n: 1 | T? l? nghi v?n: 1.0 | M?c ??: 13.0
Dripsnail,Dripsnail,C?n ti?ng Anh nghi v?n: Dripsnail | S? t?/c?m nghi v?n: 1 | T? l? nghi v?n: 1.0 | M?c ??: 13.0
Kelpie,Kelpie,C?n ti?ng Anh nghi v?n: Kelpie | S? t?/c?m nghi v?n: 1 | T? l? nghi v?n: 1.0 | M?c ??: 13.0
Valorhoot,Valorhoot,C?n ti?ng Anh nghi v?n: Valorhoot | S? t?/c?m nghi v?n: 1 | T? l? nghi v?n: 1.0 | M?c ??: 13.0
Decimus,Decimus,C?n ti?ng Anh nghi v?n: Decimus | S? t?/c?m nghi v?n: 1 | T? l? nghi v?n: 1.0 | M?c ??: 13.0
Chuck,Chuck,C?n ti?ng Anh nghi v?n: Chuck | S? t?/c?m nghi v?n: 1 | T? l? nghi v?n: 1.0 | M?c ??: 13.0
Rejika,Rejika,C?n ti?ng Anh nghi v?n: Rejika | S? t?/c?m nghi v?n: 1 | T? l? nghi v?n: 1.0 | M?c ??: 13.0
Kirine,Kirine,C?n ti?ng Anh nghi v?n: Kirine | S? t?/c?m nghi v?n: 1 | T? l? nghi v?n: 1.0 | M?c ??: 13.0
Vorkona,Vorkona,C?n ti?ng Anh nghi v?n: Vorkona | S? t?/c?m nghi v?n: 1 | T? l? nghi v?n: 1.0 | M?c ??: 13.0
Richardson,Richardson,C?n ti?ng Anh nghi v?n: Richardson | S? t?/c?m nghi v?n: 1 | T? l? nghi v?n: 1.0 | M?c ??: 13.0
Dennis,Dennis,C?n ti?ng Anh nghi v?n: Dennis | S? t?/c?m nghi v?n: 1 | T? l? nghi v?n: 1.0 | M?c ??: 13.0
Naria,Naria,C?n ti?ng Anh nghi v?n: Naria | S? t?/c?m nghi v?n: 1 | T? l? nghi v?n: 1.0 | M?c ??: 13.0
Loftus,Loftus,C?n ti?ng Anh nghi v?n: Loftus | S? t?/c?m nghi v?n: 1 | T? l? nghi v?n: 1.0 | M?c ??: 13.0
Jonna,Jonna,C?n ti?ng Anh nghi v?n: Jonna | S? t?/c?m nghi v?n: 1 | T? l? nghi v?n: 1.0 | M?c ??: 13.0
Vande,Vande,C?n ti?ng Anh nghi v?n: Vande | S? t?/c?m nghi v?n: 1 | T? l? nghi v?n: 1.0 | M?c ??: 13.0
Head to Honami,Đến Honami,C?n ti?ng Anh nghi v?n: Honami | S? t?/c?m nghi v?n: 1 | T? l? nghi v?n: 1.0 | M?c ??: 13.0
Nichelle,Nichelle,C?n ti?ng Anh nghi v?n: Nichelle | S? t?/c?m nghi v?n: 1 | T? l? nghi v?n: 1.0 | M?c ??: 13.0
Bechman,Bechman,C?n ti?ng Anh nghi v?n: Bechman | S? t?/c?m nghi v?n: 1 | T? l? nghi v?n: 1.0 | M?c ??: 13.0
Kilani,Kilani,C?n ti?ng Anh nghi v?n: Kilani | S? t?/c?m nghi v?n: 1 | T? l? nghi v?n: 1.0 | M?c ??: 13.0
Rick,Rick,C?n ti?ng Anh nghi v?n: Rick | S? t?/c?m nghi v?n: 1 | T? l? nghi v?n: 1.0 | M?c ??: 13.0
Jiming,Jiming,C?n ti?ng Anh nghi v?n: Jiming | S? t?/c?m nghi v?n: 1 | T? l? nghi v?n: 1.0 | M?c ??: 13.0
Royan Girl,Cô gái Royan,C?n ti?ng Anh nghi v?n: Royan | S? t?/c?m nghi v?n: 1 | T? l? nghi v?n: 1.0 | M?c ??: 13.0
Juyao,Juyao,C?n ti?ng Anh nghi v?n: Juyao | S? t?/c?m nghi v?n: 1 | T? l? nghi v?n: 1.0 | M?c ??: 13.0
Huaxi,Huaxi,C?n ti?ng Anh nghi v?n: Huaxi | S? t?/c?m nghi v?n: 1 | T? l? nghi v?n: 1.0 | M?c ??: 13.0
Yarol,Yarol,C?n ti?ng Anh nghi v?n: Yarol | S? t?/c?m nghi v?n: 1 | T? l? nghi v?n: 1.0 | M?c ??: 13.0
Hieros,Hieros,C?n ti?ng Anh nghi v?n: Hieros | S? t?/c?m nghi v?n: 1 | T? l? nghi v?n: 1.0 | M?c ??: 13.0
Karoy,Karoy,C?n ti?ng Anh nghi v?n: Karoy | S? t?/c?m nghi v?n: 1 | T? l? nghi v?n: 1.0 | M?c ??: 13.0
Zhenjian,Zhenjian,C?n ti?ng Anh nghi v?n: Zhenjian | S? t?/c?m nghi v?n: 1 | T? l? nghi v?n: 1.0 | M?c ??: 13.0
Fjnora,Fjnora,C?n ti?ng Anh nghi v?n: Fjnora | S? t?/c?m nghi v?n: 1 | T? l? nghi v?n: 1.0 | M?c ??: 13.0
Nidi,Nidi,C?n ti?ng Anh nghi v?n: Nidi | S? t?/c?m nghi v?n: 1 | T? l? nghi v?n: 1.0 | M?c ??: 13.0
Beatriz,Beatriz,C?n ti?ng Anh nghi v?n: Beatriz | S? t?/c?m nghi v?n: 1 | T? l? nghi v?n: 1.0 | M?c ??: 13.0
"""Dorothy""","""Dorothy""",C?n ti?ng Anh nghi v?n: Dorothy | S? t?/c?m nghi v?n: 1 | T? l? nghi v?n: 1.0 | M?c ??: 13.0
Qisheng,Qisheng,C?n ti?ng Anh nghi v?n: Qisheng | S? t?/c?m nghi v?n: 1 | T? l? nghi v?n: 1.0 | M?c ??: 13.0
Molvan,Molvan,C?n ti?ng Anh nghi v?n: Molvan | S? t?/c?m nghi v?n: 1 | T? l? nghi v?n: 1.0 | M?c ??: 13.0
Talk to Vanderkolk,Nói chuyện với Vanderkolk,C?n ti?ng Anh nghi v?n: Vanderkolk | S? t?/c?m nghi v?n: 1 | T? l? nghi v?n: 1.0 | M?c ??: 13.0
Shuhe,Shuhe,C?n ti?ng Anh nghi v?n: Shuhe | S? t?/c?m nghi v?n: 1 | T? l? nghi v?n: 1.0 | M?c ??: 13.0
Connerton,Connerton,C?n ti?ng Anh nghi v?n: Connerton | S? t?/c?m nghi v?n: 1 | T? l? nghi v?n: 1.0 | M?c ??: 13.0
Enaru,Enaru,C?n ti?ng Anh nghi v?n: Enaru | S? t?/c?m nghi v?n: 1 | T? l? nghi v?n: 1.0 | M?c ??: 13.0
Bakethoven,Bakethoven,C?n ti?ng Anh nghi v?n: Bakethoven | S? t?/c?m nghi v?n: 1 | T? l? nghi v?n: 1.0 | M?c ??: 13.0
Isabella,Isabella,C?n ti?ng Anh nghi v?n: Isabella | S? t?/c?m nghi v?n: 1 | T? l? nghi v?n: 1.0 | M?c ??: 13.0
Lorelei,Lorelei,C?n ti?ng Anh nghi v?n: Lorelei | S? t?/c?m nghi v?n: 1 | T? l? nghi v?n: 1.0 | M?c ??: 13.0
Zhonglin,Zhonglin,C?n ti?ng Anh nghi v?n: Zhonglin | S? t?/c?m nghi v?n: 1 | T? l? nghi v?n: 1.0 | M?c ??: 13.0
Hoverdroid,Hoverdroid,C?n ti?ng Anh nghi v?n: Hoverdroid | S? t?/c?m nghi v?n: 1 | T? l? nghi v?n: 1.0 | M?c ??: 13.0
Huowen,Huowen,C?n ti?ng Anh nghi v?n: Huowen | S? t?/c?m nghi v?n: 1 | T? l? nghi v?n: 1.0 | M?c ??: 13.0
Macster,Macster,C?n ti?ng Anh nghi v?n: Macster | S? t?/c?m nghi v?n: 1 | T? l? nghi v?n: 1.0 | M?c ??: 13.0
Valerius,Valerius,C?n ti?ng Anh nghi v?n: Valerius | S? t?/c?m nghi v?n: 1 | T? l? nghi v?n: 1.0 | M?c ??: 13.0
placeholder,placeholder,C?n ti?ng Anh nghi v?n: placeholder | S? t?/c?m nghi v?n: 1 | T? l? nghi v?n: 1.0 | M?c ??: 13.0
Brittney,Brittney,C?n ti?ng Anh nghi v?n: Brittney | S? t?/c?m nghi v?n: 1 | T? l? nghi v?n: 1.0 | M?c ??: 13.0
Nar,Nar,C?n ti?ng Anh nghi v?n: Nar | S? t?/c?m nghi v?n: 1 | T? l? nghi v?n: 1.0 | M?c ??: 13.0
Mi,Mi,C?n ti?ng Anh nghi v?n: Mi | S? t?/c?m nghi v?n: 1 | T? l? nghi v?n: 1.0 | M?c ??: 13.0
Fengqin,Fengqin,C?n ti?ng Anh nghi v?n: Fengqin | S? t?/c?m nghi v?n: 1 | T? l? nghi v?n: 1.0 | M?c ??: 13.0
Amison,Amison,C?n ti?ng Anh nghi v?n: Amison | S? t?/c?m nghi v?n: 1 | T? l? nghi v?n: 1.0 | M?c ??: 13.0
Erzhen,Erzhen,C?n ti?ng Anh nghi v?n: Erzhen | S? t?/c?m nghi v?n: 1 | T? l? nghi v?n: 1.0 | M?c ??: 13.0
Kortni,Kortni,C?n ti?ng Anh nghi v?n: Kortni | S? t?/c?m nghi v?n: 1 | T? l? nghi v?n: 1.0 | M?c ??: 13.0
Ayla,Ayla,C?n ti?ng Anh nghi v?n: Ayla | S? t?/c?m nghi v?n: 1 | T? l? nghi v?n: 1.0 | M?c ??: 13.0
Rachel,Rachel,C?n ti?ng Anh nghi v?n: Rachel | S? t?/c?m nghi v?n: 1 | T? l? nghi v?n: 1.0 | M?c ??: 13.0
Kinova,Kinova,C?n ti?ng Anh nghi v?n: Kinova | S? t?/c?m nghi v?n: 1 | T? l? nghi v?n: 1.0 | M?c ??: 13.0
Lanny,Lanny,C?n ti?ng Anh nghi v?n: Lanny | S? t?/c?m nghi v?n: 1 | T? l? nghi v?n: 1.0 | M?c ??: 13.0
Continue Exploration,Tiếp tục Exploration,C?n ti?ng Anh nghi v?n: Exploration | S? t?/c?m nghi v?n: 1 | T? l? nghi v?n: 1.0 | M?c ??: 13.0
Chat,Chat,C?n ti?ng Anh nghi v?n: Chat | S? t?/c?m nghi v?n: 1 | T? l? nghi v?n: 1.0 | M?c ??: 13.0
Iomatt,Iomatt,C?n ti?ng Anh nghi v?n: Iomatt | S? t?/c?m nghi v?n: 1 | T? l? nghi v?n: 1.0 | M?c ??: 13.0
Trefor,Trefor,C?n ti?ng Anh nghi v?n: Trefor | S? t?/c?m nghi v?n: 1 | T? l? nghi v?n: 1.0 | M?c ??: 13.0
Changli,Changli,C?n ti?ng Anh nghi v?n: Changli | S? t?/c?m nghi v?n: 1 | T? l? nghi v?n: 1.0 | M?c ??: 13.0
"""Mandra""","""Mandra""",C?n ti?ng Anh nghi v?n: Mandra | S? t?/c?m nghi v?n: 1 | T? l? nghi v?n: 1.0 | M?c ??: 13.0
Helmi,Helmi,C?n ti?ng Anh nghi v?n: Helmi | S? t?/c?m nghi v?n: 1 | T? l? nghi v?n: 1.0 | M?c ??: 13.0
Manna,Manna,C?n ti?ng Anh nghi v?n: Manna | S? t?/c?m nghi v?n: 1 | T? l? nghi v?n: 1.0 | M?c ??: 13.0
Cedric,Cedric,C?n ti?ng Anh nghi v?n: Cedric | S? t?/c?m nghi v?n: 1 | T? l? nghi v?n: 1.0 | M?c ??: 13.0
Rosselini,Rosselini,C?n ti?ng Anh nghi v?n: Rosselini | S? t?/c?m nghi v?n: 1 | T? l? nghi v?n: 1.0 | M?c ??: 13.0
Papani,Papani,C?n ti?ng Anh nghi v?n: Papani | S? t?/c?m nghi v?n: 1 | T? l? nghi v?n: 1.0 | M?c ??: 13.0
Faris,Faris,C?n ti?ng Anh nghi v?n: Faris | S? t?/c?m nghi v?n: 1 | T? l? nghi v?n: 1.0 | M?c ??: 13.0
Giovanniello,Giovanniello,C?n ti?ng Anh nghi v?n: Giovanniello | S? t?/c?m nghi v?n: 1 | T? l? nghi v?n: 1.0 | M?c ??: 13.0
Crowbar,Crowbar,C?n ti?ng Anh nghi v?n: Crowbar | S? t?/c?m nghi v?n: 1 | T? l? nghi v?n: 1.0 | M?c ??: 13.0
Contact Lucilla,Liên lạc với Lucilla,C?n ti?ng Anh nghi v?n: Lucilla | S? t?/c?m nghi v?n: 1 | T? l? nghi v?n: 1.0 | M?c ??: 13.0
Boethia,Boethia,C?n ti?ng Anh nghi v?n: Boethia | S? t?/c?m nghi v?n: 1 | T? l? nghi v?n: 1.0 | M?c ??: 13.0
Cileli,Cileli,C?n ti?ng Anh nghi v?n: Cileli | S? t?/c?m nghi v?n: 1 | T? l? nghi v?n: 1.0 | M?c ??: 13.0
Po'xiao,Po'xiao,C?n ti?ng Anh nghi v?n: Po'xiao | S? t?/c?m nghi v?n: 1 | T? l? nghi v?n: 1.0 | M?c ??: 13.0
Mount,Mount,C?n ti?ng Anh nghi v?n: Mount | S? t?/c?m nghi v?n: 1 | T? l? nghi v?n: 1.0 | M?c ??: 13.0
Jichen,Jichen,C?n ti?ng Anh nghi v?n: Jichen | S? t?/c?m nghi v?n: 1 | T? l? nghi v?n: 1.0 | M?c ??: 13.0
Aleus,Aleus,C?n ti?ng Anh nghi v?n: Aleus | S? t?/c?m nghi v?n: 1 | T? l? nghi v?n: 1.0 | M?c ??: 13.0
Umi,Umi,C?n ti?ng Anh nghi v?n: Umi | S? t?/c?m nghi v?n: 1 | T? l? nghi v?n: 1.0 | M?c ??: 13.0
Talk to Hubert,Nói chuyện với Hubert,C?n ti?ng Anh nghi v?n: Hubert | S? t?/c?m nghi v?n: 1 | T? l? nghi v?n: 1.0 | M?c ??: 13.0
Fangdong,Fangdong,C?n ti?ng Anh nghi v?n: Fangdong | S? t?/c?m nghi v?n: 1 | T? l? nghi v?n: 1.0 | M?c ??: 13.0
Beyza,Beyza,C?n ti?ng Anh nghi v?n: Beyza | S? t?/c?m nghi v?n: 1 | T? l? nghi v?n: 1.0 | M?c ??: 13.0
Stephanie,Stephanie,C?n ti?ng Anh nghi v?n: Stephanie | S? t?/c?m nghi v?n: 1 | T? l? nghi v?n: 1.0 | M?c ??: 13.0
Romeo,Romeo,C?n ti?ng Anh nghi v?n: Romeo | S? t?/c?m nghi v?n: 1 | T? l? nghi v?n: 1.0 | M?c ??: 13.0
Bertolt,Bertolt,C?n ti?ng Anh nghi v?n: Bertolt | S? t?/c?m nghi v?n: 1 | T? l? nghi v?n: 1.0 | M?c ??: 13.0
Scavenger's Backpack,Scavenger's Túi đồ,C?n ti?ng Anh nghi v?n: Scavenger's | S? t?/c?m nghi v?n: 1 | T? l? nghi v?n: 1.0 | M?c ??: 13.0
Chronopin,Chronopin,C?n ti?ng Anh nghi v?n: Chronopin | S? t?/c?m nghi v?n: 1 | T? l? nghi v?n: 1.0 | M?c ??: 13.0
Flavia,Flavia,C?n ti?ng Anh nghi v?n: Flavia | S? t?/c?m nghi v?n: 1 | T? l? nghi v?n: 1.0 | M?c ??: 13.0
Mae,Mae,C?n ti?ng Anh nghi v?n: Mae | S? t?/c?m nghi v?n: 1 | T? l? nghi v?n: 1.0 | M?c ??: 13.0
Dingyin,Dingyin,C?n ti?ng Anh nghi v?n: Dingyin | S? t?/c?m nghi v?n: 1 | T? l? nghi v?n: 1.0 | M?c ??: 13.0
placeholder,placeholder,C?n ti?ng Anh nghi v?n: placeholder | S? t?/c?m nghi v?n: 1 | T? l? nghi v?n: 1.0 | M?c ??: 13.0
Leonhardt,Leonhardt,C?n ti?ng Anh nghi v?n: Leonhardt | S? t?/c?m nghi v?n: 1 | T? l? nghi v?n: 1.0 | M?c ??: 13.0
Hymer,Hymer,C?n ti?ng Anh nghi v?n: Hymer | S? t?/c?m nghi v?n: 1 | T? l? nghi v?n: 1.0 | M?c ??: 13.0
Inspect,Inspect,C?n ti?ng Anh nghi v?n: Inspect | S? t?/c?m nghi v?n: 1 | T? l? nghi v?n: 1.0 | M?c ??: 13.0
Bowell,Bowell,C?n ti?ng Anh nghi v?n: Bowell | S? t?/c?m nghi v?n: 1 | T? l? nghi v?n: 1.0 | M?c ??: 13.0
Fleming,Fleming,C?n ti?ng Anh nghi v?n: Fleming | S? t?/c?m nghi v?n: 1 | T? l? nghi v?n: 1.0 | M?c ??: 13.0
Flaer,Flaer,C?n ti?ng Anh nghi v?n: Flaer | S? t?/c?m nghi v?n: 1 | T? l? nghi v?n: 1.0 | M?c ??: 13.0
Ningwei,Ningwei,C?n ti?ng Anh nghi v?n: Ningwei | S? t?/c?m nghi v?n: 1 | T? l? nghi v?n: 1.0 | M?c ??: 13.0
Hadrian,Hadrian,C?n ti?ng Anh nghi v?n: Hadrian | S? t?/c?m nghi v?n: 1 | T? l? nghi v?n: 1.0 | M?c ??: 13.0
Silas,Silas,C?n ti?ng Anh nghi v?n: Silas | S? t?/c?m nghi v?n: 1 | T? l? nghi v?n: 1.0 | M?c ??: 13.0
Ruins,Ruins,C?n ti?ng Anh nghi v?n: Ruins | S? t?/c?m nghi v?n: 1 | T? l? nghi v?n: 1.0 | M?c ??: 13.0
Tinafi,Tinafi,C?n ti?ng Anh nghi v?n: Tinafi | S? t?/c?m nghi v?n: 1 | T? l? nghi v?n: 1.0 | M?c ??: 13.0
Morrias,Morrias,C?n ti?ng Anh nghi v?n: Morrias | S? t?/c?m nghi v?n: 1 | T? l? nghi v?n: 1.0 | M?c ??: 13.0
Activate,Activate,C?n ti?ng Anh nghi v?n: Activate | S? t?/c?m nghi v?n: 1 | T? l? nghi v?n: 1.0 | M?c ??: 13.0
Grace,Grace,C?n ti?ng Anh nghi v?n: Grace | S? t?/c?m nghi v?n: 1 | T? l? nghi v?n: 1.0 | M?c ??: 13.0
Quxiu,Quxiu,C?n ti?ng Anh nghi v?n: Quxiu | S? t?/c?m nghi v?n: 1 | T? l? nghi v?n: 1.0 | M?c ??: 13.0
Ferdinand,Ferdinand,C?n ti?ng Anh nghi v?n: Ferdinand | S? t?/c?m nghi v?n: 1 | T? l? nghi v?n: 1.0 | M?c ??: 13.0
Ludvika,Ludvika,C?n ti?ng Anh nghi v?n: Ludvika | S? t?/c?m nghi v?n: 1 | T? l? nghi v?n: 1.0 | M?c ??: 13.0
Harmen,Harmen,C?n ti?ng Anh nghi v?n: Harmen | S? t?/c?m nghi v?n: 1 | T? l? nghi v?n: 1.0 | M?c ??: 13.0
Voko,Voko,C?n ti?ng Anh nghi v?n: Voko | S? t?/c?m nghi v?n: 1 | T? l? nghi v?n: 1.0 | M?c ??: 13.0
Repeater,Repeater,C?n ti?ng Anh nghi v?n: Repeater | S? t?/c?m nghi v?n: 1 | T? l? nghi v?n: 1.0 | M?c ??: 13.0
Figaro,Figaro,C?n ti?ng Anh nghi v?n: Figaro | S? t?/c?m nghi v?n: 1 | T? l? nghi v?n: 1.0 | M?c ??: 13.0
Romilda,Romilda,C?n ti?ng Anh nghi v?n: Romilda | S? t?/c?m nghi v?n: 1 | T? l? nghi v?n: 1.0 | M?c ??: 13.0
Delgon,Delgon,C?n ti?ng Anh nghi v?n: Delgon | S? t?/c?m nghi v?n: 1 | T? l? nghi v?n: 1.0 | M?c ??: 13.0
Tomas,Tomas,C?n ti?ng Anh nghi v?n: Tomas | S? t?/c?m nghi v?n: 1 | T? l? nghi v?n: 1.0 | M?c ??: 13.0
Corroder,Corroder,C?n ti?ng Anh nghi v?n: Corroder | S? t?/c?m nghi v?n: 1 | T? l? nghi v?n: 1.0 | M?c ??: 13.0
Inger,Inger,C?n ti?ng Anh nghi v?n: Inger | S? t?/c?m nghi v?n: 1 | T? l? nghi v?n: 1.0 | M?c ??: 13.0
Faro,Faro,C?n ti?ng Anh nghi v?n: Faro | S? t?/c?m nghi v?n: 1 | T? l? nghi v?n: 1.0 | M?c ??: 13.0
Reilynn,Reilynn,C?n ti?ng Anh nghi v?n: Reilynn | S? t?/c?m nghi v?n: 1 | T? l? nghi v?n: 1.0 | M?c ??: 13.0
Tulia,Tulia,C?n ti?ng Anh nghi v?n: Tulia | S? t?/c?m nghi v?n: 1 | T? l? nghi v?n: 1.0 | M?c ??: 13.0
Serra,Serra,C?n ti?ng Anh nghi v?n: Serra | S? t?/c?m nghi v?n: 1 | T? l? nghi v?n: 1.0 | M?c ??: 13.0
Checai,Checai,C?n ti?ng Anh nghi v?n: Checai | S? t?/c?m nghi v?n: 1 | T? l? nghi v?n: 1.0 | M?c ??: 13.0
Brigham,Brigham,C?n ti?ng Anh nghi v?n: Brigham | S? t?/c?m nghi v?n: 1 | T? l? nghi v?n: 1.0 | M?c ??: 13.0
Yunqi,Yunqi,C?n ti?ng Anh nghi v?n: Yunqi | S? t?/c?m nghi v?n: 1 | T? l? nghi v?n: 1.0 | M?c ??: 13.0
Liuqin,Liuqin,C?n ti?ng Anh nghi v?n: Liuqin | S? t?/c?m nghi v?n: 1 | T? l? nghi v?n: 1.0 | M?c ??: 13.0
Fuyue,Fuyue,C?n ti?ng Anh nghi v?n: Fuyue | S? t?/c?m nghi v?n: 1 | T? l? nghi v?n: 1.0 | M?c ??: 13.0
Solveig,Solveig,C?n ti?ng Anh nghi v?n: Solveig | S? t?/c?m nghi v?n: 1 | T? l? nghi v?n: 1.0 | M?c ??: 13.0
Tamarr,Tamarr,C?n ti?ng Anh nghi v?n: Tamarr | S? t?/c?m nghi v?n: 1 | T? l? nghi v?n: 1.0 | M?c ??: 13.0
Leclerc,Leclerc,C?n ti?ng Anh nghi v?n: Leclerc | S? t?/c?m nghi v?n: 1 | T? l? nghi v?n: 1.0 | M?c ??: 13.0
Xiaoshi,Xiaoshi,C?n ti?ng Anh nghi v?n: Xiaoshi | S? t?/c?m nghi v?n: 1 | T? l? nghi v?n: 1.0 | M?c ??: 13.0
Xiaobei,Xiaobei,C?n ti?ng Anh nghi v?n: Xiaobei | S? t?/c?m nghi v?n: 1 | T? l? nghi v?n: 1.0 | M?c ??: 13.0
Malenta,Malenta,C?n ti?ng Anh nghi v?n: Malenta | S? t?/c?m nghi v?n: 1 | T? l? nghi v?n: 1.0 | M?c ??: 13.0
Bowen,Bowen,C?n ti?ng Anh nghi v?n: Bowen | S? t?/c?m nghi v?n: 1 | T? l? nghi v?n: 1.0 | M?c ??: 13.0
Yuanwu,Yuanwu,C?n ti?ng Anh nghi v?n: Yuanwu | S? t?/c?m nghi v?n: 1 | T? l? nghi v?n: 1.0 | M?c ??: 13.0
Sagittario,Sagittario,C?n ti?ng Anh nghi v?n: Sagittario | S? t?/c?m nghi v?n: 1 | T? l? nghi v?n: 1.0 | M?c ??: 13.0
Denali,Denali,C?n ti?ng Anh nghi v?n: Denali | S? t?/c?m nghi v?n: 1 | T? l? nghi v?n: 1.0 | M?c ??: 13.0
Hongjing,Hongjing,C?n ti?ng Anh nghi v?n: Hongjing | S? t?/c?m nghi v?n: 1 | T? l? nghi v?n: 1.0 | M?c ??: 13.0
Hiroyuki,Hiroyuki,C?n ti?ng Anh nghi v?n: Hiroyuki | S? t?/c?m nghi v?n: 1 | T? l? nghi v?n: 1.0 | M?c ??: 13.0
Kendall,Kendall,C?n ti?ng Anh nghi v?n: Kendall | S? t?/c?m nghi v?n: 1 | T? l? nghi v?n: 1.0 | M?c ??: 13.0
Galloway,Galloway,C?n ti?ng Anh nghi v?n: Galloway | S? t?/c?m nghi v?n: 1 | T? l? nghi v?n: 1.0 | M?c ??: 13.0
placeholder,placeholder,C?n ti?ng Anh nghi v?n: placeholder | S? t?/c?m nghi v?n: 1 | T? l? nghi v?n: 1.0 | M?c ??: 13.0
Caprio,Caprio,C?n ti?ng Anh nghi v?n: Caprio | S? t?/c?m nghi v?n: 1 | T? l? nghi v?n: 1.0 | M?c ??: 13.0
Esmond,Esmond,C?n ti?ng Anh nghi v?n: Esmond | S? t?/c?m nghi v?n: 1 | T? l? nghi v?n: 1.0 | M?c ??: 13.0
Waterlamp,Waterlamp,C?n ti?ng Anh nghi v?n: Waterlamp | S? t?/c?m nghi v?n: 1 | T? l? nghi v?n: 1.0 | M?c ??: 13.0
Chiara,Chiara,C?n ti?ng Anh nghi v?n: Chiara | S? t?/c?m nghi v?n: 1 | T? l? nghi v?n: 1.0 | M?c ??: 13.0
Chie,Chie,C?n ti?ng Anh nghi v?n: Chie | S? t?/c?m nghi v?n: 1 | T? l? nghi v?n: 1.0 | M?c ??: 13.0
Huayu,Huayu,C?n ti?ng Anh nghi v?n: Huayu | S? t?/c?m nghi v?n: 1 | T? l? nghi v?n: 1.0 | M?c ??: 13.0
Patricia,Patricia,C?n ti?ng Anh nghi v?n: Patricia | S? t?/c?m nghi v?n: 1 | T? l? nghi v?n: 1.0 | M?c ??: 13.0
Gondolier,Gondolier,C?n ti?ng Anh nghi v?n: Gondolier | S? t?/c?m nghi v?n: 1 | T? l? nghi v?n: 1.0 | M?c ??: 13.0
Parody,Parody,C?n ti?ng Anh nghi v?n: Parody | S? t?/c?m nghi v?n: 1 | T? l? nghi v?n: 1.0 | M?c ??: 13.0
Lingfeng,Lingfeng,C?n ti?ng Anh nghi v?n: Lingfeng | S? t?/c?m nghi v?n: 1 | T? l? nghi v?n: 1.0 | M?c ??: 13.0
Ebersole,Ebersole,C?n ti?ng Anh nghi v?n: Ebersole | S? t?/c?m nghi v?n: 1 | T? l? nghi v?n: 1.0 | M?c ??: 13.0
Tianhu,Tianhu,C?n ti?ng Anh nghi v?n: Tianhu | S? t?/c?m nghi v?n: 1 | T? l? nghi v?n: 1.0 | M?c ??: 13.0
Festa,Festa,C?n ti?ng Anh nghi v?n: Festa | S? t?/c?m nghi v?n: 1 | T? l? nghi v?n: 1.0 | M?c ??: 13.0
Este,Este,C?n ti?ng Anh nghi v?n: Este | S? t?/c?m nghi v?n: 1 | T? l? nghi v?n: 1.0 | M?c ??: 13.0
Dole,Dole,C?n ti?ng Anh nghi v?n: Dole | S? t?/c?m nghi v?n: 1 | T? l? nghi v?n: 1.0 | M?c ??: 13.0
Bellano,Bellano,C?n ti?ng Anh nghi v?n: Bellano | S? t?/c?m nghi v?n: 1 | T? l? nghi v?n: 1.0 | M?c ??: 13.0
Xinyang,Xinyang,C?n ti?ng Anh nghi v?n: Xinyang | S? t?/c?m nghi v?n: 1 | T? l? nghi v?n: 1.0 | M?c ??: 13.0
Cartethyia,Cartethyia,C?n ti?ng Anh nghi v?n: Cartethyia | S? t?/c?m nghi v?n: 1 | T? l? nghi v?n: 1.0 | M?c ??: 13.0
Nado,Nado,C?n ti?ng Anh nghi v?n: Nado | S? t?/c?m nghi v?n: 1 | T? l? nghi v?n: 1.0 | M?c ??: 13.0
Interact,Interact,C?n ti?ng Anh nghi v?n: Interact | S? t?/c?m nghi v?n: 1 | T? l? nghi v?n: 1.0 | M?c ??: 13.0
Ichika,Ichika,C?n ti?ng Anh nghi v?n: Ichika | S? t?/c?m nghi v?n: 1 | T? l? nghi v?n: 1.0 | M?c ??: 13.0
Tomas,Tomas,C?n ti?ng Anh nghi v?n: Tomas | S? t?/c?m nghi v?n: 1 | T? l? nghi v?n: 1.0 | M?c ??: 13.0
placeholder,placeholder,C?n ti?ng Anh nghi v?n: placeholder | S? t?/c?m nghi v?n: 1 | T? l? nghi v?n: 1.0 | M?c ??: 13.0
Nathan,Nathan,C?n ti?ng Anh nghi v?n: Nathan | S? t?/c?m nghi v?n: 1 | T? l? nghi v?n: 1.0 | M?c ??: 13.0
Dungeon_Air Wall Manager_Combination,Dungeon_Air Wall Manager_Combination,C?n ti?ng Anh nghi v?n: Wall | S? t?/c?m nghi v?n: 1 | T? l? nghi v?n: 1.0 | M?c ??: 13.0
Robertus,Robertus,C?n ti?ng Anh nghi v?n: Robertus | S? t?/c?m nghi v?n: 1 | T? l? nghi v?n: 1.0 | M?c ??: 13.0
Open the photo album,Mở album ảnh,C?n ti?ng Anh nghi v?n: album | S? t?/c?m nghi v?n: 1 | T? l? nghi v?n: 1.0 | M?c ??: 13.0
Qinggong,Qinggong,C?n ti?ng Anh nghi v?n: Qinggong | S? t?/c?m nghi v?n: 1 | T? l? nghi v?n: 1.0 | M?c ??: 13.0
Eaton,Eaton,C?n ti?ng Anh nghi v?n: Eaton | S? t?/c?m nghi v?n: 1 | T? l? nghi v?n: 1.0 | M?c ??: 13.0
Cilania,Cilania,C?n ti?ng Anh nghi v?n: Cilania | S? t?/c?m nghi v?n: 1 | T? l? nghi v?n: 1.0 | M?c ??: 13.0
Lee,Lee,C?n ti?ng Anh nghi v?n: Lee | S? t?/c?m nghi v?n: 1 | T? l? nghi v?n: 1.0 | M?c ??: 13.0
Jian,Jian,C?n ti?ng Anh nghi v?n: Jian | S? t?/c?m nghi v?n: 1 | T? l? nghi v?n: 1.0 | M?c ??: 13.0
Tatiane,Tatiane,C?n ti?ng Anh nghi v?n: Tatiane | S? t?/c?m nghi v?n: 1 | T? l? nghi v?n: 1.0 | M?c ??: 13.0
Concierge,Concierge,C?n ti?ng Anh nghi v?n: Concierge | S? t?/c?m nghi v?n: 1 | T? l? nghi v?n: 1.0 | M?c ??: 13.0
About the Arbor,Về Arbor,C?n ti?ng Anh nghi v?n: Arbor | S? t?/c?m nghi v?n: 1 | T? l? nghi v?n: 1.0 | M?c ??: 13.0
Purify,Purify,C?n ti?ng Anh nghi v?n: Purify | S? t?/c?m nghi v?n: 1 | T? l? nghi v?n: 1.0 | M?c ??: 13.0
Lize,Lize,C?n ti?ng Anh nghi v?n: Lize | S? t?/c?m nghi v?n: 1 | T? l? nghi v?n: 1.0 | M?c ??: 13.0
Sonny,Sonny,C?n ti?ng Anh nghi v?n: Sonny | S? t?/c?m nghi v?n: 1 | T? l? nghi v?n: 1.0 | M?c ??: 13.0
Yongli,Yongli,C?n ti?ng Anh nghi v?n: Yongli | S? t?/c?m nghi v?n: 1 | T? l? nghi v?n: 1.0 | M?c ??: 13.0
Pluto,Pluto,C?n ti?ng Anh nghi v?n: Pluto | S? t?/c?m nghi v?n: 1 | T? l? nghi v?n: 1.0 | M?c ??: 13.0
Stein,Stein,C?n ti?ng Anh nghi v?n: Stein | S? t?/c?m nghi v?n: 1 | T? l? nghi v?n: 1.0 | M?c ??: 13.0
Matteo,Matteo,C?n ti?ng Anh nghi v?n: Matteo | S? t?/c?m nghi v?n: 1 | T? l? nghi v?n: 1.0 | M?c ??: 13.0
Crafting,Crafting,C?n ti?ng Anh nghi v?n: Crafting | S? t?/c?m nghi v?n: 1 | T? l? nghi v?n: 1.0 | M?c ??: 13.0
Dionne,Dionne,C?n ti?ng Anh nghi v?n: Dionne | S? t?/c?m nghi v?n: 1 | T? l? nghi v?n: 1.0 | M?c ??: 13.0
Lorelei,Lorelei,C?n ti?ng Anh nghi v?n: Lorelei | S? t?/c?m nghi v?n: 1 | T? l? nghi v?n: 1.0 | M?c ??: 13.0
placeholder,placeholder,C?n ti?ng Anh nghi v?n: placeholder | S? t?/c?m nghi v?n: 1 | T? l? nghi v?n: 1.0 | M?c ??: 13.0
Savanna,Savanna,C?n ti?ng Anh nghi v?n: Savanna | S? t?/c?m nghi v?n: 1 | T? l? nghi v?n: 1.0 | M?c ??: 13.0
Eee,Eee,C?n ti?ng Anh nghi v?n: Eee | S? t?/c?m nghi v?n: 1 | T? l? nghi v?n: 1.0 | M?c ??: 13.0
Kaelen,Kaelen,C?n ti?ng Anh nghi v?n: Kaelen | S? t?/c?m nghi v?n: 1 | T? l? nghi v?n: 1.0 | M?c ??: 13.0
Almeida,Almeida,C?n ti?ng Anh nghi v?n: Almeida | S? t?/c?m nghi v?n: 1 | T? l? nghi v?n: 1.0 | M?c ??: 13.0
Wenji,Wenji,C?n ti?ng Anh nghi v?n: Wenji | S? t?/c?m nghi v?n: 1 | T? l? nghi v?n: 1.0 | M?c ??: 13.0
Shiyuan,Shiyuan,C?n ti?ng Anh nghi v?n: Shiyuan | S? t?/c?m nghi v?n: 1 | T? l? nghi v?n: 1.0 | M?c ??: 13.0
Jojo,Jojo,C?n ti?ng Anh nghi v?n: Jojo | S? t?/c?m nghi v?n: 1 | T? l? nghi v?n: 1.0 | M?c ??: 13.0
Kafia,Kafia,C?n ti?ng Anh nghi v?n: Kafia | S? t?/c?m nghi v?n: 1 | T? l? nghi v?n: 1.0 | M?c ??: 13.0
Gemberry,Gemberry,C?n ti?ng Anh nghi v?n: Gemberry | S? t?/c?m nghi v?n: 1 | T? l? nghi v?n: 1.0 | M?c ??: 13.0
Vero,Vero,C?n ti?ng Anh nghi v?n: Vero | S? t?/c?m nghi v?n: 1 | T? l? nghi v?n: 1.0 | M?c ??: 13.0
Chett,Chett,C?n ti?ng Anh nghi v?n: Chett | S? t?/c?m nghi v?n: 1 | T? l? nghi v?n: 1.0 | M?c ??: 13.0
Oneka,Oneka,C?n ti?ng Anh nghi v?n: Oneka | S? t?/c?m nghi v?n: 1 | T? l? nghi v?n: 1.0 | M?c ??: 13.0
Antonio,Antonio,C?n ti?ng Anh nghi v?n: Antonio | S? t?/c?m nghi v?n: 1 | T? l? nghi v?n: 1.0 | M?c ??: 13.0
Trey,Trey,C?n ti?ng Anh nghi v?n: Trey | S? t?/c?m nghi v?n: 1 | T? l? nghi v?n: 1.0 | M?c ??: 13.0
placeholder,placeholder,C?n ti?ng Anh nghi v?n: placeholder | S? t?/c?m nghi v?n: 1 | T? l? nghi v?n: 1.0 | M?c ??: 13.0
Tauk,Tauk,C?n ti?ng Anh nghi v?n: Tauk | S? t?/c?m nghi v?n: 1 | T? l? nghi v?n: 1.0 | M?c ??: 13.0
Listen,Listen,C?n ti?ng Anh nghi v?n: Listen | S? t?/c?m nghi v?n: 1 | T? l? nghi v?n: 1.0 | M?c ??: 13.0
Faerhirda,Faerhirda,C?n ti?ng Anh nghi v?n: Faerhirda | S? t?/c?m nghi v?n: 1 | T? l? nghi v?n: 1.0 | M?c ??: 13.0
Banagher,Banagher,C?n ti?ng Anh nghi v?n: Banagher | S? t?/c?m nghi v?n: 1 | T? l? nghi v?n: 1.0 | M?c ??: 13.0
Bockel,Bockel,C?n ti?ng Anh nghi v?n: Bockel | S? t?/c?m nghi v?n: 1 | T? l? nghi v?n: 1.0 | M?c ??: 13.0
Olof,Olof,C?n ti?ng Anh nghi v?n: Olof | S? t?/c?m nghi v?n: 1 | T? l? nghi v?n: 1.0 | M?c ??: 13.0
Cheng,Cheng,C?n ti?ng Anh nghi v?n: Cheng | S? t?/c?m nghi v?n: 1 | T? l? nghi v?n: 1.0 | M?c ??: 13.0
Sueki,Sueki,C?n ti?ng Anh nghi v?n: Sueki | S? t?/c?m nghi v?n: 1 | T? l? nghi v?n: 1.0 | M?c ??: 13.0
Frostwing,Frostwing,C?n ti?ng Anh nghi v?n: Frostwing | S? t?/c?m nghi v?n: 1 | T? l? nghi v?n: 1.0 | M?c ??: 13.0
Honglang,Honglang,C?n ti?ng Anh nghi v?n: Honglang | S? t?/c?m nghi v?n: 1 | T? l? nghi v?n: 1.0 | M?c ??: 13.0
Arman,Arman,C?n ti?ng Anh nghi v?n: Arman | S? t?/c?m nghi v?n: 1 | T? l? nghi v?n: 1.0 | M?c ??: 13.0
Skabb,Skabb,C?n ti?ng Anh nghi v?n: Skabb | S? t?/c?m nghi v?n: 1 | T? l? nghi v?n: 1.0 | M?c ??: 13.0
Lennart,Lennart,C?n ti?ng Anh nghi v?n: Lennart | S? t?/c?m nghi v?n: 1 | T? l? nghi v?n: 1.0 | M?c ??: 13.0
Fran,Fran,C?n ti?ng Anh nghi v?n: Fran | S? t?/c?m nghi v?n: 1 | T? l? nghi v?n: 1.0 | M?c ??: 13.0
Nanao,Nanao,C?n ti?ng Anh nghi v?n: Nanao | S? t?/c?m nghi v?n: 1 | T? l? nghi v?n: 1.0 | M?c ??: 13.0
Yelvi,Yelvi,C?n ti?ng Anh nghi v?n: Yelvi | S? t?/c?m nghi v?n: 1 | T? l? nghi v?n: 1.0 | M?c ??: 13.0
Penelope,Penelope,C?n ti?ng Anh nghi v?n: Penelope | S? t?/c?m nghi v?n: 1 | T? l? nghi v?n: 1.0 | M?c ??: 13.0
Xiaojue,Xiaojue,C?n ti?ng Anh nghi v?n: Xiaojue | S? t?/c?m nghi v?n: 1 | T? l? nghi v?n: 1.0 | M?c ??: 13.0
Zimmermann,Zimmermann,C?n ti?ng Anh nghi v?n: Zimmermann | S? t?/c?m nghi v?n: 1 | T? l? nghi v?n: 1.0 | M?c ??: 13.0
Smell,Smell,C?n ti?ng Anh nghi v?n: Smell | S? t?/c?m nghi v?n: 1 | T? l? nghi v?n: 1.0 | M?c ??: 13.0
Mingzi,Mingzi,C?n ti?ng Anh nghi v?n: Mingzi | S? t?/c?m nghi v?n: 1 | T? l? nghi v?n: 1.0 | M?c ??: 13.0
placeholder,placeholder,C?n ti?ng Anh nghi v?n: placeholder | S? t?/c?m nghi v?n: 1 | T? l? nghi v?n: 1.0 | M?c ??: 13.0
Musicfly,Musicfly,C?n ti?ng Anh nghi v?n: Musicfly | S? t?/c?m nghi v?n: 1 | T? l? nghi v?n: 1.0 | M?c ??: 13.0
Teleport,Teleport,C?n ti?ng Anh nghi v?n: Teleport | S? t?/c?m nghi v?n: 1 | T? l? nghi v?n: 1.0 | M?c ??: 13.0
Stepan,Stepan,C?n ti?ng Anh nghi v?n: Stepan | S? t?/c?m nghi v?n: 1 | T? l? nghi v?n: 1.0 | M?c ??: 13.0
Orcalay,Orcalay,C?n ti?ng Anh nghi v?n: Orcalay | S? t?/c?m nghi v?n: 1 | T? l? nghi v?n: 1.0 | M?c ??: 13.0
Iaen,Iaen,C?n ti?ng Anh nghi v?n: Iaen | S? t?/c?m nghi v?n: 1 | T? l? nghi v?n: 1.0 | M?c ??: 13.0
"""Stardust""","""Stardust""",C?n ti?ng Anh nghi v?n: Stardust | S? t?/c?m nghi v?n: 1 | T? l? nghi v?n: 1.0 | M?c ??: 13.0
Tianyu,Tianyu,C?n ti?ng Anh nghi v?n: Tianyu | S? t?/c?m nghi v?n: 1 | T? l? nghi v?n: 1.0 | M?c ??: 13.0
Heavyhands,Heavyhands,C?n ti?ng Anh nghi v?n: Heavyhands | S? t?/c?m nghi v?n: 1 | T? l? nghi v?n: 1.0 | M?c ??: 13.0
Install,Install,C?n ti?ng Anh nghi v?n: Install | S? t?/c?m nghi v?n: 1 | T? l? nghi v?n: 1.0 | M?c ??: 13.0
Zorah,Zorah,C?n ti?ng Anh nghi v?n: Zorah | S? t?/c?m nghi v?n: 1 | T? l? nghi v?n: 1.0 | M?c ??: 13.0
Fulmine,Fulmine,C?n ti?ng Anh nghi v?n: Fulmine | S? t?/c?m nghi v?n: 1 | T? l? nghi v?n: 1.0 | M?c ??: 13.0
Bank Clerk Namipon,Nhân Viên Ngân Hàng Namipon,C?n ti?ng Anh nghi v?n: Namipon | S? t?/c?m nghi v?n: 1 | T? l? nghi v?n: 1.0 | M?c ??: 13.0
Rokan,Rokan,C?n ti?ng Anh nghi v?n: Rokan | S? t?/c?m nghi v?n: 1 | T? l? nghi v?n: 1.0 | M?c ??: 13.0
Pinrong,Pinrong,C?n ti?ng Anh nghi v?n: Pinrong | S? t?/c?m nghi v?n: 1 | T? l? nghi v?n: 1.0 | M?c ??: 13.0
Kasper,Kasper,C?n ti?ng Anh nghi v?n: Kasper | S? t?/c?m nghi v?n: 1 | T? l? nghi v?n: 1.0 | M?c ??: 13.0
Wangxiu,Wangxiu,C?n ti?ng Anh nghi v?n: Wangxiu | S? t?/c?m nghi v?n: 1 | T? l? nghi v?n: 1.0 | M?c ??: 13.0
Oto,Oto,C?n ti?ng Anh nghi v?n: Oto | S? t?/c?m nghi v?n: 1 | T? l? nghi v?n: 1.0 | M?c ??: 13.0
Xiaobao,Xiaobao,C?n ti?ng Anh nghi v?n: Xiaobao | S? t?/c?m nghi v?n: 1 | T? l? nghi v?n: 1.0 | M?c ??: 13.0
Carolina,Carolina,C?n ti?ng Anh nghi v?n: Carolina | S? t?/c?m nghi v?n: 1 | T? l? nghi v?n: 1.0 | M?c ??: 13.0
Orrin,Orrin,C?n ti?ng Anh nghi v?n: Orrin | S? t?/c?m nghi v?n: 1 | T? l? nghi v?n: 1.0 | M?c ??: 13.0
Alkain,Alkain,C?n ti?ng Anh nghi v?n: Alkain | S? t?/c?m nghi v?n: 1 | T? l? nghi v?n: 1.0 | M?c ??: 13.0
Luca,Luca,C?n ti?ng Anh nghi v?n: Luca | S? t?/c?m nghi v?n: 1 | T? l? nghi v?n: 1.0 | M?c ??: 13.0
Rossini,Rossini,C?n ti?ng Anh nghi v?n: Rossini | S? t?/c?m nghi v?n: 1 | T? l? nghi v?n: 1.0 | M?c ??: 13.0
Dungeon 89,Dungeon 89,C?n ti?ng Anh nghi v?n: Dungeon | S? t?/c?m nghi v?n: 1 | T? l? nghi v?n: 1.0 | M?c ??: 13.0
Robson,Robson,C?n ti?ng Anh nghi v?n: Robson | S? t?/c?m nghi v?n: 1 | T? l? nghi v?n: 1.0 | M?c ??: 13.0
Lingdi,Lingdi,C?n ti?ng Anh nghi v?n: Lingdi | S? t?/c?m nghi v?n: 1 | T? l? nghi v?n: 1.0 | M?c ??: 13.0
Emil,Emil,C?n ti?ng Anh nghi v?n: Emil | S? t?/c?m nghi v?n: 1 | T? l? nghi v?n: 1.0 | M?c ??: 13.0
Rolla,Rolla,C?n ti?ng Anh nghi v?n: Rolla | S? t?/c?m nghi v?n: 1 | T? l? nghi v?n: 1.0 | M?c ??: 13.0
Overtonic Society Member,Thành Viên Hội Overtonic,C?n ti?ng Anh nghi v?n: Overtonic | S? t?/c?m nghi v?n: 1 | T? l? nghi v?n: 1.0 | M?c ??: 13.0
Yvanna,Yvanna,C?n ti?ng Anh nghi v?n: Yvanna | S? t?/c?m nghi v?n: 1 | T? l? nghi v?n: 1.0 | M?c ??: 13.0
Dashbon,Dashbon,C?n ti?ng Anh nghi v?n: Dashbon | S? t?/c?m nghi v?n: 1 | T? l? nghi v?n: 1.0 | M?c ??: 13.0
Koko,Koko,C?n ti?ng Anh nghi v?n: Koko | S? t?/c?m nghi v?n: 1 | T? l? nghi v?n: 1.0 | M?c ??: 13.0
Sabatino,Sabatino,C?n ti?ng Anh nghi v?n: Sabatino | S? t?/c?m nghi v?n: 1 | T? l? nghi v?n: 1.0 | M?c ??: 13.0
Chonglin,Chonglin,C?n ti?ng Anh nghi v?n: Chonglin | S? t?/c?m nghi v?n: 1 | T? l? nghi v?n: 1.0 | M?c ??: 13.0
Talk with the Lifer,Nói chuyện với Lifer,C?n ti?ng Anh nghi v?n: Lifer | S? t?/c?m nghi v?n: 1 | T? l? nghi v?n: 1.0 | M?c ??: 13.0
Clemency,Clemency,C?n ti?ng Anh nghi v?n: Clemency | S? t?/c?m nghi v?n: 1 | T? l? nghi v?n: 1.0 | M?c ??: 13.0
Timoteo,Timoteo,C?n ti?ng Anh nghi v?n: Timoteo | S? t?/c?m nghi v?n: 1 | T? l? nghi v?n: 1.0 | M?c ??: 13.0
Palonella,Palonella,C?n ti?ng Anh nghi v?n: Palonella | S? t?/c?m nghi v?n: 1 | T? l? nghi v?n: 1.0 | M?c ??: 13.0
Liuhuo,Liuhuo,C?n ti?ng Anh nghi v?n: Liuhuo | S? t?/c?m nghi v?n: 1 | T? l? nghi v?n: 1.0 | M?c ??: 13.0
Novelli,Novelli,C?n ti?ng Anh nghi v?n: Novelli | S? t?/c?m nghi v?n: 1 | T? l? nghi v?n: 1.0 | M?c ??: 13.0
Onlooker,Onlooker,C?n ti?ng Anh nghi v?n: Onlooker | S? t?/c?m nghi v?n: 1 | T? l? nghi v?n: 1.0 | M?c ??: 13.0
Lulu,Lulu,C?n ti?ng Anh nghi v?n: Lulu | S? t?/c?m nghi v?n: 1 | T? l? nghi v?n: 1.0 | M?c ??: 13.0
Jiaming,Jiaming,C?n ti?ng Anh nghi v?n: Jiaming | S? t?/c?m nghi v?n: 1 | T? l? nghi v?n: 1.0 | M?c ??: 13.0
Keny,Keny,C?n ti?ng Anh nghi v?n: Keny | S? t?/c?m nghi v?n: 1 | T? l? nghi v?n: 1.0 | M?c ??: 13.0
Start Gacha Machine,Bắt Đầu Máy Gacha,C?n ti?ng Anh nghi v?n: Gacha | S? t?/c?m nghi v?n: 1 | T? l? nghi v?n: 1.0 | M?c ??: 13.0
Fontana,Fontana,C?n ti?ng Anh nghi v?n: Fontana | S? t?/c?m nghi v?n: 1 | T? l? nghi v?n: 1.0 | M?c ??: 13.0
Fluffguin,Fluffguin,C?n ti?ng Anh nghi v?n: Fluffguin | S? t?/c?m nghi v?n: 1 | T? l? nghi v?n: 1.0 | M?c ??: 13.0
Ricken,Ricken,C?n ti?ng Anh nghi v?n: Ricken | S? t?/c?m nghi v?n: 1 | T? l? nghi v?n: 1.0 | M?c ??: 13.0
Phoebe,Phoebe,C?n ti?ng Anh nghi v?n: Phoebe | S? t?/c?m nghi v?n: 1 | T? l? nghi v?n: 1.0 | M?c ??: 13.0
Gabriel,Gabriel,C?n ti?ng Anh nghi v?n: Gabriel | S? t?/c?m nghi v?n: 1 | T? l? nghi v?n: 1.0 | M?c ??: 13.0
Andreas,Andreas,C?n ti?ng Anh nghi v?n: Andreas | S? t?/c?m nghi v?n: 1 | T? l? nghi v?n: 1.0 | M?c ??: 13.0
Tullia,Tullia,C?n ti?ng Anh nghi v?n: Tullia | S? t?/c?m nghi v?n: 1 | T? l? nghi v?n: 1.0 | M?c ??: 13.0
Parsimon,Parsimon,C?n ti?ng Anh nghi v?n: Parsimon | S? t?/c?m nghi v?n: 1 | T? l? nghi v?n: 1.0 | M?c ??: 13.0
Ginnie,Ginnie,C?n ti?ng Anh nghi v?n: Ginnie | S? t?/c?m nghi v?n: 1 | T? l? nghi v?n: 1.0 | M?c ??: 13.0
Fluorite,Fluorite,C?n ti?ng Anh nghi v?n: Fluorite | S? t?/c?m nghi v?n: 1 | T? l? nghi v?n: 1.0 | M?c ??: 13.0
Wenting,Wenting,C?n ti?ng Anh nghi v?n: Wenting | S? t?/c?m nghi v?n: 1 | T? l? nghi v?n: 1.0 | M?c ??: 13.0
Biddy,Biddy,C?n ti?ng Anh nghi v?n: Biddy | S? t?/c?m nghi v?n: 1 | T? l? nghi v?n: 1.0 | M?c ??: 13.0
Perricci,Perricci,C?n ti?ng Anh nghi v?n: Perricci | S? t?/c?m nghi v?n: 1 | T? l? nghi v?n: 1.0 | M?c ??: 13.0
Zelinda,Zelinda,C?n ti?ng Anh nghi v?n: Zelinda | S? t?/c?m nghi v?n: 1 | T? l? nghi v?n: 1.0 | M?c ??: 13.0
Roboan,Roboan,C?n ti?ng Anh nghi v?n: Roboan | S? t?/c?m nghi v?n: 1 | T? l? nghi v?n: 1.0 | M?c ??: 13.0
Rosemary,Rosemary,C?n ti?ng Anh nghi v?n: Rosemary | S? t?/c?m nghi v?n: 1 | T? l? nghi v?n: 1.0 | M?c ??: 13.0
Laffer,Laffer,C?n ti?ng Anh nghi v?n: Laffer | S? t?/c?m nghi v?n: 1 | T? l? nghi v?n: 1.0 | M?c ??: 13.0
Xinxin,Xinxin,C?n ti?ng Anh nghi v?n: Xinxin | S? t?/c?m nghi v?n: 1 | T? l? nghi v?n: 1.0 | M?c ??: 13.0
Reinar,Reinar,C?n ti?ng Anh nghi v?n: Reinar | S? t?/c?m nghi v?n: 1 | T? l? nghi v?n: 1.0 | M?c ??: 13.0
Paros,Paros,C?n ti?ng Anh nghi v?n: Paros | S? t?/c?m nghi v?n: 1 | T? l? nghi v?n: 1.0 | M?c ??: 13.0
Gary,Gary,C?n ti?ng Anh nghi v?n: Gary | S? t?/c?m nghi v?n: 1 | T? l? nghi v?n: 1.0 | M?c ??: 13.0
Nikos,Nikos,C?n ti?ng Anh nghi v?n: Nikos | S? t?/c?m nghi v?n: 1 | T? l? nghi v?n: 1.0 | M?c ??: 13.0
Moira,Moira,C?n ti?ng Anh nghi v?n: Moira | S? t?/c?m nghi v?n: 1 | T? l? nghi v?n: 1.0 | M?c ??: 13.0
Miranda,Miranda,C?n ti?ng Anh nghi v?n: Miranda | S? t?/c?m nghi v?n: 1 | T? l? nghi v?n: 1.0 | M?c ??: 13.0
Isidora,Isidora,C?n ti?ng Anh nghi v?n: Isidora | S? t?/c?m nghi v?n: 1 | T? l? nghi v?n: 1.0 | M?c ??: 13.0
Qiangong,Qiangong,C?n ti?ng Anh nghi v?n: Qiangong | S? t?/c?m nghi v?n: 1 | T? l? nghi v?n: 1.0 | M?c ??: 13.0
Lingfeng,Lingfeng,C?n ti?ng Anh nghi v?n: Lingfeng | S? t?/c?m nghi v?n: 1 | T? l? nghi v?n: 1.0 | M?c ??: 13.0
Olivia,Olivia,C?n ti?ng Anh nghi v?n: Olivia | S? t?/c?m nghi v?n: 1 | T? l? nghi v?n: 1.0 | M?c ??: 13.0
Rohrwacher,Rohrwacher,C?n ti?ng Anh nghi v?n: Rohrwacher | S? t?/c?m nghi v?n: 1 | T? l? nghi v?n: 1.0 | M?c ??: 13.0
Zhuming,Zhuming,C?n ti?ng Anh nghi v?n: Zhuming | S? t?/c?m nghi v?n: 1 | T? l? nghi v?n: 1.0 | M?c ??: 13.0
Jiuri,Jiuri,C?n ti?ng Anh nghi v?n: Jiuri | S? t?/c?m nghi v?n: 1 | T? l? nghi v?n: 1.0 | M?c ??: 13.0
Miks,Miks,C?n ti?ng Anh nghi v?n: Miks | S? t?/c?m nghi v?n: 1 | T? l? nghi v?n: 1.0 | M?c ??: 13.0
Merta,Merta,C?n ti?ng Anh nghi v?n: Merta | S? t?/c?m nghi v?n: 1 | T? l? nghi v?n: 1.0 | M?c ??: 13.0
placeholder,placeholder,C?n ti?ng Anh nghi v?n: placeholder | S? t?/c?m nghi v?n: 1 | T? l? nghi v?n: 1.0 | M?c ??: 13.0
Re,Re,C?n ti?ng Anh nghi v?n: Re | S? t?/c?m nghi v?n: 1 | T? l? nghi v?n: 1.0 | M?c ??: 13.0
Yanning,Yanning,C?n ti?ng Anh nghi v?n: Yanning | S? t?/c?m nghi v?n: 1 | T? l? nghi v?n: 1.0 | M?c ??: 13.0
Vora,Vora,C?n ti?ng Anh nghi v?n: Vora | S? t?/c?m nghi v?n: 1 | T? l? nghi v?n: 1.0 | M?c ??: 13.0
Faloma,Faloma,C?n ti?ng Anh nghi v?n: Faloma | S? t?/c?m nghi v?n: 1 | T? l? nghi v?n: 1.0 | M?c ??: 13.0
Momo,Momo,C?n ti?ng Anh nghi v?n: Momo | S? t?/c?m nghi v?n: 1 | T? l? nghi v?n: 1.0 | M?c ??: 13.0
Gavrail,Gavrail,C?n ti?ng Anh nghi v?n: Gavrail | S? t?/c?m nghi v?n: 1 | T? l? nghi v?n: 1.0 | M?c ??: 13.0
Clarklin,Clarklin,C?n ti?ng Anh nghi v?n: Clarklin | S? t?/c?m nghi v?n: 1 | T? l? nghi v?n: 1.0 | M?c ??: 13.0
Amaro,Amaro,C?n ti?ng Anh nghi v?n: Amaro | S? t?/c?m nghi v?n: 1 | T? l? nghi v?n: 1.0 | M?c ??: 13.0
Hunter,Hunter,C?n ti?ng Anh nghi v?n: Hunter | S? t?/c?m nghi v?n: 1 | T? l? nghi v?n: 1.0 | M?c ??: 13.0
Hoartoise,Hoartoise,C?n ti?ng Anh nghi v?n: Hoartoise | S? t?/c?m nghi v?n: 1 | T? l? nghi v?n: 1.0 | M?c ??: 13.0
Slovik,Slovik,C?n ti?ng Anh nghi v?n: Slovik | S? t?/c?m nghi v?n: 1 | T? l? nghi v?n: 1.0 | M?c ??: 13.0
Mire,Mire,C?n ti?ng Anh nghi v?n: Mire | S? t?/c?m nghi v?n: 1 | T? l? nghi v?n: 1.0 | M?c ??: 13.0
Silvanus,Silvanus,C?n ti?ng Anh nghi v?n: Silvanus | S? t?/c?m nghi v?n: 1 | T? l? nghi v?n: 1.0 | M?c ??: 13.0
(Contaminated),(Contaminated),C?n ti?ng Anh nghi v?n: Contaminated | S? t?/c?m nghi v?n: 1 | T? l? nghi v?n: 1.0 | M?c ??: 13.0
Drift,Drift,C?n ti?ng Anh nghi v?n: Drift | S? t?/c?m nghi v?n: 1 | T? l? nghi v?n: 1.0 | M?c ??: 13.0
Jiuli,Jiuli,C?n ti?ng Anh nghi v?n: Jiuli | S? t?/c?m nghi v?n: 1 | T? l? nghi v?n: 1.0 | M?c ??: 13.0
Zya,Zya,C?n ti?ng Anh nghi v?n: Zya | S? t?/c?m nghi v?n: 1 | T? l? nghi v?n: 1.0 | M?c ??: 13.0
Capollo,Capollo,C?n ti?ng Anh nghi v?n: Capollo | S? t?/c?m nghi v?n: 1 | T? l? nghi v?n: 1.0 | M?c ??: 13.0
Ramona,Ramona,C?n ti?ng Anh nghi v?n: Ramona | S? t?/c?m nghi v?n: 1 | T? l? nghi v?n: 1.0 | M?c ??: 13.0
Luceanite,Luceanite,C?n ti?ng Anh nghi v?n: Luceanite | S? t?/c?m nghi v?n: 1 | T? l? nghi v?n: 1.0 | M?c ??: 13.0
Linda,Linda,C?n ti?ng Anh nghi v?n: Linda | S? t?/c?m nghi v?n: 1 | T? l? nghi v?n: 1.0 | M?c ??: 13.0
Chapul,Chapul,C?n ti?ng Anh nghi v?n: Chapul | S? t?/c?m nghi v?n: 1 | T? l? nghi v?n: 1.0 | M?c ??: 13.0
Youhu,Youhu,C?n ti?ng Anh nghi v?n: Youhu | S? t?/c?m nghi v?n: 1 | T? l? nghi v?n: 1.0 | M?c ??: 13.0
Francine,Francine,C?n ti?ng Anh nghi v?n: Francine | S? t?/c?m nghi v?n: 1 | T? l? nghi v?n: 1.0 | M?c ??: 13.0
Watch,Watch,C?n ti?ng Anh nghi v?n: Watch | S? t?/c?m nghi v?n: 1 | T? l? nghi v?n: 1.0 | M?c ??: 13.0
Zhezhi,Zhezhi,C?n ti?ng Anh nghi v?n: Zhezhi | S? t?/c?m nghi v?n: 1 | T? l? nghi v?n: 1.0 | M?c ??: 13.0
Fyffe,Fyffe,C?n ti?ng Anh nghi v?n: Fyffe | S? t?/c?m nghi v?n: 1 | T? l? nghi v?n: 1.0 | M?c ??: 13.0
Shuoxing,Shuoxing,C?n ti?ng Anh nghi v?n: Shuoxing | S? t?/c?m nghi v?n: 1 | T? l? nghi v?n: 1.0 | M?c ??: 13.0
Kseniya,Kseniya,C?n ti?ng Anh nghi v?n: Kseniya | S? t?/c?m nghi v?n: 1 | T? l? nghi v?n: 1.0 | M?c ??: 13.0
Yingzhu,Yingzhu,C?n ti?ng Anh nghi v?n: Yingzhu | S? t?/c?m nghi v?n: 1 | T? l? nghi v?n: 1.0 | M?c ??: 13.0
Sigridur,Sigridur,C?n ti?ng Anh nghi v?n: Sigridur | S? t?/c?m nghi v?n: 1 | T? l? nghi v?n: 1.0 | M?c ??: 13.0
"""Obsession""","""Obsession""",C?n ti?ng Anh nghi v?n: Obsession | S? t?/c?m nghi v?n: 1 | T? l? nghi v?n: 1.0 | M?c ??: 13.0
Scythina,Scythina,C?n ti?ng Anh nghi v?n: Scythina | S? t?/c?m nghi v?n: 1 | T? l? nghi v?n: 1.0 | M?c ??: 13.0
Rotate,Rotate,C?n ti?ng Anh nghi v?n: Rotate | S? t?/c?m nghi v?n: 1 | T? l? nghi v?n: 1.0 | M?c ??: 13.0
Ziheng,Ziheng,C?n ti?ng Anh nghi v?n: Ziheng | S? t?/c?m nghi v?n: 1 | T? l? nghi v?n: 1.0 | M?c ??: 13.0
Insert,Insert,C?n ti?ng Anh nghi v?n: Insert | S? t?/c?m nghi v?n: 1 | T? l? nghi v?n: 1.0 | M?c ??: 13.0
Cosima,Cosima,C?n ti?ng Anh nghi v?n: Cosima | S? t?/c?m nghi v?n: 1 | T? l? nghi v?n: 1.0 | M?c ??: 13.0
Gracia,Gracia,C?n ti?ng Anh nghi v?n: Gracia | S? t?/c?m nghi v?n: 1 | T? l? nghi v?n: 1.0 | M?c ??: 13.0
Tianheng,Tianheng,C?n ti?ng Anh nghi v?n: Tianheng | S? t?/c?m nghi v?n: 1 | T? l? nghi v?n: 1.0 | M?c ??: 13.0
Ecks,Ecks,C?n ti?ng Anh nghi v?n: Ecks | S? t?/c?m nghi v?n: 1 | T? l? nghi v?n: 1.0 | M?c ??: 13.0
Absorb,Absorb,C?n ti?ng Anh nghi v?n: Absorb | S? t?/c?m nghi v?n: 1 | T? l? nghi v?n: 1.0 | M?c ??: 13.0
Ozzy,Ozzy,C?n ti?ng Anh nghi v?n: Ozzy | S? t?/c?m nghi v?n: 1 | T? l? nghi v?n: 1.0 | M?c ??: 13.0
Yu,Yu,C?n ti?ng Anh nghi v?n: Yu | S? t?/c?m nghi v?n: 1 | T? l? nghi v?n: 1.0 | M?c ??: 13.0
Jingyu,Jingyu,C?n ti?ng Anh nghi v?n: Jingyu | S? t?/c?m nghi v?n: 1 | T? l? nghi v?n: 1.0 | M?c ??: 13.0
Lucarne,Lucarne,C?n ti?ng Anh nghi v?n: Lucarne | S? t?/c?m nghi v?n: 1 | T? l? nghi v?n: 1.0 | M?c ??: 13.0
Fjolsson,Fjolsson,C?n ti?ng Anh nghi v?n: Fjolsson | S? t?/c?m nghi v?n: 1 | T? l? nghi v?n: 1.0 | M?c ??: 13.0
Sylvester,Sylvester,C?n ti?ng Anh nghi v?n: Sylvester | S? t?/c?m nghi v?n: 1 | T? l? nghi v?n: 1.0 | M?c ??: 13.0
Galby,Galby,C?n ti?ng Anh nghi v?n: Galby | S? t?/c?m nghi v?n: 1 | T? l? nghi v?n: 1.0 | M?c ??: 13.0
Grimas,Grimas,C?n ti?ng Anh nghi v?n: Grimas | S? t?/c?m nghi v?n: 1 | T? l? nghi v?n: 1.0 | M?c ??: 13.0
Golem,Golem,C?n ti?ng Anh nghi v?n: Golem | S? t?/c?m nghi v?n: 1 | T? l? nghi v?n: 1.0 | M?c ??: 13.0
Jeloy,Jeloy,C?n ti?ng Anh nghi v?n: Jeloy | S? t?/c?m nghi v?n: 1 | T? l? nghi v?n: 1.0 | M?c ??: 13.0
Hualin,Hualin,C?n ti?ng Anh nghi v?n: Hualin | S? t?/c?m nghi v?n: 1 | T? l? nghi v?n: 1.0 | M?c ??: 13.0
Jingzhi,Jingzhi,C?n ti?ng Anh nghi v?n: Jingzhi | S? t?/c?m nghi v?n: 1 | T? l? nghi v?n: 1.0 | M?c ??: 13.0
Woodo,Woodo,C?n ti?ng Anh nghi v?n: Woodo | S? t?/c?m nghi v?n: 1 | T? l? nghi v?n: 1.0 | M?c ??: 13.0
Hug,Hug,C?n ti?ng Anh nghi v?n: Hug | S? t?/c?m nghi v?n: 1 | T? l? nghi v?n: 1.0 | M?c ??: 13.0
Mahe,Mahe,C?n ti?ng Anh nghi v?n: Mahe | S? t?/c?m nghi v?n: 1 | T? l? nghi v?n: 1.0 | M?c ??: 13.0
Daler,Daler,C?n ti?ng Anh nghi v?n: Daler | S? t?/c?m nghi v?n: 1 | T? l? nghi v?n: 1.0 | M?c ??: 13.0
Xianfeng,Xianfeng,C?n ti?ng Anh nghi v?n: Xianfeng | S? t?/c?m nghi v?n: 1 | T? l? nghi v?n: 1.0 | M?c ??: 13.0
Siran,Siran,C?n ti?ng Anh nghi v?n: Siran | S? t?/c?m nghi v?n: 1 | T? l? nghi v?n: 1.0 | M?c ??: 13.0
Loic,Loic,C?n ti?ng Anh nghi v?n: Loic | S? t?/c?m nghi v?n: 1 | T? l? nghi v?n: 1.0 | M?c ??: 13.0
Rasmus,Rasmus,C?n ti?ng Anh nghi v?n: Rasmus | S? t?/c?m nghi v?n: 1 | T? l? nghi v?n: 1.0 | M?c ??: 13.0
Melina,Melina,C?n ti?ng Anh nghi v?n: Melina | S? t?/c?m nghi v?n: 1 | T? l? nghi v?n: 1.0 | M?c ??: 13.0
Box,Box,C?n ti?ng Anh nghi v?n: Box | S? t?/c?m nghi v?n: 1 | T? l? nghi v?n: 1.0 | M?c ??: 13.0
Ludens,Ludens,C?n ti?ng Anh nghi v?n: Ludens | S? t?/c?m nghi v?n: 1 | T? l? nghi v?n: 1.0 | M?c ??: 13.0
Hecate,Hecate,C?n ti?ng Anh nghi v?n: Hecate | S? t?/c?m nghi v?n: 1 | T? l? nghi v?n: 1.0 | M?c ??: 13.0
Presenter,Presenter,C?n ti?ng Anh nghi v?n: Presenter | S? t?/c?m nghi v?n: 1 | T? l? nghi v?n: 1.0 | M?c ??: 13.0
Xingbai,Xingbai,C?n ti?ng Anh nghi v?n: Xingbai | S? t?/c?m nghi v?n: 1 | T? l? nghi v?n: 1.0 | M?c ??: 13.0
Hoven,Hoven,C?n ti?ng Anh nghi v?n: Hoven | S? t?/c?m nghi v?n: 1 | T? l? nghi v?n: 1.0 | M?c ??: 13.0
Nagasawa,Nagasawa,C?n ti?ng Anh nghi v?n: Nagasawa | S? t?/c?m nghi v?n: 1 | T? l? nghi v?n: 1.0 | M?c ??: 13.0
Lucas,Lucas,C?n ti?ng Anh nghi v?n: Lucas | S? t?/c?m nghi v?n: 1 | T? l? nghi v?n: 1.0 | M?c ??: 13.0
"""Peach""","""Peach""",C?n ti?ng Anh nghi v?n: Peach | S? t?/c?m nghi v?n: 1 | T? l? nghi v?n: 1.0 | M?c ??: 13.0
Sura,Sura,C?n ti?ng Anh nghi v?n: Sura | S? t?/c?m nghi v?n: 1 | T? l? nghi v?n: 1.0 | M?c ??: 13.0
Zahra,Zahra,C?n ti?ng Anh nghi v?n: Zahra | S? t?/c?m nghi v?n: 1 | T? l? nghi v?n: 1.0 | M?c ??: 13.0
Butterfly,Butterfly,C?n ti?ng Anh nghi v?n: Butterfly | S? t?/c?m nghi v?n: 1 | T? l? nghi v?n: 1.0 | M?c ??: 13.0
Danvers,Danvers,C?n ti?ng Anh nghi v?n: Danvers | S? t?/c?m nghi v?n: 1 | T? l? nghi v?n: 1.0 | M?c ??: 13.0
Huafeng,Huafeng,C?n ti?ng Anh nghi v?n: Huafeng | S? t?/c?m nghi v?n: 1 | T? l? nghi v?n: 1.0 | M?c ??: 13.0
Waystone,Waystone,C?n ti?ng Anh nghi v?n: Waystone | S? t?/c?m nghi v?n: 1 | T? l? nghi v?n: 1.0 | M?c ??: 13.0
Quinto,Quinto,C?n ti?ng Anh nghi v?n: Quinto | S? t?/c?m nghi v?n: 1 | T? l? nghi v?n: 1.0 | M?c ??: 13.0
Rixa,Rixa,C?n ti?ng Anh nghi v?n: Rixa | S? t?/c?m nghi v?n: 1 | T? l? nghi v?n: 1.0 | M?c ??: 13.0
placeholder,placeholder,C?n ti?ng Anh nghi v?n: placeholder | S? t?/c?m nghi v?n: 1 | T? l? nghi v?n: 1.0 | M?c ??: 13.0
Listen,Listen,C?n ti?ng Anh nghi v?n: Listen | S? t?/c?m nghi v?n: 1 | T? l? nghi v?n: 1.0 | M?c ??: 13.0
Poppe,Poppe,C?n ti?ng Anh nghi v?n: Poppe | S? t?/c?m nghi v?n: 1 | T? l? nghi v?n: 1.0 | M?c ??: 13.0
Dagren,Dagren,C?n ti?ng Anh nghi v?n: Dagren | S? t?/c?m nghi v?n: 1 | T? l? nghi v?n: 1.0 | M?c ??: 13.0
Listen,Listen,C?n ti?ng Anh nghi v?n: Listen | S? t?/c?m nghi v?n: 1 | T? l? nghi v?n: 1.0 | M?c ??: 13.0
Aurea,Aurea,C?n ti?ng Anh nghi v?n: Aurea | S? t?/c?m nghi v?n: 1 | T? l? nghi v?n: 1.0 | M?c ??: 13.0
Liuwen,Liuwen,C?n ti?ng Anh nghi v?n: Liuwen | S? t?/c?m nghi v?n: 1 | T? l? nghi v?n: 1.0 | M?c ??: 13.0
Leap Device,Thiết bị Leap,C?n ti?ng Anh nghi v?n: Leap | S? t?/c?m nghi v?n: 1 | T? l? nghi v?n: 1.0 | M?c ??: 13.0
Drusus,Drusus,C?n ti?ng Anh nghi v?n: Drusus | S? t?/c?m nghi v?n: 1 | T? l? nghi v?n: 1.0 | M?c ??: 13.0
Avdija,Avdija,C?n ti?ng Anh nghi v?n: Avdija | S? t?/c?m nghi v?n: 1 | T? l? nghi v?n: 1.0 | M?c ??: 13.0
Shui,Shui,C?n ti?ng Anh nghi v?n: Shui | S? t?/c?m nghi v?n: 1 | T? l? nghi v?n: 1.0 | M?c ??: 13.0
Luxite,Luxite,C?n ti?ng Anh nghi v?n: Luxite | S? t?/c?m nghi v?n: 1 | T? l? nghi v?n: 1.0 | M?c ??: 13.0
: Severedge,: Severedge,C?n ti?ng Anh nghi v?n: Severedge | S? t?/c?m nghi v?n: 1 | T? l? nghi v?n: 1.0 | M?c ??: 13.0
Depressed Montelli Member,Thành viên Montelli chán nản,C?n ti?ng Anh nghi v?n: Montelli | S? t?/c?m nghi v?n: 1 | T? l? nghi v?n: 1.0 | M?c ??: 13.0
Tisdale,Tisdale,C?n ti?ng Anh nghi v?n: Tisdale | S? t?/c?m nghi v?n: 1 | T? l? nghi v?n: 1.0 | M?c ??: 13.0
Emilia,Emilia,C?n ti?ng Anh nghi v?n: Emilia | S? t?/c?m nghi v?n: 1 | T? l? nghi v?n: 1.0 | M?c ??: 13.0
Minervaun,Minervaun,C?n ti?ng Anh nghi v?n: Minervaun | S? t?/c?m nghi v?n: 1 | T? l? nghi v?n: 1.0 | M?c ??: 13.0
Leave the Tethys System,Rời khỏi Tethys Hệ thống,C?n ti?ng Anh nghi v?n: Tethys | S? t?/c?m nghi v?n: 1 | T? l? nghi v?n: 1.0 | M?c ??: 13.0
Cassius,Cassius,C?n ti?ng Anh nghi v?n: Cassius | S? t?/c?m nghi v?n: 1 | T? l? nghi v?n: 1.0 | M?c ??: 13.0
Elevator,Elevator,C?n ti?ng Anh nghi v?n: Elevator | S? t?/c?m nghi v?n: 1 | T? l? nghi v?n: 1.0 | M?c ??: 13.0
: Guardian,: Guardian,C?n ti?ng Anh nghi v?n: Guardian | S? t?/c?m nghi v?n: 1 | T? l? nghi v?n: 1.0 | M?c ??: 13.0
Xuanyin,Xuanyin,C?n ti?ng Anh nghi v?n: Xuanyin | S? t?/c?m nghi v?n: 1 | T? l? nghi v?n: 1.0 | M?c ??: 13.0
Jason,Jason,C?n ti?ng Anh nghi v?n: Jason | S? t?/c?m nghi v?n: 1 | T? l? nghi v?n: 1.0 | M?c ??: 13.0
Teeny,Teeny,C?n ti?ng Anh nghi v?n: Teeny | S? t?/c?m nghi v?n: 1 | T? l? nghi v?n: 1.0 | M?c ??: 13.0
Josephson,Josephson,C?n ti?ng Anh nghi v?n: Josephson | S? t?/c?m nghi v?n: 1 | T? l? nghi v?n: 1.0 | M?c ??: 13.0
Sanderland,Sanderland,C?n ti?ng Anh nghi v?n: Sanderland | S? t?/c?m nghi v?n: 1 | T? l? nghi v?n: 1.0 | M?c ??: 13.0
Kanon,Kanon,C?n ti?ng Anh nghi v?n: Kanon | S? t?/c?m nghi v?n: 1 | T? l? nghi v?n: 1.0 | M?c ??: 13.0
Sigillum,Sigillum,C?n ti?ng Anh nghi v?n: Sigillum | S? t?/c?m nghi v?n: 1 | T? l? nghi v?n: 1.0 | M?c ??: 13.0
Tidjani,Tidjani,C?n ti?ng Anh nghi v?n: Tidjani | S? t?/c?m nghi v?n: 1 | T? l? nghi v?n: 1.0 | M?c ??: 13.0
Head to the Keystone,Đến Keystone,C?n ti?ng Anh nghi v?n: Keystone | S? t?/c?m nghi v?n: 1 | T? l? nghi v?n: 1.0 | M?c ??: 13.0
I'd like to hand in Windchimer,Tôi muốn nộp Windchimer,C?n ti?ng Anh nghi v?n: Windchimer | S? t?/c?m nghi v?n: 1 | T? l? nghi v?n: 1.0 | M?c ??: 13.0
John,John,C?n ti?ng Anh nghi v?n: John | S? t?/c?m nghi v?n: 1 | T? l? nghi v?n: 1.0 | M?c ??: 13.0
Trial of Perception III,Thử thách Nhận thức III,C?n ti?ng Anh nghi v?n: III | S? t?/c?m nghi v?n: 1 | T? l? nghi v?n: 1.0 | M?c ??: 13.0
Umbragricus,Umbragricus,C?n ti?ng Anh nghi v?n: Umbragricus | S? t?/c?m nghi v?n: 1 | T? l? nghi v?n: 1.0 | M?c ??: 13.0
Corleone,Corleone,C?n ti?ng Anh nghi v?n: Corleone | S? t?/c?m nghi v?n: 1 | T? l? nghi v?n: 1.0 | M?c ??: 13.0
Shangyun,Shangyun,C?n ti?ng Anh nghi v?n: Shangyun | S? t?/c?m nghi v?n: 1 | T? l? nghi v?n: 1.0 | M?c ??: 13.0
Xilan,Xilan,C?n ti?ng Anh nghi v?n: Xilan | S? t?/c?m nghi v?n: 1 | T? l? nghi v?n: 1.0 | M?c ??: 13.0
Fumiguruma,Fumiguruma,C?n ti?ng Anh nghi v?n: Fumiguruma | S? t?/c?m nghi v?n: 1 | T? l? nghi v?n: 1.0 | M?c ??: 13.0
Move,Move,C?n ti?ng Anh nghi v?n: Move | S? t?/c?m nghi v?n: 1 | T? l? nghi v?n: 1.0 | M?c ??: 13.0
Dovana,Dovana,C?n ti?ng Anh nghi v?n: Dovana | S? t?/c?m nghi v?n: 1 | T? l? nghi v?n: 1.0 | M?c ??: 13.0
Coywood,Coywood,C?n ti?ng Anh nghi v?n: Coywood | S? t?/c?m nghi v?n: 1 | T? l? nghi v?n: 1.0 | M?c ??: 13.0
Gondola Market,Chợ Gondola,C?n ti?ng Anh nghi v?n: Gondola | S? t?/c?m nghi v?n: 1 | T? l? nghi v?n: 1.0 | M?c ??: 13.0
Chet,Chet,C?n ti?ng Anh nghi v?n: Chet | S? t?/c?m nghi v?n: 1 | T? l? nghi v?n: 1.0 | M?c ??: 13.0
Adric,Adric,C?n ti?ng Anh nghi v?n: Adric | S? t?/c?m nghi v?n: 1 | T? l? nghi v?n: 1.0 | M?c ??: 13.0
Solya,Solya,C?n ti?ng Anh nghi v?n: Solya | S? t?/c?m nghi v?n: 1 | T? l? nghi v?n: 1.0 | M?c ??: 13.0
Claudio,Claudio,C?n ti?ng Anh nghi v?n: Claudio | S? t?/c?m nghi v?n: 1 | T? l? nghi v?n: 1.0 | M?c ??: 13.0
Inquire,Inquire,C?n ti?ng Anh nghi v?n: Inquire | S? t?/c?m nghi v?n: 1 | T? l? nghi v?n: 1.0 | M?c ??: 13.0
Breen the Screen,Breen Màn Hình,C?n ti?ng Anh nghi v?n: Breen | S? t?/c?m nghi v?n: 1 | T? l? nghi v?n: 1.0 | M?c ??: 13.0
Royan Doctor,Royan Bác Sĩ,C?n ti?ng Anh nghi v?n: Royan | S? t?/c?m nghi v?n: 1 | T? l? nghi v?n: 1.0 | M?c ??: 13.0
Leilen,Leilen,C?n ti?ng Anh nghi v?n: Leilen | S? t?/c?m nghi v?n: 1 | T? l? nghi v?n: 1.0 | M?c ??: 13.0
Activate the Keystone,Kích hoạt Keystone,C?n ti?ng Anh nghi v?n: Keystone | S? t?/c?m nghi v?n: 1 | T? l? nghi v?n: 1.0 | M?c ??: 13.0
Frostbiter,Frostbiter,C?n ti?ng Anh nghi v?n: Frostbiter | S? t?/c?m nghi v?n: 1 | T? l? nghi v?n: 1.0 | M?c ??: 13.0
Gulan,Gulan,C?n ti?ng Anh nghi v?n: Gulan | S? t?/c?m nghi v?n: 1 | T? l? nghi v?n: 1.0 | M?c ??: 13.0
Researcher Looking For Peep,Nhà Nghiên Cứu Đang Tìm Peep,C?n ti?ng Anh nghi v?n: Peep | S? t?/c?m nghi v?n: 1 | T? l? nghi v?n: 1.0 | M?c ??: 13.0
Decima,Decima,C?n ti?ng Anh nghi v?n: Decima | S? t?/c?m nghi v?n: 1 | T? l? nghi v?n: 1.0 | M?c ??: 13.0
Klein,Klein,C?n ti?ng Anh nghi v?n: Klein | S? t?/c?m nghi v?n: 1 | T? l? nghi v?n: 1.0 | M?c ??: 13.0
Su,Su,C?n ti?ng Anh nghi v?n: Su | S? t?/c?m nghi v?n: 1 | T? l? nghi v?n: 1.0 | M?c ??: 13.0
Xiyue,Xiyue,C?n ti?ng Anh nghi v?n: Xiyue | S? t?/c?m nghi v?n: 1 | T? l? nghi v?n: 1.0 | M?c ??: 13.0
Dion,Dion,C?n ti?ng Anh nghi v?n: Dion | S? t?/c?m nghi v?n: 1 | T? l? nghi v?n: 1.0 | M?c ??: 13.0
Awei,Awei,C?n ti?ng Anh nghi v?n: Awei | S? t?/c?m nghi v?n: 1 | T? l? nghi v?n: 1.0 | M?c ??: 13.0
Activate the Lumescribe Emitter,Kích hoạt Bộ Phát Lumescribe,C?n ti?ng Anh nghi v?n: Lumescribe | S? t?/c?m nghi v?n: 1 | T? l? nghi v?n: 1.0 | M?c ??: 13.0
Ellave,Ellave,C?n ti?ng Anh nghi v?n: Ellave | S? t?/c?m nghi v?n: 1 | T? l? nghi v?n: 1.0 | M?c ??: 13.0
Silenta,Silenta,C?n ti?ng Anh nghi v?n: Silenta | S? t?/c?m nghi v?n: 1 | T? l? nghi v?n: 1.0 | M?c ??: 13.0
Repair,Repair,C?n ti?ng Anh nghi v?n: Repair | S? t?/c?m nghi v?n: 1 | T? l? nghi v?n: 1.0 | M?c ??: 13.0
Vennik,Vennik,C?n ti?ng Anh nghi v?n: Vennik | S? t?/c?m nghi v?n: 1 | T? l? nghi v?n: 1.0 | M?c ??: 13.0
Sizhe,Sizhe,C?n ti?ng Anh nghi v?n: Sizhe | S? t?/c?m nghi v?n: 1 | T? l? nghi v?n: 1.0 | M?c ??: 13.0
Dreamless,Dreamless,C?n ti?ng Anh nghi v?n: Dreamless | S? t?/c?m nghi v?n: 1 | T? l? nghi v?n: 1.0 | M?c ??: 13.0
Heller,Heller,C?n ti?ng Anh nghi v?n: Heller | S? t?/c?m nghi v?n: 1 | T? l? nghi v?n: 1.0 | M?c ??: 13.0
Floramber,Floramber,C?n ti?ng Anh nghi v?n: Floramber | S? t?/c?m nghi v?n: 1 | T? l? nghi v?n: 1.0 | M?c ??: 13.0
Licinia,Licinia,C?n ti?ng Anh nghi v?n: Licinia | S? t?/c?m nghi v?n: 1 | T? l? nghi v?n: 1.0 | M?c ??: 13.0
Adelman,Adelman,C?n ti?ng Anh nghi v?n: Adelman | S? t?/c?m nghi v?n: 1 | T? l? nghi v?n: 1.0 | M?c ??: 13.0
Rense,Rense,C?n ti?ng Anh nghi v?n: Rense | S? t?/c?m nghi v?n: 1 | T? l? nghi v?n: 1.0 | M?c ??: 13.0
Corrado,Corrado,C?n ti?ng Anh nghi v?n: Corrado | S? t?/c?m nghi v?n: 1 | T? l? nghi v?n: 1.0 | M?c ??: 13.0
Cosmos,Cosmos,C?n ti?ng Anh nghi v?n: Cosmos | S? t?/c?m nghi v?n: 1 | T? l? nghi v?n: 1.0 | M?c ??: 13.0
Danyu,Danyu,C?n ti?ng Anh nghi v?n: Danyu | S? t?/c?m nghi v?n: 1 | T? l? nghi v?n: 1.0 | M?c ??: 13.0
Rest,Rest,C?n ti?ng Anh nghi v?n: Rest | S? t?/c?m nghi v?n: 1 | T? l? nghi v?n: 1.0 | M?c ??: 13.0
Feed,Feed,C?n ti?ng Anh nghi v?n: Feed | S? t?/c?m nghi v?n: 1 | T? l? nghi v?n: 1.0 | M?c ??: 13.0
Chenyue,Chenyue,C?n ti?ng Anh nghi v?n: Chenyue | S? t?/c?m nghi v?n: 1 | T? l? nghi v?n: 1.0 | M?c ??: 13.0
HA,HA,C?n ti?ng Anh nghi v?n: HA | S? t?/c?m nghi v?n: 1 | T? l? nghi v?n: 1.0 | M?c ??: 13.0
Detonate,Detonate,C?n ti?ng Anh nghi v?n: Detonate | S? t?/c?m nghi v?n: 1 | T? l? nghi v?n: 1.0 | M?c ??: 13.0
Ult,Ult,C?n ti?ng Anh nghi v?n: Ult | S? t?/c?m nghi v?n: 1 | T? l? nghi v?n: 1.0 | M?c ??: 13.0
HA,HA,C?n ti?ng Anh nghi v?n: HA | S? t?/c?m nghi v?n: 1 | T? l? nghi v?n: 1.0 | M?c ??: 13.0
Ult,Ult,C?n ti?ng Anh nghi v?n: Ult | S? t?/c?m nghi v?n: 1 | T? l? nghi v?n: 1.0 | M?c ??: 13.0
HA,HA,C?n ti?ng Anh nghi v?n: HA | S? t?/c?m nghi v?n: 1 | T? l? nghi v?n: 1.0 | M?c ??: 13.0
Ult,Ult,C?n ti?ng Anh nghi v?n: Ult | S? t?/c?m nghi v?n: 1 | T? l? nghi v?n: 1.0 | M?c ??: 13.0
HA,HA,C?n ti?ng Anh nghi v?n: HA | S? t?/c?m nghi v?n: 1 | T? l? nghi v?n: 1.0 | M?c ??: 13.0
HA,HA,C?n ti?ng Anh nghi v?n: HA | S? t?/c?m nghi v?n: 1 | T? l? nghi v?n: 1.0 | M?c ??: 13.0
Ult,Ult,C?n ti?ng Anh nghi v?n: Ult | S? t?/c?m nghi v?n: 1 | T? l? nghi v?n: 1.0 | M?c ??: 13.0
Ult,Ult,C?n ti?ng Anh nghi v?n: Ult | S? t?/c?m nghi v?n: 1 | T? l? nghi v?n: 1.0 | M?c ??: 13.0
Ult,Ult,C?n ti?ng Anh nghi v?n: Ult | S? t?/c?m nghi v?n: 1 | T? l? nghi v?n: 1.0 | M?c ??: 13.0
HA,HA,C?n ti?ng Anh nghi v?n: HA | S? t?/c?m nghi v?n: 1 | T? l? nghi v?n: 1.0 | M?c ??: 13.0
HA,HA,C?n ti?ng Anh nghi v?n: HA | S? t?/c?m nghi v?n: 1 | T? l? nghi v?n: 1.0 | M?c ??: 13.0
HA,HA,C?n ti?ng Anh nghi v?n: HA | S? t?/c?m nghi v?n: 1 | T? l? nghi v?n: 1.0 | M?c ??: 13.0
HA,HA,C?n ti?ng Anh nghi v?n: HA | S? t?/c?m nghi v?n: 1 | T? l? nghi v?n: 1.0 | M?c ??: 13.0
HA,HA,C?n ti?ng Anh nghi v?n: HA | S? t?/c?m nghi v?n: 1 | T? l? nghi v?n: 1.0 | M?c ??: 13.0
Ult,Ult,C?n ti?ng Anh nghi v?n: Ult | S? t?/c?m nghi v?n: 1 | T? l? nghi v?n: 1.0 | M?c ??: 13.0
HA,HA,C?n ti?ng Anh nghi v?n: HA | S? t?/c?m nghi v?n: 1 | T? l? nghi v?n: 1.0 | M?c ??: 13.0
HA,HA,C?n ti?ng Anh nghi v?n: HA | S? t?/c?m nghi v?n: 1 | T? l? nghi v?n: 1.0 | M?c ??: 13.0
Ult,Ult,C?n ti?ng Anh nghi v?n: Ult | S? t?/c?m nghi v?n: 1 | T? l? nghi v?n: 1.0 | M?c ??: 13.0
Plunging+,Plunging+,C?n ti?ng Anh nghi v?n: Plunging | S? t?/c?m nghi v?n: 1 | T? l? nghi v?n: 1.0 | M?c ??: 13.0
Charge,Charge,C?n ti?ng Anh nghi v?n: Charge | S? t?/c?m nghi v?n: 1 | T? l? nghi v?n: 1.0 | M?c ??: 13.0
Charge,Charge,C?n ti?ng Anh nghi v?n: Charge | S? t?/c?m nghi v?n: 1 | T? l? nghi v?n: 1.0 | M?c ??: 13.0
HA,HA,C?n ti?ng Anh nghi v?n: HA | S? t?/c?m nghi v?n: 1 | T? l? nghi v?n: 1.0 | M?c ??: 13.0
Aim,Aim,C?n ti?ng Anh nghi v?n: Aim | S? t?/c?m nghi v?n: 1 | T? l? nghi v?n: 1.0 | M?c ??: 13.0
Shoot,Shoot,C?n ti?ng Anh nghi v?n: Shoot | S? t?/c?m nghi v?n: 1 | T? l? nghi v?n: 1.0 | M?c ??: 13.0
Shoot,Shoot,C?n ti?ng Anh nghi v?n: Shoot | S? t?/c?m nghi v?n: 1 | T? l? nghi v?n: 1.0 | M?c ??: 13.0
Dodge,Dodge,C?n ti?ng Anh nghi v?n: Dodge | S? t?/c?m nghi v?n: 1 | T? l? nghi v?n: 1.0 | M?c ??: 13.0
Ult,Ult,C?n ti?ng Anh nghi v?n: Ult | S? t?/c?m nghi v?n: 1 | T? l? nghi v?n: 1.0 | M?c ??: 13.0
Ult,Ult,C?n ti?ng Anh nghi v?n: Ult | S? t?/c?m nghi v?n: 1 | T? l? nghi v?n: 1.0 | M?c ??: 13.0
Ult,Ult,C?n ti?ng Anh nghi v?n: Ult | S? t?/c?m nghi v?n: 1 | T? l? nghi v?n: 1.0 | M?c ??: 13.0
HA,HA,C?n ti?ng Anh nghi v?n: HA | S? t?/c?m nghi v?n: 1 | T? l? nghi v?n: 1.0 | M?c ??: 13.0
Aftertune,Aftertune,C?n ti?ng Anh nghi v?n: Aftertune | S? t?/c?m nghi v?n: 1 | T? l? nghi v?n: 1.0 | M?c ??: 13.0
Ult,Ult,C?n ti?ng Anh nghi v?n: Ult | S? t?/c?m nghi v?n: 1 | T? l? nghi v?n: 1.0 | M?c ??: 13.0
HA,HA,C?n ti?ng Anh nghi v?n: HA | S? t?/c?m nghi v?n: 1 | T? l? nghi v?n: 1.0 | M?c ??: 13.0
Aftertune,Aftertune,C?n ti?ng Anh nghi v?n: Aftertune | S? t?/c?m nghi v?n: 1 | T? l? nghi v?n: 1.0 | M?c ??: 13.0
Ult,Ult,C?n ti?ng Anh nghi v?n: Ult | S? t?/c?m nghi v?n: 1 | T? l? nghi v?n: 1.0 | M?c ??: 13.0
HA,HA,C?n ti?ng Anh nghi v?n: HA | S? t?/c?m nghi v?n: 1 | T? l? nghi v?n: 1.0 | M?c ??: 13.0
HA,HA,C?n ti?ng Anh nghi v?n: HA | S? t?/c?m nghi v?n: 1 | T? l? nghi v?n: 1.0 | M?c ??: 13.0
HA,HA,C?n ti?ng Anh nghi v?n: HA | S? t?/c?m nghi v?n: 1 | T? l? nghi v?n: 1.0 | M?c ??: 13.0
Ult,Ult,C?n ti?ng Anh nghi v?n: Ult | S? t?/c?m nghi v?n: 1 | T? l? nghi v?n: 1.0 | M?c ??: 13.0
HA,HA,C?n ti?ng Anh nghi v?n: HA | S? t?/c?m nghi v?n: 1 | T? l? nghi v?n: 1.0 | M?c ??: 13.0
HA Start,Bắt đầu HA,C?n ti?ng Anh nghi v?n: HA | S? t?/c?m nghi v?n: 1 | T? l? nghi v?n: 1.0 | M?c ??: 13.0
Ult,Ult,C?n ti?ng Anh nghi v?n: Ult | S? t?/c?m nghi v?n: 1 | T? l? nghi v?n: 1.0 | M?c ??: 13.0
HA Start,Bắt đầu HA,C?n ti?ng Anh nghi v?n: HA | S? t?/c?m nghi v?n: 1 | T? l? nghi v?n: 1.0 | M?c ??: 13.0
Parry,Parry,C?n ti?ng Anh nghi v?n: Parry | S? t?/c?m nghi v?n: 1 | T? l? nghi v?n: 1.0 | M?c ??: 13.0
Parry,Parry,C?n ti?ng Anh nghi v?n: Parry | S? t?/c?m nghi v?n: 1 | T? l? nghi v?n: 1.0 | M?c ??: 13.0
HA,HA,C?n ti?ng Anh nghi v?n: HA | S? t?/c?m nghi v?n: 1 | T? l? nghi v?n: 1.0 | M?c ??: 13.0
HA,HA,C?n ti?ng Anh nghi v?n: HA | S? t?/c?m nghi v?n: 1 | T? l? nghi v?n: 1.0 | M?c ??: 13.0
Ult,Ult,C?n ti?ng Anh nghi v?n: Ult | S? t?/c?m nghi v?n: 1 | T? l? nghi v?n: 1.0 | M?c ??: 13.0
HA,HA,C?n ti?ng Anh nghi v?n: HA | S? t?/c?m nghi v?n: 1 | T? l? nghi v?n: 1.0 | M?c ??: 13.0
Ult,Ult,C?n ti?ng Anh nghi v?n: Ult | S? t?/c?m nghi v?n: 1 | T? l? nghi v?n: 1.0 | M?c ??: 13.0
Instantly,Instantly,C?n ti?ng Anh nghi v?n: Instantly | S? t?/c?m nghi v?n: 1 | T? l? nghi v?n: 1.0 | M?c ??: 13.0
Dodge,Dodge,C?n ti?ng Anh nghi v?n: Dodge | S? t?/c?m nghi v?n: 1 | T? l? nghi v?n: 1.0 | M?c ??: 13.0
Hold Combo,Giữ Combo,C?n ti?ng Anh nghi v?n: Combo | S? t?/c?m nghi v?n: 1 | T? l? nghi v?n: 1.0 | M?c ??: 13.0
Charge,Charge,C?n ti?ng Anh nghi v?n: Charge | S? t?/c?m nghi v?n: 1 | T? l? nghi v?n: 1.0 | M?c ??: 13.0
Wait for Ult to end,Chờ Ult kết thúc,C?n ti?ng Anh nghi v?n: Ult | S? t?/c?m nghi v?n: 1 | T? l? nghi v?n: 1.0 | M?c ??: 13.0
HA 1,HA 1,C?n ti?ng Anh nghi v?n: HA | S? t?/c?m nghi v?n: 1 | T? l? nghi v?n: 1.0 | M?c ??: 13.0
HA 2,HA 2,C?n ti?ng Anh nghi v?n: HA | S? t?/c?m nghi v?n: 1 | T? l? nghi v?n: 1.0 | M?c ??: 13.0
HA 3,HA 3,C?n ti?ng Anh nghi v?n: HA | S? t?/c?m nghi v?n: 1 | T? l? nghi v?n: 1.0 | M?c ??: 13.0
Synthesizer,Synthesizer,C?n ti?ng Anh nghi v?n: Synthesizer | S? t?/c?m nghi v?n: 1 | T? l? nghi v?n: 1.0 | M?c ??: 13.0
Immobilize,Immobilize,C?n ti?ng Anh nghi v?n: Immobilize | S? t?/c?m nghi v?n: 1 | T? l? nghi v?n: 1.0 | M?c ??: 13.0
Counterattack,Counterattack,C?n ti?ng Anh nghi v?n: Counterattack | S? t?/c?m nghi v?n: 1 | T? l? nghi v?n: 1.0 | M?c ??: 13.0
Dodge,Dodge,C?n ti?ng Anh nghi v?n: Dodge | S? t?/c?m nghi v?n: 1 | T? l? nghi v?n: 1.0 | M?c ??: 13.0
Immobilize,Immobilize,C?n ti?ng Anh nghi v?n: Immobilize | S? t?/c?m nghi v?n: 1 | T? l? nghi v?n: 1.0 | M?c ??: 13.0
Sensor,Sensor,C?n ti?ng Anh nghi v?n: Sensor | S? t?/c?m nghi v?n: 1 | T? l? nghi v?n: 1.0 | M?c ??: 13.0
Rally,Rally,C?n ti?ng Anh nghi v?n: Rally | S? t?/c?m nghi v?n: 1 | T? l? nghi v?n: 1.0 | M?c ??: 13.0
Mutterfly,Mutterfly,C?n ti?ng Anh nghi v?n: Mutterfly | S? t?/c?m nghi v?n: 1 | T? l? nghi v?n: 1.0 | M?c ??: 13.0
Crownless,Crownless,C?n ti?ng Anh nghi v?n: Crownless | S? t?/c?m nghi v?n: 1 | T? l? nghi v?n: 1.0 | M?c ??: 13.0
Roseshroom,Roseshroom,C?n ti?ng Anh nghi v?n: Roseshroom | S? t?/c?m nghi v?n: 1 | T? l? nghi v?n: 1.0 | M?c ??: 13.0
Excarat,Excarat,C?n ti?ng Anh nghi v?n: Excarat | S? t?/c?m nghi v?n: 1 | T? l? nghi v?n: 1.0 | M?c ??: 13.0
Kerasaur,Kerasaur,C?n ti?ng Anh nghi v?n: Kerasaur | S? t?/c?m nghi v?n: 1 | T? l? nghi v?n: 1.0 | M?c ??: 13.0
Gladiator,Gladiator,C?n ti?ng Anh nghi v?n: Gladiator | S? t?/c?m nghi v?n: 1 | T? l? nghi v?n: 1.0 | M?c ??: 13.0
Cartethyia,Cartethyia,C?n ti?ng Anh nghi v?n: Cartethyia | S? t?/c?m nghi v?n: 1 | T? l? nghi v?n: 1.0 | M?c ??: 13.0
Transducer,Transducer,C?n ti?ng Anh nghi v?n: Transducer | S? t?/c?m nghi v?n: 1 | T? l? nghi v?n: 1.0 | M?c ??: 13.0
Overdashing Module,Overdashing Mô-đun,C?n ti?ng Anh nghi v?n: Overdashing | S? t?/c?m nghi v?n: 1 | T? l? nghi v?n: 1.0 | M?c ??: 13.0
Grapple,Grapple,C?n ti?ng Anh nghi v?n: Grapple | S? t?/c?m nghi v?n: 1 | T? l? nghi v?n: 1.0 | M?c ??: 13.0
Flobble,Flobble,C?n ti?ng Anh nghi v?n: Flobble | S? t?/c?m nghi v?n: 1 | T? l? nghi v?n: 1.0 | M?c ??: 13.0
Blobfly,Blobfly,C?n ti?ng Anh nghi v?n: Blobfly | S? t?/c?m nghi v?n: 1 | T? l? nghi v?n: 1.0 | M?c ??: 13.0
Backflip,Backflip,C?n ti?ng Anh nghi v?n: Backflip | S? t?/c?m nghi v?n: 1 | T? l? nghi v?n: 1.0 | M?c ??: 13.0
Speedrail,Speedrail,C?n ti?ng Anh nghi v?n: Speedrail | S? t?/c?m nghi v?n: 1 | T? l? nghi v?n: 1.0 | M?c ??: 13.0
Modulation,Modulation,C?n ti?ng Anh nghi v?n: Modulation | S? t?/c?m nghi v?n: 1 | T? l? nghi v?n: 1.0 | M?c ??: 13.0
Suppressor,Suppressor,C?n ti?ng Anh nghi v?n: Suppressor | S? t?/c?m nghi v?n: 1 | T? l? nghi v?n: 1.0 | M?c ??: 13.0
Mud,Mud,C?n ti?ng Anh nghi v?n: Mud | S? t?/c?m nghi v?n: 1 | T? l? nghi v?n: 1.0 | M?c ??: 13.0
Convene Details,Triệu Tập Details,C?n ti?ng Anh nghi v?n: Details | S? t?/c?m nghi v?n: 1 | T? l? nghi v?n: 1.0 | M?c ??: 13.0
Lunite Subscription,Đăng Ký Lunite,C?n ti?ng Anh nghi v?n: Lunite | S? t?/c?m nghi v?n: 1 | T? l? nghi v?n: 1.0 | M?c ??: 13.0
Parkour,Parkour,C?n ti?ng Anh nghi v?n: Parkour | S? t?/c?m nghi v?n: 1 | T? l? nghi v?n: 1.0 | M?c ??: 13.0
Parkour,Parkour,C?n ti?ng Anh nghi v?n: Parkour | S? t?/c?m nghi v?n: 1 | T? l? nghi v?n: 1.0 | M?c ??: 13.0
Duelist Level,Cấp độ Duelist,C?n ti?ng Anh nghi v?n: Duelist | S? t?/c?m nghi v?n: 1 | T? l? nghi v?n: 1.0 | M?c ??: 13.0
Windrider Project,Dự án Windrider,C?n ti?ng Anh nghi v?n: Windrider | S? t?/c?m nghi v?n: 1 | T? l? nghi v?n: 1.0 | M?c ??: 13.0
Lootmapper,Lootmapper,C?n ti?ng Anh nghi v?n: Lootmapper | S? t?/c?m nghi v?n: 1 | T? l? nghi v?n: 1.0 | M?c ??: 13.0
Waypoint,Waypoint,C?n ti?ng Anh nghi v?n: Waypoint | S? t?/c?m nghi v?n: 1 | T? l? nghi v?n: 1.0 | M?c ??: 13.0
Somnoire,Somnoire,C?n ti?ng Anh nghi v?n: Somnoire | S? t?/c?m nghi v?n: 1 | T? l? nghi v?n: 1.0 | M?c ??: 13.0
Somnoire,Somnoire,C?n ti?ng Anh nghi v?n: Somnoire | S? t?/c?m nghi v?n: 1 | T? l? nghi v?n: 1.0 | M?c ??: 13.0
Union Level Upgrade,Nâng cấp Cấp Độ Union,C?n ti?ng Anh nghi v?n: Union | S? t?/c?m nghi v?n: 1 | T? l? nghi v?n: 1.0 | M?c ??: 13.0
Backpack Interface,Túi đồ Interface,C?n ti?ng Anh nghi v?n: Interface | S? t?/c?m nghi v?n: 1 | T? l? nghi v?n: 1.0 | M?c ??: 13.0
Synthesis,Synthesis,C?n ti?ng Anh nghi v?n: Synthesis | S? t?/c?m nghi v?n: 1 | T? l? nghi v?n: 1.0 | M?c ??: 13.0
Recovery,Recovery,C?n ti?ng Anh nghi v?n: Recovery | S? t?/c?m nghi v?n: 1 | T? l? nghi v?n: 1.0 | M?c ??: 13.0
Counterattack,Counterattack,C?n ti?ng Anh nghi v?n: Counterattack | S? t?/c?m nghi v?n: 1 | T? l? nghi v?n: 1.0 | M?c ??: 13.0
Dodge,Dodge,C?n ti?ng Anh nghi v?n: Dodge | S? t?/c?m nghi v?n: 1 | T? l? nghi v?n: 1.0 | M?c ??: 13.0
Immobilize,Immobilize,C?n ti?ng Anh nghi v?n: Immobilize | S? t?/c?m nghi v?n: 1 | T? l? nghi v?n: 1.0 | M?c ??: 13.0
Grapple,Grapple,C?n ti?ng Anh nghi v?n: Grapple | S? t?/c?m nghi v?n: 1 | T? l? nghi v?n: 1.0 | M?c ??: 13.0
Sensor,Sensor,C?n ti?ng Anh nghi v?n: Sensor | S? t?/c?m nghi v?n: 1 | T? l? nghi v?n: 1.0 | M?c ??: 13.0
Utility: Grapple,Công cụ: Grapple,C?n ti?ng Anh nghi v?n: Grapple | S? t?/c?m nghi v?n: 1 | T? l? nghi v?n: 1.0 | M?c ??: 13.0
Utility: Levitator,Công cụ: Levitator,C?n ti?ng Anh nghi v?n: Levitator | S? t?/c?m nghi v?n: 1 | T? l? nghi v?n: 1.0 | M?c ??: 13.0
Rally,Rally,C?n ti?ng Anh nghi v?n: Rally | S? t?/c?m nghi v?n: 1 | T? l? nghi v?n: 1.0 | M?c ??: 13.0
Crownless,Crownless,C?n ti?ng Anh nghi v?n: Crownless | S? t?/c?m nghi v?n: 1 | T? l? nghi v?n: 1.0 | M?c ??: 13.0
Roseshroom,Roseshroom,C?n ti?ng Anh nghi v?n: Roseshroom | S? t?/c?m nghi v?n: 1 | T? l? nghi v?n: 1.0 | M?c ??: 13.0
Excarat,Excarat,C?n ti?ng Anh nghi v?n: Excarat | S? t?/c?m nghi v?n: 1 | T? l? nghi v?n: 1.0 | M?c ??: 13.0
Kerasaur,Kerasaur,C?n ti?ng Anh nghi v?n: Kerasaur | S? t?/c?m nghi v?n: 1 | T? l? nghi v?n: 1.0 | M?c ??: 13.0
Gladiator,Gladiator,C?n ti?ng Anh nghi v?n: Gladiator | S? t?/c?m nghi v?n: 1 | T? l? nghi v?n: 1.0 | M?c ??: 13.0
Cartethyia,Cartethyia,C?n ti?ng Anh nghi v?n: Cartethyia | S? t?/c?m nghi v?n: 1 | T? l? nghi v?n: 1.0 | M?c ??: 13.0
Fleurdelys,Fleurdelys,C?n ti?ng Anh nghi v?n: Fleurdelys | S? t?/c?m nghi v?n: 1 | T? l? nghi v?n: 1.0 | M?c ??: 13.0
Corroder,Corroder,C?n ti?ng Anh nghi v?n: Corroder | S? t?/c?m nghi v?n: 1 | T? l? nghi v?n: 1.0 | M?c ??: 13.0
Spikes,Spikes,C?n ti?ng Anh nghi v?n: Spikes | S? t?/c?m nghi v?n: 1 | T? l? nghi v?n: 1.0 | M?c ??: 13.0
Transducer,Transducer,C?n ti?ng Anh nghi v?n: Transducer | S? t?/c?m nghi v?n: 1 | T? l? nghi v?n: 1.0 | M?c ??: 13.0
Module: Speed,Mô-đun: Speed,C?n ti?ng Anh nghi v?n: Speed | S? t?/c?m nghi v?n: 1 | T? l? nghi v?n: 1.0 | M?c ??: 13.0
Module: Slow,Mô-đun: Slow,C?n ti?ng Anh nghi v?n: Slow | S? t?/c?m nghi v?n: 1 | T? l? nghi v?n: 1.0 | M?c ??: 13.0
Flobble,Flobble,C?n ti?ng Anh nghi v?n: Flobble | S? t?/c?m nghi v?n: 1 | T? l? nghi v?n: 1.0 | M?c ??: 13.0
Blobfly,Blobfly,C?n ti?ng Anh nghi v?n: Blobfly | S? t?/c?m nghi v?n: 1 | T? l? nghi v?n: 1.0 | M?c ??: 13.0
Backflip,Backflip,C?n ti?ng Anh nghi v?n: Backflip | S? t?/c?m nghi v?n: 1 | T? l? nghi v?n: 1.0 | M?c ??: 13.0
Occuyping a Banner,Chiếm Giữ Banner,C?n ti?ng Anh nghi v?n: Banner | S? t?/c?m nghi v?n: 1 | T? l? nghi v?n: 1.0 | M?c ??: 13.0
Transform II,Biến Đổi II,C?n ti?ng Anh nghi v?n: II | S? t?/c?m nghi v?n: 1 | T? l? nghi v?n: 1.0 | M?c ??: 13.0
Transform III,Biến Đổi III,C?n ti?ng Anh nghi v?n: III | S? t?/c?m nghi v?n: 1 | T? l? nghi v?n: 1.0 | M?c ??: 13.0
Transform I,Biến Đổi I,C?n ti?ng Anh nghi v?n: I | S? t?/c?m nghi v?n: 1 | T? l? nghi v?n: 1.0 | M?c ??: 13.0
Mutterfly,Mutterfly,C?n ti?ng Anh nghi v?n: Mutterfly | S? t?/c?m nghi v?n: 1 | T? l? nghi v?n: 1.0 | M?c ??: 13.0
Suppressor,Suppressor,C?n ti?ng Anh nghi v?n: Suppressor | S? t?/c?m nghi v?n: 1 | T? l? nghi v?n: 1.0 | M?c ??: 13.0
Mud,Mud,C?n ti?ng Anh nghi v?n: Mud | S? t?/c?m nghi v?n: 1 | T? l? nghi v?n: 1.0 | M?c ??: 13.0
"About ""Traces of Mt. Firmament""","Về ""Dấu Vết Núi Firmament""",C?n ti?ng Anh nghi v?n: Firmament | S? t?/c?m nghi v?n: 1 | T? l? nghi v?n: 1.0 | M?c ??: 13.0
Activate the Circuit,Kích Hoạt Mạch Circuit,C?n ti?ng Anh nghi v?n: Circuit | S? t?/c?m nghi v?n: 1 | T? l? nghi v?n: 1.0 | M?c ??: 13.0
Popularity,Popularity,C?n ti?ng Anh nghi v?n: Popularity | S? t?/c?m nghi v?n: 1 | T? l? nghi v?n: 1.0 | M?c ??: 13.0
Companions,Companions,C?n ti?ng Anh nghi v?n: Companions | S? t?/c?m nghi v?n: 1 | T? l? nghi v?n: 1.0 | M?c ??: 13.0
Durability,Durability,C?n ti?ng Anh nghi v?n: Durability | S? t?/c?m nghi v?n: 1 | T? l? nghi v?n: 1.0 | M?c ??: 13.0
Fame,Fame,C?n ti?ng Anh nghi v?n: Fame | S? t?/c?m nghi v?n: 1 | T? l? nghi v?n: 1.0 | M?c ??: 13.0
Chronosorter,Chronosorter,C?n ti?ng Anh nghi v?n: Chronosorter | S? t?/c?m nghi v?n: 1 | T? l? nghi v?n: 1.0 | M?c ??: 13.0
Leap Device,Thiết bị Leap,C?n ti?ng Anh nghi v?n: Leap | S? t?/c?m nghi v?n: 1 | T? l? nghi v?n: 1.0 | M?c ??: 13.0
Windchimer,Windchimer,C?n ti?ng Anh nghi v?n: Windchimer | S? t?/c?m nghi v?n: 1 | T? l? nghi v?n: 1.0 | M?c ??: 13.0
Frostbug,Frostbug,C?n ti?ng Anh nghi v?n: Frostbug | S? t?/c?m nghi v?n: 1 | T? l? nghi v?n: 1.0 | M?c ??: 13.0
About the Tales from Mt. Firmament,Về Những Câu Chuyện từ Núi Firmament,C?n ti?ng Anh nghi v?n: Firmament | S? t?/c?m nghi v?n: 1 | T? l? nghi v?n: 1.0 | M?c ??: 13.0
Leap Device,Thiết bị Leap,C?n ti?ng Anh nghi v?n: Leap | S? t?/c?m nghi v?n: 1 | T? l? nghi v?n: 1.0 | M?c ??: 13.0
Windchimer,Windchimer,C?n ti?ng Anh nghi v?n: Windchimer | S? t?/c?m nghi v?n: 1 | T? l? nghi v?n: 1.0 | M?c ??: 13.0
Ski,Ski,C?n ti?ng Anh nghi v?n: Ski | S? t?/c?m nghi v?n: 1 | T? l? nghi v?n: 1.0 | M?c ??: 13.0
Frostbug,Frostbug,C?n ti?ng Anh nghi v?n: Frostbug | S? t?/c?m nghi v?n: 1 | T? l? nghi v?n: 1.0 | M?c ??: 13.0
Aetherfin Challenge,Thử Thách Aetherfin,C?n ti?ng Anh nghi v?n: Aetherfin | S? t?/c?m nghi v?n: 1 | T? l? nghi v?n: 1.0 | M?c ??: 13.0
Barriers,Barriers,C?n ti?ng Anh nghi v?n: Barriers | S? t?/c?m nghi v?n: 1 | T? l? nghi v?n: 1.0 | M?c ??: 13.0
Use the Portal to Clear Corruption,Sử Dụng Cổng Để Xóa Corruption,C?n ti?ng Anh nghi v?n: Corruption | S? t?/c?m nghi v?n: 1 | T? l? nghi v?n: 1.0 | M?c ??: 13.0
Barriers,Barriers,C?n ti?ng Anh nghi v?n: Barriers | S? t?/c?m nghi v?n: 1 | T? l? nghi v?n: 1.0 | M?c ??: 13.0
Email Linking Rewards,Phần thưởng liên kết Email,C?n ti?ng Anh nghi v?n: Email | S? t?/c?m nghi v?n: 1 | T? l? nghi v?n: 1.0 | M?c ??: 13.0
Rules,Rules,C?n ti?ng Anh nghi v?n: Rules | S? t?/c?m nghi v?n: 1 | T? l? nghi v?n: 1.0 | M?c ??: 13.0
Vigor,Vigor,C?n ti?ng Anh nghi v?n: Vigor | S? t?/c?m nghi v?n: 1 | T? l? nghi v?n: 1.0 | M?c ??: 13.0
Gondola,Gondola,C?n ti?ng Anh nghi v?n: Gondola | S? t?/c?m nghi v?n: 1 | T? l? nghi v?n: 1.0 | M?c ??: 13.0
Mask,Mask,C?n ti?ng Anh nghi v?n: Mask | S? t?/c?m nghi v?n: 1 | T? l? nghi v?n: 1.0 | M?c ??: 13.0
Musicfly,Musicfly,C?n ti?ng Anh nghi v?n: Musicfly | S? t?/c?m nghi v?n: 1 | T? l? nghi v?n: 1.0 | M?c ??: 13.0
Steering a Gondola,Điều khiển Gondola,C?n ti?ng Anh nghi v?n: Gondola | S? t?/c?m nghi v?n: 1 | T? l? nghi v?n: 1.0 | M?c ??: 13.0
Beacon,Beacon,C?n ti?ng Anh nghi v?n: Beacon | S? t?/c?m nghi v?n: 1 | T? l? nghi v?n: 1.0 | M?c ??: 13.0
Wingray,Wingray,C?n ti?ng Anh nghi v?n: Wingray | S? t?/c?m nghi v?n: 1 | T? l? nghi v?n: 1.0 | M?c ??: 13.0
Alertness,Alertness,C?n ti?ng Anh nghi v?n: Alertness | S? t?/c?m nghi v?n: 1 | T? l? nghi v?n: 1.0 | M?c ??: 13.0
Flight: Settings,Flight: Cài đặt,C?n ti?ng Anh nghi v?n: Flight | S? t?/c?m nghi v?n: 1 | T? l? nghi v?n: 1.0 | M?c ??: 13.0
Seamrock,Seamrock,C?n ti?ng Anh nghi v?n: Seamrock | S? t?/c?m nghi v?n: 1 | T? l? nghi v?n: 1.0 | M?c ??: 13.0
Normal Absorption,Thường Absorption,C?n ti?ng Anh nghi v?n: Absorption | S? t?/c?m nghi v?n: 1 | T? l? nghi v?n: 1.0 | M?c ??: 13.0
Resilience,Resilience,C?n ti?ng Anh nghi v?n: Resilience | S? t?/c?m nghi v?n: 1 | T? l? nghi v?n: 1.0 | M?c ??: 13.0
