en_source,vn_translate,loi_du_doan
Wish Complete,Wish Complete,C?n ti?ng Anh nghi v?n: Complete; Wish | S? t?/c?m nghi v?n: 2 | T? l? nghi v?n: 1.0 | M?c ??: 19.0
Awakened Will,Awakened Will,C?n ti?ng Anh nghi v?n: Awakened; Will | S? t?/c?m nghi v?n: 2 | T? l? nghi v?n: 1.0 | M?c ??: 19.0
Accelerated Liberation,Accelerated Liberation,C?n ti?ng Anh nghi v?n: Accelerated; Liberation | S? t?/c?m nghi v?n: 2 | T? l? nghi v?n: 1.0 | M?c ??: 19.0
Disliked Food,Disliked Food,C?n ti?ng Anh nghi v?n: Disliked; Food | S? t?/c?m nghi v?n: 2 | T? l? nghi v?n: 1.0 | M?c ??: 19.0
About Changli,About Changli,C?n ti?ng Anh nghi v?n: About; Changli | S? t?/c?m nghi v?n: 2 | T? l? nghi v?n: 1.0 | M?c ??: 19.0
About Sanhua,About Sanhua,C?n ti?ng Anh nghi v?n: About; Sanhua | S? t?/c?m nghi v?n: 2 | T? l? nghi v?n: 1.0 | M?c ??: 19.0
About Taoqi,About Taoqi,C?n ti?ng Anh nghi v?n: About; Taoqi | S? t?/c?m nghi v?n: 2 | T? l? nghi v?n: 1.0 | M?c ??: 19.0
About Jiyan,About Jiyan,C?n ti?ng Anh nghi v?n: About; Jiyan | S? t?/c?m nghi v?n: 2 | T? l? nghi v?n: 1.0 | M?c ??: 19.0
Hit: I,Hit: I,C?n ti?ng Anh nghi v?n: Hit; I | S? t?/c?m nghi v?n: 2 | T? l? nghi v?n: 1.0 | M?c ??: 19.0
Hit: II,Hit: II,C?n ti?ng Anh nghi v?n: Hit; II | S? t?/c?m nghi v?n: 2 | T? l? nghi v?n: 1.0 | M?c ??: 19.0
Enemies Near,Enemies Near,C?n ti?ng Anh nghi v?n: Enemies; Near | S? t?/c?m nghi v?n: 2 | T? l? nghi v?n: 1.0 | M?c ??: 19.0
Disliked Food,Disliked Food,C?n ti?ng Anh nghi v?n: Disliked; Food | S? t?/c?m nghi v?n: 2 | T? l? nghi v?n: 1.0 | M?c ??: 19.0
About Jinhsi,About Jinhsi,C?n ti?ng Anh nghi v?n: About; Jinhsi | S? t?/c?m nghi v?n: 2 | T? l? nghi v?n: 1.0 | M?c ??: 19.0
About Jiyan,About Jiyan,C?n ti?ng Anh nghi v?n: About; Jiyan | S? t?/c?m nghi v?n: 2 | T? l? nghi v?n: 1.0 | M?c ??: 19.0
About Sanhua,About Sanhua,C?n ti?ng Anh nghi v?n: About; Sanhua | S? t?/c?m nghi v?n: 2 | T? l? nghi v?n: 1.0 | M?c ??: 19.0
About Jianxin,About Jianxin,C?n ti?ng Anh nghi v?n: About; Jianxin | S? t?/c?m nghi v?n: 2 | T? l? nghi v?n: 1.0 | M?c ??: 19.0
About Chixia,About Chixia,C?n ti?ng Anh nghi v?n: About; Chixia | S? t?/c?m nghi v?n: 2 | T? l? nghi v?n: 1.0 | M?c ??: 19.0
Aerial Attack,Aerial Attack,C?n ti?ng Anh nghi v?n: Aerial; Attack | S? t?/c?m nghi v?n: 2 | T? l? nghi v?n: 1.0 | M?c ??: 19.0
Hit: I,Hit: I,C?n ti?ng Anh nghi v?n: Hit; I | S? t?/c?m nghi v?n: 2 | T? l? nghi v?n: 1.0 | M?c ??: 19.0
Hit: II,Hit: II,C?n ti?ng Anh nghi v?n: Hit; II | S? t?/c?m nghi v?n: 2 | T? l? nghi v?n: 1.0 | M?c ??: 19.0
Hit: III,Hit: III,C?n ti?ng Anh nghi v?n: Hit; III | S? t?/c?m nghi v?n: 2 | T? l? nghi v?n: 1.0 | M?c ??: 19.0
Enemies Near,Enemies Near,C?n ti?ng Anh nghi v?n: Enemies; Near | S? t?/c?m nghi v?n: 2 | T? l? nghi v?n: 1.0 | M?c ??: 19.0
Main Story,Main Story,C?n ti?ng Anh nghi v?n: Main; Story | S? t?/c?m nghi v?n: 2 | T? l? nghi v?n: 1.0 | M?c ??: 19.0
Time Stilling,Time Stilling,C?n ti?ng Anh nghi v?n: Stilling; Time | S? t?/c?m nghi v?n: 2 | T? l? nghi v?n: 1.0 | M?c ??: 19.0
Beyond Time,Beyond Time,C?n ti?ng Anh nghi v?n: Beyond; Time | S? t?/c?m nghi v?n: 2 | T? l? nghi v?n: 1.0 | M?c ??: 19.0
"""Meow Are #2""","""Meow Are #2""",C?n ti?ng Anh nghi v?n: Are; Meow | S? t?/c?m nghi v?n: 2 | T? l? nghi v?n: 1.0 | M?c ??: 19.0
Maxed Out,Maxed Out,C?n ti?ng Anh nghi v?n: Maxed; Out | S? t?/c?m nghi v?n: 2 | T? l? nghi v?n: 1.0 | M?c ??: 19.0
5-Star Weapon,5-Star Weapon,C?n ti?ng Anh nghi v?n: Star; Weapon | S? t?/c?m nghi v?n: 2 | T? l? nghi v?n: 1.0 | M?c ??: 19.0
4-Star Weapon,4-Star Weapon,C?n ti?ng Anh nghi v?n: Star; Weapon | S? t?/c?m nghi v?n: 2 | T? l? nghi v?n: 1.0 | M?c ??: 19.0
3-Star Weapon,3-Star Weapon,C?n ti?ng Anh nghi v?n: Star; Weapon | S? t?/c?m nghi v?n: 2 | T? l? nghi v?n: 1.0 | M?c ??: 19.0
No More Hesitation,Không More Hesitation,C?n ti?ng Anh nghi v?n: Hesitation; More | S? t?/c?m nghi v?n: 2 | T? l? nghi v?n: 1.0 | M?c ??: 19.0
Disliked Food,Disliked Food,C?n ti?ng Anh nghi v?n: Disliked; Food | S? t?/c?m nghi v?n: 2 | T? l? nghi v?n: 1.0 | M?c ??: 19.0
About Jianxin,About Jianxin,C?n ti?ng Anh nghi v?n: About; Jianxin | S? t?/c?m nghi v?n: 2 | T? l? nghi v?n: 1.0 | M?c ??: 19.0
About Verina,About Verina,C?n ti?ng Anh nghi v?n: About; Verina | S? t?/c?m nghi v?n: 2 | T? l? nghi v?n: 1.0 | M?c ??: 19.0
About Youhu,About Youhu,C?n ti?ng Anh nghi v?n: About; Youhu | S? t?/c?m nghi v?n: 2 | T? l? nghi v?n: 1.0 | M?c ??: 19.0
About Chixia,About Chixia,C?n ti?ng Anh nghi v?n: About; Chixia | S? t?/c?m nghi v?n: 2 | T? l? nghi v?n: 1.0 | M?c ??: 19.0
About Lingyang,About Lingyang,C?n ti?ng Anh nghi v?n: About; Lingyang | S? t?/c?m nghi v?n: 2 | T? l? nghi v?n: 1.0 | M?c ??: 19.0
Hit: I,Hit: I,C?n ti?ng Anh nghi v?n: Hit; I | S? t?/c?m nghi v?n: 2 | T? l? nghi v?n: 1.0 | M?c ??: 19.0
Hit: II,Hit: II,C?n ti?ng Anh nghi v?n: Hit; II | S? t?/c?m nghi v?n: 2 | T? l? nghi v?n: 1.0 | M?c ??: 19.0
Hit: III,Hit: III,C?n ti?ng Anh nghi v?n: Hit; III | S? t?/c?m nghi v?n: 2 | T? l? nghi v?n: 1.0 | M?c ??: 19.0
Enemies Near,Enemies Near,C?n ti?ng Anh nghi v?n: Enemies; Near | S? t?/c?m nghi v?n: 2 | T? l? nghi v?n: 1.0 | M?c ??: 19.0
Disliked Food,Disliked Food,C?n ti?ng Anh nghi v?n: Disliked; Food | S? t?/c?m nghi v?n: 2 | T? l? nghi v?n: 1.0 | M?c ??: 19.0
About Mortefi,About Mortefi,C?n ti?ng Anh nghi v?n: About; Mortefi | S? t?/c?m nghi v?n: 2 | T? l? nghi v?n: 1.0 | M?c ??: 19.0
About Jinhsi,About Jinhsi,C?n ti?ng Anh nghi v?n: About; Jinhsi | S? t?/c?m nghi v?n: 2 | T? l? nghi v?n: 1.0 | M?c ??: 19.0
About Jiyan,About Jiyan,C?n ti?ng Anh nghi v?n: About; Jiyan | S? t?/c?m nghi v?n: 2 | T? l? nghi v?n: 1.0 | M?c ??: 19.0
About Aalto,About Aalto,C?n ti?ng Anh nghi v?n: Aalto; About | S? t?/c?m nghi v?n: 2 | T? l? nghi v?n: 1.0 | M?c ??: 19.0
About Baizhi,About Baizhi,C?n ti?ng Anh nghi v?n: About; Baizhi | S? t?/c?m nghi v?n: 2 | T? l? nghi v?n: 1.0 | M?c ??: 19.0
Hit: I,Hit: I,C?n ti?ng Anh nghi v?n: Hit; I | S? t?/c?m nghi v?n: 2 | T? l? nghi v?n: 1.0 | M?c ??: 19.0
Hit: II,Hit: II,C?n ti?ng Anh nghi v?n: Hit; II | S? t?/c?m nghi v?n: 2 | T? l? nghi v?n: 1.0 | M?c ??: 19.0
Hit: III,Hit: III,C?n ti?ng Anh nghi v?n: Hit; III | S? t?/c?m nghi v?n: 2 | T? l? nghi v?n: 1.0 | M?c ??: 19.0
Enemies Near,Enemies Near,C?n ti?ng Anh nghi v?n: Enemies; Near | S? t?/c?m nghi v?n: 2 | T? l? nghi v?n: 1.0 | M?c ??: 19.0
Disliked Food,Disliked Food,C?n ti?ng Anh nghi v?n: Disliked; Food | S? t?/c?m nghi v?n: 2 | T? l? nghi v?n: 1.0 | M?c ??: 19.0
About Camellya,About Camellya,C?n ti?ng Anh nghi v?n: About; Camellya | S? t?/c?m nghi v?n: 2 | T? l? nghi v?n: 1.0 | M?c ??: 19.0
About Aalto,About Aalto,C?n ti?ng Anh nghi v?n: Aalto; About | S? t?/c?m nghi v?n: 2 | T? l? nghi v?n: 1.0 | M?c ??: 19.0
About Encore,About Encore,C?n ti?ng Anh nghi v?n: About; Encore | S? t?/c?m nghi v?n: 2 | T? l? nghi v?n: 1.0 | M?c ??: 19.0
Hit: I,Hit: I,C?n ti?ng Anh nghi v?n: Hit; I | S? t?/c?m nghi v?n: 2 | T? l? nghi v?n: 1.0 | M?c ??: 19.0
Hit: II,Hit: II,C?n ti?ng Anh nghi v?n: Hit; II | S? t?/c?m nghi v?n: 2 | T? l? nghi v?n: 1.0 | M?c ??: 19.0
Enemies Near,Enemies Near,C?n ti?ng Anh nghi v?n: Enemies; Near | S? t?/c?m nghi v?n: 2 | T? l? nghi v?n: 1.0 | M?c ??: 19.0
Disliked Food,Disliked Food,C?n ti?ng Anh nghi v?n: Disliked; Food | S? t?/c?m nghi v?n: 2 | T? l? nghi v?n: 1.0 | M?c ??: 19.0
About Lingyang,About Lingyang,C?n ti?ng Anh nghi v?n: About; Lingyang | S? t?/c?m nghi v?n: 2 | T? l? nghi v?n: 1.0 | M?c ??: 19.0
About Mortefi,About Mortefi,C?n ti?ng Anh nghi v?n: About; Mortefi | S? t?/c?m nghi v?n: 2 | T? l? nghi v?n: 1.0 | M?c ??: 19.0
About Chixia,About Chixia,C?n ti?ng Anh nghi v?n: About; Chixia | S? t?/c?m nghi v?n: 2 | T? l? nghi v?n: 1.0 | M?c ??: 19.0
About Danjin,About Danjin,C?n ti?ng Anh nghi v?n: About; Danjin | S? t?/c?m nghi v?n: 2 | T? l? nghi v?n: 1.0 | M?c ??: 19.0
About Jianxin,About Jianxin,C?n ti?ng Anh nghi v?n: About; Jianxin | S? t?/c?m nghi v?n: 2 | T? l? nghi v?n: 1.0 | M?c ??: 19.0
Hit: I,Hit: I,C?n ti?ng Anh nghi v?n: Hit; I | S? t?/c?m nghi v?n: 2 | T? l? nghi v?n: 1.0 | M?c ??: 19.0
Hit: II,Hit: II,C?n ti?ng Anh nghi v?n: Hit; II | S? t?/c?m nghi v?n: 2 | T? l? nghi v?n: 1.0 | M?c ??: 19.0
Enemies Near,Enemies Near,C?n ti?ng Anh nghi v?n: Enemies; Near | S? t?/c?m nghi v?n: 2 | T? l? nghi v?n: 1.0 | M?c ??: 19.0
Disliked Food,Disliked Food,C?n ti?ng Anh nghi v?n: Disliked; Food | S? t?/c?m nghi v?n: 2 | T? l? nghi v?n: 1.0 | M?c ??: 19.0
About Encore,About Encore,C?n ti?ng Anh nghi v?n: About; Encore | S? t?/c?m nghi v?n: 2 | T? l? nghi v?n: 1.0 | M?c ??: 19.0
About Shorekeeper,About Shorekeeper,C?n ti?ng Anh nghi v?n: About; Shorekeeper | S? t?/c?m nghi v?n: 2 | T? l? nghi v?n: 1.0 | M?c ??: 19.0
About Aalto,About Aalto,C?n ti?ng Anh nghi v?n: Aalto; About | S? t?/c?m nghi v?n: 2 | T? l? nghi v?n: 1.0 | M?c ??: 19.0
About Jinhsi,About Jinhsi,C?n ti?ng Anh nghi v?n: About; Jinhsi | S? t?/c?m nghi v?n: 2 | T? l? nghi v?n: 1.0 | M?c ??: 19.0
About Jianxin,About Jianxin,C?n ti?ng Anh nghi v?n: About; Jianxin | S? t?/c?m nghi v?n: 2 | T? l? nghi v?n: 1.0 | M?c ??: 19.0
Hit: I,Hit: I,C?n ti?ng Anh nghi v?n: Hit; I | S? t?/c?m nghi v?n: 2 | T? l? nghi v?n: 1.0 | M?c ??: 19.0
Hit: II,Hit: II,C?n ti?ng Anh nghi v?n: Hit; II | S? t?/c?m nghi v?n: 2 | T? l? nghi v?n: 1.0 | M?c ??: 19.0
Enemies Near,Enemies Near,C?n ti?ng Anh nghi v?n: Enemies; Near | S? t?/c?m nghi v?n: 2 | T? l? nghi v?n: 1.0 | M?c ??: 19.0
Disliked Food,Disliked Food,C?n ti?ng Anh nghi v?n: Disliked; Food | S? t?/c?m nghi v?n: 2 | T? l? nghi v?n: 1.0 | M?c ??: 19.0
About Jianxin,About Jianxin,C?n ti?ng Anh nghi v?n: About; Jianxin | S? t?/c?m nghi v?n: 2 | T? l? nghi v?n: 1.0 | M?c ??: 19.0
About Chixia,About Chixia,C?n ti?ng Anh nghi v?n: About; Chixia | S? t?/c?m nghi v?n: 2 | T? l? nghi v?n: 1.0 | M?c ??: 19.0
About Youhu,About Youhu,C?n ti?ng Anh nghi v?n: About; Youhu | S? t?/c?m nghi v?n: 2 | T? l? nghi v?n: 1.0 | M?c ??: 19.0
About Baizhi,About Baizhi,C?n ti?ng Anh nghi v?n: About; Baizhi | S? t?/c?m nghi v?n: 2 | T? l? nghi v?n: 1.0 | M?c ??: 19.0
About Zhezhi,About Zhezhi,C?n ti?ng Anh nghi v?n: About; Zhezhi | S? t?/c?m nghi v?n: 2 | T? l? nghi v?n: 1.0 | M?c ??: 19.0
Hit: I,Hit: I,C?n ti?ng Anh nghi v?n: Hit; I | S? t?/c?m nghi v?n: 2 | T? l? nghi v?n: 1.0 | M?c ??: 19.0
Hit: II,Hit: II,C?n ti?ng Anh nghi v?n: Hit; II | S? t?/c?m nghi v?n: 2 | T? l? nghi v?n: 1.0 | M?c ??: 19.0
Enemies Near,Enemies Near,C?n ti?ng Anh nghi v?n: Enemies; Near | S? t?/c?m nghi v?n: 2 | T? l? nghi v?n: 1.0 | M?c ??: 19.0
Time Taken,Time Taken,C?n ti?ng Anh nghi v?n: Taken; Time | S? t?/c?m nghi v?n: 2 | T? l? nghi v?n: 1.0 | M?c ??: 19.0
Prophet's Message,Prophet's Message,C?n ti?ng Anh nghi v?n: Message; Prophet's | S? t?/c?m nghi v?n: 2 | T? l? nghi v?n: 1.0 | M?c ??: 19.0
Reach 40% Exploration Progress in Penitent's End,Đạt 40% Tiến Độ Khám Phá Penitent's End,C?n ti?ng Anh nghi v?n: End; Penitent's | S? t?/c?m nghi v?n: 2 | T? l? nghi v?n: 1.0 | M?c ??: 19.0
Art's Return,Art's Return,C?n ti?ng Anh nghi v?n: Art's; Return | S? t?/c?m nghi v?n: 2 | T? l? nghi v?n: 1.0 | M?c ??: 19.0
Old Ticket,Old Ticket,C?n ti?ng Anh nghi v?n: Old; Ticket | S? t?/c?m nghi v?n: 2 | T? l? nghi v?n: 1.0 | M?c ??: 19.0
Disliked Food,Disliked Food,C?n ti?ng Anh nghi v?n: Disliked; Food | S? t?/c?m nghi v?n: 2 | T? l? nghi v?n: 1.0 | M?c ??: 19.0
About Brant,About Brant,C?n ti?ng Anh nghi v?n: About; Brant | S? t?/c?m nghi v?n: 2 | T? l? nghi v?n: 1.0 | M?c ??: 19.0
About Carlotta,About Carlotta,C?n ti?ng Anh nghi v?n: About; Carlotta | S? t?/c?m nghi v?n: 2 | T? l? nghi v?n: 1.0 | M?c ??: 19.0
About Zani,About Zani,C?n ti?ng Anh nghi v?n: About; Zani | S? t?/c?m nghi v?n: 2 | T? l? nghi v?n: 1.0 | M?c ??: 19.0
About Phoebe,About Phoebe,C?n ti?ng Anh nghi v?n: About; Phoebe | S? t?/c?m nghi v?n: 2 | T? l? nghi v?n: 1.0 | M?c ??: 19.0
Hit: I,Hit: I,C?n ti?ng Anh nghi v?n: Hit; I | S? t?/c?m nghi v?n: 2 | T? l? nghi v?n: 1.0 | M?c ??: 19.0
Hit: II,Hit: II,C?n ti?ng Anh nghi v?n: Hit; II | S? t?/c?m nghi v?n: 2 | T? l? nghi v?n: 1.0 | M?c ??: 19.0
Enemies Near,Enemies Near,C?n ti?ng Anh nghi v?n: Enemies; Near | S? t?/c?m nghi v?n: 2 | T? l? nghi v?n: 1.0 | M?c ??: 19.0
Disliked Food,Disliked Food,C?n ti?ng Anh nghi v?n: Disliked; Food | S? t?/c?m nghi v?n: 2 | T? l? nghi v?n: 1.0 | M?c ??: 19.0
About Brant,About Brant,C?n ti?ng Anh nghi v?n: About; Brant | S? t?/c?m nghi v?n: 2 | T? l? nghi v?n: 1.0 | M?c ??: 19.0
About Roccia,About Roccia,C?n ti?ng Anh nghi v?n: About; Roccia | S? t?/c?m nghi v?n: 2 | T? l? nghi v?n: 1.0 | M?c ??: 19.0
About Phoebe,About Phoebe,C?n ti?ng Anh nghi v?n: About; Phoebe | S? t?/c?m nghi v?n: 2 | T? l? nghi v?n: 1.0 | M?c ??: 19.0
About Zani,About Zani,C?n ti?ng Anh nghi v?n: About; Zani | S? t?/c?m nghi v?n: 2 | T? l? nghi v?n: 1.0 | M?c ??: 19.0
About Francesco,About Francesco,C?n ti?ng Anh nghi v?n: About; Francesco | S? t?/c?m nghi v?n: 2 | T? l? nghi v?n: 1.0 | M?c ??: 19.0
Hit: I,Hit: I,C?n ti?ng Anh nghi v?n: Hit; I | S? t?/c?m nghi v?n: 2 | T? l? nghi v?n: 1.0 | M?c ??: 19.0
Hit: II,Hit: II,C?n ti?ng Anh nghi v?n: Hit; II | S? t?/c?m nghi v?n: 2 | T? l? nghi v?n: 1.0 | M?c ??: 19.0
Hit: III,Hit: III,C?n ti?ng Anh nghi v?n: Hit; III | S? t?/c?m nghi v?n: 2 | T? l? nghi v?n: 1.0 | M?c ??: 19.0
Enemies Near,Enemies Near,C?n ti?ng Anh nghi v?n: Enemies; Near | S? t?/c?m nghi v?n: 2 | T? l? nghi v?n: 1.0 | M?c ??: 19.0
Available Time,Available Time,C?n ti?ng Anh nghi v?n: Available; Time | S? t?/c?m nghi v?n: 2 | T? l? nghi v?n: 1.0 | M?c ??: 19.0
Preset Name,Preset Name,C?n ti?ng Anh nghi v?n: Name; Preset | S? t?/c?m nghi v?n: 2 | T? l? nghi v?n: 1.0 | M?c ??: 19.0
Basic Hull,Basic Hull,C?n ti?ng Anh nghi v?n: Basic; Hull | S? t?/c?m nghi v?n: 2 | T? l? nghi v?n: 1.0 | M?c ??: 19.0
Fishing Area,Fishing Area,C?n ti?ng Anh nghi v?n: Area; Fishing | S? t?/c?m nghi v?n: 2 | T? l? nghi v?n: 1.0 | M?c ??: 19.0
Available Time,Available Time,C?n ti?ng Anh nghi v?n: Available; Time | S? t?/c?m nghi v?n: 2 | T? l? nghi v?n: 1.0 | M?c ??: 19.0
Fishing Time,Fishing Time,C?n ti?ng Anh nghi v?n: Fishing; Time | S? t?/c?m nghi v?n: 2 | T? l? nghi v?n: 1.0 | M?c ??: 19.0
Not Recorded,Not Recorded,C?n ti?ng Anh nghi v?n: Not; Recorded | S? t?/c?m nghi v?n: 2 | T? l? nghi v?n: 1.0 | M?c ??: 19.0
Penitent's End,Penitent's End,C?n ti?ng Anh nghi v?n: End; Penitent's | S? t?/c?m nghi v?n: 2 | T? l? nghi v?n: 1.0 | M?c ??: 19.0
Disliked Food,Disliked Food,C?n ti?ng Anh nghi v?n: Disliked; Food | S? t?/c?m nghi v?n: 2 | T? l? nghi v?n: 1.0 | M?c ??: 19.0
About Roccia,About Roccia,C?n ti?ng Anh nghi v?n: About; Roccia | S? t?/c?m nghi v?n: 2 | T? l? nghi v?n: 1.0 | M?c ??: 19.0
About Carlotta,About Carlotta,C?n ti?ng Anh nghi v?n: About; Carlotta | S? t?/c?m nghi v?n: 2 | T? l? nghi v?n: 1.0 | M?c ??: 19.0
About Cartethyia,About Cartethyia,C?n ti?ng Anh nghi v?n: About; Cartethyia | S? t?/c?m nghi v?n: 2 | T? l? nghi v?n: 1.0 | M?c ??: 19.0
About Zani,About Zani,C?n ti?ng Anh nghi v?n: About; Zani | S? t?/c?m nghi v?n: 2 | T? l? nghi v?n: 1.0 | M?c ??: 19.0
Hit: I,Hit: I,C?n ti?ng Anh nghi v?n: Hit; I | S? t?/c?m nghi v?n: 2 | T? l? nghi v?n: 1.0 | M?c ??: 19.0
Hit: II,Hit: II,C?n ti?ng Anh nghi v?n: Hit; II | S? t?/c?m nghi v?n: 2 | T? l? nghi v?n: 1.0 | M?c ??: 19.0
Hit: III,Hit: III,C?n ti?ng Anh nghi v?n: Hit; III | S? t?/c?m nghi v?n: 2 | T? l? nghi v?n: 1.0 | M?c ??: 19.0
Enemies Near,Enemies Near,C?n ti?ng Anh nghi v?n: Enemies; Near | S? t?/c?m nghi v?n: 2 | T? l? nghi v?n: 1.0 | M?c ??: 19.0
Disliked Food,Disliked Food,C?n ti?ng Anh nghi v?n: Disliked; Food | S? t?/c?m nghi v?n: 2 | T? l? nghi v?n: 1.0 | M?c ??: 19.0
About Brant,About Brant,C?n ti?ng Anh nghi v?n: About; Brant | S? t?/c?m nghi v?n: 2 | T? l? nghi v?n: 1.0 | M?c ??: 19.0
About Roccia,About Roccia,C?n ti?ng Anh nghi v?n: About; Roccia | S? t?/c?m nghi v?n: 2 | T? l? nghi v?n: 1.0 | M?c ??: 19.0
About Cartethyia,About Cartethyia,C?n ti?ng Anh nghi v?n: About; Cartethyia | S? t?/c?m nghi v?n: 2 | T? l? nghi v?n: 1.0 | M?c ??: 19.0
About Zani,About Zani,C?n ti?ng Anh nghi v?n: About; Zani | S? t?/c?m nghi v?n: 2 | T? l? nghi v?n: 1.0 | M?c ??: 19.0
Hit: I,Hit: I,C?n ti?ng Anh nghi v?n: Hit; I | S? t?/c?m nghi v?n: 2 | T? l? nghi v?n: 1.0 | M?c ??: 19.0
Hit: II,Hit: II,C?n ti?ng Anh nghi v?n: Hit; II | S? t?/c?m nghi v?n: 2 | T? l? nghi v?n: 1.0 | M?c ??: 19.0
Enemies Near,Enemies Near,C?n ti?ng Anh nghi v?n: Enemies; Near | S? t?/c?m nghi v?n: 2 | T? l? nghi v?n: 1.0 | M?c ??: 19.0
Permanent Event,Permanent Event,C?n ti?ng Anh nghi v?n: Event; Permanent | S? t?/c?m nghi v?n: 2 | T? l? nghi v?n: 1.0 | M?c ??: 19.0
Combat Event,Combat Event,C?n ti?ng Anh nghi v?n: Combat; Event | S? t?/c?m nghi v?n: 2 | T? l? nghi v?n: 1.0 | M?c ??: 19.0
Permanent Event,Permanent Event,C?n ti?ng Anh nghi v?n: Event; Permanent | S? t?/c?m nghi v?n: 2 | T? l? nghi v?n: 1.0 | M?c ??: 19.0
Combat Event,Combat Event,C?n ti?ng Anh nghi v?n: Combat; Event | S? t?/c?m nghi v?n: 2 | T? l? nghi v?n: 1.0 | M?c ??: 19.0
Any Dock,Any Dock,C?n ti?ng Anh nghi v?n: Any; Dock | S? t?/c?m nghi v?n: 2 | T? l? nghi v?n: 1.0 | M?c ??: 19.0
Ranged Only,Ranged Only,C?n ti?ng Anh nghi v?n: Only; Ranged | S? t?/c?m nghi v?n: 2 | T? l? nghi v?n: 1.0 | M?c ??: 19.0
Saturation Attack,Saturation Attack,C?n ti?ng Anh nghi v?n: Attack; Saturation | S? t?/c?m nghi v?n: 2 | T? l? nghi v?n: 1.0 | M?c ??: 19.0
Disliked Food,Disliked Food,C?n ti?ng Anh nghi v?n: Disliked; Food | S? t?/c?m nghi v?n: 2 | T? l? nghi v?n: 1.0 | M?c ??: 19.0
About Carlotta,About Carlotta,C?n ti?ng Anh nghi v?n: About; Carlotta | S? t?/c?m nghi v?n: 2 | T? l? nghi v?n: 1.0 | M?c ??: 19.0
About Roccia,About Roccia,C?n ti?ng Anh nghi v?n: About; Roccia | S? t?/c?m nghi v?n: 2 | T? l? nghi v?n: 1.0 | M?c ??: 19.0
About Cartethyia,About Cartethyia,C?n ti?ng Anh nghi v?n: About; Cartethyia | S? t?/c?m nghi v?n: 2 | T? l? nghi v?n: 1.0 | M?c ??: 19.0
Hit: I,Hit: I,C?n ti?ng Anh nghi v?n: Hit; I | S? t?/c?m nghi v?n: 2 | T? l? nghi v?n: 1.0 | M?c ??: 19.0
Hit: II,Hit: II,C?n ti?ng Anh nghi v?n: Hit; II | S? t?/c?m nghi v?n: 2 | T? l? nghi v?n: 1.0 | M?c ??: 19.0
Enemies Near,Enemies Near,C?n ti?ng Anh nghi v?n: Enemies; Near | S? t?/c?m nghi v?n: 2 | T? l? nghi v?n: 1.0 | M?c ??: 19.0
Hit: I,Hit: I,C?n ti?ng Anh nghi v?n: Hit; I | S? t?/c?m nghi v?n: 2 | T? l? nghi v?n: 1.0 | M?c ??: 19.0
Hit: II,Hit: II,C?n ti?ng Anh nghi v?n: Hit; II | S? t?/c?m nghi v?n: 2 | T? l? nghi v?n: 1.0 | M?c ??: 19.0
Hit: III,Hit: III,C?n ti?ng Anh nghi v?n: Hit; III | S? t?/c?m nghi v?n: 2 | T? l? nghi v?n: 1.0 | M?c ??: 19.0
Enemies Near,Enemies Near,C?n ti?ng Anh nghi v?n: Enemies; Near | S? t?/c?m nghi v?n: 2 | T? l? nghi v?n: 1.0 | M?c ??: 19.0
Hit: I,Hit: I,C?n ti?ng Anh nghi v?n: Hit; I | S? t?/c?m nghi v?n: 2 | T? l? nghi v?n: 1.0 | M?c ??: 19.0
Hit: II,Hit: II,C?n ti?ng Anh nghi v?n: Hit; II | S? t?/c?m nghi v?n: 2 | T? l? nghi v?n: 1.0 | M?c ??: 19.0
Hit: III,Hit: III,C?n ti?ng Anh nghi v?n: Hit; III | S? t?/c?m nghi v?n: 2 | T? l? nghi v?n: 1.0 | M?c ??: 19.0
Enemies Near,Enemies Near,C?n ti?ng Anh nghi v?n: Enemies; Near | S? t?/c?m nghi v?n: 2 | T? l? nghi v?n: 1.0 | M?c ??: 19.0
Test I,Test I,C?n ti?ng Anh nghi v?n: I; Test | S? t?/c?m nghi v?n: 2 | T? l? nghi v?n: 1.0 | M?c ??: 19.0
Test II,Test II,C?n ti?ng Anh nghi v?n: II; Test | S? t?/c?m nghi v?n: 2 | T? l? nghi v?n: 1.0 | M?c ??: 19.0
Test III,Test III,C?n ti?ng Anh nghi v?n: III; Test | S? t?/c?m nghi v?n: 2 | T? l? nghi v?n: 1.0 | M?c ??: 19.0
Test IV,Test IV,C?n ti?ng Anh nghi v?n: IV; Test | S? t?/c?m nghi v?n: 2 | T? l? nghi v?n: 1.0 | M?c ??: 19.0
Download Complete,Download Complete,C?n ti?ng Anh nghi v?n: Complete; Download | S? t?/c?m nghi v?n: 2 | T? l? nghi v?n: 1.0 | M?c ??: 19.0
Disliked Food,Disliked Food,C?n ti?ng Anh nghi v?n: Disliked; Food | S? t?/c?m nghi v?n: 2 | T? l? nghi v?n: 1.0 | M?c ??: 19.0
About Carlotta,About Carlotta,C?n ti?ng Anh nghi v?n: About; Carlotta | S? t?/c?m nghi v?n: 2 | T? l? nghi v?n: 1.0 | M?c ??: 19.0
About Phoebe,About Phoebe,C?n ti?ng Anh nghi v?n: About; Phoebe | S? t?/c?m nghi v?n: 2 | T? l? nghi v?n: 1.0 | M?c ??: 19.0
About Brant,About Brant,C?n ti?ng Anh nghi v?n: About; Brant | S? t?/c?m nghi v?n: 2 | T? l? nghi v?n: 1.0 | M?c ??: 19.0
About Cartethyia,About Cartethyia,C?n ti?ng Anh nghi v?n: About; Cartethyia | S? t?/c?m nghi v?n: 2 | T? l? nghi v?n: 1.0 | M?c ??: 19.0
Hit: I,Hit: I,C?n ti?ng Anh nghi v?n: Hit; I | S? t?/c?m nghi v?n: 2 | T? l? nghi v?n: 1.0 | M?c ??: 19.0
Hit: II,Hit: II,C?n ti?ng Anh nghi v?n: Hit; II | S? t?/c?m nghi v?n: 2 | T? l? nghi v?n: 1.0 | M?c ??: 19.0
Enemies Near,Enemies Near,C?n ti?ng Anh nghi v?n: Enemies; Near | S? t?/c?m nghi v?n: 2 | T? l? nghi v?n: 1.0 | M?c ??: 19.0
Disliked Food,Disliked Food,C?n ti?ng Anh nghi v?n: Disliked; Food | S? t?/c?m nghi v?n: 2 | T? l? nghi v?n: 1.0 | M?c ??: 19.0
About Carlotta,About Carlotta,C?n ti?ng Anh nghi v?n: About; Carlotta | S? t?/c?m nghi v?n: 2 | T? l? nghi v?n: 1.0 | M?c ??: 19.0
About Phoebe,About Phoebe,C?n ti?ng Anh nghi v?n: About; Phoebe | S? t?/c?m nghi v?n: 2 | T? l? nghi v?n: 1.0 | M?c ??: 19.0
About Cantarella,About Cantarella,C?n ti?ng Anh nghi v?n: About; Cantarella | S? t?/c?m nghi v?n: 2 | T? l? nghi v?n: 1.0 | M?c ??: 19.0
About Brant,About Brant,C?n ti?ng Anh nghi v?n: About; Brant | S? t?/c?m nghi v?n: 2 | T? l? nghi v?n: 1.0 | M?c ??: 19.0
About Ciaccona,About Ciaccona,C?n ti?ng Anh nghi v?n: About; Ciaccona | S? t?/c?m nghi v?n: 2 | T? l? nghi v?n: 1.0 | M?c ??: 19.0
Hit: I,Hit: I,C?n ti?ng Anh nghi v?n: Hit; I | S? t?/c?m nghi v?n: 2 | T? l? nghi v?n: 1.0 | M?c ??: 19.0
Hit: II,Hit: II,C?n ti?ng Anh nghi v?n: Hit; II | S? t?/c?m nghi v?n: 2 | T? l? nghi v?n: 1.0 | M?c ??: 19.0
Hit: III,Hit: III,C?n ti?ng Anh nghi v?n: Hit; III | S? t?/c?m nghi v?n: 2 | T? l? nghi v?n: 1.0 | M?c ??: 19.0
Enemies Near,Enemies Near,C?n ti?ng Anh nghi v?n: Enemies; Near | S? t?/c?m nghi v?n: 2 | T? l? nghi v?n: 1.0 | M?c ??: 19.0
Replay Story,Replay Story,C?n ti?ng Anh nghi v?n: Replay; Story | S? t?/c?m nghi v?n: 2 | T? l? nghi v?n: 1.0 | M?c ??: 19.0
Not Really,Not Really,C?n ti?ng Anh nghi v?n: Not; Really | S? t?/c?m nghi v?n: 2 | T? l? nghi v?n: 1.0 | M?c ??: 19.0
Night Aflame,Night Aflame,C?n ti?ng Anh nghi v?n: Aflame; Night | S? t?/c?m nghi v?n: 2 | T? l? nghi v?n: 1.0 | M?c ??: 19.0
Story Node,Story Node,C?n ti?ng Anh nghi v?n: Node; Story | S? t?/c?m nghi v?n: 2 | T? l? nghi v?n: 1.0 | M?c ??: 19.0
Replay Story,Replay Story,C?n ti?ng Anh nghi v?n: Replay; Story | S? t?/c?m nghi v?n: 2 | T? l? nghi v?n: 1.0 | M?c ??: 19.0
Attack Frequency,Attack Frequency,C?n ti?ng Anh nghi v?n: Attack; Frequency | S? t?/c?m nghi v?n: 2 | T? l? nghi v?n: 1.0 | M?c ??: 19.0
Attack Frequency,Attack Frequency,C?n ti?ng Anh nghi v?n: Attack; Frequency | S? t?/c?m nghi v?n: 2 | T? l? nghi v?n: 1.0 | M?c ??: 19.0
Not Locked,Not Locked,C?n ti?ng Anh nghi v?n: Locked; Not | S? t?/c?m nghi v?n: 2 | T? l? nghi v?n: 1.0 | M?c ??: 19.0
New Deck,New Deck,C?n ti?ng Anh nghi v?n: Deck; New | S? t?/c?m nghi v?n: 2 | T? l? nghi v?n: 1.0 | M?c ??: 19.0
Last Deck,Last Deck,C?n ti?ng Anh nghi v?n: Deck; Last | S? t?/c?m nghi v?n: 2 | T? l? nghi v?n: 1.0 | M?c ??: 19.0
Apex Challenge,Apex Challenge,C?n ti?ng Anh nghi v?n: Apex; Challenge | S? t?/c?m nghi v?n: 2 | T? l? nghi v?n: 1.0 | M?c ??: 19.0
Apex Challenge,Apex Challenge,C?n ti?ng Anh nghi v?n: Apex; Challenge | S? t?/c?m nghi v?n: 2 | T? l? nghi v?n: 1.0 | M?c ??: 19.0
Apex Challenge,Apex Challenge,C?n ti?ng Anh nghi v?n: Apex; Challenge | S? t?/c?m nghi v?n: 2 | T? l? nghi v?n: 1.0 | M?c ??: 19.0
Apex Challenge,Apex Challenge,C?n ti?ng Anh nghi v?n: Apex; Challenge | S? t?/c?m nghi v?n: 2 | T? l? nghi v?n: 1.0 | M?c ??: 19.0
Duelist's Challenge,Duelist's Challenge,C?n ti?ng Anh nghi v?n: Challenge; Duelist's | S? t?/c?m nghi v?n: 2 | T? l? nghi v?n: 1.0 | M?c ??: 19.0
Duelist's Challenge,Duelist's Challenge,C?n ti?ng Anh nghi v?n: Challenge; Duelist's | S? t?/c?m nghi v?n: 2 | T? l? nghi v?n: 1.0 | M?c ??: 19.0
Duelist's Challenge,Duelist's Challenge,C?n ti?ng Anh nghi v?n: Challenge; Duelist's | S? t?/c?m nghi v?n: 2 | T? l? nghi v?n: 1.0 | M?c ??: 19.0
Armor Up,Armor Up,C?n ti?ng Anh nghi v?n: Armor; Up | S? t?/c?m nghi v?n: 2 | T? l? nghi v?n: 1.0 | M?c ??: 19.0
Disliked Food,Disliked Food,C?n ti?ng Anh nghi v?n: Disliked; Food | S? t?/c?m nghi v?n: 2 | T? l? nghi v?n: 1.0 | M?c ??: 19.0
About Cantarella,About Cantarella,C?n ti?ng Anh nghi v?n: About; Cantarella | S? t?/c?m nghi v?n: 2 | T? l? nghi v?n: 1.0 | M?c ??: 19.0
About Phoebe,About Phoebe,C?n ti?ng Anh nghi v?n: About; Phoebe | S? t?/c?m nghi v?n: 2 | T? l? nghi v?n: 1.0 | M?c ??: 19.0
About Carlotta,About Carlotta,C?n ti?ng Anh nghi v?n: About; Carlotta | S? t?/c?m nghi v?n: 2 | T? l? nghi v?n: 1.0 | M?c ??: 19.0
About Ciaccona,About Ciaccona,C?n ti?ng Anh nghi v?n: About; Ciaccona | S? t?/c?m nghi v?n: 2 | T? l? nghi v?n: 1.0 | M?c ??: 19.0
About Lupa,About Lupa,C?n ti?ng Anh nghi v?n: About; Lupa | S? t?/c?m nghi v?n: 2 | T? l? nghi v?n: 1.0 | M?c ??: 19.0
Hit: I,Hit: I,C?n ti?ng Anh nghi v?n: Hit; I | S? t?/c?m nghi v?n: 2 | T? l? nghi v?n: 1.0 | M?c ??: 19.0
Hit: II,Hit: II,C?n ti?ng Anh nghi v?n: Hit; II | S? t?/c?m nghi v?n: 2 | T? l? nghi v?n: 1.0 | M?c ??: 19.0
Hit: III,Hit: III,C?n ti?ng Anh nghi v?n: Hit; III | S? t?/c?m nghi v?n: 2 | T? l? nghi v?n: 1.0 | M?c ??: 19.0
Hit: IV,Hit: IV,C?n ti?ng Anh nghi v?n: Hit; IV | S? t?/c?m nghi v?n: 2 | T? l? nghi v?n: 1.0 | M?c ??: 19.0
Old Medal,Old Medal,C?n ti?ng Anh nghi v?n: Medal; Old | S? t?/c?m nghi v?n: 2 | T? l? nghi v?n: 1.0 | M?c ??: 19.0
Disliked Food,Disliked Food,C?n ti?ng Anh nghi v?n: Disliked; Food | S? t?/c?m nghi v?n: 2 | T? l? nghi v?n: 1.0 | M?c ??: 19.0
About Cartethyia,About Cartethyia,C?n ti?ng Anh nghi v?n: About; Cartethyia | S? t?/c?m nghi v?n: 2 | T? l? nghi v?n: 1.0 | M?c ??: 19.0
About Augusta,About Augusta,C?n ti?ng Anh nghi v?n: About; Augusta | S? t?/c?m nghi v?n: 2 | T? l? nghi v?n: 1.0 | M?c ??: 19.0
About Iuno,About Iuno,C?n ti?ng Anh nghi v?n: About; Iuno | S? t?/c?m nghi v?n: 2 | T? l? nghi v?n: 1.0 | M?c ??: 19.0
About Brant,About Brant,C?n ti?ng Anh nghi v?n: About; Brant | S? t?/c?m nghi v?n: 2 | T? l? nghi v?n: 1.0 | M?c ??: 19.0
About Mya,About Mya,C?n ti?ng Anh nghi v?n: About; Mya | S? t?/c?m nghi v?n: 2 | T? l? nghi v?n: 1.0 | M?c ??: 19.0
Hit: I,Hit: I,C?n ti?ng Anh nghi v?n: Hit; I | S? t?/c?m nghi v?n: 2 | T? l? nghi v?n: 1.0 | M?c ??: 19.0
Hit: II,Hit: II,C?n ti?ng Anh nghi v?n: Hit; II | S? t?/c?m nghi v?n: 2 | T? l? nghi v?n: 1.0 | M?c ??: 19.0
Enemies Near,Enemies Near,C?n ti?ng Anh nghi v?n: Enemies; Near | S? t?/c?m nghi v?n: 2 | T? l? nghi v?n: 1.0 | M?c ??: 19.0
Test Run,Test Run,C?n ti?ng Anh nghi v?n: Run; Test | S? t?/c?m nghi v?n: 2 | T? l? nghi v?n: 1.0 | M?c ??: 19.0
Sacrifice Night,Sacrifice Night,C?n ti?ng Anh nghi v?n: Night; Sacrifice | S? t?/c?m nghi v?n: 2 | T? l? nghi v?n: 1.0 | M?c ??: 19.0
Time Mailbox,Time Mailbox,C?n ti?ng Anh nghi v?n: Mailbox; Time | S? t?/c?m nghi v?n: 2 | T? l? nghi v?n: 1.0 | M?c ??: 19.0
Last Stand,Last Stand,C?n ti?ng Anh nghi v?n: Last; Stand | S? t?/c?m nghi v?n: 2 | T? l? nghi v?n: 1.0 | M?c ??: 19.0
Save Plan,Save Plan,C?n ti?ng Anh nghi v?n: Plan; Save | S? t?/c?m nghi v?n: 2 | T? l? nghi v?n: 1.0 | M?c ??: 19.0
Disable Only,Disable Only,C?n ti?ng Anh nghi v?n: Disable; Only | S? t?/c?m nghi v?n: 2 | T? l? nghi v?n: 1.0 | M?c ??: 19.0
Exit Anyway,Exit Anyway,C?n ti?ng Anh nghi v?n: Anyway; Exit | S? t?/c?m nghi v?n: 2 | T? l? nghi v?n: 1.0 | M?c ??: 19.0
Exit Confirmation,Exit Confirmation,C?n ti?ng Anh nghi v?n: Confirmation; Exit | S? t?/c?m nghi v?n: 2 | T? l? nghi v?n: 1.0 | M?c ??: 19.0
Enter Dreamland,Enter Dreamland,C?n ti?ng Anh nghi v?n: Dreamland; Enter | S? t?/c?m nghi v?n: 2 | T? l? nghi v?n: 1.0 | M?c ??: 19.0
Stacking Liberation,Stacking Liberation,C?n ti?ng Anh nghi v?n: Liberation; Stacking | S? t?/c?m nghi v?n: 2 | T? l? nghi v?n: 1.0 | M?c ??: 19.0
Slow Time,Slow Time,C?n ti?ng Anh nghi v?n: Slow; Time | S? t?/c?m nghi v?n: 2 | T? l? nghi v?n: 1.0 | M?c ??: 19.0
Attack Speed,Attack Speed,C?n ti?ng Anh nghi v?n: Attack; Speed | S? t?/c?m nghi v?n: 2 | T? l? nghi v?n: 1.0 | M?c ??: 19.0
Disliked Food,Disliked Food,C?n ti?ng Anh nghi v?n: Disliked; Food | S? t?/c?m nghi v?n: 2 | T? l? nghi v?n: 1.0 | M?c ??: 19.0
About Cristoforo,About Cristoforo,C?n ti?ng Anh nghi v?n: About; Cristoforo | S? t?/c?m nghi v?n: 2 | T? l? nghi v?n: 1.0 | M?c ??: 19.0
About Scar,About Scar,C?n ti?ng Anh nghi v?n: About; Scar | S? t?/c?m nghi v?n: 2 | T? l? nghi v?n: 1.0 | M?c ??: 19.0
About Cartethyia,About Cartethyia,C?n ti?ng Anh nghi v?n: About; Cartethyia | S? t?/c?m nghi v?n: 2 | T? l? nghi v?n: 1.0 | M?c ??: 19.0
Enemies Near,Enemies Near,C?n ti?ng Anh nghi v?n: Enemies; Near | S? t?/c?m nghi v?n: 2 | T? l? nghi v?n: 1.0 | M?c ??: 19.0
Save Available,Save Available,C?n ti?ng Anh nghi v?n: Available; Save | S? t?/c?m nghi v?n: 2 | T? l? nghi v?n: 1.0 | M?c ??: 19.0
Weapon Upgrade: Firepower,Weapon Nâng cấp: Firepower,C?n ti?ng Anh nghi v?n: Firepower; Weapon | S? t?/c?m nghi v?n: 2 | T? l? nghi v?n: 1.0 | M?c ??: 19.0
Weapon Upgrade: Suppression,Weapon Nâng cấp: Suppression,C?n ti?ng Anh nghi v?n: Suppression; Weapon | S? t?/c?m nghi v?n: 2 | T? l? nghi v?n: 1.0 | M?c ??: 19.0
Weapon Upgrade Plan,Weapon Nâng cấp Plan,C?n ti?ng Anh nghi v?n: Plan; Weapon | S? t?/c?m nghi v?n: 2 | T? l? nghi v?n: 1.0 | M?c ??: 19.0
Featured Event,Featured Event,C?n ti?ng Anh nghi v?n: Event; Featured | S? t?/c?m nghi v?n: 2 | T? l? nghi v?n: 1.0 | M?c ??: 19.0
Energy Matrix Durability cannot be depleted,Độ bền Energy Matrix không thể cạn kiệt,C?n ti?ng Anh nghi v?n: Energy; Matrix | S? t?/c?m nghi v?n: 2 | T? l? nghi v?n: 1.0 | M?c ??: 19.0
Time - Flow,Time - Flow,C?n ti?ng Anh nghi v?n: Flow; Time | S? t?/c?m nghi v?n: 2 | T? l? nghi v?n: 1.0 | M?c ??: 19.0
Time - Rift,Time - Rift,C?n ti?ng Anh nghi v?n: Rift; Time | S? t?/c?m nghi v?n: 2 | T? l? nghi v?n: 1.0 | M?c ??: 19.0
Time - Stock,Time - Stock,C?n ti?ng Anh nghi v?n: Stock; Time | S? t?/c?m nghi v?n: 2 | T? l? nghi v?n: 1.0 | M?c ??: 19.0
Time - Shift,Time - Shift,C?n ti?ng Anh nghi v?n: Shift; Time | S? t?/c?m nghi v?n: 2 | T? l? nghi v?n: 1.0 | M?c ??: 19.0
Old Revolver,Old Revolver,C?n ti?ng Anh nghi v?n: Old; Revolver | S? t?/c?m nghi v?n: 2 | T? l? nghi v?n: 1.0 | M?c ??: 19.0
Weapon Recommendations,Weapon Recommendations,C?n ti?ng Anh nghi v?n: Recommendations; Weapon | S? t?/c?m nghi v?n: 2 | T? l? nghi v?n: 1.0 | M?c ??: 19.0
Skills Upgrade - Basic,Skills Nâng cấp - Basic,C?n ti?ng Anh nghi v?n: Basic; Skills | S? t?/c?m nghi v?n: 2 | T? l? nghi v?n: 1.0 | M?c ??: 19.0
Skills Upgrade - Complete,Skills Nâng cấp - Complete,C?n ti?ng Anh nghi v?n: Complete; Skills | S? t?/c?m nghi v?n: 2 | T? l? nghi v?n: 1.0 | M?c ??: 19.0
Switch Plan,Switch Plan,C?n ti?ng Anh nghi v?n: Plan; Switch | S? t?/c?m nghi v?n: 2 | T? l? nghi v?n: 1.0 | M?c ??: 19.0
Switch Plan,Switch Plan,C?n ti?ng Anh nghi v?n: Plan; Switch | S? t?/c?m nghi v?n: 2 | T? l? nghi v?n: 1.0 | M?c ??: 19.0
Weapon Projection Gallery,Weapon Projection Thư viện,C?n ti?ng Anh nghi v?n: Projection; Weapon | S? t?/c?m nghi v?n: 2 | T? l? nghi v?n: 1.0 | M?c ??: 19.0
Old Headband,Old Headband,C?n ti?ng Anh nghi v?n: Headband; Old | S? t?/c?m nghi v?n: 2 | T? l? nghi v?n: 1.0 | M?c ??: 19.0
Disliked Food,Disliked Food,C?n ti?ng Anh nghi v?n: Disliked; Food | S? t?/c?m nghi v?n: 2 | T? l? nghi v?n: 1.0 | M?c ??: 19.0
About Iuno,About Iuno,C?n ti?ng Anh nghi v?n: About; Iuno | S? t?/c?m nghi v?n: 2 | T? l? nghi v?n: 1.0 | M?c ??: 19.0
About Avidius,About Avidius,C?n ti?ng Anh nghi v?n: About; Avidius | S? t?/c?m nghi v?n: 2 | T? l? nghi v?n: 1.0 | M?c ??: 19.0
About Lupa,About Lupa,C?n ti?ng Anh nghi v?n: About; Lupa | S? t?/c?m nghi v?n: 2 | T? l? nghi v?n: 1.0 | M?c ??: 19.0
About Buling,About Buling,C?n ti?ng Anh nghi v?n: About; Buling | S? t?/c?m nghi v?n: 2 | T? l? nghi v?n: 1.0 | M?c ??: 19.0
About Angel,About Angel,C?n ti?ng Anh nghi v?n: About; Angel | S? t?/c?m nghi v?n: 2 | T? l? nghi v?n: 1.0 | M?c ??: 19.0
Hit: I,Hit: I,C?n ti?ng Anh nghi v?n: Hit; I | S? t?/c?m nghi v?n: 2 | T? l? nghi v?n: 1.0 | M?c ??: 19.0
Hit: II,Hit: II,C?n ti?ng Anh nghi v?n: Hit; II | S? t?/c?m nghi v?n: 2 | T? l? nghi v?n: 1.0 | M?c ??: 19.0
Enemies Near,Enemies Near,C?n ti?ng Anh nghi v?n: Enemies; Near | S? t?/c?m nghi v?n: 2 | T? l? nghi v?n: 1.0 | M?c ??: 19.0
Disliked Food,Disliked Food,C?n ti?ng Anh nghi v?n: Disliked; Food | S? t?/c?m nghi v?n: 2 | T? l? nghi v?n: 1.0 | M?c ??: 19.0
About Augusta,About Augusta,C?n ti?ng Anh nghi v?n: About; Augusta | S? t?/c?m nghi v?n: 2 | T? l? nghi v?n: 1.0 | M?c ??: 19.0
About Lillibet,About Lillibet,C?n ti?ng Anh nghi v?n: About; Lillibet | S? t?/c?m nghi v?n: 2 | T? l? nghi v?n: 1.0 | M?c ??: 19.0
About Lupa,About Lupa,C?n ti?ng Anh nghi v?n: About; Lupa | S? t?/c?m nghi v?n: 2 | T? l? nghi v?n: 1.0 | M?c ??: 19.0
About Avidius,About Avidius,C?n ti?ng Anh nghi v?n: About; Avidius | S? t?/c?m nghi v?n: 2 | T? l? nghi v?n: 1.0 | M?c ??: 19.0
About Carlotta,About Carlotta,C?n ti?ng Anh nghi v?n: About; Carlotta | S? t?/c?m nghi v?n: 2 | T? l? nghi v?n: 1.0 | M?c ??: 19.0
Hit: I,Hit: I,C?n ti?ng Anh nghi v?n: Hit; I | S? t?/c?m nghi v?n: 2 | T? l? nghi v?n: 1.0 | M?c ??: 19.0
Hit: II,Hit: II,C?n ti?ng Anh nghi v?n: Hit; II | S? t?/c?m nghi v?n: 2 | T? l? nghi v?n: 1.0 | M?c ??: 19.0
Hit: III,Hit: III,C?n ti?ng Anh nghi v?n: Hit; III | S? t?/c?m nghi v?n: 2 | T? l? nghi v?n: 1.0 | M?c ??: 19.0
Enemies Near,Enemies Near,C?n ti?ng Anh nghi v?n: Enemies; Near | S? t?/c?m nghi v?n: 2 | T? l? nghi v?n: 1.0 | M?c ??: 19.0
Dreamscape Energy,Dreamscape Energy,C?n ti?ng Anh nghi v?n: Dreamscape; Energy | S? t?/c?m nghi v?n: 2 | T? l? nghi v?n: 1.0 | M?c ??: 19.0
New Mechanism,New Mechanism,C?n ti?ng Anh nghi v?n: Mechanism; New | S? t?/c?m nghi v?n: 2 | T? l? nghi v?n: 1.0 | M?c ??: 19.0
Attack Boost,Attack Boost,C?n ti?ng Anh nghi v?n: Attack; Boost | S? t?/c?m nghi v?n: 2 | T? l? nghi v?n: 1.0 | M?c ??: 19.0
Leverage Effect,Leverage Effect,C?n ti?ng Anh nghi v?n: Effect; Leverage | S? t?/c?m nghi v?n: 2 | T? l? nghi v?n: 1.0 | M?c ??: 19.0
Survival Time,Survival Time,C?n ti?ng Anh nghi v?n: Survival; Time | S? t?/c?m nghi v?n: 2 | T? l? nghi v?n: 1.0 | M?c ??: 19.0
Infinite Mode,Infinite Mode,C?n ti?ng Anh nghi v?n: Infinite; Mode | S? t?/c?m nghi v?n: 2 | T? l? nghi v?n: 1.0 | M?c ??: 19.0
Disliked Food,Disliked Food,C?n ti?ng Anh nghi v?n: Disliked; Food | S? t?/c?m nghi v?n: 2 | T? l? nghi v?n: 1.0 | M?c ??: 19.0
About Sanhua,About Sanhua,C?n ti?ng Anh nghi v?n: About; Sanhua | S? t?/c?m nghi v?n: 2 | T? l? nghi v?n: 1.0 | M?c ??: 19.0
About Changli,About Changli,C?n ti?ng Anh nghi v?n: About; Changli | S? t?/c?m nghi v?n: 2 | T? l? nghi v?n: 1.0 | M?c ??: 19.0
About Jiyan,About Jiyan,C?n ti?ng Anh nghi v?n: About; Jiyan | S? t?/c?m nghi v?n: 2 | T? l? nghi v?n: 1.0 | M?c ??: 19.0
About Scar,About Scar,C?n ti?ng Anh nghi v?n: About; Scar | S? t?/c?m nghi v?n: 2 | T? l? nghi v?n: 1.0 | M?c ??: 19.0
About Himself,About Himself,C?n ti?ng Anh nghi v?n: About; Himself | S? t?/c?m nghi v?n: 2 | T? l? nghi v?n: 1.0 | M?c ??: 19.0
Hit: I,Hit: I,C?n ti?ng Anh nghi v?n: Hit; I | S? t?/c?m nghi v?n: 2 | T? l? nghi v?n: 1.0 | M?c ??: 19.0
Hit: II,Hit: II,C?n ti?ng Anh nghi v?n: Hit; II | S? t?/c?m nghi v?n: 2 | T? l? nghi v?n: 1.0 | M?c ??: 19.0
Enemies Near,Enemies Near,C?n ti?ng Anh nghi v?n: Enemies; Near | S? t?/c?m nghi v?n: 2 | T? l? nghi v?n: 1.0 | M?c ??: 19.0
Disliked Food,Disliked Food,C?n ti?ng Anh nghi v?n: Disliked; Food | S? t?/c?m nghi v?n: 2 | T? l? nghi v?n: 1.0 | M?c ??: 19.0
About Augusta,About Augusta,C?n ti?ng Anh nghi v?n: About; Augusta | S? t?/c?m nghi v?n: 2 | T? l? nghi v?n: 1.0 | M?c ??: 19.0
About Cartethyia,About Cartethyia,C?n ti?ng Anh nghi v?n: About; Cartethyia | S? t?/c?m nghi v?n: 2 | T? l? nghi v?n: 1.0 | M?c ??: 19.0
About Aalto,About Aalto,C?n ti?ng Anh nghi v?n: Aalto; About | S? t?/c?m nghi v?n: 2 | T? l? nghi v?n: 1.0 | M?c ??: 19.0
About Calcharo,About Calcharo,C?n ti?ng Anh nghi v?n: About; Calcharo | S? t?/c?m nghi v?n: 2 | T? l? nghi v?n: 1.0 | M?c ??: 19.0
Hit: I,Hit: I,C?n ti?ng Anh nghi v?n: Hit; I | S? t?/c?m nghi v?n: 2 | T? l? nghi v?n: 1.0 | M?c ??: 19.0
Hit: II,Hit: II,C?n ti?ng Anh nghi v?n: Hit; II | S? t?/c?m nghi v?n: 2 | T? l? nghi v?n: 1.0 | M?c ??: 19.0
Enemies Near,Enemies Near,C?n ti?ng Anh nghi v?n: Enemies; Near | S? t?/c?m nghi v?n: 2 | T? l? nghi v?n: 1.0 | M?c ??: 19.0
Good-natured,Good-natured,C?n ti?ng Anh nghi v?n: Good; natured | S? t?/c?m nghi v?n: 2 | T? l? nghi v?n: 1.0 | M?c ??: 19.0
On It,On It,C?n ti?ng Anh nghi v?n: It; On | S? t?/c?m nghi v?n: 2 | T? l? nghi v?n: 1.0 | M?c ??: 19.0
Disliked Food,Disliked Food,C?n ti?ng Anh nghi v?n: Disliked; Food | S? t?/c?m nghi v?n: 2 | T? l? nghi v?n: 1.0 | M?c ??: 19.0
About Sumika,About Sumika,C?n ti?ng Anh nghi v?n: About; Sumika | S? t?/c?m nghi v?n: 2 | T? l? nghi v?n: 1.0 | M?c ??: 19.0
About Namipon,About Namipon,C?n ti?ng Anh nghi v?n: About; Namipon | S? t?/c?m nghi v?n: 2 | T? l? nghi v?n: 1.0 | M?c ??: 19.0
About Buling,About Buling,C?n ti?ng Anh nghi v?n: About; Buling | S? t?/c?m nghi v?n: 2 | T? l? nghi v?n: 1.0 | M?c ??: 19.0
About Shorekeeper,About Shorekeeper,C?n ti?ng Anh nghi v?n: About; Shorekeeper | S? t?/c?m nghi v?n: 2 | T? l? nghi v?n: 1.0 | M?c ??: 19.0
Hit: I,Hit: I,C?n ti?ng Anh nghi v?n: Hit; I | S? t?/c?m nghi v?n: 2 | T? l? nghi v?n: 1.0 | M?c ??: 19.0
Hit: II,Hit: II,C?n ti?ng Anh nghi v?n: Hit; II | S? t?/c?m nghi v?n: 2 | T? l? nghi v?n: 1.0 | M?c ??: 19.0
Enemies Near,Enemies Near,C?n ti?ng Anh nghi v?n: Enemies; Near | S? t?/c?m nghi v?n: 2 | T? l? nghi v?n: 1.0 | M?c ??: 19.0
Disliked Food,Disliked Food,C?n ti?ng Anh nghi v?n: Disliked; Food | S? t?/c?m nghi v?n: 2 | T? l? nghi v?n: 1.0 | M?c ??: 19.0
About Jianxin,About Jianxin,C?n ti?ng Anh nghi v?n: About; Jianxin | S? t?/c?m nghi v?n: 2 | T? l? nghi v?n: 1.0 | M?c ??: 19.0
About Youhu,About Youhu,C?n ti?ng Anh nghi v?n: About; Youhu | S? t?/c?m nghi v?n: 2 | T? l? nghi v?n: 1.0 | M?c ??: 19.0
About Aalto,About Aalto,C?n ti?ng Anh nghi v?n: Aalto; About | S? t?/c?m nghi v?n: 2 | T? l? nghi v?n: 1.0 | M?c ??: 19.0
About Camellya,About Camellya,C?n ti?ng Anh nghi v?n: About; Camellya | S? t?/c?m nghi v?n: 2 | T? l? nghi v?n: 1.0 | M?c ??: 19.0
About Encore,About Encore,C?n ti?ng Anh nghi v?n: About; Encore | S? t?/c?m nghi v?n: 2 | T? l? nghi v?n: 1.0 | M?c ??: 19.0
About Shorekeeper,About Shorekeeper,C?n ti?ng Anh nghi v?n: About; Shorekeeper | S? t?/c?m nghi v?n: 2 | T? l? nghi v?n: 1.0 | M?c ??: 19.0
Hit: I,Hit: I,C?n ti?ng Anh nghi v?n: Hit; I | S? t?/c?m nghi v?n: 2 | T? l? nghi v?n: 1.0 | M?c ??: 19.0
Hit: II,Hit: II,C?n ti?ng Anh nghi v?n: Hit; II | S? t?/c?m nghi v?n: 2 | T? l? nghi v?n: 1.0 | M?c ??: 19.0
Enemies Near,Enemies Near,C?n ti?ng Anh nghi v?n: Enemies; Near | S? t?/c?m nghi v?n: 2 | T? l? nghi v?n: 1.0 | M?c ??: 19.0
No Favorite Songs,Không Favorite Songs,C?n ti?ng Anh nghi v?n: Favorite; Songs | S? t?/c?m nghi v?n: 2 | T? l? nghi v?n: 1.0 | M?c ??: 19.0
No More Presets,Không More Presets,C?n ti?ng Anh nghi v?n: More; Presets | S? t?/c?m nghi v?n: 2 | T? l? nghi v?n: 1.0 | M?c ??: 19.0
Basic Livery,Basic Livery,C?n ti?ng Anh nghi v?n: Basic; Livery | S? t?/c?m nghi v?n: 2 | T? l? nghi v?n: 1.0 | M?c ??: 19.0
Basic Livery,Basic Livery,C?n ti?ng Anh nghi v?n: Basic; Livery | S? t?/c?m nghi v?n: 2 | T? l? nghi v?n: 1.0 | M?c ??: 19.0
Energy Tank,Energy Tank,C?n ti?ng Anh nghi v?n: Energy; Tank | S? t?/c?m nghi v?n: 2 | T? l? nghi v?n: 1.0 | M?c ??: 19.0
Module Effect Overview,Mô-đun Effect Overview,C?n ti?ng Anh nghi v?n: Effect; Overview | S? t?/c?m nghi v?n: 2 | T? l? nghi v?n: 1.0 | M?c ??: 19.0
Duelist Search,Duelist Search,C?n ti?ng Anh nghi v?n: Duelist; Search | S? t?/c?m nghi v?n: 2 | T? l? nghi v?n: 1.0 | M?c ??: 19.0
Hologram Map,Hologram Map,C?n ti?ng Anh nghi v?n: Hologram; Map | S? t?/c?m nghi v?n: 2 | T? l? nghi v?n: 1.0 | M?c ??: 19.0
Life Support Mode,Life Hỗ Trợ Mode,C?n ti?ng Anh nghi v?n: Life; Mode | S? t?/c?m nghi v?n: 2 | T? l? nghi v?n: 1.0 | M?c ??: 19.0
Vista View,Vista View,C?n ti?ng Anh nghi v?n: View; Vista | S? t?/c?m nghi v?n: 2 | T? l? nghi v?n: 1.0 | M?c ??: 19.0
Renewable Energy,Renewable Energy,C?n ti?ng Anh nghi v?n: Energy; Renewable | S? t?/c?m nghi v?n: 2 | T? l? nghi v?n: 1.0 | M?c ??: 19.0
Blanket Search,Blanket Search,C?n ti?ng Anh nghi v?n: Blanket; Search | S? t?/c?m nghi v?n: 2 | T? l? nghi v?n: 1.0 | M?c ??: 19.0
Friends to Foes,Bạn bè to Foes,C?n ti?ng Anh nghi v?n: Foes; to | S? t?/c?m nghi v?n: 2 | T? l? nghi v?n: 1.0 | M?c ??: 19.0
Autopilot Mode,Autopilot Mode,C?n ti?ng Anh nghi v?n: Autopilot; Mode | S? t?/c?m nghi v?n: 2 | T? l? nghi v?n: 1.0 | M?c ??: 19.0
Basic Livery,Basic Livery,C?n ti?ng Anh nghi v?n: Basic; Livery | S? t?/c?m nghi v?n: 2 | T? l? nghi v?n: 1.0 | M?c ??: 19.0
New Federation,New Federation,C?n ti?ng Anh nghi v?n: Federation; New | S? t?/c?m nghi v?n: 2 | T? l? nghi v?n: 1.0 | M?c ??: 19.0
New Federation,New Federation,C?n ti?ng Anh nghi v?n: Federation; New | S? t?/c?m nghi v?n: 2 | T? l? nghi v?n: 1.0 | M?c ??: 19.0
Disliked Food,Disliked Food,C?n ti?ng Anh nghi v?n: Disliked; Food | S? t?/c?m nghi v?n: 2 | T? l? nghi v?n: 1.0 | M?c ??: 19.0
About Mornye,About Mornye,C?n ti?ng Anh nghi v?n: About; Mornye | S? t?/c?m nghi v?n: 2 | T? l? nghi v?n: 1.0 | M?c ??: 19.0
About Sigrika,About Sigrika,C?n ti?ng Anh nghi v?n: About; Sigrika | S? t?/c?m nghi v?n: 2 | T? l? nghi v?n: 1.0 | M?c ??: 19.0
About Chisa,About Chisa,C?n ti?ng Anh nghi v?n: About; Chisa | S? t?/c?m nghi v?n: 2 | T? l? nghi v?n: 1.0 | M?c ??: 19.0
Enemies Near,Enemies Near,C?n ti?ng Anh nghi v?n: Enemies; Near | S? t?/c?m nghi v?n: 2 | T? l? nghi v?n: 1.0 | M?c ??: 19.0
Disliked Food,Disliked Food,C?n ti?ng Anh nghi v?n: Disliked; Food | S? t?/c?m nghi v?n: 2 | T? l? nghi v?n: 1.0 | M?c ??: 19.0
About Lynae,About Lynae,C?n ti?ng Anh nghi v?n: About; Lynae | S? t?/c?m nghi v?n: 2 | T? l? nghi v?n: 1.0 | M?c ??: 19.0
About Sigrika,About Sigrika,C?n ti?ng Anh nghi v?n: About; Sigrika | S? t?/c?m nghi v?n: 2 | T? l? nghi v?n: 1.0 | M?c ??: 19.0
About Denia,About Denia,C?n ti?ng Anh nghi v?n: About; Denia | S? t?/c?m nghi v?n: 2 | T? l? nghi v?n: 1.0 | M?c ??: 19.0
About Chisa,About Chisa,C?n ti?ng Anh nghi v?n: About; Chisa | S? t?/c?m nghi v?n: 2 | T? l? nghi v?n: 1.0 | M?c ??: 19.0
Hit: I,Hit: I,C?n ti?ng Anh nghi v?n: Hit; I | S? t?/c?m nghi v?n: 2 | T? l? nghi v?n: 1.0 | M?c ??: 19.0
Hit: II,Hit: II,C?n ti?ng Anh nghi v?n: Hit; II | S? t?/c?m nghi v?n: 2 | T? l? nghi v?n: 1.0 | M?c ??: 19.0
Enemies Near,Enemies Near,C?n ti?ng Anh nghi v?n: Enemies; Near | S? t?/c?m nghi v?n: 2 | T? l? nghi v?n: 1.0 | M?c ??: 19.0
Recharge Effect,Recharge Effect,C?n ti?ng Anh nghi v?n: Effect; Recharge | S? t?/c?m nghi v?n: 2 | T? l? nghi v?n: 1.0 | M?c ??: 19.0
Soliskin Guide,Soliskin Guide,C?n ti?ng Anh nghi v?n: Guide; Soliskin | S? t?/c?m nghi v?n: 2 | T? l? nghi v?n: 1.0 | M?c ??: 19.0
Event Exclusive,Event Exclusive,C?n ti?ng Anh nghi v?n: Event; Exclusive | S? t?/c?m nghi v?n: 2 | T? l? nghi v?n: 1.0 | M?c ??: 19.0
Main Weapon,Main Weapon,C?n ti?ng Anh nghi v?n: Main; Weapon | S? t?/c?m nghi v?n: 2 | T? l? nghi v?n: 1.0 | M?c ??: 19.0
Shield Bonus,Shield Bonus,C?n ti?ng Anh nghi v?n: Bonus; Shield | S? t?/c?m nghi v?n: 2 | T? l? nghi v?n: 1.0 | M?c ??: 19.0
Healing Bonus,Healing Bonus,C?n ti?ng Anh nghi v?n: Bonus; Healing | S? t?/c?m nghi v?n: 2 | T? l? nghi v?n: 1.0 | M?c ??: 19.0
Basic Healing,Basic Healing,C?n ti?ng Anh nghi v?n: Basic; Healing | S? t?/c?m nghi v?n: 2 | T? l? nghi v?n: 1.0 | M?c ??: 19.0
New Federation,New Federation,C?n ti?ng Anh nghi v?n: Federation; New | S? t?/c?m nghi v?n: 2 | T? l? nghi v?n: 1.0 | M?c ??: 19.0
Disliked Food,Disliked Food,C?n ti?ng Anh nghi v?n: Disliked; Food | S? t?/c?m nghi v?n: 2 | T? l? nghi v?n: 1.0 | M?c ??: 19.0
About Mornye,About Mornye,C?n ti?ng Anh nghi v?n: About; Mornye | S? t?/c?m nghi v?n: 2 | T? l? nghi v?n: 1.0 | M?c ??: 19.0
About Shorekeeper,About Shorekeeper,C?n ti?ng Anh nghi v?n: About; Shorekeeper | S? t?/c?m nghi v?n: 2 | T? l? nghi v?n: 1.0 | M?c ??: 19.0
About Camellya,About Camellya,C?n ti?ng Anh nghi v?n: About; Camellya | S? t?/c?m nghi v?n: 2 | T? l? nghi v?n: 1.0 | M?c ??: 19.0
Hit: I,Hit: I,C?n ti?ng Anh nghi v?n: Hit; I | S? t?/c?m nghi v?n: 2 | T? l? nghi v?n: 1.0 | M?c ??: 19.0
Hit: II,Hit: II,C?n ti?ng Anh nghi v?n: Hit; II | S? t?/c?m nghi v?n: 2 | T? l? nghi v?n: 1.0 | M?c ??: 19.0
Disliked Food,Disliked Food,C?n ti?ng Anh nghi v?n: Disliked; Food | S? t?/c?m nghi v?n: 2 | T? l? nghi v?n: 1.0 | M?c ??: 19.0
About Lucilla,About Lucilla,C?n ti?ng Anh nghi v?n: About; Lucilla | S? t?/c?m nghi v?n: 2 | T? l? nghi v?n: 1.0 | M?c ??: 19.0
About Aemeath,About Aemeath,C?n ti?ng Anh nghi v?n: About; Aemeath | S? t?/c?m nghi v?n: 2 | T? l? nghi v?n: 1.0 | M?c ??: 19.0
About Sigrika,About Sigrika,C?n ti?ng Anh nghi v?n: About; Sigrika | S? t?/c?m nghi v?n: 2 | T? l? nghi v?n: 1.0 | M?c ??: 19.0
About Rhein,About Rhein,C?n ti?ng Anh nghi v?n: About; Rhein | S? t?/c?m nghi v?n: 2 | T? l? nghi v?n: 1.0 | M?c ??: 19.0
Hit: II,Hit: II,C?n ti?ng Anh nghi v?n: Hit; II | S? t?/c?m nghi v?n: 2 | T? l? nghi v?n: 1.0 | M?c ??: 19.0
Enemies Near,Enemies Near,C?n ti?ng Anh nghi v?n: Enemies; Near | S? t?/c?m nghi v?n: 2 | T? l? nghi v?n: 1.0 | M?c ??: 19.0
Hit: I,Hit: I,C?n ti?ng Anh nghi v?n: Hit; I | S? t?/c?m nghi v?n: 2 | T? l? nghi v?n: 1.0 | M?c ??: 19.0
Soliskin Guide,Soliskin Guide,C?n ti?ng Anh nghi v?n: Guide; Soliskin | S? t?/c?m nghi v?n: 2 | T? l? nghi v?n: 1.0 | M?c ??: 19.0
Disliked Food,Disliked Food,C?n ti?ng Anh nghi v?n: Disliked; Food | S? t?/c?m nghi v?n: 2 | T? l? nghi v?n: 1.0 | M?c ??: 19.0
About Denia,About Denia,C?n ti?ng Anh nghi v?n: About; Denia | S? t?/c?m nghi v?n: 2 | T? l? nghi v?n: 1.0 | M?c ??: 19.0
About Lynae,About Lynae,C?n ti?ng Anh nghi v?n: About; Lynae | S? t?/c?m nghi v?n: 2 | T? l? nghi v?n: 1.0 | M?c ??: 19.0
About Aemeath,About Aemeath,C?n ti?ng Anh nghi v?n: About; Aemeath | S? t?/c?m nghi v?n: 2 | T? l? nghi v?n: 1.0 | M?c ??: 19.0
About Lucilla,About Lucilla,C?n ti?ng Anh nghi v?n: About; Lucilla | S? t?/c?m nghi v?n: 2 | T? l? nghi v?n: 1.0 | M?c ??: 19.0
Hit: I,Hit: I,C?n ti?ng Anh nghi v?n: Hit; I | S? t?/c?m nghi v?n: 2 | T? l? nghi v?n: 1.0 | M?c ??: 19.0
Hit: II,Hit: II,C?n ti?ng Anh nghi v?n: Hit; II | S? t?/c?m nghi v?n: 2 | T? l? nghi v?n: 1.0 | M?c ??: 19.0
Hit: III,Hit: III,C?n ti?ng Anh nghi v?n: Hit; III | S? t?/c?m nghi v?n: 2 | T? l? nghi v?n: 1.0 | M?c ??: 19.0
Enemies Near,Enemies Near,C?n ti?ng Anh nghi v?n: Enemies; Near | S? t?/c?m nghi v?n: 2 | T? l? nghi v?n: 1.0 | M?c ??: 19.0
Batch Lock,Batch Lock,C?n ti?ng Anh nghi v?n: Batch; Lock | S? t?/c?m nghi v?n: 2 | T? l? nghi v?n: 1.0 | M?c ??: 19.0
Batch Unlock,Batch Unlock,C?n ti?ng Anh nghi v?n: Batch; Unlock | S? t?/c?m nghi v?n: 2 | T? l? nghi v?n: 1.0 | M?c ??: 19.0
Energy Recycle,Energy Recycle,C?n ti?ng Anh nghi v?n: Energy; Recycle | S? t?/c?m nghi v?n: 2 | T? l? nghi v?n: 1.0 | M?c ??: 19.0
Our Sun,Our Sun,C?n ti?ng Anh nghi v?n: Our; Sun | S? t?/c?m nghi v?n: 2 | T? l? nghi v?n: 1.0 | M?c ??: 19.0
Disliked Food,Disliked Food,C?n ti?ng Anh nghi v?n: Disliked; Food | S? t?/c?m nghi v?n: 2 | T? l? nghi v?n: 1.0 | M?c ??: 19.0
About Lynae,About Lynae,C?n ti?ng Anh nghi v?n: About; Lynae | S? t?/c?m nghi v?n: 2 | T? l? nghi v?n: 1.0 | M?c ??: 19.0
About Chisa,About Chisa,C?n ti?ng Anh nghi v?n: About; Chisa | S? t?/c?m nghi v?n: 2 | T? l? nghi v?n: 1.0 | M?c ??: 19.0
About Aemeath,About Aemeath,C?n ti?ng Anh nghi v?n: About; Aemeath | S? t?/c?m nghi v?n: 2 | T? l? nghi v?n: 1.0 | M?c ??: 19.0
About Sigrika,About Sigrika,C?n ti?ng Anh nghi v?n: About; Sigrika | S? t?/c?m nghi v?n: 2 | T? l? nghi v?n: 1.0 | M?c ??: 19.0
About Denia,About Denia,C?n ti?ng Anh nghi v?n: About; Denia | S? t?/c?m nghi v?n: 2 | T? l? nghi v?n: 1.0 | M?c ??: 19.0
About Lucilla,About Lucilla,C?n ti?ng Anh nghi v?n: About; Lucilla | S? t?/c?m nghi v?n: 2 | T? l? nghi v?n: 1.0 | M?c ??: 19.0
Enemies Near,Enemies Near,C?n ti?ng Anh nghi v?n: Enemies; Near | S? t?/c?m nghi v?n: 2 | T? l? nghi v?n: 1.0 | M?c ??: 19.0
Disliked Food,Disliked Food,C?n ti?ng Anh nghi v?n: Disliked; Food | S? t?/c?m nghi v?n: 2 | T? l? nghi v?n: 1.0 | M?c ??: 19.0
About Sigrika,About Sigrika,C?n ti?ng Anh nghi v?n: About; Sigrika | S? t?/c?m nghi v?n: 2 | T? l? nghi v?n: 1.0 | M?c ??: 19.0
About Hiyuki,About Hiyuki,C?n ti?ng Anh nghi v?n: About; Hiyuki | S? t?/c?m nghi v?n: 2 | T? l? nghi v?n: 1.0 | M?c ??: 19.0
About Phrolova,About Phrolova,C?n ti?ng Anh nghi v?n: About; Phrolova | S? t?/c?m nghi v?n: 2 | T? l? nghi v?n: 1.0 | M?c ??: 19.0
About Mornye,About Mornye,C?n ti?ng Anh nghi v?n: About; Mornye | S? t?/c?m nghi v?n: 2 | T? l? nghi v?n: 1.0 | M?c ??: 19.0
About Aemeath,About Aemeath,C?n ti?ng Anh nghi v?n: About; Aemeath | S? t?/c?m nghi v?n: 2 | T? l? nghi v?n: 1.0 | M?c ??: 19.0
Hit: I,Hit: I,C?n ti?ng Anh nghi v?n: Hit; I | S? t?/c?m nghi v?n: 2 | T? l? nghi v?n: 1.0 | M?c ??: 19.0
Hit: II,Hit: II,C?n ti?ng Anh nghi v?n: Hit; II | S? t?/c?m nghi v?n: 2 | T? l? nghi v?n: 1.0 | M?c ??: 19.0
Aerial Energy,Aerial Energy,C?n ti?ng Anh nghi v?n: Aerial; Energy | S? t?/c?m nghi v?n: 2 | T? l? nghi v?n: 1.0 | M?c ??: 19.0
Reach Duelist Level 2,Đạt Duelist Level 2,C?n ti?ng Anh nghi v?n: Duelist; Level | S? t?/c?m nghi v?n: 2 | T? l? nghi v?n: 1.0 | M?c ??: 19.0
Reach Duelist Level 4,Đạt Duelist Level 4,C?n ti?ng Anh nghi v?n: Duelist; Level | S? t?/c?m nghi v?n: 2 | T? l? nghi v?n: 1.0 | M?c ??: 19.0
Reach Duelist Level 6,Đạt Duelist Level 6,C?n ti?ng Anh nghi v?n: Duelist; Level | S? t?/c?m nghi v?n: 2 | T? l? nghi v?n: 1.0 | M?c ??: 19.0
Reach Duelist Level 8,Đạt Duelist Level 8,C?n ti?ng Anh nghi v?n: Duelist; Level | S? t?/c?m nghi v?n: 2 | T? l? nghi v?n: 1.0 | M?c ??: 19.0
Reach Duelist Level 10,Đạt Duelist Level 10,C?n ti?ng Anh nghi v?n: Duelist; Level | S? t?/c?m nghi v?n: 2 | T? l? nghi v?n: 1.0 | M?c ??: 19.0
Reach Duelist Level 12,Đạt Duelist Level 12,C?n ti?ng Anh nghi v?n: Duelist; Level | S? t?/c?m nghi v?n: 2 | T? l? nghi v?n: 1.0 | M?c ??: 19.0
Reach Duelist Level 3,Đạt Duelist Level 3,C?n ti?ng Anh nghi v?n: Duelist; Level | S? t?/c?m nghi v?n: 2 | T? l? nghi v?n: 1.0 | M?c ??: 19.0
Exit Game,Exit Game,C?n ti?ng Anh nghi v?n: Exit; Game | S? t?/c?m nghi v?n: 2 | T? l? nghi v?n: 1.0 | M?c ??: 19.0
Exchange Tips,Exchange Tips,C?n ti?ng Anh nghi v?n: Exchange; Tips | S? t?/c?m nghi v?n: 2 | T? l? nghi v?n: 1.0 | M?c ??: 19.0
Enhance Tips,Enhance Tips,C?n ti?ng Anh nghi v?n: Enhance; Tips | S? t?/c?m nghi v?n: 2 | T? l? nghi v?n: 1.0 | M?c ??: 19.0
Exit Game,Exit Game,C?n ti?ng Anh nghi v?n: Exit; Game | S? t?/c?m nghi v?n: 2 | T? l? nghi v?n: 1.0 | M?c ??: 19.0
Sonata Effect,Sonata Effect,C?n ti?ng Anh nghi v?n: Effect; Sonata | S? t?/c?m nghi v?n: 2 | T? l? nghi v?n: 1.0 | M?c ??: 19.0
Enhance Tips,Enhance Tips,C?n ti?ng Anh nghi v?n: Enhance; Tips | S? t?/c?m nghi v?n: 2 | T? l? nghi v?n: 1.0 | M?c ??: 19.0
Enhance Tips,Enhance Tips,C?n ti?ng Anh nghi v?n: Enhance; Tips | S? t?/c?m nghi v?n: 2 | T? l? nghi v?n: 1.0 | M?c ??: 19.0
Equipment Tips,Equipment Tips,C?n ti?ng Anh nghi v?n: Equipment; Tips | S? t?/c?m nghi v?n: 2 | T? l? nghi v?n: 1.0 | M?c ??: 19.0
Weapon Replacement,Weapon Replacement,C?n ti?ng Anh nghi v?n: Replacement; Weapon | S? t?/c?m nghi v?n: 2 | T? l? nghi v?n: 1.0 | M?c ??: 19.0
Temporarily Exit,Temporarily Exit,C?n ti?ng Anh nghi v?n: Exit; Temporarily | S? t?/c?m nghi v?n: 2 | T? l? nghi v?n: 1.0 | M?c ??: 19.0
Temporarily Exit,Temporarily Exit,C?n ti?ng Anh nghi v?n: Exit; Temporarily | S? t?/c?m nghi v?n: 2 | T? l? nghi v?n: 1.0 | M?c ??: 19.0
Exit Confirmation,Exit Confirmation,C?n ti?ng Anh nghi v?n: Confirmation; Exit | S? t?/c?m nghi v?n: 2 | T? l? nghi v?n: 1.0 | M?c ??: 19.0
Exit Confirmation,Exit Confirmation,C?n ti?ng Anh nghi v?n: Confirmation; Exit | S? t?/c?m nghi v?n: 2 | T? l? nghi v?n: 1.0 | M?c ??: 19.0
Combat Event,Combat Event,C?n ti?ng Anh nghi v?n: Combat; Event | S? t?/c?m nghi v?n: 2 | T? l? nghi v?n: 1.0 | M?c ??: 19.0
Leisure Event,Leisure Event,C?n ti?ng Anh nghi v?n: Event; Leisure | S? t?/c?m nghi v?n: 2 | T? l? nghi v?n: 1.0 | M?c ??: 19.0
Exploration Event,Exploration Event,C?n ti?ng Anh nghi v?n: Event; Exploration | S? t?/c?m nghi v?n: 2 | T? l? nghi v?n: 1.0 | M?c ??: 19.0
Calculation Error,Calculation Error,C?n ti?ng Anh nghi v?n: Calculation; Error | S? t?/c?m nghi v?n: 2 | T? l? nghi v?n: 1.0 | M?c ??: 19.0
Healing Complete,Healing Complete,C?n ti?ng Anh nghi v?n: Complete; Healing | S? t?/c?m nghi v?n: 2 | T? l? nghi v?n: 1.0 | M?c ??: 19.0
Best Time,Best Time,C?n ti?ng Anh nghi v?n: Best; Time | S? t?/c?m nghi v?n: 2 | T? l? nghi v?n: 1.0 | M?c ??: 19.0
Exploration Finish,Exploration Finish,C?n ti?ng Anh nghi v?n: Exploration; Finish | S? t?/c?m nghi v?n: 2 | T? l? nghi v?n: 1.0 | M?c ??: 19.0
Basic Information,Basic Information,C?n ti?ng Anh nghi v?n: Basic; Information | S? t?/c?m nghi v?n: 2 | T? l? nghi v?n: 1.0 | M?c ??: 19.0
Sonata Effect,Sonata Effect,C?n ti?ng Anh nghi v?n: Effect; Sonata | S? t?/c?m nghi v?n: 2 | T? l? nghi v?n: 1.0 | M?c ??: 19.0
Friend Request,Friend Request,C?n ti?ng Anh nghi v?n: Friend; Request | S? t?/c?m nghi v?n: 2 | T? l? nghi v?n: 1.0 | M?c ??: 19.0
No Friend Request,Không Friend Request,C?n ti?ng Anh nghi v?n: Friend; Request | S? t?/c?m nghi v?n: 2 | T? l? nghi v?n: 1.0 | M?c ??: 19.0
Featured Weapon Convene,Featured Weapon Triệu Tập,C?n ti?ng Anh nghi v?n: Featured; Weapon | S? t?/c?m nghi v?n: 2 | T? l? nghi v?n: 1.0 | M?c ??: 19.0
Anniversary Weapon Convene,Anniversary Weapon Triệu Tập,C?n ti?ng Anh nghi v?n: Anniversary; Weapon | S? t?/c?m nghi v?n: 2 | T? l? nghi v?n: 1.0 | M?c ??: 19.0
Friend Added,Friend Added,C?n ti?ng Anh nghi v?n: Added; Friend | S? t?/c?m nghi v?n: 2 | T? l? nghi v?n: 1.0 | M?c ??: 19.0
Exit Matching,Exit Matching,C?n ti?ng Anh nghi v?n: Exit; Matching | S? t?/c?m nghi v?n: 2 | T? l? nghi v?n: 1.0 | M?c ??: 19.0
Match Complete,Match Complete,C?n ti?ng Anh nghi v?n: Complete; Match | S? t?/c?m nghi v?n: 2 | T? l? nghi v?n: 1.0 | M?c ??: 19.0
Unavailable Area,Unavailable Area,C?n ti?ng Anh nghi v?n: Area; Unavailable | S? t?/c?m nghi v?n: 2 | T? l? nghi v?n: 1.0 | M?c ??: 19.0
Not Equipped,Not Equipped,C?n ti?ng Anh nghi v?n: Equipped; Not | S? t?/c?m nghi v?n: 2 | T? l? nghi v?n: 1.0 | M?c ??: 19.0
Not Owned,Not Owned,C?n ti?ng Anh nghi v?n: Not; Owned | S? t?/c?m nghi v?n: 2 | T? l? nghi v?n: 1.0 | M?c ??: 19.0
New Goal,New Goal,C?n ti?ng Anh nghi v?n: Goal; New | S? t?/c?m nghi v?n: 2 | T? l? nghi v?n: 1.0 | M?c ??: 19.0
Edit Name,Edit Name,C?n ti?ng Anh nghi v?n: Edit; Name | S? t?/c?m nghi v?n: 2 | T? l? nghi v?n: 1.0 | M?c ??: 19.0
Weapon Materials,Weapon Materials,C?n ti?ng Anh nghi v?n: Materials; Weapon | S? t?/c?m nghi v?n: 2 | T? l? nghi v?n: 1.0 | M?c ??: 19.0
No Team Members Now,Không Đội Members Now,C?n ti?ng Anh nghi v?n: Members; Now | S? t?/c?m nghi v?n: 2 | T? l? nghi v?n: 1.0 | M?c ??: 19.0
Rate Now,Rate Now,C?n ti?ng Anh nghi v?n: Now; Rate | S? t?/c?m nghi v?n: 2 | T? l? nghi v?n: 1.0 | M?c ??: 19.0
Immersion Mode,Immersion Mode,C?n ti?ng Anh nghi v?n: Immersion; Mode | S? t?/c?m nghi v?n: 2 | T? l? nghi v?n: 1.0 | M?c ??: 19.0
Night Fishing,Night Fishing,C?n ti?ng Anh nghi v?n: Fishing; Night | S? t?/c?m nghi v?n: 2 | T? l? nghi v?n: 1.0 | M?c ??: 19.0
Night Fishing,Night Fishing,C?n ti?ng Anh nghi v?n: Fishing; Night | S? t?/c?m nghi v?n: 2 | T? l? nghi v?n: 1.0 | M?c ??: 19.0
Switch Successful,Switch Successful,C?n ti?ng Anh nghi v?n: Successful; Switch | S? t?/c?m nghi v?n: 2 | T? l? nghi v?n: 1.0 | M?c ??: 19.0
Prepare More,Prepare More,C?n ti?ng Anh nghi v?n: More; Prepare | S? t?/c?m nghi v?n: 2 | T? l? nghi v?n: 1.0 | M?c ??: 19.0
New Game,New Game,C?n ti?ng Anh nghi v?n: Game; New | S? t?/c?m nghi v?n: 2 | T? l? nghi v?n: 1.0 | M?c ??: 19.0
"Clear ""Test Run"" to unlock","Hoàn thành ""Test Run"" để mở khóa",C?n ti?ng Anh nghi v?n: Run; Test | S? t?/c?m nghi v?n: 2 | T? l? nghi v?n: 1.0 | M?c ??: 19.0
"Clear the first difficulty of ""Sacrifice Night"" to unlock","Hoàn thành độ khó đầu tiên của ""Sacrifice Night"" để mở khóa",C?n ti?ng Anh nghi v?n: Night; Sacrifice | S? t?/c?m nghi v?n: 2 | T? l? nghi v?n: 1.0 | M?c ??: 19.0
"Unlock ""Sacrifice Night"" to obtain","Mở khóa ""Sacrifice Night"" để nhận",C?n ti?ng Anh nghi v?n: Night; Sacrifice | S? t?/c?m nghi v?n: 2 | T? l? nghi v?n: 1.0 | M?c ??: 19.0
"Clear all difficulties of ""Sacrifice Night"" to unlock","Hoàn thành tất cả độ khó của ""Sacrifice Night"" để mở khóa",C?n ti?ng Anh nghi v?n: Night; Sacrifice | S? t?/c?m nghi v?n: 2 | T? l? nghi v?n: 1.0 | M?c ??: 19.0
Download Complete,Download Complete,C?n ti?ng Anh nghi v?n: Complete; Download | S? t?/c?m nghi v?n: 2 | T? l? nghi v?n: 1.0 | M?c ??: 19.0
Save Feature,Save Feature,C?n ti?ng Anh nghi v?n: Feature; Save | S? t?/c?m nghi v?n: 2 | T? l? nghi v?n: 1.0 | M?c ??: 19.0
Infinite Mode,Infinite Mode,C?n ti?ng Anh nghi v?n: Infinite; Mode | S? t?/c?m nghi v?n: 2 | T? l? nghi v?n: 1.0 | M?c ??: 19.0
Unable to switch Signature Weapon,Không thể chuyển đổi Signature Weapon,C?n ti?ng Anh nghi v?n: Signature; Weapon | S? t?/c?m nghi v?n: 2 | T? l? nghi v?n: 1.0 | M?c ??: 19.0
Signature Weapon mismatch,Signature Weapon không khớp,C?n ti?ng Anh nghi v?n: Signature; Weapon | S? t?/c?m nghi v?n: 2 | T? l? nghi v?n: 1.0 | M?c ??: 19.0
Our Choice,Our Choice,C?n ti?ng Anh nghi v?n: Choice; Our | S? t?/c?m nghi v?n: 2 | T? l? nghi v?n: 1.0 | M?c ??: 19.0
Old Compass,Old Compass,C?n ti?ng Anh nghi v?n: Compass; Old | S? t?/c?m nghi v?n: 2 | T? l? nghi v?n: 1.0 | M?c ??: 19.0
Basic Tuner,Basic Tuner,C?n ti?ng Anh nghi v?n: Basic; Tuner | S? t?/c?m nghi v?n: 2 | T? l? nghi v?n: 1.0 | M?c ??: 19.0
Basic Ring,Basic Ring,C?n ti?ng Anh nghi v?n: Basic; Ring | S? t?/c?m nghi v?n: 2 | T? l? nghi v?n: 1.0 | M?c ??: 19.0
Exiles' Weapon,Exiles' Weapon,C?n ti?ng Anh nghi v?n: Exiles'; Weapon | S? t?/c?m nghi v?n: 2 | T? l? nghi v?n: 1.0 | M?c ??: 19.0
Scenic Photo,Scenic Photo,C?n ti?ng Anh nghi v?n: Photo; Scenic | S? t?/c?m nghi v?n: 2 | T? l? nghi v?n: 1.0 | M?c ??: 19.0
Guide Crystal,Guide Crystal,C?n ti?ng Anh nghi v?n: Crystal; Guide | S? t?/c?m nghi v?n: 2 | T? l? nghi v?n: 1.0 | M?c ??: 19.0
Old Booklet,Old Booklet,C?n ti?ng Anh nghi v?n: Booklet; Old | S? t?/c?m nghi v?n: 2 | T? l? nghi v?n: 1.0 | M?c ??: 19.0
Old Sketch,Old Sketch,C?n ti?ng Anh nghi v?n: Old; Sketch | S? t?/c?m nghi v?n: 2 | T? l? nghi v?n: 1.0 | M?c ??: 19.0
Temporary Team Photo,Temporary Đội Photo,C?n ti?ng Anh nghi v?n: Photo; Temporary | S? t?/c?m nghi v?n: 2 | T? l? nghi v?n: 1.0 | M?c ??: 19.0
For Ya,For Ya,C?n ti?ng Anh nghi v?n: For; Ya | S? t?/c?m nghi v?n: 2 | T? l? nghi v?n: 1.0 | M?c ??: 19.0
For Ya,For Ya,C?n ti?ng Anh nghi v?n: For; Ya | S? t?/c?m nghi v?n: 2 | T? l? nghi v?n: 1.0 | M?c ??: 19.0
Old Film,Old Film,C?n ti?ng Anh nghi v?n: Film; Old | S? t?/c?m nghi v?n: 2 | T? l? nghi v?n: 1.0 | M?c ??: 19.0
Standard Weapon Mold,Tiêu Chuẩn Weapon Mold,C?n ti?ng Anh nghi v?n: Mold; Weapon | S? t?/c?m nghi v?n: 2 | T? l? nghi v?n: 1.0 | M?c ??: 19.0
Prophet's Message,Prophet's Message,C?n ti?ng Anh nghi v?n: Message; Prophet's | S? t?/c?m nghi v?n: 2 | T? l? nghi v?n: 1.0 | M?c ??: 19.0
Plushies' Photo,Plushies' Photo,C?n ti?ng Anh nghi v?n: Photo; Plushies' | S? t?/c?m nghi v?n: 2 | T? l? nghi v?n: 1.0 | M?c ??: 19.0
Event Requests,Event Requests,C?n ti?ng Anh nghi v?n: Event; Requests | S? t?/c?m nghi v?n: 2 | T? l? nghi v?n: 1.0 | M?c ??: 19.0
Vibe Level Milestone Reward,Phần thưởng cột mốc Vibe Level,C?n ti?ng Anh nghi v?n: Level; Vibe | S? t?/c?m nghi v?n: 2 | T? l? nghi v?n: 1.0 | M?c ??: 19.0
Old Voice Recorder,Old Giọng nói Recorder,C?n ti?ng Anh nghi v?n: Old; Recorder | S? t?/c?m nghi v?n: 2 | T? l? nghi v?n: 1.0 | M?c ??: 19.0
Styling Guide,Styling Guide,C?n ti?ng Anh nghi v?n: Guide; Styling | S? t?/c?m nghi v?n: 2 | T? l? nghi v?n: 1.0 | M?c ??: 19.0
Factory New,Factory New,C?n ti?ng Anh nghi v?n: Factory; New | S? t?/c?m nghi v?n: 2 | T? l? nghi v?n: 1.0 | M?c ??: 19.0
Last Surprise,Last Surprise,C?n ti?ng Anh nghi v?n: Last; Surprise | S? t?/c?m nghi v?n: 2 | T? l? nghi v?n: 1.0 | M?c ??: 19.0
Flowers For You,Flowers For Bạn,C?n ti?ng Anh nghi v?n: Flowers; For | S? t?/c?m nghi v?n: 2 | T? l? nghi v?n: 1.0 | M?c ??: 19.0
Ever True,Ever True,C?n ti?ng Anh nghi v?n: Ever; True | S? t?/c?m nghi v?n: 2 | T? l? nghi v?n: 1.0 | M?c ??: 19.0
Track Status,Track Status,C?n ti?ng Anh nghi v?n: Status; Track | S? t?/c?m nghi v?n: 2 | T? l? nghi v?n: 1.0 | M?c ??: 19.0
New Region,New Region,C?n ti?ng Anh nghi v?n: New; Region | S? t?/c?m nghi v?n: 2 | T? l? nghi v?n: 1.0 | M?c ??: 19.0
New Outfits,New Outfits,C?n ti?ng Anh nghi v?n: New; Outfits | S? t?/c?m nghi v?n: 2 | T? l? nghi v?n: 1.0 | M?c ??: 19.0
New Outfits,New Outfits,C?n ti?ng Anh nghi v?n: New; Outfits | S? t?/c?m nghi v?n: 2 | T? l? nghi v?n: 1.0 | M?c ??: 19.0
"<color=#ffffff>""Souvenir"" Shop</color>","<color=#ffffff>""Souvenir"" Shop</color>",C?n ti?ng Anh nghi v?n: Shop; Souvenir | S? t?/c?m nghi v?n: 2 | T? l? nghi v?n: 1.0 | M?c ??: 19.0
"Unique Effect: Following Resonance Skill, the next Resonance Liberation grants all DMG Amplification.","Hiệu ứng Đặc biệt: Sau Resonance Skill, Resonance Liberation tiếp theo sẽ tăng toàn bộ DMG Amplification.",C?n ti?ng Anh nghi v?n: Amplification; Liberation; Skill | S? t?/c?m nghi v?n: 3 | T? l? nghi v?n: 0.375 | M?c ??: 18.75
"Unique Effect: Following Resonance Skill, the next Resonance Liberation grants all DMG Amplification.","Hiệu ứng Đặc biệt: Sau Resonance Skill, Resonance Liberation tiếp theo sẽ tăng toàn bộ DMG Amplification.",C?n ti?ng Anh nghi v?n: Amplification; Liberation; Skill | S? t?/c?m nghi v?n: 3 | T? l? nghi v?n: 0.375 | M?c ??: 18.75
Lahai-Roi: Voices Along the Way,Lahai-Roi: Voices Along the Way,C?n ti?ng Anh nghi v?n: Along; Lahai; Voices; Way | S? t?/c?m nghi v?n: 4 | T? l? nghi v?n: 0.667 | M?c ??: 18.67
Lahai-Roi: Voices Along the Way,Lahai-Roi: Voices Along the Way,C?n ti?ng Anh nghi v?n: Along; Lahai; Voices; Way | S? t?/c?m nghi v?n: 4 | T? l? nghi v?n: 0.667 | M?c ??: 18.67
Lahai-Roi: Exploring the Extreme Edge,Lahai-Roi: Exploring the Extreme Edge,C?n ti?ng Anh nghi v?n: Edge; Exploring; Extreme; Lahai | S? t?/c?m nghi v?n: 4 | T? l? nghi v?n: 0.667 | M?c ??: 18.67
Lahai-Roi: Exploring the Extreme Edge,Lahai-Roi: Exploring the Extreme Edge,C?n ti?ng Anh nghi v?n: Edge; Exploring; Extreme; Lahai | S? t?/c?m nghi v?n: 4 | T? l? nghi v?n: 0.667 | M?c ??: 18.67
Complete As the Bamboo Leaf Falls - Hard Mode,Hoàn thành Khi As the Bamboo Leaf Falls - Chế Độ Khó,C?n ti?ng Anh nghi v?n: As; Bamboo; Falls; Leaf | S? t?/c?m nghi v?n: 4 | T? l? nghi v?n: 0.667 | M?c ??: 18.67
"The Sentinel is no more, the Blessed Maiden is gone, and now the Dark Tide descends…","Sentinel không còn nữa, Blessed Maiden đã ra đi, và giờ đây Dark Tide đang tràn tới…",C?n ti?ng Anh nghi v?n: Blessed; Dark; Maiden; Tide | S? t?/c?m nghi v?n: 4 | T? l? nghi v?n: 0.667 | M?c ??: 18.67
Let me think… Cartethyia loves Larus Salad… and Zani's favorite is pizza…,Để tôi nghĩ xem… Cartethyia thích món Larus Salad… còn Zani thì thích pizza nhất…,C?n ti?ng Anh nghi v?n: Cartethyia; Larus; pizza; Salad | S? t?/c?m nghi v?n: 4 | T? l? nghi v?n: 0.667 | M?c ??: 18.67
"Unique Effect: Defeating enemies with Spectro Frazzle, Heliacal Ember, or Aero Erosion inflicts the same effect on nearby enemies.","Hiệu ứng Đặc biệt: Đánh bại kẻ địch đang chịu Spectro Frazzle, Heliacal Ember hoặc Aero Erosion sẽ gây hiệu ứng tương tự lên kẻ địch gần đó.",C?n ti?ng Anh nghi v?n: Ember; Erosion; Frazzle; Heliacal | S? t?/c?m nghi v?n: 4 | T? l? nghi v?n: 0.667 | M?c ??: 18.67
"Unique Effect: Defeating enemies inflicted with Spectro Frazzle, Heliacal Ember, or Aero Erosion inflicts the same effect on nearby enemies.","Hiệu ứng Đặc biệt: Đánh bại kẻ địch đang chịu Spectro Frazzle, Heliacal Ember hoặc Aero Erosion sẽ gây hiệu ứng tương tự lên kẻ địch gần đó.",C?n ti?ng Anh nghi v?n: Ember; Erosion; Frazzle; Heliacal | S? t?/c?m nghi v?n: 4 | T? l? nghi v?n: 0.667 | M?c ??: 18.67
Unique Effect: Gaining a Shield launches 3 <color=Highlight><te href=851100>Combo - Rice Dango Missiles</te></color> to targets around.,Hiệu ứng Đặc biệt: Nhận Khiên sẽ phóng 3 <color=Highlight><te href=851100>Combo - Rice Dango Missiles</te></color> vào mục tiêu xung quanh.,C?n ti?ng Anh nghi v?n: Combo; Dango; Missiles; Rice | S? t?/c?m nghi v?n: 4 | T? l? nghi v?n: 0.667 | M?c ??: 18.67
Unique Effect: Unique Effect: Gaining a Shield releases <color=Highlight><te href=851102>Burst - Blazing Pillar</te></color> to targets around.,Hiệu ứng Đặc biệt: Nhận **Shield** sẽ giải phóng <color=Highlight><te href=851102>Burst - Blazing Pillar</te></color> vào các mục tiêu xung quanh.,C?n ti?ng Anh nghi v?n: Blazing; Burst; Pillar; Shield | S? t?/c?m nghi v?n: 4 | T? l? nghi v?n: 0.667 | M?c ??: 18.67
Defeat the Matrix Mimic once in Singularity Expansion (Resets each phase),Đánh bại Matrix Mimic một lần trong Singularity Expansion (Đặt lại mỗi giai đoạn),C?n ti?ng Anh nghi v?n: Expansion; Matrix; Mimic; Singularity | S? t?/c?m nghi v?n: 4 | T? l? nghi v?n: 0.667 | M?c ??: 18.67
"Completed Theater 4: ""Ragunna's Visitor"" - Ending Two Unlocked: ""The High Adjudicator""","Hoàn thành Nhà hát 4: ""Ragunna's Visitor"" - Mở khóa Kết thúc Hai: ""The High Adjudicator""",C?n ti?ng Anh nghi v?n: Adjudicator; High; Ragunna's; Visitor | S? t?/c?m nghi v?n: 4 | T? l? nghi v?n: 0.667 | M?c ??: 18.67
Clear Echoes of Sword Storms with Stress Module Solo equipped,Hoàn thành Echoes of Kiếm Storms với Stress Mô-đun Solo trang bị,C?n ti?ng Anh nghi v?n: of; Solo; Storms; Stress | S? t?/c?m nghi v?n: 4 | T? l? nghi v?n: 0.667 | M?c ??: 18.67
"Accept the quest ""Unparalleled Mechascout"" after rebuilding Sol's Embrace","Nhận nhiệm vụ ""Unparalleled Mechascout"" sau khi xây dựng lại Sol's Embrace",C?n ti?ng Anh nghi v?n: Embrace; Mechascout; Sol's; Unparalleled | S? t?/c?m nghi v?n: 4 | T? l? nghi v?n: 0.667 | M?c ??: 18.67
"Clear Honami City Stage 4 in the event ""Star Bouncing""","Vượt ải Honami City Giai đoạn 4 trong sự kiện ""Star Bouncing""",C?n ti?ng Anh nghi v?n: Bouncing; City; Honami; Star | S? t?/c?m nghi v?n: 4 | T? l? nghi v?n: 0.667 | M?c ??: 18.67
"Earn a Rating higher than A on Easy in ""Tutorial Track"" to unlock","Đạt Đánh giá cao hơn A ở độ khó Easy trong ""Tutorial Track"" để mở khóa",C?n ti?ng Anh nghi v?n: A; Easy; Track; Tutorial | S? t?/c?m nghi v?n: 4 | T? l? nghi v?n: 0.667 | M?c ??: 18.67
"Earn a Rating higher than A on Easy or Normal in ""Daisy Crown"" to unlock","Đạt Đánh giá cao hơn A ở độ khó Easy hoặc Thường trong ""Daisy Crown"" để mở khóa",C?n ti?ng Anh nghi v?n: A; Crown; Daisy; Easy | S? t?/c?m nghi v?n: 4 | T? l? nghi v?n: 0.667 | M?c ??: 18.67
"Earn a Rating higher than A on Easy or Normal in ""Till Dawn"" to unlock","Đạt Đánh giá cao hơn A ở độ khó Easy hoặc Thường trong ""Till Dawn"" để mở khóa",C?n ti?ng Anh nghi v?n: A; Dawn; Easy; Till | S? t?/c?m nghi v?n: 4 | T? l? nghi v?n: 0.667 | M?c ??: 18.67
"Reach Union Level 14 and complete the first hunt in Main Quest ""By Sun's Burning Hand""","Đạt Cấp Liên Minh 14 và hoàn thành cuộc săn đầu tiên trong Nhiệm Vụ Chính ""By Sun's Burning Hand""",C?n ti?ng Anh nghi v?n: Burning; By; Hand; Sun's | S? t?/c?m nghi v?n: 4 | T? l? nghi v?n: 0.667 | M?c ??: 18.67
Wishing Stall (Complete Wish Upon the Moon IV to unlock),Gian Hàng Ước Nguyện (Hoàn thành *Wish Upon the Moon IV* để mở khóa),C?n ti?ng Anh nghi v?n: IV; Moon; Upon; Wish | S? t?/c?m nghi v?n: 4 | T? l? nghi v?n: 0.667 | M?c ??: 18.67
A recipe that details how to craft Legend of Drunken Hero,Công thức ghi chi tiết cách chế tạo Legend of Drunken Hero,C?n ti?ng Anh nghi v?n: Drunken; Hero; Legend; of | S? t?/c?m nghi v?n: 4 | T? l? nghi v?n: 0.667 | M?c ??: 18.67
A Blake Bloom that symbolizes the supreme authority of the Black Shores,Blake Bloom tượng trưng cho quyền lực tối cao của Black Shores,C?n ti?ng Anh nghi v?n: Black; Blake; Bloom; Shores | S? t?/c?m nghi v?n: 4 | T? l? nghi v?n: 0.667 | M?c ??: 18.67
Morphable Echo - Dream of the Lost,Morphable Echo - Dream of the Lost,C?n ti?ng Anh nghi v?n: Dream; Lost; Morphable; of | S? t?/c?m nghi v?n: 4 | T? l? nghi v?n: 0.667 | M?c ??: 18.67
Test View Note 1,Test View Ghi chú 1,C?n ti?ng Anh nghi v?n: Test; View | S? t?/c?m nghi v?n: 2 | T? l? nghi v?n: 0.667 | M?c ??: 18.67
Test View Note 2,Test View Ghi chú 2,C?n ti?ng Anh nghi v?n: Test; View | S? t?/c?m nghi v?n: 2 | T? l? nghi v?n: 0.667 | M?c ??: 18.67
Night Challenge: Octopus and Starfish,Challenge Night: Bạch Tuộc và Sao Biển,C?n ti?ng Anh nghi v?n: Challenge; Night | S? t?/c?m nghi v?n: 2 | T? l? nghi v?n: 0.667 | M?c ??: 18.67
Night Challenge: Ferry with the Phantom,Challenge Night: Đi Phà Cùng Bóng Ma,C?n ti?ng Anh nghi v?n: Challenge; Night | S? t?/c?m nghi v?n: 2 | T? l? nghi v?n: 0.667 | M?c ??: 18.67
Night Challenge: Crab and Shrimp,Challenge Night: Cua và Tôm,C?n ti?ng Anh nghi v?n: Challenge; Night | S? t?/c?m nghi v?n: 2 | T? l? nghi v?n: 0.667 | M?c ??: 18.67
Night Challenge: Reach for the Stars,Challenge Night: Vươn Tới Ngôi Sao,C?n ti?ng Anh nghi v?n: Challenge; Night | S? t?/c?m nghi v?n: 2 | T? l? nghi v?n: 0.667 | M?c ??: 18.67
Max STA Increase,Max STA Increase,C?n ti?ng Anh nghi v?n: Increase; Max | S? t?/c?m nghi v?n: 2 | T? l? nghi v?n: 0.667 | M?c ??: 18.67
Max Resonance Energy,Max Resonance Energy,C?n ti?ng Anh nghi v?n: Energy; Max | S? t?/c?m nghi v?n: 2 | T? l? nghi v?n: 0.667 | M?c ??: 18.67
Max Resonance Energy,Max Resonance Energy,C?n ti?ng Anh nghi v?n: Energy; Max | S? t?/c?m nghi v?n: 2 | T? l? nghi v?n: 0.667 | M?c ??: 18.67
"Good Night, Ragunna","Good Night, Ragunna",C?n ti?ng Anh nghi v?n: Good; Night | S? t?/c?m nghi v?n: 2 | T? l? nghi v?n: 0.667 | M?c ??: 18.67
Jué Is With Me,Jué Is With Me,C?n ti?ng Anh nghi v?n: Is; With | S? t?/c?m nghi v?n: 2 | T? l? nghi v?n: 0.667 | M?c ??: 18.67
Normal Attack: VI,Normal Attack: VI,C?n ti?ng Anh nghi v?n: Attack; Normal | S? t?/c?m nghi v?n: 2 | T? l? nghi v?n: 0.667 | M?c ??: 18.67
Heavy Attack: VI,Heavy Attack: VI,C?n ti?ng Anh nghi v?n: Attack; Heavy | S? t?/c?m nghi v?n: 2 | T? l? nghi v?n: 0.667 | M?c ??: 18.67
Heavy Attack: VI,Heavy Attack: VI,C?n ti?ng Anh nghi v?n: Attack; Heavy | S? t?/c?m nghi v?n: 2 | T? l? nghi v?n: 0.667 | M?c ??: 18.67
Basic Attack: VI,Basic Attack: VI,C?n ti?ng Anh nghi v?n: Attack; Basic | S? t?/c?m nghi v?n: 2 | T? l? nghi v?n: 0.667 | M?c ??: 18.67
Heavy Attack: VI,Heavy Attack: VI,C?n ti?ng Anh nghi v?n: Attack; Heavy | S? t?/c?m nghi v?n: 2 | T? l? nghi v?n: 0.667 | M?c ??: 18.67
Intro Skill: VI,Intro Skill: VI,C?n ti?ng Anh nghi v?n: Intro; Skill | S? t?/c?m nghi v?n: 2 | T? l? nghi v?n: 0.667 | M?c ??: 18.67
Heavy Attack: VI,Heavy Attack: VI,C?n ti?ng Anh nghi v?n: Attack; Heavy | S? t?/c?m nghi v?n: 2 | T? l? nghi v?n: 0.667 | M?c ??: 18.67
Intro Skill: VI,Intro Skill: VI,C?n ti?ng Anh nghi v?n: Intro; Skill | S? t?/c?m nghi v?n: 2 | T? l? nghi v?n: 0.667 | M?c ??: 18.67
Heavy Attack: VI,Heavy Attack: VI,C?n ti?ng Anh nghi v?n: Attack; Heavy | S? t?/c?m nghi v?n: 2 | T? l? nghi v?n: 0.667 | M?c ??: 18.67
Outro Skill: VI,Outro Skill: VI,C?n ti?ng Anh nghi v?n: Outro; Skill | S? t?/c?m nghi v?n: 2 | T? l? nghi v?n: 0.667 | M?c ??: 18.67
Basic Attack: VI,Basic Attack: VI,C?n ti?ng Anh nghi v?n: Attack; Basic | S? t?/c?m nghi v?n: 2 | T? l? nghi v?n: 0.667 | M?c ??: 18.67
Heavy Attack: VI,Heavy Attack: VI,C?n ti?ng Anh nghi v?n: Attack; Heavy | S? t?/c?m nghi v?n: 2 | T? l? nghi v?n: 0.667 | M?c ??: 18.67
Heavy Attack: VI,Heavy Attack: VI,C?n ti?ng Anh nghi v?n: Attack; Heavy | S? t?/c?m nghi v?n: 2 | T? l? nghi v?n: 0.667 | M?c ??: 18.67
Basic Attack: VI,Basic Attack: VI,C?n ti?ng Anh nghi v?n: Attack; Basic | S? t?/c?m nghi v?n: 2 | T? l? nghi v?n: 0.667 | M?c ??: 18.67
Heavy Attack: VI,Heavy Attack: VI,C?n ti?ng Anh nghi v?n: Attack; Heavy | S? t?/c?m nghi v?n: 2 | T? l? nghi v?n: 0.667 | M?c ??: 18.67
Basic Attack: VI,Basic Attack: VI,C?n ti?ng Anh nghi v?n: Attack; Basic | S? t?/c?m nghi v?n: 2 | T? l? nghi v?n: 0.667 | M?c ??: 18.67
Heavy Attack: VI,Heavy Attack: VI,C?n ti?ng Anh nghi v?n: Attack; Heavy | S? t?/c?m nghi v?n: 2 | T? l? nghi v?n: 0.667 | M?c ??: 18.67
Heavy Attack: VI,Heavy Attack: VI,C?n ti?ng Anh nghi v?n: Attack; Heavy | S? t?/c?m nghi v?n: 2 | T? l? nghi v?n: 0.667 | M?c ??: 18.67
Basic Attack: VI,Basic Attack: VI,C?n ti?ng Anh nghi v?n: Attack; Basic | S? t?/c?m nghi v?n: 2 | T? l? nghi v?n: 0.667 | M?c ??: 18.67
Touch 18 Hover Guides within 60s,Touch vào 18 Hover Guide trong 60 giây,C?n ti?ng Anh nghi v?n: Guide; Hover; Touch | S? t?/c?m nghi v?n: 3 | T? l? nghi v?n: 0.75 | M?c ??: 18.5
The gold… My gold…,The gold… My gold…,C?n ti?ng Anh nghi v?n: gold; My | S? t?/c?m nghi v?n: 3 | T? l? nghi v?n: 0.75 | M?c ??: 18.5
Challenge Charting Node 2 (Require {难度1节点2解锁} Tactic Points),Thách đấu Points Khảo Sát 2 (Cần {难度1节点2解锁} Tactic Points),C?n ti?ng Anh nghi v?n: Points; Tactic | S? t?/c?m nghi v?n: 3 | T? l? nghi v?n: 1.0 | M?c ??: 18.0
Challenge Charting Node 2 (Require {难度1节点2解锁} Tactic Points),Thách đấu Points Khảo Sát 2 (Cần {难度1节点2解锁} Tactic Points),C?n ti?ng Anh nghi v?n: Points; Tactic | S? t?/c?m nghi v?n: 3 | T? l? nghi v?n: 1.0 | M?c ??: 18.0
Challenge Charting Node 2 (Require {难度1点位2积分} Tactic Points),Thách đấu Points Khảo Sát 2 (Cần {难度1点位2积分} Tactic Points),C?n ti?ng Anh nghi v?n: Points; Tactic | S? t?/c?m nghi v?n: 3 | T? l? nghi v?n: 1.0 | M?c ??: 18.0
Challenge Charting Node 2 (Require {难度1点位2积分} Tactic Points),Thách đấu Points Khảo Sát 2 (Cần {难度1点位2积分} Tactic Points),C?n ti?ng Anh nghi v?n: Points; Tactic | S? t?/c?m nghi v?n: 3 | T? l? nghi v?n: 1.0 | M?c ??: 18.0
Challenge Charting Node 2 (Require {难度1点位2积分} Tactic Points),Thách đấu Points Khảo Sát 2 (Cần {难度1点位2积分} Tactic Points),C?n ti?ng Anh nghi v?n: Points; Tactic | S? t?/c?m nghi v?n: 3 | T? l? nghi v?n: 1.0 | M?c ??: 18.0
The Three Fratellis' Challenge - Finding the Pages,The Three Fratellis' Challenge - Tìm Kiếm Các Trang Giấy,C?n ti?ng Anh nghi v?n: Challenge; Fratellis'; Three | S? t?/c?m nghi v?n: 3 | T? l? nghi v?n: 0.6 | M?c ??: 18.0
The Three Fratellis' Challenge - Finding the Pages,The Three Fratellis' Challenge - Tìm Kiếm Các Trang Giấy,C?n ti?ng Anh nghi v?n: Challenge; Fratellis'; Three | S? t?/c?m nghi v?n: 3 | T? l? nghi v?n: 0.6 | M?c ??: 18.0
The Three Fratellis' Challenge - Finding the Pages,The Three Fratellis' Challenge - Tìm Kiếm Các Trang Giấy,C?n ti?ng Anh nghi v?n: Challenge; Fratellis'; Three | S? t?/c?m nghi v?n: 3 | T? l? nghi v?n: 0.6 | M?c ??: 18.0
The Three Fratellis' Challenge - Finding the Pages,The Three Fratellis' Challenge - Tìm Kiếm Các Trang Giấy,C?n ti?ng Anh nghi v?n: Challenge; Fratellis'; Three | S? t?/c?m nghi v?n: 3 | T? l? nghi v?n: 0.6 | M?c ??: 18.0
The Three Fratellis' Challenge - Finding the Pages,The Three Fratellis' Challenge - Tìm Kiếm Các Trang Giấy,C?n ti?ng Anh nghi v?n: Challenge; Fratellis'; Three | S? t?/c?m nghi v?n: 3 | T? l? nghi v?n: 0.6 | M?c ??: 18.0
The Three Fratellis' Challenge - Finding the Pages,The Three Fratellis' Challenge - Tìm Kiếm Các Trang Giấy,C?n ti?ng Anh nghi v?n: Challenge; Fratellis'; Three | S? t?/c?m nghi v?n: 3 | T? l? nghi v?n: 0.6 | M?c ??: 18.0
The Three Fratellis' Challenge - Finding the Pages,The Three Fratellis' Challenge - Tìm Kiếm Các Trang Giấy,C?n ti?ng Anh nghi v?n: Challenge; Fratellis'; Three | S? t?/c?m nghi v?n: 3 | T? l? nghi v?n: 0.6 | M?c ??: 18.0
The Three Fratellis' Challenge - Finding the Pages,The Three Fratellis' Challenge - Tìm Kiếm Các Trang Giấy,C?n ti?ng Anh nghi v?n: Challenge; Fratellis'; Three | S? t?/c?m nghi v?n: 3 | T? l? nghi v?n: 0.6 | M?c ??: 18.0
The Three Fratellis' Challenge - Finding the Pages,The Three Fratellis' Challenge - Tìm Kiếm Các Trang Giấy,C?n ti?ng Anh nghi v?n: Challenge; Fratellis'; Three | S? t?/c?m nghi v?n: 3 | T? l? nghi v?n: 0.6 | M?c ??: 18.0
The Three Fratellis' Challenge - Finding the Pages,The Three Fratellis' Challenge - Tìm Kiếm Các Trang Giấy,C?n ti?ng Anh nghi v?n: Challenge; Fratellis'; Three | S? t?/c?m nghi v?n: 3 | T? l? nghi v?n: 0.6 | M?c ??: 18.0
Chop Chop Doubles,Chop Chop Doubles,C?n ti?ng Anh nghi v?n: Chop; Doubles | S? t?/c?m nghi v?n: 3 | T? l? nghi v?n: 1.0 | M?c ??: 18.0
Chop Chop Doubles,Chop Chop Doubles,C?n ti?ng Anh nghi v?n: Chop; Doubles | S? t?/c?m nghi v?n: 3 | T? l? nghi v?n: 1.0 | M?c ??: 18.0
Chapter III Act III,Chương III Act III,C?n ti?ng Anh nghi v?n: Act; III | S? t?/c?m nghi v?n: 3 | T? l? nghi v?n: 1.0 | M?c ??: 18.0
Obtain 100 Stardusts in Where Stars Slumber,Thu thập 100 Bụi Sao tại Where Stars Slumber,C?n ti?ng Anh nghi v?n: Slumber; Stars; Where | S? t?/c?m nghi v?n: 3 | T? l? nghi v?n: 0.6 | M?c ??: 18.0
Chapter III Act III,Chương III Act III,C?n ti?ng Anh nghi v?n: Act; III | S? t?/c?m nghi v?n: 3 | T? l? nghi v?n: 1.0 | M?c ??: 18.0
Fly Dumbo Fly,Fly Dumbo Fly,C?n ti?ng Anh nghi v?n: Dumbo; Fly | S? t?/c?m nghi v?n: 3 | T? l? nghi v?n: 1.0 | M?c ??: 18.0
Chop Chop: Headless,Chop Chop: Headless,C?n ti?ng Anh nghi v?n: Chop; Headless | S? t?/c?m nghi v?n: 3 | T? l? nghi v?n: 1.0 | M?c ??: 18.0
Chop Chop: Leftless,Chop Chop: Leftless,C?n ti?ng Anh nghi v?n: Chop; Leftless | S? t?/c?m nghi v?n: 3 | T? l? nghi v?n: 1.0 | M?c ??: 18.0
Chop Chop: Rightless,Chop Chop: Rightless,C?n ti?ng Anh nghi v?n: Chop; Rightless | S? t?/c?m nghi v?n: 3 | T? l? nghi v?n: 1.0 | M?c ??: 18.0
Phantom: Chop Chop,Phantom: Chop Chop,C?n ti?ng Anh nghi v?n: Chop; Phantom | S? t?/c?m nghi v?n: 3 | T? l? nghi v?n: 1.0 | M?c ??: 18.0
The Sea and the Swing,The Sea and the Swing,C?n ti?ng Anh nghi v?n: and; Sea; Swing | S? t?/c?m nghi v?n: 3 | T? l? nghi v?n: 0.6 | M?c ??: 18.0
Goal 1: Reach Battle Rank S or above for 10s,Mục tiêu 1: Đạt và duy trì Battle Rank S trở lên trong 10 giây,C?n ti?ng Anh nghi v?n: Battle; Rank; S | S? t?/c?m nghi v?n: 3 | T? l? nghi v?n: 0.6 | M?c ??: 18.0
Goal 1: Reach and maintain Battle Rank S or above for 8s,Mục tiêu 1: Đạt và duy trì Battle Rank S trở lên trong 8 giây,C?n ti?ng Anh nghi v?n: Battle; Rank; S | S? t?/c?m nghi v?n: 3 | T? l? nghi v?n: 0.6 | M?c ??: 18.0
Ku ku ku…,Ku ku ku…,C?n ti?ng Anh nghi v?n: Ku; ku | S? t?/c?m nghi v?n: 3 | T? l? nghi v?n: 1.0 | M?c ??: 18.0
Beep—Charging—Beep—,Beep—Charging—Beep—,C?n ti?ng Anh nghi v?n: Beep; Charging | S? t?/c?m nghi v?n: 3 | T? l? nghi v?n: 1.0 | M?c ??: 18.0
Beep beep beep—,Beep beep beep—,C?n ti?ng Anh nghi v?n: beep; Beep | S? t?/c?m nghi v?n: 3 | T? l? nghi v?n: 1.0 | M?c ??: 18.0
Creak— THUMP— Creak—,Creak— THUMP— Creak—,C?n ti?ng Anh nghi v?n: Creak; THUMP | S? t?/c?m nghi v?n: 3 | T? l? nghi v?n: 1.0 | M?c ??: 18.0
Meow♪meow meow♪,Meow♪meow meow♪,C?n ti?ng Anh nghi v?n: meow; Meow | S? t?/c?m nghi v?n: 3 | T? l? nghi v?n: 1.0 | M?c ??: 18.0
Meow♪meow meow♪,Meow♪meow meow♪,C?n ti?ng Anh nghi v?n: meow; Meow | S? t?/c?m nghi v?n: 3 | T? l? nghi v?n: 1.0 | M?c ??: 18.0
Chuuluu chuuluu chuuluu—,Chuuluu chuuluu chuuluu—,C?n ti?ng Anh nghi v?n: Chuuluu; chuuluu | S? t?/c?m nghi v?n: 3 | T? l? nghi v?n: 1.0 | M?c ??: 18.0
Chop Chop: Leftless,Chop Chop: Leftless,C?n ti?ng Anh nghi v?n: Chop; Leftless | S? t?/c?m nghi v?n: 3 | T? l? nghi v?n: 1.0 | M?c ??: 18.0
Chop Chop: Leftless,Chop Chop: Leftless,C?n ti?ng Anh nghi v?n: Chop; Leftless | S? t?/c?m nghi v?n: 3 | T? l? nghi v?n: 1.0 | M?c ??: 18.0
Chop Chop: Rightless,Chop Chop: Rightless,C?n ti?ng Anh nghi v?n: Chop; Rightless | S? t?/c?m nghi v?n: 3 | T? l? nghi v?n: 1.0 | M?c ??: 18.0
Chop Chop: Headless,Chop Chop: Headless,C?n ti?ng Anh nghi v?n: Chop; Headless | S? t?/c?m nghi v?n: 3 | T? l? nghi v?n: 1.0 | M?c ??: 18.0
Chop Chop: Rightless,Chop Chop: Rightless,C?n ti?ng Anh nghi v?n: Chop; Rightless | S? t?/c?m nghi v?n: 3 | T? l? nghi v?n: 1.0 | M?c ??: 18.0
"Swim, Gulpuff, Swim","Swim, Gulpuff, Swim",C?n ti?ng Anh nghi v?n: Gulpuff; Swim | S? t?/c?m nghi v?n: 3 | T? l? nghi v?n: 1.0 | M?c ??: 18.0
Chop Chop: Headless,Chop Chop: Headless,C?n ti?ng Anh nghi v?n: Chop; Headless | S? t?/c?m nghi v?n: 3 | T? l? nghi v?n: 1.0 | M?c ??: 18.0
Chop Chop: Headless,Chop Chop: Headless,C?n ti?ng Anh nghi v?n: Chop; Headless | S? t?/c?m nghi v?n: 3 | T? l? nghi v?n: 1.0 | M?c ??: 18.0
Phantom: Chop Chop,Phantom: Chop Chop,C?n ti?ng Anh nghi v?n: Chop; Phantom | S? t?/c?m nghi v?n: 3 | T? l? nghi v?n: 1.0 | M?c ??: 18.0
Chop Chop: Rightless,Chop Chop: Rightless,C?n ti?ng Anh nghi v?n: Chop; Rightless | S? t?/c?m nghi v?n: 3 | T? l? nghi v?n: 1.0 | M?c ??: 18.0
Chop Chop: Headless,Chop Chop: Headless,C?n ti?ng Anh nghi v?n: Chop; Headless | S? t?/c?m nghi v?n: 3 | T? l? nghi v?n: 1.0 | M?c ??: 18.0
Chop Chop: Headless,Chop Chop: Headless,C?n ti?ng Anh nghi v?n: Chop; Headless | S? t?/c?m nghi v?n: 3 | T? l? nghi v?n: 1.0 | M?c ??: 18.0
Chop Chop: Headless,Chop Chop: Headless,C?n ti?ng Anh nghi v?n: Chop; Headless | S? t?/c?m nghi v?n: 3 | T? l? nghi v?n: 1.0 | M?c ??: 18.0
Main Story: The Long Featurette,Main Story: The Long Featurette,C?n ti?ng Anh nghi v?n: Featurette; Main; Story | S? t?/c?m nghi v?n: 3 | T? l? nghi v?n: 0.6 | M?c ??: 18.0
And So Sally Can Wait,And So Sally Can Khoan,C?n ti?ng Anh nghi v?n: And; Sally; So | S? t?/c?m nghi v?n: 3 | T? l? nghi v?n: 0.6 | M?c ??: 18.0
"Fish, Big Fish","Fish, Big Fish",C?n ti?ng Anh nghi v?n: Big; Fish | S? t?/c?m nghi v?n: 3 | T? l? nghi v?n: 1.0 | M?c ??: 18.0
"Fish, Small Fish","Fish, Small Fish",C?n ti?ng Anh nghi v?n: Fish; Small | S? t?/c?m nghi v?n: 3 | T? l? nghi v?n: 1.0 | M?c ??: 18.0
"Swim, Gulpuff, Swim","Swim, Gulpuff, Swim",C?n ti?ng Anh nghi v?n: Gulpuff; Swim | S? t?/c?m nghi v?n: 3 | T? l? nghi v?n: 1.0 | M?c ??: 18.0
Hero Play Hero,Hero Play Hero,C?n ti?ng Anh nghi v?n: Hero; Play | S? t?/c?m nghi v?n: 3 | T? l? nghi v?n: 1.0 | M?c ??: 18.0
Chop Chop: Leftless,Chop Chop: Leftless,C?n ti?ng Anh nghi v?n: Chop; Leftless | S? t?/c?m nghi v?n: 3 | T? l? nghi v?n: 1.0 | M?c ??: 18.0
Chop Chop: Headless,Chop Chop: Headless,C?n ti?ng Anh nghi v?n: Chop; Headless | S? t?/c?m nghi v?n: 3 | T? l? nghi v?n: 1.0 | M?c ??: 18.0
Chop Chop: Headless,Chop Chop: Headless,C?n ti?ng Anh nghi v?n: Chop; Headless | S? t?/c?m nghi v?n: 3 | T? l? nghi v?n: 1.0 | M?c ??: 18.0
Chop Chop: Leftless,Chop Chop: Leftless,C?n ti?ng Anh nghi v?n: Chop; Leftless | S? t?/c?m nghi v?n: 3 | T? l? nghi v?n: 1.0 | M?c ??: 18.0
Chop Chop: Rightless,Chop Chop: Rightless,C?n ti?ng Anh nghi v?n: Chop; Rightless | S? t?/c?m nghi v?n: 3 | T? l? nghi v?n: 1.0 | M?c ??: 18.0
Chop Chop Balloon,Chop Chop Balloon,C?n ti?ng Anh nghi v?n: Balloon; Chop | S? t?/c?m nghi v?n: 3 | T? l? nghi v?n: 1.0 | M?c ??: 18.0
Endless Challenge - Difficult and Trainee Medal Unlocked,Mở Khóa Endless Challenge - Difficult Và Huy Chương Thực Tập Sinh,C?n ti?ng Anh nghi v?n: Challenge; Difficult; Endless | S? t?/c?m nghi v?n: 3 | T? l? nghi v?n: 0.6 | M?c ??: 18.0
Dreamborne: Chop Chop,Dreamborne: Chop Chop,C?n ti?ng Anh nghi v?n: Chop; Dreamborne | S? t?/c?m nghi v?n: 3 | T? l? nghi v?n: 1.0 | M?c ??: 18.0
Chop Chop: Headless,Chop Chop: Headless,C?n ti?ng Anh nghi v?n: Chop; Headless | S? t?/c?m nghi v?n: 3 | T? l? nghi v?n: 1.0 | M?c ??: 18.0
Sunny Sunny Delight,Sunny Sunny Delight,C?n ti?ng Anh nghi v?n: Delight; Sunny | S? t?/c?m nghi v?n: 3 | T? l? nghi v?n: 1.0 | M?c ??: 18.0
Corrupted: Chop Chop,Corrupted: Chop Chop,C?n ti?ng Anh nghi v?n: Chop; Corrupted | S? t?/c?m nghi v?n: 3 | T? l? nghi v?n: 1.0 | M?c ??: 18.0
"Dungeon ID does not exist, please confirm front-end data match","ID dungeon không tồn tại, vui lòng xác nhận dữ liệu front-end khớp",C?n ti?ng Anh nghi v?n: dungeon; end; front | S? t?/c?m nghi v?n: 3 | T? l? nghi v?n: 0.6 | M?c ??: 18.0
Soar to the Beat is out of the Limited-Time window,Soar to the Beat đã hết thời gian giới hạn,C?n ti?ng Anh nghi v?n: Beat; Soar; to | S? t?/c?m nghi v?n: 3 | T? l? nghi v?n: 0.6 | M?c ??: 18.0
Soar to the Beat planet configuration not found,Không tìm thấy cấu hình hành tinh Soar to the Beat,C?n ti?ng Anh nghi v?n: Beat; Soar; to | S? t?/c?m nghi v?n: 3 | T? l? nghi v?n: 0.6 | M?c ??: 18.0
Soar to the Beat stage configuration not found,Không tìm thấy cấu hình giai đoạn Soar to the Beat,C?n ti?ng Anh nghi v?n: Beat; Soar; to | S? t?/c?m nghi v?n: 3 | T? l? nghi v?n: 0.6 | M?c ??: 18.0
Soar to the Beat Resonator configuration not found,Không tìm thấy cấu hình Resonator Soar to the Beat,C?n ti?ng Anh nghi v?n: Beat; Soar; to | S? t?/c?m nghi v?n: 3 | T? l? nghi v?n: 0.6 | M?c ??: 18.0
Soar to the Beat input parameter error,Lỗi tham số đầu vào Soar to the Beat,C?n ti?ng Anh nghi v?n: Beat; Soar; to | S? t?/c?m nghi v?n: 3 | T? l? nghi v?n: 0.6 | M?c ??: 18.0
Soar to the Beat is unavailable in Co-op Mode,Soar to the Beat không khả dụng trong Chế độ Đồng đội,C?n ti?ng Anh nghi v?n: Beat; Soar; to | S? t?/c?m nghi v?n: 3 | T? l? nghi v?n: 0.6 | M?c ??: 18.0
The Soar to the Beat Stage is not yet available,Giai đoạn Soar to the Beat chưa mở,C?n ti?ng Anh nghi v?n: Beat; Soar; to | S? t?/c?m nghi v?n: 3 | T? l? nghi v?n: 0.6 | M?c ??: 18.0
Soar to the Beat prerequisite stage not completed,Chưa hoàn thành giai đoạn tiên quyết của Soar to the Beat,C?n ti?ng Anh nghi v?n: Beat; Soar; to | S? t?/c?m nghi v?n: 3 | T? l? nghi v?n: 0.6 | M?c ??: 18.0
Soar to the Beat stage not available,Giai đoạn Soar to the Beat chưa mở,C?n ti?ng Anh nghi v?n: Beat; Soar; to | S? t?/c?m nghi v?n: 3 | T? l? nghi v?n: 0.6 | M?c ??: 18.0
Soar to the Beat planet not available,Hành tinh Soar to the Beat chưa mở,C?n ti?ng Anh nghi v?n: Beat; Soar; to | S? t?/c?m nghi v?n: 3 | T? l? nghi v?n: 0.6 | M?c ??: 18.0
Soar to the Beat Resonator not available,Resonator Soar to the Beat chưa mở,C?n ti?ng Anh nghi v?n: Beat; Soar; to | S? t?/c?m nghi v?n: 3 | T? l? nghi v?n: 0.6 | M?c ??: 18.0
Baa Baa Crisp,Baa Baa Crisp,C?n ti?ng Anh nghi v?n: Baa; Crisp | S? t?/c?m nghi v?n: 3 | T? l? nghi v?n: 1.0 | M?c ??: 18.0
GPA Level Buffs,Buff Cấp Độ GPA,C?n ti?ng Anh nghi v?n: Buff; GPA | S? t?/c?m nghi v?n: 2 | T? l? nghi v?n: 1.0 | M?c ??: 18.0
"Clear Exam 7 in the event ""Knights of the Wild""","Vượt qua Exam 7 trong sự kiện ""Knights of the Wild""",C?n ti?ng Anh nghi v?n: Exam; Knights; of; Wild | S? t?/c?m nghi v?n: 4 | T? l? nghi v?n: 0.571 | M?c ??: 17.71
Goal 2: Take less than 3 hits from flying Diggy Duggies flung by Cuddle Wuddle,Mục tiêu 2: Nhận ít hơn 3 lần trúng từ Diggy Duggies bay do Cuddle Wuddle Dodgem,C?n ti?ng Anh nghi v?n: Cuddle; Diggy; Duggies; Wuddle | S? t?/c?m nghi v?n: 4 | T? l? nghi v?n: 0.571 | M?c ??: 17.71
"Accept the quest ""Catch the Wind"" after rebuilding Sol's Embrace","Nhận nhiệm vụ ""Catch the Wind"" sau khi xây dựng lại Sol's Embrace",C?n ti?ng Anh nghi v?n: Catch; Embrace; Sol's; Wind | S? t?/c?m nghi v?n: 4 | T? l? nghi v?n: 0.571 | M?c ??: 17.71
The Second Coming of Solaris in-game redemption code.,Mã đổi quà trong game The Second Coming of Solaris,C?n ti?ng Anh nghi v?n: Coming; game; of; Second | S? t?/c?m nghi v?n: 4 | T? l? nghi v?n: 0.571 | M?c ??: 17.71
The Second Coming of Solaris in-game redemption code.,Mã đổi quà trong game The Second Coming of Solaris,C?n ti?ng Anh nghi v?n: Coming; game; of; Second | S? t?/c?m nghi v?n: 4 | T? l? nghi v?n: 0.571 | M?c ??: 17.71
"Obtained from the limited-time rewards in ""Soar to the Beat""","Nhận được từ phần thưởng giới hạn thời gian trong ""Soar to the Beat.""",C?n ti?ng Anh nghi v?n: Beat; Soar; to | S? t?/c?m nghi v?n: 3 | T? l? nghi v?n: 0.5 | M?c ??: 17.0
Goal 1: Reach and maintain Battle Rank S or above for 6s,Mục tiêu 1: Đạt và duy trì Battle Rank S hoặc cao hơn trong 6 giây,C?n ti?ng Anh nghi v?n: Battle; Rank; S | S? t?/c?m nghi v?n: 3 | T? l? nghi v?n: 0.5 | M?c ??: 17.0
Goal 1: Reach and maintain Battle Rank S or above for 8s,Mục tiêu 1: Đạt và duy trì Battle Rank S hoặc cao hơn trong 8 giây,C?n ti?ng Anh nghi v?n: Battle; Rank; S | S? t?/c?m nghi v?n: 3 | T? l? nghi v?n: 0.5 | M?c ??: 17.0
Beep— Beep— Beep—,Beep— Beep— Beep—,C?n ti?ng Anh nghi v?n: Beep | S? t?/c?m nghi v?n: 3 | T? l? nghi v?n: 1.0 | M?c ??: 17.0
"Diminuendo, Diminuendo, Diminuendo","Diminuendo, Diminuendo, Diminuendo",C?n ti?ng Anh nghi v?n: Diminuendo | S? t?/c?m nghi v?n: 3 | T? l? nghi v?n: 1.0 | M?c ??: 17.0
"Unlocked after reaching Rank Level 7 as ""All-Star Duelist""","Mở khóa sau khi đạt Cấp Rank 7 với danh hiệu ""Tất cả-Star Duelist""",C?n ti?ng Anh nghi v?n: Duelist; Rank; Star | S? t?/c?m nghi v?n: 3 | T? l? nghi v?n: 0.5 | M?c ??: 17.0
"Unlocked after reaching Rank Level 8 as ""Legendary Duelist""","Mở khóa sau khi đạt Cấp Rank 8 với danh hiệu ""Legendary Duelist""",C?n ti?ng Anh nghi v?n: Duelist; Legendary; Rank | S? t?/c?m nghi v?n: 3 | T? l? nghi v?n: 0.5 | M?c ??: 17.0
"Unlocked after reaching Rank Level 9 as ""Legendary Duelist""","Mở khóa sau khi đạt Cấp Rank 9 với danh hiệu ""Legendary Duelist""",C?n ti?ng Anh nghi v?n: Duelist; Legendary; Rank | S? t?/c?m nghi v?n: 3 | T? l? nghi v?n: 0.5 | M?c ??: 17.0
"Unlocked after reaching Rank Level 3 as ""Promising Duelist""","Mở khóa sau khi đạt Cấp Rank 3 với danh hiệu ""Promising Duelist""",C?n ti?ng Anh nghi v?n: Duelist; Promising; Rank | S? t?/c?m nghi v?n: 3 | T? l? nghi v?n: 0.5 | M?c ??: 17.0
"Unlocked after reaching Rank Level 4 as ""Experienced Duelist""","Mở khóa sau khi đạt Cấp Rank 4 với danh hiệu ""Experienced Duelist""",C?n ti?ng Anh nghi v?n: Duelist; Experienced; Rank | S? t?/c?m nghi v?n: 3 | T? l? nghi v?n: 0.5 | M?c ??: 17.0
"Unlocked after reaching Rank Level 4 as ""Experienced Duelist""","Mở khóa sau khi đạt Cấp Rank 4 với danh hiệu ""Experienced Duelist""",C?n ti?ng Anh nghi v?n: Duelist; Experienced; Rank | S? t?/c?m nghi v?n: 3 | T? l? nghi v?n: 0.5 | M?c ??: 17.0
"An archaeologist at the Hwonglun, she is attached to a remnant creature called the ""You Tan"" and hates to get entangled with others, and pursues the extreme rational principle of ""self-responsibility"", often exploring ruins alone.","Một nhà khảo cổ tại Hwonglun, cô gắn bó với một sinh vật tàn tích gọi là ""You Tan"" và không thích bị vướng vào chuyện của người khác, theo đuổi nguyên tắc duy lý cực đoan ""tự chịu trách nhiệm"", thường xuyên khám phá tàn tích một mình.",C?n ti?ng Anh nghi v?n: Hwonglun; Tan; You | S? t?/c?m nghi v?n: 3 | T? l? nghi v?n: 0.5 | M?c ??: 17.0
Complete Challenge within the Time Limit,Complete Challenge trong Giới Hạn Thời Gian,C?n ti?ng Anh nghi v?n: Challenge; Complete | S? t?/c?m nghi v?n: 2 | T? l? nghi v?n: 0.5 | M?c ??: 17.0
Complete Challenge within the Time Limit,Complete Challenge trong Giới Hạn Thời Gian,C?n ti?ng Anh nghi v?n: Challenge; Complete | S? t?/c?m nghi v?n: 2 | T? l? nghi v?n: 0.5 | M?c ??: 17.0
Complete Challenge within the Time Limit,Complete Challenge trong Giới Hạn Thời Gian,C?n ti?ng Anh nghi v?n: Challenge; Complete | S? t?/c?m nghi v?n: 2 | T? l? nghi v?n: 0.5 | M?c ??: 17.0
Complete Challenge within the Time Limit,Complete Challenge trong Giới Hạn Thời Gian,C?n ti?ng Anh nghi v?n: Challenge; Complete | S? t?/c?m nghi v?n: 2 | T? l? nghi v?n: 0.5 | M?c ??: 17.0
Complete Challenge within the Time Limit,Complete Challenge trong Giới Hạn Thời Gian,C?n ti?ng Anh nghi v?n: Challenge; Complete | S? t?/c?m nghi v?n: 2 | T? l? nghi v?n: 0.5 | M?c ??: 17.0
Complete Challenge within the Time Limit,Complete Challenge trong Giới Hạn Thời Gian,C?n ti?ng Anh nghi v?n: Challenge; Complete | S? t?/c?m nghi v?n: 2 | T? l? nghi v?n: 0.5 | M?c ??: 17.0
Complete Challenge within the Time Limit,Complete Challenge trong Giới Hạn Thời Gian,C?n ti?ng Anh nghi v?n: Challenge; Complete | S? t?/c?m nghi v?n: 2 | T? l? nghi v?n: 0.5 | M?c ??: 17.0
Complete Challenge within the Time Limit,Complete Challenge trong Giới Hạn Thời Gian,C?n ti?ng Anh nghi v?n: Challenge; Complete | S? t?/c?m nghi v?n: 2 | T? l? nghi v?n: 0.5 | M?c ??: 17.0
Complete Challenge within the Time Limit,Complete Challenge trong Giới Hạn Thời Gian,C?n ti?ng Anh nghi v?n: Challenge; Complete | S? t?/c?m nghi v?n: 2 | T? l? nghi v?n: 0.5 | M?c ??: 17.0
Complete Challenge within the Time Limit,Complete Challenge trong Giới Hạn Thời Gian,C?n ti?ng Anh nghi v?n: Challenge; Complete | S? t?/c?m nghi v?n: 2 | T? l? nghi v?n: 0.5 | M?c ??: 17.0
Complete Challenge within the Time Limit,Complete Challenge trong Giới Hạn Thời Gian,C?n ti?ng Anh nghi v?n: Challenge; Complete | S? t?/c?m nghi v?n: 2 | T? l? nghi v?n: 0.5 | M?c ??: 17.0
Complete Challenge within the Time Limit,Complete Challenge trong Giới Hạn Thời Gian,C?n ti?ng Anh nghi v?n: Challenge; Complete | S? t?/c?m nghi v?n: 2 | T? l? nghi v?n: 0.5 | M?c ??: 17.0
Complete Challenge within the Time Limit,Complete Challenge trong Giới Hạn Thời Gian,C?n ti?ng Anh nghi v?n: Challenge; Complete | S? t?/c?m nghi v?n: 2 | T? l? nghi v?n: 0.5 | M?c ??: 17.0
Complete Challenge within the Time Limit,Complete Challenge trong Giới Hạn Thời Gian,C?n ti?ng Anh nghi v?n: Challenge; Complete | S? t?/c?m nghi v?n: 2 | T? l? nghi v?n: 0.5 | M?c ??: 17.0
Complete Challenge within the Time Limit,Complete Challenge trong Giới Hạn Thời Gian,C?n ti?ng Anh nghi v?n: Challenge; Complete | S? t?/c?m nghi v?n: 2 | T? l? nghi v?n: 0.5 | M?c ??: 17.0
Complete Challenge within the Time Limit,Complete Challenge trong Giới Hạn Thời Gian,C?n ti?ng Anh nghi v?n: Challenge; Complete | S? t?/c?m nghi v?n: 2 | T? l? nghi v?n: 0.5 | M?c ??: 17.0
Complete Challenge within the Time Limit,Complete Challenge trong Giới Hạn Thời Gian,C?n ti?ng Anh nghi v?n: Challenge; Complete | S? t?/c?m nghi v?n: 2 | T? l? nghi v?n: 0.5 | M?c ??: 17.0
Complete Challenge within the Time Limit,Complete Challenge trong Giới Hạn Thời Gian,C?n ti?ng Anh nghi v?n: Challenge; Complete | S? t?/c?m nghi v?n: 2 | T? l? nghi v?n: 0.5 | M?c ??: 17.0
Complete Challenge within the Time Limit,Complete Challenge trong Giới Hạn Thời Gian,C?n ti?ng Anh nghi v?n: Challenge; Complete | S? t?/c?m nghi v?n: 2 | T? l? nghi v?n: 0.5 | M?c ??: 17.0
Complete Challenge within the Time Limit,Complete Challenge trong Giới Hạn Thời Gian,C?n ti?ng Anh nghi v?n: Challenge; Complete | S? t?/c?m nghi v?n: 2 | T? l? nghi v?n: 0.5 | M?c ??: 17.0
Complete Challenge within the Time Limit,Complete Challenge trong Giới Hạn Thời Gian,C?n ti?ng Anh nghi v?n: Challenge; Complete | S? t?/c?m nghi v?n: 2 | T? l? nghi v?n: 0.5 | M?c ??: 17.0
Complete Challenge within the Time Limit,Complete Challenge trong Giới Hạn Thời Gian,C?n ti?ng Anh nghi v?n: Challenge; Complete | S? t?/c?m nghi v?n: 2 | T? l? nghi v?n: 0.5 | M?c ??: 17.0
Complete Challenge within the Time Limit,Complete Challenge trong Giới Hạn Thời Gian,C?n ti?ng Anh nghi v?n: Challenge; Complete | S? t?/c?m nghi v?n: 2 | T? l? nghi v?n: 0.5 | M?c ??: 17.0
Complete Challenge within the Time Limit,Complete Challenge trong Giới Hạn Thời Gian,C?n ti?ng Anh nghi v?n: Challenge; Complete | S? t?/c?m nghi v?n: 2 | T? l? nghi v?n: 0.5 | M?c ??: 17.0
Complete Challenge within the Time Limit,Complete Challenge trong Giới Hạn Thời Gian,C?n ti?ng Anh nghi v?n: Challenge; Complete | S? t?/c?m nghi v?n: 2 | T? l? nghi v?n: 0.5 | M?c ??: 17.0
Complete Challenge within the Time Limit,Complete Challenge trong Giới Hạn Thời Gian,C?n ti?ng Anh nghi v?n: Challenge; Complete | S? t?/c?m nghi v?n: 2 | T? l? nghi v?n: 0.5 | M?c ??: 17.0
Complete Challenge within the Time Limit,Complete Challenge trong Giới Hạn Thời Gian,C?n ti?ng Anh nghi v?n: Challenge; Complete | S? t?/c?m nghi v?n: 2 | T? l? nghi v?n: 0.5 | M?c ??: 17.0
Complete Challenge within the Time Limit,Complete Challenge trong Giới Hạn Thời Gian,C?n ti?ng Anh nghi v?n: Challenge; Complete | S? t?/c?m nghi v?n: 2 | T? l? nghi v?n: 0.5 | M?c ??: 17.0
Complete Challenge within the Time Limit,Complete Challenge trong Giới Hạn Thời Gian,C?n ti?ng Anh nghi v?n: Challenge; Complete | S? t?/c?m nghi v?n: 2 | T? l? nghi v?n: 0.5 | M?c ??: 17.0
Complete Challenge within the Time Limit,Complete Challenge trong Giới Hạn Thời Gian,C?n ti?ng Anh nghi v?n: Challenge; Complete | S? t?/c?m nghi v?n: 2 | T? l? nghi v?n: 0.5 | M?c ??: 17.0
Complete Challenge within the Time Limit,Complete Challenge trong Giới Hạn Thời Gian,C?n ti?ng Anh nghi v?n: Challenge; Complete | S? t?/c?m nghi v?n: 2 | T? l? nghi v?n: 0.5 | M?c ??: 17.0
Complete Challenge within the Time Limit,Complete Challenge trong Giới Hạn Thời Gian,C?n ti?ng Anh nghi v?n: Challenge; Complete | S? t?/c?m nghi v?n: 2 | T? l? nghi v?n: 0.5 | M?c ??: 17.0
Complete Challenge within the Time Limit,Complete Challenge trong Giới Hạn Thời Gian,C?n ti?ng Anh nghi v?n: Challenge; Complete | S? t?/c?m nghi v?n: 2 | T? l? nghi v?n: 0.5 | M?c ??: 17.0
Complete Challenge within the Time Limit,Complete Challenge trong Giới Hạn Thời Gian,C?n ti?ng Anh nghi v?n: Challenge; Complete | S? t?/c?m nghi v?n: 2 | T? l? nghi v?n: 0.5 | M?c ??: 17.0
Complete Challenge within the Time Limit,Complete Challenge trong Giới Hạn Thời Gian,C?n ti?ng Anh nghi v?n: Challenge; Complete | S? t?/c?m nghi v?n: 2 | T? l? nghi v?n: 0.5 | M?c ??: 17.0
Complete Challenge within the Time Limit,Complete Challenge trong Giới Hạn Thời Gian,C?n ti?ng Anh nghi v?n: Challenge; Complete | S? t?/c?m nghi v?n: 2 | T? l? nghi v?n: 0.5 | M?c ??: 17.0
Complete Challenge within the Time Limit,Complete Challenge trong Giới Hạn Thời Gian,C?n ti?ng Anh nghi v?n: Challenge; Complete | S? t?/c?m nghi v?n: 2 | T? l? nghi v?n: 0.5 | M?c ??: 17.0
Complete Challenge within the Time Limit,Complete Challenge trong Giới Hạn Thời Gian,C?n ti?ng Anh nghi v?n: Challenge; Complete | S? t?/c?m nghi v?n: 2 | T? l? nghi v?n: 0.5 | M?c ??: 17.0
Complete Challenge within the Time Limit,Complete Challenge trong Giới Hạn Thời Gian,C?n ti?ng Anh nghi v?n: Challenge; Complete | S? t?/c?m nghi v?n: 2 | T? l? nghi v?n: 0.5 | M?c ??: 17.0
Complete Challenge within the Time Limit,Complete Challenge trong Giới Hạn Thời Gian,C?n ti?ng Anh nghi v?n: Challenge; Complete | S? t?/c?m nghi v?n: 2 | T? l? nghi v?n: 0.5 | M?c ??: 17.0
Complete Challenge within the Time Limit,Complete Challenge trong Giới Hạn Thời Gian,C?n ti?ng Anh nghi v?n: Challenge; Complete | S? t?/c?m nghi v?n: 2 | T? l? nghi v?n: 0.5 | M?c ??: 17.0
Complete Challenge within the Time Limit,Complete Challenge trong Giới Hạn Thời Gian,C?n ti?ng Anh nghi v?n: Challenge; Complete | S? t?/c?m nghi v?n: 2 | T? l? nghi v?n: 0.5 | M?c ??: 17.0
Complete Challenge within the Time Limit,Complete Challenge trong Giới Hạn Thời Gian,C?n ti?ng Anh nghi v?n: Challenge; Complete | S? t?/c?m nghi v?n: 2 | T? l? nghi v?n: 0.5 | M?c ??: 17.0
Complete Challenge within the Time Limit,Complete Challenge trong Giới Hạn Thời Gian,C?n ti?ng Anh nghi v?n: Challenge; Complete | S? t?/c?m nghi v?n: 2 | T? l? nghi v?n: 0.5 | M?c ??: 17.0
Complete Challenge within the Time Limit,Complete Challenge trong Giới Hạn Thời Gian,C?n ti?ng Anh nghi v?n: Challenge; Complete | S? t?/c?m nghi v?n: 2 | T? l? nghi v?n: 0.5 | M?c ??: 17.0
Complete Challenge within the Time Limit,Complete Challenge trong Giới Hạn Thời Gian,C?n ti?ng Anh nghi v?n: Challenge; Complete | S? t?/c?m nghi v?n: 2 | T? l? nghi v?n: 0.5 | M?c ??: 17.0
Night Challenge: Quick Slash,Challenge Night: Vung Kiếm Nhanh,C?n ti?ng Anh nghi v?n: Challenge; Night | S? t?/c?m nghi v?n: 2 | T? l? nghi v?n: 0.5 | M?c ??: 17.0
Resonance Skill DMG Bonus,Resonance Skill DMG Bonus,C?n ti?ng Anh nghi v?n: Bonus; Skill | S? t?/c?m nghi v?n: 2 | T? l? nghi v?n: 0.5 | M?c ??: 17.0
Resonance Liberation DMG Bonus,Resonance Liberation DMG Bonus,C?n ti?ng Anh nghi v?n: Bonus; Liberation | S? t?/c?m nghi v?n: 2 | T? l? nghi v?n: 0.5 | M?c ??: 17.0
Echo Skill DMG Bonus,Echo Skill DMG Bonus,C?n ti?ng Anh nghi v?n: Bonus; Skill | S? t?/c?m nghi v?n: 2 | T? l? nghi v?n: 0.5 | M?c ??: 17.0
Echo Skill DMG Bonus,Echo Skill DMG Bonus,C?n ti?ng Anh nghi v?n: Bonus; Skill | S? t?/c?m nghi v?n: 2 | T? l? nghi v?n: 0.5 | M?c ??: 17.0
Resonance Skill DMG Bonus,Resonance Skill DMG Bonus,C?n ti?ng Anh nghi v?n: Bonus; Skill | S? t?/c?m nghi v?n: 2 | T? l? nghi v?n: 0.5 | M?c ??: 17.0
Resonance Liberation DMG Bonus,Resonance Liberation DMG Bonus,C?n ti?ng Anh nghi v?n: Bonus; Liberation | S? t?/c?m nghi v?n: 2 | T? l? nghi v?n: 0.5 | M?c ??: 17.0
Unique Effect: Grants <color=Highlight>{0}</color> Resonance Liberation DMG Bonus.,Hiệu ứng Đặc biệt: Tăng <color=Highlight>{0}</color> Resonance Liberation DMG Bonus.,C?n ti?ng Anh nghi v?n: Bonus; Liberation | S? t?/c?m nghi v?n: 2 | T? l? nghi v?n: 0.5 | M?c ??: 17.0
Unique Effect: Grants <color=Highlight>{0}</color> Resonance Skill DMG Bonus.,Hiệu ứng Đặc biệt: Tăng <color=Highlight>{0}</color> Resonance Skill DMG Bonus.,C?n ti?ng Anh nghi v?n: Bonus; Skill | S? t?/c?m nghi v?n: 2 | T? l? nghi v?n: 0.5 | M?c ??: 17.0
Unique Effect: Grants <color=Highlight>{0}</color> Resonance Liberation DMG Bonus.,Hiệu ứng Đặc biệt: Tăng <color=Highlight>{0}</color> Resonance Liberation DMG Bonus.,C?n ti?ng Anh nghi v?n: Bonus; Liberation | S? t?/c?m nghi v?n: 2 | T? l? nghi v?n: 0.5 | M?c ??: 17.0
Unique Effect: Grants <color=Highlight>{0}</color> Resonance Skill DMG Bonus.,Hiệu ứng Đặc biệt: Tăng <color=Highlight>{0}</color> Resonance Skill DMG Bonus.,C?n ti?ng Anh nghi v?n: Bonus; Skill | S? t?/c?m nghi v?n: 2 | T? l? nghi v?n: 0.5 | M?c ??: 17.0
"Unique Effect: Casting Resonance Liberation resets its Cooldown and recovers all Resonance Energy, triggered <color=Highlight><SapTag=1>{1}</SapTag></color> {Cus:Sap,S=time P=times SapTag=1} every <color=Highlight>{0}s</color>.","Hiệu ứng Đặc biệt: Kích hoạt Resonance Liberation sẽ đặt lại Cooldown chiêu và hồi toàn bộ Năng lượng Resonance, kích hoạt <color=Highlight><SapTag=1>{1}</SapTag></color> {Cus:Sap,S=lần P=lần SapTag=1} mỗi <color=Highlight>{0}</color> giây.",C?n ti?ng Anh nghi v?n: Cooldown; Liberation | S? t?/c?m nghi v?n: 2 | T? l? nghi v?n: 0.5 | M?c ??: 17.0
Unique Effect: Grants Resonance Liberation DMG Bonus.,Hiệu ứng Đặc biệt: Tăng Resonance Liberation DMG Bonus.,C?n ti?ng Anh nghi v?n: Bonus; Liberation | S? t?/c?m nghi v?n: 2 | T? l? nghi v?n: 0.5 | M?c ??: 17.0
Unique Effect: Grants Resonance Skill DMG Bonus.,Hiệu ứng Đặc biệt: Tăng Resonance Skill DMG Bonus.,C?n ti?ng Anh nghi v?n: Bonus; Skill | S? t?/c?m nghi v?n: 2 | T? l? nghi v?n: 0.5 | M?c ??: 17.0
Unique Effect: Dealing damage <color=Highlight>{0}</color> times grants Resonance Skill DMG Bonus and Resonance Liberation DMG Bonus.,Hiệu ứng Đặc biệt: Gây sát thương <color=Highlight>{0}</color> lần sẽ tăng Sát Thương Resonance Skill và Sát Thương Resonance Liberation.,C?n ti?ng Anh nghi v?n: Liberation; Skill | S? t?/c?m nghi v?n: 2 | T? l? nghi v?n: 0.5 | M?c ??: 17.0
"Hukou, the Tiger's Maw","Hukou, the Tiger's Maw",C?n ti?ng Anh nghi v?n: Hukou; Maw; Tiger's | S? t?/c?m nghi v?n: 3 | T? l? nghi v?n: 0.75 | M?c ??: 16.5
Note of an engineer,Ghi chú of an engineer,C?n ti?ng Anh nghi v?n: an; engineer; of | S? t?/c?m nghi v?n: 3 | T? l? nghi v?n: 0.75 | M?c ??: 16.5
Cemetery of the Lost,Cemetery of the Lost,C?n ti?ng Anh nghi v?n: Cemetery; Lost; of | S? t?/c?m nghi v?n: 3 | T? l? nghi v?n: 0.75 | M?c ??: 16.5
Battle Report against TD waves at the Gorges of Spirit,Báo Cáo Chiến Đấu Chống Lại Sóng TD Tại Gorges of Spirit,C?n ti?ng Anh nghi v?n: Gorges; of; Spirit | S? t?/c?m nghi v?n: 3 | T? l? nghi v?n: 0.75 | M?c ??: 16.5
Glacio Topological Sand Crystal,Glacio Topological Sand Crystal,C?n ti?ng Anh nghi v?n: Crystal; Sand; Topological | S? t?/c?m nghi v?n: 3 | T? l? nghi v?n: 0.75 | M?c ??: 16.5
Glacio Topological Crystal Fragment,Glacio Topological Crystal Fragment,C?n ti?ng Anh nghi v?n: Crystal; Fragment; Topological | S? t?/c?m nghi v?n: 3 | T? l? nghi v?n: 0.75 | M?c ??: 16.5
Fusion Topological Sand Crystal,Fusion Topological Sand Crystal,C?n ti?ng Anh nghi v?n: Crystal; Sand; Topological | S? t?/c?m nghi v?n: 3 | T? l? nghi v?n: 0.75 | M?c ??: 16.5
Electro Topological Sand Crystal,Electro Topological Sand Crystal,C?n ti?ng Anh nghi v?n: Crystal; Sand; Topological | S? t?/c?m nghi v?n: 3 | T? l? nghi v?n: 0.75 | M?c ??: 16.5
Aero Topological Sand Crystal,Aero Topological Sand Crystal,C?n ti?ng Anh nghi v?n: Crystal; Sand; Topological | S? t?/c?m nghi v?n: 3 | T? l? nghi v?n: 0.75 | M?c ??: 16.5
Aero Topological Crystal Fragment,Aero Topological Crystal Fragment,C?n ti?ng Anh nghi v?n: Crystal; Fragment; Topological | S? t?/c?m nghi v?n: 3 | T? l? nghi v?n: 0.75 | M?c ??: 16.5
Havoc Topological Sand Crystal,Havoc Topological Sand Crystal,C?n ti?ng Anh nghi v?n: Crystal; Sand; Topological | S? t?/c?m nghi v?n: 3 | T? l? nghi v?n: 0.75 | M?c ??: 16.5
Havoc Topological Crystal Fragment,Havoc Topological Crystal Fragment,C?n ti?ng Anh nghi v?n: Crystal; Fragment; Topological | S? t?/c?m nghi v?n: 3 | T? l? nghi v?n: 0.75 | M?c ??: 16.5
Bell of the Past,Bell of the Past,C?n ti?ng Anh nghi v?n: Bell; of; Past | S? t?/c?m nghi v?n: 3 | T? l? nghi v?n: 0.75 | M?c ??: 16.5
Use to receive Tacetite Coins/Development Materials Pack (L),Dùng để nhận Gói Tacetite Coin/Materials Phát Triển (L),C?n ti?ng Anh nghi v?n: L; Materials; Tacetite | S? t?/c?m nghi v?n: 3 | T? l? nghi v?n: 0.75 | M?c ??: 16.5
Use to receive Tacetite Coins/Development Materials Pack (M),Dùng để nhận Gói Tacetite Coin/Materials Phát Triển (M),C?n ti?ng Anh nghi v?n: M; Materials; Tacetite | S? t?/c?m nghi v?n: 3 | T? l? nghi v?n: 0.75 | M?c ??: 16.5
Use to receive Tacetite Coins/Development Materials Pack (S),Dùng để nhận Gói Tacetite Coin/Materials Phát Triển (S),C?n ti?ng Anh nghi v?n: Materials; S; Tacetite | S? t?/c?m nghi v?n: 3 | T? l? nghi v?n: 0.75 | M?c ??: 16.5
Tacet Field Geological Data,Tacet Field Geological Data,C?n ti?ng Anh nghi v?n: Data; Field; Geological | S? t?/c?m nghi v?n: 3 | T? l? nghi v?n: 0.75 | M?c ??: 16.5
Recipe: The Awu Special,Recipe: The Awu Special,C?n ti?ng Anh nghi v?n: Awu; Recipe; Special | S? t?/c?m nghi v?n: 3 | T? l? nghi v?n: 0.75 | M?c ??: 16.5
Pass through the Stargate,Pass through the Stargate,C?n ti?ng Anh nghi v?n: Pass; Stargate; through | S? t?/c?m nghi v?n: 3 | T? l? nghi v?n: 0.75 | M?c ??: 16.5
Pass through the Stargate,Pass through the Stargate,C?n ti?ng Anh nghi v?n: Pass; Stargate; through | S? t?/c?m nghi v?n: 3 | T? l? nghi v?n: 0.75 | M?c ??: 16.5
Flameblade of the Rift,Flameblade of the Rift,C?n ti?ng Anh nghi v?n: Flameblade; of; Rift | S? t?/c?m nghi v?n: 3 | T? l? nghi v?n: 0.75 | M?c ??: 16.5
Flameblade of the Rift,Flameblade of the Rift,C?n ti?ng Anh nghi v?n: Flameblade; of; Rift | S? t?/c?m nghi v?n: 3 | T? l? nghi v?n: 0.75 | M?c ??: 16.5
The Dreamscape mends itself,The Dreamscape mends itself,C?n ti?ng Anh nghi v?n: Dreamscape; itself; mends | S? t?/c?m nghi v?n: 3 | T? l? nghi v?n: 0.75 | M?c ??: 16.5
The Dreamscape mends itself,The Dreamscape mends itself,C?n ti?ng Anh nghi v?n: Dreamscape; itself; mends | S? t?/c?m nghi v?n: 3 | T? l? nghi v?n: 0.75 | M?c ??: 16.5
The Dreamscape mends itself,The Dreamscape mends itself,C?n ti?ng Anh nghi v?n: Dreamscape; itself; mends | S? t?/c?m nghi v?n: 3 | T? l? nghi v?n: 0.75 | M?c ??: 16.5
The Dreamscape mends itself,The Dreamscape mends itself,C?n ti?ng Anh nghi v?n: Dreamscape; itself; mends | S? t?/c?m nghi v?n: 3 | T? l? nghi v?n: 0.75 | M?c ??: 16.5
The Dreamscape mends itself,The Dreamscape mends itself,C?n ti?ng Anh nghi v?n: Dreamscape; itself; mends | S? t?/c?m nghi v?n: 3 | T? l? nghi v?n: 0.75 | M?c ??: 16.5
The Dreamscape mends itself,The Dreamscape mends itself,C?n ti?ng Anh nghi v?n: Dreamscape; itself; mends | S? t?/c?m nghi v?n: 3 | T? l? nghi v?n: 0.75 | M?c ??: 16.5
Gunshot in the Motel,Gunshot in the Motel,C?n ti?ng Anh nghi v?n: Gunshot; in; Motel | S? t?/c?m nghi v?n: 3 | T? l? nghi v?n: 0.75 | M?c ??: 16.5
The Dreamscape mends itself,The Dreamscape mends itself,C?n ti?ng Anh nghi v?n: Dreamscape; itself; mends | S? t?/c?m nghi v?n: 3 | T? l? nghi v?n: 0.75 | M?c ??: 16.5
The Dreamscape mends itself,The Dreamscape mends itself,C?n ti?ng Anh nghi v?n: Dreamscape; itself; mends | S? t?/c?m nghi v?n: 3 | T? l? nghi v?n: 0.75 | M?c ??: 16.5
The Dreamscape mends itself,The Dreamscape mends itself,C?n ti?ng Anh nghi v?n: Dreamscape; itself; mends | S? t?/c?m nghi v?n: 3 | T? l? nghi v?n: 0.75 | M?c ??: 16.5
The Dreamscape mends itself,The Dreamscape mends itself,C?n ti?ng Anh nghi v?n: Dreamscape; itself; mends | S? t?/c?m nghi v?n: 3 | T? l? nghi v?n: 0.75 | M?c ??: 16.5
Observe the Plushie Squad,Observe the Plushie Squad,C?n ti?ng Anh nghi v?n: Observe; Plushie; Squad | S? t?/c?m nghi v?n: 3 | T? l? nghi v?n: 0.75 | M?c ??: 16.5
Photograph the Plushie Squad,Photograph the Plushie Squad,C?n ti?ng Anh nghi v?n: Photograph; Plushie; Squad | S? t?/c?m nghi v?n: 3 | T? l? nghi v?n: 0.75 | M?c ??: 16.5
Photograph the Plushie Squad,Photograph the Plushie Squad,C?n ti?ng Anh nghi v?n: Photograph; Plushie; Squad | S? t?/c?m nghi v?n: 3 | T? l? nghi v?n: 0.75 | M?c ??: 16.5
The Dreamscape mends itself,The Dreamscape mends itself,C?n ti?ng Anh nghi v?n: Dreamscape; itself; mends | S? t?/c?m nghi v?n: 3 | T? l? nghi v?n: 0.75 | M?c ??: 16.5
The Dreamscape mends itself,The Dreamscape mends itself,C?n ti?ng Anh nghi v?n: Dreamscape; itself; mends | S? t?/c?m nghi v?n: 3 | T? l? nghi v?n: 0.75 | M?c ??: 16.5
Break Cuddle Wuddle and Diggy Duggy's formation: {挑战2统计}/1,Phá vỡ đội hình của Cuddle Wuddle và Diggy Duggy: {挑战2统计}/1,C?n ti?ng Anh nghi v?n: Cuddle; Diggy; Wuddle | S? t?/c?m nghi v?n: 3 | T? l? nghi v?n: 0.75 | M?c ??: 16.5
The Dreamscape mends itself,The Dreamscape mends itself,C?n ti?ng Anh nghi v?n: Dreamscape; itself; mends | S? t?/c?m nghi v?n: 3 | T? l? nghi v?n: 0.75 | M?c ??: 16.5
Break Cuddle Wuddle and Diggy Duggy's formation: {挑战2统计}/1,Phá vỡ đội hình của Cuddle Wuddle và Diggy Duggy: {挑战2统计}/1,C?n ti?ng Anh nghi v?n: Cuddle; Diggy; Wuddle | S? t?/c?m nghi v?n: 3 | T? l? nghi v?n: 0.75 | M?c ??: 16.5
The Dreamscape mends itself,The Dreamscape mends itself,C?n ti?ng Anh nghi v?n: Dreamscape; itself; mends | S? t?/c?m nghi v?n: 3 | T? l? nghi v?n: 0.75 | M?c ??: 16.5
The Dreamscape mends itself,The Dreamscape mends itself,C?n ti?ng Anh nghi v?n: Dreamscape; itself; mends | S? t?/c?m nghi v?n: 3 | T? l? nghi v?n: 0.75 | M?c ??: 16.5
Approach the Knight's memories,Approach the Knight's memories,C?n ti?ng Anh nghi v?n: Approach; Knight's; memories | S? t?/c?m nghi v?n: 3 | T? l? nghi v?n: 0.75 | M?c ??: 16.5
Defeat Inpermanence Heron (Suggested Tactic Points: 300),Đánh bại Impermanence Heron (Tactic Points đề xuất: 300),C?n ti?ng Anh nghi v?n: Heron; Points; Tactic | S? t?/c?m nghi v?n: 3 | T? l? nghi v?n: 0.75 | M?c ??: 16.5
Drain the remaining water,Drain the remaining water,C?n ti?ng Anh nghi v?n: Drain; remaining; water | S? t?/c?m nghi v?n: 3 | T? l? nghi v?n: 0.75 | M?c ??: 16.5
Drain the remaining water,Drain the remaining water,C?n ti?ng Anh nghi v?n: Drain; remaining; water | S? t?/c?m nghi v?n: 3 | T? l? nghi v?n: 0.75 | M?c ??: 16.5
Lower the spiral column,Lower the spiral column,C?n ti?ng Anh nghi v?n: column; Lower; spiral | S? t?/c?m nghi v?n: 3 | T? l? nghi v?n: 0.75 | M?c ??: 16.5
Activate the Second Coming of Solaris Simulator,Kích hoạt Máy mô phỏng Second Coming of Solaris,C?n ti?ng Anh nghi v?n: Coming; of; Second | S? t?/c?m nghi v?n: 3 | T? l? nghi v?n: 0.75 | M?c ??: 16.5
Activate the Second Coming of Solaris Simulator,Kích hoạt Máy mô phỏng Second Coming of Solaris,C?n ti?ng Anh nghi v?n: Coming; of; Second | S? t?/c?m nghi v?n: 3 | T? l? nghi v?n: 0.75 | M?c ??: 16.5
Activate the Second Coming of Solaris Simulator,Kích hoạt Máy mô phỏng Second Coming of Solaris,C?n ti?ng Anh nghi v?n: Coming; of; Second | S? t?/c?m nghi v?n: 3 | T? l? nghi v?n: 0.75 | M?c ??: 16.5
Activate the Second Coming of Solaris Simulator,Kích hoạt Máy mô phỏng Second Coming of Solaris,C?n ti?ng Anh nghi v?n: Coming; of; Second | S? t?/c?m nghi v?n: 3 | T? l? nghi v?n: 0.75 | M?c ??: 16.5
Guards of the Order,Guards of the Order,C?n ti?ng Anh nghi v?n: Guards; of; Order | S? t?/c?m nghi v?n: 3 | T? l? nghi v?n: 0.75 | M?c ??: 16.5
Cannnot begin simulation in current phase,Cannnot begin simulation ở giai đoạn hiện tại,C?n ti?ng Anh nghi v?n: begin; Cannnot; simulation | S? t?/c?m nghi v?n: 3 | T? l? nghi v?n: 0.75 | M?c ??: 16.5
Girl Studying the Poster,Girl Studying the Poster,C?n ti?ng Anh nghi v?n: Girl; Poster; Studying | S? t?/c?m nghi v?n: 3 | T? l? nghi v?n: 0.75 | M?c ??: 16.5
Girl Studying the Poster,Girl Studying the Poster,C?n ti?ng Anh nghi v?n: Girl; Poster; Studying | S? t?/c?m nghi v?n: 3 | T? l? nghi v?n: 0.75 | M?c ??: 16.5
Girl Studying the Poster,Girl Studying the Poster,C?n ti?ng Anh nghi v?n: Girl; Poster; Studying | S? t?/c?m nghi v?n: 3 | T? l? nghi v?n: 0.75 | M?c ??: 16.5
Girl Studying the Poster,Girl Studying the Poster,C?n ti?ng Anh nghi v?n: Girl; Poster; Studying | S? t?/c?m nghi v?n: 3 | T? l? nghi v?n: 0.75 | M?c ??: 16.5
Explore the Central Park,Explore the Central Park,C?n ti?ng Anh nghi v?n: Central; Explore; Park | S? t?/c?m nghi v?n: 3 | T? l? nghi v?n: 0.75 | M?c ??: 16.5
Help decorate the cafe,Help decorate the cafe,C?n ti?ng Anh nghi v?n: cafe; decorate; Help | S? t?/c?m nghi v?n: 3 | T? l? nghi v?n: 0.75 | M?c ??: 16.5
Change the banner's color,Change the banner's color,C?n ti?ng Anh nghi v?n: banner's; Change; color | S? t?/c?m nghi v?n: 3 | T? l? nghi v?n: 0.75 | M?c ??: 16.5
Daily Lahai-Roi Castaway II,Nhiệm vụ hàng ngày Lahai-Roi Castaway II,C?n ti?ng Anh nghi v?n: Castaway; II; Lahai | S? t?/c?m nghi v?n: 3 | T? l? nghi v?n: 0.75 | M?c ??: 16.5
Daily Lahai-Roi Castaway III,Nhiệm vụ hàng ngày Lahai-Roi Castaway III,C?n ti?ng Anh nghi v?n: Castaway; III; Lahai | S? t?/c?m nghi v?n: 3 | T? l? nghi v?n: 0.75 | M?c ??: 16.5
Daily Lahai-Roi Castaway IV,Nhiệm vụ hàng ngày Lahai-Roi Castaway IV,C?n ti?ng Anh nghi v?n: Castaway; IV; Lahai | S? t?/c?m nghi v?n: 3 | T? l? nghi v?n: 0.75 | M?c ??: 16.5
Daily Lahai-Roi Castaway V,Nhiệm vụ hàng ngày Lahai-Roi Castaway V,C?n ti?ng Anh nghi v?n: Castaway; Lahai; V | S? t?/c?m nghi v?n: 3 | T? l? nghi v?n: 0.75 | M?c ??: 16.5
Observe the swimming pool,Observe the swimming pool,C?n ti?ng Anh nghi v?n: Observe; pool; swimming | S? t?/c?m nghi v?n: 3 | T? l? nghi v?n: 0.75 | M?c ??: 16.5
"Instruct the Soliskin ""Currie""","Instruct the Soliskin ""Currie""",C?n ti?ng Anh nghi v?n: Currie; Instruct; Soliskin | S? t?/c?m nghi v?n: 3 | T? l? nghi v?n: 0.75 | M?c ??: 16.5
"Instruct the Soliskin ""Currie""","Instruct the Soliskin ""Currie""",C?n ti?ng Anh nghi v?n: Currie; Instruct; Soliskin | S? t?/c?m nghi v?n: 3 | T? l? nghi v?n: 0.75 | M?c ??: 16.5
"Instruct the Soliskin ""Currie""","Instruct the Soliskin ""Currie""",C?n ti?ng Anh nghi v?n: Currie; Instruct; Soliskin | S? t?/c?m nghi v?n: 3 | T? l? nghi v?n: 0.75 | M?c ??: 16.5
Treasure Spot: Lahai-Roi,Treasure Spot: Lahai-Roi,C?n ti?ng Anh nghi v?n: Lahai; Spot; Treasure | S? t?/c?m nghi v?n: 3 | T? l? nghi v?n: 0.75 | M?c ??: 16.5
Introduction of the Crownless,Introduction of the Crownless,C?n ti?ng Anh nghi v?n: Crownless; Introduction; of | S? t?/c?m nghi v?n: 3 | T? l? nghi v?n: 0.75 | M?c ??: 16.5
Tortoise Tacet Field Placeholder,Tortoise Tacet Field Placeholder,C?n ti?ng Anh nghi v?n: Field; Placeholder; Tortoise | S? t?/c?m nghi v?n: 3 | T? l? nghi v?n: 0.75 | M?c ??: 16.5
Qichi Village Tacet Field,Qichi Village Tacet Field,C?n ti?ng Anh nghi v?n: Field; Qichi; Village | S? t?/c?m nghi v?n: 3 | T? l? nghi v?n: 0.75 | M?c ??: 16.5
Scaleman Tacet Field Placeholder,Scaleman Tacet Field Placeholder,C?n ti?ng Anh nghi v?n: Field; Placeholder; Scaleman | S? t?/c?m nghi v?n: 3 | T? l? nghi v?n: 0.75 | M?c ??: 16.5
Establish yourself in Septimont,Establish yourself in Septimont,C?n ti?ng Anh nghi v?n: Establish; in; yourself | S? t?/c?m nghi v?n: 3 | T? l? nghi v?n: 0.75 | M?c ??: 16.5
Shadow of the Past,Shadow of the Past,C?n ti?ng Anh nghi v?n: of; Past; Shadow | S? t?/c?m nghi v?n: 3 | T? l? nghi v?n: 0.75 | M?c ??: 16.5
Acolyte of the Order,Acolyte of the Order,C?n ti?ng Anh nghi v?n: Acolyte; of; Order | S? t?/c?m nghi v?n: 3 | T? l? nghi v?n: 0.75 | M?c ??: 16.5
"The Dark Tide's ""Whispers""","The Dark Tide's ""Whispers""",C?n ti?ng Anh nghi v?n: Dark; Tide's; Whispers | S? t?/c?m nghi v?n: 3 | T? l? nghi v?n: 0.75 | M?c ??: 16.5
Echoes of Hope - Lorelei,Echoes of Hope - Lorelei,C?n ti?ng Anh nghi v?n: Hope; Lorelei; of | S? t?/c?m nghi v?n: 3 | T? l? nghi v?n: 0.75 | M?c ??: 16.5
Voices of the Departed,Voices of the Departed,C?n ti?ng Anh nghi v?n: Departed; of; Voices | S? t?/c?m nghi v?n: 3 | T? l? nghi v?n: 0.75 | M?c ??: 16.5
Girl in the Study,Girl in the Study,C?n ti?ng Anh nghi v?n: Girl; in; Study | S? t?/c?m nghi v?n: 3 | T? l? nghi v?n: 0.75 | M?c ??: 16.5
Kid By the Water,Kid By the Water,C?n ti?ng Anh nghi v?n: By; Kid; Water | S? t?/c?m nghi v?n: 3 | T? l? nghi v?n: 0.75 | M?c ??: 16.5
Kids in the Park [Onlookers],Kids in the Park [Onlookers],C?n ti?ng Anh nghi v?n: in; Kids; Park | S? t?/c?m nghi v?n: 3 | T? l? nghi v?n: 0.75 | M?c ??: 16.5
Lady of the Sea,Lady of the Sea,C?n ti?ng Anh nghi v?n: Lady; of; Sea | S? t?/c?m nghi v?n: 3 | T? l? nghi v?n: 0.75 | M?c ??: 16.5
Aleph-1 (Voice of the Cosmos),Aleph-1 (Giọng nói of the Cosmos),C?n ti?ng Anh nghi v?n: Aleph; Cosmos; of | S? t?/c?m nghi v?n: 3 | T? l? nghi v?n: 0.75 | M?c ??: 16.5
Messages on the Screen,Messages on the Screen,C?n ti?ng Anh nghi v?n: Messages; on; Screen | S? t?/c?m nghi v?n: 3 | T? l? nghi v?n: 0.75 | M?c ??: 16.5
Strict Staff from Ministry of Development,Nhân Viên Khắt Khe thuộc Ministry of Development,C?n ti?ng Anh nghi v?n: Development; Ministry; of | S? t?/c?m nghi v?n: 3 | T? l? nghi v?n: 0.75 | M?c ??: 16.5
Acolyte of the Order,Acolyte of the Order,C?n ti?ng Anh nghi v?n: Acolyte; of; Order | S? t?/c?m nghi v?n: 3 | T? l? nghi v?n: 0.75 | M?c ??: 16.5
Child Playing the Knight,Child Playing the Knight,C?n ti?ng Anh nghi v?n: Child; Knight; Playing | S? t?/c?m nghi v?n: 3 | T? l? nghi v?n: 0.75 | M?c ??: 16.5
Oracles on the Tablet,Oracles on the Tablet,C?n ti?ng Anh nghi v?n: on; Oracles; Tablet | S? t?/c?m nghi v?n: 3 | T? l? nghi v?n: 0.75 | M?c ??: 16.5
Elegy of the Fallen,Elegy of the Fallen,C?n ti?ng Anh nghi v?n: Elegy; Fallen; of | S? t?/c?m nghi v?n: 3 | T? l? nghi v?n: 0.75 | M?c ??: 16.5
Girl in the Audience,Girl in the Audience,C?n ti?ng Anh nghi v?n: Audience; Girl; in | S? t?/c?m nghi v?n: 3 | T? l? nghi v?n: 0.75 | M?c ??: 16.5
Child in the Audience,Child in the Audience,C?n ti?ng Anh nghi v?n: Audience; Child; in | S? t?/c?m nghi v?n: 3 | T? l? nghi v?n: 0.75 | M?c ??: 16.5
Messages on the Screen,Messages on the Screen,C?n ti?ng Anh nghi v?n: Messages; on; Screen | S? t?/c?m nghi v?n: 3 | T? l? nghi v?n: 0.75 | M?c ??: 16.5
Voice of the Ancient One,Giọng nói of the Ancient One,C?n ti?ng Anh nghi v?n: Ancient; of; One | S? t?/c?m nghi v?n: 3 | T? l? nghi v?n: 0.75 | M?c ??: 16.5
"""Soliskin in the Cave""","""Soliskin in the Cave""",C?n ti?ng Anh nghi v?n: Cave; in; Soliskin | S? t?/c?m nghi v?n: 3 | T? l? nghi v?n: 0.75 | M?c ??: 16.5
Guard of the Rangers,Guard of the Rangers,C?n ti?ng Anh nghi v?n: Guard; of; Rangers | S? t?/c?m nghi v?n: 3 | T? l? nghi v?n: 0.75 | M?c ??: 16.5
Narration in the Dark [Voice of Somnoire],Narration in the Dark [Giọng nói of Somnoire],C?n ti?ng Anh nghi v?n: Dark; in; Narration | S? t?/c?m nghi v?n: 3 | T? l? nghi v?n: 0.75 | M?c ??: 16.5
Witness of the Journey [Camera Operator],Witness of the Journey [Camera Operator],C?n ti?ng Anh nghi v?n: Journey; of; Witness | S? t?/c?m nghi v?n: 3 | T? l? nghi v?n: 0.75 | M?c ??: 16.5
<i>The Golden Anthem Anthology</i>,<i>The Golden Anthem Anthology</i>,C?n ti?ng Anh nghi v?n: Anthem; Anthology; Golden | S? t?/c?m nghi v?n: 3 | T? l? nghi v?n: 0.75 | M?c ??: 16.5
"""Galbrena"" of the Past","""Galbrena"" of the Past",C?n ti?ng Anh nghi v?n: Galbrena; of; Past | S? t?/c?m nghi v?n: 3 | T? l? nghi v?n: 0.75 | M?c ??: 16.5
Person in the Box,Person in the Box,C?n ti?ng Anh nghi v?n: Box; in; Person | S? t?/c?m nghi v?n: 3 | T? l? nghi v?n: 0.75 | M?c ??: 16.5
Phantom of the Past,Phantom of the Past,C?n ti?ng Anh nghi v?n: of; Past; Phantom | S? t?/c?m nghi v?n: 3 | T? l? nghi v?n: 0.75 | M?c ??: 16.5
Girl Studying the Poster,Girl Studying the Poster,C?n ti?ng Anh nghi v?n: Girl; Poster; Studying | S? t?/c?m nghi v?n: 3 | T? l? nghi v?n: 0.75 | M?c ??: 16.5
Man Admiring the Rocks,Man Admiring the Rocks,C?n ti?ng Anh nghi v?n: Admiring; Man; Rocks | S? t?/c?m nghi v?n: 3 | T? l? nghi v?n: 0.75 | M?c ??: 16.5
Woman Admiring the Flowers,Woman Admiring the Flowers,C?n ti?ng Anh nghi v?n: Admiring; Flowers; Woman | S? t?/c?m nghi v?n: 3 | T? l? nghi v?n: 0.75 | M?c ??: 16.5
Person Enjoying the Breeze,Person Enjoying the Breeze,C?n ti?ng Anh nghi v?n: Breeze; Enjoying; Person | S? t?/c?m nghi v?n: 3 | T? l? nghi v?n: 0.75 | M?c ??: 16.5
Person Admiring the Park,Person Admiring the Park,C?n ti?ng Anh nghi v?n: Admiring; Park; Person | S? t?/c?m nghi v?n: 3 | T? l? nghi v?n: 0.75 | M?c ??: 16.5
Girl Studying the Poster,Girl Studying the Poster,C?n ti?ng Anh nghi v?n: Girl; Poster; Studying | S? t?/c?m nghi v?n: 3 | T? l? nghi v?n: 0.75 | M?c ??: 16.5
Man Admiring the Rocks,Man Admiring the Rocks,C?n ti?ng Anh nghi v?n: Admiring; Man; Rocks | S? t?/c?m nghi v?n: 3 | T? l? nghi v?n: 0.75 | M?c ??: 16.5
Woman Admiring the Flowers,Woman Admiring the Flowers,C?n ti?ng Anh nghi v?n: Admiring; Flowers; Woman | S? t?/c?m nghi v?n: 3 | T? l? nghi v?n: 0.75 | M?c ??: 16.5
Soliskin in the Bowl,Soliskin in the Bowl,C?n ti?ng Anh nghi v?n: Bowl; in; Soliskin | S? t?/c?m nghi v?n: 3 | T? l? nghi v?n: 0.75 | M?c ??: 16.5
Student by the Arcade,Student by the Arcade,C?n ti?ng Anh nghi v?n: Arcade; by; Student | S? t?/c?m nghi v?n: 3 | T? l? nghi v?n: 0.75 | M?c ??: 16.5
Soliskin in the Distance,Soliskin in the Distance,C?n ti?ng Anh nghi v?n: Distance; in; Soliskin | S? t?/c?m nghi v?n: 3 | T? l? nghi v?n: 0.75 | M?c ??: 16.5
Reverb in the Garden,Reverb in the Garden,C?n ti?ng Anh nghi v?n: Garden; in; Reverb | S? t?/c?m nghi v?n: 3 | T? l? nghi v?n: 0.75 | M?c ??: 16.5
Ministry of Sentinel Affairs,Ministry of Sentinel Affairs,C?n ti?ng Anh nghi v?n: Affairs; Ministry; of | S? t?/c?m nghi v?n: 3 | T? l? nghi v?n: 0.75 | M?c ??: 16.5
Echo-Type Combat Machine,Echo-Type Combat Machine,C?n ti?ng Anh nghi v?n: Combat; Machine; Type | S? t?/c?m nghi v?n: 3 | T? l? nghi v?n: 0.75 | M?c ??: 16.5
Glacio-Type Combat Machine,Glacio-Type Combat Machine,C?n ti?ng Anh nghi v?n: Combat; Machine; Type | S? t?/c?m nghi v?n: 3 | T? l? nghi v?n: 0.75 | M?c ??: 16.5
Fusion-Type Combat Machine,Fusion-Type Combat Machine,C?n ti?ng Anh nghi v?n: Combat; Machine; Type | S? t?/c?m nghi v?n: 3 | T? l? nghi v?n: 0.75 | M?c ??: 16.5
Aero-Type Combat Machine,Aero-Type Combat Machine,C?n ti?ng Anh nghi v?n: Combat; Machine; Type | S? t?/c?m nghi v?n: 3 | T? l? nghi v?n: 0.75 | M?c ??: 16.5
Electro-Type Combat Machine,Electro-Type Combat Machine,C?n ti?ng Anh nghi v?n: Combat; Machine; Type | S? t?/c?m nghi v?n: 3 | T? l? nghi v?n: 0.75 | M?c ??: 16.5
The Second Dark Tide,The Second Dark Tide,C?n ti?ng Anh nghi v?n: Dark; Second; Tide | S? t?/c?m nghi v?n: 3 | T? l? nghi v?n: 0.75 | M?c ??: 16.5
Fabricatorium of the Deep,Fabricatorium of the Deep,C?n ti?ng Anh nghi v?n: Deep; Fabricatorium; of | S? t?/c?m nghi v?n: 3 | T? l? nghi v?n: 0.75 | M?c ??: 16.5
TD - Dungeon exiting workflow,TD - Dungeon exiting workflow,C?n ti?ng Anh nghi v?n: Dungeon; exiting; workflow | S? t?/c?m nghi v?n: 3 | T? l? nghi v?n: 0.75 | M?c ??: 16.5
Burial Bay - Second Half,Burial Bay - Second Half,C?n ti?ng Anh nghi v?n: Burial; Half; Second | S? t?/c?m nghi v?n: 3 | T? l? nghi v?n: 0.75 | M?c ??: 16.5
Burial Bay - Second Half,Burial Bay - Second Half,C?n ti?ng Anh nghi v?n: Burial; Half; Second | S? t?/c?m nghi v?n: 3 | T? l? nghi v?n: 0.75 | M?c ??: 16.5
Tremors shake the Dreamscape,Tremors shake the Dreamscape,C?n ti?ng Anh nghi v?n: Dreamscape; shake; Tremors | S? t?/c?m nghi v?n: 3 | T? l? nghi v?n: 0.75 | M?c ??: 16.5
Howlers in the Icefield,Howlers in the Icefield,C?n ti?ng Anh nghi v?n: Howlers; Icefield; in | S? t?/c?m nghi v?n: 3 | T? l? nghi v?n: 0.75 | M?c ??: 16.5
Howlers in the Icefield,Howlers in the Icefield,C?n ti?ng Anh nghi v?n: Howlers; Icefield; in | S? t?/c?m nghi v?n: 3 | T? l? nghi v?n: 0.75 | M?c ??: 16.5
Gorges of Spirits - Bell-Borne Geochelone,Gorges of Spirits - Rùa Địa Chất Mang Chuông,C?n ti?ng Anh nghi v?n: Gorges; of; Spirits | S? t?/c?m nghi v?n: 3 | T? l? nghi v?n: 0.75 | M?c ??: 16.5
Help Cartethyia cleanse all Dark Tide remnants,Giúp Cartethyia thanh tẩy mọi tàn tích của Dark Tide,C?n ti?ng Anh nghi v?n: Cartethyia; Dark; Tide | S? t?/c?m nghi v?n: 3 | T? l? nghi v?n: 0.75 | M?c ??: 16.5
Help Cartethyia cleanse all Dark Tide remnants,Giúp Cartethyia thanh tẩy mọi tàn tích của Dark Tide,C?n ti?ng Anh nghi v?n: Cartethyia; Dark; Tide | S? t?/c?m nghi v?n: 3 | T? l? nghi v?n: 0.75 | M?c ??: 16.5
(Optional) Examine the table,(Optional) Examine the table,C?n ti?ng Anh nghi v?n: Examine; Optional; table | S? t?/c?m nghi v?n: 3 | T? l? nghi v?n: 0.75 | M?c ??: 16.5
Drag Transport Unit XE-01 to Deployment Zone,Kéo Transport Unit XE-01 vào Vùng Triển Khai,C?n ti?ng Anh nghi v?n: Transport; Unit; XE | S? t?/c?m nghi v?n: 3 | T? l? nghi v?n: 0.75 | M?c ??: 16.5
Drag Transport Unit XE-01 to Deployment Zone,Kéo Transport Unit XE-01 vào Vùng Triển Khai,C?n ti?ng Anh nghi v?n: Transport; Unit; XE | S? t?/c?m nghi v?n: 3 | T? l? nghi v?n: 0.75 | M?c ??: 16.5
Drag Transport Unit XE-01 to Deployment Zone,Kéo Transport Unit XE-01 vào Vùng Triển Khai,C?n ti?ng Anh nghi v?n: Transport; Unit; XE | S? t?/c?m nghi v?n: 3 | T? l? nghi v?n: 0.75 | M?c ??: 16.5
Drag Transport Unit XE-01 to Deployment Zone,Kéo Transport Unit XE-01 vào Vùng Triển Khai,C?n ti?ng Anh nghi v?n: Transport; Unit; XE | S? t?/c?m nghi v?n: 3 | T? l? nghi v?n: 0.75 | M?c ??: 16.5
Observe the star charts,Observe the star charts,C?n ti?ng Anh nghi v?n: charts; Observe; star | S? t?/c?m nghi v?n: 3 | T? l? nghi v?n: 0.75 | M?c ??: 16.5
Observe the star charts,Observe the star charts,C?n ti?ng Anh nghi v?n: charts; Observe; star | S? t?/c?m nghi v?n: 3 | T? l? nghi v?n: 0.75 | M?c ??: 16.5
Observe the star charts,Observe the star charts,C?n ti?ng Anh nghi v?n: charts; Observe; star | S? t?/c?m nghi v?n: 3 | T? l? nghi v?n: 0.75 | M?c ??: 16.5
Observe the star charts,Observe the star charts,C?n ti?ng Anh nghi v?n: charts; Observe; star | S? t?/c?m nghi v?n: 3 | T? l? nghi v?n: 0.75 | M?c ??: 16.5
"""Soliskin in the Cave""","""Soliskin in the Cave""",C?n ti?ng Anh nghi v?n: Cave; in; Soliskin | S? t?/c?m nghi v?n: 3 | T? l? nghi v?n: 0.75 | M?c ??: 16.5
Septimont Weather Forecast VII,Septimont Weather Forecast VII,C?n ti?ng Anh nghi v?n: Forecast; VII; Weather | S? t?/c?m nghi v?n: 3 | T? l? nghi v?n: 0.75 | M?c ??: 16.5
Septimont Weather Forecast I,Septimont Weather Forecast I,C?n ti?ng Anh nghi v?n: Forecast; I; Weather | S? t?/c?m nghi v?n: 3 | T? l? nghi v?n: 0.75 | M?c ??: 16.5
Septimont Weather Forecast II,Septimont Weather Forecast II,C?n ti?ng Anh nghi v?n: Forecast; II; Weather | S? t?/c?m nghi v?n: 3 | T? l? nghi v?n: 0.75 | M?c ??: 16.5
Septimont Weather Forecast III,Septimont Weather Forecast III,C?n ti?ng Anh nghi v?n: Forecast; III; Weather | S? t?/c?m nghi v?n: 3 | T? l? nghi v?n: 0.75 | M?c ??: 16.5
Septimont Weather Forecast IV,Septimont Weather Forecast IV,C?n ti?ng Anh nghi v?n: Forecast; IV; Weather | S? t?/c?m nghi v?n: 3 | T? l? nghi v?n: 0.75 | M?c ??: 16.5
Septimont Weather Forecast V,Septimont Weather Forecast V,C?n ti?ng Anh nghi v?n: Forecast; V; Weather | S? t?/c?m nghi v?n: 3 | T? l? nghi v?n: 0.75 | M?c ??: 16.5
Examine the strange altar,Examine the strange altar,C?n ti?ng Anh nghi v?n: altar; Examine; strange | S? t?/c?m nghi v?n: 3 | T? l? nghi v?n: 0.75 | M?c ??: 16.5
Examine the strange altar,Examine the strange altar,C?n ti?ng Anh nghi v?n: altar; Examine; strange | S? t?/c?m nghi v?n: 3 | T? l? nghi v?n: 0.75 | M?c ??: 16.5
Examine the strange altar,Examine the strange altar,C?n ti?ng Anh nghi v?n: altar; Examine; strange | S? t?/c?m nghi v?n: 3 | T? l? nghi v?n: 0.75 | M?c ??: 16.5
Examine the strange altar,Examine the strange altar,C?n ti?ng Anh nghi v?n: altar; Examine; strange | S? t?/c?m nghi v?n: 3 | T? l? nghi v?n: 0.75 | M?c ??: 16.5
Examine the strange altar,Examine the strange altar,C?n ti?ng Anh nghi v?n: altar; Examine; strange | S? t?/c?m nghi v?n: 3 | T? l? nghi v?n: 0.75 | M?c ??: 16.5
Examine the strange altar,Examine the strange altar,C?n ti?ng Anh nghi v?n: altar; Examine; strange | S? t?/c?m nghi v?n: 3 | T? l? nghi v?n: 0.75 | M?c ??: 16.5
Examine the strange altar,Examine the strange altar,C?n ti?ng Anh nghi v?n: altar; Examine; strange | S? t?/c?m nghi v?n: 3 | T? l? nghi v?n: 0.75 | M?c ??: 16.5
Examine the strange altar,Examine the strange altar,C?n ti?ng Anh nghi v?n: altar; Examine; strange | S? t?/c?m nghi v?n: 3 | T? l? nghi v?n: 0.75 | M?c ??: 16.5
Examine the strange altar,Examine the strange altar,C?n ti?ng Anh nghi v?n: altar; Examine; strange | S? t?/c?m nghi v?n: 3 | T? l? nghi v?n: 0.75 | M?c ??: 16.5
Examine the strange altar,Examine the strange altar,C?n ti?ng Anh nghi v?n: altar; Examine; strange | S? t?/c?m nghi v?n: 3 | T? l? nghi v?n: 0.75 | M?c ??: 16.5
Void Storm Zone VI,Void Storm Zone VI,C?n ti?ng Anh nghi v?n: Storm; Void; Zone | S? t?/c?m nghi v?n: 3 | T? l? nghi v?n: 0.75 | M?c ??: 16.5
Pick the leftmost chest,Pick the leftmost chest,C?n ti?ng Anh nghi v?n: chest; leftmost; Pick | S? t?/c?m nghi v?n: 3 | T? l? nghi v?n: 0.75 | M?c ??: 16.5
Pick the center chest,Pick the center chest,C?n ti?ng Anh nghi v?n: center; chest; Pick | S? t?/c?m nghi v?n: 3 | T? l? nghi v?n: 0.75 | M?c ??: 16.5
Pick the rightmost chest,Pick the rightmost chest,C?n ti?ng Anh nghi v?n: chest; Pick; rightmost | S? t?/c?m nghi v?n: 3 | T? l? nghi v?n: 0.75 | M?c ??: 16.5
Pick the leftmost chest,Pick the leftmost chest,C?n ti?ng Anh nghi v?n: chest; leftmost; Pick | S? t?/c?m nghi v?n: 3 | T? l? nghi v?n: 0.75 | M?c ??: 16.5
Pick the center chest,Pick the center chest,C?n ti?ng Anh nghi v?n: center; chest; Pick | S? t?/c?m nghi v?n: 3 | T? l? nghi v?n: 0.75 | M?c ??: 16.5
Pick the rightmost chest,Pick the rightmost chest,C?n ti?ng Anh nghi v?n: chest; Pick; rightmost | S? t?/c?m nghi v?n: 3 | T? l? nghi v?n: 0.75 | M?c ??: 16.5
Thoroughly inspect the room,Thoroughly inspect the room,C?n ti?ng Anh nghi v?n: inspect; room; Thoroughly | S? t?/c?m nghi v?n: 3 | T? l? nghi v?n: 0.75 | M?c ??: 16.5
History of Huanglong Reconstruction,History of Huanglong Reconstruction,C?n ti?ng Anh nghi v?n: History; of; Reconstruction | S? t?/c?m nghi v?n: 3 | T? l? nghi v?n: 0.75 | M?c ??: 16.5
Writings on the Wall,Writings on the Wall,C?n ti?ng Anh nghi v?n: on; Wall; Writings | S? t?/c?m nghi v?n: 3 | T? l? nghi v?n: 0.75 | M?c ??: 16.5
The Comfort Inn ~Issue 100~,The Comfort Inn ~Issue 100~,C?n ti?ng Anh nghi v?n: Comfort; Inn; Issue | S? t?/c?m nghi v?n: 3 | T? l? nghi v?n: 0.75 | M?c ??: 16.5
"Huaxu Academy, Jinzhou Campus","Huaxu Academy, Jinzhou Campus",C?n ti?ng Anh nghi v?n: Academy; Campus; Huaxu | S? t?/c?m nghi v?n: 3 | T? l? nghi v?n: 0.75 | M?c ??: 16.5
The Black Shores Robots,The Black Shores Robots,C?n ti?ng Anh nghi v?n: Black; Robots; Shores | S? t?/c?m nghi v?n: 3 | T? l? nghi v?n: 0.75 | M?c ??: 16.5
The Unknown Wine List,The Unknown Wine List,C?n ti?ng Anh nghi v?n: List; Unknown; Wine | S? t?/c?m nghi v?n: 3 | T? l? nghi v?n: 0.75 | M?c ??: 16.5
"""The Golden Anthem Anthology""","""The Golden Anthem Anthology""",C?n ti?ng Anh nghi v?n: Anthem; Anthology; Golden | S? t?/c?m nghi v?n: 3 | T? l? nghi v?n: 0.75 | M?c ??: 16.5
<i>The Gladiator</i> Special Issue,<i>The Gladiator</i> Special Issue,C?n ti?ng Anh nghi v?n: Gladiator; Issue; Special | S? t?/c?m nghi v?n: 3 | T? l? nghi v?n: 0.75 | M?c ??: 16.5
The Great Agon Schedule,The Great Agon Schedule,C?n ti?ng Anh nghi v?n: Agon; Great; Schedule | S? t?/c?m nghi v?n: 3 | T? l? nghi v?n: 0.75 | M?c ??: 16.5
Summit of Septimont: Augusta,Summit of Septimont: Augusta,C?n ti?ng Anh nghi v?n: Augusta; of; Summit | S? t?/c?m nghi v?n: 3 | T? l? nghi v?n: 0.75 | M?c ??: 16.5
Inside the Startorch Academy,Inside the Startorch Academy,C?n ti?ng Anh nghi v?n: Academy; Inside; Startorch | S? t?/c?m nghi v?n: 3 | T? l? nghi v?n: 0.75 | M?c ??: 16.5
Complete The Hour of Hope - Normal Mode,Hoàn thành The Hour of Hope - Chế độ Thường,C?n ti?ng Anh nghi v?n: Hope; Hour; of | S? t?/c?m nghi v?n: 3 | T? l? nghi v?n: 0.75 | M?c ??: 16.5
Complete The Hour of Hope - Hard Mode,Hoàn thành The Hour of Hope - Chế độ Khó,C?n ti?ng Anh nghi v?n: Hope; Hour; of | S? t?/c?m nghi v?n: 3 | T? l? nghi v?n: 0.75 | M?c ??: 16.5
Complete Phantom of the Beyond - Hard Mode,Hoàn thành Phantom of the Beyond - Chế Độ Khó,C?n ti?ng Anh nghi v?n: Beyond; of; Phantom | S? t?/c?m nghi v?n: 3 | T? l? nghi v?n: 0.75 | M?c ??: 16.5
Deep Sea Survey VI,Deep Sea Survey VI,C?n ti?ng Anh nghi v?n: Deep; Sea; Survey | S? t?/c?m nghi v?n: 3 | T? l? nghi v?n: 0.75 | M?c ??: 16.5
Fabricatorium of the Deep,Fabricatorium of the Deep,C?n ti?ng Anh nghi v?n: Deep; Fabricatorium; of | S? t?/c?m nghi v?n: 3 | T? l? nghi v?n: 0.75 | M?c ??: 16.5
Prints of Plateaus VI,Prints of Plateaus VI,C?n ti?ng Anh nghi v?n: of; Plateaus; Prints | S? t?/c?m nghi v?n: 3 | T? l? nghi v?n: 0.75 | M?c ??: 16.5
Capture the second frame,Capture the second frame,C?n ti?ng Anh nghi v?n: Capture; frame; second | S? t?/c?m nghi v?n: 3 | T? l? nghi v?n: 0.75 | M?c ??: 16.5
Capture the third frame,Capture the third frame,C?n ti?ng Anh nghi v?n: Capture; frame; third | S? t?/c?m nghi v?n: 3 | T? l? nghi v?n: 0.75 | M?c ??: 16.5
Fabricatorium of the Deep,Fabricatorium of the Deep,C?n ti?ng Anh nghi v?n: Deep; Fabricatorium; of | S? t?/c?m nghi v?n: 3 | T? l? nghi v?n: 0.75 | M?c ??: 16.5
Voyager of the World,Voyager of the World,C?n ti?ng Anh nghi v?n: of; Voyager; World | S? t?/c?m nghi v?n: 3 | T? l? nghi v?n: 0.75 | M?c ??: 16.5
"Obtain 5,000 Points in Alloy Smelt in total",Thu thập tổng cộng 5.000 Points Alloy Smelt,C?n ti?ng Anh nghi v?n: Alloy; Points; Smelt | S? t?/c?m nghi v?n: 3 | T? l? nghi v?n: 0.75 | M?c ??: 16.5
"Obtain 30,000 Points in Alloy Smelt in total",Tổng cộng thu thập 30.000 Points Alloy Smelt.,C?n ti?ng Anh nghi v?n: Alloy; Points; Smelt | S? t?/c?m nghi v?n: 3 | T? l? nghi v?n: 0.75 | M?c ??: 16.5
"Obtain 12,000 points in Fairy Tale's Finale",Đạt 12.000 điểm trong Fairy Tale's Finale.,C?n ti?ng Anh nghi v?n: Fairy; Finale; Tale's | S? t?/c?m nghi v?n: 3 | T? l? nghi v?n: 0.75 | M?c ??: 16.5
Lady of the Sea,Lady of the Sea,C?n ti?ng Anh nghi v?n: Lady; of; Sea | S? t?/c?m nghi v?n: 3 | T? l? nghi v?n: 0.75 | M?c ??: 16.5
Double Drop Chances Today:,Double Drop Chances Hôm nay:,C?n ti?ng Anh nghi v?n: Chances; Double; Drop | S? t?/c?m nghi v?n: 3 | T? l? nghi v?n: 0.75 | M?c ??: 16.5
Uncovering Past Heroes VI,Uncovering Past Heroes VI,C?n ti?ng Anh nghi v?n: Heroes; Past; Uncovering | S? t?/c?m nghi v?n: 3 | T? l? nghi v?n: 0.75 | M?c ??: 16.5
Traces of Tides VI,Traces of Tides VI,C?n ti?ng Anh nghi v?n: of; Tides; Traces | S? t?/c?m nghi v?n: 3 | T? l? nghi v?n: 0.75 | M?c ??: 16.5
Medium Tacet Field - Transmitter,Medium Tacet Field - Transmitter,C?n ti?ng Anh nghi v?n: Field; Medium; Transmitter | S? t?/c?m nghi v?n: 3 | T? l? nghi v?n: 0.75 | M?c ??: 16.5
Medium Tacet Field - Tacetite,Medium Tacet Field - Tacetite,C?n ti?ng Anh nghi v?n: Field; Medium; Tacetite | S? t?/c?m nghi v?n: 3 | T? l? nghi v?n: 0.75 | M?c ??: 16.5
Large Tacet Field (Abandoned),Large Tacet Field (Abandoned),C?n ti?ng Anh nghi v?n: Abandoned; Field; Large | S? t?/c?m nghi v?n: 3 | T? l? nghi v?n: 0.75 | M?c ??: 16.5
Lancet of the Sea,Lancet of the Sea,C?n ti?ng Anh nghi v?n: Lancet; of; Sea | S? t?/c?m nghi v?n: 3 | T? l? nghi v?n: 0.75 | M?c ??: 16.5
Sail Across the Sky,Sail Across the Sky,C?n ti?ng Anh nghi v?n: Across; Sail; Sky | S? t?/c?m nghi v?n: 3 | T? l? nghi v?n: 0.75 | M?c ??: 16.5
Sail Across the Sky,Sail Across the Sky,C?n ti?ng Anh nghi v?n: Across; Sail; Sky | S? t?/c?m nghi v?n: 3 | T? l? nghi v?n: 0.75 | M?c ??: 16.5
Sob in the Sea,Sob in the Sea,C?n ti?ng Anh nghi v?n: in; Sea; Sob | S? t?/c?m nghi v?n: 3 | T? l? nghi v?n: 0.75 | M?c ??: 16.5
Sob in the Sea,Sob in the Sea,C?n ti?ng Anh nghi v?n: in; Sea; Sob | S? t?/c?m nghi v?n: 3 | T? l? nghi v?n: 0.75 | M?c ??: 16.5
The Hermit of Legends,The Hermit of Legends,C?n ti?ng Anh nghi v?n: Hermit; Legends; of | S? t?/c?m nghi v?n: 3 | T? l? nghi v?n: 0.75 | M?c ??: 16.5
Sun Above the Tripod,Sun Above the Tripod,C?n ti?ng Anh nghi v?n: Above; Sun; Tripod | S? t?/c?m nghi v?n: 3 | T? l? nghi v?n: 0.75 | M?c ??: 16.5
Prophecy of the Endtimes,Prophecy of the Endtimes,C?n ti?ng Anh nghi v?n: Endtimes; of; Prophecy | S? t?/c?m nghi v?n: 3 | T? l? nghi v?n: 0.75 | M?c ??: 16.5
Averardo Vault: Echo Station,Averardo Vault: Echo Station,C?n ti?ng Anh nghi v?n: Averardo; Station; Vault | S? t?/c?m nghi v?n: 3 | T? l? nghi v?n: 0.75 | M?c ??: 16.5
Averardo Vault: Echo Depository,Averardo Vault: Echo Depository,C?n ti?ng Anh nghi v?n: Averardo; Depository; Vault | S? t?/c?m nghi v?n: 3 | T? l? nghi v?n: 0.75 | M?c ??: 16.5
Realm of Ego: Mirrors in the Mirror,Cõi Bản Ngã: Mirrors in the Mirror,C?n ti?ng Anh nghi v?n: in; Mirror; Mirrors | S? t?/c?m nghi v?n: 3 | T? l? nghi v?n: 0.75 | M?c ??: 16.5
Rage Against the Statue,Rage Against the Statue,C?n ti?ng Anh nghi v?n: Against; Rage; Statue | S? t?/c?m nghi v?n: 3 | T? l? nghi v?n: 0.75 | M?c ??: 16.5
Lady of the Sea,Lady of the Sea,C?n ti?ng Anh nghi v?n: Lady; of; Sea | S? t?/c?m nghi v?n: 3 | T? l? nghi v?n: 0.75 | M?c ??: 16.5
Rocksteady Guardian-Discoverd placeholder,Rocksteady Guardian-Discovered placeholder,C?n ti?ng Anh nghi v?n: Guardian; placeholder; Rocksteady | S? t?/c?m nghi v?n: 3 | T? l? nghi v?n: 0.75 | M?c ??: 16.5
Septimont Sonance Casket Collector,Septimont Sonance Casket Collector,C?n ti?ng Anh nghi v?n: Casket; Collector; Sonance | S? t?/c?m nghi v?n: 3 | T? l? nghi v?n: 0.75 | M?c ??: 16.5
Echo Character-Stonewall bracer,Echo Character-Stonewall bracer,C?n ti?ng Anh nghi v?n: bracer; Character; Stonewall | S? t?/c?m nghi v?n: 3 | T? l? nghi v?n: 0.75 | M?c ??: 16.5
Rinascita Sonance Casket Collector,Rinascita Sonance Casket Collector,C?n ti?ng Anh nghi v?n: Casket; Collector; Sonance | S? t?/c?m nghi v?n: 3 | T? l? nghi v?n: 0.75 | M?c ??: 16.5
Mimic in the Chest,Mimic in the Chest,C?n ti?ng Anh nghi v?n: Chest; in; Mimic | S? t?/c?m nghi v?n: 3 | T? l? nghi v?n: 0.75 | M?c ??: 16.5
Mimic in the Chest,Mimic in the Chest,C?n ti?ng Anh nghi v?n: Chest; in; Mimic | S? t?/c?m nghi v?n: 3 | T? l? nghi v?n: 0.75 | M?c ??: 16.5
Reached the Production Limit,Reached the Production Limit,C?n ti?ng Anh nghi v?n: Limit; Production; Reached | S? t?/c?m nghi v?n: 3 | T? l? nghi v?n: 0.75 | M?c ??: 16.5
Complete 1 Floor in Tower of Adversity,Hoàn thành 1 tầng trong Tower of Adversity,C?n ti?ng Anh nghi v?n: Adversity; of; Tower | S? t?/c?m nghi v?n: 3 | T? l? nghi v?n: 0.75 | M?c ??: 16.5
Co-op with users of PlayStation™Network only,Chơi Co-op chỉ với người dùng PlayStation™Network,C?n ti?ng Anh nghi v?n: Network; op; PlayStation | S? t?/c?m nghi v?n: 3 | T? l? nghi v?n: 0.75 | M?c ??: 16.5
Co-op Teammate VFX,Co-op Teammate VFX,C?n ti?ng Anh nghi v?n: op; Teammate; VFX | S? t?/c?m nghi v?n: 3 | T? l? nghi v?n: 0.75 | M?c ??: 16.5
What's in the Box,What's in the Box,C?n ti?ng Anh nghi v?n: Box; in; What's | S? t?/c?m nghi v?n: 3 | T? l? nghi v?n: 0.75 | M?c ??: 16.5
Hymn of the Deep,Hymn of the Deep,C?n ti?ng Anh nghi v?n: Deep; Hymn; of | S? t?/c?m nghi v?n: 3 | T? l? nghi v?n: 0.75 | M?c ??: 16.5
Xiangli Yao - Original Outfit,Xiangli Yao - Original Trang phục,C?n ti?ng Anh nghi v?n: Original; Xiangli; Yao | S? t?/c?m nghi v?n: 3 | T? l? nghi v?n: 0.75 | M?c ??: 16.5
Memories of the Stars,Memories of the Stars,C?n ti?ng Anh nghi v?n: Memories; of; Stars | S? t?/c?m nghi v?n: 3 | T? l? nghi v?n: 0.75 | M?c ??: 16.5
Surpass 1st on the Leaderboard,Surpass 1st on the Leaderboard,C?n ti?ng Anh nghi v?n: Leaderboard; on; Surpass | S? t?/c?m nghi v?n: 3 | T? l? nghi v?n: 0.75 | M?c ??: 16.5
Surpass 2nd on the Leaderboard,Surpass 2nd on the Leaderboard,C?n ti?ng Anh nghi v?n: Leaderboard; on; Surpass | S? t?/c?m nghi v?n: 3 | T? l? nghi v?n: 0.75 | M?c ??: 16.5
Surpass 3rd on the Leaderboard,Surpass 3rd on the Leaderboard,C?n ti?ng Anh nghi v?n: Leaderboard; on; Surpass | S? t?/c?m nghi v?n: 3 | T? l? nghi v?n: 0.75 | M?c ??: 16.5
Echoes of Silver Spring,Echoes of Silver Spring,C?n ti?ng Anh nghi v?n: of; Silver; Spring | S? t?/c?m nghi v?n: 3 | T? l? nghi v?n: 0.75 | M?c ??: 16.5
Luuk Herssen - Original Outfit,Luuk Herssen - Original Trang phục,C?n ti?ng Anh nghi v?n: Herssen; Luuk; Original | S? t?/c?m nghi v?n: 3 | T? l? nghi v?n: 0.75 | M?c ??: 16.5
Girls at the Celebration,Girls at the Celebration,C?n ti?ng Anh nghi v?n: at; Celebration; Girls | S? t?/c?m nghi v?n: 3 | T? l? nghi v?n: 0.75 | M?c ??: 16.5
Completed - I'll Show You the Mech,Đã hoàn thành - I'll Show Bạn the Mech,C?n ti?ng Anh nghi v?n: I'll; Mech; Show | S? t?/c?m nghi v?n: 3 | T? l? nghi v?n: 0.75 | M?c ??: 16.5
Completed - The Heartbeat of Life,Đã hoàn thành - The Heartbeat of Life,C?n ti?ng Anh nghi v?n: Heartbeat; Life; of | S? t?/c?m nghi v?n: 3 | T? l? nghi v?n: 0.75 | M?c ??: 16.5
Completed - The Moored Boat,Completed - The Moored Boat,C?n ti?ng Anh nghi v?n: Boat; Completed; Moored | S? t?/c?m nghi v?n: 3 | T? l? nghi v?n: 0.75 | M?c ??: 16.5
Completed - The Happiness Spell,Completed - The Happiness Spell,C?n ti?ng Anh nghi v?n: Completed; Happiness; Spell | S? t?/c?m nghi v?n: 3 | T? l? nghi v?n: 0.75 | M?c ??: 16.5
Fabricatorium of the Deep,Fabricatorium of the Deep,C?n ti?ng Anh nghi v?n: Deep; Fabricatorium; of | S? t?/c?m nghi v?n: 3 | T? l? nghi v?n: 0.75 | M?c ??: 16.5
Goal 2: Take less than 8 laser hits from Hocus Pocus,Mục tiêu 2: Nhận ít hơn 8 lần trúng tia laser từ Hocus Pocus,C?n ti?ng Anh nghi v?n: Hocus; laser; Pocus | S? t?/c?m nghi v?n: 3 | T? l? nghi v?n: 0.75 | M?c ??: 16.5
Lady of the Sea,Lady of the Sea,C?n ti?ng Anh nghi v?n: Lady; of; Sea | S? t?/c?m nghi v?n: 3 | T? l? nghi v?n: 0.75 | M?c ??: 16.5
Flames in the Deep,Flames in the Deep,C?n ti?ng Anh nghi v?n: Deep; Flames; in | S? t?/c?m nghi v?n: 3 | T? l? nghi v?n: 0.75 | M?c ??: 16.5
Defeat the Kerasaur sealed on the Titanbone Expanse,Đánh bại Kerasaur bị phong ấn tại Titanbone Expanse,C?n ti?ng Anh nghi v?n: Expanse; Kerasaur; Titanbone | S? t?/c?m nghi v?n: 3 | T? l? nghi v?n: 0.75 | M?c ??: 16.5
Shards of the Beyond,Shards of the Beyond,C?n ti?ng Anh nghi v?n: Beyond; of; Shards | S? t?/c?m nghi v?n: 3 | T? l? nghi v?n: 0.75 | M?c ??: 16.5
An Acolyte's Diary from the Avenolium Theological Seminary,Nhật Ký Tu Sĩ của Avenolium Theological Seminary,C?n ti?ng Anh nghi v?n: Avenolium; Seminary; Theological | S? t?/c?m nghi v?n: 3 | T? l? nghi v?n: 0.75 | M?c ??: 16.5
Fabricatorium of the Deep Summary Report (Extract),Báo Cáo Tóm Tắt Fabricatorium of the Deep (Trích Yếu),C?n ti?ng Anh nghi v?n: Deep; Fabricatorium; of | S? t?/c?m nghi v?n: 3 | T? l? nghi v?n: 0.75 | M?c ??: 16.5
Void Storm Zone VI,Void Storm Zone VI,C?n ti?ng Anh nghi v?n: Storm; Void; Zone | S? t?/c?m nghi v?n: 3 | T? l? nghi v?n: 0.75 | M?c ??: 16.5
Orbit Valley Pass - South,Orbit Valley Pass - Nam,C?n ti?ng Anh nghi v?n: Orbit; Pass; Valley | S? t?/c?m nghi v?n: 3 | T? l? nghi v?n: 0.75 | M?c ??: 16.5
Treasure Spot: Lahai-Roi,Treasure Spot: Lahai-Roi,C?n ti?ng Anh nghi v?n: Lahai; Spot; Treasure | S? t?/c?m nghi v?n: 3 | T? l? nghi v?n: 0.75 | M?c ??: 16.5
Doubled Pawns Matrix: Pilot,Doubled Pawns Matrix: Phi Công,C?n ti?ng Anh nghi v?n: Doubled; Matrix; Pawns | S? t?/c?m nghi v?n: 3 | T? l? nghi v?n: 0.75 | M?c ??: 16.5
(Keep touching the keys),(Keep touching the keys),C?n ti?ng Anh nghi v?n: Keep; keys; touching | S? t?/c?m nghi v?n: 3 | T? l? nghi v?n: 0.75 | M?c ??: 16.5
(Keep touching the keys),(Keep touching the keys),C?n ti?ng Anh nghi v?n: Keep; keys; touching | S? t?/c?m nghi v?n: 3 | T? l? nghi v?n: 0.75 | M?c ??: 16.5
Allow me to introduce you to the winner of our team's Peaks of Prestige duel—,Hãy để tôi giới thiệu với bạn người chiến thắng trong trận đấu Peaks of Prestige của đội chúng tôi—,C?n ti?ng Anh nghi v?n: of; Peaks; Prestige | S? t?/c?m nghi v?n: 3 | T? l? nghi v?n: 0.75 | M?c ??: 16.5
I'd give anything to get near to the Sunstone and observe the Aurora Kronaclaw up close…,Tôi sẵn sàng đánh đổi bất cứ thứ gì để được đến gần Sunstone và tận mắt quan sát Aurora Kronaclaw…,C?n ti?ng Anh nghi v?n: Aurora; Kronaclaw; Sunstone | S? t?/c?m nghi v?n: 3 | T? l? nghi v?n: 0.75 | M?c ??: 16.5
Chuuuluuu… chu—%#…@lu… chululu…,Chuuuluuu… chu—%#…@lu… chululu…,C?n ti?ng Anh nghi v?n: chululu; Chuuuluuu; lu | S? t?/c?m nghi v?n: 3 | T? l? nghi v?n: 0.75 | M?c ??: 16.5
Welcome aboard the SkkkyyyyArrrrrrk—,Welcome aboard the SkkkyyyyArrrrrrk—,C?n ti?ng Anh nghi v?n: aboard; SkkkyyyyArrrrrrk; Welcome | S? t?/c?m nghi v?n: 3 | T? l? nghi v?n: 0.75 | M?c ??: 16.5
Haven of Sprouts Access Door,Cửa ra vào Haven of Sprouts,C?n ti?ng Anh nghi v?n: Haven; of; Sprouts | S? t?/c?m nghi v?n: 3 | T? l? nghi v?n: 0.75 | M?c ??: 16.5
KU-Roro the Pot,KU-Roro the Pot,C?n ti?ng Anh nghi v?n: KU; Pot; Roro | S? t?/c?m nghi v?n: 3 | T? l? nghi v?n: 0.75 | M?c ??: 16.5
Enter the Second Coming of Solaris,Vào Second Coming of Solaris,C?n ti?ng Anh nghi v?n: Coming; of; Second | S? t?/c?m nghi v?n: 3 | T? l? nghi v?n: 0.75 | M?c ??: 16.5
Septimont Patro Unit Platform,Septimont Patro Unit Platform,C?n ti?ng Anh nghi v?n: Patro; Platform; Unit | S? t?/c?m nghi v?n: 3 | T? l? nghi v?n: 0.75 | M?c ??: 16.5
Haven of Sprouts Access Door,Cửa ra vào Haven of Sprouts,C?n ti?ng Anh nghi v?n: Haven; of; Sprouts | S? t?/c?m nghi v?n: 3 | T? l? nghi v?n: 0.75 | M?c ??: 16.5
The Great Agon Schedule,The Great Agon Schedule,C?n ti?ng Anh nghi v?n: Agon; Great; Schedule | S? t?/c?m nghi v?n: 3 | T? l? nghi v?n: 0.75 | M?c ??: 16.5
Lahai-Roi Blocks: Infinite,Lahai-Roi Blocks: Infinite,C?n ti?ng Anh nghi v?n: Blocks; Infinite; Lahai | S? t?/c?m nghi v?n: 3 | T? l? nghi v?n: 0.75 | M?c ??: 16.5
The Great Beauty Yoyo,The Great Beauty Yoyo,C?n ti?ng Anh nghi v?n: Beauty; Great; Yoyo | S? t?/c?m nghi v?n: 3 | T? l? nghi v?n: 0.75 | M?c ??: 16.5
KU-Roro the Firearm,KU-Roro the Firearm,C?n ti?ng Anh nghi v?n: Firearm; KU; Roro | S? t?/c?m nghi v?n: 3 | T? l? nghi v?n: 0.75 | M?c ??: 16.5
Paradimensional Tacet Field Entrance,Paradimensional Tacet Field Entrance,C?n ti?ng Anh nghi v?n: Entrance; Field; Paradimensional | S? t?/c?m nghi v?n: 3 | T? l? nghi v?n: 0.75 | M?c ??: 16.5
Enter Heart of the Crownless,Vào Heart of the Crownless,C?n ti?ng Anh nghi v?n: Crownless; Heart; of | S? t?/c?m nghi v?n: 3 | T? l? nghi v?n: 0.75 | M?c ??: 16.5
"Talos: ""The Peace Keeper""","Talos: ""The Peace Keeper""",C?n ti?ng Anh nghi v?n: Keeper; Peace; Talos | S? t?/c?m nghi v?n: 3 | T? l? nghi v?n: 0.75 | M?c ??: 16.5
Play Lahai-Roi Blocks,Play Lahai-Roi Blocks,C?n ti?ng Anh nghi v?n: Blocks; Lahai; Play | S? t?/c?m nghi v?n: 3 | T? l? nghi v?n: 0.75 | M?c ??: 16.5
Enter Heart of the Crownless,Vào Heart of the Crownless,C?n ti?ng Anh nghi v?n: Crownless; Heart; of | S? t?/c?m nghi v?n: 3 | T? l? nghi v?n: 0.75 | M?c ??: 16.5
Gray Ear the Rabbit,Gray Ear the Rabbit,C?n ti?ng Anh nghi v?n: Ear; Gray; Rabbit | S? t?/c?m nghi v?n: 3 | T? l? nghi v?n: 0.75 | M?c ??: 16.5
KU-Roro the Welder,KU-Roro the Welder,C?n ti?ng Anh nghi v?n: KU; Roro; Welder | S? t?/c?m nghi v?n: 3 | T? l? nghi v?n: 0.75 | M?c ??: 16.5
Shadow of the Past,Shadow of the Past,C?n ti?ng Anh nghi v?n: of; Past; Shadow | S? t?/c?m nghi v?n: 3 | T? l? nghi v?n: 0.75 | M?c ??: 16.5
Dragon of the Forlorn,Dragon of the Forlorn,C?n ti?ng Anh nghi v?n: Dragon; Forlorn; of | S? t?/c?m nghi v?n: 3 | T? l? nghi v?n: 0.75 | M?c ??: 16.5
Whining Aix's Mire mainstory water level rising and lowering,Whining Aix's Mire - Mực Nước Chính Câu Chuyện Dâng Cao Và Hạ Thấp,C?n ti?ng Anh nghi v?n: Aix's; Mire; Whining | S? t?/c?m nghi v?n: 3 | T? l? nghi v?n: 0.75 | M?c ??: 16.5
Voidwing Moth - Mechanism Echo,Voidwing Moth - Mechanism Echo,C?n ti?ng Anh nghi v?n: Mechanism; Moth; Voidwing | S? t?/c?m nghi v?n: 3 | T? l? nghi v?n: 0.75 | M?c ??: 16.5
The Unknown Wine List,The Unknown Wine List,C?n ti?ng Anh nghi v?n: List; Unknown; Wine | S? t?/c?m nghi v?n: 3 | T? l? nghi v?n: 0.75 | M?c ??: 16.5
Tacet Field: Tacetite Bloom,Tacet Field: Tacetite Bloom,C?n ti?ng Anh nghi v?n: Bloom; Field; Tacetite | S? t?/c?m nghi v?n: 3 | T? l? nghi v?n: 0.75 | M?c ??: 16.5
Echo Challenge: Clang Bang I,Thử Thách Echo: Clang Bang I,C?n ti?ng Anh nghi v?n: Bang; Clang; I | S? t?/c?m nghi v?n: 3 | T? l? nghi v?n: 0.75 | M?c ??: 16.5
Echo Challenge: Clang Bang II,Thử Thách Echo: Clang Bang II,C?n ti?ng Anh nghi v?n: Bang; Clang; II | S? t?/c?m nghi v?n: 3 | T? l? nghi v?n: 0.75 | M?c ??: 16.5
Tethys Terminal: Cleansing Corruption,Tethys Terminal: Cleansing Corruption,C?n ti?ng Anh nghi v?n: Cleansing; Corruption; Tethys | S? t?/c?m nghi v?n: 3 | T? l? nghi v?n: 0.75 | M?c ??: 16.5
Tethys Terminal: Cleansing Corruption,Tethys Terminal: Cleansing Corruption,C?n ti?ng Anh nghi v?n: Cleansing; Corruption; Tethys | S? t?/c?m nghi v?n: 3 | T? l? nghi v?n: 0.75 | M?c ??: 16.5
Beacon of the Past,Beacon of the Past,C?n ti?ng Anh nghi v?n: Beacon; of; Past | S? t?/c?m nghi v?n: 3 | T? l? nghi v?n: 0.75 | M?c ??: 16.5
Dream Patrol: Plushie Echoes,Dream Patrol: Plushie Echoes,C?n ti?ng Anh nghi v?n: Dream; Patrol; Plushie | S? t?/c?m nghi v?n: 3 | T? l? nghi v?n: 0.75 | M?c ??: 16.5
Clearance Command: Echo Train,Clearance Command: Echo Train,C?n ti?ng Anh nghi v?n: Clearance; Command; Train | S? t?/c?m nghi v?n: 3 | T? l? nghi v?n: 0.75 | M?c ??: 16.5
Clearance Command: Echo Control,Clearance Command: Echo Control,C?n ti?ng Anh nghi v?n: Clearance; Command; Control | S? t?/c?m nghi v?n: 3 | T? l? nghi v?n: 0.75 | M?c ??: 16.5
Doubled Pawns Matrix: Pilot,Doubled Pawns Matrix: Phi Công,C?n ti?ng Anh nghi v?n: Doubled; Matrix; Pawns | S? t?/c?m nghi v?n: 3 | T? l? nghi v?n: 0.75 | M?c ??: 16.5
Stars of the Solisylum,Stars of the Solisylum,C?n ti?ng Anh nghi v?n: of; Solisylum; Stars | S? t?/c?m nghi v?n: 3 | T? l? nghi v?n: 0.75 | M?c ??: 16.5
Doubled Pawns Matrix: Pilot,Doubled Pawns Matrix: Phi Công,C?n ti?ng Anh nghi v?n: Doubled; Matrix; Pawns | S? t?/c?m nghi v?n: 3 | T? l? nghi v?n: 0.75 | M?c ??: 16.5
Veins of the Frostlands,Veins of the Frostlands,C?n ti?ng Anh nghi v?n: Frostlands; of; Veins | S? t?/c?m nghi v?n: 3 | T? l? nghi v?n: 0.75 | M?c ??: 16.5
Nameless Explorer - The Reckoning of Stars,Nhà Thám Hiểm Vô Danh - Reckoning of Stars,C?n ti?ng Anh nghi v?n: of; Reckoning; Stars | S? t?/c?m nghi v?n: 3 | T? l? nghi v?n: 0.75 | M?c ??: 16.5
Lahai-Roi Blocks: Infinite,Lahai-Roi Blocks: Infinite,C?n ti?ng Anh nghi v?n: Blocks; Infinite; Lahai | S? t?/c?m nghi v?n: 3 | T? l? nghi v?n: 0.75 | M?c ??: 16.5
Lahai-Roi Blocks: Infinite,Lahai-Roi Blocks: Infinite,C?n ti?ng Anh nghi v?n: Blocks; Infinite; Lahai | S? t?/c?m nghi v?n: 3 | T? l? nghi v?n: 0.75 | M?c ??: 16.5
Reunion of All the Fallen,Reunion of Tất cả the Fallen,C?n ti?ng Anh nghi v?n: Fallen; of; Reunion | S? t?/c?m nghi v?n: 3 | T? l? nghi v?n: 0.75 | M?c ??: 16.5
Reaction Amplification Coefficient VI,Reaction Amplification Coefficient VI,C?n ti?ng Anh nghi v?n: Amplification; Coefficient; Reaction | S? t?/c?m nghi v?n: 3 | T? l? nghi v?n: 0.75 | M?c ??: 16.5
Reaction Amplification Coefficient VI,Reaction Amplification Coefficient VI,C?n ti?ng Anh nghi v?n: Amplification; Coefficient; Reaction | S? t?/c?m nghi v?n: 3 | T? l? nghi v?n: 0.75 | M?c ??: 16.5
Forte Gauge I Limit,Forte Gauge I Limit,C?n ti?ng Anh nghi v?n: Gauge; I; Limit | S? t?/c?m nghi v?n: 3 | T? l? nghi v?n: 0.75 | M?c ??: 16.5
Forte Gauge II Limit,Forte Gauge II Limit,C?n ti?ng Anh nghi v?n: Gauge; II; Limit | S? t?/c?m nghi v?n: 3 | T? l? nghi v?n: 0.75 | M?c ??: 16.5
Forte Gauge III Limit,Forte Gauge III Limit,C?n ti?ng Anh nghi v?n: Gauge; III; Limit | S? t?/c?m nghi v?n: 3 | T? l? nghi v?n: 0.75 | M?c ??: 16.5
Forte Gauge IV Limit,Forte Gauge IV Limit,C?n ti?ng Anh nghi v?n: Gauge; IV; Limit | S? t?/c?m nghi v?n: 3 | T? l? nghi v?n: 0.75 | M?c ??: 16.5
"Seven Stars Shine, 
Stepped upon High","Seven Stars Shine, 
Dưới Bước Chân Cao Vời",C?n ti?ng Anh nghi v?n: Seven; Shine; Stars | S? t?/c?m nghi v?n: 3 | T? l? nghi v?n: 0.75 | M?c ??: 16.5
Call of the Abyss,Call of the Abyss,C?n ti?ng Anh nghi v?n: Abyss; Call; of | S? t?/c?m nghi v?n: 3 | T? l? nghi v?n: 0.75 | M?c ??: 16.5
Unique Effect: Triggering Counterattack Amplifies all DMG and additionally reduces the target's Vibration Strength.,Hiệu ứng Đặc biệt: Kích hoạt Counterattack sẽ khuếch đại toàn bộ DMG và giảm thêm Vibration Strength của mục tiêu.,C?n ti?ng Anh nghi v?n: Counterattack; Strength; Vibration | S? t?/c?m nghi v?n: 3 | T? l? nghi v?n: 0.75 | M?c ??: 16.5
Unique Effect: Triggering Counterattack Amplifies all DMG and additionally reduces the target's Vibration Strength.,Hiệu ứng Đặc biệt: Kích hoạt Counterattack sẽ khuếch đại toàn bộ DMG và giảm thêm Vibration Strength của mục tiêu.,C?n ti?ng Anh nghi v?n: Counterattack; Strength; Vibration | S? t?/c?m nghi v?n: 3 | T? l? nghi v?n: 0.75 | M?c ??: 16.5
Endnotes on the Endgame,Endnotes on the Endgame,C?n ti?ng Anh nghi v?n: Endgame; Endnotes; on | S? t?/c?m nghi v?n: 3 | T? l? nghi v?n: 0.75 | M?c ??: 16.5
