en_source,vn_translate,loi_du_doan
Even if you don't... the Primus will be there... You'll never get the Gem...,Dù cậu có không làm gì... Primus vẫn sẽ ở đó... Cậu sẽ chẳng bao giờ lấy được Viên Ngọc đâu...,C?n ti?ng Anh nghi v?n: Primus | S? t?/c?m nghi v?n: 1 | T? l? nghi v?n: 0.5 | M?c ??: 8.0
"Spare me the commentary. Fenrico wants the Gem, and I intend to stop him. That's all that matters. Now, lead the way.","Đừng nói thêm nữa. Fenrico muốn lấy Viên Ngọc, và ta sẽ ngăn hắn. Chỉ thế thôi. Dẫn đường đi.",C?n ti?ng Anh nghi v?n: Fenrico | S? t?/c?m nghi v?n: 1 | T? l? nghi v?n: 0.5 | M?c ??: 8.0
The frequencies of these Order Echoes feel unnatural.,Tần số của những Order Echoes này có gì đó bất thường.,C?n ti?ng Anh nghi v?n: Order | S? t?/c?m nghi v?n: 1 | T? l? nghi v?n: 0.5 | M?c ??: 8.0
It is where the Order of the Deep crafts Common Echoes.,Đó là nơi Hội Deep chế tác những Echo Thông Thường.,C?n ti?ng Anh nghi v?n: Deep | S? t?/c?m nghi v?n: 1 | T? l? nghi v?n: 0.5 | M?c ??: 8.0
<te href=851022>Echo Brooders</te>.,<te href=851022>Echo Brooders</te>.,C?n ti?ng Anh nghi v?n: Brooders | S? t?/c?m nghi v?n: 1 | T? l? nghi v?n: 0.5 | M?c ??: 8.0
"Phrolova, you're back.","Phrolova, con đã về.",C?n ti?ng Anh nghi v?n: Phrolova | S? t?/c?m nghi v?n: 1 | T? l? nghi v?n: 0.5 | M?c ??: 8.0
"Oh, not this nonsense again, Triss! Come on, dinner's ready!","Ôi, lại cái trò vớ vẩn này nữa hả Triss! Thôi nào, cơm nước xong hết rồi!",C?n ti?ng Anh nghi v?n: Triss | S? t?/c?m nghi v?n: 1 | T? l? nghi v?n: 0.5 | M?c ??: 8.0
"Phrolova, it's happening again...","Phrolova, lại xảy ra nữa rồi...",C?n ti?ng Anh nghi v?n: Phrolova | S? t?/c?m nghi v?n: 1 | T? l? nghi v?n: 0.5 | M?c ??: 8.0
(This feels a lot like what Cantarella described before.),Cảm giác này giống y như những gì Cantarella đã mô tả trước đây.,C?n ti?ng Anh nghi v?n: Cantarella | S? t?/c?m nghi v?n: 1 | T? l? nghi v?n: 0.5 | M?c ??: 8.0
The foundation of the Paradise is complete. It is time to purge those who have strayed.,Nền móng của Paradise đã hoàn thành. Đã đến lúc thanh tẩy những kẻ lạc lối.,C?n ti?ng Anh nghi v?n: Paradise | S? t?/c?m nghi v?n: 1 | T? l? nghi v?n: 0.5 | M?c ??: 8.0
Primus? Should I continue the recording?,Primus? Tôi có nên tiếp tục ghi hình không?,C?n ti?ng Anh nghi v?n: Primus | S? t?/c?m nghi v?n: 1 | T? l? nghi v?n: 0.5 | M?c ??: 8.0
It seems the chaos has seeped into every corner of the Fabricatorium…,Có vẻ như sự hỗn loạn đã lan tỏa khắp mọi ngóc ngách của Fabricatorium…,C?n ti?ng Anh nghi v?n: Fabricatorium | S? t?/c?m nghi v?n: 1 | T? l? nghi v?n: 0.5 | M?c ??: 8.0
Then we should be able to stabilize it through Orchestration.,Vậy thì chúng ta có thể ổn định nó bằng Orchestration.,C?n ti?ng Anh nghi v?n: Orchestration | S? t?/c?m nghi v?n: 1 | T? l? nghi v?n: 0.5 | M?c ??: 8.0
So all this chaos was caused by Fenrico disrupting the composition?,Vậy tất cả sự hỗn loạn này là do Fenrico phá vỡ bản nhạc à?,C?n ti?ng Anh nghi v?n: Fenrico | S? t?/c?m nghi v?n: 1 | T? l? nghi v?n: 0.5 | M?c ??: 8.0
I bet Fenrico never imagined these pipelines would end up making our lives easier.,Tôi cá là Fenrico cũng không ngờ những đường ống này lại giúp cuộc sống của chúng ta dễ dàng hơn thế.,C?n ti?ng Anh nghi v?n: Fenrico | S? t?/c?m nghi v?n: 1 | T? l? nghi v?n: 0.5 | M?c ??: 8.0
Fenrico wanted to keep this place under wraps. There may be more to it than meets the eye.,Fenrico muốn giữ bí mật về nơi này. Có lẽ còn nhiều điều hơn ta tưởng.,C?n ti?ng Anh nghi v?n: Fenrico | S? t?/c?m nghi v?n: 1 | T? l? nghi v?n: 0.5 | M?c ??: 8.0
"Echo interpreter Abby, you're up.","Abby, phiên dịch viên Echo, đến lượt cậu rồi.",C?n ti?ng Anh nghi v?n: Abby | S? t?/c?m nghi v?n: 1 | T? l? nghi v?n: 0.5 | M?c ??: 8.0
That's odd. Didn't know Wootters could become ghosts. Initiating interpreting mode…,Lạ thật. Không ngờ Wootters cũng có thể biến thành ma được. Khởi động chế độ giải mã…,C?n ti?ng Anh nghi v?n: Wootters | S? t?/c?m nghi v?n: 1 | T? l? nghi v?n: 0.5 | M?c ??: 8.0
Yes. The shrines let Wootters stay. In this way.,Đúng. Những ngôi đền cho phép Wootters ở lại. Bằng cách này.,C?n ti?ng Anh nghi v?n: Wootters | S? t?/c?m nghi v?n: 1 | T? l? nghi v?n: 0.5 | M?c ??: 8.0
This is my first request from Wootters.,Đây là yêu cầu đầu tiên của ta từ Wootters.,C?n ti?ng Anh nghi v?n: Wootters | S? t?/c?m nghi v?n: 1 | T? l? nghi v?n: 0.5 | M?c ??: 8.0
"Is it… Wootter friends' party? The last one is not long ago, ta?","Có phải... tiệc của hội Wootter không? Lần trước mới diễn ra cách đây không lâu mà, phải không?",C?n ti?ng Anh nghi v?n: Wootter | S? t?/c?m nghi v?n: 1 | T? l? nghi v?n: 0.5 | M?c ??: 8.0
It's okay. Woona knows best. Me will ask her about him at the party.,Không sao. Woona biết rõ nhất mà. Tớ sẽ hỏi cô ấy về cậu ấy ở bữa tiệc.,C?n ti?ng Anh nghi v?n: Woona | S? t?/c?m nghi v?n: 1 | T? l? nghi v?n: 0.5 | M?c ??: 8.0
The Wootter slowly fades away in front of you.,Wootter từ từ tan biến trước mắt cậu.,C?n ti?ng Anh nghi v?n: Wootter | S? t?/c?m nghi v?n: 1 | T? l? nghi v?n: 0.5 | M?c ??: 8.0
"You've kept me waiting so long, Acis.","Acis, cậu để ta đợi lâu quá rồi đấy.",C?n ti?ng Anh nghi v?n: Acis | S? t?/c?m nghi v?n: 1 | T? l? nghi v?n: 0.5 | M?c ??: 8.0
"I'm back, Misha.","Ta về rồi, Misha.",C?n ti?ng Anh nghi v?n: Misha | S? t?/c?m nghi v?n: 1 | T? l? nghi v?n: 0.5 | M?c ??: 8.0
(You hand over the necklaces and photos to Ina.),Bạn đưa những chiếc vòng cổ và bức ảnh cho Ina.,C?n ti?ng Anh nghi v?n: Ina | S? t?/c?m nghi v?n: 1 | T? l? nghi v?n: 0.5 | M?c ??: 8.0
Why did he choose to be a Gladiator at all?,Sao hắn lại chọn trở thành một Gladiator chứ?,C?n ti?ng Anh nghi v?n: Gladiator | S? t?/c?m nghi v?n: 1 | T? l? nghi v?n: 0.5 | M?c ??: 8.0
It is. Misery followed Acis all the way to the end.,Đúng vậy. Nỗi thống khổ đã theo chân Acis đến tận cuối cùng.,C?n ti?ng Anh nghi v?n: Acis | S? t?/c?m nghi v?n: 1 | T? l? nghi v?n: 0.5 | M?c ??: 8.0
So Acis had an unfulfilled wish too?,Vậy Acis cũng có một ước nguyện chưa thành sao?,C?n ti?ng Anh nghi v?n: Acis | S? t?/c?m nghi v?n: 1 | T? l? nghi v?n: 0.5 | M?c ??: 8.0
"…Sorry, Acis, for leaving you to face this mission alone.","…Xin lỗi, Acis, vì đã để cậu một mình đối mặt với nhiệm vụ này.",C?n ti?ng Anh nghi v?n: Acis | S? t?/c?m nghi v?n: 1 | T? l? nghi v?n: 0.5 | M?c ??: 8.0
I'm so sorry. Acis and I only found your weapons...,Xin lỗi cậu... Tớ với Acis chỉ tìm thấy vũ khí của cậu thôi...,C?n ti?ng Anh nghi v?n: Acis | S? t?/c?m nghi v?n: 1 | T? l? nghi v?n: 0.5 | M?c ??: 8.0
"Ever since you became a Gladiator, you've come home covered in bruises every single day. Look at the spot I patched up last time… You've hurt it again!","Từ ngày con trở thành Gladiator, ngày nào về nhà cũng đầy vết bầm. Nhìn chỗ mẹ vá lần trước này... lại bị thương nữa rồi!",C?n ti?ng Anh nghi v?n: Gladiator | S? t?/c?m nghi v?n: 1 | T? l? nghi v?n: 0.5 | M?c ??: 8.0
"I don't know all the details. But try to stay in camp if you can, Misha.","Tôi không biết hết chi tiết đâu. Nhưng nếu có thể, hãy ở lại trại nhé, Misha.",C?n ti?ng Anh nghi v?n: Misha | S? t?/c?m nghi v?n: 1 | T? l? nghi v?n: 0.5 | M?c ??: 8.0
"Watch your tongue, Kamron! Show some respect, or you'll disgrace your mentor!","Kín mồm lại, Kamron! Hãy tỏ ra tôn trọng, nếu không ngươi sẽ làm nhục sư phụ của mình!",C?n ti?ng Anh nghi v?n: Kamron | S? t?/c?m nghi v?n: 1 | T? l? nghi v?n: 0.5 | M?c ??: 8.0
I could even help deal with that Corrosaurus.,Tôi thậm chí có thể giúp xử lý con Corrosaurus đó.,C?n ti?ng Anh nghi v?n: Corrosaurus | S? t?/c?m nghi v?n: 1 | T? l? nghi v?n: 0.5 | M?c ??: 8.0
An illusive realm that often appears after the High Tide. Some say it's a fragment of a certain type of Sonoro.,Một cõi hư ảo thường xuất hiện sau Đại Triều. Có người nói đó là mảnh vỡ của một loại Sonoro nào đó.,C?n ti?ng Anh nghi v?n: Sonoro | S? t?/c?m nghi v?n: 1 | T? l? nghi v?n: 0.5 | M?c ??: 8.0
Ha... I...,Ha... Ta...,C?n ti?ng Anh nghi v?n: Ha | S? t?/c?m nghi v?n: 1 | T? l? nghi v?n: 0.5 | M?c ??: 8.0
"It belonged to Master Cato, Augusta's coach. He once wielded it against the Dark Tide creations here alone. Even now, his valorous frequency lingers on it.","Nó từng thuộc về Huấn luyện viên Cato của Augusta. Ông đã một mình sử dụng nó chống lại bọn Sóng Hắc Ám ở đây. Đến giờ, tần số dũng mãnh của ông vẫn còn vương vấn trên đó.",C?n ti?ng Anh nghi v?n: Cato | S? t?/c?m nghi v?n: 1 | T? l? nghi v?n: 0.5 | M?c ??: 8.0
"How long are you going to cling to this obsession, Aeolus?","Ngươi còn níu kéo cái ám ảnh này đến bao giờ nữa, Aeolus?",C?n ti?ng Anh nghi v?n: Aeolus | S? t?/c?m nghi v?n: 1 | T? l? nghi v?n: 0.5 | M?c ??: 8.0
"Just look at yourself. You're old, Aeolus. One swipe of that Kerasaur's tail could snap your bones in half.","Nhìn ông kìa, Aeolus. Ông già rồi. Một cái quất đuôi của Kerasaur thôi là gãy đôi người ông như chơi.",C?n ti?ng Anh nghi v?n: Aeolus | S? t?/c?m nghi v?n: 1 | T? l? nghi v?n: 0.5 | M?c ??: 8.0
"Who are Gren and his team, anyway?",Gren và đội của hắn rốt cuộc là ai?,C?n ti?ng Anh nghi v?n: Gren | S? t?/c?m nghi v?n: 1 | T? l? nghi v?n: 0.5 | M?c ??: 8.0
But what does this have to do with Aeolus?,Nhưng chuyện này liên quan gì đến Aeolus?,C?n ti?ng Anh nghi v?n: Aeolus | S? t?/c?m nghi v?n: 1 | T? l? nghi v?n: 0.5 | M?c ??: 8.0
"Hey, Champion! Thanks for convincing Aeolus to quit. It's time we headed out too.","Này, Quán quân! Cảm ơn đã thuyết phục Aeolus nghỉ việc. Đến lúc chúng ta cũng nên rời đi thôi.",C?n ti?ng Anh nghi v?n: Aeolus | S? t?/c?m nghi v?n: 1 | T? l? nghi v?n: 0.5 | M?c ??: 8.0
Augusta wouldn't let a warrior like you go to waste.,Augusta sẽ không để một chiến binh như cậu bị lãng phí đâu.,C?n ti?ng Anh nghi v?n: Augusta | S? t?/c?m nghi v?n: 1 | T? l? nghi v?n: 0.5 | M?c ??: 8.0
"Aeolus, you old fool... You think I'd find this funny?!","Aeolus, lão già ngốc nghếch... Lão tưởng ta thấy chuyện này buồn cười à?!",C?n ti?ng Anh nghi v?n: Aeolus | S? t?/c?m nghi v?n: 1 | T? l? nghi v?n: 0.5 | M?c ??: 8.0
Uncle Gren helped too. He's probably off slaying more Dark Tide creations. Been cursing nonstop.,Chú Ngạn cũng giúp đỡ nữa. Giờ chắc ông ấy lại đi tiêu diệt thêm mấy con quái Tide Hắc Ám rồi. Chửi thề suốt ngày ấy.,C?n ti?ng Anh nghi v?n: Tide | S? t?/c?m nghi v?n: 1 | T? l? nghi v?n: 0.5 | M?c ??: 8.0
"…You really are a mood killer, Rolla. Can't you tell I was trying to lighten the mood?","…Đúng là cậu chẳng biết chiều chuộng tí nào, Rolla. Không thấy ta đang cố gắng làm không khí bớt nặng nề à?",C?n ti?ng Anh nghi v?n: Rolla | S? t?/c?m nghi v?n: 1 | T? l? nghi v?n: 0.5 | M?c ??: 8.0
Seriously? And I thought that Lupa girl was already something. Now there's another one?,"Thật luôn à? Tưởng cô gái Lupa kia đã là đỉnh rồi, giờ lại còn một đứa nữa cơ à?",C?n ti?ng Anh nghi v?n: Lupa | S? t?/c?m nghi v?n: 1 | T? l? nghi v?n: 0.5 | M?c ??: 8.0
No kidding! Ask Aeolus!,Nói thật đấy! Hỏi Aeolus mà xem!,C?n ti?ng Anh nghi v?n: Aeolus | S? t?/c?m nghi v?n: 1 | T? l? nghi v?n: 0.5 | M?c ??: 8.0
"So, should I take this as your official acceptance to join our team, Aeolus?","Vậy, tôi có thể hiểu đây là lời đồng ý chính thức gia nhập đội của chúng tôi, Aeolus chứ?",C?n ti?ng Anh nghi v?n: Aeolus | S? t?/c?m nghi v?n: 1 | T? l? nghi v?n: 0.5 | M?c ??: 8.0
I'm going to deal with the Kerasaur. That's all.,Tớ sẽ giải quyết con Kerasaur thôi. Chỉ vậy thôi.,C?n ti?ng Anh nghi v?n: Kerasaur | S? t?/c?m nghi v?n: 1 | T? l? nghi v?n: 0.5 | M?c ??: 8.0
Then take Rolla with you. It's about time she fights one herself.,Vậy thì dẫn Rolla theo đi. Đến lúc cô ấy phải tự mình chiến đấu rồi.,C?n ti?ng Anh nghi v?n: Rolla | S? t?/c?m nghi v?n: 1 | T? l? nghi v?n: 0.5 | M?c ??: 8.0
"…Don't think this earns you my thanks, Gren.","…Đừng nghĩ chuyện này sẽ khiến ta cảm ơn ngươi đâu, Gren.",C?n ti?ng Anh nghi v?n: Gren | S? t?/c?m nghi v?n: 1 | T? l? nghi v?n: 0.5 | M?c ??: 8.0
I can take a Kerasaur with just one finger.,Tôi chỉ cần một ngón tay cũng đủ hạ gục Kerasaur.,C?n ti?ng Anh nghi v?n: Kerasaur | S? t?/c?m nghi v?n: 1 | T? l? nghi v?n: 0.5 | M?c ??: 8.0
I added the feather Chunkie left behind to the Hornett's tail.,Tớ đã gắn chiếc lông Chunkie để lại vào đuôi Hornett.,C?n ti?ng Anh nghi v?n: Chunkie | S? t?/c?m nghi v?n: 1 | T? l? nghi v?n: 0.5 | M?c ??: 8.0
That's what Chunkie would've wanted.,Đó là điều Chunkie mong muốn mà.,C?n ti?ng Anh nghi v?n: Chunkie | S? t?/c?m nghi v?n: 1 | T? l? nghi v?n: 0.5 | M?c ??: 8.0
"Teeny wheezes softly, clearly injured. But its wounds don't dampen its spirit. It looks ready to charge forward again.","Teeny thở hổn hển, rõ ràng là bị thương. Nhưng vết thương không làm nó nhụt chí. Nó vẫn sẵn sàng lao về phía trước.",C?n ti?ng Anh nghi v?n: Teeny | S? t?/c?m nghi v?n: 1 | T? l? nghi v?n: 0.5 | M?c ??: 8.0
The new Hornett sounds amazing! It really gets the blood pumping!,Cái Hornett mới nghe tuyệt quá! Nó khiến máu sôi lên đấy!,C?n ti?ng Anh nghi v?n: Hornett | S? t?/c?m nghi v?n: 1 | T? l? nghi v?n: 0.5 | M?c ??: 8.0
"Abby, Echo interpretation service, please.","Abby, dịch vụ phiên dịch tiếng Echo đây.",C?n ti?ng Anh nghi v?n: Abby | S? t?/c?m nghi v?n: 1 | T? l? nghi v?n: 0.5 | M?c ??: 8.0
The Wootter plucks some fur from its body and offers it to you.,Wootter nhổ một ít lông từ người mình và đưa cho cậu.,C?n ti?ng Anh nghi v?n: Wootter | S? t?/c?m nghi v?n: 1 | T? l? nghi v?n: 0.5 | M?c ??: 8.0
"Interpret that, please, Abby.","Giải thích giùm ta, Abby.",C?n ti?ng Anh nghi v?n: Abby | S? t?/c?m nghi v?n: 1 | T? l? nghi v?n: 0.5 | M?c ??: 8.0
Only Wootters and monsters here. No human children.,Chỉ toàn Wootters và quái vật ở đây. Không có trẻ con nào đâu.,C?n ti?ng Anh nghi v?n: Wootters | S? t?/c?m nghi v?n: 1 | T? l? nghi v?n: 0.5 | M?c ??: 8.0
"Thank you, woo! You a good human!","Cảm ơn cậu nha, woo! Cậu đúng là người tốt!",C?n ti?ng Anh nghi v?n: woo | S? t?/c?m nghi v?n: 1 | T? l? nghi v?n: 0.5 | M?c ??: 8.0
"Are you alright, Teeny?","Con ổn chứ, Teeny?",C?n ti?ng Anh nghi v?n: Teeny | S? t?/c?m nghi v?n: 1 | T? l? nghi v?n: 0.5 | M?c ??: 8.0
Chunkie... I'm sorry. I couldn't protect you from the Dark Tide... If only I'd been stronger...,Chunkie... Xin lỗi cậu. Tớ không thể bảo vệ cậu khỏi Hắc Triều... Giá như tớ mạnh mẽ hơn...,C?n ti?ng Anh nghi v?n: Chunkie | S? t?/c?m nghi v?n: 1 | T? l? nghi v?n: 0.5 | M?c ??: 8.0
"As if recalling the painful memoriees, Chunkie begins to thrash and roar in anguish.","Như thể nhớ lại những ký ức đau đớn, Chunkie bắt đầu vùng vẫy và gầm thét trong đau đớn.",C?n ti?ng Anh nghi v?n: Chunkie | S? t?/c?m nghi v?n: 1 | T? l? nghi v?n: 0.5 | M?c ??: 8.0
Holmleaf Medal?,Huy chương Holmleaf?,C?n ti?ng Anh nghi v?n: Holmleaf | S? t?/c?m nghi v?n: 1 | T? l? nghi v?n: 0.5 | M?c ??: 8.0
"Even ones with decent Resonance powers like Avidius, she eats for breakfast.","Ngay cả những Cộng Hưởng Giả có sức mạnh Tần số khá như Avidius, cô ấy cũng xử lý như ăn sáng thôi.",C?n ti?ng Anh nghi v?n: Avidius | S? t?/c?m nghi v?n: 1 | T? l? nghi v?n: 0.5 | M?c ??: 8.0
I'd better find Augusta.,Tốt nhất là ta nên tìm Augusta thôi.,C?n ti?ng Anh nghi v?n: Augusta | S? t?/c?m nghi v?n: 1 | T? l? nghi v?n: 0.5 | M?c ??: 8.0
"...A Corrosaurus that knows how to set a trap, waiting for its hunters to walk right into it... Heh. Quite an interesting opponent.","...Một con Corrosaurus mà biết đặt bẫy, chờ thợ săn tự dấn thân vào… Hừ. Đối thủ khá thú vị đấy.",C?n ti?ng Anh nghi v?n: Corrosaurus | S? t?/c?m nghi v?n: 1 | T? l? nghi v?n: 0.5 | M?c ??: 8.0
But knowing Augusta... I'm sure that fool would fight till the bitter end.,Nhưng biết Augusta mà... ta chắc chắn thằng ngốc đó sẽ chiến đấu đến hơi thở cuối cùng.,C?n ti?ng Anh nghi v?n: Augusta | S? t?/c?m nghi v?n: 1 | T? l? nghi v?n: 0.5 | M?c ??: 8.0
Augusta spoke of the great surge we are about to face.,Augusta nói về đợt sóng lớn mà chúng ta sắp phải đối mặt.,C?n ti?ng Anh nghi v?n: Augusta | S? t?/c?m nghi v?n: 1 | T? l? nghi v?n: 0.5 | M?c ??: 8.0
But then again... smooth sailing isn't always a good thing either. Too much harmony invites trouble. Tethys did pick up a strange frequency midway through the hunt.,Nhưng mà... thuận buồm xuôi gió chưa chắc đã là điều tốt. Hòa hợp quá mức lại dễ sinh rắc rối. Tethys đã bắt được một tần số lạ giữa cuộc săn đấy.,C?n ti?ng Anh nghi v?n: Tethys | S? t?/c?m nghi v?n: 1 | T? l? nghi v?n: 0.5 | M?c ??: 8.0
"A wise choice, Augusta...","Một lựa chọn khôn ngoan đấy, Augusta...",C?n ti?ng Anh nghi v?n: Augusta | S? t?/c?m nghi v?n: 1 | T? l? nghi v?n: 0.5 | M?c ??: 8.0
(Mention Augusta and Iuno's plan.),Nhắc đến kế hoạch của Augusta và Iuno đi.,C?n ti?ng Anh nghi v?n: Augusta | S? t?/c?m nghi v?n: 1 | T? l? nghi v?n: 0.5 | M?c ??: 8.0
It's most likely something to do with the <te href=750001>hunt</te>.,Chắc là có liên quan đến <te href=750001>hunt</te> này.,C?n ti?ng Anh nghi v?n: hunt | S? t?/c?m nghi v?n: 1 | T? l? nghi v?n: 0.5 | M?c ??: 8.0
"Tyrannos's whereabouts… Heh, Aquila must have its eyes on it now.",Vị trí của Tyrannos à… Giờ chắc Aquila đã để mắt tới rồi.,C?n ti?ng Anh nghi v?n: Aquila | S? t?/c?m nghi v?n: 1 | T? l? nghi v?n: 0.5 | M?c ??: 8.0
"Augusta, time to bring your party back to the Hunter's Den.","Augusta, đến lúc đưa bọn họ về Hang Thợ Săn rồi.",C?n ti?ng Anh nghi v?n: Augusta | S? t?/c?m nghi v?n: 1 | T? l? nghi v?n: 0.5 | M?c ??: 8.0
Ha. Look at those looks. I've seen them all before.,Ha. Nhìn bộ dạng đó đi. Ta đã thấy đủ rồi.,C?n ti?ng Anh nghi v?n: Ha | S? t?/c?m nghi v?n: 1 | T? l? nghi v?n: 0.5 | M?c ??: 8.0
Hehe. Don't let her unruly side fool you. She is as dependable as they come.,Hehe. Đừng để vẻ bướng bỉnh của cô ấy đánh lừa cậu nhé. Cô ấy đáng tin cậy lắm đấy.,C?n ti?ng Anh nghi v?n: Hehe | S? t?/c?m nghi v?n: 1 | T? l? nghi v?n: 0.5 | M?c ??: 8.0
A Corrosaurus.,Một con Corrosaurus.,C?n ti?ng Anh nghi v?n: Corrosaurus | S? t?/c?m nghi v?n: 1 | T? l? nghi v?n: 0.5 | M?c ??: 8.0
Yes. And it must be done within <te href=750006>Maroonwood</te>.,Đúng. Và phải hoàn thành nó trong <te href=750006>Maroonwood</te>.,C?n ti?ng Anh nghi v?n: Maroonwood | S? t?/c?m nghi v?n: 1 | T? l? nghi v?n: 0.5 | M?c ??: 8.0
"This confrontation with Tyrannos was expected, but it's not a fight anyone is eager to face...","Cuộc đối đầu với Tyrannos đã được dự đoán từ trước, nhưng chẳng ai muốn phải chiến đấu với hắn cả...",C?n ti?ng Anh nghi v?n: Tyrannos | S? t?/c?m nghi v?n: 1 | T? l? nghi v?n: 0.5 | M?c ??: 8.0
Now we wait. We wait for it to enter Maroonwood.,Giờ thì chúng ta đợi. Đợi nó tiến vào Maroonwood.,C?n ti?ng Anh nghi v?n: Maroonwood | S? t?/c?m nghi v?n: 1 | T? l? nghi v?n: 0.5 | M?c ??: 8.0
The devastation that befell Murmurstown sixteen years ago will never be repeated.,Thảm họa đã giáng xuống Murmurstown mười sáu năm trước sẽ không bao giờ lặp lại.,C?n ti?ng Anh nghi v?n: Murmurstown | S? t?/c?m nghi v?n: 1 | T? l? nghi v?n: 0.5 | M?c ??: 8.0
"Good. Proceed as planned, Avidius.","Tốt. Tiến hành theo kế hoạch đi, Avidius.",C?n ti?ng Anh nghi v?n: Avidius | S? t?/c?m nghi v?n: 1 | T? l? nghi v?n: 0.5 | M?c ??: 8.0
Are we still in Murmurstown?,Chúng ta vẫn còn ở Murmurstown à?,C?n ti?ng Anh nghi v?n: Murmurstown | S? t?/c?m nghi v?n: 1 | T? l? nghi v?n: 0.5 | M?c ??: 8.0
"Augusta, look over there.","Augusta, nhìn đằng kia kìa.",C?n ti?ng Anh nghi v?n: Augusta | S? t?/c?m nghi v?n: 1 | T? l? nghi v?n: 0.5 | M?c ??: 8.0
...I guess it is High Tide season. Uncle Filo must be busy at his forge. Even Ma and Pa are busy preparing for the hunt.,...Chắc lại đến mùa Đại Triều rồi. Chú Filo chắc đang bận rộn bên lò rèn. Cả bố và mẹ cũng đang tất bật chuẩn bị cho chuyến đi săn.,C?n ti?ng Anh nghi v?n: Filo | S? t?/c?m nghi v?n: 1 | T? l? nghi v?n: 0.5 | M?c ??: 8.0
"Hm? That little girl… does her voice sound familiar to you, {PlayerName}?","Hm? Cô bé đó… giọng của nó có quen thuộc với cậu không, {PlayerName}?",C?n ti?ng Anh nghi v?n: Hm | S? t?/c?m nghi v?n: 1 | T? l? nghi v?n: 0.5 | M?c ??: 8.0
"Alright, team! Let's head back to the Sonoro!","Được rồi, cả đội ơi! Quay về Sonoro thôi!",C?n ti?ng Anh nghi v?n: Sonoro | S? t?/c?m nghi v?n: 1 | T? l? nghi v?n: 0.5 | M?c ??: 8.0
"Angel, what do we—","Angel, chúng ta phải làm gì—",C?n ti?ng Anh nghi v?n: Angel | S? t?/c?m nghi v?n: 1 | T? l? nghi v?n: 0.5 | M?c ??: 8.0
"Again, we'll fight them outside the Sonoro.","Lại một lần nữa, chúng ta sẽ chiến đấu bên ngoài Sonoro.",C?n ti?ng Anh nghi v?n: Sonoro | S? t?/c?m nghi v?n: 1 | T? l? nghi v?n: 0.5 | M?c ??: 8.0
"Stay close, Angel. It'll be alright.","Ở cạnh ta, Angel. Sẽ ổn thôi.",C?n ti?ng Anh nghi v?n: Angel | S? t?/c?m nghi v?n: 1 | T? l? nghi v?n: 0.5 | M?c ??: 8.0
"Angel, hold my hand!","Angel, nắm lấy tay tôi đi!",C?n ti?ng Anh nghi v?n: Angel | S? t?/c?m nghi v?n: 1 | T? l? nghi v?n: 0.5 | M?c ??: 8.0
Augusta... I...,Augusta... ta...,C?n ti?ng Anh nghi v?n: Augusta | S? t?/c?m nghi v?n: 1 | T? l? nghi v?n: 0.5 | M?c ??: 8.0
The Dark Tide paid me no mind. Its target was always Angel.,Thủy Triều Hắc Ám chẳng thèm để ý đến ta. Mục tiêu của nó luôn là Angel.,C?n ti?ng Anh nghi v?n: Angel | S? t?/c?m nghi v?n: 1 | T? l? nghi v?n: 0.5 | M?c ??: 8.0
Iuno once said something similar to me.,Iuno từng nói với ta điều gì đó tương tự.,C?n ti?ng Anh nghi v?n: Iuno | S? t?/c?m nghi v?n: 1 | T? l? nghi v?n: 0.5 | M?c ??: 8.0
"Angel, are you...","Angel, cậu... có sao không?",C?n ti?ng Anh nghi v?n: Angel | S? t?/c?m nghi v?n: 1 | T? l? nghi v?n: 0.5 | M?c ??: 8.0
Hmph. You must be aware of your rather underwhelming performance during the Tyrannos hunt.,Hừm. Chắc cậu cũng biết màn trình diễn khá... nhạt nhòa của mình trong cuộc săn Tyrannos chứ?,C?n ti?ng Anh nghi v?n: Tyrannos | S? t?/c?m nghi v?n: 1 | T? l? nghi v?n: 0.5 | M?c ??: 8.0
"Iuno, I...","Iuno à, ta...",C?n ti?ng Anh nghi v?n: Iuno | S? t?/c?m nghi v?n: 1 | T? l? nghi v?n: 0.5 | M?c ??: 8.0
(Fill Buling in on the situation.),Cập nhật tình hình cho Buling đi.,C?n ti?ng Anh nghi v?n: Buling | S? t?/c?m nghi v?n: 1 | T? l? nghi v?n: 0.5 | M?c ??: 8.0
"I'm not made of glass, Augusta.","Tôi đâu phải làm bằng thủy tinh đâu, Augusta.",C?n ti?ng Anh nghi v?n: Augusta | S? t?/c?m nghi v?n: 1 | T? l? nghi v?n: 0.5 | M?c ??: 8.0
"Iuno, one last question.","Iuno, ta còn một câu hỏi cuối.",C?n ti?ng Anh nghi v?n: Iuno | S? t?/c?m nghi v?n: 1 | T? l? nghi v?n: 0.5 | M?c ??: 8.0
The Anchor Stone Avidius and the others set there could come in handy.,Hòn Đá Neo mà Avidius và những người khác đặt ở đó có thể sẽ hữu dụng.,C?n ti?ng Anh nghi v?n: Avidius | S? t?/c?m nghi v?n: 1 | T? l? nghi v?n: 0.5 | M?c ??: 8.0
Go chase your fate... Augusta...,Hãy đi theo vận mệnh của mình đi... Augusta...,C?n ti?ng Anh nghi v?n: Augusta | S? t?/c?m nghi v?n: 1 | T? l? nghi v?n: 0.5 | M?c ??: 8.0
Who are you? And what did you do to Angel...?,Cậu là ai? Và cậu đã làm gì Angel...?,C?n ti?ng Anh nghi v?n: Angel | S? t?/c?m nghi v?n: 1 | T? l? nghi v?n: 0.5 | M?c ??: 8.0
"How foolish, Augusta...","Thật ngu ngốc, Augusta...",C?n ti?ng Anh nghi v?n: Augusta | S? t?/c?m nghi v?n: 1 | T? l? nghi v?n: 0.5 | M?c ??: 8.0
This place is too quiet. No trace of the Sovereign anyway...,Nơi này im lặng quá. Không thấy dấu vết của Sovereign đâu cả...,C?n ti?ng Anh nghi v?n: Sovereign | S? t?/c?m nghi v?n: 1 | T? l? nghi v?n: 0.5 | M?c ??: 8.0
"This Sovereign's a slippery eel, eating up every little frequency like it's popcorn. Now the Tethys system's got nothing to work with!","Lão Quân Chủ này đúng là con lươn trơn, nuốt hết mọi tần số như ăn bỏng ngô vậy. Giờ cả hệ Tethys chẳng còn gì để mà vận hành!",C?n ti?ng Anh nghi v?n: Tethys | S? t?/c?m nghi v?n: 1 | T? l? nghi v?n: 0.5 | M?c ??: 8.0
"I'm sooo sleepy... Ugh, that dark spooky stuff I ate earlier is still gurgling in my belly...","Buồn ngủ quá đi... Ugh, thứ đen sì đáng sợ mình ăn lúc nãy vẫn còn sôi ùng ục trong bụng...",C?n ti?ng Anh nghi v?n: Ugh | S? t?/c?m nghi v?n: 1 | T? l? nghi v?n: 0.5 | M?c ??: 8.0
Kind of like... a brave Gladiator fighting a monster!,Giống như... một chiến binh Gladiator dũng cảm chiến đấu với quái vật!,C?n ti?ng Anh nghi v?n: Gladiator | S? t?/c?m nghi v?n: 1 | T? l? nghi v?n: 0.5 | M?c ??: 8.0
And I followed its scent right to... eh... this Sonoro.,Và mình đã lần theo mùi hương ấy đến... ừm... cái Sonoro này.,C?n ti?ng Anh nghi v?n: Sonoro | S? t?/c?m nghi v?n: 1 | T? l? nghi v?n: 0.5 | M?c ??: 8.0
"Ahaha, don't mention it! Easy peasy, lemon squeezy.","Ahaha, đừng khách sáo! Dễ như trở bàn tay thôi mà.",C?n ti?ng Anh nghi v?n: Ahaha | S? t?/c?m nghi v?n: 1 | T? l? nghi v?n: 0.5 | M?c ??: 8.0
"Avidius, take a response team and get that Anchor Obelisk functioning.","Avidius, dẫn một đội phản ứng và khôi phục hoạt động của Cột Đá Neo đó.",C?n ti?ng Anh nghi v?n: Avidius | S? t?/c?m nghi v?n: 1 | T? l? nghi v?n: 0.5 | M?c ??: 8.0
We were just about to insert the Anchor Stone into the Obelisk.,Chúng tôi chuẩn bị đặt Đá Neo vào Đài Obelisk rồi.,C?n ti?ng Anh nghi v?n: Obelisk | S? t?/c?m nghi v?n: 1 | T? l? nghi v?n: 0.5 | M?c ??: 8.0
You give Iuno your Terminal.,Cậu đưa Thiết bị đầu cuối cho Iuno.,C?n ti?ng Anh nghi v?n: Iuno | S? t?/c?m nghi v?n: 1 | T? l? nghi v?n: 0.5 | M?c ??: 8.0
"Makes for a fun challenge, don't you agree, Avidius?","Thử thách thú vị đấy chứ, anh có đồng ý không, Avidius?",C?n ti?ng Anh nghi v?n: Avidius | S? t?/c?m nghi v?n: 1 | T? l? nghi v?n: 0.5 | M?c ??: 8.0
"Stay vigilant. In due time, Tyrannos will learn that Gladiators always keep their blades sharpened.","Hãy cảnh giác. Đến lúc, Tyrannos sẽ biết rằng những Kẻ Chiến Binh luôn mài sắc lưỡi kiếm của mình.",C?n ti?ng Anh nghi v?n: Tyrannos | S? t?/c?m nghi v?n: 1 | T? l? nghi v?n: 0.5 | M?c ??: 8.0
Huh… I thought for sure it'd be Iuno at an event like this.,Hừm… Tôi cứ tưởng chắc chắn sẽ là Iuno trong sự kiện thế này cơ.,C?n ti?ng Anh nghi v?n: Iuno | S? t?/c?m nghi v?n: 1 | T? l? nghi v?n: 0.5 | M?c ??: 8.0
(Gifted successor? Shouldn't it just be Iuno?),(Người kế vị tài năng? Lẽ ra phải là Iuno chứ?),C?n ti?ng Anh nghi v?n: Iuno | S? t?/c?m nghi v?n: 1 | T? l? nghi v?n: 0.5 | M?c ??: 8.0
(Is Iuno no longer serving as Priestess?),(Iuno không còn làm Tư Tế nữa sao?),C?n ti?ng Anh nghi v?n: Iuno | S? t?/c?m nghi v?n: 1 | T? l? nghi v?n: 0.5 | M?c ??: 8.0
Who is... Iuno?,Iuno... là ai vậy nhỉ?,C?n ti?ng Anh nghi v?n: Iuno | S? t?/c?m nghi v?n: 1 | T? l? nghi v?n: 0.5 | M?c ??: 8.0
"Since you're here, anything you want to drink? Speak up. Theseus and I will take care of it.","Cậu đến rồi, muốn uống gì không? Cứ nói đi. Theseus và tôi sẽ lo.",C?n ti?ng Anh nghi v?n: Theseus | S? t?/c?m nghi v?n: 1 | T? l? nghi v?n: 0.5 | M?c ??: 8.0
"Who's leading it this time? It's not Lillibet, is it?",Lần này ai dẫn đầu vậy? Không phải Lillibet chứ?,C?n ti?ng Anh nghi v?n: Lillibet | S? t?/c?m nghi v?n: 1 | T? l? nghi v?n: 0.5 | M?c ??: 8.0
Iuno once lived and breathed in this world.,Iuno từng sống và thở trong thế giới này.,C?n ti?ng Anh nghi v?n: Iuno | S? t?/c?m nghi v?n: 1 | T? l? nghi v?n: 0.5 | M?c ??: 8.0
"Of course. But if you truly are to face Chaos, no amount of preparation will ever be enough.","Tất nhiên rồi. Nhưng nếu cậu thực sự phải đối mặt với Chaos, thì dù chuẩn bị kỹ đến đâu cũng chẳng bao giờ là đủ.",C?n ti?ng Anh nghi v?n: Chaos | S? t?/c?m nghi v?n: 1 | T? l? nghi v?n: 0.5 | M?c ??: 8.0
Tôi phải giữ nó trong bao lâu?,Tôi phải giữ nó trong bao lâu nhỉ?,C?n ti?ng Anh nghi v?n: bao | S? t?/c?m nghi v?n: 1 | T? l? nghi v?n: 0.5 | M?c ??: 8.0
This bracelet belongs to Iuno.,Chiếc vòng tay này là của Iuno.,C?n ti?ng Anh nghi v?n: Iuno | S? t?/c?m nghi v?n: 1 | T? l? nghi v?n: 0.5 | M?c ??: 8.0
Were those times with Iuno real... or just a dream?,Những khoảnh khắc bên Iuno ấy là thật... hay chỉ là giấc mơ?,C?n ti?ng Anh nghi v?n: Iuno | S? t?/c?m nghi v?n: 1 | T? l? nghi v?n: 0.5 | M?c ??: 8.0
I'm looking for Grandmother Lillibet.,Ta đang tìm bà Lillibet.,C?n ti?ng Anh nghi v?n: Lillibet | S? t?/c?m nghi v?n: 1 | T? l? nghi v?n: 0.5 | M?c ??: 8.0
I think Lillibet must've gone to handle the situation.,Ta đoán Lillibet chắc đã đi xử lý tình hình rồi.,C?n ti?ng Anh nghi v?n: Lillibet | S? t?/c?m nghi v?n: 1 | T? l? nghi v?n: 0.5 | M?c ??: 8.0
"That makes sense. It must've started by now then! Before the oration ends, Lillibet would definitely need to be there.",Hợp lý đấy. Chắc giờ nó đã bắt đầu rồi! Lillibet chắc chắn phải có mặt trước khi bài diễn văn kết thúc.,C?n ti?ng Anh nghi v?n: Lillibet | S? t?/c?m nghi v?n: 1 | T? l? nghi v?n: 0.5 | M?c ??: 8.0
Do you know... who Iuno is?,Cậu có biết không... Iuno là ai không?,C?n ti?ng Anh nghi v?n: Iuno | S? t?/c?m nghi v?n: 1 | T? l? nghi v?n: 0.5 | M?c ??: 8.0
Iuno said she traded her life for our victory...,Iuno nói cô ấy đã đổi mạng sống của mình để chúng ta giành chiến thắng...,C?n ti?ng Anh nghi v?n: Iuno | S? t?/c?m nghi v?n: 1 | T? l? nghi v?n: 0.5 | M?c ??: 8.0
Iuno said only I would be the exception...,Iuno nói chỉ có mình ta là ngoại lệ...,C?n ti?ng Anh nghi v?n: Iuno | S? t?/c?m nghi v?n: 1 | T? l? nghi v?n: 0.5 | M?c ??: 8.0
(Strange... Lillibet and the other Priestesses aren't here. The Temple seems empty.),(Lạ thật... Lillibet và các nữ tu khác đâu cả rồi? Ngôi đền này trống rỗng.),C?n ti?ng Anh nghi v?n: Lillibet | S? t?/c?m nghi v?n: 1 | T? l? nghi v?n: 0.5 | M?c ??: 8.0
"Ha, there's no one else here. No need to put on an act.","Ha, chẳng có ai ở đây cả. Đừng có diễn nữa.",C?n ti?ng Anh nghi v?n: Ha | S? t?/c?m nghi v?n: 1 | T? l? nghi v?n: 0.5 | M?c ??: 8.0
Iuno? You're... calling me? Are you here for me?,Iuno? Cậu... gọi tớ à? Cậu đến tìm tớ sao?,C?n ti?ng Anh nghi v?n: Iuno | S? t?/c?m nghi v?n: 1 | T? l? nghi v?n: 0.5 | M?c ??: 8.0
Let's go before Chaos catches up to us.,Đi thôi trước khi Chaos đuổi kịp bọn mình.,C?n ti?ng Anh nghi v?n: Chaos | S? t?/c?m nghi v?n: 1 | T? l? nghi v?n: 0.5 | M?c ??: 8.0
"Alexandros, you're not falling here. Not now!","Alexandros, anh không thể gục ngã ở đây. Không phải lúc này!",C?n ti?ng Anh nghi v?n: Alexandros | S? t?/c?m nghi v?n: 1 | T? l? nghi v?n: 0.5 | M?c ??: 8.0
"So, Sibylla's Iuno, am I correct?","Vậy nên, Iuno của Sibylla phải không?",C?n ti?ng Anh nghi v?n: Iuno | S? t?/c?m nghi v?n: 1 | T? l? nghi v?n: 0.5 | M?c ??: 8.0
"(Of all times, Iuno chooses now to go silent...)",Đúng lúc cần nhất thì Iuno lại im bặt...,C?n ti?ng Anh nghi v?n: Iuno | S? t?/c?m nghi v?n: 1 | T? l? nghi v?n: 0.5 | M?c ??: 8.0
Iuno... have you returned to your true form?,Iuno... ngươi đã trở lại hình dạng thật của mình rồi sao?,C?n ti?ng Anh nghi v?n: Iuno | S? t?/c?m nghi v?n: 1 | T? l? nghi v?n: 0.5 | M?c ??: 8.0
"Thank you, Priestess Iuno! Your words put my mind at ease.",Cảm ơn Ngài Tư Tế Iuno! Những lời của ngài đã khiến lòng con nhẹ nhõm hơn nhiều.,C?n ti?ng Anh nghi v?n: Iuno | S? t?/c?m nghi v?n: 1 | T? l? nghi v?n: 0.5 | M?c ??: 8.0
(Reply confidently. Iuno would do the same.),(Trả lời tự tin. Iuno cũng sẽ làm thế.),C?n ti?ng Anh nghi v?n: Iuno | S? t?/c?m nghi v?n: 1 | T? l? nghi v?n: 0.5 | M?c ??: 8.0
"(An older, more aged Nikolas... peaceful... Dead at fifty? No, at least sixty...)","(Nikolas già hơn, trông thật bình yên... Chết ở tuổi năm mươi sao? Không, ít nhất cũng phải ngoài sáu mươi...)",C?n ti?ng Anh nghi v?n: Nikolas | S? t?/c?m nghi v?n: 1 | T? l? nghi v?n: 0.5 | M?c ??: 8.0
"And thank you, Priestess Iuno. No matter what, thank you.","Và cảm ơn ngài, Tư Tế Iuno. Dù thế nào đi nữa, ta vẫn cảm ơn ngài.",C?n ti?ng Anh nghi v?n: Iuno | S? t?/c?m nghi v?n: 1 | T? l? nghi v?n: 0.5 | M?c ??: 8.0
"Still giving prophecies, Iuno?","Vẫn còn đi tiên tri đấy à, Iuno?",C?n ti?ng Anh nghi v?n: Iuno | S? t?/c?m nghi v?n: 1 | T? l? nghi v?n: 0.5 | M?c ??: 8.0
The Lunarum Boughs have grown strong. You've done well with your Anchoring.,Những Cành Lunarum đã trở nên mạnh mẽ. Ngươi đã làm tốt với việc Neo giữ của mình.,C?n ti?ng Anh nghi v?n: Lunarum | S? t?/c?m nghi v?n: 1 | T? l? nghi v?n: 0.5 | M?c ??: 8.0
"Go back, Priestess Iuno.","Hãy quay lại đi, Tư Tế Iuno.",C?n ti?ng Anh nghi v?n: Iuno | S? t?/c?m nghi v?n: 1 | T? l? nghi v?n: 0.5 | M?c ??: 8.0
Are you... the Priestess Harelius spoke of?,Ngươi... chính là Nữ Tư Tế mà Harelius nhắc tới sao?,C?n ti?ng Anh nghi v?n: Harelius | S? t?/c?m nghi v?n: 1 | T? l? nghi v?n: 0.5 | M?c ??: 8.0
Greetings. Is Mr. Galba home?,Xin chào. Ông Galba có ở nhà không?,C?n ti?ng Anh nghi v?n: Galba | S? t?/c?m nghi v?n: 1 | T? l? nghi v?n: 0.5 | M?c ??: 8.0
She sent a song to Ms. Pulkara as well.,Nàng cũng đã gửi một khúc ca đến bà Pulkara.,C?n ti?ng Anh nghi v?n: Pulkara | S? t?/c?m nghi v?n: 1 | T? l? nghi v?n: 0.5 | M?c ??: 8.0
"Haha… other than our comatose Captain, it's just you and me now.","Haha… ngoài Đội trưởng đang hôn mê của chúng ta, giờ chỉ còn cậu và tớ thôi.",C?n ti?ng Anh nghi v?n: Haha | S? t?/c?m nghi v?n: 1 | T? l? nghi v?n: 0.5 | M?c ??: 8.0
"I'm planning to write an article about Strozzia and her team. And, of course, about her Echo.","Tôi định viết một bài báo về Strozzia và đội của cô ấy. Và tất nhiên, cả về Echo của cô ấy nữa.",C?n ti?ng Anh nghi v?n: Strozzia | S? t?/c?m nghi v?n: 1 | T? l? nghi v?n: 0.5 | M?c ??: 8.0
You have a Drake...?,Cậu có một con Drake... à?,C?n ti?ng Anh nghi v?n: Drake | S? t?/c?m nghi v?n: 1 | T? l? nghi v?n: 0.5 | M?c ??: 8.0
"Let me know if you spot anything, Abby.","Báo cho tớ biết nếu cậu phát hiện điều gì lạ, Abby.",C?n ti?ng Anh nghi v?n: Abby | S? t?/c?m nghi v?n: 1 | T? l? nghi v?n: 0.5 | M?c ??: 8.0
"Need your help here, Abby.","Abby, giúp tớ một tay ở đây.",C?n ti?ng Anh nghi v?n: Abby | S? t?/c?m nghi v?n: 1 | T? l? nghi v?n: 0.5 | M?c ??: 8.0
You're that journalist we met at Maroonwood.,Cậu là nhà báo mà chúng ta gặp ở Maroonwood phải không?,C?n ti?ng Anh nghi v?n: Maroonwood | S? t?/c?m nghi v?n: 1 | T? l? nghi v?n: 0.5 | M?c ??: 8.0
"Haha, didn't expect the Laureate to still remember me after our short encounter.","Haha, không ngờ Ngài Văn Hào vẫn còn nhớ tôi sau cuộc gặp gỡ ngắn ngủi ấy.",C?n ti?ng Anh nghi v?n: Haha | S? t?/c?m nghi v?n: 1 | T? l? nghi v?n: 0.5 | M?c ??: 8.0
"I couldn't agree more. Acolyte Phoebe, let us share the burden!","Tôi hoàn toàn đồng ý. Tín đồ Phoebe, hãy cùng nhau gánh vác gánh nặng này!",C?n ti?ng Anh nghi v?n: Phoebe | S? t?/c?m nghi v?n: 1 | T? l? nghi v?n: 0.5 | M?c ??: 8.0
(Looks like Phoebe is swamped at the moment. Better give her a hand before she gets overwhelmed.),Phoebe có vẻ đang bận túi bụi. Tốt nhất là mình nên giúp cô ấy trước khi cô ấy quá tải.,C?n ti?ng Anh nghi v?n: Phoebe | S? t?/c?m nghi v?n: 1 | T? l? nghi v?n: 0.5 | M?c ??: 8.0
"I can help cover some of those, Phoebe.","Tớ có thể giúp cậu lo mấy món đó, Phoebe.",C?n ti?ng Anh nghi v?n: Phoebe | S? t?/c?m nghi v?n: 1 | T? l? nghi v?n: 0.5 | M?c ??: 8.0
I'm Lenore. Don't you remember me?,Tôi là Lenore. Cậu không nhớ tôi sao?,C?n ti?ng Anh nghi v?n: Lenore | S? t?/c?m nghi v?n: 1 | T? l? nghi v?n: 0.5 | M?c ??: 8.0
"Ms. Lenore, I don't blame a pure soul for being naive. And I won't fault a kind heart for not being kinder.","Cô Lenore à, tôi không trách một tâm hồn thuần khiết vì sự ngây thơ. Và cũng không trách một trái tim nhân hậu vì chưa đủ nhân hậu hơn.",C?n ti?ng Anh nghi v?n: Lenore | S? t?/c?m nghi v?n: 1 | T? l? nghi v?n: 0.5 | M?c ??: 8.0
"Alessio, why bother? Look at yourself. You're a mess.","Alessio, làm gì cho mệt? Nhìn cậu kìa, nhếch nhác thế này.",C?n ti?ng Anh nghi v?n: Alessio | S? t?/c?m nghi v?n: 1 | T? l? nghi v?n: 0.5 | M?c ??: 8.0
"Each and every citizen of Ragunna is qualified to judge you and me, Alessio.","Mỗi công dân Ragunna đều có quyền phán xét cậu và tôi, Alessio à.",C?n ti?ng Anh nghi v?n: Alessio | S? t?/c?m nghi v?n: 1 | T? l? nghi v?n: 0.5 | M?c ??: 8.0
"Get up, Alessio. Ragunna is waiting.","Dậy đi, Alessio. Ragunna đang đợi đó.",C?n ti?ng Anh nghi v?n: Alessio | S? t?/c?m nghi v?n: 1 | T? l? nghi v?n: 0.5 | M?c ??: 8.0
You'll have to call her Priest Phoebe next time you two meet.,"Lần sau gặp lại, cậu sẽ phải gọi cô ấy là Giáo Sĩ Phoebe đấy.",C?n ti?ng Anh nghi v?n: Phoebe | S? t?/c?m nghi v?n: 1 | T? l? nghi v?n: 0.5 | M?c ??: 8.0
Mournfell Canyon?,Hẻm Núi Mournfell sao?,C?n ti?ng Anh nghi v?n: Mournfell | S? t?/c?m nghi v?n: 1 | T? l? nghi v?n: 0.5 | M?c ??: 8.0
"As you stroll through the celebration, Lenore steps onto the stage.","Khi đi dạo giữa lễ hội, Lenore bước lên sân khấu.",C?n ti?ng Anh nghi v?n: Lenore | S? t?/c?m nghi v?n: 1 | T? l? nghi v?n: 0.5 | M?c ??: 8.0
"Hello everyone. My name is Lenore, and I'm an Acolyte of the Order of the Deep!","Chào mọi người. Ta là Lenore, một Tín Đồ của Dòng Trật Tự Vực Sâu!",C?n ti?ng Anh nghi v?n: Lenore | S? t?/c?m nghi v?n: 1 | T? l? nghi v?n: 0.5 | M?c ??: 8.0
When are you planning to reach Phoebe?,Cậu định đến Phoebe khi nào?,C?n ti?ng Anh nghi v?n: Phoebe | S? t?/c?m nghi v?n: 1 | T? l? nghi v?n: 0.5 | M?c ??: 8.0
Cheers! Hurrah! Woohoo!,Hoan hô! Vạn tuế! Woohoo!,C?n ti?ng Anh nghi v?n: Woohoo | S? t?/c?m nghi v?n: 1 | T? l? nghi v?n: 0.5 | M?c ??: 8.0
"Hehe, indeed. Sparkling floors, cheerful lights, and the sound of your laughter. I truly feel salvation.","Hehe, đúng thế. Sàn nhà lấp lánh, ánh đèn rực rỡ, và tiếng cười của cậu. Thật sự, ta cảm nhận được sự cứu rỗi.",C?n ti?ng Anh nghi v?n: Hehe | S? t?/c?m nghi v?n: 1 | T? l? nghi v?n: 0.5 | M?c ??: 8.0
"Whoa! So you're ""the world's strongest"" Mr. Fratello was talking about!","Ôi! Thì ra cậu chính là ""người mạnh nhất thế giới"" mà ông Fratello nói tới!",C?n ti?ng Anh nghi v?n: Fratello | S? t?/c?m nghi v?n: 1 | T? l? nghi v?n: 0.5 | M?c ??: 8.0
Medulius. You're alive?,Medulius... Ngươi còn sống sao?,C?n ti?ng Anh nghi v?n: Medulius | S? t?/c?m nghi v?n: 1 | T? l? nghi v?n: 0.5 | M?c ??: 8.0
...Where's Gillian? Why isn't she with you?,...Gillian đâu? Sao cô ấy không đi cùng cậu?,C?n ti?ng Anh nghi v?n: Gillian | S? t?/c?m nghi v?n: 1 | T? l? nghi v?n: 0.5 | M?c ??: 8.0
She'll likely meet Medulius.,Có lẽ con bé sẽ gặp Medulius.,C?n ti?ng Anh nghi v?n: Medulius | S? t?/c?m nghi v?n: 1 | T? l? nghi v?n: 0.5 | M?c ??: 8.0
"Now we're an international construction team, haha!","Giờ chúng ta là đội xây dựng quốc tế rồi, haha!",C?n ti?ng Anh nghi v?n: haha | S? t?/c?m nghi v?n: 1 | T? l? nghi v?n: 0.5 | M?c ??: 8.0
Isn't life full of surprises? Never thought I'd come to Septimont as a Fisalia pharmacist.,"Cuộc sống luôn đầy bất ngờ, phải không? Tôi không ngờ mình lại đến Septimont với tư cách dược sĩ của Fisalia.",C?n ti?ng Anh nghi v?n: Fisalia | S? t?/c?m nghi v?n: 1 | T? l? nghi v?n: 0.5 | M?c ??: 8.0
"This place is molded by the Journeying Paradise's frequency. A vision of perfection, unmarred by flaw.","Nơi này được định hình bởi tần số của Journeying Paradise. Một viễn cảnh hoàn hảo, không tì vết.",C?n ti?ng Anh nghi v?n: Journeying | S? t?/c?m nghi v?n: 1 | T? l? nghi v?n: 0.5 | M?c ??: 8.0
Ha. I fear nothing.,Ha. Ta chẳng sợ gì cả.,C?n ti?ng Anh nghi v?n: Ha | S? t?/c?m nghi v?n: 1 | T? l? nghi v?n: 0.5 | M?c ??: 8.0
"Is that... Galbrena, up ahead?",Là... Galbrena phía trước kia à?,C?n ti?ng Anh nghi v?n: Galbrena | S? t?/c?m nghi v?n: 1 | T? l? nghi v?n: 0.5 | M?c ??: 8.0
"You claim to stand against Leviathan, yet you speak so coldly of human lives. Whose side are you really on?","Ngươi tự nhận chống lại Leviathan, vậy mà lại nói về mạng người một cách lạnh lùng như thế. Thực chất ngươi đứng về phe nào?",C?n ti?ng Anh nghi v?n: Leviathan | S? t?/c?m nghi v?n: 1 | T? l? nghi v?n: 0.5 | M?c ??: 8.0
Leviathan toils endlessly to bring Its Paradise into being.,Leviathan không ngừng lao động để hiện thực hóa Thiên Đường của Nó.,C?n ti?ng Anh nghi v?n: Leviathan | S? t?/c?m nghi v?n: 1 | T? l? nghi v?n: 0.5 | M?c ??: 8.0
Arkyria...? Is that really you?,Arkyria...? Thật sự là cậu sao?,C?n ti?ng Anh nghi v?n: Arkyria | S? t?/c?m nghi v?n: 1 | T? l? nghi v?n: 0.5 | M?c ??: 8.0
"To claim a divinity's power is to invite divine wrath. Know this, more Tidespawn lie in wait before thee...","Đoạt lấy sức mạnh của thần linh chính là khiêu khích cơn thịnh nộ của họ. Hãy nhớ rằng, còn nhiều Tidespawn đang chờ ngươi phía trước...",C?n ti?ng Anh nghi v?n: Tidespawn | S? t?/c?m nghi v?n: 1 | T? l? nghi v?n: 0.5 | M?c ??: 8.0
Disguise as Galbrena,Hóa trang thành Galbrena,C?n ti?ng Anh nghi v?n: Galbrena | S? t?/c?m nghi v?n: 1 | T? l? nghi v?n: 0.5 | M?c ??: 8.0
"Oh, and there are four more like me in her now. Ah... I almost forgot, of course, one must not forget the Flame Demon herself, Galbrena.","À, và trong người cô ấy còn bốn cái nữa giống tớ. À... suýt quên, tất nhiên không thể thiếu chính bản thân Quỷ Lửa Galbrena rồi.",C?n ti?ng Anh nghi v?n: Galbrena | S? t?/c?m nghi v?n: 1 | T? l? nghi v?n: 0.5 | M?c ??: 8.0
"At this point, Galbrena feels like her true name. But what was her real name?","Đến lúc này, Galbrena nghe như tên thật của mình. Nhưng tên thật của cô là gì nhỉ?",C?n ti?ng Anh nghi v?n: Galbrena | S? t?/c?m nghi v?n: 1 | T? l? nghi v?n: 0.5 | M?c ??: 8.0
Really? I think Abby is a lot cuter.,Thật sao? Tớ thấy Abby dễ thương hơn nhiều cơ.,C?n ti?ng Anh nghi v?n: Abby | S? t?/c?m nghi v?n: 1 | T? l? nghi v?n: 0.5 | M?c ??: 8.0
Leviathan is about to resurrect.,Leviathan sắp hồi sinh.,C?n ti?ng Anh nghi v?n: Leviathan | S? t?/c?m nghi v?n: 1 | T? l? nghi v?n: 0.5 | M?c ??: 8.0
"...When the time comes, I'll ""kill"" you in front of them. To convince Leviathan of your ""necessary death.""","...Đến lúc đó, ta sẽ ""giết"" ngươi trước mặt chúng. Để thuyết phục Leviathan về cái ""cái chết cần thiết"" của ngươi.",C?n ti?ng Anh nghi v?n: Leviathan | S? t?/c?m nghi v?n: 1 | T? l? nghi v?n: 0.5 | M?c ??: 8.0
This is where Chimera was born.,Đây là nơi Chimera ra đời.,C?n ti?ng Anh nghi v?n: Chimera | S? t?/c?m nghi v?n: 1 | T? l? nghi v?n: 0.5 | M?c ??: 8.0
It's done. The Terminal's comms should be restored. Let's contact Augusta.,Xong rồi. Hệ thống liên lạc của Thiết bị đầu cuối đã khôi phục. Liên lạc với Augusta thôi.,C?n ti?ng Anh nghi v?n: Augusta | S? t?/c?m nghi v?n: 1 | T? l? nghi v?n: 0.5 | M?c ??: 8.0
"You've never questioned what Abby is, have you?",Cậu chưa bao giờ thắc mắc Abby là gì phải không?,C?n ti?ng Anh nghi v?n: Abby | S? t?/c?m nghi v?n: 1 | T? l? nghi v?n: 0.5 | M?c ??: 8.0
"We're already there, Schwarzloch.","Chúng ta đã đến nơi rồi, Schwarzloch.",C?n ti?ng Anh nghi v?n: Schwarzloch | S? t?/c?m nghi v?n: 1 | T? l? nghi v?n: 0.5 | M?c ??: 8.0
Leviathan's presence is growing stronger. Flamewing won't last much longer in the air... Heh...,Sức mạnh của Leviathan đang lớn dần... Flamewing không thể trụ được lâu trên không đâu... Hừ...,C?n ti?ng Anh nghi v?n: Flamewing | S? t?/c?m nghi v?n: 1 | T? l? nghi v?n: 0.5 | M?c ??: 8.0
Chimera! Tear the space apart!,Chimera! Xé toạc không gian đi!,C?n ti?ng Anh nghi v?n: Chimera | S? t?/c?m nghi v?n: 1 | T? l? nghi v?n: 0.5 | M?c ??: 8.0
If saving {Male=him;Female=her} means we still have a shot at taking down Leviathan…,Nếu cứu {Male=hắn;Female=cô ấy} đồng nghĩa với việc ta vẫn còn cơ hội đánh bại Leviathan…,C?n ti?ng Anh nghi v?n: Leviathan | S? t?/c?m nghi v?n: 1 | T? l? nghi v?n: 0.5 | M?c ??: 8.0
Here lies Roccia,Nơi đây an nghỉ Roccia,C?n ti?ng Anh nghi v?n: Roccia | S? t?/c?m nghi v?n: 1 | T? l? nghi v?n: 0.5 | M?c ??: 8.0
Here lies Zani,Nơi đây an nghỉ Zani,C?n ti?ng Anh nghi v?n: Zani | S? t?/c?m nghi v?n: 1 | T? l? nghi v?n: 0.5 | M?c ??: 8.0
Here lies Phoebe,Nơi đây an nghỉ Phoebe,C?n ti?ng Anh nghi v?n: Phoebe | S? t?/c?m nghi v?n: 1 | T? l? nghi v?n: 0.5 | M?c ??: 8.0
Here lies Cartethyia,Nơi đây an nghỉ Cartethyia,C?n ti?ng Anh nghi v?n: Cartethyia | S? t?/c?m nghi v?n: 1 | T? l? nghi v?n: 0.5 | M?c ??: 8.0
Here lies Lupa,Nơi đây an nghỉ Lupa,C?n ti?ng Anh nghi v?n: Lupa | S? t?/c?m nghi v?n: 1 | T? l? nghi v?n: 0.5 | M?c ??: 8.0
Here lies Iuno,Nơi đây an nghỉ Iuno,C?n ti?ng Anh nghi v?n: Iuno | S? t?/c?m nghi v?n: 1 | T? l? nghi v?n: 0.5 | M?c ??: 8.0
Here lies Augusta,Nơi đây an nghỉ Augusta,C?n ti?ng Anh nghi v?n: Augusta | S? t?/c?m nghi v?n: 1 | T? l? nghi v?n: 0.5 | M?c ??: 8.0
Here lies Galbrena,Nơi đây an nghỉ Galbrena,C?n ti?ng Anh nghi v?n: Galbrena | S? t?/c?m nghi v?n: 1 | T? l? nghi v?n: 0.5 | M?c ??: 8.0
"Hmm… Not fond of how the story ends, are we?",Hmm… Chúng ta không thích cái kết này nhỉ?,C?n ti?ng Anh nghi v?n: Hmm | S? t?/c?m nghi v?n: 1 | T? l? nghi v?n: 0.5 | M?c ??: 8.0
Leviathan preyed on your deepest fear of losing the ones you care about and turned it into these gravestones.,Leviathan đã lợi dụng nỗi sợ hãi sâu thẳm nhất của ngươi—mất đi những người ngươi yêu quý—và biến nó thành những bia mộ này.,C?n ti?ng Anh nghi v?n: Leviathan | S? t?/c?m nghi v?n: 1 | T? l? nghi v?n: 0.5 | M?c ??: 8.0
Has anyone seen Galbrena?,Có ai thấy Galbrena ở đâu không?,C?n ti?ng Anh nghi v?n: Galbrena | S? t?/c?m nghi v?n: 1 | T? l? nghi v?n: 0.5 | M?c ??: 8.0
"The light of hope has pierced the Dark Tide. Leviathan, your doom is inevitable!","Ánh sáng hy vọng đã xuyên thủng Bóng Tối Thủy Triều. Leviathan, ngày tàn của ngươi đã điểm!",C?n ti?ng Anh nghi v?n: Leviathan | S? t?/c?m nghi v?n: 1 | T? l? nghi v?n: 0.5 | M?c ??: 8.0
"Leviathan, now it is your turn... to drown in despair.","Leviathan, đến lượt ngươi rồi... chìm trong tuyệt vọng đi.",C?n ti?ng Anh nghi v?n: Leviathan | S? t?/c?m nghi v?n: 1 | T? l? nghi v?n: 0.5 | M?c ??: 8.0
"The Guardian of the Dark Tide, a Mortarch... We meet again.","Người Bảo Vệ Thủy Triều Hắc Ám, một Mortarch... Ta lại gặp ngươi rồi.",C?n ti?ng Anh nghi v?n: Mortarch | S? t?/c?m nghi v?n: 1 | T? l? nghi v?n: 0.5 | M?c ??: 8.0
"All to gather more ""believers,"" to be drawn into the Paradise's maw. Then they'll go claim their due from Leviathan.","Tất cả chỉ để thu thập thêm ""tín đồ"", kéo họ vào họng sâu của Thiên Đường. Rồi chúng sẽ đòi nợ từ Leviathan.",C?n ti?ng Anh nghi v?n: Leviathan | S? t?/c?m nghi v?n: 1 | T? l? nghi v?n: 0.5 | M?c ??: 8.0
Those touched by the Tidespawn often begin to see things. Hallucinations... and this lake is usually the first they find.,Những ai bị Tidespawn chạm vào thường bắt đầu thấy ảo giác... và hồ này thường là nơi đầu tiên họ nhìn thấy.,C?n ti?ng Anh nghi v?n: Tidespawn | S? t?/c?m nghi v?n: 1 | T? l? nghi v?n: 0.5 | M?c ??: 8.0
"When I merged with Leviathan, It seized a fragment of my mind... and with it, a trace of my power to separate.","Khi tôi hợp nhất với Leviathan, nó đã chiếm đoạt một mảnh tâm trí của tôi... và cùng với đó, một phần sức mạnh phân tách của tôi.",C?n ti?ng Anh nghi v?n: Leviathan | S? t?/c?m nghi v?n: 1 | T? l? nghi v?n: 0.5 | M?c ??: 8.0
"But Leviathan seized upon mankind's ""longing for Unity""","Nhưng Leviathan đã lợi dụng ""khát khao Thống Nhất"" của nhân loại",C?n ti?ng Anh nghi v?n: Leviathan | S? t?/c?m nghi v?n: 1 | T? l? nghi v?n: 0.5 | M?c ??: 8.0
"Now... Leviathan is on the verge of ""rebirth.""","Giờ đây... Leviathan sắp ""tái sinh"" rồi.",C?n ti?ng Anh nghi v?n: Leviathan | S? t?/c?m nghi v?n: 1 | T? l? nghi v?n: 0.5 | M?c ??: 8.0
We may be close to the Harbinger.,Có lẽ chúng ta đã gần đến Harbinger rồi.,C?n ti?ng Anh nghi v?n: Harbinger | S? t?/c?m nghi v?n: 1 | T? l? nghi v?n: 0.5 | M?c ??: 8.0
"You have access to core data. But Avidius, he might've been swept into the frequency vortex. Hard to say where he's landed.",Cậu có quyền truy cập dữ liệu lõi. Nhưng Avidius... có thể ông ấy đã bị cuốn vào xoáy Tần số. Khó mà đoán được ông ấy đã đáp xuống đâu.,C?n ti?ng Anh nghi v?n: Avidius | S? t?/c?m nghi v?n: 1 | T? l? nghi v?n: 0.5 | M?c ??: 8.0
"Yeah, yeah, I know. We're here to find Cartethyia!","Ừ, ừ, tôi biết. Chúng ta đến đây để tìm Cartethyia mà!",C?n ti?ng Anh nghi v?n: Cartethyia | S? t?/c?m nghi v?n: 1 | T? l? nghi v?n: 0.5 | M?c ??: 8.0
"Hello, {PlayerName}! Haven't you heard? Lately, the Ragunnesi have started having ""nightmares."" That's probably what he's referring to...","Chào {PlayerName}! Cậu chưa nghe à? Gần đây, người Ragunnesi bắt đầu gặp ""ác mộng"". Có lẽ cậu ấy đang nói đến chuyện đó...",C?n ti?ng Anh nghi v?n: Ragunnesi | S? t?/c?m nghi v?n: 1 | T? l? nghi v?n: 0.5 | M?c ??: 8.0
Miss Ciaccona… you… you're not afraid of them?,Chị Ciaccona à... chị... chị không sợ chúng sao?,C?n ti?ng Anh nghi v?n: Ciaccona | S? t?/c?m nghi v?n: 1 | T? l? nghi v?n: 0.5 | M?c ??: 8.0
"Ah, buongiorno, {PlayerName}. If you're here for banking... you'll have to wait.","À, buongiorno, {PlayerName}. Nếu cậu đến để giao dịch ngân hàng... thì phải đợi một chút nhé.",C?n ti?ng Anh nghi v?n: buongiorno | S? t?/c?m nghi v?n: 1 | T? l? nghi v?n: 0.5 | M?c ??: 8.0
"Thank you, Miss Zani. But I think... my grandmother was trying to tell me something. That I can't stay trapped in grief and the past.",Cảm ơn chị Zani. Nhưng cháu nghĩ... bà nội cháu đang cố nhắn nhủ điều gì đó. Rằng cháu không thể mãi chìm đắm trong đau buồn và quá khứ.,C?n ti?ng Anh nghi v?n: Zani | S? t?/c?m nghi v?n: 1 | T? l? nghi v?n: 0.5 | M?c ??: 8.0
Is that... Cantarella up ahead?,Là... Cantarella phía trước kia à?,C?n ti?ng Anh nghi v?n: Cantarella | S? t?/c?m nghi v?n: 1 | T? l? nghi v?n: 0.5 | M?c ??: 8.0
"Her Tacet Mark... Look, it's flickering! Cantarella, she's...","Dấu Tacet của nàng... Nhìn kìa, nó đang nhấp nháy! Cantarella, nàng...",C?n ti?ng Anh nghi v?n: Cantarella | S? t?/c?m nghi v?n: 1 | T? l? nghi v?n: 0.5 | M?c ??: 8.0
"...Cantarella, you never did get to say what brought you here.","...Cantarella, cậu vẫn chưa nói lý do gì đưa cậu đến đây.",C?n ti?ng Anh nghi v?n: Cantarella | S? t?/c?m nghi v?n: 1 | T? l? nghi v?n: 0.5 | M?c ??: 8.0
"Abby, can you track the killer's frequency?","Abby, cậu có thể theo dõi tần số của kẻ sát nhân không?",C?n ti?ng Anh nghi v?n: Abby | S? t?/c?m nghi v?n: 1 | T? l? nghi v?n: 0.5 | M?c ??: 8.0
"That's weird. The trail ends here, but... Ugh... My head's starting to spin again...","Kỳ lạ thật. Dấu vết biến mất ở đây, nhưng... Ugh... Đầu ta lại bắt đầu choáng nữa rồi...",C?n ti?ng Anh nghi v?n: Ugh | S? t?/c?m nghi v?n: 1 | T? l? nghi v?n: 0.5 | M?c ??: 8.0
Avidius? What are you doing out here?,Avidius? Anh làm gì ở đây thế?,C?n ti?ng Anh nghi v?n: Avidius | S? t?/c?m nghi v?n: 1 | T? l? nghi v?n: 0.5 | M?c ??: 8.0
Discord Slayer? Sounds like you know something about her.,Kẻ Diệt Discord à? Có vẻ như ngươi biết đôi điều về cô ta.,C?n ti?ng Anh nghi v?n: Discord | S? t?/c?m nghi v?n: 1 | T? l? nghi v?n: 0.5 | M?c ??: 8.0
"Now, about the Discord Slayer you seek. The townsfolk shared some troubling whispers.","Giờ thì, về Tacet Discord mà cậu tìm kiếm... Dân làng có kể vài lời đồn đáng ngại lắm đấy.",C?n ti?ng Anh nghi v?n: Discord | S? t?/c?m nghi v?n: 1 | T? l? nghi v?n: 0.5 | M?c ??: 8.0
Buling's bronze mirror isn't responding... Abby?,Gương đồng của Buling không phản ứng gì... Abby à?,C?n ti?ng Anh nghi v?n: Abby | S? t?/c?m nghi v?n: 1 | T? l? nghi v?n: 0.5 | M?c ??: 8.0
That voice... the Discord Slayer? Is this her trap?,Giọng nói đó... Kẻ Diệt Discord? Hay đây là bẫy của ả?,C?n ti?ng Anh nghi v?n: Discord | S? t?/c?m nghi v?n: 1 | T? l? nghi v?n: 0.5 | M?c ??: 8.0
Who are you?! And what did you do to Cartethyia?,Ngươi là ai?! Ngươi đã làm gì với Cartethyia?!,C?n ti?ng Anh nghi v?n: Cartethyia | S? t?/c?m nghi v?n: 1 | T? l? nghi v?n: 0.5 | M?c ??: 8.0
The Thundering Mephis was nowhere in sight. But I did observe a peculiar figure.,Mephis Sấm Sét không thấy đâu cả. Nhưng ta lại phát hiện một nhân vật kỳ lạ.,C?n ti?ng Anh nghi v?n: Mephis | S? t?/c?m nghi v?n: 1 | T? l? nghi v?n: 0.5 | M?c ??: 8.0
"I couldn't see his face clearly, but I heard him call himself... Caligula.","Tôi không nhìn rõ mặt hắn, nhưng tôi nghe hắn tự xưng là... Caligula.",C?n ti?ng Anh nghi v?n: Caligula | S? t?/c?m nghi v?n: 1 | T? l? nghi v?n: 0.5 | M?c ??: 8.0
But... the Troupe of Fools hit a storm while ferrying people from the Riccioli Islands. Rough seas out there.,Nhưng... Đoàn Kẻ Ngốc gặp bão khi đang chở người từ Quần đảo Riccioli. Biển động dữ lắm.,C?n ti?ng Anh nghi v?n: Riccioli | S? t?/c?m nghi v?n: 1 | T? l? nghi v?n: 0.5 | M?c ??: 8.0
(Fenrico...? Why would he be here?),Fenrico...? Sao hắn lại ở đây?,C?n ti?ng Anh nghi v?n: Fenrico | S? t?/c?m nghi v?n: 1 | T? l? nghi v?n: 0.5 | M?c ??: 8.0
"(And Fenrico... he knew innocents were here, but didn't hold back at all...)","(Còn Fenrico... hắn biết có người vô tội ở đây, vậy mà chẳng hề do dự...)",C?n ti?ng Anh nghi v?n: Fenrico | S? t?/c?m nghi v?n: 1 | T? l? nghi v?n: 0.5 | M?c ??: 8.0
"You shouldn't be here, Fenrico.","Anh không nên có mặt ở đây, Fenrico.",C?n ti?ng Anh nghi v?n: Fenrico | S? t?/c?m nghi v?n: 1 | T? l? nghi v?n: 0.5 | M?c ??: 8.0
You can say that. Balor is one of many.,Cậu nói đúng đấy. Balor chỉ là một trong số rất nhiều kẻ như thế.,C?n ti?ng Anh nghi v?n: Balor | S? t?/c?m nghi v?n: 1 | T? l? nghi v?n: 0.5 | M?c ??: 8.0
We need to find the Harbinger. Do you know how we can identify them?,Chúng ta cần tìm Harbinger. Cậu có biết cách nhận diện chúng không?,C?n ti?ng Anh nghi v?n: Harbinger | S? t?/c?m nghi v?n: 1 | T? l? nghi v?n: 0.5 | M?c ??: 8.0
"{PlayerName}, Avidius is our mission.","{PlayerName}, Avidius là nhiệm vụ của chúng ta.",C?n ti?ng Anh nghi v?n: Avidius | S? t?/c?m nghi v?n: 1 | T? l? nghi v?n: 0.5 | M?c ??: 8.0
The Order's Acolytes are holding off the other Tidespawn. This is our chance to go straight for the source.,Tín đồ của Giáo Đoàn đang cầm chân lũ Tidespawn khác. Đây là cơ hội để ta tiến thẳng đến nguồn cơn.,C?n ti?ng Anh nghi v?n: Tidespawn | S? t?/c?m nghi v?n: 1 | T? l? nghi v?n: 0.5 | M?c ??: 8.0
"What happened to you, Avidius?","Avidius, chuyện gì đã xảy ra với cậu vậy?",C?n ti?ng Anh nghi v?n: Avidius | S? t?/c?m nghi v?n: 1 | T? l? nghi v?n: 0.5 | M?c ??: 8.0
Avidius! Remember who you are. Remember the man you wanted to become!,Avidius! Hãy nhớ ngươi là ai. Hãy nhớ người đàn ông mà ngươi muốn trở thành!,C?n ti?ng Anh nghi v?n: Avidius | S? t?/c?m nghi v?n: 1 | T? l? nghi v?n: 0.5 | M?c ??: 8.0
Avidius! Remember who you are. Remember the man you wanted to become...,Avidius... Hãy nhớ ngươi là ai. Hãy nhớ người đàn ông mà ngươi muốn trở thành...,C?n ti?ng Anh nghi v?n: Avidius | S? t?/c?m nghi v?n: 1 | T? l? nghi v?n: 0.5 | M?c ??: 8.0
I will absorb all of the Tidespawn...,Ta sẽ hấp thụ toàn bộ Tidespawn...,C?n ti?ng Anh nghi v?n: Tidespawn | S? t?/c?m nghi v?n: 1 | T? l? nghi v?n: 0.5 | M?c ??: 8.0
"The Harbinger of the Dark Tide is the Anchor of Reality of all Tidespawn. That means it must be a real, existing person.",Kẻ Báo Hiệu của Thủy Triều Hắc Ám là Mỏ Neo Thực Tại của tất cả Tidespawn. Điều đó có nghĩa hắn phải là một người thật sự tồn tại.,C?n ti?ng Anh nghi v?n: Tidespawn | S? t?/c?m nghi v?n: 1 | T? l? nghi v?n: 0.5 | M?c ??: 8.0
"But, Lady Cantarella, we all saw it… just now—","Nhưng, Quý bà Cantarella, chúng ta đều thấy cả mà… vừa nãy—",C?n ti?ng Anh nghi v?n: Cantarella | S? t?/c?m nghi v?n: 1 | T? l? nghi v?n: 0.5 | M?c ??: 8.0
"I'm sorry, Lady Cantarella... and {PlayerName}. We... We lost our composure...","Xin lỗi, Quý cô Cantarella... và {PlayerName}. Chúng tôi... chúng tôi đã mất bình tĩnh...",C?n ti?ng Anh nghi v?n: Cantarella | S? t?/c?m nghi v?n: 1 | T? l? nghi v?n: 0.5 | M?c ??: 8.0
"It's not your fault, Abby.","Không phải lỗi của em đâu, Abby.",C?n ti?ng Anh nghi v?n: Abby | S? t?/c?m nghi v?n: 1 | T? l? nghi v?n: 0.5 | M?c ??: 8.0
"The real threat is Leviathan. If we want to end this for good, we kill It and destroy Its Paradise.","Mối đe dọa thực sự là Leviathan. Nếu muốn chấm dứt chuyện này vĩnh viễn, ta phải giết Hắn và phá hủy Thiên Đường của Hắn.",C?n ti?ng Anh nghi v?n: Leviathan | S? t?/c?m nghi v?n: 1 | T? l? nghi v?n: 0.5 | M?c ??: 8.0
"Matriarch of Fisalia, you have guarded this truth for over a century. Now... we need your insight.","Mẫu trưởng Fisalia, ngài đã giữ gìn sự thật này hơn một thế kỷ. Giờ đây... chúng ta cần sự sáng suốt của ngài.",C?n ti?ng Anh nghi v?n: Fisalia | S? t?/c?m nghi v?n: 1 | T? l? nghi v?n: 0.5 | M?c ??: 8.0
...So how do we fight Leviathan?,...Vậy làm sao để đánh bại Leviathan đây?,C?n ti?ng Anh nghi v?n: Leviathan | S? t?/c?m nghi v?n: 1 | T? l? nghi v?n: 0.5 | M?c ??: 8.0
"{PlayerName}, you... No, there must be another way. We must bring an end to Leviathan.","{PlayerName}, cậu... Không, phải có cách khác. Chúng ta phải chấm dứt Leviathan.",C?n ti?ng Anh nghi v?n: Leviathan | S? t?/c?m nghi v?n: 1 | T? l? nghi v?n: 0.5 | M?c ??: 8.0
(Brief Iuno on Ragunna's situation...),Báo cáo ngắn gọn tình hình Ragunna với Iuno...,C?n ti?ng Anh nghi v?n: Iuno | S? t?/c?m nghi v?n: 1 | T? l? nghi v?n: 0.5 | M?c ??: 8.0
"Aquila, any word?","Aquila, có tin gì không?",C?n ti?ng Anh nghi v?n: Aquila | S? t?/c?m nghi v?n: 1 | T? l? nghi v?n: 0.5 | M?c ??: 8.0
"I hate to admit it, but the current Senate's grown a backbone. Cowards wouldn't last long working under Augusta, anyway.","Thú thật, phải thừa nhận là Thượng viện hiện tại đã cứng rắn hơn. Dù sao, những kẻ hèn nhát cũng chẳng trụ được lâu dưới trướng Augusta.",C?n ti?ng Anh nghi v?n: Augusta | S? t?/c?m nghi v?n: 1 | T? l? nghi v?n: 0.5 | M?c ??: 8.0
"Oh, let me introduce you. Augusta, this is...","À, để tôi giới thiệu cho cô. Augusta, đây là...",C?n ti?ng Anh nghi v?n: Augusta | S? t?/c?m nghi v?n: 1 | T? l? nghi v?n: 0.5 | M?c ??: 8.0
Your Excellency! Another outbreak! Tidespawn heading straight for the camp!,Thưa Ngài! Một đợt bùng phát nữa! Lũ Tidespawn đang lao thẳng về trại!,C?n ti?ng Anh nghi v?n: Tidespawn | S? t?/c?m nghi v?n: 1 | T? l? nghi v?n: 0.5 | M?c ??: 8.0
"You seem confident, Lupa.","Cô có vẻ tự tin đấy, Lupa.",C?n ti?ng Anh nghi v?n: Lupa | S? t?/c?m nghi v?n: 1 | T? l? nghi v?n: 0.5 | M?c ??: 8.0
"You should rest while you can, Abby.","Abby, cậu nên nghỉ ngơi khi còn có thể.",C?n ti?ng Anh nghi v?n: Abby | S? t?/c?m nghi v?n: 1 | T? l? nghi v?n: 0.5 | M?c ??: 8.0
Your Excellency! They're targeting the remaining Anchor Obelisks now!,Thưa Ngài! Chúng đang nhắm vào những Anchor Obelisk còn sót lại!,C?n ti?ng Anh nghi v?n: Anchor | S? t?/c?m nghi v?n: 1 | T? l? nghi v?n: 0.5 | M?c ??: 8.0
More Tidespawn at the southwest basepoint!,Thêm Tidespawn ở điểm đóng quân phía tây nam!,C?n ti?ng Anh nghi v?n: Tidespawn | S? t?/c?m nghi v?n: 1 | T? l? nghi v?n: 0.5 | M?c ??: 8.0
Leviathan. It's directing them. It saw we were spread too thin and scattered their assault on purpose.,Leviathan. Nó đang điều khiển bọn chúng. Nó thấy ta dàn quân quá mỏng và cố tình phân tán cuộc tấn công.,C?n ti?ng Anh nghi v?n: Leviathan | S? t?/c?m nghi v?n: 1 | T? l? nghi v?n: 0.5 | M?c ??: 8.0
T-the north flank... Hold the Obelisks at all costs!,T-Cánh bắc... Phải giữ vững các Tháp Obelisk bằng mọi giá!,C?n ti?ng Anh nghi v?n: T | S? t?/c?m nghi v?n: 1 | T? l? nghi v?n: 0.5 | M?c ??: 8.0
S-she's absorbing the Tidespawn?! What kind of power is that?!,Cô ấy đang hấp thụ Tidespawn ư?! Sức mạnh gì mà kinh khủng thế?!,C?n ti?ng Anh nghi v?n: Tidespawn | S? t?/c?m nghi v?n: 1 | T? l? nghi v?n: 0.5 | M?c ??: 8.0
"Oh, I'm back to myself now. Let's meet in Ragunna City, {PlayerName}.","À, mình đã bình thường lại rồi. Gặp lại cậu ở Ragunna City nhé, {PlayerName}.",C?n ti?ng Anh nghi v?n: City | S? t?/c?m nghi v?n: 1 | T? l? nghi v?n: 0.5 | M?c ??: 8.0
We made it... Cartethyia...,Chúng ta đã đến... Cartethyia...,C?n ti?ng Anh nghi v?n: Cartethyia | S? t?/c?m nghi v?n: 1 | T? l? nghi v?n: 0.5 | M?c ??: 8.0
"Imperator once led the displaced to these isles, yet what allowed the Ragunnesi to stand firm upon the sea was not Divine favor, but their own efforts.","Đại Đế từng dẫn dắt những kẻ lưu lạc đến hòn đảo này, nhưng điều giúp người Ragunnesi đứng vững trên biển không phải là ân sủng thần linh, mà là nỗ lực của chính họ.",C?n ti?ng Anh nghi v?n: Ragunnesi | S? t?/c?m nghi v?n: 1 | T? l? nghi v?n: 0.5 | M?c ??: 8.0
"I want you to have this, Phoebe.","Ta muốn cậu nhận lấy cái này, Phoebe.",C?n ti?ng Anh nghi v?n: Phoebe | S? t?/c?m nghi v?n: 1 | T? l? nghi v?n: 0.5 | M?c ??: 8.0
"But you're a bit too young for this, Roccia. The crew and I will handle the taste test!","Nhưng cậu còn nhỏ quá, Roccia. Để bọn anh và đội xử lý việc thử đồ ăn này nhé!",C?n ti?ng Anh nghi v?n: Roccia | S? t?/c?m nghi v?n: 1 | T? l? nghi v?n: 0.5 | M?c ??: 8.0
"Disaster recovery in Ragunna City is nearly complete. Thank you so much for your help, {PlayerName}.",Công tác khắc phục thảm họa tại Ragunna City gần như đã hoàn tất. Cảm ơn {PlayerName} rất nhiều vì đã giúp đỡ.,C?n ti?ng Anh nghi v?n: City | S? t?/c?m nghi v?n: 1 | T? l? nghi v?n: 0.5 | M?c ??: 8.0
"Are you considering running, Cartethyia?","Ngươi đang tính chạy trốn sao, Cartethyia?",C?n ti?ng Anh nghi v?n: Cartethyia | S? t?/c?m nghi v?n: 1 | T? l? nghi v?n: 0.5 | M?c ??: 8.0
"You heard her, Aalto.","Cậu nghe thấy cô ấy nói rồi đấy, Aalto.",C?n ti?ng Anh nghi v?n: Aalto | S? t?/c?m nghi v?n: 1 | T? l? nghi v?n: 0.5 | M?c ??: 8.0
"Let's just say it was inspired by the Somnoire. Imagination, after all, remains humanity's sharpest blade.",Thôi thì nói là lấy cảm hứng từ Somnoire đi. Dù sao thì trí tưởng tượng vẫn là vũ khí sắc bén nhất của loài người mà.,C?n ti?ng Anh nghi v?n: Somnoire | S? t?/c?m nghi v?n: 1 | T? l? nghi v?n: 0.5 | M?c ??: 8.0
(That visitor from Huanglong... He must know something about Fenrico.),Vị khách từ Huanglong... hắn chắc chắn biết gì đó về Fenrico.,C?n ti?ng Anh nghi v?n: Fenrico | S? t?/c?m nghi v?n: 1 | T? l? nghi v?n: 0.5 | M?c ??: 8.0
I need to see Fenrico.,Ta phải gặp Fenrico.,C?n ti?ng Anh nghi v?n: Fenrico | S? t?/c?m nghi v?n: 1 | T? l? nghi v?n: 0.5 | M?c ??: 8.0
"But if you need assistance, simply let someone know you seek the Order's aid. They'll take you to the Cathedral of Mercury.","Nhưng nếu cần trợ giúp, chỉ cần nói với ai đó rằng cậu muốn tìm sự trợ giúp của Hội. Họ sẽ đưa cậu đến Nhà thờ Mercury.",C?n ti?ng Anh nghi v?n: Mercury | S? t?/c?m nghi v?n: 1 | T? l? nghi v?n: 0.5 | M?c ??: 8.0
Tell Phoebe she must protect everyone inside the Cathedral. No matter what!,Nói với Phoebe là cô ấy phải bảo vệ mọi người trong Nhà thờ. Bằng mọi giá!,C?n ti?ng Anh nghi v?n: Phoebe | S? t?/c?m nghi v?n: 1 | T? l? nghi v?n: 0.5 | M?c ??: 8.0
Not quite. Just crossed paths earlier on Bank Street.,Không hẳn. Chỉ là tình cờ gặp nhau ở Phố Bank sớm hơn thôi.,C?n ti?ng Anh nghi v?n: Bank | S? t?/c?m nghi v?n: 1 | T? l? nghi v?n: 0.5 | M?c ??: 8.0
"An agent from <te href=260009>Mingting</te>? Wait, I know you.","Một đặc vụ từ <te href=260009>Mingting</te> à? Khoan, tôi biết cậu mà.",C?n ti?ng Anh nghi v?n: Mingting | S? t?/c?m nghi v?n: 1 | T? l? nghi v?n: 0.5 | M?c ??: 8.0
This bullet ended Cartethyia... yet I sense no malice from it.,Viên đạn này đã kết thúc Cartethyia... vậy mà ta không cảm nhận được chút ác ý nào từ nó.,C?n ti?ng Anh nghi v?n: Cartethyia | S? t?/c?m nghi v?n: 1 | T? l? nghi v?n: 0.5 | M?c ??: 8.0
"Chaotic, ever devouring, assimilating... That is Tacet Discord. A power not fully your own.","Hỗn loạn, nuốt chửng, đồng hóa... Đó chính là Tacet Discord. Một sức mạnh không hoàn toàn thuộc về ngươi.",C?n ti?ng Anh nghi v?n: Discord | S? t?/c?m nghi v?n: 1 | T? l? nghi v?n: 0.5 | M?c ??: 8.0
So Mingting had foreseen all this?,Vậy là Mingting đã lường trước tất cả rồi sao?,C?n ti?ng Anh nghi v?n: Mingting | S? t?/c?m nghi v?n: 1 | T? l? nghi v?n: 0.5 | M?c ??: 8.0
Fenrico should still be in the experiment site he secretly built.,Fenrico chắc vẫn còn ở khu thí nghiệm bí mật mà hắn dựng lên.,C?n ti?ng Anh nghi v?n: Fenrico | S? t?/c?m nghi v?n: 1 | T? l? nghi v?n: 0.5 | M?c ??: 8.0
"Speaking of which, Scar should be in Septimont now.","Nhắc mới nhớ, Scar chắc đang ở Septimont rồi.",C?n ti?ng Anh nghi v?n: Scar | S? t?/c?m nghi v?n: 1 | T? l? nghi v?n: 0.5 | M?c ??: 8.0
Grandmaster Liang from the Agency spoke in your defense.,Đại sư phụ Liang của Cơ Quan đã lên tiếng bảo vệ cậu.,C?n ti?ng Anh nghi v?n: Liang | S? t?/c?m nghi v?n: 1 | T? l? nghi v?n: 0.5 | M?c ??: 8.0
It's similar to what happened when I helped you see Cartethyia.,Nó giống với lần ta giúp cậu nhìn thấy Cartethyia ấy.,C?n ti?ng Anh nghi v?n: Cartethyia | S? t?/c?m nghi v?n: 1 | T? l? nghi v?n: 0.5 | M?c ??: 8.0
Have you seen Qiuyuan? The one from Huanglong.,Cậu có gặp Qiuyuan không? Người đến từ Huanglong ấy.,C?n ti?ng Anh nghi v?n: Qiuyuan | S? t?/c?m nghi v?n: 1 | T? l? nghi v?n: 0.5 | M?c ??: 8.0
"Is this your first visit to Ragunna, Augusta?","Lần đầu đến Ragunna hả, Augusta?",C?n ti?ng Anh nghi v?n: Augusta | S? t?/c?m nghi v?n: 1 | T? l? nghi v?n: 0.5 | M?c ??: 8.0
Scar and the other Fractsidus operatives got away...,Scar và những đặc vụ Fractsidus khác đã trốn thoát...,C?n ti?ng Anh nghi v?n: Scar | S? t?/c?m nghi v?n: 1 | T? l? nghi v?n: 0.5 | M?c ??: 8.0
"Come back alive, Sollad.","Trở về an toàn nhé, Sollad.",C?n ti?ng Anh nghi v?n: Sollad | S? t?/c?m nghi v?n: 1 | T? l? nghi v?n: 0.5 | M?c ??: 8.0
"Come back alive, Sollad.","Trở về an toàn nhé, Sollad.",C?n ti?ng Anh nghi v?n: Sollad | S? t?/c?m nghi v?n: 1 | T? l? nghi v?n: 0.5 | M?c ??: 8.0
A Discord Slayer? Where is she now?,Một Tacet Discord à? Giờ cô ấy ở đâu?,C?n ti?ng Anh nghi v?n: Discord | S? t?/c?m nghi v?n: 1 | T? l? nghi v?n: 0.5 | M?c ??: 8.0
"You mean the missing frequency, right? We've already cross-checked it against Chimera and Cartethyia's frequency samples left here at the Black Shores…",Ý cậu là tần số bị mất tích đúng không? Bọn tớ đã đối chiếu nó với mẫu tần số của Chimera và Cartethyia lưu lại ở Bờ Biển Đen rồi…,C?n ti?ng Anh nghi v?n: Chimera | S? t?/c?m nghi v?n: 1 | T? l? nghi v?n: 0.5 | M?c ??: 8.0
It's pretty obvious that some of these concepts align with terms from current Tacetite theories.,Rõ ràng là một số khái niệm này trùng khớp với các thuật ngữ trong lý thuyết Tacetite hiện tại.,C?n ti?ng Anh nghi v?n: Tacetite | S? t?/c?m nghi v?n: 1 | T? l? nghi v?n: 0.5 | M?c ??: 8.0
Blessed Maiden… where is the Blessed Maiden? And the Primus?,Thánh Nữ… Thánh Nữ đâu rồi? Còn Primus thì sao?,C?n ti?ng Anh nghi v?n: Primus | S? t?/c?m nghi v?n: 1 | T? l? nghi v?n: 0.5 | M?c ??: 8.0
I should've listened to Wanqin and returned home earlier.,Đáng lẽ tôi nên nghe lời Wanqin mà về nhà sớm hơn.,C?n ti?ng Anh nghi v?n: Wanqin | S? t?/c?m nghi v?n: 1 | T? l? nghi v?n: 0.5 | M?c ??: 8.0
"I'm Kasper, the troupe's Fireworks Master. I'm experimenting with this Golden Fleece, you see.","Tôi là Kasper, Bậc thầy Pháo Hoa của đoàn kịch. Tôi đang thử nghiệm với bộ lông cừu vàng này, cậu thấy đấy.",C?n ti?ng Anh nghi v?n: Kasper | S? t?/c?m nghi v?n: 1 | T? l? nghi v?n: 0.5 | M?c ??: 8.0
"Haha, and why shouldn't I?","Haha, sao lại không chứ?",C?n ti?ng Anh nghi v?n: Haha | S? t?/c?m nghi v?n: 1 | T? l? nghi v?n: 0.5 | M?c ??: 8.0
Gavino made it back home safe and sound… what a relief.,Gavino đã trở về nhà an toàn… thật là nhẹ cả người.,C?n ti?ng Anh nghi v?n: Gavino | S? t?/c?m nghi v?n: 1 | T? l? nghi v?n: 0.5 | M?c ??: 8.0
Sigh... No luck catching an underground troupe performance this time.,Thở dài... Lần này lại không xem được buổi diễn của đoàn underground rồi.,C?n ti?ng Anh nghi v?n: underground | S? t?/c?m nghi v?n: 1 | T? l? nghi v?n: 0.5 | M?c ??: 8.0
"Several days ago, I met a girl named Iuno.","Mấy hôm trước, ta gặp một cô gái tên Iuno.",C?n ti?ng Anh nghi v?n: Iuno | S? t?/c?m nghi v?n: 1 | T? l? nghi v?n: 0.5 | M?c ??: 8.0
Ephor Augusta's definitely the strongest!,Ephor Augusta chắc chắn là mạnh nhất rồi!,C?n ti?ng Anh nghi v?n: Ephor | S? t?/c?m nghi v?n: 1 | T? l? nghi v?n: 0.5 | M?c ??: 8.0
"After the catastrophe, Augusta has truly come into her own.","Sau thảm họa, Augusta đã thực sự trưởng thành.",C?n ti?ng Anh nghi v?n: Augusta | S? t?/c?m nghi v?n: 1 | T? l? nghi v?n: 0.5 | M?c ??: 8.0
"If you have questions about the Agons, I'm happy to help.","Nếu có câu hỏi gì về Agons, ta rất sẵn lòng giúp đỡ.",C?n ti?ng Anh nghi v?n: Agons | S? t?/c?m nghi v?n: 1 | T? l? nghi v?n: 0.5 | M?c ??: 8.0
"The vending machine jams and fails to dispense a drink, but Chisa seems to know exactly how to deal with the situation...","Máy bán hàng bị kẹt và không nhả đồ uống ra, nhưng Chisa dường như biết cách xử lý tình huống này...",C?n ti?ng Anh nghi v?n: Chisa | S? t?/c?m nghi v?n: 1 | T? l? nghi v?n: 0.5 | M?c ??: 8.0
Solaris to Chisa.,Solaris gửi tới Chisa.,C?n ti?ng Anh nghi v?n: Chisa | S? t?/c?m nghi v?n: 1 | T? l? nghi v?n: 0.5 | M?c ??: 8.0
I'll take care of it. Just like back in Neon Tower.,Để tớ lo việc này. Giống như hồi ở Tháp Neon ấy mà.,C?n ti?ng Anh nghi v?n: Neon | S? t?/c?m nghi v?n: 1 | T? l? nghi v?n: 0.5 | M?c ??: 8.0
"The kirigami didn't really look like anything, but when I told them, they'd always smile and pretend they understood.","Mấy bức kirigami chẳng giống gì cả, nhưng mỗi lần tôi khoe, họ đều cười và giả vờ hiểu.",C?n ti?ng Anh nghi v?n: kirigami | S? t?/c?m nghi v?n: 1 | T? l? nghi v?n: 0.5 | M?c ??: 8.0
I just remembered... Namipon always said the cafe needed more life. Maybe now is the time to try?,Tớ vừa nhớ ra... Namipon lúc nào cũng nói quán cà phê cần thêm sức sống. Có lẽ bây giờ là lúc thử rồi.,C?n ti?ng Anh nghi v?n: Namipon | S? t?/c?m nghi v?n: 1 | T? l? nghi v?n: 0.5 | M?c ??: 8.0
"The link between Honami and the real world is stabilizing, and the city's time flow is almost in sync.","Kết nối giữa Honami và thế giới thực đang dần ổn định, dòng chảy thời gian của thành phố cũng gần như đồng bộ.",C?n ti?ng Anh nghi v?n: Honami | S? t?/c?m nghi v?n: 1 | T? l? nghi v?n: 0.5 | M?c ??: 8.0
Not when I'm with you. The people at the Black Shores called it a miracle. That someone who was on the verge of Overclocking for so long could recover. But...,"Có anh ở bên, họ gọi đó là phép màu. Một người suýt rơi vào Overclocking quá lâu mà vẫn hồi phục được... Nhưng...",C?n ti?ng Anh nghi v?n: Overclocking | S? t?/c?m nghi v?n: 1 | T? l? nghi v?n: 0.5 | M?c ??: 8.0
"Ah, yes. It must be something that Chisa would fall in love with immediately.","À, đúng rồi. Chắc chắn đây là thứ Chisa sẽ mê ngay lập tức.",C?n ti?ng Anh nghi v?n: Chisa | S? t?/c?m nghi v?n: 1 | T? l? nghi v?n: 0.5 | M?c ??: 8.0
You see a glistening piece of amber on the bar counter. It reminds you of someone you once met.,Trên quầy bar có một mảnh hổ phách lấp lánh. Nó khiến cậu nhớ về ai đó mà mình từng gặp.,C?n ti?ng Anh nghi v?n: bar | S? t?/c?m nghi v?n: 1 | T? l? nghi v?n: 0.5 | M?c ??: 8.0
"Oh, say something, Passenger. This awkward silence is killing me...","Này, nói gì đi chứ, Passenger. Im lặng thế này chết người mất...",C?n ti?ng Anh nghi v?n: Passenger | S? t?/c?m nghi v?n: 1 | T? l? nghi v?n: 0.5 | M?c ??: 8.0
You must be Buling?,Chắc anh là Buling?,C?n ti?ng Anh nghi v?n: Buling | S? t?/c?m nghi v?n: 1 | T? l? nghi v?n: 0.5 | M?c ??: 8.0
"Hello, Namipon. You show the way? Been walking until my legs go jelly. Need to sit and rest a while.",Chào Namipon. Cậu chỉ đường cho tớ được không? Tớ đi mãi đến mức chân mềm nhũn rồi. Phải ngồi nghỉ một lát thôi.,C?n ti?ng Anh nghi v?n: Namipon | S? t?/c?m nghi v?n: 1 | T? l? nghi v?n: 0.5 | M?c ??: 8.0
"{PlayerName}, Chisa. I have arrived as scheduled.","{PlayerName}, Chisa đây. Ta đã đến đúng hẹn.",C?n ti?ng Anh nghi v?n: Chisa | S? t?/c?m nghi v?n: 1 | T? l? nghi v?n: 0.5 | M?c ??: 8.0
"She used to enjoy reading the archives, but in the past few days, I saw her staring off into the distance or performing kirigami.","Cô ấy từng rất thích đọc tài liệu lưu trữ, nhưng mấy ngày gần đây, tôi thấy cô ấy cứ nhìn xa xăm hoặc cắt giấy kirigami.",C?n ti?ng Anh nghi v?n: kirigami | S? t?/c?m nghi v?n: 1 | T? l? nghi v?n: 0.5 | M?c ??: 8.0
I'll go find Chisa.,Ta sẽ đi tìm Chisa.,C?n ti?ng Anh nghi v?n: Chisa | S? t?/c?m nghi v?n: 1 | T? l? nghi v?n: 0.5 | M?c ??: 8.0
There's no safer place in all of Honami.,Không nơi nào ở Honami an toàn hơn chỗ này.,C?n ti?ng Anh nghi v?n: Honami | S? t?/c?m nghi v?n: 1 | T? l? nghi v?n: 0.5 | M?c ??: 8.0
"Camellya, shouldn't you be on a mission?","Camellya, cậu không phải đang làm nhiệm vụ sao?",C?n ti?ng Anh nghi v?n: Camellya | S? t?/c?m nghi v?n: 1 | T? l? nghi v?n: 0.5 | M?c ??: 8.0
That's all in the past now. How's the Rice Dango?,Chuyện đó đã qua rồi mà. Bánh Dango gạo thế nào?,C?n ti?ng Anh nghi v?n: Dango | S? t?/c?m nghi v?n: 1 | T? l? nghi v?n: 0.5 | M?c ??: 8.0
"Be nice to the mascot, Abby.","Đối xử tử tế với linh vật nhé, Abby.",C?n ti?ng Anh nghi v?n: Abby | S? t?/c?m nghi v?n: 1 | T? l? nghi v?n: 0.5 | M?c ??: 8.0
But you and Chisa gathered everyone's strength and turned that big scary rock… into a sky full of stardust…,Nhưng cậu và Chisa đã tập hợp sức mạnh của mọi người và biến tảng đá đáng sợ ấy... thành cả bầu trời đầy sao...,C?n ti?ng Anh nghi v?n: Chisa | S? t?/c?m nghi v?n: 1 | T? l? nghi v?n: 0.5 | M?c ??: 8.0
"Then you curled up here in the cafe and took a nice, long nap. Chisa woke up first and watched you sleeping for a while.",Rồi cậu cuộn tròn ở quán cà phê này và ngủ một giấc thật say. Chisa tỉnh dậy trước và ngồi ngắm cậu ngủ một lúc.,C?n ti?ng Anh nghi v?n: Chisa | S? t?/c?m nghi v?n: 1 | T? l? nghi v?n: 0.5 | M?c ??: 8.0
It feels like we're back to our adventuring days in Honami.,Cảm giác như chúng ta đã trở lại những ngày phiêu lưu ở Honami.,C?n ti?ng Anh nghi v?n: Honami | S? t?/c?m nghi v?n: 1 | T? l? nghi v?n: 0.5 | M?c ??: 8.0
I already had a cup of coffee this morning. And please stop trying to be Namipon.,Sáng nay tớ đã uống cà phê rồi. Và làm ơn đừng cố bắt chước Namipon nữa.,C?n ti?ng Anh nghi v?n: Namipon | S? t?/c?m nghi v?n: 1 | T? l? nghi v?n: 0.5 | M?c ??: 8.0
"With the right tweak, maybe I can track it. Like I did with Neon Tower's—","Với vài điều chỉnh nhỏ, có lẽ tớ có thể theo dõi được nó. Như tớ đã làm với Tháp Neon ấy—",C?n ti?ng Anh nghi v?n: Neon | S? t?/c?m nghi v?n: 1 | T? l? nghi v?n: 0.5 | M?c ??: 8.0
Does that mean she's at Startorch? Why is she there? Is she... looking for me?,Vậy nghĩa là cô ấy đang ở Startorch à? Sao cô ấy lại ở đó? Cô ấy... đang tìm tớ à?,C?n ti?ng Anh nghi v?n: Startorch | S? t?/c?m nghi v?n: 1 | T? l? nghi v?n: 0.5 | M?c ??: 8.0
(Chisa will need some time to process everything.),(Chisa sẽ cần thời gian để xử lý mọi chuyện.),C?n ti?ng Anh nghi v?n: Chisa | S? t?/c?m nghi v?n: 1 | T? l? nghi v?n: 0.5 | M?c ??: 8.0
What do you know about Lahai-Roi?,Cậu biết gì về Lahai-Roi không?,C?n ti?ng Anh nghi v?n: Lahai | S? t?/c?m nghi v?n: 1 | T? l? nghi v?n: 0.5 | M?c ??: 8.0
I want to go back to Startorch Academy.,Tớ muốn quay lại Học viện Startorch.,C?n ti?ng Anh nghi v?n: Startorch | S? t?/c?m nghi v?n: 1 | T? l? nghi v?n: 0.5 | M?c ??: 8.0
I heard a voice on the radio just now.,Tớ vừa nghe thấy một giọng nói trên radio.,C?n ti?ng Anh nghi v?n: radio | S? t?/c?m nghi v?n: 1 | T? l? nghi v?n: 0.5 | M?c ??: 8.0
"Next up... Ehhh, gotta fix this radio.","Tiếp theo... Ê, phải sửa cái radio này đã.",C?n ti?ng Anh nghi v?n: radio | S? t?/c?m nghi v?n: 1 | T? l? nghi v?n: 0.5 | M?c ??: 8.0
"They just... go on, repeating their old lives and memories in this Sonoro city.","Họ cứ thế... tiếp tục, lặp lại những cuộc đời cũ và ký ức xưa trong thành phố Sonoro này.",C?n ti?ng Anh nghi v?n: Sonoro | S? t?/c?m nghi v?n: 1 | T? l? nghi v?n: 0.5 | M?c ??: 8.0
The last photo for the Honami City project is finally complete.,Bức ảnh cuối cùng cho dự án Thành phố Honami cuối cùng cũng đã hoàn thành.,C?n ti?ng Anh nghi v?n: Honami | S? t?/c?m nghi v?n: 1 | T? l? nghi v?n: 0.5 | M?c ??: 8.0
...I couldn't bear the thought of Honami being forgotten. I refused to let that happen.,...Tôi không thể chấp nhận việc Honami bị lãng quên. Tôi nhất quyết không để điều đó xảy ra.,C?n ti?ng Anh nghi v?n: Honami | S? t?/c?m nghi v?n: 1 | T? l? nghi v?n: 0.5 | M?c ??: 8.0
"Hello again, Passenger! Hm? Where's the other Passenger?","Lại gặp cậu rồi, Hành Khách! Hm? Hành Khách kia đâu rồi nhỉ?",C?n ti?ng Anh nghi v?n: Hm | S? t?/c?m nghi v?n: 1 | T? l? nghi v?n: 0.5 | M?c ??: 8.0
"Seeking out your help couldn't have been more right. Thank you! And of course, I have Namipon to thank for introducing us.","Tìm đến sự giúp đỡ của cậu quả là quyết định đúng đắn. Cảm ơn cậu! Dĩ nhiên, mình cũng phải cảm ơn Namipon đã giới thiệu chúng ta.",C?n ti?ng Anh nghi v?n: Namipon | S? t?/c?m nghi v?n: 1 | T? l? nghi v?n: 0.5 | M?c ??: 8.0
How about the Summer Arbor?,Hay là Arbor Mùa Hè?,C?n ti?ng Anh nghi v?n: Arbor | S? t?/c?m nghi v?n: 1 | T? l? nghi v?n: 0.5 | M?c ??: 8.0
(But Eri notices the Tower's anomalies... She really is different.),Nhưng Eri nhận ra những điểm bất thường của Tòa Tháp... Quả là khác người thật.,C?n ti?ng Anh nghi v?n: Eri | S? t?/c?m nghi v?n: 1 | T? l? nghi v?n: 0.5 | M?c ??: 8.0
(That tennis ball hopper over there... Is that some special frequency on it?),Cái máy ném bóng tennis đằng kia... không biết có tần số đặc biệt gì không nhỉ?,C?n ti?ng Anh nghi v?n: tennis | S? t?/c?m nghi v?n: 1 | T? l? nghi v?n: 0.5 | M?c ??: 8.0
"Excuse me, {Male=sir;Female=miss}... I think I lost my Namipon plushie.",Xin lỗi {Male=anh;Female=chị}... hình như tớ đánh mất búp bê Namipon rồi.,C?n ti?ng Anh nghi v?n: Namipon | S? t?/c?m nghi v?n: 1 | T? l? nghi v?n: 0.5 | M?c ??: 8.0
"You know, Honami Central Park used to top the ""This Park is Amazing!"" contest.","Cậu biết không, Công viên Trung tâm Honami từng đứng đầu bảng xếp hạng ""Công viên Tuyệt vời Nhất"" đấy.",C?n ti?ng Anh nghi v?n: Honami | S? t?/c?m nghi v?n: 1 | T? l? nghi v?n: 0.5 | M?c ??: 8.0
Maybe you should head back to Shashou Cafe first.,Có lẽ cậu nên quay về quán Shashou trước đi.,C?n ti?ng Anh nghi v?n: Shashou | S? t?/c?m nghi v?n: 1 | T? l? nghi v?n: 0.5 | M?c ??: 8.0
"There are so many of ""us"" here... This has to be enough to count as a kaidan, right?","Có quá nhiều ""chúng ta"" ở đây... Thế này đủ để gọi là một kaidan rồi nhỉ?",C?n ti?ng Anh nghi v?n: kaidan | S? t?/c?m nghi v?n: 1 | T? l? nghi v?n: 0.5 | M?c ??: 8.0
"Hehe, I wonder what other treats they might have there.","Hehe, không biết ở đó còn có món ngon nào khác không nhỉ.",C?n ti?ng Anh nghi v?n: Hehe | S? t?/c?m nghi v?n: 1 | T? l? nghi v?n: 0.5 | M?c ??: 8.0
"…Shashou Cafe, you say? Sounds like a nice spot to take a break.",…Quán Shashou à? Nghe có vẻ là chỗ lý tưởng để nghỉ ngơi đấy.,C?n ti?ng Anh nghi v?n: Shashou | S? t?/c?m nghi v?n: 1 | T? l? nghi v?n: 0.5 | M?c ??: 8.0
You should head to Shashou Cafe. It's safer there.,Cậu nên đến Quán Shashou. Ở đó an toàn hơn.,C?n ti?ng Anh nghi v?n: Shashou | S? t?/c?m nghi v?n: 1 | T? l? nghi v?n: 0.5 | M?c ??: 8.0
How could it not be Namipon...?,Sao lại không phải Namipon chứ...?,C?n ti?ng Anh nghi v?n: Namipon | S? t?/c?m nghi v?n: 1 | T? l? nghi v?n: 0.5 | M?c ??: 8.0
"But Namipon is short and doesn't look very strong... Anyway, thanks! Here, a gift for you!",Nhưng Namipon thấp bé và trông không khỏe lắm… Dù sao cũng cảm ơn cậu! Tặng cậu này!,C?n ti?ng Anh nghi v?n: Namipon | S? t?/c?m nghi v?n: 1 | T? l? nghi v?n: 0.5 | M?c ??: 8.0
Namipon is painted all over the city... It's just like the old times!,Namipon xuất hiện khắp thành phố... Giống y như ngày xưa vậy!,C?n ti?ng Anh nghi v?n: Namipon | S? t?/c?m nghi v?n: 1 | T? l? nghi v?n: 0.5 | M?c ??: 8.0
"…Okay, stop. Now I can almost feel Namipon crawling on my skin.",…Thôi dừng đi. Giờ tôi còn cảm giác như có Namipon bò trên da mình luôn rồi.,C?n ti?ng Anh nghi v?n: Namipon | S? t?/c?m nghi v?n: 1 | T? l? nghi v?n: 0.5 | M?c ??: 8.0
Looks like some hot-headed Lemming ticked off this whole pack of Geospiders.,Chắc có thằng Lemming nào nóng đầu chọc giận cả đàn Geospider rồi.,C?n ti?ng Anh nghi v?n: Lemming | S? t?/c?m nghi v?n: 1 | T? l? nghi v?n: 0.5 | M?c ??: 8.0
You look at frail little Misha. A gust of wind could knock her over.,Bạn nhìn cô bé Misha yếu ớt. Một cơn gió mạnh cũng đủ quật ngã con bé.,C?n ti?ng Anh nghi v?n: Misha | S? t?/c?m nghi v?n: 1 | T? l? nghi v?n: 0.5 | M?c ??: 8.0
"Lately, the Void Storm has been getting worse. Cargo-carrying Exoswarm will get confused and lose their way in the storm.","Gần đây, Bão Hư Không ngày càng dữ dội. Những Exoswarm chở hàng sẽ bị lạc đường trong cơn bão.",C?n ti?ng Anh nghi v?n: Exoswarm | S? t?/c?m nghi v?n: 1 | T? l? nghi v?n: 0.5 | M?c ??: 8.0
I'll go find Vantier.,Ta sẽ đi tìm Vantier.,C?n ti?ng Anh nghi v?n: Vantier | S? t?/c?m nghi v?n: 1 | T? l? nghi v?n: 0.5 | M?c ??: 8.0
I'll make sure these stickers reach Misha.,Ta sẽ gửi những miếng dán này đến Misha.,C?n ti?ng Anh nghi v?n: Misha | S? t?/c?m nghi v?n: 1 | T? l? nghi v?n: 0.5 | M?c ??: 8.0
The sticker shows a curious little Soliskin.,Hình dán cho thấy một Soliskin nhỏ bé đầy tò mò.,C?n ti?ng Anh nghi v?n: Soliskin | S? t?/c?m nghi v?n: 1 | T? l? nghi v?n: 0.5 | M?c ??: 8.0
"Help me cover the tent with Soliskin stickers, please. I... I miss Mom.",Giúp tôi dán sticker Soliskin lên lều với. Tôi... nhớ mẹ quá.,C?n ti?ng Anh nghi v?n: Soliskin | S? t?/c?m nghi v?n: 1 | T? l? nghi v?n: 0.5 | M?c ??: 8.0
"Oh, ""Sweetie"" is your name? The one who named you must have had a sweet tooth, hmm?","Ồ, tên cậu là ""Sweetie"" à? Người đặt tên cho cậu chắc hảo ngọt lắm nhỉ?",C?n ti?ng Anh nghi v?n: Sweetie | S? t?/c?m nghi v?n: 1 | T? l? nghi v?n: 0.5 | M?c ??: 8.0
"Hehehe, keep going! I'm having too much fun.","Hehehe, tiếp tục đi! Tớ đang rất vui đây.",C?n ti?ng Anh nghi v?n: Hehehe | S? t?/c?m nghi v?n: 1 | T? l? nghi v?n: 0.5 | M?c ??: 8.0
"To lay eyes on you once more, Arbiter, is a pleasure.","Được gặp lại ngài một lần nữa, Arbiter, quả là niềm vinh hạnh.",C?n ti?ng Anh nghi v?n: Arbiter | S? t?/c?m nghi v?n: 1 | T? l? nghi v?n: 0.5 | M?c ??: 8.0
"Thus, in the Solisylum, I alone am sufficient.","Vậy nên, tại Solisylum, chỉ riêng ta là đủ.",C?n ti?ng Anh nghi v?n: Solisylum | S? t?/c?m nghi v?n: 1 | T? l? nghi v?n: 0.5 | M?c ??: 8.0
Warren? They found out he has links to the Fractsidus.,Warren à? Họ phát hiện hắn có liên hệ với Fractsidus.,C?n ti?ng Anh nghi v?n: Warren | S? t?/c?m nghi v?n: 1 | T? l? nghi v?n: 0.5 | M?c ??: 8.0
"Maja, what brings you here today?","Maja, hôm nay cậu đến đây có việc gì thế?",C?n ti?ng Anh nghi v?n: Maja | S? t?/c?m nghi v?n: 1 | T? l? nghi v?n: 0.5 | M?c ??: 8.0
"Ah, the Predicted One? We meet again. Welcome to Haldarheim.","À, Người Được Tiên Tri à? Gặp lại rồi nhỉ. Chào mừng đến với Haldarheim.",C?n ti?ng Anh nghi v?n: Haldarheim | S? t?/c?m nghi v?n: 1 | T? l? nghi v?n: 0.5 | M?c ??: 8.0
"When you sought the truth of your own past, you met Shorekeeper in the Black Shores and reclaimed your duty as the organization's leader.","Khi đi tìm sự thật về quá khứ của chính mình, cậu đã gặp Shorekeeper ở Bãi Đen và lấy lại trách nhiệm làm thủ lĩnh của tổ chức.",C?n ti?ng Anh nghi v?n: Shorekeeper | S? t?/c?m nghi v?n: 1 | T? l? nghi v?n: 0.5 | M?c ??: 8.0
"She claimed she'd been searching for the ""Harbinger of the Dark Tide."" Yet, in your mind, the Harbinger, Fenrico, had long since perished beneath the sea.","Cô ấy khẳng định mình đang tìm kiếm ""Sứ Giả Của Thủy Triều Đen"". Nhưng trong tâm trí cậu, Sứ Giả ấy, Fenrico, đã chết dưới biển từ lâu rồi.",C?n ti?ng Anh nghi v?n: Fenrico | S? t?/c?m nghi v?n: 1 | T? l? nghi v?n: 0.5 | M?c ??: 8.0
Hmm... What if Exoswarm could duel...,Hừm... Nếu Exoswarm mà có thể đấu tay đôi...,C?n ti?ng Anh nghi v?n: Exoswarm | S? t?/c?m nghi v?n: 1 | T? l? nghi v?n: 0.5 | M?c ??: 8.0
Hmm... What if Exoswarm could duel...,Hừm... Nếu Exoswarm mà có thể đấu tay đôi...,C?n ti?ng Anh nghi v?n: Exoswarm | S? t?/c?m nghi v?n: 1 | T? l? nghi v?n: 0.5 | M?c ??: 8.0
Wouldn't a construction rig be more efficient than these Flora Drones?,Dùng dàn xây dựng không hiệu quả hơn mấy cái Flora Drone này à?,C?n ti?ng Anh nghi v?n: Flora | S? t?/c?m nghi v?n: 1 | T? l? nghi v?n: 0.5 | M?c ??: 8.0
"Baldur… that is the Exostrider's other name, is it not?",Baldur… đó chính là tên gọi khác của Exostrider phải không?,C?n ti?ng Anh nghi v?n: Baldur | S? t?/c?m nghi v?n: 1 | T? l? nghi v?n: 0.5 | M?c ??: 8.0
"If you hadn't called all the nearby Exoswarm over, we might've already...","Nếu cậu không gọi cả đám Exoswarm gần đó đến, có lẽ chúng ta đã...",C?n ti?ng Anh nghi v?n: Exoswarm | S? t?/c?m nghi v?n: 1 | T? l? nghi v?n: 0.5 | M?c ??: 8.0
"Okay, deep breaths. Remember... I'm a mech reindeer. An Ironhoof.","Được rồi, hít thở sâu nào. Nhớ rằng... ta là một chú tuần lộc cơ khí. Một Ironhoof.",C?n ti?ng Anh nghi v?n: Ironhoof | S? t?/c?m nghi v?n: 1 | T? l? nghi v?n: 0.5 | M?c ??: 8.0
H-How can that be?!,H-Sao lại thế được?!,C?n ti?ng Anh nghi v?n: H | S? t?/c?m nghi v?n: 1 | T? l? nghi v?n: 0.5 | M?c ??: 8.0
"Wow, that Kronapuff is so cute! How did you even get that shot?","Ồ, con Kronapuff này dễ thương quá! Cậu chụp được tấm này như thế nào vậy?",C?n ti?ng Anh nghi v?n: Kronapuff | S? t?/c?m nghi v?n: 1 | T? l? nghi v?n: 0.5 | M?c ??: 8.0
"Hehe, I had to sit in a bush for an entire day just to get this shot!","Hehe, mình đã phải ngồi trong bụi cả ngày trời chỉ để chụp được tấm này!",C?n ti?ng Anh nghi v?n: Hehe | S? t?/c?m nghi v?n: 1 | T? l? nghi v?n: 0.5 | M?c ??: 8.0
"Wow, that Kronapuff is so cute! How did you even get that shot?","Ồ, con Kronapuff này dễ thương quá! Cậu chụp được tấm này như thế nào vậy?",C?n ti?ng Anh nghi v?n: Kronapuff | S? t?/c?m nghi v?n: 1 | T? l? nghi v?n: 0.5 | M?c ??: 8.0
"Hehe, I had to sit in a bush for an entire day just to get this shot!","Hehe, mình đã phải ngồi trong bụi cả ngày trời chỉ để chụp được tấm này!",C?n ti?ng Anh nghi v?n: Hehe | S? t?/c?m nghi v?n: 1 | T? l? nghi v?n: 0.5 | M?c ??: 8.0
...Wootters? Are you sure that's from Huanglong?,...Wootters á? Cậu chắc chắn đó là từ Huanglong à?,C?n ti?ng Anh nghi v?n: Wootters | S? t?/c?m nghi v?n: 1 | T? l? nghi v?n: 0.5 | M?c ??: 8.0
"A true miracle of Exostrider Engineering, don't you think?","Một kỳ tích thực sự của kỹ thuật Exostrider, cậu không nghĩ vậy sao?",C?n ti?ng Anh nghi v?n: Exostrider | S? t?/c?m nghi v?n: 1 | T? l? nghi v?n: 0.5 | M?c ??: 8.0
You know… Helios tech could actually change the world.,Cậu biết không... công nghệ Helios thực sự có thể thay đổi cả thế giới.,C?n ti?ng Anh nghi v?n: Helios | S? t?/c?m nghi v?n: 1 | T? l? nghi v?n: 0.5 | M?c ??: 8.0
…I remember when the Startorch Express's signal system used to need manual operation.,…Tôi nhớ hồi hệ thống tín hiệu của Startorch Express còn phải vận hành thủ công.,C?n ti?ng Anh nghi v?n: Startorch | S? t?/c?m nghi v?n: 1 | T? l? nghi v?n: 0.5 | M?c ??: 8.0
"They said the autopilot had lag issues, so an operator needed to keep an eye on it.","Họ bảo hệ thống lái tự động bị lag, nên cần có người trực để theo dõi.",C?n ti?ng Anh nghi v?n: lag | S? t?/c?m nghi v?n: 1 | T? l? nghi v?n: 0.5 | M?c ??: 8.0
"Yeah, I found it. It's… um… a Super Seasalt Popcorn Multiflavored Chilly Tofu Energy Gel…","Ừ, tớ tìm thấy rồi. Là… ừm… một loại Gel Năng Lượng Đậu Phụ Cay Siêu Muối Biển Vị Bỏng Ngô Đa Hương…",C?n ti?ng Anh nghi v?n: Gel | S? t?/c?m nghi v?n: 1 | T? l? nghi v?n: 0.5 | M?c ??: 8.0
"Sigh, living the way we do now, I finally realize just how much we used to rely on the Exoswarm.","Thở dài, sống như bây giờ mới thấy chúng ta đã phụ thuộc vào Exoswarm nhiều đến thế nào.",C?n ti?ng Anh nghi v?n: Exoswarm | S? t?/c?m nghi v?n: 1 | T? l? nghi v?n: 0.5 | M?c ??: 8.0
The outsiders are taking a harder stance on the Outcasts by the day. What's your take on that?,Những kẻ bên ngoài ngày càng siết chặt hơn với bọn Outcasts. Cậu nghĩ sao về chuyện đó?,C?n ti?ng Anh nghi v?n: Outcasts | S? t?/c?m nghi v?n: 1 | T? l? nghi v?n: 0.5 | M?c ??: 8.0
But I never thought they'd actually go rob people... or even try to hurt the Exoswarm!,Nhưng ta không ngờ chúng lại đi cướp bóc người khác... thậm chí còn dám động đến Exoswarm!,C?n ti?ng Anh nghi v?n: Exoswarm | S? t?/c?m nghi v?n: 1 | T? l? nghi v?n: 0.5 | M?c ??: 8.0
How about going to Bjartr Woods for help? They won't turn us down.,Hay là đến Rừng Bjartr nhờ giúp đỡ? Họ sẽ không từ chối đâu.,C?n ti?ng Anh nghi v?n: Bjartr | S? t?/c?m nghi v?n: 1 | T? l? nghi v?n: 0.5 | M?c ??: 8.0
How about going to Bjartr Woods for help? They won't turn us down.,Hay là đến Rừng Bjartr nhờ giúp đỡ? Họ sẽ không từ chối đâu.,C?n ti?ng Anh nghi v?n: Bjartr | S? t?/c?m nghi v?n: 1 | T? l? nghi v?n: 0.5 | M?c ??: 8.0
"Go, Barry! My thesis on ""Stress Adaptation Desensitization Therapy"" depends on you...","Đi đi, Barry! Luận án của ta về ""Liệu pháp Giải mẫn cảm Thích ứng Căng thẳng"" còn trông cậy vào cậu đấy...",C?n ti?ng Anh nghi v?n: Barry | S? t?/c?m nghi v?n: 1 | T? l? nghi v?n: 0.5 | M?c ??: 8.0
"Beep, beep! Connecting to a message from ""Professor Dalton""—","Bíp bíp! Đang kết nối với tin nhắn từ ""Giáo sư Dalton""...",C?n ti?ng Anh nghi v?n: Dalton | S? t?/c?m nghi v?n: 1 | T? l? nghi v?n: 0.5 | M?c ??: 8.0
Huh?! Professor Dalton? How did you...,Hả?! Giáo sư Dalton? Sao thầy lại ở đây...,C?n ti?ng Anh nghi v?n: Dalton | S? t?/c?m nghi v?n: 1 | T? l? nghi v?n: 0.5 | M?c ??: 8.0
"Mr. Hagner, please stop complaining to your reindeer.","Ông Hagner, làm ơn đừng có cằn nhằn với con tuần lộc của ông nữa.",C?n ti?ng Anh nghi v?n: Hagner | S? t?/c?m nghi v?n: 1 | T? l? nghi v?n: 0.5 | M?c ??: 8.0
"Mr. Hagner, please stop complaining to your reindeer.","Ông Hagner, làm ơn đừng có cằn nhằn với con tuần lộc của ông nữa.",C?n ti?ng Anh nghi v?n: Hagner | S? t?/c?m nghi v?n: 1 | T? l? nghi v?n: 0.5 | M?c ??: 8.0
"A Module of Lahai-Roi? Absolutely no, you can't take that.","Mô-đun của Lahai-Roi? Tuyệt đối không được, cậu không thể lấy cái đó.",C?n ti?ng Anh nghi v?n: Lahai | S? t?/c?m nghi v?n: 1 | T? l? nghi v?n: 0.5 | M?c ??: 8.0
"Just trust the Voidwatch Tower's report, okay?","Cứ tin báo cáo của Tháp Voidwatch đi, được không?",C?n ti?ng Anh nghi v?n: Voidwatch | S? t?/c?m nghi v?n: 1 | T? l? nghi v?n: 0.5 | M?c ??: 8.0
"And I remember Professor Rutherford rushing to the scene with his team. He was a total hot mess, and of course, he had a lot more hair back then.","Và ta vẫn nhớ Giáo sư Rutherford hối hả chạy đến hiện trường cùng đội của ông ấy. Lúc đó ông trông thật luộm thuộm, tất nhiên, tóc ông dày hơn bây giờ nhiều.",C?n ti?ng Anh nghi v?n: Rutherford | S? t?/c?m nghi v?n: 1 | T? l? nghi v?n: 0.5 | M?c ??: 8.0
"Tweaking the Twin Nova's engine experiment, of course. Just save the dumb question.",Tất nhiên là đang điều chỉnh thí nghiệm động cơ Twin Nova rồi. Đừng có hỏi mấy câu ngớ ngẩn nữa.,C?n ti?ng Anh nghi v?n: Twin | S? t?/c?m nghi v?n: 1 | T? l? nghi v?n: 0.5 | M?c ??: 8.0
"Now... both of you, turn off the Starstack, please...",Giờ thì... cả hai cậu tắt Starstack đi được không...,C?n ti?ng Anh nghi v?n: Starstack | S? t?/c?m nghi v?n: 1 | T? l? nghi v?n: 0.5 | M?c ??: 8.0
These are all good lessons from the Roya. Bear them in mind!,Đây đều là những bài học quý giá từ Roya. Hãy ghi nhớ chúng!,C?n ti?ng Anh nghi v?n: Roya | S? t?/c?m nghi v?n: 1 | T? l? nghi v?n: 0.5 | M?c ??: 8.0
Can you finally piece together an Exoswarm with all its limbs working?,Cuối cùng cậu cũng có thể lắp ráp một Exoswarm với đầy đủ các chi hoạt động được rồi nhỉ?,C?n ti?ng Anh nghi v?n: Exoswarm | S? t?/c?m nghi v?n: 1 | T? l? nghi v?n: 0.5 | M?c ??: 8.0
These are all good lessons from the Roya. Bear them in mind!,Đây đều là những bài học quý giá từ Roya. Hãy ghi nhớ chúng!,C?n ti?ng Anh nghi v?n: Roya | S? t?/c?m nghi v?n: 1 | T? l? nghi v?n: 0.5 | M?c ??: 8.0
But I can't even play a decent game of gomoku. Are you sure you want me as a consultant?,Nhưng tớ còn chẳng chơi được một ván cờ gomoku tử tế. Cậu chắc chắn muốn mời tớ làm cố vấn sao?,C?n ti?ng Anh nghi v?n: gomoku | S? t?/c?m nghi v?n: 1 | T? l? nghi v?n: 0.5 | M?c ??: 8.0
You're already a Synchronist at Rabelle College. This assessment isn't for you. Let me explain...,Cậu đã là Đồng Bộ Giả của Học viện Rabelle rồi. Bài đánh giá này không dành cho cậu đâu. Để tôi giải thích...,C?n ti?ng Anh nghi v?n: Rabelle | S? t?/c?m nghi v?n: 1 | T? l? nghi v?n: 0.5 | M?c ??: 8.0
"Oh yeah, I almost forgot that Dr. Herssen is a club advisor. I'll contact him right now!","À đúng rồi, mình suýt quên mất Giáo sư Herssen là cố vấn câu lạc bộ. Mình sẽ liên lạc với thầy ngay bây giờ!",C?n ti?ng Anh nghi v?n: Herssen | S? t?/c?m nghi v?n: 1 | T? l? nghi v?n: 0.5 | M?c ??: 8.0
That kid is going to withdraw from Startorch. I couldn't convince him to stay.,Thằng nhóc đó sắp rút khỏi Startorch rồi. Ta không thuyết phục được nó ở lại.,C?n ti?ng Anh nghi v?n: Startorch | S? t?/c?m nghi v?n: 1 | T? l? nghi v?n: 0.5 | M?c ??: 8.0
That Chisa from prep class knows a lot about Waveworn Phenomena.,Cô Chisa trong lớp dự bị biết nhiều về Hiện Tượng Bị Sóng Ăn Mòn lắm.,C?n ti?ng Anh nghi v?n: Chisa | S? t?/c?m nghi v?n: 1 | T? l? nghi v?n: 0.5 | M?c ??: 8.0
She was with us at the Department of Exostrider Engineering twelve years ago. Don't even think about poaching her!,"Mười hai năm trước, cô ấy đã cùng chúng tôi ở Bộ phận Kỹ thuật Exostrider. Đừng có mà dòm ngó cô ấy!",C?n ti?ng Anh nghi v?n: Exostrider | S? t?/c?m nghi v?n: 1 | T? l? nghi v?n: 0.5 | M?c ??: 8.0
So Professor Mortefi is an old acquaintance of the President?,Vậy Giáo Sư Mortefi là người quen cũ của Chủ Tịch à?,C?n ti?ng Anh nghi v?n: Mortefi | S? t?/c?m nghi v?n: 1 | T? l? nghi v?n: 0.5 | M?c ??: 8.0
Could it mean the Exostrider is in its final repair phase? That it just... doesn't need them anymore?,Liệu có nghĩa là Exostrider đang ở giai đoạn sửa chữa cuối cùng? Rằng nó đơn giản... không cần chúng nữa?,C?n ti?ng Anh nghi v?n: Exostrider | S? t?/c?m nghi v?n: 1 | T? l? nghi v?n: 0.5 | M?c ??: 8.0
The Third Epoch the Roya always talk about... It might really be here.,Kỷ nguyên Thứ Ba mà lũ Roya luôn nhắc đến... Có lẽ nó đã thực sự đến rồi.,C?n ti?ng Anh nghi v?n: Roya | S? t?/c?m nghi v?n: 1 | T? l? nghi v?n: 0.5 | M?c ??: 8.0
The Third Epoch the Roya always talk about... It might really be here.,Kỷ nguyên Thứ Ba mà lũ Roya luôn nhắc đến... Có lẽ nó đã thực sự đến rồi.,C?n ti?ng Anh nghi v?n: Roya | S? t?/c?m nghi v?n: 1 | T? l? nghi v?n: 0.5 | M?c ??: 8.0
"""...Just a bunch of fanciful Royan myths. No scholarly merit."" That's all I ever hear.","""...Chỉ là những truyền thuyết Royan viển vông. Chẳng có giá trị học thuật gì cả."" Tôi nghe mãi câu này rồi.",C?n ti?ng Anh nghi v?n: Royan | S? t?/c?m nghi v?n: 1 | T? l? nghi v?n: 0.5 | M?c ??: 8.0
"Right! But Outcasts here? Smart and ruthless... Academy inventions, imported goods... they snatch everything.","Đúng! Nhưng bọn Outcasts ở đây thì... thông minh và tàn nhẫn. Đồ chế tạo từ Học viện, hàng nhập khẩu... chúng cướp sạch mọi thứ.",C?n ti?ng Anh nghi v?n: Outcasts | S? t?/c?m nghi v?n: 1 | T? l? nghi v?n: 0.5 | M?c ??: 8.0
"Pole reversals, violent climate change, the Waveworn Phenomenon... The Roya endured it all. It's what shaped this complicated, new world we know.","Đảo cực, biến đổi khí hậu khắc nghiệt, Hiện Tượng Xói Mòn Sóng... Vương Quốc Roya đã trải qua tất cả. Chính những điều đó đã tạo nên thế giới phức tạp và mới mẻ này.",C?n ti?ng Anh nghi v?n: Roya | S? t?/c?m nghi v?n: 1 | T? l? nghi v?n: 0.5 | M?c ??: 8.0
Every shipment into Lahai-Roi is a nightmare...,Mỗi chuyến hàng vào Lahai-Roi đều là một cơn ác mộng...,C?n ti?ng Anh nghi v?n: Lahai | S? t?/c?m nghi v?n: 1 | T? l? nghi v?n: 0.5 | M?c ??: 8.0
Only then can it board the Lollo Logistics ship and land at the frostlands port.,"Chỉ khi đó, nó mới có thể lên tàu hậu cần Lollo và cập bến tại cảng vùng băng giá.",C?n ti?ng Anh nghi v?n: Lollo | S? t?/c?m nghi v?n: 1 | T? l? nghi v?n: 0.5 | M?c ??: 8.0
"Ahaha, well, it's more fun together!","Ahaha, thế này vui hơn nhiều mà!",C?n ti?ng Anh nghi v?n: Ahaha | S? t?/c?m nghi v?n: 1 | T? l? nghi v?n: 0.5 | M?c ??: 8.0
So you're saying I never should've asked you to take Gnawee back in the first place?,Vậy là cậu đang nói tớ không nên nhờ cậu đưa Gnawee về nhà ngay từ đầu?,C?n ti?ng Anh nghi v?n: Gnawee | S? t?/c?m nghi v?n: 1 | T? l? nghi v?n: 0.5 | M?c ??: 8.0
How am I supposed to use this Sunstone?,Làm sao tôi dùng viên Sunstone này?,C?n ti?ng Anh nghi v?n: Sunstone | S? t?/c?m nghi v?n: 1 | T? l? nghi v?n: 0.5 | M?c ??: 8.0
Zahira was literally stunned. Don't tell me you didn't feel anything?,Zahira sững người luôn. Cậu không cảm thấy gì sao?,C?n ti?ng Anh nghi v?n: Zahira | S? t?/c?m nghi v?n: 1 | T? l? nghi v?n: 0.5 | M?c ??: 8.0
"Well, President Lucilla does have a strong grip...","Ừ thì, bà Chủ tịch Lucilla nắm quyền khá chặt tay đấy nhỉ…",C?n ti?ng Anh nghi v?n: Lucilla | S? t?/c?m nghi v?n: 1 | T? l? nghi v?n: 0.5 | M?c ??: 8.0
"Sir, has Mr. Lycowell from the Department of Engineering returned?","Thưa ngài, ông Lycowell từ Khoa Kỹ thuật đã về chưa ạ?",C?n ti?ng Anh nghi v?n: Lycowell | S? t?/c?m nghi v?n: 1 | T? l? nghi v?n: 0.5 | M?c ??: 8.0
"Aw, c'mon... It's just a leave request slip. No need to be so serious about it, right, Ms. Melnyka?","Ôi, thôi mà... Chỉ là đơn xin nghỉ phép thôi mà. Đừng có căng thế chứ, chị Melnyka?",C?n ti?ng Anh nghi v?n: Melnyka | S? t?/c?m nghi v?n: 1 | T? l? nghi v?n: 0.5 | M?c ??: 8.0
"Aw, c'mon... It's just a leave request slip. No need to be so serious about it, right, Ms. Melnyka?","Ôi, thôi mà... Chỉ là đơn xin nghỉ phép thôi mà. Đừng có căng thế chứ, chị Melnyka?",C?n ti?ng Anh nghi v?n: Melnyka | S? t?/c?m nghi v?n: 1 | T? l? nghi v?n: 0.5 | M?c ??: 8.0
"Outside Startorch Academy, where else can you find an Archive this open, with limitless experimental data?","Ngoài Học viện Startorch, nơi nào khác có kho Lưu Trữ mở như thế này, với nguồn dữ liệu thí nghiệm vô tận?",C?n ti?ng Anh nghi v?n: Startorch | S? t?/c?m nghi v?n: 1 | T? l? nghi v?n: 0.5 | M?c ??: 8.0
Or there's a Sonoro hiding under the Academy?,Hay có một Sonoro đang ẩn nấp dưới Học viện?,C?n ti?ng Anh nghi v?n: Sonoro | S? t?/c?m nghi v?n: 1 | T? l? nghi v?n: 0.5 | M?c ??: 8.0
"Oh wow… it actually tastes like pizza! Rich flavor, packed with energy... Th-this is the Academy's crown jewel!","Ôi chao... vị này giống pizza thật đấy! Hương vị đậm đà, đầy năng lượng... Cái-cái này đúng là bảo vật của Học viện rồi!",C?n ti?ng Anh nghi v?n: pizza | S? t?/c?m nghi v?n: 1 | T? l? nghi v?n: 0.5 | M?c ??: 8.0
Honestly? I think the Spacetrek Collective's emblem has way better design sense.,Thật lòng mà nói? Biểu tượng của Spacetrek Collective thiết kế đẹp hơn nhiều.,C?n ti?ng Anh nghi v?n: Spacetrek | S? t?/c?m nghi v?n: 1 | T? l? nghi v?n: 0.5 | M?c ??: 8.0
"Exactly. Ah, you're a freshman from Rabelle College, aren't you? Sharp insight.","Đúng rồi. À, cậu là tân sinh viên của Học viện Rabelle phải không? Nhận xét sắc bén đấy.",C?n ti?ng Anh nghi v?n: Rabelle | S? t?/c?m nghi v?n: 1 | T? l? nghi v?n: 0.5 | M?c ??: 8.0
I want to live like a Roya.,Ta muốn sống như một Roya.,C?n ti?ng Anh nghi v?n: Roya | S? t?/c?m nghi v?n: 1 | T? l? nghi v?n: 0.5 | M?c ??: 8.0
I want to live like a Roya.,Ta muốn sống như một Roya.,C?n ti?ng Anh nghi v?n: Roya | S? t?/c?m nghi v?n: 1 | T? l? nghi v?n: 0.5 | M?c ??: 8.0
Did you lose a Geospider robot or something?,Cậu bị mất con robot Nhện Địa chất à?,C?n ti?ng Anh nghi v?n: robot | S? t?/c?m nghi v?n: 1 | T? l? nghi v?n: 0.5 | M?c ??: 8.0
Did you lose a Geospider robot or something?,Cậu bị mất con robot Nhện Địa chất à?,C?n ti?ng Anh nghi v?n: robot | S? t?/c?m nghi v?n: 1 | T? l? nghi v?n: 0.5 | M?c ??: 8.0
We just got a new classmate from Ashinohara. It was wild hearing there are still places where Resonators aren't welcome...,"Vừa có một bạn học mới chuyển đến từ Ashinohara. Nghe mà lạ, vẫn còn nơi không chấp nhận Cộng Hưởng Giả...",C?n ti?ng Anh nghi v?n: Ashinohara | S? t?/c?m nghi v?n: 1 | T? l? nghi v?n: 0.5 | M?c ??: 8.0
Guess I'll have to ask Sigrika after all.,Chắc cuối cùng ta cũng phải nhờ Sigrika thôi.,C?n ti?ng Anh nghi v?n: Sigrika | S? t?/c?m nghi v?n: 1 | T? l? nghi v?n: 0.5 | M?c ??: 8.0
Did you make this Soliskin plushie yourself?,Cậu tự làm con thú nhồi bông Soliskin này à?,C?n ti?ng Anh nghi v?n: Soliskin | S? t?/c?m nghi v?n: 1 | T? l? nghi v?n: 0.5 | M?c ??: 8.0
"Arthelia, you've received the blessing of the Reactor's glow!","Arthelia, ngươi đã được ban phước bởi ánh sáng của Lò Phản Ứng!",C?n ti?ng Anh nghi v?n: Arthelia | S? t?/c?m nghi v?n: 1 | T? l? nghi v?n: 0.5 | M?c ??: 8.0
Yes. Look... This is the Imprint I received.,Ừ. Nhìn này... Đây là Imprint ta nhận được.,C?n ti?ng Anh nghi v?n: Imprint | S? t?/c?m nghi v?n: 1 | T? l? nghi v?n: 0.5 | M?c ??: 8.0
Yes. Look... This is the Imprint I received.,Ừ. Nhìn này... Đây là Imprint ta nhận được.,C?n ti?ng Anh nghi v?n: Imprint | S? t?/c?m nghi v?n: 1 | T? l? nghi v?n: 0.5 | M?c ??: 8.0
Why are you crying? Is the food at Startorch Academy really that bad?,Sao lại khóc? Đồ ăn ở Học viện Startorch có tệ đến thế à?,C?n ti?ng Anh nghi v?n: Startorch | S? t?/c?m nghi v?n: 1 | T? l? nghi v?n: 0.5 | M?c ??: 8.0
…The wild Exoswarm all seem to have a soft spot for it.,…Bọn Exoswarm hoang dã hình như lại thích cái đó ghê.,C?n ti?ng Anh nghi v?n: Exoswarm | S? t?/c?m nghi v?n: 1 | T? l? nghi v?n: 0.5 | M?c ??: 8.0
"Your paper submission is late by exactly 2 Lahai-Roi days, 7 hours, 5 minutes, and 36 seconds.","Bài nghiên cứu của cậu trễ đúng 2 ngày Lahai-Roi, 7 giờ, 5 phút và 36 giây.",C?n ti?ng Anh nghi v?n: Lahai | S? t?/c?m nghi v?n: 1 | T? l? nghi v?n: 0.5 | M?c ??: 8.0
"You once claimed a Fluffguin stole your paper, causing the delay.","Có lần cậu bảo một con Fluffguin ăn cắp giấy của cậu, khiến cậu nộp muộn.",C?n ti?ng Anh nghi v?n: Fluffguin | S? t?/c?m nghi v?n: 1 | T? l? nghi v?n: 0.5 | M?c ??: 8.0
Look at your classmate Elios! Now that's a model student!,"Nhìn Elios, bạn cùng lớp của cậu kìa! Đó mới là học sinh gương mẫu chứ!",C?n ti?ng Anh nghi v?n: Elios | S? t?/c?m nghi v?n: 1 | T? l? nghi v?n: 0.5 | M?c ??: 8.0
"The Roya do not ""tame"" the Exoswarm. We guide them, or walk with them.","Người Roya không ""thuần hóa"" Bầy Ngoại Ký. Chúng ta dẫn dắt chúng, hoặc cùng sánh bước với chúng.",C?n ti?ng Anh nghi v?n: Roya | S? t?/c?m nghi v?n: 1 | T? l? nghi v?n: 0.5 | M?c ??: 8.0
(Walla: Students groaning in disappointment.),(Walla: Học sinh rên rỉ thất vọng.),C?n ti?ng Anh nghi v?n: Walla | S? t?/c?m nghi v?n: 1 | T? l? nghi v?n: 0.5 | M?c ??: 8.0
Uh... why did Dr. Luuk leave a stretcher in the bay?,Ừm... sao bác sĩ Luuk lại để cái cáng ở bãi thế nhỉ?,C?n ti?ng Anh nghi v?n: Luuk | S? t?/c?m nghi v?n: 1 | T? l? nghi v?n: 0.5 | M?c ??: 8.0
Does anyone here know Sigrika from the prep course?,Có ai ở đây biết Sigrika từ khóa học dự bị không?,C?n ti?ng Anh nghi v?n: Sigrika | S? t?/c?m nghi v?n: 1 | T? l? nghi v?n: 0.5 | M?c ??: 8.0
…You're as stubborn as those Royan formulas chiseled into stone tablets.,…Cậu cứng đầu y như những công thức Royan được khắc trên đá vậy.,C?n ti?ng Anh nghi v?n: Royan | S? t?/c?m nghi v?n: 1 | T? l? nghi v?n: 0.5 | M?c ??: 8.0
Alona… will you do research with me… f-forever?!,Alona à… cậu có muốn cùng tớ nghiên cứu… m-mãi mãi không?!,C?n ti?ng Anh nghi v?n: Alona | S? t?/c?m nghi v?n: 1 | T? l? nghi v?n: 0.5 | M?c ??: 8.0
Just look at this paragraph! It reads like you were hallucinating on Lahai-Roi mushrooms!,Nhìn đoạn văn này đi! Đọc như cậu vừa hít phải nấm Lahai-Roi ấy!,C?n ti?ng Anh nghi v?n: Lahai | S? t?/c?m nghi v?n: 1 | T? l? nghi v?n: 0.5 | M?c ??: 8.0
...Guess that's why the wild Exoswarm all seem to have a soft spot for it.,...Chắc vì thế mà bọn Exoswarm hoang dã đều có vẻ thích nó.,C?n ti?ng Anh nghi v?n: Exoswarm | S? t?/c?m nghi v?n: 1 | T? l? nghi v?n: 0.5 | M?c ??: 8.0
"So you banned Zahira from campus, but not her mech reindeer?","Vậy là cậu cấm Zahira vào trường, nhưng lại không cấm con tuần lộc cơ khí của cô ấy à?",C?n ti?ng Anh nghi v?n: Zahira | S? t?/c?m nghi v?n: 1 | T? l? nghi v?n: 0.5 | M?c ??: 8.0
"I can give you a ride to the training grounds today, but stay away from my Syncjack!","Hôm nay tớ chở cậu đến bãi tập được đấy, nhưng đừng có đụng vào Syncjack của tớ nhé!",C?n ti?ng Anh nghi v?n: Syncjack | S? t?/c?m nghi v?n: 1 | T? l? nghi v?n: 0.5 | M?c ??: 8.0
"Option A: ""Install antivirus software""… Huh? What kind of nonsense is this?!","Lựa chọn A: ""Cài đặt phần mềm diệt virus""... Hả? Cái quái gì thế này?!",C?n ti?ng Anh nghi v?n: A | S? t?/c?m nghi v?n: 1 | T? l? nghi v?n: 0.5 | M?c ??: 8.0
"Your paper submission has been delayed for 2 Lahai-Roi days, 7 hours, 5 minutes, and 36 seconds.","Bài nghiên cứu của cậu bị trì hoãn 2 ngày Lahai-Roi, 7 giờ, 5 phút và 36 giây.",C?n ti?ng Anh nghi v?n: Lahai | S? t?/c?m nghi v?n: 1 | T? l? nghi v?n: 0.5 | M?c ??: 8.0
…You're as stubborn as those Royan formulas chiseled into stone tablets.,…Cậu cứng đầu y như những công thức Royan được khắc trên đá vậy.,C?n ti?ng Anh nghi v?n: Royan | S? t?/c?m nghi v?n: 1 | T? l? nghi v?n: 0.5 | M?c ??: 8.0
"So, Fluffguin, did you eat my sample?","Này, Fluffguin, ngươi ăn mất mẫu vật của ta à?",C?n ti?ng Anh nghi v?n: Fluffguin | S? t?/c?m nghi v?n: 1 | T? l? nghi v?n: 0.5 | M?c ??: 8.0
"I heard the President once invited Professor Mornye to play, claiming it was ""for cultural research.""","Nghe nói Chủ tịch từng mời Giáo sư Mornye đi chơi, bảo là ""để nghiên cứu văn hóa"" ấy mà.",C?n ti?ng Anh nghi v?n: Mornye | S? t?/c?m nghi v?n: 1 | T? l? nghi v?n: 0.5 | M?c ??: 8.0
I'd been banging my head against that problem for a month. Professor Mornye solved it in a day.,Tớ đã vật lộn với vấn đề đó cả tháng trời. Giáo sư Mornye giải quyết nó chỉ trong một ngày.,C?n ti?ng Anh nghi v?n: Mornye | S? t?/c?m nghi v?n: 1 | T? l? nghi v?n: 0.5 | M?c ??: 8.0
"Oh, wow, Eyvra! Look at you! I almost didn't recognize you!","Ôi, Eyvra! Nhìn cậu kìa! Suýt nữa thì mình không nhận ra đấy!",C?n ti?ng Anh nghi v?n: Eyvra | S? t?/c?m nghi v?n: 1 | T? l? nghi v?n: 0.5 | M?c ??: 8.0
"N-no energy gel, really… I can handle it! Just a bit dizzy… I'll be fine if I can just lie down… ugh…",Không có gel năng lượng thật à... Nhưng tôi chịu được mà! Chỉ hơi chóng mặt thôi... Nằm nghỉ tí là ổn ngay... ư...,C?n ti?ng Anh nghi v?n: gel | S? t?/c?m nghi v?n: 1 | T? l? nghi v?n: 0.5 | M?c ??: 8.0
Muahaha! Now I'm the only one who can solve this riddle!,Muahaha! Giờ chỉ mình ta giải được câu đố này thôi!,C?n ti?ng Anh nghi v?n: Muahaha | S? t?/c?m nghi v?n: 1 | T? l? nghi v?n: 0.5 | M?c ??: 8.0
Hey there! Got a minute to try the new Instant Wakeup Energy Gel Sachet?,Này này! Có thời gian thử gói Gel Năng Lượng Tỉnh Táo mới không?,C?n ti?ng Anh nghi v?n: Gel | S? t?/c?m nghi v?n: 1 | T? l? nghi v?n: 0.5 | M?c ??: 8.0
You mean Chisa? No. Uh-uh. You're definitely daydreaming.,Cậu nói Chisa à? Không. Không đời nào. Cậu chắc là mơ giữa ban ngày rồi.,C?n ti?ng Anh nghi v?n: Chisa | S? t?/c?m nghi v?n: 1 | T? l? nghi v?n: 0.5 | M?c ??: 8.0
"Outcasts, there are. Shunned by both the Academy and their own tribe. They make a living from making Royan forgeries.",Kẻ bị ruồng bỏ thì có đấy. Bị cả Học viện lẫn bộ tộc của mình xa lánh. Chúng kiếm sống bằng cách làm giả Royan.,C?n ti?ng Anh nghi v?n: Royan | S? t?/c?m nghi v?n: 1 | T? l? nghi v?n: 0.5 | M?c ??: 8.0
"Here, take my Ironhoof.","Này, cầm lấy Ironhoof của ta đi.",C?n ti?ng Anh nghi v?n: Ironhoof | S? t?/c?m nghi v?n: 1 | T? l? nghi v?n: 0.5 | M?c ??: 8.0
"But still, how did that girl even know Gugloo wanted something different? Do you think she can really... talk to animals?","Nhưng mà, làm sao cô bé đó biết Gugloo muốn thứ khác chứ? Cậu nghĩ cô ấy thật sự... nói chuyện được với động vật không?",C?n ti?ng Anh nghi v?n: Gugloo | S? t?/c?m nghi v?n: 1 | T? l? nghi v?n: 0.5 | M?c ??: 8.0
Where is Foreseer Yngvar? Isn't he the Eye's successor?,Người Kế Vị Nhãn Tộc Yngvar đâu rồi? Không lẽ hắn không phải là người kế nhiệm sao?,C?n ti?ng Anh nghi v?n: Yngvar | S? t?/c?m nghi v?n: 1 | T? l? nghi v?n: 0.5 | M?c ??: 8.0
Sun above! Then you might meet Lady Sigrika in the flesh?,Trời đất ơi! Vậy là cậu có thể gặp tận mặt Quý cô Sigrika sao?,C?n ti?ng Anh nghi v?n: Sigrika | S? t?/c?m nghi v?n: 1 | T? l? nghi v?n: 0.5 | M?c ??: 8.0
Sun above! Then you might meet Lady Sigrika in the flesh?,Trời đất ơi! Vậy là cậu có thể gặp tận mặt Quý cô Sigrika sao?,C?n ti?ng Anh nghi v?n: Sigrika | S? t?/c?m nghi v?n: 1 | T? l? nghi v?n: 0.5 | M?c ??: 8.0
Who's Gugloo?,Gugloo là ai thế?,C?n ti?ng Anh nghi v?n: Gugloo | S? t?/c?m nghi v?n: 1 | T? l? nghi v?n: 0.5 | M?c ??: 8.0
I'm a student from Startorch Academy... I got lost and can't find my way back...,Tôi là sinh viên Học viện Startorch... Tôi bị lạc và không tìm được đường về...,C?n ti?ng Anh nghi v?n: Startorch | S? t?/c?m nghi v?n: 1 | T? l? nghi v?n: 0.5 | M?c ??: 8.0
I'm a student from Startorch Academy... I got lost and can't find my way back...,Tôi là sinh viên Học viện Startorch... Tôi bị lạc và không tìm được đường về...,C?n ti?ng Anh nghi v?n: Startorch | S? t?/c?m nghi v?n: 1 | T? l? nghi v?n: 0.5 | M?c ??: 8.0
I ran into her when I was walking the Soliskin. Could you help her back to the Academy?,Tôi tình cờ gặp cô ấy khi đang đi dạo trên Soliskin. Cậu có thể đưa cô ấy về Học viện được không?,C?n ti?ng Anh nghi v?n: Soliskin | S? t?/c?m nghi v?n: 1 | T? l? nghi v?n: 0.5 | M?c ??: 8.0
"If you're looking for someone to lead the way, this Drone is more than enough!","Nếu cậu cần người dẫn đường, con Drone này thừa sức đảm nhiệm!",C?n ti?ng Anh nghi v?n: Drone | S? t?/c?m nghi v?n: 1 | T? l? nghi v?n: 0.5 | M?c ??: 8.0
"My goodness, Sif! Aren't you supposed to be at the Academy?","Trời ơi, Sif! Chẳng phải cậu phải ở Học viện sao?",C?n ti?ng Anh nghi v?n: Sif | S? t?/c?m nghi v?n: 1 | T? l? nghi v?n: 0.5 | M?c ??: 8.0
It was three days ago. He murdered an Ironhoof in cold blood.,Ba ngày trước. Hắn đã giết một Ironhoof một cách lạnh lùng.,C?n ti?ng Anh nghi v?n: Ironhoof | S? t?/c?m nghi v?n: 1 | T? l? nghi v?n: 0.5 | M?c ??: 8.0
"I want a pet Soliskin, too!",Tớ cũng muốn nuôi một con Soliskin!,C?n ti?ng Anh nghi v?n: Soliskin | S? t?/c?m nghi v?n: 1 | T? l? nghi v?n: 0.5 | M?c ??: 8.0
"A pet? That's no way of referring to the Soliskin. They're our companions, and before that, they're independent beings bearing their own sacred duties.","Thú cưng à? Không thể gọi Soliskin như vậy được. Chúng là bạn đồng hành của ta, và trước hết, chúng là những cá thể độc lập với sứ mệnh thiêng liêng của riêng mình.",C?n ti?ng Anh nghi v?n: Soliskin | S? t?/c?m nghi v?n: 1 | T? l? nghi v?n: 0.5 | M?c ??: 8.0
"...They fell asleep again. Damn, I really need to ask Dr. Luuk if he has any suggestions to fix this.","...Lại ngủ gật rồi. Chết tiệt, phải hỏi bác sĩ Luuk xem có cách nào chữa không thôi.",C?n ti?ng Anh nghi v?n: Luuk | S? t?/c?m nghi v?n: 1 | T? l? nghi v?n: 0.5 | M?c ??: 8.0
"Who's in charge of that again, Isla?","Lần này ai phụ trách việc đó nhỉ, Isla?",C?n ti?ng Anh nghi v?n: Isla | S? t?/c?m nghi v?n: 1 | T? l? nghi v?n: 0.5 | M?c ??: 8.0
"Then one day, I woke up and my graduation project <i>actually</i> got eaten! Ugh... What about you?","Rồi một ngày đẹp trời, tớ thức dậy và thấy dự án tốt nghiệp của mình <i>bị ăn mất thật rồi</i>! Ugh... Còn cậu thì sao?",C?n ti?ng Anh nghi v?n: Ugh | S? t?/c?m nghi v?n: 1 | T? l? nghi v?n: 0.5 | M?c ??: 8.0
Does the chip still work?,Con chip này vẫn hoạt động chứ?,C?n ti?ng Anh nghi v?n: chip | S? t?/c?m nghi v?n: 1 | T? l? nghi v?n: 0.5 | M?c ??: 8.0
This station mainly serves institutional orders for the Spacetrek Collective Research Institute.,Ga này chủ yếu phục vụ các đơn hàng của Viện Nghiên cứu Tập thể Spacetrek.,C?n ti?ng Anh nghi v?n: Spacetrek | S? t?/c?m nghi v?n: 1 | T? l? nghi v?n: 0.5 | M?c ??: 8.0
"""Prohibited: Using Solis Lens Array models to heat lunch boxes."" Did someone actually try this for real?","""Cấm: Dùng mô hình Mảng Thấu Kính Solis để hâm nóng hộp cơm trưa."" Ai đó thực sự đã thử làm chuyện này thật à?",C?n ti?ng Anh nghi v?n: Solis | S? t?/c?m nghi v?n: 1 | T? l? nghi v?n: 0.5 | M?c ??: 8.0
"Someone knocked over a petri dish. The spores got into the cooling vents. The next day, the whole server room... Well, it wasn't pretty...","Có kẻ làm đổ đĩa petri. Bào tử lọt vào hệ thống thông gió. Ngày hôm sau, cả phòng máy chủ... thôi, cảnh tượng chẳng đẹp đẽ gì.",C?n ti?ng Anh nghi v?n: petri | S? t?/c?m nghi v?n: 1 | T? l? nghi v?n: 0.5 | M?c ??: 8.0
Too bad the first-gen models got scrapped fast. Their color scheme looked way too much like a Voidworm. A shame.,Tiếc là các mẫu đời đầu bị loại bỏ nhanh quá. Màu sắc của chúng nhìn giống Voidworm đến kỳ lạ. Thật đáng tiếc.,C?n ti?ng Anh nghi v?n: Voidworm | S? t?/c?m nghi v?n: 1 | T? l? nghi v?n: 0.5 | M?c ??: 8.0
Startorch Academy. To have meat stew.,Học viện Startorch. Có món hầm thịt ngon lành.,C?n ti?ng Anh nghi v?n: Startorch | S? t?/c?m nghi v?n: 1 | T? l? nghi v?n: 0.5 | M?c ??: 8.0
Hmm... It looks like your Cassette is functioning normally and doesn't need to be re-burned.,"Hừm... Có vẻ như Cassette của cậu vẫn hoạt động bình thường, không cần ghi lại đâu.",C?n ti?ng Anh nghi v?n: Cassette | S? t?/c?m nghi v?n: 1 | T? l? nghi v?n: 0.5 | M?c ??: 8.0
"...Mediated? You mean getting rid of anyone who disagrees with him? And let's not forget, the Helios project wasn't even his to manage in the first place.","...Dàn xếp á? Ý cậu là loại bỏ bất kỳ ai không đồng ý với hắn? Đừng quên, dự án Helios thậm chí còn không thuộc quyền quản lý của hắn từ đầu.",C?n ti?ng Anh nghi v?n: Helios | S? t?/c?m nghi v?n: 1 | T? l? nghi v?n: 0.5 | M?c ??: 8.0
"Helios power output, stable... This is our new beginning! Finally...",Công suất Helios ổn định... Đây là khởi đầu mới của chúng ta! Cuối cùng cũng...,C?n ti?ng Anh nghi v?n: Helios | S? t?/c?m nghi v?n: 1 | T? l? nghi v?n: 0.5 | M?c ??: 8.0
"You mean the all-in-one gel that's supposed to be an appetizer, stew, steak, and dessert?","Ý cậu là loại gel đa năng đó, vừa là khai vị, vừa là món hầm, bít tết, lại còn là tráng miệng luôn à?",C?n ti?ng Anh nghi v?n: gel | S? t?/c?m nghi v?n: 1 | T? l? nghi v?n: 0.5 | M?c ??: 8.0
"Not a Clockatoo... There, there. You can stop yapping now...","Không phải Clockatoo đâu... Thôi nào, im mồm đi...",C?n ti?ng Anh nghi v?n: Clockatoo | S? t?/c?m nghi v?n: 1 | T? l? nghi v?n: 0.5 | M?c ??: 8.0
"You mean the Heliodic Six? Hmph, just because they have unprecedented mathematical talents doesn't give them the right to look down on everyone.","Ý cậu là Lục Heliodic hả? Hừ, chỉ vì họ có tài năng toán học vượt trội đâu có quyền coi thường người khác.",C?n ti?ng Anh nghi v?n: Heliodic | S? t?/c?m nghi v?n: 1 | T? l? nghi v?n: 0.5 | M?c ??: 8.0
Outsiders often mistake the Roya division of labor for some outdated caste system.,Những kẻ ngoài cuộc thường nhầm lẫn sự phân công lao động của Roya là một hệ thống đẳng cấp lỗi thời.,C?n ti?ng Anh nghi v?n: Roya | S? t?/c?m nghi v?n: 1 | T? l? nghi v?n: 0.5 | M?c ??: 8.0
"If the Roya approve, I'd love to set up a camp in Bjartr Woods and study them in depth...","Nếu Hội Hoàng Gia đồng ý, tôi rất muốn dựng trại ở Rừng Bjartr để nghiên cứu chúng thật kỹ...",C?n ti?ng Anh nghi v?n: Bjartr | S? t?/c?m nghi v?n: 1 | T? l? nghi v?n: 0.5 | M?c ??: 8.0
"Heh, an intriguing invitation. Very well, I'll play your game.","Heh, lời mời thật thú vị. Được thôi, ta sẽ chơi trò của ngươi.",C?n ti?ng Anh nghi v?n: Heh | S? t?/c?m nghi v?n: 1 | T? l? nghi v?n: 0.5 | M?c ??: 8.0
Ha! I'll bet mine too. That grant is ours!,Ha! Tớ cũng cá luôn! Khoản trợ cấp này là của chúng ta rồi!,C?n ti?ng Anh nghi v?n: Ha | S? t?/c?m nghi v?n: 1 | T? l? nghi v?n: 0.5 | M?c ??: 8.0
"We built it ourselves, every brick and panel...","Chúng tôi tự tay xây dựng nơi này, từng viên gạch, từng tấm panel...",C?n ti?ng Anh nghi v?n: panel | S? t?/c?m nghi v?n: 1 | T? l? nghi v?n: 0.5 | M?c ??: 8.0
"That's a load of scrap! The Mechascouts were busy fighting off Void Storms, and the Exoswarm only listen to the Roya! They weren't on construction duty!","Toàn là đồ vớ vẩn! Lính Tuần Thám Cơ Giới lúc đó đang bận chống lại Bão Hư Không, còn Bầy Ngoại Cảm chỉ nghe lệnh của Roya thôi! Họ đâu có rảnh mà xây dựng!",C?n ti?ng Anh nghi v?n: Roya | S? t?/c?m nghi v?n: 1 | T? l? nghi v?n: 0.5 | M?c ??: 8.0
"With cannons from the Department of Exostrider Engineering, of course! They had to blast the ground flat before laying the foundation.",Tất nhiên là bằng đại bác của Cục Kỹ Thuật Exostrider! Họ phải bắn phẳng mặt đất trước khi đặt nền móng.,C?n ti?ng Anh nghi v?n: Exostrider | S? t?/c?m nghi v?n: 1 | T? l? nghi v?n: 0.5 | M?c ??: 8.0
So this is the Royan barter system the professor told us about!,Vậy đây là hệ thống trao đổi Royan mà giáo sư đã kể!,C?n ti?ng Anh nghi v?n: Royan | S? t?/c?m nghi v?n: 1 | T? l? nghi v?n: 0.5 | M?c ??: 8.0
"That's a Kronapuff. Fond of you, it seems.",Đó là một con Kronapuff. Có vẻ nó rất thích cậu đấy.,C?n ti?ng Anh nghi v?n: Kronapuff | S? t?/c?m nghi v?n: 1 | T? l? nghi v?n: 0.5 | M?c ??: 8.0
"Haha, take care! The juice goes everywhere!","Haha, cẩn thận đấy! Nước bắn tung tóe hết!",C?n ti?ng Anh nghi v?n: Haha | S? t?/c?m nghi v?n: 1 | T? l? nghi v?n: 0.5 | M?c ??: 8.0
Let's hope the light of Helios is as gentle and warm.,Hy vọng ánh sáng của Helios sẽ dịu dàng và ấm áp.,C?n ti?ng Anh nghi v?n: Helios | S? t?/c?m nghi v?n: 1 | T? l? nghi v?n: 0.5 | M?c ??: 8.0
They can mend damaged Exoswarm. Just as the spirit sustains the flesh.,Chúng có thể sửa chữa Exoswarm bị hư hại. Tinh thần nuôi dưỡng thể xác cũng vậy.,C?n ti?ng Anh nghi v?n: Exoswarm | S? t?/c?m nghi v?n: 1 | T? l? nghi v?n: 0.5 | M?c ??: 8.0
"Spacetrek Explorer, go! Why are you staring at the wall?!","Nhà thám hiểm Spacetrek, đi nào! Sao lại đứng nhìn tường thế?!",C?n ti?ng Anh nghi v?n: Spacetrek | S? t?/c?m nghi v?n: 1 | T? l? nghi v?n: 0.5 | M?c ??: 8.0
"Spacetrek Explorer, go! Why are you staring at the wall?!","Nhà thám hiểm Spacetrek, đi nào! Sao lại đứng nhìn tường thế?!",C?n ti?ng Anh nghi v?n: Spacetrek | S? t?/c?m nghi v?n: 1 | T? l? nghi v?n: 0.5 | M?c ??: 8.0
"Charging into an active Voidworm zone alone, and even getting the Academy to revoke your punishment...","Một mình lao vào vùng Voidworm đang hoạt động, lại còn khiến Học viện hủy bỏ hình phạt của cậu...",C?n ti?ng Anh nghi v?n: Voidworm | S? t?/c?m nghi v?n: 1 | T? l? nghi v?n: 0.5 | M?c ??: 8.0
Why did you design the Mechascout without even a basic shield?!,Sao cậu thiết kế Mechascout mà chẳng thèm lắp cả cái khiên cơ bản vậy?!,C?n ti?ng Anh nghi v?n: Mechascout | S? t?/c?m nghi v?n: 1 | T? l? nghi v?n: 0.5 | M?c ??: 8.0
O God of All Machines... Exostrider above...,Ôi Thần Của Mọi Cỗ Máy... Đấng Exostrider tối cao...,C?n ti?ng Anh nghi v?n: Exostrider | S? t?/c?m nghi v?n: 1 | T? l? nghi v?n: 0.5 | M?c ??: 8.0
"For a freshman operating a Mechascout for the first time, getting worked up is completely normal. Take a deep breath. Calm yourself down.","Với một tân binh lần đầu điều khiển Mechascout, hồi hộp là chuyện bình thường thôi. Hít thở sâu nào. Bình tĩnh lại đi.",C?n ti?ng Anh nghi v?n: Mechascout | S? t?/c?m nghi v?n: 1 | T? l? nghi v?n: 0.5 | M?c ??: 8.0
"Alright, then one last time with me—Startorch Race—Rev it up!!","Được rồi, cùng nhau lần cuối nào—Cuộc đua Startorch—Bùng nổ lên!!",C?n ti?ng Anh nghi v?n: Startorch | S? t?/c?m nghi v?n: 1 | T? l? nghi v?n: 0.5 | M?c ??: 8.0
"Get fat, get eaten! The pet Kronapuff we had at home was just like that!",Mập lên đi rồi bị ăn thịt! Con thú cưng Kronapuff nhà tớ ngày xưa cũng thế!,C?n ti?ng Anh nghi v?n: Kronapuff | S? t?/c?m nghi v?n: 1 | T? l? nghi v?n: 0.5 | M?c ??: 8.0
"When it comes to Waveworn research, the Black Shores has tons of field experience.","Nói đến nghiên cứu về Waveworn, Bờ Biển Đen có vô số kinh nghiệm thực địa.",C?n ti?ng Anh nghi v?n: Waveworn | S? t?/c?m nghi v?n: 1 | T? l? nghi v?n: 0.5 | M?c ??: 8.0
Be extra careful when picking wild Edelschnee seeds.,Hãy cực kỳ cẩn thận khi hái hạt Edelschnee dại.,C?n ti?ng Anh nghi v?n: Edelschnee | S? t?/c?m nghi v?n: 1 | T? l? nghi v?n: 0.5 | M?c ??: 8.0
Such terrifying creatures... were once Exoswarm. But the Void Storm turned them into something else entirely.,Những sinh vật đáng sợ này... từng là Exoswarm. Nhưng Bão Hư Không đã biến chúng thành thứ hoàn toàn khác.,C?n ti?ng Anh nghi v?n: Exoswarm | S? t?/c?m nghi v?n: 1 | T? l? nghi v?n: 0.5 | M?c ??: 8.0
Is this that famous Royan memory I've heard about...?,Đây có phải là ký ức nổi tiếng của Royan mà tôi từng nghe...?,C?n ti?ng Anh nghi v?n: Royan | S? t?/c?m nghi v?n: 1 | T? l? nghi v?n: 0.5 | M?c ??: 8.0
Dr. Herssen and his medical team were swamped the entire afternoon.,Tiến sĩ Herssen và đội ngũ y tế của ông đã bận rộn suốt cả buổi chiều.,C?n ti?ng Anh nghi v?n: Herssen | S? t?/c?m nghi v?n: 1 | T? l? nghi v?n: 0.5 | M?c ??: 8.0
"But, Mr. Gauss! The equation alone takes up at least half a page!","Nhưng mà, ông Gauss ơi! Chỉ riêng phương trình thôi đã chiếm nửa trang giấy rồi!",C?n ti?ng Anh nghi v?n: Gauss | S? t?/c?m nghi v?n: 1 | T? l? nghi v?n: 0.5 | M?c ??: 8.0
"""Broad academic perspective."" ""Graduated from the Department of Voidmatters with a 4.7 GPA.""","""Tầm nhìn học thuật rộng mở."" ""Tốt nghiệp Khoa Vật Chất Hư Không với GPA 4.7.""",C?n ti?ng Anh nghi v?n: GPA | S? t?/c?m nghi v?n: 1 | T? l? nghi v?n: 0.5 | M?c ??: 8.0
"Yeah, Rabelle College requires you to complete courses from every department.","Ừ, Đại Học Rabelle yêu cầu phải hoàn thành khóa học của mọi khoa.",C?n ti?ng Anh nghi v?n: Rabelle | S? t?/c?m nghi v?n: 1 | T? l? nghi v?n: 0.5 | M?c ??: 8.0
"Ugh, another Royan Culture lecture...","Ui, lại một tiết Văn hóa Royan nữa...",C?n ti?ng Anh nghi v?n: Royan | S? t?/c?m nghi v?n: 1 | T? l? nghi v?n: 0.5 | M?c ??: 8.0
Just say you're a Roya from the New Federation.,Cứ nói là cậu đến từ Roya của Liên Bang Mới đi.,C?n ti?ng Anh nghi v?n: Roya | S? t?/c?m nghi v?n: 1 | T? l? nghi v?n: 0.5 | M?c ??: 8.0
"If you really know so much about the Roya, then I only have one question for you.","Nếu cậu thực sự biết nhiều về Roya như vậy, ta chỉ còn một câu hỏi muốn hỏi cậu thôi.",C?n ti?ng Anh nghi v?n: Roya | S? t?/c?m nghi v?n: 1 | T? l? nghi v?n: 0.5 | M?c ??: 8.0
"Frostbiter Stew, and Braised Kronapuff Wrapped in Lichen!",Canh Răng Sương và Bánh Kronapuff hấp rêu!,C?n ti?ng Anh nghi v?n: Kronapuff | S? t?/c?m nghi v?n: 1 | T? l? nghi v?n: 0.5 | M?c ??: 8.0
Maybe... I'll just apply to work with Professor Mornye.,Có lẽ... Tớ sẽ nộp đơn xin làm việc với Giáo sư Mornye thôi.,C?n ti?ng Anh nghi v?n: Mornye | S? t?/c?m nghi v?n: 1 | T? l? nghi v?n: 0.5 | M?c ??: 8.0
The Overtonic Society has a frequency extraction device that can capture their voices.,Hội Overtonic có thiết bị trích xuất tần số có thể ghi lại giọng nói của họ.,C?n ti?ng Anh nghi v?n: Overtonic | S? t?/c?m nghi v?n: 1 | T? l? nghi v?n: 0.5 | M?c ??: 8.0
"You've been stuck in the lab all day, and you still have energy for a club?",Cậu nhốt mình trong phòng thí nghiệm cả ngày rồi mà vẫn còn sức để đi club à?,C?n ti?ng Anh nghi v?n: club | S? t?/c?m nghi v?n: 1 | T? l? nghi v?n: 0.5 | M?c ??: 8.0
Forcing a STEM student to cram all that history is a crime against nature anyway.,Ép một sinh viên STEM phải nhồi nhét cả đống lịch sử như thế chẳng khác nào tội ác với tự nhiên.,C?n ti?ng Anh nghi v?n: STEM | S? t?/c?m nghi v?n: 1 | T? l? nghi v?n: 0.5 | M?c ??: 8.0
Can't believe they managed to blast a hole in it. 3D printing alone won't cut it for a patch job.,Không thể tin họ lại có thể bắn thủng nó. Chỉ in 3D thôi thì không đủ để vá lại đâu.,C?n ti?ng Anh nghi v?n: in | S? t?/c?m nghi v?n: 1 | T? l? nghi v?n: 0.5 | M?c ??: 8.0
I saw him with Professor Mornye the other day.,Ta thấy hắn đi cùng Giáo sư Mornye hôm nọ.,C?n ti?ng Anh nghi v?n: Mornye | S? t?/c?m nghi v?n: 1 | T? l? nghi v?n: 0.5 | M?c ??: 8.0
(Ask why Lupa is here.),Hỏi tại sao Lupa lại ở đây.,C?n ti?ng Anh nghi v?n: Lupa | S? t?/c?m nghi v?n: 1 | T? l? nghi v?n: 0.5 | M?c ??: 8.0
(Ask Lupa about her drink preferences.),Hỏi Lupa xem cô ấy thích uống gì.,C?n ti?ng Anh nghi v?n: Lupa | S? t?/c?m nghi v?n: 1 | T? l? nghi v?n: 0.5 | M?c ??: 8.0
"Sounds like a nightmare. But against the Laureate? Huh, I bet it didn't stand a chance.","Nghe như một cơn ác mộng. Nhưng đối đầu với Laureate à? Hừ, chắc nó chẳng còn cơ hội nào đâu.",C?n ti?ng Anh nghi v?n: Laureate | S? t?/c?m nghi v?n: 1 | T? l? nghi v?n: 0.5 | M?c ??: 8.0
Hm? Curious why I'm so fond of iced drinks?,Hm? Tò mò vì sao tôi lại thích đồ uống đá đến thế à?,C?n ti?ng Anh nghi v?n: Hm | S? t?/c?m nghi v?n: 1 | T? l? nghi v?n: 0.5 | M?c ??: 8.0
"…Oh, this is amazing! So cooling, it hits the spot better than Heartpour! You know, you could go pro with this, Warrior. I'd endorse you for free!","…Ôi, tuyệt quá! Mát lịm, còn sảng khoái hơn cả Heartpour luôn! Chiến binh này, cậu mà đi làm chuyên nghiệp thì tôi ủng hộ không công nhé!",C?n ti?ng Anh nghi v?n: Heartpour | S? t?/c?m nghi v?n: 1 | T? l? nghi v?n: 0.5 | M?c ??: 8.0
(Ask Cartethyia about her drink preferences.),Hỏi Cartethyia xem cô ấy thích uống gì.,C?n ti?ng Anh nghi v?n: Cartethyia | S? t?/c?m nghi v?n: 1 | T? l? nghi v?n: 0.5 | M?c ??: 8.0
"This is delightful! That airy flavor... it reminds me of the breeze in Egla town. Thank you, {PlayerName}.","Thật là tuyệt vời! Hương vị nhẹ nhàng này... làm ta nhớ đến làn gió ở thị trấn Egla. Cảm ơn cậu, {PlayerName}.",C?n ti?ng Anh nghi v?n: Egla | S? t?/c?m nghi v?n: 1 | T? l? nghi v?n: 0.5 | M?c ??: 8.0
(Ask Mornye about her drink preferences.),Hỏi Mornye xem cô ấy thích uống gì.,C?n ti?ng Anh nghi v?n: Mornye | S? t?/c?m nghi v?n: 1 | T? l? nghi v?n: 0.5 | M?c ??: 8.0
I think Lucilla meant well.,Ta nghĩ Lucilla chỉ có ý tốt thôi.,C?n ti?ng Anh nghi v?n: Lucilla | S? t?/c?m nghi v?n: 1 | T? l? nghi v?n: 0.5 | M?c ??: 8.0
President Lucilla told me the same thing. I suppose that's why she went out of her way to trick me into coming to this party.,Chủ tịch Lucilla cũng nói với tôi như vậy. Chắc đó là lý do bà ấy phải bày mưu để kéo tôi đến bữa tiệc này.,C?n ti?ng Anh nghi v?n: Lucilla | S? t?/c?m nghi v?n: 1 | T? l? nghi v?n: 0.5 | M?c ??: 8.0
(Ask Mornye about her drink preferences.),Hỏi Mornye xem cô ấy thích uống gì.,C?n ti?ng Anh nghi v?n: Mornye | S? t?/c?m nghi v?n: 1 | T? l? nghi v?n: 0.5 | M?c ??: 8.0
I think Lucilla meant well.,Ta nghĩ Lucilla chỉ có ý tốt thôi.,C?n ti?ng Anh nghi v?n: Lucilla | S? t?/c?m nghi v?n: 1 | T? l? nghi v?n: 0.5 | M?c ??: 8.0
President Lucilla told me the same thing. I suppose that's why she went out of her way to trick me into coming to this party.,Chủ tịch Lucilla cũng nói với tôi như vậy. Chắc đó là lý do bà ấy phải bày mưu để kéo tôi đến bữa tiệc này.,C?n ti?ng Anh nghi v?n: Lucilla | S? t?/c?m nghi v?n: 1 | T? l? nghi v?n: 0.5 | M?c ??: 8.0
Found any new Royan runes around here?,Tìm thấy ký tự Royan mới nào quanh đây không?,C?n ti?ng Anh nghi v?n: Royan | S? t?/c?m nghi v?n: 1 | T? l? nghi v?n: 0.5 | M?c ??: 8.0
Found any new Royan runes around here?,Tìm thấy ký tự Royan mới nào quanh đây không?,C?n ti?ng Anh nghi v?n: Royan | S? t?/c?m nghi v?n: 1 | T? l? nghi v?n: 0.5 | M?c ??: 8.0
"Yes, sir! ...And this bonsai, sir?","Dạ, thưa ngài! ...Còn cái cây bonsai này thì sao, thưa ngài?",C?n ti?ng Anh nghi v?n: bonsai | S? t?/c?m nghi v?n: 1 | T? l? nghi v?n: 0.5 | M?c ??: 8.0
"Oh, I'm pretty new! Just got assigned under Maji myself.","Ồ, ta còn rất mới! Mới được phân công dưới trướng Maji thôi.",C?n ti?ng Anh nghi v?n: Maji | S? t?/c?m nghi v?n: 1 | T? l? nghi v?n: 0.5 | M?c ??: 8.0
"These giant wrecks became shelters from the cold for the Roya, allowing one tribe to survive.","Những xác tàu khổng lồ này đã trở thành nơi trú ẩn khỏi cái lạnh cho người Roya, giúp cả một bộ tộc sống sót.",C?n ti?ng Anh nghi v?n: Roya | S? t?/c?m nghi v?n: 1 | T? l? nghi v?n: 0.5 | M?c ??: 8.0
"Have you ever seen a ""Glommoth,"" child?","Đứa trẻ à, ngươi đã từng thấy một con ""Glommoth"" chưa?",C?n ti?ng Anh nghi v?n: Glommoth | S? t?/c?m nghi v?n: 1 | T? l? nghi v?n: 0.5 | M?c ??: 8.0
"Have you ever seen a ""Glommoth,"" child?","Đứa trẻ à, ngươi đã từng thấy một con ""Glommoth"" chưa?",C?n ti?ng Anh nghi v?n: Glommoth | S? t?/c?m nghi v?n: 1 | T? l? nghi v?n: 0.5 | M?c ??: 8.0
Would you like to hear a story about a Glommoth?,Muốn nghe câu chuyện về Glommoth không?,C?n ti?ng Anh nghi v?n: Glommoth | S? t?/c?m nghi v?n: 1 | T? l? nghi v?n: 0.5 | M?c ??: 8.0
I'm with the Spacetrek Collective: Research Institute Expedition Team. Led the discovery of Area 51. My contribution score is still a chart topper!,Tôi thuộc Đội Thám Hiểm Viện Nghiên Cứu của Tập Đoàn Spacetrek. Chính tôi dẫn đầu phát hiện Khu Vực 51. Điểm đóng góp của tôi vẫn đứng đầu bảng đấy!,C?n ti?ng Anh nghi v?n: Spacetrek | S? t?/c?m nghi v?n: 1 | T? l? nghi v?n: 0.5 | M?c ??: 8.0
C-Can we really just do that?,C-Có thật là chúng ta làm vậy được không?,C?n ti?ng Anh nghi v?n: C | S? t?/c?m nghi v?n: 1 | T? l? nghi v?n: 0.5 | M?c ??: 8.0
So this Clockatoo has become... a kind of a symbol?,Vậy là Clockatoo này đã trở thành... một biểu tượng sao?,C?n ti?ng Anh nghi v?n: Clockatoo | S? t?/c?m nghi v?n: 1 | T? l? nghi v?n: 0.5 | M?c ??: 8.0
"I remember your WavesLine address was set in the frostlands. Now that you're finally here, don't you want to stay a little longer?","Ta nhớ địa chỉ WavesLine của ngươi ở vùng băng giá. Giờ ngươi đã đến đây rồi, không muốn ở lại thêm chút à?",C?n ti?ng Anh nghi v?n: WavesLine | S? t?/c?m nghi v?n: 1 | T? l? nghi v?n: 0.5 | M?c ??: 8.0
"Guided by them, the lost man found his way home. And ever since, the Roya have had a deep bond with these marvelous creatures.","Nhờ chúng dẫn đường, người đàn ông lạc lối đã tìm về nhà. Và từ đó, tộc Roya có mối liên kết sâu sắc với những sinh vật kỳ diệu này.",C?n ti?ng Anh nghi v?n: Roya | S? t?/c?m nghi v?n: 1 | T? l? nghi v?n: 0.5 | M?c ??: 8.0
Look at that Roya! He comes ice swimming here every day.,Nhìn Roya kia kìa! Hắn bơi băng ở đây mỗi ngày đấy.,C?n ti?ng Anh nghi v?n: Roya | S? t?/c?m nghi v?n: 1 | T? l? nghi v?n: 0.5 | M?c ??: 8.0
(Whispering) Ms. Beverly sure is tough... My friend was right about her...,(Thì thầm) Cô Beverly đúng là khó nhằn thật... Bạn tớ nói không sai về cô ấy...,C?n ti?ng Anh nghi v?n: Beverly | S? t?/c?m nghi v?n: 1 | T? l? nghi v?n: 0.5 | M?c ??: 8.0
Walking in this... makes me feel like I'm a Fluffguin...,Đi trong cái này... cảm giác như mình là một chú Fluffguin vậy...,C?n ti?ng Anh nghi v?n: Fluffguin | S? t?/c?m nghi v?n: 1 | T? l? nghi v?n: 0.5 | M?c ??: 8.0
The Roya are truly remarkable...,Người Roya quả thực phi thường...,C?n ti?ng Anh nghi v?n: Roya | S? t?/c?m nghi v?n: 1 | T? l? nghi v?n: 0.5 | M?c ??: 8.0
Is there something special about Roya tents?,Lều Roya có gì đặc biệt sao?,C?n ti?ng Anh nghi v?n: Roya | S? t?/c?m nghi v?n: 1 | T? l? nghi v?n: 0.5 | M?c ??: 8.0
"...I think I just saw a Pathfinder vehicle, uh... flying in the sky...","...Tớ vừa thấy một chiếc Pathfinder, ờ... đang bay trên trời...",C?n ti?ng Anh nghi v?n: Pathfinder | S? t?/c?m nghi v?n: 1 | T? l? nghi v?n: 0.5 | M?c ??: 8.0
I heard the data at the Stridergate is acting up.,Nghe nói dữ liệu ở Stridergate đang gặp trục trặc.,C?n ti?ng Anh nghi v?n: Stridergate | S? t?/c?m nghi v?n: 1 | T? l? nghi v?n: 0.5 | M?c ??: 8.0
Sigh. The Threnodian's existence is always a variable. Unless The Exostrider can really...,Thở dài. Sự tồn tại của Threnodian luôn là một ẩn số. Liệu Exostrider có thực sự làm được không...,C?n ti?ng Anh nghi v?n: Exostrider | S? t?/c?m nghi v?n: 1 | T? l? nghi v?n: 0.5 | M?c ??: 8.0
Beneath the ice... is Lahai-Roi...,Dưới lớp băng... là Lahai-Roi...,C?n ti?ng Anh nghi v?n: Lahai | S? t?/c?m nghi v?n: 1 | T? l? nghi v?n: 0.5 | M?c ??: 8.0
Are you... a student from Startorch Academy?,Cậu... là học sinh của Học viện Startorch à?,C?n ti?ng Anh nghi v?n: Startorch | S? t?/c?m nghi v?n: 1 | T? l? nghi v?n: 0.5 | M?c ??: 8.0
Gonna be leaving Lahai-Roi soon...,Sắp rời Lahai-Roi rồi...,C?n ti?ng Anh nghi v?n: Lahai | S? t?/c?m nghi v?n: 1 | T? l? nghi v?n: 0.5 | M?c ??: 8.0
Gonna be leaving Lahai-Roi soon... Mm... I don't know how to describe this feeling...,Sắp rời Lahai-Roi rồi... Ừm... không biết phải diễn tả cảm giác này thế nào...,C?n ti?ng Anh nghi v?n: Lahai | S? t?/c?m nghi v?n: 1 | T? l? nghi v?n: 0.5 | M?c ??: 8.0
"Renard, remember to capture some photos of the overall environment of the cavern.","Renard, nhớ chụp vài tấm ảnh toàn cảnh hang động nhé.",C?n ti?ng Anh nghi v?n: Renard | S? t?/c?m nghi v?n: 1 | T? l? nghi v?n: 0.5 | M?c ??: 8.0
"...No wonder the Roya call them ""SnowfluffMittens.""","...Không trách người Roya gọi chúng là ""Bàn Tay Bông Tuyết"" được.",C?n ti?ng Anh nghi v?n: Roya | S? t?/c?m nghi v?n: 1 | T? l? nghi v?n: 0.5 | M?c ??: 8.0
"Oh, come on. Stop blubbing like a Blubbin Puffin. You've got plenty more chances to see this snow until you're sick of it!",Thôi đi nào. Đừng có sụt sùi như con Puffin Khóc Nhè nữa. Cậu còn cơ hội ngắm tuyết này đến phát ngán đấy!,C?n ti?ng Anh nghi v?n: Puffin | S? t?/c?m nghi v?n: 1 | T? l? nghi v?n: 0.5 | M?c ??: 8.0
"You must be that famous fresher from Rabelle College, right?!",Cậu chính là tân binh nổi tiếng của trường Rabelle phải không?!,C?n ti?ng Anh nghi v?n: Rabelle | S? t?/c?m nghi v?n: 1 | T? l? nghi v?n: 0.5 | M?c ??: 8.0
The Spacetrek Research Institute has been searching for the fallen satellites and space stations.,Viện Nghiên cứu Spacetrek đang tìm kiếm các vệ tinh và trạm vũ trụ đã rơi.,C?n ti?ng Anh nghi v?n: Spacetrek | S? t?/c?m nghi v?n: 1 | T? l? nghi v?n: 0.5 | M?c ??: 8.0
A self-heating Instant Wakeup Energy Gel Sachet?! Ew! Doesn't it taste even worse when it's hot??,Gói Gel Năng Lượng Tỉnh Táo Tự Động Sưởi Ấm?! Ghê! Chẳng phải nó còn khó uống hơn khi nóng hả??,C?n ti?ng Anh nghi v?n: Gel | S? t?/c?m nghi v?n: 1 | T? l? nghi v?n: 0.5 | M?c ??: 8.0
"Besides the Institute's equipment, we also found Royan instruments in these ruins.","Ngoài thiết bị của Viện, chúng tôi còn tìm thấy các dụng cụ của Royan trong những tàn tích này.",C?n ti?ng Anh nghi v?n: Royan | S? t?/c?m nghi v?n: 1 | T? l? nghi v?n: 0.5 | M?c ??: 8.0
Let's bring their instruments back. To Bjartr Woods.,Mang mấy cái nhạc cụ này về rừng Bjartr đi.,C?n ti?ng Anh nghi v?n: Bjartr | S? t?/c?m nghi v?n: 1 | T? l? nghi v?n: 0.5 | M?c ??: 8.0
"Most of its components have self-repairing tendencies, just like the Exostrider itself. You know what that means, right?","Phần lớn các bộ phận của nó đều có khả năng tự sửa chữa, giống như chính Exostrider vậy. Cậu hiểu ý ta chứ?",C?n ti?ng Anh nghi v?n: Exostrider | S? t?/c?m nghi v?n: 1 | T? l? nghi v?n: 0.5 | M?c ??: 8.0
Who's Salcera?,Salcera là ai vậy?,C?n ti?ng Anh nghi v?n: Salcera | S? t?/c?m nghi v?n: 1 | T? l? nghi v?n: 0.5 | M?c ??: 8.0
"Yes! These are all Grandpa's favorite songs! Wow, Grandpa really did live in a cool home!","Đúng rồi! Đây toàn là những bài hát ông thích nhất! Wow, ông mình sống trong một ngôi nhà thật tuyệt vời!",C?n ti?ng Anh nghi v?n: Wow | S? t?/c?m nghi v?n: 1 | T? l? nghi v?n: 0.5 | M?c ??: 8.0
"What kind of joke is that, Anila? We're too old.","Đùa kiểu gì vậy, Anila? Chúng ta già rồi mà.",C?n ti?ng Anh nghi v?n: Anila | S? t?/c?m nghi v?n: 1 | T? l? nghi v?n: 0.5 | M?c ??: 8.0
"What kind of joke is that, Anila? We're too old.","Đùa kiểu gì vậy, Anila? Chúng ta già rồi mà.",C?n ti?ng Anh nghi v?n: Anila | S? t?/c?m nghi v?n: 1 | T? l? nghi v?n: 0.5 | M?c ??: 8.0
"That's right. I heard them call you Tony just now, correct?",Đúng rồi. Tôi vừa nghe họ gọi cậu là Tony đúng không?,C?n ti?ng Anh nghi v?n: Tony | S? t?/c?m nghi v?n: 1 | T? l? nghi v?n: 0.5 | M?c ??: 8.0
Because this... this is the inevitable fate of those in the House of Tony!,Bởi vì đây... đây chính là số phận không thể tránh khỏi của những kẻ trong Nhà Tony!,C?n ti?ng Anh nghi v?n: Tony | S? t?/c?m nghi v?n: 1 | T? l? nghi v?n: 0.5 | M?c ??: 8.0
I heard the Lollo party is ending soon.,Nghe nói bữa tiệc của Lollo sắp kết thúc rồi.,C?n ti?ng Anh nghi v?n: Lollo | S? t?/c?m nghi v?n: 1 | T? l? nghi v?n: 0.5 | M?c ??: 8.0
His name is Aniques.,Tên anh ấy là Aniques.,C?n ti?ng Anh nghi v?n: Aniques | S? t?/c?m nghi v?n: 1 | T? l? nghi v?n: 0.5 | M?c ??: 8.0
My name is Yo... Yoksara. I... I hope you like that name... And... her... name is...,Tên tôi là... Yoksara. Tôi... tôi hy vọng bạn thích cái tên đó... Và... tên của cô ấy là...,C?n ti?ng Anh nghi v?n: Yoksara | S? t?/c?m nghi v?n: 1 | T? l? nghi v?n: 0.5 | M?c ??: 8.0
"Re... really... really, really liked it! Especially chapter thirteen... Daklani says to... her partner... that line...","Tái... thật sự... rất, rất thích! Đặc biệt là chương mười ba... Daklani nói với... đối tác của cô ấy... câu đó...",C?n ti?ng Anh nghi v?n: Daklani | S? t?/c?m nghi v?n: 1 | T? l? nghi v?n: 0.5 | M?c ??: 8.0
I... I... I'd love to! He... Hello! Yoksara!,Tôi... tôi... rất muốn! Ch... Chào cậu! Yoksara!,C?n ti?ng Anh nghi v?n: Yoksara | S? t?/c?m nghi v?n: 1 | T? l? nghi v?n: 0.5 | M?c ??: 8.0
You know... Geisel bid me good day as he left.,Cậu biết không... Geisel đã chào tớ trước khi rời đi.,C?n ti?ng Anh nghi v?n: Geisel | S? t?/c?m nghi v?n: 1 | T? l? nghi v?n: 0.5 | M?c ??: 8.0
As a mechanical entity... how could Rupert ever determine that he possessed such an emotion?,Là một thực thể cơ khí... làm sao Rupert có thể xác định được mình sở hữu cảm xúc như vậy?,C?n ti?ng Anh nghi v?n: Rupert | S? t?/c?m nghi v?n: 1 | T? l? nghi v?n: 0.5 | M?c ??: 8.0
You invite Lynae to the audio lab...,Bạn mời Lynae đến phòng thí nghiệm âm thanh...,C?n ti?ng Anh nghi v?n: Lynae | S? t?/c?m nghi v?n: 1 | T? l? nghi v?n: 0.5 | M?c ??: 8.0
You invite Mornye to the audio lab...,Bạn mời Mornye đến phòng thí nghiệm âm thanh...,C?n ti?ng Anh nghi v?n: Mornye | S? t?/c?m nghi v?n: 1 | T? l? nghi v?n: 0.5 | M?c ??: 8.0
You invite Lucilla to the audio lab...,Bạn mời Lucilla đến phòng thí nghiệm âm thanh...,C?n ti?ng Anh nghi v?n: Lucilla | S? t?/c?m nghi v?n: 1 | T? l? nghi v?n: 0.5 | M?c ??: 8.0
You invite Lynae to the audio lab...,Bạn mời Lynae đến phòng thí nghiệm âm thanh...,C?n ti?ng Anh nghi v?n: Lynae | S? t?/c?m nghi v?n: 1 | T? l? nghi v?n: 0.5 | M?c ??: 8.0
You invite Mornye to the audio lab...,Bạn mời Mornye đến phòng thí nghiệm âm thanh...,C?n ti?ng Anh nghi v?n: Mornye | S? t?/c?m nghi v?n: 1 | T? l? nghi v?n: 0.5 | M?c ??: 8.0
You invite Lucilla to the audio lab...,Bạn mời Lucilla đến phòng thí nghiệm âm thanh...,C?n ti?ng Anh nghi v?n: Lucilla | S? t?/c?m nghi v?n: 1 | T? l? nghi v?n: 0.5 | M?c ??: 8.0
You invite Sigrika to the audio lab...,Bạn mời Sigrika đến phòng thí nghiệm âm thanh...,C?n ti?ng Anh nghi v?n: Sigrika | S? t?/c?m nghi v?n: 1 | T? l? nghi v?n: 0.5 | M?c ??: 8.0
"Lynae joins you to celebrate, and you are swept away in the celebration's joyful whirl...","Lynae cùng cậu hòa vào không khí vui mừng của buổi ăn mừng, bị cuốn vào vòng xoáy hạnh phúc...",C?n ti?ng Anh nghi v?n: Lynae | S? t?/c?m nghi v?n: 1 | T? l? nghi v?n: 0.5 | M?c ??: 8.0
"Haha, funny. I'm not sure I'm cut out for it either.","Haha, buồn cười thật. Ta cũng không chắc mình có đủ khả năng đâu.",C?n ti?ng Anh nghi v?n: Haha | S? t?/c?m nghi v?n: 1 | T? l? nghi v?n: 0.5 | M?c ??: 8.0
"...Excuse me, is Professor Lucilla here?","...Xin lỗi, Giáo sư Lucilla có ở đây không?",C?n ti?ng Anh nghi v?n: Lucilla | S? t?/c?m nghi v?n: 1 | T? l? nghi v?n: 0.5 | M?c ??: 8.0
You notice Lucilla speaking with that student you met earlier.,Cậu để ý thấy Lucilla đang nói chuyện với cậu học sinh mà cậu gặp hồi nãy.,C?n ti?ng Anh nghi v?n: Lucilla | S? t?/c?m nghi v?n: 1 | T? l? nghi v?n: 0.5 | M?c ??: 8.0
"Haha, but your hair looks great! You've got nothing to worry about!","Haha, nhưng tóc cậu đẹp lắm! Chẳng có gì phải lo cả!",C?n ti?ng Anh nghi v?n: Haha | S? t?/c?m nghi v?n: 1 | T? l? nghi v?n: 0.5 | M?c ??: 8.0
"I understand everything now! Thank you, Professor Lucilla!",Giờ ta hiểu hết rồi! Cảm ơn Giáo sư Lucilla!,C?n ti?ng Anh nghi v?n: Lucilla | S? t?/c?m nghi v?n: 1 | T? l? nghi v?n: 0.5 | M?c ??: 8.0
You and Professor Lucilla continue your discussion about movies. Sharing this moment is a slice of warmth in your day...,Bạn và Giáo sư Lucilla tiếp tục thảo luận về điện ảnh. Khoảnh khắc này như một tia ấm áp giữa ngày dài...,C?n ti?ng Anh nghi v?n: Lucilla | S? t?/c?m nghi v?n: 1 | T? l? nghi v?n: 0.5 | M?c ??: 8.0
"Hehe! They don't call me ""Speed Queen"" for nothing!","Hehe! Họ gọi ta là ""Nữ Hoàng Tốc Độ"" không phải không có lý đâu nhé!",C?n ti?ng Anh nghi v?n: Hehe | S? t?/c?m nghi v?n: 1 | T? l? nghi v?n: 0.5 | M?c ??: 8.0
"Talk about a blast from the past! Hmm… no one's gonna fall from the sky this time, right?",Quá khứ ùa về thật đấy! Hmm… lần này chắc không ai rơi từ trên trời xuống nữa đâu nhỉ?,C?n ti?ng Anh nghi v?n: Hmm | S? t?/c?m nghi v?n: 1 | T? l? nghi v?n: 0.5 | M?c ??: 8.0
"You're so reliable, Upperclassman Lynae.",Tiền bối Lynae đáng tin cậy thật đấy.,C?n ti?ng Anh nghi v?n: Lynae | S? t?/c?m nghi v?n: 1 | T? l? nghi v?n: 0.5 | M?c ??: 8.0
"Actually, I've been thinking lately... Now that I'm officially allowed to stay at the Academy, what can I accomplish? What can this Lynae do?","Thật ra, dạo này tôi cứ nghĩ... Giờ tôi đã chính thức được ở lại Học viện, vậy Lynae này có thể làm được gì nhỉ? Mình có thể đạt được điều gì?",C?n ti?ng Anh nghi v?n: Lynae | S? t?/c?m nghi v?n: 1 | T? l? nghi v?n: 0.5 | M?c ??: 8.0
"Haha, not today.","Haha, hôm nay thì không đâu.",C?n ti?ng Anh nghi v?n: Haha | S? t?/c?m nghi v?n: 1 | T? l? nghi v?n: 0.5 | M?c ??: 8.0
Heheh... Most of these are actually from other volunteers. It was hard to say no...,Heheh... hầu hết những thứ này thực ra là của các tình nguyện viên khác. Khó mà từ chối được...,C?n ti?ng Anh nghi v?n: Heheh | S? t?/c?m nghi v?n: 1 | T? l? nghi v?n: 0.5 | M?c ??: 8.0
"Huh? Upperclassman Lynae, and you must be... {PlayerName}? I've seen you on the news...","Hả? Chị Lynae, và cậu chắc hẳn là... {PlayerName}? Tớ thấy cậu trên tin tức rồi...",C?n ti?ng Anh nghi v?n: Lynae | S? t?/c?m nghi v?n: 1 | T? l? nghi v?n: 0.5 | M?c ??: 8.0
It's about that prototype patrol mech...,Là chuyện về mẫu mech tuần tra thử nghiệm đó...,C?n ti?ng Anh nghi v?n: mech | S? t?/c?m nghi v?n: 1 | T? l? nghi v?n: 0.5 | M?c ??: 8.0
"These are some grippy tires. Huh, it's the HWT series. No wonder...","Lốp xe bám đường tốt thế. Hừ, dòng HWT à. Chả trách...",C?n ti?ng Anh nghi v?n: HWT | S? t?/c?m nghi v?n: 1 | T? l? nghi v?n: 0.5 | M?c ??: 8.0
Are these... parts from a mech?,Đây là... linh kiện của mech à?,C?n ti?ng Anh nghi v?n: mech | S? t?/c?m nghi v?n: 1 | T? l? nghi v?n: 0.5 | M?c ??: 8.0
Lynae? Why are you sneaking around here?,Lynae à? Sao lại lén lút ở đây thế?,C?n ti?ng Anh nghi v?n: Lynae | S? t?/c?m nghi v?n: 1 | T? l? nghi v?n: 0.5 | M?c ??: 8.0
"Yeah, that's Rabelle College for ya. Learn everything, do everything... but it does make this experience kinda fulfilling, right?","Ừ, đúng là Cao đẳng Rabelle mà. Học đủ thứ, làm đủ thứ... nhưng mà trải nghiệm này cũng khá thú vị phải không?",C?n ti?ng Anh nghi v?n: Rabelle | S? t?/c?m nghi v?n: 1 | T? l? nghi v?n: 0.5 | M?c ??: 8.0
Mornye? I'm here.,Mornye à? Ta đến rồi.,C?n ti?ng Anh nghi v?n: Mornye | S? t?/c?m nghi v?n: 1 | T? l? nghi v?n: 0.5 | M?c ??: 8.0
"…Mm. You're right. After all, the real McConna has been lost to the black hole forever.",…Ừm. Cậu nói đúng. Dù sao thì McConna thật sự cũng đã mất hút vào hố đen mãi mãi rồi.,C?n ti?ng Anh nghi v?n: McConna | S? t?/c?m nghi v?n: 1 | T? l? nghi v?n: 0.5 | M?c ??: 8.0
Because meeting McConna is probably the most beautiful memory in his life.,Bởi vì gặp được McConna có lẽ là kỷ niệm đẹp nhất trong cuộc đời hắn.,C?n ti?ng Anh nghi v?n: McConna | S? t?/c?m nghi v?n: 1 | T? l? nghi v?n: 0.5 | M?c ??: 8.0
The prototype of Sylph is complete. I want you to be the first to see it.,Nguyên mẫu Sylph đã hoàn thành. Ta muốn ngươi là người đầu tiên được thấy nó.,C?n ti?ng Anh nghi v?n: Sylph | S? t?/c?m nghi v?n: 1 | T? l? nghi v?n: 0.5 | M?c ??: 8.0
How do you like this Sylph feature?,Tính năng Sylph này cậu thấy sao?,C?n ti?ng Anh nghi v?n: Sylph | S? t?/c?m nghi v?n: 1 | T? l? nghi v?n: 0.5 | M?c ??: 8.0
This must be the new-flavor supplement Mornye mentioned.,Đây chắc là loại thực phẩm bổ sung vị mới mà Mornye nhắc đến.,C?n ti?ng Anh nghi v?n: Mornye | S? t?/c?m nghi v?n: 1 | T? l? nghi v?n: 0.5 | M?c ??: 8.0
"It appears that Mornye left in a hurry. Perhaps she will fetch the supplement she left here. Or, perhaps she won't.",Có vẻ Mornye đã rời đi vội vàng. Có lẽ cô ấy sẽ quay lại lấy thuốc bổ bỏ quên. Hoặc có lẽ sẽ không.,C?n ti?ng Anh nghi v?n: Mornye | S? t?/c?m nghi v?n: 1 | T? l? nghi v?n: 0.5 | M?c ??: 8.0
"Sylph, an escort mech designed for frostland expedition teams.",Sylph – cỗ máy hộ tống được thiết kế cho các đội thám hiểm vùng băng giá.,C?n ti?ng Anh nghi v?n: Sylph | S? t?/c?m nghi v?n: 1 | T? l? nghi v?n: 0.5 | M?c ??: 8.0
"Relax, Sigrika. Just focus on how to take them down.","Bình tĩnh nào, Sigrika. Cứ tập trung hạ gục chúng đi.",C?n ti?ng Anh nghi v?n: Sigrika | S? t?/c?m nghi v?n: 1 | T? l? nghi v?n: 0.5 | M?c ??: 8.0
Hehe... Could you please take a photo of us?,Hehe... Chụp cho tụi mình một tấm ảnh được không?,C?n ti?ng Anh nghi v?n: Hehe | S? t?/c?m nghi v?n: 1 | T? l? nghi v?n: 0.5 | M?c ??: 8.0
You spot a few familiar photos on the Academy bulletin board—photos you helped take of Sigrika with various wondrous little animals.,Ngươi thấy vài bức ảnh quen thuộc trên bảng thông báo của Học Viện—những bức ảnh ngươi từng giúp chụp Sigrika cùng đủ loại động vật nhỏ kỳ thú.,C?n ti?ng Anh nghi v?n: Sigrika | S? t?/c?m nghi v?n: 1 | T? l? nghi v?n: 0.5 | M?c ??: 8.0
"It's just... sometimes I feel like you're a little too careful with my feelings, Luuk.","Chỉ là... đôi khi cháu cảm thấy cậu hơi quá cẩn thận với cảm xúc của cháu, Luuk à.",C?n ti?ng Anh nghi v?n: Luuk | S? t?/c?m nghi v?n: 1 | T? l? nghi v?n: 0.5 | M?c ??: 8.0
"Hmm, maybe I can try this approach with other desserts and dishes. Would you be my official taste tester?","Hmm, biết đâu mình có thể thử cách này với các món tráng miệng và thức ăn khác. Cậu làm người nếm thử chính thức cho tớ nhé?",C?n ti?ng Anh nghi v?n: Hmm | S? t?/c?m nghi v?n: 1 | T? l? nghi v?n: 0.5 | M?c ??: 8.0
A way to lower its guard? Hmm...,Một cách để làm nó mất cảnh giác sao? Hmm...,C?n ti?ng Anh nghi v?n: Hmm | S? t?/c?m nghi v?n: 1 | T? l? nghi v?n: 0.5 | M?c ??: 8.0
"Wow, seeing you breeze through that rhythm game hit me with new inspirations!","Ồ, thấy cậu chơi game nhịp điệu thoăn thoắt thế, mình lại có thêm bao nhiêu cảm hứng mới!",C?n ti?ng Anh nghi v?n: game | S? t?/c?m nghi v?n: 1 | T? l? nghi v?n: 0.5 | M?c ??: 8.0
Connect through music. Support the Overtonic Society!,Kết nối qua âm nhạc. Ủng hộ Hội Overtonic!,C?n ti?ng Anh nghi v?n: Overtonic | S? t?/c?m nghi v?n: 1 | T? l? nghi v?n: 0.5 | M?c ??: 8.0
"There's no reason to be shy! Here, I'll add you to our group chat with other fans!",Đừng ngại gì cả! Để tớ thêm cậu vào nhóm chat với mấy fan khác nhé!,C?n ti?ng Anh nghi v?n: chat | S? t?/c?m nghi v?n: 1 | T? l? nghi v?n: 0.5 | M?c ??: 8.0
"Haha... It may sound a bit awkward, but it's the love of my life.","Haha... Nghe có hơi kỳ cục, nhưng đó là tình yêu của đời tôi đấy.",C?n ti?ng Anh nghi v?n: Haha | S? t?/c?m nghi v?n: 1 | T? l? nghi v?n: 0.5 | M?c ??: 8.0
"They even have Royan dishes. They are exclusive to the New Solar Ceremony menu, too!",Họ còn có cả món ăn Royan nữa. Những món này chỉ có trong thực đơn Lễ Hội Mặt Trời Mới thôi!,C?n ti?ng Anh nghi v?n: Royan | S? t?/c?m nghi v?n: 1 | T? l? nghi v?n: 0.5 | M?c ??: 8.0
"All right, get ready, everyone! Say chee... Aypak! Stop twitching around!","Được rồi, chuẩn bị nào mọi người! Nói ""cheese""... Aypak! Đừng có giật mình nữa!",C?n ti?ng Anh nghi v?n: Aypak | S? t?/c?m nghi v?n: 1 | T? l? nghi v?n: 0.5 | M?c ??: 8.0
Is that... Soliskin plushie? For me?,Đó là... gấu bông Soliskin à? Cho mình hả?,C?n ti?ng Anh nghi v?n: Soliskin | S? t?/c?m nghi v?n: 1 | T? l? nghi v?n: 0.5 | M?c ??: 8.0
Has Isla been missing club events lately?,Dạo này Isla có vắng mặt các buổi sinh hoạt câu lạc bộ không?,C?n ti?ng Anh nghi v?n: Isla | S? t?/c?m nghi v?n: 1 | T? l? nghi v?n: 0.5 | M?c ??: 8.0
Isn't Denia one of the event coordinators?,Denia không phải là một trong những điều phối viên sự kiện à?,C?n ti?ng Anh nghi v?n: Denia | S? t?/c?m nghi v?n: 1 | T? l? nghi v?n: 0.5 | M?c ??: 8.0
"""...Most Roya... Fallen space stations... Unwittingly... Early explorations...""","""...Hầu hết Roya... Trạm vũ trụ rơi... Vô tình... Những cuộc thám hiểm ban đầu...""",C?n ti?ng Anh nghi v?n: Roya | S? t?/c?m nghi v?n: 1 | T? l? nghi v?n: 0.5 | M?c ??: 8.0
"No worries. I got Yvonne to cover your shift at the prize booth. Your job now? Rest, rest, and rest some more.","Yên tâm đi. Tôi đã nhờ Yvonne trông quầy giải thưởng thay cậu rồi. Bây giờ việc của cậu là... nghỉ ngơi, nghỉ ngơi và nghỉ ngơi thêm nữa.",C?n ti?ng Anh nghi v?n: Yvonne | S? t?/c?m nghi v?n: 1 | T? l? nghi v?n: 0.5 | M?c ??: 8.0
"Hey Sophia, how many riddles have you cracked so far?","Này Sophia, cậu giải được bao nhiêu câu đố rồi?",C?n ti?ng Anh nghi v?n: Sophia | S? t?/c?m nghi v?n: 1 | T? l? nghi v?n: 0.5 | M?c ??: 8.0
"Hey Sophia, how many riddles have you cracked so far?","Này Sophia, cậu giải được bao nhiêu câu đố rồi?",C?n ti?ng Anh nghi v?n: Sophia | S? t?/c?m nghi v?n: 1 | T? l? nghi v?n: 0.5 | M?c ??: 8.0
"Kay, that wish seems... much more important.","Kay à, điều ước đó... có vẻ quan trọng hơn nhiều.",C?n ti?ng Anh nghi v?n: Kay | S? t?/c?m nghi v?n: 1 | T? l? nghi v?n: 0.5 | M?c ??: 8.0
Ha. You think nobody's tried that before?,Ha. Cậu nghĩ chưa ai thử cách đó à?,C?n ti?ng Anh nghi v?n: Ha | S? t?/c?m nghi v?n: 1 | T? l? nghi v?n: 0.5 | M?c ??: 8.0
So many Roya students showed up to help...,Nhiều học sinh Roya đến giúp đỡ thế này...,C?n ti?ng Anh nghi v?n: Roya | S? t?/c?m nghi v?n: 1 | T? l? nghi v?n: 0.5 | M?c ??: 8.0
Prometheus did not possess transcendent powers or divine strength—just an unwavering passion for truth.,Prometheus không sở hữu sức mạnh siêu việt hay sức mạnh thần thánh—chỉ có một niềm đam mê bất diệt với chân lý.,C?n ti?ng Anh nghi v?n: Prometheus | S? t?/c?m nghi v?n: 1 | T? l? nghi v?n: 0.5 | M?c ??: 8.0
"Tsk, what's been with you lately? Too many assignments? You always look half asleep. This kinda celebration doesn't come around often, and you show up late...","Tsk, dạo này sao thế? Nhiều nhiệm vụ quá à? Lúc nào cũng lờ đờ như vừa ngủ dậy. Buổi tiệc như thế này đâu có thường, mà cậu còn đến muộn...",C?n ti?ng Anh nghi v?n: Tsk | S? t?/c?m nghi v?n: 1 | T? l? nghi v?n: 0.5 | M?c ??: 8.0
The Helios metaphor feels relatable.,Ẩn dụ về Helios nghe thật gần gũi.,C?n ti?ng Anh nghi v?n: Helios | S? t?/c?m nghi v?n: 1 | T? l? nghi v?n: 0.5 | M?c ??: 8.0
"Ten parts Cradle Lichen polymer extract, light ice, medium-sweetness...","Mười phần chiết xuất polymer Địa Y Nôi, đá nhẹ, độ ngọt vừa...",C?n ti?ng Anh nghi v?n: polymer | S? t?/c?m nghi v?n: 1 | T? l? nghi v?n: 0.5 | M?c ??: 8.0
Please state the question for which you seek an answer. Didi!,Xin hãy nêu câu hỏi mà cậu muốn tìm câu trả lời. Didi!,C?n ti?ng Anh nghi v?n: Didi | S? t?/c?m nghi v?n: 1 | T? l? nghi v?n: 0.5 | M?c ??: 8.0
"I'd lie on the soft, warm ground with my Soliskin and soak up Helios's heat all day...","Mình sẽ nằm dài trên mặt đất mềm mại, ấm áp, cùng tấm Soliskin của mình, tắm nắng Helios cả ngày...",C?n ti?ng Anh nghi v?n: Soliskin | S? t?/c?m nghi v?n: 1 | T? l? nghi v?n: 0.5 | M?c ??: 8.0
"You're a Roya, right? Did seeing the exhibits make you homesick?",Cậu là người Roya phải không? Xem những hiện vật này có khiến cậu nhớ nhà không?,C?n ti?ng Anh nghi v?n: Roya | S? t?/c?m nghi v?n: 1 | T? l? nghi v?n: 0.5 | M?c ??: 8.0
Not exactly. Going home for break is easy enough. It's just... this exhibit feels different. The students who put it together weren't just Roya.,Không hẳn. Về nhà nghỉ dễ thôi. Chỉ là... buổi triển lãm này có gì đó khác lạ. Những học sinh dựng nên nó không chỉ là người Roya.,C?n ti?ng Anh nghi v?n: Roya | S? t?/c?m nghi v?n: 1 | T? l? nghi v?n: 0.5 | M?c ??: 8.0
Seeing the Roya through the eyes of everyone else was a special experience for me.,Nhìn Roya qua ánh mắt của mọi người là một trải nghiệm đặc biệt đối với tôi.,C?n ti?ng Anh nghi v?n: Roya | S? t?/c?m nghi v?n: 1 | T? l? nghi v?n: 0.5 | M?c ??: 8.0
Complete Nutrition Squeezy Jelly... Bright & Brisk Energy Gel?,Hoàn thành Thạch Sinh Dưỡng Nén... Gel Năng Lượng Sáng Khoái & Tươi Mới?,C?n ti?ng Anh nghi v?n: Gel | S? t?/c?m nghi v?n: 1 | T? l? nghi v?n: 0.5 | M?c ??: 8.0
"So, what do you think? Ready to claim your spot in this free, non-wipe beta test? Plus, there are generous rewards up for grabs!","Vậy thì cậu thấy thế nào? Sẵn sàng giành chỗ trong bản beta thử nghiệm miễn phí không bị xóa dữ liệu này chưa? Thêm nữa, còn có phần thưởng hậu hĩnh đang chờ đấy!",C?n ti?ng Anh nghi v?n: beta | S? t?/c?m nghi v?n: 1 | T? l? nghi v?n: 0.5 | M?c ??: 8.0
Hehe... They're not even on my level.,Hehe... Chúng nó còn lâu mới bằng ta.,C?n ti?ng Anh nghi v?n: Hehe | S? t?/c?m nghi v?n: 1 | T? l? nghi v?n: 0.5 | M?c ??: 8.0
"Hahaha, you'd better get your documentation sorted.","Hahaha, tốt hơn là cậu nên lo xếp đặt giấy tờ của mình đi.",C?n ti?ng Anh nghi v?n: Hahaha | S? t?/c?m nghi v?n: 1 | T? l? nghi v?n: 0.5 | M?c ??: 8.0
"Senior, there's been no change in Exoswarm behavior...","Tiền bối à, bầy Exoswarm vẫn chưa có thay đổi gì cả...",C?n ti?ng Anh nghi v?n: Exoswarm | S? t?/c?m nghi v?n: 1 | T? l? nghi v?n: 0.5 | M?c ??: 8.0
"Senior, there's been no change in Exoswarm behavior...","Tiền bối à, bầy Exoswarm vẫn chưa có thay đổi gì cả...",C?n ti?ng Anh nghi v?n: Exoswarm | S? t?/c?m nghi v?n: 1 | T? l? nghi v?n: 0.5 | M?c ??: 8.0
"C'mon, Dr. Collins, I'm fine, barely even dizzy.","Thôi mà, bác sĩ Collins, cháu không sao đâu, chỉ hơi choáng một chút thôi.",C?n ti?ng Anh nghi v?n: Collins | S? t?/c?m nghi v?n: 1 | T? l? nghi v?n: 0.5 | M?c ??: 8.0
"C'mon, Dr. Collins, I'm fine, barely even dizzy.","Thôi mà, bác sĩ Collins, cháu không sao đâu, chỉ hơi choáng một chút thôi.",C?n ti?ng Anh nghi v?n: Collins | S? t?/c?m nghi v?n: 1 | T? l? nghi v?n: 0.5 | M?c ??: 8.0
"You mean that student, Chisa...",Ý cậu là học sinh Chisa ấy à...,C?n ti?ng Anh nghi v?n: Chisa | S? t?/c?m nghi v?n: 1 | T? l? nghi v?n: 0.5 | M?c ??: 8.0
"You mean that student, Chisa...",Ý cậu là học sinh Chisa ấy à...,C?n ti?ng Anh nghi v?n: Chisa | S? t?/c?m nghi v?n: 1 | T? l? nghi v?n: 0.5 | M?c ??: 8.0
"If the Ghost Miko really is her, I want to find and thank her in person.","Nếu Miko Bóng Ma thực sự là cô ấy, tớ muốn tìm gặp và cảm ơn trực tiếp.",C?n ti?ng Anh nghi v?n: Miko | S? t?/c?m nghi v?n: 1 | T? l? nghi v?n: 0.5 | M?c ??: 8.0
Is this some kind of rule-based creepypasta?,Đây là một loại creepypasta dựa trên quy tắc gì đó à?,C?n ti?ng Anh nghi v?n: creepypasta | S? t?/c?m nghi v?n: 1 | T? l? nghi v?n: 0.5 | M?c ??: 8.0
Is this some kind of rule-based creepypasta?,Đây là một loại creepypasta dựa trên quy tắc gì đó à?,C?n ti?ng Anh nghi v?n: creepypasta | S? t?/c?m nghi v?n: 1 | T? l? nghi v?n: 0.5 | M?c ??: 8.0
"Why is it always ""Leon the Unprofessional""?","Sao lúc nào cũng là ""Leon Kém Chuyên Nghiệp"" vậy?",C?n ti?ng Anh nghi v?n: Leon | S? t?/c?m nghi v?n: 1 | T? l? nghi v?n: 0.5 | M?c ??: 8.0
"{PlayerName}, perfect timing! I met a Roya at the exchange meeting just now.","{PlayerName}, đúng lúc quá! Tớ vừa gặp một Roya ở buổi trao đổi lúc nãy.",C?n ti?ng Anh nghi v?n: Roya | S? t?/c?m nghi v?n: 1 | T? l? nghi v?n: 0.5 | M?c ??: 8.0
"Lulu, chu!","Lulu, chu ơi!",C?n ti?ng Anh nghi v?n: Lulu | S? t?/c?m nghi v?n: 1 | T? l? nghi v?n: 0.5 | M?c ??: 8.0
(Tell her about the Soliskin.),Kể cho cô ấy về Soliskin.,C?n ti?ng Anh nghi v?n: Soliskin | S? t?/c?m nghi v?n: 1 | T? l? nghi v?n: 0.5 | M?c ??: 8.0
"Still nothing... Ugh. No, no, I need to stay positive.","Vẫn chưa có gì... Ugh. Không, không, mình phải lạc quan lên.",C?n ti?ng Anh nghi v?n: Ugh | S? t?/c?m nghi v?n: 1 | T? l? nghi v?n: 0.5 | M?c ??: 8.0
Maybe the Lady Miko has her reasons.,Có lẽ Miko Nữ Chúa có lý do riêng của bà ấy.,C?n ti?ng Anh nghi v?n: Miko | S? t?/c?m nghi v?n: 1 | T? l? nghi v?n: 0.5 | M?c ??: 8.0
"...Oh, you're helping someone fulfill a wish again? Someone the Lady Miko protected? Is there anything I can do to help?","...Ồ, cậu lại giúp ai đó hoàn thành nguyện vọng à? Người mà Miko Nữ Tướng bảo vệ ấy? Mình có thể giúp gì không?",C?n ti?ng Anh nghi v?n: Miko | S? t?/c?m nghi v?n: 1 | T? l? nghi v?n: 0.5 | M?c ??: 8.0
What I want to tell the Lady Miko...,Điều ta muốn nói với Miko Đại Nhân...,C?n ti?ng Anh nghi v?n: Miko | S? t?/c?m nghi v?n: 1 | T? l? nghi v?n: 0.5 | M?c ??: 8.0
I hope everything goes well for you at Startorch. Really.,Hy vọng cậu sẽ thuận lợi ở Startorch. Thật đấy.,C?n ti?ng Anh nghi v?n: Startorch | S? t?/c?m nghi v?n: 1 | T? l? nghi v?n: 0.5 | M?c ??: 8.0
This is a gift from someone the miko once protected. Handmade. Think you could pass it to her?,Đây là món quà của người mà miko từng bảo vệ. Làm thủ công đấy. Cậu có thể chuyển nó cho cô ấy không?,C?n ti?ng Anh nghi v?n: miko | S? t?/c?m nghi v?n: 1 | T? l? nghi v?n: 0.5 | M?c ??: 8.0
I've already set a timeline with Hiyuki. This next trip is the last one the Collective is authorizing.,Tớ đã lên lịch trình với Hiyuki rồi. Chuyến đi lần này là chuyến cuối cùng mà Tập Thể cho phép đấy.,C?n ti?ng Anh nghi v?n: Hiyuki | S? t?/c?m nghi v?n: 1 | T? l? nghi v?n: 0.5 | M?c ??: 8.0
"Oh, and one correction. It's not just for ""your own"" sake. It's for ""my student."" And more so, for ""everyone Aleph-1 ever hurt.""","À, và sửa lại một chút. Không phải chỉ vì ""riêng cậu"". Mà vì ""học trò của ta"". Và hơn hết, vì ""tất cả những người mà Aleph-1 đã từng làm tổn thương"".",C?n ti?ng Anh nghi v?n: Aleph | S? t?/c?m nghi v?n: 1 | T? l? nghi v?n: 0.5 | M?c ??: 8.0
"Affirmative! Executing operation. The ""Special Response Force"" was an emergency response team established by the Spacetrek Collective in the past.","Nhận lệnh! Thực hiện nhiệm vụ. ""Lực Lượng Đặc Nhiệm Phản Ứng"" từng là đội phản ứng khẩn cấp được Tập Đoàn Spacetrek thành lập trong quá khứ.",C?n ti?ng Anh nghi v?n: Spacetrek | S? t?/c?m nghi v?n: 1 | T? l? nghi v?n: 0.5 | M?c ??: 8.0
"After all, the Lady Miko I knew... was exactly that kind of person.","Dù sao, Miko mà tôi biết... chính là kiểu người như thế.",C?n ti?ng Anh nghi v?n: Miko | S? t?/c?m nghi v?n: 1 | T? l? nghi v?n: 0.5 | M?c ??: 8.0
Being a miko sounds exhausting.,Làm miko nghe mệt thật đấy.,C?n ti?ng Anh nghi v?n: miko | S? t?/c?m nghi v?n: 1 | T? l? nghi v?n: 0.5 | M?c ??: 8.0
"The Soliskin gather around and break into a clumsy, joyful dance.",Những giọt Soliskin tụ lại và nhảy múa một cách vụng về nhưng đầy vui sướng.,C?n ti?ng Anh nghi v?n: Soliskin | S? t?/c?m nghi v?n: 1 | T? l? nghi v?n: 0.5 | M?c ??: 8.0
The energy leaking from that Helios prototype thingy pooled up underground and made this giant crystal.,Năng lượng rò rỉ từ cái thứ nguyên mẫu Helios đó đã tích tụ dưới lòng đất và tạo thành tinh thể khổng lồ này.,C?n ti?ng Anh nghi v?n: Helios | S? t?/c?m nghi v?n: 1 | T? l? nghi v?n: 0.5 | M?c ??: 8.0
I really don't wanna mess up and be cursed by Shepherds with their Royan runes!!!,Mình thật sự không muốn mắc sai lầm rồi bị các Mục Đồng nguyền rủa bằng những ký tự Royan đâu!!!,C?n ti?ng Anh nghi v?n: Royan | S? t?/c?m nghi v?n: 1 | T? l? nghi v?n: 0.5 | M?c ??: 8.0
"5, 4, 3, 2, 1... Hahahaha! TWO HOURS!","5, 4, 3, 2, 1... Hahahaha! HAI TIẾNG ĐỒNG HỒ!",C?n ti?ng Anh nghi v?n: Hahahaha | S? t?/c?m nghi v?n: 1 | T? l? nghi v?n: 0.5 | M?c ??: 8.0
The Dimmr Plains have been isolated for so long. It's a closed ecosystem. Outside personnel and building materials could have a huge impact on local life.,Đồng bằng Dimmr đã bị cô lập quá lâu rồi. Đó là một hệ sinh thái khép kín. Nhân sự và vật liệu xây dựng từ bên ngoài có thể gây tác động lớn đến sự sống nơi đây.,C?n ti?ng Anh nghi v?n: Dimmr | S? t?/c?m nghi v?n: 1 | T? l? nghi v?n: 0.5 | M?c ??: 8.0
I really don't wanna mess up and be cursed by Shepherds with their Royan runes!!!,Mình thật sự không muốn mắc sai lầm rồi bị các Mục Đồng nguyền rủa bằng những ký tự Royan đâu!!!,C?n ti?ng Anh nghi v?n: Royan | S? t?/c?m nghi v?n: 1 | T? l? nghi v?n: 0.5 | M?c ??: 8.0
"That's some memory you got there. We were in the same ""Culture of Roya"" class together! Come on, let's ask her during lunch!","Trí nhớ của cậu tốt thật đấy. Chúng ta cùng học lớp ""Văn hóa Roya"" mà! Này, giờ ăn trưa mình hỏi cô ấy nhé!",C?n ti?ng Anh nghi v?n: Roya | S? t?/c?m nghi v?n: 1 | T? l? nghi v?n: 0.5 | M?c ??: 8.0
"Oh... Is it a limited edition? That's too bad. Thanks anyway, Rixa...","Ồ... Hàng phiên bản giới hạn à? Tiếc thật. Dù sao cũng cảm ơn, Rixa...",C?n ti?ng Anh nghi v?n: Rixa | S? t?/c?m nghi v?n: 1 | T? l? nghi v?n: 0.5 | M?c ??: 8.0
"Oh... Is it a limited edition? That's too bad. Thanks anyway, Rixa...","Ồ... Hàng phiên bản giới hạn à? Tiếc thật. Dù sao cũng cảm ơn, Rixa...",C?n ti?ng Anh nghi v?n: Rixa | S? t?/c?m nghi v?n: 1 | T? l? nghi v?n: 0.5 | M?c ??: 8.0
If Schrage really did leave something there... He was my best friend too...,Nếu Schrage thực sự để lại gì đó ở đó... Anh ấy cũng từng là bạn thân nhất của tôi...,C?n ti?ng Anh nghi v?n: Schrage | S? t?/c?m nghi v?n: 1 | T? l? nghi v?n: 0.5 | M?c ??: 8.0
"Shhh! Hey, keep it down. Calista's looking this way. Go on, Zhenhong. Keep it going!","Suỵt! Này, nhỏ giọng đi. Calista đang nhìn về phía này kìa. Tiếp đi, Zhenhong!",C?n ti?ng Anh nghi v?n: Zhenhong | S? t?/c?m nghi v?n: 1 | T? l? nghi v?n: 0.5 | M?c ??: 8.0
"What are you doing here, Percival? I heard you got wrecked.","Percival, cậu làm gì ở đây thế? Nghe nói cậu vừa bị đánh tơi tả à?",C?n ti?ng Anh nghi v?n: Percival | S? t?/c?m nghi v?n: 1 | T? l? nghi v?n: 0.5 | M?c ??: 8.0
Ecological restoration in the Dimmr Plains is looking promising! If we keep this up...,Công tác phục hồi sinh thái tại Đồng Bằng Dimmr đang có triển vọng rất tốt! Nếu tiếp tục như thế này...,C?n ti?ng Anh nghi v?n: Dimmr | S? t?/c?m nghi v?n: 1 | T? l? nghi v?n: 0.5 | M?c ??: 8.0
Exactly. The Lumen Initiative is another excellent opportunity to validate what we've learned!,Đúng rồi. Sáng Kiến Lumen chính là cơ hội tuyệt vời để kiểm chứng những gì chúng ta đã học!,C?n ti?ng Anh nghi v?n: Lumen | S? t?/c?m nghi v?n: 1 | T? l? nghi v?n: 0.5 | M?c ??: 8.0
"Wait, am I seeing this right? What are you doing here, Percival? I heard you got wrecked.","Đợi đã, mình nhìn không nhầm chứ? Percival, cậu làm gì ở đây thế? Nghe nói cậu bị tơi tả rồi cơ mà.",C?n ti?ng Anh nghi v?n: Percival | S? t?/c?m nghi v?n: 1 | T? l? nghi v?n: 0.5 | M?c ??: 8.0
Correct. Salar? Anything to add?,Chính xác. Salar? Cậu có gì muốn bổ sung không?,C?n ti?ng Anh nghi v?n: Salar | S? t?/c?m nghi v?n: 1 | T? l? nghi v?n: 0.5 | M?c ??: 8.0
"Hehe, you bet it is. You'll see when you get there.","Hehe, chắc chắn là vậy rồi. Cậu sẽ thấy khi đến đó.",C?n ti?ng Anh nghi v?n: Hehe | S? t?/c?m nghi v?n: 1 | T? l? nghi v?n: 0.5 | M?c ??: 8.0
"Do not worry, child. Fuu likes you.","Đừng lo, cháu ơi. Fuu thích cháu mà.",C?n ti?ng Anh nghi v?n: Fuu | S? t?/c?m nghi v?n: 1 | T? l? nghi v?n: 0.5 | M?c ??: 8.0
"Emergency med kits... Ugh, where did they go?!","Bộ dụng cụ y tế khẩn cấp... Ugh, chúng đi đâu rồi?!",C?n ti?ng Anh nghi v?n: Ugh | S? t?/c?m nghi v?n: 1 | T? l? nghi v?n: 0.5 | M?c ??: 8.0
"So the Academy researches more than trying to awaken the Exostrider. I see, sounds promising!",Vậy là Học viện nghiên cứu nhiều thứ hơn là chỉ cố đánh thức Exostrider thôi à. Nghe có vẻ đầy hứa hẹn đấy!,C?n ti?ng Anh nghi v?n: Exostrider | S? t?/c?m nghi v?n: 1 | T? l? nghi v?n: 0.5 | M?c ??: 8.0
That's right. Professor Tove requested more help with her research.,Đúng rồi. Giáo sư Tove cần thêm người hỗ trợ cho nghiên cứu của bà ấy.,C?n ti?ng Anh nghi v?n: Tove | S? t?/c?m nghi v?n: 1 | T? l? nghi v?n: 0.5 | M?c ??: 8.0
The process of mapping Lahai-Roi is also the process by which humanity maps itself.,Quá trình lập bản đồ Lahai-Roi cũng chính là quá trình nhân loại tự khám phá bản thân mình.,C?n ti?ng Anh nghi v?n: Lahai | S? t?/c?m nghi v?n: 1 | T? l? nghi v?n: 0.5 | M?c ??: 8.0
"Currie says we need to turn on those switches, and it'll lead us in the right direction!","Currie bảo phải bật những cái công tắc đó lên, thế là chúng ta sẽ đi đúng hướng thôi!",C?n ti?ng Anh nghi v?n: Currie | S? t?/c?m nghi v?n: 1 | T? l? nghi v?n: 0.5 | M?c ??: 8.0
This feather... Does it have something to do with the Kronaclaw?,Chiếc lông này... Có liên quan gì đến Kronaclaw không nhỉ?,C?n ti?ng Anh nghi v?n: Kronaclaw | S? t?/c?m nghi v?n: 1 | T? l? nghi v?n: 0.5 | M?c ??: 8.0
I've spotted traces of a Roya tribe too. But none of the elders' stories ever mentioned this place.,Ta cũng phát hiện dấu vết của một bộ tộc Roya nữa. Nhưng không có câu chuyện nào của các trưởng lão nhắc đến nơi này cả.,C?n ti?ng Anh nghi v?n: Roya | S? t?/c?m nghi v?n: 1 | T? l? nghi v?n: 0.5 | M?c ??: 8.0
"No, it's not what it looks like...! I was just trying to draw its attention. I had to help Currie somehow!",Không phải như cậu nghĩ đâu...! Tôi chỉ cố thu hút sự chú ý của nó thôi. Phải giúp Currie bằng cách nào đó chứ!,C?n ti?ng Anh nghi v?n: Currie | S? t?/c?m nghi v?n: 1 | T? l? nghi v?n: 0.5 | M?c ??: 8.0
It's... It's that Kronaclaw again! It caught up to us!,Lại... lại là Kronaclaw đó! Nó đuổi kịp chúng ta rồi!,C?n ti?ng Anh nghi v?n: Kronaclaw | S? t?/c?m nghi v?n: 1 | T? l? nghi v?n: 0.5 | M?c ??: 8.0
Hmm... These statues... I've seen them before.,Hmm... Những bức tượng này... ta đã thấy chúng ở đâu rồi ấy nhỉ.,C?n ti?ng Anh nghi v?n: Hmm | S? t?/c?m nghi v?n: 1 | T? l? nghi v?n: 0.5 | M?c ??: 8.0
"Hehe, I know how to solve this! My family taught me this trick!","Hehe, mình biết cách giải quyết rồi! Gia đình mình đã dạy mẹo này đấy!",C?n ti?ng Anh nghi v?n: Hehe | S? t?/c?m nghi v?n: 1 | T? l? nghi v?n: 0.5 | M?c ??: 8.0
The shadows will automatically follow the Soliskin...,Bóng tối sẽ tự động bám theo Soliskin...,C?n ti?ng Anh nghi v?n: Soliskin | S? t?/c?m nghi v?n: 1 | T? l? nghi v?n: 0.5 | M?c ??: 8.0
"Don't be afraid, Currie! We're with you!","Đừng sợ, Currie! Chúng ta ở đây với cậu mà!",C?n ti?ng Anh nghi v?n: Currie | S? t?/c?m nghi v?n: 1 | T? l? nghi v?n: 0.5 | M?c ??: 8.0
"Is it a projection of the Kronaclaw? Hmm, but it's a bit different. Same color as the aurora...","Đây là hình chiếu của Kronaclaw à? Hừm, nhưng có chút khác biệt. Màu sắc giống với cực quang...",C?n ti?ng Anh nghi v?n: Kronaclaw | S? t?/c?m nghi v?n: 1 | T? l? nghi v?n: 0.5 | M?c ??: 8.0
"How did you know...? Is it because you're from Ashinohara too, Professor?","Làm sao thầy biết...? Có phải vì thầy cũng đến từ Ashinohara không, thưa Giáo sư?",C?n ti?ng Anh nghi v?n: Ashinohara | S? t?/c?m nghi v?n: 1 | T? l? nghi v?n: 0.5 | M?c ??: 8.0
Wrong. It's because this technique originated from Rabelle College.,Sai. Bởi vì kỹ thuật này bắt nguồn từ Học viện Rabelle.,C?n ti?ng Anh nghi v?n: Rabelle | S? t?/c?m nghi v?n: 1 | T? l? nghi v?n: 0.5 | M?c ??: 8.0
Are you saying those two idiots helped fight Aleph-1 too?,Ý cậu là hai thằng ngốc đó cũng đã giúp chiến đấu với Aleph-1 à?,C?n ti?ng Anh nghi v?n: Aleph | S? t?/c?m nghi v?n: 1 | T? l? nghi v?n: 0.5 | M?c ??: 8.0
So the Exostrider actually pulled its sword out...,Vậy là Exostrider đã thực sự rút kiếm ra rồi...,C?n ti?ng Anh nghi v?n: Exostrider | S? t?/c?m nghi v?n: 1 | T? l? nghi v?n: 0.5 | M?c ??: 8.0
"What's with that look, Caryl?","Sao trông mặt cậu thế, Caryl?",C?n ti?ng Anh nghi v?n: Caryl | S? t?/c?m nghi v?n: 1 | T? l? nghi v?n: 0.5 | M?c ??: 8.0
"Chill. I know you're pissed, but slow your roll. You know the signal around Voidworm territory is garbage...","Bình tĩnh nào. Tớ biết cậu đang tức, nhưng đừng nóng vội. Tín hiệu quanh lãnh thổ Voidworm tệ lắm...",C?n ti?ng Anh nghi v?n: Voidworm | S? t?/c?m nghi v?n: 1 | T? l? nghi v?n: 0.5 | M?c ??: 8.0
"Yeah. Still, it's a shame. Once it lost connection with the Threnodian, the Voidworm just... poof. Gone.","Ừ. Nhưng tiếc thật. Mất kết nối với Threnodian, Voidworm chỉ... phựt. Biến mất luôn.",C?n ti?ng Anh nghi v?n: Voidworm | S? t?/c?m nghi v?n: 1 | T? l? nghi v?n: 0.5 | M?c ??: 8.0
This station mainly serves institutional orders for the Spacetrek Collective Research Institute.,Ga này chủ yếu phục vụ các đơn hàng của Viện Nghiên cứu Tập thể Spacetrek.,C?n ti?ng Anh nghi v?n: Spacetrek | S? t?/c?m nghi v?n: 1 | T? l? nghi v?n: 0.5 | M?c ??: 8.0
Shame we never got to see the Exostrider awaken with our own eyes.,Tiếc là chúng ta chưa được tận mắt chứng kiến Exostrider thức tỉnh.,C?n ti?ng Anh nghi v?n: Exostrider | S? t?/c?m nghi v?n: 1 | T? l? nghi v?n: 0.5 | M?c ??: 8.0
The Exostrider is gone... and yet the waters of the Luminous River run on.,Exostrider đã ra đi... vậy mà nước Dòng Sông Ánh Sáng vẫn chảy mãi.,C?n ti?ng Anh nghi v?n: Exostrider | S? t?/c?m nghi v?n: 1 | T? l? nghi v?n: 0.5 | M?c ??: 8.0
"The Exostrider is gone, but the Luminous River is just as it was yesterday... still murmuring on.","Exostrider đã biến mất, nhưng Dòng Sông Ánh Sáng vẫn thế... vẫn thì thầm như ngày hôm qua.",C?n ti?ng Anh nghi v?n: Exostrider | S? t?/c?m nghi v?n: 1 | T? l? nghi v?n: 0.5 | M?c ??: 8.0
Proof it is. That the Exostrider was here.,Đây chính là bằng chứng. Bằng chứng cho thấy Exostrider đã ở đây.,C?n ti?ng Anh nghi v?n: Exostrider | S? t?/c?m nghi v?n: 1 | T? l? nghi v?n: 0.5 | M?c ??: 8.0
Joachim! From where do you gather such words?! I apologize for his rude question.,Joachim! Cậu học mấy câu đó ở đâu thế?! Tớ xin lỗi vì câu hỏi vô duyên của cậu ấy.,C?n ti?ng Anh nghi v?n: Joachim | S? t?/c?m nghi v?n: 1 | T? l? nghi v?n: 0.5 | M?c ??: 8.0
That's me. The <ano=mascot>Guardian</ano> of Honami City you all know and love.,Chính là ta đây. <ano=mascot>Người Bảo Hộ</ano> của Thành Phố Honami mà mọi người đều biết và yêu mến.,C?n ti?ng Anh nghi v?n: Honami | S? t?/c?m nghi v?n: 1 | T? l? nghi v?n: 0.5 | M?c ??: 8.0
As for how bad it is... Hmm... I think it's best you see for yourself.,Còn mức độ nghiêm trọng... Hmm... Ta nghĩ tốt nhất là ngươi nên tự mình nhìn thấy.,C?n ti?ng Anh nghi v?n: Hmm | S? t?/c?m nghi v?n: 1 | T? l? nghi v?n: 0.5 | M?c ??: 8.0
"From here on out, Passenger, we'll be delving deeper into the Somnoire.","Từ giờ trở đi, Hành Khách à, chúng ta sẽ tiến sâu hơn vào Somnoire.",C?n ti?ng Anh nghi v?n: Somnoire | S? t?/c?m nghi v?n: 1 | T? l? nghi v?n: 0.5 | M?c ??: 8.0
There was a card game featuring me on the cover that was quite popular in Honami.,"Đã từng có một bộ bài với hình ta trên bìa, rất được ưa chuộng ở Honami đấy.",C?n ti?ng Anh nghi v?n: Honami | S? t?/c?m nghi v?n: 1 | T? l? nghi v?n: 0.5 | M?c ??: 8.0
"Hehe. Even though it was a short one, it looks like my time as the acting Gatekeeper is coming to an end.","Hehe. Dù chỉ là tạm thời, nhưng có vẻ thời gian làm Người Gác Cổng của mình sắp kết thúc rồi.",C?n ti?ng Anh nghi v?n: Hehe | S? t?/c?m nghi v?n: 1 | T? l? nghi v?n: 0.5 | M?c ??: 8.0
"A dream...? Oh, sweet mother... now that you mention it, I remember! I was watching a BD earlier!","Một giấc mơ...? Ôi trời... nhắc tới mới nhớ, lúc nãy mình đang xem một cái BD!",C?n ti?ng Anh nghi v?n: BD | S? t?/c?m nghi v?n: 1 | T? l? nghi v?n: 0.5 | M?c ??: 8.0
"This is... Honami City? No, something's not right.","Đây là... Thành phố Honami sao? Không, có gì đó không đúng.",C?n ti?ng Anh nghi v?n: Honami | S? t?/c?m nghi v?n: 1 | T? l? nghi v?n: 0.5 | M?c ??: 8.0
"Hehe, c'mon, Passenger, don't get hung up on the details. We're in a dream after all. Anything can happen!","Hehe, thôi nào, Hành Khách, đừng câu nệ tiểu tiết chứ. Đây là giấc mơ mà, chuyện gì chẳng có thể xảy ra!",C?n ti?ng Anh nghi v?n: Hehe | S? t?/c?m nghi v?n: 1 | T? l? nghi v?n: 0.5 | M?c ??: 8.0
"Sure, I guess... So what about Namipon? Where did it go?","Ừ, mình đoán vậy... Thế còn Namipon thì sao? Nó biến đi đâu rồi nhỉ?",C?n ti?ng Anh nghi v?n: Namipon | S? t?/c?m nghi v?n: 1 | T? l? nghi v?n: 0.5 | M?c ??: 8.0
"I have a package here for you from the Ivory Gatekeeper, Passenger. Please sign here.","Tôi có một kiện hàng ở đây gửi từ Người Gác Cổng Ngà, Passenger. Xin hãy ký nhận ở đây.",C?n ti?ng Anh nghi v?n: Passenger | S? t?/c?m nghi v?n: 1 | T? l? nghi v?n: 0.5 | M?c ??: 8.0
Bowtie Butler? You're in the Somnoire too?,Hầu Cận Nơ Bướm? Anh cũng ở Somnoire à?,C?n ti?ng Anh nghi v?n: Somnoire | S? t?/c?m nghi v?n: 1 | T? l? nghi v?n: 0.5 | M?c ??: 8.0
The Somnoire was already like this by the time I got here.,"Lúc ta đến đây, Somnoire đã rơi vào tình trạng này rồi.",C?n ti?ng Anh nghi v?n: Somnoire | S? t?/c?m nghi v?n: 1 | T? l? nghi v?n: 0.5 | M?c ??: 8.0
"Still, I'd like to express my gratitude to Namipon for its help.","Dù sao, mình cũng muốn cảm ơn Namipon vì đã giúp đỡ.",C?n ti?ng Anh nghi v?n: Namipon | S? t?/c?m nghi v?n: 1 | T? l? nghi v?n: 0.5 | M?c ??: 8.0
(This AI assistant's probably bugged. I'd better give this Terminal a check.),(Trợ lý AI này chắc bị lỗi rồi. Mình nên kiểm tra cái Thiết bị đầu cuối này.),C?n ti?ng Anh nghi v?n: AI | S? t?/c?m nghi v?n: 1 | T? l? nghi v?n: 0.5 | M?c ??: 8.0
Oh? You must be {PlayerName}? Rakosan already told me about you.,Ủa? Cậu là {PlayerName} à? Rakosan đã kể cho tôi về cậu rồi.,C?n ti?ng Anh nghi v?n: Rakosan | S? t?/c?m nghi v?n: 1 | T? l? nghi v?n: 0.5 | M?c ??: 8.0
"It's a little nerve-wracking, honestly… but also exciting to finally work with an elite Bloombearer like you!","Thành thật mà nói, hơi hồi hộp... nhưng cũng rất hào hứng khi cuối cùng được làm việc với một Bloombearer ưu tú như cậu!",C?n ti?ng Anh nghi v?n: Bloombearer | S? t?/c?m nghi v?n: 1 | T? l? nghi v?n: 0.5 | M?c ??: 8.0
Abby's Life: Ehehe!,Cuộc sống của Abby: Ehehe!,C?n ti?ng Anh nghi v?n: Ehehe | S? t?/c?m nghi v?n: 1 | T? l? nghi v?n: 0.5 | M?c ??: 8.0
Abby's Life: Ehehe!,Cuộc sống của Abby: Ehehe!,C?n ti?ng Anh nghi v?n: Ehehe | S? t?/c?m nghi v?n: 1 | T? l? nghi v?n: 0.5 | M?c ??: 8.0
"It's different this time, Sephira! The reconstruction is going really well now! Don't even think about interfering again!","Lần này khác rồi, Sephira! Công cuộc tái thiết đang tiến triển rất tốt! Đừng có mà xen vào nữa!",C?n ti?ng Anh nghi v?n: Sephira | S? t?/c?m nghi v?n: 1 | T? l? nghi v?n: 0.5 | M?c ??: 8.0
"It's different this time, Sephira! The reconstruction is going really well now! Don't even think about interfering again!","Lần này khác rồi, Sephira! Công cuộc tái thiết đang tiến triển rất tốt! Đừng có mà xen vào nữa!",C?n ti?ng Anh nghi v?n: Sephira | S? t?/c?m nghi v?n: 1 | T? l? nghi v?n: 0.5 | M?c ??: 8.0
"Hehe, interesting name. I will remember you, {PlayerName}.","Hehe, cái tên thú vị đấy. Ta sẽ nhớ cậu, {PlayerName}.",C?n ti?ng Anh nghi v?n: Hehe | S? t?/c?m nghi v?n: 1 | T? l? nghi v?n: 0.5 | M?c ??: 8.0
"The baseplates are ready to expand, Dhalifa. It's not safe to stay here.","Các tấm đế đã sẵn sàng để mở rộng, Dhalifa. Ở đây không an toàn đâu.",C?n ti?ng Anh nghi v?n: Dhalifa | S? t?/c?m nghi v?n: 1 | T? l? nghi v?n: 0.5 | M?c ??: 8.0
Alright. I'll contact Rakosan and let him know we're fine here.,Được rồi. Tôi sẽ liên lạc với Rakosan và báo là chúng ta vẫn ổn ở đây.,C?n ti?ng Anh nghi v?n: Rakosan | S? t?/c?m nghi v?n: 1 | T? l? nghi v?n: 0.5 | M?c ??: 8.0
"That's Dhalifa's robot, no? The little rascal who abandoned the village!",Đó là robot của Dhalifa phải không? Thằng nhóc bỏ làng đi ấy!,C?n ti?ng Anh nghi v?n: robot | S? t?/c?m nghi v?n: 1 | T? l? nghi v?n: 0.5 | M?c ??: 8.0
{PlayerName}. Good person. Protected Ironhoof and us.,{PlayerName}. Người tốt bụng. Đã bảo vệ Ironhoof và bọn ta.,C?n ti?ng Anh nghi v?n: Ironhoof | S? t?/c?m nghi v?n: 1 | T? l? nghi v?n: 0.5 | M?c ??: 8.0
How does Talkie know what you're thinking?,Sao Talkie lại biết được cậu đang nghĩ gì thế?,C?n ti?ng Anh nghi v?n: Talkie | S? t?/c?m nghi v?n: 1 | T? l? nghi v?n: 0.5 | M?c ??: 8.0
"""I was the only survivor. Only me..."" says Dhalifa.","""Tớ là người sống sót duy nhất. Chỉ mình tớ..."" Dhalifa nói.",C?n ti?ng Anh nghi v?n: Dhalifa | S? t?/c?m nghi v?n: 1 | T? l? nghi v?n: 0.5 | M?c ??: 8.0
Talkie. In the Academy. Looked after me.,Talkie... Ở Học viện. Nó đã chăm sóc ta.,C?n ti?ng Anh nghi v?n: Talkie | S? t?/c?m nghi v?n: 1 | T? l? nghi v?n: 0.5 | M?c ??: 8.0
Sephira. My dearest friend.,Sephira. Người bạn thân nhất của ta.,C?n ti?ng Anh nghi v?n: Sephira | S? t?/c?m nghi v?n: 1 | T? l? nghi v?n: 0.5 | M?c ??: 8.0
The Spacetrek Observatory. Needs me. She doesn't understand.,Đài thiên văn Spacetrek... cần ta. Cô ấy không hiểu đâu.,C?n ti?ng Anh nghi v?n: Spacetrek | S? t?/c?m nghi v?n: 1 | T? l? nghi v?n: 0.5 | M?c ??: 8.0
"{PlayerName}... Alright. Dhalifa, I... I just want you to come home.",Dhalifa... {PlayerName} đây... Ta chỉ muốn cậu trở về nhà thôi.,C?n ti?ng Anh nghi v?n: Dhalifa | S? t?/c?m nghi v?n: 1 | T? l? nghi v?n: 0.5 | M?c ??: 8.0
Sephira. I understand your—,Sephira. Ta hiểu những gì cô...,C?n ti?ng Anh nghi v?n: Sephira | S? t?/c?m nghi v?n: 1 | T? l? nghi v?n: 0.5 | M?c ??: 8.0
"This isn't something that can wait until after the reconstruction, Dhalifa.","Việc này không thể đợi đến sau tái thiết đâu, Dhalifa.",C?n ti?ng Anh nghi v?n: Dhalifa | S? t?/c?m nghi v?n: 1 | T? l? nghi v?n: 0.5 | M?c ??: 8.0
"Sephira, do you see Dhalifa's determination now?","Sephira, giờ thì cô thấy quyết tâm của Dhalifa chưa?",C?n ti?ng Anh nghi v?n: Sephira | S? t?/c?m nghi v?n: 1 | T? l? nghi v?n: 0.5 | M?c ??: 8.0
Sephira. Help me. Your atonement. You'll understand… eventually.,Sephira. Giúp ta với. Sự chuộc lỗi của cô... rồi cô sẽ hiểu thôi...,C?n ti?ng Anh nghi v?n: Sephira | S? t?/c?m nghi v?n: 1 | T? l? nghi v?n: 0.5 | M?c ??: 8.0
How does Talkie know what you're thinking?,Sao Talkie lại biết được cậu đang nghĩ gì thế?,C?n ti?ng Anh nghi v?n: Talkie | S? t?/c?m nghi v?n: 1 | T? l? nghi v?n: 0.5 | M?c ??: 8.0
"""I was the only survivor. Only me..."" says Dhalifa.","""Tớ là người sống sót duy nhất. Chỉ mình tớ..."" Dhalifa nói.",C?n ti?ng Anh nghi v?n: Dhalifa | S? t?/c?m nghi v?n: 1 | T? l? nghi v?n: 0.5 | M?c ??: 8.0
Talkie. In the Academy. Looked after me.,Talkie... Ở Học viện. Nó đã chăm sóc ta.,C?n ti?ng Anh nghi v?n: Talkie | S? t?/c?m nghi v?n: 1 | T? l? nghi v?n: 0.5 | M?c ??: 8.0
"{PlayerName}, you remember that Ironhoof that went berserk, right?","{PlayerName}, cậu còn nhớ con Ironhoof phát điên ấy chứ?",C?n ti?ng Anh nghi v?n: Ironhoof | S? t?/c?m nghi v?n: 1 | T? l? nghi v?n: 0.5 | M?c ??: 8.0
Copy that. Spacetrek Observatory—initiate restart sequence!,Nhận lệnh. Đài quan sát Spacetrek—khởi động lại hệ thống!,C?n ti?ng Anh nghi v?n: Spacetrek | S? t?/c?m nghi v?n: 1 | T? l? nghi v?n: 0.5 | M?c ??: 8.0
{PlayerName}! The Spacetrek Observatory is back online! That's absolutely incredible!,{PlayerName}! Đài Thiên Văn Spacetrek đã hoạt động trở lại! Thật không thể tin nổi!,C?n ti?ng Anh nghi v?n: Spacetrek | S? t?/c?m nghi v?n: 1 | T? l? nghi v?n: 0.5 | M?c ??: 8.0
Dhalifa? Copy that. I'm on my way!,Dhalifa à? Nhận lệnh. Tôi đang tới ngay!,C?n ti?ng Anh nghi v?n: Dhalifa | S? t?/c?m nghi v?n: 1 | T? l? nghi v?n: 0.5 | M?c ??: 8.0
"What now, Sephira? Expecting others to clean up your mess again?","Giờ sao đây, Sephira? Lại trông chờ người khác dọn dẹp đống hỗn độn của cậu à?",C?n ti?ng Anh nghi v?n: Sephira | S? t?/c?m nghi v?n: 1 | T? l? nghi v?n: 0.5 | M?c ??: 8.0
How does Talkie know what you're thinking?,Sao Talkie lại biết được cậu đang nghĩ gì thế?,C?n ti?ng Anh nghi v?n: Talkie | S? t?/c?m nghi v?n: 1 | T? l? nghi v?n: 0.5 | M?c ??: 8.0
"""I was the only survivor. Only me..."" says Dhalifa.","""Tớ là người sống sót duy nhất. Chỉ mình tớ..."" Dhalifa nói.",C?n ti?ng Anh nghi v?n: Dhalifa | S? t?/c?m nghi v?n: 1 | T? l? nghi v?n: 0.5 | M?c ??: 8.0
Dhalifa! You're back!,Dhalifa! Con về rồi!,C?n ti?ng Anh nghi v?n: Dhalifa | S? t?/c?m nghi v?n: 1 | T? l? nghi v?n: 0.5 | M?c ??: 8.0
"(Hmm, definitely the work of an Outcast.)","Hmm, chắc chắn là do một kẻ Bị Đào Thải làm rồi.",C?n ti?ng Anh nghi v?n: Hmm | S? t?/c?m nghi v?n: 1 | T? l? nghi v?n: 0.5 | M?c ??: 8.0
"Where did you even get them, Sephira?","Cậu kiếm đâu ra chúng vậy, Sephira?",C?n ti?ng Anh nghi v?n: Sephira | S? t?/c?m nghi v?n: 1 | T? l? nghi v?n: 0.5 | M?c ??: 8.0
(This voice... It's Rakosan. What's going on here...?),Giọng này... là Rakosan. Chuyện gì đang xảy ra ở đây vậy...?,C?n ti?ng Anh nghi v?n: Rakosan | S? t?/c?m nghi v?n: 1 | T? l? nghi v?n: 0.5 | M?c ??: 8.0
Who's Odette?,Odette là ai?,C?n ti?ng Anh nghi v?n: Odette | S? t?/c?m nghi v?n: 1 | T? l? nghi v?n: 0.5 | M?c ??: 8.0
"Mm-hmm, I understand your thought, Rakosan.","Ừm, ta hiểu ý của cậu rồi, Rakosan.",C?n ti?ng Anh nghi v?n: Rakosan | S? t?/c?m nghi v?n: 1 | T? l? nghi v?n: 0.5 | M?c ??: 8.0
"Mm-hmm, I understand your thought, Rakosan.","Ừm, ta hiểu ý của cậu rồi, Rakosan.",C?n ti?ng Anh nghi v?n: Rakosan | S? t?/c?m nghi v?n: 1 | T? l? nghi v?n: 0.5 | M?c ??: 8.0
"(Though Sephira agreed to help with the reconstruction, she still holds a grudge against the project. Better to check on her.)","(Dù Sephira đã đồng ý giúp tái thiết, cô ấy vẫn còn oán hận dự án này. Nên kiểm tra tình hình của cô ấy thôi.)",C?n ti?ng Anh nghi v?n: Sephira | S? t?/c?m nghi v?n: 1 | T? l? nghi v?n: 0.5 | M?c ??: 8.0
"What's going on, Sephira?","Chuyện gì đang xảy ra vậy, Sephira?",C?n ti?ng Anh nghi v?n: Sephira | S? t?/c?m nghi v?n: 1 | T? l? nghi v?n: 0.5 | M?c ??: 8.0
The pizza is fragrant enough to bring something resembling a grin to Dhalifa's face.,Mùi pizza thơm phức đến nỗi Dhalifa cũng phải nở nụ cười gượng gạo.,C?n ti?ng Anh nghi v?n: pizza | S? t?/c?m nghi v?n: 1 | T? l? nghi v?n: 0.5 | M?c ??: 8.0
"Don't let Odette's kindness go to waste, Rakosan.","Đừng để lòng tốt của Odette trở thành vô nghĩa, Rakosan.",C?n ti?ng Anh nghi v?n: Rakosan | S? t?/c?m nghi v?n: 1 | T? l? nghi v?n: 0.5 | M?c ??: 8.0
"Happy birthday, Rakosan.","Chúc mừng sinh nhật, Rakosan.",C?n ti?ng Anh nghi v?n: Rakosan | S? t?/c?m nghi v?n: 1 | T? l? nghi v?n: 0.5 | M?c ??: 8.0
"Hehe, it's the least I can do for you.","Hehe, đây là điều ít nhất tớ có thể làm cho cậu mà.",C?n ti?ng Anh nghi v?n: Hehe | S? t?/c?m nghi v?n: 1 | T? l? nghi v?n: 0.5 | M?c ??: 8.0
"Hehe, it's the least I can do for you.","Hehe, đây là điều ít nhất tớ có thể làm cho cậu mà.",C?n ti?ng Anh nghi v?n: Hehe | S? t?/c?m nghi v?n: 1 | T? l? nghi v?n: 0.5 | M?c ??: 8.0
The pizza is fragrant enough to bring something resembling a grin to Dhalifa's face.,Mùi pizza thơm phức đến nỗi Dhalifa cũng phải nở nụ cười gượng gạo.,C?n ti?ng Anh nghi v?n: pizza | S? t?/c?m nghi v?n: 1 | T? l? nghi v?n: 0.5 | M?c ??: 8.0
"Hello, hello? Akos, can you hear me?","Chào chào? Akos, cậu nghe thấy tôi không?",C?n ti?ng Anh nghi v?n: Akos | S? t?/c?m nghi v?n: 1 | T? l? nghi v?n: 0.5 | M?c ??: 8.0
"A newborn Soliskin, maybe?",Một mảnh Soliskin mới sinh chăng?,C?n ti?ng Anh nghi v?n: Soliskin | S? t?/c?m nghi v?n: 1 | T? l? nghi v?n: 0.5 | M?c ??: 8.0
"This Soliskin... Its memories it has lost, hmm?",Con Soliskin này... hình như nó đã mất đi ký ức của mình rồi nhỉ?,C?n ti?ng Anh nghi v?n: Soliskin | S? t?/c?m nghi v?n: 1 | T? l? nghi v?n: 0.5 | M?c ??: 8.0
"Those were lean days. Shepherds were few, and I had a dozen Soliskin under my care...","Đó là những ngày tháng khốn khó. Lúc đó ít người chăn cừu, mà tôi lại phải chăm lo cả tá đứa Soliskin...",C?n ti?ng Anh nghi v?n: Soliskin | S? t?/c?m nghi v?n: 1 | T? l? nghi v?n: 0.5 | M?c ??: 8.0
"It's not so different, what you're doing for Eee.",Cái mà cậu đang làm cho Eee cũng chẳng khác gì mấy.,C?n ti?ng Anh nghi v?n: Eee | S? t?/c?m nghi v?n: 1 | T? l? nghi v?n: 0.5 | M?c ??: 8.0
"Haha, was that Minna's saying?","Haha, đó là câu của Minna hả?",C?n ti?ng Anh nghi v?n: Haha | S? t?/c?m nghi v?n: 1 | T? l? nghi v?n: 0.5 | M?c ??: 8.0
"Now up we go! How's that, Eee?","Bay lên nào! Thế nào, Eee?",C?n ti?ng Anh nghi v?n: Eee | S? t?/c?m nghi v?n: 1 | T? l? nghi v?n: 0.5 | M?c ??: 8.0
The Exoswarm we met before lost control because of it too.,Bầy Exoswarm mà ta gặp trước đây cũng vì thế mà mất kiểm soát.,C?n ti?ng Anh nghi v?n: Exoswarm | S? t?/c?m nghi v?n: 1 | T? l? nghi v?n: 0.5 | M?c ??: 8.0
That Giant Soliskin said its memories can be restored... But is it the right thing to do?,Con Soliskin khổng lồ đó nói ký ức của nó có thể khôi phục được... Nhưng liệu làm vậy có đúng không?,C?n ti?ng Anh nghi v?n: Soliskin | S? t?/c?m nghi v?n: 1 | T? l? nghi v?n: 0.5 | M?c ??: 8.0
Eee looks so happy.,Eee trông vui quá.,C?n ti?ng Anh nghi v?n: Eee | S? t?/c?m nghi v?n: 1 | T? l? nghi v?n: 0.5 | M?c ??: 8.0
Eee is happy as it is.,Eee vẫn vui vẻ như thế này thôi.,C?n ti?ng Anh nghi v?n: Eee | S? t?/c?m nghi v?n: 1 | T? l? nghi v?n: 0.5 | M?c ??: 8.0
We should let Eee decide that itself.,Chúng ta nên để Eee tự quyết định điều đó.,C?n ti?ng Anh nghi v?n: Eee | S? t?/c?m nghi v?n: 1 | T? l? nghi v?n: 0.5 | M?c ??: 8.0
My name is Minna. Nice to meet you!,Tớ tên là Minna. Rất vui được gặp cậu!,C?n ti?ng Anh nghi v?n: Minna | S? t?/c?m nghi v?n: 1 | T? l? nghi v?n: 0.5 | M?c ??: 8.0
You mean no vines and no paint? Ugh... What a fussy little machine!,Ý cậu là không có dây leo và sơn à? Ugh... Cái máy này kén chọn quá đi!,C?n ti?ng Anh nghi v?n: Ugh | S? t?/c?m nghi v?n: 1 | T? l? nghi v?n: 0.5 | M?c ??: 8.0
Lulu! What are you doing here?,Lulu! Con làm gì ở đây thế?,C?n ti?ng Anh nghi v?n: Lulu | S? t?/c?m nghi v?n: 1 | T? l? nghi v?n: 0.5 | M?c ??: 8.0
"Oh, right! I was playing hide-and-seek with you guys! Sorry, Lulu. You must've waited forever...",À đúng rồi! Mình đang chơi trốn tìm với mấy cậu mà! Xin lỗi nhé Lulu. Chắc cậu đợi lâu lắm rồi...,C?n ti?ng Anh nghi v?n: Lulu | S? t?/c?m nghi v?n: 1 | T? l? nghi v?n: 0.5 | M?c ??: 8.0
"Those must be the wild Exoswarm. Be careful, {PlayerName}! They look mean.","Chắc là bọn Exoswarm hoang dã rồi. Cẩn thận đấy, {PlayerName}! Chúng trông dữ tợn lắm.",C?n ti?ng Anh nghi v?n: Exoswarm | S? t?/c?m nghi v?n: 1 | T? l? nghi v?n: 0.5 | M?c ??: 8.0
Eee! (*Confident chirp*),Eee! (*Tiếng kêu tự tin*),C?n ti?ng Anh nghi v?n: Eee | S? t?/c?m nghi v?n: 1 | T? l? nghi v?n: 0.5 | M?c ??: 8.0
I didn't know Soliskin could play music. It's beautiful!,Tôi không biết Soliskin lại chơi nhạc được. Hay quá!,C?n ti?ng Anh nghi v?n: Soliskin | S? t?/c?m nghi v?n: 1 | T? l? nghi v?n: 0.5 | M?c ??: 8.0
Euginn has been a good father. But maybe my birth parents weren't bad either.,Bố Euginn là một người bố tốt. Nhưng có lẽ bố mẹ ruột của ta cũng không tệ.,C?n ti?ng Anh nghi v?n: Euginn | S? t?/c?m nghi v?n: 1 | T? l? nghi v?n: 0.5 | M?c ??: 8.0
"Chu, lulu! (*Cheerful cheeps*)","Chíp, lulu! (*Tiếng kêu vui vẻ*)",C?n ti?ng Anh nghi v?n: lulu | S? t?/c?m nghi v?n: 1 | T? l? nghi v?n: 0.5 | M?c ??: 8.0
But Eee is not sure. It's asking what we think it should do...,Nhưng Eee không chắc. Nó đang hỏi chúng ta nên làm gì...,C?n ti?ng Anh nghi v?n: Eee | S? t?/c?m nghi v?n: 1 | T? l? nghi v?n: 0.5 | M?c ??: 8.0
"What do you think, Minna?","Cậu nghĩ sao, Minna?",C?n ti?ng Anh nghi v?n: Minna | S? t?/c?m nghi v?n: 1 | T? l? nghi v?n: 0.5 | M?c ??: 8.0
But Eee has been just as happy among its kin.,Nhưng Eee vẫn vui vẻ bên đồng loại của nó mà.,C?n ti?ng Anh nghi v?n: Eee | S? t?/c?m nghi v?n: 1 | T? l? nghi v?n: 0.5 | M?c ??: 8.0
What about Euginn?,Còn Euginn thì sao?,C?n ti?ng Anh nghi v?n: Euginn | S? t?/c?m nghi v?n: 1 | T? l? nghi v?n: 0.5 | M?c ??: 8.0
Eee... carries far more extraordinary memories than you might expect. Do you know of the Sabercat?,Ê... chứa đựng nhiều kỷ niệm phi thường hơn cậu nghĩ đấy. Cậu có biết về loài Sabercat không?,C?n ti?ng Anh nghi v?n: Sabercat | S? t?/c?m nghi v?n: 1 | T? l? nghi v?n: 0.5 | M?c ??: 8.0
"Abby, I'm counting on you to translate.","Abby, ta trông cậy vào ngươi để dịch thuật đấy.",C?n ti?ng Anh nghi v?n: Abby | S? t?/c?m nghi v?n: 1 | T? l? nghi v?n: 0.5 | M?c ??: 8.0
Chuu... Chulu? (*Trembling cheeps*),Chít... Chulu? (*Tiếng kêu run rẩy*),C?n ti?ng Anh nghi v?n: Chulu | S? t?/c?m nghi v?n: 1 | T? l? nghi v?n: 0.5 | M?c ??: 8.0
It's a Livery for your ride!,Đó là Livery cho phương tiện của cậu!,C?n ti?ng Anh nghi v?n: Livery | S? t?/c?m nghi v?n: 1 | T? l? nghi v?n: 0.5 | M?c ??: 8.0
It's a Livery for your ride!,Đó là Livery cho phương tiện của cậu!,C?n ti?ng Anh nghi v?n: Livery | S? t?/c?m nghi v?n: 1 | T? l? nghi v?n: 0.5 | M?c ??: 8.0
"I've arrived at Startorch Academy, but the coordinates weren't very... stable. I caused a bit of a scene...","Tớ vừa đến Học viện Startorch, nhưng tọa độ không được... ổn định lắm. Thế là gây ra chút hỗn loạn...",C?n ti?ng Anh nghi v?n: Startorch | S? t?/c?m nghi v?n: 1 | T? l? nghi v?n: 0.5 | M?c ??: 8.0
"I've asked my teachers to be on the lookout. If you get to Lahai-Roi while there's a Void Storm, do not go near it!","Tớ đã nhờ các thầy cô để mắt giúp. Nếu cậu đến Lahai-Roi mà gặp Bão Hư Không, đừng có lại gần đấy!",C?n ti?ng Anh nghi v?n: Lahai | S? t?/c?m nghi v?n: 1 | T? l? nghi v?n: 0.5 | M?c ??: 8.0
An active Voidworm zone? What were you doing in a place like that?,Vùng Voidworm hoạt động à? Cậu đi vào chỗ nguy hiểm như thế làm gì?,C?n ti?ng Anh nghi v?n: Voidworm | S? t?/c?m nghi v?n: 1 | T? l? nghi v?n: 0.5 | M?c ??: 8.0
"Abby, how are you feeling?","Abby, cậu thấy trong người thế nào?",C?n ti?ng Anh nghi v?n: Abby | S? t?/c?m nghi v?n: 1 | T? l? nghi v?n: 0.5 | M?c ??: 8.0
But {Male=he;Female=she} didn't even flinch facing that Voidworm. {Male=He's;Female=She's} probably the type not easily spooked.,Nhưng {Male=anh ấy;Female=cô ấy} thậm chí còn không chớp mắt khi đối mặt với Voidworm. {Male=Anh ấy;Female=Cô ấy} chắc là kiểu người không dễ bị dọa đâu.,C?n ti?ng Anh nghi v?n: Voidworm | S? t?/c?m nghi v?n: 1 | T? l? nghi v?n: 0.5 | M?c ??: 8.0
"Hmm, I can see that. Calm, just like little Lynae.","Hừm, ta thấy rồi. Bình tĩnh, giống như Lynae bé nhỏ vậy.",C?n ti?ng Anh nghi v?n: Lynae | S? t?/c?m nghi v?n: 1 | T? l? nghi v?n: 0.5 | M?c ??: 8.0
"Little Lynae, aren't you going back to class?","Lynae nhỏ, con không về lớp à?",C?n ti?ng Anh nghi v?n: Lynae | S? t?/c?m nghi v?n: 1 | T? l? nghi v?n: 0.5 | M?c ??: 8.0
"Nice to meet you, Dr. Herssen.","Rất vui được gặp cô, Tiến sĩ Herssen.",C?n ti?ng Anh nghi v?n: Herssen | S? t?/c?m nghi v?n: 1 | T? l? nghi v?n: 0.5 | M?c ??: 8.0
"Ms. Voss, I'm here to help {Male=him;Female=her} get enrolled. {Male=He;Female=She}'s new here and still getting familiar with the place...","Cô Voss, tôi đến đây để giúp {Male=anh ấy;Female=cô ấy} làm thủ tục nhập học. {Male=Anh ấy;Female=Cô ấy} mới đến nên vẫn còn đang làm quen với nơi này...",C?n ti?ng Anh nghi v?n: Voss | S? t?/c?m nghi v?n: 1 | T? l? nghi v?n: 0.5 | M?c ??: 8.0
"Since you're a Synchronist, it's also the only pass linked to your simulator cockpit.","Vì cậu là một Synchronist, đây cũng là tấm thẻ duy nhất kết nối với buồng mô phỏng của cậu.",C?n ti?ng Anh nghi v?n: Synchronist | S? t?/c?m nghi v?n: 1 | T? l? nghi v?n: 0.5 | M?c ??: 8.0
"Hehe, I suppose I got carried away.","Hehe, có lẽ ta cũng hơi quá đà.",C?n ti?ng Anh nghi v?n: Hehe | S? t?/c?m nghi v?n: 1 | T? l? nghi v?n: 0.5 | M?c ??: 8.0
"Miss Lynae, if you have time, take our new student there.","Cô Lynae, nếu rảnh, đưa học sinh mới đến đó đi.",C?n ti?ng Anh nghi v?n: Lynae | S? t?/c?m nghi v?n: 1 | T? l? nghi v?n: 0.5 | M?c ??: 8.0
I can go to Lahai-Roi now?,Giờ tớ đi đến Lahai-Roi được chưa?,C?n ti?ng Anh nghi v?n: Lahai | S? t?/c?m nghi v?n: 1 | T? l? nghi v?n: 0.5 | M?c ??: 8.0
"The Spacetrek Collective is at the forefront of frequency-stabilization research. Once there, you will undergo a full examination and receive treatment.","Tập thể Spacetrek đang dẫn đầu nghiên cứu ổn định tần số. Đến đó, cậu sẽ được kiểm tra toàn diện và điều trị.",C?n ti?ng Anh nghi v?n: Spacetrek | S? t?/c?m nghi v?n: 1 | T? l? nghi v?n: 0.5 | M?c ??: 8.0
"This week's student poll ranked it number one. Miss Lynae, perfect timing. I noticed that your vehicle has...","Cuộc khảo sát sinh viên tuần này đã xếp hạng nó ở vị trí số một. Cô Lynae, thật đúng lúc. Tôi để ý thấy phương tiện của cô có...",C?n ti?ng Anh nghi v?n: Lynae | S? t?/c?m nghi v?n: 1 | T? l? nghi v?n: 0.5 | M?c ??: 8.0
"Oh, Lynae! I haven't had the chance to thank you yet. The material you gave me boosted the device's power by 35%! That's amazing!",Lynae! Ta chưa có dịp cảm ơn cậu. Tư liệu cậu đưa đã giúp tăng công suất thiết bị lên 35% đấy! Tuyệt vời quá!,C?n ti?ng Anh nghi v?n: Lynae | S? t?/c?m nghi v?n: 1 | T? l? nghi v?n: 0.5 | M?c ??: 8.0
"Um... Heh, just by, uh... browsing the Academy Forum.","Ừm... Heh, chỉ là... lướt qua Diễn đàn Học viện thôi mà.",C?n ti?ng Anh nghi v?n: Heh | S? t?/c?m nghi v?n: 1 | T? l? nghi v?n: 0.5 | M?c ??: 8.0
Let's head to the Spacetrek Archive then.,Đến Kho Lưu Trữ Spacetrek thôi.,C?n ti?ng Anh nghi v?n: Spacetrek | S? t?/c?m nghi v?n: 1 | T? l? nghi v?n: 0.5 | M?c ??: 8.0
"Very well, Miss Lynae. Please follow me.","Được thôi, cô Lynae. Mời cô đi theo tôi.",C?n ti?ng Anh nghi v?n: Lynae | S? t?/c?m nghi v?n: 1 | T? l? nghi v?n: 0.5 | M?c ??: 8.0
"""Determining Exoswarm Contamination Thresholds via Synchronous Accelerators: Tensor Renormalization of the Void Storm's Frequency""",Xác định Ngưỡng Nhiễm Khuẩn Exoswarm bằng Máy Gia tốc Đồng bộ: Tái chuẩn hóa Tenxơ Tần số Cơn Bão Hư Không,C?n ti?ng Anh nghi v?n: Exoswarm | S? t?/c?m nghi v?n: 1 | T? l? nghi v?n: 0.5 | M?c ??: 8.0
(Tell Lynae what you found.),Báo cho Lynae biết những gì cậu phát hiện.,C?n ti?ng Anh nghi v?n: Lynae | S? t?/c?m nghi v?n: 1 | T? l? nghi v?n: 0.5 | M?c ??: 8.0
"Miss Lynae asked me to tell you that if you're coming to see her, just wait in her room.","Cô Lynae nhắn nếu cậu đến tìm, cứ đợi trong phòng cô ấy nhé.",C?n ti?ng Anh nghi v?n: Lynae | S? t?/c?m nghi v?n: 1 | T? l? nghi v?n: 0.5 | M?c ??: 8.0
I was escorting {PlayerName} to burn {Male=his;Female=her} Cassette at the Institute.,Ta đang hộ tống {PlayerName} đến Học Viện để thiêu hủy Băng Cassette của {Male=anh ấy;Female=cô ấy}.,C?n ti?ng Anh nghi v?n: Cassette | S? t?/c?m nghi v?n: 1 | T? l? nghi v?n: 0.5 | M?c ??: 8.0
Exoswarm remains should still be there. I assume... you are already investigating them?,Xác Exoswarm vẫn còn ở đó. Tôi đoán... cậu đã bắt đầu điều tra chúng rồi chứ?,C?n ti?ng Anh nghi v?n: Exoswarm | S? t?/c?m nghi v?n: 1 | T? l? nghi v?n: 0.5 | M?c ??: 8.0
"One last thing, Miss Lynae. You're from the New Federation, right?","Còn một điều cuối, cô Lynae. Cô đến từ Liên Bang Mới phải không?",C?n ti?ng Anh nghi v?n: Lynae | S? t?/c?m nghi v?n: 1 | T? l? nghi v?n: 0.5 | M?c ??: 8.0
"Let's not waste any more time, Professor Warren.","Đừng lãng phí thêm thời gian nữa, Giáo sư Warren.",C?n ti?ng Anh nghi v?n: Warren | S? t?/c?m nghi v?n: 1 | T? l? nghi v?n: 0.5 | M?c ??: 8.0
HQ... this is Lynae...,Bộ chỉ huy... Lynae đây...,C?n ti?ng Anh nghi v?n: Lynae | S? t?/c?m nghi v?n: 1 | T? l? nghi v?n: 0.5 | M?c ??: 8.0
"Professor Warren knows I'm from the New Federation, but not exactly which part.","Giáo sư Warren biết tôi đến từ Liên bang Mới, nhưng không rõ cụ thể từ vùng nào.",C?n ti?ng Anh nghi v?n: Warren | S? t?/c?m nghi v?n: 1 | T? l? nghi v?n: 0.5 | M?c ??: 8.0
"Startorch Academy... It's really important to you, isn't it?","Học viện Startorch... Nó thực sự quan trọng với cậu, phải không?",C?n ti?ng Anh nghi v?n: Startorch | S? t?/c?m nghi v?n: 1 | T? l? nghi v?n: 0.5 | M?c ??: 8.0
"The Fractsidus's ""Lynae.""","""Lynae"" của Fractsidus.",C?n ti?ng Anh nghi v?n: Lynae | S? t?/c?m nghi v?n: 1 | T? l? nghi v?n: 0.5 | M?c ??: 8.0
"...Whichever ""Lynae"" I am, I don't belong here.","...Dù ""Lynae"" nào đi nữa, ta cũng không thuộc về nơi này.",C?n ti?ng Anh nghi v?n: Lynae | S? t?/c?m nghi v?n: 1 | T? l? nghi v?n: 0.5 | M?c ??: 8.0
(Lynae... did she really leave?),Lynae... Cô ấy thật sự đã rời đi sao?,C?n ti?ng Anh nghi v?n: Lynae | S? t?/c?m nghi v?n: 1 | T? l? nghi v?n: 0.5 | M?c ??: 8.0
"(If they can control the lure remotely, then whoever's guiding the Voidworm probably isn't even on campus.)","(Nếu chúng có thể điều khiển mồi nhử từ xa, thì kẻ đang dẫn dắt Voidworm chắc chắn không có mặt ở học viện.)",C?n ti?ng Anh nghi v?n: Voidworm | S? t?/c?m nghi v?n: 1 | T? l? nghi v?n: 0.5 | M?c ??: 8.0
"It's me, {PlayerName}. Dr. Herssen filled me in on the current situation—","Là tôi, {PlayerName}. Bác sĩ Herssen đã thông báo cho tôi về tình hình hiện tại—",C?n ti?ng Anh nghi v?n: Herssen | S? t?/c?m nghi v?n: 1 | T? l? nghi v?n: 0.5 | M?c ??: 8.0
"Excuse me, Ms. Voss. Could you take a photo for us?","Xin lỗi, cô Voss. Cô có thể chụp giúp chúng tôi một tấm ảnh không?",C?n ti?ng Anh nghi v?n: Voss | S? t?/c?m nghi v?n: 1 | T? l? nghi v?n: 0.5 | M?c ??: 8.0
"Hehe, good! I'm in the mood to chat.","Hehe, hay lắm! Mình đang muốn nói chuyện đây.",C?n ti?ng Anh nghi v?n: Hehe | S? t?/c?m nghi v?n: 1 | T? l? nghi v?n: 0.5 | M?c ??: 8.0
About that Voidworm...,Về con Voidworm đó...,C?n ti?ng Anh nghi v?n: Voidworm | S? t?/c?m nghi v?n: 1 | T? l? nghi v?n: 0.5 | M?c ??: 8.0
"By the way, Lahai-Roi's right in the middle of a Void Storm surge right now. How'd you even get here?","À này, Lahai-Roi đang ở giữa đợt bão Hư Không dữ dội đấy. Cậu làm thế nào mà đến được đây vậy?",C?n ti?ng Anh nghi v?n: Lahai | S? t?/c?m nghi v?n: 1 | T? l? nghi v?n: 0.5 | M?c ??: 8.0
"Unconventional methods, huh? That reminds me, just a few days ago, a student named Chisa appeared out of thin air in the middle of a class. Freaked everyone out.","Phương pháp bất thường à? Nhắc mới nhớ, mấy hôm trước có một học sinh tên Chisa đột nhiên xuất hiện giữa tiết học. Cả lớp sợ hết vía luôn.",C?n ti?ng Anh nghi v?n: Chisa | S? t?/c?m nghi v?n: 1 | T? l? nghi v?n: 0.5 | M?c ??: 8.0
"Professor Mornye, can you hear me?","Giáo sư Mornye, thầy nghe thấy tôi chứ?",C?n ti?ng Anh nghi v?n: Mornye | S? t?/c?m nghi v?n: 1 | T? l? nghi v?n: 0.5 | M?c ??: 8.0
"Hehe. Before I knew it, I was already in deep...","Hehe. Chẳng biết từ lúc nào, mình đã sa quá sâu rồi...",C?n ti?ng Anh nghi v?n: Hehe | S? t?/c?m nghi v?n: 1 | T? l? nghi v?n: 0.5 | M?c ??: 8.0
Keep driving! I've got the Voidworm in my sights!,Tiếp tục lái đi! Ta đã khóa mục tiêu Voidworm rồi!,C?n ti?ng Anh nghi v?n: Voidworm | S? t?/c?m nghi v?n: 1 | T? l? nghi v?n: 0.5 | M?c ??: 8.0
"You mean... you want to be a tester yourself, Miss Zahira? That's really kind, but...","Ý cô... là cô muốn tự mình làm người thử nghiệm sao, cô Zahira? Thật tốt bụng, nhưng...",C?n ti?ng Anh nghi v?n: Zahira | S? t?/c?m nghi v?n: 1 | T? l? nghi v?n: 0.5 | M?c ??: 8.0
(Zahira bats her eyelashes playfully.),(Zahira nháy mắt đầy tinh nghịch.),C?n ti?ng Anh nghi v?n: Zahira | S? t?/c?m nghi v?n: 1 | T? l? nghi v?n: 0.5 | M?c ??: 8.0
"(Zahira tilts her head, flashing you a mischievous, triumphant grin.)","Zahira nghiêng đầu, nở một nụ cười tinh nghịch đầy chiến thắng nhìn cậu.",C?n ti?ng Anh nghi v?n: Zahira | S? t?/c?m nghi v?n: 1 | T? l? nghi v?n: 0.5 | M?c ??: 8.0
"M–Miss Zahira, you can't do that yet!","C–Cô Zahira, cô chưa được làm vậy đâu!",C?n ti?ng Anh nghi v?n: Zahira | S? t?/c?m nghi v?n: 1 | T? l? nghi v?n: 0.5 | M?c ??: 8.0
It seems Miss Zahira read your abilities perfectly. Thank you both for your help.,Có vẻ như cô Zahira đã đánh giá chính xác khả năng của cậu. Cảm ơn cả hai vì đã giúp đỡ.,C?n ti?ng Anh nghi v?n: Zahira | S? t?/c?m nghi v?n: 1 | T? l? nghi v?n: 0.5 | M?c ??: 8.0
"(She crouches down and uses a twig to draw a squiggly line on the ground, then points to your motorbike and her Exoswarm.)","(Cô ấy cúi xuống, dùng một cành cây vẽ nguệch ngoạc một đường trên đất, rồi chỉ vào xe máy của cậu và Exoswarm của cô.)",C?n ti?ng Anh nghi v?n: Exoswarm | S? t?/c?m nghi v?n: 1 | T? l? nghi v?n: 0.5 | M?c ??: 8.0
I don't mind… but my motorbike against your Exoswarm? You sure?,Tôi không phiền... nhưng xe máy của tôi đổi lấy Exoswarm của cậu? Cậu chắc chứ?,C?n ti?ng Anh nghi v?n: Exoswarm | S? t?/c?m nghi v?n: 1 | T? l? nghi v?n: 0.5 | M?c ??: 8.0
"As it keeps filling in the marks, you seem to catch fleeting glimpses of its time with Matthew.","Khi nó tiếp tục lấp đầy những dấu vết, cậu dường như thoáng thấy những khoảnh khắc nó từng có bên Matthew.",C?n ti?ng Anh nghi v?n: Matthew | S? t?/c?m nghi v?n: 1 | T? l? nghi v?n: 0.5 | M?c ??: 8.0
"""We tried so many times and only pulled it off once. It was exhausting, but Matthew just watched us with that gentle smile of his.""","Chúng tôi thử đi thử lại bao nhiêu lần mà chỉ thành công có một lần. Mệt lả người, nhưng Matthew chỉ đứng nhìn với nụ cười hiền từ ấy.",C?n ti?ng Anh nghi v?n: Matthew | S? t?/c?m nghi v?n: 1 | T? l? nghi v?n: 0.5 | M?c ??: 8.0
"Once again, Abby is already interpreting in perfect sync.","Lại một lần nữa, Abby đã phiên dịch trơn tru như hình với bóng.",C?n ti?ng Anh nghi v?n: Abby | S? t?/c?m nghi v?n: 1 | T? l? nghi v?n: 0.5 | M?c ??: 8.0
"As it speaks, you seem to catch fleeting glimpses of its time with Matthew.","Trong lúc nó nói, cậu dường như thoáng thấy những khoảnh khắc nó từng có bên Matthew.",C?n ti?ng Anh nghi v?n: Matthew | S? t?/c?m nghi v?n: 1 | T? l? nghi v?n: 0.5 | M?c ??: 8.0
"The Soliskin fills the empty space on the paper with yellow marks, as if completing a piece of music that had been scattered and lost.","Dung dịch Soliskin lấp đầy khoảng trống trên giấy bằng những vệt vàng, như thể hoàn thiện một bản nhạc từng bị phân tán và thất lạc.",C?n ti?ng Anh nghi v?n: Soliskin | S? t?/c?m nghi v?n: 1 | T? l? nghi v?n: 0.5 | M?c ??: 8.0
"""Hehe, sorry about that!""","""Hehe, xin lỗi nhé!""",C?n ti?ng Anh nghi v?n: Hehe | S? t?/c?m nghi v?n: 1 | T? l? nghi v?n: 0.5 | M?c ??: 8.0
The name's {PlayerName}.,The name's {PlayerName}.,C?n ti?ng Anh nghi v?n: name's | S? t?/c?m nghi v?n: 1 | T? l? nghi v?n: 0.5 | M?c ??: 8.0
"""The green Mi!""","""Quả Mi xanh!""",C?n ti?ng Anh nghi v?n: Mi | S? t?/c?m nghi v?n: 1 | T? l? nghi v?n: 0.5 | M?c ??: 8.0
"""The blue Fa!""","""Nốt Fa xanh!""",C?n ti?ng Anh nghi v?n: Fa | S? t?/c?m nghi v?n: 1 | T? l? nghi v?n: 0.5 | M?c ??: 8.0
Abby starts interpreting Soliskin's words simultaneously.,Abby bắt đầu dịch lời của Soliskin cùng lúc.,C?n ti?ng Anh nghi v?n: Abby | S? t?/c?m nghi v?n: 1 | T? l? nghi v?n: 0.5 | M?c ??: 8.0
Find the Melody? What does that mean?,Tìm Melody á? Ý là sao nhỉ?,C?n ti?ng Anh nghi v?n: Melody | S? t?/c?m nghi v?n: 1 | T? l? nghi v?n: 0.5 | M?c ??: 8.0
"Fa? Uh… not sure who that is, but ""blonde girl"" definitely tracks.","Fa á? Ờ… không biết là ai, nhưng “cô gái tóc vàng” thì chắc chắn rồi.",C?n ti?ng Anh nghi v?n: Fa | S? t?/c?m nghi v?n: 1 | T? l? nghi v?n: 0.5 | M?c ??: 8.0
"Melody, music sheet… are you Fa's friend?","Melody, bản nhạc... cậu là bạn của Fa à?",C?n ti?ng Anh nghi v?n: Melody | S? t?/c?m nghi v?n: 1 | T? l? nghi v?n: 0.5 | M?c ??: 8.0
"""You see... red, green, red. This is the opening of this Melody…""","""Ngươi thấy không... đỏ, xanh, đỏ. Đây là khúc dạo đầu của bản Melody này...""",C?n ti?ng Anh nghi v?n: Melody | S? t?/c?m nghi v?n: 1 | T? l? nghi v?n: 0.5 | M?c ??: 8.0
"Once again, Abby is already interpreting in perfect sync.","Lại một lần nữa, Abby đã phiên dịch trơn tru như hình với bóng.",C?n ti?ng Anh nghi v?n: Abby | S? t?/c?m nghi v?n: 1 | T? l? nghi v?n: 0.5 | M?c ??: 8.0
"""Oh, so you know our plan! You must be the lifesaver Fa found for us! Yay!! Please help me, {Male=Mr.;Female=Miss} Lifesaver! I can't do this alone!""","""Ồ, thế ra cậu biết kế hoạch của bọn tớ! Chắc hẳn cậu là ân nhân mà Fa tìm về giúp chúng tớ rồi! Tuyệt quá!! Giúp tớ với, {Male=anh;Female=chị} Ân Nhân ơi! Một mình tớ không làm được đâu!""",C?n ti?ng Anh nghi v?n: Fa | S? t?/c?m nghi v?n: 1 | T? l? nghi v?n: 0.5 | M?c ??: 8.0
"""That's right! Just like the game Matthew used to play with us! Pretty please!""","""Đúng rồi! Giống như trò chơi Matthew thường chơi với chúng ta ấy! Làm ơn đi mà!""",C?n ti?ng Anh nghi v?n: Matthew | S? t?/c?m nghi v?n: 1 | T? l? nghi v?n: 0.5 | M?c ??: 8.0
"If you've got the time, you can claim your reward from the Spacetrek Observatory. I'll be waiting for you.","Nếu cậu rảnh, có thể đến Đài Quan sát Spacetrek nhận thưởng. Mình sẽ đợi cậu.",C?n ti?ng Anh nghi v?n: Spacetrek | S? t?/c?m nghi v?n: 1 | T? l? nghi v?n: 0.5 | M?c ??: 8.0
"Hi, are you Astrid, Maja's mom?","Chào, chị có phải là Astrid, mẹ của Maja không?",C?n ti?ng Anh nghi v?n: Astrid | S? t?/c?m nghi v?n: 1 | T? l? nghi v?n: 0.5 | M?c ??: 8.0
"This is Professor Mornye, Maja's teacher.","Đây là Giáo sư Mornye, thầy của Maja.",C?n ti?ng Anh nghi v?n: Mornye | S? t?/c?m nghi v?n: 1 | T? l? nghi v?n: 0.5 | M?c ??: 8.0
"What... exactly are you asking? I am sorry, I've not studied at your Startorch Academy. I'm not familiar with your terms.","Cậu... đang hỏi gì vậy? Xin lỗi, tớ không học ở Học viện Startorch của cậu. Tớ không rành mấy thuật ngữ của cậu đâu.",C?n ti?ng Anh nghi v?n: Startorch | S? t?/c?m nghi v?n: 1 | T? l? nghi v?n: 0.5 | M?c ??: 8.0
"{PlayerName}, the Spacetrek Collective has connected to your vehicle and will provide assistance!","{PlayerName}, Tập Đoàn Spacetrek đã kết nối với phương tiện của cậu và sẽ hỗ trợ ngay!",C?n ti?ng Anh nghi v?n: Spacetrek | S? t?/c?m nghi v?n: 1 | T? l? nghi v?n: 0.5 | M?c ??: 8.0
We can't reach Professor Mornye. You're our only hope now!,Chúng ta không liên lạc được với Giáo sư Mornye. Giờ chỉ còn trông cậy vào cậu thôi!,C?n ti?ng Anh nghi v?n: Mornye | S? t?/c?m nghi v?n: 1 | T? l? nghi v?n: 0.5 | M?c ??: 8.0
Giant worm... You mean the <te href=700004>Voidworm</te>?,Giun khổng lồ... Ý cậu là <te href=700004>Voidworm</te> à?,C?n ti?ng Anh nghi v?n: Voidworm | S? t?/c?m nghi v?n: 1 | T? l? nghi v?n: 0.5 | M?c ??: 8.0
This one must have hidden under the Exoswarm wreckage when the Void Storm broke out.,Tấm này hẳn là đã ẩn nấp dưới đống đổ nát của Exoswarm khi Bão Hư Không bùng phát.,C?n ti?ng Anh nghi v?n: Exoswarm | S? t?/c?m nghi v?n: 1 | T? l? nghi v?n: 0.5 | M?c ??: 8.0
But... the Soliskin did not like it. It had an... unnatural energy.,Nhưng... Soliskin không thích nó. Nó mang một nguồn năng lượng... bất thường.,C?n ti?ng Anh nghi v?n: Soliskin | S? t?/c?m nghi v?n: 1 | T? l? nghi v?n: 0.5 | M?c ??: 8.0
(Not sure who here knows what Yngvar did. Best not to mention his name. Don't want to stir things up.),(Không biết ai ở đây biết Yngvar đã làm gì. Tốt nhất đừng nhắc đến hắn. Không muốn gây thêm rắc rối.),C?n ti?ng Anh nghi v?n: Yngvar | S? t?/c?m nghi v?n: 1 | T? l? nghi v?n: 0.5 | M?c ??: 8.0
"But ask I must—the Void Storm, it happened near Atuja camp, yes?",Nhưng tôi vẫn phải hỏi—Bão Hư Không xảy ra gần trại Atuja phải không?,C?n ti?ng Anh nghi v?n: Atuja | S? t?/c?m nghi v?n: 1 | T? l? nghi v?n: 0.5 | M?c ??: 8.0
"Come. From this day forth, the Roya call you friends.","Hãy đến. Từ hôm nay trở đi, người Roya sẽ gọi ngươi là bạn.",C?n ti?ng Anh nghi v?n: Roya | S? t?/c?m nghi v?n: 1 | T? l? nghi v?n: 0.5 | M?c ??: 8.0
"I can't stop thinking about those Spacetrek snacks. What are they gonna be, huh?!","Không thể ngừng nghĩ về mấy món snack Spacetrek ấy! Chúng sẽ như thế nào nhỉ, hả?!",C?n ti?ng Anh nghi v?n: Spacetrek | S? t?/c?m nghi v?n: 1 | T? l? nghi v?n: 0.5 | M?c ??: 8.0
"Hello, will you dance with us and the Soliskin?","Xin chào, cậu có muốn nhảy cùng chúng tôi và Soliskin không?",C?n ti?ng Anh nghi v?n: Soliskin | S? t?/c?m nghi v?n: 1 | T? l? nghi v?n: 0.5 | M?c ??: 8.0
"Tonight, let's relax a little, Mornye.","Tối nay, thư giãn chút đi, Mornye.",C?n ti?ng Anh nghi v?n: Mornye | S? t?/c?m nghi v?n: 1 | T? l? nghi v?n: 0.5 | M?c ??: 8.0
Is the robot going to be okay?,Con robot đó... sẽ ổn chứ?,C?n ti?ng Anh nghi v?n: robot | S? t?/c?m nghi v?n: 1 | T? l? nghi v?n: 0.5 | M?c ??: 8.0
I think I saw a glimpse inside Solisylum.,Hình như mình vừa thoáng thấy bên trong Solisylum.,C?n ti?ng Anh nghi v?n: Solisylum | S? t?/c?m nghi v?n: 1 | T? l? nghi v?n: 0.5 | M?c ??: 8.0
"This Void Storm might not have just affected the woods here, but the workings of Solisylum itself.","Cơn Bão Hư Không này có lẽ không chỉ ảnh hưởng đến khu rừng ở đây, mà còn cả cơ chế hoạt động của Solisylum.",C?n ti?ng Anh nghi v?n: Solisylum | S? t?/c?m nghi v?n: 1 | T? l? nghi v?n: 0.5 | M?c ??: 8.0
"Now, the one from the prediction appears. <te href=700018>Solisylum</te> awaits your arrival.","Giờ thì, kẻ trong lời tiên đoán đã xuất hiện. <te href=700018>Solisylum</te> đang đợi cậu đến.",C?n ti?ng Anh nghi v?n: Solisylum | S? t?/c?m nghi v?n: 1 | T? l? nghi v?n: 0.5 | M?c ??: 8.0
"Now, I'd like to review the incident with the Hyvatia Detector.","Bây giờ, mình muốn xem lại sự cố với Máy dò Hyvatia.",C?n ti?ng Anh nghi v?n: Hyvatia | S? t?/c?m nghi v?n: 1 | T? l? nghi v?n: 0.5 | M?c ??: 8.0
"As expected, the Reactor Drive is protected by aggressive Exoswarm acting like the immune system.","Đúng như dự đoán, Lò Phản Ứng được bảo vệ bởi bầy Exoswarm hung hãn, như một hệ miễn dịch vậy.",C?n ti?ng Anh nghi v?n: Exoswarm | S? t?/c?m nghi v?n: 1 | T? l? nghi v?n: 0.5 | M?c ??: 8.0
Voidmatter concentration is increasing. Abnormal expression detected in the Reactor Drive! Evacuate immediately!,Nồng độ Vật Chất Hư Không đang tăng lên. Phát hiện biểu hiện bất thường ở Bộ truyền động Reactor! Sơ tán ngay lập tức!,C?n ti?ng Anh nghi v?n: Reactor | S? t?/c?m nghi v?n: 1 | T? l? nghi v?n: 0.5 | M?c ??: 8.0
Lahai-Roi will still continue forward on its own feet.,Lahai-Roi vẫn sẽ tiếp tục tiến về phía trước bằng đôi chân của chính mình.,C?n ti?ng Anh nghi v?n: Lahai | S? t?/c?m nghi v?n: 1 | T? l? nghi v?n: 0.5 | M?c ??: 8.0
I'm here to inform you that Professor Mornye has just woken up.,Ta đến để thông báo rằng Giáo sư Mornye vừa tỉnh dậy.,C?n ti?ng Anh nghi v?n: Mornye | S? t?/c?m nghi v?n: 1 | T? l? nghi v?n: 0.5 | M?c ??: 8.0
"To celebrate Professor Mornye waking up and the crisis being averted, don't you think we should...","Để chúc mừng Giáo sư Mornye tỉnh lại và khủng hoảng đã được giải quyết, cậu không nghĩ chúng ta nên...",C?n ti?ng Anh nghi v?n: Mornye | S? t?/c?m nghi v?n: 1 | T? l? nghi v?n: 0.5 | M?c ??: 8.0
"But... Oh, well. Thanks anyway for helping out. Professor Mornye, and—","Nhưng... thôi cũng được. Dù sao cũng cảm ơn vì đã giúp đỡ. Giáo sư Mornye, và—",C?n ti?ng Anh nghi v?n: Mornye | S? t?/c?m nghi v?n: 1 | T? l? nghi v?n: 0.5 | M?c ??: 8.0
"You want to find a Roya in black robes with gold embroidery, wearing a headpiece shaped like two horns?","Cậu muốn tìm một Roya mặc áo choàng đen thêu vàng, đội vương miện hình hai chiếc sừng à?",C?n ti?ng Anh nghi v?n: Roya | S? t?/c?m nghi v?n: 1 | T? l? nghi v?n: 0.5 | M?c ??: 8.0
"That's right. They're the six most powerful members of the Roya tribe. The highest in rank, too.",Đúng thế. Họ là sáu thành viên mạnh nhất của bộ tộc Roya. Còn là những người có địa vị cao nhất nữa.,C?n ti?ng Anh nghi v?n: Roya | S? t?/c?m nghi v?n: 1 | T? l? nghi v?n: 0.5 | M?c ??: 8.0
But maybe you could try meeting with one of the unappointed Heliodic Six?,Nhưng có lẽ cậu có thể thử gặp một trong số Lục Heliodic chưa được bổ nhiệm?,C?n ti?ng Anh nghi v?n: Heliodic | S? t?/c?m nghi v?n: 1 | T? l? nghi v?n: 0.5 | M?c ??: 8.0
(Things are getting more complicated. A direct approach with Yngvar might not be a good idea.),(Mọi chuyện ngày càng phức tạp. Tiếp cận trực tiếp với Yngvar có lẽ không phải ý hay.),C?n ti?ng Anh nghi v?n: Yngvar | S? t?/c?m nghi v?n: 1 | T? l? nghi v?n: 0.5 | M?c ??: 8.0
But you are not Roya. You may not be allowed to witness the rite.,Nhưng ngươi không phải Roya. Ngươi có thể không được phép chứng kiến nghi lễ đâu.,C?n ti?ng Anh nghi v?n: Roya | S? t?/c?m nghi v?n: 1 | T? l? nghi v?n: 0.5 | M?c ??: 8.0
Chu... Chuuu!,Chu... Chuuu!,C?n ti?ng Anh nghi v?n: Chuuu | S? t?/c?m nghi v?n: 1 | T? l? nghi v?n: 0.5 | M?c ??: 8.0
Yes. The Spacetrek Collective has given me a whole month of paid sick leave. My schedule is clear.,Đúng rồi. Tập Đoàn Spacetrek cho tôi nghỉ bệnh hưởng lương cả tháng. Lịch trình của tôi trống trơn.,C?n ti?ng Anh nghi v?n: Spacetrek | S? t?/c?m nghi v?n: 1 | T? l? nghi v?n: 0.5 | M?c ??: 8.0
(Chuckles) You can relax. Professor Lucilla has already given you the clear. You're not a suspect.,(Cười) Cậu có thể yên tâm rồi. Giáo sư Lucilla đã xác nhận cậu vô tội mà. Cậu không phải nghi phạm đâu.,C?n ti?ng Anh nghi v?n: Lucilla | S? t?/c?m nghi v?n: 1 | T? l? nghi v?n: 0.5 | M?c ??: 8.0
There are so many contaminated Exoswarm here. The Voidmatter concentration is also very high.,Có quá nhiều Exoswarm bị nhiễm độc ở đây. Nồng độ Vật Chất Hư Không cũng rất cao.,C?n ti?ng Anh nghi v?n: Exoswarm | S? t?/c?m nghi v?n: 1 | T? l? nghi v?n: 0.5 | M?c ??: 8.0
It's a notice from the Collective. The Royan delegation canceled the meeting. The ceremony is now on hold. That's odd...,Đây là thông báo từ Tập Thể. Phái đoàn Royan hủy cuộc họp rồi. Lễ nghi tạm hoãn. Lạ thật...,C?n ti?ng Anh nghi v?n: Royan | S? t?/c?m nghi v?n: 1 | T? l? nghi v?n: 0.5 | M?c ??: 8.0
"Take it to the one they call ""Arbiter.""","Đưa nó cho người gọi là ""Arbiter"" ấy.",C?n ti?ng Anh nghi v?n: Arbiter | S? t?/c?m nghi v?n: 1 | T? l? nghi v?n: 0.5 | M?c ??: 8.0
"Can you trace where it came from, Abby?","Cậu có thể tìm ra nó đến từ đâu không, Abby?",C?n ti?ng Anh nghi v?n: Abby | S? t?/c?m nghi v?n: 1 | T? l? nghi v?n: 0.5 | M?c ??: 8.0
The road to Solisylum is here. Or do you have something else to ask?,Đường đến Solisylum đã ở ngay trước mắt. Cậu còn điều gì muốn hỏi không?,C?n ti?ng Anh nghi v?n: Solisylum | S? t?/c?m nghi v?n: 1 | T? l? nghi v?n: 0.5 | M?c ??: 8.0
"This history, every Royan child learns from birth—","Lịch sử này, mỗi đứa trẻ Royan đều được học từ khi mới lọt lòng—",C?n ti?ng Anh nghi v?n: Royan | S? t?/c?m nghi v?n: 1 | T? l? nghi v?n: 0.5 | M?c ??: 8.0
"""And the Six, with the Heliogyre as their tally, read the heavens. Thus, we need not fade into the void.""","""Và Lục Bộ, với Heliogyre làm thước đo, đã đọc vị bầu trời. Nhờ vậy, chúng ta không phải lụi tàn vào hư vô.""",C?n ti?ng Anh nghi v?n: Heliogyre | S? t?/c?m nghi v?n: 1 | T? l? nghi v?n: 0.5 | M?c ??: 8.0
Could it be... some turmoil is stirring within the Roya themselves?,Chẳng lẽ... có điều gì đó đang khuấy động bên trong chính tộc Roya?,C?n ti?ng Anh nghi v?n: Roya | S? t?/c?m nghi v?n: 1 | T? l? nghi v?n: 0.5 | M?c ??: 8.0
(That Soliskin that vanished just outside the Academy.),(Mảnh Soliskin biến mất ngay bên ngoài Học viện đó.),C?n ti?ng Anh nghi v?n: Soliskin | S? t?/c?m nghi v?n: 1 | T? l? nghi v?n: 0.5 | M?c ??: 8.0
to link our minds to the Heliogyre,Để kết nối tâm trí ta với Heliogyre,C?n ti?ng Anh nghi v?n: Heliogyre | S? t?/c?m nghi v?n: 1 | T? l? nghi v?n: 0.5 | M?c ??: 8.0
The Spacetrek Collective's decades of effort in preparing for the New Solar Ceremony will come to nothing.,Những nỗ lực chuẩn bị suốt mấy chục năm cho Lễ Hội Mặt Trời Mới của Hội Tập Đoàn Spacetrek sẽ đổ sông đổ bể.,C?n ti?ng Anh nghi v?n: Spacetrek | S? t?/c?m nghi v?n: 1 | T? l? nghi v?n: 0.5 | M?c ??: 8.0
(Residual Voidmatter corruption?! I need to find a way to cleanse it!),(Thanh tẩy dư lượng Voidmatter còn sót lại?! Phải tìm cách làm sạch nó mới được!),C?n ti?ng Anh nghi v?n: Voidmatter | S? t?/c?m nghi v?n: 1 | T? l? nghi v?n: 0.5 | M?c ??: 8.0
That sound... Is it Buddy?,Âm thanh đó... Có phải Buddy không?,C?n ti?ng Anh nghi v?n: Buddy | S? t?/c?m nghi v?n: 1 | T? l? nghi v?n: 0.5 | M?c ??: 8.0
"You–you're saying that because I dropped that device there, the Drive is going to...","Cậu—cậu nói vậy nghĩa là vì tớ để cái thiết bị kia rơi xuống, nên Drive sẽ...",C?n ti?ng Anh nghi v?n: Drive | S? t?/c?m nghi v?n: 1 | T? l? nghi v?n: 0.5 | M?c ??: 8.0
"Helios is approaching target altitude. Progress, 16%... 47%... 92%","Helios đang tiến đến độ cao mục tiêu. Tiến độ, 16%... 47%... 92%...",C?n ti?ng Anh nghi v?n: Helios | S? t?/c?m nghi v?n: 1 | T? l? nghi v?n: 0.5 | M?c ??: 8.0
Cause found! The Hyvatia Detector's signals are jammed!,Đã tìm ra nguyên nhân! Tín hiệu của Máy dò Hyvatia bị nhiễu!,C?n ti?ng Anh nghi v?n: Hyvatia | S? t?/c?m nghi v?n: 1 | T? l? nghi v?n: 0.5 | M?c ??: 8.0
Uh-yes! Researcher Anslem left behind several prototypes. I'll go fetch one from the warehouse.,Ừ-ừ! Nhà nghiên cứu Anslem để lại vài nguyên mẫu. Tớ sẽ đi lấy một cái từ kho hàng.,C?n ti?ng Anh nghi v?n: Anslem | S? t?/c?m nghi v?n: 1 | T? l? nghi v?n: 0.5 | M?c ??: 8.0
"Solisylum has appeared for you. Please, enter.",Solisylum đã xuất hiện trước mắt ngươi. Xin mời bước vào.,C?n ti?ng Anh nghi v?n: Solisylum | S? t?/c?m nghi v?n: 1 | T? l? nghi v?n: 0.5 | M?c ??: 8.0
So that's the one the Heliodic Six predicted would appear...,Vậy ra đó chính là kẻ mà Lục Heliodic đã tiên đoán sẽ xuất hiện...,C?n ti?ng Anh nghi v?n: Heliodic | S? t?/c?m nghi v?n: 1 | T? l? nghi v?n: 0.5 | M?c ??: 8.0
It's consistent with the designs we found earlier. This looks like the unit that Astrid found before. Some prototype under development.,Nó khớp với thiết kế chúng ta tìm thấy trước đó. Giống như đơn vị mà Astrid phát hiện lần trước. Một mẫu thử nghiệm đang phát triển.,C?n ti?ng Anh nghi v?n: Astrid | S? t?/c?m nghi v?n: 1 | T? l? nghi v?n: 0.5 | M?c ??: 8.0
"Well, since Mentor is already headed to the Heliogyre, I'd best get started on what I can contribute.","Vậy, vì Sư phụ đã đến Heliogyre rồi, tôi cũng nên bắt tay vào phần việc mình có thể đóng góp.",C?n ti?ng Anh nghi v?n: Heliogyre | S? t?/c?m nghi v?n: 1 | T? l? nghi v?n: 0.5 | M?c ??: 8.0
"There's the other visitor in Bjartr Woods now, correct? Some crippled scientist.",Hiện giờ ở Rừng Bjartr còn có một vị khách khác phải không? Một gã nhà khoa học què quặt.,C?n ti?ng Anh nghi v?n: Bjartr | S? t?/c?m nghi v?n: 1 | T? l? nghi v?n: 0.5 | M?c ??: 8.0
"You twist open the cap the same way Abby did, and slurp up a mouthful of jelly.","Bạn mở nắp theo cách Abby đã làm, rồi húp một ngụm thạch.",C?n ti?ng Anh nghi v?n: Abby | S? t?/c?m nghi v?n: 1 | T? l? nghi v?n: 0.5 | M?c ??: 8.0
"Piping hot meat and veggies, garnished with a sprinkle of Lemongrass. Mm-mmm! Sweet aroma!","Thịt và rau củ nóng hổi, rắc thêm chút Sả thơm. Mmm! Mùi thơm ngọt ngào quá!",C?n ti?ng Anh nghi v?n: Mmm | S? t?/c?m nghi v?n: 1 | T? l? nghi v?n: 0.5 | M?c ??: 8.0
"{PlayerName}, is that you? I can't believe you came to Lahai-Roi!","{PlayerName}, là cậu đấy à? Không ngờ cậu lại đến Lahai-Roi!",C?n ti?ng Anh nghi v?n: Lahai | S? t?/c?m nghi v?n: 1 | T? l? nghi v?n: 0.5 | M?c ??: 8.0
"""Get ready, cuz your rose-colored campus life is right around the corner!"" Haha, this might give the freshmen some wild expectations, but let's roll with it.","""Sẵn sàng đi nào, vì cuộc sống đại học màu hồng đang chờ đấy!"" Haha, có thể làm mấy tân sinh viên háo hức quá mức, nhưng cứ thế mà tiến thôi.",C?n ti?ng Anh nghi v?n: Haha | S? t?/c?m nghi v?n: 1 | T? l? nghi v?n: 0.5 | M?c ??: 8.0
"Are you okay, Ancelo?","Ancelo, cậu không sao chứ?",C?n ti?ng Anh nghi v?n: Ancelo | S? t?/c?m nghi v?n: 1 | T? l? nghi v?n: 0.5 | M?c ??: 8.0
Lahai-Roi Popular Photo Hotspots.,Điểm Chụp Ảnh Nổi Tiếng Tại Lahai-Roi,C?n ti?ng Anh nghi v?n: Lahai | S? t?/c?m nghi v?n: 1 | T? l? nghi v?n: 0.5 | M?c ??: 8.0
T-This might seem out of the blue... But would you be willing to work with us for this special feature?,T-Có vẻ hơi đột ngột... Nhưng cậu có muốn hợp tác với bọn mình cho mục đặc biệt này không?,C?n ti?ng Anh nghi v?n: T | S? t?/c?m nghi v?n: 1 | T? l? nghi v?n: 0.5 | M?c ??: 8.0
"Btw, Silan also dropped some petroglyph lore.","À, Silan cũng để lại vài mảnh truyền thuyết về tranh khắc đá đấy.",C?n ti?ng Anh nghi v?n: Silan | S? t?/c?m nghi v?n: 1 | T? l? nghi v?n: 0.5 | M?c ??: 8.0
"Here we are, the Sundermere spot.",Chúng ta đến rồi. Điểm Sundermere đây.,C?n ti?ng Anh nghi v?n: Sundermere | S? t?/c?m nghi v?n: 1 | T? l? nghi v?n: 0.5 | M?c ??: 8.0
"""Oh, the sky! Oh, the water!"" Oh wow, that's actually a good caption!","""Ôi, bầu trời! Ôi, dòng nước! Wow, cái tiêu đề này hay thật đấy!""",C?n ti?ng Anh nghi v?n: Wow | S? t?/c?m nghi v?n: 1 | T? l? nghi v?n: 0.5 | M?c ??: 8.0
A student named Erio.,Một sinh viên tên Erio.,C?n ti?ng Anh nghi v?n: Erio | S? t?/c?m nghi v?n: 1 | T? l? nghi v?n: 0.5 | M?c ??: 8.0
Rubia from the Department of Voidmatters.  Tardy to class: ten times. Late assignment submissions: zero.,"Rubia, Khoa Vật Chất Hư Không. Đi học muộn: mười lần. Nộp bài trễ: không lần nào.",C?n ti?ng Anh nghi v?n: Rubia | S? t?/c?m nghi v?n: 1 | T? l? nghi v?n: 0.5 | M?c ??: 8.0
"Hehe, sometimes it's good to have that sense of urgency.","Hehe, thỉnh thoảng cũng nên có chút cảm giác gấp gáp như thế này mới hay.",C?n ti?ng Anh nghi v?n: Hehe | S? t?/c?m nghi v?n: 1 | T? l? nghi v?n: 0.5 | M?c ??: 8.0
"Why don't we go over and say hello, Pikjo? Just remember to speak a little more softly and gently.",Hay mình lại chào Pikjo đi? Nhớ nói nhỏ nhẹ và dịu dàng thôi nhé.,C?n ti?ng Anh nghi v?n: Pikjo | S? t?/c?m nghi v?n: 1 | T? l? nghi v?n: 0.5 | M?c ??: 8.0
"Hello, {PlayerName} of Rabelle College. Tardy to class: zero times. Late assignment submissions: zero.","Xin chào, {PlayerName} của Học viện Rabelle. Số lần đi học muộn: không. Số lần nộp bài trễ: không.",C?n ti?ng Anh nghi v?n: Rabelle | S? t?/c?m nghi v?n: 1 | T? l? nghi v?n: 0.5 | M?c ??: 8.0
Rubia from the Department of Voidmatters. Tardy to class: nine times. Late assignment submissions: zero.,"Rubia, Khoa Vật Chất Hư Không. Đi học muộn: chín lần. Nộp bài trễ: không lần nào.",C?n ti?ng Anh nghi v?n: Rubia | S? t?/c?m nghi v?n: 1 | T? l? nghi v?n: 0.5 | M?c ??: 8.0
That boy over there with the light brown hair—That's Erio.,Cậu bé tóc nâu sáng đằng kia kìa—Đó là Erio.,C?n ti?ng Anh nghi v?n: Erio | S? t?/c?m nghi v?n: 1 | T? l? nghi v?n: 0.5 | M?c ??: 8.0
And Sena is the girl with the short hair over there.,Còn Sena là cô gái tóc ngắn đằng kia ấy.,C?n ti?ng Anh nghi v?n: Sena | S? t?/c?m nghi v?n: 1 | T? l? nghi v?n: 0.5 | M?c ??: 8.0
That girl over there with the short hair—That's Sena.,Cô gái tóc ngắn đằng kia ấy à—Đó là Sena.,C?n ti?ng Anh nghi v?n: Sena | S? t?/c?m nghi v?n: 1 | T? l? nghi v?n: 0.5 | M?c ??: 8.0
And Erio is the boy with the light brown hair over there.,Và Erio là cậu bé tóc nâu sáng đằng kia ấy.,C?n ti?ng Anh nghi v?n: Erio | S? t?/c?m nghi v?n: 1 | T? l? nghi v?n: 0.5 | M?c ??: 8.0
Lahai-Roi... is breathtaking.,Lahai-Roi... thật ngoạn mục.,C?n ti?ng Anh nghi v?n: Lahai | S? t?/c?m nghi v?n: 1 | T? l? nghi v?n: 0.5 | M?c ??: 8.0
Lahai-Roi... is breathtaking.,Lahai-Roi... thật ngoạn mục.,C?n ti?ng Anh nghi v?n: Lahai | S? t?/c?m nghi v?n: 1 | T? l? nghi v?n: 0.5 | M?c ??: 8.0
We're an official fan club. We get reviewed by the Startorch Advisory Council every year!,Chúng ta là câu lạc bộ chính thức đấy. Mỗi năm đều được Hội đồng Startorch thẩm định lại cơ!,C?n ti?ng Anh nghi v?n: Startorch | S? t?/c?m nghi v?n: 1 | T? l? nghi v?n: 0.5 | M?c ??: 8.0
Relax! We're an official fan club. We get reviewed by the Startorch Advisory Council every year!,Thư giãn đi! Chúng ta là câu lạc bộ hâm mộ chính thức. Mỗi năm đều được Hội đồng Startorch thẩm định đấy!,C?n ti?ng Anh nghi v?n: Startorch | S? t?/c?m nghi v?n: 1 | T? l? nghi v?n: 0.5 | M?c ??: 8.0
We're an official fan club. We get reviewed by the Startorch Advisory Council every year!,Chúng ta là câu lạc bộ chính thức đấy. Mỗi năm đều được Hội đồng Startorch thẩm định lại cơ!,C?n ti?ng Anh nghi v?n: Startorch | S? t?/c?m nghi v?n: 1 | T? l? nghi v?n: 0.5 | M?c ??: 8.0
"I'm Lianna, Department of Engineering, current leader of the Photography Fan Club.","Tôi là Lianna, thuộc Khoa Kỹ thuật, hiện là trưởng Câu lạc bộ Nhiếp ảnh.",C?n ti?ng Anh nghi v?n: Lianna | S? t?/c?m nghi v?n: 1 | T? l? nghi v?n: 0.5 | M?c ??: 8.0
Time to find Lianna and ask about the submission.,Đến lúc tìm Lianna và hỏi về việc quy phục.,C?n ti?ng Anh nghi v?n: Lianna | S? t?/c?m nghi v?n: 1 | T? l? nghi v?n: 0.5 | M?c ??: 8.0
"Yeah, it's a bit embarrassing to say out loud… but I want to be a Synchronist someday.","Ừ, nói ra hơi ngại... nhưng mình muốn trở thành Synchronist vào một ngày nào đó.",C?n ti?ng Anh nghi v?n: Synchronist | S? t?/c?m nghi v?n: 1 | T? l? nghi v?n: 0.5 | M?c ??: 8.0
"By the way, what about you, Flaer? What do you want to do?","À này, còn cậu thì sao, Flaer? Cậu muốn làm gì?",C?n ti?ng Anh nghi v?n: Flaer | S? t?/c?m nghi v?n: 1 | T? l? nghi v?n: 0.5 | M?c ??: 8.0
"Flaer, all I'm seeing are teeth...","Flaer, ta chỉ thấy toàn răng của ngươi thôi...",C?n ti?ng Anh nghi v?n: Flaer | S? t?/c?m nghi v?n: 1 | T? l? nghi v?n: 0.5 | M?c ??: 8.0
"No, no, no! T-that's not what I meant... You always look good, Chuji!","Không, không, không! Ý… ý tớ không phải vậy… Dù thế nào cậu cũng đẹp trai mà, Chuji!",C?n ti?ng Anh nghi v?n: Chuji | S? t?/c?m nghi v?n: 1 | T? l? nghi v?n: 0.5 | M?c ??: 8.0
I've heard of it too… but I've been so busy catching up on my studies with Chuji that I never looked into it…,Tớ cũng nghe nói về chuyện đó... nhưng tớ bận rộn học hành với Chuji quá nên chưa tìm hiểu kỹ...,C?n ti?ng Anh nghi v?n: Chuji | S? t?/c?m nghi v?n: 1 | T? l? nghi v?n: 0.5 | M?c ??: 8.0
"What do you think, Yoren? You're okay with that, right?","Cậu nghĩ sao, Yoren? Cậu đồng ý chứ?",C?n ti?ng Anh nghi v?n: Yoren | S? t?/c?m nghi v?n: 1 | T? l? nghi v?n: 0.5 | M?c ??: 8.0
I'm near the Spacetrek Observatory. Please help me...,Mình đang ở gần Đài Quan Sát Spacetrek. Làm ơn cứu mình với...,C?n ti?ng Anh nghi v?n: Spacetrek | S? t?/c?m nghi v?n: 1 | T? l? nghi v?n: 0.5 | M?c ??: 8.0
You're back. Um... got any news about Sanna?,Cậu đã về rồi. Ừm... có tin gì về Sanna không?,C?n ti?ng Anh nghi v?n: Sanna | S? t?/c?m nghi v?n: 1 | T? l? nghi v?n: 0.5 | M?c ??: 8.0
I see. So Sanna... she left.,Ra là vậy. Vậy là Sanna... đã rời đi rồi.,C?n ti?ng Anh nghi v?n: Sanna | S? t?/c?m nghi v?n: 1 | T? l? nghi v?n: 0.5 | M?c ??: 8.0
That's just how Sanna is. She always forgets everything else when she's interested in something.,"Sanna vốn vậy mà. Mỗi khi cô ấy hứng thú với điều gì, mọi thứ khác đều bị quên sạch.",C?n ti?ng Anh nghi v?n: Sanna | S? t?/c?m nghi v?n: 1 | T? l? nghi v?n: 0.5 | M?c ??: 8.0
"If only you were here, Sanna...","Ước gì em ở đây, Sanna...",C?n ti?ng Anh nghi v?n: Sanna | S? t?/c?m nghi v?n: 1 | T? l? nghi v?n: 0.5 | M?c ??: 8.0
"You're {PlayerName}, right? Dhalifa told us about you.","Cậu là {PlayerName}, phải không? Dhalifa đã kể cho chúng tôi về cậu đấy.",C?n ti?ng Anh nghi v?n: Dhalifa | S? t?/c?m nghi v?n: 1 | T? l? nghi v?n: 0.5 | M?c ??: 8.0
"...This was all thanks to you. You're just like Sanna with her innate, keen intuition for using machines.","...Tất cả là nhờ cậu đấy. Cậu giống hệt Sanna, luôn có trực giác thiên bẩm trong việc sử dụng máy móc.",C?n ti?ng Anh nghi v?n: Sanna | S? t?/c?m nghi v?n: 1 | T? l? nghi v?n: 0.5 | M?c ??: 8.0
"Yes, she's a Roya with a penchant for mathematics. We are... very good friends.","Đúng vậy, cô ấy là một Roya đam mê toán học. Chúng ta... là bạn rất thân.",C?n ti?ng Anh nghi v?n: Roya | S? t?/c?m nghi v?n: 1 | T? l? nghi v?n: 0.5 | M?c ??: 8.0
"...This was all thanks to you. You're just like Sanna with her innate, keen intuition for using machines.","...Tất cả là nhờ cậu đấy. Cậu giống hệt Sanna, luôn có trực giác thiên bẩm trong việc sử dụng máy móc.",C?n ti?ng Anh nghi v?n: Sanna | S? t?/c?m nghi v?n: 1 | T? l? nghi v?n: 0.5 | M?c ??: 8.0
"Yes, she's a Roya with a penchant for mathematics. We are... very good friends.","Đúng vậy, cô ấy là một Roya đam mê toán học. Chúng ta... là bạn rất thân.",C?n ti?ng Anh nghi v?n: Roya | S? t?/c?m nghi v?n: 1 | T? l? nghi v?n: 0.5 | M?c ??: 8.0
"Harriet, what's wrong? You don't look well.","Harriet, sao thế? Trông cậu không khỏe lắm.",C?n ti?ng Anh nghi v?n: Harriet | S? t?/c?m nghi v?n: 1 | T? l? nghi v?n: 0.5 | M?c ??: 8.0
I've already gone a few times... and I still have work to finish at the Spacetrek Observatory...,Tớ cũng đã đi vài lần rồi... mà còn việc phải hoàn thành ở Đài Quan Sát Spacetrek nữa...,C?n ti?ng Anh nghi v?n: Spacetrek | S? t?/c?m nghi v?n: 1 | T? l? nghi v?n: 0.5 | M?c ??: 8.0
