en_source,vn_translate,loi_du_doan
"In that field of glory, we will grant Tyrannos the death it deserves.","Trên chiến trường vinh quang ấy, chúng ta sẽ ban cho Tyrannos cái chết mà nó đáng phải nhận.",C?n ti?ng Anh nghi v?n: Tyrannos | S? t?/c?m nghi v?n: 1 | T? l? nghi v?n: 0.167 | M?c ??: 4.67
It says Augusta has taken care of everything on her end. She's ready to meet us at the Ephor's Palace as agreed.,Nó bảo Augusta đã lo xong mọi thứ ở phần mình. Cô ấy sẵn sàng gặp chúng ta tại Cung điện Ephor như đã hẹn.,C?n ti?ng Anh nghi v?n: Augusta | S? t?/c?m nghi v?n: 1 | T? l? nghi v?n: 0.167 | M?c ??: 4.67
"I know well what those parasites in the Senate are plotting. Draped in the Temple's name, they manipulate public opinion to secure themselves a place on Capitoline Hill.","Ta biết rõ bọn ký sinh trùng trong Thượng viện đang mưu đồ gì. Chúng khoác lên mình danh nghĩa của Đền Thờ, thao túng dư luận chỉ để giành lấy một chỗ trên Đồi Capitoline.",C?n ti?ng Anh nghi v?n: Capitoline | S? t?/c?m nghi v?n: 1 | T? l? nghi v?n: 0.167 | M?c ??: 4.67
"Believe me, Augusta, I see that same spirit in you.","Tin ta đi, Augusta, ta thấy tinh thần ấy ở trong cậu.",C?n ti?ng Anh nghi v?n: Augusta | S? t?/c?m nghi v?n: 1 | T? l? nghi v?n: 0.167 | M?c ??: 4.67
Then it's settled. I'll let you prepare. Just give me a signal when you're near the Earthrender.,Vậy là xong. Ta sẽ để ngươi chuẩn bị. Khi nào gần đến Earthrender thì báo cho ta biết nhé.,C?n ti?ng Anh nghi v?n: Earthrender | S? t?/c?m nghi v?n: 1 | T? l? nghi v?n: 0.167 | M?c ??: 4.67
"Following a mysterious ""light,"" you and Abby reach a group of Hollow Figures chanting a haunting ""hymn."" You use the power of separation to resist the Dark Tide's influence and search for the hidden ""light."" Your instincts tell you it's tied to the pure frequency you're after.","Theo một ""ánh sáng"" bí ẩn, cậu và Abby đến chỗ một nhóm Hình Nhân Rỗng đang tụng một ""bài thánh ca"" ma mị. Cậu dùng sức mạnh phân ly để chống lại ảnh hưởng của Thủy Triều Bóng Tối và tìm kiếm ""ánh sáng"" ẩn giấu. Bản năng mách bảo cậu rằng nó liên quan đến tần số thuần khiết mà cậu đang tìm kiếm.",C?n ti?ng Anh nghi v?n: Abby | S? t?/c?m nghi v?n: 1 | T? l? nghi v?n: 0.167 | M?c ??: 4.67
"And, I must remind you, we rarely take part in hunts. Our place is with the <ano=Sacred Flames>flames</ano> in Tetragon Temple.","Và, tôi phải nhắc cậu, chúng ta hiếm khi tham gia săn lùng. Nơi của chúng ta là bên cạnh <ano=Sacred Flames>ngọn lửa thiêng</ano> ở Đền Tetragon.",C?n ti?ng Anh nghi v?n: Tetragon | S? t?/c?m nghi v?n: 1 | T? l? nghi v?n: 0.167 | M?c ??: 4.67
"I don't know what a Priestess is supposed to be, but I do know what Iuno is like. And I'm certain... she's a Priestess.","Ta không biết một Nữ Tư Tế phải như thế nào, nhưng ta biết rõ Iuno ra sao. Và ta chắc chắn... cô ấy chính là một Nữ Tư Tế.",C?n ti?ng Anh nghi v?n: Iuno | S? t?/c?m nghi v?n: 1 | T? l? nghi v?n: 0.167 | M?c ??: 4.67
"If Iuno truly died three years ago, then she couldn't have been your companion three years later, let alone have existed up until today.","Nếu Iuno thật sự đã chết ba năm trước, thì làm sao cô ấy có thể đồng hành cùng cậu ba năm sau, hay thậm chí còn tồn tại đến tận bây giờ?",C?n ti?ng Anh nghi v?n: Iuno | S? t?/c?m nghi v?n: 1 | T? l? nghi v?n: 0.167 | M?c ??: 4.67
"I've never doubted your judgment of Iuno. But if, as you say, she knew what would happen and still chose this path... could it be that this was the closest she could get to true completeness?","Ta chưa bao giờ nghi ngờ phán đoán của ngươi về Iuno. Nhưng nếu như ngươi nói, cô ấy đã biết trước điều gì sẽ xảy ra mà vẫn chọn con đường này... liệu có phải đây là cách gần nhất để cô ấy đạt được sự hoàn thiện thực sự?",C?n ti?ng Anh nghi v?n: Iuno | S? t?/c?m nghi v?n: 1 | T? l? nghi v?n: 0.167 | M?c ??: 4.67
"With that, the last prophecy I saw changed slightly. In a squad doomed to fall, one survived—Harelius.","Với điều đó, lời tiên tri cuối cùng ta thấy đã thay đổi đôi chút. Trong một đội quân bị định đoạt diệt vong, chỉ có một người sống sót—Harelius.",C?n ti?ng Anh nghi v?n: Harelius | S? t?/c?m nghi v?n: 1 | T? l? nghi v?n: 0.167 | M?c ??: 4.67
"Guided by the light and fate above, the Priestesses of Tetragon Temple share the futures they've glimpsed, be it through carvings, scrolls, or spoken word... through every means imaginable.","Dưới ánh sáng và định mệnh từ trên cao, các Nữ Tư Tế của Đền Tetragon chia sẻ những tương lai mà họ đã nhìn thấy, dù qua những bức chạm khắc, cuộn giấy, hay lời nói... bằng mọi cách có thể.",C?n ti?ng Anh nghi v?n: Tetragon | S? t?/c?m nghi v?n: 1 | T? l? nghi v?n: 0.167 | M?c ??: 4.67
"Until the day I led the charge to Murmurstown, determined to stop my comrades from falling to the Dark Tide and prove I had what it took to be king. I walked to the door I had passed a thousand times only to find—","Cho đến ngày tôi dẫn đầu cuộc tấn công vào Murmurstown, quyết tâm ngăn đồng đội sa vào Bóng Tối và chứng minh mình xứng đáng làm vua. Tôi bước đến cánh cửa đã đi qua hàng ngàn lần, chỉ để thấy—",C?n ti?ng Anh nghi v?n: Murmurstown | S? t?/c?m nghi v?n: 1 | T? l? nghi v?n: 0.167 | M?c ??: 4.67
"...So I'm right! Hahaha, see! Kyrion, my brother... What did I tell you!","...Đúng là ta mà! Haha, thấy chưa! Kyrion, anh trai ơi... Ta đã nói gì nhỉ!",C?n ti?ng Anh nghi v?n: Kyrion | S? t?/c?m nghi v?n: 1 | T? l? nghi v?n: 0.167 | M?c ??: 4.67
"What if I take Kyrion's place in the battle? And he plays the part of Nikolas, sailing across the seas? I'll confuse the whole world, even fate itself...","Nếu tớ thay Kyrion ra trận, còn hắn đóng vai Nikolas, lênh đênh trên biển? Thế giới này sẽ rối tung lên, kể cả số phận...",C?n ti?ng Anh nghi v?n: Nikolas | S? t?/c?m nghi v?n: 1 | T? l? nghi v?n: 0.167 | M?c ??: 4.67
"If we hadn't followed the prophecy, or if I'd chosen someone else to wield the spear, would Borde not have gotten hurt?","Nếu không nghe theo lời tiên tri, hay nếu ta chọn người khác cầm thương, liệu Borde có không bị thương?",C?n ti?ng Anh nghi v?n: Borde | S? t?/c?m nghi v?n: 1 | T? l? nghi v?n: 0.167 | M?c ??: 4.67
"Also, with that thing on your wrist there... Isn't it clear? That's how she's been connected to you all this time. Only Anchoring explains that.","Ngoài ra, cái vật trên cổ tay cậu kia... Rõ ràng mà? Đó chính là thứ đã kết nối cô ấy với cậu suốt thời gian qua. Chỉ có Anchoring mới giải thích được điều đó.",C?n ti?ng Anh nghi v?n: Anchoring | S? t?/c?m nghi v?n: 1 | T? l? nghi v?n: 0.167 | M?c ??: 4.67
"She promised we'd meet at the end. As long as Iuno needs a bow, I'll be the one to carry it for her.","Cô ấy hứa chúng ta sẽ gặp lại ở cuối con đường. Chừng nào Iuno còn cần một cây cung, tôi sẽ là người mang nó cho cô ấy.",C?n ti?ng Anh nghi v?n: Iuno | S? t?/c?m nghi v?n: 1 | T? l? nghi v?n: 0.167 | M?c ??: 4.67
"The melody is bold. The trombone, bright. This must be a song for my brother.",Giai điệu thật hùng tráng. Kèn trombone sáng rực. Chắc hẳn đây là bài hát dành cho người anh trai của ta.,C?n ti?ng Anh nghi v?n: trombone | S? t?/c?m nghi v?n: 1 | T? l? nghi v?n: 0.167 | M?c ??: 4.67
…Is this the song she wrote for me? That clarinet… Such a clear and elegant melody…,…Đây có phải bản nhạc cô ấy viết cho mình không? Tiếng kèn clarinet… Giai điệu trong trẻo và tao nhã làm sao…,C?n ti?ng Anh nghi v?n: clarinet | S? t?/c?m nghi v?n: 1 | T? l? nghi v?n: 0.167 | M?c ??: 4.67
Give me a second. My colleague in Ragunna just replied! They've found the address of the Strozzia residence. They never moved.,Đợi ta một chút. Đồng nghiệp ta ở Ragunna vừa trả lời rồi! Họ đã tìm ra địa chỉ nhà Strozzia. Họ chưa bao giờ chuyển đi.,C?n ti?ng Anh nghi v?n: Strozzia | S? t?/c?m nghi v?n: 1 | T? l? nghi v?n: 0.167 | M?c ??: 4.67
But… how does Grisoni know this lullaby? It wasn't part of our family back then.,Nhưng… làm sao Grisoni biết được bài hát ru này? Nó đâu có nằm trong ký ức gia đình chúng ta hồi đó.,C?n ti?ng Anh nghi v?n: Grisoni | S? t?/c?m nghi v?n: 1 | T? l? nghi v?n: 0.167 | M?c ??: 4.67
"And you, you'd be splendid too! How about playing a young Acolyte, lost and anxious, grappling with her faith and future?","Còn cậu thì tuyệt vời lắm! Thế thử đóng vai một Acolyte trẻ, lạc lõng và lo âu, vật lộn với niềm tin và tương lai thì sao?",C?n ti?ng Anh nghi v?n: Acolyte | S? t?/c?m nghi v?n: 1 | T? l? nghi v?n: 0.167 | M?c ??: 4.67
"...You disgust me, Alessio. Since when did you start believing that Ragunna was ours to own?","...Ngươi khiến ta phát ngán, Alessio. Từ bao giờ ngươi lại tin rằng Ragunna là thứ để chúng ta sở hữu?",C?n ti?ng Anh nghi v?n: Alessio | S? t?/c?m nghi v?n: 1 | T? l? nghi v?n: 0.167 | M?c ??: 4.67
"Why did we ever forget? From the moment our ancestors braved the storms and stepped ashore, Rinascitan civilization already had its Ascension!","Tại sao chúng ta lại quên mất? Từ khi tổ tiên dũng cảm vượt bão đặt chân lên bờ, nền văn minh Rinascitan đã có sự Thăng Hoa của riêng mình!",C?n ti?ng Anh nghi v?n: Rinascitan | S? t?/c?m nghi v?n: 1 | T? l? nghi v?n: 0.167 | M?c ??: 4.67
"Go to where your heart tells you. And do what you believe is right, Lenore.","Đi theo tiếng gọi con tim mình. Và làm điều con tin là đúng, Lenore.",C?n ti?ng Anh nghi v?n: Lenore | S? t?/c?m nghi v?n: 1 | T? l? nghi v?n: 0.167 | M?c ??: 4.67
And I? I am a Tacet Discord. A devourer and killer by nature. My allegiance lies only with myself.,Còn ta? Ta là một Tacet Discord. Bản chất là kẻ hủy diệt và sát nhân. Ta chỉ trung thành với chính mình.,C?n ti?ng Anh nghi v?n: Discord | S? t?/c?m nghi v?n: 1 | T? l? nghi v?n: 0.167 | M?c ??: 4.67
"You didn't have to go so far, Discord Slayer. Take what's left of me... This flicker of a soul won't last much longer anyway.","Ngươi không cần phải đi xa đến thế đâu, Kẻ Tiêu Diệt Discord. Hãy nhận lấy những gì còn lại của ta... tia lửa linh hồn này cũng chẳng kéo dài được bao lâu nữa đâu.",C?n ti?ng Anh nghi v?n: Discord | S? t?/c?m nghi v?n: 1 | T? l? nghi v?n: 0.167 | M?c ??: 4.67
"Do not mistake this for triumph, Galbrena. This battle... will not end until one of us is dead.","Đừng nhầm lẫn đây là chiến thắng, Galbrena. Trận chiến này... sẽ không kết thúc cho đến khi một trong hai ta chết.",C?n ti?ng Anh nghi v?n: Galbrena | S? t?/c?m nghi v?n: 1 | T? l? nghi v?n: 0.167 | M?c ??: 4.67
"Then I shall leave the rest to you. Thank you for choosing to be misunderstood, hated, and for putting your life at risk. Thank you for your resolve, Discord Slayer.","Vậy thì phần còn lại ta sẽ giao phó cho ngươi. Cảm ơn ngươi đã chọn bị hiểu lầm, bị căm ghét và đặt mạng sống vào nguy hiểm. Cảm ơn vì quyết tâm của ngươi, Kẻ Diệt Tacet Discord.",C?n ti?ng Anh nghi v?n: Discord | S? t?/c?m nghi v?n: 1 | T? l? nghi v?n: 0.167 | M?c ??: 4.67
Ovathrax's power lies dormant within Abby. A Threnodian's essence is one and the same. Should two such frequencies ever collide…,Sức mạnh của Ovathrax vẫn ngủ yên trong Abby. Bản chất của một Threnodian vốn là một. Nếu hai tần số như vậy va chạm...,C?n ti?ng Anh nghi v?n: Abby | S? t?/c?m nghi v?n: 1 | T? l? nghi v?n: 0.167 | M?c ??: 4.67
She burned her own life force to help you. Only by Overclocking was she able to break through the Dark Tide's illusion.,"Con bé đã đốt cháy sinh lực của chính mình để giúp ngươi. Chỉ khi Overclock, nó mới phá vỡ được ảo ảnh của Dark Tide.",C?n ti?ng Anh nghi v?n: Dark | S? t?/c?m nghi v?n: 1 | T? l? nghi v?n: 0.167 | M?c ??: 4.67
"As long as we hold on to our shared faith and hope, Leviathan will never win.","Chừng nào chúng ta còn giữ vững niềm tin và hy vọng chung, Leviathan sẽ không bao giờ chiến thắng.",C?n ti?ng Anh nghi v?n: Leviathan | S? t?/c?m nghi v?n: 1 | T? l? nghi v?n: 0.167 | M?c ??: 4.67
Mmm… sounds like a perfect premise for a ballad. I wouldn't mind meeting some of these storybook monsters myself.,Ừm... nghe như mở đầu hoàn hảo cho một bản ballad. Ta cũng chẳng ngại gặp vài con quái vật trong truyện đâu.,C?n ti?ng Anh nghi v?n: ballad | S? t?/c?m nghi v?n: 1 | T? l? nghi v?n: 0.167 | M?c ??: 4.67
"Thank you for your help, Gladiator! Averardo Vault isn't far from here. We can handle the rest of the journey!","Cảm ơn vì đã giúp đỡ, Chiến Binh! Kho báu Averardo cách đây không xa. Chúng ta có thể tự lo phần còn lại của hành trình!",C?n ti?ng Anh nghi v?n: Averardo | S? t?/c?m nghi v?n: 1 | T? l? nghi v?n: 0.167 | M?c ??: 4.67
"If you mean the incident in Ragunna... You've likely already heard. A hoard of Tacet Discords has overrun the city, and Common Echoes are out of control...","Nếu cậu nói về vụ việc ở Ragunna... Chắc cậu cũng đã nghe rồi. Một bầy Tacet Discord tràn ngập thành phố, và Common Echoes thì mất kiểm soát...",C?n ti?ng Anh nghi v?n: Common | S? t?/c?m nghi v?n: 1 | T? l? nghi v?n: 0.167 | M?c ??: 4.67
"I saw him too—Caligula. His face was like mine... He was my past, and the future I am meant to inherit...","Ta cũng thấy hắn—Caligula. Khuôn mặt hắn giống ta… Hắn là quá khứ của ta, và tương lai ta phải kế thừa…",C?n ti?ng Anh nghi v?n: Caligula | S? t?/c?m nghi v?n: 1 | T? l? nghi v?n: 0.167 | M?c ??: 4.67
"...From what I know, Leviathan manifests Its kingdom by flooding Rinascita with the Dark Tide. That's how it turns the real world into the Journeying Paradise.","...Theo những gì tôi biết, Leviathan hiện thực hóa vương quốc của Hắn bằng cách nhấn chìm Rinascita trong Biển Hắc Triều. Đó là cách nó biến thế giới thực thành Thiên Đường Lang Thang.",C?n ti?ng Anh nghi v?n: Leviathan | S? t?/c?m nghi v?n: 1 | T? l? nghi v?n: 0.167 | M?c ??: 4.67
But we've already secured Ragunna and Septimont. The Fabricatorium and the hunting grounds are both stabilized... So why is this Paradise still there?,Nhưng chúng ta đã kiểm soát được Ragunna và Septimont. Nhà máy Fabricatorium và khu săn bắn đều đã ổn định... Vậy tại sao cái Thiên Đường này vẫn còn tồn tại?,C?n ti?ng Anh nghi v?n: Fabricatorium | S? t?/c?m nghi v?n: 1 | T? l? nghi v?n: 0.167 | M?c ??: 4.67
"Our ancestors believed Leviathan survived by absorbing these emotions. Little by little, it burrowed into Rinascita's collective unconscious.","Tổ tiên ta tin rằng Leviathan tồn tại bằng cách hấp thụ những cảm xúc này. Dần dần, nó đã len lỏi vào tiềm thức chung của Rinascita.",C?n ti?ng Anh nghi v?n: Leviathan | S? t?/c?m nghi v?n: 1 | T? l? nghi v?n: 0.167 | M?c ??: 4.67
"If that's true... once the people's belief in the End Times reaches its zenith, their consciousness will align entirely with Leviathan's vision. Like Gilberto, and the others who were fully corrupted...","Nếu điều đó đúng... khi niềm tin của con người vào Ngày Tận Thế đạt đến đỉnh điểm, ý thức của họ sẽ hoàn toàn đồng điệu với tầm nhìn của Leviathan. Giống như Gilberto, và những kẻ bị tha hóa hoàn toàn khác...",C?n ti?ng Anh nghi v?n: Gilberto | S? t?/c?m nghi v?n: 1 | T? l? nghi v?n: 0.167 | M?c ??: 4.67
"...When it does, every soul in Rinascita will be unified under Its control. No thoughts. No will. Just blind devotion... No different from the Tidespawn.","...Khi điều đó xảy ra, mọi linh hồn ở Rinascita sẽ bị thống nhất dưới sự kiểm soát của Hắn. Không suy nghĩ. Không ý chí. Chỉ còn sự cống hiến mù quáng... Không khác gì bọn Tidespawn.",C?n ti?ng Anh nghi v?n: Tidespawn | S? t?/c?m nghi v?n: 1 | T? l? nghi v?n: 0.167 | M?c ??: 4.67
"And yet... even in chains, Leviathan used ""twisted faith"" to spur conflict. Suffering, turmoil, and struggle that followed all continued to feed It...","Dù bị xiềng xích... Leviathan vẫn dùng ""đức tin méo mó"" để khơi mào xung đột. Nỗi đau, hỗn loạn và đấu tranh theo sau cứ thế nuôi dưỡng Hắn...",C?n ti?ng Anh nghi v?n: Leviathan | S? t?/c?m nghi v?n: 1 | T? l? nghi v?n: 0.167 | M?c ??: 4.67
The Troupe performed today because Brant thought a new play to lighten the mood might give the people some hope.,Hôm nay Đoàn diễn vở kịch mới vì Brant nghĩ rằng một vở kịch vui vẻ có thể mang lại chút hy vọng cho mọi người.,C?n ti?ng Anh nghi v?n: Brant | S? t?/c?m nghi v?n: 1 | T? l? nghi v?n: 0.167 | M?c ??: 4.67
"It doesn't make sense. The Earthrend Wedge is still holding back the Dark Tide at its depths... At any rate, Augusta's already led a team to the Sanguis Plateaus to investigate.",Không hợp lý chút nào. Lưỡi Đất Rạn vẫn đang ngăn chặn Dòng Thủy Tối dưới sâu kia mà... Dù sao thì Augusta đã dẫn một đội lên Cao Nguyên Sanguis điều tra rồi.,C?n ti?ng Anh nghi v?n: Sanguis | S? t?/c?m nghi v?n: 1 | T? l? nghi v?n: 0.167 | M?c ??: 4.67
"I see, Ragunna too… And Avidius... He never bent the knee, never played by the rules. Why is it that fate always strikes hardest at those who dare to defy it?","Thôi vậy, cả Ragunna lẫn Avidius... Ông ấy không bao giờ cúi đầu, không bao giờ chơi theo luật lệ. Tại sao số phận lại luôn trừng phạt nặng nề nhất những kẻ dám chống lại nó?",C?n ti?ng Anh nghi v?n: Avidius | S? t?/c?m nghi v?n: 1 | T? l? nghi v?n: 0.167 | M?c ??: 4.67
"Bad. It's the highest point in the Sanguis Plateaus, well beyond the Blightcloud's reach. The Dark Tide has never touched it before.","Xấu. Đó là điểm cao nhất ở Cao nguyên Sanguis, vượt xa tầm với của Blightcloud. Bóng Tối chưa bao giờ chạm tới nơi này.",C?n ti?ng Anh nghi v?n: Sanguis | S? t?/c?m nghi v?n: 1 | T? l? nghi v?n: 0.167 | M?c ??: 4.67
"We must strike at the root. Kill Leviathan. Tear down the Paradise It's built. If not, it will descend upon Rinascita. Just as it did here, at the Three Heroes' Crest.","Chúng ta phải đánh thẳng vào gốc rễ. Giết Leviathan. Phá hủy Thiên Đường mà nó dựng lên. Nếu không, Rinascita sẽ chịu chung số phận như nơi này—Núi Ba Anh Hùng.",C?n ti?ng Anh nghi v?n: Leviathan | S? t?/c?m nghi v?n: 1 | T? l? nghi v?n: 0.167 | M?c ??: 4.67
"This disaster has swept across all of Rinascita. We Ragunnesi won't cower behind Septimont's walls, nor will we sit idle while the Dark Tide ravages your lands.","Thảm họa này đã tràn qua khắp Rinascita. Chúng ta, người Ragunnesi, sẽ không núp sau những bức tường Septimont, cũng không ngồi yên nhìn Hắc Triều tàn phá mảnh đất của các ngươi.",C?n ti?ng Anh nghi v?n: Ragunnesi | S? t?/c?m nghi v?n: 1 | T? l? nghi v?n: 0.167 | M?c ??: 4.67
"Meanwhile, we'll hold the line at the Three Heroes' Crest. The Tidespawn aren't the only threat. The Fractsidus might still have their hand to play.","Trong lúc đó, chúng ta sẽ giữ vững phòng tuyến tại Tam Anh Kiệt. Không chỉ có Tidespawn là mối đe dọa. Fractsidus có thể vẫn còn quân bài chưa lật.",C?n ti?ng Anh nghi v?n: Tidespawn | S? t?/c?m nghi v?n: 1 | T? l? nghi v?n: 0.167 | M?c ??: 4.67
"You've been resisting the Threnodian's corruption this whole time, suppressing your Resonance Ability so Tidespawn wouldn't surface. Everything you said was just to hide the truth. Deliberately.","Suốt thời gian qua, cậu đã chống lại sự tha hóa của Threnody, kìm nén năng lực Cộng Hưởng để Tidespawn không trỗi dậy. Mọi lời cậu nói chỉ là để che giấu sự thật. Cố tình.",C?n ti?ng Anh nghi v?n: Tidespawn | S? t?/c?m nghi v?n: 1 | T? l? nghi v?n: 0.167 | M?c ??: 4.67
"You can always find me in the Cathedral, brother. My name is Leon.","Anh cứ đến Nhà Thờ là sẽ thấy ta, người anh em. Ta tên là Leon.",C?n ti?ng Anh nghi v?n: Leon | S? t?/c?m nghi v?n: 1 | T? l? nghi v?n: 0.167 | M?c ??: 4.67
"Napoli the Second wielded it to purge Ragunna of the Dark Tide. And at that moment of triumph, the Order earned the Threnodian's full attention.","Napoli đệ Nhị đã dùng nó để thanh tẩy Ragunna khỏi Thủy Triều Hắc Ám. Và trong khoảnh khắc chiến thắng đó, Hội đã thu hút toàn bộ sự chú ý của Threnodian.",C?n ti?ng Anh nghi v?n: Napoli | S? t?/c?m nghi v?n: 1 | T? l? nghi v?n: 0.167 | M?c ??: 4.67
"But it was the voices of Rinascita's people that gave me strength… strength gathered from every soul in Rinascita. Compared to that, I was so small.","Nhưng chính tiếng nói của người dân Rinascita đã tiếp thêm sức mạnh cho ta… sức mạnh được hun đúc từ từng tâm hồn nơi đây. So với điều đó, ta thật nhỏ bé.",C?n ti?ng Anh nghi v?n: So | S? t?/c?m nghi v?n: 1 | T? l? nghi v?n: 0.167 | M?c ??: 4.67
"Alright, today's the day! Before my boss gets back, I'm off to snag the limited-edition Tubpup merchant!","Được rồi, hôm nay là ngày đó rồi! Trước khi sếp quay lại, ta phải đi săn con Tubpup phiên bản giới hạn thôi!",C?n ti?ng Anh nghi v?n: Tubpup | S? t?/c?m nghi v?n: 1 | T? l? nghi v?n: 0.167 | M?c ??: 4.67
"When Lady Cartethyia called, the people of Rinascita heeded with courage. It was with the valiant warriors that we fended off the Dark Tide together.","Khi Quý Bà Cartethyia lên tiếng, người dân Rinascita đã đáp lời bằng lòng dũng cảm. Chính nhờ những chiến binh quả cảm ấy mà chúng ta đã cùng nhau đẩy lùi Bóng Tối Tràn Về.",C?n ti?ng Anh nghi v?n: Cartethyia | S? t?/c?m nghi v?n: 1 | T? l? nghi v?n: 0.167 | M?c ??: 4.67
You see? The Ephor has no part in this. Our concern should be finding Avidius's whereabouts.,Cậu thấy không? Ephor không dính dáng gì đến chuyện này cả. Mối quan tâm của chúng ta nên là tìm ra tung tích của Avidius.,C?n ti?ng Anh nghi v?n: Ephor | S? t?/c?m nghi v?n: 1 | T? l? nghi v?n: 0.167 | M?c ??: 4.67
I'll take this to Namipon. It should be able to help us find where it came from.,Ta sẽ mang cái này đến cho Namipon. Nó có thể giúp chúng ta tìm ra nguồn gốc của nó.,C?n ti?ng Anh nghi v?n: Namipon | S? t?/c?m nghi v?n: 1 | T? l? nghi v?n: 0.167 | M?c ??: 4.67
"Why not stay a little longer, in this long season, along the streets we once walked, here in Honami...","Sao không ở lại thêm chút nữa, trong mùa dài đằng đẵng này, trên những con phố ta từng đi qua, nơi đây, ở Honami...",C?n ti?ng Anh nghi v?n: Honami | S? t?/c?m nghi v?n: 1 | T? l? nghi v?n: 0.167 | M?c ??: 4.67
But scans from Tethys indicate that much of the recent frequency exchanges weren't passing through this rift.,"Nhưng theo dữ liệu quét từ Tethys, phần lớn các giao thoa tần số gần đây không hề đi qua khe nứt này.",C?n ti?ng Anh nghi v?n: Tethys | S? t?/c?m nghi v?n: 1 | T? l? nghi v?n: 0.167 | M?c ??: 4.67
"Yes. I had a feeling this would be the case when Sumika mentioned her findings, but I didn't expect such a huge time difference.","Đúng. Ta đã có linh cảm điều này sẽ xảy ra khi Sumika nhắc đến phát hiện của cô ấy, nhưng không ngờ sự chênh lệch thời gian lại lớn đến thế.",C?n ti?ng Anh nghi v?n: Sumika | S? t?/c?m nghi v?n: 1 | T? l? nghi v?n: 0.167 | M?c ??: 4.67
Startorch Academy enacts a strict access protocol for all personnel. I will have the necessary paperwork in place before your departure.,Học viện Startorch áp dụng quy trình kiểm soát ra vào nghiêm ngặt đối với tất cả nhân sự. Tôi sẽ lo xong thủ tục cần thiết trước khi cậu khởi hành.,C?n ti?ng Anh nghi v?n: Startorch | S? t?/c?m nghi v?n: 1 | T? l? nghi v?n: 0.167 | M?c ??: 4.67
I heard some Mining Drones' tail stingers can get stuck in rock crevices.,Nghe nói đuôi kim của một số Mining Drone có thể bị kẹt trong khe đá.,C?n ti?ng Anh nghi v?n: Mining | S? t?/c?m nghi v?n: 1 | T? l? nghi v?n: 0.167 | M?c ??: 4.67
"As Chronicler, I will report my thoughts and observations back to the Shaper. Such services can still be of use to him.","Là Người Ghi Chép, ta sẽ báo cáo lại suy nghĩ và quan sát của mình cho Shaper. Những dịch vụ này vẫn còn giá trị với hắn.",C?n ti?ng Anh nghi v?n: Shaper | S? t?/c?m nghi v?n: 1 | T? l? nghi v?n: 0.167 | M?c ??: 4.67
"And what I observe... to the Shaper, I will carry.",Và những gì ta quan sát được... ta sẽ mang đến cho Shaper.,C?n ti?ng Anh nghi v?n: Shaper | S? t?/c?m nghi v?n: 1 | T? l? nghi v?n: 0.167 | M?c ??: 4.67
"From the Void Storm, we pulled him, Herja. And now by our own hands, to judgment he goes. It is a closed circle.","Từ Bão Hư Không, ta kéo hắn ra, Herja. Và giờ, chính tay ta sẽ đưa hắn ra trước công lý. Một vòng tròn khép kín.",C?n ti?ng Anh nghi v?n: Herja | S? t?/c?m nghi v?n: 1 | T? l? nghi v?n: 0.167 | M?c ??: 4.67
"Outcasts, both his parents were. Aksel and I brought him out of the Void Storm and raised him to manhood in our tribe. We thought... we had saved him...",Cha mẹ hắn đều là kẻ bị ruồng bỏ. Aksel và ta đã kéo hắn ra khỏi Bão Hư Không và nuôi dưỡng hắn thành người trong bộ tộc. Chúng ta từng nghĩ... mình đã cứu được hắn...,C?n ti?ng Anh nghi v?n: Aksel | S? t?/c?m nghi v?n: 1 | T? l? nghi v?n: 0.167 | M?c ??: 4.67
"For generations, the Fisalia family's mission had been to resonate with the Sentinel's true remaining power and find Their Resonator, the Blessed Maiden.","Qua nhiều thế hệ, sứ mệnh của gia tộc Fisalia là cộng hưởng với sức mạnh còn sót lại của Người Bảo Hộ và tìm ra Cộng Hưởng Giả của Ngài – Trinh Nữ Được Ban Phước.",C?n ti?ng Anh nghi v?n: Fisalia | S? t?/c?m nghi v?n: 1 | T? l? nghi v?n: 0.167 | M?c ??: 4.67
"As the truth came to light later, you discovered that Lupa's fate had merged with the Threnodian's failed creation, Mya.","Khi sự thật dần sáng tỏ, ngươi mới phát hiện số phận của Lupa đã hòa vào thất bại của Threnody trong việc tạo ra Mya.",C?n ti?ng Anh nghi v?n: Mya | S? t?/c?m nghi v?n: 1 | T? l? nghi v?n: 0.167 | M?c ??: 4.67
You never know. I heard an octopus clam in the Riccioli Islands once successfully predicted the outcome of Septimont's Great Agon.,Ai mà biết được. Tớ nghe nói ở quần đảo Riccioli có một con bạch tuộc trong vỏ sò từng dự đoán chính xác kết quả của Đại Hội Septimont đấy.,C?n ti?ng Anh nghi v?n: Riccioli | S? t?/c?m nghi v?n: 1 | T? l? nghi v?n: 0.167 | M?c ??: 4.67
"You know, I heard an octopus clam in the Riccioli Islands once successfully predicted the outcome of Septimont's Great Agon.","Cậu biết không, ta từng nghe nói ở quần đảo Riccioli có một con trai bạch tuộc đã dự đoán chính xác kết quả của Đại Hội Septimont.",C?n ti?ng Anh nghi v?n: Riccioli | S? t?/c?m nghi v?n: 1 | T? l? nghi v?n: 0.167 | M?c ??: 4.67
"This gift, Baldur did see within us. And a solemn duty he entrusted to us in kind.","Món quà này, Baldur đã nhìn thấy trong chúng ta. Và Người đã giao phó cho chúng ta một nhiệm vụ trọng đại.",C?n ti?ng Anh nghi v?n: Baldur | S? t?/c?m nghi v?n: 1 | T? l? nghi v?n: 0.167 | M?c ??: 4.67
"Once it finished mining and freed the Soliskin, it froze on the spot...","Sau khi khai thác xong và giải phóng Soliskin, nó đột nhiên đứng im như hóa đá...",C?n ti?ng Anh nghi v?n: Soliskin | S? t?/c?m nghi v?n: 1 | T? l? nghi v?n: 0.167 | M?c ??: 4.67
"I remember, the healers at Startorch Academy can check for frequency sickness! It is not far. We should go there now!","Ta nhớ rồi, các thầy thuốc ở Học viện Startorch có thể kiểm tra bệnh tần số! Không xa đâu. Chúng ta phải đến đó ngay!",C?n ti?ng Anh nghi v?n: Startorch | S? t?/c?m nghi v?n: 1 | T? l? nghi v?n: 0.167 | M?c ??: 4.67
I heard a passing Fluffguin mistook it for its own chick and hatched it.,Nghe nói có một con Fluffguin đi ngang qua nhầm nó là con của mình và ấp luôn.,C?n ti?ng Anh nghi v?n: Fluffguin | S? t?/c?m nghi v?n: 1 | T? l? nghi v?n: 0.167 | M?c ??: 4.67
"How much longer do we have to keep eating these for the Lahai-Roi ""Taste Every Herb"" project…? I can't take it anymore!","Chúng ta còn phải ăn những thứ này bao lâu nữa cho dự án ""Nếm Thử Mọi Loại Thảo Mộc"" của Lahai-Roi...? Ta không chịu nổi nữa rồi!",C?n ti?ng Anh nghi v?n: Lahai | S? t?/c?m nghi v?n: 1 | T? l? nghi v?n: 0.167 | M?c ??: 4.67
With your current performance? Let's say... when all the snow in Lahai-Roi melts.,Với phong độ hiện tại của cậu à? Để xem... khi nào băng ở Lahai-Roi tan hết ấy.,C?n ti?ng Anh nghi v?n: Lahai | S? t?/c?m nghi v?n: 1 | T? l? nghi v?n: 0.167 | M?c ??: 4.67
"…Okay, let me check. Hmm, according to the records, we haven't received anything like that in the past three months.","…Được rồi, để tôi kiểm tra. Hmm, theo hồ sơ thì ba tháng qua chúng ta chưa nhận được thứ gì như vậy cả.",C?n ti?ng Anh nghi v?n: Hmm | S? t?/c?m nghi v?n: 1 | T? l? nghi v?n: 0.167 | M?c ??: 4.67
"Hmm... Once, there was a Roya who committed a crime so unspeakable that if I tried to put it into words alone, it would probably chill you to the bone.","Hừm... Ngày xưa có một Roya đã phạm tội tày trời đến mức nếu ta kể ra, có khi ngươi nghe xong phải rùng mình lạnh gáy đấy.",C?n ti?ng Anh nghi v?n: Roya | S? t?/c?m nghi v?n: 1 | T? l? nghi v?n: 0.167 | M?c ??: 4.67
Urgh! Now I don't even know what to do anymore! Should I just beg Professor Wiktor for mercy…,Ờ... Giờ ta còn chẳng biết phải làm gì nữa! Hay là quỳ xuống xin Giáo sư Wiktor tha cho...,C?n ti?ng Anh nghi v?n: Wiktor | S? t?/c?m nghi v?n: 1 | T? l? nghi v?n: 0.167 | M?c ??: 4.67
"…I-I'll try! I'll walk this path every day from now on. Keep an eye on me, Larylus!","…T-Tôi sẽ cố! Từ nay về sau, ngày nào tôi cũng sẽ đi trên con đường này. Hãy dõi theo tôi nhé, Larylus!",C?n ti?ng Anh nghi v?n: Larylus | S? t?/c?m nghi v?n: 1 | T? l? nghi v?n: 0.167 | M?c ??: 4.67
"Timo, she's going to the New Federation research group. Do you have any idea how many people are scrambling over each other just to get a shot at that?","Timo à, cô ấy sắp gia nhập nhóm nghiên cứu Liên Bang Mới đấy. Cậu có biết bao nhiêu người đang chen lấn nhau chỉ để có cơ hội đó không?",C?n ti?ng Anh nghi v?n: Timo | S? t?/c?m nghi v?n: 1 | T? l? nghi v?n: 0.167 | M?c ??: 4.67
Why overthink it? Just call her Chisa. Who cares about seniority?,Sao phải nghĩ nhiều? Gọi cô ấy là Chisa cho xong. Ai quan tâm đến thứ bậc chứ?,C?n ti?ng Anh nghi v?n: Chisa | S? t?/c?m nghi v?n: 1 | T? l? nghi v?n: 0.167 | M?c ??: 4.67
"We presume that sugar satisfies the brain's nutritional needs and promotes dopamine secretion, resulting in increased pleasure from studying...","Chúng tôi cho rằng đường cung cấp dinh dưỡng cho não, kích thích tiết dopamine, từ đó tăng cảm giác hứng thú khi học tập...",C?n ti?ng Anh nghi v?n: dopamine | S? t?/c?m nghi v?n: 1 | T? l? nghi v?n: 0.167 | M?c ??: 4.67
Get yourselves to the infirmary. I've already booked you in with Doctor Luuk. He'll run a proper check.,Các người mau đến phòng y tế đi. Ta đã đặt lịch với Bác sĩ Luuk rồi. Ông ấy sẽ kiểm tra kỹ càng cho.,C?n ti?ng Anh nghi v?n: Luuk | S? t?/c?m nghi v?n: 1 | T? l? nghi v?n: 0.167 | M?c ??: 4.67
"Whenever Gugloo eats from my hand, it ejects it just as quickly... But Zahira's treats? No upset, no mess.","Mỗi lần Gugloo ăn đồ từ tay ta, nó lại nhổ ra ngay lập tức... Nhưng đồ của Zahira thì không hề hấn gì, sạch sẽ gọn gàng.",C?n ti?ng Anh nghi v?n: Gugloo | S? t?/c?m nghi v?n: 1 | T? l? nghi v?n: 0.167 | M?c ??: 4.67
"JOACHIM! Forgive him, my little brother's tongue runs faster than his manners…","JOACHIM! Tha cho cậu ấy đi, em trai tôi nói trước nghĩ sau…",C?n ti?ng Anh nghi v?n: JOACHIM | S? t?/c?m nghi v?n: 1 | T? l? nghi v?n: 0.167 | M?c ??: 4.67
"No record found. The institute does not accept ad-hoc applications. If needed, please apply via the campus webpage five Lahai-Roi days in advance.","Không tìm thấy hồ sơ. Viện không nhận đơn đăng ký đột xuất. Nếu cần, vui lòng nộp đơn qua trang web của trường trước năm ngày Lahai-Roi.",C?n ti?ng Anh nghi v?n: Lahai | S? t?/c?m nghi v?n: 1 | T? l? nghi v?n: 0.167 | M?c ??: 4.67
"If someone could use all the memories I've recorded on this Cassette, would she be considered another version of me...","Nếu ai đó dùng hết những ký ức ta đã ghi lại trong Cassette này, liệu họ có trở thành một phiên bản khác của ta không...",C?n ti?ng Anh nghi v?n: Cassette | S? t?/c?m nghi v?n: 1 | T? l? nghi v?n: 0.167 | M?c ??: 4.67
He still thinks Professor Wilford might be the one who set the Minerva's Treasure riddles three seasons ago...,Cậu ấy vẫn nghĩ Giáo sư Wilford có thể là người đã ra những câu đố trong kho báu Minerva ba mùa trước...,C?n ti?ng Anh nghi v?n: Wilford | S? t?/c?m nghi v?n: 1 | T? l? nghi v?n: 0.167 | M?c ??: 4.67
"I'm going all in on Exostrider Engineering. Trust me, mechs are the future.","Ta sẽ dồn toàn lực vào Kỹ thuật Exostrider. Tin ta đi, mech chính là tương lai.",C?n ti?ng Anh nghi v?n: Exostrider | S? t?/c?m nghi v?n: 1 | T? l? nghi v?n: 0.167 | M?c ??: 4.67
"You know me, I'm a sucker for a good story. Got a file from a Huanglong student the other day. She said it's a bestseller back home, told me to take a look…","Cậu biết tớ mà, tớ mê mẩn những câu chuyện hay. Hôm nọ có đứa sinh viên Huanglong đưa cho tớ một tập tài liệu. Nó bảo đó là cuốn bestseller ở quê nhà, bảo tớ đọc thử xem…",C?n ti?ng Anh nghi v?n: bestseller | S? t?/c?m nghi v?n: 1 | T? l? nghi v?n: 0.167 | M?c ??: 4.67
I really hope they'll like the plant milk I brought... Maybe they'll share some stories about the Exoswarm with me.,Hy vọng họ thích sữa thực vật mình mang đến... Có khi họ sẽ kể cho mình nghe vài câu chuyện về Exoswarm.,C?n ti?ng Anh nghi v?n: Exoswarm | S? t?/c?m nghi v?n: 1 | T? l? nghi v?n: 0.167 | M?c ??: 4.67
"Yes, child. When we enter, we pitch only a small tent, so the forest remains theirs. That is also why Haldarheim was built outside the woods.","Đúng vậy, con ơi. Khi vào rừng, ta chỉ dựng một chiếc lều nhỏ thôi, để rừng vẫn là của chúng. Đó cũng là lý do Haldarheim được xây bên ngoài khu rừng.",C?n ti?ng Anh nghi v?n: Haldarheim | S? t?/c?m nghi v?n: 1 | T? l? nghi v?n: 0.167 | M?c ??: 4.67
Only when we lay aside human noise and enter in reverence can we come close to the soul of the Soliskin and earn their recognition.,"Chỉ khi ta gác lại những ồn ào của con người và bước vào với lòng thành kính, ta mới có thể chạm đến linh hồn của Soliskin và nhận được sự công nhận của chúng.",C?n ti?ng Anh nghi v?n: Soliskin | S? t?/c?m nghi v?n: 1 | T? l? nghi v?n: 0.167 | M?c ??: 4.67
"The Soliskin come from Baldur's ""heart,"" or ""spirit."" A mind, they do possess.","Soliskin đến từ ""trái tim"" hay ""tinh thần"" của Baldur. Chúng có suy nghĩ riêng đấy.",C?n ti?ng Anh nghi v?n: Soliskin | S? t?/c?m nghi v?n: 1 | T? l? nghi v?n: 0.167 | M?c ??: 4.67
"Once the link is established, the Mechascout will respond and move in line with our every thought.","Khi liên kết được thiết lập, Mechascout sẽ phản hồi và di chuyển theo từng suy nghĩ của chúng ta.",C?n ti?ng Anh nghi v?n: Mechascout | S? t?/c?m nghi v?n: 1 | T? l? nghi v?n: 0.167 | M?c ??: 4.67
How about you think it over? Don't say I didn't warn you. I defeated a Roya before.,Hay là cậu suy nghĩ kỹ lại đi? Đừng nói ta không cảnh báo trước. Ta đã đánh bại một con Roya rồi đấy.,C?n ti?ng Anh nghi v?n: Roya | S? t?/c?m nghi v?n: 1 | T? l? nghi v?n: 0.167 | M?c ??: 4.67
"Instead of getting sentimental, why not join the Upphaf Forest Restoration Project? I'd be happy to approve you.","Thay vì ngồi đây mà đa sầu đa cảm, sao không tham gia Dự án Phục hồi Rừng Upphaf? Tôi rất sẵn lòng phê duyệt cho cậu.",C?n ti?ng Anh nghi v?n: Upphaf | S? t?/c?m nghi v?n: 1 | T? l? nghi v?n: 0.167 | M?c ??: 4.67
I've spent most of my life trudging through ice and snow. What do you think? Will I ever have a chance to see the Roya forests again?,Ta đã dành phần lớn cuộc đời mình băng qua băng tuyết. Ngươi nghĩ sao? Liệu ta có cơ hội nhìn thấy lại những khu rừng Roya không?,C?n ti?ng Anh nghi v?n: Roya | S? t?/c?m nghi v?n: 1 | T? l? nghi v?n: 0.167 | M?c ??: 4.67
...Audio-visual products such as Cassettes cannot be taken out of Lahai-Roi.,...Các sản phẩm nghe nhìn như Cassette không được phép mang ra khỏi Lahai-Roi.,C?n ti?ng Anh nghi v?n: Lahai | S? t?/c?m nghi v?n: 1 | T? l? nghi v?n: 0.167 | M?c ??: 4.67
But departure regulations are tied to Lahai-Roi's research security. We really can't bend the rules.,Nhưng quy định khởi hành lại gắn liền với an ninh nghiên cứu của Lahai-Roi. Chúng ta thực sự không thể phá lệ được.,C?n ti?ng Anh nghi v?n: Lahai | S? t?/c?m nghi v?n: 1 | T? l? nghi v?n: 0.167 | M?c ??: 4.67
"And now… they shall become torches of knowledge, illuminating the path forward for Lahai-Roi.","Và giờ đây… chúng sẽ trở thành những ngọn đuốc tri thức, soi sáng con đường phía trước cho Lahai-Roi.",C?n ti?ng Anh nghi v?n: Lahai | S? t?/c?m nghi v?n: 1 | T? l? nghi v?n: 0.167 | M?c ??: 4.67
But Salcera refuses to let us write anything about him. Even the notes we take in secret... he finds them and tears them up.,Nhưng Salcera không cho phép chúng ta viết bất cứ điều gì về hắn. Ngay cả những ghi chép bí mật... hắn cũng tìm ra và xé nát.,C?n ti?ng Anh nghi v?n: Salcera | S? t?/c?m nghi v?n: 1 | T? l? nghi v?n: 0.167 | M?c ??: 4.67
"Ah, you're here. That day, when we went to see the flowers, we ran into Salcera. He gave us an idea.","À, cậu đến rồi. Hôm đó, khi chúng ta đi ngắm hoa, tình cờ gặp Salcera. Ông ấy đã gợi ý cho chúng ta một ý tưởng.",C?n ti?ng Anh nghi v?n: Salcera | S? t?/c?m nghi v?n: 1 | T? l? nghi v?n: 0.167 | M?c ??: 4.67
"Allow me to introduce myself. I am Aniques. And now... I implore you, please help me find the lady who carries the scent of Windmill Jasmine!","Để tôi tự giới thiệu. Tôi là Aniques. Và giờ... tôi cầu xin cậu, hãy giúp tôi tìm người phụ nữ mang theo hương thơm của Hoa Lài Cối Xay Gió!",C?n ti?ng Anh nghi v?n: Aniques | S? t?/c?m nghi v?n: 1 | T? l? nghi v?n: 0.167 | M?c ??: 4.67
"But... after tasting the new mixologist's cocktail, I'm totally outclassed...","Nhưng... sau khi nếm thử cocktail của tay pha chế mới, mình hoàn toàn bị lu mờ mất...",C?n ti?ng Anh nghi v?n: cocktail | S? t?/c?m nghi v?n: 1 | T? l? nghi v?n: 0.167 | M?c ??: 4.67
"Well, go on. I don't want you to disappear in this Void Storm with me. Just make my findings actually mean something to the Lahai-Roi expedition...","Thôi, tiếp tục đi. Ta không muốn cậu biến mất trong Bão Hư Không này cùng ta. Ít nhất hãy để những phát hiện của ta có ý nghĩa với đoàn thám hiểm Lahai-Roi...",C?n ti?ng Anh nghi v?n: Lahai | S? t?/c?m nghi v?n: 1 | T? l? nghi v?n: 0.167 | M?c ??: 4.67
"It's the playback of a harmless lab accident. A ""live-action"" documentary. Professor Mornye stars in it too. You rarely see her so flustered.","Đây là đoạn ghi lại một tai nạn phòng thí nghiệm vô hại thôi. Một bộ phim tài liệu ""hành động thực tế"". Giáo sư Mornye cũng góp mặt trong đó. Hiếm khi thấy bà ấy luống cuống như vậy.",C?n ti?ng Anh nghi v?n: Mornye | S? t?/c?m nghi v?n: 1 | T? l? nghi v?n: 0.167 | M?c ??: 4.67
"You and Lucilla wander inside the library in circles, and yet to find a movie worth watching.","Bạn và Lucilla lang thang trong thư viện vòng vòng, mà vẫn chưa tìm được bộ phim nào đáng xem.",C?n ti?ng Anh nghi v?n: Lucilla | S? t?/c?m nghi v?n: 1 | T? l? nghi v?n: 0.167 | M?c ??: 4.67
"The student hastily operates his Terminal with one hand, sending Lynae a long list of data.","Học sinh vội vàng thao tác Thiết bị đầu cuối bằng một tay, gửi cho Lynae một danh sách dữ liệu dài.",C?n ti?ng Anh nghi v?n: Lynae | S? t?/c?m nghi v?n: 1 | T? l? nghi v?n: 0.167 | M?c ??: 4.67
"W-wait! Please give me a call when you find it! I'll go get it myself. I've caused you enough trouble as it is, Upperclassman Lynae!",Đợi đã! Khi nào chị tìm thấy thì gọi em nhé! Em sẽ tự đi lấy. Em đã gây đủ phiền toái cho chị Lynae rồi!,C?n ti?ng Anh nghi v?n: Lynae | S? t?/c?m nghi v?n: 1 | T? l? nghi v?n: 0.167 | M?c ??: 4.67
You help Sigrika figure out how to operate the camera. Sharing this moment is a slice of warmth in your day...,Anh giúp Sigrika tìm hiểu cách sử dụng máy ảnh. Chia sẻ khoảnh khắc này mang lại chút ấm áp trong ngày của anh...,C?n ti?ng Anh nghi v?n: Sigrika | S? t?/c?m nghi v?n: 1 | T? l? nghi v?n: 0.167 | M?c ??: 4.67
"Like business simulations, or something more exciting like those sports, and shooting games CoLynch makes!","Như những trò mô phỏng kinh doanh, hay thứ gì đó sôi động hơn như thể thao, hoặc game bắn súng mà CoLynch làm ấy!",C?n ti?ng Anh nghi v?n: CoLynch | S? t?/c?m nghi v?n: 1 | T? l? nghi v?n: 0.167 | M?c ??: 4.67
"Try out TARD-E's ""Triple Workload Crunch Plan"" to quickly bring you up to tip-top shape!","Thử kế hoạch ""Ba Mũi Giáp Công"" của TARD-E để nhanh chóng lấy lại phong độ đỉnh cao nào!",C?n ti?ng Anh nghi v?n: TARD | S? t?/c?m nghi v?n: 1 | T? l? nghi v?n: 0.167 | M?c ??: 4.67
"""As the Roya unwittingly spread their tribal customs, they completed early explorations of fallen space stations and satellites...""","""Khi tộc Roya vô tình lan truyền phong tục bộ lạc, họ đã hoàn thành những cuộc thám hiểm ban đầu vào các trạm vũ trụ và vệ tinh đã đổ nát...""",C?n ti?ng Anh nghi v?n: Roya | S? t?/c?m nghi v?n: 1 | T? l? nghi v?n: 0.167 | M?c ??: 4.67
"""...Between the two Lament occurrences in Lahai-Roi history... should not...""","""...Giữa hai lần Lament trong lịch sử Lahai-Roi... lẽ ra không nên...""",C?n ti?ng Anh nghi v?n: Lahai | S? t?/c?m nghi v?n: 1 | T? l? nghi v?n: 0.167 | M?c ??: 4.67
"Impulses that defy logic and the scientific method can produce beautiful, meaningful moments, and passion certainly fuels impulsivity...","Những xung động bất chấp logic và phương pháp khoa học đôi khi lại tạo ra những khoảnh khắc đẹp đẽ, ý nghĩa, và đam mê chắc chắn là chất xúc tác cho sự bốc đồng...",C?n ti?ng Anh nghi v?n: logic | S? t?/c?m nghi v?n: 1 | T? l? nghi v?n: 0.167 | M?c ??: 4.67
"According to scientific divination, your mech reindeer has detected that you've been going out for extended periods, multiple times. Didi!","Theo tiên đoán khoa học, con tuần lộc máy của cậu đã phát hiện ra rằng cậu đi ra ngoài quá lâu, nhiều lần rồi đấy. Didi!",C?n ti?ng Anh nghi v?n: Didi | S? t?/c?m nghi v?n: 1 | T? l? nghi v?n: 0.167 | M?c ??: 4.67
Conclusion: The mech reindeer sees you as a calf that needs training in survival skills. Didi!,Kết luận: Con tuần lộc máy này coi cậu như một chú nai con cần được huấn luyện kỹ năng sinh tồn. Didi!,C?n ti?ng Anh nghi v?n: Didi | S? t?/c?m nghi v?n: 1 | T? l? nghi v?n: 0.167 | M?c ??: 4.67
"No wonder you're the star of the Academy, {PlayerName}! You're exactly the beta tester I've been waiting for. Someone with a keen sense for ""efficiency"" and an eye for the ""future""!","Không ngoa khi nói cậu là ngôi sao của Học viện đấy, {PlayerName}! Cậu chính xác là người thử nghiệm beta mà tớ hằng mong đợi. Một người có khiếu về ""hiệu quả"" và tầm nhìn về ""tương lai""!",C?n ti?ng Anh nghi v?n: beta | S? t?/c?m nghi v?n: 1 | T? l? nghi v?n: 0.167 | M?c ??: 4.67
We actually have enough Glacier Probes for once? Let me check the logs.,Lần này chúng ta thực sự có đủ Glacier Probe rồi à? Để ta kiểm tra sổ ghi chép đã.,C?n ti?ng Anh nghi v?n: Glacier | S? t?/c?m nghi v?n: 1 | T? l? nghi v?n: 0.167 | M?c ??: 4.67
"Really?! So she's not a ghost after all! There really is a miko in this Academy! {PlayerName}, you know this place well. Can you help me investigate?","Thật sao?! Vậy hóa ra cô ấy không phải hồn ma! Thực sự có một miko trong Học viện này! {PlayerName}, cậu biết rõ nơi này mà. Giúp tớ điều tra được không?",C?n ti?ng Anh nghi v?n: miko | S? t?/c?m nghi v?n: 1 | T? l? nghi v?n: 0.167 | M?c ??: 4.67
"True. According to those students, the Lady Miko might appear in the club room after 11:00 tonight. So I was thinking...","Đúng thế. Theo mấy đứa học sinh kia, Miko có thể xuất hiện ở phòng câu lạc bộ sau 11 giờ đêm nay. Vậy nên...",C?n ti?ng Anh nghi v?n: Miko | S? t?/c?m nghi v?n: 1 | T? l? nghi v?n: 0.167 | M?c ??: 4.67
"Yes. When I was little, I went with my parents to make a wish to the Lady Miko. I heard the sound of a bell, too.","Đúng vậy. Khi còn nhỏ, ta đã cùng bố mẹ đến cầu nguyện với Nữ Thần Miko. Ta cũng nghe thấy tiếng chuông vang.",C?n ti?ng Anh nghi v?n: Miko | S? t?/c?m nghi v?n: 1 | T? l? nghi v?n: 0.167 | M?c ??: 4.67
"The Lady Miko...? I didn't have much contact with her. As a child, I just followed my parents to make wishes.","Quý bà Miko...? Ta không tiếp xúc nhiều với bà ấy. Khi còn nhỏ, ta chỉ theo cha mẹ đến cầu nguyện thôi.",C?n ti?ng Anh nghi v?n: Miko | S? t?/c?m nghi v?n: 1 | T? l? nghi v?n: 0.167 | M?c ??: 4.67
Hah... You two might actually get along. Which is saying something. Hiyuki doesn't exactly do small talk.,Haha... Hai đứa các cậu có khi lại hợp nhau đấy. Hiếm lắm nhé. Hiyuki đâu có thạo chuyện xã giao đâu.,C?n ti?ng Anh nghi v?n: Hiyuki | S? t?/c?m nghi v?n: 1 | T? l? nghi v?n: 0.167 | M?c ??: 4.67
"At any rate, I'll make sure your friend's gift reaches her. And your request to activate the Exostrider... Fine. I'll see what I can do.","Dù sao đi nữa, ta sẽ đảm bảo món quà của bạn cậu sẽ đến tay cô ấy. Còn yêu cầu kích hoạt Exostrider… Được rồi. Ta sẽ xem có thể làm gì.",C?n ti?ng Anh nghi v?n: Exostrider | S? t?/c?m nghi v?n: 1 | T? l? nghi v?n: 0.167 | M?c ??: 4.67
"Haha, I won't be spending all my time on the review. It'll just be a summary of some lessons learned and methodologies that can be reused for future projects.","Haha, ta sẽ không dành quá nhiều thời gian cho bản đánh giá đâu. Chỉ là tóm tắt vài bài học và phương pháp có thể dùng lại cho các dự án sau thôi.",C?n ti?ng Anh nghi v?n: Haha | S? t?/c?m nghi v?n: 1 | T? l? nghi v?n: 0.167 | M?c ??: 4.67
"A younger sister! Heh, that's... that's great. Wait, older sister is great too. Both are... Sorry, too many late nights. My thoughts are all over the place.","Em gái à! Heh, thế thì... tuyệt quá. Chị gái cũng tuyệt. Cả hai đều... Xin lỗi, thức khuya nhiều quá. Đầu óc cứ rối tung lên.",C?n ti?ng Anh nghi v?n: Heh | S? t?/c?m nghi v?n: 1 | T? l? nghi v?n: 0.167 | M?c ??: 4.67
"Haha, who cares? Liar. Egomaniac. I'm getting that core data before you. Watch me.","Haha, ai thèm quan tâm chứ? Đồ nói dối. Đồ tự cao. Ta sẽ lấy dữ liệu lõi trước cậu. Đợi mà xem.",C?n ti?ng Anh nghi v?n: Haha | S? t?/c?m nghi v?n: 1 | T? l? nghi v?n: 0.167 | M?c ??: 4.67
Weren't you the one who said whoever invented the Laurus Salad flavor belongs in the Order Penitentiary?,Chẳng phải cậu là người nói ai phát minh ra vị Rau Cải Laurus này đáng bị tống vào Nhà Tù Sám Hối sao?,C?n ti?ng Anh nghi v?n: Laurus | S? t?/c?m nghi v?n: 1 | T? l? nghi v?n: 0.167 | M?c ??: 4.67
I was only halfway through when that Kronaclaw just charged out of nowhere... Something tells me there's more interesting stuff deeper inside...,Tôi mới đọc được nửa chừng thì con Kronaclaw kia đột nhiên lao ra... Có gì đó mách bảo tôi rằng sâu bên trong còn nhiều thứ thú vị hơn thế.,C?n ti?ng Anh nghi v?n: Kronaclaw | S? t?/c?m nghi v?n: 1 | T? l? nghi v?n: 0.167 | M?c ??: 4.67
"But it held, even at the critical threshold. Kept running until the Exostrider drove the Threnodian back.","Nhưng nó vẫn trụ vững, ngay cả khi đã chạm ngưỡng giới hạn. Vẫn tiếp tục chạy cho đến khi Exostrider đẩy lùi được Threnodian.",C?n ti?ng Anh nghi v?n: Exostrider | S? t?/c?m nghi v?n: 1 | T? l? nghi v?n: 0.167 | M?c ??: 4.67
"Ever since I force-piloted three Mechascouts, the second anything touches the Syncjack, I feel sick.","Từ khi ta cưỡng ép điều khiển ba Mechascout, chỉ cần chạm vào Syncjack là ta lại thấy buồn nôn.",C?n ti?ng Anh nghi v?n: Syncjack | S? t?/c?m nghi v?n: 1 | T? l? nghi v?n: 0.167 | M?c ??: 4.67
"But when the Luminous River runs downstream, it carries Soliskin blessings. When it runs upstream, it nourishes the living green.","Nhưng khi Dòng Sông Ánh Sáng chảy xuôi, nó mang theo phước lành Soliskin. Khi chảy ngược, nó nuôi dưỡng mầm xanh sự sống.",C?n ti?ng Anh nghi v?n: Soliskin | S? t?/c?m nghi v?n: 1 | T? l? nghi v?n: 0.167 | M?c ??: 4.67
"You carry Baldur's aura with you, Predicted One... Grateful, we are, for your presence in Lahai-Roi.","Ngài mang theo khí chất của Baldur, Hiện Thân Tiên Tri... Chúng tôi biết ơn sự hiện diện của ngài tại Lahai-Roi.",C?n ti?ng Anh nghi v?n: Lahai | S? t?/c?m nghi v?n: 1 | T? l? nghi v?n: 0.167 | M?c ??: 4.67
I am. Our artificial sun has yet to match the rhythm of Lahai-Roi's ecosystem. Watchful eyes it still needs.,Ta đây. Mặt trời nhân tạo của chúng ta vẫn chưa hòa nhịp với hệ sinh thái của Lahai-Roi. Nó vẫn cần những ánh mắt theo dõi.,C?n ti?ng Anh nghi v?n: Lahai | S? t?/c?m nghi v?n: 1 | T? l? nghi v?n: 0.167 | M?c ??: 4.67
I have some good news for you. We have some leads about the Somnoire anomaly.,Ta có tin tốt cho cậu đây. Chúng ta đã có vài manh mối về dị thường Somnoire.,C?n ti?ng Anh nghi v?n: Somnoire | S? t?/c?m nghi v?n: 1 | T? l? nghi v?n: 0.167 | M?c ??: 4.67
Guarding the Somnoire is the duty that the Ivory Gatekeeper and I share. It is the very reason for our existence.,Bảo vệ Somnoire là nhiệm vụ chung của Người Gác Cổng Ngà và ta. Đó chính là lý do cho sự tồn tại của chúng ta.,C?n ti?ng Anh nghi v?n: Somnoire | S? t?/c?m nghi v?n: 1 | T? l? nghi v?n: 0.167 | M?c ??: 4.67
"The truth we're looking for may be hidden in those dreams. However, this time things inside the Somnoire are a bit different from before.","Sự thật chúng ta tìm kiếm có thể ẩn giấu trong những giấc mơ đó. Tuy nhiên, lần này mọi thứ bên trong Somnoire có chút khác biệt so với trước.",C?n ti?ng Anh nghi v?n: Somnoire | S? t?/c?m nghi v?n: 1 | T? l? nghi v?n: 0.167 | M?c ??: 4.67
"His name is Chonglin. Go talk to him, he'll update your clearance and show you how to use the Route Constructor.","Tên anh ấy là Chonglin. Hãy đến nói chuyện với anh ấy, anh ấy sẽ cập nhật quyền truy cập cho cậu và hướng dẫn cách sử dụng Bộ Xây dựng Lộ trình.",C?n ti?ng Anh nghi v?n: Chonglin | S? t?/c?m nghi v?n: 1 | T? l? nghi v?n: 0.167 | M?c ??: 4.67
"When this Route Constructor was produced, every researcher present cheered for it. We knew it would become a vital asset for fieldwork in Lahai-Roi.","Khi bộ định tuyến này được chế tạo, mọi nhà nghiên cứu có mặt đều reo hò mừng rỡ. Chúng tôi biết nó sẽ trở thành tài sản quan trọng cho công tác thực địa ở Lahai-Roi.",C?n ti?ng Anh nghi v?n: Lahai | S? t?/c?m nghi v?n: 1 | T? l? nghi v?n: 0.167 | M?c ??: 4.67
"She did. The Exoswarm she brought are just as strong as our robots, and twice as adept.","Đúng vậy. Bầy Exoswarm cô ấy mang theo mạnh không kém gì robot của chúng ta, mà còn nhanh nhạy gấp đôi.",C?n ti?ng Anh nghi v?n: Exoswarm | S? t?/c?m nghi v?n: 1 | T? l? nghi v?n: 0.167 | M?c ??: 4.67
"(There are dents on the stairs... from something really heavy. A vehicle, maybe? Or... maybe an Exoswarm?)",Có những vết lõm trên cầu thang... do thứ gì đó rất nặng gây ra. Có thể là phương tiện? Hay... có khi là Exoswarm?,C?n ti?ng Anh nghi v?n: Exoswarm | S? t?/c?m nghi v?n: 1 | T? l? nghi v?n: 0.167 | M?c ??: 4.67
Dhalifa is on her way. She was really worried when she heard you were attacked.,Dhalifa đang trên đường đến đây. Con bé lo lắng lắm khi nghe tin cậu bị tấn công.,C?n ti?ng Anh nghi v?n: Dhalifa | S? t?/c?m nghi v?n: 1 | T? l? nghi v?n: 0.167 | M?c ??: 4.67
"Liuqi... (sniff) you were only with us for two days, and then... I remember showing you this view, talking about the future we'd build together... (Sob)","Liuqi ơi... (thút thít) Em mới ở bên chị có hai ngày thôi, vậy mà... Chị vẫn nhớ lúc chỉ em cảnh này, nói về tương lai chúng ta sẽ cùng xây dựng... (khóc nức nở)",C?n ti?ng Anh nghi v?n: Liuqi | S? t?/c?m nghi v?n: 1 | T? l? nghi v?n: 0.167 | M?c ??: 4.67
He's been an Outcast for years! And now he sneaks back to steal Exoswarm materials while everyone's busy rebuilding the Observatory!,Hắn đã là kẻ bị ruồng bỏ bao năm qua! Giờ lại lén lút quay về đánh cắp vật liệu Exoswarm trong lúc mọi người đang bận tái thiết Đài Quan Sát!,C?n ti?ng Anh nghi v?n: Exoswarm | S? t?/c?m nghi v?n: 1 | T? l? nghi v?n: 0.167 | M?c ??: 4.67
"This pizza… It tastes just like the ones we had back in Rinascita. Thank you for making it, dear.","Cái bánh pizza này... Vị y hệt như những cái chúng ta ăn ở Rinascita ngày xưa. Cảm ơn con đã làm, con yêu.",C?n ti?ng Anh nghi v?n: pizza | S? t?/c?m nghi v?n: 1 | T? l? nghi v?n: 0.167 | M?c ??: 4.67
"This pizza… It tastes just like the ones we had back in Rinascita. Thank you for making it, dear.","Cái bánh pizza này... Vị y hệt như những cái chúng ta ăn ở Rinascita ngày xưa. Cảm ơn con đã làm, con yêu.",C?n ti?ng Anh nghi v?n: pizza | S? t?/c?m nghi v?n: 1 | T? l? nghi v?n: 0.167 | M?c ??: 4.67
"""The warmth wraps the air in an irresistible aroma. Just the scent alone paints a picture of how it'll taste,"" says Dhalifa!","""Hơi ấm bao trùm không khí với mùi thơm quyến rũ khó cưỡng. Chỉ cần hít một hơi thôi cũng đủ hình dung ra vị ngon của nó rồi,"" Dhalifa reo lên!",C?n ti?ng Anh nghi v?n: Dhalifa | S? t?/c?m nghi v?n: 1 | T? l? nghi v?n: 0.167 | M?c ??: 4.67
"Still, Minna visits when she can. She even left you a gift before she left.","Dù sao, Minna cũng hay ghé thăm khi có thể. Cô ấy còn để lại quà cho cậu trước khi đi nữa.",C?n ti?ng Anh nghi v?n: Minna | S? t?/c?m nghi v?n: 1 | T? l? nghi v?n: 0.167 | M?c ??: 4.67
There! All fixed! Let's head back and let the Soliskin give it a try!,Xong rồi! Đã sửa xong hết! Quay lại để Soliskin thử xem sao nào!,C?n ti?ng Anh nghi v?n: Soliskin | S? t?/c?m nghi v?n: 1 | T? l? nghi v?n: 0.167 | M?c ??: 4.67
All students assisting with the Tacet Discord elimination operation are advised to take their personal safety into account at all times.,Tất cả học sinh tham gia chiến dịch tiêu diệt Tacet Discord được khuyến cáo luôn chú ý đến sự an toàn cá nhân.,C?n ti?ng Anh nghi v?n: Discord | S? t?/c?m nghi v?n: 1 | T? l? nghi v?n: 0.167 | M?c ??: 4.67
Really? Maybe she's in Lahai-Roi now. Should we try to find her?,Thật sao? Có lẽ cô ấy đang ở Lahai-Roi. Ta thử tìm cô ấy xem sao?,C?n ti?ng Anh nghi v?n: Lahai | S? t?/c?m nghi v?n: 1 | T? l? nghi v?n: 0.167 | M?c ??: 4.67
"(As for Lynae, she's hiding something, but I've got bigger priorities right now.)","Còn Lynae, cô ta chắc chắn đang che giấu điều gì đó, nhưng ta có việc quan trọng hơn phải lo.",C?n ti?ng Anh nghi v?n: Lynae | S? t?/c?m nghi v?n: 1 | T? l? nghi v?n: 0.167 | M?c ??: 4.67
Don't worry. I've already informed Dr. Herssen. He just finished his rounds and will be back shortly.,Đừng lo. Tôi đã báo cho bác sĩ Herssen rồi. Ông ấy vừa đi kiểm tra xong và sẽ về ngay thôi.,C?n ti?ng Anh nghi v?n: Herssen | S? t?/c?m nghi v?n: 1 | T? l? nghi v?n: 0.167 | M?c ??: 4.67
"But that area is too close to Voidworm territory. It's too dangerous. Professor, we can't gamble with the safety of our faculty and students.","Nhưng khu vực đó quá gần lãnh thổ Voidworm. Quá nguy hiểm. Giáo sư, chúng ta không thể đánh cược với sự an toàn của giảng viên và sinh viên.",C?n ti?ng Anh nghi v?n: Voidworm | S? t?/c?m nghi v?n: 1 | T? l? nghi v?n: 0.167 | M?c ??: 4.67
"Once you enter Lahai-Roi, I won't be able to contact you, but I will be here as always, awaiting your return with new stories to share.","Khi cậu bước vào Lahai-Roi, ta sẽ không thể liên lạc được nữa, nhưng ta sẽ vẫn ở đây như mọi khi, chờ cậu trở về với những câu chuyện mới để kể.",C?n ti?ng Anh nghi v?n: Lahai | S? t?/c?m nghi v?n: 1 | T? l? nghi v?n: 0.167 | M?c ??: 4.67
"…Confirmed, {PlayerName}. Your vehicle is ready. Please read and memorize the Startorch Traffic Safety Regulations, then tick ""I have read carefully"" and sign.","…Đã xác nhận, {PlayerName}. Phương tiện của cậu đã sẵn sàng. Hãy đọc và ghi nhớ Quy định An toàn Giao thông Startorch, sau đó đánh dấu vào ""Tôi đã đọc kỹ"" và ký tên.",C?n ti?ng Anh nghi v?n: Startorch | S? t?/c?m nghi v?n: 1 | T? l? nghi v?n: 0.167 | M?c ??: 4.67
...Which was revoked when he brought back critical Voidworm data.,...Và danh hiệu đó đã bị thu hồi khi hắn mang về dữ liệu Voidworm tối quan trọng.,C?n ti?ng Anh nghi v?n: Voidworm | S? t?/c?m nghi v?n: 1 | T? l? nghi v?n: 0.167 | M?c ??: 4.67
"If, as Lynae said, the Fractsidus have infiltrated the Academy, I need to be careful who I alert in the Institute.","Nếu như lời Lynae nói là thật, bọn Fractsidus đã xâm nhập vào Học viện, tôi phải cẩn thận xem nên báo cho ai trong Viện.",C?n ti?ng Anh nghi v?n: Lynae | S? t?/c?m nghi v?n: 1 | T? l? nghi v?n: 0.167 | M?c ??: 4.67
"The Academy has reviewed the incident, Professor Warren. While we share your concern over the Institute's loss, blaming a single student...","Học viện đã xem xét sự cố, Giáo sư Warren. Dù chúng tôi cũng lo ngại về tổn thất của Viện, nhưng đổ lỗi cho một học sinh duy nhất thì...",C?n ti?ng Anh nghi v?n: Warren | S? t?/c?m nghi v?n: 1 | T? l? nghi v?n: 0.167 | M?c ??: 4.67
I stood up to Warren for you because I chose to trust you. And I'll own that choice.,"Ta đã đứng lên chống lại Warren vì cậu, vì ta chọn tin tưởng cậu. Và ta sẽ chịu trách nhiệm cho lựa chọn đó.",C?n ti?ng Anh nghi v?n: Warren | S? t?/c?m nghi v?n: 1 | T? l? nghi v?n: 0.167 | M?c ??: 4.67
"The Fractsidus investigation is still dragging on. And since I'm technically not enrolled yet, no classes for me. Ugh... They even confiscated my ride, too. Professor Mornye dumped a ton of homework on me to keep me busy.","Cuộc điều tra Fractsidus vẫn còn lê thê. Mà tôi thì chưa chính thức nhập học, nên cũng chẳng có tiết học nào. Hừ... Họ còn tịch thu luôn phương tiện của tôi nữa. Giáo sư Mornye nhét cho tôi cả đống bài tập để giết thời gian.",C?n ti?ng Anh nghi v?n: Mornye | S? t?/c?m nghi v?n: 1 | T? l? nghi v?n: 0.167 | M?c ??: 4.67
"Ahem... What I mean to say is, the new route network is still in testing. It's really... um... not safe to let the Exoswarm run on it yet.","Ờ hừm... Ý ta là, mạng lưới tuyến mới vẫn đang trong giai đoạn thử nghiệm. Thật sự... ừm... chưa an toàn để cho Exoswarm chạy trên đó.",C?n ti?ng Anh nghi v?n: Exoswarm | S? t?/c?m nghi v?n: 1 | T? l? nghi v?n: 0.167 | M?c ??: 4.67
"Hey, don't give me that look! I'm not actually a Soliskin, okay? Of course I can't give you a perfect word-for-word interpretation!","Ê, đừng có nhìn ta như thế! Ta không phải dân Soliskin thật đâu, được chưa? Làm sao ta dịch từng chữ từng chữ chuẩn cho được!",C?n ti?ng Anh nghi v?n: Soliskin | S? t?/c?m nghi v?n: 1 | T? l? nghi v?n: 0.167 | M?c ??: 4.67
"""The Melody is a gift Matthew left for me and my friends. We... we don't have much time now.""","""Giai điệu này là món quà Matthew để lại cho tôi và bạn bè mình. Chúng ta... chúng ta không còn nhiều thời gian nữa rồi.""",C?n ti?ng Anh nghi v?n: Matthew | S? t?/c?m nghi v?n: 1 | T? l? nghi v?n: 0.167 | M?c ??: 4.67
"""Yayyy! Please help me! Those lemmings just snatched my music sheet! Please get it back for me!""","""Yayyy! Làm ơn giúp em với! Mấy con lemming vừa cướp mất bản nhạc của em! Làm ơn lấy lại giúp em với!""",C?n ti?ng Anh nghi v?n: Yayyy | S? t?/c?m nghi v?n: 1 | T? l? nghi v?n: 0.167 | M?c ??: 4.67
"""Hmm, this should work. I remember Matthew placing them in this exact pattern when we were together…""","""Hừm, chắc là được rồi. Ta nhớ Matthew đặt chúng đúng theo kiểu này khi chúng ta còn ở bên nhau...""",C?n ti?ng Anh nghi v?n: Matthew | S? t?/c?m nghi v?n: 1 | T? l? nghi v?n: 0.167 | M?c ??: 4.67
"If you have a minute, please help direct traffic at the location in accordance with the Startorch Traffic Safety Regulations.","Nếu rảnh, giúp chỉ dẫn giao thông ở địa điểm này theo Quy định An toàn Giao thông Startorch nhé.",C?n ti?ng Anh nghi v?n: Startorch | S? t?/c?m nghi v?n: 1 | T? l? nghi v?n: 0.167 | M?c ??: 4.67
"We need to understand the full scope of the robot's malfunction. We understand that this morning, it was you who helped Maja activate the robots and enable auto-run.","Chúng ta phải hiểu rõ toàn bộ tình trạng trục trặc của con robot. Sáng nay, chính cậu đã giúp Maja kích hoạt lũ robot và bật chế độ tự động.",C?n ti?ng Anh nghi v?n: Maja | S? t?/c?m nghi v?n: 1 | T? l? nghi v?n: 0.167 | M?c ??: 4.67
"I am deeply sorry! Yes, help Maja activate the robots I did, but I... I can't remember the exact location. Please, you must return—","Tôi thật sự xin lỗi! Đúng là tôi nhờ giúp Maja kích hoạt mấy con robot, nhưng tôi... tôi không nhớ chính xác vị trí nữa. Xin hãy quay lại—",C?n ti?ng Anh nghi v?n: Maja | S? t?/c?m nghi v?n: 1 | T? l? nghi v?n: 0.167 | M?c ??: 4.67
"Right. Simply put, this device extracted the Voidworm's frequency and used itself as the epicenter to spread Voidmatter. That storm just now was artificially created.","Nói đơn giản, thiết bị này đã trích xuất Tần số của Voidworm và dùng chính nó làm tâm điểm để lan tỏa Voidmatter. Cơn bão vừa rồi là do con người tạo ra.",C?n ti?ng Anh nghi v?n: Voidmatter | S? t?/c?m nghi v?n: 1 | T? l? nghi v?n: 0.167 | M?c ??: 4.67
Then we'll use the multiphasic energy conversion model through the superconducting network to inject Rabelle energy into the neural interface.,Vậy thì chúng ta sẽ dùng mô hình chuyển đổi năng lượng đa pha qua mạng siêu dẫn để bơm năng lượng Rabelle vào giao diện thần kinh.,C?n ti?ng Anh nghi v?n: Rabelle | S? t?/c?m nghi v?n: 1 | T? l? nghi v?n: 0.167 | M?c ??: 4.67
"Yes. Yngvar should have been present at the Rite of Return, were it not for that Void Storm. It's reasonable to suspect he's the one who planted the device.",Đúng vậy. Lẽ ra Yngvar đã phải có mặt trong Nghi Lễ Trở Về nếu không vì cơn Bão Hư Không ấy. Nghi ngờ hắn ta cài thiết bị là điều hợp lý.,C?n ti?ng Anh nghi v?n: Yngvar | S? t?/c?m nghi v?n: 1 | T? l? nghi v?n: 0.167 | M?c ??: 4.67
"More than this... that, I believe, they will tell you themselves within Solisylum.","Hơn thế này... đó, ta tin rằng chính họ sẽ kể cho các ngươi nghe trong Solisylum.",C?n ti?ng Anh nghi v?n: Solisylum | S? t?/c?m nghi v?n: 1 | T? l? nghi v?n: 0.167 | M?c ??: 4.67
"As one of the Six, I can glimpse the near future within the Heliogyre. But I am bound here, unable to act.","Là một trong Lục Tộc, ta có thể nhìn thấy tương lai gần trong Heliogyre. Nhưng ta bị trói buộc ở đây, không thể hành động.",C?n ti?ng Anh nghi v?n: Heliogyre | S? t?/c?m nghi v?n: 1 | T? l? nghi v?n: 0.167 | M?c ??: 4.67
All I could do was send a Soliskin entrusted with my message to you.,Tất cả những gì ta có thể làm là gửi đến anh một Soliskin mang theo lời nhắn của ta.,C?n ti?ng Anh nghi v?n: Soliskin | S? t?/c?m nghi v?n: 1 | T? l? nghi v?n: 0.167 | M?c ??: 4.67
"<i>I will share all that I know of the Heliogyre with you. When you call, answer I will.</i>","<i>Ta sẽ chia sẻ tất cả những gì ta biết về Heliogyre với ngươi. Khi ngươi gọi, ta sẽ đáp lời.</i>",C?n ti?ng Anh nghi v?n: Heliogyre | S? t?/c?m nghi v?n: 1 | T? l? nghi v?n: 0.167 | M?c ??: 4.67
"You want me to testify against Professor Warren? That's practically perjury… Sure, I could work some verbal magic, but honestly, I don't even know who I'm dealing with on the other side...","Anh muốn tớ làm chứng chống lại Giáo sư Warren à? Gần như là khai man ý... Tớ có thể dùng chút tài hùng biện, nhưng thật lòng, tớ còn chẳng biết mình đang đối phó với ai bên kia nữa...",C?n ti?ng Anh nghi v?n: Warren | S? t?/c?m nghi v?n: 1 | T? l? nghi v?n: 0.167 | M?c ??: 4.67
"In the limited time we have, the quickest way to detain Warren is your testimony.","Trong khoảng thời gian eo hẹp này, cách nhanh nhất để bắt giữ Warren chính là lời khai của cậu.",C?n ti?ng Anh nghi v?n: Warren | S? t?/c?m nghi v?n: 1 | T? l? nghi v?n: 0.167 | M?c ??: 4.67
Hm... Does making two frequencies with different waveforms briefly intersect at a certain moment count?,Hm... Hai tần số có dạng sóng khác nhau mà giao nhau trong khoảnh khắc thì có tính không nhỉ?,C?n ti?ng Anh nghi v?n: Hm | S? t?/c?m nghi v?n: 1 | T? l? nghi v?n: 0.167 | M?c ??: 4.67
"At the very least, they needed to let the Platinheart Bloom blossom first.  The heart's tempo can only be heard once all other noise is silenced.",Ít nhất thì họ cũng phải để Hoa Platinheart nở trước đã. Nhịp điệu của trái tim chỉ có thể nghe thấy khi mọi tạp âm đều lặng im.,C?n ti?ng Anh nghi v?n: Platinheart | S? t?/c?m nghi v?n: 1 | T? l? nghi v?n: 0.167 | M?c ??: 4.67
Just like the unchanging stars I look forward to seeing glide across Lahai-Roi's night sky...,Giống như những vì sao bất biến mà ta luôn mong ngóng được thấy lướt qua bầu trời đêm Lahai-Roi...,C?n ti?ng Anh nghi v?n: Lahai | S? t?/c?m nghi v?n: 1 | T? l? nghi v?n: 0.167 | M?c ??: 4.67
"Sanna, when will you come back and watch them with me?","Sanna, bao giờ em mới quay về xem chúng với ta?",C?n ti?ng Anh nghi v?n: Sanna | S? t?/c?m nghi v?n: 1 | T? l? nghi v?n: 0.167 | M?c ??: 4.67
But… I didn't expect the Smartprint Cube that the Academy buried would be so much deeper than I had originally predicted.,Nhưng… con không ngờ Khối In Thông Minh mà Học Viện chôn giấu lại sâu hơn nhiều so với dự đoán ban đầu của con.,C?n ti?ng Anh nghi v?n: so | S? t?/c?m nghi v?n: 1 | T? l? nghi v?n: 0.167 | M?c ??: 4.67
"It's astonishing how you managed to find this lost Soliskin so quickly! Wait, what's that in your hand?","Thật kinh ngạc khi cậu tìm được mảnh Soliskin thất lạc này nhanh đến vậy! Khoan, tay cậu cầm cái gì thế?",C?n ti?ng Anh nghi v?n: Soliskin | S? t?/c?m nghi v?n: 1 | T? l? nghi v?n: 0.167 | M?c ??: 4.67
"According to the Lahai-Roi Stargazing Guide, the Sky Projection Array will simulate a one-of-a-kind sky tonight.","Theo Hướng Dẫn Quan Sát Sao Lahai-Roi, Mảng Dựng Hình Bầu Trời sẽ tái hiện một bầu trời độc nhất vô nhị vào đêm nay.",C?n ti?ng Anh nghi v?n: Lahai | S? t?/c?m nghi v?n: 1 | T? l? nghi v?n: 0.167 | M?c ??: 4.67
"Yes... the Storm took him. By the time we got to him, he was almost gone... He threw his Cassette and recorder to us right before it was too late.","Ừ... Cơn Bão đã cuốn hắn đi. Khi chúng tôi đến nơi, hắn gần như không còn... Ngay trước khi quá muộn, hắn ném Cassette và máy ghi âm cho chúng tôi.",C?n ti?ng Anh nghi v?n: Cassette | S? t?/c?m nghi v?n: 1 | T? l? nghi v?n: 0.167 | M?c ??: 4.67
"Frankly, I think the purpose of life boils down to grabbing something from the cafeteria, be it energy gel or anything else. It doesn't matter.","Thật ra, ta nghĩ mục đích sống chỉ đơn giản là kiếm thứ gì đó từ căng-tin thôi, dù là gel năng lượng hay bất cứ thứ gì. Chẳng quan trọng.",C?n ti?ng Anh nghi v?n: gel | S? t?/c?m nghi v?n: 1 | T? l? nghi v?n: 0.167 | M?c ??: 4.67
"The game's over, so we're not on the same side anymore. Yay, Celo lost!","Trò chơi đã kết thúc, vậy là ta không cùng phe nữa. Ha ha, Celo thua rồi!",C?n ti?ng Anh nghi v?n: Celo | S? t?/c?m nghi v?n: 1 | T? l? nghi v?n: 0.167 | M?c ??: 4.67
"Since you've come all this way to Lahai-Roi, why don't you sit back and browse through my goods? Maybe something'll catch your eye.","Vì cậu đã cất công đến tận Lahai-Roi, ngồi nghỉ ngơi và xem qua hàng của ta nhé? Có khi cậu sẽ thấy thứ gì đó ưng ý đấy.",C?n ti?ng Anh nghi v?n: Lahai | S? t?/c?m nghi v?n: 1 | T? l? nghi v?n: 0.167 | M?c ??: 4.67
"Haha, suit yourself. Business is all about fate. Forcing it won't do either of us any good.","Haha, tùy cậu thôi. Kinh doanh là do duyên phận, ép buộc cũng chẳng tốt cho ai cả.",C?n ti?ng Anh nghi v?n: Haha | S? t?/c?m nghi v?n: 1 | T? l? nghi v?n: 0.167 | M?c ??: 4.67
Look for a merchant called Sonam at the Relay Station. We'll do business once he agrees to be your sponsor.,Tìm thương nhân tên Sonam ở Trạm Trung Chuyển. Ta sẽ giao dịch với hắn khi hắn đồng ý làm nhà tài trợ cho ngươi.,C?n ti?ng Anh nghi v?n: Sonam | S? t?/c?m nghi v?n: 1 | T? l? nghi v?n: 0.167 | M?c ??: 4.67
"Since you've come all this way to Lahai-Roi, why don't you sit back and browse through my goods? Maybe something'll catch your eye.","Vì cậu đã cất công đến tận Lahai-Roi, ngồi nghỉ ngơi và xem qua hàng của ta nhé? Có khi cậu sẽ thấy thứ gì đó ưng ý đấy.",C?n ti?ng Anh nghi v?n: Lahai | S? t?/c?m nghi v?n: 1 | T? l? nghi v?n: 0.167 | M?c ??: 4.67
"Right, sorry. It's just… I still get worked up whenever someone mentions Mayo.","Ừ, xin lỗi. Chỉ là… ta vẫn thấy bực mình mỗi khi nghe ai nhắc đến Mayo thôi.",C?n ti?ng Anh nghi v?n: Mayo | S? t?/c?m nghi v?n: 1 | T? l? nghi v?n: 0.167 | M?c ??: 4.67
"Pfft, no way I'm wrong. I'm an expert on the paranormal, you know. Maybe I do have a few... hidden talents.","Pfft, ta sai à? Ta là chuyên gia về những chuyện siêu nhiên đấy. Chắc là ta có vài... tài lẻ thôi.",C?n ti?ng Anh nghi v?n: Pfft | S? t?/c?m nghi v?n: 1 | T? l? nghi v?n: 0.167 | M?c ??: 4.67
"But after I got into Startorch Academy, I fell behind in every class. It really is a place for the best of the best, and I wasn't one of them.","Nhưng sau khi vào Học viện Startorch, ta lại tụt hậu ở mọi môn. Nơi này đúng là chỉ dành cho những kẻ xuất sắc nhất, mà ta thì không phải.",C?n ti?ng Anh nghi v?n: Startorch | S? t?/c?m nghi v?n: 1 | T? l? nghi v?n: 0.167 | M?c ??: 4.67
With the resolve to burn in the search for answers. With the belief they can actually end the Void Storm and the Threnodian... and maybe break through the Etheric Sea to find what true freedom really looks like.,Với quyết tâm cháy bỏng trong hành trình tìm kiếm câu trả lời. Với niềm tin rằng họ thực sự có thể chấm dứt Bão Hư Không và Threnody... thậm chí vượt qua Biển Etheric để tìm thấy tự do đích thực.,C?n ti?ng Anh nghi v?n: Etheric | S? t?/c?m nghi v?n: 1 | T? l? nghi v?n: 0.167 | M?c ??: 4.67
"My first introduction was too rushed, so I'm doing it properly this time. I'm Lynae, a second-year in the Preparatory Program.","Lần giới thiệu đầu của ta hơi vội vàng, nên lần này ta sẽ làm lại cho tử tế. Ta là Lynae, học viên năm hai của Chương trình Dự bị.",C?n ti?ng Anh nghi v?n: Lynae | S? t?/c?m nghi v?n: 1 | T? l? nghi v?n: 0.167 | M?c ??: 4.67
"This is the torch of civilization and the future. Chin up. One day, we'll touch the Etheric Sea… and the universe beyond.","Đây là ngọn đuốc của nền văn minh và tương lai. Ngẩng cao đầu lên. Một ngày nào đó, chúng ta sẽ chạm tới Biển Etheric… và cả vũ trụ ngoài kia.",C?n ti?ng Anh nghi v?n: Etheric | S? t?/c?m nghi v?n: 1 | T? l? nghi v?n: 0.167 | M?c ??: 4.67
"A sudden call interrupts the conversation: two professors are arguing over the artificial sun's launch procedure, and Mornye is urgently needed. You follow her to the Artificial Sun Lab.","Một cuộc gọi đột ngột cắt ngang cuộc trò chuyện: hai giáo sư đang tranh cãi về quy trình phóng mặt trời nhân tạo, và Mornye được gọi gấp. Bạn đi theo cô đến Phòng thí nghiệm Mặt Trời Nhân Tạo.",C?n ti?ng Anh nghi v?n: Mornye | S? t?/c?m nghi v?n: 1 | T? l? nghi v?n: 0.167 | M?c ??: 4.67
"I'm sure Professor Mornye will give you a thorough tour, but please don't take too long. A key member like her needs to focus on our project.","Ta chắc Giáo sư Mornye sẽ giới thiệu kỹ càng cho cậu, nhưng đừng để mất quá nhiều thời gian. Một nhân sự chủ chốt như bà ấy cần tập trung vào dự án của chúng ta.",C?n ti?ng Anh nghi v?n: Mornye | S? t?/c?m nghi v?n: 1 | T? l? nghi v?n: 0.167 | M?c ??: 4.67
"Once the ""Migration"" ended, I followed the child here, to Upphaf Forest. It seems unwell.","Sau khi ""Cuộc Di Cư"" kết thúc, tớ đã theo đứa trẻ đến Khu Rừng Upphaf này. Nó có vẻ không được khỏe.",C?n ti?ng Anh nghi v?n: Upphaf | S? t?/c?m nghi v?n: 1 | T? l? nghi v?n: 0.167 | M?c ??: 4.67
"Upphaf Forest was no ordinary forest. In ancient times, it lay within a frigid fjord of soaring peaks and deep valleys.","Rừng Upphaf không phải là khu rừng bình thường. Thời cổ đại, nó nằm trong một vịnh băng giá với những đỉnh núi cao chót vót và thung lũng sâu hun hút.",C?n ti?ng Anh nghi v?n: Upphaf | S? t?/c?m nghi v?n: 1 | T? l? nghi v?n: 0.167 | M?c ??: 4.67
"Hah! Of course I did! If anyone could just waltz in here, then we wouldn't be living up to our reputation as the Icebreakers, now would we?","Haha! Tất nhiên là ta làm được rồi! Nếu ai cũng có thể lẻn vào đây dễ dàng thế, thì chúng ta còn mặt mũi nào mà xưng danh Icebreakers nữa chứ?",C?n ti?ng Anh nghi v?n: Icebreakers | S? t?/c?m nghi v?n: 1 | T? l? nghi v?n: 0.167 | M?c ??: 4.67
"Of course, some would say that this is punishment for our sins. The Roya believe we are criminals, transgressors who broke their rules and traditions.","Tất nhiên, có người sẽ nói đây là hình phạt cho tội lỗi của chúng ta. Roya tin rằng chúng ta là tội đồ, những kẻ vi phạm luật lệ và truyền thống của họ.",C?n ti?ng Anh nghi v?n: Roya | S? t?/c?m nghi v?n: 1 | T? l? nghi v?n: 0.167 | M?c ??: 4.67
Stop right there! You seek to claim my throne as well? Just like that Ghera girl!,Dừng lại ngay! Ngươi cũng muốn đoạt ngôi của ta sao? Giống như con bé Ghera kia!,C?n ti?ng Anh nghi v?n: Ghera | S? t?/c?m nghi v?n: 1 | T? l? nghi v?n: 0.167 | M?c ??: 4.67
"It's been a real lesson for me. Next time I train an AI, I'm definitely screening the data first. Can't afford to have a random student with their whimsical thoughts run the tests again.","Bài học đắt giá cho tôi rồi. Lần sau huấn luyện AI, nhất định phải kiểm tra dữ liệu kỹ càng trước đã. Không thể để một học trò bất kỳ với những ý nghĩ lung tung lại chạy thử nghiệm được nữa.",C?n ti?ng Anh nghi v?n: AI | S? t?/c?m nghi v?n: 1 | T? l? nghi v?n: 0.167 | M?c ??: 4.67
The Soliskin inside the cave says it wants to play on the slides. But where do we find a slide in this neck of the woods?,Giọt Soliskin trong hang nói nó muốn chơi cầu trượt. Nhưng kiếm đâu ra cầu trượt ở cái nơi hoang vu này chứ?,C?n ti?ng Anh nghi v?n: Soliskin | S? t?/c?m nghi v?n: 1 | T? l? nghi v?n: 0.167 | M?c ??: 4.67
I've long believed that Aleph-1 poses a far greater threat beyond Void Storms and Voidworms.,Ta từ lâu đã tin rằng Aleph-1 là mối đe dọa lớn hơn nhiều so với Bão Hư Không hay Giun Hư Không.,C?n ti?ng Anh nghi v?n: Aleph | S? t?/c?m nghi v?n: 1 | T? l? nghi v?n: 0.167 | M?c ??: 4.67
(A junior of mine? So I really did know Mornye in the past...),"(""Một đàn em của ta sao? Vậy là ta thực sự đã quen Mornye từ trước..."")",C?n ti?ng Anh nghi v?n: Mornye | S? t?/c?m nghi v?n: 1 | T? l? nghi v?n: 0.167 | M?c ??: 4.67
"(Like what happened during our previous encounter, what she's done since becoming a digital ghost, and the real reason why Sigillum stole her power.)","(Giống như lần chạm trán trước, những gì cô ấy đã làm sau khi trở thành hồn ma kỹ thuật số, và lý do thực sự đằng sau việc Sigillum đánh cắp sức mạnh của cô.)",C?n ti?ng Anh nghi v?n: Sigillum | S? t?/c?m nghi v?n: 1 | T? l? nghi v?n: 0.167 | M?c ??: 4.67
"I have faith, not just in the Court of Savantae, but also in humanity's resolve to explore the stars, and in the budding curiosity I see before me.","Ta không chỉ tin vào Tòa án Savantae, mà còn tin vào quyết tâm khám phá vũ trụ của nhân loại, và vào sự tò mò non trẻ đang hiện hữu trước mắt ta.",C?n ti?ng Anh nghi v?n: Savantae | S? t?/c?m nghi v?n: 1 | T? l? nghi v?n: 0.167 | M?c ??: 4.67
"There's still a lot I have to do in this world. This won't stop me. Don't worry about me, Aemeath.","Ta còn nhiều việc phải làm ở thế giới này. Điều này sẽ không ngăn được ta đâu. Đừng lo cho ta, Aemeath.",C?n ti?ng Anh nghi v?n: Aemeath | S? t?/c?m nghi v?n: 1 | T? l? nghi v?n: 0.167 | M?c ??: 4.67
That's right! Guess our little road trip movie's come to an end. Time to head back to Startorch Academy. Together!,Chuẩn rồi! Bộ phim du hí đường dài của tụi mình coi như kết thúc. Đến lúc quay về Học viện Startorch thôi. Cùng nhau nhé!,C?n ti?ng Anh nghi v?n: Startorch | S? t?/c?m nghi v?n: 1 | T? l? nghi v?n: 0.167 | M?c ??: 4.67
"Following her gaze, you take in Lahai-Roi's scenery carressed by the soft breeze.","Theo ánh mắt cô, anh nhìn ngắm phong cảnh Lahai-Roi được làn gió nhẹ vuốt ve.",C?n ti?ng Anh nghi v?n: Lahai | S? t?/c?m nghi v?n: 1 | T? l? nghi v?n: 0.167 | M?c ??: 4.67
My brother Rhein drew this picture.,"Bức tranh này do anh trai ta, Rhein, vẽ đấy.",C?n ti?ng Anh nghi v?n: Rhein | S? t?/c?m nghi v?n: 1 | T? l? nghi v?n: 0.167 | M?c ??: 4.67
"Lahai-Roi was just a minor setback! I'm still useful! I still have work in the New Federation, I still—","Lahai-Roi chỉ là một thất bại nhỏ thôi! Ta vẫn còn giá trị mà! Ta vẫn còn việc ở Liên Bang Mới, ta vẫn—",C?n ti?ng Anh nghi v?n: Lahai | S? t?/c?m nghi v?n: 1 | T? l? nghi v?n: 0.167 | M?c ??: 4.67
"I did hear Nivora say you've had her in the infirmary all this time. You were keeping an eye on her, then?",Ta có nghe Nivora nói cậu đã đưa cô ấy vào phòng bệnh suốt thời gian qua. Cậu đang theo dõi cô ấy à?,C?n ti?ng Anh nghi v?n: Nivora | S? t?/c?m nghi v?n: 1 | T? l? nghi v?n: 0.167 | M?c ??: 4.67
In the end... I failed to find my father's murderer. I failed to protect Rhein... failed to protect my own family.,Cuối cùng... ta vẫn không tìm ra kẻ đã giết cha. Ta không bảo vệ được Rhein... không bảo vệ được chính gia đình mình.,C?n ti?ng Anh nghi v?n: Rhein | S? t?/c?m nghi v?n: 1 | T? l? nghi v?n: 0.167 | M?c ??: 4.67
"After you left Lahai-Roi, she came to see me a few times in the name of counseling... to learn about you.","Sau khi cậu rời Lahai-Roi, cô ấy đến gặp ta vài lần dưới danh nghĩa tư vấn... để tìm hiểu về cậu.",C?n ti?ng Anh nghi v?n: Lahai | S? t?/c?m nghi v?n: 1 | T? l? nghi v?n: 0.167 | M?c ??: 4.67
What truly surprised us was your choice to stay all these years and become one of Lahai-Roi's steadfast guardians.,Điều thực sự khiến chúng tôi ngạc nhiên là việc cậu chọn ở lại suốt bao năm qua và trở thành một trong những người bảo vệ trung thành của Lahai-Roi.,C?n ti?ng Anh nghi v?n: Lahai | S? t?/c?m nghi v?n: 1 | T? l? nghi v?n: 0.167 | M?c ??: 4.67
You want me to secure a perimeter while you go in alone to handle Warren?,Anh muốn tớ bảo vệ khu vực này trong khi anh một mình vào xử lý Warren à?,C?n ti?ng Anh nghi v?n: Warren | S? t?/c?m nghi v?n: 1 | T? l? nghi v?n: 0.167 | M?c ??: 4.67
"Miss Nanami, I wasn't… I didn't... it was ""the other me""... Please don't believe...","Chị Nanami, em không... em không hề... đó là ""bản thể khác"" của em... Xin đừng tin...",C?n ti?ng Anh nghi v?n: Nanami | S? t?/c?m nghi v?n: 1 | T? l? nghi v?n: 0.167 | M?c ??: 4.67
"You Academy folks are smart. If you got a minute to spare… hehe, maybe you could help me take a look?","Mấy người Viện hẳn là thông minh lắm. Nếu rảnh chút thời gian… hehe, có khi giúp tôi xem qua được không?",C?n ti?ng Anh nghi v?n: hehe | S? t?/c?m nghi v?n: 1 | T? l? nghi v?n: 0.167 | M?c ??: 4.67
But the New Solar Ceremony worked. A new sun has replaced the Exostrider's Drive above Lahai-Roi.,Nhưng Lễ Khai Sinh Mặt Trời Mới đã thành công. Một mặt trời mới đã thay thế Động cơ Exostrider phía trên Lahai-Roi.,C?n ti?ng Anh nghi v?n: Lahai | S? t?/c?m nghi v?n: 1 | T? l? nghi v?n: 0.167 | M?c ??: 4.67
"Haha, sorry, please forgive my boldness. I rarely meet duelists here, and I don't want to waste an opportunity to unwind after work.","Haha, xin lỗi vì sự táo bạo của ta. Hiếm khi gặp được cao thủ đấu kiếm ở đây, không muốn bỏ lỡ cơ hội thư giãn sau giờ làm.",C?n ti?ng Anh nghi v?n: Haha | S? t?/c?m nghi v?n: 1 | T? l? nghi v?n: 0.167 | M?c ??: 4.67
"Hah, I hope so. Sorry, I don't know what's wrong with me... It must be because the Exostrider is about to awaken. I'm a little too excited.","Haha, mong là vậy. Xin lỗi nhé, tớ không biết sao mình lại thế này... Chắc là do Exostrider sắp thức tỉnh rồi. Hơi phấn khích quá mức thôi.",C?n ti?ng Anh nghi v?n: Exostrider | S? t?/c?m nghi v?n: 1 | T? l? nghi v?n: 0.167 | M?c ??: 4.67
"""Deploy seven Echoes and modulate them to unseal and summon the legendary Echo—Aurora Dragon.""","Triển khai bảy Tacet Discord và điều chỉnh để giải ấn, triệu hồi Tacet Discord huyền thoại—Rồng Aurora.",C?n ti?ng Anh nghi v?n: Aurora | S? t?/c?m nghi v?n: 1 | T? l? nghi v?n: 0.167 | M?c ??: 4.67
"The only catch is, the Sonoro is not very stable. If we don't get them out soon, our funds will be lost along with them.","Vấn đề duy nhất là Sonoro không ổn định lắm. Nếu không đưa chúng ra kịp, số tiền của chúng ta sẽ tiêu tan theo.",C?n ti?ng Anh nghi v?n: Sonoro | S? t?/c?m nghi v?n: 1 | T? l? nghi v?n: 0.167 | M?c ??: 4.67
"After hearing Lucilla out, you decide to keep investigating the Dark Side. Whatever game the Fractsidus thinks they're playing, they're not going to win.","Sau khi nghe Lucilla trình bày, cậu quyết định tiếp tục điều tra Mặt Tối. Dù Bè Phái Fractsidus có chơi trò gì đi chăng nữa, chúng sẽ không thắng được đâu.",C?n ti?ng Anh nghi v?n: Lucilla | S? t?/c?m nghi v?n: 1 | T? l? nghi v?n: 0.167 | M?c ??: 4.67
"You watch them play. Lynae's hands fly across the screen with ease, while Sigrika scrambles to keep up. It's a welcome moment of peace.","Cậu nhìn họ chơi đùa. Tay Lynae thoăn thoắt trên màn hình, còn Sigrika thì loay hoay chạy theo. Một khoảnh khắc bình yên thật đáng quý.",C?n ti?ng Anh nghi v?n: Sigrika | S? t?/c?m nghi v?n: 1 | T? l? nghi v?n: 0.167 | M?c ??: 4.67
We have no idea. Isla is one of our core members. We even gave her a key task for the celebration.,Chúng tôi không biết. Isla là một trong những thành viên cốt cán của chúng tôi. Chúng tôi còn giao cho cô ấy một nhiệm vụ quan trọng trong lễ kỷ niệm.,C?n ti?ng Anh nghi v?n: Isla | S? t?/c?m nghi v?n: 1 | T? l? nghi v?n: 0.167 | M?c ??: 4.67
"Isla came to me before, but I was too busy solving riddles. Then I heard she didn't need my help anymore… What happened during these days?","Isla có tìm đến ta trước đấy, nhưng ta lại mải giải mấy câu đố. Rồi nghe nói cô ấy không cần giúp nữa… Mấy ngày qua rốt cuộc đã xảy ra chuyện gì vậy?",C?n ti?ng Anh nghi v?n: Isla | S? t?/c?m nghi v?n: 1 | T? l? nghi v?n: 0.167 | M?c ??: 4.67
"In the remake, a student confronts Lucilla in class, questioning the point of exploring the unknown if answers can never truly be known.","Trong bản làm lại, một học sinh đối chất với Lucilla ngay trong lớp, chất vấn rằng nếu không thể tìm ra câu trả lời thực sự thì việc khám phá những điều chưa biết có ý nghĩa gì.",C?n ti?ng Anh nghi v?n: Lucilla | S? t?/c?m nghi v?n: 1 | T? l? nghi v?n: 0.167 | M?c ??: 4.67
"Given the Grand Architect's teaser for you and Dr. Luuk, that rabbit should be one of the Fractsidus's little tricks in this game of theirs.","Với lời gợi ý của Kiến Trúc Sư Vĩ Đại dành cho cậu và Tiến sĩ Luuk, con thỏ đó chắc hẳn là một trong những trò chơi khăm của Fractsidus trong ván cờ của họ.",C?n ti?ng Anh nghi v?n: Luuk | S? t?/c?m nghi v?n: 1 | T? l? nghi v?n: 0.167 | M?c ??: 4.67
"That's exactly what the Dark Side preyed on. It then recreated the predicament I once lived through. The Fractsidus was questioning me, the representative of Startorch Academy…","Đó chính là điều phe Hắc Ám lợi dụng. Chúng tái hiện lại tình cảnh mà ta từng trải qua. Fractsidus chất vấn ta, đại diện của Học viện Startorch…",C?n ti?ng Anh nghi v?n: Startorch | S? t?/c?m nghi v?n: 1 | T? l? nghi v?n: 0.167 | M?c ??: 4.67
"If you want to hear mine, you'll have to share your stories before coming to Lahai-Roi first.","Nếu cậu muốn nghe câu chuyện của ta, thì hãy kể trước về những gì cậu đã trải qua trước khi đến Lahai-Roi đi.",C?n ti?ng Anh nghi v?n: Lahai | S? t?/c?m nghi v?n: 1 | T? l? nghi v?n: 0.167 | M?c ??: 4.67
Or maybe... the scale <i>is</i> the answer. The so-called scientific pursuit at Lahai-Roi contributes nothing to the advance of human civilization.,Hay là... cái cân <i>chính là</i> câu trả lời. Cái gọi là nghiên cứu khoa học ở Lahai-Roi chẳng đóng góp gì cho sự tiến bộ của nền văn minh nhân loại.,C?n ti?ng Anh nghi v?n: Lahai | S? t?/c?m nghi v?n: 1 | T? l? nghi v?n: 0.167 | M?c ??: 4.67
B-But this is for the project! How could you call it stealing when it's for the sake of research!,B-Nhưng đây là cho dự án mà! Sao anh lại gọi là ăn cắp khi nó phục vụ cho nghiên cứu chứ!,C?n ti?ng Anh nghi v?n: B | S? t?/c?m nghi v?n: 1 | T? l? nghi v?n: 0.167 | M?c ??: 4.67
"When I'm no longer around, there won't be anyone left to put out your lab fires, Frantz. Do be extra careful with your experiments from now on.","Khi tớ không còn ở đây nữa, sẽ chẳng còn ai dập tắt những đám cháy trong phòng thí nghiệm của anh đâu, Frantz. Từ giờ anh phải cẩn thận hơn với mấy thí nghiệm của mình nhé.",C?n ti?ng Anh nghi v?n: Frantz | S? t?/c?m nghi v?n: 1 | T? l? nghi v?n: 0.167 | M?c ??: 4.67
"There was a minor hiccup while I was sending in the request form yesterday, so I made another run today. Malma must've run off while I was gone.","Hôm qua ta gửi đơn yêu cầu thì gặp chút trục trặc nhỏ, nên hôm nay ta chạy lại lần nữa. Chắc Malma đã trốn đi lúc ta vắng nhà.",C?n ti?ng Anh nghi v?n: Malma | S? t?/c?m nghi v?n: 1 | T? l? nghi v?n: 0.167 | M?c ??: 4.67
{PlayerName} and I will go underground to check where the core's energy has been leaking. We'll take the Soliskin with us to provide the jump-start from below. You coordinate the surface activation. Clear?,Ta và {PlayerName} sẽ xuống lòng đất kiểm tra nơi năng lượng lõi bị rò rỉ. Chúng ta sẽ mang theo Soliskin để kích hoạt từ bên dưới. Các ngươi điều phối kích hoạt trên mặt đất. Rõ chưa?,C?n ti?ng Anh nghi v?n: Soliskin | S? t?/c?m nghi v?n: 1 | T? l? nghi v?n: 0.167 | M?c ??: 4.67
"""Remember: take it to WARREN'S OFFICE. Do not give it to that idiot Anselm! He's far too slow for a lead researcher and wouldn't know what to do with the data. My design is flawless! The Collective's true goals can only be achieved through the Augmented Resonance framework!""","""Nhớ lấy: đưa thẳng tới VĂN PHÒNG CỦA WARREN. Đừng đưa cho thằng ngốc Anselm! Hắn quá chậm chạp để làm trưởng nhóm nghiên cứu và chẳng biết phải làm gì với dữ liệu. Thiết kế của ta hoàn hảo! Mục tiêu thực sự của Tập Thể chỉ có thể đạt được thông qua khung Cộng Hưởng Tăng Cường!""",C?n ti?ng Anh nghi v?n: Anselm | S? t?/c?m nghi v?n: 1 | T? l? nghi v?n: 0.167 | M?c ??: 4.67
"It's just... now that it's running stable, does that mean the original theory was solid? Isn't it proof that tech created using the Augmented Resonance framework actually has value?","Chỉ là... giờ hệ thống đã ổn định rồi, có phải điều đó chứng minh giả thuyết ban đầu là đúng? Liệu công nghệ được tạo ra từ khung Augmented Resonance thực sự có giá trị không nhỉ?",C?n ti?ng Anh nghi v?n: Augmented | S? t?/c?m nghi v?n: 1 | T? l? nghi v?n: 0.167 | M?c ??: 4.67
"Why did you stray so far?! The Exoswarm in the area, you drew them all! Did you want us to get hurt? If no one came to help, what then?","Sao cậu lại đi xa đến thế?! Bầy Exoswarm quanh đây, cậu đã lôi chúng đến hết! Cậu muốn chúng tôi bị thương à? Nếu không ai đến cứu, thì sao?",C?n ti?ng Anh nghi v?n: Exoswarm | S? t?/c?m nghi v?n: 1 | T? l? nghi v?n: 0.167 | M?c ??: 4.67
"I told you, ""Stay with the Academy people. Don't wander off alone."" Budee, why won't you listen?!","Ta đã bảo rồi, ""Đi với nhóm Học viện. Đừng có đi lang thang một mình."" Budee, sao ngươi không chịu nghe thế?!",C?n ti?ng Anh nghi v?n: Budee | S? t?/c?m nghi v?n: 1 | T? l? nghi v?n: 0.167 | M?c ??: 4.67
"It knows the terrain perfectly and led me through so many shortcuts. In the end, it even drew the Exoswarm away so I could get to safety.","Nó nắm địa hình như lòng bàn tay và dẫn ta qua biết bao lối tắt. Cuối cùng, nó còn đánh lạc hướng Exoswarm để ta có thể thoát thân.",C?n ti?ng Anh nghi v?n: Exoswarm | S? t?/c?m nghi v?n: 1 | T? l? nghi v?n: 0.167 | M?c ??: 4.67
"Forgive me, Budee... I was wrong about you.","Xin hãy tha thứ cho ta, Budee... Ta đã hiểu lầm về cậu.",C?n ti?ng Anh nghi v?n: Budee | S? t?/c?m nghi v?n: 1 | T? l? nghi v?n: 0.167 | M?c ??: 4.67
What's happening? Why's that Soliskin driving faster and faster?!,Chuyện gì đang xảy ra vậy? Sao con Soliskin kia lại chạy càng lúc càng nhanh thế?!,C?n ti?ng Anh nghi v?n: Soliskin | S? t?/c?m nghi v?n: 1 | T? l? nghi v?n: 0.167 | M?c ??: 4.67
"Wait, Budee activated the track?! Hurry up, we need to catch up with it.","Chờ đã, Budee kích hoạt đường ray rồi?! Nhanh lên, chúng ta phải đuổi theo ngay!",C?n ti?ng Anh nghi v?n: Budee | S? t?/c?m nghi v?n: 1 | T? l? nghi v?n: 0.167 | M?c ??: 4.67
"You sense something invisible and intangible gradually dissipating from the two TARD-Es, like ghosts of the past fading into the air with barely audible sighs.","Bạn cảm nhận được thứ gì đó vô hình, vô dạng đang dần tan biến khỏi hai cỗ máy TARD-E, như những bóng ma của quá khứ phai mờ vào không khí cùng tiếng thở dài khẽ khàng.",C?n ti?ng Anh nghi v?n: TARD | S? t?/c?m nghi v?n: 1 | T? l? nghi v?n: 0.167 | M?c ??: 4.67
"In any case, thank you for your assistance. I will return to Researcher Lector immediately and have him perform a full systems inspection.","Dù sao đi nữa, cảm ơn sự trợ giúp của ngươi. Ta sẽ quay lại gặp Nhà Nghiên Cứu Lector ngay lập tức và yêu cầu ông ấy kiểm tra toàn bộ hệ thống.",C?n ti?ng Anh nghi v?n: Lector | S? t?/c?m nghi v?n: 1 | T? l? nghi v?n: 0.167 | M?c ??: 4.67
"Perhaps in the future, the experiment attempted on Denia... could help us pioneer an entirely new direction in this field.","Có lẽ trong tương lai, thí nghiệm từng tiến hành trên Denia... có thể giúp chúng ta khai phá một hướng đi hoàn toàn mới trong lĩnh vực này.",C?n ti?ng Anh nghi v?n: Denia | S? t?/c?m nghi v?n: 1 | T? l? nghi v?n: 0.167 | M?c ??: 4.67
"Someday, yes. But for now, I wish to record the things I see right here. And if the Soliskin are willing, I also wish to record the world through their eyes!","Một ngày nào đó, đúng vậy. Nhưng hiện tại, ta muốn ghi lại những gì mình thấy ở đây. Và nếu người Soliskin đồng ý, ta cũng muốn ghi lại thế giới qua đôi mắt của họ!",C?n ti?ng Anh nghi v?n: Soliskin | S? t?/c?m nghi v?n: 1 | T? l? nghi v?n: 0.167 | M?c ??: 4.67
"Anyway, this is what it's about. President Lucilla suggested a ""graduation trip."" She promised to spare me the tedious career counseling if I survive it.","Dù sao thì nội dung là thế này. Chủ tịch Lucilla đề xuất một chuyến ""du lịch tốt nghiệp"". Bà ấy hứa sẽ bỏ qua buổi tư vấn nghề nghiệp nhàm chán nếu tôi sống sót qua chuyến đi đó.",C?n ti?ng Anh nghi v?n: Lucilla | S? t?/c?m nghi v?n: 1 | T? l? nghi v?n: 0.167 | M?c ??: 4.67
(Coughing) S-stay back... There's a swarm of rampaging Exoswarm ahead. It's too dangerous for ordinary students.,(Ho) Lùi lại đi... Phía trước có một đàn Exoswarm đang điên cuồng. Quá nguy hiểm cho những học sinh bình thường như chúng ta.,C?n ti?ng Anh nghi v?n: Exoswarm | S? t?/c?m nghi v?n: 1 | T? l? nghi v?n: 0.167 | M?c ??: 4.67
"I bet if we opened it up, the chip and memory would be fried... Meaning no way he's ever seeing Yimina's photos on that thing. That's just not possible.","Tôi cá là nếu mở nó ra, con chip và bộ nhớ bên trong chắc chắn đã cháy hết rồi... Nghĩa là không đời nào ông ấy xem được ảnh của Yimina trên cái đó. Không thể nào!",C?n ti?ng Anh nghi v?n: chip | S? t?/c?m nghi v?n: 1 | T? l? nghi v?n: 0.167 | M?c ??: 4.67
"I'm near the location Nabby mentioned. She said that one comes out during the day, and the other at night...","Mình đang ở gần chỗ Nabby nói. Cô ấy bảo một con xuất hiện ban ngày, con kia thì ban đêm...",C?n ti?ng Anh nghi v?n: Nabby | S? t?/c?m nghi v?n: 1 | T? l? nghi v?n: 0.167 | M?c ??: 4.67
"I heard there are three Soliskin who are all friends who like to play together at that tree! If you see them, could you take a photo for me?","Nghe nói có ba con Soliskin là bạn thân, hay chơi đùa cùng nhau dưới gốc cây đó! Nếu cậu thấy chúng, chụp giùm mình một tấm nhé?",C?n ti?ng Anh nghi v?n: Soliskin | S? t?/c?m nghi v?n: 1 | T? l? nghi v?n: 0.167 | M?c ??: 4.67
"These students and their results are of paramount importance to all of Lahai-Roi. The future is theirs, after all.",Những học sinh này và kết quả của họ có ý nghĩa tối quan trọng với toàn bộ Lahai-Roi. Bởi tương lai là của các em mà.,C?n ti?ng Anh nghi v?n: Lahai | S? t?/c?m nghi v?n: 1 | T? l? nghi v?n: 0.167 | M?c ??: 4.67
"We've communicated on WavesLine, but allow me to introduce myself properly in person.","Chúng ta đã liên lạc qua WavesLine rồi, nhưng cho phép tôi giới thiệu lại cho tử tế khi gặp mặt.",C?n ti?ng Anh nghi v?n: WavesLine | S? t?/c?m nghi v?n: 1 | T? l? nghi v?n: 0.167 | M?c ??: 4.67
"We've communicated on WavesLine, but allow me to introduce myself properly in person.","Chúng ta đã liên lạc qua WavesLine rồi, nhưng cho phép tôi giới thiệu lại cho tử tế khi gặp mặt.",C?n ti?ng Anh nghi v?n: WavesLine | S? t?/c?m nghi v?n: 1 | T? l? nghi v?n: 0.167 | M?c ??: 4.67
Thanks for looking after Lahai-Roi's rising stars... and for looking after the one who just might carry my work forward.,Cảm ơn cậu đã chăm lo cho những ngôi sao mới của Lahai-Roi... và cả người có thể kế tục công việc của ta nữa.,C?n ti?ng Anh nghi v?n: Lahai | S? t?/c?m nghi v?n: 1 | T? l? nghi v?n: 0.167 | M?c ??: 4.67
The first thing I did after I got out of the infirmary was head straight to Fangspire Chasm.,Việc đầu tiên ta làm sau khi ra viện là lao thẳng đến Hẻm Núi Fangspire.,C?n ti?ng Anh nghi v?n: Fangspire | S? t?/c?m nghi v?n: 1 | T? l? nghi v?n: 0.167 | M?c ??: 4.67
And that was when I heard Nahum's voice on my FCR two days ago...,Và đó là lúc ta nghe thấy giọng Nahum qua FCR của mình cách đây hai ngày...,C?n ti?ng Anh nghi v?n: FCR | S? t?/c?m nghi v?n: 1 | T? l? nghi v?n: 0.167 | M?c ??: 4.67
"After we clear the Voidmatter contamination here, we can move on deeper into the central area...","Sau khi dọn sạch sự ô nhiễm Voidmatter ở đây, chúng ta có thể tiến sâu hơn vào khu vực trung tâm...",C?n ti?ng Anh nghi v?n: Voidmatter | S? t?/c?m nghi v?n: 1 | T? l? nghi v?n: 0.167 | M?c ??: 4.67
"It's alright. No one can save everyone. Not even those we consider a god, like the Exostrider. Or the Sentinel.","Ổn mà. Không ai có thể cứu tất cả mọi người. Ngay cả những kẻ được coi như thần thánh, như Exostrider. Hay Sentinel.",C?n ti?ng Anh nghi v?n: Exostrider | S? t?/c?m nghi v?n: 1 | T? l? nghi v?n: 0.167 | M?c ??: 4.67
"According to your teammates, two figures emerged... to shield you from the surging Voidmatter before the Void Storm swallowed you.","Theo lời đồng đội của ngươi, có hai bóng người đã xuất hiện... che chắn cho ngươi khỏi dòng Voidmatter cuồn cuộn trước khi Cơn Bão Hư Không nuốt chửng ngươi.",C?n ti?ng Anh nghi v?n: Voidmatter | S? t?/c?m nghi v?n: 1 | T? l? nghi v?n: 0.167 | M?c ??: 4.67
"""I am the great Exostrider! A mere Threnodian is bound to fall before my mighty sword!""","""Ta là Exostrider vĩ đại! Một tên Threnodian tầm thường làm sao chống lại thanh kiếm hùng mạnh của ta!""",C?n ti?ng Anh nghi v?n: Exostrider | S? t?/c?m nghi v?n: 1 | T? l? nghi v?n: 0.167 | M?c ??: 4.67
This is the machine we built together a long time ago. It monitors Voidmatter fluctuations in real time.,Đây là cỗ máy mà chúng ta đã cùng nhau chế tạo từ rất lâu rồi. Nó giám sát sự dao động của Voidmatter theo thời gian thực.,C?n ti?ng Anh nghi v?n: Voidmatter | S? t?/c?m nghi v?n: 1 | T? l? nghi v?n: 0.167 | M?c ??: 4.67
The thumbnail reveals a photo of the two of them together. The file name stands out: Real Stars.,Ảnh thu nhỏ cho thấy bức hình hai người họ cùng nhau. Tên file nổi bật: Những Ngôi Sao Thực Sự.,C?n ti?ng Anh nghi v?n: file | S? t?/c?m nghi v?n: 1 | T? l? nghi v?n: 0.167 | M?c ??: 4.67
"Oh, it's nothing serious. We noticed you were teaching your grandson to play music on a leaf. Can it really make the Mourning Aix sing along with you?","À, không có gì đâu. Cháu thấy cậu đang dạy cháu trai thổi nhạc bằng lá cây ấy. Nó mà cũng khiến Chim Aix Than Khóc hòa theo được sao?",C?n ti?ng Anh nghi v?n: Aix | S? t?/c?m nghi v?n: 1 | T? l? nghi v?n: 0.167 | M?c ??: 4.67
"Medium long hair, pale and skinny... You must be Jiuyue?","Tóc dài ngang vai, da xanh xao gầy gò... Chắc cậu là Jiuyue nhỉ?",C?n ti?ng Anh nghi v?n: Jiuyue | S? t?/c?m nghi v?n: 1 | T? l? nghi v?n: 0.167 | M?c ??: 4.67
"Anyway... The Ecoacoustics theories are indeed quite complex, and it also involves information transcription and such. It's difficult to explain in just a few words.","Dù sao... Lý thuyết Ecoacoustics thực sự rất phức tạp, lại còn liên quan đến việc sao chép thông tin và mấy thứ tương tự. Khó mà giải thích trong vài câu được.",C?n ti?ng Anh nghi v?n: Ecoacoustics | S? t?/c?m nghi v?n: 1 | T? l? nghi v?n: 0.167 | M?c ??: 4.67
"According to existing theories on Echoes, the residual consciousness can be converted into Reverberation frequencies and stored into a Terminal. Then, with some tweeking, it can be reproduced as a projection to mirrior its original appearances.","Theo các lý thuyết hiện có về Echo, ý thức còn sót lại có thể chuyển hóa thành tần số Reverberation và lưu trữ trong Thiết bị đầu cuối. Sau đó, với vài điều chỉnh, nó có thể tái hiện dưới dạng ảo ảnh phản chiếu hình dáng ban đầu.",C?n ti?ng Anh nghi v?n: Reverberation | S? t?/c?m nghi v?n: 1 | T? l? nghi v?n: 0.167 | M?c ??: 4.67
"Alas, I’m sure you’d know... Love is something that simply cannot be hidden from sight, especially since... Hui’s my most beloved sugar-plum in the whole universe.","Ôi, ta chắc chắn cậu cũng biết... Tình yêu là thứ không thể che giấu, nhất là khi... Hui là viên kẹo ngọt ngào nhất trong vũ trụ của ta.",C?n ti?ng Anh nghi v?n: Hui | S? t?/c?m nghi v?n: 1 | T? l? nghi v?n: 0.167 | M?c ??: 4.67
Although Hui has parted this world for ten months and thirteen days... I still miss her so much.,Dù Hui đã rời bỏ thế gian này được mười tháng mười ba ngày... nhưng anh vẫn nhớ em da diết.,C?n ti?ng Anh nghi v?n: Hui | S? t?/c?m nghi v?n: 1 | T? l? nghi v?n: 0.167 | M?c ??: 4.67
"This will be my first time working together with anyone other than Hui. As my wife, she has always taken care of me, and as a researcher, she is among the most passionate and outstanding individuals.","Đây sẽ là lần đầu tiên ta làm việc cùng ai đó ngoài Hui. Là vợ ta, cô ấy luôn chăm sóc ta, còn với tư cách một nhà nghiên cứu, cô ấy là một trong những người nhiệt huyết và xuất sắc nhất.",C?n ti?ng Anh nghi v?n: Hui | S? t?/c?m nghi v?n: 1 | T? l? nghi v?n: 0.167 | M?c ??: 4.67
"And the customer told me... ""I bought some jerky in Rinascita. Please help me feed the jerky to Mimi the dog in Jinzhou city!""","Và vị khách hàng bảo tôi... ""Tôi mua ít thịt khô ở Rinascita. Làm ơn giúp tôi cho Mimi – con chó ở thành Jinzhou – ăn nhé!""",C?n ti?ng Anh nghi v?n: Mimi | S? t?/c?m nghi v?n: 1 | T? l? nghi v?n: 0.167 | M?c ??: 4.67
I can't do this. Hic... I can present no more treasure. Won't be able to work as a courier again if I go out of shape from this...,"Ta không thể làm được nữa... Hic... Ta không còn kho báu nào để trình diện nữa. Nếu vì chuyện này mà mất dáng, ta sẽ không thể làm người đưa tin được...",C?n ti?ng Anh nghi v?n: Hic | S? t?/c?m nghi v?n: 1 | T? l? nghi v?n: 0.167 | M?c ??: 4.67
"However, little can be done to fight back when one suffers their raid. That's why I had this idea about ""Lollo Hitman.""","Nhưng khi bị chúng tấn công, ta chẳng thể làm gì để chống trả. Đó là lý do ta nảy ra ý tưởng về ""Lollo Sát Thủ"".",C?n ti?ng Anh nghi v?n: Lollo | S? t?/c?m nghi v?n: 1 | T? l? nghi v?n: 0.167 | M?c ??: 4.67
"Ha, in that case, I can make an expert myself.","Ha, vậy thì ta sẽ tự tạo ra một chuyên gia cho xem.",C?n ti?ng Anh nghi v?n: Ha | S? t?/c?m nghi v?n: 1 | T? l? nghi v?n: 0.167 | M?c ??: 4.67
A new order! An automatic courier truck went missing in the depths of Whining Aix's Mire. I'll send you the coordinates.,Lệnh mới! Một chiếc xe chuyển phát tự động đã biến mất trong vùng Bãi Lầy Whining Aix sâu thẳm. Ta sẽ gửi tọa độ cho cậu.,C?n ti?ng Anh nghi v?n: Whining | S? t?/c?m nghi v?n: 1 | T? l? nghi v?n: 0.167 | M?c ??: 4.67
"Haha, indeed I find joy in scientific research. Immersing myself in data and theories, verifying various possibilities... It's a blissful experience.","Haha, đúng là ta tìm thấy niềm vui trong nghiên cứu khoa học. Đắm chìm trong dữ liệu và lý thuyết, kiểm chứng mọi khả năng... Thật là một trải nghiệm tuyệt vời.",C?n ti?ng Anh nghi v?n: Haha | S? t?/c?m nghi v?n: 1 | T? l? nghi v?n: 0.167 | M?c ??: 4.67
"Searching protocol... Confirmed. Violation of protocol detected... Xiangli, I'm sorry. Initiating self-destruct sequence...","Giao thức tìm kiếm... Xác nhận. Phát hiện vi phạm giao thức... Xiangli, ta xin lỗi. Khởi động chuỗi tự hủy...",C?n ti?ng Anh nghi v?n: Xiangli | S? t?/c?m nghi v?n: 1 | T? l? nghi v?n: 0.167 | M?c ??: 4.67
Haha. A similar scene from the Hero Plays that children enjoy... if I recall correctly.,Haha. Một cảnh tượng giống như trong vở kịch anh hùng mà bọn trẻ con thích xem... nếu ta nhớ không lầm.,C?n ti?ng Anh nghi v?n: Haha | S? t?/c?m nghi v?n: 1 | T? l? nghi v?n: 0.167 | M?c ??: 4.67
"I'm here, don't worry. I'm overriding Xiang-LEE's processor. One moment, please.","Ta ở đây rồi, đừng lo. Ta đang can thiệp vào bộ xử lý của Xiang-LEE. Chờ một chút nhé.",C?n ti?ng Anh nghi v?n: Xiang | S? t?/c?m nghi v?n: 1 | T? l? nghi v?n: 0.167 | M?c ??: 4.67
"So... so you mean that big Mt. Firmament thingie that shocked all of Jinzhou, no wait... that shocked all of Huanglong, was all because of you?!","Vậy... ý cậu là cái ngọn núi Firmament khổng lồ kia, thứ gây chấn động cả Jinzhou, không, cả Huanglong ấy, tất cả đều do cậu gây ra?!",C?n ti?ng Anh nghi v?n: Firmament | S? t?/c?m nghi v?n: 1 | T? l? nghi v?n: 0.167 | M?c ??: 4.67
"Hehe, you're welcome. Since you're safe now, can you show us... the hero play you mentioned earlier?","Hehe, không có gì đâu. Giờ cậu đã an toàn rồi, có thể cho chúng ta xem... vở kịch anh hùng cậu nhắc đến trước đó không?",C?n ti?ng Anh nghi v?n: Hehe | S? t?/c?m nghi v?n: 1 | T? l? nghi v?n: 0.167 | M?c ??: 4.67
"Haha, you know me. Zhixiu's interested in those monsters too. Should we invite her to join our research? More brains, better ideas.","Haha, cậu biết tớ mà. Zhixiu cũng quan tâm đến mấy con quái đó lắm. Hay mình mời cô ấy cùng nghiên cứu nhỉ? Càng nhiều người, càng nhiều ý tưởng hay.",C?n ti?ng Anh nghi v?n: Haha | S? t?/c?m nghi v?n: 1 | T? l? nghi v?n: 0.167 | M?c ??: 4.67
"See? Not even that ""Unsung Hero of the Lodge"" had time to grant every wish.","Thấy chưa? Ngay cả ""Anh Hùng Vô Danh của Lodge"" cũng không đủ thời gian để đáp ứng mọi mong ước.",C?n ti?ng Anh nghi v?n: Lodge | S? t?/c?m nghi v?n: 1 | T? l? nghi v?n: 0.167 | M?c ??: 4.67
"Calm down, we are safe here. No Waveworn or Tacet Field around.","Bình tĩnh đi, chúng ta an toàn ở đây. Không có Waveworn hay Tổ Tacet nào quanh đây cả.",C?n ti?ng Anh nghi v?n: Waveworn | S? t?/c?m nghi v?n: 1 | T? l? nghi v?n: 0.167 | M?c ??: 4.67
"My sister Qingning suggested we make the most of it and enjoy the festival in Taoyuan Vale, so here we are, joining the celebrations.","Chị Qingning bảo chúng ta nên tận hưởng tối đa và tham gia lễ hội ở Thung Lũng Đào Nguyên, thế là chúng ta có mặt ở đây rồi.",C?n ti?ng Anh nghi v?n: Qingning | S? t?/c?m nghi v?n: 1 | T? l? nghi v?n: 0.167 | M?c ??: 4.67
"The Fox is one of the Sentinels in Huanglong. People often call it ""Hsin.""","Hồ Ly là một trong những Sentinel ở Huanglong. Người ta thường gọi nó là ""Hsin.""",C?n ti?ng Anh nghi v?n: Hsin | S? t?/c?m nghi v?n: 1 | T? l? nghi v?n: 0.167 | M?c ??: 4.67
How about we take it to Planck? Maybe it knows what this is.,Hay là chúng ta mang nó đến Planck xem sao? Biết đâu nó biết thứ này là gì.,C?n ti?ng Anh nghi v?n: Planck | S? t?/c?m nghi v?n: 1 | T? l? nghi v?n: 0.167 | M?c ??: 4.67
"O great, noble descendants of Reyes, hear my words! I offer ye me love!","Hỡi những hậu duệ cao quý của Reyes, hãy lắng nghe lời ta! Ta dành trọn tình yêu này cho các ngươi!",C?n ti?ng Anh nghi v?n: Reyes | S? t?/c?m nghi v?n: 1 | T? l? nghi v?n: 0.167 | M?c ??: 4.67
You were tricked and deceived during the Carnevale... I know that an Acolyte like me is in no position to represent the Order...,Cậu bị lừa gạt trong Carnevale... Ta biết một kẻ như ta chẳng đủ tư cách đại diện cho Order...,C?n ti?ng Anh nghi v?n: Order | S? t?/c?m nghi v?n: 1 | T? l? nghi v?n: 0.167 | M?c ??: 4.67
"Other stories, you ask? Lemme see... There's the Wandering Gondola. Or there's the Master of the Fish King...",Chuyện khác à? Để ta nghĩ xem... Có chuyện Chiếc Gondola Lang Thang. Hoặc là Chúa Tể Cá Vua...,C?n ti?ng Anh nghi v?n: Gondola | S? t?/c?m nghi v?n: 1 | T? l? nghi v?n: 0.167 | M?c ??: 4.67
"Thanks, Ahab. We'll make sure to share the treasure with you once we find it.","Cảm ơn, Ahab. Khi nào tìm được kho báu, tụi ta sẽ chia phần cho cậu.",C?n ti?ng Anh nghi v?n: Ahab | S? t?/c?m nghi v?n: 1 | T? l? nghi v?n: 0.167 | M?c ??: 4.67
You watch Nannerl gently place the bottle into the water. A gentle breeze sweeps by as you watch the waves carry the bottle out to sea.,Cậu nhìn Nannerl nhẹ nhàng thả chiếc bình xuống nước. Một làn gió nhẹ thổi qua khi cậu thấy những con sóng đưa chiếc bình ra khơi xa.,C?n ti?ng Anh nghi v?n: Nannerl | S? t?/c?m nghi v?n: 1 | T? l? nghi v?n: 0.167 | M?c ??: 4.67
"Oh, really? Would you mind giving me—Ah no, giving Julien a fish?","Ồ, thật sao? Cậu có thể cho ta—À không, cho Julien một con cá được không?",C?n ti?ng Anh nghi v?n: Julien | S? t?/c?m nghi v?n: 1 | T? l? nghi v?n: 0.167 | M?c ??: 4.67
"Eugene says he wants to be a great hero, so I told him he needs to pass the ""Every Flavor Bell-less Crab"" test.","Eugene bảo cậu muốn trở thành anh hùng vĩ đại, nên tớ bảo cậu phải vượt qua bài kiểm tra ""Cua Rang Muối Không Chuông Đa Vị"" đã.",C?n ti?ng Anh nghi v?n: Eugene | S? t?/c?m nghi v?n: 1 | T? l? nghi v?n: 0.167 | M?c ??: 4.67
"Haha, I'm afraid you misunderstand... I admit I do get that question quite often. I am but a traveling playwright.","Haha, e là cậu hiểu nhầm rồi... Ta thừa nhận bị hỏi câu này suốt. Ta chỉ là một nhà viết kịch lang thang thôi.",C?n ti?ng Anh nghi v?n: Haha | S? t?/c?m nghi v?n: 1 | T? l? nghi v?n: 0.167 | M?c ??: 4.67
But why was she there? And why are the Toccata family and the Poets Society accused of the same crime?,Nhưng tại sao cô ấy lại ở đó? Và tại sao gia tộc Toccata và Hội Thi Nhân lại bị buộc tội cùng một tội danh?,C?n ti?ng Anh nghi v?n: Toccata | S? t?/c?m nghi v?n: 1 | T? l? nghi v?n: 0.167 | M?c ??: 4.67
"Haha, of course! The customer has already made their payment, and I'll transfer it to you right away.","Haha, tất nhiên rồi! Khách hàng đã thanh toán xong, và ta sẽ chuyển khoản cho cậu ngay lập tức.",C?n ti?ng Anh nghi v?n: Haha | S? t?/c?m nghi v?n: 1 | T? l? nghi v?n: 0.167 | M?c ??: 4.67
Such a tempting pizza made by such a talented Echo! I'd love to try it…,"Cái bánh pizza hấp dẫn làm sao, lại do một Echo tài năng làm ra nữa chứ! Ta muốn nếm thử quá...",C?n ti?ng Anh nghi v?n: pizza | S? t?/c?m nghi v?n: 1 | T? l? nghi v?n: 0.167 | M?c ??: 4.67
"The items on the list are... jewelry and perfume. But why is this package so heavy? Don't tell me the jewelry is weighed by the kilo, not the carat?",Danh sách này toàn... nữ trang với nước hoa. Nhưng sao gói hàng nặng thế này? Đừng bảo là nữ trang tính bằng ký chứ không phải carat nhé?,C?n ti?ng Anh nghi v?n: carat | S? t?/c?m nghi v?n: 1 | T? l? nghi v?n: 0.167 | M?c ??: 4.67
That's it? No... If I follow that logic... Are you implying that human will and emotion can interfere with theory to create unpredictable outcomes?,"Chỉ có vậy thôi sao? Không... Nếu theo logic đó... Có phải cậu đang ám chỉ rằng ý chí và cảm xúc của con người có thể can thiệp vào lý thuyết, tạo ra những kết quả không thể đoán trước?",C?n ti?ng Anh nghi v?n: logic | S? t?/c?m nghi v?n: 1 | T? l? nghi v?n: 0.167 | M?c ??: 4.67
Does this mean you've met Mr. Furius before? In Septimont...? Wait. Golden eyes. Tacet Mark on the back of the hand...,Vậy là cậu đã gặp ông Furius trước đây? Ở Septimont…? Khoan. Đôi mắt vàng. Dấu Tacet trên mu bàn tay…,C?n ti?ng Anh nghi v?n: Furius | S? t?/c?m nghi v?n: 1 | T? l? nghi v?n: 0.167 | M?c ??: 4.67
I don't know what exactly happened between you two... But I don't think Furius ever looked down on you.,Ta không biết chính xác chuyện gì đã xảy ra giữa hai người... Nhưng ta không nghĩ Furius từng coi thường cậu đâu.,C?n ti?ng Anh nghi v?n: Furius | S? t?/c?m nghi v?n: 1 | T? l? nghi v?n: 0.167 | M?c ??: 4.67
"Tsk, I knew it... He may look like a slacker, but he was grinding behind my back all along. So he wasn't just some natural talent who didn't need to try...","Tsk, biết ngay mà... Trông thì như kẻ lười biếng, nhưng hóa ra hắn lại luyện tập sau lưng ta suốt. Hóa ra không phải chỉ là thiên tài không cần cố gắng...",C?n ti?ng Anh nghi v?n: Tsk | S? t?/c?m nghi v?n: 1 | T? l? nghi v?n: 0.167 | M?c ??: 4.67
"This fan club was formed with her direct approval. So even if Calith's application had gone through, she would've vetoed it at the final stage.","Câu lạc bộ fan này được thành lập dưới sự chấp thuận trực tiếp của cô ấy. Vậy nên dù đơn xin gia nhập của Calith có được thông qua, cô ấy cũng sẽ phủ quyết ở giai đoạn cuối.",C?n ti?ng Anh nghi v?n: fan | S? t?/c?m nghi v?n: 1 | T? l? nghi v?n: 0.167 | M?c ??: 4.67
"Great. Show 'em what you got, and bring home the Lahai-Roi division champion's title!","Tuyệt! Cho họ thấy sức mạnh của cậu, và mang về danh hiệu vô địch khu vực Lahai-Roi nhé!",C?n ti?ng Anh nghi v?n: Lahai | S? t?/c?m nghi v?n: 1 | T? l? nghi v?n: 0.167 | M?c ??: 4.67
"To me, the opponents in Peaks are like those intelligent Tacet Discords. They fight with a human's cunning.","Với ta, những đối thủ ở Peaks giống như Tacet Discord thông minh. Chúng chiến đấu với sự xảo quyệt của con người.",C?n ti?ng Anh nghi v?n: Peaks | S? t?/c?m nghi v?n: 1 | T? l? nghi v?n: 0.167 | M?c ??: 4.67
"Year by year, they built up a kind of geologic time capsule, forming a record of Lahai-Roi's ancient ecosystem.","Năm qua năm, chúng dần hình thành một ""kho lưu trữ địa chất"", ghi lại hệ sinh thái cổ xưa của Lahai-Roi.",C?n ti?ng Anh nghi v?n: Lahai | S? t?/c?m nghi v?n: 1 | T? l? nghi v?n: 0.167 | M?c ??: 4.67
"Since then, I have given my spare time to the Exoswarm. I observe how they move, how they fight, and how their instinct guides them.","Từ đó, ta đã dành thời gian rảnh rỗi để nghiên cứu Exoswarm. Ta quan sát cách chúng di chuyển, chiến đấu và bản năng dẫn dắt chúng.",C?n ti?ng Anh nghi v?n: Exoswarm | S? t?/c?m nghi v?n: 1 | T? l? nghi v?n: 0.167 | M?c ??: 4.67
"With a faint metallic rasp from the side of the machine, a rotund little robot clatters out from behind the panel with a loud clang.","Với tiếng kẽo kẹt kim loại nhè nhẹ bên hông máy, một con robot nhỏ tròn trịa lạch cạch chui ra từ sau tấm bảng điều khiển với tiếng loảng xoảng.",C?n ti?ng Anh nghi v?n: robot | S? t?/c?m nghi v?n: 1 | T? l? nghi v?n: 0.167 | M?c ??: 4.67
"Really? Hahaha, I think so too! I mean, after all the jobs we've done together, I'm practically an industry veteran.","Thật chứ? Hahaha, tớ cũng nghĩ thế! Ý tớ là, sau bao nhiêu việc chúng ta đã làm cùng nhau, tớ gần như là dân kỳ cựu trong nghề rồi.",C?n ti?ng Anh nghi v?n: Hahaha | S? t?/c?m nghi v?n: 1 | T? l? nghi v?n: 0.167 | M?c ??: 4.67
"If fate allows, perhaps we'll meet again in the next cave, and I won't let you win next time, hahaha.","Nếu số phận cho phép, có lẽ ta sẽ gặp lại cậu trong hang động khác, và lần tới, ta sẽ không để cậu thắng dễ dàng đâu, hahaha!",C?n ti?ng Anh nghi v?n: hahaha | S? t?/c?m nghi v?n: 1 | T? l? nghi v?n: 0.167 | M?c ??: 4.67
All these wild gladiator matches in Septimont are perfect stages for us. And lately we've been working their real stories right into our plays.,"Những trận đấu gladiator hoang dã ở Septimont chính là sân khấu hoàn hảo cho chúng ta. Gần đây, chúng ta còn đưa cả câu chuyện thật của họ vào vở kịch nữa.",C?n ti?ng Anh nghi v?n: gladiator | S? t?/c?m nghi v?n: 1 | T? l? nghi v?n: 0.167 | M?c ??: 4.67
"Haha, I've been cramming all these corporate buzzwords. Gotta keep up. Everyone's parroting Chief Advisor Ma's favorite phrases these days!","Haha, ta nhồi nhét toàn mấy từ sáo rỗng của công ty thôi. Phải theo kịp chứ! Giờ ai cũng lặp lại mấy câu sếp Cố Vấn Ma thích!",C?n ti?ng Anh nghi v?n: Haha | S? t?/c?m nghi v?n: 1 | T? l? nghi v?n: 0.167 | M?c ??: 4.67
"Hehe, I was able to quickly build a deck all thanks to that card you gave me. Well, dig in. Everything's on me today!","Hehe, nhờ lá bài cậu đưa mà ta dựng bộ bài nhanh lắm. Thôi, ăn đi! Hôm nay ta bao hết!",C?n ti?ng Anh nghi v?n: Hehe | S? t?/c?m nghi v?n: 1 | T? l? nghi v?n: 0.167 | M?c ??: 4.67
"Hello! I'm Miria. No matter if you're visiting Septimont for the first time or are a native, I've got something for everyone on my tours!","Chào cậu! Tôi là Miria. Dù cậu là khách du lịch lần đầu đến Septimont hay dân bản địa, tôi đều có tour phù hợp cho tất cả mọi người!",C?n ti?ng Anh nghi v?n: Miria | S? t?/c?m nghi v?n: 1 | T? l? nghi v?n: 0.167 | M?c ??: 4.67
"Hello! I'm Miria. No matter if you're visiting Septimont for the first time or are a native, I've got something for everyone on my tours!","Chào cậu! Tôi là Miria. Dù cậu là khách du lịch lần đầu đến Septimont hay dân bản địa, tôi đều có tour phù hợp cho tất cả mọi người!",C?n ti?ng Anh nghi v?n: Miria | S? t?/c?m nghi v?n: 1 | T? l? nghi v?n: 0.167 | M?c ??: 4.67
"He comes here even at night? Oh, Laurence, just how much are you in love with cable cars?","Anh ta còn đến đây cả ban đêm nữa à? Laurence này, anh mê cáp treo đến mức nào vậy?",C?n ti?ng Anh nghi v?n: Laurence | S? t?/c?m nghi v?n: 1 | T? l? nghi v?n: 0.167 | M?c ??: 4.67
So many things happened. It'll take ages just to tell you about the Tacet Discords we saw driven mad by the Blightcloud.,Biết bao chuyện đã xảy ra. Chỉ kể về những Tacet Discord mà chúng ta thấy bị Blightcloud làm điên loạn thôi cũng mất cả đời.,C?n ti?ng Anh nghi v?n: Blightcloud | S? t?/c?m nghi v?n: 1 | T? l? nghi v?n: 0.167 | M?c ??: 4.67
"I'll lend you mine. Recently, Tacet Discords affected by the Blightcloud have become even more aggressive. They'll attack from miles away.","Mình sẽ cho cậu mượn cái này. Gần đây, Tacet Discord bị ảnh hưởng bởi Blightcloud trở nên hung hãn hơn. Chúng có thể tấn công từ cách xa hàng dặm đấy.",C?n ti?ng Anh nghi v?n: Blightcloud | S? t?/c?m nghi v?n: 1 | T? l? nghi v?n: 0.167 | M?c ??: 4.67
"...Okay, I've noted your feedback. You can take a break, and I'll submit the Sanguis Plateaus report for you.","...Được rồi, ta đã ghi nhận ý kiến của cậu. Cậu nghỉ đi, để ta nộp báo cáo Cao Nguyên Sanguis cho.",C?n ti?ng Anh nghi v?n: Sanguis | S? t?/c?m nghi v?n: 1 | T? l? nghi v?n: 0.167 | M?c ??: 4.67
"Those creatures are wilder and more vicious than any Gladiator. If you're truly set on joining the hunt, make sure you're well prepared.","Những sinh vật đó hung dữ và man rợ hơn bất kỳ Gladiator nào. Nếu cậu thực sự quyết tâm tham gia cuộc săn, hãy chuẩn bị kỹ càng nhé.",C?n ti?ng Anh nghi v?n: Gladiator | S? t?/c?m nghi v?n: 1 | T? l? nghi v?n: 0.167 | M?c ??: 4.67
"According to our Septimontian customs, we always hold a feast after a victorious hunt.","Theo phong tục Septimontian của chúng ta, sau mỗi cuộc săn thắng lợi, chúng ta luôn tổ chức một bữa tiệc.",C?n ti?ng Anh nghi v?n: Septimontian | S? t?/c?m nghi v?n: 1 | T? l? nghi v?n: 0.167 | M?c ??: 4.67
"I believe under Ephor Augusta's rule, more will come to see her as she truly is.","Tôi tin dưới sự cai trị của Ephor Augusta, sẽ có nhiều người nhận ra con người thật của bà ấy.",C?n ti?ng Anh nghi v?n: Ephor | S? t?/c?m nghi v?n: 1 | T? l? nghi v?n: 0.167 | M?c ??: 4.67
"Welcome to the Ephor's Palace! I'm in charge of Agon-related matters. If you have any questions, feel free to ask.","Chào mừng đến với Dinh Ephor! Ta phụ trách các vấn đề liên quan đến Agon. Nếu có thắc mắc gì, cứ hỏi ta.",C?n ti?ng Anh nghi v?n: Agon | S? t?/c?m nghi v?n: 1 | T? l? nghi v?n: 0.167 | M?c ??: 4.67
"Each tier of Agon comes with different rewards, rules, and levels of attention. Knowing the details helps with planning and strategy.","Mỗi cấp độ của Agon đều đi kèm với phần thưởng, quy tắc và mức độ quan tâm khác nhau. Nắm rõ chi tiết sẽ giúp ích cho việc lên kế hoạch và chiến lược.",C?n ti?ng Anh nghi v?n: Agon | S? t?/c?m nghi v?n: 1 | T? l? nghi v?n: 0.167 | M?c ??: 4.67
What if I told you it was our wager on Mya that bought this family its seat at the high table?,Nếu tớ nói với cậu rằng chính vụ cá cược với Mya đã mua cho gia đình này chiếc ghế ở bàn cao thì sao?,C?n ti?ng Anh nghi v?n: Mya | S? t?/c?m nghi v?n: 1 | T? l? nghi v?n: 0.167 | M?c ??: 4.67
Now the Ephor has entrusted me with an important task. I will not fail Septimont.,Giờ Ephor đã giao cho ta một nhiệm vụ trọng đại. Ta sẽ không làm Septimont thất vọng.,C?n ti?ng Anh nghi v?n: Ephor | S? t?/c?m nghi v?n: 1 | T? l? nghi v?n: 0.167 | M?c ??: 4.67
"The delicate balance between the Ephor, the nobles, and ourselves requires utmost attention. Next, I'll be going through the specifics—","Sự cân bằng mong manh giữa Ephor, giới quý tộc và chúng ta cần được chú trọng tối đa. Tiếp theo, tôi sẽ đi vào chi tiết—",C?n ti?ng Anh nghi v?n: Ephor | S? t?/c?m nghi v?n: 1 | T? l? nghi v?n: 0.167 | M?c ??: 4.67
"The delicate balance between the Ephor, the nobles, and ourselves requires utmost attention. Next, I'll be going through the specifics—","Sự cân bằng mong manh giữa Ephor, giới quý tộc và chúng ta cần được chú trọng tối đa. Tiếp theo, tôi sẽ đi vào chi tiết—",C?n ti?ng Anh nghi v?n: Ephor | S? t?/c?m nghi v?n: 1 | T? l? nghi v?n: 0.167 | M?c ??: 4.67
She smiled 'cause you tripped and nearly bit your tongue clean off. The Ephor I know can scare Echoes into silence with a single glare.,Nàng cười vì cậu vấp ngã suýt cắn đứt lưỡi. Ephor mà ta biết có thể làm cho lũ Echo im thin thít chỉ bằng một ánh nhìn.,C?n ti?ng Anh nghi v?n: Ephor | S? t?/c?m nghi v?n: 1 | T? l? nghi v?n: 0.167 | M?c ??: 4.67
"You know, from all the intel I've gathered on Septimont, I got close to nothing on Ephor Augusta's past.","Cậu biết đấy, từ tất cả thông tin tớ thu thập được về Septimont, tớ gần như chẳng tìm ra được gì về quá khứ của Ephor Augusta.",C?n ti?ng Anh nghi v?n: Ephor | S? t?/c?m nghi v?n: 1 | T? l? nghi v?n: 0.167 | M?c ??: 4.67
"How are we supposed to fight with this junk? That's what our Gladiators kept complaining to me. You take my meaning, Miss Annika?","Làm sao chúng ta chiến đấu nổi với mớ đồ vứt đi này? Đó là điều các đấu sĩ của ta cứ cằn nhằn với ta đấy. Cô hiểu ý ta chứ, cô Annika?",C?n ti?ng Anh nghi v?n: Annika | S? t?/c?m nghi v?n: 1 | T? l? nghi v?n: 0.167 | M?c ??: 4.67
"Aren't you being a bit too naive, Madam Flavia? Why would our family put ourselves at risk just for some small favor?","Bà không thấy mình quá ngây thơ sao, phu nhân Flavia? Gia tộc chúng ta đâu có ngu ngốc mà mạo hiểm chỉ vì một ân huệ nhỏ nhặt?",C?n ti?ng Anh nghi v?n: Flavia | S? t?/c?m nghi v?n: 1 | T? l? nghi v?n: 0.167 | M?c ??: 4.67
"Well, a loss is a loss. Are we that far removed from the greats? What is it that makes Lupa so strong?",Thua là thua thôi. Chúng ta có khác biệt nhiều đến thế với những cao thủ sao? Điều gì khiến Lupa mạnh đến vậy nhỉ?,C?n ti?ng Anh nghi v?n: Lupa | S? t?/c?m nghi v?n: 1 | T? l? nghi v?n: 0.167 | M?c ??: 4.67
"You know nothing of our Septimontian honor and tradition. Your little ""business venture"" was doomed from the start. Save your regrets for prison.",Cậu không hiểu gì về danh dự và truyền thống Septimontian của chúng ta. Dự án kinh doanh bé nhỏ của cậu đã thất bại từ đầu. Để dành lời hối tiếc cho nhà tù đi.,C?n ti?ng Anh nghi v?n: Septimontian | S? t?/c?m nghi v?n: 1 | T? l? nghi v?n: 0.167 | M?c ??: 4.67
"Yesterday, we went over stories about the Age of a Thousand Islands. What story would you like to hear today, Derbius?","Hôm qua, chúng ta đã nghe chuyện về Thời Đại Ngàn Đảo. Hôm nay ngươi muốn nghe câu chuyện nào nữa không, Derbius?",C?n ti?ng Anh nghi v?n: Derbius | S? t?/c?m nghi v?n: 1 | T? l? nghi v?n: 0.167 | M?c ??: 4.67
"And because of that, the hot topic of the day turned into ""Vulcan Mining's perfect pose"", and nobody cared about what I said in the interview.","Và cũng vì thế, chủ đề nóng hổi của ngày hôm nay biến thành ""tư thế hoàn hảo của Vulcan Mining"", chẳng ai còn quan tâm đến những gì tôi nói trong buổi phỏng vấn nữa.",C?n ti?ng Anh nghi v?n: Vulcan | S? t?/c?m nghi v?n: 1 | T? l? nghi v?n: 0.167 | M?c ??: 4.67
"Just watch, Lunaria. My Gladiator will win this match, and when that comes to pass, all the benefits of past favors will flow naturally into my pockets.","Cứ xem đi, Lunaria. Kẻ đấu sĩ của ta sẽ thắng trận này, và khi điều đó xảy ra, mọi lợi ích từ những ân huệ trước đây sẽ tự nhiên chảy vào túi ta.",C?n ti?ng Anh nghi v?n: Lunaria | S? t?/c?m nghi v?n: 1 | T? l? nghi v?n: 0.167 | M?c ??: 4.67
"Can you make this Ta-da do more ""ta-da"", Mr. Aurus?","Ông Aurus, ông có thể làm cho cái ""ta-da"" này ""ta-da"" mạnh hơn được không?",C?n ti?ng Anh nghi v?n: Aurus | S? t?/c?m nghi v?n: 1 | T? l? nghi v?n: 0.167 | M?c ??: 4.67
Dodo is not a tool. We've been through so many battles together he and I are companions now.,"Dodo không phải là công cụ. Chúng ta đã cùng nhau trải qua bao trận chiến, giờ cậu ấy là bạn đồng hành của ta rồi.",C?n ti?ng Anh nghi v?n: Dodo | S? t?/c?m nghi v?n: 1 | T? l? nghi v?n: 0.167 | M?c ??: 4.67
"Oh, Malacius. You haven't changed a bit. But I do not wish to fight you.",Malacius... Anh vẫn chẳng thay đổi chút nào. Nhưng ta không muốn đánh nhau với anh đâu.,C?n ti?ng Anh nghi v?n: Malacius | S? t?/c?m nghi v?n: 1 | T? l? nghi v?n: 0.167 | M?c ??: 4.67
But Malacius never allowed me. He only wants to defeat me in combat. What do you suggest to be the best course of action?,Nhưng Malacius không bao giờ cho phép ta. Hắn chỉ muốn đánh bại ta trong chiến đấu. Cậu nghĩ nên làm gì là tốt nhất?,C?n ti?ng Anh nghi v?n: Malacius | S? t?/c?m nghi v?n: 1 | T? l? nghi v?n: 0.167 | M?c ??: 4.67
"This is where the heroes of Septimont lie at rest. Their souls will cross the Styx Lake, forever protecting Septimont.","Đây là nơi các anh hùng của Septimont yên nghỉ. Linh hồn họ sẽ vượt qua Hồ Styx, mãi mãi bảo vệ Septimont.",C?n ti?ng Anh nghi v?n: Styx | S? t?/c?m nghi v?n: 1 | T? l? nghi v?n: 0.167 | M?c ??: 4.67
"It's all my fault. I never should have insisted we try new gear. If I hadn't been so persistent, Deosthene wouldn't have gotten hurt from that TD...","Tất cả đều là lỗi của ta. Đáng ra ta không nên nhất quyết thử thiết bị mới. Nếu ta không cố chấp, Deosthene đã không bị thương vì cái TD đó...",C?n ti?ng Anh nghi v?n: Deosthene | S? t?/c?m nghi v?n: 1 | T? l? nghi v?n: 0.167 | M?c ??: 4.67
"Well, it just so happens I have an extra ticket for the Beasts match. We can go watch it when we're both free.","Ừ thì, tình cờ mình có một vé thừa cho trận đấu Beasts. Khi nào cả hai rảnh, chúng ta có thể đi xem nhé.",C?n ti?ng Anh nghi v?n: Beasts | S? t?/c?m nghi v?n: 1 | T? l? nghi v?n: 0.167 | M?c ??: 4.67
M-Mommy's worried about you just eating that soldier food. She keeps talking about how it's not unhealthy...,M-Mẹ lo lắng lắm khi con chỉ ăn đồ quân nhu thế này. Mẹ cứ nói mãi là nó không tốt cho sức khỏe...,C?n ti?ng Anh nghi v?n: M | S? t?/c?m nghi v?n: 1 | T? l? nghi v?n: 0.167 | M?c ??: 4.67
"I'll leave that to you, then! This time, we'll create value for the Montelli family of our own.","Vậy thì mình giao việc này cho cậu! Lần này, chúng ta sẽ tự tạo nên giá trị cho gia tộc Montelli.",C?n ti?ng Anh nghi v?n: Montelli | S? t?/c?m nghi v?n: 1 | T? l? nghi v?n: 0.167 | M?c ??: 4.67
"Sir, I'm lactose intolerant. Please give me three helpings of dairy-free whipped cream!","Thưa ngài, tôi không dung nạp được lactose. Xin hãy cho tôi ba phần kem tươi không sữa nhé!",C?n ti?ng Anh nghi v?n: lactose | S? t?/c?m nghi v?n: 1 | T? l? nghi v?n: 0.167 | M?c ??: 4.67
"And for the record, I absolutely didn't follow you! Even though your Pangu Terminal is essential for my research.","Và để làm rõ, ta hoàn toàn không theo cậu đâu! Dù Pangu Terminal của cậu rất cần cho nghiên cứu của ta.",C?n ti?ng Anh nghi v?n: Pangu | S? t?/c?m nghi v?n: 1 | T? l? nghi v?n: 0.167 | M?c ??: 4.67
"Another moment of silence. Just as you turn to leave, the radio crackles with another incoming transmission, the man's voice clearly filled with exhaustion.","Lại thêm một khoảnh khắc im lặng. Ngay khi ngươi quay người định đi, radio lại réo lên với một tín hiệu mới, giọng người đàn ông nghe rõ mệt mỏi.",C?n ti?ng Anh nghi v?n: radio | S? t?/c?m nghi v?n: 1 | T? l? nghi v?n: 0.167 | M?c ??: 4.67
"I'll have Sixer sneak in as one of theirs in a bit. Don't let up just yet, keep those intel coming.","Ta sẽ cho Sixer lẻn vào đóng giả bọn chúng một lát nữa. Đừng nghỉ tay, tiếp tục thu thập thông tin đi.",C?n ti?ng Anh nghi v?n: Sixer | S? t?/c?m nghi v?n: 1 | T? l? nghi v?n: 0.167 | M?c ??: 4.67
"Heh, once we're done with Fiver, none of them's gonna stand in our way.","Hừ, sau khi giải quyết xong Fiver, chẳng ai còn dám cản đường chúng ta nữa đâu.",C?n ti?ng Anh nghi v?n: Fiver | S? t?/c?m nghi v?n: 1 | T? l? nghi v?n: 0.167 | M?c ??: 4.67
"I have to get going, I've wasted too much time already. I wonder how progress have been over at the Desorock Highland.","Ta phải đi thôi, đã lãng phí quá nhiều thời gian rồi. Không biết tình hình ở Cao nguyên Desorock tiến triển ra sao rồi nhỉ.",C?n ti?ng Anh nghi v?n: Desorock | S? t?/c?m nghi v?n: 1 | T? l? nghi v?n: 0.167 | M?c ??: 4.67
Our Ephor desires competition. I'm simply granting her wish.,Ephor của chúng ta khao khát sự cạnh tranh. Ta chỉ đang đáp ứng mong muốn của bà ấy thôi.,C?n ti?ng Anh nghi v?n: Ephor | S? t?/c?m nghi v?n: 1 | T? l? nghi v?n: 0.167 | M?c ??: 4.67
Now you'll think twice before coming back to mess with me again! Bah!,Giờ thì lần sau cậu sẽ phải suy nghĩ kỹ trước khi quay lại gây chuyện với ta nữa! Bah!,C?n ti?ng Anh nghi v?n: Bah | S? t?/c?m nghi v?n: 1 | T? l? nghi v?n: 0.167 | M?c ??: 4.67
"I'm fine, Hoohoo. Your safety is more important! What we're planning to do only matters if all of us can return safely, right?","Tớ không sao, Hoohoo. An toàn của cậu mới quan trọng! Kế hoạch của chúng ta chỉ có ý nghĩa nếu tất cả đều trở về an toàn, phải không?",C?n ti?ng Anh nghi v?n: Hoohoo | S? t?/c?m nghi v?n: 1 | T? l? nghi v?n: 0.167 | M?c ??: 4.67
"Fantastic, Rover! With the Offshoot Core destroyed, the spore concentration in this area has decreased. Besides, Hoohoo and I collected its core!","Tuyệt quá, Rover! Với việc Nhân Tâm Thể bị phá hủy, nồng độ bào tử trong khu vực này đã giảm đi. Ngoài ra, tớ và Hoohoo còn thu thập được lõi của nó nữa!",C?n ti?ng Anh nghi v?n: Hoohoo | S? t?/c?m nghi v?n: 1 | T? l? nghi v?n: 0.167 | M?c ??: 4.67
"Don’t worry, Hoohoo. I'll be staying with you in the forest before that!","Đừng lo, Hoohoo. Trước khi chuyện đó xảy ra, ta sẽ ở lại rừng với con!",C?n ti?ng Anh nghi v?n: Hoohoo | S? t?/c?m nghi v?n: 1 | T? l? nghi v?n: 0.167 | M?c ??: 4.67
"Hm, the ID is indeed from the Ministry of Development. Let's overlook the minor details, then. To be blunt, the Mine is facing some issues fulfilling the Ministry's request.","Hm, ID này đúng là của Bộ Phát Triển thật. Thôi bỏ qua mấy chi tiết nhỏ đi. Nói thẳng ra, Mỏ đang gặp khó khăn trong việc đáp ứng yêu cầu của Bộ.",C?n ti?ng Anh nghi v?n: Hm | S? t?/c?m nghi v?n: 1 | T? l? nghi v?n: 0.167 | M?c ??: 4.67
"By drawing three circles with the regions as centers, the overlapping area is where Hong is most likely to be.","Vẽ ba vòng tròn với các khu vực làm tâm, vùng giao nhau chính là nơi Hong có khả năng cao nhất đang ẩn náu.",C?n ti?ng Anh nghi v?n: Hong | S? t?/c?m nghi v?n: 1 | T? l? nghi v?n: 0.167 | M?c ??: 4.67
"You're well-informed, aren't you? Doctor Huayu told you, right? He talked about a help when we were fighting just not. So it's you.","Cậu nắm thông tin khá đấy? Chắc là bác sĩ Huayu đã nói cho cậu rồi, phải không? Ông ấy có nhắc đến việc cần trợ giúp khi chúng ta đang chiến đấu. Vậy ra là cậu à.",C?n ti?ng Anh nghi v?n: Huayu | S? t?/c?m nghi v?n: 1 | T? l? nghi v?n: 0.167 | M?c ??: 4.67
"Yes. A ""puppet"" to be exact… This helpless little girl before you, Lirong's beloved daughter, is nothing but a humanoid robot.","Đúng. Chính xác là một ""con rối""... Cô bé bất lực trước mặt cậu, đứa con yêu quý của Lirong, chẳng qua chỉ là một con robot hình người.",C?n ti?ng Anh nghi v?n: robot | S? t?/c?m nghi v?n: 1 | T? l? nghi v?n: 0.167 | M?c ??: 4.67
Lirong and I are about to meet the Fractsidus for our deal. He will then leave to get the puppets at the storage house.,Ta và Lirong sắp gặp Fractsidus để trao đổi. Hắn sẽ đi lấy bù nhìn ở kho sau đó.,C?n ti?ng Anh nghi v?n: Lirong | S? t?/c?m nghi v?n: 1 | T? l? nghi v?n: 0.167 | M?c ??: 4.67
"Now, Yuanyuan, no need to be afraid… {Male=He;Female=She}'s not one of those evil Patrollers. You're safe with me.","Giờ thì, Yuanyuan à, đừng sợ... {Male=Hắn;Female=Cô ấy} không phải là một trong những tên Tuần Tra độc ác đâu. Con an toàn với ta.",C?n ti?ng Anh nghi v?n: Yuanyuan | S? t?/c?m nghi v?n: 1 | T? l? nghi v?n: 0.167 | M?c ??: 4.67
"Yes, my daughter… Her name is Yuanyuan. My only precious.","Vâng, con gái ta... Tên cháu là Yuanyuan. Đứa con yêu quý duy nhất của ta.",C?n ti?ng Anh nghi v?n: Yuanyuan | S? t?/c?m nghi v?n: 1 | T? l? nghi v?n: 0.167 | M?c ??: 4.67
"The unstoppable tide of Tacet Discord almost engulfed the entire army, and the comrades in chaos suddenly started killing each other...","Dòng chảy Tacet Discord không thể ngăn cản suýt nhấn chìm cả đội quân, và những đồng đội trong hỗn loạn bỗng quay sang giết lẫn nhau...",C?n ti?ng Anh nghi v?n: Discord | S? t?/c?m nghi v?n: 1 | T? l? nghi v?n: 0.167 | M?c ??: 4.67
I'm sending my top three elites to deal with you. Each one's got a special surprise for you. Muahaha!,Ta sẽ cử ba tay sai ưu tú nhất đến xử lý các ngươi. Mỗi đứa đều có một bất ngờ đặc biệt dành cho các ngươi. Muahaha!,C?n ti?ng Anh nghi v?n: Muahaha | S? t?/c?m nghi v?n: 1 | T? l? nghi v?n: 0.167 | M?c ??: 4.67
"Come now, Signor Abbowser. A chest in a perilous dungeon? That's a treasure just waiting for the bravest adventurers, right?","Nào nào, Ngài Abbowser. Một cái rương trong hầm nguy hiểm ư? Đó chẳng phải kho báu dành cho những nhà thám hiểm dũng cảm nhất sao?",C?n ti?ng Anh nghi v?n: Abbowser | S? t?/c?m nghi v?n: 1 | T? l? nghi v?n: 0.167 | M?c ??: 4.67
"{PlayerName}? And Lady Carlotta? W-why are you here?! P-please don't misunderstand me, I'm not...","{PlayerName}? Và quý bà Carlotta? T-tại sao hai người lại ở đây?! X-xin đừng hiểu lầm, tôi không...",C?n ti?ng Anh nghi v?n: Carlotta | S? t?/c?m nghi v?n: 1 | T? l? nghi v?n: 0.167 | M?c ??: 4.67
"Rest assured, Mr. Abbowser. I'm only leaving for a little while. I'll be back once I've helped them.",Ông Abbowser yên tâm đi. Tôi chỉ đi một lát thôi. Tôi sẽ quay lại ngay sau khi giúp họ xong.,C?n ti?ng Anh nghi v?n: Abbowser | S? t?/c?m nghi v?n: 1 | T? l? nghi v?n: 0.167 | M?c ??: 4.67
"Cartethyia, do kindly cast your gaze upon me, {PlayerName}, and Mr. ""Most Powerful Resonator"" over there. Have you noticed our smiles?","Cartethyia, cô hãy nhìn sang ta, {PlayerName}, và ông ""Cộng Hưởng Giả Mạnh Nhất"" đằng kia đi. Cô có nhận ra nụ cười của chúng ta không?",C?n ti?ng Anh nghi v?n: Cartethyia | S? t?/c?m nghi v?n: 1 | T? l? nghi v?n: 0.167 | M?c ??: 4.67
Oh really? Then what about Zani? What part of this is fun for her?,Thật á? Thế còn Zani thì sao? Có gì vui cho con bé trong chuyện này không?,C?n ti?ng Anh nghi v?n: Zani | S? t?/c?m nghi v?n: 1 | T? l? nghi v?n: 0.167 | M?c ??: 4.67
"Oh, and while you were all busy with your little ceremony, I went ahead and made the final upgrade to Abbowser Castle!","À, và trong khi mọi người bận bịu với lễ nghi tầm thường đó, ta đã tự nâng cấp xong lâu đài Abbowser rồi!",C?n ti?ng Anh nghi v?n: Abbowser | S? t?/c?m nghi v?n: 1 | T? l? nghi v?n: 0.167 | M?c ??: 4.67
"Oh, and while you were all busy with your little ceremony, I went ahead and made the final upgrade to Abbowser Castle!","À, và trong khi mọi người bận bịu với lễ nghi tầm thường đó, ta đã tự nâng cấp xong lâu đài Abbowser rồi!",C?n ti?ng Anh nghi v?n: Abbowser | S? t?/c?m nghi v?n: 1 | T? l? nghi v?n: 0.167 | M?c ??: 4.67
"Aren't you going to open the chests, {Male=sir;Female=miss}?  They're all specially prepared by Lady Carlotta just for you.","{Male=Thưa ngài;Female=Thưa cô}, không mở rương ra xem sao? Tất cả đều do Quý bà Carlotta chuẩn bị riêng cho ngài đấy.",C?n ti?ng Anh nghi v?n: Carlotta | S? t?/c?m nghi v?n: 1 | T? l? nghi v?n: 0.167 | M?c ??: 4.67
"Rest assured, the Montellis never settle for a bad bargain. I believe Abbowser has yet to realize Zani's true value.","Yên tâm đi, nhà Montelli không bao giờ chịu thiệt trong thương vụ nào đâu. Tôi nghĩ Abbowser vẫn chưa nhận ra giá trị thật sự của Zani đâu.",C?n ti?ng Anh nghi v?n: Abbowser | S? t?/c?m nghi v?n: 1 | T? l? nghi v?n: 0.167 | M?c ??: 4.67
"However, Shiyu, my sister, is a born Resonator, and she is good at using her ability. So… we're bound to take different paths.","Nhưng mà, Shiyu, em gái tôi, là một Cộng Hưởng Giả bẩm sinh, lại còn rất giỏi sử dụng năng lực của mình. Vậy nên… chúng ta chắc chắn sẽ đi trên những con đường khác nhau.",C?n ti?ng Anh nghi v?n: Shiyu | S? t?/c?m nghi v?n: 1 | T? l? nghi v?n: 0.167 | M?c ??: 4.67
"The Fiamma that came after, ignited a flame in my heart, giving me the confidence to face the complexities of life.","Ngọn lửa Fiamma đến sau này đã thắp sáng trái tim ta, cho ta dũng khí để đối mặt với những phức tạp của cuộc đời.",C?n ti?ng Anh nghi v?n: Fiamma | S? t?/c?m nghi v?n: 1 | T? l? nghi v?n: 0.167 | M?c ??: 4.67
"But if you ask me, the best is still the Hero Play performed by Qinghe, and her role as the Fiamma!","Nhưng theo tôi, vẫn không gì bằng vở kịch Anh Hùng do Thanh Hà diễn, và vai diễn Fiamma của cô ấy!",C?n ti?ng Anh nghi v?n: Fiamma | S? t?/c?m nghi v?n: 1 | T? l? nghi v?n: 0.167 | M?c ??: 4.67
"If you were the hero, enlighten me: what would possess you to pick up the Torch Sword and fight to cleanse evils?","Nếu cậu là anh hùng, hãy khai sáng cho ta: điều gì đã thôi thúc cậu nhặt lấy Torch Kiếm và chiến đấu để thanh tẩy cái ác?",C?n ti?ng Anh nghi v?n: Torch | S? t?/c?m nghi v?n: 1 | T? l? nghi v?n: 0.167 | M?c ??: 4.67
"Well, if isn't the insightful Rover? Here to support my business with more Sonance Caskets again?","Ồ, không phải là Rover sắc sảo đó sao? Lại đến ủng hộ việc kinh doanh của ta với mấy cái Hòm Sonance nữa à?",C?n ti?ng Anh nghi v?n: Sonance | S? t?/c?m nghi v?n: 1 | T? l? nghi v?n: 0.167 | M?c ??: 4.67
"It's true. I heard that during the war, those who could master the Overdash technique survived better than those who couldn't.","Thật đấy. Ta nghe nói trong chiến tranh, những ai thành thạo kỹ thuật Overdash sống sót tốt hơn hẳn những kẻ không biết.",C?n ti?ng Anh nghi v?n: Overdash | S? t?/c?m nghi v?n: 1 | T? l? nghi v?n: 0.167 | M?c ??: 4.67
I have to mention the connection I've had with Overdash since birth!,Ta phải nhắc đến mối liên kết của ta với Overdash từ khi mới sinh ra!,C?n ti?ng Anh nghi v?n: Overdash | S? t?/c?m nghi v?n: 1 | T? l? nghi v?n: 0.167 | M?c ??: 4.67
"Ah, Jiu, he's Sixi's son. That man works at the mine and probably doesn't have much time to take care of him.","À, Jiu à, cậu bé là con trai của Sixi. Ông ấy làm ở mỏ nên chắc không có nhiều thời gian chăm sóc con.",C?n ti?ng Anh nghi v?n: Jiu | S? t?/c?m nghi v?n: 1 | T? l? nghi v?n: 0.167 | M?c ??: 4.67
Hey there! Fate must have brought us together today. Interested in reviving Jinzhou Conversations with us?,Này này! Có lẽ số phận đã đưa chúng ta gặp nhau hôm nay. Có hứng thú cùng chúng tôi hồi sinh Jinzhou Conversations không?,C?n ti?ng Anh nghi v?n: Conversations | S? t?/c?m nghi v?n: 1 | T? l? nghi v?n: 0.167 | M?c ??: 4.67
"Panhua's Restaurant is so good that even those researchers come here. I often hear them talk about a certain ""Mortefi.""","Nhà hàng của Panhua ngon đến mức cả mấy nhà nghiên cứu cũng hay lui tới. Tôi thường nghe họ nhắc đến một người tên ""Mortefi"".",C?n ti?ng Anh nghi v?n: Mortefi | S? t?/c?m nghi v?n: 1 | T? l? nghi v?n: 0.167 | M?c ??: 4.67
"Our Ma Xiaofang was just a child then, but she was always so kind and selfless. She gave as much of her food to the elderly as she could.","Lúc đó Ma Xiaofang của chúng ta chỉ là một đứa trẻ, nhưng cô bé luôn tốt bụng và vị tha. Cô bé chia sẻ phần ăn của mình cho người già hết mức có thể.",C?n ti?ng Anh nghi v?n: Xiaofang | S? t?/c?m nghi v?n: 1 | T? l? nghi v?n: 0.167 | M?c ??: 4.67
"At my restaurant, nothing less than perfection is acceptable. Seasoning is crucial for a good dish! Mahe... He just won't get it.","Ở nhà hàng của ta, không có gì ngoài sự hoàn hảo là chấp nhận được. Gia vị là yếu tố quyết định cho một món ăn ngon! Mahe... Hắn chẳng bao giờ hiểu được điều đó.",C?n ti?ng Anh nghi v?n: Mahe | S? t?/c?m nghi v?n: 1 | T? l? nghi v?n: 0.167 | M?c ??: 4.67
"She'll be here soon, sweetheart. Once the curtains rise and the flames dance, the Fiamma will swoop in and chase away all those monsters!","Con sẽ gặp cô ấy sớm thôi, con yêu. Khi màn mở và ngọn lửa nhảy múa, Fiamma sẽ lao tới và xua đuổi hết lũ quái vật ấy đi!",C?n ti?ng Anh nghi v?n: Fiamma | S? t?/c?m nghi v?n: 1 | T? l? nghi v?n: 0.167 | M?c ??: 4.67
"Check out my greatest pics from break... forwarding this masterpiece to Revan. Let's mark it ""urgent.""","Xem mấy tấm hình đỉnh nhất trong kỳ nghỉ của ta này... gửi ngay kiệt tác này cho Revan. Đánh dấu ""khẩn cấp"" nhé.",C?n ti?ng Anh nghi v?n: Revan | S? t?/c?m nghi v?n: 1 | T? l? nghi v?n: 0.167 | M?c ??: 4.67
"Oh mysterious entity of the wishing fountain... whether you're a Sentinel, a human, a TD, or even an Exoswarm...","Ôi thực thể bí ẩn của đài phun ước... dù ngươi là Sentinel, con người, TD, hay thậm chí là Exoswarm...",C?n ti?ng Anh nghi v?n: Exoswarm | S? t?/c?m nghi v?n: 1 | T? l? nghi v?n: 0.167 | M?c ??: 4.67
Diggy Duggy's Great Treasure... What riches might we find? Would it be enough to make up for my lost bonus...?,Kho báu vĩ đại của Diggy Duggy... Liệu chúng ta sẽ tìm thấy những gì? Có đủ bù đắp cho khoản thưởng đã mất của ta không nhỉ...?,C?n ti?ng Anh nghi v?n: Diggy | S? t?/c?m nghi v?n: 1 | T? l? nghi v?n: 0.167 | M?c ??: 4.67
"Ah, that’d be Instructor Yhan’s training grounds! I’ve been there before for the Patroller Graduation Assessment. Honestly, if I can help it, I’d rather not go for round two.","À, khu huấn luyện của Huấn luyện viên Yhan à! Tôi từng đến đó để thi tốt nghiệp Đội Tuần Tra. Nói thật, nếu có thể, tôi chẳng muốn quay lại lần hai đâu.",C?n ti?ng Anh nghi v?n: Yhan | S? t?/c?m nghi v?n: 1 | T? l? nghi v?n: 0.167 | M?c ??: 4.67
"Havoc Warrior is the monster with those big scythes, right? It’s indeed impressive! Grandpa Jingzhu, I had no idea you were so knowledgeable about Tacet Discords!","Chiến Binh Hỗn Loạn chính là con quái vật cầm lưỡi hái khổng lồ đó hả? Trông nó thật ấn tượng! Ông nội Jingzhu à, cháu không ngờ ông lại am hiểu về Tacet Discord đến thế!",C?n ti?ng Anh nghi v?n: Jingzhu | S? t?/c?m nghi v?n: 1 | T? l? nghi v?n: 0.167 | M?c ??: 4.67
"Groaning, Aemeath rubs the seals' heads as they, too, slap the snow in shared disappointment.","Aemeath rên rỉ, xoa đầu những con hải cẩu khi chúng cũng đập đầu xuống tuyết trong sự thất vọng chung.",C?n ti?ng Anh nghi v?n: Aemeath | S? t?/c?m nghi v?n: 1 | T? l? nghi v?n: 0.167 | M?c ??: 4.67
"As you step forward, Jinhsi follows your lead, unsheathing her blade with a resolute ring of steel.","Khi cậu bước lên phía trước, Jinhsi đi theo sau, rút kiếm ra với tiếng kim loại dứt khoát.",C?n ti?ng Anh nghi v?n: Jinhsi | S? t?/c?m nghi v?n: 1 | T? l? nghi v?n: 0.167 | M?c ??: 4.67
"The Whining Aix leaves the branch to soar. Unable to fly, they perish together...","Chú chim Aix non nớt rời cành bay lên. Không thể bay nổi, cả hai cùng gục ngã...",C?n ti?ng Anh nghi v?n: Aix | S? t?/c?m nghi v?n: 1 | T? l? nghi v?n: 0.167 | M?c ??: 4.67
"You know, when I visited Mt. Firmament, I saw animals soaking in the hot springs. Thought it'd be nice to recreate that for players.","Cậu biết không, khi tớ đến Núi Firmament, tớ thấy mấy con thú ngâm mình trong suối nước nóng. Nghĩ cũng hay nếu tái hiện lại cảnh đó cho người chơi trải nghiệm.",C?n ti?ng Anh nghi v?n: Firmament | S? t?/c?m nghi v?n: 1 | T? l? nghi v?n: 0.167 | M?c ??: 4.67
Is that... a snowman? It's gotta be at least two stories tall! Wait a sec... Why does it have KU-Roro's face!?,Đó là... người tuyết à? Ít nhất cũng cao bằng hai tầng nhà! Khoan đã... Sao mặt nó lại giống mặt KU-Roro thế này?!,C?n ti?ng Anh nghi v?n: KU | S? t?/c?m nghi v?n: 1 | T? l? nghi v?n: 0.167 | M?c ??: 4.67
"Yeah, come back after, say… thirty more years at the gym?","Ừ, hay là quay lại sau đi, khi cậu đã tập thêm... ba mươi năm nữa ở phòng gym?",C?n ti?ng Anh nghi v?n: gym | S? t?/c?m nghi v?n: 1 | T? l? nghi v?n: 0.167 | M?c ??: 4.67
"Yeah, come back after, say… thirty more years at the gym?","Ừ, hay là quay lại sau đi, khi cậu đã tập thêm... ba mươi năm nữa ở phòng gym?",C?n ti?ng Anh nghi v?n: gym | S? t?/c?m nghi v?n: 1 | T? l? nghi v?n: 0.167 | M?c ??: 4.67
The Tubpup dances gleefully in the air—or so it seems from your angle. Maybe it wouldn't hurt to hop in and join it?,Tubpup nhảy nhót vui vẻ trên không—ít nhất là từ góc nhìn của cậu. Hay là nhảy vào cùng nó cho vui? Chắc cũng chẳng sao đâu nhỉ?,C?n ti?ng Anh nghi v?n: Tubpup | S? t?/c?m nghi v?n: 1 | T? l? nghi v?n: 0.167 | M?c ??: 4.67
Of course they do! I fish in-game all the time after work. Fishing's fun. Doesn't matter if it's real or virtual!,Tất nhiên là có chứ! Tôi câu cá trong game suốt sau giờ làm việc. Câu cá vui lắm. Dù thật hay ảo thì cũng chẳng quan trọng!,C?n ti?ng Anh nghi v?n: game | S? t?/c?m nghi v?n: 1 | T? l? nghi v?n: 0.167 | M?c ??: 4.67
"Distinctive use of color, you say? They're actually my attempts to depict the legacy of the Fisalia family through color.",Màu sắc đặc trưng à? Thực ra đó là cách ta thể hiện di sản của gia tộc Fisalia qua sắc màu.,C?n ti?ng Anh nghi v?n: Fisalia | S? t?/c?m nghi v?n: 1 | T? l? nghi v?n: 0.167 | M?c ??: 4.67
"Who cares about The Order? Bringing happiness, huh? I could do that too.",Ai thèm quan tâm đến The Order chứ? Mang lại hạnh phúc à? Ta cũng làm được.,C?n ti?ng Anh nghi v?n: Order | S? t?/c?m nghi v?n: 1 | T? l? nghi v?n: 0.167 | M?c ??: 4.67
"Please respect the etiquette and taboos of the Order. No noises, fighting or any other inappropriate or transgressive behaviors within Cathedral of Mercury.","Hãy tôn trọng nghi thức và điều cấm kỵ của Giáo Đoàn. Không gây ồn ào, đánh nhau hay bất kỳ hành vi nào không phù hợp hoặc vượt giới hạn trong Nhà Thờ Mercury.",C?n ti?ng Anh nghi v?n: Mercury | S? t?/c?m nghi v?n: 1 | T? l? nghi v?n: 0.167 | M?c ??: 4.67
"If you share my belief, I promise that serving the Montelli family will not leave you wanting.","Nếu ngươi cùng chung niềm tin với ta, ta hứa phục vụ gia tộc Montelli sẽ không khiến ngươi phải thất vọng.",C?n ti?ng Anh nghi v?n: Montelli | S? t?/c?m nghi v?n: 1 | T? l? nghi v?n: 0.167 | M?c ??: 4.67
Don't worry about me. Go play with Sister Phoebe and the little echoes.,Đừng lo cho chị. Con đi chơi với chị Phoebe và mấy em echo đi.,C?n ti?ng Anh nghi v?n: Phoebe | S? t?/c?m nghi v?n: 1 | T? l? nghi v?n: 0.167 | M?c ??: 4.67
Maybe... Or maybe I'm simply attracted by that splash of bright orange tempera. A golden ray of sunshine in Salotto...,Có lẽ... hay chỉ là ta bị thu hút bởi vệt màu cam rực rỡ ấy thôi. Một tia nắng vàng óng giữa Salotto...,C?n ti?ng Anh nghi v?n: Salotto | S? t?/c?m nghi v?n: 1 | T? l? nghi v?n: 0.167 | M?c ??: 4.67
"Hector, I'll grant you two days of free time in the Septimont.","Hector, ta sẽ cho ngươi hai ngày nghỉ tự do ở Septimont.",C?n ti?ng Anh nghi v?n: Hector | S? t?/c?m nghi v?n: 1 | T? l? nghi v?n: 0.167 | M?c ??: 4.67
"Analyzing the market flow of collectibles reveals clients' recent financial movements, which is crucial intelligence for the Montelli family.","Phân tích dòng chảy thị trường của các món đồ sưu tầm cho thấy động thái tài chính gần đây của khách hàng, đây là thông tin tình báo quan trọng cho gia tộc Montelli.",C?n ti?ng Anh nghi v?n: Montelli | S? t?/c?m nghi v?n: 1 | T? l? nghi v?n: 0.167 | M?c ??: 4.67
"Oh? Well, even a three-year-old Roya is scarily smart, let alone a grown Outcast.","Ủa? À, ngay cả một đứa trẻ ba tuổi nhà Roya còn thông minh kinh khủng, huống chi là một kẻ Bị Đày Bỏ trưởng thành.",C?n ti?ng Anh nghi v?n: Roya | S? t?/c?m nghi v?n: 1 | T? l? nghi v?n: 0.167 | M?c ??: 4.67
For real? Wait a sec... this doesn't seem right. What did they say about this in Royan Culture lectures again...?,Thật á? Khoan đã... hình như có gì sai sai. Lại nhớ xem trong bài giảng Văn hóa Royan nói gì về chuyện này nhỉ...?,C?n ti?ng Anh nghi v?n: Royan | S? t?/c?m nghi v?n: 1 | T? l? nghi v?n: 0.167 | M?c ??: 4.67
"Today, the light upon the world... is known as Helios. My heart's shadows are swept away in its brilliance.","Hôm nay, ánh sáng tràn ngập thế gian... được gọi là Helios. Bóng tối trong lòng ta tan biến dưới sự rực rỡ ấy.",C?n ti?ng Anh nghi v?n: Helios | S? t?/c?m nghi v?n: 1 | T? l? nghi v?n: 0.167 | M?c ??: 4.67
"Hehe, it would be great if you're willing to stay at the Observatory. But like I said before, your ambitions are far beyond our reach.","Hehe, nếu cậu sẵn lòng ở lại Đài Quan Sát thì tốt quá. Nhưng như ta đã nói, tham vọng của cậu vượt xa tầm với của chúng ta rồi.",C?n ti?ng Anh nghi v?n: Hehe | S? t?/c?m nghi v?n: 1 | T? l? nghi v?n: 0.167 | M?c ??: 4.67
"Wait, I'm the only one guarding the entire energy storage? Makes me want to borrow one of the Twins.","Chờ tí, chỉ mình ta canh giữ toàn bộ kho năng lượng à? Muốn mượn một trong hai đứa Twins quá đi.",C?n ti?ng Anh nghi v?n: Twins | S? t?/c?m nghi v?n: 1 | T? l? nghi v?n: 0.167 | M?c ??: 4.67
Good news! I spotted Dhalifa quietly wiping her tears while talking to her family!,Tin tốt nè! Ta thấy Dhalifa lén lau nước mắt khi nói chuyện với gia đình đấy!,C?n ti?ng Anh nghi v?n: Dhalifa | S? t?/c?m nghi v?n: 1 | T? l? nghi v?n: 0.167 | M?c ??: 4.67
"At Startorch Academy, we use science to do the talking. Wake up, you two! I won't be part of this.","Ở Học viện Startorch, chúng tôi dùng khoa học để nói chuyện. Tỉnh lại đi hai đứa! Ta không tham gia trò này đâu.",C?n ti?ng Anh nghi v?n: Startorch | S? t?/c?m nghi v?n: 1 | T? l? nghi v?n: 0.167 | M?c ??: 4.67
I've been in my head too much and thinking about Magnetic Cube Mechanics. My messing around has caused Miss Qingshu and {PlayerName} trouble.,Ta đã chìm đắm trong suy nghĩ quá nhiều về Cơ Chế Khối Từ Tính. Việc nghịch ngợm của ta đã gây phiền toái cho cô Qingshu và {PlayerName}.,C?n ti?ng Anh nghi v?n: Qingshu | S? t?/c?m nghi v?n: 1 | T? l? nghi v?n: 0.167 | M?c ??: 4.67
"These seem to be the former privy councilor's notes. From what's written, a Pilgrim's Sail carried him away.","Đây có vẻ là ghi chép của vị hội đồng cơ mật trước đây. Theo những gì viết ở đây, ông ấy đã bị một con thuyền Pilgrim’s Sail cuốn đi.",C?n ti?ng Anh nghi v?n: Sail | S? t?/c?m nghi v?n: 1 | T? l? nghi v?n: 0.167 | M?c ??: 4.67
"Hmm... The Candied Caltrops is fresh with just the right sweetness; the Poached Chicken sauce is Auntie Panhua’s original, unmatched anywhere else. Oh, and the Jinzhou Stew! It’s something you can only find here. I bet you’ve never tasted anything like it! Trust me, you don’t wanna miss out on this!","Hừm... Kẹo Gai vừa tươi, ngọt vừa đủ; nước sốt Gà Kho của dì Panhua là độc quyền, không nơi nào sánh được. À, còn món Hầm Jinzhou nữa! Chỉ có ở đây mới có thôi. Đảm bảo cậu chưa nếm thử bao giờ đâu! Tin tớ đi, đừng bỏ lỡ nhé!",C?n ti?ng Anh nghi v?n: Panhua | S? t?/c?m nghi v?n: 1 | T? l? nghi v?n: 0.167 | M?c ??: 4.67
"Whoa, did you hear that? Brewed from the finest Jinzhou ingredients! My taste buds are tingling already... Rover, fancy trying it out? Auntie Panhua, can you whip it up for us?","Ôi, cậu có nghe thấy không? Được ủ từ nguyên liệu thượng hạng của Jinzhou! Lưỡi mình đã ngứa ngáy rồi... Rover, thử một chút không? Dì Panhua, pha cho tụi mình nhé?",C?n ti?ng Anh nghi v?n: Panhua | S? t?/c?m nghi v?n: 1 | T? l? nghi v?n: 0.167 | M?c ??: 4.67
"Unfortunately, we also discovered six bodies inside... Based on the information we have, they belong to Moak and his crew members.","Rất tiếc, chúng tôi còn phát hiện sáu thi thể bên trong... Theo thông tin hiện có, đó là Moak và các thành viên trong băng nhóm của hắn.",C?n ti?ng Anh nghi v?n: Moak | S? t?/c?m nghi v?n: 1 | T? l? nghi v?n: 0.167 | M?c ??: 4.67
"Unfortunately, we also discovered six bodies inside... Based on the information we have, they belong to Moak and his crew members.","Rất tiếc, chúng tôi còn phát hiện sáu thi thể bên trong... Theo thông tin hiện có, đó là Moak và các thành viên trong băng nhóm của hắn.",C?n ti?ng Anh nghi v?n: Moak | S? t?/c?m nghi v?n: 1 | T? l? nghi v?n: 0.167 | M?c ??: 4.67
"Or you can go to the backyard, use your Sensor on the supplies to see if there's a lead.","Hoặc cậu có thể ra sân sau, dùng Sensor kiểm tra hàng hóa xem có manh mối gì không.",C?n ti?ng Anh nghi v?n: Sensor | S? t?/c?m nghi v?n: 1 | T? l? nghi v?n: 0.167 | M?c ??: 4.67
"There was a package for Duying in the supplies, so... so I just happened to take it to him.","Trong đống đồ tiếp tế có một kiện hàng gửi cho Duying, nên... nên tình cờ ta mang đến cho cậu ấy thôi.",C?n ti?ng Anh nghi v?n: Duying | S? t?/c?m nghi v?n: 1 | T? l? nghi v?n: 0.167 | M?c ??: 4.67
"Tsk, are you underestimating a ""TD Hunter""? Once you figure out its attack pattern, dodging is easy. That's how we took it down before.","Tsk, ngươi đang coi thường một ""Thợ săn TD"" à? Một khi đã nắm được kiểu tấn công của nó, né tránh dễ như trở bàn tay. Chúng ta đã hạ gục nó trước đây mà.",C?n ti?ng Anh nghi v?n: Tsk | S? t?/c?m nghi v?n: 1 | T? l? nghi v?n: 0.167 | M?c ??: 4.67
Baizhi wouldn't take such risks without careful consideration. Freshly formed Tacet Fields goes through a Dormant period.,Baizhi không bao giờ mạo hiểm mà không suy nghĩ kỹ lưỡng. Những Tổ Tacet mới hình thành đều trải qua giai đoạn Ngủ Đông.,C?n ti?ng Anh nghi v?n: Baizhi | S? t?/c?m nghi v?n: 1 | T? l? nghi v?n: 0.167 | M?c ??: 4.67
"Oh, I see... the one who seems gentle and quiet is actually the villain, hiding right under the protagonist's nose. That's a common trope, too!","À, ra thế... Người trông hiền lành, ít nói kia hóa ra lại là phản diện, núp ngay dưới mũi nhân vật chính. Trope quen thuộc quá đi!",C?n ti?ng Anh nghi v?n: Trope | S? t?/c?m nghi v?n: 1 | T? l? nghi v?n: 0.167 | M?c ??: 4.67
"Among our many visitors, there is one <color=Highlight>visitor</color> that holds utmost importance to me, the City of Jinzhou, and the entirety of Huanglong.","Trong số vô vàn vị khách đến thăm, có một <color=Highlight>visitor</color> đặc biệt quan trọng nhất đối với ta, với Thành Jinzhou, và với toàn bộ Huanglong.",C?n ti?ng Anh nghi v?n: visitor | S? t?/c?m nghi v?n: 1 | T? l? nghi v?n: 0.167 | M?c ??: 4.67
"So Madam Magistrate wants to tell us about General Jiyan, or about the war against Tacet Discords?","Vậy là Quận trưởng muốn kể cho chúng ta về Đại tướng Jiyan, hay về cuộc chiến chống lại Tacet Discord?",C?n ti?ng Anh nghi v?n: Jiyan | S? t?/c?m nghi v?n: 1 | T? l? nghi v?n: 0.167 | M?c ??: 4.67
"And the busyness here, and the beliefs and courage of the people that Zhiyuan has shown me, whether in the past or now...","Và sự nhộn nhịp ở đây, cùng với niềm tin và lòng dũng cảm mà Zhiyuan đã cho ta thấy, dù là trong quá khứ hay hiện tại...",C?n ti?ng Anh nghi v?n: Zhiyuan | S? t?/c?m nghi v?n: 1 | T? l? nghi v?n: 0.167 | M?c ??: 4.67
"Our boss was all, ""Ski, the future of the Department of Laboratory Evaluation is in your hands,"" and then...","Sếp ta bảo thế này: ""Ski, tương lai của Cục Đánh Giá Phòng Thí Nghiệm nằm trong tay ngươi đấy,"" rồi sau đó...",C?n ti?ng Anh nghi v?n: Ski | S? t?/c?m nghi v?n: 1 | T? l? nghi v?n: 0.167 | M?c ??: 4.67
"This morning, Sqi even said that the archives can't be stored, he's worried about the security, so he refused to submit the materials.","Sáng nay, Sqi còn nói kho lưu trữ không thể chứa thêm, hắn lo về vấn đề an ninh nên từ chối nộp tài liệu.",C?n ti?ng Anh nghi v?n: Sqi | S? t?/c?m nghi v?n: 1 | T? l? nghi v?n: 0.167 | M?c ??: 4.67
Greetings. I was told that you were the ones that helped find Mister Zongye. Please accept my deepest gratitude.,Xin chào. Ta nghe nói các ngươi đã giúp tìm thấy ông Zongye. Xin nhận lời cảm tạ sâu sắc nhất của ta.,C?n ti?ng Anh nghi v?n: Zongye | S? t?/c?m nghi v?n: 1 | T? l? nghi v?n: 0.167 | M?c ??: 4.67
"You, however... You were able to defeat and absorb a Threnodian-related Tacet Discord with your bare hands, and resonate with other TDs.","Nhưng ngươi... Ngươi đã có thể đánh bại và hấp thụ một Tacet Discord liên quan đến Threnody bằng chính đôi tay trần, và cộng hưởng với các TD khác.",C?n ti?ng Anh nghi v?n: Discord | S? t?/c?m nghi v?n: 1 | T? l? nghi v?n: 0.167 | M?c ??: 4.67
"Yangyang crouches down, hand on the Tacet Discord's head. As she focuses on the Streams, sorrow fills her expression.","Yangyang cúi xuống, tay đặt lên đầu Tacet Discord. Khi tập trung vào những Luồng Gió, nét mặt cô dần tràn ngập nỗi buồn.",C?n ti?ng Anh nghi v?n: Yangyang | S? t?/c?m nghi v?n: 1 | T? l? nghi v?n: 0.167 | M?c ??: 4.67
I'll inform Chixia about what happened here. Can we continue our search before the official investigators arrive?,Tôi sẽ báo cho Chixia biết chuyện xảy ra ở đây. Chúng ta tiếp tục tìm kiếm trước khi đội điều tra chính thức đến được không?,C?n ti?ng Anh nghi v?n: Chixia | S? t?/c?m nghi v?n: 1 | T? l? nghi v?n: 0.167 | M?c ??: 4.67
You tell Yangyang about what just happened and the leads you gathered.,Cậu kể cho Yangyang nghe về chuyện vừa xảy ra và những manh mối đã thu thập được.,C?n ti?ng Anh nghi v?n: Yangyang | S? t?/c?m nghi v?n: 1 | T? l? nghi v?n: 0.167 | M?c ??: 4.67
"Our people at the Black Shores have theorized that the Threnodian, abnormal ""moon"" sightings, and the Retroact Rain may be linked.","Người của chúng ta ở Bờ Đen đã đưa ra giả thuyết rằng Threnodian, những lần xuất hiện ""mặt trăng"" bất thường và Mưa Retroact có thể có liên quan đến nhau.",C?n ti?ng Anh nghi v?n: Retroact | S? t?/c?m nghi v?n: 1 | T? l? nghi v?n: 0.167 | M?c ??: 4.67
"Rover, Yangyang, I'll be keepin' the city safe as a Patroller. Do come back in one piece, okay?","Rover, Yangyang, ta sẽ giữ an toàn cho thành phố với tư cách là Tuần Phòng. Cậu nhớ trở về bình an vô sự nhé?",C?n ti?ng Anh nghi v?n: Yangyang | S? t?/c?m nghi v?n: 1 | T? l? nghi v?n: 0.167 | M?c ??: 4.67
The Streams feel heavy with dread and the smell of blood... There must be a brutal fight going down in the Desorock Highland.,Dòng Tacet nặng trĩu nỗi kinh hoàng và mùi máu tanh... Chắc hẳn một trận chiến đẫm máu đang diễn ra ở Cao nguyên Desorock.,C?n ti?ng Anh nghi v?n: Desorock | S? t?/c?m nghi v?n: 1 | T? l? nghi v?n: 0.167 | M?c ??: 4.67
"We've got good news and bad news. Good news is, we've established connection to the Disruptor and we're ready to go.",Ta có tin tốt lẫn tin xấu. Tin tốt là ta đã kết nối được với Disruptor và sẵn sàng xuất phát.,C?n ti?ng Anh nghi v?n: Disruptor | S? t?/c?m nghi v?n: 1 | T? l? nghi v?n: 0.167 | M?c ??: 4.67
"Rover, I am currently monitoring the Tacet Discord attacks from the Academy to design a safer route for you.","Rover, hiện tại tôi đang theo dõi các cuộc tấn công của Tacet Discord từ Học viện để thiết kế một lộ trình an toàn hơn cho cậu.",C?n ti?ng Anh nghi v?n: Discord | S? t?/c?m nghi v?n: 1 | T? l? nghi v?n: 0.167 | M?c ??: 4.67
"Jianxin, please stay and guard the base. I’ll draw those Tacet Discords away.","Jianxin, hãy ở lại bảo vệ căn cứ. Để ta dẫn mấy con Tacet Discord đi xa.",C?n ti?ng Anh nghi v?n: Jianxin | S? t?/c?m nghi v?n: 1 | T? l? nghi v?n: 0.167 | M?c ??: 4.67
"We've got all equipment repaired, Tacetite weapons adjusted and given to Resonators. Non-Resonators are also equipped and prepared for action.","Tất cả trang bị đã được sửa chữa xong, vũ khí Tacetite đã được điều chỉnh và trao cho các Cộng Hưởng Giả. Những người không phải Cộng Hưởng Giả cũng đã được trang bị và sẵn sàng hành động.",C?n ti?ng Anh nghi v?n: Tacetite | S? t?/c?m nghi v?n: 1 | T? l? nghi v?n: 0.167 | M?c ??: 4.67
"Oh, anytime, dearie! Don't forget to visit my Penjing shop. I'll have treats ready for you!","Ồ, lúc nào cũng được, cưng ạ! Đừng quên ghé qua tiệm Penjing của ta nhé. Ta sẽ chuẩn bị đồ ăn ngon cho cậu!",C?n ti?ng Anh nghi v?n: Penjing | S? t?/c?m nghi v?n: 1 | T? l? nghi v?n: 0.167 | M?c ??: 4.67
"Hey, I'm Patroller Chixia. Sir, business license, please.","Này, tôi là Tuần Tra Viên Chixia. Xin vui lòng xuất trình giấy phép kinh doanh.",C?n ti?ng Anh nghi v?n: Chixia | S? t?/c?m nghi v?n: 1 | T? l? nghi v?n: 0.167 | M?c ??: 4.67
"Haha! I knew you'd be into this like I am! But stories aside, we do have an important mission on our hands.","Haha! Ta biết ngươi cũng hứng thú với cái này như ta! Nhưng bỏ chuyện đó sang một bên, chúng ta còn nhiệm vụ quan trọng phải làm.",C?n ti?ng Anh nghi v?n: Haha | S? t?/c?m nghi v?n: 1 | T? l? nghi v?n: 0.167 | M?c ??: 4.67
"Before the Retroact Rain forms, it goes through three stages. In the first stage, it looks just like any regular rain.","Trước khi Mưa Retroact hình thành, nó trải qua ba giai đoạn. Ở giai đoạn đầu, trông nó chẳng khác gì mưa thường.",C?n ti?ng Anh nghi v?n: Retroact | S? t?/c?m nghi v?n: 1 | T? l? nghi v?n: 0.167 | M?c ??: 4.67
"And when they failed to recreate the Retroact Rain, they resorted to making a ""replica"" of the lost civilization instead.","Và khi họ thất bại trong việc tái tạo Mưa Retroact, họ đành phải làm một ""bản sao"" của nền văn minh đã mất thay thế.",C?n ti?ng Anh nghi v?n: Retroact | S? t?/c?m nghi v?n: 1 | T? l? nghi v?n: 0.167 | M?c ??: 4.67
"The Fisalia family's morning prayers come from an old tradition once followed every time we set sail. Back then, we prayed to the sea itself.","Lời cầu nguyện buổi sáng của gia tộc Fisalia bắt nguồn từ một truyền thống cổ xưa, từng được thực hiện mỗi khi chúng ta ra khơi. Ngày ấy, chúng ta cầu nguyện chính biển cả.",C?n ti?ng Anh nghi v?n: Fisalia | S? t?/c?m nghi v?n: 1 | T? l? nghi v?n: 0.167 | M?c ??: 4.67
"I heard that the Montellis' close acquaintance, the Laureate, also hails from Huanglong. Could this be {Male=his;Female=her} gift to the Fisalias?","Nghe nói người quen thân của nhà Montelli, Nhà Học Giả, cũng đến từ Huanglong. Liệu đây có phải là món quà {Male=của ông ấy;Female=của bà ấy} tặng gia tộc Fisalias không?",C?n ti?ng Anh nghi v?n: Fisalias | S? t?/c?m nghi v?n: 1 | T? l? nghi v?n: 0.167 | M?c ??: 4.67
"The Voidmatter Contamination Index is nearing its limit... When Mentor returns, I will help it purge these Tapes of Last Words.","Chỉ số Ô Nhiễm Voidmatter đang tiến gần đến giới hạn... Khi Người Thầy trở về, ta sẽ giúp Người thanh tẩy những Tacet Discord này.",C?n ti?ng Anh nghi v?n: Voidmatter | S? t?/c?m nghi v?n: 1 | T? l? nghi v?n: 0.167 | M?c ??: 4.67
"I stumbled into this Sonoro a while back and found this extravagant place inside! And it's full of all these... ""special folk.""","Ta tình cờ lạc vào Sonoro này một thời gian trước và phát hiện bên trong là một nơi xa hoa! Và đầy những... ""nhân vật đặc biệt"".",C?n ti?ng Anh nghi v?n: Sonoro | S? t?/c?m nghi v?n: 1 | T? l? nghi v?n: 0.167 | M?c ??: 4.67
"Jinhsi turns to look at you, her gaze following you until you reach her side.","Jinhsi quay sang nhìn cậu, ánh mắt dõi theo cho đến khi cậu bước đến bên cô.",C?n ti?ng Anh nghi v?n: Jinhsi | S? t?/c?m nghi v?n: 1 | T? l? nghi v?n: 0.167 | M?c ??: 4.67
They say that Geisel cracked the illusion when he noticed a two-dimensional pigeon that was obviously out of place.,Nghe nói Geisel đã phá vỡ ảo ảnh khi phát hiện một con bồ câu hai chiều rõ ràng lạc lõng giữa khung cảnh.,C?n ti?ng Anh nghi v?n: Geisel | S? t?/c?m nghi v?n: 1 | T? l? nghi v?n: 0.167 | M?c ??: 4.67
"Ah, it seems Lumi has told you quite a bit. Well, let me tell you what happened before all that.","À, có vẻ như Lumi đã kể cho cậu khá nhiều rồi. Để ta kể cho cậu nghe chuyện xảy ra trước đó.",C?n ti?ng Anh nghi v?n: Lumi | S? t?/c?m nghi v?n: 1 | T? l? nghi v?n: 0.167 | M?c ??: 4.67
"It's a long story. Remember Yangyang, the Outrider? She told me about what you went through after Rinascita.","Chuyện dài lắm. Cậu còn nhớ Yangyang, người Tuần Duyên không? Cô ấy kể cho tớ nghe về những gì cậu trải qua sau Rinascita.",C?n ti?ng Anh nghi v?n: Yangyang | S? t?/c?m nghi v?n: 1 | T? l? nghi v?n: 0.167 | M?c ??: 4.67
"But tell me, are you not the least bit concerned I might poison you? Heh...","Nhưng nói ta nghe, cậu không lo ta có thể đầu độc cậu sao? Heh...",C?n ti?ng Anh nghi v?n: Heh | S? t?/c?m nghi v?n: 1 | T? l? nghi v?n: 0.167 | M?c ??: 4.67
"Oh, hello. Never imagined I'd meet another soul in the middle of nowhere like this. Got a Geospider with you?","Ôi, chào cậu. Không ngờ lại gặp ai đó ở nơi hoang vu thế này. Cậu có mang theo Geospider không?",C?n ti?ng Anh nghi v?n: Geospider | S? t?/c?m nghi v?n: 1 | T? l? nghi v?n: 0.167 | M?c ??: 4.67
"Haha. There was this mysterious biker who rode these parts, and I'd occasionally run into him while doing maintenance on the circuits.","Haha. Ngày xưa có một tay lái xe bí ẩn thường qua lại vùng này, thỉnh thoảng ta lại gặp hắn khi bảo trì mạch điện.",C?n ti?ng Anh nghi v?n: Haha | S? t?/c?m nghi v?n: 1 | T? l? nghi v?n: 0.167 | M?c ??: 4.67
"Haha, nothing serious. I'm just worried about him. I know what he's capable of, and all this success came quite suddenly...","Haha, không có gì nghiêm trọng đâu. Ta chỉ lo cho nó thôi. Ta biết nó có thể làm được gì, mà thành công đến nhanh thế này...",C?n ti?ng Anh nghi v?n: Haha | S? t?/c?m nghi v?n: 1 | T? l? nghi v?n: 0.167 | M?c ??: 4.67
I actually got your contact info from Ronan.,Thực ra thông tin liên lạc của cậu là do Ronan cung cấp cho tôi.,C?n ti?ng Anh nghi v?n: Ronan | S? t?/c?m nghi v?n: 1 | T? l? nghi v?n: 0.167 | M?c ??: 4.67
"It originates from Whining Aix's Mire and its flower language is fragile, untold affections. Romantic, isn't it?","Nó xuất phát từ Bãi Lầy Whining Aix, và ngôn ngữ loài hoa này tượng trưng cho những tình cảm mong manh, chưa được thổ lộ. Lãng mạn quá, phải không?",C?n ti?ng Anh nghi v?n: Whining | S? t?/c?m nghi v?n: 1 | T? l? nghi v?n: 0.167 | M?c ??: 4.67
But it does remind me of those young Pioneer reporters. They can risk everything for a field trip about Tacet Discords. I can't help but worry about them.,Nhưng nó khiến ta nhớ đến mấy phóng viên trẻ Pioneer. Họ có thể liều mạng chỉ để thực hiện một chuyến đi thực tế về Tacet Discord. Không khỏi lo cho họ.,C?n ti?ng Anh nghi v?n: Pioneer | S? t?/c?m nghi v?n: 1 | T? l? nghi v?n: 0.167 | M?c ??: 4.67
A translucent mineral called Lampylumen would produce an azure shine that makes it even brighter in the dark.,"Một loại khoáng vật trong suốt gọi là Lampylumen có thể phát ra ánh sáng xanh lam, khiến nó càng sáng hơn trong bóng tối.",C?n ti?ng Anh nghi v?n: Lampylumen | S? t?/c?m nghi v?n: 1 | T? l? nghi v?n: 0.167 | M?c ??: 4.67
"Dorothy is a good girl. She won't ever intentionally lie to anyone, not even in a dream.","Dorothy là một cô bé ngoan. Dù trong mơ, con bé cũng không bao giờ nói dối ai cả.",C?n ti?ng Anh nghi v?n: Dorothy | S? t?/c?m nghi v?n: 1 | T? l? nghi v?n: 0.167 | M?c ??: 4.67
"Truth be told, I'm none other than Drake, the treasure hunter you've probably heard about in tales.","Thành thật mà nói, chính ta đây—Drake, thợ săn kho báu mà chắc ngươi đã nghe qua trong các câu chuyện.",C?n ti?ng Anh nghi v?n: Drake | S? t?/c?m nghi v?n: 1 | T? l? nghi v?n: 0.167 | M?c ??: 4.67
"By the way, why is there a crate of Heartpour in this delivery? It's not listed.","Nhân tiện, sao trong lô hàng này lại có cả thùng Heartpour vậy? Không thấy ghi trong danh sách đâu.",C?n ti?ng Anh nghi v?n: Heartpour | S? t?/c?m nghi v?n: 1 | T? l? nghi v?n: 0.167 | M?c ??: 4.67
"The Ephor's deeds are indeed admirable. But I must insist that Avidius, too, is a true Gladiator and a hero deserving of the same glory!",Hành động của Ephor quả thực đáng ngưỡng mộ. Nhưng ta phải nhấn mạnh rằng Avidius cũng là một Đấu Sĩ chân chính và một anh hùng xứng đáng được vinh danh như vậy!,C?n ti?ng Anh nghi v?n: Avidius | S? t?/c?m nghi v?n: 1 | T? l? nghi v?n: 0.167 | M?c ??: 4.67
Eek! Y-you're this year's Champion?! I didn't expect to meet you here! C-could I get your autograph?,Ôi! A-cậu là Nhà Vô Địch năm nay sao?! Tớ không ngờ lại gặp cậu ở đây! C-có thể cho tớ xin chữ ký được không ạ?,C?n ti?ng Anh nghi v?n: C | S? t?/c?m nghi v?n: 1 | T? l? nghi v?n: 0.167 | M?c ??: 4.67
"After Sentinel was discovered on Mt. Firmament years ago, it was... processed in the Court of Savantae's laboratory.","Sau khi Sentinel được phát hiện trên Núi Firmament nhiều năm trước, nó đã bị... xử lý trong phòng thí nghiệm của Tòa án Savantae.",C?n ti?ng Anh nghi v?n: Firmament | S? t?/c?m nghi v?n: 1 | T? l? nghi v?n: 0.167 | M?c ??: 4.67
It is done! Data link complete... We now have access to the Tacet Discord incursion on record.,Xong rồi! Liên kết dữ liệu hoàn tất... Giờ chúng ta đã có quyền truy cập vào bản ghi cuộc xâm nhập của Tacet Discord.,C?n ti?ng Anh nghi v?n: Discord | S? t?/c?m nghi v?n: 1 | T? l? nghi v?n: 0.167 | M?c ??: 4.67
Desorock Highland is far from Jinzhou. Even fresh meat will become dry and tough after being transported here.,Cao Nguyên Desorock cách xa Jinzhou lắm. Đến thịt tươi mang tới đây cũng sẽ khô cứng như da thuộc.,C?n ti?ng Anh nghi v?n: Desorock | S? t?/c?m nghi v?n: 1 | T? l? nghi v?n: 0.167 | M?c ??: 4.67
Desorock Highland is far from Jinzhou. Even fresh meat will become dry and tough after being transported here.,Cao Nguyên Desorock cách xa Jinzhou lắm. Đến thịt tươi mang tới đây cũng sẽ khô cứng như da thuộc.,C?n ti?ng Anh nghi v?n: Desorock | S? t?/c?m nghi v?n: 1 | T? l? nghi v?n: 0.167 | M?c ??: 4.67
"If I could just pay more attention to the daily trajectories of the camp members, he would have said the same things that I did, and Xiyun would never know his real identity.","Nếu ta chỉ cần chú ý hơn đến lộ trình hàng ngày của các thành viên trong trại, hắn đã nói y như ta, và Xiyun sẽ chẳng bao giờ biết được thân phận thật của hắn.",C?n ti?ng Anh nghi v?n: Xiyun | S? t?/c?m nghi v?n: 1 | T? l? nghi v?n: 0.167 | M?c ??: 4.67
"And I heard rumors about an Exile group called ""The Savages."" Said they knew how to talk to that beast...","Và tôi có nghe tin đồn về một nhóm Lưu Đày tên ""The Savages"". Họ nói biết cách giao tiếp với con quái thú đó...",C?n ti?ng Anh nghi v?n: Savages | S? t?/c?m nghi v?n: 1 | T? l? nghi v?n: 0.167 | M?c ??: 4.67
My brother and I are super grateful for the help we got from you and Lingyang. Please let me thank you again!,Em và anh trai vô cùng biết ơn vì sự giúp đỡ của cậu và Lingyang. Cho phép em được cảm ơn cậu một lần nữa nhé!,C?n ti?ng Anh nghi v?n: Lingyang | S? t?/c?m nghi v?n: 1 | T? l? nghi v?n: 0.167 | M?c ??: 4.67
"After talking with the clients, Lingyang agrees to include the ""Liondance Officiant"" ceremony in tomorrow's performance to celebrate their wedding.","Sau khi thảo luận với đôi uyên ương, Lingyang đồng ý thêm nghi lễ ""Lễ Quan Viên Múa Lân"" vào buổi biểu diễn ngày mai để chúc mừng đám cưới của họ.",C?n ti?ng Anh nghi v?n: Lingyang | S? t?/c?m nghi v?n: 1 | T? l? nghi v?n: 0.167 | M?c ??: 4.67
(We're in the factory where the Dollmaker makes his puppets. The place is full of traps and his minions. Very dangerous.),(Chúng ta đang ở trong nhà máy nơi Dollmaker chế tạo búp bê. Nơi này đầy bẫy và tay sai của hắn. Rất nguy hiểm.),C?n ti?ng Anh nghi v?n: Dollmaker | S? t?/c?m nghi v?n: 1 | T? l? nghi v?n: 0.167 | M?c ??: 4.67
"You too, Yinlin! You had the chance to reunite with your family! Why are you doing this to me?!","Cả em nữa, Yinlin! Em có cơ hội đoàn tụ với gia đình rồi mà! Tại sao em lại làm thế với chị?!",C?n ti?ng Anh nghi v?n: Yinlin | S? t?/c?m nghi v?n: 1 | T? l? nghi v?n: 0.167 | M?c ??: 4.67
"I trust you as always, Mortefi. But this sample... It means a lot to me.","Ta vẫn tin tưởng anh như mọi khi, Mortefi. Nhưng mẫu vật này... nó có ý nghĩa rất lớn với ta.",C?n ti?ng Anh nghi v?n: Mortefi | S? t?/c?m nghi v?n: 1 | T? l? nghi v?n: 0.167 | M?c ??: 4.67
"Hooray! Now we can join the race! With General Jiyan and {PlayerName} on our side, maybe we can even aim for a new record!","Hoan hô! Giờ chúng ta có thể tham gia cuộc đua rồi! Có Đại tướng Jiyan và {PlayerName} ở bên, biết đâu chúng ta còn phá được kỷ lục mới!",C?n ti?ng Anh nghi v?n: Jiyan | S? t?/c?m nghi v?n: 1 | T? l? nghi v?n: 0.167 | M?c ??: 4.67
"I'm sorry, Ms. Cartethyia. Irises are not currently on the approved list. Once they bloom, I'll have to remove them.","Xin lỗi chị Cartethyia. Hoa diên vĩ hiện chưa có trong danh sách được phép. Khi chúng nở, tôi sẽ phải dọn chúng đi thôi.",C?n ti?ng Anh nghi v?n: Cartethyia | S? t?/c?m nghi v?n: 1 | T? l? nghi v?n: 0.167 | M?c ??: 4.67
"The Snowfluff Seals look dazed, their eyes squinted as they remain still, as if knowing resistance is futile by Aemeath's aura alone.","Những con Snowfluff Seal trông như bị choáng váng, mắt nheo lại bất động, như thể đã biết chống cự cũng vô ích trước uy thế của Aemeath.",C?n ti?ng Anh nghi v?n: Snowfluff | S? t?/c?m nghi v?n: 1 | T? l? nghi v?n: 0.167 | M?c ??: 4.67
"We already promised ""Lahai-Roi"" we'd meet again in the boundless sea of stars, right?","Chúng ta đã hứa với ""Lahai-Roi"" là sẽ gặp lại nhau trong biển sao vô tận mà, phải không?",C?n ti?ng Anh nghi v?n: Lahai | S? t?/c?m nghi v?n: 1 | T? l? nghi v?n: 0.167 | M?c ??: 4.67
"You share your joys and sorrows with Aemeath, and her expressions shift with your words—delight and anger, excitement and concern.","Cậu tâm sự niềm vui nỗi buồn với Aemeath, và nét mặt cô ấy thay đổi theo từng lời cậu nói—vui mừng, giận dữ, háo hức, lo lắng.",C?n ti?ng Anh nghi v?n: Aemeath | S? t?/c?m nghi v?n: 1 | T? l? nghi v?n: 0.167 | M?c ??: 4.67
"Those are certainly impressive, but not quite what I had in mind. I'm referring to a blend inspired by my codename, ""Opal.""","Những thứ đó cũng ấn tượng đấy, nhưng không phải thứ ta muốn. Ta đang nghĩ đến một sự pha trộn lấy cảm hứng từ biệt danh của ta, ""Opal"".",C?n ti?ng Anh nghi v?n: Opal | S? t?/c?m nghi v?n: 1 | T? l? nghi v?n: 0.167 | M?c ??: 4.67
"Of course, you could also order it to flaunt our bond. It'll grant you the protection of Montelli.","Tất nhiên, cậu cũng có thể ra lệnh cho nó phô trương mối liên kết của chúng ta. Nó sẽ mang lại cho cậu sự bảo hộ của Montelli.",C?n ti?ng Anh nghi v?n: Montelli | S? t?/c?m nghi v?n: 1 | T? l? nghi v?n: 0.167 | M?c ??: 4.67
"Oh, that's my pet bird. A Kronapuff.","À, con chim kia là thú cưng của ta. Một con Kronapuff.",C?n ti?ng Anh nghi v?n: Kronapuff | S? t?/c?m nghi v?n: 1 | T? l? nghi v?n: 0.167 | M?c ??: 4.67
"When troubled, I like to ride a Gondola alone. A peaceful afternoon at sea resets me... just like now, with you by my side.","Mỗi khi gặp chuyện phiền muộn, ta thường thích một mình lái Gondola ra biển. Một buổi chiều yên bình trên sóng nước sẽ giúp ta lấy lại cân bằng... giống như lúc này, khi có cậu bên cạnh.",C?n ti?ng Anh nghi v?n: Gondola | S? t?/c?m nghi v?n: 1 | T? l? nghi v?n: 0.167 | M?c ??: 4.67
"Rover, I'm so sorry for sending you the wrong email about the denial of delivery.","Rover, ta rất xin lỗi vì đã gửi nhầm email từ chối giao hàng cho cậu.",C?n ti?ng Anh nghi v?n: email | S? t?/c?m nghi v?n: 1 | T? l? nghi v?n: 0.167 | M?c ??: 4.67
Then the breech parts are Lollo Logistics' to deliver. We will make sure they safely arrives on time.,Vậy thì bộ phận thay thế sẽ do Lollo Logistics chịu trách nhiệm giao hàng. Chúng tôi đảm bảo chúng sẽ đến nơi an toàn và đúng hạn.,C?n ti?ng Anh nghi v?n: Lollo | S? t?/c?m nghi v?n: 1 | T? l? nghi v?n: 0.167 | M?c ??: 4.67
Reaching the <color=Highlight>barrels</color> deep in the Sea of Flames will expose us to toxins for an extended period. Even strong people like you can be impacted...,Tiến vào những <color=Highlight>barrels</color> sâu trong Biển Lửa sẽ khiến chúng ta tiếp xúc với chất độc trong thời gian dài. Ngay cả những người khỏe mạnh như cậu cũng có thể bị ảnh hưởng...,C?n ti?ng Anh nghi v?n: barrels | S? t?/c?m nghi v?n: 1 | T? l? nghi v?n: 0.167 | M?c ??: 4.67
"Absolutely. At the time, the researchers figured out that the only way to stop the spread was to deactivate the Tacet Mark core of those flowers.","Chính xác. Lúc đó, các nhà nghiên cứu đã phát hiện ra cách duy nhất để ngăn chặn sự lây lan là vô hiệu hóa lõi Tacet Mark của những bông hoa đó.",C?n ti?ng Anh nghi v?n: Mark | S? t?/c?m nghi v?n: 1 | T? l? nghi v?n: 0.167 | M?c ??: 4.67
"B-But, Mother wouldn't buy me anything that's not piano-related.",Nhưng mà... mẹ chẳng bao giờ mua cho con thứ gì không liên quan đến piano cả.,C?n ti?ng Anh nghi v?n: piano | S? t?/c?m nghi v?n: 1 | T? l? nghi v?n: 0.167 | M?c ??: 4.67
"The Order wasn't too happy about it, and I doubt the Primus would want people lured by wealth, straying from the path of the Sentinel.","Giáo Đoàn không hài lòng về chuyện đó lắm, và ta nghi Primus cũng không muốn dân chúng bị tiền tài mê hoặc, xa rời con đường của Sentinel.",C?n ti?ng Anh nghi v?n: Primus | S? t?/c?m nghi v?n: 1 | T? l? nghi v?n: 0.167 | M?c ??: 4.67
"According to the story, it's been here since the Vault was built. It holds great importance to the Montelli family.","Theo truyền thuyết, nó đã ở đây từ khi Kho Tàng được xây dựng. Nó có ý nghĩa vô cùng quan trọng với gia tộc Montelli.",C?n ti?ng Anh nghi v?n: Montelli | S? t?/c?m nghi v?n: 1 | T? l? nghi v?n: 0.167 | M?c ??: 4.67
"Our main task is to check for and get rid of any remaining Fractsidus frequencies, in case they contaminate our Echoes, like a virus.","Nhiệm vụ chính của chúng ta là kiểm tra và loại bỏ mọi tần số Fractsidus còn sót lại, đề phòng chúng lây nhiễm vào Echo của chúng ta như một loại virus.",C?n ti?ng Anh nghi v?n: virus | S? t?/c?m nghi v?n: 1 | T? l? nghi v?n: 0.167 | M?c ??: 4.67
"But word is, years ago Captain Ahab and his crew pulled out a wreck of a ship outta the sea, then left it with a strange fella to guard it.","Nhưng nghe nói, nhiều năm trước, thuyền trưởng Ahab và thủy thủ đoàn đã kéo lên một con tàu đắm từ biển, rồi giao nó cho một gã kỳ lạ canh giữ.",C?n ti?ng Anh nghi v?n: Ahab | S? t?/c?m nghi v?n: 1 | T? l? nghi v?n: 0.167 | M?c ??: 4.67
"Mercurio extends his hands confidently, as if to say, ""How may I help you today?""","Mercurio tự tin đưa tay ra như muốn nói: ""Hôm nay tôi có thể giúp gì cho cậu?""",C?n ti?ng Anh nghi v?n: Mercurio | S? t?/c?m nghi v?n: 1 | T? l? nghi v?n: 0.167 | M?c ??: 4.67
"May you discover all that you seek within the vivid canvas of gladiatorial combat.
Today, we pay tribute to the legendary gladiator, Hadrian.","Nguyện cậu tìm thấy tất cả những gì mình tìm kiếm trên bức tranh sống động của những trận chiến đấu.
Hôm nay, ta tôn vinh chiến binh huyền thoại, Hadrian.",C?n ti?ng Anh nghi v?n: Hadrian | S? t?/c?m nghi v?n: 1 | T? l? nghi v?n: 0.167 | M?c ??: 4.67
I've heard Camellya takes care of all the combat-oriented tests. She always grabs the candidates' profiles without notifying us and does her thing.,"Ta nghe nói Camellya lo hết các bài kiểm tra thiên về chiến đấu. Cô ấy luôn tự tiện lấy hồ sơ thí sinh mà chẳng báo trước, rồi muốn làm gì thì làm.",C?n ti?ng Anh nghi v?n: Camellya | S? t?/c?m nghi v?n: 1 | T? l? nghi v?n: 0.167 | M?c ??: 4.67
"""Each Matrix represents a vast and complete set of computing logic, and their orbital changes symbolize the execution of codes。""","""Mỗi Ma Trận đại diện cho một hệ thống logic tính toán hoàn chỉnh và rộng lớn, còn sự thay đổi quỹ đạo của chúng tượng trưng cho việc thực thi mã lệnh.""",C?n ti?ng Anh nghi v?n: logic | S? t?/c?m nghi v?n: 1 | T? l? nghi v?n: 0.167 | M?c ??: 4.67
"After that, three happy Nimbus Wraiths. I'll use their laughter to catalyze a rainbow of flame.","Sau đó, ba Nimbus Wraith vui vẻ. Ta sẽ dùng tiếng cười của chúng để kích hoạt cầu vồng lửa.",C?n ti?ng Anh nghi v?n: Nimbus | S? t?/c?m nghi v?n: 1 | T? l? nghi v?n: 0.167 | M?c ??: 4.67
"When I was a fireworks master in Ragunna, business wasn't nearly this good. Now look at me, practically blowing up the competition! Ha!","Hồi còn làm thợ bắn pháo hoa ở Ragunna, việc làm ăn chẳng khá khẩm gì. Giờ thì nhìn xem, ta gần như đang ""nổ tung"" đối thủ rồi! Ha!",C?n ti?ng Anh nghi v?n: Ha | S? t?/c?m nghi v?n: 1 | T? l? nghi v?n: 0.167 | M?c ??: 4.67
"The imaginative design of this stage truly aligns with Madame Nyarla's signature style—""a labyrinth of opulent, fevered dreams.""","Thiết kế đầy sáng tạo của sân khấu này quả đúng là phong cách đặc trưng của Madame Nyarla—""mê cung của những giấc mơ xa hoa, cuồng nhiệt.""",C?n ti?ng Anh nghi v?n: Madame | S? t?/c?m nghi v?n: 1 | T? l? nghi v?n: 0.167 | M?c ??: 4.67
"Upon reaching certain Union Levels, you need to complete <color=#ffd12f>SOL3 Phase Ascension Quests</color> to lift the <color=#ffd12f>Union Level cap</color>.","Khi đạt đến một số cấp Liên Minh nhất định, bạn cần hoàn thành <color=#ffd12f>SOL3 Thăng Tiến Pha Quests</color> để dỡ bỏ <color=#ffd12f>Cấp Liên Minh cap</color>.",C?n ti?ng Anh nghi v?n: Quests | S? t?/c?m nghi v?n: 1 | T? l? nghi v?n: 0.167 | M?c ??: 4.67
"Geisel once had five Echo Display Stands. Display your collected Echoes upon them, and let their glory and valor speak to all who attend.","Geisel từng có năm Bệ Trưng Bày Echo. Hãy trưng bày những Echo cậu thu thập được lên đó, để vinh quang và dũng khí của chúng nói lên tất cả với mọi người.",C?n ti?ng Anh nghi v?n: Geisel | S? t?/c?m nghi v?n: 1 | T? l? nghi v?n: 0.167 | M?c ??: 4.67
Flying along the Wind Trail allows you to <color=#ffd12f>automatically</color> follow the wind's direction.,Bay theo Dấu Gió cho phép bạn <color=#ffd12f>automatically</color> di chuyển theo hướng gió.,C?n ti?ng Anh nghi v?n: automatically | S? t?/c?m nghi v?n: 1 | T? l? nghi v?n: 0.167 | M?c ??: 4.67
"Upon enabling Immersion Mode, the UI icons and battle information on the HUD will be hidden, offering you an experience of complete immersion.","Khi kích hoạt Chế Độ Hòa Nhập, các biểu tượng giao diện và thông tin chiến đấu trên HUD sẽ bị ẩn đi, mang đến cho cậu trải nghiệm hoàn toàn đắm chìm.",C?n ti?ng Anh nghi v?n: HUD | S? t?/c?m nghi v?n: 1 | T? l? nghi v?n: 0.167 | M?c ??: 4.67
"In heavily contaminated zones, TDs affected by Irideglow may appear. Defeat them all to purify the zone and obtain higher-value loot.","Ở những khu vực bị ô nhiễm nặng, có thể xuất hiện TD bị ảnh hưởng bởi Irideglow. Hãy tiêu diệt tất cả để thanh tẩy khu vực và nhận được chiến lợi phẩm giá trị cao hơn.",C?n ti?ng Anh nghi v?n: Irideglow | S? t?/c?m nghi v?n: 1 | T? l? nghi v?n: 0.167 | M?c ??: 4.67
"Directional Bounce mechanisms begin to spawn in the challenge. When a Pinball collides with one, it is launched in a fixed direction.","Cơ chế Nảy Theo Hướng bắt đầu xuất hiện trong thử thách. Khi một quả Pinball va chạm với nó, nó sẽ bị bắn đi theo một hướng cố định.",C?n ti?ng Anh nghi v?n: Pinball | S? t?/c?m nghi v?n: 1 | T? l? nghi v?n: 0.167 | M?c ??: 4.67
"Race flow differs by Race stages, and match rankings determine whether a Cube <color=#ffd12f>advances</color> to the next match.","Luồng đua thay đổi theo từng giai đoạn, và thứ hạng trận đấu quyết định liệu Khối Lập Phương có <color=#ffd12f>advances</color> vòng tiếp theo hay không.",C?n ti?ng Anh nghi v?n: advances | S? t?/c?m nghi v?n: 1 | T? l? nghi v?n: 0.167 | M?c ??: 4.67
"""I can't just stand here and do nothing. We know that officer on TV... I have to protect everyone. A hero can't just turn tail and run.""","""Ta không thể đứng đây mà không làm gì. Chúng ta biết viên cảnh sát trên TV đó... Ta phải bảo vệ mọi người. Một anh hùng không thể quay lưng bỏ chạy.""",C?n ti?ng Anh nghi v?n: TV | S? t?/c?m nghi v?n: 1 | T? l? nghi v?n: 0.167 | M?c ??: 4.67
"""You said those things are called Tacet Discords, right, {PlayerName}? That they bring disaster and destroy civilizations.""","""Cậu bảo những thứ đó gọi là Tacet Discords phải không, {PlayerName}? Chúng mang theo tai họa và hủy diệt các nền văn minh.""",C?n ti?ng Anh nghi v?n: Discords | S? t?/c?m nghi v?n: 1 | T? l? nghi v?n: 0.167 | M?c ??: 4.67
"A voice shatters the silence. ""Well, well. You must be here for the Divine Loong's legacy too.""","Một giọng nói phá tan sự im lặng. ""Ồ, ra là vậy. Cậu cũng đến đây vì di sản của Divine Loong à?""",C?n ti?ng Anh nghi v?n: Divine | S? t?/c?m nghi v?n: 1 | T? l? nghi v?n: 0.167 | M?c ??: 4.67
"""Do you two know me? Jianxin? Could it be one of the names I used during my training years? I see, meeting you here must be fate.""","""Hai người biết ta à? Jianxin? Có phải một trong những cái tên ta dùng hồi tập luyện không? Ra vậy, gặp được các người ở đây hẳn là số phận rồi.""",C?n ti?ng Anh nghi v?n: Jianxin | S? t?/c?m nghi v?n: 1 | T? l? nghi v?n: 0.167 | M?c ??: 4.67
"""Ha! You're a rare one! Join me, and together, we'll make the living tremble and the dead bow!""","""Ha! Ngươi đúng là hiếm có! Theo ta, cùng nhau chúng ta sẽ khiến kẻ sống run sợ và kẻ chết cúi đầu!""",C?n ti?ng Anh nghi v?n: Ha | S? t?/c?m nghi v?n: 1 | T? l? nghi v?n: 0.167 | M?c ??: 4.67
"""Okay, to a new adventure! But wait, why aren't you wearing the Wooly Badge I gave you, Astral?""","""Được rồi, đến một cuộc phiêu lưu mới! Nhưng khoan, sao cậu không đeo cái Huy hiệu Len mà ta tặng, Astral?""",C?n ti?ng Anh nghi v?n: Astral | S? t?/c?m nghi v?n: 1 | T? l? nghi v?n: 0.167 | M?c ??: 4.67
"""If trouble finds you during your escape, use this to contact the Hounds..."" He walks away, leaving only the lingering echo of his voice.","""Nếu gặp rắc rối trong lúc chạy trốn, hãy dùng cái này để liên lạc với Hounds..."" Giọng hắn dần xa, chỉ còn vang vọng lại trong không gian.",C?n ti?ng Anh nghi v?n: Hounds | S? t?/c?m nghi v?n: 1 | T? l? nghi v?n: 0.167 | M?c ??: 4.67
"Fireworks explode in the air, perfectly timed, as Lario carrying the circus float lets out a jubilant cry.","Pháo hoa nổ tung trên bầu trời đúng lúc, Lario khiêng chiếc phao rước của gánh xiếc reo lên đầy hân hoan.",C?n ti?ng Anh nghi v?n: Lario | S? t?/c?m nghi v?n: 1 | T? l? nghi v?n: 0.167 | M?c ??: 4.67
"""But didn't you say he's only meeting with nobles?"" You wipe the bead of sweat from eating the spicy pizza off your forehead.","""Nhưng cậu không bảo là hắn chỉ gặp mấy tên quý tộc thôi sao?"" Bạn lau giọt mồ hôi trên trán sau khi ăn miếng pizza cay xè.",C?n ti?ng Anh nghi v?n: pizza | S? t?/c?m nghi v?n: 1 | T? l? nghi v?n: 0.167 | M?c ??: 4.67
"""Here it is."" You hand over the sealed envelope, its navy blue wax seal still warm.","""Của anh đây."" Bạn đưa cho họ chiếc phong bì niêm phong, dấu sáp màu xanh navy vẫn còn ấm.",C?n ti?ng Anh nghi v?n: navy | S? t?/c?m nghi v?n: 1 | T? l? nghi v?n: 0.167 | M?c ??: 4.67
"""Had I been the head of the family back then, I would never have supported Fenrico. I would have chosen to support you.""","""Nếu ta là người đứng đầu gia tộc hồi đó, ta đã chẳng bao giờ ủng hộ Fenrico. Ta sẽ chọn đứng về phía cậu.""",C?n ti?ng Anh nghi v?n: Fenrico | S? t?/c?m nghi v?n: 1 | T? l? nghi v?n: 0.167 | M?c ??: 4.67
"First, the true identity of the murderer... the one behind the deaths in Cinema Solaris, the one orchestrating these tragedies is—","Trước hết, danh tính thật của hung thủ... kẻ đứng sau những cái chết ở Cinema Solaris, kẻ đã dàn dựng nên bi kịch này chính là—",C?n ti?ng Anh nghi v?n: Cinema | S? t?/c?m nghi v?n: 1 | T? l? nghi v?n: 0.167 | M?c ??: 4.67
"Then, the murderer must be one of the ""people"" in Cinema Solaris. Or at least, an intelligent being. And that very being—","Rồi hung thủ chắc chắn phải là một trong những ""người"" ở Cinema Solaris. Hoặc ít nhất, là một sinh vật có trí tuệ. Và chính sinh vật đó—",C?n ti?ng Anh nghi v?n: Cinema | S? t?/c?m nghi v?n: 1 | T? l? nghi v?n: 0.167 | M?c ??: 4.67
"The Tacet Mark on the back of your hand glows faintly. A familiar sensation washes over you. Abby jumps out, rubbing its bleary eyes.","Dấu Tacet trên mu bàn tay cậu lóe lên mờ ảo. Một cảm giác quen thuộc ùa về. Abby nhảy ra, dụi đôi mắt còn ngái ngủ.",C?n ti?ng Anh nghi v?n: Abby | S? t?/c?m nghi v?n: 1 | T? l? nghi v?n: 0.167 | M?c ??: 4.67
"You look around, but the theater is empty. No, not just the theater. The whole of Cinema Solaris is deserted.","Bạn nhìn quanh, nhưng rạp phim trống rỗng. Không, không chỉ rạp phim. Cả Cinema Solaris này đều vắng tanh.",C?n ti?ng Anh nghi v?n: Cinema | S? t?/c?m nghi v?n: 1 | T? l? nghi v?n: 0.167 | M?c ??: 4.67
"You look around, but the theater is empty. No, not just the theater. The whole of Cinema Solaris is deserted.","Bạn nhìn quanh, nhưng rạp phim trống rỗng. Không, không chỉ rạp phim. Cả Cinema Solaris này đều vắng tanh.",C?n ti?ng Anh nghi v?n: Cinema | S? t?/c?m nghi v?n: 1 | T? l? nghi v?n: 0.167 | M?c ??: 4.67
"You look around, but the theater is empty. No, not just the theater. The whole of Cinema Solaris is deserted.","Bạn nhìn quanh, nhưng rạp phim trống rỗng. Không, không chỉ rạp phim. Cả Cinema Solaris này đều vắng tanh.",C?n ti?ng Anh nghi v?n: Cinema | S? t?/c?m nghi v?n: 1 | T? l? nghi v?n: 0.167 | M?c ??: 4.67
"You look around, but the theater is empty. No, not just the theater. The whole of Cinema Solaris is deserted.","Bạn nhìn quanh, nhưng rạp phim trống rỗng. Không, không chỉ rạp phim. Cả Cinema Solaris này đều vắng tanh.",C?n ti?ng Anh nghi v?n: Cinema | S? t?/c?m nghi v?n: 1 | T? l? nghi v?n: 0.167 | M?c ??: 4.67
A blue-rarity Echo is guaranteed to appear in <te href=851012><color=#c79f49>Echo Recruitment</color></te> on the first day.,Một Echo hạng xanh lam chắc chắn sẽ xuất hiện trong <te href=851012><color=#c79f49>Echo Recruitment</color></te> vào ngày đầu tiên.,C?n ti?ng Anh nghi v?n: Recruitment | S? t?/c?m nghi v?n: 1 | T? l? nghi v?n: 0.167 | M?c ??: 4.67
Gain 1 more free <te href=851012><color=#c79f49>Echo Recruitment</color></te> refresh chance each Phase. Unused chances can be carried into the next Phase.,Nhận thêm 1 lần làm mới miễn phí <te href=851012><color=#c79f49>Echo Recruitment</color></te> mỗi Giai Đoạn. Số lần không dùng có thể chuyển sang Giai Đoạn tiếp theo.,C?n ti?ng Anh nghi v?n: Recruitment | S? t?/c?m nghi v?n: 1 | T? l? nghi v?n: 0.167 | M?c ??: 4.67
Two blue-rarity Echoes are guaranteed to appear in Echo Recruitment on the first day.,Hai Echo hiếm cấp xanh chắc chắn sẽ xuất hiện trong Echo Recruitment vào ngày đầu tiên.,C?n ti?ng Anh nghi v?n: Recruitment | S? t?/c?m nghi v?n: 1 | T? l? nghi v?n: 0.167 | M?c ??: 4.67
"Gondola? Reminds me of the latest design in New Federation. I'll buy another one once I get rich... Wait, why did I say ""another""?","Gondola à? Nhớ đến mẫu mới nhất của Liên Bang Mới. Khi giàu có, mình sẽ mua thêm một chiếc nữa... Khoan, sao mình lại nói ""nữa"" nhỉ?",C?n ti?ng Anh nghi v?n: Gondola | S? t?/c?m nghi v?n: 1 | T? l? nghi v?n: 0.167 | M?c ??: 4.67
Namipon Tip: All items gathered while exploring will be lost upon Forced Extraction. Keep your guard up next time!,Mẹo của Namipon: Tất cả vật phẩm thu thập được trong quá trình khám phá sẽ biến mất khi bị Cưỡng Chế Rút Lui. Lần sau nhớ cảnh giác nhé!,C?n ti?ng Anh nghi v?n: Namipon | S? t?/c?m nghi v?n: 1 | T? l? nghi v?n: 0.167 | M?c ??: 4.67
"Unlocked after reaching the Frostlands Surface in the Main Quest ""The Star That Voyages Far""","Mở khóa sau khi đến được Bề Mặt Frostlands trong Nhiệm Vụ Chính ""Ngôi Sao Viễn Du""",C?n ti?ng Anh nghi v?n: Frostlands | S? t?/c?m nghi v?n: 1 | T? l? nghi v?n: 0.167 | M?c ??: 4.67
"A writing desk in the signature Averardo Vault style. Though lavishly decorated, it is carefully engineered for both practicality and durability.","Một chiếc bàn viết theo phong cách hầm mộ Averardo đặc trưng. Dù được trang trí xa hoa, nhưng vẫn được thiết kế tỉ mỉ để đảm bảo tính thực dụng và độ bền.",C?n ti?ng Anh nghi v?n: Averardo | S? t?/c?m nghi v?n: 1 | T? l? nghi v?n: 0.167 | M?c ??: 4.67
Aemeath thoroughly enjoyed the competition and has decided to put on a live show for the contestants and audience alike after the Final.,Aemeath rất thích không khí của cuộc thi và quyết định tổ chức một buổi biểu diễn trực tiếp cho các thí sinh và khán giả sau trận Chung kết.,C?n ti?ng Anh nghi v?n: Aemeath | S? t?/c?m nghi v?n: 1 | T? l? nghi v?n: 0.167 | M?c ??: 4.67
The contestants will bring their journey to a close in this Showmatch. Let's give them a round of applause for their one last show!,Các thí sinh sẽ kết thúc hành trình của mình trong trận Showmatch này. Hãy dành cho họ một tràng pháo tay cho màn trình diễn cuối cùng!,C?n ti?ng Anh nghi v?n: Showmatch | S? t?/c?m nghi v?n: 1 | T? l? nghi v?n: 0.167 | M?c ??: 4.67
"I'm bounced out, Professor. Rabelle College has me fully booked today.",Em xin lỗi thầy rồi. Hôm nay Đại học Rabelle xếp kín lịch cho em rồi ạ.,C?n ti?ng Anh nghi v?n: Rabelle | S? t?/c?m nghi v?n: 1 | T? l? nghi v?n: 0.167 | M?c ??: 4.67
"Maneuver the puppet through the laser corridor in ""Solitary Path.""","Điều khiển con rối vượt qua hành lang laser trong ""Con Đường Cô Đơn"".",C?n ti?ng Anh nghi v?n: laser | S? t?/c?m nghi v?n: 1 | T? l? nghi v?n: 0.167 | M?c ??: 4.67
This is wicked cool! It's just like in the stories... So Encore can beat up a bad dragon now?! Yay!,Tuyệt vời quá đi! Giống y như trong truyện ấy... Vậy là giờ Encore có thể đánh bại con rồng xấu xa rồi nhỉ?! Hoan hô!,C?n ti?ng Anh nghi v?n: Encore | S? t?/c?m nghi v?n: 1 | T? l? nghi v?n: 0.167 | M?c ??: 4.67
Your adventure sounds so much fun! Encore really wanna go! Promise you'll take me next time? Pinky swear!,Chuyến phiêu lưu của anh hay quá! Encore rất muốn đi! Lần sau nhất định phải đưa em đi nhé? Móc tay hứa!,C?n ti?ng Anh nghi v?n: Encore | S? t?/c?m nghi v?n: 1 | T? l? nghi v?n: 0.167 | M?c ??: 4.67
"When facing the Havoc Warrior, you need to pay attention to dodging its fast, mid-range dash attack.","Khi đối đầu với Havoc Warrior, cậu cần chú ý né đòn lao nhanh tầm trung của nó.",C?n ti?ng Anh nghi v?n: Warrior | S? t?/c?m nghi v?n: 1 | T? l? nghi v?n: 0.167 | M?c ??: 4.67
"Encore… Ah, that girl who loves stories! I hope she'll mature into a strong opponent one day, then we'll have so much fun together.","Encore… À, cô bé thích nghe chuyện ấy! Mong một ngày con bé sẽ trưởng thành thành đối thủ mạnh mẽ, lúc đó chúng ta sẽ chơi vui lắm.",C?n ti?ng Anh nghi v?n: Encore | S? t?/c?m nghi v?n: 1 | T? l? nghi v?n: 0.167 | M?c ??: 4.67
"...Ugh! Hah... I-I'm fine, I just... need some time, to ride out the pain... Swallow it whole, make the chaotic frequencies my strength...","...Ui da! Hah... T-tôi ổn mà, chỉ cần... một chút thời gian, để vượt qua cơn đau... Nuốt trọn nó vào người, biến những tần số hỗn loạn thành sức mạnh của mình...",C?n ti?ng Anh nghi v?n: Hah | S? t?/c?m nghi v?n: 1 | T? l? nghi v?n: 0.167 | M?c ??: 4.67
Obtain the Melody Box for this song from the Supply Chest on the chandelier in the Echo Depository of Averardo Vault.,"Lấy Hộp Nhạc cho bản nhạc này từ Rương Cung Ứng treo trên đèn chùm trong Kho Lưu Trữ Tiếng Vọng, Hầm Averardo.",C?n ti?ng Anh nghi v?n: Averardo | S? t?/c?m nghi v?n: 1 | T? l? nghi v?n: 0.167 | M?c ??: 4.67
Obtain the Melody Box for this song from the Supply Chest on the chandelier in the Echo Depository of Averardo Vault.,"Lấy Hộp Nhạc cho bản nhạc này từ Rương Cung Ứng treo trên đèn chùm trong Kho Lưu Trữ Tiếng Vọng, Hầm Averardo.",C?n ti?ng Anh nghi v?n: Averardo | S? t?/c?m nghi v?n: 1 | T? l? nghi v?n: 0.167 | M?c ??: 4.67
The poets gave their legacy to the Toccata family...,Các thi nhân đã trao di sản của mình cho gia tộc Toccata...,C?n ti?ng Anh nghi v?n: Toccata | S? t?/c?m nghi v?n: 1 | T? l? nghi v?n: 0.167 | M?c ??: 4.67
"Planting seeds, watering and nurturing them till they sprout and bloom... That's how Verina initially imagined what the process of ""Healing"" meant.","Gieo hạt, tưới nước, chăm sóc cho đến khi chúng nảy mầm và nở hoa... Đó là cách Verina từng hình dung về quá trình ""Chữa Lành"".",C?n ti?ng Anh nghi v?n: Verina | S? t?/c?m nghi v?n: 1 | T? l? nghi v?n: 0.167 | M?c ??: 4.67
"The Conqueror of Prestige, Furius, waits here. Claim both victory and glory in this epic duel.","Kẻ Chinh Phục Danh Vọng, Furius, đang đợi tại đây. Hãy giành lấy chiến thắng và vinh quang trong trận đấu huyền thoại này.",C?n ti?ng Anh nghi v?n: Furius | S? t?/c?m nghi v?n: 1 | T? l? nghi v?n: 0.167 | M?c ??: 4.67
"When Slowed, this Tacet Discord moves faster instead, during which it is immune to Slow.","Khi bị làm chậm, Tacet Discord này lại di chuyển nhanh hơn, và trong trạng thái đó, nó miễn nhiễm với hiệu ứng Làm Chậm.",C?n ti?ng Anh nghi v?n: Discord | S? t?/c?m nghi v?n: 1 | T? l? nghi v?n: 0.167 | M?c ??: 4.67
"Reversal
When Slowed, this Tacet Discord moves faster instead.","Đảo Ngược
Khi bị Làm Chậm, Tacet Discord này sẽ di chuyển nhanh hơn thay vì chậm lại.",C?n ti?ng Anh nghi v?n: Discord | S? t?/c?m nghi v?n: 1 | T? l? nghi v?n: 0.167 | M?c ??: 4.67
Hoartoise Echo now moves faster and knocks back Tacet Discords further.,Hồi Âm Hoartoise giờ di chuyển nhanh hơn và đẩy lùi Tacet Discord xa hơn.,C?n ti?ng Anh nghi v?n: Hoartoise | S? t?/c?m nghi v?n: 1 | T? l? nghi v?n: 0.167 | M?c ??: 4.67
Hoartoise Echo now moves faster and knocks back Tacet Discords further.,Hồi Âm Hoartoise giờ di chuyển nhanh hơn và đẩy lùi Tacet Discord xa hơn.,C?n ti?ng Anh nghi v?n: Hoartoise | S? t?/c?m nghi v?n: 1 | T? l? nghi v?n: 0.167 | M?c ??: 4.67
Defeat the Nightmares within the time limit and purify the last Dreamscape Node on the Sanguis Plateaus. Complete the challenge to claim rewards.,Hạ gục lũ Ác Mộng trong thời gian quy định và thanh tẩy Nút Cảnh Mộng cuối cùng trên Cao Nguyên Sanguis. Hoàn thành thử thách để nhận thưởng.,C?n ti?ng Anh nghi v?n: Sanguis | S? t?/c?m nghi v?n: 1 | T? l? nghi v?n: 0.167 | M?c ??: 4.67
"A rocking pirate ship. In the movie, tossing it into the sea starts a thrilling adventure.
A rumor later debunked by Namipon.","Một chiếc thuyền cướp biển đu đưa. Trong phim, ném nó xuống biển sẽ bắt đầu một cuộc phiêu lưu ly kỳ.
Sau đó, Namipon đã bác bỏ tin đồn này.",C?n ti?ng Anh nghi v?n: Namipon | S? t?/c?m nghi v?n: 1 | T? l? nghi v?n: 0.167 | M?c ??: 4.67
Collect all cards in the Lahai-Roi version of Peaks of Prestige.,Thu thập tất cả thẻ trong phiên bản Lahai-Roi của *Đỉnh Cao Danh Vọng*.,C?n ti?ng Anh nghi v?n: Lahai | S? t?/c?m nghi v?n: 1 | T? l? nghi v?n: 0.167 | M?c ??: 4.67
Purge the Tacet Discords of all Void Storm Zones in Lahai-Roi.,Thanh tẩy Tacet Discord tại tất cả Khu Bão Hư Không ở Lahai-Roi.,C?n ti?ng Anh nghi v?n: Lahai | S? t?/c?m nghi v?n: 1 | T? l? nghi v?n: 0.167 | M?c ??: 4.67
"- Select an Echo in the Deployment Zone (Core Echo excluded), Reconstruct it, and draw 1 card.","- Chọn một Echo trong Vùng Triển Khai (không bao gồm Core Echo), Tái Cấu trúc nó và rút 1 lá bài.",C?n ti?ng Anh nghi v?n: Core | S? t?/c?m nghi v?n: 1 | T? l? nghi v?n: 0.167 | M?c ??: 4.67
"Mechascout: Transition is equipped with a customized giant mech arm, powerful enough to launch a person a remarkable distance with a single throw.","Máy trinh sát cơ khí Transition được trang bị một cánh tay cơ khí khổng lồ tùy chỉnh, đủ sức ném một người đi xa một cách đáng kinh ngạc chỉ bằng một cú quăng.",C?n ti?ng Anh nghi v?n: Transition | S? t?/c?m nghi v?n: 1 | T? l? nghi v?n: 0.167 | M?c ??: 4.67
"Unlocked after reaching the Frostlands Surface in the Main Quest ""The Star That Voyages Far""","Mở khóa sau khi đến được Bề Mặt Frostlands trong Nhiệm Vụ Chính ""Ngôi Sao Viễn Du""",C?n ti?ng Anh nghi v?n: Frostlands | S? t?/c?m nghi v?n: 1 | T? l? nghi v?n: 0.167 | M?c ??: 4.67
You do not own the Resonator yet. You will not be able to equip this skin after purchase. Purchase anyway?,Bạn chưa sở hữu Cộng Hưởng Giả này. Bạn sẽ không thể trang bị skin này sau khi mua. Vẫn muốn mua chứ?,C?n ti?ng Anh nghi v?n: skin | S? t?/c?m nghi v?n: 1 | T? l? nghi v?n: 0.167 | M?c ??: 4.67
"Purified liquid energy extracted from Tacetite, its purity increasing with higher ratings. When injected into a weapon, it offers a corresponding bonus.","Năng lượng lỏng tinh khiết được chiết xuất từ Tacetite, độ tinh khiết tăng theo cấp độ. Khi tiêm vào vũ khí, nó sẽ mang lại hiệu ứng tương ứng.",C?n ti?ng Anh nghi v?n: Tacetite | S? t?/c?m nghi v?n: 1 | T? l? nghi v?n: 0.167 | M?c ??: 4.67
"can get an Echo that has been unlocked in the iconography, and that Echo is able to produce the settlement tag","có thể nhận được một Echo đã mở khóa trong iconography, và Echo đó có thể tạo ra thẻ khu định cư",C?n ti?ng Anh nghi v?n: iconography | S? t?/c?m nghi v?n: 1 | T? l? nghi v?n: 0.167 | M?c ??: 4.67
"Notebook of Sizhe, which records his unconstrained ideas during his investigation missions.","Sổ tay của Sizhe, ghi lại những ý tưởng phóng khoáng của anh trong các nhiệm vụ điều tra.",C?n ti?ng Anh nghi v?n: Sizhe | S? t?/c?m nghi v?n: 1 | T? l? nghi v?n: 0.167 | M?c ??: 4.67
"A photograph with blood stained on its back. Marks are made on the photo, indicating somewhere in the Whining Aix's Mire. Treasures might be found there.",Một tấm ảnh với vết máu loang lở ở mặt sau. Những dấu đánh dấu trên ảnh chỉ về đâu đó trong Bãi Lầy Whining Aix. Có thể có kho báu ở đó.,C?n ti?ng Anh nghi v?n: Whining | S? t?/c?m nghi v?n: 1 | T? l? nghi v?n: 0.167 | M?c ??: 4.67
"An archive of Huaxu Academy, Jinzhou Campus that contains the event of its founding, branches, and other information.","Một kho lưu trữ của Học viện Huaxu, Cơ sở Jinzhou, chứa đựng thông tin về sự kiện thành lập, các chi nhánh và các thông tin khác.",C?n ti?ng Anh nghi v?n: Huaxu | S? t?/c?m nghi v?n: 1 | T? l? nghi v?n: 0.167 | M?c ??: 4.67
Torn pages collected from around Desorock Highland.,Những trang giấy rách thu thập được quanh khu vực Cao nguyên Desorock.,C?n ti?ng Anh nghi v?n: Desorock | S? t?/c?m nghi v?n: 1 | T? l? nghi v?n: 0.167 | M?c ??: 4.67
"Background music played when you first arrive at Lahai-Roi. Unlocked after completing Main Quest ""What Burns Beneath Frostlands.""","Nhạc nền vang lên khi bạn lần đầu đến Lahai-Roi. Mở khóa sau khi hoàn thành Nhiệm Vụ Chính ""Lửa Cháy Dưới Lớp Băng Giá"".",C?n ti?ng Anh nghi v?n: Lahai | S? t?/c?m nghi v?n: 1 | T? l? nghi v?n: 0.167 | M?c ??: 4.67
"Background music played when crossing blades with Augusta. Unlocked after completing Main Quest ""By Sun's Burning Hand.""","Nhạc nền khi giao đấu với Augusta. Mở khóa sau khi hoàn thành Nhiệm Vụ Chính ""Dưới Bàn Tay Rực Cháy Của Mặt Trời"".",C?n ti?ng Anh nghi v?n: Augusta | S? t?/c?m nghi v?n: 1 | T? l? nghi v?n: 0.167 | M?c ??: 4.67
"Background music played when falling into Honami City. Unlocked after completing Main Quest ""Stagnant Dawn on Wastelands.""","Nhạc nền phát khi rơi xuống Thành Phố Honami. Mở khóa sau khi hoàn thành Nhiệm Vụ Chính ""Bình Minh Ù Lì Trên Vùng Đất Hoang.""",C?n ti?ng Anh nghi v?n: Honami | S? t?/c?m nghi v?n: 1 | T? l? nghi v?n: 0.167 | M?c ??: 4.67
"""Oh, you mean this? Ahab asked me to keep it for him. I don't know where he got it, but... this thing, it must have something to do with that whale, right?""","""Ơ, cái này à? Ahab nhờ tôi giữ giùm. Không biết ông ấy lấy ở đâu ra, nhưng... thứ này chắc chắn có liên quan đến con cá voi kia rồi, phải không?""",C?n ti?ng Anh nghi v?n: Ahab | S? t?/c?m nghi v?n: 1 | T? l? nghi v?n: 0.167 | M?c ??: 4.67
"Intended as fireworks for Starbuck's wedding with a certain fish, this Bampuff is incredibly powerful and can also be used to destroy reefs.","Được chế tạo để làm pháo hoa cho đám cưới của Starbuck với một con cá nào đó, quả Bampuff này cực kỳ mạnh và còn có thể dùng để phá hủy các rặng san hô.",C?n ti?ng Anh nghi v?n: Bampuff | S? t?/c?m nghi v?n: 1 | T? l? nghi v?n: 0.167 | M?c ??: 4.67
A clear and sparkling star that shines just like the North Star in <i>Pegasus</i>.,"Một ngôi sao sáng trong veo, lấp lánh như sao Bắc Đẩu trong <i>Pegasus</i>.",C?n ti?ng Anh nghi v?n: Pegasus | S? t?/c?m nghi v?n: 1 | T? l? nghi v?n: 0.167 | M?c ??: 4.67
A clear and sparkling star that shines just like the North Star in <i>Pegasus</i>.,"Một ngôi sao sáng trong veo, lấp lánh như sao Bắc Đẩu trong <i>Pegasus</i>.",C?n ti?ng Anh nghi v?n: Pegasus | S? t?/c?m nghi v?n: 1 | T? l? nghi v?n: 0.167 | M?c ??: 4.67
The fishery coin circulated within the Riccioli Islands. Can be used to purchase fishing gear and cover daily expenses.,Đồng xu ngư nghiệp lưu hành trong quần đảo Riccioli. Có thể dùng để mua dụng cụ câu cá và trang trải sinh hoạt phí.,C?n ti?ng Anh nghi v?n: Riccioli | S? t?/c?m nghi v?n: 1 | T? l? nghi v?n: 0.167 | M?c ??: 4.67
The fishery coin circulated within the Riccioli Islands. Used to purchase fishing gear and cover daily expenses.,"Đồng xu ngư nghiệp lưu hành trong quần đảo Riccioli, dùng để mua dụng cụ câu cá và trang trải sinh hoạt phí.",C?n ti?ng Anh nghi v?n: Riccioli | S? t?/c?m nghi v?n: 1 | T? l? nghi v?n: 0.167 | M?c ??: 4.67
Torn pages found in Ragunna City. Collect them all and deliver them to Fuling.,Tìm thấy những trang giấy rách ở Thành phố Ragunna. Hãy thu thập tất cả và giao cho Fuling nhé.,C?n ti?ng Anh nghi v?n: Fuling | S? t?/c?m nghi v?n: 1 | T? l? nghi v?n: 0.167 | M?c ??: 4.67
"""I look to my side, surprised to find that my former seminary classmate, Lord Fenrico, has his face shrouded in a strange shadow.""","""Ta quay sang bên cạnh, ngạc nhiên khi thấy khuôn mặt của cựu bạn học ở chủng viện, Lãnh chúa Fenrico, bị che phủ bởi một bóng tối kỳ lạ.""",C?n ti?ng Anh nghi v?n: Fenrico | S? t?/c?m nghi v?n: 1 | T? l? nghi v?n: 0.167 | M?c ??: 4.67
An awning for Rachel. Helps evade certain threats while cruising.,Tấm mái che cho Rachel. Giúp né tránh một số mối nguy hiểm khi di chuyển trên biển.,C?n ti?ng Anh nghi v?n: Rachel | S? t?/c?m nghi v?n: 1 | T? l? nghi v?n: 0.167 | M?c ??: 4.67
A medal awarded to the winner of Septimont's Agon of Champions.,Huy chương trao cho người chiến thắng trong Agon của các Nhà vô địch Septimont.,C?n ti?ng Anh nghi v?n: Agon | S? t?/c?m nghi v?n: 1 | T? l? nghi v?n: 0.167 | M?c ??: 4.67
"A rocking pirate ship. In the movie, tossing it into the sea starts a thrilling adventure.
A rumor later debunked by Namipon.","Một chiếc thuyền cướp biển đu đưa. Trong phim, ném nó xuống biển sẽ bắt đầu một cuộc phiêu lưu ly kỳ.
Sau đó, Namipon đã bác bỏ tin đồn này.",C?n ti?ng Anh nghi v?n: Namipon | S? t?/c?m nghi v?n: 1 | T? l? nghi v?n: 0.167 | M?c ??: 4.67
"Daytime background music of the Ginnungamere cabin. Unlocked after completing Main Quest ""The Star That Voyages Far.""","Nhạc nền ban ngày tại căn nhà Ginnungamere. Mở khóa sau khi hoàn thành Nhiệm vụ Chính ""Ngôi sao Viễn Du"".",C?n ti?ng Anh nghi v?n: Ginnungamere | S? t?/c?m nghi v?n: 1 | T? l? nghi v?n: 0.167 | M?c ??: 4.67
"Nighttime background music of the Ginnungamere cabin. Unlocked after completing Main Quest ""The Star That Voyages Far.""","Nhạc nền ban đêm tại căn nhà Ginnungamere. Mở khóa sau khi hoàn thành Nhiệm Vụ Chính ""Ngôi Sao Viễn Du"".",C?n ti?ng Anh nghi v?n: Ginnungamere | S? t?/c?m nghi v?n: 1 | T? l? nghi v?n: 0.167 | M?c ??: 4.67
Commemorative coins issued by Startorch Academy to those who contributed to scientific expeditions. Can be collected to exchange for rewards.,Xu kỷ niệm do Học viện Startorch cấp cho những người đã đóng góp vào các chuyến thám hiểm khoa học. Có thể thu thập để đổi lấy phần thưởng.,C?n ti?ng Anh nghi v?n: Startorch | S? t?/c?m nghi v?n: 1 | T? l? nghi v?n: 0.167 | M?c ??: 4.67
"Background music played when returning to Lahai-Roi. Unlocked after completing Main Quest ""Starlights from Yesterdays.""","Nhạc nền khi trở về Lahai-Roi. Mở khóa sau khi hoàn thành Nhiệm Vụ Chính ""Ánh Sao Từ Ngày Xưa"".",C?n ti?ng Anh nghi v?n: Lahai | S? t?/c?m nghi v?n: 1 | T? l? nghi v?n: 0.167 | M?c ??: 4.67
"Background music played when Lahai-Roi returns to peace. Unlocked after completing Main Quest ""Starlights from Yesterdays.""","Nhạc nền khi Lahai-Roi trở lại bình yên. Mở khóa sau khi hoàn thành Nhiệm Vụ Chính ""Ánh Sao Từ Ngày Xưa"".",C?n ti?ng Anh nghi v?n: Lahai | S? t?/c?m nghi v?n: 1 | T? l? nghi v?n: 0.167 | M?c ??: 4.67
"Hmph... She wears the exact same expression as the previous miko. I suppose one day, she too will be reduced to ash by her own wish.","Hừ... Nhìn mặt cô ta y hệt vị miko trước... Rồi một ngày, cô ta cũng sẽ tự thiêu thành tro theo ý nguyện của mình thôi.",C?n ti?ng Anh nghi v?n: miko | S? t?/c?m nghi v?n: 1 | T? l? nghi v?n: 0.167 | M?c ??: 4.67
"You tell me, little Hiyuki. What's got you so fixated on this? Don't tell me you're secretly in awe watching my heroics on the battlefield, and—","Nói ta nghe nào, Hiyuki bé nhỏ. Có gì khiến con mải mê thế? Đừng bảo là con đang thầm ngưỡng mộ chứng kiến chiến công của ta trên chiến trường đấy nhé—",C?n ti?ng Anh nghi v?n: Hiyuki | S? t?/c?m nghi v?n: 1 | T? l? nghi v?n: 0.167 | M?c ??: 4.67
"Please, just say it. Say the Miko of Flaming Sakura has returned, and that those monsters are finished…!","Xin hãy nói ra đi. Hãy nói rằng Miko của Hoa Anh Đào Lửa đã trở lại, và lũ quái vật kia đã đến hồi kết...!",C?n ti?ng Anh nghi v?n: Miko | S? t?/c?m nghi v?n: 1 | T? l? nghi v?n: 0.167 | M?c ??: 4.67
They're all dead! Everyone's dead! Hahaha… I knew it. I knew the Threnodian couldn't be defeated… I should've run as far away as I could…,Chúng nó chết hết rồi! Tất cả đều chết! Hahaha... Ta biết mà. Ta biết Threnodian không thể bị đánh bại... Đáng lẽ ta nên chạy càng xa càng tốt...,C?n ti?ng Anh nghi v?n: Hahaha | S? t?/c?m nghi v?n: 1 | T? l? nghi v?n: 0.167 | M?c ??: 4.67
"They say she once broke off a Sakura branch from the roadside, turned it into a divine blade, and beat back the Threnodian with it!","Nghe nói cô ấy từng bẻ một cành Sakura ven đường, biến nó thành thanh thần kiếm, rồi đánh lui lũ Threnodian!",C?n ti?ng Anh nghi v?n: Sakura | S? t?/c?m nghi v?n: 1 | T? l? nghi v?n: 0.167 | M?c ??: 4.67
"Long ago, I sealed a portion of my own power there to help aid the Solvein Heartwood resist the Threnodian.","Thuở xa xưa, ta đã phong ấn một phần sức mạnh của chính mình tại đó để giúp Trái Tim Solvein chống lại Threnodian.",C?n ti?ng Anh nghi v?n: Solvein | S? t?/c?m nghi v?n: 1 | T? l? nghi v?n: 0.167 | M?c ??: 4.67
"If you wish, I can tell you about my history with the Fractsidus. But of course, Denia is the more pressing matter.","Nếu muốn, ta có thể kể cho ngươi nghe về quá khứ của ta với Fractsidus. Nhưng đương nhiên, Denia mới là vấn đề cấp bách hơn.",C?n ti?ng Anh nghi v?n: Denia | S? t?/c?m nghi v?n: 1 | T? l? nghi v?n: 0.167 | M?c ??: 4.67
"Query: One last thing, Arbiter. Will you permit me to alter my designation to bear the name ""Lahai-Roi""?","Yêu cầu: Một điều cuối, Trọng Tài. Ngài có cho phép ta thay đổi danh xưng thành ""Lahai-Roi"" không?",C?n ti?ng Anh nghi v?n: Lahai | S? t?/c?m nghi v?n: 1 | T? l? nghi v?n: 0.167 | M?c ??: 4.67
"Grand Architect, with this phase of verification complete and full production proceeding… do we still have use for that miko?","Kiến Trúc Sư Vĩ Đại, sau khi giai đoạn xác minh này hoàn tất và quá trình sản xuất toàn diện đang tiến hành… liệu ta còn cần đến miko đó không?",C?n ti?ng Anh nghi v?n: miko | S? t?/c?m nghi v?n: 1 | T? l? nghi v?n: 0.167 | M?c ??: 4.67
"But if our little Hiyuki truly became a Threnodian Resonator... Well. I'd have no choice but to follow ""family law"" and send us both on our way.","Nhưng nếu bé Hiyuki của chúng ta thật sự trở thành Cộng Hưởng Giả của Threnody... Thì tôi cũng chẳng còn lựa chọn nào khác ngoài việc áp dụng ""luật gia tộc"" và tiễn cả hai chúng ta đi luôn.",C?n ti?ng Anh nghi v?n: Hiyuki | S? t?/c?m nghi v?n: 1 | T? l? nghi v?n: 0.167 | M?c ??: 4.67
I know why you refused to teach me your swordsmanship. You never wanted there to be another Miko after you.,Ta biết tại sao ngươi từ chối dạy kiếm thuật cho ta. Ngươi không muốn có thêm một Miko nào khác sau ngươi.,C?n ti?ng Anh nghi v?n: Miko | S? t?/c?m nghi v?n: 1 | T? l? nghi v?n: 0.167 | M?c ??: 4.67
"Besides, look at us now! We're both okay. And Lahai-Roi's safe! That's a pretty happy ending, right?","Này, nhìn chúng ta kìa! Cả hai đều ổn. Và Lahai-Roi cũng an toàn! Kết thúc như thế này cũng vui rồi, phải không?",C?n ti?ng Anh nghi v?n: Lahai | S? t?/c?m nghi v?n: 1 | T? l? nghi v?n: 0.167 | M?c ??: 4.67
After you were sealed beyond the Stridergate... how long were you out there? Alone?,Sau khi cậu bị phong ấn bên kia Stridergate... cậu đã ở ngoài đó bao lâu rồi? Một mình?,C?n ti?ng Anh nghi v?n: Stridergate | S? t?/c?m nghi v?n: 1 | T? l? nghi v?n: 0.167 | M?c ??: 4.67
"Their plans for Denia and me may have failed, but it proves one thing. They have found a way to harness Threnodian power.","Dù kế hoạch của họ với Denia và ta đã thất bại, nhưng điều đó chứng minh một điều: họ đã tìm ra cách khai thác sức mạnh của Threnody.",C?n ti?ng Anh nghi v?n: Denia | S? t?/c?m nghi v?n: 1 | T? l? nghi v?n: 0.167 | M?c ??: 4.67
"Still, I hear her disposition may have changed. I should like to visit her one of these days... Hm?","Dù sao, ta nghe nói tính tình cô ấy có thể đã thay đổi. Ta nên ghé thăm cô ấy một ngày nào đó... Hm?",C?n ti?ng Anh nghi v?n: Hm | S? t?/c?m nghi v?n: 1 | T? l? nghi v?n: 0.167 | M?c ??: 4.67
Aemeath… Name rings a bell. The one with the high-sync rate. Her disappearance was a real loss for us.,Aemeath… Cái tên này nghe quen lắm. Người có tỷ lệ đồng bộ cao ấy. Sự biến mất của cô là một tổn thất lớn cho chúng ta.,C?n ti?ng Anh nghi v?n: Aemeath | S? t?/c?m nghi v?n: 1 | T? l? nghi v?n: 0.167 | M?c ??: 4.67
"And with the timeline we have, relocating the Exostrider is impossible. If we're going to lose it anyway, why not let {PlayerName} take one last swing?","Với thời gian eo hẹp thế này, di dời Exostrider là bất khả thi. Nếu rồi cũng mất nó, sao không để {PlayerName} thử một đòn cuối?",C?n ti?ng Anh nghi v?n: Exostrider | S? t?/c?m nghi v?n: 1 | T? l? nghi v?n: 0.167 | M?c ??: 4.67
This synchronization test is far more intense than the standard procedure. We're simulating the neural load of a direct link with the Exostrider.,Bài kiểm tra đồng bộ này căng thẳng hơn nhiều so với quy trình tiêu chuẩn. Chúng tôi đang mô phỏng tải trọng thần kinh khi kết nối trực tiếp với Exostrider.,C?n ti?ng Anh nghi v?n: Exostrider | S? t?/c?m nghi v?n: 1 | T? l? nghi v?n: 0.167 | M?c ??: 4.67
Good. The cabin systems are configured. The simulator cockpit is right there. I'll be watching your metrics closely the whole time.,Tốt. Hệ thống cabin đã được cấu hình. Buồng mô phỏng ở ngay đó. Ta sẽ theo dõi chỉ số của cậu sát sao trong suốt quá trình.,C?n ti?ng Anh nghi v?n: cabin | S? t?/c?m nghi v?n: 1 | T? l? nghi v?n: 0.167 | M?c ??: 4.67
"The Threnodian, Voidmatter, the Fractsidus... They're breathing down our necks, and I can't do anything to help you fight them.","Threnodian, Voidmatter, Fractsidus... Chúng đang rình rập ngay sau lưng, mà ta chẳng thể làm gì để giúp các ngươi chiến đấu.",C?n ti?ng Anh nghi v?n: Voidmatter | S? t?/c?m nghi v?n: 1 | T? l? nghi v?n: 0.167 | M?c ??: 4.67
"Remember your concern about the Fractsidus's schemes? Once you enter the Stridergate, she'll handle perimeter watch.","Cậu còn nhớ lo lắng về âm mưu của Fractsidus không? Khi cậu bước vào Stridergate, cô ấy sẽ lo việc canh gác vòng ngoài.",C?n ti?ng Anh nghi v?n: Stridergate | S? t?/c?m nghi v?n: 1 | T? l? nghi v?n: 0.167 | M?c ??: 4.67
I see. Let me overlay these coordinates onto a Lahai-Roi map. It should make things clearer for us.,Ta hiểu rồi. Để ta chồng tọa độ này lên bản đồ Lahai-Roi. Chắc sẽ rõ ràng hơn cho chúng ta.,C?n ti?ng Anh nghi v?n: Lahai | S? t?/c?m nghi v?n: 1 | T? l? nghi v?n: 0.167 | M?c ??: 4.67
"If Nastasha and I don't make it back, then once you're safe, bring our Cassettes home.","Nếu Nastasha và ta không thể trở về, hãy đưa Cassette của chúng ta về nhà khi cậu đã an toàn.",C?n ti?ng Anh nghi v?n: Nastasha | S? t?/c?m nghi v?n: 1 | T? l? nghi v?n: 0.167 | M?c ??: 4.67
"Professor, if playing it safe was all I wanted out of life, I never would've come to Lahai-Roi.","Thưa Giáo sư, nếu em chỉ muốn sống an toàn, em đã chẳng bao giờ đến Lahai-Roi.",C?n ti?ng Anh nghi v?n: Lahai | S? t?/c?m nghi v?n: 1 | T? l? nghi v?n: 0.167 | M?c ??: 4.67
"Professor, if playing it safe was all I wanted out of life, I never would've come to Lahai-Roi.","Thưa Giáo sư, nếu em chỉ muốn sống an toàn, em đã chẳng bao giờ đến Lahai-Roi.",C?n ti?ng Anh nghi v?n: Lahai | S? t?/c?m nghi v?n: 1 | T? l? nghi v?n: 0.167 | M?c ??: 4.67
"From Ashinohara's legends and the Spacetrek Collective's investigative reports, you know who {PlayerName} is by now.","Qua những truyền thuyết về Ashinohara và các báo cáo điều tra của Spacetrek Collective, giờ chắc hẳn cậu đã biết {PlayerName} là ai rồi.",C?n ti?ng Anh nghi v?n: Spacetrek | S? t?/c?m nghi v?n: 1 | T? l? nghi v?n: 0.167 | M?c ??: 4.67
But let's be brutally honest. This world doesn't have a second {PlayerName}. {Male=He;Female=She} saved Jinzhou and Rinascita... but what about Honami?,Nhưng hãy thành thật mà nói. Thế giới này không có bản sao thứ hai của {PlayerName}. {Male=Anh;Female=Cô} đã cứu Jinzhou và Rinascita... nhưng còn Honami thì sao?,C?n ti?ng Anh nghi v?n: Honami | S? t?/c?m nghi v?n: 1 | T? l? nghi v?n: 0.167 | M?c ??: 4.67
"You, Miko of Flaming Sakura, have a gift. You might not fear the curse of the Threnodian or Lament.","Ngươi, Miko của Lửa Hoa Anh Đào, có một món quà. Ngươi có thể không sợ lời nguyền của Threnodian hay Lời Than Khóc.",C?n ti?ng Anh nghi v?n: Miko | S? t?/c?m nghi v?n: 1 | T? l? nghi v?n: 0.167 | M?c ??: 4.67
"When you fall, who will take up the Suzu? Who will walk this lonely, futile path next?","Khi cậu gục ngã, ai sẽ cầm lấy thanh Suzu? Ai sẽ tiếp bước con đường cô độc, vô nghĩa này?",C?n ti?ng Anh nghi v?n: Suzu | S? t?/c?m nghi v?n: 1 | T? l? nghi v?n: 0.167 | M?c ??: 4.67
"Today's new desserts include: Frostwort Dumpling, Fern Spore Kelp Biscuit, Pine Needle Lichen Roll, and—on special—Jarred Fish Muffin...","Các món tráng miệng mới hôm nay gồm có: Bánh Bột Đông Trùng, Bánh Quy Rong Tảo, Bánh Cuộn Địa Y Kim, và—đặc biệt—Bánh Muffin Cá Hộp...",C?n ti?ng Anh nghi v?n: Muffin | S? t?/c?m nghi v?n: 1 | T? l? nghi v?n: 0.167 | M?c ??: 4.67
"""Unveil the secrets of Voidmatter particles for all mankind?"" I recall saying something like that, yeah... But listen, Denia, dreams are sometimes just...","""Khai phá bí mật của hạt Vật Chất Hư Không cho toàn nhân loại à?"" Ta nhớ mình có nói đại loại thế... Nhưng nghe này, Denia, đôi khi giấc mơ chỉ là...",C?n ti?ng Anh nghi v?n: Denia | S? t?/c?m nghi v?n: 1 | T? l? nghi v?n: 0.167 | M?c ??: 4.67
"""At this point, the Lahai-Roi project is effectively complete. Starting tomorrow, project personnel will begin withdrawing in stages. One month from now, this facility will officially be decommissioned.""","""Đến thời điểm này, dự án Lahai-Roi đã hoàn tất trên thực tế. Bắt đầu từ ngày mai, nhân sự dự án sẽ rút lui theo từng giai đoạn. Một tháng nữa, cơ sở này sẽ chính thức ngừng hoạt động.""",C?n ti?ng Anh nghi v?n: Lahai | S? t?/c?m nghi v?n: 1 | T? l? nghi v?n: 0.167 | M?c ??: 4.67
"You're awake? I prepared a present for you, Denia. I've put it in your heart.","Ngươi tỉnh rồi à? Ta đã chuẩn bị một món quà cho ngươi, Denia. Ta đã đặt nó vào trong tim ngươi rồi.",C?n ti?ng Anh nghi v?n: Denia | S? t?/c?m nghi v?n: 1 | T? l? nghi v?n: 0.167 | M?c ??: 4.67
"But if you had removed that page, the fragment would've lost control after receiving the message... It would've tried to find me, attempting to connect with Aleph-1 out of instinct.","Nhưng nếu cậu đã gỡ trang đó đi, mảnh vỡ sẽ mất kiểm soát sau khi nhận thông điệp... Nó sẽ tìm ta, cố gắng kết nối với Aleph-1 theo bản năng.",C?n ti?ng Anh nghi v?n: Aleph | S? t?/c?m nghi v?n: 1 | T? l? nghi v?n: 0.167 | M?c ??: 4.67
Do you recall the message we received at the supply site? A Midnight Ranger went overfrequent and missing in the Whining Aix's Mire.,Cậu còn nhớ tin nhắn chúng ta nhận được ở trạm tiếp tế không? Một Kẻ Lang Thang Bóng Đêm đã vượt tần quá mức và mất tích ở Bãi Lầy Whining Aix.,C?n ti?ng Anh nghi v?n: Whining | S? t?/c?m nghi v?n: 1 | T? l? nghi v?n: 0.167 | M?c ??: 4.67
"Thank you, you must be... The Rover? Danjin finally met the legendary Rover, there's so much I want to say to you! But, I have to go investigate the voices in the mines now...","Cảm ơn cậu, cậu chắc hẳn là... Rover sao? Danjin cuối cùng cũng được gặp Rover huyền thoại, có quá nhiều điều muốn nói với cậu! Nhưng mà giờ mình phải đi điều tra mấy tiếng động trong mỏ đã...",C?n ti?ng Anh nghi v?n: Danjin | S? t?/c?m nghi v?n: 1 | T? l? nghi v?n: 0.167 | M?c ??: 4.67
One of the duelist's Echoes gains 1 STR and CON whenever the duelist deploys an Echo.,Một trong các Echo của đấu thủ sẽ nhận được 1 STR và CON mỗi khi đấu thủ triển khai Echo.,C?n ti?ng Anh nghi v?n: STR | S? t?/c?m nghi v?n: 1 | T? l? nghi v?n: 0.143 | M?c ??: 4.43
One of the duelist's Echoes gains 1 STR and CON whenever the duelist deploys an Echo.,Một trong các Echo của đấu thủ sẽ nhận được 1 STR và CON mỗi khi đấu thủ triển khai Echo.,C?n ti?ng Anh nghi v?n: STR | S? t?/c?m nghi v?n: 1 | T? l? nghi v?n: 0.143 | M?c ??: 4.43
One of the duelist's Echoes gains 1 STR and CON whenever the duelist deploys an Echo.,Một trong các Echo của đấu thủ sẽ nhận được 1 STR và CON mỗi khi đấu thủ triển khai Echo.,C?n ti?ng Anh nghi v?n: STR | S? t?/c?m nghi v?n: 1 | T? l? nghi v?n: 0.143 | M?c ??: 4.43
Koko believes that the main seasoning for the Clear Soup is 1 serving of Fowl Meat.,Koko tin rằng gia vị chính cho món Canh Trong là 1 phần Thịt Gia Cầm.,C?n ti?ng Anh nghi v?n: Koko | S? t?/c?m nghi v?n: 1 | T? l? nghi v?n: 0.143 | M?c ??: 4.43
"A picturesque outfit that puts one in mind of an exquisite painting. Landscapes abound, waiting to be recaptured on canvas.","Bộ trang phục đẹp như tranh vẽ, gợi nhớ đến một bức họa tinh xảo. Khung cảnh xung quanh thật tuyệt vời, chỉ chờ được tái hiện trên canvas.",C?n ti?ng Anh nghi v?n: canvas | S? t?/c?m nghi v?n: 1 | T? l? nghi v?n: 0.143 | M?c ??: 4.43
A Tacet Field of medium threat level. Defeat the Tacet Discords lurking in it to obtain Shell Credits.,Tổ Tacet cấp độ đe dọa trung bình. Hạ gục các Tacet Discord ẩn nấp bên trong để nhận Shell Credit.,C?n ti?ng Anh nghi v?n: Shell | S? t?/c?m nghi v?n: 1 | T? l? nghi v?n: 0.143 | M?c ??: 4.43
"Carlotta wishes for a smooth commencement of the race, and the event organizers extend their gratitude for her generous sponsorship of the competition.","Carlotta mong cuộc đua sẽ diễn ra suôn sẻ, và ban tổ chức xin gửi lời cảm ơn chân thành vì sự tài trợ hào phóng của cô cho cuộc thi.",C?n ti?ng Anh nghi v?n: Carlotta | S? t?/c?m nghi v?n: 1 | T? l? nghi v?n: 0.143 | M?c ??: 4.43
A cliffside road carved into the mountain. Winds from the Mawburrow Desert often whip sand across the surface of this southern section.,Con đường ven vách núi được đục vào sườn đá. Những cơn gió từ sa mạc Mawburrow thường cuốn cát bay qua mặt đường ở đoạn phía nam này.,C?n ti?ng Anh nghi v?n: Mawburrow | S? t?/c?m nghi v?n: 1 | T? l? nghi v?n: 0.143 | M?c ??: 4.43
The test server is currently unavailable. Players participating in the beta may access the content once the maintenance concludes.,Máy chủ thử nghiệm hiện không khả dụng. Người chơi tham gia bản beta có thể truy cập nội dung sau khi bảo trì kết thúc.,C?n ti?ng Anh nghi v?n: beta | S? t?/c?m nghi v?n: 1 | T? l? nghi v?n: 0.143 | M?c ??: 4.43
"Defeat Anita in ""Peaks of Prestige: Rekindled Duel"" and find the fallen space station during ""The Star That Voyages Far"" to unlock","Đánh bại Anita trong ""Đỉnh Danh Vọng: Cuộc Đọ Sức Tái Ngộ"" và tìm trạm không gian đổ nát trong ""Ngôi Sao Viễn Du"" để mở khóa",C?n ti?ng Anh nghi v?n: Anita | S? t?/c?m nghi v?n: 1 | T? l? nghi v?n: 0.143 | M?c ??: 4.43
I will continue to stand guard over Norfall Barrens. I will protect this land we defended together.,Ta sẽ tiếp tục canh giữ Bãi Đất Hoang Norfall. Ta sẽ bảo vệ mảnh đất mà chúng ta đã cùng nhau chiến đấu để giữ gìn.,C?n ti?ng Anh nghi v?n: Norfall | S? t?/c?m nghi v?n: 1 | T? l? nghi v?n: 0.143 | M?c ??: 4.43
"When you're finished, please bring them back to me and I'll pass them on to Zhezhi.","Sau khi xong việc, hãy mang chúng lại cho tôi, tôi sẽ chuyển cho Zhezhi.",C?n ti?ng Anh nghi v?n: Zhezhi | S? t?/c?m nghi v?n: 1 | T? l? nghi v?n: 0.143 | M?c ??: 4.43
Indeed. Lei was my informant. I had to keep an eye on him to make sure he didn't rat me out.,Đúng vậy. Lei là người cung cấp tin của ta. Ta phải theo dõi hắn để đảm bảo hắn không phản bội ta.,C?n ti?ng Anh nghi v?n: Lei | S? t?/c?m nghi v?n: 1 | T? l? nghi v?n: 0.143 | M?c ??: 4.43
"We honor the Sentinel with a special ritual. Uncle Fu used to organize it for us, but he's been unwell in recent years. No one has taken over.","Chúng tôi tôn vinh Sentinel bằng một nghi lễ đặc biệt. Chú Fu từng đứng ra tổ chức cho chúng tôi, nhưng mấy năm gần đây chú ấy bệnh nặng. Chưa ai kế nhiệm cả.",C?n ti?ng Anh nghi v?n: Fu | S? t?/c?m nghi v?n: 1 | T? l? nghi v?n: 0.143 | M?c ??: 4.43
Precisely. I've also heard about this while I was in Hongzhen a few days ago trying to buy some good stuff.,Chuẩn không cần chỉnh. Ta cũng nghe phong phanh chuyện này khi ở Hongzhen mấy hôm trước để tìm mua vài món đồ xịn.,C?n ti?ng Anh nghi v?n: Hongzhen | S? t?/c?m nghi v?n: 1 | T? l? nghi v?n: 0.143 | M?c ??: 4.43
Suggestion: You may instruct me to continue the research here. Many mysteries around Mt. Firmament remain unsolved. I'm confident we'll uncover the truth one day.,Gợi ý: Cậu có thể ra lệnh cho tớ tiếp tục nghiên cứu ở đây. Vẫn còn quá nhiều bí ẩn quanh Núi Firmament chưa được giải đáp. Tớ tin một ngày nào đó chúng ta sẽ tìm ra sự thật.,C?n ti?ng Anh nghi v?n: Firmament | S? t?/c?m nghi v?n: 1 | T? l? nghi v?n: 0.143 | M?c ??: 4.43
"Rover, as you might have noticed, some areas in Woodveil Hall are blocked with rocks for security reasons.","Rover, như cậu thấy đấy, một số khu vực trong Đại Sảnh Woodveil đang bị chặn bởi đá vì lý do an ninh.",C?n ti?ng Anh nghi v?n: Woodveil | S? t?/c?m nghi v?n: 1 | T? l? nghi v?n: 0.143 | M?c ??: 4.43
"In a single day, we've greeted both the Magistrate of Jinzhou and her trusted Counselor in Hongzhen. I can only assume something significant happened.","Chỉ trong một ngày, chúng ta đã đón cả Quan Chấp Hành Jinzhou lẫn Cố Vấn đáng tin cậy của bà ở Hongzhen. Chắc hẳn đã xảy ra chuyện gì đó nghiêm trọng.",C?n ti?ng Anh nghi v?n: Hongzhen | S? t?/c?m nghi v?n: 1 | T? l? nghi v?n: 0.143 | M?c ??: 4.43
"The Sentinel was last seen flying towards Mianloong Chamber, where it would normally rest. The Fractsidus likely swarmed it soon after.","Lần cuối người ta thấy Người Bảo Vệ là khi nó bay về Phòng Mianloong, nơi nó thường nghỉ ngơi. Chắc hẳn ngay sau đó, bọn Fractsidus đã tràn tới vây lấy nó.",C?n ti?ng Anh nghi v?n: Mianloong | S? t?/c?m nghi v?n: 1 | T? l? nghi v?n: 0.143 | M?c ??: 4.43
"When we captured Scar, he claimed that the Fractsidus has imprisoned our Sentinel.","Khi bắt được Scar, hắn ta nói rằng Fractsidus đã giam giữ Sentinel của chúng ta.",C?n ti?ng Anh nghi v?n: Scar | S? t?/c?m nghi v?n: 1 | T? l? nghi v?n: 0.143 | M?c ??: 4.43
"Jinhsi, you are given one last opportunity. Let me freeze the time, and I can ensure your safety.","Jinhsi, ngươi được trao một cơ hội cuối. Hãy để ta đóng băng thời gian, ta có thể đảm bảo an toàn cho ngươi.",C?n ti?ng Anh nghi v?n: Jinhsi | S? t?/c?m nghi v?n: 1 | T? l? nghi v?n: 0.143 | M?c ??: 4.43
"I want to protect Jinzhou in my own way, as Jinhsi, as a citizen of Jinzhou, and as Jinzhou's Magistrate.","Ta muốn bảo vệ Jinzhou theo cách của riêng mình, với tư cách là Jinhsi, một công dân của Jinzhou, và là Quan Chấp Hành của Jinzhou.",C?n ti?ng Anh nghi v?n: Jinhsi | S? t?/c?m nghi v?n: 1 | T? l? nghi v?n: 0.143 | M?c ??: 4.43
No. A Chronosorter can only rewind time within a narrow range. It's no match for the Sentinel's immense power.,Không. Máy Chronosorter chỉ có thể tua ngược thời gian trong một phạm vi hẹp. Nó chẳng là gì so với sức mạnh khủng khiếp của Sentinel.,C?n ti?ng Anh nghi v?n: Chronosorter | S? t?/c?m nghi v?n: 1 | T? l? nghi v?n: 0.143 | M?c ??: 4.43
That makes sense. Maybe a Tacet Discord got stuck in a trap or wedged in a crevice?,Hợp lý đấy. Hay là có con Tacet Discord nào đó bị mắc kẹt trong bẫy hoặc kẹt trong khe đá?,C?n ti?ng Anh nghi v?n: Discord | S? t?/c?m nghi v?n: 1 | T? l? nghi v?n: 0.143 | M?c ??: 4.43
"No... they might be relics from the Pre-Lament era. Hmm... Perhaps colossal colliders or planetary engines? Anyway, let's snap a picture.","Không... có lẽ đây là di vật từ thời kỳ Tiền Than Khóc. Hmm... có thể là máy gia tốc khổng lồ hay động cơ hành tinh chăng? Dù sao thì, chụp lại vài tấm đi.",C?n ti?ng Anh nghi v?n: Hmm | S? t?/c?m nghi v?n: 1 | T? l? nghi v?n: 0.143 | M?c ??: 4.43
"I heard it first appeared along with our Sentinel. Later, the Court of Savantae based their Chronosorters on its design.","Nghe nói nó xuất hiện cùng với Sentinel của chúng ta. Sau này, Tòa án Savantae còn dựa vào thiết kế của nó để tạo ra Chronosorter.",C?n ti?ng Anh nghi v?n: Savantae | S? t?/c?m nghi v?n: 1 | T? l? nghi v?n: 0.143 | M?c ??: 4.43
"Haha, who cares? Today's story sounds more entertaining than yesterday's. That's all I care about!","Haha, ai quan tâm chứ? Câu chuyện hôm nay nghe vui hơn hôm qua là được rồi!",C?n ti?ng Anh nghi v?n: Haha | S? t?/c?m nghi v?n: 1 | T? l? nghi v?n: 0.143 | M?c ??: 4.43
"I gave him a tour around Hongzhen, and then we became quite close. As it turns out, we're actually related.","Ta dẫn cậu ấy đi tham quan Hongzhen, rồi dần trở nên thân thiết. Hóa ra, chúng ta còn có quan hệ họ hàng nữa.",C?n ti?ng Anh nghi v?n: Hongzhen | S? t?/c?m nghi v?n: 1 | T? l? nghi v?n: 0.143 | M?c ??: 4.43
The painting they showed us and the artworks in the studio... they all match what Mingyan described in her diary.,Bức tranh họ cho chúng ta xem và những tác phẩm trong xưởng vẽ... tất cả đều khớp với những gì Mingyan miêu tả trong nhật ký của cô.,C?n ti?ng Anh nghi v?n: Mingyan | S? t?/c?m nghi v?n: 1 | T? l? nghi v?n: 0.143 | M?c ??: 4.43
The Shanyun Art Exchange is undergoing investigation. It'll be the end of their businesses... And the painters they coerced are finally set free.,Giao Lưu Nghệ Thuật Shanyun đang bị điều tra. Kinh doanh của họ coi như chấm dứt... Và những họa sĩ bị ép buộc cuối cùng cũng được tự do.,C?n ti?ng Anh nghi v?n: Shanyun | S? t?/c?m nghi v?n: 1 | T? l? nghi v?n: 0.143 | M?c ??: 4.43
"Mingyan, I hope you can find your true self, whoever she is. I know you can do it.","Mingyan à, ta mong con có thể tìm lại được bản ngã thật sự của mình, dù đó là ai đi chăng nữa. Ta biết con làm được.",C?n ti?ng Anh nghi v?n: Mingyan | S? t?/c?m nghi v?n: 1 | T? l? nghi v?n: 0.143 | M?c ??: 4.43
Remember the play Ying told us about when she showed us the treasure map?,Nhớ vở kịch mà Ying kể cho chúng ta khi cô ấy cho xem bản đồ kho báu không?,C?n ti?ng Anh nghi v?n: Ying | S? t?/c?m nghi v?n: 1 | T? l? nghi v?n: 0.143 | M?c ??: 4.43
"As you saw earlier, the Sound Emulator at the Lollo Warehouse hasn't reported back in a long time, likely due to a malfunction. I'll leave the repairs to you.","Như cậu đã thấy trước đó, Bộ Mô Phỏng Âm Thanh ở Kho Lollo đã lâu không báo cáo, có lẽ do trục trặc. Việc sửa chữa xin giao lại cho cậu.",C?n ti?ng Anh nghi v?n: Lollo | S? t?/c?m nghi v?n: 1 | T? l? nghi v?n: 0.143 | M?c ??: 4.43
My ability to manipulate portals functions more efficiently within this Sonoro-made space.,Khả năng điều khiển cổng không gian của ta hoạt động hiệu quả hơn trong không gian do Sonoro tạo ra.,C?n ti?ng Anh nghi v?n: Sonoro | S? t?/c?m nghi v?n: 1 | T? l? nghi v?n: 0.143 | M?c ??: 4.43
"After some hard work, Alannah manages to send a shipment of Jinzhou-styled Echo plushies to Ragunna.","Sau bao công sức, Alannah cũng gửi được một lô thú nhồi bông Echo phong cách Kim Châu đến Ragunna.",C?n ti?ng Anh nghi v?n: Alannah | S? t?/c?m nghi v?n: 1 | T? l? nghi v?n: 0.143 | M?c ??: 4.43
"After bowing deeply, Lumi grabs a delivery crate and rushes out of the station.","Sau khi cúi chào sâu, Lumi vội vã xách thùng hàng giao đi và lao ra khỏi ga.",C?n ti?ng Anh nghi v?n: Lumi | S? t?/c?m nghi v?n: 1 | T? l? nghi v?n: 0.143 | M?c ??: 4.43
They then posed as Jing's parents and lay in wait until Xinyi figured it out.,"Sau đó, chúng giả làm bố mẹ của Jing và mai phục cho đến khi Xinyi phát hiện ra.",C?n ti?ng Anh nghi v?n: Xinyi | S? t?/c?m nghi v?n: 1 | T? l? nghi v?n: 0.143 | M?c ??: 4.43
"It's locked... So Camellya, in her Overclocked state, damaged the locked door's security system, when her mind was unclear?","Cửa bị khóa rồi... Vậy là Camellya, trong trạng thái Overclock, đã làm hỏng hệ thống an ninh của cánh cửa bị khóa khi tâm trí cô ấy không tỉnh táo sao?",C?n ti?ng Anh nghi v?n: Camellya | S? t?/c?m nghi v?n: 1 | T? l? nghi v?n: 0.143 | M?c ??: 4.43
Camellya is trapped deep inside... She must be in danger now. I need to find the correct juncture fast.,Camellya bị mắc kẹt sâu bên trong... Chắc giờ cô ấy đang gặp nguy rồi. Ta phải tìm đúng điểm giao thoa thật nhanh.,C?n ti?ng Anh nghi v?n: Camellya | S? t?/c?m nghi v?n: 1 | T? l? nghi v?n: 0.143 | M?c ??: 4.43
"As for you, I'll use the Lumenstones as anchors of my Orchestration to reshape your body. With a few notes of dissonance, of course.","Còn với cậu, ta sẽ dùng Lumenstones làm mỏ neo cho Bản Giao Hưởng của ta để tái tạo lại cơ thể cậu. Tất nhiên, sẽ có vài nốt bất hòa xen vào.",C?n ti?ng Anh nghi v?n: Lumenstones | S? t?/c?m nghi v?n: 1 | T? l? nghi v?n: 0.143 | M?c ??: 4.43
The scars left by Aulus and Verbia's duel will remain for all who follow. Proof it wasn't just a dream.,Những vết sẹo do cuộc đấu giữa Aulus và Verbia để lại sẽ còn mãi với những ai theo sau. Bằng chứng cho thấy đó không chỉ là một giấc mơ.,C?n ti?ng Anh nghi v?n: Aulus | S? t?/c?m nghi v?n: 1 | T? l? nghi v?n: 0.143 | M?c ??: 4.43
"No need for swords and scowls, {Male=Mr.;Female=Ms.} {PlayerName}. I didn't come by choice. The Lumenstone brought me.","Không cần vung kiếm hay cau có thế, {Male=anh;Female=chị} {PlayerName}. Ta đến đây không phải do tự nguyện. Chính Lumenstone đã đưa ta tới.",C?n ti?ng Anh nghi v?n: Lumenstone | S? t?/c?m nghi v?n: 1 | T? l? nghi v?n: 0.143 | M?c ??: 4.43
Tch. Just brushing against that thing… feels like a thousand voices clawing through my skull. This arm's done for.,Tch. Chỉ chạm sơ qua cái thứ đó thôi… mà như có cả ngàn tiếng nói cào xé trong đầu ta. Cánh tay này coi như toi rồi.,C?n ti?ng Anh nghi v?n: Tch | S? t?/c?m nghi v?n: 1 | T? l? nghi v?n: 0.143 | M?c ??: 4.43
"A trial... My strengths, my character, have already failed me in trials too many... Lady Lillibet, will I perish in this trial?","Một thử thách... Sức mạnh, bản lĩnh của ta đã bao lần thất bại trong những thử thách như thế... Liệu ta có gục ngã trong lần này không, phu nhân Lillibet?",C?n ti?ng Anh nghi v?n: Lillibet | S? t?/c?m nghi v?n: 1 | T? l? nghi v?n: 0.143 | M?c ??: 4.43
"Nothing, Lady Lillibet. It's a shame I can't answer to her feelings—I'll have my Ta-da keep her company instead!","Không có gì đâu, tiểu thư Lillibet. Thật tiếc khi ta không thể đáp lại tình cảm của nàng—thay vào đó, ta sẽ để Ta-da ở lại bầu bạn với nàng!",C?n ti?ng Anh nghi v?n: Lillibet | S? t?/c?m nghi v?n: 1 | T? l? nghi v?n: 0.143 | M?c ??: 4.43
I want my money back. The fishing gear. The shrimp. <i>The King in Armor</i>. All those Shell Credits you swiped from me!,Ta muốn lấy lại tiền của ta. Cần câu. Con tôm. <i>Vua Áo Giáp</i>. Tất cả mấy Shell Credit ngươi đã cuỗm của ta!,C?n ti?ng Anh nghi v?n: Shell | S? t?/c?m nghi v?n: 1 | T? l? nghi v?n: 0.143 | M?c ??: 4.43
"Aha, good to hear your voice. I'm Yhoran. We met back at the Black Shores.","A, nghe giọng cậu là thấy vui rồi. Ta là Yhoran. Chúng ta gặp nhau ở Bờ Đen ấy.",C?n ti?ng Anh nghi v?n: Yhoran | S? t?/c?m nghi v?n: 1 | T? l? nghi v?n: 0.143 | M?c ??: 4.43
"Hahaha, forgive me. I just get carried away whenever I see your majestic figure…","Hahaha, tha lỗi cho ta nhé. Chỉ là mỗi lần thấy dáng vẻ oai phong của ngươi, ta lại không kiềm chế được…",C?n ti?ng Anh nghi v?n: Hahaha | S? t?/c?m nghi v?n: 1 | T? l? nghi v?n: 0.143 | M?c ??: 4.43
"Ugh, I feel really dizzy. Where's the cash register…? What's going on? Wasn't I just in an overtime shift?","Ugh, đầu óc ta quay cuồng quá. Quầy thu ngân đâu rồi…? Chuyện gì đang xảy ra thế? Ta vừa mới làm thêm giờ xong mà?",C?n ti?ng Anh nghi v?n: Ugh | S? t?/c?m nghi v?n: 1 | T? l? nghi v?n: 0.143 | M?c ??: 4.43
The Namipon shuttle lines to the Central and Commercial Districts have been cleared. We're free to search the city for clues now.,Các tuyến tàu Namipon đến Khu Trung Tâm và Khu Thương Mại đã được thông suốt. Giờ chúng ta có thể tự do lục soát thành phố để tìm manh mối rồi.,C?n ti?ng Anh nghi v?n: Namipon | S? t?/c?m nghi v?n: 1 | T? l? nghi v?n: 0.143 | M?c ??: 4.43
"Ms. Kirine was always sick and stuck inside, so it turned her into a flying ghost. It's like her wish to be free was granted... but in a twisted way?","Cô Kirine lúc nào cũng ốm yếu, giam mình trong nhà, nên hóa thành một hồn ma bay lượn. Giống như ước mơ được tự do của cô ấy thành hiện thực... nhưng theo cách méo mó ấy mà?",C?n ti?ng Anh nghi v?n: Kirine | S? t?/c?m nghi v?n: 1 | T? l? nghi v?n: 0.143 | M?c ??: 4.43
"Ah, but don't worry. If I am a ghost, I'm a nice one. After all, the people who once lived in Honami loved it dearly. Whatever they left behind... must be gentle, too.","À, nhưng đừng lo. Nếu ta là hồn ma, thì ta cũng là hồn ma tốt bụng. Dù sao, những người từng sống ở Honami đều rất yêu mến nơi này. Những gì họ để lại... chắc hẳn cũng dịu dàng lắm.",C?n ti?ng Anh nghi v?n: Honami | S? t?/c?m nghi v?n: 1 | T? l? nghi v?n: 0.143 | M?c ??: 4.43
"You're in Honami. A city that was destroyed decades ago. You'll still see its name on bus stop signs, in street ads, and in local textbooks for kids.","Cậu đang ở Honami. Một thành phố đã bị hủy diệt từ hàng thập kỷ trước. Nhưng tên nó vẫn còn trên các biển dừng xe buýt, trong quảng cáo đường phố, và trong sách giáo khoa địa phương cho trẻ em.",C?n ti?ng Anh nghi v?n: Honami | S? t?/c?m nghi v?n: 1 | T? l? nghi v?n: 0.143 | M?c ??: 4.43
"She suspected the Sonoro doesn't just loop. It also has a different inner time flow than the outside world. To test her theory, she took apart countless clocks and logged everything. Even her wristwatch was...","Cô nghi ngờ Sonoro không chỉ đơn thuần lặp lại. Nó còn có dòng chảy thời gian bên trong khác với thế giới bên ngoài. Để kiểm chứng giả thuyết, cô đã tháo rời vô số chiếc đồng hồ và ghi chép lại mọi thứ. Ngay cả chiếc đồng hồ đeo tay của cô cũng...",C?n ti?ng Anh nghi v?n: Sonoro | S? t?/c?m nghi v?n: 1 | T? l? nghi v?n: 0.143 | M?c ??: 4.43
"No, I promised her yesterday... I said we'd watch TV together when I got back. I can't leave her waiting there alone—","Không, hôm qua tôi đã hứa với con rồi... Tôi bảo khi về sẽ cùng con xem TV. Không thể để con đợi một mình được...",C?n ti?ng Anh nghi v?n: TV | S? t?/c?m nghi v?n: 1 | T? l? nghi v?n: 0.143 | M?c ??: 4.43
"Back then, Sumika used to tease me. She'd say I had to map everything out—routes, terrain, vantage points, exits and entrances. All of it. But she… always went with her gut. Terrible sense of direction, though.","Hồi đó, Sumika hay trêu ta. Cô ấy bảo ta lúc nào cũng phải vạch sẵn mọi thứ—lộ trình, địa hình, điểm cao, lối ra vào. Tất tần tật. Nhưng cô ấy… lại luôn đi theo trực giác. Dù vậy, khả năng định hướng của cô ấy thì tệ thật.",C?n ti?ng Anh nghi v?n: Sumika | S? t?/c?m nghi v?n: 1 | T? l? nghi v?n: 0.143 | M?c ??: 4.43
Let's return to the cafe first. We'll need to check with Namipon and see if the Longings we've gathered are enough to guide us to the Tower.,Ta hãy quay về quán cà phê trước đã. Cần kiểm tra với Namipon xem những Khát Vọng ta thu thập được đã đủ để dẫn đường tới Tòa Tháp chưa.,C?n ti?ng Anh nghi v?n: Namipon | S? t?/c?m nghi v?n: 1 | T? l? nghi v?n: 0.143 | M?c ??: 4.43
"And Namipon... even though we were only together for two months, every time I came back to the cafe... it was always there, waiting for me.","Còn Namipon... Dù chúng con chỉ ở bên nhau hai tháng, nhưng mỗi lần con quay lại quán cà phê... nó vẫn ở đó, chờ con.",C?n ti?ng Anh nghi v?n: Namipon | S? t?/c?m nghi v?n: 1 | T? l? nghi v?n: 0.143 | M?c ??: 4.43
"To lighten her master's troubles is the basic duty of a maid.
If you are reading this note, it means—
I have already set out to retrieve the castaway for you!

This time, the castaway should be near the Meishin Passageway.
There shouldn't be any danger… I hope.","Làm vơi bớt nỗi lo của chủ nhân là bổn phận cơ bản của một người hầu.
Nếu ngươi đang đọc mảnh giấy này, nghĩa là—
Ta đã lên đường đi tìm vật thể trôi dạt cho ngươi rồi!

Lần này, vật thể trôi dạt có lẽ ở gần Đường hầm Meishin.
Chắc không có nguy hiểm đâu… Ta mong vậy.",C?n ti?ng Anh nghi v?n: Meishin | S? t?/c?m nghi v?n: 1 | T? l? nghi v?n: 0.143 | M?c ??: 4.43
"I washed up half-naked on the beach, but we managed to scrape together some supplies. They're yours after we find Liel.","Tôi dạt vào bờ với bộ dạng trần trụi, nhưng chúng ta cũng xoay sở gom được chút đồ. Chúng sẽ là của anh sau khi tìm được Liel.",C?n ti?ng Anh nghi v?n: Liel | S? t?/c?m nghi v?n: 1 | T? l? nghi v?n: 0.143 | M?c ??: 4.43
The Montelli family's interest aligns with yours. An uninterrupted Carnevale for you… an unfettered Ragunna for us.,Lợi ích của gia tộc Montelli trùng khớp với lợi ích của ngươi. Một lễ Carnevale không gián đoạn cho ngươi… một Ragunna không bị trói buộc cho chúng ta.,C?n ti?ng Anh nghi v?n: Montelli | S? t?/c?m nghi v?n: 1 | T? l? nghi v?n: 0.143 | M?c ??: 4.43
Good day! Are you here for the Ducat Auction? I'm afraid we've closed entries for today's session. We would be delighted to see you at our next auction though.,Chào cậu! Cậu đến để tham gia Đấu giá Ducat à? Tiếc là chúng tôi đã đóng đăng ký cho phiên hôm nay rồi. Nhưng rất mong được gặp lại cậu ở phiên đấu giá tiếp theo nhé.,C?n ti?ng Anh nghi v?n: Ducat | S? t?/c?m nghi v?n: 1 | T? l? nghi v?n: 0.143 | M?c ??: 4.43
But their power is essential for dealing with Tacet Discords and other threats at sea. You could say the reliance on Common Echoes has shackled our ambitions to venture beyond our borders.,"Nhưng sức mạnh của chúng lại là thứ thiết yếu để đối phó với Tacet Discord và những mối đe dọa khác trên biển. Có thể nói, sự phụ thuộc vào Common Echoes đã xiềng chân tham vọng vươn ra ngoài biên giới của chúng ta.",C?n ti?ng Anh nghi v?n: Common | S? t?/c?m nghi v?n: 1 | T? l? nghi v?n: 0.143 | M?c ??: 4.43
"That tree... I remember you can see it from the highest point in town. That may be your best bet. I'll leave Carlow to you, then.",Cái cây đó... ta nhớ là từ điểm cao nhất trong thị trấn có thể nhìn thấy nó. Có lẽ đó là lựa chọn tốt nhất của cậu. Vậy thì ta giao Carlow cho cậu nhé.,C?n ti?ng Anh nghi v?n: Carlow | S? t?/c?m nghi v?n: 1 | T? l? nghi v?n: 0.143 | M?c ??: 4.43
"Exactly. I believe you've unintentionally picked up a unique frequency, {PlayerName}. With the Somnoire obtaining samples from Ragunna, I was finally able to connect with you.","Chính xác. Ta tin rằng cậu đã vô tình tiếp nhận một tần số đặc biệt, {PlayerName}. Sau khi Somnoire lấy được mẫu vật từ Ragunna, ta mới có thể kết nối với cậu.",C?n ti?ng Anh nghi v?n: Somnoire | S? t?/c?m nghi v?n: 1 | T? l? nghi v?n: 0.143 | M?c ??: 4.43
Glad we agree on that. Painter here is the classic villain in this story.,Thật vui khi ta cùng chung quan điểm. Painter ở đây chính là kẻ phản diện điển hình trong câu chuyện này.,C?n ti?ng Anh nghi v?n: Painter | S? t?/c?m nghi v?n: 1 | T? l? nghi v?n: 0.143 | M?c ??: 4.43
"Hear hear! We're planning to commission a <color=Highlight>statue</color> in your honor, and it will be placed right here!","Nghe này nghe nè! Chúng ta đang lên kế hoạch đặt làm một <color=Highlight>statue</color> để vinh danh cậu, và sẽ đặt ngay tại đây!",C?n ti?ng Anh nghi v?n: statue | S? t?/c?m nghi v?n: 1 | T? l? nghi v?n: 0.143 | M?c ??: 4.43
"The Sonance Caskets you've collected have kept the village from falling apart along with the weakening painting. Otherwise, a lot more Echoes would be acting weird.","Những Hòm Sonance ngươi thu thập được đã giúp ngôi làng không bị tan rã theo bức tranh đang suy yếu. Nếu không, sẽ có nhiều Echo hành xử kỳ lạ hơn nữa.",C?n ti?ng Anh nghi v?n: Sonance | S? t?/c?m nghi v?n: 1 | T? l? nghi v?n: 0.143 | M?c ??: 4.43
"We often venture out together to gather inspirations, but lately, with preparations for the Carnevale, I've been caught up and had to leave Melody to handle it alone in the city.","Chúng tôi thường cùng nhau ra ngoài tìm cảm hứng, nhưng dạo này vì chuẩn bị cho Carnevale, tôi bận bịu nên đành để Melody một mình lo liệu mọi việc trong thành phố.",C?n ti?ng Anh nghi v?n: Melody | S? t?/c?m nghi v?n: 1 | T? l? nghi v?n: 0.143 | M?c ??: 4.43
"These flashbacks... Could it be from touching that mirror? Energy crystals made into a mirror, with a pre-made Sonoro inside... Hmm, a sly trap.","Những đoạn hồi tưởng này... Phải chăng do chạm vào tấm gương kia? Một chiếc gương làm từ tinh thể năng lượng, bên trong đã cài sẵn Sonoro... Hừm, quả là cái bẫy tinh vi.",C?n ti?ng Anh nghi v?n: Sonoro | S? t?/c?m nghi v?n: 1 | T? l? nghi v?n: 0.143 | M?c ??: 4.43
"Concerned for Carlotta's safety, you enter the mirror as well and hand her the gun that Francesco entrusted to you.","Lo lắng cho sự an toàn của Carlotta, cậu cũng bước vào gương và đưa cho cô khẩu súng mà Francesco đã giao phó.",C?n ti?ng Anh nghi v?n: Francesco | S? t?/c?m nghi v?n: 1 | T? l? nghi v?n: 0.143 | M?c ??: 4.43
Good idea. Let's bring these Echoes along. Plus we could use some extra help with the opera.,Ý hay đấy. Mang mấy cái Echo này theo luôn. Chúng ta cũng cần thêm người giúp cho vở opera.,C?n ti?ng Anh nghi v?n: opera | S? t?/c?m nghi v?n: 1 | T? l? nghi v?n: 0.143 | M?c ??: 4.43
"Exactly, which is why we just need to ensure Padrino doesn't find out. Once the deal's done, it'll all be behind us.","Chuẩn không cần chỉnh, nên chúng ta chỉ cần đảm bảo Padrino không phát hiện ra thôi. Một khi giao dịch xong, mọi chuyện sẽ qua đi.",C?n ti?ng Anh nghi v?n: Padrino | S? t?/c?m nghi v?n: 1 | T? l? nghi v?n: 0.143 | M?c ??: 4.43
"Besides, Capollo is Padrino's own son. Following his lead is bound to benefit us in the long run.",Mà Capollo lại là con trai của Padrino đấy. Theo hắn thì sớm muộn gì cũng có lợi cho chúng ta thôi.,C?n ti?ng Anh nghi v?n: Capollo | S? t?/c?m nghi v?n: 1 | T? l? nghi v?n: 0.143 | M?c ??: 4.43
"It's clear that this Montelli member, caught in his own emotional turmoil, won't give you any further response. You decide to check other areas of the trading venue.","Rõ ràng thành viên Montelli này đang chìm trong hỗn loạn cảm xúc của chính mình, chắc chắn sẽ không trả lời cậu thêm được gì. Cậu quyết định kiểm tra các khu vực khác trong khu giao dịch.",C?n ti?ng Anh nghi v?n: Montelli | S? t?/c?m nghi v?n: 1 | T? l? nghi v?n: 0.143 | M?c ??: 4.43
"How sad, Ms. Carlotta. Such loyalty to your family, only to be left in the dark. No one bothered to inform you, did they?","Thật đáng buồn cho cô, cô Carlotta. Một lòng trung thành với gia đình, vậy mà lại bị bỏ lại trong bóng tối. Chẳng ai thèm báo cho cô biết, phải không?",C?n ti?ng Anh nghi v?n: Carlotta | S? t?/c?m nghi v?n: 1 | T? l? nghi v?n: 0.143 | M?c ??: 4.43
"For him, it was always business first, friendship second. When he was running late, he'd stay up that <color=yellow>hill</color> sometimes. We even set up a shelter there after it happened a few times. That's all.","Với anh ấy, công việc luôn là trên hết, tình bạn đứng thứ hai. Khi trễ giờ, anh ấy thường ở lại trên <color=yellow>hill</color> kia. Sau vài lần như vậy, chúng tôi còn dựng cả một cái chòi ở đó. Chỉ thế thôi.",C?n ti?ng Anh nghi v?n: hill | S? t?/c?m nghi v?n: 1 | T? l? nghi v?n: 0.143 | M?c ??: 4.43
"This must be what Benett was trying to tell us before he died. Someone with access to the vault has broken their oath and leaked the data module. Now, only Uncle, Grandfather, and I have the clearance to retrieve it.","Đây chắc hẳn là điều Benett cố nói với chúng ta trước khi chết. Ai đó có quyền truy cập vào kho đã phá vỡ lời thề và làm rò rỉ mô-đun dữ liệu. Giờ chỉ còn Bác, Ông Nội và ta có quyền lấy nó thôi.",C?n ti?ng Anh nghi v?n: Benett | S? t?/c?m nghi v?n: 1 | T? l? nghi v?n: 0.143 | M?c ??: 4.43
We need to adjust our strategy. My conversation with Capollo will have alerted him. He's likely to move the module sooner than expected. I need to inspect the dock for any clues.,Chúng ta cần thay đổi chiến lược. Cuộc nói chuyện của tôi với Capollo chắc chắn đã khiến hắn cảnh giác. Hắn có thể sẽ di chuyển mô-đun sớm hơn dự kiến. Tôi cần kiểm tra bến tàu xem có manh mối nào không.,C?n ti?ng Anh nghi v?n: Capollo | S? t?/c?m nghi v?n: 1 | T? l? nghi v?n: 0.143 | M?c ??: 4.43
"The old give way to the new, that is the way of the world. But for us Montellis, the courage to break from the past matters far more than clinging to it.","Cũ phải nhường chỗ cho mới, đó là quy luật của thế gian. Nhưng với chúng ta, nhà Montellis, dũng khí để đoạn tuyệt với quá khứ quan trọng hơn nhiều so với việc níu kéo nó.",C?n ti?ng Anh nghi v?n: Montellis | S? t?/c?m nghi v?n: 1 | T? l? nghi v?n: 0.143 | M?c ??: 4.43
"Think about Benett. If you take care of this, I will overlook what he stole and let it be a thing of the past. I know you care more about your late friend than you're willing to admit.","Nghĩ về Benett đi. Nếu cậu giải quyết chuyện này, ta sẽ bỏ qua chuyện hắn lấy trộm và coi như chuyện cũ qua rồi. Ta biết cậu quan tâm đến người bạn quá cố của mình hơn là cậu muốn thừa nhận.",C?n ti?ng Anh nghi v?n: Benett | S? t?/c?m nghi v?n: 1 | T? l? nghi v?n: 0.143 | M?c ??: 4.43
The Montelli family prides themselves on their eclectic taste in art. Any style by any artist can find its home within their quarter.,"Gia tộc Montelli tự hào về gu thẩm mỹ đa dạng trong nghệ thuật. Bất kỳ phong cách nào, của bất kỳ nghệ sĩ nào, đều có thể tìm thấy chỗ đứng trong khu của họ.",C?n ti?ng Anh nghi v?n: Montelli | S? t?/c?m nghi v?n: 1 | T? l? nghi v?n: 0.143 | M?c ??: 4.43
"The path of the Montelli family is one of unity. We stand together, leaving no one behind.","Con đường của gia tộc Montelli là sự đoàn kết. Chúng ta sát cánh bên nhau, không bỏ lại ai phía sau.",C?n ti?ng Anh nghi v?n: Montelli | S? t?/c?m nghi v?n: 1 | T? l? nghi v?n: 0.143 | M?c ??: 4.43
"I tried to persuade him to leave with me, but failed. In Ragunna's game, the Montelli family has only two options.","Ta đã cố thuyết phục hắn rời đi cùng ta, nhưng thất bại. Trong trò chơi của Ragunna, gia tộc Montelli chỉ có hai lựa chọn.",C?n ti?ng Anh nghi v?n: Montelli | S? t?/c?m nghi v?n: 1 | T? l? nghi v?n: 0.143 | M?c ??: 4.43
"So when I heard Fratellino say he wanted to join the Pioneer Association, I immediately thought, ""Ah, this is my first step!""","Khi nghe Fratellino nói muốn gia nhập Hiệp Hội Tiên Phong, ta lập tức nghĩ: ""À, đây là bước đầu tiên của ta rồi!""",C?n ti?ng Anh nghi v?n: Fratellino | S? t?/c?m nghi v?n: 1 | T? l? nghi v?n: 0.143 | M?c ??: 4.43
"Before I explain, you should see a past record stored in Tethys. It's important for you to see it yourself.","Trước khi ta giải thích, ngươi nên xem một đoạn ghi chép cũ lưu trong Tethys đã. Điều này rất quan trọng để ngươi tự mình chứng kiến.",C?n ti?ng Anh nghi v?n: Tethys | S? t?/c?m nghi v?n: 1 | T? l? nghi v?n: 0.143 | M?c ??: 4.43
"The Nexus granted them knowledge of Echoes and sent them to help build their cities. The people named the island Rinascita and built sanctuaries with inscriptions, honoring the voice that guided them to paradise.","Nexus đã ban cho họ tri thức về Echo và cử họ đi giúp xây dựng những thành phố. Người dân đặt tên hòn đảo là Rinascita và dựng lên những thánh đường với những dòng chữ khắc, tôn vinh giọng nói đã dẫn dắt họ đến thiên đường.",C?n ti?ng Anh nghi v?n: Nexus | S? t?/c?m nghi v?n: 1 | T? l? nghi v?n: 0.143 | M?c ??: 4.43
"Heard the news? The Order's bringing in a ""Conductor"" for this year's Carnevale!","Nghe tin chưa? Năm nay Order mời một ""Conductor"" đến cho Carnevale đấy!",C?n ti?ng Anh nghi v?n: Conductor | S? t?/c?m nghi v?n: 1 | T? l? nghi v?n: 0.143 | M?c ??: 4.43
"Simply put, many terrible accidents happened during that Carnevale, like Echoes losing control. Since then, the Primus ordered the Carnevale to stop.","Nói đơn giản, trong lễ hội Carnevale đó đã xảy ra nhiều tai nạn khủng khiếp, như Cộng Hưởng Giả mất kiểm soát. Từ đó, Primus ra lệnh ngừng tổ chức Carnevale.",C?n ti?ng Anh nghi v?n: Primus | S? t?/c?m nghi v?n: 1 | T? l? nghi v?n: 0.143 | M?c ??: 4.43
"She may not have given us anything useful, but she did remind me of one thing—that Vitreum Dancer's behavior was different from those Echoes that went wild in the past. It seemed to have a clear goal and a sentience.","Cô ấy có thể chẳng cung cấp được thông tin gì hữu ích, nhưng lại nhắc tôi nhớ ra một điều—hành vi của Vitreum Dancer khác hẳn những Echo điên loạn trước đây. Nó dường như có mục tiêu rõ ràng và ý thức riêng.",C?n ti?ng Anh nghi v?n: Vitreum | S? t?/c?m nghi v?n: 1 | T? l? nghi v?n: 0.143 | M?c ??: 4.43
"Ha, indeed {Male=he;Female=she} is. Ragunna's routes have only recently opened, so {Male=his;Female=her} feats haven't made it here yet. Should you perform a great deed, trust me to ensure your name echoes throughout Ragunna!","Ha, đúng là {Male=hắn;Female=nàng} thật. Mới đây tuyến đường Ragunna mới mở, nên chiến công của {Male=hắn;Female=nàng} vẫn chưa lan tới đây. Nếu ngươi lập được kỳ tích, ta sẽ đảm bảo tên tuổi ngươi vang danh khắp Ragunna!",C?n ti?ng Anh nghi v?n: Ha | S? t?/c?m nghi v?n: 1 | T? l? nghi v?n: 0.143 | M?c ??: 4.43
"Hehe, so eager to skip the pleasantries, are we? I'm right here. Do I seem invisible, or are you simply ignoring me? I am... right behind you.","Hehe, sốt sắng bỏ qua mấy câu xã giao thế? Tớ ở ngay đây mà. Cậu không thấy tớ hay là cố tình làm ngơ? Tớ đang... đứng ngay sau lưng cậu đấy.",C?n ti?ng Anh nghi v?n: Hehe | S? t?/c?m nghi v?n: 1 | T? l? nghi v?n: 0.143 | M?c ??: 4.43
We must uncover why the Echo lost control. We cannot let the Fisalias use this to tarnish our reputation any further!,Chúng ta phải tìm ra lý do Echo mất kiểm soát. Không thể để lũ Fisalias lợi dụng chuyện này bôi nhọ danh tiếng của ta thêm nữa!,C?n ti?ng Anh nghi v?n: Fisalias | S? t?/c?m nghi v?n: 1 | T? l? nghi v?n: 0.143 | M?c ??: 4.43
"From what we know, the Montelli family has no motive for such incidents. They've been anticipating the Carnevale's arrival.","Theo những gì chúng ta biết, gia tộc Montelli không có động cơ gây ra những sự việc như vậy. Họ đang mong chờ lễ hội Carnevale tới.",C?n ti?ng Anh nghi v?n: Montelli | S? t?/c?m nghi v?n: 1 | T? l? nghi v?n: 0.143 | M?c ??: 4.43
"Therefore, please accept my sincere apologies, and do enjoy yourself in the city. Should you have any questions about Ragunna, Acolyte Phoebe will gladly help you.","Vì vậy, ta thành thật xin lỗi, và mong cậu tận hưởng thời gian ở thành phố. Nếu có bất kỳ thắc mắc nào về Ragunna, Phoebe Tu Sĩ sẽ sẵn lòng giúp đỡ cậu.",C?n ti?ng Anh nghi v?n: Phoebe | S? t?/c?m nghi v?n: 1 | T? l? nghi v?n: 0.143 | M?c ??: 4.43
"Heard the news? The Order's bringing in a ""Conductor"" for this year's Carnevale!","Nghe tin chưa? Năm nay Order mời một ""Conductor"" đến cho Carnevale đấy!",C?n ti?ng Anh nghi v?n: Conductor | S? t?/c?m nghi v?n: 1 | T? l? nghi v?n: 0.143 | M?c ??: 4.43
"Haha, I can see our friend here is still a bit confused. No worries, my dear {Male=boy;Female=girl}. We'll have a quick rehearsal before the Carnevale begins.","Haha, có vẻ bạn chúng ta vẫn còn hơi bối rối nhỉ. Đừng lo, {Male=anh bạn;Female=em gái} ơi. Chúng ta sẽ tập dượt nhanh trước khi Carnevale bắt đầu.",C?n ti?ng Anh nghi v?n: Haha | S? t?/c?m nghi v?n: 1 | T? l? nghi v?n: 0.143 | M?c ??: 4.43
"The Captain—I mean Brant... He went into the mist to rescue people, but he hasn't returned. We think he might be in danger.","Đội trưởng—ý ta là Brant... Anh ấy đã lao vào sương mù để cứu người, nhưng vẫn chưa trở lại. Chúng tôi lo rằng anh ấy đang gặp nguy hiểm.",C?n ti?ng Anh nghi v?n: Brant | S? t?/c?m nghi v?n: 1 | T? l? nghi v?n: 0.143 | M?c ??: 4.43
"See that lighthouse? It's the only safe place in the mist. We'll head there. Brant might have taken shelter there, too.",Thấy ngọn hải đăng kia không? Đó là nơi duy nhất an toàn trong màn sương này. Chúng ta sẽ đến đó. Có khi Brant cũng đang trú ở đó.,C?n ti?ng Anh nghi v?n: Brant | S? t?/c?m nghi v?n: 1 | T? l? nghi v?n: 0.143 | M?c ??: 4.43
"Brant, you handle the Tacet Discords. I've got the dragon.","Brant, cậu lo mấy con Tacet Discord đi. Con rồng để tớ lo.",C?n ti?ng Anh nghi v?n: Brant | S? t?/c?m nghi v?n: 1 | T? l? nghi v?n: 0.143 | M?c ??: 4.43
"Our troupe has always sought the Laurel, and we won't sit back while others threaten the Carnevale. If they're your foes, then our paths align!","Đoàn của ta luôn theo đuổi giải Laurel, và ta sẽ không đứng nhìn kẻ khác đe dọa Carnevale. Nếu chúng là kẻ thù của ngươi, thì con đường của ta và ngươi cùng một hướng!",C?n ti?ng Anh nghi v?n: Laurel | S? t?/c?m nghi v?n: 1 | T? l? nghi v?n: 0.143 | M?c ??: 4.43
"""Ghost"" is just a dramatic name given by the Ragunnesi for Tacet Discords. They look nearly identical to Echoes, especially in the mist.","""'Ma' chỉ là cái tên kịch tính mà người Ragunnesi đặt cho Tacet Discord. Chúng nhìn gần giống hệt Echo, nhất là trong sương mù.""",C?n ti?ng Anh nghi v?n: Ragunnesi | S? t?/c?m nghi v?n: 1 | T? l? nghi v?n: 0.143 | M?c ??: 4.43
"Haha, seeing your chemistry, I decided to take a little creative liberty with the story. Anyway, it didn't stray too far from the outline, right?","Haha, thấy cậu trò chuyện vui quá, ta quyết định sáng tạo thêm tí cho câu chuyện. Dù sao thì cũng không đi quá xa cốt truyện ban đầu phải không?",C?n ti?ng Anh nghi v?n: Haha | S? t?/c?m nghi v?n: 1 | T? l? nghi v?n: 0.143 | M?c ??: 4.43
"Oh, dear Lady Carlotta, thank the Sentinel, you're finally back! I was just about to close up shop to prepare for tomorrow's Carnevale.","Ôi, phu nhân Carlotta cao quý, tạ ơn Sentinel, cuối cùng bà cũng về! Tôi đang định đóng cửa tiệm để chuẩn bị cho Carnevale ngày mai đây.",C?n ti?ng Anh nghi v?n: Carlotta | S? t?/c?m nghi v?n: 1 | T? l? nghi v?n: 0.143 | M?c ??: 4.43
"With Phrolova's opening cue, your performance begins. 
Each of your allies plays their part to enhance the show, while the main stage is set for you and Carlotta to shine.","Theo tín hiệu mở đầu của Phrolova, màn trình diễn của ngươi bắt đầu.
Mỗi đồng minh đều thể hiện phần của mình để làm nổi bật buổi diễn, trong khi sân khấu chính dành cho ngươi và Carlotta tỏa sáng.",C?n ti?ng Anh nghi v?n: Carlotta | S? t?/c?m nghi v?n: 1 | T? l? nghi v?n: 0.143 | M?c ??: 4.43
What a story. This is definitely headline material. Just think of the leverage the Montelli family could get with this scandal...,Thật là một câu chuyện ly kỳ. Chắc chắn sẽ là tin nóng trên trang nhất. Hãy tưởng tượng xem gia tộc Montelli sẽ có được bao nhiêu lợi thế với vụ bê bối này...,C?n ti?ng Anh nghi v?n: Montelli | S? t?/c?m nghi v?n: 1 | T? l? nghi v?n: 0.143 | M?c ??: 4.43
"After we hand Gilberto over to the family, we'll meet up with you as soon as possible.","Sau khi giao Gilberto cho gia đình hắn xong, chúng tôi sẽ gặp lại cậu sớm nhất có thể.",C?n ti?ng Anh nghi v?n: Gilberto | S? t?/c?m nghi v?n: 1 | T? l? nghi v?n: 0.143 | M?c ??: 4.43
"Wait, Brenno's right here. Then who's poking me in the back? Beppe, you better have a good expla—","Chờ đã, Brenno đang ở ngay đây mà. Vậy ai đang chọc sau lưng ta thế? Beppe, ngươi mà không có lý do chính đáng thì...",C?n ti?ng Anh nghi v?n: Beppe | S? t?/c?m nghi v?n: 1 | T? l? nghi v?n: 0.143 | M?c ??: 4.43
"I thought you were at Ragunna City. Didn't expect to meet you here. Oh, uhh... Sorry, I don't think we've met.","Ta tưởng cậu đang ở Ragunna City. Không ngờ lại gặp cậu ở đây. À, ờ... Xin lỗi, hình như chúng ta chưa gặp nhau bao giờ nhỉ.",C?n ti?ng Anh nghi v?n: City | S? t?/c?m nghi v?n: 1 | T? l? nghi v?n: 0.143 | M?c ??: 4.43
"I'll stay with you. After all, this could provoke outcry from the Fisalia family. If I testify about Gilberto's misdeeds on behalf of the Order, they can't deny the facts or exploit the situation.","Tớ sẽ ở lại với cậu. Dù sao chuyện này có thể gây phản ứng từ gia tộc Fisalia. Nếu tớ làm chứng về tội ác của Gilberto thay cho Hội, họ không thể chối cãi hay lợi dụng tình hình được.",C?n ti?ng Anh nghi v?n: Fisalia | S? t?/c?m nghi v?n: 1 | T? l? nghi v?n: 0.143 | M?c ??: 4.43
"After we hand Gilberto over to the family, we'll meet up with you as soon as possible.","Sau khi giao Gilberto cho gia đình hắn xong, chúng tôi sẽ gặp lại cậu sớm nhất có thể.",C?n ti?ng Anh nghi v?n: Gilberto | S? t?/c?m nghi v?n: 1 | T? l? nghi v?n: 0.143 | M?c ??: 4.43
"This comment on Ragunna comes from Rosselli, a painter from the past. Tragically, he died in poverty, his work overlooked. Now, ironically, even a mere sketch of his commands over a million Credits.","Lời bình về Ragunna này là của Rosselli, một họa sĩ thời xưa. Đáng buồn thay, ông chết trong nghèo khổ, tác phẩm bị lãng quên. Giờ đây, mỉa mai thay, chỉ một bức phác thảo của ông cũng có giá hơn triệu Credit.",C?n ti?ng Anh nghi v?n: Rosselli | S? t?/c?m nghi v?n: 1 | T? l? nghi v?n: 0.143 | M?c ??: 4.43
The Sentinel has revealed a path to resist temptation and corruption. We need only devote ourselves wholly... to Lorelei.,Sentinel đã chỉ ra con đường chống lại cám dỗ và tha hóa. Chúng ta chỉ cần hoàn toàn cống hiến... cho Lorelei.,C?n ti?ng Anh nghi v?n: Lorelei | S? t?/c?m nghi v?n: 1 | T? l? nghi v?n: 0.143 | M?c ??: 4.43
"According to Lorelei, the Sentinel will deliver an oracle during the Carnevale. That's when the truth will come to light.","Theo Lorelei, Sentinel sẽ đưa ra lời tiên tri trong lễ Carnevale. Đó là lúc sự thật sẽ được phơi bày.",C?n ti?ng Anh nghi v?n: Lorelei | S? t?/c?m nghi v?n: 1 | T? l? nghi v?n: 0.143 | M?c ??: 4.43
"This one shows a man in Primus attire, wielding a lantern-shaped relic to dispel shadows and the monsters within.","Bức này vẽ một người đàn ông trong trang phục Primus, cầm một di vật hình đèn lồng để xua tan bóng tối và lũ quái vật bên trong.",C?n ti?ng Anh nghi v?n: Primus | S? t?/c?m nghi v?n: 1 | T? l? nghi v?n: 0.143 | M?c ??: 4.43
"This one shows a man in Primus attire, wielding a lantern-shaped relic to dispel shadows and the monsters within.","Bức này vẽ một người đàn ông trong trang phục Primus, cầm một di vật hình đèn lồng để xua tan bóng tối và lũ quái vật bên trong.",C?n ti?ng Anh nghi v?n: Primus | S? t?/c?m nghi v?n: 1 | T? l? nghi v?n: 0.143 | M?c ??: 4.43
"Carlotta is stunned by the revelation: the legend speaks of two divinities in Rinascita, with the Enlightened One depicted as a young girl—a sharp contrast to the Order's teachings. She suspects the Order destroyed these ruins to conceal this truth. She hints that another secret lies on a northern island, but before she can elaborate, the Order's pursuers arrive.","Carlotta sửng sốt trước tiết lộ: truyền thuyết kể về hai vị thần ở Rinascita, trong đó Đấng Giác Ngộ được miêu tả là một cô gái trẻ—hoàn toàn trái ngược với giáo lý của Giáo hội. Cô nghi ngờ Giáo hội đã phá hủy những tàn tích này để che giấu sự thật. Cô ám chỉ rằng một bí mật khác nằm trên một hòn đảo phía bắc, nhưng chưa kịp nói rõ, những kẻ truy đuổi của Giáo hội đã ập đến.",C?n ti?ng Anh nghi v?n: Carlotta | S? t?/c?m nghi v?n: 1 | T? l? nghi v?n: 0.143 | M?c ??: 4.43
"You discover that the ""secret cache"" is actually a tree, and the item the Order requested the Montelli family to transport was a bomb that would react to the Reverberations in the vault.","Cậu phát hiện ra ""kho bí mật"" thực chất là một cái cây, và món đồ mà Hội yêu cầu gia đình Montelli vận chuyển chính là một quả bom sẽ phản ứng với Sự Vang Động trong hầm chứa.",C?n ti?ng Anh nghi v?n: Montelli | S? t?/c?m nghi v?n: 1 | T? l? nghi v?n: 0.143 | M?c ??: 4.43
"Check the log file with your clearance... There it is, it was taken by ""Ash."" The name rings a bell...","Kiểm tra tập tin nhật ký với quyền truy cập của cậu... Đây rồi, bị lấy đi bởi ""Ash."" Cái tên này nghe quen quen...",C?n ti?ng Anh nghi v?n: Ash | S? t?/c?m nghi v?n: 1 | T? l? nghi v?n: 0.143 | M?c ??: 4.43
"Bella… Since the pirates started stirring the waters around Ragunna, she's been hiring us to guard her family ships.","Bella… Từ khi bọn cướp biển khuấy động vùng biển quanh Ragunna, cô ấy đã thuê chúng ta bảo vệ những con tàu chở hàng của gia đình.",C?n ti?ng Anh nghi v?n: Bella | S? t?/c?m nghi v?n: 1 | T? l? nghi v?n: 0.143 | M?c ??: 4.43
"I'll toss a modest pouch to each of my loyal mateys, and the rest? ALL MINE! Hahaha!","Ta sẽ ném cho mỗi tên tay sai trung thành một túi tiền khiêm tốn, còn lại? TOÀN BỘ LÀ CỦA TA! Hahaha!",C?n ti?ng Anh nghi v?n: Hahaha | S? t?/c?m nghi v?n: 1 | T? l? nghi v?n: 0.143 | M?c ??: 4.43
"You see, objects carry people's thoughts and feelings. And what better way to share those than through an opera?","Cậu thấy đấy, đồ vật mang theo suy nghĩ và cảm xúc của con người. Và còn cách nào tuyệt hơn để chia sẻ chúng nếu không phải qua một vở opera?",C?n ti?ng Anh nghi v?n: opera | S? t?/c?m nghi v?n: 1 | T? l? nghi v?n: 0.143 | M?c ??: 4.43
"The frequencies lingering in this lunachord tell me that its owner never stopped playing, not even during her exile.","Tần số còn vương trên lunachord này cho ta biết chủ nhân của nó chưa bao giờ ngừng chơi, ngay cả trong thời gian lưu đày.",C?n ti?ng Anh nghi v?n: lunachord | S? t?/c?m nghi v?n: 1 | T? l? nghi v?n: 0.143 | M?c ??: 4.43
"""Over wrecked bows and ships adrift, I chase the Golden Fleece's gift...""","Qua mũi tàu gãy đổ, qua những con thuyền trôi dạt, ta đuổi theo món quà của Golden Fleece...",C?n ti?ng Anh nghi v?n: Golden | S? t?/c?m nghi v?n: 1 | T? l? nghi v?n: 0.143 | M?c ??: 4.43
"""Over wrecked bows and ships adrift, I chase the Golden Fleece's gift...""","Qua mũi tàu gãy đổ, qua những con thuyền trôi dạt, ta đuổi theo món quà của Golden Fleece...",C?n ti?ng Anh nghi v?n: Golden | S? t?/c?m nghi v?n: 1 | T? l? nghi v?n: 0.143 | M?c ??: 4.43
"Go ahead. It's for the opera, right? I heard so much bustle outside while I was in bed. I figured they were preparing for a show.",Cứ đi đi. Là cho vở opera phải không? Ta nghe thấy ồn ào ngoài kia khi đang nằm trên giường. Chắc họ đang chuẩn bị cho buổi diễn.,C?n ti?ng Anh nghi v?n: opera | S? t?/c?m nghi v?n: 1 | T? l? nghi v?n: 0.143 | M?c ??: 4.43
"Which means our plays will finally be heard in a city drowning in those oh-so-exciting Codex recitals. Little by little, we'll sneak our songs back in…","Có nghĩa là vở kịch của chúng ta cuối cùng cũng sẽ được nghe thấy ở một thành phố đang chìm ngập trong những buổi độc tấu Codex nhàm chán kia. Dần dần, chúng ta sẽ lẻn những khúc ca của mình trở lại...",C?n ti?ng Anh nghi v?n: Codex | S? t?/c?m nghi v?n: 1 | T? l? nghi v?n: 0.143 | M?c ??: 4.43
Sounds like they accidentally got sealed inside while goofing around. Later the shockwaves from your brawl with the Maiden must've loosened up the seal a bit.,"Nghe chừng tụi nó vô tình bị phong ấn trong đó khi đang nghịch ngợm. Sau đó, chấn động từ trận chiến của cậu với Maiden chắc đã nới lỏng phong ấn đôi chút.",C?n ti?ng Anh nghi v?n: Maiden | S? t?/c?m nghi v?n: 1 | T? l? nghi v?n: 0.143 | M?c ??: 4.43
"Annis is the angel sung about in hymns, a gentle light that appears to those lost in despair.","Annis là thiên thần được ca tụng trong thánh ca, ánh sáng dịu dàng hiện ra trước những ai lạc lối trong tuyệt vọng.",C?n ti?ng Anh nghi v?n: Annis | S? t?/c?m nghi v?n: 1 | T? l? nghi v?n: 0.143 | M?c ??: 4.43
"Once Cantarella took charge of the family, she shielded us, keeping us safe in the castle's depths.","Kể từ khi Cantarella nắm quyền gia tộc, cô đã che chở cho chúng tôi, giữ chúng tôi an toàn trong sâu thẳm lâu đài.",C?n ti?ng Anh nghi v?n: Cantarella | S? t?/c?m nghi v?n: 1 | T? l? nghi v?n: 0.143 | M?c ??: 4.43
"Then why would They split off the Threnodian's energy, and then channel it through Hognis to the person who unsealed the passage?","Vậy tại sao Họ lại tách năng lượng của Threnodian ra, rồi chuyển qua Hognis đến tay người đã mở phong ấn lối đi?",C?n ti?ng Anh nghi v?n: Hognis | S? t?/c?m nghi v?n: 1 | T? l? nghi v?n: 0.143 | M?c ??: 4.43
"With that newfound power, I did briefly regain control, and in that moment, compelled Fleurdelys to strike at my form as it was, corrupted by the Threnodian.","Với sức mạnh mới tìm được ấy, ta đã lấy lại được quyền kiểm soát trong chốc lát, và trong khoảnh khắc đó, ta đã buộc Fleurdelys phải tấn công hình hài này của ta—hình hài đã bị Threnodian vấy bẩn.",C?n ti?ng Anh nghi v?n: Fleurdelys | S? t?/c?m nghi v?n: 1 | T? l? nghi v?n: 0.143 | M?c ??: 4.43
"A superficial harmony needed to be maintained between the Fisalias and the Order, and this underground cable car was intended to send scions of the family to school.","Một sự hòa hoãn hời hợt cần được duy trì giữa gia tộc Fisalias và Hội, và chiếc cáp treo ngầm này được xây dựng để đưa con cháu trong gia đình đến trường.",C?n ti?ng Anh nghi v?n: Fisalias | S? t?/c?m nghi v?n: 1 | T? l? nghi v?n: 0.143 | M?c ??: 4.43
"My true form currently resides inside an inverted Sonoro Sphere suspended high in the sky. At its center stands a tower, its gate locked by three seals.","Hình dạng thật của ta hiện đang nằm bên trong một Quả Cầu Sonoro đảo ngược treo lơ lửng trên bầu trời. Ở trung tâm của nó là một tòa tháp, cánh cổng bị khóa bởi ba lớp phong ấn.",C?n ti?ng Anh nghi v?n: Sonoro | S? t?/c?m nghi v?n: 1 | T? l? nghi v?n: 0.143 | M?c ??: 4.43
"Stories about the current head of the Fisalias get even wilder. They say she didn't go through the usual selection process. Instead, she took the throne by poisoning her predecessor.","Những câu chuyện về người đứng đầu hiện tại của gia tộc Fisalias còn ly kỳ hơn. Họ bảo bà ta không trải qua quá trình tuyển chọn thông thường. Thay vào đó, bà ta chiếm ngôi bằng cách đầu độc người tiền nhiệm.",C?n ti?ng Anh nghi v?n: Fisalias | S? t?/c?m nghi v?n: 1 | T? l? nghi v?n: 0.143 | M?c ??: 4.43
"As I told you before, Leviathan is a Threnodian who uses beliefs to spread a spiritual plague. You see, it requires a puppet to carry Its voice.","Như ta đã nói trước đây, Leviathan là một Threnodian lợi dụng niềm tin để gieo rắc dịch bệnh tâm linh. Nó cần một con rối để truyền tải tiếng nói của mình.",C?n ti?ng Anh nghi v?n: Leviathan | S? t?/c?m nghi v?n: 1 | T? l? nghi v?n: 0.143 | M?c ??: 4.43
"The Threnodian, so named Leviathan, possesses the power to merge and assimilate. It uses distorted beliefs to spread a spiritual plague that slowly devours civilizations from within.","Threnodian, còn gọi là Leviathan, sở hữu sức mạnh hợp nhất và đồng hóa. Nó dùng những niềm tin méo mó để gieo rắc một loại dịch bệnh tinh thần, từ từ nuốt chửng các nền văn minh từ bên trong.",C?n ti?ng Anh nghi v?n: Leviathan | S? t?/c?m nghi v?n: 1 | T? l? nghi v?n: 0.143 | M?c ??: 4.43
"Following the plan, you move to the rear of the hideout. You signal Zani to initiate the operation once in position.","Theo kế hoạch, cậu di chuyển về phía sau căn cứ. Khi đã vào vị trí, cậu ra hiệu cho Zani bắt đầu chiến dịch.",C?n ti?ng Anh nghi v?n: Zani | S? t?/c?m nghi v?n: 1 | T? l? nghi v?n: 0.143 | M?c ??: 4.43
I've heard that the Sentinel came to Septimont not long after Arsinosa was born.,Nghe nói Sentinel đã đến Septimont không lâu sau khi Arsinosa ra đời.,C?n ti?ng Anh nghi v?n: Arsinosa | S? t?/c?m nghi v?n: 1 | T? l? nghi v?n: 0.143 | M?c ??: 4.43
"The House of Silva is nobility in Septimont. I share their name, though, I'm sure they've thrown me out since I stepped away from the team.","Nhà Silva là quý tộc ở Septimont. Ta mang họ của họ, nhưng chắc chắn họ đã vứt bỏ ta từ khi ta rời khỏi đội.",C?n ti?ng Anh nghi v?n: Silva | S? t?/c?m nghi v?n: 1 | T? l? nghi v?n: 0.143 | M?c ??: 4.43
"Haha! Well said. It's my life to live, my path to walk. If I don't make my choices, who will? That's how you live without regrets.","Haha! Nói hay lắm. Đời là của ta, đường là do ta đi. Nếu ta không tự quyết định, thì ai sẽ làm? Đó mới là cách sống không hối tiếc.",C?n ti?ng Anh nghi v?n: Haha | S? t?/c?m nghi v?n: 1 | T? l? nghi v?n: 0.143 | M?c ??: 4.43
"What you're proposing I do... Tell me, what reason do I have to trust a word you're saying, Phrolova?","Điều cô đề nghị ta làm... Nói cho ta biết, có lý do gì để ta tin dù chỉ một lời cô nói không, Phrolova?",C?n ti?ng Anh nghi v?n: Phrolova | S? t?/c?m nghi v?n: 1 | T? l? nghi v?n: 0.143 | M?c ??: 4.43
(And that fleeting image… Lupa turning into that unfamiliar girl... I need more clues before making any decisions.),(Và hình ảnh thoáng qua đó... Lupa biến thành cô gái lạ mặt kia... Ta cần thêm manh mối trước khi đưa ra quyết định.),C?n ti?ng Anh nghi v?n: Lupa | S? t?/c?m nghi v?n: 1 | T? l? nghi v?n: 0.143 | M?c ??: 4.43
"Back then, I trusted the Silvas completely, never once doubting their intentions. That is, until I chose to leave them not long ago.","Hồi đó, tôi hoàn toàn tin tưởng gia tộc Silvas, chưa bao giờ nghi ngờ ý đồ của họ. Cho đến khi tôi quyết định rời đi cách đây không lâu.",C?n ti?ng Anh nghi v?n: Silvas | S? t?/c?m nghi v?n: 1 | T? l? nghi v?n: 0.143 | M?c ??: 4.43
"Arsinosa watches, and her significance is known to every Septimontian. It is etched in chronicles and sung in legends.","Arsinosa đứng đó, và ý nghĩa của nó ai cũng biết ở Septimont. Nó được khắc ghi trong sử sách và được ca tụng trong truyền thuyết.",C?n ti?ng Anh nghi v?n: Arsinosa | S? t?/c?m nghi v?n: 1 | T? l? nghi v?n: 0.143 | M?c ??: 4.43
To touch such weapons is a rite of great importance for those who claim glory in the Great Agon and receive the Lioness's blessing.,Chạm vào những vũ khí như vậy là một nghi lễ quan trọng đối với những ai tìm kiếm vinh quang trong Đại Agon và nhận được sự phù hộ của Sư Tử Nữ.,C?n ti?ng Anh nghi v?n: Agon | S? t?/c?m nghi v?n: 1 | T? l? nghi v?n: 0.143 | M?c ??: 4.43
I discovered that a small piece of the Threnodian's essence within Mya was reawakened with the tower's resurgence into our world.,Tôi phát hiện ra rằng một mảnh nhỏ bản chất của Threnodian trong Mya đã thức tỉnh khi tháp tái xuất trong thế giới của chúng ta.,C?n ti?ng Anh nghi v?n: Mya | S? t?/c?m nghi v?n: 1 | T? l? nghi v?n: 0.143 | M?c ??: 4.43
"Before her death, Mya also attended the tournament. I'll use that as the fictitious anchor to craft a play to rewrite reality itself.","Trước khi qua đời, Mya cũng từng tham gia giải đấu. Ta sẽ dùng điều đó làm điểm neo hư cấu để dựng lên một vở kịch vặn lại cả hiện thực.",C?n ti?ng Anh nghi v?n: Mya | S? t?/c?m nghi v?n: 1 | T? l? nghi v?n: 0.143 | M?c ??: 4.43
"I'm not sure when all this started, or where the line between the reality I knew and the Sonoro world created by the Fractsidus began to blur.","Tôi không biết tất cả này bắt đầu từ khi nào, hay ranh giới giữa thực tại tôi từng biết và thế giới Sonoro do Fractsidus tạo ra bắt đầu mờ nhạt từ đâu.",C?n ti?ng Anh nghi v?n: Sonoro | S? t?/c?m nghi v?n: 1 | T? l? nghi v?n: 0.143 | M?c ??: 4.43
"Afterward, he, along with the other Fractsidus Overseers, fled from me. With that, the Sonoro began to collapse. It was then that we finally met.","Sau đó, hắn cùng các Giám Sát Fractsidus khác đã chạy trốn khỏi ta. Ngay lúc đó, Sonoro bắt đầu sụp đổ. Và cũng chính lúc ấy, chúng ta mới thực sự gặp nhau.",C?n ti?ng Anh nghi v?n: Sonoro | S? t?/c?m nghi v?n: 1 | T? l? nghi v?n: 0.143 | M?c ??: 4.43
(Could Lupa have forgotten? Did they meet without realizing it? Or is she lying and already under the Threnodian's influence?),(Lupa đã quên mất sao? Hay họ gặp nhau mà không nhận ra? Hay cô ấy đang nói dối và đã bị ảnh hưởng bởi Threnody?),C?n ti?ng Anh nghi v?n: Lupa | S? t?/c?m nghi v?n: 1 | T? l? nghi v?n: 0.143 | M?c ??: 4.43
"(In Septimontian tradition, when it bears its blade and watches over the warriors leaving for the hunt, all gates and passages open.)","(Theo truyền thống Septimontian, khi nó vung lưỡi kiếm và canh giữ các chiến binh lên đường săn bắn, mọi cánh cổng và lối đi đều mở ra.)",C?n ti?ng Anh nghi v?n: Septimontian | S? t?/c?m nghi v?n: 1 | T? l? nghi v?n: 0.143 | M?c ??: 4.43
"(After my role was erased, Cartethyia must've found the half-human, half-sea creature... and the Fractsidus.)","(Sau khi vai trò của ta bị xóa bỏ, Cartethyia hẳn đã tìm thấy sinh vật nửa người nửa biển... và cả Fractsidus.)",C?n ti?ng Anh nghi v?n: Cartethyia | S? t?/c?m nghi v?n: 1 | T? l? nghi v?n: 0.143 | M?c ??: 4.43
...What happened to the Mya who vanished in the Vale of Glory decades ago?,"...Mya đã biến mất trong Thung Lũng Vinh Quang mấy chục năm trước, giờ ra sao rồi?",C?n ti?ng Anh nghi v?n: Mya | S? t?/c?m nghi v?n: 1 | T? l? nghi v?n: 0.143 | M?c ??: 4.43
"Echoes are the embodiment of a Gladiator's soul. For your twisted soul, Kaimastos, I shall set it right!","Echo là hiện thân linh hồn của Chiến Binh. Với linh hồn méo mó của ngươi, Kaimastos, ta sẽ sửa lại cho đúng!",C?n ti?ng Anh nghi v?n: Kaimastos | S? t?/c?m nghi v?n: 1 | T? l? nghi v?n: 0.143 | M?c ??: 4.43
"Just as you're about to follow Postumia, a loud noise snaps from behind. You turn to catch a blurry sight of a burly figure vanishing into the shadows.","Ngay khi cậu chuẩn bị đuổi theo Postumia, một tiếng động lớn đột ngột vang lên từ phía sau. Quay lại, cậu chỉ kịp thấy một bóng người lực lưỡng vụt biến vào màn đêm.",C?n ti?ng Anh nghi v?n: Postumia | S? t?/c?m nghi v?n: 1 | T? l? nghi v?n: 0.143 | M?c ??: 4.43
Captain Brant of the Fool's Troupe? I doubt anyone could outdo his price. I hear the entire Troupe relies on his bounty to survive.,Thuyền trưởng Brant của Đoàn Hề ấy à? Tôi nghi ngờ có ai có thể đưa ra giá cao hơn ông ta. Nghe nói cả đoàn đều sống nhờ vào tiền thưởng của ông ấy.,C?n ti?ng Anh nghi v?n: Brant | S? t?/c?m nghi v?n: 1 | T? l? nghi v?n: 0.143 | M?c ??: 4.43
"Haha, but no. That path isn't meant for me. I'm a wandering bard, remember?","Haha, không đâu. Con đường đó không dành cho ta. Ta là một nghệ sĩ lang thang mà, nhớ không?",C?n ti?ng Anh nghi v?n: Haha | S? t?/c?m nghi v?n: 1 | T? l? nghi v?n: 0.143 | M?c ??: 4.43
"Your duel against the sixth Lord of Prestige, the Conqueror of Prestige, will begin tomorrow morning at ten, right here at Colosseum Olymdos.","Trận đấu của ngươi với Lãnh Chúa Danh Vọng thứ sáu, Kẻ Chinh Phục Danh Vọng, sẽ diễn ra vào sáng mai lúc mười giờ, ngay tại Đấu Trường Olymdos.",C?n ti?ng Anh nghi v?n: Olymdos | S? t?/c?m nghi v?n: 1 | T? l? nghi v?n: 0.143 | M?c ??: 4.43
I have to defeat Dr. Marcia! Only then can I stay here and duel in peace... and never taste this vile potion again.,Ta phải đánh bại Tiến sĩ Marcia! Chỉ có vậy ta mới được ở lại đây mà đấu tay đôi trong yên bình… và không bao giờ phải nếm thứ thuốc kinh tởm này nữa.,C?n ti?ng Anh nghi v?n: Marcia | S? t?/c?m nghi v?n: 1 | T? l? nghi v?n: 0.143 | M?c ??: 4.43
"The house behind Viktor comes to you with an offer.
A perfect job and a substantial fortune, if you walk away from the duel.","Gia tộc đứng sau Viktor đưa ra đề nghị cho cậu.
Một công việc hoàn hảo cùng gia tài kếch xù, nếu cậu chịu rút lui khỏi cuộc đấu.",C?n ti?ng Anh nghi v?n: Viktor | S? t?/c?m nghi v?n: 1 | T? l? nghi v?n: 0.143 | M?c ??: 4.43
"""I know Arsinosa. It has never tasted defeat.
People say it's a peak no humans can ever reach. The last wall of Septimont. But...""","""Ta biết Arsinosa. Nó chưa bao giờ nếm mùi thất bại.
Người ta nói đó là đỉnh cao mà con người không thể chạm tới. Bức tường cuối cùng của Septimont. Nhưng...""",C?n ti?ng Anh nghi v?n: Arsinosa | S? t?/c?m nghi v?n: 1 | T? l? nghi v?n: 0.143 | M?c ??: 4.43
"The day of the final trial has finally arrived.
You walk to the arena's center with your ""newly forged"" sword.
The bronze horns blare from atop the twelve stone pillars.
All eyes are on you. Everyone is eager to witness how a human will rival the strength of Arsinosa.","Ngày thử thách cuối cùng đã tới.
Cậu bước vào trung tâm đấu trường với thanh kiếm ""vừa mới rèn"".
Tiếng tù và đồng vang lên từ đỉnh mười hai cột đá.
Mọi ánh mắt đều đổ dồn về cậu. Ai cũng háo hức muốn thấy một con người sẽ thách thức sức mạnh của Arsinosa như thế nào.",C?n ti?ng Anh nghi v?n: Arsinosa | S? t?/c?m nghi v?n: 1 | T? l? nghi v?n: 0.143 | M?c ??: 4.43
"In your search for the Threnodian's residual energy, you meet a mirage of Phrolova. She seems overwhelmed by conflicting emotions but eventually manages to get a grip on herself. She mentions her violin, something that holds special significance to her. It is her ambition, her companion, and the most precious Gem among all she has. You can't help but wonder if her words hold a hidden clue.","Trong quá trình tìm kiếm năng lượng dư thừa của Threnodian, ngươi gặp ảo ảnh của Phrolova. Nàng dường như đang chìm trong những cảm xúc mâu thuẫn nhưng cuối cùng cũng lấy lại được bình tĩnh. Nàng nhắc đến cây vĩ cầm của mình – một vật mang ý nghĩa đặc biệt. Đó là khát vọng, người bạn đồng hành, và Viên Ngọc quý giá nhất trong tất cả những gì nàng sở hữu. Ngươi không khỏi tự hỏi liệu lời nàng có ẩn chứa manh mối gì không.",C?n ti?ng Anh nghi v?n: Phrolova | S? t?/c?m nghi v?n: 1 | T? l? nghi v?n: 0.143 | M?c ??: 4.43
"On behalf of the Montellis... No. On behalf of the people of Ragunna, I thank you.","Thay mặt cho Montellis... Không, thay mặt cho người dân Ragunna, ta cảm ơn các ngươi.",C?n ti?ng Anh nghi v?n: Montellis | S? t?/c?m nghi v?n: 1 | T? l? nghi v?n: 0.143 | M?c ??: 4.43
"Phrolova, we made a promise. Friends forever, through thick and thin. Neither of us will ever leave the other behind.","Phrolova, chúng ta đã hứa rồi mà. Bạn bè mãi mãi, dù có ra sao. Không ai bỏ lại ai đằng sau.",C?n ti?ng Anh nghi v?n: Phrolova | S? t?/c?m nghi v?n: 1 | T? l? nghi v?n: 0.143 | M?c ??: 4.43
"""Creating a large, stable Sonoro capable of sustaining a reality for all, would entail significant costs. Additionally, the process would demand the sustained application of my Resonance ability.""","""Việc tạo ra một Sonoro lớn và ổn định đủ để duy trì một thực tại cho tất cả sẽ tốn kém rất nhiều. Ngoài ra, quá trình này còn đòi hỏi phải duy trì khả năng Cộng Hưởng của ta liên tục.""",C?n ti?ng Anh nghi v?n: Sonoro | S? t?/c?m nghi v?n: 1 | T? l? nghi v?n: 0.143 | M?c ??: 4.43
Until today. Until you let me see Triss.,Cho đến hôm nay. Cho đến khi ngươi cho ta gặp Triss.,C?n ti?ng Anh nghi v?n: Triss | S? t?/c?m nghi v?n: 1 | T? l? nghi v?n: 0.143 | M?c ??: 4.43
To create Rinascita's Common Echoes from the twisted fragments of Tacet Discords and Echoes.,Để tạo ra Common Echoes của Rinascita từ những mảnh vỡ méo mó của Tacet Discord và Echoes.,C?n ti?ng Anh nghi v?n: Common | S? t?/c?m nghi v?n: 1 | T? l? nghi v?n: 0.143 | M?c ??: 4.43
"Phrolova suffers from another hallucination while using her ability despite her injury. This time, she is shown the chaotic, desperate minds of people from the past facing death. She comforts them, and after a brief moment of pain, she quickly recovers to continue the search for hope.","Phrolova lại bị ảo giác khi sử dụng năng lực dù đang bị thương. Lần này, cô nhìn thấy tâm trí hỗn loạn, tuyệt vọng của những người trong quá khứ đối mặt với cái chết. Cô an ủi họ, và sau một thoáng đau đớn, cô nhanh chóng hồi phục để tiếp tục tìm kiếm hy vọng.",C?n ti?ng Anh nghi v?n: Phrolova | S? t?/c?m nghi v?n: 1 | T? l? nghi v?n: 0.143 | M?c ??: 4.43
"(The record says darkness has long shackled the Ragunnesi's subconscious. Only by defeating this <te href=851025>Harbinger</te>, descending into the depths of darkness, and bringing back all trapped souls can the Dark Tide be resisted...）","(Bản ghi nói rằng bóng tối đã giam cầm tiềm thức của người Ragunnesi từ lâu. Chỉ khi đánh bại <te href=851025>Harbinger</te> này, đi sâu vào vực thẳm tối tăm và giải cứu tất cả linh hồn bị giam cầm, mới có thể chống lại Thủy Triều Hắc Ám...)",C?n ti?ng Anh nghi v?n: Harbinger | S? t?/c?m nghi v?n: 1 | T? l? nghi v?n: 0.143 | M?c ??: 4.43
I see. So Aeolus eventually decided to join Gren's team. I'll file his withdrawal application then.,Ra là vậy. Thế là Aeolus cuối cùng cũng quyết định gia nhập đội của Gren à. Vậy ta sẽ làm thủ tục rút lui cho hắn.,C?n ti?ng Anh nghi v?n: Aeolus | S? t?/c?m nghi v?n: 1 | T? l? nghi v?n: 0.143 | M?c ??: 4.43
"By the way, did you know he was Augusta's seventh opponent? She beat him in just two strikes. And I used to take him down using only my left hand! Haha!","À này, cậu biết không? Ông ấy từng là đối thủ thứ bảy của Augusta đấy. Bà ấy hạ gục ông ta chỉ trong hai chiêu. Còn ta thì chỉ cần dùng tay trái là đủ! Haha!",C?n ti?ng Anh nghi v?n: Haha | S? t?/c?m nghi v?n: 1 | T? l? nghi v?n: 0.143 | M?c ??: 4.43
"Let me guess... Eliminating Tyrannos and the Dark Tide before anyone else would be the perfect act to prove you're the prophesied Hero of Heroes, hmm?",Để ta đoán xem… Tiêu diệt Tyrannos và Bè Lũ Bóng Tối trước bất kỳ ai khác sẽ là màn trình diễn hoàn hảo để chứng minh ngươi chính là Anh Hùng Trong Truyền Thuyết phải không?,C?n ti?ng Anh nghi v?n: Tyrannos | S? t?/c?m nghi v?n: 1 | T? l? nghi v?n: 0.143 | M?c ??: 4.43
"I assure you, Priestess, I will not act from the shadows. If Augusta seeks a fair challenge, I shall honor her with the respect she deserves.","Ta cam đoan với Ngài Tư Tế, ta sẽ không hành động trong bóng tối. Nếu Augusta muốn một thử thách công bằng, ta sẽ dành cho cô ấy sự tôn trọng xứng đáng.",C?n ti?ng Anh nghi v?n: Augusta | S? t?/c?m nghi v?n: 1 | T? l? nghi v?n: 0.143 | M?c ??: 4.43
"Laureate of Ragunna. Champion of Septimont. Favored Gladiator of <ano=Lioness of Glory>Arsinosa</ano>—by the honor of these titles, it is only right you stand by my side.","Quán quân Ragunna. Chiến binh Septimont. Võ sĩ được sủng ái bởi <ano=Lioness of Glory>Arsinosa</ano>—với danh dự của những danh hiệu này, ngươi xứng đáng đứng bên ta.",C?n ti?ng Anh nghi v?n: Arsinosa | S? t?/c?m nghi v?n: 1 | T? l? nghi v?n: 0.143 | M?c ??: 4.43
It's no exaggeration to say that the blood of Gladiators still burns in every inch of the crimson Sanguis Plateaus.,Không ngoa khi nói rằng máu của các Chiến Binh Vinh Quang vẫn còn cháy bỏng trên từng tấc đất cao nguyên đỏ thẫm Sanguis.,C?n ti?ng Anh nghi v?n: Sanguis | S? t?/c?m nghi v?n: 1 | T? l? nghi v?n: 0.143 | M?c ??: 4.43
"It's a shame even the sharp ears of the Senate could not chisel through the high walls of Tetragon Temple, to hear the whispers beyond...","Thật tiếc khi ngay cả đôi tai thính nhạy của Thượng Nghị Viện cũng không thể xuyên thủng bức tường cao ngất của Đền Tetragon, để nghe được những lời thì thầm bên kia...",C?n ti?ng Anh nghi v?n: Tetragon | S? t?/c?m nghi v?n: 1 | T? l? nghi v?n: 0.143 | M?c ??: 4.43
"However, the Earthrend Wedge's energy range is limited. Our mission is to deliver a true death to our prey.","Tuy nhiên, tầm năng lượng của Earthrend Wedge có hạn. Nhiệm vụ của chúng ta là mang đến cái chết đích thực cho con mồi.",C?n ti?ng Anh nghi v?n: Earthrend | S? t?/c?m nghi v?n: 1 | T? l? nghi v?n: 0.143 | M?c ??: 4.43
"""Fabius, the one who walked with Sentinel Imperator. Prophesied Hero of Heroes.""","""Fabius, kẻ từng sải bước bên Sentinel Imperator. Anh hùng trong lời tiên tri của các anh hùng.""",C?n ti?ng Anh nghi v?n: Fabius | S? t?/c?m nghi v?n: 1 | T? l? nghi v?n: 0.143 | M?c ??: 4.43
"""The untamable blackened tide surged, its sinewy arms outstretched. With hands steadfast as stone, Fabius led through the storm, ascending to the eternal highlands.""","""Dòng thủy triều đen ngòm hung hãn trỗi dậy, những cánh tay gân guốc vươn ra. Với đôi tay vững như đá, Fabius dẫn dắt mọi người vượt qua cơn bão, tiến lên vùng cao nguyên vĩnh cửu.""",C?n ti?ng Anh nghi v?n: Fabius | S? t?/c?m nghi v?n: 1 | T? l? nghi v?n: 0.143 | M?c ??: 4.43
"I remember being trapped inside with Angel, surrounded by Tacet Discords.","Ta nhớ mình từng bị mắc kẹt trong nhà cùng Angel, bao quanh bởi những Tacet Discord.",C?n ti?ng Anh nghi v?n: Angel | S? t?/c?m nghi v?n: 1 | T? l? nghi v?n: 0.143 | M?c ??: 4.43
"It's all done, Boss! Tethys ran the data through a couple filters, and we've zeroed in on one spot in the hunting grounds. Pretty sure that's where the Sovereign's been hiding.","Xong hết rồi, Sếp! Tethys đã lọc dữ liệu qua vài bộ lọc, và chúng ta đã khoanh vùng được một chỗ ở khu săn bắn. Chắc chắn Sovereign đang trốn ở đó.",C?n ti?ng Anh nghi v?n: Tethys | S? t?/c?m nghi v?n: 1 | T? l? nghi v?n: 0.143 | M?c ??: 4.43
"I am Iuno, the most gifted Priestess Septimont has seen in generations. If anyone can hold back the Dark Tide, it's me. And I'm not going to fall on you that easily.","Ta là Iuno, nữ tư tế tài năng nhất mà Septimont từng có trong nhiều thế hệ. Nếu có ai ngăn được Hắc Triều, thì đó chính là ta. Và ta sẽ không dễ dàng gục ngã trước các ngươi đâu.",C?n ti?ng Anh nghi v?n: Iuno | S? t?/c?m nghi v?n: 1 | T? l? nghi v?n: 0.143 | M?c ??: 4.43
(Using this battle to mark me a Hero of Heroes so the Temple's prophecy will be fulfilled. Augusta...),"(Dùng trận chiến này để phong ta làm Anh Hùng Trong Các Anh Hùng, để lời tiên tri của Đền Thờ thành hiện thực. Augusta...)",C?n ti?ng Anh nghi v?n: Augusta | S? t?/c?m nghi v?n: 1 | T? l? nghi v?n: 0.143 | M?c ??: 4.43
"As the prophecy goes, ""The Hero of Heroes wielding extraordinary power, rising from the dark tides."" As I see it, you, Augusta, fit that image well.","Lời tiên tri có viết: *""Anh hùng của các anh hùng, nắm giữ sức mạnh phi thường, trỗi dậy từ bóng tối sóng dữ.""* Theo ta thấy, Augusta, ngươi hoàn toàn xứng với hình ảnh đó.",C?n ti?ng Anh nghi v?n: Augusta | S? t?/c?m nghi v?n: 1 | T? l? nghi v?n: 0.143 | M?c ??: 4.43
"...Yes, I fear that until Grandmother Lillibet finds a gifted successor, we shall not glimpse further into <ano= Septimont's Auguries>Septimont's future</ano>.","...Đúng vậy, tôi e rằng cho đến khi Bà Lillibet tìm được người kế vị tài năng, chúng ta sẽ không thể nhìn thấy thêm điều gì về <ano= Septimont's Auguries>tương lai của Septimont</ano>.",C?n ti?ng Anh nghi v?n: Lillibet | S? t?/c?m nghi v?n: 1 | T? l? nghi v?n: 0.143 | M?c ??: 4.43
Are you suggesting that my recounting missed... someone named Iuno? I don't find the name... familiar.,Ý cậu là trong lời kể của ta... thiếu mất ai đó tên Iuno sao? Ta không thấy cái tên đó... quen thuộc chút nào.,C?n ti?ng Anh nghi v?n: Iuno | S? t?/c?m nghi v?n: 1 | T? l? nghi v?n: 0.143 | M?c ??: 4.43
"More than that, she wielded the Moon Bow and fought alongside me and Augusta in the hunt. We defeated the Sovereign together... Don't you all remember?","Hơn thế nữa, cô ấy còn sử dụng Cung Trăng và chiến đấu bên cạnh ta cùng Augusta trong cuộc săn lùng. Chúng ta đã cùng nhau đánh bại Chúa Tể... Các ngươi không nhớ sao?",C?n ti?ng Anh nghi v?n: Augusta | S? t?/c?m nghi v?n: 1 | T? l? nghi v?n: 0.143 | M?c ??: 4.43
"Thank you all. And thank you, Grisoni. The melody of this song will forever be engraved in my heart, as a reminder of the person I am meant to be.","Cảm ơn mọi người. Và cảm ơn Grisoni. Giai điệu của bài hát này sẽ mãi khắc sâu trong tim ta, như một lời nhắc về con người ta muốn trở thành.",C?n ti?ng Anh nghi v?n: Grisoni | S? t?/c?m nghi v?n: 1 | T? l? nghi v?n: 0.143 | M?c ??: 4.43
A crude imitation of the Sentinel's way of giving form to Remnant Creatures. But Leviathan takes the souls devoured by the Dark Tide and forges them into Its obedient kindreds.,Một bản sao thô kệch về cách Sentinel tạo hình cho các Sinh Vật Tàn Dư. Nhưng Leviathan lại lấy linh hồn bị Hắc Triều nuốt chửng và rèn chúng thành đồng loại ngoan ngoãn của Ngài.,C?n ti?ng Anh nghi v?n: Leviathan | S? t?/c?m nghi v?n: 1 | T? l? nghi v?n: 0.143 | M?c ??: 4.43
"The path of return is barred by the Styx Lake. The <ano=Anchor Stone>Waystone</ano> was shattered by my own hand. Stay here, and I shall see you unharmed.","Con đường trở về bị chặn bởi Hồ Styx. <ano=Anchor Stone>Viên Đá Định Hướng</ano> đã bị chính tay ta đập vỡ. Hãy ở lại đây, ta sẽ đảm bảo an toàn cho ngươi.",C?n ti?ng Anh nghi v?n: Styx | S? t?/c?m nghi v?n: 1 | T? l? nghi v?n: 0.143 | M?c ??: 4.43
"Let Abby rest for now. When the Threnodian falls, use your power to ""split"" Its essence from the Gem. And I'll use my ""devouring"" ability to seal It inside me.","Để Abby nghỉ ngơi đã. Khi Threnodian gục ngã, hãy dùng sức mạnh của cậu để ""tách"" bản chất của nó ra khỏi Viên Ngọc. Còn ta sẽ dùng khả năng ""nuốt chửng"" để phong ấn nó vào trong người.",C?n ti?ng Anh nghi v?n: Abby | S? t?/c?m nghi v?n: 1 | T? l? nghi v?n: 0.143 | M?c ??: 4.43
"Leviathan twisted our memories and emotions into this fake Paradise, hoping we'd surrender to Its will, and let It harvest our civilization…","Leviathan đã bóp méo ký ức và cảm xúc của chúng ta, biến chúng thành Thiên Đường giả tạo này, hy vọng ta sẽ khuất phục trước ý chí của Nó và để Nó thu hoạch nền văn minh của ta…",C?n ti?ng Anh nghi v?n: Leviathan | S? t?/c?m nghi v?n: 1 | T? l? nghi v?n: 0.143 | M?c ??: 4.43
"Even in the depths of despair, the song of hope echoes. Hear it well, Leviathan! This is your requiem!","Dù trong vực sâu tuyệt vọng, tiếng ca hy vọng vẫn vang lên. Hãy lắng nghe đi, Leviathan! Đây là khúc tưởng niệm cho ngươi!",C?n ti?ng Anh nghi v?n: Leviathan | S? t?/c?m nghi v?n: 1 | T? l? nghi v?n: 0.143 | M?c ??: 4.43
"When Leviathan and I were one, I split a sliver of Its frequency... a ""memory."" That memory I sealed here.","Khi Leviathan và ta hòa làm một, ta đã tách ra một mảnh tần số của Nó... một ""ký ức"". Ký ức ấy ta niêm phong tại đây.",C?n ti?ng Anh nghi v?n: Leviathan | S? t?/c?m nghi v?n: 1 | T? l? nghi v?n: 0.143 | M?c ??: 4.43
"The opening of the Capsule shall stir the Rinascitans' oldest memories. Leviathan shall seek, through the Blueprint we created, to lay claim to Rinascita's fate anew.","Việc mở Nang Ký Ức sẽ đánh thức những ký ức cổ xưa nhất của người Rinascita. Leviathan sẽ tìm cách, thông qua Bản Thiết Kế mà chúng ta tạo ra, để một lần nữa định đoạt vận mệnh của Rinascita.",C?n ti?ng Anh nghi v?n: Leviathan | S? t?/c?m nghi v?n: 1 | T? l? nghi v?n: 0.143 | M?c ??: 4.43
"Heh... good. Then hunt with me. Until we give Leviathan a death worth talking about. Loud, messy, unforgettable.","Hừ... Tốt. Vậy săn cùng ta đi. Cho đến khi chúng ta trao cho Leviathan một cái chết đáng nhớ. Ồn ào, hỗn loạn, không thể nào quên.",C?n ti?ng Anh nghi v?n: Leviathan | S? t?/c?m nghi v?n: 1 | T? l? nghi v?n: 0.143 | M?c ??: 4.43
"Caligula was a tyrant feared throughout Septimont's history. Notorious for his cruelty that defied reason, the world remembers him as the ""Mad King.""","Caligula là bạo chúa khét tiếng trong lịch sử Septimont. Nổi danh với sự tàn ác vô lý, thế gian vẫn nhớ hắn với biệt danh ""Vua Điên.""",C?n ti?ng Anh nghi v?n: Caligula | S? t?/c?m nghi v?n: 1 | T? l? nghi v?n: 0.143 | M?c ??: 4.43
"Countless Tidespawn emerged in my wake. I tried to drive them back, but I... overestimated myself... and was corrupted by them.","Vô số Tidespawn xuất hiện theo sau ta. Ta cố đẩy lùi chúng, nhưng... đã đánh giá quá cao bản thân... và bị chúng tha hóa.",C?n ti?ng Anh nghi v?n: Tidespawn | S? t?/c?m nghi v?n: 1 | T? l? nghi v?n: 0.143 | M?c ??: 4.43
"Avidius shouldn't have had to bear such a fate... I will carry on his fight. I'll keep writing the story he believed in, the story that gives people hope.","Avidius không đáng phải gánh chịu số phận như vậy... Ta sẽ tiếp tục cuộc chiến của ông ấy. Ta sẽ viết tiếp câu chuyện mà ông tin tưởng, câu chuyện mang lại hy vọng cho mọi người.",C?n ti?ng Anh nghi v?n: Avidius | S? t?/c?m nghi v?n: 1 | T? l? nghi v?n: 0.143 | M?c ??: 4.43
Leviathan is a master at finding the cracks in one's spirit to tear it asunder. Go do what you must. I'll handle this.,Leviathan là bậc thầy trong việc tìm ra những vết nứt trong tinh thần để xé tan nó. Đi làm việc của ngươi đi. Ta sẽ xử lý chuyện này.,C?n ti?ng Anh nghi v?n: Leviathan | S? t?/c?m nghi v?n: 1 | T? l? nghi v?n: 0.143 | M?c ??: 4.43
"Avidius was Cristoforo's decoy. He planted that decoy in Septimont for years... When the waters recede, the truth shall come to light...","Avidius chỉ là con tốt của Cristoforo. Hắn đã gài con tốt đó ở Septimont suốt bao năm... Khi nước rút đi, sự thật sẽ tự lộ diện...",C?n ti?ng Anh nghi v?n: Avidius | S? t?/c?m nghi v?n: 1 | T? l? nghi v?n: 0.143 | M?c ??: 4.43
"That's why the Playwright kept forcing Rinascita into conflict. Every tragedy, every struggle... it wasn't random. It was all to keep feeding Leviathan.","Đó chính là lý do Nhà Biên Kịch cứ ép Rinascita lao vào xung đột. Mỗi bi kịch, mỗi cuộc đấu tranh... không phải ngẫu nhiên đâu. Tất cả chỉ để nuôi sống Leviathan thôi.",C?n ti?ng Anh nghi v?n: Leviathan | S? t?/c?m nghi v?n: 1 | T? l? nghi v?n: 0.143 | M?c ??: 4.43
"Leviathan may have drawn from these subconscious beliefs, ""aligning"" with those desires to fabricate a false future and afterlife within the Dark Tide—the illusion of the Journeying Paradise.","Leviathan có lẽ đã khai thác những niềm tin tiềm thức này, ""hòa hợp"" với những khát vọng đó để tạo ra một tương lai và thế giới bên kia giả tạo trong Hắc Triều—ảo ảnh về Thiên Đường Hành Hương.",C?n ti?ng Anh nghi v?n: Leviathan | S? t?/c?m nghi v?n: 1 | T? l? nghi v?n: 0.143 | M?c ??: 4.43
"To take Leviathan down, our belief has to be unshakable. If there's doubt in your heart... then stop. A new path won't reveal itself unless you're ready to walk it.","Muốn đánh bại Leviathan, niềm tin của chúng ta phải vững như bàn thạch. Nếu trong lòng còn nghi ngờ... thì dừng lại đi. Con đường mới sẽ không hiện ra nếu cậu chưa sẵn sàng bước đi.",C?n ti?ng Anh nghi v?n: Leviathan | S? t?/c?m nghi v?n: 1 | T? l? nghi v?n: 0.143 | M?c ??: 4.43
"Our collective subconscious flows endlessly through the Dark Tide, by day and by night. Leviathan lies hidden in its depths, weaving unseen changes, delivered to us through our dreams.","Tiềm thức tập thể của chúng ta chảy mãi trong Bóng Tối Thủy Triều, ngày đêm không ngừng. Leviathan ẩn mình trong sâu thẳm, dệt nên những thay đổi vô hình, gửi đến ta qua những giấc mơ.",C?n ti?ng Anh nghi v?n: Leviathan | S? t?/c?m nghi v?n: 1 | T? l? nghi v?n: 0.143 | M?c ??: 4.43
The Fisalia family potion grants resistance. And I've endured Its whispers for long enough. I know Its tactics. Let me face this...,Thuốc độc của gia tộc Fisalia ban cho sự kháng cự. Và ta đã chịu đựng những lời thì thầm của Nó đủ lâu rồi. Ta biết chiến thuật của Nó. Hãy để ta đối mặt với điều này...,C?n ti?ng Anh nghi v?n: Fisalia | S? t?/c?m nghi v?n: 1 | T? l? nghi v?n: 0.143 | M?c ??: 4.43
"I came searching for Ragunna's Blessed Maiden. Instead, I found the Primus.","Ta đến tìm Trinh Nữ Được Ban Phước của Ragunna. Nhưng thay vào đó, ta lại tìm thấy Primus.",C?n ti?ng Anh nghi v?n: Primus | S? t?/c?m nghi v?n: 1 | T? l? nghi v?n: 0.143 | M?c ??: 4.43
"Distinctive use of color, you say? They're actually my attempts to depict the legacy of the Fisalia family through colors.",Màu sắc đặc trưng à? Thực ra đó là cách ta thể hiện di sản của gia tộc Fisalia qua những gam màu.,C?n ti?ng Anh nghi v?n: Fisalia | S? t?/c?m nghi v?n: 1 | T? l? nghi v?n: 0.143 | M?c ??: 4.43
Moira is. As for me… the Sentinel is more of a symbol. We pray to Them to find comfort in our hearts.,"Moira thì tin vào Người Sentinel... còn ta, họ chỉ là biểu tượng thôi. Ta cầu nguyện với họ để tìm chút an ủi trong lòng.",C?n ti?ng Anh nghi v?n: Moira | S? t?/c?m nghi v?n: 1 | T? l? nghi v?n: 0.143 | M?c ??: 4.43
"The Ephor's virtues are beyond reproach. Still, it troubles me that we've heard nothing of Avidius so far.",Đức hạnh của Ephor không thể chê vào đâu được. Nhưng vẫn khiến ta lo lắng khi chưa nghe tin gì về Avidius.,C?n ti?ng Anh nghi v?n: Avidius | S? t?/c?m nghi v?n: 1 | T? l? nghi v?n: 0.143 | M?c ??: 4.43
"The Ephor has said you are to be given priority on the schedule. If you wish, I can brief you on some important details.","Ngài Ephor đã ra lệnh ưu tiên cho cậu trong lịch trình. Nếu muốn, tôi có thể tóm tắt cho cậu một số chi tiết quan trọng.",C?n ti?ng Anh nghi v?n: Ephor | S? t?/c?m nghi v?n: 1 | T? l? nghi v?n: 0.143 | M?c ??: 4.43
"All I really heard was that you were popular. Always had friends around. If I hadn't been caught in the Honami incident, we probably would've never met.","Tất cả những gì tớ nghe được là cậu rất nổi tiếng. Lúc nào cũng có bạn bè vây quanh. Nếu tớ không gặp rắc rối trong vụ Honami, có lẽ chúng ta sẽ chẳng bao giờ gặp nhau.",C?n ti?ng Anh nghi v?n: Honami | S? t?/c?m nghi v?n: 1 | T? l? nghi v?n: 0.143 | M?c ??: 4.43
"After Brant, the head of the Troupe, found out about it, he put on a disguise one night and snuck into their hideout. ""Retrieved"" all the tickets and bills as evidence right under their noses.","Sau khi Brant, trưởng đoàn kịch, phát hiện ra chuyện, hắn đã cải trang và lẻn vào sào huyệt của bọn chúng vào một đêm. ""Thu hồi"" toàn bộ vé và hóa đơn làm bằng chứng ngay trước mũi chúng.",C?n ti?ng Anh nghi v?n: Brant | S? t?/c?m nghi v?n: 1 | T? l? nghi v?n: 0.143 | M?c ??: 4.43
"They didn't reach the school directly, but... I found out something. I was in Honami for around two months. Outside, over twenty years have passed.","Họ không đến trường trực tiếp, nhưng... Ta đã phát hiện ra điều gì đó. Ta ở Honami khoảng hai tháng. Nhưng bên ngoài, đã hơn hai mươi năm trôi qua.",C?n ti?ng Anh nghi v?n: Honami | S? t?/c?m nghi v?n: 1 | T? l? nghi v?n: 0.143 | M?c ??: 4.43
"Do not forget that all the knowledge of the Heliogyre is mine to share with you. Should you have need, I will respond.","Đừng quên rằng mọi tri thức của Heliogyre đều do ta chia sẻ với ngươi. Khi cần, ta sẽ đáp lời.",C?n ti?ng Anh nghi v?n: Heliogyre | S? t?/c?m nghi v?n: 1 | T? l? nghi v?n: 0.143 | M?c ??: 4.43
"Guided by the bracelet Iuno left behind, you finally found the girl only you remembered, just before she faded away in a sliver of moonlight.","Được dẫn dắt bởi chiếc vòng tay Iuno để lại, ngươi cuối cùng cũng tìm thấy cô gái mà chỉ mình ngươi còn nhớ, ngay trước khi nàng tan biến trong vệt ánh trăng mỏng manh.",C?n ti?ng Anh nghi v?n: Iuno | S? t?/c?m nghi v?n: 1 | T? l? nghi v?n: 0.143 | M?c ??: 4.43
I specifically asked my research group to order one for me for my Ecoacoustics survey in Lahai-Roi.,Ta đã đặc biệt nhờ nhóm nghiên cứu đặt mua một cái cho cuộc khảo sát Âm Sinh Thái của ta ở Lahai-Roi.,C?n ti?ng Anh nghi v?n: Lahai | S? t?/c?m nghi v?n: 1 | T? l? nghi v?n: 0.143 | M?c ??: 4.43
"It's no use.  See? Every time a Fluffguin passes by, it just tries to dive right back between its legs again.","Vô ích thôi. Thấy chưa? Mỗi lần có con Fluffguin đi ngang qua, nó lại cố chui tọt vào giữa hai chân của mình ngay lập tức.",C?n ti?ng Anh nghi v?n: Fluffguin | S? t?/c?m nghi v?n: 1 | T? l? nghi v?n: 0.143 | M?c ??: 4.43
"A giant, solitary marvel buried underground, yet it's never alone. That's because it's Lahai-Roi's number one transportation hub, the busiest spot around.","Một kỳ quan cô độc khổng lồ bị chôn vùi dưới lòng đất, nhưng nó không bao giờ cô đơn. Bởi đây chính là trung tâm giao thông bận rộn nhất của Lahai-Roi, nơi tấp nập nhất quanh đây.",C?n ti?ng Anh nghi v?n: Lahai | S? t?/c?m nghi v?n: 1 | T? l? nghi v?n: 0.143 | M?c ??: 4.43
"I know, I know… I just don't trust these finicky auto-systems. Call me an AI doomer, but I still think a person is more reliable.","Tôi biết, tôi biết… Tôi không tin tưởng mấy cái hệ thống tự động này cho lắm. Gọi tôi là kẻ bi quan về AI cũng được, nhưng tôi vẫn thấy con người đáng tin hơn.",C?n ti?ng Anh nghi v?n: AI | S? t?/c?m nghi v?n: 1 | T? l? nghi v?n: 0.143 | M?c ??: 4.43
"A third-year told me, I think it was... Mayo? She said there might be an empty train available tonight and told me to give it a shot.","Một sinh viên năm ba kể cho mình, hình như là... Mayo ấy? Cô ấy bảo tối nay có thể có chuyến tàu trống và bảo mình thử xem sao.",C?n ti?ng Anh nghi v?n: Mayo | S? t?/c?m nghi v?n: 1 | T? l? nghi v?n: 0.143 | M?c ??: 4.43
"If drawing runes on your body actually worked, why would the Roya devote an entire study to making real runes work?! Now go wipe that off!","Nếu vẽ bùa lên người mà có tác dụng thật, thì tại sao Hội Roya lại phải dày công nghiên cứu để tạo ra bùa thật chứ?! Giờ r?i ?i mà lau sạch đi!",C?n ti?ng Anh nghi v?n: Roya | S? t?/c?m nghi v?n: 1 | T? l? nghi v?n: 0.143 | M?c ??: 4.43
Right?! I can only imagine the time before the Etheric Sea covered Solaris. Now we can only rely on high-speed ships...,"Đúng không?! Chỉ có thể tưởng tượng về thời đại trước khi Biển Etheric bao phủ Solaris. Giờ đây, ta chỉ còn biết dựa vào những con tàu tốc độ cao...",C?n ti?ng Anh nghi v?n: Etheric | S? t?/c?m nghi v?n: 1 | T? l? nghi v?n: 0.143 | M?c ??: 4.43
And me! Please bless us with someone filthy rich from the New Federation... preferably Gatsby!,Và cả con nữa! Xin hãy ban phước cho chúng con một người giàu sụ từ Liên Bang Mới... tốt nhất là Gatsby!,C?n ti?ng Anh nghi v?n: Gatsby | S? t?/c?m nghi v?n: 1 | T? l? nghi v?n: 0.143 | M?c ??: 4.43
Registration is open via Terminal. Watch the live leaderboard and track all participants on the big screen at the Spacetrek Archive.,Đăng ký mở qua Thiết bị đầu cuối. Theo dõi bảng xếp hạng trực tiếp và danh sách người tham gia trên màn hình lớn tại Kho Lưu Trữ Spacetrek.,C?n ti?ng Anh nghi v?n: Spacetrek | S? t?/c?m nghi v?n: 1 | T? l? nghi v?n: 0.143 | M?c ??: 4.43
"No one knows who the organizer really is, though. They even say the wish you get will come with a twist… But who cares! It's too thrilling to miss!",Nhưng chẳng ai biết kẻ đứng sau thật sự là ai. Họ còn đồn rằng điều ước bạn nhận được sẽ đi kèm một cú twist... Nhưng ai thèm quan tâm! Chẳng phải quá hấp dẫn để bỏ lỡ sao!,C?n ti?ng Anh nghi v?n: twist | S? t?/c?m nghi v?n: 1 | T? l? nghi v?n: 0.143 | M?c ??: 4.43
I don't care if it's a mech or whatever! Just keep all six-legged things away from me!,Ta không thèm quan tâm nó là mech hay cái gì khác! Chỉ cần đuổi hết mấy con sáu chân đó ra khỏi mặt ta!,C?n ti?ng Anh nghi v?n: mech | S? t?/c?m nghi v?n: 1 | T? l? nghi v?n: 0.143 | M?c ??: 4.43
"How can we help you today? Do you need guided tours, Cassette burning, or club activity sign-in? Or do you have an appointment?","Hôm nay chúng tôi có thể giúp gì cho bạn? Bạn cần hướng dẫn tham quan, ghi Cassette, đăng ký hoạt động câu lạc bộ? Hay bạn đã có lịch hẹn trước?",C?n ti?ng Anh nghi v?n: Cassette | S? t?/c?m nghi v?n: 1 | T? l? nghi v?n: 0.143 | M?c ??: 4.43
Now we've officially reached the observation zone. This location is perfect for monitoring the Exoswarm and the surrounding mechanical structures...,Giờ chúng ta đã chính thức vào khu vực quan sát. Vị trí này hoàn hảo để theo dõi Exoswarm và các cấu trúc cơ khí xung quanh...,C?n ti?ng Anh nghi v?n: Exoswarm | S? t?/c?m nghi v?n: 1 | T? l? nghi v?n: 0.143 | M?c ??: 4.43
"Go! Heh heh, now that you've raced, you can feel the magic of the Startorch Race too, right? Tell me, what did you love most?","Đi thôi! Haha, giờ khi đã tham gia cuộc đua Startorch, cậu cũng cảm nhận được sự kỳ diệu của nó rồi chứ? Nói ta nghe, cậu thích điều gì nhất?",C?n ti?ng Anh nghi v?n: Startorch | S? t?/c?m nghi v?n: 1 | T? l? nghi v?n: 0.143 | M?c ??: 4.43
"Ah, forgive my eagerness. I am Ulfrida. Folk here once called me a ""Cryptozoologist.""","À, xin thứ lỗi cho sự háo hức của ta. Ta là Ulfrida. Người dân ở đây từng gọi ta là ""Nhà Nghiên cứu Sinh vật Huyền bí"" đấy.",C?n ti?ng Anh nghi v?n: Ulfrida | S? t?/c?m nghi v?n: 1 | T? l? nghi v?n: 0.143 | M?c ??: 4.43
"Senior, that Clockatoo has clearly seen better days. Why hasn't it been decommissioned?","Tiền bối xem con Clockatoo kia kìa, rõ là đã quá cũ kỹ rồi. Sao người ta không cho nó ""nghỉ hưu"" nhỉ?",C?n ti?ng Anh nghi v?n: Clockatoo | S? t?/c?m nghi v?n: 1 | T? l? nghi v?n: 0.143 | M?c ??: 4.43
"Senior, that Clockatoo has clearly seen better days. Why hasn't it been decommissioned?","Tiền bối xem con Clockatoo kia kìa, rõ là đã quá cũ kỹ rồi. Sao người ta không cho nó ""nghỉ hưu"" nhỉ?",C?n ti?ng Anh nghi v?n: Clockatoo | S? t?/c?m nghi v?n: 1 | T? l? nghi v?n: 0.143 | M?c ??: 4.43
Did they not build their Academy with the knowledge we gave? Did we not show them the ways of the Exoswarm?,Họ xây dựng Học viện của mình mà không dùng kiến thức ta trao sao? Ta đã chẳng dạy họ cách đối phó với Exoswarm hay sao?,C?n ti?ng Anh nghi v?n: Exoswarm | S? t?/c?m nghi v?n: 1 | T? l? nghi v?n: 0.143 | M?c ??: 4.43
"Baldur's body and spirit were reborn in that light. They took the shape of the lost herd, morphing into the Exoswarm you now see today.","Thân xác và linh hồn của Baldur đã tái sinh trong ánh sáng đó. Chúng hóa thân thành đàn gia súc đã mất, biến hình thành Exoswarm mà các ngươi thấy ngày nay.",C?n ti?ng Anh nghi v?n: Exoswarm | S? t?/c?m nghi v?n: 1 | T? l? nghi v?n: 0.143 | M?c ??: 4.43
"So, today's field practice starts from the Transit Port. I'll give you five minutes. Check each other's gear one last time before we move out.","Vậy, buổi thực hành thực địa hôm nay sẽ bắt đầu từ Cảng Transit. Tôi cho các cậu năm phút. Kiểm tra lại trang bị của nhau lần cuối trước khi xuất phát.",C?n ti?ng Anh nghi v?n: Transit | S? t?/c?m nghi v?n: 1 | T? l? nghi v?n: 0.143 | M?c ??: 4.43
...We have strict regulations. Audio-visual products such as Cassettes cannot be taken out of Lahai-Roi.,...Chúng tôi có quy định nghiêm ngặt. Các sản phẩm nghe nhìn như Cassette không được mang ra khỏi Lahai-Roi.,C?n ti?ng Anh nghi v?n: Lahai | S? t?/c?m nghi v?n: 1 | T? l? nghi v?n: 0.143 | M?c ??: 4.43
You admire the flowers with Salcera until the stars catch his eye.,Con ngắm hoa cùng Salcera cho đến khi ánh sao thu hút ánh nhìn của cậu ấy.,C?n ti?ng Anh nghi v?n: Salcera | S? t?/c?m nghi v?n: 1 | T? l? nghi v?n: 0.143 | M?c ??: 4.43
I am recording my findings on this Cassette as a final report. May this discovery prevent future expeditions from repeating my mistakes.,Ta đang ghi lại những phát hiện của mình vào Cassette này như một báo cáo cuối cùng. Mong rằng khám phá này sẽ giúp các đoàn thám hiểm sau tránh lặp lại sai lầm của ta.,C?n ti?ng Anh nghi v?n: Cassette | S? t?/c?m nghi v?n: 1 | T? l? nghi v?n: 0.143 | M?c ??: 4.43
But when McConna's photo travels through gravity and time and finds its way back to Elian a century away… I felt my eyes well up.,"Nhưng khi bức ảnh của McConna vượt qua trọng lực và thời gian, trở về với Elian sau một thế kỷ... tớ thấy mắt mình cay xè.",C?n ti?ng Anh nghi v?n: Elian | S? t?/c?m nghi v?n: 1 | T? l? nghi v?n: 0.143 | M?c ??: 4.43
"Let me guess, did Lucilla ask you to handle the cleanup? Or were you given some kind of unavoidable assignment?","Để tôi đoán xem, Lucilla bảo anh lo dọn dẹp hậu sự à? Hay là anh bị giao một nhiệm vụ không thể từ chối?",C?n ti?ng Anh nghi v?n: Lucilla | S? t?/c?m nghi v?n: 1 | T? l? nghi v?n: 0.143 | M?c ??: 4.43
"Made possible thanks to the Student Council and the Overtonic Society for giving the green light to my ""Academy Soundscape Capture Project.""","Thành công này là nhờ Hội Học sinh và Hội Overtonic đã bật đèn xanh cho ""Dự án Ghi âm Cảnh quan Học viện"" của ta.",C?n ti?ng Anh nghi v?n: Overtonic | S? t?/c?m nghi v?n: 1 | T? l? nghi v?n: 0.143 | M?c ??: 4.43
"""The period between the two Lament occurrences in Lahai-Roi history should not be understood as a simple story of migration.""","""Khoảng thời gian giữa hai lần Lament xuất hiện trong lịch sử Lahai-Roi không nên được hiểu đơn thuần là một câu chuyện di cư.""",C?n ti?ng Anh nghi v?n: Lahai | S? t?/c?m nghi v?n: 1 | T? l? nghi v?n: 0.143 | M?c ??: 4.43
Tch. Who was the one saying they had an Institute acceptance letter in hand and wanted to leave opportunities for the juniors?,Tch. Ai bảo ta có thư nhập học của Viện trong tay mà còn đòi nhường cơ hội cho đàn em chứ?,C?n ti?ng Anh nghi v?n: Tch | S? t?/c?m nghi v?n: 1 | T? l? nghi v?n: 0.143 | M?c ??: 4.43
"Truth be told... ""speak"" to the Soliskin, not all Shepherds can. But we watch. We observe. In time, a bond grows. Understanding, too.","Thật ra... ""nói chuyện"" với người Soliskin, không phải Shepherd nào cũng làm được. Nhưng chúng tôi quan sát. Chúng tôi theo dõi. Rồi theo thời gian, một mối liên kết hình thành. Sự thấu hiểu cũng vậy.",C?n ti?ng Anh nghi v?n: Soliskin | S? t?/c?m nghi v?n: 1 | T? l? nghi v?n: 0.143 | M?c ??: 4.43
"Relax, Ellis. I'll be back as soon as I finish my thesis proposal presentation, all right?","Thư giãn đi, Ellis. Anh sẽ quay lại ngay sau khi trình bày xong đề tài luận án, được chứ?",C?n ti?ng Anh nghi v?n: Ellis | S? t?/c?m nghi v?n: 1 | T? l? nghi v?n: 0.143 | M?c ??: 4.43
The Exostrider is humanoid because it carries the human spirit! Its creator meant for it to stand. On this earth. As we do. Forever.,Exostrider mang hình người bởi nó mang trong mình tinh thần nhân loại! Người tạo ra nó muốn nó đứng vững. Trên mảnh đất này. Như chúng ta. Mãi mãi.,C?n ti?ng Anh nghi v?n: Exostrider | S? t?/c?m nghi v?n: 1 | T? l? nghi v?n: 0.143 | M?c ??: 4.43
Two students who look familiar are in the middle of a fight. You think you saw them with the rune search team during the Aleph-1 crisis.,Hai học sinh trông quen quen đang đánh nhau. Hình như cậu đã thấy họ đi cùng đội tìm kiếm ký tự trong cuộc khủng hoảng Aleph-1.,C?n ti?ng Anh nghi v?n: Aleph | S? t?/c?m nghi v?n: 1 | T? l? nghi v?n: 0.143 | M?c ??: 4.43
"So what the hell was that?! You send me a photo of the Royan runes, say, ""Take care of my family for me,"" then log off. What was I supposed to think?!","Cái quái gì thế này?! Gửi cho ta tấm ảnh chữ Royan, bảo ""Chăm sóc gia đình ta giùm"", rồi biến mất luôn. Ta phải nghĩ sao đây?!",C?n ti?ng Anh nghi v?n: Royan | S? t?/c?m nghi v?n: 1 | T? l? nghi v?n: 0.143 | M?c ??: 4.43
And the Etheric Sea Exploration Initiative is still in the early planning stages. I'm afraid I can't go into too much detail yet...,Và Sáng kiến Thám hiểm Biển Etheric vẫn đang trong giai đoạn lên kế hoạch ban đầu. Ta e là chưa thể tiết lộ quá nhiều chi tiết...,C?n ti?ng Anh nghi v?n: Etheric | S? t?/c?m nghi v?n: 1 | T? l? nghi v?n: 0.143 | M?c ??: 4.43
"I'm sorry, Odette, but I can't celebrate my survival when others never had that chance. Let me just… finish the reconstruction first.","Xin lỗi Odette, nhưng tôi không thể vui mừng khi mình sống sót trong khi bao người khác không có cơ hội đó. Để tôi... hoàn thành việc tái thiết trước đã.",C?n ti?ng Anh nghi v?n: Odette | S? t?/c?m nghi v?n: 1 | T? l? nghi v?n: 0.143 | M?c ??: 4.43
"I didn't expect anything… but right before you showed up in Bjartr Woods, a message came back.","Ta không mong đợi gì cả… nhưng ngay trước khi cậu xuất hiện ở Rừng Bjartr, một tin nhắn đã quay về.",C?n ti?ng Anh nghi v?n: Bjartr | S? t?/c?m nghi v?n: 1 | T? l? nghi v?n: 0.143 | M?c ??: 4.43
What's a warranty card? Akos never gave me one! I bought this Terminal yesterday. It's brand new!,"Thẻ bảo hành là gì? Akos chẳng bao giờ đưa ta cái nào cả! Ta mới mua cái Thiết bị đầu cuối này hôm qua mà, còn mới tinh!",C?n ti?ng Anh nghi v?n: Akos | S? t?/c?m nghi v?n: 1 | T? l? nghi v?n: 0.143 | M?c ??: 4.43
"Minna ponders your words in silence.
Then she lowers down to Eee's side, and they talk, in their own special way, for a long time.","Minna im lặng suy nghĩ về lời cậu nói.
Rồi cô cúi xuống bên cạnh Eee, và cả hai trò chuyện với nhau theo cách riêng của chúng, thật lâu.",C?n ti?ng Anh nghi v?n: Minna | S? t?/c?m nghi v?n: 1 | T? l? nghi v?n: 0.143 | M?c ??: 4.43
"Minna ponders your words in silence.
Then she lowers down to Eee's side, and they talk, in their own special way, for a long time.","Minna im lặng suy nghĩ về lời cậu nói.
Rồi cô cúi xuống bên cạnh Eee, và cả hai trò chuyện với nhau theo cách riêng của chúng, thật lâu.",C?n ti?ng Anh nghi v?n: Minna | S? t?/c?m nghi v?n: 1 | T? l? nghi v?n: 0.143 | M?c ??: 4.43
"Shee, sorry I'm late. Don't be upset, okay? Tomorrow, you can pick wherever you want to sunbathe, and I'll take you there.","Shee, xin lỗi anh đến muộn. Đừng giận nhé? Ngày mai, em thích tắm nắng ở đâu cũng được, anh sẽ đưa em đến đó.",C?n ti?ng Anh nghi v?n: Shee | S? t?/c?m nghi v?n: 1 | T? l? nghi v?n: 0.143 | M?c ??: 4.43
"So, little Lynae, need another sick note today? What's your reason this time? Stomachache? Headache? Twitchy eyelid? Palpitations? Or...","Vậy thì, Lynae nhỏ, hôm nay lại cần giấy xin nghỉ bệnh à? Lý do lần này là gì? Đau bụng? Đau đầu? Mắt giật? Tim đập nhanh? Hay là...",C?n ti?ng Anh nghi v?n: Lynae | S? t?/c?m nghi v?n: 1 | T? l? nghi v?n: 0.143 | M?c ??: 4.43
"Let me check... Yes, you're on the list of new students who haven't reported yet, and you passed the <te href=700009>Synchronist</te> Test.","Để ta kiểm tra... Đúng rồi, tên cậu nằm trong danh sách học viên mới chưa báo cáo, và cậu đã vượt qua bài kiểm tra <te href=700009>Synchronist</te>.",C?n ti?ng Anh nghi v?n: Synchronist | S? t?/c?m nghi v?n: 1 | T? l? nghi v?n: 0.143 | M?c ??: 4.43
It's safe. The whole project passed the Black Shores' safety evaluation. All the nations involved approved it as well.,An toàn rồi. Toàn bộ dự án đã vượt qua đánh giá an toàn của Black Shores. Tất cả các quốc gia liên quan đều đã phê duyệt.,C?n ti?ng Anh nghi v?n: Black | S? t?/c?m nghi v?n: 1 | T? l? nghi v?n: 0.143 | M?c ??: 4.43
"The New Solar Ceremony will replace Lahai-Roi's ""Sun""—the Exostrider's Drive—with one we built ourselves.","Lễ Khai Sáng Mặt Trời Mới sẽ thay thế ""Mặt Trời"" của Lahai-Roi—Lò Phản Ứng của Exostrider—bằng một thiết bị do chính chúng ta chế tạo.",C?n ti?ng Anh nghi v?n: Lahai | S? t?/c?m nghi v?n: 1 | T? l? nghi v?n: 0.143 | M?c ??: 4.43
"As one of Lahai-Ro's persistent regional hazards, the Voidworms consume what is left of Exoswarm that were consumed by Void Storms, using this as ""food"" to grow in size year by year.","Là một trong những mối nguy hiểm thường trực của vùng Lahai-Roi, loài Giun Hư Không hấp thụ những gì còn sót lại của Bầy Ngoại Sinh bị Bão Hư Không nuốt chửng, dùng chúng làm ""thức ăn"" để lớn lên qua từng năm.",C?n ti?ng Anh nghi v?n: Lahai | S? t?/c?m nghi v?n: 1 | T? l? nghi v?n: 0.143 | M?c ??: 4.43
"""Before we return to where we should be, we want to see these flying fish soar through the sky again. Just like they did when Matthew was still with us.""","""Trước khi trở về nơi chúng ta thuộc về, chúng ta muốn thấy những đàn cá bay lại tung tăng trên bầu trời. Như thời Matthew vẫn còn ở bên chúng ta vậy.""",C?n ti?ng Anh nghi v?n: Matthew | S? t?/c?m nghi v?n: 1 | T? l? nghi v?n: 0.143 | M?c ??: 4.43
"I will speak the truth. After his parents were caught in a Void Storm when he was a boy, 'twas Aksel and I who raised him.","Ta sẽ nói sự thật. Sau khi cha mẹ cậu ấy gặp nạn trong Bão Hư Không hồi còn nhỏ, chính Aksel và ta đã nuôi nấng cậu ấy.",C?n ti?ng Anh nghi v?n: Aksel | S? t?/c?m nghi v?n: 1 | T? l? nghi v?n: 0.143 | M?c ??: 4.43
"Apologies. After this meeting, I need to return to the Spacetrek Collective for a presentation. I had hoped to finish some calculations first.","Xin lỗi. Sau cuộc họp này, ta phải quay về Tập Đoàn Spacetrek để thuyết trình. Ta cứ mong hoàn thành vài phép tính trước đã...",C?n ti?ng Anh nghi v?n: Spacetrek | S? t?/c?m nghi v?n: 1 | T? l? nghi v?n: 0.143 | M?c ??: 4.43
"Actually, we did see one flying this way while we were setting up at the market. If Svanar hadn't seen it too, I would've thought I was imagining it.","Thực ra, lúc chúng tôi đang bày hàng ở chợ, chúng tôi có thấy một con bay ngang qua. Nếu Svanar không thấy thì chắc tôi đã tưởng mình hoa mắt rồi.",C?n ti?ng Anh nghi v?n: Svanar | S? t?/c?m nghi v?n: 1 | T? l? nghi v?n: 0.143 | M?c ??: 4.43
"Unlike the many splendours of Ragunna, the Lahai-Roi wilderness has an untamed beauty to it.","Không như vẻ huy hoàng của Ragunna, vùng hoang dã Lahai-Roi mang một vẻ đẹp hoang sơ, chưa từng bị chế ngự.",C?n ti?ng Anh nghi v?n: Lahai | S? t?/c?m nghi v?n: 1 | T? l? nghi v?n: 0.143 | M?c ??: 4.43
I've printed out these pictures for you. Hope they'll remind you of the views here after you're back in Huanglong!,"Tôi đã in những bức ảnh này cho anh. Hy vọng khi trở về Huanglong, chúng sẽ giúp anh nhớ về cảnh sắc nơi đây!",C?n ti?ng Anh nghi v?n: in | S? t?/c?m nghi v?n: 1 | T? l? nghi v?n: 0.143 | M?c ??: 4.43
"As long as we went up to the Spacetrek Observatory at the time set by the Sky Projection Array, we'd always see the stars just as we expected.","Chừng nào chúng ta lên Đài Quan Sát Spacetrek vào đúng giờ mà Mảng Dự Báo Bầu Trời đặt ra, chúng ta sẽ luôn thấy những vì sao như mong đợi.",C?n ti?ng Anh nghi v?n: Spacetrek | S? t?/c?m nghi v?n: 1 | T? l? nghi v?n: 0.143 | M?c ??: 4.43
Because I don't know if Harriet actually wants to hear this. Maybe she'd be happier thinking Sanna's still out there roaming the frostlands.,Bởi vì ta không biết Harriet có thực sự muốn nghe điều này không. Có lẽ cô ấy sẽ hạnh phúc hơn nếu vẫn tin Sanna đang lang thang ngoài vùng băng giá.,C?n ti?ng Anh nghi v?n: Harriet | S? t?/c?m nghi v?n: 1 | T? l? nghi v?n: 0.143 | M?c ??: 4.43
We made this promise when we first came to Startorch Academy. But the school system and personal pursuits have sent us to different departments.,Chúng ta đã hứa với nhau từ khi mới vào học viện Startorch. Nhưng hệ thống trường và những mục tiêu cá nhân đã đưa chúng ta vào những khoa khác nhau.,C?n ti?ng Anh nghi v?n: Startorch | S? t?/c?m nghi v?n: 1 | T? l? nghi v?n: 0.143 | M?c ??: 4.43
"He fell in love with photography. Instead of trying to invent something that would shock the world, he'd rather make a B movie that genuinely moves people.","Anh ấy đam mê nhiếp ảnh. Thay vì cố tạo ra thứ gì đó gây chấn động thế giới, anh ấy muốn làm một bộ phim B thật sự lay động lòng người.",C?n ti?ng Anh nghi v?n: B | S? t?/c?m nghi v?n: 1 | T? l? nghi v?n: 0.143 | M?c ??: 4.43
"Let me think... Ah, I hear he hangs out in the <color=YellowD>arcade</color> after class.","Để ta nghĩ xem... À, nghe nói cậu ấy hay lui tới <color=YellowD>arcade</color> sau giờ học.",C?n ti?ng Anh nghi v?n: arcade | S? t?/c?m nghi v?n: 1 | T? l? nghi v?n: 0.143 | M?c ??: 4.43
"It's funny. I once thought I was the second-best duelist in the fan club, and by extension, the Academy. But since dueling Miss Chessa, I've realized...","Thật buồn cười. Ta từng nghĩ mình là kẻ đấu kiếm hạng hai trong câu lạc bộ, và rộng hơn là cả Học viện. Nhưng từ khi đấu với cô Chessa, ta mới nhận ra...",C?n ti?ng Anh nghi v?n: Chessa | S? t?/c?m nghi v?n: 1 | T? l? nghi v?n: 0.143 | M?c ??: 4.43
"Ha. Very funny! Me? Bail? We had a deal, whoever smashes the most boxes gets the parts! A word once spoken...","Ha. Đùa à! Ta à? Bỏ cuộc? Chúng ta có giao kèo rồi, ai đập nhiều hộp hơn sẽ được lấy linh kiện! Lời nói ra...",C?n ti?ng Anh nghi v?n: Ha | S? t?/c?m nghi v?n: 1 | T? l? nghi v?n: 0.143 | M?c ??: 4.43
"Just wait and see. I promised you an Unparalleled Mechascout, and an Unparalleled Mechascout I <i>shall</i> deliver!","Đợi mà xem. Ta đã hứa với ngươi một Mechascout Vô Đối, và ta <i>sẽ</i> giao cho ngươi một con Vô Đối!",C?n ti?ng Anh nghi v?n: Mechascout | S? t?/c?m nghi v?n: 1 | T? l? nghi v?n: 0.143 | M?c ??: 4.43
No question about it! They were made for my Mechascout! I'll install them right away!,Không phải bàn cãi! Chúng sinh ra là để dành cho Mechascout của ta! Ta sẽ lắp đặt ngay lập tức!,C?n ti?ng Anh nghi v?n: Mechascout | S? t?/c?m nghi v?n: 1 | T? l? nghi v?n: 0.143 | M?c ??: 4.43
"A surface detector built by the Spacetrek Collective for the Reactor Drive's inspection and maintenance. It's vital for the Ceremony's data calibration. And now, at the worst possible time…",Máy dò bề mặt do Tập Đoàn Spacetrek chế tạo để kiểm tra và bảo trì Lò Phản Ứng. Nó rất quan trọng cho việc hiệu chỉnh dữ liệu trong Nghi Lễ. Và giờ thì… đúng vào lúc tồi tệ nhất.,C?n ti?ng Anh nghi v?n: Spacetrek | S? t?/c?m nghi v?n: 1 | T? l? nghi v?n: 0.143 | M?c ??: 4.43
This box is identical to the storage vessels described in the ancestral records. There can be no doubt. We are standing in the ancient Upphaf Forest.,Cái hộp này y hệt những bình chứa được ghi chép trong tài liệu cổ của tổ tiên. Không còn nghi ngờ gì nữa. Chúng ta đang đứng giữa khu rừng Upphaf cổ xưa.,C?n ti?ng Anh nghi v?n: Upphaf | S? t?/c?m nghi v?n: 1 | T? l? nghi v?n: 0.143 | M?c ??: 4.43
"Hey, listen. Hear that song playing in the auditorium? That's the unfinished demo I left on my site.","Này, nghe đi. Bài hát đang phát trong khán phòng kia, đó là bản demo chưa hoàn thành ta để trên trang web của mình đấy.",C?n ti?ng Anh nghi v?n: demo | S? t?/c?m nghi v?n: 1 | T? l? nghi v?n: 0.143 | M?c ??: 4.43
"Aemeath, that mech only left after it saw you. After you clashed with it.","Aemeath, cỗ máy đó chỉ rút lui sau khi thấy cậu. Sau khi cậu giao chiến với nó.",C?n ti?ng Anh nghi v?n: Aemeath | S? t?/c?m nghi v?n: 1 | T? l? nghi v?n: 0.143 | M?c ??: 4.43
Welcome aboard the SkyArk Space Station. It's an honor to share this vessel of knowledge with you as we journey across the stars.,"Chào mừng lên Trạm Vũ Trụ SkyArk. Thật vinh dự khi được đồng hành cùng các bạn trên con tàu tri thức này, vượt qua những vì sao.",C?n ti?ng Anh nghi v?n: SkyArk | S? t?/c?m nghi v?n: 1 | T? l? nghi v?n: 0.143 | M?c ??: 4.43
"Wandering through the <te href=750040>Voidspace</te>, I saw the proof... a graveyard of civilizations it's already ended.","Trong lúc lang thang qua <te href=750040>Voidspace</te>, ta đã thấy bằng chứng… một nghĩa địa của các nền văn minh, nơi mọi thứ đã kết thúc từ lâu.",C?n ti?ng Anh nghi v?n: Voidspace | S? t?/c?m nghi v?n: 1 | T? l? nghi v?n: 0.143 | M?c ??: 4.43
"Guided by its strange connection to other frequencies, I traced my way through countless overlapping spaces until I found the remains of an Exostrider.","Được dẫn dắt bởi mối liên kết kỳ lạ với các tần số khác, ta lần theo dấu vết qua vô số không gian chồng chéo cho đến khi tìm thấy xác của một Exostrider.",C?n ti?ng Anh nghi v?n: Exostrider | S? t?/c?m nghi v?n: 1 | T? l? nghi v?n: 0.143 | M?c ??: 4.43
"I'll destroy Sigillum. So, just go. Stay away from it, okay?","Ta sẽ tiêu diệt Sigillum. Vậy nên, r?i ?i. Tránh xa nó ra, được không?",C?n ti?ng Anh nghi v?n: Sigillum | S? t?/c?m nghi v?n: 1 | T? l? nghi v?n: 0.143 | M?c ??: 4.43
"It's a pity you called me to Lahai-Roi. Otherwise, I would've continued following that trail. But you always have good reason. Right?","Thật tiếc khi cậu gọi ta đến Lahai-Roi. Nếu không, ta đã tiếp tục theo dấu vết đó rồi. Nhưng cậu luôn có lý do chính đáng mà, phải không?",C?n ti?ng Anh nghi v?n: Lahai | S? t?/c?m nghi v?n: 1 | T? l? nghi v?n: 0.143 | M?c ??: 4.43
"I understand her reasons. She was fighting for her dream, for Lahai-Roi, in the only way she knew how. And I respect that. The fate she chose for herself.","Ta hiểu lý do của cô ấy. Cô ấy chiến đấu vì giấc mơ của mình, vì Lahai-Roi, bằng cách duy nhất cô ấy biết. Và ta tôn trọng điều đó. Số phận mà cô ấy đã chọn cho chính mình.",C?n ti?ng Anh nghi v?n: Lahai | S? t?/c?m nghi v?n: 1 | T? l? nghi v?n: 0.143 | M?c ??: 4.43
"Good or bad, true or false, these things have a way of coming to light. And as your friend Denia said, sometimes a little distraction is good for your health.","Dù tốt hay xấu, thật hay giả, những chuyện đó rồi cũng sẽ lộ ra thôi. Như lời bạn cậu, Denia, đã nói, đôi khi một chút xao nhãng cũng tốt cho sức khỏe đấy.",C?n ti?ng Anh nghi v?n: Denia | S? t?/c?m nghi v?n: 1 | T? l? nghi v?n: 0.143 | M?c ??: 4.43
I prefer to know who I'm working with before jumping into something as big as opening the Stridergate. It'll affect the entire Lahai-Roi region.,Tôi muốn biết rõ mình đang làm việc với ai trước khi lao vào việc lớn như mở Cổng Strider. Điều đó sẽ ảnh hưởng đến toàn bộ khu vực Lahai-Roi.,C?n ti?ng Anh nghi v?n: Lahai | S? t?/c?m nghi v?n: 1 | T? l? nghi v?n: 0.143 | M?c ??: 4.43
Fair enough. But I'm not like those stubborn old goats you're used to dealing with. I don't chase after pride or rank. All I care about is Startorch Academy.,Được thôi. Nhưng ta không giống mấy lão cứng đầu mà cậu vẫn thường gặp đâu. Ta không màng đến danh vọng hay địa vị. Điều ta quan tâm chỉ là Học viện Startorch thôi.,C?n ti?ng Anh nghi v?n: Startorch | S? t?/c?m nghi v?n: 1 | T? l? nghi v?n: 0.143 | M?c ??: 4.43
"Sure, you got a little nudge from your ""other self,"" but at the end of the day, he's still built on ""you,"" right? Haha!","Đúng là cậu được ""bản sao"" kia giúp một tay, nhưng suy cho cùng, hắn vẫn dựa trên ""cậu"" mà ra, phải không? Haha!",C?n ti?ng Anh nghi v?n: Haha | S? t?/c?m nghi v?n: 1 | T? l? nghi v?n: 0.143 | M?c ??: 4.43
"Do come back for a visit after we confirm it's safe inside the space station, Miss Inara.","Hãy quay lại thăm sau khi chúng ta xác nhận bên trong trạm vũ trụ đã an toàn, cô Inara nhé.",C?n ti?ng Anh nghi v?n: Inara | S? t?/c?m nghi v?n: 1 | T? l? nghi v?n: 0.143 | M?c ??: 4.43
"The legend says that is how Septimont got its name. Later on, Mr. Furius unearthed the seven artifacts and resurrected the lost Peaks of Prestige.","Truyền thuyết kể rằng đó là cách Septimont có được cái tên của mình. Sau này, ông Furius đã khai quật bảy bảo vật và hồi sinh những Ngọn Núi Uy Danh đã mất.",C?n ti?ng Anh nghi v?n: Furius | S? t?/c?m nghi v?n: 1 | T? l? nghi v?n: 0.143 | M?c ??: 4.43
I was involved in a project that adapted Exoswarm biology to create a batch of biomechs.,Ta từng tham gia một dự án điều chỉnh sinh học Exoswarm để tạo ra một lô biomech.,C?n ti?ng Anh nghi v?n: Exoswarm | S? t?/c?m nghi v?n: 1 | T? l? nghi v?n: 0.143 | M?c ??: 4.43
"We will not sit back and watch the Fractsidus exploit that. And let's not forget, the knowledge these students hold can shape the future of Lahai-Roi itself.","Chúng ta không thể ngồi yên nhìn Fractsidus lợi dụng chuyện đó. Và đừng quên, tri thức mà những học sinh này nắm giữ có thể định hình tương lai của chính Lahai-Roi.",C?n ti?ng Anh nghi v?n: Lahai | S? t?/c?m nghi v?n: 1 | T? l? nghi v?n: 0.143 | M?c ??: 4.43
The Roya value the gifted and the strong. Adulthood is defined by passing the Imprinting Trial. It's a rite of great importance.,Người Roya coi trọng những ai tài năng và mạnh mẽ. Trưởng thành được định nghĩa bằng việc vượt qua Thử Thách In Ấn. Đó là một nghi lễ vô cùng quan trọng.,C?n ti?ng Anh nghi v?n: Roya | S? t?/c?m nghi v?n: 1 | T? l? nghi v?n: 0.143 | M?c ??: 4.43
"Tell me, what does a gift, or an endowment, mean to the Roya? I want to hear your answer.","Nói ta nghe, với Roya, một món quà hay sự ban tặng có ý nghĩa gì? Ta muốn nghe câu trả lời của ngươi.",C?n ti?ng Anh nghi v?n: Roya | S? t?/c?m nghi v?n: 1 | T? l? nghi v?n: 0.143 | M?c ??: 4.43
"You follow a rabbit deeper and deeper until you discover Sigrika trapped within the vortex. 
In desperation, you shout out her name.","Cậu đuổi theo con thỏ càng lúc càng sâu, cho đến khi phát hiện Sigrika bị mắc kẹt trong vòng xoáy.
Trong tuyệt vọng, cậu gào thét gọi tên cô ấy.",C?n ti?ng Anh nghi v?n: Sigrika | S? t?/c?m nghi v?n: 1 | T? l? nghi v?n: 0.143 | M?c ??: 4.43
"With the Dark Side closing in around her, it's the sound of her friends calling out that helps Sigrika find her own answer.","Khi Mặt Tối bao vây xung quanh, chính tiếng gọi của những người bạn đã giúp Sigrika tìm ra câu trả lời cho riêng mình.",C?n ti?ng Anh nghi v?n: Sigrika | S? t?/c?m nghi v?n: 1 | T? l? nghi v?n: 0.143 | M?c ??: 4.43
"In the Dark Side, Professor Sevi encountered the rabbit and realized it was responsible for harming students, so he chased after it. 
When he activated his memory-type Forte, the rabbit transformed into him, trying to break his mind.","Ở Mặt Tối, Giáo sư Sevi đã chạm trán chú thỏ và nhận ra nó chính là thủ phạm gây hại cho các học sinh, nên ông đã đuổi theo. 
Khi kích hoạt Forte thuộc loại ký ức, chú thỏ biến thành hình hài của ông, cố gắng bẻ gãy tâm trí ông.",C?n ti?ng Anh nghi v?n: Sevi | S? t?/c?m nghi v?n: 1 | T? l? nghi v?n: 0.143 | M?c ??: 4.43
Let me guess what you're after. Targeting Sigrika was just a diversion. You wanted the Academy to intervene.,Để tôi đoán xem anh muốn gì. Việc nhắm vào Sigrika chỉ là nghi binh thôi. Anh muốn Học viện phải can thiệp đúng không?,C?n ti?ng Anh nghi v?n: Sigrika | S? t?/c?m nghi v?n: 1 | T? l? nghi v?n: 0.143 | M?c ??: 4.43
I've only read about Rinascita in textbooks. Their culture of living alongside Echoes reminds me a bit of the Roya.,Ta chỉ đọc về Rinascita trong sách vở. Văn hóa sống chung với Echo của họ khiến ta nhớ đến Roya.,C?n ti?ng Anh nghi v?n: Roya | S? t?/c?m nghi v?n: 1 | T? l? nghi v?n: 0.143 | M?c ??: 4.43
"Lucilla notes that the rabbit's attacks are highly selective. To determine how it chooses its targets, she proposes a coordinated investigation into the victims. You approach the victims and collect key personal belongings, and she will use her Forte to read the memories tied to them. 
Together, you'll dig through what she finds and look for answers.","Lucilla nhận xét rằng con thỏ tấn công rất có chọn lọc. Để xác định cách nó chọn mục tiêu, cô đề xuất điều tra phối hợp các nạn nhân. Cậu sẽ tiếp cận họ và thu thập những vật dụng cá nhân quan trọng, còn cô sẽ dùng Forte của mình để đọc ký ức gắn liền với chúng. 
Cùng nhau, các cậu sẽ đào sâu những gì cô tìm thấy và tìm kiếm câu trả lời.",C?n ti?ng Anh nghi v?n: Lucilla | S? t?/c?m nghi v?n: 1 | T? l? nghi v?n: 0.143 | M?c ??: 4.43
"I've always wanted to repay my mentor's teachings. After thinking it over, I decided... to throw a grand fireworks show as a farewell gift for Professor Edgar.","Tôi luôn muốn báo đáp công ơn dạy dỗ của sư phụ. Sau khi suy nghĩ kỹ, tôi quyết định... tổ chức một buổi trình diễn pháo hoa hoành tráng như món quà chia tay Giáo sư Edgar.",C?n ti?ng Anh nghi v?n: Edgar | S? t?/c?m nghi v?n: 1 | T? l? nghi v?n: 0.143 | M?c ??: 4.43
"I've always wanted to repay my mentor's teachings. After thinking it over, I decided... to throw a grand fireworks show as a farewell gift for Professor Edgar.","Tôi luôn muốn báo đáp công ơn dạy dỗ của sư phụ. Sau khi suy nghĩ kỹ, tôi quyết định... tổ chức một buổi trình diễn pháo hoa hoành tráng như món quà chia tay Giáo sư Edgar.",C?n ti?ng Anh nghi v?n: Edgar | S? t?/c?m nghi v?n: 1 | T? l? nghi v?n: 0.143 | M?c ??: 4.43
"I'll be heading back to the New Federation. If you ever need anything, here's my contact information. You can always reach me through WavesLine...","Ta sẽ quay về Liên Bang Mới. Nếu cậu cần gì, đây là thông tin liên lạc của ta. Cậu luôn có thể liên hệ qua WavesLine...",C?n ti?ng Anh nghi v?n: WavesLine | S? t?/c?m nghi v?n: 1 | T? l? nghi v?n: 0.143 | M?c ??: 4.43
"A faint, cobalt-blue substance diffuses in the air, merging with the distant sky. You both realize simultaneously. Yes, this is the place.","Một chất màu xanh cobalt nhạt tỏa ra trong không khí, hòa quyện với bầu trời xa xăm. Cả hai cùng nhận ra cùng một lúc. Đúng rồi, đây chính là nơi.",C?n ti?ng Anh nghi v?n: cobalt | S? t?/c?m nghi v?n: 1 | T? l? nghi v?n: 0.143 | M?c ??: 4.43
But isn't that how we got here? The New Federation. Spacetrek. Everything they built came from trial and error. From pushing forward even when things went wrong.,Nhưng chẳng phải chính nhờ vậy mà chúng ta mới đến được đây sao? Liên Bang Mới. Spacetrek. Tất cả những gì họ xây dựng đều đến từ thử nghiệm và sai lầm. Từ việc không ngừng tiến lên ngay cả khi mọi thứ đổ vỡ.,C?n ti?ng Anh nghi v?n: Spacetrek | S? t?/c?m nghi v?n: 1 | T? l? nghi v?n: 0.143 | M?c ??: 4.43
"The moment you mentioned Lenie in your messages, I knew I had to come.","Ngay khi cậu nhắc đến Lenie trong tin nhắn, ta biết ta phải đến đây.",C?n ti?ng Anh nghi v?n: Lenie | S? t?/c?m nghi v?n: 1 | T? l? nghi v?n: 0.143 | M?c ??: 4.43
"Oh no, the TDs are attacking the Riteglow! {PlayerName}, time to go be heroes!","Ôi không, bọn Tacet Discord đang tấn công Riteglow kìa! {PlayerName}, đến lúc chúng ta ra tay cứu nguy rồi!",C?n ti?ng Anh nghi v?n: Riteglow | S? t?/c?m nghi v?n: 1 | T? l? nghi v?n: 0.143 | M?c ??: 4.43
"Oh, don't worry. They usually spit 'em back out after a minute or two. That's where the ""Chuubill Gulpy"" thing comes from.","Ồ, đừng lo. Chúng thường nhả ra sau một hai phút thôi. Đó là lý do tại sao lại gọi là ""Chuubill Nuốt Chửng"" ấy mà.",C?n ti?ng Anh nghi v?n: Chuubill | S? t?/c?m nghi v?n: 1 | T? l? nghi v?n: 0.143 | M?c ??: 4.43
"But after looking into Royan culture myself, I realized Finella's literature review wasn't total nonsense.","Nhưng sau khi tự mình tìm hiểu về văn hóa Royan, ta nhận ra bài tổng quan văn học của Finella không phải hoàn toàn vô nghĩa.",C?n ti?ng Anh nghi v?n: Royan | S? t?/c?m nghi v?n: 1 | T? l? nghi v?n: 0.143 | M?c ??: 4.43
"I heard there should be a pair of Soliskin living near the tree. But strangely, nobody has spotted them together.","Nghe nói gần cây đó có một cặp Soliskin sống chung. Nhưng lạ thay, chẳng ai thấy chúng xuất hiện cùng nhau bao giờ.",C?n ti?ng Anh nghi v?n: Soliskin | S? t?/c?m nghi v?n: 1 | T? l? nghi v?n: 0.143 | M?c ??: 4.43
Looks like staying up late isn't good for anyone's health... Even this Soliskin seems a bit down.,Xem ra thức khuya chẳng tốt cho sức khỏe ai cả... Ngay cả loài Soliskin này cũng có vẻ ủ rũ.,C?n ti?ng Anh nghi v?n: Soliskin | S? t?/c?m nghi v?n: 1 | T? l? nghi v?n: 0.143 | M?c ??: 4.43
"I asked the Institute for permission to view your Cassette, but never got the courage to actually open it.","Tôi xin Viện cho phép xem Cassette của cậu, nhưng chưa bao giờ đủ can đảm để mở nó ra.",C?n ti?ng Anh nghi v?n: Cassette | S? t?/c?m nghi v?n: 1 | T? l? nghi v?n: 0.143 | M?c ??: 4.43
"The counter's beeping sound blew up in my earpiece, and then I barely heard Nahum shout ""Run!""","Tiếng bip báo động trong tai nghe tôi nổ tung, rồi tôi chỉ nghe Nahum hét lên ""Chạy đi!""",C?n ti?ng Anh nghi v?n: Nahum | S? t?/c?m nghi v?n: 1 | T? l? nghi v?n: 0.143 | M?c ??: 4.43
I've been wondering what he would say to me the entire trip... He might blame me for staying alive while he was taken by Voidmatter...,"Suốt chuyến đi, ta cứ tự hỏi không biết cậu ấy sẽ nói gì với ta... Có khi còn trách ta vì vẫn sống sót trong khi cậu ấy bị Voidmatter nuốt chửng...",C?n ti?ng Anh nghi v?n: Voidmatter | S? t?/c?m nghi v?n: 1 | T? l? nghi v?n: 0.143 | M?c ??: 4.43
"To find those answers, I was prepared to sacrifice everything. Thus I walked among the Roya, and thus I found my purpose.","Để tìm ra những câu trả lời ấy, ta đã sẵn sàng hy sinh tất cả. Vì thế ta đã bước vào hàng ngũ Roya, và cũng vì thế ta tìm thấy mục đích của mình.",C?n ti?ng Anh nghi v?n: Roya | S? t?/c?m nghi v?n: 1 | T? l? nghi v?n: 0.143 | M?c ??: 4.43
"Please, come back with me, Dumdum. Do I have to beg on my knees?","Xin hãy về cùng ta, Dumdum. Hay ta phải quỳ xuống van xin đây?",C?n ti?ng Anh nghi v?n: Dumdum | S? t?/c?m nghi v?n: 1 | T? l? nghi v?n: 0.143 | M?c ??: 4.43
"You get a feeling that no matter how the future unfolds for Lahai-Roi, this Fluffguin's life will remain unchanged.","Ngươi có cảm giác dù tương lai Lahai-Roi có ra sao, cuộc đời chú chim cánh cụt này vẫn sẽ không đổi thay.",C?n ti?ng Anh nghi v?n: Lahai | S? t?/c?m nghi v?n: 1 | T? l? nghi v?n: 0.143 | M?c ??: 4.43
Now I can see why Hui never lets me go on investigations on my own...,Giờ ta mới hiểu tại sao Hui không bao giờ cho ta đi điều tra một mình...,C?n ti?ng Anh nghi v?n: Hui | S? t?/c?m nghi v?n: 1 | T? l? nghi v?n: 0.143 | M?c ??: 4.43
"Acting out of instinct, it transmits information in the form of ""phantoms.” Only the “phantoms” ran into random people wandering on the ground, instead of reaching the Aix flying in the sky.","Hành động theo bản năng, nó truyền tải thông tin dưới dạng ""ảo ảnh"". Nhưng thay vì đến được Aix đang bay trên trời, những ""ảo ảnh"" ấy lại đâm sầm vào những kẻ lang thang dưới mặt đất.",C?n ti?ng Anh nghi v?n: Aix | S? t?/c?m nghi v?n: 1 | T? l? nghi v?n: 0.143 | M?c ??: 4.43
"I refused to accept her departure, and lived as though entirely stripped of life... I also held on to the illusion that as a researcher, I may be able to find a way to bring Hui back to my side.","Ta không chấp nhận việc cô ấy ra đi, sống như thể bị tước đi sinh khí... Ta vẫn ôm ảo tưởng rằng, với tư cách một nhà nghiên cứu, ta có thể tìm ra cách đưa Hui trở về bên mình.",C?n ti?ng Anh nghi v?n: Hui | S? t?/c?m nghi v?n: 1 | T? l? nghi v?n: 0.143 | M?c ??: 4.43
"Anyway, leave the wrapping up and documenting to me. If you have a chance, come find me in Huaxu! Next time we meet, I'll be sure to bring Hoshi's share along and become even more awesome!","Dù sao thì, việc đóng gói và ghi chép cứ để tôi lo. Nếu có dịp, hãy đến tìm tôi ở Huaxu nhé! Lần sau gặp lại, tôi nhất định sẽ mang phần của Hoshi đến và trở nên tuyệt vời hơn nữa!",C?n ti?ng Anh nghi v?n: Huaxu | S? t?/c?m nghi v?n: 1 | T? l? nghi v?n: 0.143 | M?c ??: 4.43
"Actually, I once dealt with a similar order as a courier. The sender was a human, but the recipient was a hound named ""Mimi""...","Thật ra, ta từng nhận một đơn hàng tương tự khi còn làm người đưa tin. Người gửi là con người, nhưng người nhận lại là một con chó tên ""Mimi""...",C?n ti?ng Anh nghi v?n: Mimi | S? t?/c?m nghi v?n: 1 | T? l? nghi v?n: 0.143 | M?c ??: 4.43
"Wangcai said: ""Numb. Something's zapping me inside the light box. My tummy feels numb. Please get me out quickly.""","Wangcai nói: ""Tê quá... Có gì đó đang giật điện con trong cái hộp ánh sáng này. Bụng con tê hết rồi. Làm ơn đưa con ra nhanh đi.""",C?n ti?ng Anh nghi v?n: Wangcai | S? t?/c?m nghi v?n: 1 | T? l? nghi v?n: 0.143 | M?c ??: 4.43
"You tell Maji about the event, leaving him speechless for a moment.","Bạn kể cho Maji nghe về sự kiện đó, khiến anh ta im bặt trong giây lát.",C?n ti?ng Anh nghi v?n: Maji | S? t?/c?m nghi v?n: 1 | T? l? nghi v?n: 0.143 | M?c ??: 4.43
"Alright, enough with the fancy words... Ahem. I hereby declared that ""Maji's Lollo Entrepreneur Pilot Business Projects"" will end today.","Thôi nào, đừng dùng mấy từ hoa mỹ nữa... Ặc hừm. Ta tuyên bố rằng ""Dự án Kinh doanh Phiêu lưu Lollo của Maji"" sẽ kết thúc vào hôm nay.",C?n ti?ng Anh nghi v?n: Lollo | S? t?/c?m nghi v?n: 1 | T? l? nghi v?n: 0.143 | M?c ??: 4.43
"Unlike the joy of ""The Fox and the Moon,"" the Lunite and Threnodians at the borders are linked. Two moons signal disaster.","Khác với niềm vui trong ""Cáo và Trăng"", người Lunite và Threnodian ở biên giới lại gắn liền với nhau. Hai mặt trăng báo hiệu tai họa.",C?n ti?ng Anh nghi v?n: Lunite | S? t?/c?m nghi v?n: 1 | T? l? nghi v?n: 0.143 | M?c ??: 4.43
"Haha, yes, I always had faith that my son would achieve his dreams. He never stopped striving.","Haha, đúng vậy, ta luôn tin rằng con trai ta sẽ đạt được ước mơ của mình. Nó chưa bao giờ ngừng cố gắng.",C?n ti?ng Anh nghi v?n: Haha | S? t?/c?m nghi v?n: 1 | T? l? nghi v?n: 0.143 | M?c ??: 4.43
"The ""Savior's Proof,"" obtainable only here and forged into crest coins from the wealth of Fisalia, will bring you endless riches!","""Bằng Chứng Cứu Tinh"", chỉ có thể kiếm được ở đây và được đúc thành đồng xu huy hiệu từ kho báu của Fisalia, sẽ mang lại cho ngươi vô vàn của cải!",C?n ti?ng Anh nghi v?n: Fisalia | S? t?/c?m nghi v?n: 1 | T? l? nghi v?n: 0.143 | M?c ??: 4.43
"Yet I've discovered impurities lingering within the dreams of Rinascita. When the Dreamscape Nodes in Rinascita were activated, these impurities flooded in Somnoire along with the dreams.","Nhưng ta đã phát hiện ra những tạp chất còn vương vấn trong giấc mơ của Rinascita. Khi các Nút Giấc Mơ ở Rinascita được kích hoạt, những tạp chất này đã tràn vào Somnoire cùng với giấc mơ.",C?n ti?ng Anh nghi v?n: Somnoire | S? t?/c?m nghi v?n: 1 | T? l? nghi v?n: 0.143 | M?c ??: 4.43
"You notice the fish you caught for Dana dangling from her waist, exuding a foul, rotten stench.","Ngươi thấy con cá ngươi bắt cho Dana vẫn lủng lẳng bên eo cô ta, tỏa ra mùi thối rữa kinh khủng.",C?n ti?ng Anh nghi v?n: Dana | S? t?/c?m nghi v?n: 1 | T? l? nghi v?n: 0.143 | M?c ??: 4.43
"We're here bringing gifts for Mr. Doria. Quick, {Male=brother;Female=sister}. Show him the gifts we prepared.","Chúng tôi mang quà đến cho ông Doria đấy. Nhanh lên, {Male=anh trai;Female=chị gái}. Đưa quà chúng ta chuẩn bị cho ông ấy xem nào.",C?n ti?ng Anh nghi v?n: Doria | S? t?/c?m nghi v?n: 1 | T? l? nghi v?n: 0.143 | M?c ??: 4.43
"Hm. Well, we have made some progress. The melody we were in gave me a hint on what to do next.","Hm. Chà, cũng có tiến triển rồi. Giai điệu ta vừa trải qua đã gợi ý cho ta bước tiếp theo.",C?n ti?ng Anh nghi v?n: Hm | S? t?/c?m nghi v?n: 1 | T? l? nghi v?n: 0.143 | M?c ??: 4.43
Is it that foreign Laureate that unsettles you so? Or perhaps that insignificant Toccata girl?,Hay là do tên Học Giả kia khiến cậu bất an? Hay cô bé Toccata vô danh đó?,C?n ti?ng Anh nghi v?n: Toccata | S? t?/c?m nghi v?n: 1 | T? l? nghi v?n: 0.143 | M?c ??: 4.43
"You are a wise man. I trust you will make the right choice. I look forward to seeing you tomorrow. Good night, Mr. Faroll.","Ông quả là một người thông thái. Ta tin ông sẽ đưa ra lựa chọn đúng đắn. Mong được gặp lại ông vào ngày mai. Chúc ông ngủ ngon, ông Faroll.",C?n ti?ng Anh nghi v?n: Faroll | S? t?/c?m nghi v?n: 1 | T? l? nghi v?n: 0.143 | M?c ??: 4.43
We must have gotten separated. Ciaccona did say even a slight misstep could draw us into other melodies. Am I...,Chắc là chúng ta đã bị lạc nhau rồi. Ciaccona có nói dù chỉ một bước đi sai lệch cũng có thể kéo ta vào những giai điệu khác... Ta đang ở...,C?n ti?ng Anh nghi v?n: Ciaccona | S? t?/c?m nghi v?n: 1 | T? l? nghi v?n: 0.143 | M?c ??: 4.43
"To that end, he stirs panic to deepen Ragunnesi prejudice against the Poets Society, using this opportunity to create monsters born from our words...","Vì mục đích đó, hắn khuấy động nỗi sợ hãi để khoét sâu định kiến của người Ragunnesi đối với Hội Thi Nhân, lợi dụng cơ hội này tạo ra những con quái vật sinh ra từ chính lời thơ của chúng ta...",C?n ti?ng Anh nghi v?n: Ragunnesi | S? t?/c?m nghi v?n: 1 | T? l? nghi v?n: 0.143 | M?c ??: 4.43
"As you wander through the Realm of Melodies, you lose track of Ciaccona and find yourself in a study, where a young girl is singing.","Trong lúc lang thang qua Vương Quốc Giai Điệu, bạn lạc mất Ciaccona và thấy mình đứng trong một căn phòng học, nơi một cô bé đang cất tiếng hát.",C?n ti?ng Anh nghi v?n: Ciaccona | S? t?/c?m nghi v?n: 1 | T? l? nghi v?n: 0.143 | M?c ??: 4.43
"I've seen something like this before. Whether it's the Tethys System's simulations or so-called fated ""prophecies,"" human will can defy predicted outcomes to create new futures.","Tớ đã thấy thứ tương tự như thế này rồi. Dù là mô phỏng của Hệ Tethys hay những lời ""tiên tri"" định mệnh, ý chí con người vẫn có thể thay đổi kết cục đã định để tạo ra tương lai mới.",C?n ti?ng Anh nghi v?n: Tethys | S? t?/c?m nghi v?n: 1 | T? l? nghi v?n: 0.143 | M?c ??: 4.43
"Since our truck made it to Lahai-Roi, our bountiful ""Beyond the Waves"" event is officially launched here too!","Kể từ khi xe tải của chúng ta đến được Lahai-Roi, sự kiện ""Vượt Sóng"" thịnh soạn của chúng ta chính thức khai mạc tại đây!",C?n ti?ng Anh nghi v?n: Lahai | S? t?/c?m nghi v?n: 1 | T? l? nghi v?n: 0.143 | M?c ??: 4.43
"No, I told you... Listen, child. There are other jobs that are equally important as being a Gladiator. My job is to record their heroic moments.","Không, ta đã bảo rồi... Nghe này, nhóc à. Có nhiều việc quan trọng không kém gì làm Gladiator. Việc của ta là ghi lại những khoảnh khắc anh hùng của họ.",C?n ti?ng Anh nghi v?n: Gladiator | S? t?/c?m nghi v?n: 1 | T? l? nghi v?n: 0.143 | M?c ??: 4.43
I believe their efforts are part of the vitality that sustains the richness of Septimontian culture to this day.,Ta tin những nỗ lực của họ chính là nguồn sống duy trì sự phong phú của văn hóa Septimontian cho đến ngày nay.,C?n ti?ng Anh nghi v?n: Septimontian | S? t?/c?m nghi v?n: 1 | T? l? nghi v?n: 0.143 | M?c ??: 4.43
I believe their efforts are part of the vitality that sustains the richness of Septimontian culture to this day.,Ta tin những nỗ lực của họ chính là nguồn sống duy trì sự phong phú của văn hóa Septimontian cho đến ngày nay.,C?n ti?ng Anh nghi v?n: Septimontian | S? t?/c?m nghi v?n: 1 | T? l? nghi v?n: 0.143 | M?c ??: 4.43
"You know, like Septimont Football, Septimont Circles, Fear and Loathing in Septimont, Septimont Autumn, Septimont Shoegazer, and plus there's...","Cậu biết không, giống như bóng đá Septimont, Vòng tròn Septimont, Sợ hãi và Căm ghét ở Septimont, Mùa thu Septimont, Septimont Shoegazer, và còn nhiều nữa...",C?n ti?ng Anh nghi v?n: Shoegazer | S? t?/c?m nghi v?n: 1 | T? l? nghi v?n: 0.143 | M?c ??: 4.43
"I'd rather listen to our Ephor. Who knows, maybe she could take Imperator out on a hunt sometime!","Ta muốn nghe theo Ephor của chúng ta. Biết đâu, có khi bà ấy còn dẫn Imperator đi săn một chuyến!",C?n ti?ng Anh nghi v?n: Ephor | S? t?/c?m nghi v?n: 1 | T? l? nghi v?n: 0.143 | M?c ??: 4.43
"I’m not asking you to become champion in your first season. Getting into the Agon is more than enough. Achieve that, and I will grant you honor and wealth.","Ta không yêu cầu ngươi trở thành nhà vô địch ngay mùa đầu tiên đâu. Chỉ cần lọt vào Agon là đủ rồi. Làm được điều đó, ta sẽ ban cho ngươi danh vọng và của cải.",C?n ti?ng Anh nghi v?n: Agon | S? t?/c?m nghi v?n: 1 | T? l? nghi v?n: 0.143 | M?c ??: 4.43
"We will head to the Sanguis Plateaus again to hunt soon. If the situation improves, the next time we meet will be when we're on the hunt.","Chúng ta sẽ sớm trở lại Cao nguyên Sanguis để săn bắn. Nếu tình hình khả quan, lần gặp tới sẽ là khi chúng ta cùng ra trận.",C?n ti?ng Anh nghi v?n: Sanguis | S? t?/c?m nghi v?n: 1 | T? l? nghi v?n: 0.143 | M?c ??: 4.43
"In the beginning, the Agons were meant to train Gladiators, to temper them through combat and prepare them to defend Septimont's honor.","Ban đầu, Agons được tạo ra để huấn luyện các Chiến Binh, tôi luyện họ qua chiến đấu, chuẩn bị bảo vệ danh dự của Septimont.",C?n ti?ng Anh nghi v?n: Agons | S? t?/c?m nghi v?n: 1 | T? l? nghi v?n: 0.143 | M?c ??: 4.43
"Oh, thank you for that dazzling optimism, Laocoon. Maybe next year we'll just stumble across another batch of miracle Gladiators like last time?","Ôi, cảm ơn sự lạc quan rực rỡ của anh đấy, Laocoon. Hay là sang năm chúng ta lại tình cờ gặp được một lứa Chiến Binh kỳ diệu như lần trước nhỉ?",C?n ti?ng Anh nghi v?n: Laocoon | S? t?/c?m nghi v?n: 1 | T? l? nghi v?n: 0.143 | M?c ??: 4.43
"Careful, Ricken. Such titles don't pass clean through time, they bend to the age that bore them.","Cẩn thận đấy, Ricken. Những danh xưng như vậy không trôi qua thời gian một cách vô tội đâu, chúng sẽ bị bóp méo theo thời đại đã sinh ra chúng.",C?n ti?ng Anh nghi v?n: Ricken | S? t?/c?m nghi v?n: 1 | T? l? nghi v?n: 0.143 | M?c ??: 4.43
"Don't be sad, Sura. They may consider you an object, but in my heart, you'll always be my best friend.","Đừng buồn, Sura. Dù họ coi em như một vật thể, nhưng trong lòng anh, em mãi là người bạn thân nhất của anh.",C?n ti?ng Anh nghi v?n: Sura | S? t?/c?m nghi v?n: 1 | T? l? nghi v?n: 0.143 | M?c ??: 4.43
"The smuggler was transporting modified Terminals, ones that could evade tournament security checks and allow for the use of illegal Echoes during the Agon.","Tên buôn lậu đang vận chuyển các Thiết bị đầu cuối đã bị chỉnh sửa, loại có thể qua mặt hệ thống an ninh giải đấu và cho phép sử dụng Echo bất hợp pháp trong Agon.",C?n ti?ng Anh nghi v?n: Agon | S? t?/c?m nghi v?n: 1 | T? l? nghi v?n: 0.143 | M?c ??: 4.43
"You know nothing of our Septimontian honor and tradition. Your little ""business venture"" was doomed from the start. Save your regrets for the prison cell.",Cậu không hiểu gì về danh dự và truyền thống Septimontian của chúng ta. Dự án kinh doanh bé nhỏ của cậu đã thất bại từ đầu. Để dành lời hối tiếc cho xà lim đi.,C?n ti?ng Anh nghi v?n: Septimontian | S? t?/c?m nghi v?n: 1 | T? l? nghi v?n: 0.143 | M?c ??: 4.43
"Look, I'm just a simple man trying to put food on the table... How about we pretend this never happened, ok? Please don't take this to the Ephor!","Nghe này, tôi chỉ là một người đàn ông bình thường muốn kiếm miếng ăn... Hay chúng ta coi như chuyện này chưa từng xảy ra được không? Xin đừng báo lên Ephor!",C?n ti?ng Anh nghi v?n: Ephor | S? t?/c?m nghi v?n: 1 | T? l? nghi v?n: 0.143 | M?c ??: 4.43
This place has changed so much over the last twenty years... The last time your father and I visited was to watch the Agon.,Nơi này đã thay đổi nhiều quá trong hai mươi năm qua... Lần cuối bố con và mẹ đến đây là để xem Agon.,C?n ti?ng Anh nghi v?n: Agon | S? t?/c?m nghi v?n: 1 | T? l? nghi v?n: 0.143 | M?c ??: 4.43
I had a foreign Gladiator who made all the way to the finals wearing my gear about twenty years ago!,"Khoảng hai mươi năm trước, ta từng có một tay Gladiator ngoại quốc đi đến chung kết khi mặc đồ của ta đấy!",C?n ti?ng Anh nghi v?n: Gladiator | S? t?/c?m nghi v?n: 1 | T? l? nghi v?n: 0.143 | M?c ??: 4.43
"Nero, I know you want to keep your team going. I'll give you some time to think about it.","Nero, ta biết ngươi muốn đội của mình tiếp tục đi xa hơn. Ta sẽ cho ngươi thêm thời gian suy nghĩ.",C?n ti?ng Anh nghi v?n: Nero | S? t?/c?m nghi v?n: 1 | T? l? nghi v?n: 0.143 | M?c ??: 4.43
"Huanglong spices taste very different from ones here. I've tried adding spices from Huanglong into Saltimbocca, resulting in some unique flavors.",Gia vị của Huanglong có hương vị rất khác so với ở đây. Tớ đã thử thêm gia vị từ Huanglong vào món Saltimbocca và tạo ra được những hương vị độc đáo đấy.,C?n ti?ng Anh nghi v?n: Saltimbocca | S? t?/c?m nghi v?n: 1 | T? l? nghi v?n: 0.143 | M?c ??: 4.43
I don't need the Sacred Flames' guidance to know the path to the throne is already shadowed by conflict.,Ta không cần sự dẫn dắt của Sacred Flames để biết con đường lên ngai vàng đã chìm trong bóng tối của xung đột.,C?n ti?ng Anh nghi v?n: Sacred | S? t?/c?m nghi v?n: 1 | T? l? nghi v?n: 0.143 | M?c ??: 4.43
