en_source,vn_translate,loi_du_doan
"Material used to nurture the Voidbane Eldertree in Solisia Landing, obtainable by exploring Solisia Landing.","Vật liệu nuôi dưỡng Cây Già Hư Không tại Bến Đáp Solisia, có thể thu thập khi khám phá khu vực này.",C?n ti?ng Anh nghi v?n: Solisia | S? t?/c?m nghi v?n: 1 | T? l? nghi v?n: 0.25 | M?c ??: 5.5
"A seal headpiece made by an enthusiastic fan, inspired by Fleet Snowfluff's favorite mascot.","Một chiếc mũ đầu hải cẩu do một người hâm mộ nhiệt tình làm tặng, lấy cảm hứng từ linh vật yêu thích của Fleet Snowfluff.",C?n ti?ng Anh nghi v?n: Fleet | S? t?/c?m nghi v?n: 1 | T? l? nghi v?n: 0.25 | M?c ??: 5.5
"A special version of the doll Denia carries with her every day.
This one looks uncannily like her.","Phiên bản đặc biệt của con búp bê mà Denia luôn mang theo bên mình.
Cái này trông giống cô ấy đến kỳ lạ.",C?n ti?ng Anh nghi v?n: Denia | S? t?/c?m nghi v?n: 1 | T? l? nghi v?n: 0.25 | M?c ??: 5.5
A special version of the doll Denia carries with her every day. This one looks uncannily like her.,Phiên bản đặc biệt của con búp bê mà Denia luôn mang theo bên mình. Cái này trông giống cô ấy đến kỳ lạ.,C?n ti?ng Anh nghi v?n: Denia | S? t?/c?m nghi v?n: 1 | T? l? nghi v?n: 0.25 | M?c ??: 5.5
"After the event begins, log in to the game daily to claim your daily sign-in rewards.","Sau khi sự kiện bắt đầu, hãy đăng nhập vào game mỗi ngày để nhận phần thưởng điểm danh hàng ngày.",C?n ti?ng Anh nghi v?n: game | S? t?/c?m nghi v?n: 1 | T? l? nghi v?n: 0.25 | M?c ??: 5.5
"Following the Version 3.3 update, all 2x first top-up bonuses will be reset for Lunite Purchase.","Sau bản cập nhật Phiên bản 3.3, tất cả ưu đãi nạp thẻ lần đầu 2x sẽ được thiết lập lại cho Lunite Mua.",C?n ti?ng Anh nghi v?n: Lunite | S? t?/c?m nghi v?n: 1 | T? l? nghi v?n: 0.25 | M?c ??: 5.5
"What kind of pitch would it take to make every major player in Solaris nod along and funnel Credits into my pocket, year after year?",Cần phải có tầm nhìn thế nào để khiến mọi tay chơi lớn ở Solaris gật gù và đổ Credits vào túi tôi năm này qua năm khác?,C?n ti?ng Anh nghi v?n: Credits | S? t?/c?m nghi v?n: 1 | T? l? nghi v?n: 0.25 | M?c ??: 5.5
"...Lately, I've been hearing you ring the <ano=ritual bell>Suzu</ano>.","...Gần đây, ta nghe thấy cậu rung chiếc <ano=ritual bell>Suzu</ano> đấy.",C?n ti?ng Anh nghi v?n: Suzu | S? t?/c?m nghi v?n: 1 | T? l? nghi v?n: 0.25 | M?c ??: 5.5
"Miko of Flaming Sakura, you're back! I knew those monsters wouldn't stand a chance!","Miko của Hoa Anh Đào Rực Lửa, ngươi đã trở lại! Ta biết bọn quái vật đó chẳng là gì trước ngươi!",C?n ti?ng Anh nghi v?n: Miko | S? t?/c?m nghi v?n: 1 | T? l? nghi v?n: 0.25 | M?c ??: 5.5
A sorrowful Left Behind spits bitter accusations at the Miko of Flaming Sakura's failure to protect the city.,Một kẻ Bị Bỏ Lại đầy uất hận đổ lỗi cho Miko của Hoa Anh Đào Lửa vì đã không bảo vệ được thành phố.,C?n ti?ng Anh nghi v?n: Miko | S? t?/c?m nghi v?n: 1 | T? l? nghi v?n: 0.25 | M?c ??: 5.5
"Oh ho, so she's been hiding the good tea, has she? She just ordered two tins of top-grade gyokuro.","Ô hô, thế ra bà ấy giấu trà ngon à? Bả vừa đặt hai hộp gyokuro thượng hạng đấy.",C?n ti?ng Anh nghi v?n: gyokuro | S? t?/c?m nghi v?n: 1 | T? l? nghi v?n: 0.25 | M?c ??: 5.5
All done. I'll send it to Lucilla and head back.,Xong rồi. Mình sẽ gửi cho Lucilla rồi quay về.,C?n ti?ng Anh nghi v?n: Lucilla | S? t?/c?m nghi v?n: 1 | T? l? nghi v?n: 0.25 | M?c ??: 5.5
It's the only thing that could survive there. The lodestar Aemeath was trying to show me.,Đó là thứ duy nhất có thể tồn tại ở đó. Ngôi sao dẫn đường Aemeath đã cố chỉ cho tôi thấy.,C?n ti?ng Anh nghi v?n: Aemeath | S? t?/c?m nghi v?n: 1 | T? l? nghi v?n: 0.25 | M?c ??: 5.5
Lucilla contacted me. She said you intend to return beyond Stridergate.,Lucilla liên lạc với tôi. Cô ấy nói cậu định quay lại bên kia Cổng Strider.,C?n ti?ng Anh nghi v?n: Lucilla | S? t?/c?m nghi v?n: 1 | T? l? nghi v?n: 0.25 | M?c ??: 5.5
(Luuk said the Grand Architect caused that rift. That... was what led to Aemeath's death in the simulator cockpit.),Luuk nói rằng Kiến Trúc Sư Vĩ Đại đã gây ra vết nứt đó. Chính điều đó đã dẫn đến cái chết của Aemeath trong buồng mô phỏng.,C?n ti?ng Anh nghi v?n: Luuk | S? t?/c?m nghi v?n: 1 | T? l? nghi v?n: 0.25 | M?c ??: 5.5
"Savior... who has always walked with victory. This time, have you come to save Lahai-Roi?","Vị cứu tinh... người luôn bước đi cùng chiến thắng. Lần này, ngươi đến để cứu Lahai-Roi sao?",C?n ti?ng Anh nghi v?n: Lahai | S? t?/c?m nghi v?n: 1 | T? l? nghi v?n: 0.25 | M?c ??: 5.5
Lucilla asked me to watch over the students. I observed her. She did act strangely at first...,Lucilla nhờ tôi trông chừng mấy đứa học sinh. Tôi quan sát cô ấy. Ban đầu cô ấy hành động thật kỳ lạ...,C?n ti?ng Anh nghi v?n: Lucilla | S? t?/c?m nghi v?n: 1 | T? l? nghi v?n: 0.25 | M?c ??: 5.5
Denia was always a Fractsidus creation. She is honored to be used as intended.,Denia vốn là một tạo vật của Fractsidus. Cô ấy tự hào khi được sử dụng đúng như mục đích ban đầu.,C?n ti?ng Anh nghi v?n: Denia | S? t?/c?m nghi v?n: 1 | T? l? nghi v?n: 0.25 | M?c ??: 5.5
A spacetime coordinate with the Exostrider as the origin? But that's impossible inside a black hole...,Tọa độ không-thời gian lấy Exostrider làm gốc? Nhưng điều đó không thể xảy ra bên trong hố đen...,C?n ti?ng Anh nghi v?n: Exostrider | S? t?/c?m nghi v?n: 1 | T? l? nghi v?n: 0.25 | M?c ??: 5.5
Confirmation: Battle concluded. Voidmatter responses within this sector have dissipated.,Xác nhận: Trận chiến kết thúc. Phản ứng Voidmatter trong khu vực này đã tan biến.,C?n ti?ng Anh nghi v?n: Voidmatter | S? t?/c?m nghi v?n: 1 | T? l? nghi v?n: 0.25 | M?c ??: 5.5
Exception: A momentary reactivation occurred. Resonator Aemeath resonated with me a second time.,Ngoại lệ: Đã xảy ra kích hoạt tạm thời. Cộng Hưởng Giả Aemeath đã cộng hưởng với ta lần thứ hai.,C?n ti?ng Anh nghi v?n: Aemeath | S? t?/c?m nghi v?n: 1 | T? l? nghi v?n: 0.25 | M?c ??: 5.5
"Projection: Given Threnodian Aleph-1's abilities, we must assume it retains the capacity to return.","Hình chiếu: Với khả năng của Threnodian Aleph-1, ta phải giả định rằng nó vẫn còn khả năng quay trở lại.",C?n ti?ng Anh nghi v?n: Aleph | S? t?/c?m nghi v?n: 1 | T? l? nghi v?n: 0.25 | M?c ??: 5.5
"Hah! Oh Exostrider, you're really wearing your ""heart"" on your sleeve, aren't you?","Haha! Ôi Exostrider, cậu đúng là phơi bày cả ""trái tim"" ra ngoài áo luôn nhỉ?",C?n ti?ng Anh nghi v?n: Exostrider | S? t?/c?m nghi v?n: 1 | T? l? nghi v?n: 0.25 | M?c ??: 5.5
"Valediction: Farewell, Arbiter. Please deliver my temporary goodbye to the people who forged this heart.","Lời từ biệt: Vĩnh biệt, Arbiter. Hãy thay ta gửi lời tạm biệt đến những người đã rèn nên trái tim này.",C?n ti?ng Anh nghi v?n: Arbiter | S? t?/c?m nghi v?n: 1 | T? l? nghi v?n: 0.25 | M?c ??: 5.5
"...Being alone in Voidmatter that long will have taken a toll on your body, even with the white bird's protection.","...Ở một mình trong Voidmatter lâu như vậy, cơ thể cậu chắc chắn đã chịu tổn thương không nhỏ, dù có sự bảo vệ của con chim trắng đi chăng nữa.",C?n ti?ng Anh nghi v?n: Voidmatter | S? t?/c?m nghi v?n: 1 | T? l? nghi v?n: 0.25 | M?c ??: 5.5
"I could say the same to you, Aemeath. You think what you did before was any less risky? ""Never coming back"" isn't exactly my idea of a happy ending.","Tôi cũng có thể nói thế với cô đấy, Aemeath. Cô nghĩ những gì cô làm trước đây ít rủi ro hơn à? ""Không bao giờ trở lại"" đâu phải là cái kết hạnh phúc trong mắt tôi.",C?n ti?ng Anh nghi v?n: Aemeath | S? t?/c?m nghi v?n: 1 | T? l? nghi v?n: 0.25 | M?c ??: 5.5
"I'll be leaving Lahai-Roi before long. The fewer eyes on me, the better.",Ta sẽ rời Lahai-Roi sớm thôi. Càng ít người để mắt đến ta càng tốt.,C?n ti?ng Anh nghi v?n: Lahai | S? t?/c?m nghi v?n: 1 | T? l? nghi v?n: 0.25 | M?c ??: 5.5
Do not worry about me. Go. Join Lucilla and the others.,Đừng lo cho ta. Đi đi. Đến với Lucilla và những người khác.,C?n ti?ng Anh nghi v?n: Lucilla | S? t?/c?m nghi v?n: 1 | T? l? nghi v?n: 0.25 | M?c ??: 5.5
It rests directly atop the seal on the <te href=851077>Stridergate</te>. You can think of it as a kind of lock.,Nó nằm ngay trên đỉnh ấn phong của <te href=851077>Stridergate</te>. Cậu có thể coi nó như một loại khóa.,C?n ti?ng Anh nghi v?n: Stridergate | S? t?/c?m nghi v?n: 1 | T? l? nghi v?n: 0.25 | M?c ??: 5.5
As for Aemeath... I think Dr. Luuk's proposal is viable.,Còn về Aemeath... ta nghĩ đề xuất của Tiến sĩ Luuk là khả thi.,C?n ti?ng Anh nghi v?n: Aemeath | S? t?/c?m nghi v?n: 1 | T? l? nghi v?n: 0.25 | M?c ??: 5.5
"Sure. While I'm there, the Black Shores will need to keep a closer eye on Lahai-Roi.","Được. Khi ta đến đó, Bờ Biển Đen sẽ phải để mắt đến Lahai-Roi kỹ hơn.",C?n ti?ng Anh nghi v?n: Lahai | S? t?/c?m nghi v?n: 1 | T? l? nghi v?n: 0.25 | M?c ??: 5.5
"So tell me, {PlayerName}. Why do you want to pilot the Exostrider? What's the play?","Vậy nên nói ta nghe đi, {PlayerName}. Tại sao cậu lại muốn điều khiển Exostrider? Ý đồ của cậu là gì?",C?n ti?ng Anh nghi v?n: Exostrider | S? t?/c?m nghi v?n: 1 | T? l? nghi v?n: 0.25 | M?c ??: 5.5
"Lucilla, run a high-pressure sync test for {PlayerName}. I've seen the physical eval, but I want live data for validation.","Lucilla, chạy thử nghiệm đồng bộ áp suất cao cho {PlayerName} đi. Tôi đã xem đánh giá thể chất, nhưng cần dữ liệu thực tế để xác nhận.",C?n ti?ng Anh nghi v?n: Lucilla | S? t?/c?m nghi v?n: 1 | T? l? nghi v?n: 0.25 | M?c ??: 5.5
"The Black Shores just sent a formal communication request. They're offering full support for Lahai-Roi's evacuation, if it comes to that.","Bờ Biển Đen vừa gửi yêu cầu liên lạc chính thức. Họ đề nghị hỗ trợ toàn diện cho việc sơ tán Lahai-Roi, nếu tình huống đó xảy ra.",C?n ti?ng Anh nghi v?n: Lahai | S? t?/c?m nghi v?n: 1 | T? l? nghi v?n: 0.25 | M?c ??: 5.5
"You handle it, Lucilla. You have a better read on the situation than I do. And you're better at talking with that {PlayerName}.","Em xử lý đi, Lucilla. Em nắm tình hình rõ hơn chị. Và em cũng nói chuyện với {PlayerName} đó giỏi hơn.",C?n ti?ng Anh nghi v?n: Lucilla | S? t?/c?m nghi v?n: 1 | T? l? nghi v?n: 0.25 | M?c ??: 5.5
"The Threnodian could strike at any time. Given the circumstances, Lahai-Roi may have to be written off.","Threnodian có thể tấn công bất cứ lúc nào. Trong tình thế này, có lẽ Lahai-Roi sẽ phải bị bỏ mặc.",C?n ti?ng Anh nghi v?n: Lahai | S? t?/c?m nghi v?n: 1 | T? l? nghi v?n: 0.25 | M?c ??: 5.5
"Nobody knows if the Exostrider will even move, or what else might go wrong.","Chẳng ai biết liệu Exostrider có di chuyển được không, hay còn thứ gì khác sẽ hỏng nữa.",C?n ti?ng Anh nghi v?n: Exostrider | S? t?/c?m nghi v?n: 1 | T? l? nghi v?n: 0.25 | M?c ??: 5.5
"I'd feel worse if I dragged everyone in Lahai-Roi into danger, just to back me up.",Ta sẽ thấy tội lỗi hơn nếu kéo mọi người ở Lahai-Roi vào nguy hiểm chỉ để hỗ trợ mình.,C?n ti?ng Anh nghi v?n: Lahai | S? t?/c?m nghi v?n: 1 | T? l? nghi v?n: 0.25 | M?c ??: 5.5
"This is Hiyuki, I told you about her before. The only reason we could set up the monitoring equipment so quickly is because she cleared the way for us.","Đây là Hiyuki, tôi đã kể với cậu về cô ấy rồi. Chúng ta có thể lắp đặt thiết bị giám sát nhanh chóng như vậy là nhờ cô ấy đã dọn đường cho.",C?n ti?ng Anh nghi v?n: Hiyuki | S? t?/c?m nghi v?n: 1 | T? l? nghi v?n: 0.25 | M?c ??: 5.5
I saw Nivora in the flashes. It's the Fractsidus. Has to be.,Tớ thấy Nivora trong những tia chớp. Đó là Fractsidus. Chắc chắn rồi.,C?n ti?ng Anh nghi v?n: Nivora | S? t?/c?m nghi v?n: 1 | T? l? nghi v?n: 0.25 | M?c ??: 5.5
"The launch orbit has been confirmed. The Drive Replica is projected to launch in 16 hours, at which point it will initiate Duskveil.","Quỹ đạo phóng đã được xác nhận. Bản sao Động cơ dự kiến sẽ phóng trong 16 giờ tới, và khi đó sẽ kích hoạt Duskveil.",C?n ti?ng Anh nghi v?n: Duskveil | S? t?/c?m nghi v?n: 1 | T? l? nghi v?n: 0.25 | M?c ??: 5.5
Then we evacuate every remaining soul in Lahai-Roi before that window closes.,Vậy thì chúng ta phải sơ tán tất cả những người còn lại ở Lahai-Roi trước khi cơ hội đó khép lại.,C?n ti?ng Anh nghi v?n: Lahai | S? t?/c?m nghi v?n: 1 | T? l? nghi v?n: 0.25 | M?c ??: 5.5
"In 16 hours, we launch it into the Canopy above Lahai-Roi.","Trong 16 giờ nữa, chúng ta sẽ phóng nó lên Vòm Cây phía trên Lahai-Roi.",C?n ti?ng Anh nghi v?n: Lahai | S? t?/c?m nghi v?n: 1 | T? l? nghi v?n: 0.25 | M?c ??: 5.5
We don't know how long Duskveil will hold. No one stays a second longer than necessary.,Không ai biết Duskveil sẽ trụ được bao lâu. Không ai ở lại thêm một giây nào không cần thiết.,C?n ti?ng Anh nghi v?n: Duskveil | S? t?/c?m nghi v?n: 1 | T? l? nghi v?n: 0.25 | M?c ??: 5.5
"Based on your report, Mentor, conventional spacetime doesn't apply in Voidspace. You can't plot a standard map there.","Theo báo cáo của cậu, Sư phụ à, không thời gian thông thường không áp dụng được trong Voidspace. Không thể vẽ bản đồ tiêu chuẩn ở đó đâu.",C?n ti?ng Anh nghi v?n: Voidspace | S? t?/c?m nghi v?n: 1 | T? l? nghi v?n: 0.25 | M?c ??: 5.5
Then leave Bjartr Woods to me.,Thế thì để khu rừng Bjartr cho tớ lo.,C?n ti?ng Anh nghi v?n: Bjartr | S? t?/c?m nghi v?n: 1 | T? l? nghi v?n: 0.25 | M?c ??: 5.5
It's the most heavily contaminated area. If this is because of what happened to the Exostrider—,Đây là khu vực bị ô nhiễm nặng nhất. Nếu điều này là do chuyện xảy ra với Exostrider—,C?n ti?ng Anh nghi v?n: Exostrider | S? t?/c?m nghi v?n: 1 | T? l? nghi v?n: 0.25 | M?c ??: 5.5
{PlayerName}? Why are you at the Academy? Weren't you supposed to be in charge of the Bjartr Woods sector?,{PlayerName}? Sao cậu lại ở Học viện? Không phải cậu phụ trách khu vực Rừng Bjartr sao?,C?n ti?ng Anh nghi v?n: Bjartr | S? t?/c?m nghi v?n: 1 | T? l? nghi v?n: 0.25 | M?c ??: 5.5
Then let's think differently. What if that big rune formation wasn't carved by a single Void Storm?,Vậy thì thử nghĩ khác đi. Nếu vòng tròn rune lớn kia không phải do một cơn Bão Hư Không đơn lẻ khắc lên thì sao?,C?n ti?ng Anh nghi v?n: rune | S? t?/c?m nghi v?n: 1 | T? l? nghi v?n: 0.25 | M?c ??: 5.5
You mean it's multiple runes stacked together? Hurry and bring over a Roya student!,Ý cậu là có nhiều ký tự xếp chồng lên nhau à? Mau gọi một học sinh Roya đến đây!,C?n ti?ng Anh nghi v?n: Roya | S? t?/c?m nghi v?n: 1 | T? l? nghi v?n: 0.25 | M?c ??: 5.5
(Time and space here don't flow. They're tangled. Is all of this… inside Aleph-1?),(Thời gian và không gian ở đây không trôi chảy. Chúng bị rối loạn. Phải chăng tất cả đều nằm bên trong Aleph-1?),C?n ti?ng Anh nghi v?n: Aleph | S? t?/c?m nghi v?n: 1 | T? l? nghi v?n: 0.25 | M?c ??: 5.5
"So it was you, Denia... the one who pushed me out of Voidspace.","Vậy ra là cậu, Denia... người đã đẩy tôi ra khỏi Không gian Hư vô.",C?n ti?ng Anh nghi v?n: Denia | S? t?/c?m nghi v?n: 1 | T? l? nghi v?n: 0.25 | M?c ??: 5.5
"Lady Miko. I know you have never once opened a letter from the Fractsidus. Very well, let your own eyes bear witness instead.","Quý cô Miko à. Ta biết cô chưa bao giờ mở một lá thư nào từ Fractsidus. Được thôi, giờ thì chính mắt cô hãy tận mắt chứng kiến đi.",C?n ti?ng Anh nghi v?n: Miko | S? t?/c?m nghi v?n: 1 | T? l? nghi v?n: 0.25 | M?c ??: 5.5
"Just as you suspected, both Jinzhou and Honami once lay beneath the Threnodian's shadow.","Đúng như cậu nghi ngờ, cả Jinzhou lẫn Honami đều từng nằm dưới bóng tối của Threnodian.",C?n ti?ng Anh nghi v?n: Honami | S? t?/c?m nghi v?n: 1 | T? l? nghi v?n: 0.25 | M?c ??: 5.5
"Come, Lady Miko. Open the next act with your own hands.","Lại đây, Hiền Nhân Miko. Hãy tự tay mở màn cho màn diễn tiếp theo.",C?n ti?ng Anh nghi v?n: Miko | S? t?/c?m nghi v?n: 1 | T? l? nghi v?n: 0.25 | M?c ??: 5.5
"Solaris is full of dark corners like Honami, places the savior's light will never reach.","Solaris đầy rẫy những góc tối như Honami, nơi ánh sáng của vị cứu tinh sẽ chẳng bao giờ chạm tới.",C?n ti?ng Anh nghi v?n: Honami | S? t?/c?m nghi v?n: 1 | T? l? nghi v?n: 0.25 | M?c ??: 5.5
"At your voice, Hiyuki stops her quiet muttering and discreetly closes her fingers around a note in her hand.","Nghe giọng ngươi, Hiyuki ngừng lẩm bẩm và khẽ nắm chặt mảnh giấy trong tay.",C?n ti?ng Anh nghi v?n: Hiyuki | S? t?/c?m nghi v?n: 1 | T? l? nghi v?n: 0.25 | M?c ??: 5.5
"Aleph-1 made me understand the strength that lies in ""everyone.""","Aleph-1 đã cho ta hiểu sức mạnh nằm trong ""mọi người"".",C?n ti?ng Anh nghi v?n: Aleph | S? t?/c?m nghi v?n: 1 | T? l? nghi v?n: 0.25 | M?c ??: 5.5
"Senior, do you remember Denia? You met her at the New Solar Celebration. She was the one who got us those tickets.",Tiền bối còn nhớ Denia không? Hai người gặp nhau ở Lễ Hội Mặt Trời Mới ấy. Cô ấy là người kiếm vé cho tụi mình đấy.,C?n ti?ng Anh nghi v?n: Denia | S? t?/c?m nghi v?n: 1 | T? l? nghi v?n: 0.25 | M?c ??: 5.5
"I was the model, actually. Someone came to me and said they'd buy me a luxury buffet if I agreed to pose for a couple of photos while eating... For a moment, I genuinely believed they were being generous.",Thực ra tôi mới là người mẫu. Có người đến bảo sẽ đãi tôi một bữa buffet sang chảnh nếu tôi chịu chụp vài tấm ảnh khi đang ăn... Lúc đó tôi còn tưởng họ thật lòng tốt.,C?n ti?ng Anh nghi v?n: buffet | S? t?/c?m nghi v?n: 1 | T? l? nghi v?n: 0.25 | M?c ??: 5.5
"I even skipped a meal on purpose. Turned out their ""luxury buffet"" was the cafeteria.","Tôi còn cố tình nhịn một bữa. Hóa ra ""tiệc buffet sang trọng"" của họ chỉ là căng-tin.",C?n ti?ng Anh nghi v?n: buffet | S? t?/c?m nghi v?n: 1 | T? l? nghi v?n: 0.25 | M?c ??: 5.5
"Yeah, you're right. The only time we took a group photo was when Nivora insisted.","Ừ, đúng thật. Lần duy nhất bọn mình chụp ảnh chung là khi Nivora nằng nặc đòi thế.",C?n ti?ng Anh nghi v?n: Nivora | S? t?/c?m nghi v?n: 1 | T? l? nghi v?n: 0.25 | M?c ??: 5.5
Let's get an orange cake. I promised Sigrika we'd celebrate together. She likes oranges.,Mua bánh cam đi. Tớ đã hứa với Sigrika là sẽ cùng ăn mừng mà. Cô ấy thích cam lắm.,C?n ti?ng Anh nghi v?n: Sigrika | S? t?/c?m nghi v?n: 1 | T? l? nghi v?n: 0.25 | M?c ??: 5.5
"Well, that's a shame, Siggy. I was hoping to share the birthday cake with you, but I guess you'll just have to make do with the leftovers.","Thật tiếc quá, Siggy à. Tớ đã mong được chia sẻ chiếc bánh sinh nhật với cậu, nhưng chắc giờ chỉ còn cách ăn phần thừa thôi.",C?n ti?ng Anh nghi v?n: Siggy | S? t?/c?m nghi v?n: 1 | T? l? nghi v?n: 0.25 | M?c ??: 5.5
Denia still has some check-ups to do tonight. Maybe after she's fully recovered in a few days...,"Tối nay Denia còn vài cuộc kiểm tra nữa. Có lẽ vài ngày nữa, khi cô ấy hồi phục hoàn toàn...",C?n ti?ng Anh nghi v?n: Denia | S? t?/c?m nghi v?n: 1 | T? l? nghi v?n: 0.25 | M?c ??: 5.5
"And this is... Oh, wait, you must be {PlayerName}, right? I'm surprised to see Denia with you. She didn't cause you any trouble, did she?","Và đây là... Ồ, khoan đã, cậu chắc hẳn là {PlayerName} phải không? Thật bất ngờ khi thấy Denia đi cùng cậu. Cô ấy có gây phiền toái gì cho cậu không?",C?n ti?ng Anh nghi v?n: Denia | S? t?/c?m nghi v?n: 1 | T? l? nghi v?n: 0.25 | M?c ??: 5.5
"Just a minor issue from that incident earlier. Don't worry, Dr. Herssen said you'll barely notice it in a few years.","Chỉ là di chứng nhỏ từ vụ tai nạn lúc trước thôi. Đừng lo, bác sĩ Herssen bảo vài năm nữa cậu sẽ chẳng còn để ý nữa.",C?n ti?ng Anh nghi v?n: Herssen | S? t?/c?m nghi v?n: 1 | T? l? nghi v?n: 0.25 | M?c ??: 5.5
"Well, that's exactly why they deemed it's no longer safe for me to stay here. Something about Lahai-Roi's environment makes the contamination even worse for the nervous system.",Chính vì thế mà họ quyết định không để tớ ở lại đây nữa. Nghe nói môi trường ở Lahai-Roi khiến tình trạng nhiễm độc hệ thần kinh càng tồi tệ hơn.,C?n ti?ng Anh nghi v?n: Lahai | S? t?/c?m nghi v?n: 1 | T? l? nghi v?n: 0.25 | M?c ??: 5.5
"I'm sorry, Nastasha. Denia's not fully recovered yet. You'll have to excuse us.",Xin lỗi Nastasha. Denia vẫn chưa hồi phục hoàn toàn. Chị thông cảm cho chúng tôi nhé.,C?n ti?ng Anh nghi v?n: Nastasha | S? t?/c?m nghi v?n: 1 | T? l? nghi v?n: 0.25 | M?c ??: 5.5
"Sigrika and Nastasha's lives will change. They'll lose an important friend. No matter how they ultimately break from the shadows, what is lost... is lost forever.","Cuộc đời của Sigrika và Nastasha sẽ thay đổi. Họ sẽ mất đi một người bạn quan trọng. Dù cuối cùng họ có thoát khỏi bóng tối bằng cách nào đi chăng nữa, những gì đã mất... sẽ mãi mãi không thể lấy lại.",C?n ti?ng Anh nghi v?n: Sigrika | S? t?/c?m nghi v?n: 1 | T? l? nghi v?n: 0.25 | M?c ??: 5.5
Sounds like Professor Arman is getting a bit impatient. We should head back.,Nghe như Giáo sư Arman đang sốt ruột rồi. Chúng ta nên quay lại.,C?n ti?ng Anh nghi v?n: Arman | S? t?/c?m nghi v?n: 1 | T? l? nghi v?n: 0.25 | M?c ??: 5.5
You tell Arman about the book page left by the Grand Architect.,Cậu kể cho Arman nghe về trang sách mà Kiến Trúc Sư Vĩ Đại để lại.,C?n ti?ng Anh nghi v?n: Arman | S? t?/c?m nghi v?n: 1 | T? l? nghi v?n: 0.25 | M?c ??: 5.5
What will happen to Denia after tomorrow?,Ngày mai Denia sẽ ra sao?,C?n ti?ng Anh nghi v?n: Denia | S? t?/c?m nghi v?n: 1 | T? l? nghi v?n: 0.25 | M?c ??: 5.5
"Sometimes you still think about Denia, and the times you sat together on that bench.
Will you see each other again?","Thỉnh thoảng cậu vẫn nghĩ về Denia, về những lần ngồi bên nhau trên chiếc ghế đá ấy nhỉ?
Liệu hai đứa có gặp lại nhau không?",C?n ti?ng Anh nghi v?n: Denia | S? t?/c?m nghi v?n: 1 | T? l? nghi v?n: 0.25 | M?c ??: 5.5
"But why do you tremble, Denia? Everything begins in the void. And you, most of all, should find it cosy...","Nhưng tại sao cô run rẩy thế, Denia? Mọi thứ đều bắt đầu từ hư vô. Và cô hơn ai hết, phải thấy thoải mái với điều đó chứ...",C?n ti?ng Anh nghi v?n: Denia | S? t?/c?m nghi v?n: 1 | T? l? nghi v?n: 0.25 | M?c ??: 5.5
"Leaving just a few words inside that page, ""Do find your way home more often""... Ha, I knew it...","Chỉ để lại vài dòng trong trang giấy, *""Thỉnh thoảng về nhà nhé""*... Ha, ta biết mà...",C?n ti?ng Anh nghi v?n: Ha | S? t?/c?m nghi v?n: 1 | T? l? nghi v?n: 0.25 | M?c ??: 5.5
"Now, I am the last anchor point between Aleph-1 and Solaris. If I die according to plan, its fragment will disappear, along with me.","Bây giờ, tôi là điểm neo cuối cùng giữa Aleph-1 và Solaris. Nếu tôi chết theo kế hoạch, mảnh vỡ của nó sẽ biến mất cùng tôi.",C?n ti?ng Anh nghi v?n: Aleph | S? t?/c?m nghi v?n: 1 | T? l? nghi v?n: 0.25 | M?c ??: 5.5
"Then, no matter how many times it'll take, I'll come back to Lahai-Roi, back to all of you.","Vậy thì, dù phải quay lại bao nhiêu lần, mình cũng sẽ trở về Lahai-Roi, trở về bên tất cả các cậu.",C?n ti?ng Anh nghi v?n: Lahai | S? t?/c?m nghi v?n: 1 | T? l? nghi v?n: 0.25 | M?c ??: 5.5
"The Mourning Aix is injured, let's follow!","Chim Aix Tang Tóc bị thương rồi, đuổi theo thôi!",C?n ti?ng Anh nghi v?n: Aix | S? t?/c?m nghi v?n: 1 | T? l? nghi v?n: 0.25 | M?c ??: 5.5
I've probably said too much again unknowingly... Is best that we entrust Bailian on this research.,Có lẽ tôi lại nói hơi nhiều rồi... Tốt nhất là chúng ta nên giao việc nghiên cứu này cho Bailian.,C?n ti?ng Anh nghi v?n: Bailian | S? t?/c?m nghi v?n: 1 | T? l? nghi v?n: 0.25 | M?c ??: 5.5
"No, Bailian you got it wrong. We met in the Gorges of Spirits... and name's...","Không, Bailian cậu nhầm rồi. Chúng ta gặp nhau ở Hẻm Núi Linh Hồn... và tên tớ là...",C?n ti?ng Anh nghi v?n: Bailian | S? t?/c?m nghi v?n: 1 | T? l? nghi v?n: 0.25 | M?c ??: 5.5
"Direct contact with Wutheronium can cause all kinds of anomalies to Resonators. You just absorbed them into your body directly, but came through the peril unscathed.",Tiếp xúc trực tiếp với Wutheronium có thể gây ra đủ loại dị thường cho Cộng Hưởng Giả. Cậu vừa hấp thụ chúng thẳng vào người mà lại bình an vô sự.,C?n ti?ng Anh nghi v?n: Wutheronium | S? t?/c?m nghi v?n: 1 | T? l? nghi v?n: 0.25 | M?c ??: 5.5
"With the Crownless's resurrection imminent, the supply of Tacetite must be maintained at all costs.","Với sự hồi sinh của Kẻ Vô Vương cận kề, nguồn cung Tacetite phải được duy trì bằng mọi giá.",C?n ti?ng Anh nghi v?n: Tacetite | S? t?/c?m nghi v?n: 1 | T? l? nghi v?n: 0.25 | M?c ??: 5.5
"Business or friendship? In the name of Montelli, pleasure working with you.","Công việc hay tình bạn? Nhân danh Montelli, rất vui được hợp tác với anh.",C?n ti?ng Anh nghi v?n: Montelli | S? t?/c?m nghi v?n: 1 | T? l? nghi v?n: 0.2 | M?c ??: 5.0
"The Sea of Clouds shimmers under the last rays of daylight. The Gondola leaps from the water, its curve in the air appearing to catch the setting sun.","Biển Mây lấp lánh dưới những tia nắng cuối ngày. Gondola phóng lên khỏi mặt nước, đường cong trong không trung như níu giữ vầng thái dương đang lặn.",C?n ti?ng Anh nghi v?n: Gondola | S? t?/c?m nghi v?n: 1 | T? l? nghi v?n: 0.2 | M?c ??: 5.0
"The Sea of Clouds shimmers under the last rays of daylight. The Gondola leaps from the water, its curve in the air appearing to catch the setting sun.","Biển Mây lấp lánh dưới những tia nắng cuối ngày. Gondola phóng lên khỏi mặt nước, đường cong trong không trung như níu giữ vầng thái dương đang lặn.",C?n ti?ng Anh nghi v?n: Gondola | S? t?/c?m nghi v?n: 1 | T? l? nghi v?n: 0.2 | M?c ??: 5.0
"Garcia is waiting for supplies, and before they arrive, he decides to do something to pass the time.","Garcia đang đợi tiếp tế, và trước khi hàng đến, cậu quyết định làm gì đó cho qua thời gian.",C?n ti?ng Anh nghi v?n: Garcia | S? t?/c?m nghi v?n: 1 | T? l? nghi v?n: 0.2 | M?c ??: 5.0
It is said that Panhua of Jinzhou is an excellent cook. Maybe she is willing to share about how to make Clear Soup.,Nghe nói Panhua ở Jinzhou nấu ăn rất giỏi. Có lẽ cô ấy sẽ chia sẻ cách nấu món Súp Trong.,C?n ti?ng Anh nghi v?n: Panhua | S? t?/c?m nghi v?n: 1 | T? l? nghi v?n: 0.2 | M?c ??: 5.0
"<color=#c49e55>[Clue]</color> ""Allow me to formally introduce myself. I am Jinhsi. It brings me great joy to see you, Rover.""","<color=#c49e55>[Clue]</color> ""Xin phép được giới thiệu bản thân một cách chính thức. Ta là Jinhsi. Rất vui được gặp cậu, Rover.""",C?n ti?ng Anh nghi v?n: Jinhsi | S? t?/c?m nghi v?n: 1 | T? l? nghi v?n: 0.2 | M?c ??: 5.0
"<color=#c49e55>[Clue]</color> Soothe Ragunna's stillest water.
Obtainable after completing Traces of Tides I.","<color=#c49e55>[Clue]</color> Xoa dịu mặt nước tĩnh lặng nhất của Ragunna.
Có thể nhận sau khi hoàn thành Dấu Vết Thủy Triều I.",C?n ti?ng Anh nghi v?n: I | S? t?/c?m nghi v?n: 1 | T? l? nghi v?n: 0.2 | M?c ??: 5.0
"<color=#c49e55>[Clue]</color> Reflect Ragunna's silent wind.
Obtainable after completing Traces of Tides I.","<color=#c49e55>[Clue]</color> Phản chiếu ngọn gió lặng im của Ragunna.
Nhận được sau khi hoàn thành Dấu Vết Thủy Triều I.",C?n ti?ng Anh nghi v?n: I | S? t?/c?m nghi v?n: 1 | T? l? nghi v?n: 0.2 | M?c ??: 5.0
"<color=#c49e55>[Clue]</color> Caress Ragunna's softest cloud.
Obtainable after completing Traces of Tides I.","<color=#c49e55>[Clue]</color> Vuốt ve đám mây mềm nhất của Ragunna.
Có thể nhận sau khi hoàn thành Dấu Vết Thủy Triều I.",C?n ti?ng Anh nghi v?n: I | S? t?/c?m nghi v?n: 1 | T? l? nghi v?n: 0.2 | M?c ??: 5.0
"During the Carnevale, Ragunnesi wear traditional clothing and masks with designs that represent their ancestry.","Trong lễ hội Carnevale, người Ragunnesi mặc trang phục truyền thống và đeo mặt nạ với họa tiết tượng trưng cho tổ tiên.",C?n ti?ng Anh nghi v?n: Ragunnesi | S? t?/c?m nghi v?n: 1 | T? l? nghi v?n: 0.2 | M?c ??: 5.0
"Alannah invites you to Jinzhou's summits to take photos for the ""Huanglong from Above"" merch.","Alannah mời cậu lên những đỉnh cao của Jinzhou để chụp ảnh làm mẫu hàng ""Huanglong Từ Trên Cao"".",C?n ti?ng Anh nghi v?n: Alannah | S? t?/c?m nghi v?n: 1 | T? l? nghi v?n: 0.2 | M?c ??: 5.0
Chixia is a spirited young Patroller who lights up the streets of Jinzhou. She's always ready to be the hero someone needs.,"Chixia là một Tuần Tra Viên trẻ đầy nhiệt huyết ở Jinzhou, luôn thắp sáng những con phố nơi đây. Cô luôn sẵn sàng trở thành người hùng mà ai đó cần.",C?n ti?ng Anh nghi v?n: Chixia | S? t?/c?m nghi v?n: 1 | T? l? nghi v?n: 0.2 | M?c ??: 5.0
"I am Jianxin, the successor of Fengyiquan. Thank you for your hospitality. Would you mind sparring with me?","Ta là Jianxin, truyền nhân của Phong Ý Quyền. Cảm ơn vì sự tiếp đãi của ngươi. Ngươi có muốn cùng ta so tài không?",C?n ti?ng Anh nghi v?n: Jianxin | S? t?/c?m nghi v?n: 1 | T? l? nghi v?n: 0.2 | M?c ??: 5.0
Use the Chronosorter to reverse time in a small area and raise the water level. Stand on the still water surface to reach the Flare Stone hanging in the air.,Dùng Bộ Điều Chỉnh Thời Gian để đảo ngược thời gian trong một khu vực nhỏ và nâng mực nước lên. Đứng trên mặt nước tĩnh để với tới Viên Đá Flare lơ lửng trên không.,C?n ti?ng Anh nghi v?n: Flare | S? t?/c?m nghi v?n: 1 | T? l? nghi v?n: 0.2 | M?c ??: 5.0
"Surprised to see me? Haha, relax. I told you we'd meet again.","Ngạc nhiên khi thấy ta à? Haha, thư giãn đi. Ta đã bảo là chúng ta sẽ gặp lại mà.",C?n ti?ng Anh nghi v?n: Haha | S? t?/c?m nghi v?n: 1 | T? l? nghi v?n: 0.2 | M?c ??: 5.0
Ding-dong! Lynae here! There's a brand-new event waiting for you! Wink-wink!,Ting-tong! Lynae đây! Có sự kiện mới cực hot đang chờ cậu đấy! Nháy mắt tinh nghịch nào!,C?n ti?ng Anh nghi v?n: Lynae | S? t?/c?m nghi v?n: 1 | T? l? nghi v?n: 0.2 | M?c ??: 5.0
A fishing boat for the waters around the Riccioli Islands. Can be taken out to sea for fishing.,Thuyền đánh cá dùng cho vùng biển quanh quần đảo Riccioli. Có thể mang ra khơi để câu cá.,C?n ti?ng Anh nghi v?n: Riccioli | S? t?/c?m nghi v?n: 1 | T? l? nghi v?n: 0.2 | M?c ??: 5.0
"Located in the Averardo Vault, leading directly to the Echo Depository.","Nằm trong Kho Averardo, dẫn thẳng đến Kho Echo.",C?n ti?ng Anh nghi v?n: Averardo | S? t?/c?m nghi v?n: 1 | T? l? nghi v?n: 0.2 | M?c ??: 5.0
"A cave at the middle level of Maroonwood. Veteran hunters use the terrain to set deadly traps, and cunning prey lie in wait to turn the tables.","Một hang động ở tầng giữa của Maroonwood. Những thợ săn kỳ cựu lợi dụng địa hình để đặt bẫy chết người, còn con mồi tinh ranh thì nằm chờ cơ hội lật ngược tình thế.",C?n ti?ng Anh nghi v?n: Maroonwood | S? t?/c?m nghi v?n: 1 | T? l? nghi v?n: 0.2 | M?c ??: 5.0
Generate a gravity stream after casting <color=highlight>Echo Skills</color>.,Tạo ra dòng trọng lực sau khi sử dụng <color=highlight>Echo Skills</color>.,C?n ti?ng Anh nghi v?n: Skills | S? t?/c?m nghi v?n: 1 | T? l? nghi v?n: 0.2 | M?c ??: 5.0
"A Dreamscape Node in the Averardo Vault area. Complete the challenge to claim Dream Samples and rewards. 
""Some still dream of glory.""","Một Nút Giấc Mơ tại khu vực Kho Averardo. Hoàn thành thử thách để nhận Mẫu Giấc Mơ và phần thưởng.
""Vẫn còn người mơ về vinh quang.""",C?n ti?ng Anh nghi v?n: Averardo | S? t?/c?m nghi v?n: 1 | T? l? nghi v?n: 0.2 | M?c ??: 5.0
"A Dreamscape Node in the Averardo Vault area. This challenge is completed and can be challenged again.
""Some still dream of glory.""","Một Nút Giấc Mơ tại khu vực Kho Averardo. Thử thách này đã hoàn thành và có thể thách đấu lại.
""Vẫn còn người mơ về vinh quang.""",C?n ti?ng Anh nghi v?n: Averardo | S? t?/c?m nghi v?n: 1 | T? l? nghi v?n: 0.2 | M?c ??: 5.0
"A Dreamscape Node in the Fagaceae Peninsula area. Complete the challenge to claim Dream Samples and rewards.
""Please, don't look at me like that.""","Một Tổ Tacet tại khu vực Bán Đảo Fagaceae. Hoàn thành thử thách để nhận Mẫu Giấc Mơ và phần thưởng.
""Xin đừng nhìn ta như thế...""",C?n ti?ng Anh nghi v?n: Fagaceae | S? t?/c?m nghi v?n: 1 | T? l? nghi v?n: 0.2 | M?c ??: 5.0
"A Dreamscape Node in the Fagaceae Peninsula area. This challenge is completed and can be challenged again.
""Please, don't look at me like that.""","Một Tổ Tacet tại khu vực Bán Đảo Fagaceae. Thử thách đã hoàn thành và có thể thách đấu lại.
""Xin đừng nhìn ta như thế...""",C?n ti?ng Anh nghi v?n: Fagaceae | S? t?/c?m nghi v?n: 1 | T? l? nghi v?n: 0.2 | M?c ??: 5.0
"A Dreamscape Node in the Fagaceae Peninsula area. Complete the challenge to claim Dream Samples and rewards.
""What?! The fire ring is meant for the audience?!""","Một Tổ Tacet tại khu vực Bán Đảo Fagaceae. Hoàn thành thử thách để nhận Mẫu Giấc Mơ và phần thưởng.
""Cái gì?! Vòng lửa này là để cho khán giả xem à?!""",C?n ti?ng Anh nghi v?n: Fagaceae | S? t?/c?m nghi v?n: 1 | T? l? nghi v?n: 0.2 | M?c ??: 5.0
"A Dreamscape Node in the Fagaceae Peninsula area. This challenge is completed and can be challenged again.
""What?! The fire ring is meant for the audience?!""","Một Tổ Tacet tại khu vực Bán Đảo Fagaceae. Thử thách đã hoàn thành và có thể thách đấu lại.
""Cái gì?! Vòng lửa này là để cho khán giả xem à?!""",C?n ti?ng Anh nghi v?n: Fagaceae | S? t?/c?m nghi v?n: 1 | T? l? nghi v?n: 0.2 | M?c ??: 5.0
"A Dreamscape Node in the Beohr Trench. This challenge is completed and can be challenged again.
""May the dragons appear in your faded dreams.""","Một Tổ Tacet tại Khe Beohr. Thử thách đã hoàn thành và có thể thách đấu lại.
""Ước gì rồng sẽ hiện diện trong những giấc mơ phai nhạt của ngươi.""",C?n ti?ng Anh nghi v?n: Beohr | S? t?/c?m nghi v?n: 1 | T? l? nghi v?n: 0.2 | M?c ??: 5.0
"In a pre-race interview, Changli admits she isn't particularly skilled at racing, but she's joining in for the experience.","Trong một buổi phỏng vấn trước cuộc đua, Changli thừa nhận cô không quá giỏi đua xe, nhưng cô tham gia để trải nghiệm.",C?n ti?ng Anh nghi v?n: Changli | S? t?/c?m nghi v?n: 1 | T? l? nghi v?n: 0.2 | M?c ??: 5.0
Changli regrets seeing some strong competitors get knocked out and hopes for a rematch in the future!,Changli tiếc nuối khi thấy một số đối thủ mạnh bị loại và hy vọng sẽ có cơ hội tái đấu trong tương lai!,C?n ti?ng Anh nghi v?n: Changli | S? t?/c?m nghi v?n: 1 | T? l? nghi v?n: 0.2 | M?c ??: 5.0
Changli is honored to compete with such great contenders and will give her all in the upcoming matches.,Changli rất vinh dự khi được tranh tài cùng những đối thủ xuất sắc như vậy và sẽ dốc hết sức trong các trận đấu sắp tới.,C?n ti?ng Anh nghi v?n: Changli | S? t?/c?m nghi v?n: 1 | T? l? nghi v?n: 0.2 | M?c ??: 5.0
Zani hopes there will be more paid competitions like this in the future.,Zani mong sẽ có thêm nhiều cuộc thi trả phí như thế này trong tương lai.,C?n ti?ng Anh nghi v?n: Zani | S? t?/c?m nghi v?n: 1 | T? l? nghi v?n: 0.2 | M?c ??: 5.0
Cantarella wishes everyone a wonderful time and reminds them to stay safe during the race.,Cantarella chúc mọi người có một khoảng thời gian vui vẻ và nhắc nhở mọi người giữ an toàn trong cuộc đua.,C?n ti?ng Anh nghi v?n: Cantarella | S? t?/c?m nghi v?n: 1 | T? l? nghi v?n: 0.2 | M?c ??: 5.0
"Cartethyia declined our interview, saying she needs to fully focus on preparing for the final!","Cartethyia từ chối cuộc phỏng vấn của chúng ta, nói rằng cô cần tập trung hoàn toàn vào việc chuẩn bị cho trận chung kết!",C?n ti?ng Anh nghi v?n: Cartethyia | S? t?/c?m nghi v?n: 1 | T? l? nghi v?n: 0.2 | M?c ??: 5.0
Congratulations to Cartethyia for taking first place! But it looks like she wasn't done running. Our camera crew couldn't keep up with her!,Chúc mừng Cartethyia đã giành vị trí quán quân! Nhưng có vẻ như cô ấy vẫn chưa muốn dừng lại. Đội quay phim của chúng ta còn không theo kịp cô ấy luôn!,C?n ti?ng Anh nghi v?n: Cartethyia | S? t?/c?m nghi v?n: 1 | T? l? nghi v?n: 0.2 | M?c ??: 5.0
"Carlotta looks forward to seeing each contender's performance, believing every one of them has untapped potential!","Carlotta rất mong chờ màn trình diễn của từng thí sinh, cô tin rằng mỗi người đều ẩn chứa tiềm năng chưa được khai phá!",C?n ti?ng Anh nghi v?n: Carlotta | S? t?/c?m nghi v?n: 1 | T? l? nghi v?n: 0.2 | M?c ??: 5.0
Carlotta shares that her secret to victory lies in maintaining passion and thirst for glory.,Carlotta chia sẻ bí quyết chiến thắng của cô nằm ở việc giữ lửa đam mê và khát khao vinh quang.,C?n ti?ng Anh nghi v?n: Carlotta | S? t?/c?m nghi v?n: 1 | T? l? nghi v?n: 0.2 | M?c ??: 5.0
A familiar figure emerges from behind the tree and approaches Lei. It's someone you know all too well.,Một bóng dáng quen thuộc hiện ra sau gốc cây và tiến về phía Lei. Đó là người mà cậu quá đỗi thân quen.,C?n ti?ng Anh nghi v?n: Lei | S? t?/c?m nghi v?n: 1 | T? l? nghi v?n: 0.2 | M?c ??: 5.0
"Sorry, {PlayerName}. I got carried away talking about my family... Haha, now I'm starting to miss my mom's fish soup.","Xin lỗi, {PlayerName}. Tôi hăng say nói về gia đình mình quá... Haha, giờ nghĩ lại còn thấy nhớ món canh cá của mẹ nữa.",C?n ti?ng Anh nghi v?n: Haha | S? t?/c?m nghi v?n: 1 | T? l? nghi v?n: 0.2 | M?c ??: 5.0
"After that, Ningwei often makes stews to share with me during his leaves. Maybe to repay me for the stew from that night.","Sau đó, mỗi khi nghỉ phép, Ningwei thường nấu món hầm cho ta. Có lẽ để trả ơn món hầm đêm đó.",C?n ti?ng Anh nghi v?n: Ningwei | S? t?/c?m nghi v?n: 1 | T? l? nghi v?n: 0.2 | M?c ??: 5.0
(Zhezhi seems deeply focused. She should have no problem working on the paintings. I'll get going and do Dianxiao's request…),Zhezhi trông cực kỳ tập trung. Chắc cô ấy sẽ không gặp vấn đề gì khi vẽ những bức tranh. Còn mình thì đi làm việc Dianxiao nhờ đã...,C?n ti?ng Anh nghi v?n: Zhezhi | S? t?/c?m nghi v?n: 1 | T? l? nghi v?n: 0.2 | M?c ??: 5.0
"No, I'm here for work today. Madam Jinhsi entrusted me with this letter for you.","Không, hôm nay tôi đến đây làm việc. Bà Jinhsi giao cho tôi lá thư này để chuyển cho cô.",C?n ti?ng Anh nghi v?n: Jinhsi | S? t?/c?m nghi v?n: 1 | T? l? nghi v?n: 0.2 | M?c ??: 5.0
Chixia raises her hand in excitement as she gives Rover a high five.,Chixia giơ tay hào hứng đập tay cao năm với Rover.,C?n ti?ng Anh nghi v?n: Chixia | S? t?/c?m nghi v?n: 1 | T? l? nghi v?n: 0.2 | M?c ??: 5.0
"Haha. When we team up, we're unstoppable!","Haha. Khi chúng ta hợp sức, chẳng ai cản nổi ta đâu!",C?n ti?ng Anh nghi v?n: Haha | S? t?/c?m nghi v?n: 1 | T? l? nghi v?n: 0.2 | M?c ??: 5.0
"Wait, Lady Changli! I just checked the list. Looks like you've won the one and only surprise grand prize of this year's Moonlit Fair!","Chờ chút, Tiểu thư Changli! Tôi vừa kiểm tra danh sách. Có vẻ như cô đã giành được giải thưởng đặc biệt duy nhất của Hội Chợ Trăng Rằm năm nay!",C?n ti?ng Anh nghi v?n: Changli | S? t?/c?m nghi v?n: 1 | T? l? nghi v?n: 0.2 | M?c ??: 5.0
"It's said that Sentinel ""Hsin"" handcrafted it and hid many more in the woodlands, making it a prized possession. Finding one is like getting a year's worth of blessings.","Nghe nói Sentinel ""Hsin"" đã tự tay chế tác nó và giấu nhiều cái khác trong rừng, biến nó thành vật phẩm quý giá. Tìm được một cái giống như nhận được phước lành cả năm trời.",C?n ti?ng Anh nghi v?n: Hsin | S? t?/c?m nghi v?n: 1 | T? l? nghi v?n: 0.2 | M?c ??: 5.0
Charcoal. Hmm... Maybe we can find some around the bonfire.,"Than củi à... Hmm, có lẽ chúng ta tìm được vài cục quanh đống lửa kia.",C?n ti?ng Anh nghi v?n: Hmm | S? t?/c?m nghi v?n: 1 | T? l? nghi v?n: 0.2 | M?c ??: 5.0
"After a while, Xisha returns and cautiously hands you the finished fireworks.","Một lúc sau, Xisha quay lại và thận trọng đưa cho bạn những quả pháo hoa đã hoàn thành.",C?n ti?ng Anh nghi v?n: Xisha | S? t?/c?m nghi v?n: 1 | T? l? nghi v?n: 0.2 | M?c ??: 5.0
This Hoartoise is getting mobbed by other Tacet Discords... Looks like it really needs help.,Con Hoartoise này đang bị bao vây bởi mấy Tacet Discord khác... Có vẻ nó thực sự cần giúp đỡ.,C?n ti?ng Anh nghi v?n: Hoartoise | S? t?/c?m nghi v?n: 1 | T? l? nghi v?n: 0.2 | M?c ??: 5.0
"Wait, are you from outside Mt. Firmament? That’s weird... I've never heard of any outsider actually reaching our town.","Khoan, cậu từ bên ngoài Núi Firmament tới à? Lạ thật... Mình chưa từng nghe ai ngoài đó đặt chân đến thị trấn này bao giờ.",C?n ti?ng Anh nghi v?n: Firmament | S? t?/c?m nghi v?n: 1 | T? l? nghi v?n: 0.2 | M?c ??: 5.0
"It seems tied to a legend about Mt. Firmament, but the records have been lost over the years.","Nó có liên quan đến một truyền thuyết về Núi Firmament, nhưng những ghi chép đã thất lạc theo thời gian.",C?n ti?ng Anh nghi v?n: Firmament | S? t?/c?m nghi v?n: 1 | T? l? nghi v?n: 0.2 | M?c ??: 5.0
"Some Tacets Discords have broken into the Woodveil Hall lately, disabling the security nodes around.","Gần đây, vài Tacet Discord đã đột nhập vào Đại Sảnh Woodveil và vô hiệu hóa các nút bảo vệ xung quanh.",C?n ti?ng Anh nghi v?n: Woodveil | S? t?/c?m nghi v?n: 1 | T? l? nghi v?n: 0.2 | M?c ??: 5.0
"Mt. Firmament is in serious trouble, and we can't waste any more time. We need our Sentinel to stabilize the time flow.","Núi Firmament đang gặp rắc rối lớn, chúng ta không thể lãng phí thêm thời gian nữa. Chúng ta cần Người Bảo Vệ để ổn định dòng thời gian.",C?n ti?ng Anh nghi v?n: Firmament | S? t?/c?m nghi v?n: 1 | T? l? nghi v?n: 0.2 | M?c ??: 5.0
"I implore you, Xinyi. Help me keep our people safe.","Ta cầu xin ngươi, Xinyi. Hãy giúp ta bảo vệ dân tộc chúng ta.",C?n ti?ng Anh nghi v?n: Xinyi | S? t?/c?m nghi v?n: 1 | T? l? nghi v?n: 0.2 | M?c ??: 5.0
"In this place she was born, and in this place she returns. Our Magistrate's fate is bound to Mt. Firmament...","Nơi đây đã sinh ra nàng, và nơi đây nàng trở về. Số phận của Quan Chấp Hành của chúng ta gắn liền với Núi Firmament...",C?n ti?ng Anh nghi v?n: Firmament | S? t?/c?m nghi v?n: 1 | T? l? nghi v?n: 0.2 | M?c ??: 5.0
"In order to investigate the Sentinel's whereabouts, Madam Magistrate has left for Mt. Firmament, its last recorded location.","Để điều tra tung tích của Sentinel, Quận trưởng đã lên đường đến Núi Firmament, nơi ghi nhận vị trí cuối cùng của nó.",C?n ti?ng Anh nghi v?n: Firmament | S? t?/c?m nghi v?n: 1 | T? l? nghi v?n: 0.2 | M?c ??: 5.0
"Long ago, the Sentinel protected people of Hongzhen from Tacet Discords, and it also revealed a harsh truth—","Thuở xa xưa, Sentinel đã bảo vệ người dân Hongzhen khỏi Tacet Discord, và nó cũng tiết lộ một sự thật tàn nhẫn—",C?n ti?ng Anh nghi v?n: Hongzhen | S? t?/c?m nghi v?n: 1 | T? l? nghi v?n: 0.2 | M?c ??: 5.0
The people of Hongzhen have lived with the Sentinel for generations. We can usually tell if it's in good shape or not.,Người dân Hongzhen đã chung sống với Sentinel qua nhiều thế hệ. Chúng tôi thường biết được nó có khỏe mạnh hay không.,C?n ti?ng Anh nghi v?n: Hongzhen | S? t?/c?m nghi v?n: 1 | T? l? nghi v?n: 0.2 | M?c ??: 5.0
"Sigh... No matter what happens or what choices you make, please remember: the people of Hongzhen will always have your back.","Thở dài... Dù có chuyện gì xảy ra hay lựa chọn nào cậu đưa ra, hãy nhớ rằng: người dân Hongzhen sẽ luôn đứng sau cậu.",C?n ti?ng Anh nghi v?n: Hongzhen | S? t?/c?m nghi v?n: 1 | T? l? nghi v?n: 0.2 | M?c ??: 5.0
A Fractsidus Artificer frozen in time by the Sentinel. They must belong to the death squad Xinyi mentioned.,Một Kỹ Sư Fractsidus bị đóng băng theo thời gian bởi Sentinel. Họ chắc hẳn thuộc đội tử thần mà Xinyi đã nhắc đến.,C?n ti?ng Anh nghi v?n: Xinyi | S? t?/c?m nghi v?n: 1 | T? l? nghi v?n: 0.2 | M?c ??: 5.0
"Jinhsi, your journey has been an arduous one. Aside from aiding one in this predicament, surely there are other inquiries you wish to make?","Jinhsi, hành trình của ngươi thật gian nan. Ngoài việc giúp ta trong tình cảnh này, chắc hẳn ngươi còn nhiều điều muốn hỏi phải không?",C?n ti?ng Anh nghi v?n: Jinhsi | S? t?/c?m nghi v?n: 1 | T? l? nghi v?n: 0.2 | M?c ??: 5.0
"Magistrate Jinhsi, as you express doubts, pray tell how do you propose to solve this issue?","Quan Án Jinhsi, khi ngài tỏ ra nghi ngờ như vậy, vậy ngài có đề xuất giải pháp nào không?",C?n ti?ng Anh nghi v?n: Jinhsi | S? t?/c?m nghi v?n: 1 | T? l? nghi v?n: 0.2 | M?c ??: 5.0
"From now on, you shall be known as ""Jinhsi,"" bearing Jinzhou's name as your own.","Từ giờ trở đi, ngươi sẽ được biết đến với cái tên ""Jinhsi"", mang theo danh tính của Jinzhou.",C?n ti?ng Anh nghi v?n: Jinhsi | S? t?/c?m nghi v?n: 1 | T? l? nghi v?n: 0.2 | M?c ??: 5.0
Why hasn't this brilliant invention spread beyond Mt. Firmament?,Sao phát minh tuyệt vời này lại chưa lan rộng ra khỏi Núi Firmament nhỉ?,C?n ti?ng Anh nghi v?n: Firmament | S? t?/c?m nghi v?n: 1 | T? l? nghi v?n: 0.2 | M?c ??: 5.0
"One had previously requested for permission to transfer the Temporal Mandate to Jinhsi, as that is how one is designed to function.","Ta đã từng yêu cầu chuyển giao Quyền Tạm Thời cho Jinhsi, vì đó là chức năng thiết kế của ta.",C?n ti?ng Anh nghi v?n: Jinhsi | S? t?/c?m nghi v?n: 1 | T? l? nghi v?n: 0.2 | M?c ??: 5.0
"Since Jinhsi has inherited my power, the Temporal Programs are now complete. Jinzhou is no longer under threat.","Kể từ khi Jinhsi kế thừa sức mạnh của ta, các Chương Trình Thời Gian đã hoàn tất. Jinzhou không còn bị đe dọa nữa.",C?n ti?ng Anh nghi v?n: Jinhsi | S? t?/c?m nghi v?n: 1 | T? l? nghi v?n: 0.2 | M?c ??: 5.0
"Ooh, so you must be that Sentinel! Hehe, hello there big one!","Ôi, vậy ra anh chính là Sentinel à! Hehe, xin chào ông lớn!",C?n ti?ng Anh nghi v?n: Hehe | S? t?/c?m nghi v?n: 1 | T? l? nghi v?n: 0.2 | M?c ??: 5.0
Hmm... I see. Doesn't matter. That’s not important for our goal.,Hmm... Ra vậy. Không sao đâu. Điều đó không quan trọng với mục tiêu của chúng ta.,C?n ti?ng Anh nghi v?n: Hmm | S? t?/c?m nghi v?n: 1 | T? l? nghi v?n: 0.2 | M?c ??: 5.0
"I'm not entirely sure I heard it correctly, but in my dream, the Sentinel mentioned a place called Mt. Firmament.","Ta không chắc lắm là mình nghe đúng không, nhưng trong giấc mơ, Sentinel có nhắc đến một nơi gọi là Núi Firmament.",C?n ti?ng Anh nghi v?n: Firmament | S? t?/c?m nghi v?n: 1 | T? l? nghi v?n: 0.2 | M?c ??: 5.0
Legends say Mt. Firmament is where the first people of Jinzhou lived. it looks like a giant statue of our Sentinel Jué.,Truyền thuyết kể rằng Núi Firmament là nơi những người đầu tiên của Jinzhou sinh sống. Nó trông giống như một bức tượng khổng lồ của Sentinel Jué của chúng ta.,C?n ti?ng Anh nghi v?n: Firmament | S? t?/c?m nghi v?n: 1 | T? l? nghi v?n: 0.2 | M?c ??: 5.0
Did you hear about the fog over the waters around Mt. Firmament?,Cậu có nghe tin sương mù bao phủ quanh vùng nước gần Núi Firmament không?,C?n ti?ng Anh nghi v?n: Firmament | S? t?/c?m nghi v?n: 1 | T? l? nghi v?n: 0.2 | M?c ??: 5.0
It seems the Fractsidus had infiltrated Mt. Firmament even before the disaster struck.,Có vẻ như Fractsidus đã xâm nhập Núi Firmament ngay cả trước khi thảm họa xảy ra.,C?n ti?ng Anh nghi v?n: Firmament | S? t?/c?m nghi v?n: 1 | T? l? nghi v?n: 0.2 | M?c ??: 5.0
"A resident of Hongzhen, suspended in time by the Temporal Disruption. They are now forever frozen in the instant before the disaster struck.","Một cư dân của Hongzhen, bị đóng băng trong thời gian bởi Sự Rối Loạn Thời Gian. Họ mãi mãi bị kẹt lại khoảnh khắc trước khi thảm họa ập đến.",C?n ti?ng Anh nghi v?n: Hongzhen | S? t?/c?m nghi v?n: 1 | T? l? nghi v?n: 0.2 | M?c ??: 5.0
I see. Are we going to aim the opening in that disk at the Photonvault in the middle?,Ra vậy. Chúng ta sẽ nhắm khe hở trên đĩa đó vào Photonvault ở giữa sao?,C?n ti?ng Anh nghi v?n: Photonvault | S? t?/c?m nghi v?n: 1 | T? l? nghi v?n: 0.2 | M?c ??: 5.0
If the Sentinel's condition is indeed incurable... Nobody knows how far the Temporal Disruptions will continue to spread.,Nếu tình trạng của Sentinel thực sự không thể chữa khỏi... Không ai biết được Temporal Disruption sẽ lan rộng đến đâu.,C?n ti?ng Anh nghi v?n: Temporal | S? t?/c?m nghi v?n: 1 | T? l? nghi v?n: 0.2 | M?c ??: 5.0
"Mt. Firmament was in dire straits back then. It's hard to imagine it being peaceful again in such a short time, let alone more prosperous.","Hồi đó, Núi Firmament đang trong tình trạng vô cùng nguy cấp. Thật khó mà tưởng tượng nơi này lại có thể bình yên trở lại trong thời gian ngắn như vậy, chứ đừng nói đến việc thịnh vượng hơn.",C?n ti?ng Anh nghi v?n: Firmament | S? t?/c?m nghi v?n: 1 | T? l? nghi v?n: 0.2 | M?c ??: 5.0
Anyone who has signed up can get a pamphlet about Mt. Firmament here. It contains detailed information on lodging and travel.,Ai đã đăng ký đều có thể nhận một cuốn sách nhỏ về Núi Firmament ở đây. Nó chứa thông tin chi tiết về chỗ ở và du lịch.,C?n ti?ng Anh nghi v?n: Firmament | S? t?/c?m nghi v?n: 1 | T? l? nghi v?n: 0.2 | M?c ??: 5.0
"Hehehe, there's nothing in town I don't know about, much less you and the Magistrate. You're the saviors of Mt. Firmament.","Hê hê hê, chẳng có gì trong thị trấn mà ta không biết, huống chi là cậu với Ngài Thẩm Phán. Các cậu chính là những vị cứu tinh của Núi Firmament đấy.",C?n ti?ng Anh nghi v?n: Firmament | S? t?/c?m nghi v?n: 1 | T? l? nghi v?n: 0.2 | M?c ??: 5.0
"Several researchers from Jinzhou happen to pass by. Zhichun clings to you, nervous and curious.","Vài nhà nghiên cứu từ Jinzhou tình cờ đi ngang qua. Zhichun níu lấy cậu, vừa lo lắng vừa tò mò.",C?n ti?ng Anh nghi v?n: Zhichun | S? t?/c?m nghi v?n: 1 | T? l? nghi v?n: 0.2 | M?c ??: 5.0
There was a blizzard a few days ago. They and Wei took shelter in my house. We chatted and got to know each other.,Mấy hôm trước có một trận bão tuyết. Ta với bọn họ và Wei trú ở nhà ta. Chúng ta trò chuyện và dần hiểu nhau hơn.,C?n ti?ng Anh nghi v?n: Wei | S? t?/c?m nghi v?n: 1 | T? l? nghi v?n: 0.2 | M?c ??: 5.0
"You should check it out when you get a chance.  Trust me, Mt. Firmament's Sagaci Springs will not disappoint.","Khi nào rảnh, cậu nên thử đến đó xem. Tin tớ đi, suối Sagaci trên núi Firmament sẽ không làm cậu thất vọng đâu.",C?n ti?ng Anh nghi v?n: Sagaci | S? t?/c?m nghi v?n: 1 | T? l? nghi v?n: 0.2 | M?c ??: 5.0
The Fractsidus… items left by the Court of Savantae… frozen animals… experiments using Tacet Discords...,Tổ Tacet… những vật phẩm do Tòa án Savantae để lại… động vật bị đóng băng… thí nghiệm sử dụng Tacet Discord…,C?n ti?ng Anh nghi v?n: Savantae | S? t?/c?m nghi v?n: 1 | T? l? nghi v?n: 0.2 | M?c ??: 5.0
"Yeah, probably because Elite Class Tacet Discords are super rare, they're almost mythical, seen as omens of good or bad luck.","Ừ, có lẽ vì Tacet Discord cấp Elite hiếm đến mức gần như huyền thoại, người ta coi chúng như điềm lành hoặc điềm gở.",C?n ti?ng Anh nghi v?n: Elite | S? t?/c?m nghi v?n: 1 | T? l? nghi v?n: 0.2 | M?c ??: 5.0
"Ogo? Can you hear me? How’s your new body feeling? I get it, four legs might be a challenge at first. Take your time.","Ogo à? Cậu nghe thấy ta không? Cơ thể mới cảm thấy thế nào? Ta hiểu mà, bốn chân ban đầu có thể hơi khó khăn. Cứ từ từ thôi.",C?n ti?ng Anh nghi v?n: Ogo | S? t?/c?m nghi v?n: 1 | T? l? nghi v?n: 0.2 | M?c ??: 5.0
"Anyway, I have all the details recorded. When I get back to Hongzhen, I'll write them in the <i>Chronicle</i>.","Dù sao thì mình cũng đã ghi lại mọi chi tiết rồi. Khi về đến Hongzhen, mình sẽ viết vào <i>Biên Niên Sử</i>.",C?n ti?ng Anh nghi v?n: Hongzhen | S? t?/c?m nghi v?n: 1 | T? l? nghi v?n: 0.2 | M?c ??: 5.0
"Ah, that's a long story. Allow me to formally introduce myself. I'm Shinong, a doctor from Jinzhou.","À, đó là một câu chuyện dài lắm. Để ta tự giới thiệu cho. Ta là Shinong, một thầy thuốc đến từ Jinzhou.",C?n ti?ng Anh nghi v?n: Shinong | S? t?/c?m nghi v?n: 1 | T? l? nghi v?n: 0.2 | M?c ??: 5.0
"The medicine I ordered for spa therapy. Wait, why are you empty-handed?",Thuốc ta đặt cho liệu pháp spa đấy. Sao tay không cầm gì thế?,C?n ti?ng Anh nghi v?n: spa | S? t?/c?m nghi v?n: 1 | T? l? nghi v?n: 0.2 | M?c ??: 5.0
"Oh, right! Can you check on the delivery for me, {PlayerName}? If I don't have the spa ready soon, I'll get complaints.","À, phải rồi! {PlayerName}, cậu kiểm tra giùm ta đơn hàng giao đồ với được không? Nếu không chuẩn bị spa kịp, ta sẽ bị phàn nàn đấy.",C?n ti?ng Anh nghi v?n: spa | S? t?/c?m nghi v?n: 1 | T? l? nghi v?n: 0.2 | M?c ??: 5.0
"Your story... It's a bit far-fetched, don't you think? I mean, if I wasn't from Hongzhen, I might have fallen for it.","Câu chuyện của cậu... nghe hơi khó tin đấy chứ? Ý tớ là, nếu tớ không phải người Hongzhen, có khi đã tin thật rồi.",C?n ti?ng Anh nghi v?n: Hongzhen | S? t?/c?m nghi v?n: 1 | T? l? nghi v?n: 0.2 | M?c ??: 5.0
"Oh, Fuling asked us about his whereabouts not long ago. She seemed quite worried.","À, không lâu trước Fuling có hỏi chúng ta về tung tích của anh ấy. Cô ấy có vẻ lo lắng lắm.",C?n ti?ng Anh nghi v?n: Fuling | S? t?/c?m nghi v?n: 1 | T? l? nghi v?n: 0.2 | M?c ??: 5.0
"*cough*... Thank you. I'm okay now. Who are you? ... And Wuli, is he...","*ho*... Cảm ơn cậu. Giờ ta không sao nữa. Cậu là ai?... Còn Wuli, cậu ấy...",C?n ti?ng Anh nghi v?n: Wuli | S? t?/c?m nghi v?n: 1 | T? l? nghi v?n: 0.2 | M?c ??: 5.0
"I see. Strange appearances of Tacet Discords in the mountains, and undiscovered Temporal Disruptions...","Ra là vậy. Những Tacet Discord xuất hiện kỳ lạ trên núi, cùng với những Temporal Disruption chưa được phát hiện...",C?n ti?ng Anh nghi v?n: Temporal | S? t?/c?m nghi v?n: 1 | T? l? nghi v?n: 0.2 | M?c ??: 5.0
"Fuling's ""legend"" differs from the situation at Mt. Firmament we're familiar with. In that tale, mortals were spared the cost of losing years from their lives.","""Huyền thoại"" của Fuling khác với tình hình ở Núi Firmament mà ta biết. Trong câu chuyện đó, con người không phải trả giá bằng năm tháng cuộc đời mình.",C?n ti?ng Anh nghi v?n: Firmament | S? t?/c?m nghi v?n: 1 | T? l? nghi v?n: 0.2 | M?c ??: 5.0
"So what? Wouldn't it be a sight to behold as this Sonoro Sphere consumes everything in its path, while the Temporal Disruptions bring death?","Thế à? Chẳng phải sẽ rất ngoạn mục sao, khi Quả Cầu Sonoro này nuốt chửng mọi thứ trên đường đi, còn những Rối Loạn Thời Gian mang đến cái chết?",C?n ti?ng Anh nghi v?n: Sonoro | S? t?/c?m nghi v?n: 1 | T? l? nghi v?n: 0.2 | M?c ??: 5.0
Temporal Disruption hidden inside a Sonoro Sphere... It makes sense now why it stayed hidden for so long.,Sự Rối Loạn Thời Gian ẩn trong một Quả Cầu Sonoro... Giờ thì ta hiểu tại sao nó lại lẩn trốn được lâu đến vậy.,C?n ti?ng Anh nghi v?n: Sonoro | S? t?/c?m nghi v?n: 1 | T? l? nghi v?n: 0.2 | M?c ??: 5.0
We're almost done dealing with the aftermath of the previous incident. We're currently questioning the remaining Fractsidus members we caught at Mt. Firmament.,Chúng ta gần xử lý xong hậu quả của sự cố trước rồi. Hiện tại đang thẩm vấn mấy tên Fractsidus còn sót lại mà chúng ta bắt được ở Núi Firmament.,C?n ti?ng Anh nghi v?n: Firmament | S? t?/c?m nghi v?n: 1 | T? l? nghi v?n: 0.2 | M?c ??: 5.0
"We mortals come and go, our lives are full of meetings and goodbyes. Our time on this earth is fleeting compared to yours. So don't let it bother you.","Kiếp người đến rồi đi, đầy những gặp gỡ và chia ly. Thời gian ta tồn tại trên cõi đời này chỉ như chớp mắt so với các vị. Vậy nên đừng để điều đó làm phiền lòng.",C?n ti?ng Anh nghi v?n: so | S? t?/c?m nghi v?n: 1 | T? l? nghi v?n: 0.2 | M?c ??: 5.0
"However, since I became unable to accompany him on his journeys, Wuli has given up chasing his dreams.","Nhưng từ khi ta không thể đồng hành cùng cậu ấy trong những chuyến đi, Wuli đã từ bỏ việc theo đuổi giấc mơ của mình.",C?n ti?ng Anh nghi v?n: Wuli | S? t?/c?m nghi v?n: 1 | T? l? nghi v?n: 0.2 | M?c ??: 5.0
"You meet Changli again and she shares that she has pinpointed the most likely location of the game record. Together, you prepare to search for it.","Bạn gặp lại Changli, và cô ấy cho biết đã xác định được vị trí khả dĩ nhất của bản ghi trò chơi. Cả hai cùng nhau chuẩn bị lên đường tìm kiếm nó.",C?n ti?ng Anh nghi v?n: Changli | S? t?/c?m nghi v?n: 1 | T? l? nghi v?n: 0.2 | M?c ??: 5.0
"That's why Baizhi couldn't confirm just how you absorbed that Echo back then. Was it you? Was it the little one? Or maybe, the two of you together?",Đó là lý do Baizhi không thể xác nhận cậu đã hấp thụ Echo đó như thế nào hồi ấy. Là cậu à? Là đứa nhỏ à? Hay là cả hai cùng làm điều đó?,C?n ti?ng Anh nghi v?n: Baizhi | S? t?/c?m nghi v?n: 1 | T? l? nghi v?n: 0.2 | M?c ??: 5.0
"Okay, now that's... pretty much it. Baizhi was going to explain it to you herself, but she has to go check on a newly appeared Sonoro Sphere in Zhaozhou...","Được rồi, đại khái là thế. Lẽ ra Bạch Chi sẽ tự giải thích cho cậu, nhưng cô ấy phải đi kiểm tra một Quả cầu Sonoro mới xuất hiện ở Triệu Châu…",C?n ti?ng Anh nghi v?n: Sonoro | S? t?/c?m nghi v?n: 1 | T? l? nghi v?n: 0.2 | M?c ??: 5.0
Aha! I knew {PlayerName} would come up with a good... Wait. Why does it sound so random?,Aha! Tớ biết {PlayerName} sẽ nghĩ ra cách hay lắm... Chờ đã. Sao nghe nó lại ngẫu hứng thế nhỉ?,C?n ti?ng Anh nghi v?n: Aha | S? t?/c?m nghi v?n: 1 | T? l? nghi v?n: 0.2 | M?c ??: 5.0
"Haha, interesting. So you think this is a deal? All right, I take it. What do you want me to look into?","Haha, thú vị. Cậu cho rằng đây là một thỏa thuận à? Được thôi, ta nhận lời. Cậu muốn ta điều tra gì nào?",C?n ti?ng Anh nghi v?n: Haha | S? t?/c?m nghi v?n: 1 | T? l? nghi v?n: 0.2 | M?c ??: 5.0
"People don't usually buy that stuff. Oh wait, Zhezhi, didn't you buy some once? A long time ago, right?","Mấy thứ đó chẳng ai mua đâu. À khoan, Zhezhi, cậu đã từng mua một lần rồi phải không? Lâu lắm rồi nhỉ?",C?n ti?ng Anh nghi v?n: Zhezhi | S? t?/c?m nghi v?n: 1 | T? l? nghi v?n: 0.2 | M?c ??: 5.0
Integrity in business is not enough to stave off discord.,Chính trực trong kinh doanh không đủ để ngăn chặn Tacet Discord.,C?n ti?ng Anh nghi v?n: Discord | S? t?/c?m nghi v?n: 1 | T? l? nghi v?n: 0.2 | M?c ??: 5.0
The honest always get the short end of the stick... But who's Mingyan? A painter? Never heard of them...,Người lương thiện bao giờ cũng chịu thiệt... Nhưng Mingyan là ai nhỉ? Họa sĩ à? Chưa nghe tên bao giờ...,C?n ti?ng Anh nghi v?n: Mingyan | S? t?/c?m nghi v?n: 1 | T? l? nghi v?n: 0.2 | M?c ??: 5.0
"About Mingyan... Didn't my men answer your questions already? That's everything we've got on her, I swear. What more do you want?","Về Mingyan à... Lính của ta trả lời cậu đủ rồi chứ? Đó là tất cả những gì chúng ta biết về cô ta, ta thề đấy. Cậu còn muốn gì nữa?",C?n ti?ng Anh nghi v?n: Mingyan | S? t?/c?m nghi v?n: 1 | T? l? nghi v?n: 0.2 | M?c ??: 5.0
"These distractions led us to concentrate solely on Mingyan, ignoring other possible angles.",Chính những thứ gây xao nhãng này đã khiến chúng ta chỉ tập trung vào Mingyan mà bỏ qua những góc độ khác.,C?n ti?ng Anh nghi v?n: Mingyan | S? t?/c?m nghi v?n: 1 | T? l? nghi v?n: 0.2 | M?c ??: 5.0
"These distractions led us to concentrate solely on Mingyan, ignoring other possible angles.",Chính những thứ gây xao nhãng này đã khiến chúng ta chỉ tập trung vào Mingyan mà bỏ qua những góc độ khác.,C?n ti?ng Anh nghi v?n: Mingyan | S? t?/c?m nghi v?n: 1 | T? l? nghi v?n: 0.2 | M?c ??: 5.0
Do you think they're related? Did Gupan tell you about that old folktale?,Cậu nghĩ chúng có liên quan không? Gupan có kể cho cậu nghe câu chuyện dân gian cũ đó không?,C?n ti?ng Anh nghi v?n: Gupan | S? t?/c?m nghi v?n: 1 | T? l? nghi v?n: 0.2 | M?c ??: 5.0
"Regretting her earlier hesitation, Zhezhi promises to speak up more decisively as you make your way to the scene.","Hối hận vì sự do dự ban nãy, Zhezhi hứa sẽ lên tiếng dứt khoát hơn khi cả hai tiến đến hiện trường.",C?n ti?ng Anh nghi v?n: Zhezhi | S? t?/c?m nghi v?n: 1 | T? l? nghi v?n: 0.2 | M?c ??: 5.0
"Right! Since we're connected to the Tethys System, I give you clearance and you collect all that bad stuff up!","Đúng rồi! Vì chúng ta kết nối với Hệ thống Tethys, mình cho cậu quyền truy cập và cậu thu thập hết mớ rác rưởi đó đi!",C?n ti?ng Anh nghi v?n: Tethys | S? t?/c?m nghi v?n: 1 | T? l? nghi v?n: 0.2 | M?c ??: 5.0
"This anchor is the Eye of Asteria. As you may have noticed, it bears the same name as this island! It's the Black Shores' eye towards the stars!","Mỏ neo này chính là Con Mắt của Asteria. Như cậu đã thấy, nó cùng tên với hòn đảo này! Đó là con mắt hướng về các vì sao của Bờ Biển Đen!",C?n ti?ng Anh nghi v?n: Asteria | S? t?/c?m nghi v?n: 1 | T? l? nghi v?n: 0.2 | M?c ??: 5.0
"Excellent work! Now, let's head back to the TD Observatory and find Zhenjian. I still have something to take care of there!",Tuyệt vời! Giờ chúng ta hãy quay lại Đài Quan Sát TD và tìm Zhenjian. Tớ vẫn còn việc phải giải quyết ở đó!,C?n ti?ng Anh nghi v?n: Zhenjian | S? t?/c?m nghi v?n: 1 | T? l? nghi v?n: 0.2 | M?c ??: 5.0
Excellent. I've always wanted to see the Threnodian Killer in action with my own eyes.,Tuyệt. Ta luôn muốn tận mắt chứng kiến Threnodian Killer ra tay.,C?n ti?ng Anh nghi v?n: Killer | S? t?/c?m nghi v?n: 1 | T? l? nghi v?n: 0.2 | M?c ??: 5.0
"There's an urban legend going around on the Black Shores' internal forum, claiming that these portals are actually bugs caused by some glitch.","Có một truyền thuyết đô thị đang lan truyền trên diễn đàn nội bộ của Black Shores, nói rằng những cánh cổng này thực chất là lỗi do một sự cố kỹ thuật nào đó gây ra.",C?n ti?ng Anh nghi v?n: Black | S? t?/c?m nghi v?n: 1 | T? l? nghi v?n: 0.2 | M?c ??: 5.0
"Oh, really?! So you're the big hero Encore was talking about. She said you took out that giant TD like this, this, and that! So cool!","Ồ, thật à?! Thế ra cậu chính là anh hùng mà Encore nói đến à. Chị ấy bảo cậu hạ gục con TD khổng lồ kiểu này, này, với nọ! Ngầu quá đi!",C?n ti?ng Anh nghi v?n: Encore | S? t?/c?m nghi v?n: 1 | T? l? nghi v?n: 0.2 | M?c ??: 5.0
"Encore really enjoys this story. In it, Wooly Warrior and her companions worked their way out of all kinds of trouble. Just like we did.","Encore rất thích câu chuyện này. Trong đó, Chiến Binh Cừu và đồng đội đã vượt qua đủ mọi khó khăn. Giống như chúng ta vậy.",C?n ti?ng Anh nghi v?n: Encore | S? t?/c?m nghi v?n: 1 | T? l? nghi v?n: 0.2 | M?c ??: 5.0
"Yeah, where is Encore from? Let's ask her once the story's finished.","Ừ, Encore đến từ đâu nhỉ? Để hỏi cô ấy sau khi nghe xong câu chuyện đã.",C?n ti?ng Anh nghi v?n: Encore | S? t?/c?m nghi v?n: 1 | T? l? nghi v?n: 0.2 | M?c ??: 5.0
Me neither. Ying even came over just now and asked me if the shield trully exists. What do you think?,Ta cũng không. Ngay cả Ying vừa hỏi ta cái khiên đó có thật không. Cậu nghĩ sao?,C?n ti?ng Anh nghi v?n: Ying | S? t?/c?m nghi v?n: 1 | T? l? nghi v?n: 0.2 | M?c ??: 5.0
I knew straight away that the treasure map wasn't for the Wooly Warrior's sword.,Tôi biết ngay lập tức tấm bản đồ kho báu không phải để tìm kiếm thanh kiếm của Wooly Warrior.,C?n ti?ng Anh nghi v?n: Wooly | S? t?/c?m nghi v?n: 1 | T? l? nghi v?n: 0.2 | M?c ??: 5.0
"Pfft. I'd definitely choose honor, that way I'll be famous, and everyone would shout my name whenever they see me, wherever!","Pfft. Ta sẽ chọn danh dự, thế thì mới nổi tiếng chứ, ai nhìn thấy ta cũng phải hô tên lên!",C?n ti?ng Anh nghi v?n: Pfft | S? t?/c?m nghi v?n: 1 | T? l? nghi v?n: 0.2 | M?c ??: 5.0
It's one of the most important puzzles in Wooly Warrior's story!,Đây là một trong những câu đố quan trọng nhất trong câu chuyện của Wooly Warrior đấy!,C?n ti?ng Anh nghi v?n: Wooly | S? t?/c?m nghi v?n: 1 | T? l? nghi v?n: 0.2 | M?c ??: 5.0
"Outstanding. I'll let you know as soon as I get a new update for the ""Lollo Navigator.""","Xuất sắc. Tôi sẽ báo ngay khi có thông tin mới về ""La bàn Lollo"".",C?n ti?ng Anh nghi v?n: Lollo | S? t?/c?m nghi v?n: 1 | T? l? nghi v?n: 0.2 | M?c ??: 5.0
"As for the Tethys System, imagine it as a supercomputer. The Black Shores relies on its calculations to observe, forewarn, and solve anything Lament-related.","Còn về Hệ thống Tethys, hãy hình dung nó như một siêu máy tính. Bờ Đen dựa vào tính toán của nó để quan sát, cảnh báo và giải quyết mọi vấn đề liên quan đến Lament.",C?n ti?ng Anh nghi v?n: Tethys | S? t?/c?m nghi v?n: 1 | T? l? nghi v?n: 0.2 | M?c ??: 5.0
"What's worse, along with the data, we received some terrible news. The Bloom Bearers we sent to the Port City of Guixu… We lost them all.","Tệ hơn nữa, cùng với dữ liệu, chúng ta nhận được một tin khủng khiếp. Những Người Gìn Giữ Hoa mà ta cử đến Thành phố Cảng Guixu… đã mất hết rồi.",C?n ti?ng Anh nghi v?n: Guixu | S? t?/c?m nghi v?n: 1 | T? l? nghi v?n: 0.2 | M?c ??: 5.0
"So, those little robots are also linked as Terminals within the Tethys System.",Vậy ra mấy con robot nhỏ đó cũng được kết nối như những Thiết bị đầu cuối trong Hệ thống Tethys.,C?n ti?ng Anh nghi v?n: Tethys | S? t?/c?m nghi v?n: 1 | T? l? nghi v?n: 0.2 | M?c ??: 5.0
I haven't seen the Shorekeeper in all my time in the Black Shores. I've only heard the stories about her.,"Suốt thời gian ở Bãi Đen, ta chưa bao giờ thấy Shorekeeper. Chỉ nghe những câu chuyện về cô ấy thôi.",C?n ti?ng Anh nghi v?n: Shorekeeper | S? t?/c?m nghi v?n: 1 | T? l? nghi v?n: 0.2 | M?c ??: 5.0
"Imagine—if this is true, the Tethys System could create entirely new Tacet Discords!","Tưởng tượng xem—nếu điều này là thật, Hệ Tethys có thể tạo ra những Tacet Discord hoàn toàn mới!",C?n ti?ng Anh nghi v?n: Tethys | S? t?/c?m nghi v?n: 1 | T? l? nghi v?n: 0.2 | M?c ??: 5.0
Things are hectic at the moment. The fate of the Black Shores' underground is in your hands and the Shorekeeper's now.,Mọi thứ đang rất hỗn loạn. Số phận của lòng đất Black Shores giờ nằm trong tay cậu và Shorekeeper đấy.,C?n ti?ng Anh nghi v?n: Black | S? t?/c?m nghi v?n: 1 | T? l? nghi v?n: 0.2 | M?c ??: 5.0
"According to our observations, the star that fell after the overflow was the Necrostar.","Qua quan sát, ngôi sao rơi xuống sau vụ tràn là Necrostar.",C?n ti?ng Anh nghi v?n: Necrostar | S? t?/c?m nghi v?n: 1 | T? l? nghi v?n: 0.2 | M?c ??: 5.0
I've caught the whispers she mutters to herself in her dreams and through the Sonoro.,Ta đã nghe được những lời thì thầm nàng lẩm bẩm trong giấc mơ và qua Sonoro.,C?n ti?ng Anh nghi v?n: Sonoro | S? t?/c?m nghi v?n: 1 | T? l? nghi v?n: 0.2 | M?c ??: 5.0
"I will give it my all, even if I must sacrifice my Sonoro, or myself...","Ta sẽ chiến đấu hết mình, dù phải hy sinh Sonoro hay chính bản thân mình...",C?n ti?ng Anh nghi v?n: Sonoro | S? t?/c?m nghi v?n: 1 | T? l? nghi v?n: 0.2 | M?c ??: 5.0
"Travel among the stars... Enzo, navigator of Rinascita.","Du hành giữa các vì sao... Enzo, hoa tiêu của Rinascita.",C?n ti?ng Anh nghi v?n: Enzo | S? t?/c?m nghi v?n: 1 | T? l? nghi v?n: 0.2 | M?c ??: 5.0
"This is the deepest part of the Tethys System, our shore... just for us.","Đây là nơi sâu thẳm nhất của Hệ Tethys, bờ biển của chúng ta... chỉ dành riêng cho hai ta thôi.",C?n ti?ng Anh nghi v?n: Tethys | S? t?/c?m nghi v?n: 1 | T? l? nghi v?n: 0.2 | M?c ??: 5.0
Are we really challenging Tethys when it's locked down?,Chúng ta thực sự đang thách thức Tethys khi nó đã bị phong tỏa sao?,C?n ti?ng Anh nghi v?n: Tethys | S? t?/c?m nghi v?n: 1 | T? l? nghi v?n: 0.2 | M?c ??: 5.0
"Nobody in the Black Shores has ever gone against the Tethys System's directives, with the insurmountable task of tracking its codes.","Chưa từng có ai ở Bờ Đen dám chống lại chỉ thị của Hệ thống Tethys, với nhiệm vụ bất khả thi là theo dõi mã code của nó.",C?n ti?ng Anh nghi v?n: Tethys | S? t?/c?m nghi v?n: 1 | T? l? nghi v?n: 0.2 | M?c ??: 5.0
My Sonoro can sense even the most minor changes in frequencies.,Sonoro của ta có thể cảm nhận ngay cả những thay đổi nhỏ nhất trong tần số.,C?n ti?ng Anh nghi v?n: Sonoro | S? t?/c?m nghi v?n: 1 | T? l? nghi v?n: 0.2 | M?c ??: 5.0
"Unfortunately, the Lament swept through much faster than the Tethys System anticipated.","Rất tiếc, Lament đã tràn qua nhanh hơn nhiều so với dự đoán của Hệ thống Tethys.",C?n ti?ng Anh nghi v?n: Tethys | S? t?/c?m nghi v?n: 1 | T? l? nghi v?n: 0.2 | M?c ??: 5.0
"Later, by adding a few edits here and there, Alannah finishes compiling a printout called <i>Mahe's Spicy Secret</i>.","Sau đó, bằng vài chỉnh sửa nhỏ, Alannah hoàn thành bản in có tên <i>Bí Mật Cay Nồng Của Mahe</i>.",C?n ti?ng Anh nghi v?n: Alannah | S? t?/c?m nghi v?n: 1 | T? l? nghi v?n: 0.2 | M?c ??: 5.0
But I am as devastated as anyone to see the Somnoire collapse. You have to believe me.,Nhưng tôi cũng đau lòng như bất kỳ ai khi chứng kiến Somnoire sụp đổ. Anh phải tin tôi.,C?n ti?ng Anh nghi v?n: Somnoire | S? t?/c?m nghi v?n: 1 | T? l? nghi v?n: 0.2 | M?c ??: 5.0
"""Delivered by Fulei""... This is the lost package. How did I not notice it before...","""Giao bởi Fulei""... Đây là kiện hàng thất lạc. Sao ta không nhận ra sớm hơn nhỉ...",C?n ti?ng Anh nghi v?n: Fulei | S? t?/c?m nghi v?n: 1 | T? l? nghi v?n: 0.2 | M?c ??: 5.0
"To thoroughly investigate the faults in the Somnoire, we'll need to temporarily sever its connection to the real world.","Để điều tra kỹ lưỡng những sai sót trong Somnoire, chúng ta sẽ phải tạm thời cắt đứt kết nối của nó với thế giới thực.",C?n ti?ng Anh nghi v?n: Somnoire | S? t?/c?m nghi v?n: 1 | T? l? nghi v?n: 0.2 | M?c ??: 5.0
"We've run into some trouble, and honestly, you're the only one the Shorekeeper trusts to handle it.","Chúng ta gặp chút rắc rối, và thật lòng mà nói, cậu là người duy nhất mà Shorekeeper tin tưởng giao phó việc này.",C?n ti?ng Anh nghi v?n: Shorekeeper | S? t?/c?m nghi v?n: 1 | T? l? nghi v?n: 0.2 | M?c ??: 5.0
What else do you know about Lady Flora? You said a small accident happened during your investigation...,Còn điều gì khác về Quý bà Flora mà cậu biết không? Cậu nói có một tai nạn nhỏ xảy ra trong lúc điều tra...,C?n ti?ng Anh nghi v?n: Flora | S? t?/c?m nghi v?n: 1 | T? l? nghi v?n: 0.2 | M?c ??: 5.0
"Hehe, let's drop this boring discussion. Shall we split up to find the other stuff?","Hehe, bỏ cái cuộc thảo luận chán ngấy này đi. Chúng ta chia nhau ra tìm mấy thứ khác nhé?",C?n ti?ng Anh nghi v?n: Hehe | S? t?/c?m nghi v?n: 1 | T? l? nghi v?n: 0.2 | M?c ??: 5.0
"Hold on. I need some time to process the data. Once that's done, you can dive into the Stellar Matrix with our portal.",Đợi đã. Tớ cần thời gian xử lý dữ liệu đã. Xong xuôi rồi cậu có thể dùng cổng dịch chuyển của chúng ta để vào Ma Trận Stellar.,C?n ti?ng Anh nghi v?n: Stellar | S? t?/c?m nghi v?n: 1 | T? l? nghi v?n: 0.2 | M?c ??: 5.0
"This is where I first set foot on this island, where everything began. The stars lie beneath our feet, where the Tethys System resides.","Nơi đây là chốn ta đặt chân đầu tiên lên hòn đảo này, nơi mọi chuyện bắt đầu. Những vì sao nằm ngay dưới chân chúng ta, nơi hệ thống Tethys trú ngụ.",C?n ti?ng Anh nghi v?n: Tethys | S? t?/c?m nghi v?n: 1 | T? l? nghi v?n: 0.2 | M?c ??: 5.0
"Tethys records all data on Solaris, capturing countless possibilities born and fading away.","Tethys ghi lại mọi dữ liệu trên Solaris, lưu giữ vô số khả năng sinh ra rồi lại lụi tàn.",C?n ti?ng Anh nghi v?n: Tethys | S? t?/c?m nghi v?n: 1 | T? l? nghi v?n: 0.2 | M?c ??: 5.0
"Hello, you must be {PlayerName}, right? Beatrice filled me in on what happened.","Xin chào, chắc hẳn cậu là {PlayerName} phải không? Beatrice đã kể cho tôi nghe về chuyện xảy ra rồi.",C?n ti?ng Anh nghi v?n: Beatrice | S? t?/c?m nghi v?n: 1 | T? l? nghi v?n: 0.2 | M?c ??: 5.0
But I didn't give up. I started looking into the other name mentioned in the recording: Lady Flora.,Nhưng ta không bỏ cuộc. Ta bắt đầu tìm hiểu về cái tên còn lại trong bản ghi âm: Quý bà Flora.,C?n ti?ng Anh nghi v?n: Flora | S? t?/c?m nghi v?n: 1 | T? l? nghi v?n: 0.2 | M?c ??: 5.0
The Stellar Matrix you're hunting down contained information about Lady Flora.,Ma trận Sao mà ngươi đang truy lùng chứa đựng thông tin về Quý cô Flora.,C?n ti?ng Anh nghi v?n: Flora | S? t?/c?m nghi v?n: 1 | T? l? nghi v?n: 0.2 | M?c ??: 5.0
Hahaha! That's it! {Male=He;Female=She}'s a magnet for all kinds of fun. Now let's see what else we can stir up!,Hahaha! Đúng rồi! {Male=Hắn;Female=Cô ấy} đúng là thỏi nam châm hút đủ thứ chuyện vui. Giờ thì xem chúng ta còn khuấy động được gì nào!,C?n ti?ng Anh nghi v?n: Hahaha | S? t?/c?m nghi v?n: 1 | T? l? nghi v?n: 0.2 | M?c ??: 5.0
Camellya smiles weakly before joyfully recounting what happened in the Stellar Matrix.,Camellya mỉm cười yếu ớt rồi kể lại những gì đã xảy ra trong Ma Trận Sao với vẻ hào hứng.,C?n ti?ng Anh nghi v?n: Camellya | S? t?/c?m nghi v?n: 1 | T? l? nghi v?n: 0.2 | M?c ??: 5.0
"Haha, is that so? The only one who can prove you are who you say you are has lost faith in you.","Haha, vậy à? Người duy nhất có thể chứng minh cậu là ai lại mất niềm tin vào cậu rồi.",C?n ti?ng Anh nghi v?n: Haha | S? t?/c?m nghi v?n: 1 | T? l? nghi v?n: 0.2 | M?c ??: 5.0
"Yinlin visits the Dollmaker, who tells her that she is neither a Patroller, an undercover investigator, nor even his ally. She has no identity and even a place to stand.","Yinlin tìm đến Người Thợ Nặn Búp Bê, và hắn nói rằng cô không phải là Tuần Tra Viên, cũng chẳng phải điều tra viên ngầm, thậm chí không phải đồng minh của hắn. Cô không có danh tính, thậm chí chẳng có chỗ đứng.",C?n ti?ng Anh nghi v?n: Yinlin | S? t?/c?m nghi v?n: 1 | T? l? nghi v?n: 0.2 | M?c ??: 5.0
"To preserve every dream within the Somnoire, the Ebony Gatekeeper resolves to use the real world—the entire Solaris—as a new vessel for dreams. He opens numerous gateways throughout Solaris, allowing dreams to invade and consume reality itself.","Để bảo tồn mọi giấc mơ trong Somnoire, Người Gác Cổng Hắc Ám quyết định dùng thế giới thực—Solaris—làm bình chứa mới cho những giấc mơ. Hắn mở vô số cánh cổng khắp Solaris, để giấc mơ tràn vào và nuốt chửng hiện thực.",C?n ti?ng Anh nghi v?n: Somnoire | S? t?/c?m nghi v?n: 1 | T? l? nghi v?n: 0.2 | M?c ??: 5.0
"To bring the crowd back, Cloudy the great performer also joined Encore's team!","Để thu hút khán giả trở lại, Cloudy – nghệ sĩ tài ba – cũng đã gia nhập đội ngũ của Encore!",C?n ti?ng Anh nghi v?n: Cloudy | S? t?/c?m nghi v?n: 1 | T? l? nghi v?n: 0.2 | M?c ??: 5.0
"She picked it up carefully, and ta-da! She made medicine that healed the Woolies!","Cô nhẹ nhàng nhặt nó lên, và ta-da! Cô đã chế ra loại thuốc chữa lành cho lũ Woolies!",C?n ti?ng Anh nghi v?n: Woolies | S? t?/c?m nghi v?n: 1 | T? l? nghi v?n: 0.2 | M?c ??: 5.0
"Encore also picked Gray Ear the Rabbit, who can slice bread into 100 pieces, and the Stool Spirit, who likes to zoom around on four legs.","Encore còn mang theo Thỏ Tai Xám, kẻ có thể thái bánh mì thành 100 miếng, và Linh Hồn Ghế Đẩu, kẻ thích chạy vòng vòng bằng bốn chân.",C?n ti?ng Anh nghi v?n: Encore | S? t?/c?m nghi v?n: 1 | T? l? nghi v?n: 0.2 | M?c ??: 5.0
"Zhezhi quickly completes yet another copy of the <i>Winter's Serenade in Bloom</i>. However, her manager soon requests another one.","Zhezhi nhanh chóng hoàn thành thêm một bản sao của *Khúc Tĩnh Mùa Đông Nở Hoa*. Nhưng chẳng mấy chốc, quản lý lại yêu cầu cô sao chép thêm một bản nữa.",C?n ti?ng Anh nghi v?n: Zhezhi | S? t?/c?m nghi v?n: 1 | T? l? nghi v?n: 0.2 | M?c ??: 5.0
"Ugh, I keep getting sidetracked. Focus, Lumi! Think about what you're gonna do next.","Ôi, lại sao nhãng rồi. Tập trung nào, Lumi! Nghĩ xem phải làm gì tiếp theo đã.",C?n ti?ng Anh nghi v?n: Lumi | S? t?/c?m nghi v?n: 1 | T? l? nghi v?n: 0.2 | M?c ??: 5.0
"A parent lost their only child, and despite extensive searches around Mt. Firmament, no trace of the missing boy was discovered.","Một người cha mất đi đứa con duy nhất, dù đã lùng sục khắp Núi Firmament nhưng vẫn không tìm thấy tung tích cậu bé.",C?n ti?ng Anh nghi v?n: Firmament | S? t?/c?m nghi v?n: 1 | T? l? nghi v?n: 0.2 | M?c ??: 5.0
Maybe you should use your Sensor to check around.,Có lẽ cậu nên dùng Sensor kiểm tra xung quanh xem.,C?n ti?ng Anh nghi v?n: Sensor | S? t?/c?m nghi v?n: 1 | T? l? nghi v?n: 0.2 | M?c ??: 5.0
"""I would like to leave this place. Visit other parts of the Somnoire... I never really planned to make films a lifelong career.""","""Ta muốn rời khỏi nơi này. Đi thăm những vùng khác của Somnoire... Ta chưa bao giờ định theo đuổi điện ảnh cả đời.""",C?n ti?ng Anh nghi v?n: Somnoire | S? t?/c?m nghi v?n: 1 | T? l? nghi v?n: 0.2 | M?c ??: 5.0
"""I don't get your meaning... Isn't that why we're here in the Somnoire?""","""Tôi không hiểu ý anh... Chẳng phải đó là lý do chúng ta đến Somnoire sao?""",C?n ti?ng Anh nghi v?n: Somnoire | S? t?/c?m nghi v?n: 1 | T? l? nghi v?n: 0.2 | M?c ??: 5.0
"Hadrian, oh, you have returned… I knew you would never abandon Septimont!","Hadrian, anh đã trở lại… Tôi biết anh sẽ không bao giờ bỏ rơi Septimont!",C?n ti?ng Anh nghi v?n: Hadrian | S? t?/c?m nghi v?n: 1 | T? l? nghi v?n: 0.2 | M?c ??: 5.0
"I may have no more gifts to give... but if you'd like, from this day forward, you may bear the name ""Hadrian the Fourth.""","Ta có thể không còn món quà nào để tặng... nhưng nếu cậu muốn, từ hôm nay trở đi, cậu có thể mang danh hiệu ""Hadrian Đệ Tứ"".",C?n ti?ng Anh nghi v?n: Hadrian | S? t?/c?m nghi v?n: 1 | T? l? nghi v?n: 0.2 | M?c ??: 5.0
"Warrior, please allow me to introduce myself. I am Verbia, an apprentice Gladiator.","Chiến binh à, cho phép ta tự giới thiệu. Ta là Verbia, một Võ Sĩ Giác Đấu tập sự.",C?n ti?ng Anh nghi v?n: Verbia | S? t?/c?m nghi v?n: 1 | T? l? nghi v?n: 0.2 | M?c ??: 5.0
We don't know when she left this Phantom here. Need a full investigation first before acting.,Không ai biết cô ấy để lại Phantom này từ khi nào. Cần điều tra kỹ lưỡng trước khi hành động.,C?n ti?ng Anh nghi v?n: Phantom | S? t?/c?m nghi v?n: 1 | T? l? nghi v?n: 0.2 | M?c ??: 5.0
"W-wait! I'm Medulius, an Elder of Septimont's Senate! Whatever you're after, I can get it for you!","Đợi đã! Ta là Medulius, Trưởng Lão của Thượng Nghị Viện Septimont! Dù ngươi muốn gì, ta đều có thể lo liệu!",C?n ti?ng Anh nghi v?n: Medulius | S? t?/c?m nghi v?n: 1 | T? l? nghi v?n: 0.2 | M?c ??: 5.0
I hear it's overseen by the Primus himself. If I could speak with him directly… maybe I'd finally get some answers.,Nghe nói nơi này do chính Primus trực tiếp quản lý. Nếu ta được nói chuyện trực tiếp với hắn… có lẽ ta sẽ tìm được câu trả lời.,C?n ti?ng Anh nghi v?n: Primus | S? t?/c?m nghi v?n: 1 | T? l? nghi v?n: 0.2 | M?c ??: 5.0
"Forgive me, Sir Aulus, but I can't do this. I officially request to leave this hunt. Let's return first, and I'll speak with the sponsors...","Xin ngài Aulus thứ lỗi, nhưng tôi không thể tiếp tục được. Tôi chính thức xin rút khỏi cuộc săn này. Chúng ta hãy quay về trước, rồi tôi sẽ nói chuyện với các nhà tài trợ...",C?n ti?ng Anh nghi v?n: Aulus | S? t?/c?m nghi v?n: 1 | T? l? nghi v?n: 0.2 | M?c ??: 5.0
Detected. Current location outside platform range. High risk of Tacet Discord threat. Maintain vigilance at all times!,Đã phát hiện. Vị trí hiện tại nằm ngoài phạm vi nền tảng. Nguy cơ Tacet Discord cao. Luôn cảnh giác!,C?n ti?ng Anh nghi v?n: Discord | S? t?/c?m nghi v?n: 1 | T? l? nghi v?n: 0.2 | M?c ??: 5.0
"Before Grandpa passed, he asked me to hunt the Kerasaurs and pay respects at the graves of the heroes who died here.","Trước khi ông nội qua đời, ông đã dặn ta đi săn Kerasaurs và đến viếng mộ những anh hùng đã ngã xuống nơi này.",C?n ti?ng Anh nghi v?n: Kerasaurs | S? t?/c?m nghi v?n: 1 | T? l? nghi v?n: 0.2 | M?c ??: 5.0
Everyone they protected swore that they and their descendants would continue to fight the Kerasaurs when they returned and defend Septimont from their threat.,Tất cả những người họ bảo vệ đều thề rằng họ và con cháu sẽ tiếp tục chiến đấu với Kerasaurs khi chúng quay lại và bảo vệ Septimont khỏi mối đe dọa đó.,C?n ti?ng Anh nghi v?n: Kerasaurs | S? t?/c?m nghi v?n: 1 | T? l? nghi v?n: 0.2 | M?c ??: 5.0
What is it with you people and that damned word? Glory doesn't put bread on the table. You think you're the great Flavio?,"Mấy người các người cứ mãi nói về cái từ chết tiệt đó là sao? ""Vinh quang"" có nuôi sống ai đâu. Ngươi tưởng mình là Flavio vĩ đại à?",C?n ti?ng Anh nghi v?n: Flavio | S? t?/c?m nghi v?n: 1 | T? l? nghi v?n: 0.2 | M?c ??: 5.0
"I saw the Scourgewing fly across the sky... Thank you, you set it free.","Ta đã thấy Scourgewing bay ngang bầu trời... Cảm ơn cậu, cậu đã giải thoát cho nó.",C?n ti?ng Anh nghi v?n: Scourgewing | S? t?/c?m nghi v?n: 1 | T? l? nghi v?n: 0.2 | M?c ??: 5.0
"My latest research focuses on the Scourgewings, so I'm following their trail.","Nghiên cứu mới nhất của ta tập trung vào bọn Scourgewings, nên ta đang lần theo dấu vết của chúng.",C?n ti?ng Anh nghi v?n: Scourgewings | S? t?/c?m nghi v?n: 1 | T? l? nghi v?n: 0.2 | M?c ??: 5.0
"I saw the Scourgewing fly across the sky... Thank you, you set it free.","Ta đã thấy Scourgewing bay ngang bầu trời... Cảm ơn cậu, cậu đã giải thoát cho nó.",C?n ti?ng Anh nghi v?n: Scourgewing | S? t?/c?m nghi v?n: 1 | T? l? nghi v?n: 0.2 | M?c ??: 5.0
"Hmm, it's a bit hard to explain... but introductions first. I'm Tulia, a traveling ecologist.","Hừm, khó giải thích lắm... nhưng thôi, giới thiệu trước đã. Ta là Tulia, nhà sinh thái học lang thang.",C?n ti?ng Anh nghi v?n: Tulia | S? t?/c?m nghi v?n: 1 | T? l? nghi v?n: 0.2 | M?c ??: 5.0
"Go, Isth. Fly away before the black tide surges in. Our pact is over.","Đi đi, Isth. Bay đi trước khi thủy triều đen tràn tới. Giao ước của chúng ta đã kết thúc.",C?n ti?ng Anh nghi v?n: Isth | S? t?/c?m nghi v?n: 1 | T? l? nghi v?n: 0.2 | M?c ??: 5.0
That pavilion outside the tower wasn't there before. It must be a clue Isth left for us.,Gian hàng ngoài tháp đó trước đây không có đâu. Chắc chắn là Isth để lại manh mối cho chúng ta.,C?n ti?ng Anh nghi v?n: Isth | S? t?/c?m nghi v?n: 1 | T? l? nghi v?n: 0.2 | M?c ??: 5.0
"Understood, {PlayerName}. I'll remember. I'll continue seeking traces of the Scourgewings across Septimont.","Đã rõ, {PlayerName}. Ta sẽ nhớ. Ta sẽ tiếp tục truy tìm dấu vết của Scourgewings trên khắp Septimont.",C?n ti?ng Anh nghi v?n: Scourgewings | S? t?/c?m nghi v?n: 1 | T? l? nghi v?n: 0.2 | M?c ??: 5.0
"So, turns out the one trapped in the Border Mountains is actually Iaen. This pair has been sealed and separated for centuries.",Vậy ra kẻ bị giam cầm ở Dãy núi Biên giới chính là Iaen. Cặp đôi này đã bị phong ấn và chia cắt suốt mấy thế kỷ rồi.,C?n ti?ng Anh nghi v?n: Iaen | S? t?/c?m nghi v?n: 1 | T? l? nghi v?n: 0.2 | M?c ??: 5.0
"Yes. Not long ago, I heard something right here. A roar of a Scourgewing echoing from that tower...","Đúng rồi. Mới đây thôi, ta nghe thấy tiếng gì đó ở đây. Tiếng gầm của một con Scourgewing vọng lại từ tòa tháp kia...",C?n ti?ng Anh nghi v?n: Scourgewing | S? t?/c?m nghi v?n: 1 | T? l? nghi v?n: 0.2 | M?c ??: 5.0
"(Aeolus, his eyes burning with desires for glory, but the future revealed by fate is far from what he envisions. He will die in obscurity.)","(Aeolus, đôi mắt hắn cháy bỏng khát vọng vinh quang, nhưng tương lai mà số phận hé lộ lại chẳng như hắn mường tượng. Hắn sẽ chết trong quên lãng.)",C?n ti?ng Anh nghi v?n: Aeolus | S? t?/c?m nghi v?n: 1 | T? l? nghi v?n: 0.2 | M?c ??: 5.0
"Ahem, you must forgive their manners, Lady Lillibet. They're known for causing a ruckus.","Khụ khụ, mong tiểu thư Lillibet bỏ qua cho cách cư xử của họ. Họ nổi tiếng là hay gây náo loạn mà.",C?n ti?ng Anh nghi v?n: Lillibet | S? t?/c?m nghi v?n: 1 | T? l? nghi v?n: 0.2 | M?c ??: 5.0
"(Dudley, Gladiator Gren's proudest protégé. His mentor left the hunting party. He understands his mentor. He fears becoming just like him.)","(Dudley, đệ tử kiêu hãnh nhất của Chiến Binh Gren. Sư phụ hắn đã rời khỏi đội săn. Hắn hiểu sư phụ mình. Và hắn sợ sẽ trở thành một bản sao của ông ta.)",C?n ti?ng Anh nghi v?n: Dudley | S? t?/c?m nghi v?n: 1 | T? l? nghi v?n: 0.2 | M?c ??: 5.0
"Haha, all for the greater good of the company! Each regional director has their own way of promoting business. Life's tough, so you must get creative.","Haha, tất cả vì lợi ích lớn của công ty mà! Mỗi giám đốc khu vực đều có cách riêng để phát triển kinh doanh. Cuộc sống mà, phải sáng tạo chứ!",C?n ti?ng Anh nghi v?n: Haha | S? t?/c?m nghi v?n: 1 | T? l? nghi v?n: 0.2 | M?c ??: 5.0
"""Smart Suggestion: If you are in need of a flying vehicle, we recommend trying out Wingrays, which may bring you a fresh and unique flying experience in Ragunna!""","""Gợi ý thông minh: Nếu bạn cần phương tiện bay, chúng tôi khuyên bạn thử Wingrays để trải nghiệm cảm giác bay mới lạ và độc đáo tại Ragunna!""",C?n ti?ng Anh nghi v?n: Wingrays | S? t?/c?m nghi v?n: 1 | T? l? nghi v?n: 0.2 | M?c ??: 5.0
Combat Machine deployed. We still have some Sim Credits left. I recommend you place some more for good measure.,Máy Chiến Đấu đã triển khai. Chúng ta vẫn còn vài Sim Credit. Tôi khuyên cậu nên đặt thêm vài cái nữa cho chắc.,C?n ti?ng Anh nghi v?n: Sim | S? t?/c?m nghi v?n: 1 | T? l? nghi v?n: 0.2 | M?c ??: 5.0
"The underwater city of Bonape will rise from the sea, and the Ancient One shall awaken from his slumber and personally reward us for our noble deeds!","Thành phố ngầm Bonape sẽ trỗi dậy từ biển cả, và Đấng Cổ Xưa sẽ thức tỉnh khỏi giấc ngủ ngàn năm, đích thân ban thưởng cho chúng ta vì những công đức cao cả!",C?n ti?ng Anh nghi v?n: Bonape | S? t?/c?m nghi v?n: 1 | T? l? nghi v?n: 0.2 | M?c ??: 5.0
"Phillips turns away, but instead of feeding the Bell Crabs, he places the shrimp on top of the statue and leaves.","Phillips quay đi, nhưng thay vì cho Bọ Chuông ăn, hắn đặt con tôm lên tượng rồi bỏ đi.",C?n ti?ng Anh nghi v?n: Phillips | S? t?/c?m nghi v?n: 1 | T? l? nghi v?n: 0.2 | M?c ??: 5.0
"Valeria the Untarnished Blade—slew city-felling monsters in an endless hunt, etching naught but victory in her wake.","Valeria Lưỡi Kiếm Bất Nhiễm—từng chém hạ những con quái vật có thể san phẳng cả thành phố trong những cuộc săn bất tận, chỉ để lại sau lưng những chiến thắng.",C?n ti?ng Anh nghi v?n: Valeria | S? t?/c?m nghi v?n: 1 | T? l? nghi v?n: 0.2 | M?c ??: 5.0
"After all, Tethys is in charge of preparing us for every possible scenario. As they like to say… hmm, what was it again?","Dù sao thì Tethys cũng chịu trách nhiệm chuẩn bị cho chúng ta mọi tình huống có thể xảy ra. Họ thường nói... ừm, nói gì nhỉ?",C?n ti?ng Anh nghi v?n: Tethys | S? t?/c?m nghi v?n: 1 | T? l? nghi v?n: 0.2 | M?c ??: 5.0
"It's worth mentioning that unlike our usual training, which revolves around skirmishes, this time Tethys wants to focus on scenarios concerning the deployment of individual Resonators.","Điều đáng nói là khác với những buổi huấn luyện thông thường tập trung vào giao tranh, lần này Tethys muốn chú trọng vào các tình huống triển khai từng Cộng Hưởng Giả riêng lẻ.",C?n ti?ng Anh nghi v?n: Tethys | S? t?/c?m nghi v?n: 1 | T? l? nghi v?n: 0.2 | M?c ??: 5.0
"Oh, that one has really become an urban legend lately. They say a cold, mysterious girl with a giant pair of scissors patrols Honami's streets, hunting any powerful Tacet Discord she finds.","Gần đây, câu chuyện đó đã trở thành một truyền thuyết đô thị rồi. Người ta đồn rằng một cô gái lạnh lẽo, bí ẩn với đôi kéo khổng lồ tuần tra trên đường phố Honami, săn lùng bất kỳ Tacet Discord mạnh mẽ nào cô tìm thấy.",C?n ti?ng Anh nghi v?n: Discord | S? t?/c?m nghi v?n: 1 | T? l? nghi v?n: 0.2 | M?c ??: 5.0
"Mhm, just like how a Dango needs its sweet filling to become a delicacy... But oh, these are all just theories. We'll know more after we see things for ourselves.","Ừm, giống như Dango cần nhân ngọt để trở thành món ngon... Nhưng thôi, tất cả chỉ là lý thuyết. Chúng ta sẽ biết rõ hơn sau khi tận mắt chứng kiến.",C?n ti?ng Anh nghi v?n: Dango | S? t?/c?m nghi v?n: 1 | T? l? nghi v?n: 0.2 | M?c ??: 5.0
"By the way, if we're going to investigate areas in the city, we can't be too careful. Most of Honami is still crystallized.","Nhân tiện, nếu chúng ta định điều tra trong thành phố, phải cực kỳ cẩn thận đấy. Phần lớn Honami vẫn còn bị kết tinh mà.",C?n ti?ng Anh nghi v?n: Honami | S? t?/c?m nghi v?n: 1 | T? l? nghi v?n: 0.2 | M?c ??: 5.0
We're looking into the recent unexplainable events happening in Honami. What you went through could be a key clue to solving this.,Chúng tôi đang điều tra những sự kiện bất thường gần đây ở Honami. Những gì cậu trải qua có thể là manh mối quan trọng để giải quyết chuyện này.,C?n ti?ng Anh nghi v?n: Honami | S? t?/c?m nghi v?n: 1 | T? l? nghi v?n: 0.2 | M?c ??: 5.0
"Don't you worry. Cuz today, coffee, desserts—everything is on the house. Consider it Shashou Cafe's little gift.","Đừng lo nhé. Hôm nay cà phê, món tráng miệng—tất cả đều miễn phí. Coi như quà nhỏ từ Shashou Cafe.",C?n ti?ng Anh nghi v?n: Shashou | S? t?/c?m nghi v?n: 1 | T? l? nghi v?n: 0.2 | M?c ??: 5.0
Feel free to exchange materials or equipment with me using Rice Dangos whenever you like.,Cứ thoải mái trao đổi vật liệu hoặc trang bị với tôi bằng Rice Dango bất cứ khi nào.,C?n ti?ng Anh nghi v?n: Rice | S? t?/c?m nghi v?n: 1 | T? l? nghi v?n: 0.2 | M?c ??: 5.0
"In that case, you'll need us. We know the streets around Honami Central Park like the back of our hands. Who knows? You might be surprised what we can find.","Vậy thì cậu sẽ cần chúng tớ đấy. Khu vực quanh Công viên Trung tâm Honami, chúng tớ thuộc làu như lòng bàn tay. Biết đâu cậu sẽ ngạc nhiên với những gì chúng tớ tìm được.",C?n ti?ng Anh nghi v?n: Honami | S? t?/c?m nghi v?n: 1 | T? l? nghi v?n: 0.2 | M?c ??: 5.0
"We heard everything from Shouta... So, what happened? Did you find out the truth behind the unexplainable events?","Chúng tôi nghe hết mọi chuyện từ Shouta rồi... Vậy, chuyện gì đã xảy ra? Các cậu đã tìm ra sự thật đằng sau những sự kiện bí ẩn đó chưa?",C?n ti?ng Anh nghi v?n: Shouta | S? t?/c?m nghi v?n: 1 | T? l? nghi v?n: 0.2 | M?c ??: 5.0
"Yes, and for that I owe you all an apology. The truth is, I'd been inside Neon Tower once before we ever met.","Đúng, và vì thế ta nợ các cậu một lời xin lỗi. Sự thật là ta đã từng vào Tháp Neon một lần trước khi gặp các cậu.",C?n ti?ng Anh nghi v?n: Neon | S? t?/c?m nghi v?n: 1 | T? l? nghi v?n: 0.2 | M?c ??: 5.0
"Just between us, the items here might seem random, but if you have enough Rice Dangos, you're basically guaranteed to get the badge you're looking for...","Giữa chúng mình thôi nhé, đồ ở đây nhìn có vẻ lung tung, nhưng nếu có đủ Rice Dango, cơ bản là cậu sẽ chắc chắn lấy được huy hiệu mình muốn...",C?n ti?ng Anh nghi v?n: Rice | S? t?/c?m nghi v?n: 1 | T? l? nghi v?n: 0.2 | M?c ??: 5.0
"Ugh, my head... Are you… Namipon the Mascot? What happened?","Ui, đầu ta... Cậu... là Namipon Linh Vật à? Chuyện gì đã xảy ra thế?",C?n ti?ng Anh nghi v?n: Namipon | S? t?/c?m nghi v?n: 1 | T? l? nghi v?n: 0.2 | M?c ??: 5.0
"Couldn't agree more! We'll have delicious coffee and desserts waiting, our treat. Your help in investigating these unexplainable events will be really appreciated, Kirine.","Đồng ý ngay và luôn! Chúng tớ sẽ đãi cậu cà phê và món tráng miệng ngon lành, Kirine. Sự giúp đỡ của cậu trong việc điều tra những sự kiện kỳ lạ này thực sự rất đáng quý.",C?n ti?ng Anh nghi v?n: Kirine | S? t?/c?m nghi v?n: 1 | T? l? nghi v?n: 0.2 | M?c ??: 5.0
Let's see... My memories are still kind of fuzzy. I was probably on my way to the hospital for a check-up that day. I can't really say how I saw the Irideglow.,Để xem nào... Ký ức của ta vẫn còn mờ nhạt lắm. Hôm đó chắc ta đang trên đường đến bệnh viện để kiểm tra sức khỏe. Thật sự không nhớ nổi mình đã thấy Irideglow như thế nào.,C?n ti?ng Anh nghi v?n: Irideglow | S? t?/c?m nghi v?n: 1 | T? l? nghi v?n: 0.2 | M?c ??: 5.0
"Before we head out again, you should go talk to Polmes. I think it needs your help with some of the other Namipons scattered around the city.","Trước khi tiếp tục lên đường, cậu nên đi nói chuyện với Polmes. Tớ nghĩ nó cần cậu giúp đỡ mấy con Namipon khác rải rác trong thành phố.",C?n ti?ng Anh nghi v?n: Polmes | S? t?/c?m nghi v?n: 1 | T? l? nghi v?n: 0.2 | M?c ??: 5.0
"If you think of it that way, maybe I'm just a strange dream they all had together. Or maybe even... a ghost? Hehe.","Nếu nhìn theo cách đó, có lẽ ta chỉ là một giấc mơ kỳ lạ mà họ cùng nhau mơ thấy. Hoặc thậm chí... một bóng ma? Hehe.",C?n ti?ng Anh nghi v?n: Hehe | S? t?/c?m nghi v?n: 1 | T? l? nghi v?n: 0.2 | M?c ??: 5.0
"She once told me she suspected the only way to break this loop and reconnect with the real world was through the Lament's source, Neon Tower. The closer you get, the more spatial fractures you see.","Cô ấy từng nói với tôi rằng cách duy nhất để phá vỡ vòng lặp này và kết nối lại với thế giới thực là thông qua nguồn gốc của Lament – Tháp Neon. Càng đến gần, càng thấy nhiều vết nứt không gian.",C?n ti?ng Anh nghi v?n: Neon | S? t?/c?m nghi v?n: 1 | T? l? nghi v?n: 0.2 | M?c ??: 5.0
"Like this! The <te href=851067>Longings</te> from Honami's <ano=Human Reverberations>Left Behind</ano>. They're what woke me up, and they'll guide us to the Tower.","Như thế này! Những <te href=851067>Longings</te> từ <ano=Human Reverberations>Dấu Vết Còn Lại</ano> của Honami. Chính chúng đã đánh thức ta, và sẽ dẫn đường cho chúng ta đến Tháp.",C?n ti?ng Anh nghi v?n: Longings | S? t?/c?m nghi v?n: 1 | T? l? nghi v?n: 0.2 | M?c ??: 5.0
Mm. That's right. Those ad walls were once covered with my picture. And over there. Used to be claw and capsule machines... all the prizes were me.,Ừm. Đúng rồi. Những bức tường quảng cáo kia ngày xưa toàn là hình của ta. Và đằng kia nữa. Từng có những máy gắp thú và máy capsule... toàn bộ giải thưởng đều là hình ta cả.,C?n ti?ng Anh nghi v?n: capsule | S? t?/c?m nghi v?n: 1 | T? l? nghi v?n: 0.2 | M?c ??: 5.0
"Maybe a clue about the Tower. Or some secret of the Lament, hidden in this Sonoro. Something so important, they're willing to take the risk of their experimental site crumbling.","Có thể là manh mối về Tháp. Hoặc bí mật nào đó của Lời Than Vãn, ẩn giấu trong Sonoro này. Một thứ quan trọng đến mức họ sẵn sàng mạo hiểm để cơ sở thí nghiệm này sụp đổ.",C?n ti?ng Anh nghi v?n: Sonoro | S? t?/c?m nghi v?n: 1 | T? l? nghi v?n: 0.2 | M?c ??: 5.0
"That night, you and Chisa rest on a bench outside the cafe. She confides in you her refusal to grow numb and indifferent to the loop of life and death in the city. Together, you will find a way to tear this cage apart.","Đêm đó, cậu và Chisa nghỉ chân trên chiếc ghế dài bên ngoài quán cà phê. Cô tâm sự với cậu về quyết tâm không để bản thân trở nên thờ ơ trước vòng luẩn quẩn sinh tử của thành phố. Cùng nhau, các cậu sẽ tìm cách đập tan chiếc lồng giam cầm này.",C?n ti?ng Anh nghi v?n: Chisa | S? t?/c?m nghi v?n: 1 | T? l? nghi v?n: 0.2 | M?c ??: 5.0
"At that time, Irideglow bled through the cracks in the gray sky, like the world had been sliced open by an invisible pair of scissors. People, buildings, even space itself… everything fell into chaos.","Lúc ấy, Irideglow rỉ qua những vết nứt trên bầu trời xám xịt, như thể thế giới bị một đôi kéo vô hình xé toạc. Con người, tòa nhà, thậm chí cả không gian... mọi thứ đều chìm trong hỗn loạn.",C?n ti?ng Anh nghi v?n: Irideglow | S? t?/c?m nghi v?n: 1 | T? l? nghi v?n: 0.2 | M?c ??: 5.0
"The Lament we're experiencing here in Honami... it doesn't feel like the real thing. It's weaker, like the power is fading...","Vòng Lặp Tang Tóc mà chúng ta đang trải qua ở Honami... không giống như thực tế. Nó yếu hơn, như thể sức mạnh đang phai nhạt...",C?n ti?ng Anh nghi v?n: Honami | S? t?/c?m nghi v?n: 1 | T? l? nghi v?n: 0.2 | M?c ??: 5.0
"…Heh. Interesting analogy. When I was little, every summer break was spent with cool fans, watermelons, and an old TV. I loved watching anime and was always curious about those... special worlds.","...Hừm, so sánh thú vị đấy. Hồi nhỏ, mùa hè nào tớ cũng chỉ có quạt mát, dưa hấu với cái ti-vi cũ. Tớ mê xem anime lắm, cứ tò mò mãi về những thế giới... đặc biệt ấy.",C?n ti?ng Anh nghi v?n: anime | S? t?/c?m nghi v?n: 1 | T? l? nghi v?n: 0.2 | M?c ??: 5.0
"Don't shut us out, Chisa. We know you Overclocked, but that doesn't change anything. You'd never hurt us, we know that!","Đừng đẩy chúng tôi ra, Chisa. Chúng tôi biết cậu đã Overclock, nhưng điều đó chẳng thay đổi gì cả. Cậu sẽ không bao giờ làm tổn thương chúng tôi đâu, chúng tôi biết mà!",C?n ti?ng Anh nghi v?n: Chisa | S? t?/c?m nghi v?n: 1 | T? l? nghi v?n: 0.2 | M?c ??: 5.0
"You carry a strength deeper than anyone's, Chisa. Even if you fall ten thousand times, you'll still find the courage to rise again. You just haven't realized it yet.","Chisa à, cậu mang trong mình sức mạnh mà không ai sánh kịp. Dù có ngã gục vạn lần, cậu vẫn sẽ tìm được dũng khí để đứng dậy. Chỉ là cậu chưa nhận ra thôi.",C?n ti?ng Anh nghi v?n: Chisa | S? t?/c?m nghi v?n: 1 | T? l? nghi v?n: 0.2 | M?c ??: 5.0
"Don't give up, Chisa. We're all looking forward to the future you'll create.","Đừng bỏ cuộc, Chisa. Tất cả chúng tôi đều mong chờ vào tương lai mà em sẽ tạo ra.",C?n ti?ng Anh nghi v?n: Chisa | S? t?/c?m nghi v?n: 1 | T? l? nghi v?n: 0.2 | M?c ??: 5.0
"I know they died a long time ago, and they were only Human Reverberations that the Sonoro created. But now they're all... gone.","Ta biết họ đã chết từ lâu, và họ chỉ là Những Âm Vang Nhân Loại do Sonoro tạo ra. Nhưng giờ họ… đều đã biến mất.",C?n ti?ng Anh nghi v?n: Sonoro | S? t?/c?m nghi v?n: 1 | T? l? nghi v?n: 0.2 | M?c ??: 5.0
"The frequency data sent to the Black Shores, the coordinates pointing to this rift, this Sonoro of a ruined city... It's hard to make sense of the info we have. If only we could enter it ourselves...","Dữ liệu tần số gửi đến Bờ Biển Đen, tọa độ dẫn đến khe nứt này, cái tên Sonoro của một thành phố đổ nát... Thật khó mà hiểu nổi những thông tin ta có. Giá như chúng ta có thể tự mình bước vào đó...",C?n ti?ng Anh nghi v?n: Sonoro | S? t?/c?m nghi v?n: 1 | T? l? nghi v?n: 0.2 | M?c ??: 5.0
"You can come back anytime, Passenger. I'll keep the coffee warm and the Rice Dangos soft. This place will always welcome your arrival.","Anh có thể quay lại bất cứ lúc nào, hành khách ơi. Tôi sẽ giữ cà phê ấm và bánh Rice Dango mềm. Nơi này luôn chờ đón anh trở về.",C?n ti?ng Anh nghi v?n: Rice | S? t?/c?m nghi v?n: 1 | T? l? nghi v?n: 0.2 | M?c ??: 5.0
"(Judging by the tower's position, I didn't land where I came in. Was it that girl's doing? Or just the nature of this Sonoro?)","Xét vị trí của tòa tháp, ta đã không hạ cánh ở nơi xuất phát. Có phải do cô gái kia không? Hay chỉ là bản chất của Sonoro này?",C?n ti?ng Anh nghi v?n: Sonoro | S? t?/c?m nghi v?n: 1 | T? l? nghi v?n: 0.2 | M?c ??: 5.0
"Your voice can never possibly be the Yoko he spoke of, and you can hear his breathing grow faster on the other end.","Giọng của cậu không thể nào là Yoko mà anh ấy nhắc đến, và cậu có thể nghe thấy hơi thở của anh ấy trở nên gấp gáp hơn ở đầu dây bên kia.",C?n ti?ng Anh nghi v?n: Yoko | S? t?/c?m nghi v?n: 1 | T? l? nghi v?n: 0.2 | M?c ??: 5.0
Hmph. Let's just say I ran into a few surprises while collecting Tacet Discord samples.,Hừ. Nói thật là ta gặp vài bất ngờ khi thu thập mẫu Tacet Discord thôi.,C?n ti?ng Anh nghi v?n: Discord | S? t?/c?m nghi v?n: 1 | T? l? nghi v?n: 0.2 | M?c ??: 5.0
"Alright, let's see what Lahai-Roi information is tucked away in here.","Được rồi, xem thử trong này có thông tin gì về Lahai-Roi không.",C?n ti?ng Anh nghi v?n: Lahai | S? t?/c?m nghi v?n: 1 | T? l? nghi v?n: 0.2 | M?c ??: 5.0
"Since Lahai-Roi is your next stop, the information inside those frequencies will definitely be of some use.","Vì điểm đến tiếp theo của cậu là Lahai-Roi, thông tin trong những tần số này chắc chắn sẽ hữu dụng đấy.",C?n ti?ng Anh nghi v?n: Lahai | S? t?/c?m nghi v?n: 1 | T? l? nghi v?n: 0.2 | M?c ??: 5.0
"The Gale Bike is very fast. It can climb steep slopes, but it's tough to handle. So it's only for experts.","Xe Gale chạy rất nhanh. Nó có thể leo dốc đứng, nhưng điều khiển rất khó. Vì vậy, chỉ dành cho dân chuyên nghiệp thôi.",C?n ti?ng Anh nghi v?n: Gale | S? t?/c?m nghi v?n: 1 | T? l? nghi v?n: 0.2 | M?c ??: 5.0
I can't help much… I didn't stay at Startorch Academy long enough to gather much info.,Ta không giúp được nhiều đâu... Ta không ở lại Học viện Startorch đủ lâu để thu thập nhiều thông tin.,C?n ti?ng Anh nghi v?n: Startorch | S? t?/c?m nghi v?n: 1 | T? l? nghi v?n: 0.2 | M?c ??: 5.0
That means we're on the same starting line. We'll learn about Lahai-Roi together once we get there.,Vậy là chúng ta cùng xuất phát điểm. Chúng ta sẽ cùng tìm hiểu về Lahai-Roi khi đến nơi.,C?n ti?ng Anh nghi v?n: Lahai | S? t?/c?m nghi v?n: 1 | T? l? nghi v?n: 0.2 | M?c ??: 5.0
"When the rainy season comes, Honami folk hang these dolls by their windows, hoping for fair weather.","Khi mùa mưa đến, người dân Honami treo những con búp bê này lên cửa sổ, cầu mong thời tiết đẹp.",C?n ti?ng Anh nghi v?n: Honami | S? t?/c?m nghi v?n: 1 | T? l? nghi v?n: 0.2 | M?c ??: 5.0
"Hah! ""First come, first served""? Don't insult me with playground rules. Remember, Stardust—","Haha! ""Ai đến trước thì được trước""? Đừng có mà xúc phạm ta bằng những luật lệ trẻ trâu. Nhớ cho kỹ đi, Stardust—",C?n ti?ng Anh nghi v?n: Stardust | S? t?/c?m nghi v?n: 1 | T? l? nghi v?n: 0.2 | M?c ??: 5.0
"…I wonder if this is caused by the power of the Lament, or if the Sonoro is manifesting what people imagine the city to be.","…Ta không biết đây là do sức mạnh của Lament, hay Sonoro đang hiện thực hóa những gì mọi người tưởng tượng về thành phố.",C?n ti?ng Anh nghi v?n: Sonoro | S? t?/c?m nghi v?n: 1 | T? l? nghi v?n: 0.2 | M?c ??: 5.0
Ahoy there... You don't look like a Fanatic Shark. Name's Insula. Didn't expect to find another soul wandering these parts...,Này... cậu trông không giống lũ Cá Mập Cuồng Tín đâu. Ta là Insula. Không ngờ lại gặp được một linh hồn lang thang ở chốn này...,C?n ti?ng Anh nghi v?n: Insula | S? t?/c?m nghi v?n: 1 | T? l? nghi v?n: 0.2 | M?c ??: 5.0
Small wonder this place's crawling with strange critters and Echoes... I just hope none of 'em get to Liel.,Chẳng lạ gì nơi này đầy những sinh vật kỳ lạ và Echo... Chỉ mong Liel đừng gặp nguy hiểm là được.,C?n ti?ng Anh nghi v?n: Liel | S? t?/c?m nghi v?n: 1 | T? l? nghi v?n: 0.2 | M?c ??: 5.0
"Thank you, thank you, friend. I'll reward you after we find Liel. Meet me by the tower when you're ready.","Cảm ơn cậu nhiều lắm, bạn ơi. Mình sẽ thưởng cho cậu sau khi tìm được Liel. Gặp mình ở tháp khi cậu sẵn sàng nhé.",C?n ti?ng Anh nghi v?n: Liel | S? t?/c?m nghi v?n: 1 | T? l? nghi v?n: 0.2 | M?c ??: 5.0
"I can't bring Liel back from the dead, but I've avenged his death by destroying his killer. That's all I can do.","Ta không thể làm Liel sống lại, nhưng ta đã trả thù cho cái chết của cậu ấy bằng cách tiêu diệt kẻ giết người. Đó là tất cả những gì ta có thể làm.",C?n ti?ng Anh nghi v?n: Liel | S? t?/c?m nghi v?n: 1 | T? l? nghi v?n: 0.2 | M?c ??: 5.0
"Maybe, just maybe, Liel will follow our ship's course, find the compass, and let it guide him home...","Biết đâu, chỉ là biết đâu thôi, Liel sẽ theo lộ trình con tàu của chúng ta, tìm thấy chiếc la bàn, và để nó dẫn cậu ấy về nhà...",C?n ti?ng Anh nghi v?n: Liel | S? t?/c?m nghi v?n: 1 | T? l? nghi v?n: 0.2 | M?c ??: 5.0
This feeling... Was everything just an illusion? Did it begin the moment I met Chloe? Or was it when I received that letter?,Cảm giác này... Có phải tất cả chỉ là ảo giác? Nó bắt đầu từ lúc ta gặp Chloe? Hay từ khi ta nhận được lá thư đó?,C?n ti?ng Anh nghi v?n: Chloe | S? t?/c?m nghi v?n: 1 | T? l? nghi v?n: 0.2 | M?c ??: 5.0
"See, that's my Gondola over there. As long as she's with me, there is no place in Rinascita we can't reach.","Kia kìa, thuyền Gondola của ta đấy. Có nó đi cùng, chẳng nơi nào ở Rinascita mà chúng ta không tới được.",C?n ti?ng Anh nghi v?n: Gondola | S? t?/c?m nghi v?n: 1 | T? l? nghi v?n: 0.2 | M?c ??: 5.0
"Could you do me a favor, Ms. Zani? Please secure the evidence in the property room and... fetch me the ""jewelry"" and ""perfume.""","Làm ơn giúp tôi một việc được không, cô Zani? Hãy bảo quản chứng cứ trong kho đồ và... lấy giúp tôi ""trang sức"" và ""nước hoa"" nhé.",C?n ti?ng Anh nghi v?n: Zani | S? t?/c?m nghi v?n: 1 | T? l? nghi v?n: 0.2 | M?c ??: 5.0
"Why not? Given that the Carnevale performances always revolve around Order lore, perhaps… a touch of secular themes might be refreshing?","Tại sao không nhỉ? Với việc các tiết mục Carnevale luôn xoay quanh truyền thuyết về Order, có lẽ… một chút chủ đề đời thường sẽ mới mẻ hơn?",C?n ti?ng Anh nghi v?n: Order | S? t?/c?m nghi v?n: 1 | T? l? nghi v?n: 0.2 | M?c ??: 5.0
"And the Fisalia family has covertly aligned with the Order, aiming to crush our efforts and therefore the prospect of Reserved Terminals. They've even gone so far as to seek Fractsidus' aid.","Và gia tộc Fisalia đã bí mật liên minh với Hội Ánh Trăng, nhằm triệt hạ nỗ lực của ta và cả triển vọng của các Thiết bị đầu cuối Dự trữ. Họ thậm chí còn cầu viện cả sự trợ giúp của Fractsidus.",C?n ti?ng Anh nghi v?n: Fisalia | S? t?/c?m nghi v?n: 1 | T? l? nghi v?n: 0.2 | M?c ??: 5.0
"At the reception desk, you learn that the Echo guards outside the main entrance have lost control. With most staff reassigned for the upcoming Carnevale, Carlotta decides to handle the situation personally.
You volunteer to help her deal with the emergency.","Tại quầy lễ tân, cậu biết được lính Echo canh bên ngoài cổng chính đã mất kiểm soát. Vì hầu hết nhân viên được điều đi chuẩn bị cho Carnevale sắp tới, Carlotta quyết định đích thân xử lý tình hình.
Cậu tình nguyện giúp cô ấy giải quyết tình trạng khẩn cấp này.",C?n ti?ng Anh nghi v?n: Carlotta | S? t?/c?m nghi v?n: 1 | T? l? nghi v?n: 0.2 | M?c ??: 5.0
"""According to Montelli customs and requirements, this is a promissory note with no expiration, no designated beneficiary, and no specified amount.""","""Theo phong tục và quy định của Montelli, đây là một tờ hứa phiếu không thời hạn, không người thụ hưởng chỉ định, và không ghi rõ số tiền.""",C?n ti?ng Anh nghi v?n: Montelli | S? t?/c?m nghi v?n: 1 | T? l? nghi v?n: 0.2 | M?c ??: 5.0
"Greetings, honorable chevalier from afar. I presume you wish Egla Town to be your starting point to distant horizons?","Xin chào, hiệp sĩ đáng kính từ phương xa. Tôi đoán ngài muốn lấy Thị trấn Egla làm điểm khởi đầu cho những chân trời xa xôi phải không?",C?n ti?ng Anh nghi v?n: Egla | S? t?/c?m nghi v?n: 1 | T? l? nghi v?n: 0.2 | M?c ??: 5.0
"You mean there were others? I don't think I've ever seen any besides you, Mr. Millkeeper.","Ý anh là còn có những người khác sao? Tớ chưa thấy ai ngoài anh cả, ông Millkeeper.",C?n ti?ng Anh nghi v?n: Millkeeper | S? t?/c?m nghi v?n: 1 | T? l? nghi v?n: 0.2 | M?c ??: 5.0
"Becoming a knight doesn't sound too bad. Hehe, you get all the cool points plus who can resist that suit of armor?!","Trở thành hiệp sĩ nghe cũng không tệ nhỉ. Hehe, vừa oai phong lại còn mặc bộ giáp ngầu thế này, ai mà cưỡng nổi chứ?!",C?n ti?ng Anh nghi v?n: Hehe | S? t?/c?m nghi v?n: 1 | T? l? nghi v?n: 0.2 | M?c ??: 5.0
"In the name of Korlacchi, I pledge to show mercy and kindness to the weak...","Nhân danh Korlacchi, ta thề sẽ dang tay nhân từ với kẻ yếu đuối...",C?n ti?ng Anh nghi v?n: Korlacchi | S? t?/c?m nghi v?n: 1 | T? l? nghi v?n: 0.2 | M?c ??: 5.0
"Oh... I'd better be off now! I came to Egla Town to find some inspiration for new recipes. Something with a knightly twist, I think...",Ồ... Ta phải đi đây! Ta đến Thị trấn Egla để tìm cảm hứng cho công thức nấu ăn mới. Có lẽ nên thêm chút phong cách hiệp sĩ...,C?n ti?ng Anh nghi v?n: Egla | S? t?/c?m nghi v?n: 1 | T? l? nghi v?n: 0.2 | M?c ??: 5.0
In the name of Korlacchi... seems like something a knight might say before charging into battle.,Nhân danh Korlacchi... nghe như câu nói của một hiệp sĩ trước khi xung trận.,C?n ti?ng Anh nghi v?n: Korlacchi | S? t?/c?m nghi v?n: 1 | T? l? nghi v?n: 0.2 | M?c ??: 5.0
"I, Abby, and the great knight {PlayerName}, two heroes who solved a legendary mystery with humility, justice, and bravery... Heh, a knighting ceremony would make it even cooler.","Ta, Abby, và hiệp sĩ vĩ đại {PlayerName}, hai anh hùng đã giải mã bí ẩn huyền thoại bằng lòng khiêm tốn, công lý và dũng khí... Hừ, nếu có lễ phong hiệp sĩ thì còn ngầu hơn nữa.",C?n ti?ng Anh nghi v?n: Abby | S? t?/c?m nghi v?n: 1 | T? l? nghi v?n: 0.2 | M?c ??: 5.0
"Oh, sorry, you're right. Mr. Fulmine also taught me that ""It's the glimmer of each and every soul that forges the glories in history.""","Ồ, xin lỗi, cậu nói đúng. Ông Fulmine cũng từng dạy mình rằng ""Chính ánh sáng lấp lánh trong từng tâm hồn đã tạo nên những huy hoàng trong lịch sử.""",C?n ti?ng Anh nghi v?n: Fulmine | S? t?/c?m nghi v?n: 1 | T? l? nghi v?n: 0.2 | M?c ??: 5.0
"Mr. Fulmine and I have been grabbing as many Caskets as we can, but it's still not enough to power the painting fully. That's why we need your help.","Tôi và ông Fulmine đã cố gom càng nhiều Casket càng tốt, nhưng vẫn chưa đủ để kích hoạt bức tranh hoàn toàn. Đó là lý do chúng tôi cần sự giúp đỡ của cậu.",C?n ti?ng Anh nghi v?n: Fulmine | S? t?/c?m nghi v?n: 1 | T? l? nghi v?n: 0.2 | M?c ??: 5.0
"If anyone tries to clean up the graffiti, Chalulu will dash over to stop them.","Nếu có ai định lau sạch mấy bức vẽ bậy, Chalulu sẽ lao tới ngăn lại ngay.",C?n ti?ng Anh nghi v?n: Chalulu | S? t?/c?m nghi v?n: 1 | T? l? nghi v?n: 0.2 | M?c ??: 5.0
"But with my brothers by my side, I bet even someone as tough as you won't be able to take us down in one go, haha!","Nhưng có các huynh đệ bên cạnh, ta cá là dù ngươi có cứng cỏi đến đâu cũng không thể hạ gục chúng ta trong một lần, haha!",C?n ti?ng Anh nghi v?n: haha | S? t?/c?m nghi v?n: 1 | T? l? nghi v?n: 0.2 | M?c ??: 5.0
If only the Montelli family could hold the Sentinel in the same regard as they do their riches…,Giá như gia tộc Montelli coi trọng Sentinel như cách họ coi trọng của cải...,C?n ti?ng Anh nghi v?n: Montelli | S? t?/c?m nghi v?n: 1 | T? l? nghi v?n: 0.2 | M?c ??: 5.0
"Hehe, you're right. The truth is, I took this break to clear my mind and gather myself.","Hehe, cậu nói đúng. Thật ra, ta nghỉ giải lao này để thư giãn đầu óc và lấy lại tinh thần thôi.",C?n ti?ng Anh nghi v?n: Hehe | S? t?/c?m nghi v?n: 1 | T? l? nghi v?n: 0.2 | M?c ??: 5.0
"It's probably not a good idea to leave Bubble wandering around, so I brought it here instead.","Để Bubble tự do chạy lung tung chắc không ổn, nên mình mang nó đến đây thôi.",C?n ti?ng Anh nghi v?n: Bubble | S? t?/c?m nghi v?n: 1 | T? l? nghi v?n: 0.2 | M?c ??: 5.0
"I was worried Old Bake might feel bad for not being able to make bread, but it turns out I was overthinking it.","Mình lo ông Bake buồn vì không làm được bánh nữa, nhưng hóa ra là mình lo xa quá.",C?n ti?ng Anh nghi v?n: Bake | S? t?/c?m nghi v?n: 1 | T? l? nghi v?n: 0.2 | M?c ??: 5.0
"Speaking of this, the Sonoro Sphere within the painting is far smaller than its recorded potential size, which means more rewards await to be claimed!","Nhắc đến chuyện này, Quả Cầu Sonoro trong bức tranh nhỏ hơn nhiều so với kích thước tiềm năng đã ghi nhận, nghĩa là vẫn còn nhiều phần thưởng chờ được nhận!",C?n ti?ng Anh nghi v?n: Sonoro | S? t?/c?m nghi v?n: 1 | T? l? nghi v?n: 0.2 | M?c ??: 5.0
"Follow me, {Male=Mr.;Female=Ms.} {PlayerName}—we'll need a Gondola to reach the third location.","Đi theo ta nhé, {Male=anh;Female=chị} {PlayerName}—chúng ta cần một chiếc Gondola để đến địa điểm thứ ba.",C?n ti?ng Anh nghi v?n: Gondola | S? t?/c?m nghi v?n: 1 | T? l? nghi v?n: 0.2 | M?c ??: 5.0
Let us honor the brave warriors who vanquished Tacet Discord and beast alike so that we might sleep soundly at night!,"Hãy cùng tôn vinh những chiến binh dũng cảm đã đánh bại Tacet Discord và lũ quái thú, để chúng ta có thể yên giấc mỗi đêm!",C?n ti?ng Anh nghi v?n: Discord | S? t?/c?m nghi v?n: 1 | T? l? nghi v?n: 0.2 | M?c ??: 5.0
"Wow, what's that in your hands? It smells so good! Wait, where are we? Did I miss out on something?","Wow, cậu cầm gì trong tay thế? Thơm quá! Khoan, chúng ta đang ở đâu nhỉ? Tớ lỡ mất gì rồi à?",C?n ti?ng Anh nghi v?n: Wow | S? t?/c?m nghi v?n: 1 | T? l? nghi v?n: 0.2 | M?c ??: 5.0
"I've just accumulated… a bit of experience in taking hits. If a tougher Tacet Discord had shown up earlier, I might not have been able to handle it.","Ta vừa tích lũy được… chút kinh nghiệm chịu đòn. Nếu Tacet Discord mạnh hơn xuất hiện sớm hơn, có lẽ ta đã không trụ nổi.",C?n ti?ng Anh nghi v?n: Discord | S? t?/c?m nghi v?n: 1 | T? l? nghi v?n: 0.2 | M?c ??: 5.0
"Absolutely! I, Faro, swear to this sword that I will only fight for justice and righteousness from now on.","Tất nhiên! Ta, Faro, xin thề trên thanh kiếm này, từ nay sẽ chỉ chiến đấu vì công lý và chính nghĩa.",C?n ti?ng Anh nghi v?n: Faro | S? t?/c?m nghi v?n: 1 | T? l? nghi v?n: 0.2 | M?c ??: 5.0
"Thin slices of roasted vegetables are layered in a tapestry of color.
You savor every bite of the ratatouille.","Những lát rau củ nướng mỏng xếp chồng lên nhau như một bức tranh màu sắc.
Bạn thưởng thức từng miếng ratatouille một cách ngon lành.",C?n ti?ng Anh nghi v?n: ratatouille | S? t?/c?m nghi v?n: 1 | T? l? nghi v?n: 0.2 | M?c ??: 5.0
Today we're serving the {PlayerName}-exclusive combo set—on the house! What are you feeling like today?,Hôm nay chúng ta phục vụ combo đặc biệt chỉ dành cho {PlayerName}—miễn phí nhé! Hôm nay cậu muốn ăn gì nào?,C?n ti?ng Anh nghi v?n: combo | S? t?/c?m nghi v?n: 1 | T? l? nghi v?n: 0.2 | M?c ??: 5.0
"Turns out, this maze wasn't hiding an Archdemon or a hero. Just a bunch of Fools.",Hóa ra mê cung này chẳng giấu một Archdemon hay anh hùng nào cả. Chỉ toàn là những kẻ ngốc nghếch.,C?n ti?ng Anh nghi v?n: Archdemon | S? t?/c?m nghi v?n: 1 | T? l? nghi v?n: 0.2 | M?c ??: 5.0
"""In the freest place of Ragunna, I await your arrival..."" This should be the place Capollo mentioned in his invitation.","""Nơi tự do nhất của Ragunna, ta chờ ngươi đến..."" Chắc hẳn đây chính là địa điểm Capollo nhắc đến trong thư mời.""",C?n ti?ng Anh nghi v?n: Capollo | S? t?/c?m nghi v?n: 1 | T? l? nghi v?n: 0.2 | M?c ??: 5.0
"""In the name of the Montellis, I shall honor my allies as I do my own kin and blood.""","""Nhân danh Montellis, ta sẽ coi đồng minh như máu thịt của chính mình.""",C?n ti?ng Anh nghi v?n: Montellis | S? t?/c?m nghi v?n: 1 | T? l? nghi v?n: 0.2 | M?c ??: 5.0
If only I were Lady Carlotta! I'd love to have the power to create gems whenever I wanted!,Ước gì ta là Quý bà Carlotta! Ta muốn có sức mạnh tạo ra ngọc quý bất cứ khi nào mình muốn!,C?n ti?ng Anh nghi v?n: Carlotta | S? t?/c?m nghi v?n: 1 | T? l? nghi v?n: 0.2 | M?c ??: 5.0
"Ha, well, whether you're indulging in your desires or giving in to them, I'm here for both.","Ha, dù ngươi đang thỏa mãn ham muốn hay đầu hàng nó, ta đều ở đây vì cả hai.",C?n ti?ng Anh nghi v?n: Ha | S? t?/c?m nghi v?n: 1 | T? l? nghi v?n: 0.2 | M?c ??: 5.0
"Things aren't as bright for the Montellis as they may seem. The Order, Fisalias, and the Fractsidus... Any attempt to break the status quo puts us at risk.","Mọi thứ không sáng sủa như vẻ ngoài của nhà Montelli đâu. Hội, Fisalias, và Fractsidus... Bất kỳ nỗ lực phá vỡ hiện trạng nào cũng đều đặt chúng ta vào thế nguy hiểm.",C?n ti?ng Anh nghi v?n: Fisalias | S? t?/c?m nghi v?n: 1 | T? l? nghi v?n: 0.2 | M?c ??: 5.0
"Carlotta is dear to me, and nothing will change that.","Carlotta rất quan trọng với ta, và điều đó sẽ không bao giờ thay đổi.",C?n ti?ng Anh nghi v?n: Carlotta | S? t?/c?m nghi v?n: 1 | T? l? nghi v?n: 0.2 | M?c ??: 5.0
Capollo's been removed and dealt with by the family. Carlotta's busy managing the aftermath alongside Padrino while also focusing on charting a new sea route.,"Capollo đã bị loại bỏ và xử lý bởi gia tộc. Carlotta đang bận rộn giải quyết hậu quả cùng Padrino, đồng thời tập trung tìm kiếm tuyến đường biển mới.",C?n ti?ng Anh nghi v?n: Padrino | S? t?/c?m nghi v?n: 1 | T? l? nghi v?n: 0.2 | M?c ??: 5.0
"Kirsch, whiskey... and cherry tomatoes? Does it mean revenge?","Kirsch, rượu whisky... và cà chua bi? Ý cậu là trả thù sao?",C?n ti?ng Anh nghi v?n: Kirsch | S? t?/c?m nghi v?n: 1 | T? l? nghi v?n: 0.2 | M?c ??: 5.0
"Hmm, blood orange, gin... that drink you have there is quite rare. Would you mind telling me what it means?","Hừm, rượu máu cam, gin... thứ em đang uống hiếm lắm đấy. Có thể cho ta biết ý nghĩa của nó không?",C?n ti?ng Anh nghi v?n: gin | S? t?/c?m nghi v?n: 1 | T? l? nghi v?n: 0.2 | M?c ??: 5.0
"What you possessed were nothing but privately made replicas, existing solely by the grace of the Primus. How dare you defy our cleansing of such blasphemy!","Những gì ngươi sở hữu chỉ là những bản sao tự chế, tồn tại nhờ ân huệ của Primus. Sao ngươi dám chống lại sự thanh tẩy dị giáo của ta!",C?n ti?ng Anh nghi v?n: Primus | S? t?/c?m nghi v?n: 1 | T? l? nghi v?n: 0.2 | M?c ??: 5.0
Yet the very <color=yellow>traders</color> who took your money have seen the error of their ways and reported your dealings. They have sworn to repent for their illicit production and cease all trade with you.,Nhưng chính những <color=yellow>traders</color> đã lấy tiền của ngươi lại nhận ra sai lầm và tố cáo giao dịch của ngươi. Họ đã thề sẽ hối cải vì sản xuất bất hợp pháp và chấm dứt mọi giao dịch với ngươi.,C?n ti?ng Anh nghi v?n: traders | S? t?/c?m nghi v?n: 1 | T? l? nghi v?n: 0.2 | M?c ??: 5.0
"{PlayerName}, you might not know this, but Benett was never granted the highest clearance in the vault.","{PlayerName}, có thể cậu chưa biết, nhưng Benett chưa bao giờ được cấp quyền cao nhất trong kho đâu.",C?n ti?ng Anh nghi v?n: Benett | S? t?/c?m nghi v?n: 1 | T? l? nghi v?n: 0.2 | M?c ??: 5.0
Do you recall those three lines from the anthology? The ones Benett sent to me in the photo?,Cậu còn nhớ ba dòng thơ trong tuyển tập không? Những dòng mà Benett gửi cho tớ qua bức ảnh ấy?,C?n ti?ng Anh nghi v?n: Benett | S? t?/c?m nghi v?n: 1 | T? l? nghi v?n: 0.2 | M?c ??: 5.0
"If time permits, we should take the Terminal to Mr. Pierre. He is an old friend of Grandfather's, and is an expert in this field.","Nếu có thời gian, chúng ta nên dùng Thiết bị đầu cuối đến gặp ông Pierre. Ông ấy là bạn cũ của ông nội và là chuyên gia trong lĩnh vực này.",C?n ti?ng Anh nghi v?n: Pierre | S? t?/c?m nghi v?n: 1 | T? l? nghi v?n: 0.2 | M?c ??: 5.0
"Your course is set. As is mine. But mark my words... I will stop you, Mr. Capollo.","Con đường của cậu đã định sẵn. Của ta cũng vậy. Nhưng hãy nhớ cho... ta sẽ ngăn cậu lại, ông Capollo.",C?n ti?ng Anh nghi v?n: Capollo | S? t?/c?m nghi v?n: 1 | T? l? nghi v?n: 0.2 | M?c ??: 5.0
All evidence points to Benett being the key to uncovering the shark lurking in our waters.,Mọi bằng chứng đều chỉ ra Benett chính là chìa khóa để phơi bày con cá mập đang ẩn nấp trong vùng biển của chúng ta.,C?n ti?ng Anh nghi v?n: Benett | S? t?/c?m nghi v?n: 1 | T? l? nghi v?n: 0.2 | M?c ??: 5.0
"Duncan gave us a rigged Terminal to cover Benett's ""debt"", clearing his name.","Duncan đưa cho chúng ta một Thiết bị đầu cuối đã bị hỏng để xóa ""món nợ"" của Benett, giúp hắn rửa sạch danh tiếng.",C?n ti?ng Anh nghi v?n: Duncan | S? t?/c?m nghi v?n: 1 | T? l? nghi v?n: 0.2 | M?c ??: 5.0
"Heh, we are all Montellis here. Remember, when someone asks, use your codename.","Hừ, chúng ta đều là Montellis ở đây. Nhớ nhé, khi có ai hỏi, hãy dùng mật danh của mình.",C?n ti?ng Anh nghi v?n: Montellis | S? t?/c?m nghi v?n: 1 | T? l? nghi v?n: 0.2 | M?c ??: 5.0
Scarlet Velvet's people have secured Duncan and will bring him to a safe house. He'll return after everything's settled.,Người của Nhung Đỏ Thẫm đã bảo vệ Duncan và sẽ đưa cậu ấy đến nơi an toàn. Cậu ấy sẽ trở lại sau khi mọi chuyện ổn thỏa.,C?n ti?ng Anh nghi v?n: Duncan | S? t?/c?m nghi v?n: 1 | T? l? nghi v?n: 0.2 | M?c ??: 5.0
"Capollo and his lackeys will face the consequences of their actions. Our code is simple—vengeance for blood, death for life. No one is exempt.","Capollo và tay chân của hắn sẽ phải trả giá cho những gì đã làm. Luật của chúng ta rất đơn giản—máu đòi máu, mạng đền mạng. Không ai được miễn trừ.",C?n ti?ng Anh nghi v?n: Capollo | S? t?/c?m nghi v?n: 1 | T? l? nghi v?n: 0.2 | M?c ??: 5.0
"The Primus and the youth dance at the Carnevale. Ah, yes! This is The Deep: Old Chronicles from ""Rinascita: Unofficial History!""","Primus và chàng thanh niên nhảy múa tại Carnevale. À, đúng rồi! Đây là *Vực Sâu: Biên Niên Sử Cổ* trong ""Rinascita: Lịch Sử Không Chính Thức!""",C?n ti?ng Anh nghi v?n: Primus | S? t?/c?m nghi v?n: 1 | T? l? nghi v?n: 0.2 | M?c ??: 5.0
That's right! My Fratellino—he said he was going out to collect some documents or what. I wonder if he's taking good care of himself.,Đúng rồi! Thằng em trai Fratellino của ta—nó bảo ra ngoài lấy mấy tài liệu gì đó. Không biết giờ nó có chăm sóc bản thân tốt không nữa.,C?n ti?ng Anh nghi v?n: Fratellino | S? t?/c?m nghi v?n: 1 | T? l? nghi v?n: 0.2 | M?c ??: 5.0
"If I don't gather them quickly, the Plushies fans will be furious!","Nếu không nhanh tay thu thập chúng, những fan hâm mộ Plushies sẽ nổi giận mất!",C?n ti?ng Anh nghi v?n: Plushies | S? t?/c?m nghi v?n: 1 | T? l? nghi v?n: 0.2 | M?c ??: 5.0
"The unusual frequency I noticed is from Abby. The change is subtle, but it's getting stronger.","Tần số bất thường mà ta phát hiện đến từ Abby. Sự thay đổi rất tinh vi, nhưng đang ngày càng mạnh lên.",C?n ti?ng Anh nghi v?n: Abby | S? t?/c?m nghi v?n: 1 | T? l? nghi v?n: 0.2 | M?c ??: 5.0
"Pardon my intrusion. Allow me to introduce myself. I am Cristoforo, a modest playwright visiting Ragunna in search of inspiration for my latest work.","Xin thứ lỗi vì đã làm phiền. Cho phép tôi tự giới thiệu, tôi là Cristoforo, một nhà viết kịch khiêm tốn đến Ragunna để tìm cảm hứng cho tác phẩm mới nhất của mình.",C?n ti?ng Anh nghi v?n: Cristoforo | S? t?/c?m nghi v?n: 1 | T? l? nghi v?n: 0.2 | M?c ??: 5.0
It remained hidden until the core leak in the Tethys System was finally resolved.,Nó vẫn bị che giấu cho đến khi sự cố rò rỉ lõi trong Hệ Tethys cuối cùng cũng được giải quyết.,C?n ti?ng Anh nghi v?n: Tethys | S? t?/c?m nghi v?n: 1 | T? l? nghi v?n: 0.2 | M?c ??: 5.0
"In Rinascita, anyone can summon Common Echoes from the Nexus, whether they're a Resonator or not.","Ở Rinascita, bất kỳ ai cũng có thể triệu hồi Echo Thông thường từ Nexus, dù là Cộng Hưởng Giả hay không.",C?n ti?ng Anh nghi v?n: Nexus | S? t?/c?m nghi v?n: 1 | T? l? nghi v?n: 0.2 | M?c ??: 5.0
"Oh, come on! Don't let that throw you. It's not money or connections that make a great performance. By our founder's name, the Guinizello Troupe is gonna present the most unforgettable show!","Ôi, thôi nào! Đừng để chuyện đó làm cậu nản chí. Một buổi biểu diễn tuyệt vời đâu cần tiền bạc hay quan hệ. Nhân danh người sáng lập, Đoàn Guinizello sẽ mang đến một đêm diễn khó quên nhất!",C?n ti?ng Anh nghi v?n: Guinizello | S? t?/c?m nghi v?n: 1 | T? l? nghi v?n: 0.2 | M?c ??: 5.0
"Yes, all Echoes here belong to the Montelli family. Mercurio's designed to provide self-service banking.","Đúng, tất cả Echo ở đây đều thuộc về gia tộc Montelli. Mercurio được thiết kế để cung cấp dịch vụ ngân hàng tự phục vụ.",C?n ti?ng Anh nghi v?n: Montelli | S? t?/c?m nghi v?n: 1 | T? l? nghi v?n: 0.2 | M?c ??: 5.0
"Telepathy… Yes, according to legend, the Sentinel speaks directly into the mind of the Laureate. Could that be what happened?","Thần giao cách cảm… Đúng rồi, theo truyền thuyết, Sentinel nói chuyện trực tiếp vào tâm trí của Laureate. Liệu đó có phải là điều đã xảy ra?",C?n ti?ng Anh nghi v?n: Laureate | S? t?/c?m nghi v?n: 1 | T? l? nghi v?n: 0.2 | M?c ??: 5.0
"As far as I know, the Montelli family has been promoting the use of Reserved Terminals and Echoes.","Theo những gì ta biết, gia tộc Montelli đã và đang thúc đẩy việc sử dụng các Thiết bị đầu cuối Dự trữ và Echo.",C?n ti?ng Anh nghi v?n: Montelli | S? t?/c?m nghi v?n: 1 | T? l? nghi v?n: 0.2 | M?c ??: 5.0
"Yeah, I’ve heard whispers, but those Montelli Echoes have been helping out around the city for ages without a single issue… until now.","Ừ, tớ có nghe đồn, nhưng mấy Cộng Hưởng Giả Montelli vẫn giúp đỡ thành phố bao lâu nay mà chẳng có vấn đề gì... cho đến giờ.",C?n ti?ng Anh nghi v?n: Montelli | S? t?/c?m nghi v?n: 1 | T? l? nghi v?n: 0.2 | M?c ??: 5.0
"If the Carnevale is a dream shared by all Ragunnesi, then a well-crafted mask is the key to it.","Nếu Carnevale là giấc mơ chung của mọi người Ragunnesi, thì một chiếc mặt nạ tinh xảo chính là chìa khóa mở ra giấc mơ đó.",C?n ti?ng Anh nghi v?n: Ragunnesi | S? t?/c?m nghi v?n: 1 | T? l? nghi v?n: 0.2 | M?c ??: 5.0
"Heh, if you ask me, I suspect the Fisalia family has been spreading slanders about us.","Hê, theo ta nghĩ, nhà Fisalia đang rải lời vu khống về chúng ta đấy.",C?n ti?ng Anh nghi v?n: Fisalia | S? t?/c?m nghi v?n: 1 | T? l? nghi v?n: 0.2 | M?c ??: 5.0
He looks like the man we saw in Mr. Fulmine's memory. Isn't that Gilberto?,Ông ta giống người đàn ông trong ký ức của ông Fulmine. Đó chẳng phải Gilberto sao?,C?n ti?ng Anh nghi v?n: Gilberto | S? t?/c?m nghi v?n: 1 | T? l? nghi v?n: 0.2 | M?c ??: 5.0
But where could Gilberto have gone? Let's split up and see what we can find.,Nhưng Gilberto đã đi đâu rồi nhỉ? Chúng ta chia nhau ra tìm đi.,C?n ti?ng Anh nghi v?n: Gilberto | S? t?/c?m nghi v?n: 1 | T? l? nghi v?n: 0.2 | M?c ??: 5.0
Identity confirmed… Does this mean I now have access to use the Common Echoes?,Đã xác nhận danh tính… Vậy là giờ ta có thể sử dụng Common Echoes sao?,C?n ti?ng Anh nghi v?n: Common | S? t?/c?m nghi v?n: 1 | T? l? nghi v?n: 0.2 | M?c ??: 5.0
"Carnevale, delicious Carnevale… Oh wait, I mean gelato…","Carnevale... ngon tuyệt vời... À khoan, ý tớ là kem gelato...",C?n ti?ng Anh nghi v?n: gelato | S? t?/c?m nghi v?n: 1 | T? l? nghi v?n: 0.2 | M?c ??: 5.0
What… just happened? How could a Common Echo harm people like that?,Cái… gì vừa xảy ra thế? Sao một Common Echo lại có thể làm hại người ta như vậy?,C?n ti?ng Anh nghi v?n: Common | S? t?/c?m nghi v?n: 1 | T? l? nghi v?n: 0.2 | M?c ??: 5.0
"A Lycoris petal lies on the ground, emanating an ominous aura...","Một cánh hoa Lycoris nằm trên mặt đất, tỏa ra hào quang u ám...",C?n ti?ng Anh nghi v?n: Lycoris | S? t?/c?m nghi v?n: 1 | T? l? nghi v?n: 0.2 | M?c ??: 5.0
"Let's position a Cloud Cushion beneath Mr. Bardolino. Then, we'll pop the balloons to bring him down safely.","Đặt một chiếc Đệm Mây dưới ông Bardolino đã. Sau đó, chúng ta sẽ bóp bóng bay để hạ ông ấy xuống an toàn.",C?n ti?ng Anh nghi v?n: Bardolino | S? t?/c?m nghi v?n: 1 | T? l? nghi v?n: 0.2 | M?c ??: 5.0
"Uh... Hello, I'm Roccia. We've met before on Brant's ship. I was... in this box.","Ừm... chào cậu, tớ là Roccia. Chúng ta đã gặp nhau trên tàu của Brant rồi. Lúc đó tớ... ở trong cái hộp này.",C?n ti?ng Anh nghi v?n: Roccia | S? t?/c?m nghi v?n: 1 | T? l? nghi v?n: 0.2 | M?c ??: 5.0
I've never seen Pero warm up to someone so quickly. It must be something in your frequency that it finds interesting.,Ta chưa bao giờ thấy Pero lại thân thiết với ai nhanh đến thế. Chắc là có gì đó ở tần số của cậu khiến nó thấy thú vị.,C?n ti?ng Anh nghi v?n: Pero | S? t?/c?m nghi v?n: 1 | T? l? nghi v?n: 0.2 | M?c ??: 5.0
It's easy to use. You want to see the upgraded version? Ta-da! Magnum Fireworks Pistol!,Dễ dùng lắm. Muốn xem phiên bản nâng cấp không? Ta-da! Súng Pháo Hoa Magnum!,C?n ti?ng Anh nghi v?n: Magnum | S? t?/c?m nghi v?n: 1 | T? l? nghi v?n: 0.2 | M?c ??: 5.0
Use it to protect yourself. Our troupe will bring you to our base soon and tell you the truth we've uncovered. I'll join you once I find Brant.,Dùng nó để tự bảo vệ bản thân. Đoàn của chúng tôi sẽ đưa cậu về căn cứ sớm thôi và kể cho cậu nghe sự thật chúng tôi đã phát hiện. Tớ sẽ đến gặp cậu sau khi tìm thấy Brant.,C?n ti?ng Anh nghi v?n: Brant | S? t?/c?m nghi v?n: 1 | T? l? nghi v?n: 0.2 | M?c ??: 5.0
"As soon as I realized it was a Tacet Discord, I went for it and ate its frequency. Piece of cake! But I gotta say, it was a pretty hefty bite.","Vừa nhận ra đó là một Tacet Discord, ta liền lao vào hấp thụ tần số của nó. Dễ ợt! Nhưng phải nói là nó khá nặng bụng đấy.",C?n ti?ng Anh nghi v?n: Discord | S? t?/c?m nghi v?n: 1 | T? l? nghi v?n: 0.2 | M?c ??: 5.0
"But that's all in the past! To this day, I'm still not sure what crime they pinned on me. Maybe walking the wire without protection? Ha!",Nhưng đó là chuyện cũ rồi! Đến giờ ta vẫn không biết họ gán tội gì cho ta. Có khi là tội đi trên dây mà không bảo hộ? Ha!,C?n ti?ng Anh nghi v?n: Ha | S? t?/c?m nghi v?n: 1 | T? l? nghi v?n: 0.2 | M?c ??: 5.0
"If you're ready, let's begin! Everyone, a big round of applause to welcome the Rover and Ms. Carlotta on stage!","Nếu mọi người đã sẵn sàng, chúng ta bắt đầu thôi! Xin một tràng pháo tay chào đón Rover và cô Carlotta lên sân khấu!",C?n ti?ng Anh nghi v?n: Carlotta | S? t?/c?m nghi v?n: 1 | T? l? nghi v?n: 0.2 | M?c ??: 5.0
Let us proceed to meet that Fractsidus Overseer and deliver a flawless performance for the Carnevale.,Hãy cùng tiến về phía Fractsidus Overseer và mang đến một màn trình diễn hoàn hảo cho Carnevale.,C?n ti?ng Anh nghi v?n: Overseer | S? t?/c?m nghi v?n: 1 | T? l? nghi v?n: 0.2 | M?c ??: 5.0
"Don't worry, Brant will manage everything within the city and make sure that the performance proceeds smoothly as planned.","Đừng lo, Brant sẽ lo liệu mọi việc trong thành và đảm bảo buổi biểu diễn diễn ra suôn sẻ như kế hoạch.",C?n ti?ng Anh nghi v?n: Brant | S? t?/c?m nghi v?n: 1 | T? l? nghi v?n: 0.2 | M?c ??: 5.0
"Lady Carlotta has already briefed me on your plan. Along with the other family members, you can count on my full support.","Tiểu thư Carlotta đã thông báo cho tôi về kế hoạch của cậu. Cùng với các thành viên khác trong gia đình, cậu có thể hoàn toàn tin tưởng vào sự hỗ trợ của tôi.",C?n ti?ng Anh nghi v?n: Carlotta | S? t?/c?m nghi v?n: 1 | T? l? nghi v?n: 0.2 | M?c ??: 5.0
It's a celebratory dinner hosted by Ms. Carlotta in our honor. And let me tell you—she's quite generous with her money!,Đây là bữa tiệc tối do bà Carlotta tổ chức để vinh danh chúng ta. Và phải nói là bà ấy rất hào phóng với tiền bạc đấy!,C?n ti?ng Anh nghi v?n: Carlotta | S? t?/c?m nghi v?n: 1 | T? l? nghi v?n: 0.2 | M?c ??: 5.0
Mr. Aalto was right. Bloom Bearers attract other Bloom Bearers!,Ông Aalto nói đúng rồi. Những kẻ Mang Hoa luôn thu hút lẫn nhau!,C?n ti?ng Anh nghi v?n: Aalto | S? t?/c?m nghi v?n: 1 | T? l? nghi v?n: 0.2 | M?c ??: 5.0
"But... how should I put it? Things aren't quite as smooth in Septimont. Our operations face their own set of challenges, and the Bloom Bearers' work there hasn't been progressing as well as we'd hoped.","Nhưng... phải nói thế nào nhỉ? Mọi chuyện ở Septimont không suôn sẻ lắm. Hoạt động của chúng ta gặp không ít khó khăn, và công việc của Bloom Bearers ở đó cũng không tiến triển như mong đợi.",C?n ti?ng Anh nghi v?n: Bloom | S? t?/c?m nghi v?n: 1 | T? l? nghi v?n: 0.2 | M?c ??: 5.0
"I borrowed this costume and a mask from the Montelli to blend in with the crowd, so I could get back to the city during the Carnevale. Well, at least my hard work finally paid off.","Ta mượn bộ đồ và mặt nạ từ nhà Montelli để hòa vào đám đông, rồi lẻn về thành phố trong lễ Carnevale. Cuối cùng thì công sức của ta cũng được đền đáp.",C?n ti?ng Anh nghi v?n: Montelli | S? t?/c?m nghi v?n: 1 | T? l? nghi v?n: 0.2 | M?c ??: 5.0
"Ah, so that's why Lady Carlotta was so insistent on using only the finest materials and meticulous craftsmanship for this piece.","À, thì ra là vậy. Quý bà Carlotta quả thật rất khắt khe trong việc chỉ dùng những vật liệu tốt nhất và kỹ thuật chế tác tỉ mỉ cho tác phẩm này.",C?n ti?ng Anh nghi v?n: Carlotta | S? t?/c?m nghi v?n: 1 | T? l? nghi v?n: 0.2 | M?c ??: 5.0
"Lady Carlotta has already briefed me on your plan. Along with the other family members, you can count on my full support.","Tiểu thư Carlotta đã thông báo cho tôi về kế hoạch của cậu. Cùng với các thành viên khác trong gia đình, cậu có thể hoàn toàn tin tưởng vào sự hỗ trợ của tôi.",C?n ti?ng Anh nghi v?n: Carlotta | S? t?/c?m nghi v?n: 1 | T? l? nghi v?n: 0.2 | M?c ??: 5.0
There are still many unresolved questions regarding the Order and the Sentinel. We need time to sort through what we've gathered.,Vẫn còn nhiều câu hỏi chưa được giải đáp về Order và Sentinel. Chúng ta cần thời gian để sắp xếp lại những gì đã thu thập được.,C?n ti?ng Anh nghi v?n: Order | S? t?/c?m nghi v?n: 1 | T? l? nghi v?n: 0.2 | M?c ??: 5.0
"Cristoforo, if you don't want to spoil the next act, I might have to give your carefully crafted plot a little nudge.","Cristoforo, nếu anh không muốn làm hỏng màn tiếp theo, có lẽ tôi sẽ phải ""động tay động chân"" vào cốt truyện mà anh đã dày công xây dựng đấy.",C?n ti?ng Anh nghi v?n: Cristoforo | S? t?/c?m nghi v?n: 1 | T? l? nghi v?n: 0.2 | M?c ??: 5.0
"Phrolova, it seems we walk different paths. I don't share your fondness for that sort of... puppet theater.","Phrolova, có vẻ chúng ta đi hai con đường khác nhau rồi. Tớ không thích kiểu... kịch rối đó của cậu lắm.",C?n ti?ng Anh nghi v?n: Phrolova | S? t?/c?m nghi v?n: 1 | T? l? nghi v?n: 0.2 | M?c ??: 5.0
We will attempt to establish contact with the Fisalias to build an alliance and gather more intelligence.,Chúng ta sẽ cố gắng liên lạc với tộc Fisalias để xây dựng liên minh và thu thập thêm thông tin tình báo.,C?n ti?ng Anh nghi v?n: Fisalias | S? t?/c?m nghi v?n: 1 | T? l? nghi v?n: 0.2 | M?c ??: 5.0
"Actually, there was a similar incident with hostile Echoes in Ragunna City recently.","Thực ra, gần đây ở Ragunna City cũng xảy ra một vụ tương tự với những Echo thù địch.",C?n ti?ng Anh nghi v?n: City | S? t?/c?m nghi v?n: 1 | T? l? nghi v?n: 0.2 | M?c ??: 5.0
Cristoforo leaves in a hurry. It looks like he's on his way to warn the nearby villagers and Echoes.,Cristoforo vội vã rời đi. Có vẻ như anh ta đang chạy đi báo động cho dân làng và các Echo gần đó.,C?n ti?ng Anh nghi v?n: Cristoforo | S? t?/c?m nghi v?n: 1 | T? l? nghi v?n: 0.2 | M?c ??: 5.0
"Yes. Be it the mastermind or another pawn, it's got the Fisalia family written all over it.","Đúng vậy. Dù là kẻ chủ mưu hay con tốt khác, thì cũng đều mang dấu ấn của gia tộc Fisalia.",C?n ti?ng Anh nghi v?n: Fisalia | S? t?/c?m nghi v?n: 1 | T? l? nghi v?n: 0.2 | M?c ??: 5.0
"The Order... Let me handle them. You just focus on Gilberto for now. Whatever the case, the Carnevale must be secured.","Giáo Đoàn à... Để ta lo. Cậu chỉ cần tập trung vào Gilberto thôi. Dù thế nào đi nữa, Carnevale phải được bảo vệ.",C?n ti?ng Anh nghi v?n: Gilberto | S? t?/c?m nghi v?n: 1 | T? l? nghi v?n: 0.2 | M?c ??: 5.0
"Is he praying? I know the Fisalias are extremely devout, but who is this ""Queen"" he mentioned?","Anh ta đang cầu nguyện à? Ta biết tộc Fisalias rất sùng đạo, nhưng ""Nữ Hoàng"" mà hắn nhắc đến là ai vậy?",C?n ti?ng Anh nghi v?n: Fisalias | S? t?/c?m nghi v?n: 1 | T? l? nghi v?n: 0.2 | M?c ??: 5.0
"Legends say the sea of clouds once flooded the Seminary of the Forgotten, reducing it to ruins, before spreading to Ragunna. It was Lorelei who curbed the raging clouds and ended the crisis.","Truyền thuyết kể rằng biển mây từng tràn ngập Học Viện Của Những Kẻ Bị Lãng Quên, biến nơi đây thành đống hoang tàn, trước khi lan tới Ragunna. Chính Lorelei đã kiềm chế được biển mây cuồng nộ và chấm dứt cơn khủng hoảng.",C?n ti?ng Anh nghi v?n: Lorelei | S? t?/c?m nghi v?n: 1 | T? l? nghi v?n: 0.2 | M?c ??: 5.0
It seems you do remember me. That's right. We crossed paths at Madame Nyarla's mask shop.,Có vẻ cậu vẫn còn nhớ ta. Đúng vậy. Chúng ta đã gặp nhau ở cửa hàng mặt nạ của Madame Nyarla.,C?n ti?ng Anh nghi v?n: Madame | S? t?/c?m nghi v?n: 1 | T? l? nghi v?n: 0.2 | M?c ??: 5.0
Passionate... Indeed. Passion is a quality the Ragunnesi possess in abundance. It's also why the Carnevale is so eagerly anticipated.,Đầy nhiệt huyết... quả thực. Người Ragunnesi có thừa phẩm chất này. Đó cũng là lý do tại sao Carnevale luôn được mong chờ đến vậy.,C?n ti?ng Anh nghi v?n: Ragunnesi | S? t?/c?m nghi v?n: 1 | T? l? nghi v?n: 0.2 | M?c ??: 5.0
"Anyway, does it mean... Lorelei and the Sentinel are somehow connected to each other?",Nói chung là... Lorelei và Sentinel có liên quan gì đến nhau không nhỉ?,C?n ti?ng Anh nghi v?n: Lorelei | S? t?/c?m nghi v?n: 1 | T? l? nghi v?n: 0.2 | M?c ??: 5.0
"Any chorales you know ring a bell, Phoebe?","Có bài thánh ca nào em biết nghe quen không, Phoebe?",C?n ti?ng Anh nghi v?n: Phoebe | S? t?/c?m nghi v?n: 1 | T? l? nghi v?n: 0.2 | M?c ??: 5.0
I'm afraid the Sentinel's current state... transcends mortal understanding. Your Primus is no exception.,Ta e rằng trạng thái hiện tại của Sentinel... vượt xa sự hiểu biết của kẻ phàm trần. Primus của ngươi cũng không ngoại lệ.,C?n ti?ng Anh nghi v?n: Primus | S? t?/c?m nghi v?n: 1 | T? l? nghi v?n: 0.2 | M?c ??: 5.0
"Ahh, no need for the formalities. Allow me to re-introduce myself. I am Cristoforo, a humble playwright grappling with modern trends. Delighted to meet you.","À... Không cần khách sáo đâu. Để ta giới thiệu lại bản thân. Ta là Cristoforo, một nhà viết kịch khiêm tốn đang vật lộn với những xu hướng hiện đại. Rất vui được gặp cậu.",C?n ti?ng Anh nghi v?n: Cristoforo | S? t?/c?m nghi v?n: 1 | T? l? nghi v?n: 0.2 | M?c ??: 5.0
We're looking for someone. Did you come across anyone from the Fisalia family?,Chúng ta đang tìm một người. Cậu có gặp ai trong gia đình Fisalia không?,C?n ti?ng Anh nghi v?n: Fisalia | S? t?/c?m nghi v?n: 1 | T? l? nghi v?n: 0.2 | M?c ??: 5.0
"In fact, I even stared a bit. Old habits die hard. The Fisalias rarely venture beyond city walls, you see.","Thực ra, tôi cũng đã nhìn chằm chằm một chút. Thói quen khó bỏ mà. Dân Fisalias hiếm khi rời khỏi tường thành, anh biết đấy.",C?n ti?ng Anh nghi v?n: Fisalias | S? t?/c?m nghi v?n: 1 | T? l? nghi v?n: 0.2 | M?c ??: 5.0
"Hmm. Echoes started acting strangely when Gilberto showed up, just like what happened in the Carnevale rehearsal... This is no coincidence.","Hừm... Lúc Gilberto xuất hiện, Echo bắt đầu hành động kỳ lạ, y hệt như trong buổi diễn tập Carnevale... Không phải ngẫu nhiên đâu.",C?n ti?ng Anh nghi v?n: Gilberto | S? t?/c?m nghi v?n: 1 | T? l? nghi v?n: 0.2 | M?c ??: 5.0
"Twinkling stars, a celestial choir,
Sing softly to realms ever higher.
O Fair Lorelei, let your sorrow fade away,
May the good night forever stay.","Ngôi sao lấp lánh, dàn hợp xướng thiên đường,
Hát nhẹ nhàng cho những cõi xa vời.
Hỡi Lorelei xinh đẹp, hãy để nỗi buồn trôi đi,
Đêm bình yên mãi mãi ở lại bên người.",C?n ti?ng Anh nghi v?n: Lorelei | S? t?/c?m nghi v?n: 1 | T? l? nghi v?n: 0.2 | M?c ??: 5.0
"Ah, this invitation… My apologies. Welcome to Averardo Vault. How may we assist you today?","À, lời mời này… Xin lỗi vì đã để cậu phải đợi. Chào mừng đến với Kho Averardo. Hôm nay chúng tôi có thể giúp gì cho cậu?",C?n ti?ng Anh nghi v?n: Averardo | S? t?/c?m nghi v?n: 1 | T? l? nghi v?n: 0.2 | M?c ??: 5.0
"You restore the frequencies of the stained glass using your Sensor. 
With that, Carlotta tells you a legend about Rinascita's divinity.","Bạn khôi phục tần số của kính màu bằng Cảm Biến của mình. 
Sau đó, Carlotta kể cho bạn nghe một truyền thuyết về thần tính của Rinascita.",C?n ti?ng Anh nghi v?n: Carlotta | S? t?/c?m nghi v?n: 1 | T? l? nghi v?n: 0.2 | M?c ??: 5.0
"The Montelli family archives hold many documents on Rinascita's past, yet none mentioned two divinities.","Lưu trữ của gia tộc Montelli lưu giữ nhiều tài liệu về quá khứ của Rinascita, nhưng không tài liệu nào nhắc đến hai vị thần linh.",C?n ti?ng Anh nghi v?n: Montelli | S? t?/c?m nghi v?n: 1 | T? l? nghi v?n: 0.2 | M?c ??: 5.0
"Ah, honored guest. You have been misinformed, as the truth is not what it seems. My lord Fenrico has arranged your audience with the Sentinel.","À, quý khách. Ngài đã bị thông tin sai lệch rồi, sự thật không như vẻ ngoài đâu. Lãnh chúa Fenrico đã sắp xếp cho ngài gặp Sentinel rồi.",C?n ti?ng Anh nghi v?n: Fenrico | S? t?/c?m nghi v?n: 1 | T? l? nghi v?n: 0.2 | M?c ??: 5.0
"Raise your weapon, faithful Carlotta. Choose wisely now… Where shall you aim? Whose heart will taste your bullet?","Hãy giơ vũ khí lên, Carlotta trung thành. Lựa chọn khôn ngoan đi… Ngươi sẽ nhắm vào đâu? Trái tim ai sẽ nếm trải viên đạn của ngươi?",C?n ti?ng Anh nghi v?n: Carlotta | S? t?/c?m nghi v?n: 1 | T? l? nghi v?n: 0.2 | M?c ??: 5.0
We can clock out now? I didn't know Treasurer Pacino had taken up charity work!,Giờ ta có thể tan ca rồi chứ? Ta không ngờ Thủ Quỹ Pacino lại làm từ thiện đấy!,C?n ti?ng Anh nghi v?n: Pacino | S? t?/c?m nghi v?n: 1 | T? l? nghi v?n: 0.2 | M?c ??: 5.0
"Let's head up to the monitoring room on the top level and check if the old lady we saw in the surveillance footage is ""Ash.""","Lên phòng giám sát tầng cao nhất xem bà già trong đoạn ghi hình có phải là ""Ash"" không.",C?n ti?ng Anh nghi v?n: Ash | S? t?/c?m nghi v?n: 1 | T? l? nghi v?n: 0.2 | M?c ??: 5.0
"Yeah, well, personally I just hope to live long enough to make the most out of my retirement someday. Anyway, we've got an imposter on our hands posing as ""Ash.""","Ừ, riêng ta thì chỉ mong sống đủ lâu để hưởng thụ ngày về hưu thôi. À mà thôi, giờ chúng ta có kẻ mạo danh ""Ash"" đây này.",C?n ti?ng Anh nghi v?n: Ash | S? t?/c?m nghi v?n: 1 | T? l? nghi v?n: 0.2 | M?c ??: 5.0
"Yes, it was supposed to be another Acolyte. But she's busy with the Order's work, so I volunteered.","Đúng, đáng lẽ phải là một Acolyte khác. Nhưng cô ấy đang bận việc của Order, nên tôi xung phong thay.",C?n ti?ng Anh nghi v?n: Acolyte | S? t?/c?m nghi v?n: 1 | T? l? nghi v?n: 0.2 | M?c ??: 5.0
"By the way, {PlayerName}, the device from Lady Carlotta should have top security clearance, so you'll be able to operate the train Echo. I hope you enjoy driving.","Nhân tiện, {PlayerName}, thiết bị của Quý bà Carlotta có quyền truy cập bảo mật cao nhất, nên cậu có thể điều khiển tàu Echo đấy. Hy vọng cậu sẽ thích lái nó.",C?n ti?ng Anh nghi v?n: Carlotta | S? t?/c?m nghi v?n: 1 | T? l? nghi v?n: 0.2 | M?c ??: 5.0
Exactly. It's just like Acolyte Phoebe said. He triggered the lockdown to get to the depths of the vault without interference.,Chuẩn rồi. Đúng như lời Tu Sĩ Phoebe nói. Hắn kích hoạt phong tỏa để xuống sâu trong kho mà không bị cản trở.,C?n ti?ng Anh nghi v?n: Phoebe | S? t?/c?m nghi v?n: 1 | T? l? nghi v?n: 0.2 | M?c ??: 5.0
"Seeing there's no end to this chase, you decide to use the vault's defense systems to guide ""Ash"" towards the Echo train terminus and intercept him there.","Thấy cuộc truy đuổi này không có hồi kết, cậu quyết định dùng hệ thống phòng thủ của kho tiền để dẫn ""Ash"" về ga cuối của tàu Echo và chặn hắn tại đó.",C?n ti?ng Anh nghi v?n: Ash | S? t?/c?m nghi v?n: 1 | T? l? nghi v?n: 0.2 | M?c ??: 5.0
"Hmph, you Montelli dog! I couldn't care less about that so-called ""secret cache""! I just want this place destroyed for good!","Hừ, đồ chó Montelli! Ta chẳng thèm quan tâm cái ""kho bí mật"" vớ vẩn đó! Ta chỉ muốn nơi này bị phá hủy hoàn toàn!",C?n ti?ng Anh nghi v?n: Montelli | S? t?/c?m nghi v?n: 1 | T? l? nghi v?n: 0.2 | M?c ??: 5.0
"Please cheer up, Mr. Ash. Everyone was blind to the truth as you once were, but now, we know everything thanks to you.","Xin ông Ash hãy vui lên. Ai cũng từng mù quáng như ông trước đây, nhưng giờ đây, nhờ ông, tất cả chúng ta đều đã biết sự thật.",C?n ti?ng Anh nghi v?n: Ash | S? t?/c?m nghi v?n: 1 | T? l? nghi v?n: 0.2 | M?c ??: 5.0
"Very touching, but I'm not as forgiving as our Acolyte. You have a price to pay for breaking into the vault.","Cảm động thật, nhưng ta không dễ tha thứ như Acolyte của ta đâu. Cậu đã đột nhập vào kho báu, phải trả giá thôi.",C?n ti?ng Anh nghi v?n: Acolyte | S? t?/c?m nghi v?n: 1 | T? l? nghi v?n: 0.2 | M?c ??: 5.0
"It's a special Echo guard. Tsk, I didn't expect it to follow us this far. We gotta lose it!","Đó là một lính Echo đặc biệt. Tsk, không ngờ nó lại bám theo chúng ta xa đến thế. Phải thoát khỏi nó thôi!",C?n ti?ng Anh nghi v?n: Tsk | S? t?/c?m nghi v?n: 1 | T? l? nghi v?n: 0.2 | M?c ??: 5.0
"So, aside from a handful of senior members of the Montelli family, no one knows the full layout of this vault?","Vậy, ngoài một số thành viên cấp cao của gia tộc Montelli, chẳng ai biết hết bố cục của kho báu này à?",C?n ti?ng Anh nghi v?n: Montelli | S? t?/c?m nghi v?n: 1 | T? l? nghi v?n: 0.2 | M?c ??: 5.0
"Ah! Look who decided to join us. You've come at the perfect moment, {PlayerName}. We're about to place a very, very important bet.","A! Nhìn xem ai đã đến đây. Cậu đến đúng lúc lắm đấy, {PlayerName}. Chúng ta sắp đặt cược một ván rất, rất quan trọng.",C?n ti?ng Anh nghi v?n: A | S? t?/c?m nghi v?n: 1 | T? l? nghi v?n: 0.2 | M?c ??: 5.0
"Battier fancies himself my rival, so he's wagering his prized stash of wheat liquor.","Battier tự coi mình là đối thủ của ta, nên hắn mới đem cả kho rượu lúa mì quý của mình ra đánh cược đấy.",C?n ti?ng Anh nghi v?n: Battier | S? t?/c?m nghi v?n: 1 | T? l? nghi v?n: 0.2 | M?c ??: 5.0
"But truth be told, it's not the treasures themselves that draw me in. It's the stories—the legend of Drake himself.","Nhưng thật ra, thứ thu hút ta không phải là kho báu. Mà là những câu chuyện—huyền thoại về chính Drake.",C?n ti?ng Anh nghi v?n: Drake | S? t?/c?m nghi v?n: 1 | T? l? nghi v?n: 0.2 | M?c ??: 5.0
"Hmm… so you're saying we may need to trade something precious, like our heart, for the treasure?","Hmm… vậy là cậu nói chúng ta có thể phải đánh đổi thứ gì đó quý giá, như trái tim chẳng hạn, để lấy kho báu sao?",C?n ti?ng Anh nghi v?n: Hmm | S? t?/c?m nghi v?n: 1 | T? l? nghi v?n: 0.2 | M?c ??: 5.0
"Aldric just laughed, calling it foolish. He said, ""You fool! With Drake's treasure, you can crush anyone and make everyone's life better by force!""","Aldric chỉ cười khẩy, gọi đó là hành động ngu ngốc. Hắn nói: ""Đồ ngốc! Với kho báu của Drake, ngươi có thể đè bẹp bất kỳ ai và bắt cả thế giới phải sống tốt hơn bằng nắm đấm của mình!""",C?n ti?ng Anh nghi v?n: Aldric | S? t?/c?m nghi v?n: 1 | T? l? nghi v?n: 0.2 | M?c ??: 5.0
"Hahaha! I had faith in you, my friend, and the spirit of adventure.","Hahaha! Ta đã tin tưởng cậu, bạn ta, và tinh thần phiêu lưu.",C?n ti?ng Anh nghi v?n: Hahaha | S? t?/c?m nghi v?n: 1 | T? l? nghi v?n: 0.2 | M?c ??: 5.0
"Normally, Captain Brant calls the shots, but since the helm is yours, I'm all ears!","Thông thường, Đội trưởng Brant sẽ là người chỉ huy, nhưng giờ quyền quyết định nằm trong tay cậu rồi, tôi nghe lệnh đây!",C?n ti?ng Anh nghi v?n: Brant | S? t?/c?m nghi v?n: 1 | T? l? nghi v?n: 0.2 | M?c ??: 5.0
"Haha! We've braved wuthering waves and stared down every tide! We're seasoned sailors, {PlayerName}!","Haha! Chúng ta đã vượt qua bao cơn sóng dữ và đối mặt với mọi thủy triều! Ta là những thủy thủ dày dạn, {PlayerName}!",C?n ti?ng Anh nghi v?n: Haha | S? t?/c?m nghi v?n: 1 | T? l? nghi v?n: 0.2 | M?c ??: 5.0
"Captain Brant might be whimsical at times, but when the chips are down, he always pulls everyone through.","Thuyền trưởng Brant đôi khi có vẻ kỳ quặc, nhưng khi tình thế nguy cấp, ông ấy luôn đưa mọi người vượt qua khó khăn.",C?n ti?ng Anh nghi v?n: Brant | S? t?/c?m nghi v?n: 1 | T? l? nghi v?n: 0.2 | M?c ??: 5.0
"Haha, don't worry. It was a joke. I hope you've been enjoying yourself today.","Haha, đừng lo. Đùa thôi mà. Hy vọng hôm nay cậu đã vui vẻ nhé.",C?n ti?ng Anh nghi v?n: Haha | S? t?/c?m nghi v?n: 1 | T? l? nghi v?n: 0.2 | M?c ??: 5.0
"As if to chase away any worries, Brant hums softly.","Như để xua tan mọi lo âu, Brant khẽ ngân nga.",C?n ti?ng Anh nghi v?n: Brant | S? t?/c?m nghi v?n: 1 | T? l? nghi v?n: 0.2 | M?c ??: 5.0
"""A thousand stars light up the air. Freedom blooms like flowers wide."" That was her favorite line from an opera.","""Ngàn vì sao thắp sáng bầu trời. Tự do nở rộ như hoa tươi."" Đó là câu hát cô ấy yêu thích nhất trong một vở opera.",C?n ti?ng Anh nghi v?n: opera | S? t?/c?m nghi v?n: 1 | T? l? nghi v?n: 0.2 | M?c ??: 5.0
"Maybe the stage isn't bright enough? The North Star in <i>Pegasus</i> is the symbol of hope after all, so it should be brighter.","Có khi sân khấu chưa đủ sáng? Sao Bắc Đẩu trong *Pegasus* là biểu tượng của hy vọng mà, phải sáng hơn chứ.",C?n ti?ng Anh nghi v?n: Pegasus | S? t?/c?m nghi v?n: 1 | T? l? nghi v?n: 0.2 | M?c ??: 5.0
"Ah, yes. I can still picture the star's brilliant glow in my head... It was just like the North Star in <i>Pegasus</i>.","À, đúng vậy. Trong đầu mình vẫn còn hình ảnh ánh sáng rực rỡ của ngôi sao ấy... Nó giống hệt như sao Bắc Đẩu trong *Pegasus*.",C?n ti?ng Anh nghi v?n: Pegasus | S? t?/c?m nghi v?n: 1 | T? l? nghi v?n: 0.2 | M?c ??: 5.0
Now we can finally perform <i>Pegasus</i> together. Nobody is going to be left out.,Giờ chúng ta cuối cùng cũng có thể biểu diễn <i>Pegasus</i> cùng nhau. Sẽ không ai bị bỏ lại phía sau.,C?n ti?ng Anh nghi v?n: Pegasus | S? t?/c?m nghi v?n: 1 | T? l? nghi v?n: 0.2 | M?c ??: 5.0
"Apparently, the real Archdemon isn't the Echoes that created the maze. It's the one pulling the strings behind all this.",Hình như Archdemon thật sự không phải là Echo tạo ra mê cung. Mà là kẻ đứng sau giật dây tất cả.,C?n ti?ng Anh nghi v?n: Archdemon | S? t?/c?m nghi v?n: 1 | T? l? nghi v?n: 0.2 | M?c ??: 5.0
"Thank you so much, I thought our opera days around the star were gone for good...",Cảm ơn anh rất nhiều... Em cứ ngỡ những ngày biểu diễn opera quanh ngôi sao này đã mãi mãi biến mất rồi...,C?n ti?ng Anh nghi v?n: opera | S? t?/c?m nghi v?n: 1 | T? l? nghi v?n: 0.2 | M?c ??: 5.0
"A place blessed by the Sentinel, where divine glory converges—the Avinoleum Theological Seminary.","Nơi được Sentinel ban phước, nơi vinh quang thần thánh hội tụ—Học viện Thần học Avinoleum.",C?n ti?ng Anh nghi v?n: Avinoleum | S? t?/c?m nghi v?n: 1 | T? l? nghi v?n: 0.2 | M?c ??: 5.0
A Wingray. Up there! Maybe we can fly over there.,Con Wingray. Ở trên đó! Có lẽ chúng ta có thể bay qua đó.,C?n ti?ng Anh nghi v?n: Wingray | S? t?/c?m nghi v?n: 1 | T? l? nghi v?n: 0.2 | M?c ??: 5.0
Energy from my Second Awakening is but one of many mixed in the fragments. There are also frequencies that belong to the daughters of the Fisalia family.,Năng lượng từ Lần Thức Tỉnh Thứ Hai của ta chỉ là một trong vô vàn mảnh ghép. Còn có cả những tần số thuộc về các cô con gái nhà Fisalia nữa.,C?n ti?ng Anh nghi v?n: Fisalia | S? t?/c?m nghi v?n: 1 | T? l? nghi v?n: 0.2 | M?c ??: 5.0
Looks like we've been hit by the weird frequency in that message. I should check out what's going on in Egla Town.,Có vẻ như chúng ta đã bị nhiễm tần số kỳ lạ trong tin nhắn đó. Tớ nên đi kiểm tra tình hình ở Thị trấn Egla thôi.,C?n ti?ng Anh nghi v?n: Egla | S? t?/c?m nghi v?n: 1 | T? l? nghi v?n: 0.2 | M?c ??: 5.0
"As the head of Fisalia, I must offer you a fitting reward for all the efforts you made.","Là người đứng đầu Fisalia, ta phải trao cho ngươi phần thưởng xứng đáng với những nỗ lực ngươi đã bỏ ra.",C?n ti?ng Anh nghi v?n: Fisalia | S? t?/c?m nghi v?n: 1 | T? l? nghi v?n: 0.2 | M?c ??: 5.0
"Here, a special elixir I've prepared with Albizia flowers—their gentle, lingering fragrance can waft through reality into your dream.","Đây, một loại thuốc đặc biệt ta pha chế từ hoa Albizia—hương thơm dịu dàng, lưu luyến của chúng có thể lan tỏa từ thực tại vào giấc mơ của ngươi.",C?n ti?ng Anh nghi v?n: Albizia | S? t?/c?m nghi v?n: 1 | T? l? nghi v?n: 0.2 | M?c ??: 5.0
"Ms. Rosemary at the Apothecary gave me this special medicine! Just a tiny dab, and the pain's all gone!",Dì Rosemary ở tiệm thuốc cho con loại thuốc đặc biệt này! Chỉ cần chấm một chút thôi mà cơn đau tan biến ngay!,C?n ti?ng Anh nghi v?n: Rosemary | S? t?/c?m nghi v?n: 1 | T? l? nghi v?n: 0.2 | M?c ??: 5.0
"It's understandable. Hearing a Laureate perform is an honor, a blessing for everyone in Rinascita.","Điều đó dễ hiểu mà. Được nghe một Laureate biểu diễn là vinh dự, là phước lành cho mọi người ở Rinascita.",C?n ti?ng Anh nghi v?n: Laureate | S? t?/c?m nghi v?n: 1 | T? l? nghi v?n: 0.2 | M?c ??: 5.0
"It only strengthens your suspicion that the ""ghost girl"" must be connected to the Fisalia castle.","Điều đó chỉ càng củng cố nghi ngờ của cậu rằng ""cô gái ma"" kia hẳn có liên quan đến lâu đài Fisalia.",C?n ti?ng Anh nghi v?n: Fisalia | S? t?/c?m nghi v?n: 1 | T? l? nghi v?n: 0.2 | M?c ??: 5.0
"A sharp headache interrupts your thoughts, the distorted frequencies intensifying. Through the pain, you find a reason to visit the Fisalia castle.","Một cơn đau đầu nhói đột ngột cắt ngang dòng suy nghĩ của cậu, những tần số méo mó ngày càng dữ dội. Qua cơn đau, cậu tìm thấy lý do để đến lâu đài Fisalia.",C?n ti?ng Anh nghi v?n: Fisalia | S? t?/c?m nghi v?n: 1 | T? l? nghi v?n: 0.2 | M?c ??: 5.0
"In the bustling event, you spot Cantarella in the crowd. She smiles at you from a distance and signals you to follow her.","Giữa sự náo nhiệt của sự kiện, cậu bắt gặp Cantarella trong đám đông. Cô nở nụ cười từ xa rồi ra hiệu bảo cậu đi theo.",C?n ti?ng Anh nghi v?n: Cantarella | S? t?/c?m nghi v?n: 1 | T? l? nghi v?n: 0.2 | M?c ??: 5.0
"In that hellish duel, Cantarella shielded us with illusions.","Trong trận chiến địa ngục đó, Cantarella đã dùng ảo ảnh để che chở cho chúng ta.",C?n ti?ng Anh nghi v?n: Cantarella | S? t?/c?m nghi v?n: 1 | T? l? nghi v?n: 0.2 | M?c ??: 5.0
"The Fisalia doesn't enjoy a good reputation, and some villagers would resist my presence. At this point, causing any complication is the last thing I want.","Gia tộc Fisalia không mấy danh tiếng tốt đẹp, và một số dân làng sẽ phản đối sự hiện diện của ta. Đến nước này, gây thêm rắc rối là điều ta không hề muốn.",C?n ti?ng Anh nghi v?n: Fisalia | S? t?/c?m nghi v?n: 1 | T? l? nghi v?n: 0.2 | M?c ??: 5.0
"Cantarella, since you were part of the trials yourself, why not just tell me the secret?","Cantarella à, chính cậu cũng từng tham gia thử nghiệm mà, sao không nói luôn bí mật cho tớ biết đi?",C?n ti?ng Anh nghi v?n: Cantarella | S? t?/c?m nghi v?n: 1 | T? l? nghi v?n: 0.2 | M?c ??: 5.0
"If I were to reveal everything about the past all at once, this Sonoro could grow unstable or even collapse, drowning us in its wake.","Nếu ta tiết lộ toàn bộ quá khứ trong một lần, Sonoro này có thể trở nên bất ổn, thậm chí sụp đổ, nhấn chìm tất cả chúng ta trong cơn sóng dữ.",C?n ti?ng Anh nghi v?n: Sonoro | S? t?/c?m nghi v?n: 1 | T? l? nghi v?n: 0.2 | M?c ??: 5.0
"For him, regardless of blood, the Maiden must be a Fisalia. To this end, no sacrifice was too great.","Với ông ta, dù huyết thống thế nào, Trinh Nữ cũng phải là người nhà Fisalia. Vì mục tiêu đó, không hy sinh nào là quá lớn.",C?n ti?ng Anh nghi v?n: Fisalia | S? t?/c?m nghi v?n: 1 | T? l? nghi v?n: 0.2 | M?c ??: 5.0
A man named Bardolino once told me that the Sentinel recommended this dish to him during the Carnevale.,Một người tên Bardolino từng nói với tôi rằng Sentinel đã giới thiệu món này cho ông ấy trong lễ hội Carnevale.,C?n ti?ng Anh nghi v?n: Bardolino | S? t?/c?m nghi v?n: 1 | T? l? nghi v?n: 0.2 | M?c ??: 5.0
"You see, when I destroyed the Threnodian that had taken over the Sentinel's body, It immediately began to assimilate into Fleurdelys, Its Resonator.","Cậu thấy đấy, khi tớ tiêu diệt con Threnodian đã chiếm lấy thân xác của Sentinel, nó lập tức bắt đầu đồng hóa vào Fleurdelys, Cộng Hưởng Giả của nó.",C?n ti?ng Anh nghi v?n: Fleurdelys | S? t?/c?m nghi v?n: 1 | T? l? nghi v?n: 0.2 | M?c ??: 5.0
"To pass the Divine Trials, every potential Maiden must resonate with the Sentinel through Tyrvine.","Để vượt qua Thử Thách Thần Thánh, mỗi ứng cử viên Trinh Nữ phải cộng hưởng với Sentinel thông qua Tyrvine.",C?n ti?ng Anh nghi v?n: Tyrvine | S? t?/c?m nghi v?n: 1 | T? l? nghi v?n: 0.2 | M?c ??: 5.0
"The lost memories fall into this Sonoro Sphere, each carrying faint traces of the Sentinel's power. The power within those fragments of truth.","Những ký ức thất lạc rơi vào Quả Cầu Sonoro này, mỗi mảnh đều mang theo dấu vết mờ nhạt của sức mạnh Sentinel. Sức mạnh tiềm ẩn trong những mảnh vỡ của chân lý.",C?n ti?ng Anh nghi v?n: Sonoro | S? t?/c?m nghi v?n: 1 | T? l? nghi v?n: 0.2 | M?c ??: 5.0
"But you, Cartethyia... you alone must choose to wield it. Only then will it become the ""Blessed Maiden's Sword.""","Nhưng ngươi, Cartethyia... chỉ có mình ngươi mới có thể chọn sử dụng nó. Chỉ khi đó, nó mới trở thành ""Thanh Kiếm Trinh Nữ Ban Phước"".",C?n ti?ng Anh nghi v?n: Cartethyia | S? t?/c?m nghi v?n: 1 | T? l? nghi v?n: 0.2 | M?c ??: 5.0
(That's exactly what happened with Jinhsi. Could Imperator be trying to restore Their power through a Second Awakening?),(Chuyện này y hệt với Jinhsi. Lẽ nào Imperator đang cố khôi phục sức mạnh của Chúng qua Lần Thức Tỉnh Thứ Hai?),C?n ti?ng Anh nghi v?n: Jinhsi | S? t?/c?m nghi v?n: 1 | T? l? nghi v?n: 0.2 | M?c ??: 5.0
"We were of one body. Therefore, when Fleurdelys became Leviathan's Resonator, she also became mine.","Chúng ta vốn là một. Vì vậy, khi Fleurdelys trở thành Cộng Hưởng Giả của Leviathan, nàng cũng trở thành của ta.",C?n ti?ng Anh nghi v?n: Fleurdelys | S? t?/c?m nghi v?n: 1 | T? l? nghi v?n: 0.2 | M?c ??: 5.0
"We Fisalias revere Imperator as our one true Divinity. And yet here you stand, the Arbiter of the Sentinel.","Chúng ta, tộc Fisalias, tôn thờ Imperator như vị thần duy nhất. Ấy vậy mà ngươi lại đứng đây, kẻ Phán Quyết của Sentinel.",C?n ti?ng Anh nghi v?n: Fisalias | S? t?/c?m nghi v?n: 1 | T? l? nghi v?n: 0.2 | M?c ??: 5.0
Tyrvine can only serve its purpose while in your hands. You should have it.,Tyrvine chỉ phát huy tác dụng khi ở trong tay cậu. Cậu nên giữ nó.,C?n ti?ng Anh nghi v?n: Tyrvine | S? t?/c?m nghi v?n: 1 | T? l? nghi v?n: 0.2 | M?c ??: 5.0
"I was sent by Lady Carlotta to find you. As I passed that abandoned house, I suddenly felt this... well, you know, rush of inspiration that just can't be ignored! So, I stopped to compose a piece...","Tớ được Quý cô Carlotta cử đi tìm cậu. Khi đi ngang qua ngôi nhà hoang đó, tớ bỗng thấy... à, cậu biết đấy, cảm hứng ào ạt đến không thể kìm nén! Thế là tớ dừng lại để sáng tác một bản nhạc...",C?n ti?ng Anh nghi v?n: Carlotta | S? t?/c?m nghi v?n: 1 | T? l? nghi v?n: 0.2 | M?c ??: 5.0
"I can sense the conflict within you, the temptation to trust your Maiden. But it's best to keep those thoughts to yourself, for now.","Tôi cảm nhận được sự giằng xé trong lòng cậu, sự cám dỗ muốn tin tưởng Maiden của mình. Nhưng tốt nhất là giữ những suy nghĩ đó cho riêng mình thôi, ít nhất là lúc này.",C?n ti?ng Anh nghi v?n: Maiden | S? t?/c?m nghi v?n: 1 | T? l? nghi v?n: 0.2 | M?c ??: 5.0
"This must be the Sword of Divinity—Tyrvine, the one with the Sentinel's powers sealed within.","Đây hẳn là Thanh Kiếm Thần Linh—Tyrvine, thứ chứa đựng sức mạnh của Sentinel bên trong.",C?n ti?ng Anh nghi v?n: Tyrvine | S? t?/c?m nghi v?n: 1 | T? l? nghi v?n: 0.2 | M?c ??: 5.0
"Ahem... I'll pass this information on to Lady Carlotta. So, what do you plan to do next?",Ờ hừm... Ta sẽ báo lại thông tin này cho Quý bà Carlotta. Vậy cậu định làm gì tiếp theo?,C?n ti?ng Anh nghi v?n: Carlotta | S? t?/c?m nghi v?n: 1 | T? l? nghi v?n: 0.2 | M?c ??: 5.0
There's no knowing what will happen once Tyrvine is placed on the pedestal. It's best we prepare ourselves.,Không ai biết điều gì sẽ xảy ra khi Tyrvine được đặt lên bệ. Tốt nhất chúng ta nên chuẩn bị sẵn sàng.,C?n ti?ng Anh nghi v?n: Tyrvine | S? t?/c?m nghi v?n: 1 | T? l? nghi v?n: 0.2 | M?c ??: 5.0
(Describe what you saw to Cartethyia.),"Cartethyia, ta đã thấy... một thành phố chìm trong băng giá, nơi những cột ánh sáng xuyên qua màn sương, như thể kêu gọi ai đó trở về.",C?n ti?ng Anh nghi v?n: Cartethyia | S? t?/c?m nghi v?n: 1 | T? l? nghi v?n: 0.2 | M?c ??: 5.0
"That was a long time ago. After their defeat, the union was disbanded under immense pressure, and the Fisalias gradually withdrew from the public eye.","Chuyện đó đã lâu lắm rồi. Sau thất bại, liên minh bị giải tán dưới áp lực khủng khiếp, và gia tộc Fisalias dần rút lui khỏi mắt công chúng.",C?n ti?ng Anh nghi v?n: Fisalias | S? t?/c?m nghi v?n: 1 | T? l? nghi v?n: 0.2 | M?c ??: 5.0
I imagine it concerns... the Fisalia family's true beliefs?,Ta đoán là chuyện này liên quan đến… niềm tin thực sự của gia tộc Fisalia?,C?n ti?ng Anh nghi v?n: Fisalia | S? t?/c?m nghi v?n: 1 | T? l? nghi v?n: 0.2 | M?c ??: 5.0
"""Smart Suggestion: If you are in need of a flying vehicle, we recommend trying out Wingrays, which may bring you a fresh and unique flying experience in Ragunna!""","""Gợi ý thông minh: Nếu bạn cần phương tiện bay, chúng tôi khuyên bạn thử Wingrays để trải nghiệm cảm giác bay mới lạ và độc đáo tại Ragunna!""",C?n ti?ng Anh nghi v?n: Wingrays | S? t?/c?m nghi v?n: 1 | T? l? nghi v?n: 0.2 | M?c ??: 5.0
"Ragunna once went through a hell of a time. The Order was hit with major losses, including many of their best. The chaos lasted for quite a while.","Ragunna đã từng trải qua một thời kỳ địa ngục. The Order chịu tổn thất nặng nề, bao gồm nhiều thành viên ưu tú nhất. Tình hình hỗn loạn kéo dài khá lâu.",C?n ti?ng Anh nghi v?n: Order | S? t?/c?m nghi v?n: 1 | T? l? nghi v?n: 0.2 | M?c ??: 5.0
"Ragunna once went through a hell of a time. The Order was hit with major losses, including many of their best. The chaos lasted for quite a while.","Ragunna đã từng trải qua một thời kỳ địa ngục. The Order chịu tổn thất nặng nề, bao gồm nhiều thành viên ưu tú nhất. Tình hình hỗn loạn kéo dài khá lâu.",C?n ti?ng Anh nghi v?n: Order | S? t?/c?m nghi v?n: 1 | T? l? nghi v?n: 0.2 | M?c ??: 5.0
"Not a chance! It's my hostage now... This is an Echonapping, you hear!","Không đời nào! Giờ nó là con tin của ta rồi... Đây là vụ Echonapping, nghe chưa!",C?n ti?ng Anh nghi v?n: Echonapping | S? t?/c?m nghi v?n: 1 | T? l? nghi v?n: 0.2 | M?c ??: 5.0
"So that's it. You are worried the Terminal was supplied by someone from the Montelli family, aren't you?",Thế à. Cậu lo là Thiết bị đầu cuối được cung cấp bởi ai đó từ gia tộc Montelli phải không?,C?n ti?ng Anh nghi v?n: Montelli | S? t?/c?m nghi v?n: 1 | T? l? nghi v?n: 0.2 | M?c ??: 5.0
"The next day, you get a call from Zani as you're wandering on the street.","Hôm sau, khi đang lang thang trên phố, cậu nhận được cuộc gọi từ Zani.",C?n ti?ng Anh nghi v?n: Zani | S? t?/c?m nghi v?n: 1 | T? l? nghi v?n: 0.2 | M?c ??: 5.0
Will they even let us stay in Capitoline Hill after this? I'm scared of what comes next—,"Liệu sau chuyện này, họ có cho chúng ta ở lại Đồi Capitoline không? Em sợ những gì sẽ đến…",C?n ti?ng Anh nghi v?n: Capitoline | S? t?/c?m nghi v?n: 1 | T? l? nghi v?n: 0.2 | M?c ??: 5.0
"(After Cartethyia and Fleurdelys's frequencies merged, she got her body back. If she passed through here, people would've seen her.)","(Sau khi tần số của Cartethyia và Fleurdelys hòa làm một, cô ấy đã lấy lại được thân xác. Nếu cô ấy đi qua đây, chắc hẳn mọi người đã nhìn thấy.)",C?n ti?ng Anh nghi v?n: Cartethyia | S? t?/c?m nghi v?n: 1 | T? l? nghi v?n: 0.2 | M?c ??: 5.0
You following me? Watching me and Lupa?,Theo dõi ta hả? Theo dõi ta với Lupa à?,C?n ti?ng Anh nghi v?n: Lupa | S? t?/c?m nghi v?n: 1 | T? l? nghi v?n: 0.2 | M?c ??: 5.0
"Like the Ragunnesi, our ancestors were displaced and forced to sail through stormy seas. But I think that was a test of our strength.","Giống như người Ragunnesi, tổ tiên chúng ta cũng bị lưu đày và buộc phải vượt biển trong bão tố. Nhưng ta nghĩ đó là thử thách để tôi luyện sức mạnh của chúng ta.",C?n ti?ng Anh nghi v?n: Ragunnesi | S? t?/c?m nghi v?n: 1 | T? l? nghi v?n: 0.2 | M?c ??: 5.0
"It's said They even met her... I can't help but wonder what happened. As the Sentinel's fellow warriors, we Septimontians pay heed to Their actions.","Nghe nói Họ thậm chí đã gặp cô ấy... Không biết chuyện gì đã xảy ra. Là đồng đội của Sentinel, chúng ta, những người Septimontians, phải chú ý đến hành động của Họ.",C?n ti?ng Anh nghi v?n: Septimontians | S? t?/c?m nghi v?n: 1 | T? l? nghi v?n: 0.2 | M?c ??: 5.0
"Alright, Emilio. Why don't you take your band of cowards and get out of my way before I decide to handle it myself?","Được rồi, Emilio. Tại sao ngươi không dẫn đám tép riu của ngươi biến đi trước khi ta tự giải quyết?",C?n ti?ng Anh nghi v?n: Emilio | S? t?/c?m nghi v?n: 1 | T? l? nghi v?n: 0.2 | M?c ??: 5.0
Reconsider? Ha! You think I should keep playing along and stay blind to your match-fixing?,Xem lại ư? Ha! Ngươi tưởng ta sẽ tiếp tục làm trò hề và nhắm mắt làm ngơ trước trò gian lận của các người sao?,C?n ti?ng Anh nghi v?n: Ha | S? t?/c?m nghi v?n: 1 | T? l? nghi v?n: 0.2 | M?c ??: 5.0
"Cartethyia... No, never heard of her. What's going on with her?","Cartethyia... Không, chưa từng nghe tên bao giờ. Chuyện gì đang xảy ra với cô ta vậy?",C?n ti?ng Anh nghi v?n: Cartethyia | S? t?/c?m nghi v?n: 1 | T? l? nghi v?n: 0.2 | M?c ??: 5.0
"They're probably betting against me in secret. Ha, doesn't matter. Once we win, they'll lose it all. Serves 'em right.","Chắc họ đang cá cược ngầm chống lại ta đấy. Ha, không sao cả. Một khi chúng ta thắng, họ sẽ mất trắng hết. Đáng đời!",C?n ti?ng Anh nghi v?n: Ha | S? t?/c?m nghi v?n: 1 | T? l? nghi v?n: 0.2 | M?c ??: 5.0
But it's still better now than it was before. The mess they made before the current Ephor took over was...,Nhưng giờ vẫn tốt hơn hồi trước nhiều. Cái mớ hỗn độn mà bọn họ gây ra trước khi Ephor hiện tại lên nắm quyền mới kinh khủng làm sao...,C?n ti?ng Anh nghi v?n: Ephor | S? t?/c?m nghi v?n: 1 | T? l? nghi v?n: 0.2 | M?c ??: 5.0
"For centuries, countless Gladiators have walked this very path to Colosseum Olymdos... just as we are now.","Hàng thế kỷ qua, vô số Chiến Binh đã bước trên con đường này dẫn tới Đấu Trường Olymdos... giống như chúng ta bây giờ.",C?n ti?ng Anh nghi v?n: Olymdos | S? t?/c?m nghi v?n: 1 | T? l? nghi v?n: 0.2 | M?c ??: 5.0
"Once we win the Great Agon, I'll make everything public. In Septimont, only the winners get to speak their truth.","Một khi giành chiến thắng trong Đại Agon, tôi sẽ công khai tất cả. Ở Septimont, chỉ kẻ thắng mới có quyền nói lên sự thật.",C?n ti?ng Anh nghi v?n: Agon | S? t?/c?m nghi v?n: 1 | T? l? nghi v?n: 0.2 | M?c ??: 5.0
"Don't worry, we can follow the lead on Arsinosa.","Đừng lo, chúng ta có thể lần theo manh mối về Arsinosa.",C?n ti?ng Anh nghi v?n: Arsinosa | S? t?/c?m nghi v?n: 1 | T? l? nghi v?n: 0.2 | M?c ??: 5.0
"Tercules… His statues once stood tall on both sides of the street, watching over the heroes of Septimont as they set out to hunt.","Tercules… Những bức tượng của ông từng sừng sững hai bên đường, dõi theo các anh hùng của Septimont lên đường săn lùng.",C?n ti?ng Anh nghi v?n: Tercules | S? t?/c?m nghi v?n: 1 | T? l? nghi v?n: 0.2 | M?c ??: 5.0
"(What's that creature she's facing? A half-human, half-lion Tacet Discord? Or a special Echo?)",(Con quái vật cô ấy đang đối mặt là gì vậy? Một Tacet Discord nửa người nửa sư tử? Hay là một Echo đặc biệt?),C?n ti?ng Anh nghi v?n: Discord | S? t?/c?m nghi v?n: 1 | T? l? nghi v?n: 0.2 | M?c ??: 5.0
"Wide open skies… Ah, Septimont. I just hope this year's Great Agon doesn't leave me disappointed.","Bầu trời rộng mở… À, Septimont. Chỉ mong Đại Agon năm nay đừng làm ta thất vọng.",C?n ti?ng Anh nghi v?n: Agon | S? t?/c?m nghi v?n: 1 | T? l? nghi v?n: 0.2 | M?c ??: 5.0
"Compared to those drifting through life, I've already been given so much. But sometimes...","So với những kẻ lang thang vô định, tôi đã được cho quá nhiều. Nhưng đôi khi...",C?n ti?ng Anh nghi v?n: So | S? t?/c?m nghi v?n: 1 | T? l? nghi v?n: 0.2 | M?c ??: 5.0
"Scar, your nameless ally, and you... The Fractsidus seems to revel in the company of those with twisted obsessions.","Scar, kẻ đồng minh vô danh của ngươi, và cả ngươi... Fractsidus dường như rất thích kết giao với những kẻ có nỗi ám ảnh méo mó.",C?n ti?ng Anh nghi v?n: Scar | S? t?/c?m nghi v?n: 1 | T? l? nghi v?n: 0.2 | M?c ??: 5.0
"As expected, the Silvas chose to face us in the semi-finals. The news spreads quickly.","Đúng như dự đoán, nhà Silvas chọn đối đầu với ta ở bán kết. Tin tức lan nhanh thật.",C?n ti?ng Anh nghi v?n: Silvas | S? t?/c?m nghi v?n: 1 | T? l? nghi v?n: 0.2 | M?c ??: 5.0
Do not disappoint me or Augusta in tomorrow's final.,Đừng làm ta và Augusta thất vọng trong trận chung kết ngày mai nhé.,C?n ti?ng Anh nghi v?n: Augusta | S? t?/c?m nghi v?n: 1 | T? l? nghi v?n: 0.2 | M?c ??: 5.0
"Deal. But we'll need new terms. I trust you'll draw up a contract that satisfies me, Cartur?","Thỏa thuận. Nhưng chúng ta cần điều khoản mới. Ta tin cậu sẽ soạn hợp đồng làm ta hài lòng chứ, Cartur?",C?n ti?ng Anh nghi v?n: Cartur | S? t?/c?m nghi v?n: 1 | T? l? nghi v?n: 0.2 | M?c ??: 5.0
"How much do you know about it? This is our second time meeting, Buling. That can't be a coincidence.","Cậu biết được bao nhiêu về chuyện này? Đây là lần thứ hai chúng ta gặp nhau, Buling à. Không thể chỉ là sự trùng hợp đâu.",C?n ti?ng Anh nghi v?n: Buling | S? t?/c?m nghi v?n: 1 | T? l? nghi v?n: 0.2 | M?c ??: 5.0
"Turns out, Mya spent almost all her time out of the arena training. Beyond the barest of needs, she devoted herself to honing her craft.","Hóa ra Mya gần như dành toàn bộ thời gian ngoài đấu trường để luyện tập. Ngoài những nhu cầu tối thiểu, cô ấy toàn tâm toàn ý trau dồi kỹ năng của mình.",C?n ti?ng Anh nghi v?n: Mya | S? t?/c?m nghi v?n: 1 | T? l? nghi v?n: 0.2 | M?c ??: 5.0
Hearing the voices of our ancestors by Arsinosa's side is a great source of strength for Septimontians.,"Bên bờ Arsinosa, được nghe tiếng nói của tổ tiên là nguồn sức mạnh lớn lao cho người Septimontians.",C?n ti?ng Anh nghi v?n: Septimontians | S? t?/c?m nghi v?n: 1 | T? l? nghi v?n: 0.2 | M?c ??: 5.0
"({PlayerName} hasn't learned this yet, but I now remember traveling with Cartethyia. I can't be in the real world.)","(Rover {PlayerName} chưa biết điều này, nhưng giờ tôi nhớ ra mình đã từng du hành cùng Cartethyia. Tôi không thể ở trong thế giới thực được.)",C?n ti?ng Anh nghi v?n: Cartethyia | S? t?/c?m nghi v?n: 1 | T? l? nghi v?n: 0.2 | M?c ??: 5.0
"(Cartethyia saved me, changed my fate, and led me to the Warrior, who stopped the Threnodian in the last story. So in this time, I haven't lost my memory.)","Cartethyia đã cứu mình, thay đổi vận mệnh của mình, rồi dẫn mình đến gặp Chiến Binh, người đã ngăn chặn Threnodian trong câu chuyện trước. Vậy nên lần này, mình không bị mất trí nhớ.",C?n ti?ng Anh nghi v?n: Cartethyia | S? t?/c?m nghi v?n: 1 | T? l? nghi v?n: 0.2 | M?c ??: 5.0
"Yes, Septimont will host the Great Agon soon. I've come up with a rather intriguing idea.","Đúng, Septimont sắp đăng cai Đại Agon. Ta vừa nảy ra một ý tưởng khá thú vị.",C?n ti?ng Anh nghi v?n: Agon | S? t?/c?m nghi v?n: 1 | T? l? nghi v?n: 0.2 | M?c ??: 5.0
"Really, compared to those Septimontians who've long forgotten Mya, the story I've written for her is far more thrilling! Don't you agree?","Thật mà, so với mấy kẻ ở Septimonti đã quên béng Mya từ lâu, câu chuyện tớ viết cho cô ấy còn ly kỳ hơn nhiều! Cậu không nghĩ thế à?",C?n ti?ng Anh nghi v?n: Mya | S? t?/c?m nghi v?n: 1 | T? l? nghi v?n: 0.2 | M?c ??: 5.0
"Hmm... I think it's time we compare notes. Let's fill in this <color=RedD>story's</color> blanks, shall we?",Hừm... Tớ nghĩ đã đến lúc chúng ta so sánh ghi chép rồi. Cùng lấp đầy những khoảng trống trong <color=RedD>story's</color> này nhé?,C?n ti?ng Anh nghi v?n: story's | S? t?/c?m nghi v?n: 1 | T? l? nghi v?n: 0.2 | M?c ??: 5.0
Did Arsinosa just take off for the Vale of Glory?,Arsinosa vừa bay thẳng đến Thung Lũng Vinh Quang à?,C?n ti?ng Anh nghi v?n: Arsinosa | S? t?/c?m nghi v?n: 1 | T? l? nghi v?n: 0.2 | M?c ??: 5.0
The story goes that Arsinosa and Imperator were there for a while... What really happened back then?,Người ta kể rằng Arsinosa và Imperator đã ở đó một thời gian... Chuyện gì đã thực sự xảy ra vào thời điểm đó?,C?n ti?ng Anh nghi v?n: Arsinosa | S? t?/c?m nghi v?n: 1 | T? l? nghi v?n: 0.2 | M?c ??: 5.0
"(The closer to the Vale of Glory, the more the normal world and the anomaly <color=RedD>overlap</color>. Whatever lies ahead must be the key to all of this.)","(Càng đến gần Thung Lũng Vinh Quang, thế giới bình thường và dị thường lại càng <color=RedD>overlap</color> nhau. Điều gì đang chờ phía trước hẳn là chìa khóa của tất cả.)",C?n ti?ng Anh nghi v?n: overlap | S? t?/c?m nghi v?n: 1 | T? l? nghi v?n: 0.2 | M?c ??: 5.0
The submerged aqueducts... I remember reading about them in the Silva records. There used to be an underground waterway leading to the plains.,Những đường dẫn nước ngầm... Tớ nhớ đã đọc về chúng trong ghi chép của Silva. Trước kia từng có một hệ thống kênh nước ngầm dẫn ra vùng đồng bằng.,C?n ti?ng Anh nghi v?n: Silva | S? t?/c?m nghi v?n: 1 | T? l? nghi v?n: 0.2 | M?c ??: 5.0
You make an opening in the bushes. KU-Cage's screen lights up with a cheerful smile as it wobbles free and floats in front of you.,Cậu vén bụi cây ra. Màn hình KU-Cage sáng lên với nụ cười rạng rỡ khi nó lắc lư thoát ra và lơ lửng trước mặt cậu.,C?n ti?ng Anh nghi v?n: KU | S? t?/c?m nghi v?n: 1 | T? l? nghi v?n: 0.2 | M?c ??: 5.0
"...And then bam! Got sideswiped by a passing Cloudpuffer. Crashed straight into the bushes. Tried yelling for help, but the music was so loud, no one heard me.","...Rồi bùm! Bị một con Cloudpuffer đi ngang húc trúng. Đâm thẳng vào bụi rậm. Tôi cố gào cứu nhưng nhạc ầm ĩ quá, chẳng ai nghe thấy.",C?n ti?ng Anh nghi v?n: Cloudpuffer | S? t?/c?m nghi v?n: 1 | T? l? nghi v?n: 0.2 | M?c ??: 5.0
"Remember the Chest Mimics in Rinascita? They lure people in with promises of treasure, only to devour their frequency.","Còn nhớ lũ Chest Mimic ở Rinascita không? Chúng dụ dỗ người ta bằng lời hứa kho báu, rồi nuốt chửng tần số của họ.",C?n ti?ng Anh nghi v?n: Chest | S? t?/c?m nghi v?n: 1 | T? l? nghi v?n: 0.2 | M?c ??: 5.0
"Ever since the time anomalies in Mt. Firmament stabilized, the Tacet Discords there have begun acting... unpredictably.","Kể từ khi những bất thường về thời gian ở Núi Firmament ổn định, các Tacet Discord ở đó bắt đầu hành động... khó lường.",C?n ti?ng Anh nghi v?n: Firmament | S? t?/c?m nghi v?n: 1 | T? l? nghi v?n: 0.2 | M?c ??: 5.0
Avinoleum Theological Seminary remains a mystery to the Black Shores. Threnodian and Sentinel forces once clashed there.,Học Viện Thần Học Avinoleum vẫn là một bí ẩn đối với Bờ Biển Đen. Nơi đây từng chứng kiến cuộc giao tranh khốc liệt giữa Threnody và Lực Lượng Sentinel.,C?n ti?ng Anh nghi v?n: Avinoleum | S? t?/c?m nghi v?n: 1 | T? l? nghi v?n: 0.2 | M?c ??: 5.0
Turns out some of these Morph Paintings are connected to each other. This is big. I could make a big story out of this!,Hóa ra mấy bức Morph Painting này lại liên kết với nhau. Chuyện lớn đấy! Ta có thể dựng hẳn một câu chuyện lớn từ đây!,C?n ti?ng Anh nghi v?n: Morph | S? t?/c?m nghi v?n: 1 | T? l? nghi v?n: 0.2 | M?c ??: 5.0
"To preserve history is to ensure that future generations will always remember him. Fabius was an incredibly brave warrior, and I…","Giữ gìn lịch sử là để thế hệ sau mãi nhớ đến ông. Fabius từng là một chiến binh dũng cảm phi thường, còn ta thì…",C?n ti?ng Anh nghi v?n: Fabius | S? t?/c?m nghi v?n: 1 | T? l? nghi v?n: 0.2 | M?c ??: 5.0
"I also like learning about history, and I really love Septimontian culture, so I was over the moon when they told me I'd be sent here.","Ta cũng thích tìm hiểu lịch sử, và rất yêu văn hóa Septimontian, nên khi biết mình sẽ được cử đến đây, ta đã vui không tả xiết.",C?n ti?ng Anh nghi v?n: Septimontian | S? t?/c?m nghi v?n: 1 | T? l? nghi v?n: 0.2 | M?c ??: 5.0
"Miss Postumia, I'll be sure to wave your flag from the stands when you fight in the arena!","Cô Postumia à, khi cô chiến đấu trong đấu trường, nhất định ta sẽ phất cờ cổ vũ cho cô từ khán đài!",C?n ti?ng Anh nghi v?n: Postumia | S? t?/c?m nghi v?n: 1 | T? l? nghi v?n: 0.2 | M?c ??: 5.0
"But as I said, perhaps you can persuade her. The title of Champion means a lot to the Septimontians, I believe it means a lot to Postumia as well.","Nhưng như tôi đã nói, có lẽ cậu có thể thuyết phục cô ấy. Danh hiệu Nhà Vô Địch rất có ý nghĩa với người Septimontium, và tôi tin nó cũng quan trọng với Postumia không kém.",C?n ti?ng Anh nghi v?n: Postumia | S? t?/c?m nghi v?n: 1 | T? l? nghi v?n: 0.2 | M?c ??: 5.0
"Postumia, I'm starting to see why it's important to preserve Septimont's history.","Postumia, giờ ta mới hiểu tại sao việc bảo tồn lịch sử Septimont lại quan trọng đến vậy.",C?n ti?ng Anh nghi v?n: Postumia | S? t?/c?m nghi v?n: 1 | T? l? nghi v?n: 0.2 | M?c ??: 5.0
"The changes in me and Postumia wouldn't have been possible without your help. So, do you think she ought to be a Gladiator or a historian?","Những thay đổi ở tôi và Postumia sẽ không thể xảy ra nếu không có sự giúp đỡ của cậu. Vậy theo cậu, cô ấy nên trở thành một Võ Sĩ hay một nhà sử học?",C?n ti?ng Anh nghi v?n: Postumia | S? t?/c?m nghi v?n: 1 | T? l? nghi v?n: 0.2 | M?c ??: 5.0
You tell Fulmine what happened at the Plushie Village in Septimont.,Cậu kể cho Fulmine nghe chuyện xảy ra ở Làng Gấu Bông tại Septimont.,C?n ti?ng Anh nghi v?n: Fulmine | S? t?/c?m nghi v?n: 1 | T? l? nghi v?n: 0.2 | M?c ??: 5.0
"With Tubpup's help, the Echoes are cleaned and shiny again in no time. As music sounds all over Plushie Village.","Nhờ Tubpup giúp đỡ, những Echo đã được làm sạch và sáng bóng trở lại trong nháy mắt. Âm nhạc vang lên khắp Làng Plushie.",C?n ti?ng Anh nghi v?n: Plushie | S? t?/c?m nghi v?n: 1 | T? l? nghi v?n: 0.2 | M?c ??: 5.0
"Hahaha! Come now, {PlayerName}. I may be new to this game, but even I know dueling demands you hold nothing back!","Hahaha! Thôi nào, {PlayerName}. Dù ta mới chơi trò này, nhưng ngay cả ta cũng biết đấu tay đôi thì không được giữ lại gì cả!",C?n ti?ng Anh nghi v?n: Hahaha | S? t?/c?m nghi v?n: 1 | T? l? nghi v?n: 0.2 | M?c ??: 5.0
"Hahaha! Come now, {PlayerName}. I may be new to this game, but even I know dueling demands you hold nothing back!","Hahaha! Thôi nào, {PlayerName}. Dù ta mới chơi trò này, nhưng ngay cả ta cũng biết đấu tay đôi thì không được giữ lại gì cả!",C?n ti?ng Anh nghi v?n: Hahaha | S? t?/c?m nghi v?n: 1 | T? l? nghi v?n: 0.2 | M?c ??: 5.0
"Actually, I came to pick up a recording, the one of your duel against Furius.","Thật ra thì ta đến để lấy một bản ghi âm, bản ghi lại trận đấu của cậu với Furius.",C?n ti?ng Anh nghi v?n: Furius | S? t?/c?m nghi v?n: 1 | T? l? nghi v?n: 0.2 | M?c ??: 5.0
"I heard you've become quite a big star, huh? Even folks at Solis can't stop talking about you!",Ta nghe nói cậu đã trở thành ngôi sao lớn rồi nhỉ? Đến cả dân Solis cũng không ngớt lời khen đấy!,C?n ti?ng Anh nghi v?n: Solis | S? t?/c?m nghi v?n: 1 | T? l? nghi v?n: 0.2 | M?c ??: 5.0
"Oh? Are you the new challenger? Hi there! I'm the Lord of Prestige, Liliania herself!","Ồ? Cậu là đối thủ mới à? Xin chào! Ta chính là Liliania, Chúa Tể Uy Danh đây!",C?n ti?ng Anh nghi v?n: Liliania | S? t?/c?m nghi v?n: 1 | T? l? nghi v?n: 0.2 | M?c ??: 5.0
"Hehe, after spending so much time fighting in the hunting grounds, their pride won't let them back down easily. In Septimont, strength settles everything.","Hehe, sau bao lâu chiến đấu ở bãi săn, lòng kiêu hãnh của họ sẽ không cho phép họ lùi bước dễ dàng đâu. Ở Septimont, sức mạnh quyết định tất cả.",C?n ti?ng Anh nghi v?n: Hehe | S? t?/c?m nghi v?n: 1 | T? l? nghi v?n: 0.2 | M?c ??: 5.0
"Uncle Cromer said I should hand this over to anyone who defeats me. Here, take the Nightmare Medal.","Chú Cromer bảo cháu phải giao cái này cho ai đánh bại được cháu. Đây, Huy Chương Ác Mộng của chú nè.",C?n ti?ng Anh nghi v?n: Cromer | S? t?/c?m nghi v?n: 1 | T? l? nghi v?n: 0.2 | M?c ??: 5.0
Hmph... I'm better off fighting a Tacet Discord.,Hừ... Ta thà đánh nhau với một con Tacet Discord còn hơn.,C?n ti?ng Anh nghi v?n: Discord | S? t?/c?m nghi v?n: 1 | T? l? nghi v?n: 0.2 | M?c ??: 5.0
"To the Tide with the masters, the agents, the Gladiators! I, Raul, will be free!","Cùng thủy triều đi với bọn chủ nhân, đám tay sai, lũ đấu sĩ! Ta, Raul, sẽ được tự do!",C?n ti?ng Anh nghi v?n: Raul | S? t?/c?m nghi v?n: 1 | T? l? nghi v?n: 0.2 | M?c ??: 5.0
"Haha! Once I'm free, I'll treat you to a feast!","Haha! Đợi ta được tự do, ta sẽ thiết đãi cậu một bữa tiệc linh đình!",C?n ti?ng Anh nghi v?n: Haha | S? t?/c?m nghi v?n: 1 | T? l? nghi v?n: 0.2 | M?c ??: 5.0
"—A Gladiator who's never won a single fight? Now I'm your second shot at glory, is that it?",—Một đấu sĩ Gladiator chưa thắng nổi một trận nào? Giờ ta lại là cơ hội thứ hai để ngươi kiếm vinh quang à?,C?n ti?ng Anh nghi v?n: Gladiator | S? t?/c?m nghi v?n: 1 | T? l? nghi v?n: 0.2 | M?c ??: 5.0
"...Hmm, you mean we could work with Mr. Furius to build a duel pairing system to connect nearby players for a fight?","...Hừm, ý cậu là chúng ta có thể hợp tác với ông Furius để xây dựng hệ thống ghép đôi đấu tay đôi, kết nối người chơi gần nhau để chiến đấu sao?",C?n ti?ng Anh nghi v?n: Furius | S? t?/c?m nghi v?n: 1 | T? l? nghi v?n: 0.2 | M?c ??: 5.0
"At the peak of Capitoline Hill, beneath the pale walls of the Ephor's Palace... secrets lie buried. And the most intricate among them are those born from the pursuit of power.","Trên đỉnh đồi Capitoline, dưới những bức tường nhợt nhạt của Cung Điện Ephor... những bí mật đang chôn vùi. Và bí mật phức tạp nhất chính là những gì sinh ra từ khát vọng quyền lực.",C?n ti?ng Anh nghi v?n: Capitoline | S? t?/c?m nghi v?n: 1 | T? l? nghi v?n: 0.2 | M?c ??: 5.0
"I am Nestor, a traveling poet.","Ta là Nestor, một thi sĩ lang thang.",C?n ti?ng Anh nghi v?n: Nestor | S? t?/c?m nghi v?n: 1 | T? l? nghi v?n: 0.2 | M?c ??: 5.0
"Well, then. Let the story begin.
Set aside the complex thoughts,
and let me sing the epic of a young girl—Augusta.","Vậy thì... hãy để câu chuyện bắt đầu.
Gác lại những suy nghĩ phức tạp,
và để ta ngâm nga khúc sử thi về một cô gái trẻ—Augusta.",C?n ti?ng Anh nghi v?n: Augusta | S? t?/c?m nghi v?n: 1 | T? l? nghi v?n: 0.2 | M?c ??: 5.0
"""So you want to join the Agon, you say? Why don't you start by telling me a little about yourself?""","""Nghe nói cậu muốn gia nhập Agon à? Vậy thì trước hết, kể ta nghe chút về bản thân cậu đi.""",C?n ti?ng Anh nghi v?n: Agon | S? t?/c?m nghi v?n: 1 | T? l? nghi v?n: 0.2 | M?c ??: 5.0
"You then shift your pace,
luring Aridel into the very trap meant for you. 
After a few more rounds, his steps grow loose, his reactions sluggish.","Ngươi thay đổi nhịp bước,
nhử Aridel sa vào chính cái bẫy hắn dành cho ngươi.
Sau vài hiệp nữa, bước chân hắn trở nên lỏng lẻo, phản ứng cũng chậm chạp.",C?n ti?ng Anh nghi v?n: Aridel | S? t?/c?m nghi v?n: 1 | T? l? nghi v?n: 0.2 | M?c ??: 5.0
"On the eve of the trial, you return to the training grounds once again. 
While you wait for Cato, you find yourself standing before the familiar wooden post. It has been your most enduring companion in your pursuit of true strength.","Đêm trước ngày thử thách, ngươi lại một lần nữa trở về khu huấn luyện. 
Trong lúc chờ Cato, ngươi bất giác đứng trước chiếc cột gỗ quen thuộc. Nó đã là người bạn đồng hành bền bỉ nhất trong hành trình tìm kiếm sức mạnh chân chính của ngươi.",C?n ti?ng Anh nghi v?n: Cato | S? t?/c?m nghi v?n: 1 | T? l? nghi v?n: 0.2 | M?c ??: 5.0
"Before I leave, may I ask you one last question? What is it that has lifted Augusta to the seat of power? What is it that makes a ruler?","Trước khi rời đi, cho phép ta hỏi ngươi một câu cuối được không? Điều gì đã đưa Augusta lên vị trí quyền lực? Điều gì tạo nên một người cai trị?",C?n ti?ng Anh nghi v?n: Augusta | S? t?/c?m nghi v?n: 1 | T? l? nghi v?n: 0.2 | M?c ??: 5.0
"By the end of this match, the Scratchy will have extended their winning streak to 21. Despite the name, this team of young outlanders has made it this far without a single scratch.","Đến cuối trận đấu này, đội Scratchy sẽ nâng chuỗi thắng liên tiếp lên con số 21. Dù mang cái tên như vậy, đội gồm toàn những kẻ ngoại lai trẻ tuổi này vẫn tiến xa mà không hề hấn gì.",C?n ti?ng Anh nghi v?n: Scratchy | S? t?/c?m nghi v?n: 1 | T? l? nghi v?n: 0.2 | M?c ??: 5.0
"You meet Phrolova in her past self and some others who know her. You try to ask them about the location of the Threnodian's residual energy, but you are a complete stranger to them, and they have no idea what you are seeking.","Bạn gặp Phrolova trong quá khứ của cô ấy và một số người quen biết cô. Bạn cố gắng hỏi họ về vị trí của năng lượng dư thừa của Threnodian, nhưng với họ, bạn chỉ là một kẻ xa lạ, và họ chẳng hiểu bạn đang tìm kiếm điều gì.",C?n ti?ng Anh nghi v?n: Phrolova | S? t?/c?m nghi v?n: 1 | T? l? nghi v?n: 0.2 | M?c ??: 5.0
"(Wait, Phrolova said there's no divide between humans and Tacet Discords, and their frequencies could merge.)","(Chờ chút, Phrolova nói con người và Tacet Discord không có ranh giới, tần số của họ có thể hòa làm một cơ mà?)",C?n ti?ng Anh nghi v?n: Phrolova | S? t?/c?m nghi v?n: 1 | T? l? nghi v?n: 0.2 | M?c ??: 5.0
"I noticed something in the files earlier. This is the area where Common Echoes are brought to be incubated, isn't it?",Tớ vừa đọc được trong hồ sơ. Đây chính là khu vực ấp trứng cho các Common Echo phải không?,C?n ti?ng Anh nghi v?n: Common | S? t?/c?m nghi v?n: 1 | T? l? nghi v?n: 0.2 | M?c ??: 5.0
"Folks don't often find their way to Ostina. You bringing good news, I hope?","Ít ai ghé qua Ostina lắm. Cậu mang tin tốt đến chứ, phải không?",C?n ti?ng Anh nghi v?n: Ostina | S? t?/c?m nghi v?n: 1 | T? l? nghi v?n: 0.2 | M?c ??: 5.0
"And look at Phrolova, only a few years older, and yet she's doing extra practice. She even plays me music she writes herself.","Nhìn Phrolova kìa, chỉ hơn vài tuổi thôi mà đã chăm chỉ luyện tập thêm. Thậm chí còn chơi cho ta nghe những bản nhạc do chính cô bé sáng tác.",C?n ti?ng Anh nghi v?n: Phrolova | S? t?/c?m nghi v?n: 1 | T? l? nghi v?n: 0.2 | M?c ??: 5.0
Lost! That textbook belongs to Phrolova. I borrowed it from her for you so you could read her notes in the margins! Go find it!,Mất rồi! Cuốn sách đó của Phrolova đấy. Ta mượn nó cho ngươi đọc ghi chú của cô ấy ở lề sách! Đi tìm lại ngay!,C?n ti?ng Anh nghi v?n: Phrolova | S? t?/c?m nghi v?n: 1 | T? l? nghi v?n: 0.2 | M?c ??: 5.0
Where did Triss run off to... That child's always darting about. If she could just stay where I could see her.,Triss chạy đi đâu rồi... Con bé lúc nào cũng chạy lung tung. Giá mà nó chịu đứng yên một chỗ để ta nhìn thấy.,C?n ti?ng Anh nghi v?n: Triss | S? t?/c?m nghi v?n: 1 | T? l? nghi v?n: 0.2 | M?c ??: 5.0
"The special decision-making group exists to deal with incidents such as this. Trust me, Luther. Go unite the families. That is something only you can do.","Nhóm quyết định đặc biệt được lập ra để xử lý những sự cố như thế này. Tin tôi đi, Luther. Hãy đoàn kết các gia tộc. Đó là việc chỉ có anh mới làm được.",C?n ti?ng Anh nghi v?n: Luther | S? t?/c?m nghi v?n: 1 | T? l? nghi v?n: 0.2 | M?c ??: 5.0
"""I"" know you can bear it, just like you always have. With your half-human, half-Tacet Discord body, can anything even hurt you, or kill you? But your mind? I don't want you to feel all that pain.","""Ta"" biết ngươi chịu đựng được, như ngươi vẫn luôn làm. Với thân thể nửa người, nửa Tacet Discord như ngươi, có gì có thể làm ngươi đau đớn, hay giết chết ngươi đâu? Nhưng tâm trí ngươi... ta không muốn ngươi phải gánh chịu tất cả nỗi đau ấy.",C?n ti?ng Anh nghi v?n: Discord | S? t?/c?m nghi v?n: 1 | T? l? nghi v?n: 0.2 | M?c ??: 5.0
"Hehehe... Hurry up, Phrolova. The Beyond is holding onto you tighter and tighter. I'm scared you won't have much time left.","Hê hê hê... Nhanh lên nào, Phrolova. Bên Kia đang níu lấy cô ngày càng chặt. Ta sợ cô chẳng còn nhiều thời gian đâu.",C?n ti?ng Anh nghi v?n: Phrolova | S? t?/c?m nghi v?n: 1 | T? l? nghi v?n: 0.2 | M?c ??: 5.0
"Phrolova, could you tell us the story behind that tune you're conducting?","Phrolova, cậu có thể kể cho chúng tớ nghe câu chuyện đằng sau bản nhạc cậu đang chỉ huy không?",C?n ti?ng Anh nghi v?n: Phrolova | S? t?/c?m nghi v?n: 1 | T? l? nghi v?n: 0.2 | M?c ??: 5.0
"From what the Order's pursuers said, Fenrico will have his men guarding it.","Theo lời những kẻ truy đuổi của Hội, Fenrico sẽ cho người canh giữ nó.",C?n ti?ng Anh nghi v?n: Fenrico | S? t?/c?m nghi v?n: 1 | T? l? nghi v?n: 0.2 | M?c ??: 5.0
"""The Dark Tide cannot sustain or preserve original human consciousness. Research terminated. Recorder: Phrolova.""","""Thủy Triều Hắc Ám không thể duy trì hay bảo tồn ý thức con người nguyên bản. Nghiên cứu chấm dứt. Người ghi chép: Phrolova.""",C?n ti?ng Anh nghi v?n: Phrolova | S? t?/c?m nghi v?n: 1 | T? l? nghi v?n: 0.2 | M?c ??: 5.0
"Fenrico hands ""you"" a guest list for the Carnevale.",Fenrico đưa cho cậu danh sách khách mời cho lễ hội Carnevale.,C?n ti?ng Anh nghi v?n: Fenrico | S? t?/c?m nghi v?n: 1 | T? l? nghi v?n: 0.2 | M?c ??: 5.0
What Leviathan shall carry is all that stands behind me.,Những gì Leviathan sẽ mang theo chính là tất cả những gì đứng sau lưng ta.,C?n ti?ng Anh nghi v?n: Leviathan | S? t?/c?m nghi v?n: 1 | T? l? nghi v?n: 0.2 | M?c ??: 5.0
"Alright, I'll be waiting for you then. I'll save you a VIP seat next time. Besides, I also want to hear more stories about how you ""started over.""","Được rồi, vậy tớ sẽ đợi cậu. Lần sau tớ sẽ giữ chỗ VIP cho cậu luôn. Ngoài ra, tớ cũng muốn nghe thêm về chuyện cậu ""bắt đầu lại"" như thế nào nữa.",C?n ti?ng Anh nghi v?n: VIP | S? t?/c?m nghi v?n: 1 | T? l? nghi v?n: 0.2 | M?c ??: 5.0
"Now, I can sense it clearly. The fluctuations from the Paradise are not in Ragunna, but in Septimont...","Giờ đây, ta đã cảm nhận rõ ràng. Dao động từ Paradise không phải ở Ragunna, mà là ở Septimont...",C?n ti?ng Anh nghi v?n: Paradise | S? t?/c?m nghi v?n: 1 | T? l? nghi v?n: 0.2 | M?c ??: 5.0
(The Threnodian's residual energy in the sea came from Mya... and it crystallized inside a Gem?),Năng lượng dư thừa của Threnodian trong biển đến từ Mya... và nó kết tinh bên trong một viên Ngọc?,C?n ti?ng Anh nghi v?n: Mya | S? t?/c?m nghi v?n: 1 | T? l? nghi v?n: 0.2 | M?c ??: 5.0
"I know you can do it, Phrolova. You'll bring everyone back, and I'll be right here waitin' for ye. I'll wait for that day.","Ta biết cậu làm được mà, Phrolova. Cậu sẽ đưa mọi người trở về, và ta sẽ đợi cậu ngay tại đây. Ta sẽ đợi đến ngày đó.",C?n ti?ng Anh nghi v?n: Phrolova | S? t?/c?m nghi v?n: 1 | T? l? nghi v?n: 0.2 | M?c ??: 5.0
"With no way out, Phrolova points out that disguising yourselves as Acolytes is the only viable option.","Không còn lối thoát, Phrolova chỉ ra rằng cải trang thành Tín Đồ là phương án khả thi duy nhất.",C?n ti?ng Anh nghi v?n: Phrolova | S? t?/c?m nghi v?n: 1 | T? l? nghi v?n: 0.2 | M?c ??: 5.0
(That recording I found earlier also mentioned Fenrico giving conflicting orders to the Acolytes at times.),(Bản ghi âm lúc trước cũng nhắc đến việc Fenrico đôi khi ra lệnh mâu thuẫn cho các Tín Đồ.),C?n ti?ng Anh nghi v?n: Fenrico | S? t?/c?m nghi v?n: 1 | T? l? nghi v?n: 0.2 | M?c ??: 5.0
"Iaen is fast asleep now, and it's nothing like the troubled slumber during its imprisonment. This one is quiet and dreamless.","Iaen giờ đã chìm vào giấc ngủ say, không còn những cơn mơ đầy bất an như khi bị giam cầm. Giấc ngủ này thật yên bình và không mộng mị.",C?n ti?ng Anh nghi v?n: Iaen | S? t?/c?m nghi v?n: 1 | T? l? nghi v?n: 0.2 | M?c ??: 5.0
So me will stay till last Wootter gone. Party is to check on everyone.,Ta sẽ ở lại đến khi con Wootter cuối cùng biến mất. Nhiệm vụ là kiểm tra mọi người thôi.,C?n ti?ng Anh nghi v?n: Wootter | S? t?/c?m nghi v?n: 1 | T? l? nghi v?n: 0.2 | M?c ??: 5.0
"I'm not young anymore… but Acis is still out there, forever trapped in a tragedy from half a century ago.","Ta không còn trẻ nữa… nhưng Acis vẫn còn ở ngoài kia, mãi mãi mắc kẹt trong bi kịch từ nửa thế kỷ trước.",C?n ti?ng Anh nghi v?n: Acis | S? t?/c?m nghi v?n: 1 | T? l? nghi v?n: 0.2 | M?c ??: 5.0
"As for Aeolus... even if he died out here, no one would know. No one pays attention to an old man's last moment.","Còn Aeolus... dù ông ấy có chết ngoài này, cũng chẳng ai hay. Chẳng ai quan tâm đến giây phút cuối cùng của một lão già.",C?n ti?ng Anh nghi v?n: Aeolus | S? t?/c?m nghi v?n: 1 | T? l? nghi v?n: 0.2 | M?c ??: 5.0
Aeolus leans weakly against the stone. Only a faint flicker of life remains in his eyes.,Aeolus dựa người vào tảng đá một cách yếu ớt. Chỉ còn lại một tia sáng le lói trong đôi mắt anh.,C?n ti?ng Anh nghi v?n: Aeolus | S? t?/c?m nghi v?n: 1 | T? l? nghi v?n: 0.2 | M?c ??: 5.0
"Because of the Corrosaurus, right? We were sent to track it down! Gramp actually spotted it a while ago!",Vì con Corrosaurus phải không? Chúng ta được phái đi truy tìm nó mà! Ông nội còn phát hiện ra nó từ hồi nãy cơ!,C?n ti?ng Anh nghi v?n: Corrosaurus | S? t?/c?m nghi v?n: 1 | T? l? nghi v?n: 0.2 | M?c ??: 5.0
Aeolus... he was truly a great Gladiator. I will make sure his story lives on.,Aeolus... anh ấy quả thật là một Võ Sĩ Tài Ba. Ta sẽ đảm bảo câu chuyện của anh ấy được lưu truyền mãi.,C?n ti?ng Anh nghi v?n: Aeolus | S? t?/c?m nghi v?n: 1 | T? l? nghi v?n: 0.2 | M?c ??: 5.0
"Anyway, I'll leave Rolla in your care. It's been years, and Aeolus's skills haven't improved one bit. That stubborn old man...","Thôi, mình sẽ giao Rolla cho cậu chăm sóc. Đã mấy năm trôi qua mà kỹ năng của Aeolus chẳng khá lên chút nào. Lão già cứng đầu ấy...",C?n ti?ng Anh nghi v?n: Rolla | S? t?/c?m nghi v?n: 1 | T? l? nghi v?n: 0.2 | M?c ??: 5.0
"In the end, as the corruption crawled up my helmet, it was Chunkie who charged to save me, knocking aside the tainted helm and pushing me out of harm's way.","Cuối cùng, khi sự ô uế bò lên mũ bảo hiểm của tôi, chính Chunkie đã lao tới cứu tôi, hất văng chiếc mũ bị nhiễm độc và đẩy tôi ra khỏi nguy hiểm.",C?n ti?ng Anh nghi v?n: Chunkie | S? t?/c?m nghi v?n: 1 | T? l? nghi v?n: 0.2 | M?c ??: 5.0
"Back at the camp, Arctos notices Teeny's wounds and tends to them.","Quay lại trại, Arctos để ý thấy vết thương của Teeny và băng bó cho cậu ta.",C?n ti?ng Anh nghi v?n: Arctos | S? t?/c?m nghi v?n: 1 | T? l? nghi v?n: 0.2 | M?c ??: 5.0
"You wander around the camp for a while. Seeing the imposing Tetragon Temple, you decide to head up and take a closer look.","Cậu lang thang quanh trại một lúc. Nhìn thấy Ngôi Đền Tetragon hùng vĩ, cậu quyết định tiến lên gần hơn để quan sát.",C?n ti?ng Anh nghi v?n: Tetragon | S? t?/c?m nghi v?n: 1 | T? l? nghi v?n: 0.2 | M?c ??: 5.0
The first is a Ragunnesi prophecy condemning Septimont's lack of faith in the Sentinel—,Đầu tiên là lời tiên tri của Ragunnesi lên án Septimont vì thiếu niềm tin vào Sentinel—,C?n ti?ng Anh nghi v?n: Ragunnesi | S? t?/c?m nghi v?n: 1 | T? l? nghi v?n: 0.2 | M?c ??: 5.0
"The second is a continuation of the Ragunnesi prophecy, delivered by Septimont's Priestesses—","Đoạn thứ hai của lời tiên tri Ragunnesi, do các Nữ Tư Tế của Septimont truyền lại—",C?n ti?ng Anh nghi v?n: Ragunnesi | S? t?/c?m nghi v?n: 1 | T? l? nghi v?n: 0.2 | M?c ??: 5.0
What if Augusta is the true Hero of Heroes?,Nếu Augusta mới thực sự là Anh Hùng Trong Các Anh Hùng thì sao?,C?n ti?ng Anh nghi v?n: Augusta | S? t?/c?m nghi v?n: 1 | T? l? nghi v?n: 0.2 | M?c ??: 5.0
"It's a pity that in a city built on prophecy, Augusta is a disruptor of the rules.","Thật đáng tiếc khi trong một thành phố được xây dựng trên lời tiên tri, Augusta lại là kẻ phá vỡ mọi quy tắc.",C?n ti?ng Anh nghi v?n: Augusta | S? t?/c?m nghi v?n: 1 | T? l? nghi v?n: 0.2 | M?c ??: 5.0
It's the <te href=750012>Griffrex</te>! It appears our prey has finally come out for some fresh air.,Là <te href=750012>Griffrex</te>! Con mồi của chúng ta cuối cùng cũng đã ra ngoài hít thở không khí trong lành rồi.,C?n ti?ng Anh nghi v?n: Griffrex | S? t?/c?m nghi v?n: 1 | T? l? nghi v?n: 0.2 | M?c ??: 5.0
"We then formed a plan to take advantage of the Sovereign's nature, using the Corrosaurus as bait to lure out its imperfect form...","Sau đó, chúng ta lập kế hoạch lợi dụng bản chất của Sovereign, dùng Corrosaurus làm mồi nhử để dụ dạng chưa hoàn chỉnh của nó ra...",C?n ti?ng Anh nghi v?n: Corrosaurus | S? t?/c?m nghi v?n: 1 | T? l? nghi v?n: 0.2 | M?c ??: 5.0
A Lunarum bracelet containing a small portion of my Resonance power. It was passed down to me by my predecessor when I became a Priestess.,Vòng tay Lunarum chứa đựng một phần nhỏ năng lượng Cộng Hưởng của ta. Nó được truyền lại từ người tiền nhiệm khi ta trở thành Nữ Tư Tế.,C?n ti?ng Anh nghi v?n: Lunarum | S? t?/c?m nghi v?n: 1 | T? l? nghi v?n: 0.2 | M?c ??: 5.0
"Rely on it in my absence. Who knows, it may even help fill in for me and help you and Augusta in my place.","Hãy dựa vào nó khi ta vắng mặt. Biết đâu, nó còn có thể thay ta hỗ trợ ngươi và Augusta.",C?n ti?ng Anh nghi v?n: Augusta | S? t?/c?m nghi v?n: 1 | T? l? nghi v?n: 0.2 | M?c ??: 5.0
"I'll only be taking a short nap! Don't you or Augusta even dare think about leaving me behind, is that clear?","Ta chỉ chợp mắt một chút thôi! Cậu và Augusta đừng có dám bỏ mặc ta lại đằng sau, nghe rõ chưa?",C?n ti?ng Anh nghi v?n: Augusta | S? t?/c?m nghi v?n: 1 | T? l? nghi v?n: 0.2 | M?c ??: 5.0
"So listen up, I'll give you Tethys's rundown. That humanoid thing, that ""Sovereign,"" is gobbling up frequencies like a maniac!","Nghe đây, tôi sẽ tóm tắt về Tethys cho các cậu. Con quái vật hình người đó, ""Sovereign"", đang nuốt chửng tần số như điên!",C?n ti?ng Anh nghi v?n: Sovereign | S? t?/c?m nghi v?n: 1 | T? l? nghi v?n: 0.2 | M?c ??: 5.0
"One way or another, we must find the Sovereign and stop it before it absorbs any more frequencies... This might be our only option for now.","Dù thế nào đi nữa, chúng ta phải tìm ra Sovereign và ngăn nó hấp thụ thêm bất kỳ tần số nào... Đây có thể là lựa chọn duy nhất của chúng ta lúc này.",C?n ti?ng Anh nghi v?n: Sovereign | S? t?/c?m nghi v?n: 1 | T? l? nghi v?n: 0.2 | M?c ??: 5.0
"From here, we march onward to the hunting grounds, where the Dark Tide's creations may await us. When the time comes, it will be a true pleasure to see your skills in action.","Từ đây, chúng ta sẽ tiến về bãi săn, nơi những sinh vật của Dark Tide có thể đang chờ đợi. Đến lúc đó, được tận mắt chứng kiến tài nghệ của các cậu sẽ là niềm vinh hạnh thực sự.",C?n ti?ng Anh nghi v?n: Dark | S? t?/c?m nghi v?n: 1 | T? l? nghi v?n: 0.2 | M?c ??: 5.0
Relax. Take a walk around camp. The <te href=750007>Hornett</te>'s blare will sound our next departure.,"Thư giãn đi. Đi dạo quanh trại một chút. Khi tiếng còi của <te href=750007>Hornett</te> vang lên, chúng ta sẽ tiếp tục lên đường.",C?n ti?ng Anh nghi v?n: Hornett | S? t?/c?m nghi v?n: 1 | T? l? nghi v?n: 0.2 | M?c ??: 5.0
And my brother's leg... it won't heal. They said he'll never be a Gladiator now...,Và chân của anh trai ta... không thể lành lại được. Họ bảo nó sẽ không bao giờ trở thành một Gladiator nữa...,C?n ti?ng Anh nghi v?n: Gladiator | S? t?/c?m nghi v?n: 1 | T? l? nghi v?n: 0.2 | M?c ??: 5.0
"I wish you were there, Angel! You wouldn't believe what happened. Phew, haha…","Ước gì Angel có mặt ở đó! Cậu sẽ không tin nổi chuyện vừa xảy ra đâu. Phù, ha ha…",C?n ti?ng Anh nghi v?n: Angel | S? t?/c?m nghi v?n: 1 | T? l? nghi v?n: 0.2 | M?c ??: 5.0
"Later, I heard from the senior Gladiators that on the very morning Fabianum fell, most of the Senate lords were still sound asleep in their warm beds...","Sau này, ta nghe các Cộng Hưởng Giả kỳ cựu kể lại rằng vào sáng hôm Fabianum sụp đổ, hầu hết các lãnh chúa Viện Nguyên Lão vẫn còn say giấc nồng trên chiếc giường ấm áp...",C?n ti?ng Anh nghi v?n: Fabianum | S? t?/c?m nghi v?n: 1 | T? l? nghi v?n: 0.2 | M?c ??: 5.0
(Tell Augusta about the Unyielding Gladiator's Spirit.),Kể cho Augusta nghe về Tinh Thần Chiến Binh Bất Khuất.,C?n ti?ng Anh nghi v?n: Augusta | S? t?/c?m nghi v?n: 1 | T? l? nghi v?n: 0.2 | M?c ??: 5.0
"Sir Hercle, please look after him. I'll bring the herb back.","Ngài Hercle, xin hãy trông nom cậu ấy giùm tôi. Tôi sẽ mang thảo dược về ngay.",C?n ti?ng Anh nghi v?n: Hercle | S? t?/c?m nghi v?n: 1 | T? l? nghi v?n: 0.2 | M?c ??: 5.0
"If you spot any signs of the Sovereign or run into trouble, let me know right away.","Nếu phát hiện dấu vết của Sovereign hay gặp rắc rối, báo cho ta ngay lập tức.",C?n ti?ng Anh nghi v?n: Sovereign | S? t?/c?m nghi v?n: 1 | T? l? nghi v?n: 0.2 | M?c ??: 5.0
"Sorry to hear that. But if my clever, brave, stylish, and sweet Abby could help me out, that'd be amazing.","Thật tiếc khi nghe vậy. Nhưng nếu Abby thông minh, dũng cảm, phong cách và dễ thương như cậu mà giúp mình thì tuyệt quá.",C?n ti?ng Anh nghi v?n: Abby | S? t?/c?m nghi v?n: 1 | T? l? nghi v?n: 0.2 | M?c ??: 5.0
I've seen those back in Septimont City. They're like signposts for outlanders.,Ta từng thấy mấy cái này ở Septimont City. Giống như biển chỉ đường cho dân ngoại bang ấy.,C?n ti?ng Anh nghi v?n: City | S? t?/c?m nghi v?n: 1 | T? l? nghi v?n: 0.2 | M?c ??: 5.0
"Let her handle the Corrosaurus for now, {PlayerName}. We have more important matters to take care of.","Để cô ấy lo con Corrosaurus trước đã, {PlayerName}. Chúng ta còn việc quan trọng hơn phải làm.",C?n ti?ng Anh nghi v?n: Corrosaurus | S? t?/c?m nghi v?n: 1 | T? l? nghi v?n: 0.2 | M?c ??: 5.0
Until the Unwritten One arrived from afar to join forces with Augusta.,Cho đến khi Kẻ Vô Danh từ phương xa đến liên thủ cùng Augusta.,C?n ti?ng Anh nghi v?n: Augusta | S? t?/c?m nghi v?n: 1 | T? l? nghi v?n: 0.2 | M?c ??: 5.0
"Ha! If I were them, I'd gather petals from every bearer, then, when you least expect it... give you a <ano=petal shower>small surprise</ano>!","Ha! Nếu là tớ, tớ sẽ hái cánh hoa từ mọi người mang theo, rồi khi cậu không ngờ tới nhất... tặng cậu một <ano=petal shower>món quà nhỏ</ano> bất ngờ!",C?n ti?ng Anh nghi v?n: Ha | S? t?/c?m nghi v?n: 1 | T? l? nghi v?n: 0.2 | M?c ??: 5.0
"She's been through it too, faced the Sovereign just like you. If you're still doubting, maybe talk to her. Could help.","Cô ấy cũng đã trải qua chuyện đó, đối mặt với Sovereign y như cậu. Nếu vẫn còn nghi ngờ, có lẽ nên nói chuyện với cô ấy. Có khi sẽ giúp ích đấy.",C?n ti?ng Anh nghi v?n: Sovereign | S? t?/c?m nghi v?n: 1 | T? l? nghi v?n: 0.2 | M?c ??: 5.0
(But Iuno and I made it to the very end. Does this mean... this is the new ending I created?),Nhưng ta và Iuno đã đi đến tận cùng. Điều này có nghĩa... đây là kết thúc mới mà ta tạo ra sao?,C?n ti?ng Anh nghi v?n: Iuno | S? t?/c?m nghi v?n: 1 | T? l? nghi v?n: 0.2 | M?c ??: 5.0
"Apparently, that Avidius locked up below overheard the Priestesses talking about some prophecy and escaped, just like that.",Hình như Avidius bị giam dưới đó đã nghe lỏm mấy nữ tu sĩ nói về một lời tiên tri và trốn thoát được luôn.,C?n ti?ng Anh nghi v?n: Avidius | S? t?/c?m nghi v?n: 1 | T? l? nghi v?n: 0.2 | M?c ??: 5.0
"This is the plan Augusta and I made, though I did hide the teeny tiny cost.","Đây là kế hoạch mà Augusta và ta đã vạch ra, dù ta có giấu đi cái giá nho nhỏ thôi.",C?n ti?ng Anh nghi v?n: Augusta | S? t?/c?m nghi v?n: 1 | T? l? nghi v?n: 0.2 | M?c ??: 5.0
I don't care if Iuno foresaw her fate and chose this path for herself.,Ta không quan tâm liệu Iuno có nhìn thấy số phận của cô ấy và tự chọn con đường này hay không.,C?n ti?ng Anh nghi v?n: Iuno | S? t?/c?m nghi v?n: 1 | T? l? nghi v?n: 0.2 | M?c ??: 5.0
"(He doesn't look like he's lying, but this is the first time I've been here. Priestesses, Tetragon Temple... Could this be Iuno's doing?)","(Hắn không có vẻ nói dối, nhưng đây là lần đầu ta đến đây. Nữ tư tế, Đền Tetragon... Liệu có phải do Iuno đứng sau?)",C?n ti?ng Anh nghi v?n: Tetragon | S? t?/c?m nghi v?n: 1 | T? l? nghi v?n: 0.2 | M?c ??: 5.0
"You let Avidius's words hang in the air. You have no answer to give, not yet. But at the mention of the celebration, you remember the petals Bruno gave you to hand out.","Cậu để lời của Avidius lơ lửng trong không khí. Cậu chưa có câu trả lời, chưa phải lúc. Nhưng nhắc đến lễ hội, cậu nhớ đến những cánh hoa Bruno đưa cho cậu để phát.",C?n ti?ng Anh nghi v?n: Bruno | S? t?/c?m nghi v?n: 1 | T? l? nghi v?n: 0.2 | M?c ??: 5.0
"What's the surprise? You're Iuno, aren't ya? Been hammerin' away at this bow for you long enough. If I couldn't call you by name now, well, that'd be a proper surprise.","Gì vậy, bất ngờ à? Cậu là Iuno phải không? Ta đã cặm cụi làm cây cung này cho cậu lâu lắm rồi. Nếu giờ ta còn không gọi được tên cậu, thì mới là bất ngờ thật đấy.",C?n ti?ng Anh nghi v?n: Iuno | S? t?/c?m nghi v?n: 1 | T? l? nghi v?n: 0.2 | M?c ??: 5.0
"So after experiencing and feeling all that, you need to rest... among Lunarum Boughs, to make what's Anchored become a part of you?","Vậy sau khi trải qua và cảm nhận tất cả những điều đó, cậu cần nghỉ ngơi... giữa những Cành Lunarum, để những gì Được Neo Đậu trở thành một phần của chính mình?",C?n ti?ng Anh nghi v?n: Lunarum | S? t?/c?m nghi v?n: 1 | T? l? nghi v?n: 0.2 | M?c ??: 5.0
"""Harelius, we shouldn't have come here. We've lost everything. The Priestess saw it all... What in bloody skies made her insist on coming with us?""","""Harelius, chúng ta không nên đến đây. Chúng ta đã mất hết tất cả rồi. Nữ Tư Tế đã thấy trước mọi chuyện… Vậy mà bà ấy vẫn nhất quyết đi cùng chúng ta, không biết trong đầu nghĩ gì nữa?""",C?n ti?ng Anh nghi v?n: Harelius | S? t?/c?m nghi v?n: 1 | T? l? nghi v?n: 0.2 | M?c ??: 5.0
"""Just like when you told us to use a spear against the Tacet Discord, help us see something again! You must be able to see something...""","""Giống như khi cậu bảo chúng ta dùng giáo chống lại Tacet Discord, giờ hãy giúp chúng ta nhìn thấy điều gì đó lần nữa đi! Chắc chắn cậu vẫn còn thấy gì đó chứ...""",C?n ti?ng Anh nghi v?n: Discord | S? t?/c?m nghi v?n: 1 | T? l? nghi v?n: 0.2 | M?c ??: 5.0
"You noticed, didn't you? The more you rested near the Lunarum Boughs, the more memories and connections manifested into reality. Iuno's specter became more real, and the Boughs grew.","Ngươi cũng nhận ra rồi phải không? Càng nghỉ ngơi gần Cành Lunarum, ký ức và mối liên kết càng hiện thực hóa. Bóng ma Iuno trở nên rõ ràng hơn, và những cành cây cũng phát triển theo.",C?n ti?ng Anh nghi v?n: Lunarum | S? t?/c?m nghi v?n: 1 | T? l? nghi v?n: 0.2 | M?c ??: 5.0
"Forgotten... to fight? I don't know who you think she is, but the Iuno I know is not someone to give in so easily.","Quên... cách chiến đấu sao? Ta không biết cậu nghĩ cô ấy là ai, nhưng Iuno mà ta biết không phải kẻ dễ dàng bỏ cuộc đâu.",C?n ti?ng Anh nghi v?n: Iuno | S? t?/c?m nghi v?n: 1 | T? l? nghi v?n: 0.2 | M?c ??: 5.0
"Ha, I always thought you followed the light's guidance. Now I see, you reached this point because the light followed you.","Ha, ta cứ tưởng cậu đi theo ánh sáng dẫn đường. Giờ mới thấy, hóa ra ánh sáng mới là thứ đi theo cậu.",C?n ti?ng Anh nghi v?n: Ha | S? t?/c?m nghi v?n: 1 | T? l? nghi v?n: 0.2 | M?c ??: 5.0
"My brother was like the trombone in this song: proper, forthright, and admired.","Anh trai em giống như cây kèn trombone trong bản nhạc này: đĩnh đạc, thẳng thắn và được ngưỡng mộ.",C?n ti?ng Anh nghi v?n: trombone | S? t?/c?m nghi v?n: 1 | T? l? nghi v?n: 0.2 | M?c ??: 5.0
"Are you here to reprimand me? I failed Strozzia. If you want to punch me, go ahead. I deserve it.","Cậu đến để trách mắng ta à? Ta đã thất bại ở Strozzia. Nếu muốn đấm ta, cứ làm đi. Ta đáng bị như vậy.",C?n ti?ng Anh nghi v?n: Strozzia | S? t?/c?m nghi v?n: 1 | T? l? nghi v?n: 0.2 | M?c ??: 5.0
I'm sure Grisoni risked everything to come back to Ragunna and tell you that its master became a musician because of her love for her older brother.,Chắc chắn Grisoni đã liều mình trở về Ragunna để nói với cậu rằng chủ nhân của nó trở thành nhạc sĩ vì tình yêu dành cho anh trai.,C?n ti?ng Anh nghi v?n: Grisoni | S? t?/c?m nghi v?n: 1 | T? l? nghi v?n: 0.2 | M?c ??: 5.0
Thank you for telling me this story. I'll share it with my little Drake after I get home.,Cảm ơn cậu đã kể cho tôi nghe câu chuyện này. Tôi sẽ kể lại cho cậu Drake nhỏ của mình khi về nhà.,C?n ti?ng Anh nghi v?n: Drake | S? t?/c?m nghi v?n: 1 | T? l? nghi v?n: 0.2 | M?c ??: 5.0
Whoa! I thought you were just mumbling to yourself. You have a talking Echo with you. No wonder you took on this Aria Mummer's request.,Ôi! Ta tưởng cậu tự lẩm bẩm thôi. Hóa ra cậu có Echo biết nói đi cùng. Chả trách cậu dám nhận yêu cầu của Aria Mummer này.,C?n ti?ng Anh nghi v?n: Aria | S? t?/c?m nghi v?n: 1 | T? l? nghi v?n: 0.2 | M?c ??: 5.0
Andreas! We've been partners for how long now? Where's the chemistry? My punchline hasn't landed yet!,Andreas! Chúng ta đã là đồng đội bao lâu rồi? Sao chẳng có tý ăn ý nào thế? Câu nói đùa của ta còn chưa trúng đích kìa!,C?n ti?ng Anh nghi v?n: Andreas | S? t?/c?m nghi v?n: 1 | T? l? nghi v?n: 0.2 | M?c ??: 5.0
"If you need a reason to live, let it be this: Your letters once saved me. I, Andreas, hope you'll live on.","Nếu cậu cần một lý do để sống, hãy để điều này: Những lá thư của cậu từng cứu ta. Andreas này, ta mong cậu sẽ tiếp tục sống.",C?n ti?ng Anh nghi v?n: Andreas | S? t?/c?m nghi v?n: 1 | T? l? nghi v?n: 0.2 | M?c ??: 5.0
"Hehe, actually, I wrote her a letter last night. It'll probably come as a shock to her that not only am I alive, but I've become a Resonator too.","Hehe, thật ra, tối qua tớ có viết thư cho cô ấy. Chắc cô ấy sẽ sốc lắm khi biết không những tớ còn sống mà còn trở thành Cộng Hưởng Giả nữa.",C?n ti?ng Anh nghi v?n: Hehe | S? t?/c?m nghi v?n: 1 | T? l? nghi v?n: 0.2 | M?c ??: 5.0
"Hello. I am an Acolyte of the Order, Lenore. Any harsh work or dirty job you have, do feel free to send them my way!","Xin chào. Tớ là Lenore, một Tín Đồ của Giáo Đoàn. Dù là việc nặng nhọc hay bẩn thỉu, cứ giao cho tớ nhé!",C?n ti?ng Anh nghi v?n: Lenore | S? t?/c?m nghi v?n: 1 | T? l? nghi v?n: 0.2 | M?c ??: 5.0
Heh... Hahaha! Who would've thought that the little brat who could barely hold a shield without my help would now be lecturing me about honor...,"Hừ... Hahaha! Ai ngờ thằng nhóc ngày xưa còn không cầm nổi cái khiên mà không có ta giúp, giờ lại dám lên mặt dạy ta về danh dự...",C?n ti?ng Anh nghi v?n: Hahaha | S? t?/c?m nghi v?n: 1 | T? l? nghi v?n: 0.2 | M?c ??: 5.0
"Wait, you're {PlayerName}, aren't you? I'm Xiaobei, from Jinzhou. We met back at the Tiger's Maw Mine!","Chờ đã, cậu là {PlayerName} phải không? Tớ là Xiaobei, đến từ Jinzhou. Chúng ta đã gặp nhau ở Mỏ Hổ Nham đấy!",C?n ti?ng Anh nghi v?n: Xiaobei | S? t?/c?m nghi v?n: 1 | T? l? nghi v?n: 0.2 | M?c ??: 5.0
"I'm Xiaobei, from Jinzhou. We met back at the Tiger's Maw Mine!","Tớ là Xiaobei, đến từ Kim Châu. Chúng ta đã gặp nhau ở Mỏ Hổ Nham rồi đấy!",C?n ti?ng Anh nghi v?n: Xiaobei | S? t?/c?m nghi v?n: 1 | T? l? nghi v?n: 0.2 | M?c ??: 5.0
"Good... I've seen many enter this realm, valiant, burning with purpose, just like you. But in the end... Heheheh. I hope you endure longer than most.","Tốt... Ta đã thấy biết bao người bước vào cõi này, hừng hực khí thế, đầy mục tiêu như ngươi. Nhưng cuối cùng... Heheheh. Mong ngươi sẽ trụ được lâu hơn đám kia.",C?n ti?ng Anh nghi v?n: Heheheh | S? t?/c?m nghi v?n: 1 | T? l? nghi v?n: 0.2 | M?c ??: 5.0
"If I offer my humanity, I'll become an Anchor. Give form to formlessness, and trap Its frequency in one place.","Nếu ta đánh đổi nhân tính của mình, ta sẽ trở thành một Anchor. Cho hình hài vô định một hình dạng, và giam cầm Tần số của Nó tại một chỗ.",C?n ti?ng Anh nghi v?n: Anchor | S? t?/c?m nghi v?n: 1 | T? l? nghi v?n: 0.2 | M?c ??: 5.0
"Discord Slayer, let me be your first bullet. Fire me into Leviathan's heart.","Kẻ Diệt Discord, hãy để ta là viên đạn đầu tiên của ngươi. Bắn ta thẳng vào trái tim Leviathan.",C?n ti?ng Anh nghi v?n: Discord | S? t?/c?m nghi v?n: 1 | T? l? nghi v?n: 0.2 | M?c ??: 5.0
Violence is not mine to seek... yet the role I am given is clear: to halt the one who would end Leviathan here.,Bạo lực không phải điều ta tìm kiếm... nhưng vai trò ta được giao đã rõ: ngăn chặn kẻ muốn chấm dứt Leviathan tại đây.,C?n ti?ng Anh nghi v?n: Leviathan | S? t?/c?m nghi v?n: 1 | T? l? nghi v?n: 0.2 | M?c ??: 5.0
"Look! The path to the Paradise is just ahead! If we push through them, we're almost there! We'll make it!",Nhìn kìa! Con đường đến Paradise ngay trước mắt rồi! Chỉ cần vượt qua bọn chúng là gần tới nơi! Chúng ta sẽ làm được thôi!,C?n ti?ng Anh nghi v?n: Paradise | S? t?/c?m nghi v?n: 1 | T? l? nghi v?n: 0.2 | M?c ??: 5.0
"I wasn't referring to that. I was surprised to see the spirits rise at your command, forming as Cetus the Tidebreaker...","Tôi không ám chỉ chuyện đó. Tôi ngạc nhiên khi thấy linh hồn nghe lệnh anh mà trỗi dậy, hóa thành Cetus Kẻ Phá Thủy Triều...",C?n ti?ng Anh nghi v?n: Cetus | S? t?/c?m nghi v?n: 1 | T? l? nghi v?n: 0.2 | M?c ??: 5.0
"...Even if you absorbed the corruption in their frequencies, it will not last. That Kharon is but one mask the Grand Architect wears. The spirits will not restrain him for long.","...Dù cậu có hấp thụ được sự tha hóa trong tần số của chúng, nó cũng không kéo dài. Tên Kharon ấy chỉ là một trong những bộ mặt của Kiến Trúc Sư Vĩ Đại mà thôi. Những linh hồn sẽ không thể kiềm chế hắn lâu được đâu.",C?n ti?ng Anh nghi v?n: Kharon | S? t?/c?m nghi v?n: 1 | T? l? nghi v?n: 0.2 | M?c ??: 5.0
"Leviathan has underestimated human resolve. To me, these gravestones... they're signposts left by the ""living"" for those still fighting.","Leviathan đã đánh giá thấp ý chí của con người. Với ta, những bia mộ này... là những dấu mốc mà những người ""còn sống"" để lại cho những kẻ vẫn đang chiến đấu.",C?n ti?ng Anh nghi v?n: Leviathan | S? t?/c?m nghi v?n: 1 | T? l? nghi v?n: 0.2 | M?c ??: 5.0
"Tch... You soil our memories with your filthy touch, and now you want to assimilate our Resonance abilities?","Tch... Ngươi dám bôi bẩn ký ức của chúng ta bằng cái tay dơ bẩn kia, rồi còn muốn đồng hóa cả năng lực Cộng Hưởng của chúng ta nữa à?",C?n ti?ng Anh nghi v?n: Tch | S? t?/c?m nghi v?n: 1 | T? l? nghi v?n: 0.2 | M?c ??: 5.0
"Anger, sorrow, pain... Leviathan reads the depths of our hearts. And from them, It births this river of memory.","Giận dữ, đau buồn, thống khổ... Leviathan đọc thấu sâu thẳm tâm can chúng ta. Và từ đó, Nó khai sinh dòng sông ký ức này.",C?n ti?ng Anh nghi v?n: Leviathan | S? t?/c?m nghi v?n: 1 | T? l? nghi v?n: 0.2 | M?c ??: 5.0
But why does it open up now? Was it when Avidius and I made contact?,Nhưng tại sao nó lại mở ra lúc này? Có phải từ khi Avidius và ta tiếp xúc không?,C?n ti?ng Anh nghi v?n: Avidius | S? t?/c?m nghi v?n: 1 | T? l? nghi v?n: 0.2 | M?c ??: 5.0
"Arbiter, heed me now... let me unveil... Rinascita's beginnings...","Arbiter à, hãy lắng nghe ta... để ta tiết lộ... khởi nguồn của Rinascita...",C?n ti?ng Anh nghi v?n: Arbiter | S? t?/c?m nghi v?n: 1 | T? l? nghi v?n: 0.2 | M?c ??: 5.0
"This place is protected by Imperator. For now, Leviathan can't hear us. This... is for you.","Nơi này đang được Imperator bảo vệ. Hiện tại, Leviathan không thể nghe thấy chúng ta. Cái này... dành cho cậu.",C?n ti?ng Anh nghi v?n: Leviathan | S? t?/c?m nghi v?n: 1 | T? l? nghi v?n: 0.2 | M?c ??: 5.0
That Gem ended up in the Fractsidus's hands. Their whole play in Rinascita? Use it to bring back Leviathan.,Viên Ngọc đó rốt cuộc lại rơi vào tay Fractsidus. Toàn bộ kế hoạch của họ ở Rinascita là gì? Dùng nó để hồi sinh Leviathan.,C?n ti?ng Anh nghi v?n: Leviathan | S? t?/c?m nghi v?n: 1 | T? l? nghi v?n: 0.2 | M?c ??: 5.0
Caution is a virtue in a hunter. You're right. The Dark Tide is in me... But Leviathan stopped counting me among the living a long time ago.,Thận trọng là đức tính của kẻ đi săn. Cậu nói đúng... Bóng Tối Ngập Tràn đang ngấm trong ta... Nhưng Leviathan đã không còn coi ta là kẻ sống từ lâu lắm rồi.,C?n ti?ng Anh nghi v?n: Leviathan | S? t?/c?m nghi v?n: 1 | T? l? nghi v?n: 0.2 | M?c ??: 5.0
"This place is protected by Imperator. For now, Leviathan can't hear us. This... is for you.","Nơi này đang được Imperator bảo vệ. Hiện tại, Leviathan không thể nghe thấy chúng ta. Cái này... dành cho cậu.",C?n ti?ng Anh nghi v?n: Leviathan | S? t?/c?m nghi v?n: 1 | T? l? nghi v?n: 0.2 | M?c ??: 5.0
We need to move fast to find him. Figure out who he really is before the next wave of Tidespawn hits.,Ta phải hành động gấp để tìm hắn. Phải xác định danh tính thật của hắn trước khi làn sóng Tidespawn tiếp theo ập đến.,C?n ti?ng Anh nghi v?n: Tidespawn | S? t?/c?m nghi v?n: 1 | T? l? nghi v?n: 0.2 | M?c ??: 5.0
I still can't believe Tethys couldn't unlock the Sentinel's Relic we found in Septimont...,Tôi vẫn không thể tin được là Tethys không thể mở khóa Di Vật Cảnh Vệ mà chúng ta tìm thấy ở Septimont...,C?n ti?ng Anh nghi v?n: Tethys | S? t?/c?m nghi v?n: 1 | T? l? nghi v?n: 0.2 | M?c ??: 5.0
"Cartethyia reached out to me with an urgent matter to discuss. She gave no details, only insisting that I come at once.","Cartethyia liên lạc với ta về một việc khẩn cấp. Cô ấy không nói chi tiết, chỉ giục ta đến ngay lập tức.",C?n ti?ng Anh nghi v?n: Cartethyia | S? t?/c?m nghi v?n: 1 | T? l? nghi v?n: 0.2 | M?c ??: 5.0
"Together, you and Avidius follow the trail of the Dark Tide and discover a Paradimensional Tacet Field that shouldn't be there. Seeking the truth, you step boldly into it…","Cùng nhau, cậu và Avidius lần theo dấu vết của Dòng Chảy Hắc Ám và phát hiện ra một Tổ Tacet Đa Chiều không nên tồn tại ở đó. Để tìm kiếm sự thật, cậu dũng cảm bước vào…",C?n ti?ng Anh nghi v?n: Avidius | S? t?/c?m nghi v?n: 1 | T? l? nghi v?n: 0.2 | M?c ??: 5.0
"I'm fine... So, it's gone? Avidius, did you see anything after we got separated?","Tôi ổn mà... Vậy là nó biến mất rồi à? Avidius, cậu có thấy gì sau khi chúng ta bị lạc nhau không?",C?n ti?ng Anh nghi v?n: Avidius | S? t?/c?m nghi v?n: 1 | T? l? nghi v?n: 0.2 | M?c ??: 5.0
"...Very well. We'll hold the line. Zani, call in the family's transport Echoes. We'll assist {PlayerName} where we can.","...Được rồi. Chúng ta sẽ giữ vững phòng tuyến. Zani, gọi Echo vận tải của gia tộc đến. Chúng ta sẽ hỗ trợ {PlayerName} hết sức có thể.",C?n ti?ng Anh nghi v?n: Zani | S? t?/c?m nghi v?n: 1 | T? l? nghi v?n: 0.2 | M?c ??: 5.0
Thank you... May glory return to the Fisalias...,Cảm ơn... Mong vinh quang sẽ trở lại với gia tộc Fisalias...,C?n ti?ng Anh nghi v?n: Fisalias | S? t?/c?m nghi v?n: 1 | T? l? nghi v?n: 0.2 | M?c ??: 5.0
I'll use my Forte to diffuse the family's antidote. It should help to mitigate the Dark Tide's influence.,Ta sẽ dùng Forte của mình để khuếch tán thuốc giải của gia đình. Nó sẽ giúp giảm bớt ảnh hưởng của Dark Tide.,C?n ti?ng Anh nghi v?n: Dark | S? t?/c?m nghi v?n: 1 | T? l? nghi v?n: 0.2 | M?c ??: 5.0
That's the realm Leviathan created. The Journeying Paradise.,Đó là cõi giới do Leviathan tạo ra. Thiên Đường Lang Thang.,C?n ti?ng Anh nghi v?n: Leviathan | S? t?/c?m nghi v?n: 1 | T? l? nghi v?n: 0.2 | M?c ??: 5.0
Cantarella told me stories about you. She said you're just like the heroes in the adventure tales. Brave and determined...,Cantarella đã kể cho tớ nghe về cậu đấy. Cô ấy bảo cậu giống như những anh hùng trong truyện phiêu lưu vậy. Dũng cảm và kiên định...,C?n ti?ng Anh nghi v?n: Cantarella | S? t?/c?m nghi v?n: 1 | T? l? nghi v?n: 0.2 | M?c ??: 5.0
"It makes sense. You two share life and energy. As the primary in this bond, your frequency has been overriding Abby's... Leviathan planned for this.","Hợp lý đấy. Hai người chia sẻ sự sống và năng lượng. Là bên chủ đạo trong mối liên kết này, tần số của cậu đã lấn át Abby... Leviathan đã tính toán trước điều này.",C?n ti?ng Anh nghi v?n: Leviathan | S? t?/c?m nghi v?n: 1 | T? l? nghi v?n: 0.2 | M?c ??: 5.0
"When discovered by the Sentinel, Leviathan hastily unleashed the first Dark Tide, attempting to harvest the civilization.","Khi bị Sentinel phát hiện, Leviathan vội vàng giải phóng Làn Sóng Bóng Tối đầu tiên, cố gắng thu hoạch nền văn minh ấy.",C?n ti?ng Anh nghi v?n: Leviathan | S? t?/c?m nghi v?n: 1 | T? l? nghi v?n: 0.2 | M?c ??: 5.0
"(What were those Tacet Discords whispering about? Gates of Paradise... and the word ""Harbinger."" Could they mean the ""Harbinger of the Dark Tide""?)","(""Mấy Tacet Discord kia thì thầm gì thế? Cánh Cổng Thiên Đường... và từ 'Harbinger'. Chẳng lẽ chúng nói về 'Harbinger của Thủy Triều Hắc Ám'?"")",C?n ti?ng Anh nghi v?n: Harbinger | S? t?/c?m nghi v?n: 1 | T? l? nghi v?n: 0.2 | M?c ??: 5.0
"I'm just a helpful, ordinary person now, helping the Temple with the evacuation. No more restraints from the Tetragon. No prophecies... I admit, I've never felt freer. It's just...","Giờ tôi chỉ là một người bình thường, giúp đỡ Đền trong việc sơ tán. Không còn gông cùm của Tetragon, không còn lời tiên tri... Thú thật, tôi chưa bao giờ thấy tự do đến thế. Nhưng mà...",C?n ti?ng Anh nghi v?n: Tetragon | S? t?/c?m nghi v?n: 1 | T? l? nghi v?n: 0.2 | M?c ??: 5.0
The Tidespawn always shows up where we least expect them and never slow down. Our warriors are stretched thin just trying to hold the lines.,"Bọn Tidespawn lúc nào cũng xuất hiện bất ngờ, chẳng bao giờ chịu chậm lại. Chiến binh của ta phải căng mình ra mới giữ nổi phòng tuyến.",C?n ti?ng Anh nghi v?n: Tidespawn | S? t?/c?m nghi v?n: 1 | T? l? nghi v?n: 0.2 | M?c ??: 5.0
"Septimont's Common Echoes use a different configuration than Ragunna's, but the underlying logic is compatible. Our tuning technique will still serve us well here.","Tiếng Vọng Thông Thường của Septimont có cấu hình khác với của Ragunna, nhưng logic cơ bản vẫn tương thích. Kỹ thuật điều chỉnh của chúng ta vẫn phát huy tác dụng ở đây.",C?n ti?ng Anh nghi v?n: logic | S? t?/c?m nghi v?n: 1 | T? l? nghi v?n: 0.2 | M?c ??: 5.0
"Hmm? {PlayerName}, the Dark Tide hasn't stabilized yet. Don't go pacing holes into the ground, I'll let you know the moment something changes.","Hmm? {PlayerName}, Thủy Triều Đen chưa ổn định đâu. Đừng có đi loanh quanh mà mòn đất, có gì thay đổi tớ sẽ báo ngay.",C?n ti?ng Anh nghi v?n: Hmm | S? t?/c?m nghi v?n: 1 | T? l? nghi v?n: 0.2 | M?c ??: 5.0
"That Discord Slayer, Galbrena, was it? She's bound to the Dark Tide. If she dared to hunt the Threnodian, she must know how to navigate its depths.","Kẻ Sát Tacet Galbrena ấy à? Bà ta bị ràng buộc với Thủy Triều Hắc Ám. Nếu dám săn Threnodian, ắt hẳn bà ta biết cách đi sâu vào lòng nó.",C?n ti?ng Anh nghi v?n: Galbrena | S? t?/c?m nghi v?n: 1 | T? l? nghi v?n: 0.2 | M?c ??: 5.0
"Rosemary has already dispersed the family's medicine in mist form. Thanks to that, treatment has been smoother than expected. The injured will be tended to shortly.","Rosemary đã phân tán thuốc của gia đình dưới dạng sương mù. Nhờ vậy, việc điều trị diễn ra suôn sẻ hơn dự kiến. Các thương binh sẽ được chăm sóc ngay thôi.",C?n ti?ng Anh nghi v?n: Rosemary | S? t?/c?m nghi v?n: 1 | T? l? nghi v?n: 0.2 | M?c ??: 5.0
"Please, just call me Cartethyia. Rinascita's Divinity is no more, and with it, the ""Blessed Maiden chosen by the Divine.""","Xin hãy gọi ta là Cartethyia thôi. Rinascita đã mất đi Thần Tính, và cùng với đó là danh hiệu ""Thánh Nữ được Chúa Trời lựa chọn"".",C?n ti?ng Anh nghi v?n: Cartethyia | S? t?/c?m nghi v?n: 1 | T? l? nghi v?n: 0.2 | M?c ??: 5.0
I have heard the Fisalias first secured their standing through deep-sea fishing…,Ta nghe nói gia tộc Fisalias ban đầu đã củng cố địa vị của mình nhờ đánh bắt biển sâu…,C?n ti?ng Anh nghi v?n: Fisalias | S? t?/c?m nghi v?n: 1 | T? l? nghi v?n: 0.2 | M?c ??: 5.0
"And don't go forgetting us either, got it?! We're throwing a huge celebration in Septimont for this victory, and the Ragunnesi will be there too. So you'd better show up!","Và đừng có mà quên tụi ta đấy, nghe chưa?! Ở Septimont sẽ có một bữa tiệc ăn mừng lớn cho chiến thắng này, cả đám Ragunnesi cũng sẽ tới nữa. Thế nên ngươi phải có mặt nhé!",C?n ti?ng Anh nghi v?n: Ragunnesi | S? t?/c?m nghi v?n: 1 | T? l? nghi v?n: 0.2 | M?c ??: 5.0
"But that's all theorizing best kept to caffeinated hours. For now, we'll need to wait until Tethys completes its analysis before drawing any conclusions.","Nhưng đó chỉ là lý thuyết thôi, để dành lúc uống cà phê cho tỉnh táo. Hiện tại, ta phải đợi Tethys phân tích xong đã mới rút ra kết luận được.",C?n ti?ng Anh nghi v?n: Tethys | S? t?/c?m nghi v?n: 1 | T? l? nghi v?n: 0.2 | M?c ??: 5.0
"As you wish. My sincerest gratitude for your wonderful performance, Lady Phrolova. May you find the strength to create the Beyond you once envisioned.",Như ngài mong. Ta chân thành cảm ơn màn trình diễn tuyệt vời của quý bà Phrolova. Mong rằng ngài sẽ tìm lại được sức mạnh để tạo nên Vùng Đất Ngoài kia như đã từng mơ ước.,C?n ti?ng Anh nghi v?n: Phrolova | S? t?/c?m nghi v?n: 1 | T? l? nghi v?n: 0.2 | M?c ??: 5.0
"Septimont has long stood as the vanguard against the Tidespawn. This is your battleground. We'll follow your lead, Your Excellency. Just say the word.","Septimont từ lâu đã là tiền tuyến chống lại Tidespawn. Đây là chiến trường của ngươi. Chúng ta sẽ theo lệnh ngài, Thống Chế. Chỉ cần ngài ra hiệu.",C?n ti?ng Anh nghi v?n: Tidespawn | S? t?/c?m nghi v?n: 1 | T? l? nghi v?n: 0.2 | M?c ??: 5.0
"This relic holds all that Primus once felt. His fury, sorrow, obsession... and resolve. I see that same resolve in you.","Di vật này chứa đựng tất cả những gì Primus từng cảm nhận. Nỗi phẫn nộ, nỗi đau, sự ám ảnh... và cả quyết tâm. Ta thấy quyết tâm ấy trong con người cậu.",C?n ti?ng Anh nghi v?n: Primus | S? t?/c?m nghi v?n: 1 | T? l? nghi v?n: 0.2 | M?c ??: 5.0
You're asking if I can brew enough to carry all of us into the Journeying Paradise... If we're ready to face Leviathan.,Cậu hỏi liệu mình có thể pha đủ rượu để đưa tất cả chúng ta đến Thiên Đường Hành Trình... nếu chúng ta sẵn sàng đối mặt với Leviathan sao?,C?n ti?ng Anh nghi v?n: Leviathan | S? t?/c?m nghi v?n: 1 | T? l? nghi v?n: 0.2 | M?c ??: 5.0
"One more thing. Back in Jinzhou, Abby proved capable of absorbing the Threnodian's frequencies. This means, in theory, it could act as a temporary host for the Gem.","Thêm một điều nữa. Ở Jinzhou, Abby đã chứng minh được khả năng hấp thụ tần số của Threnody. Điều này có nghĩa, về lý thuyết, nó có thể trở thành vật chủ tạm thời cho Viên Ngọc.",C?n ti?ng Anh nghi v?n: Abby | S? t?/c?m nghi v?n: 1 | T? l? nghi v?n: 0.2 | M?c ??: 5.0
I would never confuse the man behind Lord Liang. The one without sight yet seeing all... the Blind Watcher.,Ta sẽ không bao giờ nhầm lẫn người đứng sau Lãnh Chúa Liang. Người không có mắt mà lại nhìn thấu tất cả... Kẻ Canh Gác Mù.,C?n ti?ng Anh nghi v?n: Liang | S? t?/c?m nghi v?n: 1 | T? l? nghi v?n: 0.2 | M?c ??: 5.0
"A wanted criminal of Mingting, and yet the Ministry of War sent you all the way to Rinascita to hunt down Scar in secret.","Một tội phạm truy nã của Minh Đình, vậy mà Bộ Chiến Tranh lại phái ngươi từ Rinascita đến đây để bí mật săn lùng Scar.",C?n ti?ng Anh nghi v?n: Scar | S? t?/c?m nghi v?n: 1 | T? l? nghi v?n: 0.2 | M?c ??: 5.0
"By the order of the <te href=260011>Censorate</te>, you are to be executed by the Internal Security Agency.","Theo lệnh của <te href=260011>Censorate</te>, ngươi sẽ bị Cơ quan An ninh Nội bộ xử tử.",C?n ti?ng Anh nghi v?n: Censorate | S? t?/c?m nghi v?n: 1 | T? l? nghi v?n: 0.2 | M?c ??: 5.0
Perhaps it's the lantern. It holds the last flickers of Fenrico's will. It could have revealed a glimpse of what happened in the Fabricatorium.,Có thể là chiếc đèn lồng. Nó còn lưu giữ những tia lửa cuối cùng của ý chí Fenrico. Nó có thể đã hé lộ một phần những gì đã xảy ra trong Fabricatorium.,C?n ti?ng Anh nghi v?n: Fabricatorium | S? t?/c?m nghi v?n: 1 | T? l? nghi v?n: 0.2 | M?c ??: 5.0
The horn of doomsday has sounded. The Ephor and the vanguard are clashing with the enemies now.,Tiếng tù và ngày tận thế đã vang lên. Ephor và đội tiên phong đang giao tranh với kẻ địch.,C?n ti?ng Anh nghi v?n: Ephor | S? t?/c?m nghi v?n: 1 | T? l? nghi v?n: 0.2 | M?c ??: 5.0
The Sentinel? Aren't They… gone? Do the Ragunnesi still believe in Them?,Sentinel sao? Chẳng phải Họ... đã biến mất rồi sao? Người Ragunnesi vẫn còn tin vào Họ à?,C?n ti?ng Anh nghi v?n: Ragunnesi | S? t?/c?m nghi v?n: 1 | T? l? nghi v?n: 0.2 | M?c ??: 5.0
"They've sailed far and wide, bringing back Terminals, Shell Credits, and mountains of wealth to Rinascita.","Họ đã đi khắp nơi xa xôi, mang về Rinascita những Thiết bị đầu cuối, Shell Credit và cả núi của cải.",C?n ti?ng Anh nghi v?n: Shell | S? t?/c?m nghi v?n: 1 | T? l? nghi v?n: 0.2 | M?c ??: 5.0
"It's like the traces of Cetus the Tidebreaker are all over these waters, yet all I can do is chase their wake, never glimpsing the grand, graceful form itself.","Giống như dấu vết của Cetus Kẻ Phá Thủy tràn ngập khắp mặt nước, thế mà ta chỉ đuổi theo những gợn sóng sau lưng, chẳng bao giờ thấy được dáng vẻ hùng vĩ, uyển chuyển của nó.",C?n ti?ng Anh nghi v?n: Cetus | S? t?/c?m nghi v?n: 1 | T? l? nghi v?n: 0.2 | M?c ??: 5.0
"Lord Fenrico's missing, and the Order's attitude is… unsettling. I fear we'd be killed the moment we set foot back there.","Lord Fenrico mất tích, còn thái độ của Hội thì... thật đáng ngờ. Ta sợ tụi mình sẽ bị giết ngay khi đặt chân về đó.",C?n ti?ng Anh nghi v?n: Lord | S? t?/c?m nghi v?n: 1 | T? l? nghi v?n: 0.2 | M?c ??: 5.0
"Mr. Fede, the Order's silence in times like these is anything but normal. For your own safety, please don't act on impulse.","Ông Fede, sự im lặng của Hội trong thời điểm này chẳng bình thường chút nào. Vì an toàn của ông, xin đừng hành động bốc đồng.",C?n ti?ng Anh nghi v?n: Fede | S? t?/c?m nghi v?n: 1 | T? l? nghi v?n: 0.2 | M?c ??: 5.0
"Besides, you may consult the sacred texts here at the Cathedral of Mercury or speak to one of our Acolytes.","Ngoài ra, cậu có thể tham khảo các văn bản thiêng liêng tại Nhà thờ Mercury hoặc nói chuyện với một trong các Tu sĩ của chúng tôi.",C?n ti?ng Anh nghi v?n: Mercury | S? t?/c?m nghi v?n: 1 | T? l? nghi v?n: 0.2 | M?c ??: 5.0
"As a member of the Fisalia family, I've heard the truth from our head… I want to capture the glory we once had with my brush.","Là một thành viên gia tộc Fisalia, tôi đã nghe sự thật từ tộc trưởng... Tôi muốn dùng cây cọ của mình để khôi phục lại vinh quang xưa.",C?n ti?ng Anh nghi v?n: Fisalia | S? t?/c?m nghi v?n: 1 | T? l? nghi v?n: 0.2 | M?c ??: 5.0
"Haha… even if I were to join them next year, I'd still have something to boast about!","Haha… dù năm sau có gia nhập họ đi chăng nữa, ta vẫn còn cái để mà khoe đấy!",C?n ti?ng Anh nghi v?n: Haha | S? t?/c?m nghi v?n: 1 | T? l? nghi v?n: 0.2 | M?c ??: 5.0
"Before I transferred to Startorch, I used to hide next to the vending machines behind my high school building all the time.","Trước khi chuyển đến Startorch, ta toàn trốn cạnh mấy cái máy bán hàng tự động sau trường trung học thôi.",C?n ti?ng Anh nghi v?n: Startorch | S? t?/c?m nghi v?n: 1 | T? l? nghi v?n: 0.2 | M?c ??: 5.0
That fountain over there... it's been concealed by leftover Irideglow Crystals. Kind of a shame.,Cái đài phun đằng kia... bị che khuất bởi những tinh thể Irideglow còn sót lại. Thật đáng tiếc.,C?n ti?ng Anh nghi v?n: Irideglow | S? t?/c?m nghi v?n: 1 | T? l? nghi v?n: 0.2 | M?c ??: 5.0
(I remember now. Galbrena once told me about them.),Ta nhớ ra rồi. Galbrena từng kể cho ta về chúng.,C?n ti?ng Anh nghi v?n: Galbrena | S? t?/c?m nghi v?n: 1 | T? l? nghi v?n: 0.2 | M?c ??: 5.0
"I'll go check it out. Knowing Chisa, she usually doesn't act without purpose.","Ta sẽ đi xem sao. Biết Chisa mà, cô ấy làm gì cũng có lý do cả.",C?n ti?ng Anh nghi v?n: Chisa | S? t?/c?m nghi v?n: 1 | T? l? nghi v?n: 0.2 | M?c ??: 5.0
Agreed. It must be something that would let all the Passengers know Chisa is the manager of the day at first glance.,Đồng ý. Phải là thứ gì đó khiến mọi Hành Khách nhận ra ngay Chisa là quản lý hôm nay chỉ trong nháy mắt.,C?n ti?ng Anh nghi v?n: Chisa | S? t?/c?m nghi v?n: 1 | T? l? nghi v?n: 0.2 | M?c ??: 5.0
"When Chisa sees the life-sized cutout of herself placed at the cafe entrance, she falls silent in astonishment. She then turns and asks your opinion of it...","Khi Chisa nhìn thấy tấm bìa cứng cỡ người thật của mình được đặt ở lối vào quán cà phê, cô bất ngờ đến mức im bặt. Sau đó, cô quay lại hỏi ý kiến của cậu...",C?n ti?ng Anh nghi v?n: Chisa | S? t?/c?m nghi v?n: 1 | T? l? nghi v?n: 0.2 | M?c ??: 5.0
"Anyway, pushing through the pain of Overclocking and mastering the shiver of death clawing at your spine... I spy with my little eye a promising seed.","Dù sao thì, vượt qua cơn đau của Overclocking và làm chủ cái cảm giác lưỡi hái tử thần đang bấu vào xương sống... Ta thấy một mầm non đầy hứa hẹn đấy.",C?n ti?ng Anh nghi v?n: Overclocking | S? t?/c?m nghi v?n: 1 | T? l? nghi v?n: 0.2 | M?c ??: 5.0
"Interested in trying a little ""germination test,"" Chisa? A little eval I host, just for the brave.","Chisa, muốn thử ""bài kiểm tra nảy mầm"" không? Một bài đánh giá nhỏ ta tổ chức, chỉ dành cho những ai dũng cảm thôi.",C?n ti?ng Anh nghi v?n: Chisa | S? t?/c?m nghi v?n: 1 | T? l? nghi v?n: 0.2 | M?c ??: 5.0
"Relax, dearie. Don't get worked up just yet. Hehe, you can show me your dance moves once you're fully recovered.","Thư giãn đi, cô bé. Đừng có căng lên sớm thế chứ. Hehe, khi nào khỏe lại, nhớ biểu diễn điệu nhảy cho ta xem nhé.",C?n ti?ng Anh nghi v?n: Hehe | S? t?/c?m nghi v?n: 1 | T? l? nghi v?n: 0.2 | M?c ??: 5.0
"Not bad, actually. Soft and chewy. Well... I guess I shouldn't have judged a Namipon by its smell.",Thực ra cũng không tệ. Mềm và dai. Chà... có lẽ ta không nên đánh giá Namipon qua mùi được.,C?n ti?ng Anh nghi v?n: Namipon | S? t?/c?m nghi v?n: 1 | T? l? nghi v?n: 0.2 | M?c ??: 5.0
Encore... She locked herself in her room and insisted on finishing Tethys's assigned homework.,"Encore... Cô ấy nhốt mình trong phòng, nhất quyết phải làm xong bài tập Tethys giao.",C?n ti?ng Anh nghi v?n: Encore | S? t?/c?m nghi v?n: 1 | T? l? nghi v?n: 0.2 | M?c ??: 5.0
"That I tried. Encore kept insisting she finish it, even remarking, ""Your time has come, big bad homework!""","Ta đã cố rồi. Encore cứ khăng khăng bắt ta phải làm xong, thậm chí còn nói: ""Giờ là lúc của ngươi rồi, bài tập khó nhằn kia!""",C?n ti?ng Anh nghi v?n: Encore | S? t?/c?m nghi v?n: 1 | T? l? nghi v?n: 0.2 | M?c ??: 5.0
"*Static*... Mrs. Kuchiba, would you mind sharing with us why you chose this particular design... *static*... of the Academy's new uniform?","*Tĩnh điện*... Bà Kuchiba, bà có thể chia sẻ lý do tại sao lại chọn thiết kế này... *tĩnh điện*... cho bộ đồng phục mới của Học viện không ạ?",C?n ti?ng Anh nghi v?n: Kuchiba | S? t?/c?m nghi v?n: 1 | T? l? nghi v?n: 0.2 | M?c ??: 5.0
"After some tuning, the signal clears. The broadcast is an interview about school uniforms, and Chisa recognizes who the guest speaker is...","Sau khi điều chỉnh, tín hiệu trở nên rõ ràng. Chương trình phát sóng là một cuộc phỏng vấn về đồng phục học sinh, và Chisa nhận ra người khách mời...",C?n ti?ng Anh nghi v?n: Chisa | S? t?/c?m nghi v?n: 1 | T? l? nghi v?n: 0.2 | M?c ??: 5.0
"Look! The cherry blossoms, and this grand army of Namipon statues. This spot was voted to the top of Honami's ""Ten Best Views"" list more than once, you know.","Nhìn kìa! Hoa anh đào và cả đoàn tượng Namipon hùng vĩ này. Chỗ này từng nhiều lần đứng đầu danh sách ""Mười Cảnh Đẹp Nhất"" của Honami đấy!",C?n ti?ng Anh nghi v?n: Namipon | S? t?/c?m nghi v?n: 1 | T? l? nghi v?n: 0.2 | M?c ??: 5.0
Gathering all the lost capybaras in such a short time… You're truly the greatest detective in all of Honami!,Thu thập hết lũ capybara lạc loài trong thời gian ngắn thế này... Cậu đúng là thám tử số một của Honami đấy!,C?n ti?ng Anh nghi v?n: Honami | S? t?/c?m nghi v?n: 1 | T? l? nghi v?n: 0.2 | M?c ??: 5.0
"Why are all those Namipon statues facing in different directions? Was that done on purpose, or just a mistake...?",Sao mấy bức tượng Namipon lại quay về các hướng khác nhau thế? Có phải cố ý hay chỉ là lỗi...?,C?n ti?ng Anh nghi v?n: Namipon | S? t?/c?m nghi v?n: 1 | T? l? nghi v?n: 0.2 | M?c ??: 5.0
"Long story, doesn't matter now. My clan… the Nami Clan... was disbanded years ago.","Chuyện dài lắm, giờ cũng chẳng quan trọng nữa. Gia tộc ta… Gia tộc Nami… đã bị giải tán từ nhiều năm trước.",C?n ti?ng Anh nghi v?n: Nami | S? t?/c?m nghi v?n: 1 | T? l? nghi v?n: 0.2 | M?c ??: 5.0
"Really? I should let my capybara fight a boar sometime... Anyway, thanks! Here, a gift for you!","Thật à? Để lúc nào cho con capybara của tớ đấu với lợn rừng xem... Thôi, cảm ơn nhé! Quà tặng cho cậu đây!",C?n ti?ng Anh nghi v?n: capybara | S? t?/c?m nghi v?n: 1 | T? l? nghi v?n: 0.2 | M?c ??: 5.0
"Subtle data, this. For the Heliogyre to quantify, difficult. But important to the drafting of new season laws and their guiding procedures.",Dữ liệu này thật tinh tế. Khó mà định lượng được bằng Heliogyre. Nhưng lại quan trọng cho việc soạn thảo luật mùa mới và quy trình hướng dẫn.,C?n ti?ng Anh nghi v?n: Heliogyre | S? t?/c?m nghi v?n: 1 | T? l? nghi v?n: 0.2 | M?c ??: 5.0
"Laetia has finished reading the history of Rinascita. Next, a book about Huanglong she will read.","Laetia đã đọc xong lịch sử của Rinascita. Tiếp theo, cô sẽ đọc một cuốn sách về Huanglong.",C?n ti?ng Anh nghi v?n: Laetia | S? t?/c?m nghi v?n: 1 | T? l? nghi v?n: 0.2 | M?c ??: 5.0
"The old Horstvald was indeed the Binder of the Six. But now, a wandering old man I'd rather be.","Horstvald xưa kia đúng là Người Kết Nối Của Lục Bộ. Nhưng giờ, ta chỉ muốn làm một lão già lang thang mà thôi.",C?n ti?ng Anh nghi v?n: Horstvald | S? t?/c?m nghi v?n: 1 | T? l? nghi v?n: 0.2 | M?c ??: 5.0
"Not long after, you sensed Cartethyia's abrupt departure from Avinoleum and followed her trail to the city of Gladiators, Septimont.","Không lâu sau, cậu cảm nhận được Cartethyia đột ngột rời khỏi Avinoleum và lần theo dấu vết của cô ấy đến thành phố của các đấu sĩ, Septimont.",C?n ti?ng Anh nghi v?n: Avinoleum | S? t?/c?m nghi v?n: 1 | T? l? nghi v?n: 0.2 | M?c ??: 5.0
"I never imagined there'd be so many fake Roya! They wear our clothes, yet in the shadows they commit unforgivable crimes...","Tôi không ngờ lại có nhiều kẻ giả mạo Roya đến vậy! Chúng mặc quần áo của chúng ta, nhưng lại gây ra những tội ác không thể tha thứ trong bóng tối...",C?n ti?ng Anh nghi v?n: Roya | S? t?/c?m nghi v?n: 1 | T? l? nghi v?n: 0.2 | M?c ??: 5.0
"Once I'm done with these last few deliveries, I'll be leaving Lahai-Roi.","Xong vài chuyến giao hàng cuối này, ta sẽ rời Lahai-Roi.",C?n ti?ng Anh nghi v?n: Lahai | S? t?/c?m nghi v?n: 1 | T? l? nghi v?n: 0.2 | M?c ??: 5.0
"Once I'm done with these last few deliveries, I'll be leaving Lahai-Roi.","Xong vài chuyến giao hàng cuối này, ta sẽ rời Lahai-Roi.",C?n ti?ng Anh nghi v?n: Lahai | S? t?/c?m nghi v?n: 1 | T? l? nghi v?n: 0.2 | M?c ??: 5.0
"She said… if I don't want to end up as another Cassette in the recovery pile, I'd better have all the Safety Protocols drilled into my skull.","Cô ấy bảo... nếu không muốn kết thúc như một cái Cassette vứt đống trong kho phục hồi, tốt nhất là phải khắc sâu mọi Quy Trình An Toàn vào đầu.",C?n ti?ng Anh nghi v?n: Cassette | S? t?/c?m nghi v?n: 1 | T? l? nghi v?n: 0.2 | M?c ??: 5.0
"It's ridiculous. Really, the final stop should be right outside the dorm block… or maybe in Bjartr Woods.",Thật nực cười. Điểm dừng cuối đáng lẽ phải ở ngay trước khu ký túc... hay có khi ở Rừng Bjartr ấy chứ.,C?n ti?ng Anh nghi v?n: Bjartr | S? t?/c?m nghi v?n: 1 | T? l? nghi v?n: 0.2 | M?c ??: 5.0
"Compared to the daily supply runs to the frostlands, my load is a drop in the ocean. A Loong's Pearl before Mt. Firmament.","So với những chuyến tiếp tế hàng ngày đến vùng băng giá, gánh nặng của ta chỉ là giọt nước trong biển cả. Một viên Long Châu trước núi Firmament.",C?n ti?ng Anh nghi v?n: Firmament | S? t?/c?m nghi v?n: 1 | T? l? nghi v?n: 0.2 | M?c ??: 5.0
"But because of the unique nature of Lahai-Roi, passengers sometimes transport hazardous materials or sensitive research.","Nhưng do đặc thù của Lahai-Roi, đôi khi hành khách vận chuyển vật liệu nguy hiểm hoặc nghiên cứu nhạy cảm.",C?n ti?ng Anh nghi v?n: Lahai | S? t?/c?m nghi v?n: 1 | T? l? nghi v?n: 0.2 | M?c ??: 5.0
"I didn't know the Outcasts would do something that awful... If I'd known sooner, I—","Ta không biết bọn Outcasts lại làm chuyện kinh khủng như thế... Nếu ta biết sớm hơn, có lẽ ta đã—",C?n ti?ng Anh nghi v?n: Outcasts | S? t?/c?m nghi v?n: 1 | T? l? nghi v?n: 0.2 | M?c ??: 5.0
A Soliskin... I've only ever seen them when I was a child. Only those with a pure heart can see them...,Soliskin... Ta chỉ thấy chúng khi còn bé. Chỉ những ai có trái tim thuần khiết mới nhìn thấy được...,C?n ti?ng Anh nghi v?n: Soliskin | S? t?/c?m nghi v?n: 1 | T? l? nghi v?n: 0.2 | M?c ??: 5.0
"I didn't know the Outcasts would do something that awful... If I'd known sooner, I—","Ta không biết bọn Outcasts lại làm chuyện kinh khủng như thế... Nếu ta biết sớm hơn, có lẽ ta đã—",C?n ti?ng Anh nghi v?n: Outcasts | S? t?/c?m nghi v?n: 1 | T? l? nghi v?n: 0.2 | M?c ??: 5.0
"My mind went blank and I... stole my sister's staff, thinking I could prove myself and join those Outcasts who all look so free.","Đầu óc ta trống rỗng và ta… đã lấy trộm cây trượng của chị gái, nghĩ rằng mình có thể chứng tỏ bản thân và gia nhập đám Outcasts trông thật tự do.",C?n ti?ng Anh nghi v?n: Outcasts | S? t?/c?m nghi v?n: 1 | T? l? nghi v?n: 0.2 | M?c ??: 5.0
"But there's no one in camp who can treat diseases, and we really don't want to go back to Bjartr Woods for help...","Nhưng trong trại không ai biết cách chữa bệnh cả, mà chúng ta cũng chẳng muốn quay lại Rừng Bjartr để cầu viện đâu...",C?n ti?ng Anh nghi v?n: Bjartr | S? t?/c?m nghi v?n: 1 | T? l? nghi v?n: 0.2 | M?c ??: 5.0
"Reinar, are we really doing this...? Right here, right now?","Reinar này, chúng ta thực sự định làm thế...? Ngay tại đây, ngay lúc này sao?",C?n ti?ng Anh nghi v?n: Reinar | S? t?/c?m nghi v?n: 1 | T? l? nghi v?n: 0.2 | M?c ??: 5.0
"Nothing that deep. For us, it was born from necessity. Long ago, the Roya relied on math to predict when disasters would strike the frostlands.","Không có gì sâu xa đâu. Với bọn ta, đó là chuyện sinh tồn. Ngày xưa, người Roya dựa vào toán học để dự đoán khi nào thảm họa sẽ ập đến vùng băng giá.",C?n ti?ng Anh nghi v?n: Roya | S? t?/c?m nghi v?n: 1 | T? l? nghi v?n: 0.2 | M?c ??: 5.0
"Reinar, are we really doing this...? Right here, right now?","Reinar này, chúng ta thực sự định làm thế...? Ngay tại đây, ngay lúc này sao?",C?n ti?ng Anh nghi v?n: Reinar | S? t?/c?m nghi v?n: 1 | T? l? nghi v?n: 0.2 | M?c ??: 5.0
"When a white bird appears, a ""miko"" with white hair dressed in red will suddenly materialize, escort you back to the Academy, and then vanish without a trace…","Khi một con chim trắng xuất hiện, một ""miko"" tóc trắng mặc đồ đỏ sẽ đột nhiên hiện ra, hộ tống cậu về Học viện, rồi biến mất không dấu vết...",C?n ti?ng Anh nghi v?n: miko | S? t?/c?m nghi v?n: 1 | T? l? nghi v?n: 0.2 | M?c ??: 5.0
"When a white bird appears, a ""miko"" with white hair dressed in red will suddenly materialize, escort you back to the Academy, and then vanish without a trace…","Khi một con chim trắng xuất hiện, một ""miko"" tóc trắng mặc đồ đỏ sẽ đột nhiên hiện ra, hộ tống cậu về Học viện, rồi biến mất không dấu vết...",C?n ti?ng Anh nghi v?n: miko | S? t?/c?m nghi v?n: 1 | T? l? nghi v?n: 0.2 | M?c ??: 5.0
"Fair, fair… but from the way they describe her outfit, it's neither modern nor Royan. Where on Solaris did she come from...","Hợp lý, hợp lý... nhưng nghe miêu tả bộ đồ của cô ta, chẳng giống thời hiện đại cũng chẳng phải Royan. Cô ta từ đâu trên Solaris-3 đến vậy nhỉ...",C?n ti?ng Anh nghi v?n: Royan | S? t?/c?m nghi v?n: 1 | T? l? nghi v?n: 0.2 | M?c ??: 5.0
"But they missed the reindeer! It's back, this time carrying a whole pack of Gravlaks from the Royan Market!","Nhưng họ lại để lỡ con tuần lộc rồi! Nó quay lại rồi này, lần này kéo theo cả đàn Gravlak từ Chợ Royan đấy!",C?n ti?ng Anh nghi v?n: Royan | S? t?/c?m nghi v?n: 1 | T? l? nghi v?n: 0.2 | M?c ??: 5.0
"The real Exostrider cockpit is much higher than this. Synchronists must be able to fight at altitude, even in zero-gravity...","Buồng lái Exostrider thật sự cao hơn nhiều so với cái này. Các Đồng Bộ Hóa phải chiến đấu được ở độ cao, thậm chí trong môi trường không trọng lực...",C?n ti?ng Anh nghi v?n: Exostrider | S? t?/c?m nghi v?n: 1 | T? l? nghi v?n: 0.2 | M?c ??: 5.0
"If you shine that light into my apartment again, I'll hang you both on Helios!","Nếu ngươi còn chiếu đèn vào căn hộ của ta nữa, ta sẽ treo cả hai đứa lên Helios luôn đấy!",C?n ti?ng Anh nghi v?n: Helios | S? t?/c?m nghi v?n: 1 | T? l? nghi v?n: 0.2 | M?c ??: 5.0
"Your permit is suspended. I'm issuing you a formal warning, and you're retaking all 108 hours of the Startorch Traffic Safety Regulations course.","Giấy phép của cậu bị đình chỉ. Ta sẽ cảnh cáo chính thức, và cậu phải học lại toàn bộ 108 giờ của khóa Quy định An toàn Giao thông Startorch.",C?n ti?ng Anh nghi v?n: Startorch | S? t?/c?m nghi v?n: 1 | T? l? nghi v?n: 0.2 | M?c ??: 5.0
Do you have any idea how many favors I had to call in to get you into the Solisylum? And this is how you repay that effort?,Cậu có biết ta đã phải nhờ vả bao nhiêu người để đưa ngươi vào Solisylum không? Và đây là cách ngươi trả ơn ta sao?,C?n ti?ng Anh nghi v?n: Solisylum | S? t?/c?m nghi v?n: 1 | T? l? nghi v?n: 0.2 | M?c ??: 5.0
"Massi! I haven't seen eye to eye with that geezer in years. Alright, listen to me, delete my name from your thesis paper. Put him down as your advisor instead.","Massi! Lâu lắm rồi không gặp ông già khó tính đó. Nghe đây, xóa tên ta khỏi luận văn của ngươi đi. Ghi ông ấy làm người hướng dẫn cho ngươi.",C?n ti?ng Anh nghi v?n: Massi | S? t?/c?m nghi v?n: 1 | T? l? nghi v?n: 0.2 | M?c ??: 5.0
"Excuse me? If I could reverse-engineer an Exostrider myself, the first thing I'd command it to do is slap you right in the face!","Xin lỗi? Nếu mình tự chế tạo lại được một con Exostrider, việc đầu tiên mình ra lệnh cho nó làm là tát thẳng vào mặt cậu luôn!",C?n ti?ng Anh nghi v?n: Exostrider | S? t?/c?m nghi v?n: 1 | T? l? nghi v?n: 0.2 | M?c ??: 5.0
"Excuse me? If I could reverse-engineer an Exostrider myself, the first thing I'd command it to do is slap you right in the face!","Xin lỗi? Nếu mình tự chế tạo lại được một con Exostrider, việc đầu tiên mình ra lệnh cho nó làm là tát thẳng vào mặt cậu luôn!",C?n ti?ng Anh nghi v?n: Exostrider | S? t?/c?m nghi v?n: 1 | T? l? nghi v?n: 0.2 | M?c ??: 5.0
"Oh please... When you got that component, you were hopping around like a Hoochief, waving it around, your eyes practically glowing.","Ôi dào... Khi cậu lấy được linh kiện đó, nhảy cẫng lên như Hoochief ấy, vung vẩy lia lịa, mắt sáng rực lên cơ mà.",C?n ti?ng Anh nghi v?n: Hoochief | S? t?/c?m nghi v?n: 1 | T? l? nghi v?n: 0.2 | M?c ??: 5.0
Another note: VOID STORM! GIVE ME BACK MY ESSAY! WE ARE NOT DONE HERE AAAAAHHHH—!!!,Ghi chú khác: BÃO HƯ VÔ! TRẢ BÀI LUẬN CỦA TA ĐÂY! TA VỚI Ngươi CHƯA XONG ĐÂU AAAAAHHHH—!!!,C?n ti?ng Anh nghi v?n: AAAAAHHHH | S? t?/c?m nghi v?n: 1 | T? l? nghi v?n: 0.2 | M?c ??: 5.0
"I'm Hermann, a Pioneer Association member and currently a guide for visitors at the Archive.","Tôi là Hermann, thành viên Hiệp Hội Tiên Phong và hiện là hướng dẫn viên cho du khách tại Kho Lưu Trữ.",C?n ti?ng Anh nghi v?n: Hermann | S? t?/c?m nghi v?n: 1 | T? l? nghi v?n: 0.2 | M?c ??: 5.0
I have heard strange entrances sometimes do appear... They say it's from the Academy's atmosphere and student stress. If that <i>is</i> a Sonoro...,Ta nghe nói thỉnh thoảng có những lối vào kỳ lạ xuất hiện... Họ bảo là do không khí ở Học viện và áp lực học tập của sinh viên. Nếu đó *thực sự* là một Sonoro...,C?n ti?ng Anh nghi v?n: Sonoro | S? t?/c?m nghi v?n: 1 | T? l? nghi v?n: 0.2 | M?c ??: 5.0
"But your training results are flawless, and your research shows remarkable foresight. What do you plan to do after graduation, Galilei?","Nhưng kết quả huấn luyện của cậu hoàn hảo, và nghiên cứu của cậu thể hiện tầm nhìn xa đáng kinh ngạc. Sau khi tốt nghiệp, cậu định làm gì vậy, Galilei?",C?n ti?ng Anh nghi v?n: Galilei | S? t?/c?m nghi v?n: 1 | T? l? nghi v?n: 0.2 | M?c ??: 5.0
"Can't believe you pulled this off! Lemme see... Honeypot Jam, Smoked Meat Stew, Skelecanth Tartare...","Không thể tin cậu lại làm được thế này! Để tớ xem... Mứt mật ong, hầm thịt hun khói, gỏi Skelecanth...",C?n ti?ng Anh nghi v?n: Skelecanth | S? t?/c?m nghi v?n: 1 | T? l? nghi v?n: 0.2 | M?c ??: 5.0
"Yeah. When my parents heard I could study at Startorch Academy, they were so happy they almost cried.","Ừ. Khi bố mẹ nghe tin con được học ở Học viện Startorch, họ mừng đến phát khóc luôn.",C?n ti?ng Anh nghi v?n: Startorch | S? t?/c?m nghi v?n: 1 | T? l? nghi v?n: 0.2 | M?c ??: 5.0
Ghhhk—! W-we just… wanted to see if we could break the sync time record…,Ghhhk—! Ch-chúng ta chỉ... muốn xem liệu có thể phá kỷ lục đồng bộ thời gian không thôi mà...,C?n ti?ng Anh nghi v?n: Ghhhk | S? t?/c?m nghi v?n: 1 | T? l? nghi v?n: 0.2 | M?c ??: 5.0
"The cafeteria has changed its seasoning seven times, but Royan students still complain that the food is bland.","Căng tin đã thay đổi gia vị bảy lần rồi, nhưng sinh viên Royan vẫn cứ phàn nàn đồ ăn nhạt nhẽo.",C?n ti?ng Anh nghi v?n: Royan | S? t?/c?m nghi v?n: 1 | T? l? nghi v?n: 0.2 | M?c ??: 5.0
"The cafeteria has changed its seasoning seven times, but Royan students still complain that the food is bland.","Căng tin đã thay đổi gia vị bảy lần rồi, nhưng sinh viên Royan vẫn cứ phàn nàn đồ ăn nhạt nhẽo.",C?n ti?ng Anh nghi v?n: Royan | S? t?/c?m nghi v?n: 1 | T? l? nghi v?n: 0.2 | M?c ??: 5.0
Violation logged. Demerit points will be applied within 2 Lahai-Roi days.,Đã ghi nhận vi phạm. Điểm trừ sẽ được áp dụng trong vòng 2 ngày Lahai-Roi.,C?n ti?ng Anh nghi v?n: Lahai | S? t?/c?m nghi v?n: 1 | T? l? nghi v?n: 0.2 | M?c ??: 5.0
"Aww, preparing for the test with Glave again? You two basically live in the Archive at this point.","Ôi, lại chuẩn bị kiểm tra với Glave nữa à? Hai cậu gần như sống luôn trong Kho Lưu Trữ rồi nhỉ.",C?n ti?ng Anh nghi v?n: Glave | S? t?/c?m nghi v?n: 1 | T? l? nghi v?n: 0.2 | M?c ??: 5.0
I said no! A Mechascout can't handle human food! I'm not spoiling you again!,Ta bảo không! Thức ăn của con người không dành cho Mechascout! Ta không nuông chiều ngươi nữa đâu!,C?n ti?ng Anh nghi v?n: Mechascout | S? t?/c?m nghi v?n: 1 | T? l? nghi v?n: 0.2 | M?c ??: 5.0
"Well, when their migration routes overlap, the Exoswarm will just... clash. Neither side will back down. It's like a glitch in their base code.","À, khi lộ trình di cư của chúng trùng nhau, bầy Exoswarm sẽ... đụng độ thôi. Chẳng bên nào chịu nhường đâu. Giống như một lỗi trong mã nguồn gốc vậy.",C?n ti?ng Anh nghi v?n: Exoswarm | S? t?/c?m nghi v?n: 1 | T? l? nghi v?n: 0.2 | M?c ??: 5.0
I said pour it down the inside of the beaker! THE INSIDE! Did you learn lab safety from a Voidworm?!,Ta bảo đổ vào bên TRONG cái bình! BÊN TRONG! Ngươi học an toàn phòng thí nghiệm từ Voidworm à?!,C?n ti?ng Anh nghi v?n: Voidworm | S? t?/c?m nghi v?n: 1 | T? l? nghi v?n: 0.2 | M?c ??: 5.0
"Aww, preparing for the test with Glave again? You two basically live in the Archive at this point.","Ôi, lại chuẩn bị kiểm tra với Glave nữa à? Hai cậu gần như sống luôn trong Kho Lưu Trữ rồi nhỉ.",C?n ti?ng Anh nghi v?n: Glave | S? t?/c?m nghi v?n: 1 | T? l? nghi v?n: 0.2 | M?c ??: 5.0
How is Denia on the attendance roster for literally every single one?,Sao tên Denia lại có mặt trong danh sách điểm danh của *mọi* nhiệm vụ thế nhỉ?,C?n ti?ng Anh nghi v?n: Denia | S? t?/c?m nghi v?n: 1 | T? l? nghi v?n: 0.2 | M?c ??: 5.0
"Well, we Royan students are exempt from the dress code… But ah, why not? I'll try it!","À, học sinh Royan chúng tôi được miễn quy định về trang phục... Nhưng thôi, sao không thử? Tôi sẽ mặc nó!",C?n ti?ng Anh nghi v?n: Royan | S? t?/c?m nghi v?n: 1 | T? l? nghi v?n: 0.2 | M?c ??: 5.0
"""Why is it always you three from the Department of Exostrider Engineering?! I'll deduct you ten credits!""","""Sao lúc nào cũng là bộ ba cậu từ Khoa Kỹ thuật Exostrider thế hả?! Trừ 10 tín dụng của tụi bay!""",C?n ti?ng Anh nghi v?n: Exostrider | S? t?/c?m nghi v?n: 1 | T? l? nghi v?n: 0.2 | M?c ??: 5.0
Why would Yngvar be chosen as one of the next Heliodic Six?,Tại sao Yngvar lại được chọn làm một trong Lục Hạo Tinh tiếp theo?,C?n ti?ng Anh nghi v?n: Yngvar | S? t?/c?m nghi v?n: 1 | T? l? nghi v?n: 0.2 | M?c ??: 5.0
"The Exostrider will leave us, in time. The Luminous River that it gave us is always changing. Into the same river twice, one can never step.",Exostrider rồi cũng sẽ rời bỏ chúng ta. Dòng Sông Ánh Sáng mà nó ban tặng luôn biến đổi không ngừng. Không ai có thể đặt chân hai lần vào cùng một dòng sông.,C?n ti?ng Anh nghi v?n: Exostrider | S? t?/c?m nghi v?n: 1 | T? l? nghi v?n: 0.2 | M?c ??: 5.0
"A wider road means faster travel. Between the Academy and Bjartr Woods, our people could move with ease.","Con đường rộng hơn đồng nghĩa với việc di chuyển nhanh hơn. Giữa Học viện và Rừng Bjartr, người dân chúng ta có thể đi lại dễ dàng.",C?n ti?ng Anh nghi v?n: Bjartr | S? t?/c?m nghi v?n: 1 | T? l? nghi v?n: 0.2 | M?c ??: 5.0
Then eat some of this Fern Spore! Food blessed by the Soliskin is sure to remind you of the grace the Exostrider once bestowed upon us!,Thế thì hãy ăn thử Bào Tử Dương Xỉ này đi! Thức ăn được ban phước bởi Ánh Mặt Trời chắc chắn sẽ nhắc ngươi nhớ lại ân sủng mà Exostrider từng ban cho chúng ta!,C?n ti?ng Anh nghi v?n: Exostrider | S? t?/c?m nghi v?n: 1 | T? l? nghi v?n: 0.2 | M?c ??: 5.0
"To Sol, the first to have brought the stars to our ancestors during the First Epoch.","Tưởng nhớ Sol, người đầu tiên mang ánh sao đến tổ tiên chúng ta trong Kỷ Nguyên Đầu Tiên.",C?n ti?ng Anh nghi v?n: Sol | S? t?/c?m nghi v?n: 1 | T? l? nghi v?n: 0.2 | M?c ??: 5.0
They can't even do five-digit multiplication in their heads. Trust them? I'd sooner trust that I'm an Exostrider.,Chúng còn không tính nhẩm được phép nhân năm chữ số. Tin được à? Ta thà tin ta là Exostrider còn hơn.,C?n ti?ng Anh nghi v?n: Exostrider | S? t?/c?m nghi v?n: 1 | T? l? nghi v?n: 0.2 | M?c ??: 5.0
I'm working on a project that requires me to collect data from Atuja... I've been wanting to see you since yesterday!,Ta đang làm một dự án cần thu thập dữ liệu từ Atuja... Ta đã muốn gặp ngươi từ hôm qua rồi!,C?n ti?ng Anh nghi v?n: Atuja | S? t?/c?m nghi v?n: 1 | T? l? nghi v?n: 0.2 | M?c ??: 5.0
"And to think, I could buy a few eggs at Mahe's Grocery with that amount of Credits...","Nghĩ mà xem, với số Credits đó, ta có thể mua được mấy quả trứng ở Cửa Hàng Mahe đấy...",C?n ti?ng Anh nghi v?n: Credits | S? t?/c?m nghi v?n: 1 | T? l? nghi v?n: 0.2 | M?c ??: 5.0
"Haha, I've been teaching here for a long time. I remember every face that comes through these halls.","Haha, ta dạy ở đây lâu lắm rồi. Mỗi gương mặt bước qua những hành lang này, ta đều nhớ hết.",C?n ti?ng Anh nghi v?n: Haha | S? t?/c?m nghi v?n: 1 | T? l? nghi v?n: 0.2 | M?c ??: 5.0
He eventually left and traveled to many countries before settling down and spending his remaining days in Lilyland.,"Cuối cùng, ông rời đi và du hành qua nhiều quốc gia trước khi định cư và sống những ngày cuối đời tại Lilyland.",C?n ti?ng Anh nghi v?n: Lilyland | S? t?/c?m nghi v?n: 1 | T? l? nghi v?n: 0.2 | M?c ??: 5.0
This is my second Cassette re-burning application this month.,Đây là đơn xin ghi lại Cassette lần thứ hai của tôi trong tháng này.,C?n ti?ng Anh nghi v?n: Cassette | S? t?/c?m nghi v?n: 1 | T? l? nghi v?n: 0.2 | M?c ??: 5.0
"By the way, I heard from the Roya in our group that there's a beautiful, unfrozen lake in a fjord somewhere out there. Wonder if we'll get to check it out...","À này, tớ nghe Roya trong nhóm kể có một hồ nước tuyệt đẹp chưa đóng băng nằm trong một vịnh hẹp đâu đó. Không biết chúng ta có cơ hội đến thăm không nhỉ...",C?n ti?ng Anh nghi v?n: Roya | S? t?/c?m nghi v?n: 1 | T? l? nghi v?n: 0.2 | M?c ??: 5.0
...Maybe I should research how to travel back in time... Is it too late to look for a Chronosorter...?,...Hay là ta nên nghiên cứu cách du hành ngược thời gian... Có quá muộn để tìm một Chronosorter không nhỉ...?,C?n ti?ng Anh nghi v?n: Chronosorter | S? t?/c?m nghi v?n: 1 | T? l? nghi v?n: 0.2 | M?c ??: 5.0
We're working to ensure this new sun illuminates Lahai-Roi's future. It's why we're here.,Chúng tôi đang nỗ lực để mặt trời mới này soi sáng tương lai của Lahai-Roi. Đó chính là lý do chúng tôi có mặt ở đây.,C?n ti?ng Anh nghi v?n: Lahai | S? t?/c?m nghi v?n: 1 | T? l? nghi v?n: 0.2 | M?c ??: 5.0
I say we have Royan students be judges in future contests.,Tớ đề nghị để sinh viên Royan làm giám khảo cho các cuộc thi sau này.,C?n ti?ng Anh nghi v?n: Royan | S? t?/c?m nghi v?n: 1 | T? l? nghi v?n: 0.2 | M?c ??: 5.0
Next stop: Startorch Academy Station. Please prepare to disembark.,Ga tiếp theo: Ga Học Viện Startorch. Xin hãy chuẩn bị xuống tàu.,C?n ti?ng Anh nghi v?n: Startorch | S? t?/c?m nghi v?n: 1 | T? l? nghi v?n: 0.2 | M?c ??: 5.0
The Roya probably understand the Exoswarm better than we do. I hope they won't mind me asking so many questions...,Có lẽ người Roya hiểu Bầy Ngoại Ký hơn chúng ta. Hy vọng họ không phiền khi ta hỏi quá nhiều...,C?n ti?ng Anh nghi v?n: Roya | S? t?/c?m nghi v?n: 1 | T? l? nghi v?n: 0.2 | M?c ??: 5.0
"A quick reminder! This is our final field day, so we're regrouping an hour earlier than usual. Be on time!","Nhắc nhanh nhé! Hôm nay là buổi thực địa cuối cùng của chúng ta, nên tụi mình sẽ tập trung sớm hơn một tiếng so với thường lệ. Đừng trễ giờ đấy!",C?n ti?ng Anh nghi v?n: so | S? t?/c?m nghi v?n: 1 | T? l? nghi v?n: 0.2 | M?c ??: 5.0
"Excuse me... do you see the Exoswarm as pets, or as livestock?",Xin lỗi... Cậu coi Exoswarm là thú cưng hay gia súc vậy?,C?n ti?ng Anh nghi v?n: Exoswarm | S? t?/c?m nghi v?n: 1 | T? l? nghi v?n: 0.2 | M?c ??: 5.0
The Reactor's light has blessed the Roya for ages...,Ánh sáng của Động cơ đã ban phước cho Roya từ bao đời nay...,C?n ti?ng Anh nghi v?n: Roya | S? t?/c?m nghi v?n: 1 | T? l? nghi v?n: 0.2 | M?c ??: 5.0
"Based on the archives I've reviewed and my field observations, the Exoswarm appear to be direct offshoots from the Exostrider's physical components.","Dựa trên kho lưu trữ tôi đã xem xét và quan sát thực địa, Exoswarm dường như là nhánh trực tiếp từ các bộ phận vật lý của Exostrider.",C?n ti?ng Anh nghi v?n: Exoswarm | S? t?/c?m nghi v?n: 1 | T? l? nghi v?n: 0.2 | M?c ??: 5.0
"And the Soliskin must originate from its neural matter! Following this logic, they might even retain pieces of the Exostrider's consciousness!","Và Da Mặt Trời chắc hẳn bắt nguồn từ chất thần kinh của nó! Theo logic này, chúng thậm chí có thể vẫn giữ lại những mảnh ký ức của Exostrider!",C?n ti?ng Anh nghi v?n: logic | S? t?/c?m nghi v?n: 1 | T? l? nghi v?n: 0.2 | M?c ??: 5.0
It seems my understanding of the Soliskin is only the tip of the iceberg... I must devote myself entirely to this endless pursuit of knowledge!,Có vẻ như hiểu biết của ta về Soliskin mới chỉ là phần nổi của tảng băng trôi... Ta phải dốc toàn lực vào cuộc truy tìm tri thức bất tận này!,C?n ti?ng Anh nghi v?n: Soliskin | S? t?/c?m nghi v?n: 1 | T? l? nghi v?n: 0.2 | M?c ??: 5.0
"We've collected plenty of Tapes of Last Words. Ohhh... I can't watch Arsenio keep hurting itself like that, but the way it's determined to fulfill its duties... Let's bring them over quick!","Chúng ta đã thu thập được khá nhiều Băng Lời Cuối. Ôi... Tôi không thể nhìn Arsenio cứ tự hành hạ mình như vậy, nhưng cách nó quyết tâm hoàn thành nhiệm vụ... Mau mang chúng về đi!",C?n ti?ng Anh nghi v?n: Arsenio | S? t?/c?m nghi v?n: 1 | T? l? nghi v?n: 0.2 | M?c ??: 5.0
Only by treating the Mechascout as an extension of your own body and senses will you reach the pinnacle of human–machine unity...,"Chỉ khi coi Mechascout như một phần mở rộng của cơ thể và giác quan, ngươi mới đạt đến đỉnh cao của sự hợp nhất giữa người và máy...",C?n ti?ng Anh nghi v?n: Mechascout | S? t?/c?m nghi v?n: 1 | T? l? nghi v?n: 0.2 | M?c ??: 5.0
"Pft, the Academy used to strictly ban that kind of ""walking by and giving a Mechascout a good whack"" thing…","Pfft, trước kia Học viện cấm nghiêm ngặt mấy trò ""đi ngang qua rồi đập Mechascout một phát"" đấy…",C?n ti?ng Anh nghi v?n: Mechascout | S? t?/c?m nghi v?n: 1 | T? l? nghi v?n: 0.2 | M?c ??: 5.0
"We might be able to patch their internal operating logic, but the wear and tear on their parts at this level is irreversible.","Ta có thể sửa lại logic vận hành bên trong của chúng, nhưng mức độ hao mòn linh kiện như thế này thì không thể đảo ngược được.",C?n ti?ng Anh nghi v?n: logic | S? t?/c?m nghi v?n: 1 | T? l? nghi v?n: 0.2 | M?c ??: 5.0
The idea was that organs you use frequently become more developed over time. Like how the Skelecanth evolved sharp pectoral fins to navigate the sands.,Ý tưởng là các cơ quan thường xuyên sử dụng sẽ phát triển theo thời gian. Giống như Skelecanth tiến hóa vây ngực sắc nhọn để di chuyển trên cát.,C?n ti?ng Anh nghi v?n: Skelecanth | S? t?/c?m nghi v?n: 1 | T? l? nghi v?n: 0.2 | M?c ??: 5.0
"Now, I'll hand it over to Stanik to walk us through how the calendar has changed over the years...","Bây giờ, mình sẽ nhường lời cho Stanik để anh ấy giải thích về sự thay đổi của lịch qua các năm...",C?n ti?ng Anh nghi v?n: Stanik | S? t?/c?m nghi v?n: 1 | T? l? nghi v?n: 0.2 | M?c ??: 5.0
"From here, the process is simple, and I'm sure you've all deduced that for ""F,"" considering the two initial factors...","Từ đây, quy trình đơn giản lắm, và chắc các cậu đã đoán ra được chữ ""F"" dựa trên hai yếu tố ban đầu rồi…",C?n ti?ng Anh nghi v?n: F | S? t?/c?m nghi v?n: 1 | T? l? nghi v?n: 0.2 | M?c ??: 5.0
It's exactly like the one in the Collins documentary trilogy.,Nó giống y hệt trong bộ ba phim tài liệu Collins.,C?n ti?ng Anh nghi v?n: Collins | S? t?/c?m nghi v?n: 1 | T? l? nghi v?n: 0.2 | M?c ??: 5.0
"Don't worry, I've got this. Just a few fan photos, some autographs, announcing the upcoming match schedule, and striking a few killer poses for the cameras.","Đừng lo, để tớ lo. Chỉ cần vài tấm hình với fan, vài chữ ký, thông báo lịch thi đấu sắp tới, rồi tạo dáng bá đạo trước ống kính là xong.",C?n ti?ng Anh nghi v?n: fan | S? t?/c?m nghi v?n: 1 | T? l? nghi v?n: 0.2 | M?c ??: 5.0
Right? It's <i>the</i> drink for Gladiators. And fun fact: Heartpour only tastes this good because they actually took my advice when they developed it.,Đúng không? Đây là <i>thức uống</i> dành cho các Chiến Binh Đấu Trường đấy. Và có một sự thật thú vị: Heartpour có hương vị tuyệt vời thế này là nhờ họ thực sự nghe lời khuyên của tớ khi phát triển nó.,C?n ti?ng Anh nghi v?n: Heartpour | S? t?/c?m nghi v?n: 1 | T? l? nghi v?n: 0.2 | M?c ??: 5.0
Yes... I always come here to take in the view after herding Exoswarm.,"Ừ... Sau khi chăn dắt Exoswarm xong, ta luôn đến đây để ngắm cảnh.",C?n ti?ng Anh nghi v?n: Exoswarm | S? t?/c?m nghi v?n: 1 | T? l? nghi v?n: 0.2 | M?c ??: 5.0
That teal worm I saw just now... It's not listed in the Institute’s Frostlands Species Records…,Con sâu xanh lục ta vừa thấy... Nó không có trong Hồ sơ Loài vùng Frostlands của Viện...,C?n ti?ng Anh nghi v?n: Frostlands | S? t?/c?m nghi v?n: 1 | T? l? nghi v?n: 0.2 | M?c ??: 5.0
If only my son were that brilliant! Ha… these days he just keeps talking about taking a ship and seeing the world.,Giá như con trai ta cũng thông minh như thế! Ha... Giờ nó chỉ biết nói về việc lên tàu đi khắp thế giới.,C?n ti?ng Anh nghi v?n: Ha | S? t?/c?m nghi v?n: 1 | T? l? nghi v?n: 0.2 | M?c ??: 5.0
"See these ""ice sleds""? Made the old way, they were. Hook a galloping Exoswarm to them, and they'll race your motorbikes any day.","Thấy mấy cái ""xe trượt băng"" này không? Chúng được làm theo cách cổ đấy. Móc vào một đàn Exoswarm đang phi nước đại, chúng có thể chạy đua với mấy cái xe máy của cậu như chơi.",C?n ti?ng Anh nghi v?n: Exoswarm | S? t?/c?m nghi v?n: 1 | T? l? nghi v?n: 0.2 | M?c ??: 5.0
"When the roar was gone, the Glommoth raised its trunk and blew, pointing in the direction I was to go. And in its eyes I saw... a guarded, lonely depth.","Khi tiếng gầm chấm dứt, Glommoth giơ vòi lên thổi, chỉ về hướng ta phải đi. Và trong đôi mắt nó, ta thấy... một nỗi cô đơn sâu thẳm, đầy cảnh giác.",C?n ti?ng Anh nghi v?n: Glommoth | S? t?/c?m nghi v?n: 1 | T? l? nghi v?n: 0.2 | M?c ??: 5.0
That Clockatoo has been here ever since the Starward Riseway was built.,Con Clockatoo đó đã ở đây từ khi Đường Lên Cung Sao được xây dựng.,C?n ti?ng Anh nghi v?n: Clockatoo | S? t?/c?m nghi v?n: 1 | T? l? nghi v?n: 0.2 | M?c ??: 5.0
That Clockatoo has been here ever since the Starward Riseway was built.,Con Clockatoo đó đã ở đây từ khi Đường Lên Cung Sao được xây dựng.,C?n ti?ng Anh nghi v?n: Clockatoo | S? t?/c?m nghi v?n: 1 | T? l? nghi v?n: 0.2 | M?c ??: 5.0
"A UV-blocking cape, anti-snowblind goggles, a thermal backpack, an emergency survival device, a personal Antivoid Canopy, and most importantly—a Terminal.","Một chiếc áo choàng chống tia UV, kính bảo hộ chống lóa tuyết, ba lô giữ nhiệt, thiết bị sinh tồn khẩn cấp, dù chống Hư Không cá nhân, và quan trọng nhất—một Thiết bị đầu cuối.",C?n ti?ng Anh nghi v?n: UV | S? t?/c?m nghi v?n: 1 | T? l? nghi v?n: 0.2 | M?c ??: 5.0
"Anyway, if you get a chance to visit a Roya settlement in the future, I suggest taking a closer look.","Dù sao thì, nếu sau này có dịp đến khu định cư Roya, tớ khuyên cậu nên quan sát kỹ hơn.",C?n ti?ng Anh nghi v?n: Roya | S? t?/c?m nghi v?n: 1 | T? l? nghi v?n: 0.2 | M?c ??: 5.0
"Yes... During my hardest nights in Lahai-Roi, her voice was the only thing that got me through.","Ừ... Những đêm khó khăn nhất ở Lahai-Roi, giọng nói của cô ấy là thứ duy nhất giúp ta vượt qua.",C?n ti?ng Anh nghi v?n: Lahai | S? t?/c?m nghi v?n: 1 | T? l? nghi v?n: 0.2 | M?c ??: 5.0
We'll hold on to this Cassette for you. You can come back and claim it anytime after you have recovered.,Chúng tôi sẽ giữ Băng Cassette này cho cậu. Cậu có thể quay lại lấy bất cứ lúc nào sau khi hồi phục.,C?n ti?ng Anh nghi v?n: Cassette | S? t?/c?m nghi v?n: 1 | T? l? nghi v?n: 0.2 | M?c ??: 5.0
Oh... I saw your face on the headline at Startorch Academy's website!,Ôi... Ta thấy mặt cháu trên trang nhất của trang web Học viện Startorch!,C?n ti?ng Anh nghi v?n: Startorch | S? t?/c?m nghi v?n: 1 | T? l? nghi v?n: 0.2 | M?c ??: 5.0
"So, I beseech you: before the party ends, could you persuade Salcera to let us finish his chapter in our grand novel?","Vậy nên, mình xin cậu: trước khi buổi tiệc kết thúc, có thể thuyết phục Salcera để chúng ta hoàn thành chương của ông ấy trong tiểu thuyết đồ sộ này không?",C?n ti?ng Anh nghi v?n: Salcera | S? t?/c?m nghi v?n: 1 | T? l? nghi v?n: 0.2 | M?c ??: 5.0
"According to my sources, Banquelas loves mystery novels. Chat him up about that, and he'll be over the moon.","Theo nguồn tin của ta, Banquelas rất mê tiểu thuyết bí ẩn. Hãy bắt chuyện với hắn về chủ đề đó, hắn sẽ vui lắm đấy.",C?n ti?ng Anh nghi v?n: Banquelas | S? t?/c?m nghi v?n: 1 | T? l? nghi v?n: 0.2 | M?c ??: 5.0
"According to my sources, Banquelas loves mystery novels. Chat him up about that, and he'll be over the moon.","Theo nguồn tin của ta, Banquelas rất mê tiểu thuyết bí ẩn. Hãy bắt chuyện với hắn về chủ đề đó, hắn sẽ vui lắm đấy.",C?n ti?ng Anh nghi v?n: Banquelas | S? t?/c?m nghi v?n: 1 | T? l? nghi v?n: 0.2 | M?c ??: 5.0
I've decided! I'm gonna write my essay about this place. The teacher's gonna give me an A+ for sure!,Ta quyết định rồi! Ta sẽ viết bài luận về nơi này. Chắc chắn thầy sẽ cho ta điểm A+!,C?n ti?ng Anh nghi v?n: A | S? t?/c?m nghi v?n: 1 | T? l? nghi v?n: 0.2 | M?c ??: 5.0
"Squill, I want to dedicate everything I've seen and everything I am to you.","Squill à, ta muốn dành tặng cho ngươi tất cả những gì ta đã thấy và tất cả những gì ta là.",C?n ti?ng Anh nghi v?n: Squill | S? t?/c?m nghi v?n: 1 | T? l? nghi v?n: 0.2 | M?c ??: 5.0
"Thank you, Aniques. Of all the possible paths we could have taken, this is the best one.","Cảm ơn Aniques. Trong tất cả những con đường chúng ta có thể chọn, đây là con đường tốt nhất.",C?n ti?ng Anh nghi v?n: Aniques | S? t?/c?m nghi v?n: 1 | T? l? nghi v?n: 0.2 | M?c ??: 5.0
I remember he only brought about a week's worth of grub for <b>Fitz</b>...,Ta nhớ hắn chỉ mang đủ lương thực cho <b>Fitz</b> dùng trong một tuần...,C?n ti?ng Anh nghi v?n: Fitz | S? t?/c?m nghi v?n: 1 | T? l? nghi v?n: 0.2 | M?c ??: 5.0
"We were right to push for a deep investigation at the Starblind Crashsite. The readings are faint, but there's definitely some new satellite debris down here!","Chúng ta đã đúng khi thúc đẩy điều tra sâu tại hiện trường Starblind. Tín hiệu yếu, nhưng chắc chắn có mảnh vỡ vệ tinh mới ở dưới này!",C?n ti?ng Anh nghi v?n: Starblind | S? t?/c?m nghi v?n: 1 | T? l? nghi v?n: 0.2 | M?c ??: 5.0
"Oh, don't give me that look, Fitz... You know very well there's a crack by the exit that you can squeeze through, right?","Ôi, đừng nhìn mình như thế, Fitz... Cậu biết rõ là có một khe hở ở lối ra mà cậu có thể chui qua được mà, phải không?",C?n ti?ng Anh nghi v?n: Fitz | S? t?/c?m nghi v?n: 1 | T? l? nghi v?n: 0.2 | M?c ??: 5.0
"You and Lucilla discuss many things, and you can feel her worries lighten. Sharing this moment is a slice of warmth in your day...","Bạn và Lucilla trò chuyện về nhiều điều, và bạn cảm nhận được nỗi lo của cô nhẹ bớt đi. Khoảnh khắc chia sẻ này như một tia nắng ấm áp trong ngày...",C?n ti?ng Anh nghi v?n: Lucilla | S? t?/c?m nghi v?n: 1 | T? l? nghi v?n: 0.2 | M?c ??: 5.0
"Sorry for calling during your break, Lynae... An urgent request just came in, and we really can't spare anyone at the moment...","Xin lỗi vì gọi điện trong giờ nghỉ của cậu, Lynae... Có việc gấp vừa đến, mà hiện giờ chúng ta không thể thiếu ai được...",C?n ti?ng Anh nghi v?n: Lynae | S? t?/c?m nghi v?n: 1 | T? l? nghi v?n: 0.2 | M?c ??: 5.0
"When old Elian looks at McConna's smile in the photo, unchanged from their first meeting... what could he possibly be feeling?","Khi lão Elian nhìn nụ cười của McConna trong bức ảnh, vẫn không đổi từ lần đầu gặp gỡ... ông ta đang cảm thấy điều gì nhỉ?",C?n ti?ng Anh nghi v?n: Elian | S? t?/c?m nghi v?n: 1 | T? l? nghi v?n: 0.2 | M?c ??: 5.0
The prototype of Sylph. I've added a frequency recording and playback feature on top of the original structure.,Nguyên mẫu Sylph. Ta đã bổ sung tính năng ghi và phát lại Tần số bên cạnh cấu trúc ban đầu.,C?n ti?ng Anh nghi v?n: Sylph | S? t?/c?m nghi v?n: 1 | T? l? nghi v?n: 0.2 | M?c ??: 5.0
"At first, it's sweet, like Dusk Honeypot… then smoky fish, followed by a greasy Skelecanth aroma. It's a creative flavor.","Ban đầu, vị ngọt ngào như mật ong Hoàng Hôn… rồi đến mùi cá hun khói, tiếp theo là hương thơm béo ngậy của Skelecanth. Một hương vị sáng tạo thật sự.",C?n ti?ng Anh nghi v?n: Skelecanth | S? t?/c?m nghi v?n: 1 | T? l? nghi v?n: 0.2 | M?c ??: 5.0
"Moments like this make me think... A long, long time ago, you couldn't see a single star in Lahai-Roi. Now, we have billions.","Những khoảnh khắc như thế này khiến ta nhớ lại... Ngày xửa ngày xưa, ở Lahai-Roi chẳng nhìn thấy nổi một vì sao nào. Giờ thì chúng ta có cả tỷ.",C?n ti?ng Anh nghi v?n: Lahai | S? t?/c?m nghi v?n: 1 | T? l? nghi v?n: 0.2 | M?c ??: 5.0
"But I know I was there. When I close my eyes… I can still hear those voices. I can hear that ""Sigrika"" telling me, ""you'll always end up back here.""","Nhưng tớ biết mình đã ở đó. Khi nhắm mắt lại... tớ vẫn nghe thấy những giọng nói ấy. Tớ nghe thấy ""Sigrika"" nói với tớ rằng, ""rốt cuộc cậu vẫn sẽ quay về đây thôi.""",C?n ti?ng Anh nghi v?n: Sigrika | S? t?/c?m nghi v?n: 1 | T? l? nghi v?n: 0.2 | M?c ??: 5.0
You share thoughtful feedback on Luuk Herssen's simple lunchbox. Sharing this moment is a slice of warmth in your day...,Cậu chia sẻ những nhận xét chân thành về hộp cơm đơn giản của Luuk Herssen. Khoảnh khắc này như một tia ấm áp trong ngày của cậu...,C?n ti?ng Anh nghi v?n: Luuk | S? t?/c?m nghi v?n: 1 | T? l? nghi v?n: 0.2 | M?c ??: 5.0
Why the silent treatment? You're a Hearthbear. You're literally built for hugs!,"Sao lại im lặng thế? Cậu là Hearthbear mà, sinh ra để ôm ấp đấy!",C?n ti?ng Anh nghi v?n: Hearthbear | S? t?/c?m nghi v?n: 1 | T? l? nghi v?n: 0.2 | M?c ??: 5.0
"That feeling, like having ten Ironhooves pulling you in ten different directions... I don't think I'll ever get used to it.",Cảm giác như bị mười con Ironhooves kéo về mười hướng khác nhau... Tôi nghĩ mình sẽ chẳng bao giờ quen được.,C?n ti?ng Anh nghi v?n: Ironhooves | S? t?/c?m nghi v?n: 1 | T? l? nghi v?n: 0.2 | M?c ??: 5.0
They're convenient! Plus that buttery smooth texture... Mmm! Wanna share some on your next break?,Ngon tiện lợi lắm! Còn cái vị béo ngậy tan chảy ấy... Mmm! Lần nghỉ tới cậu muốn chia nhau không?,C?n ti?ng Anh nghi v?n: Mmm | S? t?/c?m nghi v?n: 1 | T? l? nghi v?n: 0.2 | M?c ??: 5.0
"Hey, on that note, I heard they recovered lots of Voidworm footage. Think I could apply to see it?","À, nhân tiện, cháu nghe nói họ vừa phục hồi được rất nhiều đoạn phim về Voidworm. Cháu có thể xin phép xem được không nhỉ?",C?n ti?ng Anh nghi v?n: Voidworm | S? t?/c?m nghi v?n: 1 | T? l? nghi v?n: 0.2 | M?c ??: 5.0
Which debate you wanna catch? I think the Helios one sounds pretty interesting.,Muốn xem tranh luận nào không? Ta thấy cái về Helios nghe khá thú vị đấy.,C?n ti?ng Anh nghi v?n: Helios | S? t?/c?m nghi v?n: 1 | T? l? nghi v?n: 0.2 | M?c ??: 5.0
Which debate you wanna catch? I think the Helios one sounds pretty interesting.,Muốn xem tranh luận nào không? Ta thấy cái về Helios nghe khá thú vị đấy.,C?n ti?ng Anh nghi v?n: Helios | S? t?/c?m nghi v?n: 1 | T? l? nghi v?n: 0.2 | M?c ??: 5.0
"Look, my new research project needs Soliskin melodies. It just has to tap the phonograph once. No side effects, I swear!","Nghe này, dự án nghiên cứu mới của ta cần những giai điệu Soliskin. Chỉ cần chạm nhẹ vào máy hát một lần thôi. Không tác dụng phụ gì đâu, ta thề!",C?n ti?ng Anh nghi v?n: Soliskin | S? t?/c?m nghi v?n: 1 | T? l? nghi v?n: 0.2 | M?c ??: 5.0
The mech reindeer heard you say there's no good food out there. Didi!,Con tuần lộc máy nghe thấy cậu nói ngoài kia không có đồ ăn ngon. Didi!,C?n ti?ng Anh nghi v?n: Didi | S? t?/c?m nghi v?n: 1 | T? l? nghi v?n: 0.2 | M?c ??: 5.0
"Nooo, Doc, please! Think of all the quality time we've shared! My thesis depends entirely on using Tacetite!","Ôi không, thầy ơi! Hãy nghĩ đến những khoảng thời gian tuyệt vời chúng ta đã có với nhau! Luận án của em phụ thuộc hoàn toàn vào Tacetite đấy ạ!",C?n ti?ng Anh nghi v?n: Tacetite | S? t?/c?m nghi v?n: 1 | T? l? nghi v?n: 0.2 | M?c ??: 5.0
The dying light will bathe the dome of Lahai-Roi... in a final battle from which there is no retreat...,Ánh sáng cuối cùng sẽ bao phủ mái vòm Lahai-Roi... trong trận chiến cuối cùng không đường lui...,C?n ti?ng Anh nghi v?n: Lahai | S? t?/c?m nghi v?n: 1 | T? l? nghi v?n: 0.2 | M?c ??: 5.0
"Among them, there was one who was special. She bore the title ""Flaming Sakura,"" but to us, she was just the ""Lady Miko.""","Trong số họ, có một người rất đặc biệt. Cô mang danh hiệu ""Anh Đào Lửa"", nhưng với chúng tôi, cô chỉ đơn giản là ""Nữ Miko"".",C?n ti?ng Anh nghi v?n: Miko | S? t?/c?m nghi v?n: 1 | T? l? nghi v?n: 0.2 | M?c ??: 5.0
He followed the sound and found the Soliskin fast asleep in the grass. And no sound of the bell.,Anh ấy lần theo âm thanh và thấy Soliskin đang say giấc trên bãi cỏ. Và không còn tiếng chuông nào nữa.,C?n ti?ng Anh nghi v?n: Soliskin | S? t?/c?m nghi v?n: 1 | T? l? nghi v?n: 0.2 | M?c ??: 5.0
(She knows Platya and I are tracking her. She knew I was coming today.),(Cô ấy biết Platya và ta đang theo dõi. Cô ấy biết ta sẽ đến hôm nay.),C?n ti?ng Anh nghi v?n: Platya | S? t?/c?m nghi v?n: 1 | T? l? nghi v?n: 0.2 | M?c ??: 5.0
"But when we were trapped in Honami, I remember hearing some of the Left Behind talk about her.","Nhưng khi bị mắc kẹt ở Honami, ta còn nhớ nghe mấy kẻ Bị Bỏ Lại nói về cô ta.",C?n ti?ng Anh nghi v?n: Honami | S? t?/c?m nghi v?n: 1 | T? l? nghi v?n: 0.2 | M?c ??: 5.0
"The Lady Miko rarely appeared on the streets, you see. The city changed too fast. Made her feel like a stranger.","Quý bà Miko hiếm khi xuất hiện trên phố, cậu biết đấy. Thành phố thay đổi quá nhanh. Khiến bà cảm thấy như kẻ xa lạ.",C?n ti?ng Anh nghi v?n: Miko | S? t?/c?m nghi v?n: 1 | T? l? nghi v?n: 0.2 | M?c ??: 5.0
"Actually, ever since we arrived in Lahai-Roi, we've been running into all kinds of ""old things""...","Thật ra, từ khi đến Lahai-Roi, chúng ta đã liên tục gặp phải đủ loại ""đồ cổ""...",C?n ti?ng Anh nghi v?n: Lahai | S? t?/c?m nghi v?n: 1 | T? l? nghi v?n: 0.2 | M?c ??: 5.0
"Cosima's Snowfluff Seal should be fine. But Beatrix, the ones you said? I only have enough materials for one.","Hải Cẩu Bông Tuyết của Cosima chắc không sao đâu. Nhưng Beatrix à, những con cậu nói đó... Tớ chỉ đủ nguyên liệu làm một con thôi.",C?n ti?ng Anh nghi v?n: Beatrix | S? t?/c?m nghi v?n: 1 | T? l? nghi v?n: 0.2 | M?c ??: 5.0
"Calista's here! Professor Zhenhong, my future married life is officially in your hands. Don't mess this up!","Calista đến rồi! Giáo sư Zhenhong à, cuộc sống hôn nhân tương lai của cháu chính thức nằm trong tay thầy đấy. Đừng có làm hỏng nhé!",C?n ti?ng Anh nghi v?n: Zhenhong | S? t?/c?m nghi v?n: 1 | T? l? nghi v?n: 0.2 | M?c ??: 5.0
"I got you, don't worry... Oh, Balthasar, what's your secret to winning in life?","Ta lo cho cậu rồi, đừng lo... À, Balthasar, bí quyết sống thành công của ngươi là gì thế?",C?n ti?ng Anh nghi v?n: Balthasar | S? t?/c?m nghi v?n: 1 | T? l? nghi v?n: 0.2 | M?c ??: 5.0
"Calista's here! Professor Zhenhong, my future married life is officially in your hands. Don't mess this up!","Calista đến rồi! Giáo sư Zhenhong à, cuộc sống hôn nhân tương lai của cháu chính thức nằm trong tay thầy đấy. Đừng có làm hỏng nhé!",C?n ti?ng Anh nghi v?n: Zhenhong | S? t?/c?m nghi v?n: 1 | T? l? nghi v?n: 0.2 | M?c ??: 5.0
"I got you, don't worry... Oh, Balthasar, what's your secret to winning in life?","Ta lo cho cậu rồi, đừng lo... À, Balthasar, bí quyết sống thành công của ngươi là gì thế?",C?n ti?ng Anh nghi v?n: Balthasar | S? t?/c?m nghi v?n: 1 | T? l? nghi v?n: 0.2 | M?c ??: 5.0
That's right! {Male=He;Female=She} even saved me when I was being attacked by rogue Exoswarm!,Đúng thế! {Male=Anh ấy;Female=Chị ấy} còn cứu con khi con bị bọn Exoswarm hoang dã tấn công nữa cơ!,C?n ti?ng Anh nghi v?n: Exoswarm | S? t?/c?m nghi v?n: 1 | T? l? nghi v?n: 0.2 | M?c ??: 5.0
A race? You're on. I've been training with Lynae. Learnt a bunch of new techniques. I could beat you with one hand tied behind my back.,Đua hả? Được thôi. Ta vừa tập luyện với Lynae đấy. Học được kha khá chiêu mới. Ta có thể đánh bại ngươi mà chỉ cần một tay thôi.,C?n ti?ng Anh nghi v?n: Lynae | S? t?/c?m nghi v?n: 1 | T? l? nghi v?n: 0.2 | M?c ??: 5.0
And even the same syllable feels like it means different things depending on which Soliskin says it...,"Và ngay cả cùng một âm tiết, nghe từ miệng người Soliskin nào cũng mang nghĩa khác nhau...",C?n ti?ng Anh nghi v?n: Soliskin | S? t?/c?m nghi v?n: 1 | T? l? nghi v?n: 0.2 | M?c ??: 5.0
"Excuse me, could you check this supply list for the Soliskin? I want to make sure it's right.","Xin lỗi, cậu kiểm tra giùm tớ danh sách vật tư cho Soliskin này được không? Tớ muốn chắc là nó đúng.",C?n ti?ng Anh nghi v?n: Soliskin | S? t?/c?m nghi v?n: 1 | T? l? nghi v?n: 0.2 | M?c ??: 5.0
"What I mean is, stash the energy gels and ""Do as the Roya do."" Catch my drift?","Ý ta là, cất mớ gel năng lượng đi và ""Học theo cách của người Roya"". Hiểu ý ta chứ?",C?n ti?ng Anh nghi v?n: Roya | S? t?/c?m nghi v?n: 1 | T? l? nghi v?n: 0.2 | M?c ??: 5.0
"There's something strange about that Kronaclaw... They're not usually like this. Be careful, Senior! We need to find a way to calm it down first...","Con Kronaclaw kia có gì đó kỳ lạ... Chúng không bao giờ hành động như vậy đâu. Cẩn thận nhé, tiền bối! Chúng ta cần tìm cách làm nó bình tĩnh lại trước...",C?n ti?ng Anh nghi v?n: Kronaclaw | S? t?/c?m nghi v?n: 1 | T? l? nghi v?n: 0.2 | M?c ??: 5.0
Look! The greatsword is actually gone! I heard the Exostrider actually swung that humongous thing and fought the Threnodian! Is that true?!,Nhìn kìa! Thanh đại kiếm biến mất rồi! Nghe nói Exostrider đã thực sự vung cây kiếm khổng lồ đó chiến đấu với Threnodian! Có thật không nhỉ?!,C?n ti?ng Anh nghi v?n: Exostrider | S? t?/c?m nghi v?n: 1 | T? l? nghi v?n: 0.2 | M?c ??: 5.0
True... So this is how the Third Epoch in the Royan predictions ends. Still doesn't feel real.,Đúng thật... Vậy là Kỷ Nguyên Thứ Ba trong lời tiên đoán của Royan cũng kết thúc như thế này sao. Vẫn không thể tin nổi.,C?n ti?ng Anh nghi v?n: Royan | S? t?/c?m nghi v?n: 1 | T? l? nghi v?n: 0.2 | M?c ??: 5.0
"Pft, because SOMEONE really wanted to go to Solaris's pole to see the giant mech.","Pfft, ai lại không muốn đến cực của Solaris để xem mech khổng lồ chứ.",C?n ti?ng Anh nghi v?n: mech | S? t?/c?m nghi v?n: 1 | T? l? nghi v?n: 0.2 | M?c ??: 5.0
"With the Ivory Gatekeeper confined within the abnormal Sonoro, it rests on us to resolve the current situation.","Với Người Gác Cổng Ngà Ngọc bị giam cầm trong Sonoro bất thường, trách nhiệm giải quyết tình hình hiện tại giờ đặt lên vai chúng ta.",C?n ti?ng Anh nghi v?n: Sonoro | S? t?/c?m nghi v?n: 1 | T? l? nghi v?n: 0.2 | M?c ??: 5.0
Hearing Dhalifa describe how we're linking up every single part of the whole Observatory is making me sweat a little. Not going to lie.,Nghe Dhalifa mô tả cách chúng ta kết nối từng bộ phận của Đài Quan Sát lại với nhau mà toát cả mồ hôi. Không nói dối đâu.,C?n ti?ng Anh nghi v?n: Dhalifa | S? t?/c?m nghi v?n: 1 | T? l? nghi v?n: 0.2 | M?c ??: 5.0
Hearing Dhalifa describe how we're linking up every single part of the whole Observatory is making me sweat a little. Not going to lie.,Nghe Dhalifa mô tả cách chúng ta kết nối từng bộ phận của Đài Quan Sát lại với nhau mà toát cả mồ hôi. Không nói dối đâu.,C?n ti?ng Anh nghi v?n: Dhalifa | S? t?/c?m nghi v?n: 1 | T? l? nghi v?n: 0.2 | M?c ??: 5.0
"It was built to observe and record everything happening in Lahai-Roi, right?",Nó được dựng lên để quan sát và ghi lại mọi chuyện xảy ra ở Lahai-Roi phải không?,C?n ti?ng Anh nghi v?n: Lahai | S? t?/c?m nghi v?n: 1 | T? l? nghi v?n: 0.2 | M?c ??: 5.0
(I'll do a proper repair after the Platform Phase is up and running.),Ta sẽ sửa chữa kỹ lưỡng sau khi Giai đoạn Platform hoàn tất và đi vào hoạt động.,C?n ti?ng Anh nghi v?n: Platform | S? t?/c?m nghi v?n: 1 | T? l? nghi v?n: 0.2 | M?c ??: 5.0
"We carry their best moments with us, Rakosan. So let go of that survivor's guilt, and live with hope.","Ta mang theo những khoảnh khắc đẹp nhất của họ bên mình, Rakosan à. Vậy nên hãy buông bỏ mặc cảm sống sót đi, và sống với niềm hy vọng.",C?n ti?ng Anh nghi v?n: Rakosan | S? t?/c?m nghi v?n: 1 | T? l? nghi v?n: 0.2 | M?c ??: 5.0
"Look what I brought you, Dhalifa!","Nhìn xem chị mang gì cho em này, Dhalifa!",C?n ti?ng Anh nghi v?n: Dhalifa | S? t?/c?m nghi v?n: 1 | T? l? nghi v?n: 0.2 | M?c ??: 5.0
"Then comes the gemberry sauce that blends with the sausage and cheese in a perfect, layered harmony. Every bite brings a new, lingering taste to savor.",Rồi đến nước sốt gemberry hòa quyện với xúc xích và phô mai trong một bản giao hưởng hoàn hảo. Mỗi miếng cắn đều mang đến một dư vị mới để thưởng thức.,C?n ti?ng Anh nghi v?n: gemberry | S? t?/c?m nghi v?n: 1 | T? l? nghi v?n: 0.2 | M?c ??: 5.0
"Look what I brought you, Dhalifa!","Nhìn xem chị mang gì cho em này, Dhalifa!",C?n ti?ng Anh nghi v?n: Dhalifa | S? t?/c?m nghi v?n: 1 | T? l? nghi v?n: 0.2 | M?c ??: 5.0
"Please, could you take a quick look anyway? If you really need that card… I'll take you to Akos to get it!",Xin cậu thử xem qua một chút được không? Nếu cậu thực sự cần tấm thẻ đó... ta sẽ đưa cậu đến Akos để lấy!,C?n ti?ng Anh nghi v?n: Akos | S? t?/c?m nghi v?n: 1 | T? l? nghi v?n: 0.2 | M?c ??: 5.0
They said that the Giant Soliskin is just past the party area.,Họ bảo ngay sau khu vực tiệc tùng là có một con Soliskin Khổng Lồ.,C?n ti?ng Anh nghi v?n: Soliskin | S? t?/c?m nghi v?n: 1 | T? l? nghi v?n: 0.2 | M?c ??: 5.0
"Once, a Sabercat was surrounded by Tacet Discords, broken and immobile…","Có lần, một con Sabercat bị bao vây bởi Tacet Discord, gãy vụn và bất động...",C?n ti?ng Anh nghi v?n: Sabercat | S? t?/c?m nghi v?n: 1 | T? l? nghi v?n: 0.2 | M?c ??: 5.0
"Lynae, where did you run off to? I called you so many times, left messages, but you didn't answer! Don't tell me you forgot what day it is!","Lynae, cậu chạy đi đâu thế? Tớ gọi cậu bao nhiêu lần, nhắn bao nhiêu tin mà chẳng thấy trả lời! Đừng có bảo là cậu quên ngày hôm nay rồi nhé!",C?n ti?ng Anh nghi v?n: Lynae | S? t?/c?m nghi v?n: 1 | T? l? nghi v?n: 0.2 | M?c ??: 5.0
"The Exostrider... Even after all these years of research, no one knows which civilization built it.","Exostrider... Dù đã nghiên cứu bao nhiêu năm trời, vẫn không ai biết nền văn minh nào đã tạo ra nó.",C?n ti?ng Anh nghi v?n: Exostrider | S? t?/c?m nghi v?n: 1 | T? l? nghi v?n: 0.2 | M?c ??: 5.0
We've collected enough Exostrider components to build exclusive simulator cockpits for Synchronists.,Chúng ta đã thu thập đủ linh kiện Exostrider để chế tạo buồng mô phỏng độc quyền cho các Đồng Bộ Giả.,C?n ti?ng Anh nghi v?n: Exostrider | S? t?/c?m nghi v?n: 1 | T? l? nghi v?n: 0.2 | M?c ??: 5.0
"With training and fine-tuning, you'll boost your synchronization rate with the Exostrider. That'll be one of your key courses going forward.","Qua huấn luyện và tinh chỉnh, cậu sẽ tăng tỷ lệ đồng bộ với Exostrider. Đây sẽ là một trong những khóa học chính của cậu sau này.",C?n ti?ng Anh nghi v?n: Exostrider | S? t?/c?m nghi v?n: 1 | T? l? nghi v?n: 0.2 | M?c ??: 5.0
"I do. I'm not a Startorch student anymore. Rules are rules, and I should return to the New Federation.","Tôi đồng ý. Tôi không còn là học sinh của Startorch nữa. Quy định là quy định, tôi phải trở về Liên bang Mới thôi.",C?n ti?ng Anh nghi v?n: Startorch | S? t?/c?m nghi v?n: 1 | T? l? nghi v?n: 0.2 | M?c ??: 5.0
What we do know is... Hyvatia's malfunction and the contaminated Exoswarm are definitely connected to this device I found.,Điều chúng ta biết chắc là... sự cố của Hyvatia và bầy Exoswarm bị ô nhiễm chắc chắn có liên quan đến thiết bị này mà ta tìm thấy.,C?n ti?ng Anh nghi v?n: Exoswarm | S? t?/c?m nghi v?n: 1 | T? l? nghi v?n: 0.2 | M?c ??: 5.0
"Also, we've received an anonymous report alleging that a criminal record and prison history under the name ""Lynae"" closely matches your identity. This raises concerns about possible falsification of your admission documents.","Ngoài ra, chúng tôi vừa nhận được một báo cáo nặc danh cáo buộc rằng hồ sơ tội phạm và tiền án dưới cái tên ""Lynae"" trùng khớp một cách đáng ngờ với danh tính của cậu. Điều này làm dấy lên nghi vấn về việc làm giả hồ sơ nhập học của cậu.",C?n ti?ng Anh nghi v?n: Lynae | S? t?/c?m nghi v?n: 1 | T? l? nghi v?n: 0.2 | M?c ??: 5.0
"Because I'm still new to the Academy. Professor Mornye isn't around, and I have no way to judge if I'm passing the message on to the right person.","Bởi vì ta mới vào Học viện. Giáo sư Mornye không có ở đây, và ta không biết phải chuyển lời nhắn cho ai mới đúng.",C?n ti?ng Anh nghi v?n: Mornye | S? t?/c?m nghi v?n: 1 | T? l? nghi v?n: 0.2 | M?c ??: 5.0
Zone A clear. Evac moving smoothly.,Khu vực A đã an toàn. Di tản diễn ra suôn sẻ.,C?n ti?ng Anh nghi v?n: A | S? t?/c?m nghi v?n: 1 | T? l? nghi v?n: 0.2 | M?c ??: 5.0
Last three students in Zone B just made it inside. Doors sealing!,Ba học sinh cuối cùng ở Khu B vừa vào trong rồi. Cửa đang đóng lại!,C?n ti?ng Anh nghi v?n: B | S? t?/c?m nghi v?n: 1 | T? l? nghi v?n: 0.2 | M?c ??: 5.0
(Zahira folds her arms and squints skeptically.),"(Zahira khoanh tay lại, nheo mắt đầy nghi ngờ.)",C?n ti?ng Anh nghi v?n: Zahira | S? t?/c?m nghi v?n: 1 | T? l? nghi v?n: 0.2 | M?c ??: 5.0
"""Maybe… maybe Matthew was preparing us for the day he'd leave. He really wanted us to learn…""","""Có lẽ... có lẽ Matthew đã chuẩn bị cho chúng ta ngày cậu ấy ra đi. Cậu ấy thực sự muốn chúng ta học được điều gì đó...""",C?n ti?ng Anh nghi v?n: Matthew | S? t?/c?m nghi v?n: 1 | T? l? nghi v?n: 0.2 | M?c ??: 5.0
"""But... you don't give the musician vibes the way he did. Still… it feels calming to have you here. Hmm… I guess I can tell you what happened.""","""Nhưng... cậu không có khí chất của một nhạc công như anh ấy. Dù vậy... có cậu ở đây cũng khiến mình thấy bình yên. Hmm... Chắc mình có thể kể cho cậu nghe chuyện đã xảy ra.""",C?n ti?ng Anh nghi v?n: Hmm | S? t?/c?m nghi v?n: 1 | T? l? nghi v?n: 0.2 | M?c ??: 5.0
"""Fa and I were running from them nonstop, until—BOOM—we crashed right into a man.""","""Ta và Fa chạy trốn chúng không ngừng, cho đến khi—BÙM—ta đâm sầm vào một người đàn ông.""",C?n ti?ng Anh nghi v?n: Fa | S? t?/c?m nghi v?n: 1 | T? l? nghi v?n: 0.2 | M?c ??: 5.0
"""Wait—Aaaahhh! Who are you?! When did you show up?! I-I shouldn't have said all that!""","""Đợi đã—Aaaahhh! Ai thế?! Từ lúc nào đã ở đây vậy?! T-Tớ không nên nói lung tung thế này!""",C?n ti?ng Anh nghi v?n: Aaaahhh | S? t?/c?m nghi v?n: 1 | T? l? nghi v?n: 0.2 | M?c ??: 5.0
So our suspicions about Astrid are confirmed. Should we go back to the camp and talk to her?,Vậy là nghi ngờ của chúng ta về Astrid đã được xác nhận. Chúng ta có nên quay lại trại và nói chuyện với cô ấy không?,C?n ti?ng Anh nghi v?n: Astrid | S? t?/c?m nghi v?n: 1 | T? l? nghi v?n: 0.2 | M?c ??: 5.0
Heh. How interesting... Soliskin trust only those they feel safe with. Its trust you have earned. My thanks for guiding it back.,Hừm. Thú vị thật... Soliskin chỉ tin tưởng những ai chúng cảm thấy an toàn. Và cậu đã giành được lòng tin đó. Cảm ơn vì đã đưa nó trở về.,C?n ti?ng Anh nghi v?n: Soliskin | S? t?/c?m nghi v?n: 1 | T? l? nghi v?n: 0.2 | M?c ??: 5.0
"According to the Startorch Academy Faculty Code, as Maja's teachers, it is our duty to address the repercussions of a student's actions.","Theo Quy Định Giáo Viên của Học Viện Startorch, với tư cách là giáo viên của Maja, chúng tôi có trách nhiệm xử lý hậu quả từ hành động của học sinh.",C?n ti?ng Anh nghi v?n: Startorch | S? t?/c?m nghi v?n: 1 | T? l? nghi v?n: 0.2 | M?c ??: 5.0
"The Academy's willingness to come this far is unexpected. Forgive my earlier words. You saved the Soliskin and helped our people. The title of ""Shepherd,"" you have earned.","Việc Học viện sẵn lòng đến đây quả là bất ngờ. Hãy bỏ qua những lời ta nói trước đó. Các ngươi đã cứu Soliskin và giúp đỡ người dân ta. Danh hiệu ""Người Chăn Cừu"", các ngươi xứng đáng với nó.",C?n ti?ng Anh nghi v?n: Soliskin | S? t?/c?m nghi v?n: 1 | T? l? nghi v?n: 0.2 | M?c ??: 5.0
(There's still some time before the feast begins. Maybe someone here knows something about Foreseer Yngvar.),(Còn chút thời gian trước khi buổi tiệc bắt đầu. Có lẽ ai đó ở đây biết gì về Nhà Tiên Tri Yngvar.),C?n ti?ng Anh nghi v?n: Yngvar | S? t?/c?m nghi v?n: 1 | T? l? nghi v?n: 0.2 | M?c ??: 5.0
"Not that I know where the 13th planet of Norma is, but... at least I can figure out where she is from the picture.","Ta không biết hành tinh thứ 13 của chòm sao Norma ở đâu, nhưng... ít nhất thì nhìn bức ảnh này ta cũng đoán được cô ấy từ đâu đến.",C?n ti?ng Anh nghi v?n: Norma | S? t?/c?m nghi v?n: 1 | T? l? nghi v?n: 0.2 | M?c ??: 5.0
"Beneath Lahai-Roi's frostlands, the stars here are actually just lights created by atmospheric arrays.","Dưới vùng băng giá của Lahai-Roi, những ngôi sao ở đây thực chất chỉ là ánh sáng được tạo ra bởi các ma trận khí quyển.",C?n ti?ng Anh nghi v?n: Lahai | S? t?/c?m nghi v?n: 1 | T? l? nghi v?n: 0.2 | M?c ??: 5.0
"Ugh, I really wanna hit the road with you again, but I'm kinda on a ""mental health watchlist."" If I break even one tiny rule on day one, Miss Lucilla will be dragging me in for a ""friendly chat.""","Tớ rất muốn lại được lên đường cùng cậu, nhưng giờ tớ đang bị ""theo dõi sức khỏe tinh thần"" rồi. Chỉ cần vi phạm một tí vào ngày đầu, cô Lucilla sẽ lôi tớ vào ""trò chuyện thân mật"" ngay.",C?n ti?ng Anh nghi v?n: Lucilla | S? t?/c?m nghi v?n: 1 | T? l? nghi v?n: 0.2 | M?c ??: 5.0
"The Roya have survived worse disasters. Take care of one another, your lives matter more than anything else!","Người Roya đã vượt qua những thảm họa tồi tệ hơn rồi. Hãy chăm sóc lẫn nhau, mạng sống của các con quan trọng hơn tất cả!",C?n ti?ng Anh nghi v?n: Roya | S? t?/c?m nghi v?n: 1 | T? l? nghi v?n: 0.2 | M?c ??: 5.0
This is a disaster not seen in centuries. We have always believed the <te href=700027>Solistrees'</te> light protects the woods from such storms.,Đây là thảm họa chưa từng thấy trong hàng thế kỷ. Chúng ta vẫn luôn tin rằng ánh sáng của <te href=700027>Solistrees'</te> bảo vệ khu rừng khỏi những cơn bão như thế này.,C?n ti?ng Anh nghi v?n: Solistrees' | S? t?/c?m nghi v?n: 1 | T? l? nghi v?n: 0.2 | M?c ??: 5.0
It appears to actively absorb surrounding Voidmatter to maintain the Drive's stability.,Nó dường như đang hấp thụ Voidmatter xung quanh để duy trì sự ổn định của Drive.,C?n ti?ng Anh nghi v?n: Voidmatter | S? t?/c?m nghi v?n: 1 | T? l? nghi v?n: 0.2 | M?c ??: 5.0
(The voice from earlier said it would share the last of the Heliogyre's strength so it wouldn't fade. It must be that Soliskin. Did it eventually vanish here?),"(Giọng nói lúc nãy bảo sẽ chia sẻ phần sức mạnh cuối cùng của Heliogyre để nó không tan biến. Chắc là Soliskin rồi. Cuối cùng, nó đã biến mất ở đây sao?)",C?n ti?ng Anh nghi v?n: Soliskin | S? t?/c?m nghi v?n: 1 | T? l? nghi v?n: 0.2 | M?c ??: 5.0
"(When I handled the Voidworm, a voice told me to protect the sun. Whoever she is, I don't think she intends harm. She offered to help. For now, I'll do what she suggested.)","(Khi tôi xử lý Voidworm, có một giọng nói bảo tôi phải bảo vệ mặt trời. Dù cô ấy là ai, tôi không nghĩ cô ấy có ý hại ta. Cô ấy đề nghị giúp đỡ. Hiện tại, tôi sẽ làm theo lời cô ấy.)",C?n ti?ng Anh nghi v?n: Voidworm | S? t?/c?m nghi v?n: 1 | T? l? nghi v?n: 0.2 | M?c ??: 5.0
The others succumbed to the corruption. Only I was able to sever my link to the Heliogyre before the corruption could claim me.,Những người khác đều bị tha hóa. Chỉ có ta kịp cắt đứt liên kết với Heliogyre trước khi sự tha hóa nuốt chửng.,C?n ti?ng Anh nghi v?n: Heliogyre | S? t?/c?m nghi v?n: 1 | T? l? nghi v?n: 0.2 | M?c ??: 5.0
"With the last of my strength, I turned the six stars to halt the Heliogyre and prevent the corruption's spread.","Dốc hết sức tàn lực, ta xoay sáu vì sao để ngăn Heliogyre và chặn đứng sự lan tràn của ô uế.",C?n ti?ng Anh nghi v?n: Heliogyre | S? t?/c?m nghi v?n: 1 | T? l? nghi v?n: 0.2 | M?c ??: 5.0
"What about high-powered Voidmatter neutralizers? No, without the Drive's light, all energy components will be inoperable...","Còn bộ trung hòa Voidmatter công suất cao thì sao? Không, nếu không có ánh sáng của Drive, mọi thành phần năng lượng sẽ không hoạt động được...",C?n ti?ng Anh nghi v?n: Voidmatter | S? t?/c?m nghi v?n: 1 | T? l? nghi v?n: 0.2 | M?c ??: 5.0
"Based on Astrid's testimony, one of them must be that Yngvar. The other must be the one who operates this lab.","Dựa vào lời khai của Astrid, một trong hai người đó chắc chắn là Yngvar. Người còn lại hẳn là kẻ điều hành phòng thí nghiệm này.",C?n ti?ng Anh nghi v?n: Yngvar | S? t?/c?m nghi v?n: 1 | T? l? nghi v?n: 0.2 | M?c ??: 5.0
"Abby twists open the cap, pinches the green packaging with its paws, and slurps in a huge mouthful.","Abby vặn nắp chai, dùng tay kẹp lấy bao bì xanh, rồi húp một ngụm lớn.",C?n ti?ng Anh nghi v?n: Abby | S? t?/c?m nghi v?n: 1 | T? l? nghi v?n: 0.2 | M?c ??: 5.0
"Thing is, I can barely get around these days. Since you're here, I wonder… could you take photos of the prints those Smartprint Cubes produce?","Chuyện là, dạo này ta đi lại khó khăn lắm. Mà cậu lại đến đây, nên ta tự hỏi... liệu cậu có thể chụp lại những bức ảnh từ bản in của mấy cái Smartprint Cube không?",C?n ti?ng Anh nghi v?n: Smartprint | S? t?/c?m nghi v?n: 1 | T? l? nghi v?n: 0.2 | M?c ??: 5.0
"Ancelo may not look the part, but a bunch of professors in the Department of Voidmatters think highly of him and want him as their TA.","Ancelo có thể trông không giống ai, nhưng một nhóm giáo sư ở Khoa Vật Chất Hư Không lại rất coi trọng cậu và muốn cậu làm trợ giảng cho họ.",C?n ti?ng Anh nghi v?n: Ancelo | S? t?/c?m nghi v?n: 1 | T? l? nghi v?n: 0.2 | M?c ??: 5.0
"Not a huge expert on Royan culture, but this petroglyph always blows my mind. What about you, {PlayerName}?","Ta không rành văn hóa Royan lắm, nhưng bức tranh khắc đá này luôn khiến ta choáng ngợp. Còn cậu thì sao, {PlayerName}?",C?n ti?ng Anh nghi v?n: Royan | S? t?/c?m nghi v?n: 1 | T? l? nghi v?n: 0.2 | M?c ??: 5.0
"""A star chart that resonates with the heart."" Hmm, let's make this caption a bit more romantic this time.","""Bản đồ sao rung động theo trái tim."" Hmm, lần này hãy làm chú thích này lãng mạn hơn chút nhé.",C?n ti?ng Anh nghi v?n: Hmm | S? t?/c?m nghi v?n: 1 | T? l? nghi v?n: 0.2 | M?c ??: 5.0
"Yes. It symbolizes the entire Lahai-Roi, even the future of Solaris.","Đúng thế. Nó tượng trưng cho toàn bộ Lahai-Roi, thậm chí là tương lai của Solaris.",C?n ti?ng Anh nghi v?n: Lahai | S? t?/c?m nghi v?n: 1 | T? l? nghi v?n: 0.2 | M?c ??: 5.0
"To attract more viewers, we should definitely capitalize on the current top trend and do the ""Exclusive Interview with the Voidworm Rider""!","Để thu hút thêm khán giả, chúng ta nhất định phải tận dụng xu hướng hot hiện tại và làm ""Phỏng vấn Độc quyền với Kỵ sĩ Voidworm""!",C?n ti?ng Anh nghi v?n: Voidworm | S? t?/c?m nghi v?n: 1 | T? l? nghi v?n: 0.2 | M?c ??: 5.0
"Shame that Silan is missing out, but I guess we can order some to-go for her.","Tiếc cho Silan không được xem, nhưng thôi, mình đặt đồ mang về cho cô ấy vậy.",C?n ti?ng Anh nghi v?n: Silan | S? t?/c?m nghi v?n: 1 | T? l? nghi v?n: 0.2 | M?c ??: 5.0
But she promised me. We made a promise to stargaze together at the Spacetrek Observatory. So she'll come back eventually.,Nhưng cô ấy đã hứa với tôi mà. Chúng tôi đã hứa sẽ cùng nhau ngắm sao ở Đài quan sát Spacetrek. Vậy nên cô ấy sẽ quay lại thôi.,C?n ti?ng Anh nghi v?n: Spacetrek | S? t?/c?m nghi v?n: 1 | T? l? nghi v?n: 0.2 | M?c ??: 5.0
"This is one of them. Usually, we just needed to activate the Smartprint Cube to build a Void Storm monitoring radar.",Đây là một trong số chúng. Thường thì chúng ta chỉ cần kích hoạt Khối In Thông Minh để dựng radar giám sát Bão Hư Không.,C?n ti?ng Anh nghi v?n: radar | S? t?/c?m nghi v?n: 1 | T? l? nghi v?n: 0.2 | M?c ??: 5.0
I hope we can complete the Spacetrek Observatory's restoration before she comes back...,Hy vọng chúng ta có thể hoàn thành việc khôi phục Đài Quan Sát Spacetrek trước khi cô ấy trở lại...,C?n ti?ng Anh nghi v?n: Spacetrek | S? t?/c?m nghi v?n: 1 | T? l? nghi v?n: 0.2 | M?c ??: 5.0
"...Ugh, I need a drink. As for Harriet, I'll leave her to you.","...Ui da, cần phải có chút gì đó uống đã. Còn Harriet thì để cậu lo cho.",C?n ti?ng Anh nghi v?n: Harriet | S? t?/c?m nghi v?n: 1 | T? l? nghi v?n: 0.2 | M?c ??: 5.0
Since we're heading to the Spacetrek Observatory... I do have someone in mind.,Vì chúng ta đang đến Đài Quan Sát Spacetrek... Ta đã có người phù hợp trong đầu rồi.,C?n ti?ng Anh nghi v?n: Spacetrek | S? t?/c?m nghi v?n: 1 | T? l? nghi v?n: 0.2 | M?c ??: 5.0
"According to witnesses, Professor Sestan left the campsite with the droid after midnight, without a word, and they were never seen again.","Theo lời nhân chứng, Giáo sư Sestan rời trại cùng con rô-bốt sau nửa đêm, không nói một lời, và họ không bao giờ được nhìn thấy nữa.",C?n ti?ng Anh nghi v?n: Sestan | S? t?/c?m nghi v?n: 1 | T? l? nghi v?n: 0.2 | M?c ??: 5.0
"According to witnesses, Professor Sestan left the campsite with the droid after midnight, without a word, and they were never seen again.","Theo lời nhân chứng, Giáo sư Sestan rời trại cùng con rô-bốt sau nửa đêm, không nói một lời, và họ không bao giờ được nhìn thấy nữa.",C?n ti?ng Anh nghi v?n: Sestan | S? t?/c?m nghi v?n: 1 | T? l? nghi v?n: 0.2 | M?c ??: 5.0
"When it gets dark, the petroglyph is brilliant against the night sky, illuminating Lahai-Roi with mankind's wisdom.","Khi màn đêm buông xuống, những bức tranh khắc đá tỏa sáng rực rỡ trên bầu trời đêm, soi sáng Lahai-Roi bằng trí tuệ của nhân loại.",C?n ti?ng Anh nghi v?n: Lahai | S? t?/c?m nghi v?n: 1 | T? l? nghi v?n: 0.2 | M?c ??: 5.0
The petroglyph is lit now that the statue is gone. I'll head back and meet with Dari.,Bức tranh khắc đá đã sáng lên sau khi bức tượng biến mất. Tôi sẽ quay lại gặp Dari.,C?n ti?ng Anh nghi v?n: Dari | S? t?/c?m nghi v?n: 1 | T? l? nghi v?n: 0.2 | M?c ??: 5.0
"When it gets dark, the petroglyph is brilliant against the night sky, illuminating Lahai-Roi with mankind's wisdom.","Khi màn đêm buông xuống, những bức tranh khắc đá tỏa sáng rực rỡ trên bầu trời đêm, soi sáng Lahai-Roi bằng trí tuệ của nhân loại.",C?n ti?ng Anh nghi v?n: Lahai | S? t?/c?m nghi v?n: 1 | T? l? nghi v?n: 0.2 | M?c ??: 5.0
"The accumulated wisdom of the Royans ought to shine proudly through the night, inspiring the deeds of future explorers.","Trí tuệ tích lũy của người Royans phải rạng ngời qua đêm tối, truyền cảm hứng cho những hành động của các nhà thám hiểm mai sau.",C?n ti?ng Anh nghi v?n: Royans | S? t?/c?m nghi v?n: 1 | T? l? nghi v?n: 0.2 | M?c ??: 5.0
Save it. You think reciting times tables is going to fool me? I never believed you were Dejo for a second!,Thôi đi. Ngươi tưởng đọc thuộc lòng mấy cái bảng cửu chương là lừa được ta à? Ta chưa bao giờ tin ngươi là Dejo một giây nào!,C?n ti?ng Anh nghi v?n: Dejo | S? t?/c?m nghi v?n: 1 | T? l? nghi v?n: 0.2 | M?c ??: 5.0
"That kind of god-tier driving, you must be a legend! Are you the one they call the ""Startorch Rider""?","Kỹ thuật lái xe thần thánh thế này, chắc hẳn anh là một huyền thoại! Anh có phải là ""Kỵ Sĩ Startorch"" mà người ta vẫn nhắc đến không?",C?n ti?ng Anh nghi v?n: Startorch | S? t?/c?m nghi v?n: 1 | T? l? nghi v?n: 0.2 | M?c ??: 5.0
"After all, each part was originally an Academy creation. The mission to ""protect"" is written in the deepest layer of their operational logic.","Dù sao, từng bộ phận ban đầu đều do Học Viện chế tạo. Nhiệm vụ ""bảo vệ"" đã được ghi sâu vào tầng logic vận hành cốt lõi nhất của chúng.",C?n ti?ng Anh nghi v?n: logic | S? t?/c?m nghi v?n: 1 | T? l? nghi v?n: 0.2 | M?c ??: 5.0
"I'm a friend of Zeon. There's been an accident on the bridge up ahead, and the entire road is blocked.","Ta là bạn của Zeon. Có tai nạn xảy ra trên cầu phía trước, cả con đường bị chặn hết rồi.",C?n ti?ng Anh nghi v?n: Zeon | S? t?/c?m nghi v?n: 1 | T? l? nghi v?n: 0.2 | M?c ??: 5.0
"Oooh, these are the Mechascout arms of my dreams! So much power! I can feel the potential!","Ôi, đây chính là cánh tay Mechascout trong mơ của em! Mạnh mẽ quá! Em cảm nhận được tiềm năng rồi!",C?n ti?ng Anh nghi v?n: Mechascout | S? t?/c?m nghi v?n: 1 | T? l? nghi v?n: 0.2 | M?c ??: 5.0
"Meanwhile, Luke finishes checking the goods and repackages them.","Trong khi đó, Luke kiểm tra xong hàng hóa và đóng gói lại.",C?n ti?ng Anh nghi v?n: Luke | S? t?/c?m nghi v?n: 1 | T? l? nghi v?n: 0.2 | M?c ??: 5.0
"Look for a guy called Sonam at the Relay Station. Get his approval, and we can do business.","Tìm một người tên Sonam ở Trạm Trung chuyển. Xin được sự đồng ý của hắn, và chúng ta có thể giao dịch",C?n ti?ng Anh nghi v?n: Sonam | S? t?/c?m nghi v?n: 1 | T? l? nghi v?n: 0.2 | M?c ??: 5.0
"Look for a guy called Sonam at the Relay Station. Get his approval, and we can do business.","Tìm một người tên Sonam ở Trạm Trung chuyển. Xin được sự đồng ý của hắn, và chúng ta có thể giao dịch",C?n ti?ng Anh nghi v?n: Sonam | S? t?/c?m nghi v?n: 1 | T? l? nghi v?n: 0.2 | M?c ??: 5.0
Then it's settled. Meet me at camp in Fangspire Chasm by ten in the morning tomorrow.,"Vậy là xong. Ngày mai mười giờ sáng, gặp nhau ở trại trong Hẻm Núi Fangspire nhé.",C?n ti?ng Anh nghi v?n: Fangspire | S? t?/c?m nghi v?n: 1 | T? l? nghi v?n: 0.2 | M?c ??: 5.0
"To avoid alerting them, you pretend nothing's wrong and follow Sonam back to the auction. As the time ticks by, the crowd starts to grow more restless...","Để tránh bị lộ, cậu giả vờ như không có chuyện gì và đi theo Sonam trở lại buổi đấu giá. Thời gian trôi qua, đám đông bắt đầu trở nên bất an...",C?n ti?ng Anh nghi v?n: Sonam | S? t?/c?m nghi v?n: 1 | T? l? nghi v?n: 0.2 | M?c ??: 5.0
"To avoid alerting them, you pretend nothing's wrong and follow Sonam back to the auction. As the time ticks by, the crowd starts to grow more restless...","Để tránh bị lộ, cậu giả vờ như không có chuyện gì và đi theo Sonam trở lại buổi đấu giá. Thời gian trôi qua, đám đông bắt đầu trở nên bất an...",C?n ti?ng Anh nghi v?n: Sonam | S? t?/c?m nghi v?n: 1 | T? l? nghi v?n: 0.2 | M?c ??: 5.0
I believe no one could equal you in Lahai-Roi.,Ta tin không ai ở Lahai-Roi có thể sánh bằng ngươi.,C?n ti?ng Anh nghi v?n: Lahai | S? t?/c?m nghi v?n: 1 | T? l? nghi v?n: 0.2 | M?c ??: 5.0
(The Paranormal Fan Club is going to be disbanded…? What happened? Didn't Mayo say she was still recruiting? How did it come to this?),Câu lạc bộ Siêu Nhiên sắp bị giải tán...? Chuyện gì đã xảy ra thế? Chẳng phải Mayo còn nói đang tuyển thành viên sao? Sao lại thành ra thế này?,C?n ti?ng Anh nghi v?n: Mayo | S? t?/c?m nghi v?n: 1 | T? l? nghi v?n: 0.2 | M?c ??: 5.0
"(An unexplainable phenomenon, or an urban legend…? Is this why Mayo wanted me here? I should call her.)","(Một hiện tượng không thể giải thích, hay chỉ là truyền thuyết đô thị thôi... Có phải vì chuyện này mà Mayo muốn ta đến đây? Ta nên gọi cho cô ấy.)",C?n ti?ng Anh nghi v?n: Mayo | S? t?/c?m nghi v?n: 1 | T? l? nghi v?n: 0.2 | M?c ??: 5.0
"She even got a video. Caused a huge stir. Some called it a hoax, others said it was a cover-up for a cursed zone...","Cô ấy còn quay được cả đoạn video. Gây xôn xao dữ lắm. Người thì bảo là giả mạo, kẻ thì nói chính phủ che giấu vụ khu vực bị nguyền rủa...",C?n ti?ng Anh nghi v?n: video | S? t?/c?m nghi v?n: 1 | T? l? nghi v?n: 0.2 | M?c ??: 5.0
"You explain the truth behind the ""ghost"" to Mayo.","Cậu tiết lộ sự thật đằng sau ""con ma"" cho Mayo.",C?n ti?ng Anh nghi v?n: Mayo | S? t?/c?m nghi v?n: 1 | T? l? nghi v?n: 0.2 | M?c ??: 5.0
"Turn me in, and the Spacetrek Collective will come for you, too. Tell me, Lynae, are you really as resolute as you think?","Nếu giao nộp ta, Tập Đoàn Không Gian cũng sẽ tìm đến ngươi. Nói xem, Lynae, liệu ngươi có thực sự kiên định như mình nghĩ không?",C?n ti?ng Anh nghi v?n: Lynae | S? t?/c?m nghi v?n: 1 | T? l? nghi v?n: 0.2 | M?c ??: 5.0
"That's what Startorch Academy is to me. Before I came here, I never imagined a place like this could exist. Full of people so pure, so driven...","Đối với ta, Học viện Startorch chính là như thế. Trước khi đến đây, ta chưa từng nghĩ rằng một nơi như vậy lại tồn tại. Nơi tập hợp những con người thuần khiết và đầy nhiệt huyết...",C?n ti?ng Anh nghi v?n: Startorch | S? t?/c?m nghi v?n: 1 | T? l? nghi v?n: 0.2 | M?c ??: 5.0
"If you have questions, find Professor Mornye. She looks aloof, but trust me, she's cool. And she's one of the few willing to race me.","Nếu có thắc mắc gì, hãy tìm Giáo sư Mornye. Bà ấy trông có vẻ lạnh lùng, nhưng tin ta đi, bà ấy rất ngầu. Và là một trong số ít người dám đua với ta.",C?n ti?ng Anh nghi v?n: Mornye | S? t?/c?m nghi v?n: 1 | T? l? nghi v?n: 0.2 | M?c ??: 5.0
Cassette Depository is just through the portal over there.,Kho Lưu Trữ Cassette ở ngay phía bên kia cánh cổng đằng kia.,C?n ti?ng Anh nghi v?n: Cassette | S? t?/c?m nghi v?n: 1 | T? l? nghi v?n: 0.2 | M?c ??: 5.0
"During the burning process, your memories materialize as data projections. You see everything you've experienced since arriving in Solaris, along with scenes you don't recall, scenes featuring Mornye.","Trong quá trình đốt cháy, ký ức của cậu hiện lên dưới dạng dữ liệu. Cậu nhìn thấy mọi thứ mình đã trải qua kể từ khi đến Solaris, cùng những cảnh cậu không nhớ nổi, những cảnh có Mornye.",C?n ti?ng Anh nghi v?n: Mornye | S? t?/c?m nghi v?n: 1 | T? l? nghi v?n: 0.2 | M?c ??: 5.0
"Right. Replacing it is critical to reactivating the Exostrider. And really, we can't stay wrapped in its warm light forever.","Được rồi. Thay thế nó là việc cấp bách để kích hoạt lại Exostrider. Thật ra, chúng ta cũng không thể mãi trú ẩn trong ánh sáng ấm áp của nó được.",C?n ti?ng Anh nghi v?n: Exostrider | S? t?/c?m nghi v?n: 1 | T? l? nghi v?n: 0.2 | M?c ??: 5.0
Sorry if I'm being blunt. I'm sure Professor Mornye has her reasons for bringing someone into the lab.,"Xin lỗi nếu tôi nói thẳng, nhưng chắc Giáo sư Mornye có lý do của bà khi đưa ai đó vào phòng thí nghiệm.",C?n ti?ng Anh nghi v?n: Mornye | S? t?/c?m nghi v?n: 1 | T? l? nghi v?n: 0.2 | M?c ??: 5.0
"The Institute has poured everything into this Ceremony. If something has gone wrong, we need to uncover who is responsible. Miss Lynae, please come with me. We'll address this with the faculty.","Viện đã dồn hết tâm sức vào Lễ Hội này. Nếu có gì trục trặc, chúng ta phải tìm ra thủ phạm. Cô Lynae, hãy đi cùng tôi. Chúng ta sẽ giải quyết chuyện này với ban giảng viên.",C?n ti?ng Anh nghi v?n: Lynae | S? t?/c?m nghi v?n: 1 | T? l? nghi v?n: 0.2 | M?c ??: 5.0
Are we... are we flying? AHHHHHH!!,Chúng ta... chúng ta đang bay sao? AHHHHHH!!,C?n ti?ng Anh nghi v?n: AHHHHHH | S? t?/c?m nghi v?n: 1 | T? l? nghi v?n: 0.2 | M?c ??: 5.0
But just as the great trees were entombed in permafrost… the once-supreme raptors now survive only in bodies of steel borrowed from the Exostrider.,Nhưng cũng như những cây cổ thụ bị vùi trong băng vĩnh cửu… những con raptor từng thống trị một thời giờ chỉ còn tồn tại trong thân xác thép mượn từ Exostrider.,C?n ti?ng Anh nghi v?n: Exostrider | S? t?/c?m nghi v?n: 1 | T? l? nghi v?n: 0.2 | M?c ??: 5.0
"Are you a Startorch Academy student? Or… ugh, never mind.","Em là học sinh của Học viện Startorch à? Hay là... thôi, bỏ qua đi.",C?n ti?ng Anh nghi v?n: Startorch | S? t?/c?m nghi v?n: 1 | T? l? nghi v?n: 0.2 | M?c ??: 5.0
"The Research Institute must be gathering data from these simulated environments, to observe and study Lahai-Roi as it once was.","Chắc hẳn Viện Nghiên Cứu đang thu thập dữ liệu từ những môi trường mô phỏng này, để quan sát và nghiên cứu Lahai-Roi như thuở ban đầu.",C?n ti?ng Anh nghi v?n: Lahai | S? t?/c?m nghi v?n: 1 | T? l? nghi v?n: 0.2 | M?c ??: 5.0
"I'm not sure I get all of it, but it sounds like that big bird... sorry, the Kronablight, was a kind fella.","Tớ không hiểu hết, nhưng nghe có vẻ con chim lớn đó... xin lỗi, Kronablight, là một người tốt.",C?n ti?ng Anh nghi v?n: Kronablight | S? t?/c?m nghi v?n: 1 | T? l? nghi v?n: 0.2 | M?c ??: 5.0
"It's that timid Soliskin again! Wait, what's it doing up on the cliff?","Lại là con Soliskin nhút nhát kia! Khoan, sao nó lại lên vách đá thế nhỉ?",C?n ti?ng Anh nghi v?n: Soliskin | S? t?/c?m nghi v?n: 1 | T? l? nghi v?n: 0.2 | M?c ??: 5.0
It says don't mention it. It had loads of fun playing with Exoswarm while waiting for someone to come by.,Nó bảo đừng nhắc đến chuyện đó. Nó đã chơi vui vẻ với bọn Exoswarm trong lúc chờ ai đó ghé qua đấy.,C?n ti?ng Anh nghi v?n: Exoswarm | S? t?/c?m nghi v?n: 1 | T? l? nghi v?n: 0.2 | M?c ??: 5.0
"It says it's done its job of keeping the chests safe until someone trustworthy arrives, and that it'll head back to Bjartr Woods.","Nó bảo đã hoàn thành nhiệm vụ trông giữ rương cho đến khi có người đáng tin cậy đến, và giờ nó sẽ quay về rừng Bjartr.",C?n ti?ng Anh nghi v?n: Bjartr | S? t?/c?m nghi v?n: 1 | T? l? nghi v?n: 0.2 | M?c ??: 5.0
(My symptoms have stopped for now. But whatever drained my frequency is still somewhere in Lahai-Roi.),Triệu chứng của ta tạm thời đã ngừng. Nhưng thứ đã hút cạn tần số của ta vẫn còn ở đâu đó trong Lahai-Roi.,C?n ti?ng Anh nghi v?n: Lahai | S? t?/c?m nghi v?n: 1 | T? l? nghi v?n: 0.2 | M?c ??: 5.0
"Here! Even if you're not a fan, you should give her a listen. I'm new here, but even I was hooked when I first heard her songs!","Này! Dù cậu không phải fan, cũng nên nghe thử cô ấy đi. Mình mới đến đây thôi, nhưng ngay lần đầu nghe bài hát của cô ấy, mình đã bị cuốn hút ngay!",C?n ti?ng Anh nghi v?n: fan | S? t?/c?m nghi v?n: 1 | T? l? nghi v?n: 0.2 | M?c ??: 5.0
"Haha, is she giving a welcome speech or recruiting for a space adventure club? Uh-oh, the professors look upset.","Haha, cô ấy đang phát biểu chào mừng hay chiêu mộ thành viên cho câu lạc bộ du hành vũ trụ thế nhỉ? Ôi trời, mấy vị giáo sư trông có vẻ không vui rồi kìa.",C?n ti?ng Anh nghi v?n: Haha | S? t?/c?m nghi v?n: 1 | T? l? nghi v?n: 0.2 | M?c ??: 5.0
O-okay. T-this section...  it describes how the Exostrider used its greatsword to seal the Threnodian behind the <te href=750036>Stridergate</te>.,Ư-ừm... được rồi. Đoạn này... nói về việc Chiến Binh Ngoại Cảnh dùng đại kiếm của mình phong ấn Threnodian phía sau <te href=750036>Stridergate</te> đấy.,C?n ti?ng Anh nghi v?n: Stridergate | S? t?/c?m nghi v?n: 1 | T? l? nghi v?n: 0.2 | M?c ??: 5.0
—And it found the strength to raise its sword and seal the Threnodian away. Lahai-Roi was saved. What a relief!,—Và nó đã tìm được sức mạnh để vung kiếm phong ấn Threnodian đi. Lahai-Roi được cứu rồi. Thật là nhẹ cả người!,C?n ti?ng Anh nghi v?n: Lahai | S? t?/c?m nghi v?n: 1 | T? l? nghi v?n: 0.2 | M?c ??: 5.0
"Still, you helped me and a lot of people in Lahai-Roi. That's enough for me to trust you. What do you need me to do?",Dù sao cậu đã giúp tôi và bao người ở Lahai-Roi. Thế là đủ để tôi tin cậu rồi. Cậu cần tôi làm gì?,C?n ti?ng Anh nghi v?n: Lahai | S? t?/c?m nghi v?n: 1 | T? l? nghi v?n: 0.2 | M?c ??: 5.0
"Welcome aboard the SkyArk! I'm Wenlu, your guide for today's tour.","Chào mừng lên SkyArk! Tớ là Văn Lộ, hướng dẫn viên của cậu trong chuyến tham quan hôm nay.",C?n ti?ng Anh nghi v?n: SkyArk | S? t?/c?m nghi v?n: 1 | T? l? nghi v?n: 0.2 | M?c ??: 5.0
"It's exhausting work. After each mission, he requires a full cycle in a recovery pod. Let's thank Uncle Clemente and then gather here.","Công việc này thật mệt mỏi. Sau mỗi nhiệm vụ, cậu ấy cần một chu kỳ phục hồi toàn diện trong buồng hồi sức. Hãy cảm ơn chú Clemente rồi tập trung lại đây.",C?n ti?ng Anh nghi v?n: Clemente | S? t?/c?m nghi v?n: 1 | T? l? nghi v?n: 0.2 | M?c ??: 5.0
"You have to see this star perform, {PlayerName}! Forget all your worries for a night and just enjoy the young energy of Startorch Academy!","{PlayerName} à, cậu nhất định phải xem ngôi sao này biểu diễn! Hãy quên hết muộn phiền đi và tận hưởng không khí trẻ trung của Học viện Startorch đêm nay!",C?n ti?ng Anh nghi v?n: Startorch | S? t?/c?m nghi v?n: 1 | T? l? nghi v?n: 0.2 | M?c ??: 5.0
Bragging to everyone in the group chat who didn’t come.,Khoe khoang với cả đám trong nhóm chat mà chẳng ai thèm đến.,C?n ti?ng Anh nghi v?n: chat | S? t?/c?m nghi v?n: 1 | T? l? nghi v?n: 0.2 | M?c ??: 5.0
"If a Cassette makes it out, at least there's a record. But if that gets erased too, then even the fact that they died is erased.","Nếu một cuộn băng Cassette thoát ra được, ít nhất vẫn còn một bản ghi. Nhưng nếu cả bản ghi đó cũng bị xóa... thì ngay cả cái chết của họ cũng bị xóa sổ.",C?n ti?ng Anh nghi v?n: Cassette | S? t?/c?m nghi v?n: 1 | T? l? nghi v?n: 0.2 | M?c ??: 5.0
"Try looking to the Exoswarm for inspiration. In Lahai-Roi, only one power against the Void Storm exists, and that all comes from the Exostrider.","Hãy thử tìm cảm hứng từ Bầy Ngoại Sinh. Ở Lahai-Roi, chỉ có một sức mạnh duy nhất chống lại Bão Hư Không, và tất cả đều đến từ Chiến Sĩ Ngoại Sinh.",C?n ti?ng Anh nghi v?n: Lahai | S? t?/c?m nghi v?n: 1 | T? l? nghi v?n: 0.2 | M?c ??: 5.0
"So... {PlayerName}, don't go wandering off alone. Not until the Exostrider awakens.","Vậy đấy... {PlayerName}, đừng có đi lang thang một mình như thế. Ít nhất là cho đến khi Exostrider thức tỉnh đã.",C?n ti?ng Anh nghi v?n: Exostrider | S? t?/c?m nghi v?n: 1 | T? l? nghi v?n: 0.2 | M?c ??: 5.0
"And after that... Well, you guessed it. I stayed with you there, under your care, until the day you left Lahai-Roi.","Và sau đó... cậu cũng đoán được rồi. Ta ở lại bên cậu, dưới sự chăm sóc của cậu, cho đến ngày cậu rời Lahai-Roi.",C?n ti?ng Anh nghi v?n: Lahai | S? t?/c?m nghi v?n: 1 | T? l? nghi v?n: 0.2 | M?c ??: 5.0
"So I thought, why can't I do the same? Look! I kept Lahai-Roi safe while you were away.","Nên tôi nghĩ, tại sao mình không làm được như vậy? Nhìn này! Tôi đã bảo vệ Lahai-Roi an toàn trong lúc cậu vắng mặt đấy.",C?n ti?ng Anh nghi v?n: Lahai | S? t?/c?m nghi v?n: 1 | T? l? nghi v?n: 0.2 | M?c ??: 5.0
That frequency then led me to another relic consumed by the Threnodian—a creation built by the same makers of the Exostriders.,Tần số đó sau đó đã dẫn ta đến một di vật khác bị Threnodian nuốt chửng—một tạo vật của cùng những người chế tạo Exostriders.,C?n ti?ng Anh nghi v?n: Exostriders | S? t?/c?m nghi v?n: 1 | T? l? nghi v?n: 0.2 | M?c ??: 5.0
Don't feel you have to. The world is vast. Don't let me or Lahai-Roi hold you back.,Cậu không cần phải vì ta mà ở lại. Thế giới này rộng lớn lắm. Đừng để ta hay Lahai-Roi níu chân cậu.,C?n ti?ng Anh nghi v?n: Lahai | S? t?/c?m nghi v?n: 1 | T? l? nghi v?n: 0.2 | M?c ??: 5.0
"As for the Exostrider plan you asked about, we can go over the details at the infirmary when the time comes.","Về kế hoạch Exostrider mà cậu hỏi, chúng ta có thể thảo luận chi tiết ở phòng y tế khi đến lúc.",C?n ti?ng Anh nghi v?n: Exostrider | S? t?/c?m nghi v?n: 1 | T? l? nghi v?n: 0.2 | M?c ??: 5.0
"(Is this Aemeath's old dorm? Since she can resonate with the Exostrider, even after her body was destroyed, her frequency must have merged with it.)","(Đây là ký túc xưa của Aemeath à? Vì cô ấy có thể cộng hưởng với Exostrider, ngay cả sau khi thân xác bị hủy diệt, tần số của cô ấy hẳn đã hòa nhập vào nó.)",C?n ti?ng Anh nghi v?n: Exostrider | S? t?/c?m nghi v?n: 1 | T? l? nghi v?n: 0.2 | M?c ??: 5.0
"Rhein never could handle pain, but he was easy to cheer up.  Whenever the grown-ups would give me candy, I'd save it all for him.","Rhein chẳng bao giờ chịu được đau, nhưng lại rất dễ vui. Mỗi lần người lớn cho kẹo, tớ đều để dành hết cho cậu ấy.",C?n ti?ng Anh nghi v?n: Rhein | S? t?/c?m nghi v?n: 1 | T? l? nghi v?n: 0.2 | M?c ??: 5.0
Certainly. But our immediate priority should be the Fractsidus. I have a feeling they're planning to sabotage our plans for the Exostrider.,Tất nhiên. Nhưng ưu tiên trước mắt của chúng ta nên là Fractsidus. Tôi có linh cảm chúng đang lên kế hoạch phá hoại kế hoạch Exostrider của chúng ta.,C?n ti?ng Anh nghi v?n: Exostrider | S? t?/c?m nghi v?n: 1 | T? l? nghi v?n: 0.2 | M?c ??: 5.0
"I fell asleep on the hospital bed. When I woke up and opened my eyes, Warren was pointing a gun at my head.","Ta ngủ thiếp đi trên giường bệnh. Khi tỉnh dậy mở mắt ra, Warren đang chĩa súng vào đầu ta.",C?n ti?ng Anh nghi v?n: Warren | S? t?/c?m nghi v?n: 1 | T? l? nghi v?n: 0.2 | M?c ??: 5.0
"That's alright. I've already formed a rough theory about his motives now. You should rest, Nivora. We'll handle things from here.","Không sao đâu. Tớ đã tạm hình dung được động cơ của hắn rồi. Chị nghỉ ngơi đi, Nivora. Chúng ta sẽ lo phần còn lại.",C?n ti?ng Anh nghi v?n: Nivora | S? t?/c?m nghi v?n: 1 | T? l? nghi v?n: 0.2 | M?c ??: 5.0
"Yes. During his lecture, he mentioned a scholar who had just joined the project, Weiying. But his introduction was cut short.","Đúng vậy. Trong bài giảng, ông ấy có nhắc đến một học giả mới tham gia dự án tên Weiying. Nhưng phần giới thiệu bị cắt ngang giữa chừng.",C?n ti?ng Anh nghi v?n: Weiying | S? t?/c?m nghi v?n: 1 | T? l? nghi v?n: 0.2 | M?c ??: 5.0
"Must you always assume the worst, Lucilla? Can't I just call to chat?","Em lúc nào cũng nghĩ xấu cho anh vậy hả, Lucilla? Không thể nào anh chỉ gọi để trò chuyện thôi à?",C?n ti?ng Anh nghi v?n: Lucilla | S? t?/c?m nghi v?n: 1 | T? l? nghi v?n: 0.2 | M?c ??: 5.0
I trust Aemeath. What we experienced together proved she was telling me the truth. And there's a connection there I can't ignore.,Tôi tin tưởng Aemeath. Những gì chúng tôi trải qua cùng nhau đã chứng minh cô ấy nói thật. Và có một mối liên kết ở đó mà tôi không thể phớt lờ.,C?n ti?ng Anh nghi v?n: Aemeath | S? t?/c?m nghi v?n: 1 | T? l? nghi v?n: 0.2 | M?c ??: 5.0
"I-I... Never mind! Ugh, considering all the things ""I"" have done... Here goes nothing!","T-T-Tôi... Thôi kệ! Ugh, nghĩ đến những gì ""tôi"" đã làm... Thử xem sao!",C?n ti?ng Anh nghi v?n: Ugh | S? t?/c?m nghi v?n: 1 | T? l? nghi v?n: 0.2 | M?c ??: 5.0
Come take a look at Fluffball. It's been bringing me flowers every day!,Lại đây xem Fluffball này. Nó mang hoa về cho tớ mỗi ngày đấy!,C?n ti?ng Anh nghi v?n: Fluffball | S? t?/c?m nghi v?n: 1 | T? l? nghi v?n: 0.2 | M?c ??: 5.0
Come take a look at Fluffball. It's been bringing me flowers every day!,Lại đây xem Fluffball này. Nó mang hoa về cho tớ mỗi ngày đấy!,C?n ti?ng Anh nghi v?n: Fluffball | S? t?/c?m nghi v?n: 1 | T? l? nghi v?n: 0.2 | M?c ??: 5.0
"It's part of our anti-cheat system core coding, so not even the Agent can interfere with our logout processes.","Đây là phần lõi mã hóa của hệ thống chống gian lận, nên ngay cả Agent cũng không thể can thiệp vào quá trình đăng xuất của chúng ta.",C?n ti?ng Anh nghi v?n: Agent | S? t?/c?m nghi v?n: 1 | T? l? nghi v?n: 0.2 | M?c ??: 5.0
"Hello, wandering travelers. Are you here to enjoy the beauties of Upphaf Forest as well?","Xin chào, những lữ khách lang thang. Các vị cũng đến đây để thưởng ngoạn vẻ đẹp của Rừng Upphaf sao?",C?n ti?ng Anh nghi v?n: Upphaf | S? t?/c?m nghi v?n: 1 | T? l? nghi v?n: 0.2 | M?c ??: 5.0
"I need to submit this Cassette and print out the pictures... Oh, there's so much to do.","Ta phải nộp Cassette này và in mấy bức ảnh ra... Ôi, còn bao nhiêu việc phải làm.",C?n ti?ng Anh nghi v?n: Cassette | S? t?/c?m nghi v?n: 1 | T? l? nghi v?n: 0.2 | M?c ??: 5.0
I just remembered—there's an abandoned research outpost nearby! I heard the Roya use it as a rest stop. We can take a break there too.,Tớ vừa nhớ ra—gần đây có một trạm nghiên cứu bỏ hoang! Nghe nói người Roya dùng nó làm điểm dừng chân. Chúng ta cũng có thể nghỉ ngơi ở đó.,C?n ti?ng Anh nghi v?n: Roya | S? t?/c?m nghi v?n: 1 | T? l? nghi v?n: 0.2 | M?c ??: 5.0
"My friends at the Academy keep telling me how powerful the machine deck is. But as a Rinascitan, lemme tell ya, nothing beats the Echo deck!","Mấy đứa bạn ở Học viện cứ khen bộ bài máy mạnh lắm. Nhưng là một Rinascitan, để tớ nói cho mà nghe, chẳng gì bằng bộ bài Echo!",C?n ti?ng Anh nghi v?n: Rinascitan | S? t?/c?m nghi v?n: 1 | T? l? nghi v?n: 0.2 | M?c ??: 5.0
