en_source,vn_translate,loi_du_doan
"Binomial name ""Hoolock vexo"", a Mutant Organism the genus Hoolock. Hooscamps, though physically incomparable to the more adult Hoochiefs, but the intellectual development has been no different, the Hoochiefs tends to teach Hooscamps to hunt and ambush passers-by in the Dim Forest.","Tên khoa học ""Hoolock vexo"", một Mutant Organism thuộc chi Hoolock. Hooscamps, mặc dù về thể chất không thể so sánh với Hoochiefs trưởng thành hơn, nhưng sự phát triển trí tuệ không hề khác biệt, Hoochiefs thường dạy Hooscamps săn mồi và phục kích người đi đường trong Dim Forest.",C?n ti?ng Anh nghi v?n: Dim; Forest; Hoochiefs; Hoolock; Hooscamps; Mutant; Organism; vexo | S? t?/c?m nghi v?n: 11 | T? l? nghi v?n: 0.733 | M?c ??: 37.33
"A member of the Midnight Rangers.

The Midnight Rangers consist of three divisions: Outriders (reconnaissance), Vanguard (offensive operations), and Rearguard (defensive operations), all under the command of General Jiyan.","Thành viên của Midnight Rangers.

Midnight Rangers bao gồm ba bộ phận: Outriders (trinh sát), Vanguard (tác chiến tấn công) và Rearguard (tác chiến phòng thủ), tất cả đều dưới sự chỉ huy của Đại tướng Jiyan.",C?n ti?ng Anh nghi v?n: Jiyan; Midnight; Outriders; Rangers; Rearguard; Vanguard | S? t?/c?m nghi v?n: 8 | T? l? nghi v?n: 0.667 | M?c ??: 28.67
"A member of the Midnight Rangers.

The Midnight Rangers consist of three divisions: Outriders (reconnaissance), Vanguard (offensive operations), and Rearguard (defensive operations), all under the command of General Jiyan.","Thành viên của Midnight Rangers.

Midnight Rangers bao gồm ba bộ phận: Outriders (trinh sát), Vanguard (tác chiến tấn công) và Rearguard (tác chiến phòng thủ), tất cả đều dưới sự chỉ huy của Đại tướng Jiyan.",C?n ti?ng Anh nghi v?n: Jiyan; Midnight; Outriders; Rangers; Rearguard; Vanguard | S? t?/c?m nghi v?n: 8 | T? l? nghi v?n: 0.667 | M?c ??: 28.67
"A higher-dimensional being originated from Aleph-1, which shaped its body with Exoswarm devoured by the Void Storm and forged its spine with the Exostrider's remnants. To the inhabitants of Lahai-Roi, Voidworm and Void Storm are equally terrifying. Both are unpredictable natural disasters that devour everything in their paths.","Một sinh vật đến từ chiều không gian cao hơn, bắt nguồn từ Aleph-1, đã định hình cơ thể mình từ Exoswarm bị Void Storm nuốt chửng và rèn cột sống từ tàn tích của Exostrider. Đối với cư dân Lahai-Roi, Voidworm và Void Storm đều đáng sợ như nhau. Cả hai đều là những thảm họa tự nhiên khó lường, nuốt chửng mọi thứ trên đường đi.",C?n ti?ng Anh nghi v?n: Aleph; Exoswarm; Lahai; Storm; Void; Voidworm | S? t?/c?m nghi v?n: 8 | T? l? nghi v?n: 0.533 | M?c ??: 27.33
"Binomial name ""Agaricus mimetikos"", a Mutant Organism the genus Agaricus. In its immatured stage, the Roseshroom does not yet possess the ability to absorb nutrients from Tacetites, thus needing to gather nutrients from nearby matured Roseshrooms in order to survive.","Tên khoa học ""Agaricus mimetikos"", một Mutant Organism thuộc chi Agaricus. Ở giai đoạn chưa trưởng thành, Roseshroom chưa có khả năng hấp thụ chất dinh dưỡng từ Tacetites, do đó cần thu thập chất dinh dưỡng từ những Roseshroom trưởng thành gần đó để sinh tồn.",C?n ti?ng Anh nghi v?n: Agaricus; mimetikos; Mutant; Organism; Roseshroom; Tacetites | S? t?/c?m nghi v?n: 8 | T? l? nghi v?n: 0.5 | M?c ??: 27.0
"Trinomial name ""Chrysocyon brachyurus terreo"", a Mutant Organism the subspecies Chrysocyon brachyurus.","Tên khoa học ba phần ""Chrysocyon brachyurus terreo"", một Mutant Organism thuộc phân loài Chrysocyon brachyurus.",C?n ti?ng Anh nghi v?n: brachyurus; Chrysocyon; Mutant; Organism; terreo | S? t?/c?m nghi v?n: 7 | T? l? nghi v?n: 0.778 | M?c ??: 26.78
"An avian Tacet Discord prowling the Penitent's End. In darkness, its form blends into shadow, leaving only its mask flickering like ignis fatuus.","Một Discord hình chim săn mồi tại Penitent's End. Trong bóng tối, hình dạng của nó hòa vào bóng đêm, chỉ còn chiếc mặt nạ lấp lánh như ignis fatuus.",C?n ti?ng Anh nghi v?n: Discord; End; fatuus; ignis; Penitent's | S? t?/c?m nghi v?n: 5 | T? l? nghi v?n: 0.714 | M?c ??: 25.14
"Terrestrial Mutant Organism, mostly found in the Gorges of Spirit. Some sightings have also been reported in places such as the Whining Aix's Mire, and the danger is not high.","Sinh vật đột biến trên cạn, chủ yếu được tìm thấy ở Gorges of Spirit. Một số trường hợp cũng được báo cáo tại những nơi như Whining Aix's Mire, và mức độ nguy hiểm không cao.",C?n ti?ng Anh nghi v?n: Aix's; Gorges; Mire; of; Spirit; Whining | S? t?/c?m nghi v?n: 6 | T? l? nghi v?n: 0.667 | M?c ??: 24.67
"The Roya who were cast out of their tribe for selling Exostrider cell remnants. They, however, view themselves as unfettered by the old ways. To mock tradition, they wear masks made from Exoswarm heads and use the Shepherd's Staff as a weapon, and thus become a force of unrestrained chaos in Lahai-Roi.","Những Roya bị bộ tộc trục xuất vì bán xác tế bào Exostrider. Tuy nhiên, họ tự coi mình không bị ràng buộc bởi những lề thói cũ. Để chế giễu truyền thống, họ đeo mặt nạ làm từ đầu Exoswarm và sử dụng Shepherd's Staff làm vũ khí, từ đó trở thành thế lực hỗn loạn không kiểm soát tại Lahai-Roi.",C?n ti?ng Anh nghi v?n: Exostrider; Exoswarm; Lahai; Roya; Shepherd's; Staff | S? t?/c?m nghi v?n: 6 | T? l? nghi v?n: 0.667 | M?c ??: 24.67
"Binomial name ""Resinacrustidum lapis"", part of the Resinacrustidum species. This Tacet Discord is often found active, along with Vanguard Junrocks, relatively low danger level.","Tên khoa học ""Resinacrustidum lapis"", thuộc loài Resinacrustidum. Discord này thường hoạt động cùng với Vanguard Junrocks, mức độ nguy hiểm tương đối thấp.",C?n ti?ng Anh nghi v?n: Discord; Junrocks; lapis; Resinacrustidum; Vanguard | S? t?/c?m nghi v?n: 6 | T? l? nghi v?n: 0.75 | M?c ??: 24.5
"An Overlord Class Howler TD in Dim Forest. With a giant size, it boasts the sovereign of this land.","Một Tacet Discord Howler cấp Overlord tại Dim Forest. Với kích thước to lớn, nó là bá chủ của vùng đất này.",C?n ti?ng Anh nghi v?n: Dim; Forest; Howler; Overlord; to | S? t?/c?m nghi v?n: 5 | T? l? nghi v?n: 0.714 | M?c ??: 24.14
"Binomial name ""Hoolock vexo"". There are only sightings in the Dim Forest, Mutant Organism with the highest level of intelligence found in Huanglong.","Tên khoa học ""Hoolock vexo"". Chỉ được phát hiện tại Dim Forest, là Mutant Organism có mức độ thông minh cao nhất được tìm thấy ở Huanglong.",C?n ti?ng Anh nghi v?n: Dim; Forest; Hoolock; Mutant; Organism; vexo | S? t?/c?m nghi v?n: 6 | T? l? nghi v?n: 0.6 | M?c ??: 24.0
A Common Class Howler TD native to the Port City of Guixu. Records show it resembles objects from the city's lost civilization.,Một loài Tacet Discord Howler cấp Common bản địa của Port City of Guixu. Các ghi chép cho thấy nó có hình dáng giống với các vật thể từ nền văn minh đã mất của thành phố.,C?n ti?ng Anh nghi v?n: City; Common; Guixu; Howler; of; Port | S? t?/c?m nghi v?n: 6 | T? l? nghi v?n: 0.545 | M?c ??: 23.45
"A special Tacet Discord summoned by Phrolova from a Sonoro Sphere where all decaying frequencies converge, known as the ""Beyond."" It manifests as a three-faced Witch of the Underworld.","Một Discord đặc biệt được Phrolova triệu hồi từ Sonoro Sphere - nơi hội tụ tất cả các tần số phân rã, được gọi là ""Beyond"". Nó hiện thân dưới dạng một Phù Thủy Ba Mặt của Âm Phủ.",C?n ti?ng Anh nghi v?n: Beyond; Discord; Phrolova; Sonoro; Sphere | S? t?/c?m nghi v?n: 5 | T? l? nghi v?n: 0.833 | M?c ??: 23.33
"A special Tacet Discord summoned by Phrolova from a Sonoro Sphere where all decaying frequencies converge, known as the ""Beyond."" It manifests as a three-faced Witch of the Underworld.","Một Discord đặc biệt được Phrolova triệu hồi từ Sonoro Sphere - nơi hội tụ tất cả các tần số phân rã, được gọi là ""Beyond"". Nó hiện thân dưới dạng một Phù Thủy Ba Mặt của Âm Phủ.",C?n ti?ng Anh nghi v?n: Beyond; Discord; Phrolova; Sonoro; Sphere | S? t?/c?m nghi v?n: 5 | T? l? nghi v?n: 0.833 | M?c ??: 23.33
"""Quit Test"" will end this attempt and bring you back to the Test Details page.
""Retake Test"" will restart the ""Preliminary Test"" with the same team.","""Quit Test"" sẽ kết thúc lần thử này và đưa bạn trở lại trang Test Details.
""Làm Lại Kiểm Tra"" sẽ khởi động lại ""Kiểm Tra Sơ Bộ"" với cùng đội hình.",C?n ti?ng Anh nghi v?n: Details; Quit; Test | S? t?/c?m nghi v?n: 4 | T? l? nghi v?n: 0.571 | M?c ??: 22.71
"""Quit Test"" will end this attempt and bring you back to the Test Details page.
""Retake Test"" will restart the ""Final Test"" with the same team.","""Quit Test"" sẽ kết thúc lần thử này và đưa bạn trở lại trang Test Details.
""Làm Lại Kiểm Tra"" sẽ khởi động lại ""Kiểm Tra Cuối Cùng"" với cùng đội hình.",C?n ti?ng Anh nghi v?n: Details; Quit; Test | S? t?/c?m nghi v?n: 4 | T? l? nghi v?n: 0.571 | M?c ??: 22.71
"The usual Tacet Discords does not require a ""vehicle"" for movement, but the appearance of the Inferno Rider resembles a rider on a motorcycle, presumably this form is derived from a poor imitation of human behavior. The TD's crazy rampage in the ""vehicle"" is secretly known as ""Flames of Fury"" by Huanglong.","Tacet Discords thông thường không cần ""phương tiện"" để di chuyển, nhưng Inferno Rider lại có hình dáng giống một tay đua mô tô, có lẽ hình dạng này bắt nguồn từ sự bắt chước vụng về hành vi của con người. Sự điên cuồng của TD khi điều khiển ""phương tiện"" này được bí mật gọi là ""Flames of Fury"" ở Huanglong.",C?n ti?ng Anh nghi v?n: Discords; Flames; Fury; Inferno; of; Rider | S? t?/c?m nghi v?n: 6 | T? l? nghi v?n: 0.429 | M?c ??: 22.29
A low-risk Mutant Organism with a peculiar activity pattern that is commonly found in the waters of Whining Aix's Mire.,"Một Mutant Organism có mức độ nguy hiểm thấp với mô hình hoạt động kỳ lạ, thường được tìm thấy trong vùng nước của Whining Aix's Mire.",C?n ti?ng Anh nghi v?n: Aix's; Mire; Mutant; Organism; Whining | S? t?/c?m nghi v?n: 5 | T? l? nghi v?n: 0.714 | M?c ??: 22.14
"Binomial name ""Tetraodon spiritalis"", a Mutant Organism of the genus Tetraodon. Theorieds suggests it is a relative to the Gurglepuff, but the ecological zones of the two are slightly different.","Tên khoa học ""Tetraodon spiritalis"", một Mutant Organism thuộc chi Tetraodon. Các giả thuyết cho rằng nó có quan hệ họ hàng với Gurglepuff, nhưng vùng sinh thái của hai loài có sự khác biệt nhỏ.",C?n ti?ng Anh nghi v?n: Gurglepuff; Mutant; Organism; spiritalis; Tetraodon | S? t?/c?m nghi v?n: 6 | T? l? nghi v?n: 0.5 | M?c ??: 22.0
"Binomial name ""Tetraodon lateo"", a Mutant Organism of the genus Tetraodon.","Tên khoa học ""Tetraodon lateo"", một Mutant Organism thuộc chi Tetraodon.",C?n ti?ng Anh nghi v?n: lateo; Mutant; Organism; Tetraodon | S? t?/c?m nghi v?n: 5 | T? l? nghi v?n: 0.714 | M?c ??: 21.14
"Binomial name ""Babyrousa fractden"", a Mutant Organism the genus Babyrousa. An omnivore Mutant Organism commonly seen everywhere. Although its diet is mainly of vegetative origin, but the temperament is unlike the ordinary herbivores.","Tên khoa học ""Babyrousa fractden"", một Mutant Organism thuộc chi Babyrousa. Là loài ăn tạp phổ biến khắp nơi. Mặc dù chế độ ăn chủ yếu có nguồn gốc thực vật, nhưng tính khí của nó không giống các loài ăn cỏ thông thường.",C?n ti?ng Anh nghi v?n: Babyrousa; fractden; Mutant; Organism | S? t?/c?m nghi v?n: 5 | T? l? nghi v?n: 0.714 | M?c ??: 21.14
Preliminary Test not completed. Cannot enter the Final Test,Chưa hoàn thành Test Sơ bộ. Không thể tiến vào Test Cuối cùng.,C?n ti?ng Anh nghi v?n: Test | S? t?/c?m nghi v?n: 2 | T? l? nghi v?n: 1.0 | M?c ??: 21.0
"Binomial name ""Devorsonidum impulsio"", Devourer specis. The left upper limb of the Impulse Predators has evolved into a bow and arrow, which can gather conductive energy to shoot at longer distances.","Tên khoa học ""Devorsonidum impulsio"", loài Devourer. Chi trước trái của Impulse Predators đã tiến hóa thành cung tên, có thể tích tụ năng lượng dẫn điện để bắn xa hơn.",C?n ti?ng Anh nghi v?n: Devorsonidum; Devourer; Impulse; impulsio; Predators | S? t?/c?m nghi v?n: 5 | T? l? nghi v?n: 0.556 | M?c ??: 20.56
"An Overlord Class Whisperin TD found outside Gorges of Spirit. Known to be bellicose, malevolent, and aggressive. Further observation is needed to better picture this creature.","Một TD Whisperin cấp Overlord được tìm thấy bên ngoài Gorges of Spirit. Được biết đến là hung hăng, ác ý và hiếu chiến. Cần quan sát thêm để hiểu rõ hơn về sinh vật này.",C?n ti?ng Anh nghi v?n: Gorges; of; Overlord; Spirit; Whisperin | S? t?/c?m nghi v?n: 5 | T? l? nghi v?n: 0.556 | M?c ??: 20.56
"Trinomial name ""Ardea purpurea bipenna"", a subspecies of Ardea purpurea uniquely found in Huanglong.","Tên ba phần ""Ardea purpurea bipenna"", một phân loài của Ardea purpurea chỉ được tìm thấy duy nhất tại Huanglong.",C?n ti?ng Anh nghi v?n: Ardea; bipenna; purpurea | S? t?/c?m nghi v?n: 5 | T? l? nghi v?n: 0.625 | M?c ??: 19.25
"Trinomial name ""Ardea purpurea bipenna"", a subspecies of Ardea purpurea uniquely found in Huanglong.","Tên ba phần ""Ardea purpurea bipenna"", một phân loài của Ardea purpurea chỉ được tìm thấy duy nhất tại Huanglong.",C?n ti?ng Anh nghi v?n: Ardea; bipenna; purpurea | S? t?/c?m nghi v?n: 5 | T? l? nghi v?n: 0.625 | M?c ??: 19.25
"A TD constructed with fragmented rocks. Commonly found in the company of Vanguard Junrock. 

Different from the latter, Fission Junrock has a more active and unstable energy and easily explodes under impact. Records show that it is sometimes used as a throwing weapon by other Tacet Discords.","Một TD được cấu tạo từ những mảnh đá vụn. Thường xuất hiện cùng với Vanguard Junrock. 

Khác với Vanguard Junrock, Fission Junrock có năng lượng hoạt động mạnh mẽ và không ổn định hơn, dễ phát nổ khi va chạm. Các ghi chép cho thấy đôi khi nó được các Tacet Discord khác sử dụng như vũ khí Dodgem.",C?n ti?ng Anh nghi v?n: Fission; Junrock; Vanguard | S? t?/c?m nghi v?n: 6 | T? l? nghi v?n: 0.4 | M?c ??: 19.0
"A Reactor Drive component. When the Drive's immune response is triggered, its battle logic will activate to eliminate all intruders.","Một bộ phận của Reactor Drive. Khi phản ứng miễn dịch của Drive được kích hoạt, logic chiến đấu của nó sẽ khởi động để loại bỏ mọi kẻ xâm nhập.",C?n ti?ng Anh nghi v?n: Drive; logic; Reactor | S? t?/c?m nghi v?n: 4 | T? l? nghi v?n: 0.8 | M?c ??: 19.0
Takes place in {0},Takes place in {0},C?n ti?ng Anh nghi v?n: in; place; Takes | S? t?/c?m nghi v?n: 3 | T? l? nghi v?n: 1.0 | M?c ??: 19.0
Test Center - {0},Test Center - {0},C?n ti?ng Anh nghi v?n: Center; Test | S? t?/c?m nghi v?n: 2 | T? l? nghi v?n: 1.0 | M?c ??: 19.0
A powerful Tacet Discord that appears in the Tacet Field of Desorock Highlands and is capable of using the power of the Electro.,Một Discord mạnh mẽ xuất hiện tại Tacet Field của Desorock Highlands và có khả năng sử dụng sức mạnh của Electro.,C?n ti?ng Anh nghi v?n: Desorock; Discord; Field; Highlands | S? t?/c?m nghi v?n: 4 | T? l? nghi v?n: 0.667 | M?c ??: 18.67
An Overlord Class Whisperin TD hidden in Central Plains. It demonstrates combat abilities similar to those of a human.,Một Whisperin TD cấp Overlord ẩn náu tại Central Plains. Nó thể hiện khả năng chiến đấu tương tự như con người.,C?n ti?ng Anh nghi v?n: Central; Overlord; Plains; Whisperin | S? t?/c?m nghi v?n: 4 | T? l? nghi v?n: 0.667 | M?c ??: 18.67
"The apex predator in the Sanguis Plateaus. It rises with the surging Dark Tide, heralding the start of the hunt.","Kẻ săn mồi đỉnh cao tại Sanguis Plateaus. Nó trỗi dậy cùng Dark Tide dâng cao, báo hiệu sự khởi đầu của cuộc săn.",C?n ti?ng Anh nghi v?n: Dark; Plateaus; Sanguis; Tide | S? t?/c?m nghi v?n: 4 | T? l? nghi v?n: 0.667 | M?c ??: 18.67
"Binomial name ""Resinacrustidum lapis"", member of the Resinacrustidum species. This Tacet Discord is often found active in packs within mines and mountainous areas, along with other Fission Junrocks, relatively low danger level.","Tên khoa học ""Resinacrustidum lapis"", thành viên của loài Resinacrustidum. Loài Discord này thường hoạt động theo đàn trong các khu mỏ và vùng núi, cùng với các Fission Junrock khác, mức độ nguy hiểm tương đối thấp.",C?n ti?ng Anh nghi v?n: Discord; Fission; lapis; Resinacrustidum | S? t?/c?m nghi v?n: 5 | T? l? nghi v?n: 0.455 | M?c ??: 18.55
"Binomial name ""Strepoplasmidum spiritalis"", a member of the genus Strepoplasmidum. Possesses no intelligence, due to the Aero energy mass gathered in its ""head"" emitting sound similar to that of a gust of wind, hence the name ""Whiff Whoosh"".","Tên khoa học ""Strepoplasmidum spiritalis"", thành viên của chi Strepoplasmidum. Không có trí tuệ, do khối năng lượng Aero tụ lại trong ""đầu"" phát ra âm thanh giống như tiếng gió rít, vì vậy được gọi là ""Whiff Whoosh"".",C?n ti?ng Anh nghi v?n: spiritalis; Strepoplasmidum; Whiff; Whoosh | S? t?/c?m nghi v?n: 5 | T? l? nghi v?n: 0.417 | M?c ??: 18.17
"A Whisperin TD discovered in the Norfall Barrens, exhibiting more prominent characteristics of the human female form. There is a suspected link to Threnodian, surrounded by other TD sub-class aggregates. Due to its hazardous environment, there remains insufficient information and records, it has been classified as a Calamity Class.","Một TD Whisperin được phát hiện tại Norfall Barrens, thể hiện những đặc điểm nổi bật hơn của hình dạng phụ nữ. Có nghi ngờ liên quan đến Threnodian, được bao quanh bởi các tập hợp phụ loài TD khác. Do môi trường nguy hiểm, thông tin và ghi chép vẫn còn thiếu, nó đã được xếp vào loại Calamity Class.",C?n ti?ng Anh nghi v?n: Barrens; Calamity; Class; Norfall; Whisperin | S? t?/c?m nghi v?n: 5 | T? l? nghi v?n: 0.312 | M?c ??: 18.12
"A formidable Tacet Discord that nested in the Whining Aix's Mire, its wailing is called the ""Never-ending elegy"" by the people of Huanglong.","Một Discord đáng gờm làm tổ tại Whining Aix's Mire, tiếng gào thét của nó được người dân Huanglong gọi là ""Khúc bi ca bất tận"".",C?n ti?ng Anh nghi v?n: Aix's; Discord; Mire; Whining | S? t?/c?m nghi v?n: 4 | T? l? nghi v?n: 0.571 | M?c ??: 17.71
An Overlord Class Howler TD showing up in Desorock Highland. It is known to be ferocious and highly aggresive.,Một Howler TD cấp Overlord xuất hiện tại Desorock Highland. Được biết đến là hung dữ và có tính tấn công cao.,C?n ti?ng Anh nghi v?n: Desorock; Highland; Howler; Overlord | S? t?/c?m nghi v?n: 4 | T? l? nghi v?n: 0.571 | M?c ??: 17.71
"A Staticoid TD that hides beneath an abandoned CSC facility, its physical form comprises a conglomerate of various objects. Threat level: Overlord Class.","Một Staticoid TD ẩn náu bên dưới một cơ sở CSC bị bỏ hoang, hình dạng vật lý của nó là tập hợp của nhiều vật thể khác nhau. Mức độ đe dọa: Overlord Class.",C?n ti?ng Anh nghi v?n: Class; CSC; Overlord; Staticoid | S? t?/c?m nghi v?n: 4 | T? l? nghi v?n: 0.571 | M?c ??: 17.71
An Overlord Class Whisperin TD found in Desorock Highland. It demonstrates combat abilities similar to those of a human.,Một Tacet Discord thuộc lớp Overlord Whisperin được tìm thấy tại Desorock Highland. Nó thể hiện khả năng chiến đấu tương tự như con người.,C?n ti?ng Anh nghi v?n: Desorock; Highland; Overlord; Whisperin | S? t?/c?m nghi v?n: 4 | T? l? nghi v?n: 0.571 | M?c ??: 17.71
"A dragon-like Tacet Discord that haunts the peak of Penitent's End for an unknown reason, devouring all frequencies indiscriminately.","Một Discord hình rồng lang thang trên đỉnh Penitent's End vì lý do chưa rõ, nuốt chửng mọi tần số một cách bừa bãi.",C?n ti?ng Anh nghi v?n: Discord; End; Penitent's | S? t?/c?m nghi v?n: 3 | T? l? nghi v?n: 0.5 | M?c ??: 17.0
"A prized creation of the Fractsidus, fusing a pair of flowing sleeves with the essence of a Tacet Discord with New Federation technologies.","Một tác phẩm quý giá của Fractsidus, kết hợp đôi tay áo bay với bản chất của một Discord bằng công nghệ của New Federation.",C?n ti?ng Anh nghi v?n: Discord; Federation; New | S? t?/c?m nghi v?n: 3 | T? l? nghi v?n: 0.5 | M?c ??: 17.0
A special Tacet Discord that lurks in the intricate network of the Dreamscape Nodes.,Một Discord đặc biệt ẩn nấp trong mạng lưới phức tạp của Dreamscape Nodes.,C?n ti?ng Anh nghi v?n: Discord; Dreamscape; Nodes | S? t?/c?m nghi v?n: 3 | T? l? nghi v?n: 0.75 | M?c ??: 16.5
A special Tacet Discord that lurks in the intricate network of the Dreamscape Nodes.,Một Discord đặc biệt ẩn nấp trong mạng lưới phức tạp của Dreamscape Nodes.,C?n ti?ng Anh nghi v?n: Discord; Dreamscape; Nodes | S? t?/c?m nghi v?n: 3 | T? l? nghi v?n: 0.75 | M?c ??: 16.5
A special Tacet Discord that lurks in the intricate network of the Dreamscape Nodes.,Một Discord đặc biệt ẩn nấp trong mạng lưới phức tạp của Dreamscape Nodes.,C?n ti?ng Anh nghi v?n: Discord; Dreamscape; Nodes | S? t?/c?m nghi v?n: 3 | T? l? nghi v?n: 0.75 | M?c ??: 16.5
A special Tacet Discord that lurks in the intricate network of the Dreamscape Nodes.,Một Discord đặc biệt ẩn nấp trong mạng lưới phức tạp của Dreamscape Nodes.,C?n ti?ng Anh nghi v?n: Discord; Dreamscape; Nodes | S? t?/c?m nghi v?n: 3 | T? l? nghi v?n: 0.75 | M?c ??: 16.5
A special Tacet Discord that lurks in the intricate network of the Dreamscape Nodes.,Một Discord đặc biệt ẩn nấp trong mạng lưới phức tạp của Dreamscape Nodes.,C?n ti?ng Anh nghi v?n: Discord; Dreamscape; Nodes | S? t?/c?m nghi v?n: 3 | T? l? nghi v?n: 0.75 | M?c ??: 16.5
A special Tacet Discord that lurks in the intricate network of the Dreamscape Nodes.,Một Discord đặc biệt ẩn nấp trong mạng lưới phức tạp của Dreamscape Nodes.,C?n ti?ng Anh nghi v?n: Discord; Dreamscape; Nodes | S? t?/c?m nghi v?n: 3 | T? l? nghi v?n: 0.75 | M?c ??: 16.5
A special Tacet Discord that lurks in the intricate network of the Dreamscape Nodes.,Một Discord đặc biệt ẩn nấp trong mạng lưới phức tạp của Dreamscape Nodes.,C?n ti?ng Anh nghi v?n: Discord; Dreamscape; Nodes | S? t?/c?m nghi v?n: 3 | T? l? nghi v?n: 0.75 | M?c ??: 16.5
A special Tacet Discord that lurks in the intricate network of the Dreamscape Nodes.,Một Discord đặc biệt ẩn nấp trong mạng lưới phức tạp của Dreamscape Nodes.,C?n ti?ng Anh nghi v?n: Discord; Dreamscape; Nodes | S? t?/c?m nghi v?n: 3 | T? l? nghi v?n: 0.75 | M?c ??: 16.5
A special Tacet Discord that lurks in the intricate network of the Dreamscape Nodes.,Một Discord đặc biệt ẩn nấp trong mạng lưới phức tạp của Dreamscape Nodes.,C?n ti?ng Anh nghi v?n: Discord; Dreamscape; Nodes | S? t?/c?m nghi v?n: 3 | T? l? nghi v?n: 0.75 | M?c ??: 16.5
A special Tacet Discord that lurks in the intricate network of the Dreamscape Nodes.,Một Discord đặc biệt ẩn nấp trong mạng lưới phức tạp của Dreamscape Nodes.,C?n ti?ng Anh nghi v?n: Discord; Dreamscape; Nodes | S? t?/c?m nghi v?n: 3 | T? l? nghi v?n: 0.75 | M?c ??: 16.5
A special Tacet Discord that lurks in the intricate network of the Dreamscape Nodes.,Một Discord đặc biệt ẩn nấp trong mạng lưới phức tạp của Dreamscape Nodes.,C?n ti?ng Anh nghi v?n: Discord; Dreamscape; Nodes | S? t?/c?m nghi v?n: 3 | T? l? nghi v?n: 0.75 | M?c ??: 16.5
A special Tacet Discord that lurks in the intricate network of the Dreamscape Nodes.,Một Discord đặc biệt ẩn nấp trong mạng lưới phức tạp của Dreamscape Nodes.,C?n ti?ng Anh nghi v?n: Discord; Dreamscape; Nodes | S? t?/c?m nghi v?n: 3 | T? l? nghi v?n: 0.75 | M?c ??: 16.5
A special Tacet Discord that lurks in the intricate network of the Dreamscape Nodes.,Một Discord đặc biệt ẩn nấp trong mạng lưới phức tạp của Dreamscape Nodes.,C?n ti?ng Anh nghi v?n: Discord; Dreamscape; Nodes | S? t?/c?m nghi v?n: 3 | T? l? nghi v?n: 0.75 | M?c ??: 16.5
A special Tacet Discord that lurks in the intricate network of the Dreamscape Nodes.,Một Discord đặc biệt ẩn nấp trong mạng lưới phức tạp của Dreamscape Nodes.,C?n ti?ng Anh nghi v?n: Discord; Dreamscape; Nodes | S? t?/c?m nghi v?n: 3 | T? l? nghi v?n: 0.75 | M?c ??: 16.5
A special Tacet Discord that lurks in the intricate network of the Dreamscape Nodes.,Một Discord đặc biệt ẩn nấp trong mạng lưới phức tạp của Dreamscape Nodes.,C?n ti?ng Anh nghi v?n: Discord; Dreamscape; Nodes | S? t?/c?m nghi v?n: 3 | T? l? nghi v?n: 0.75 | M?c ??: 16.5
A special Tacet Discord that lurks in the intricate network of the Dreamscape Nodes.,Một Discord đặc biệt ẩn nấp trong mạng lưới phức tạp của Dreamscape Nodes.,C?n ti?ng Anh nghi v?n: Discord; Dreamscape; Nodes | S? t?/c?m nghi v?n: 3 | T? l? nghi v?n: 0.75 | M?c ??: 16.5
A special Tacet Discord that lurks in the intricate network of the Dreamscape Nodes.,Một Discord đặc biệt ẩn nấp trong mạng lưới phức tạp của Dreamscape Nodes.,C?n ti?ng Anh nghi v?n: Discord; Dreamscape; Nodes | S? t?/c?m nghi v?n: 3 | T? l? nghi v?n: 0.75 | M?c ??: 16.5
A special Tacet Discord that lurks in the intricate network of the Dreamscape Nodes.,Một Discord đặc biệt ẩn nấp trong mạng lưới phức tạp của Dreamscape Nodes.,C?n ti?ng Anh nghi v?n: Discord; Dreamscape; Nodes | S? t?/c?m nghi v?n: 3 | T? l? nghi v?n: 0.75 | M?c ??: 16.5
A special Tacet Discord that lurks in the intricate network of the Dreamscape Nodes.,Một Discord đặc biệt ẩn nấp trong mạng lưới phức tạp của Dreamscape Nodes.,C?n ti?ng Anh nghi v?n: Discord; Dreamscape; Nodes | S? t?/c?m nghi v?n: 3 | T? l? nghi v?n: 0.75 | M?c ??: 16.5
A special Tacet Discord that lurks in the intricate network of the Dreamscape Nodes.,Một Discord đặc biệt ẩn nấp trong mạng lưới phức tạp của Dreamscape Nodes.,C?n ti?ng Anh nghi v?n: Discord; Dreamscape; Nodes | S? t?/c?m nghi v?n: 3 | T? l? nghi v?n: 0.75 | M?c ??: 16.5
A special Tacet Discord that lurks in the intricate network of the Dreamscape Nodes.,Một Discord đặc biệt ẩn nấp trong mạng lưới phức tạp của Dreamscape Nodes.,C?n ti?ng Anh nghi v?n: Discord; Dreamscape; Nodes | S? t?/c?m nghi v?n: 3 | T? l? nghi v?n: 0.75 | M?c ??: 16.5
A special Tacet Discord that lurks in the intricate network of the Dreamscape Nodes.,Một Discord đặc biệt ẩn nấp trong mạng lưới phức tạp của Dreamscape Nodes.,C?n ti?ng Anh nghi v?n: Discord; Dreamscape; Nodes | S? t?/c?m nghi v?n: 3 | T? l? nghi v?n: 0.75 | M?c ??: 16.5
A special Tacet Discord that lurks in the intricate network of the Dreamscape Nodes.,Một Discord đặc biệt ẩn nấp trong mạng lưới phức tạp của Dreamscape Nodes.,C?n ti?ng Anh nghi v?n: Discord; Dreamscape; Nodes | S? t?/c?m nghi v?n: 3 | T? l? nghi v?n: 0.75 | M?c ??: 16.5
A special Tacet Discord that lurks in the intricate network of the Dreamscape Nodes.,Một Discord đặc biệt ẩn nấp trong mạng lưới phức tạp của Dreamscape Nodes.,C?n ti?ng Anh nghi v?n: Discord; Dreamscape; Nodes | S? t?/c?m nghi v?n: 3 | T? l? nghi v?n: 0.75 | M?c ??: 16.5
A special Tacet Discord that lurks in the intricate network of the Dreamscape Nodes.,Một Discord đặc biệt ẩn nấp trong mạng lưới phức tạp của Dreamscape Nodes.,C?n ti?ng Anh nghi v?n: Discord; Dreamscape; Nodes | S? t?/c?m nghi v?n: 3 | T? l? nghi v?n: 0.75 | M?c ??: 16.5
"Large Mutant Organism unique to Huanglong, often found in the Huanglong territory between the wetlands and lakes. Desorock Highlands also have their traces, aggressive and territorial awareness is very strong, there is a certain degree of danger.","Mutant Organism lớn đặc hữu của Huanglong, thường được tìm thấy tại khu vực giữa vùng đất ngập nước và hồ nước thuộc lãnh thổ Huanglong. Desorock Highlands cũng có dấu vết của chúng, hung hăng và ý thức lãnh thổ rất mạnh, có mức độ nguy hiểm nhất định.",C?n ti?ng Anh nghi v?n: Desorock; Highlands; Mutant; Organism | S? t?/c?m nghi v?n: 4 | T? l? nghi v?n: 0.444 | M?c ??: 16.44
A Common Class Howler TD living nomadically across Dim Forest. Individuals live in packs and follow a leader. Able to imitate the way human use simple tools.,Một Howler TD cấp Common sống du mục khắp Dim Forest. Các cá thể sống theo bầy đàn và đi theo một thủ lĩnh. Có khả năng bắt chước cách con người sử dụng các công cụ đơn giản.,C?n ti?ng Anh nghi v?n: Common; Dim; Forest; Howler | S? t?/c?m nghi v?n: 4 | T? l? nghi v?n: 0.444 | M?c ??: 16.44
"A prized creation of the Fractsidus, fusing a set of vicious claws with the essence of a Tacet Discord with New Federation technologies.","Một tác phẩm quý giá của Fractsidus, kết hợp bộ móng vuốt hung dữ với tinh hoa của Discord bằng công nghệ của New Federation.",C?n ti?ng Anh nghi v?n: Discord; Federation; New | S? t?/c?m nghi v?n: 3 | T? l? nghi v?n: 0.429 | M?c ??: 16.29
"A prized creation of the Fractsidus, fusing a picture hat with the essence of a Tacet Discord with New Federation technologies.","Tác phẩm quý giá của Fractsidus, kết hợp chiếc mũ hình tranh với tinh hoa của một Discord bằng công nghệ của New Federation.",C?n ti?ng Anh nghi v?n: Discord; Federation; New | S? t?/c?m nghi v?n: 3 | T? l? nghi v?n: 0.429 | M?c ??: 16.29
An Overlord Class Howler TD lying dormant under Tiger's Maw. It lures preys deep into the mist it hides in before capturing them.,"Một Tacet Discord cấp Overlord thuộc loại Howler, nằm im lìm dưới Tiger's Maw. Nó dụ con mồi vào sâu trong màn sương nơi nó ẩn nấp trước khi bắt giữ.",C?n ti?ng Anh nghi v?n: Howler; Maw; Overlord; Tiger's | S? t?/c?m nghi v?n: 4 | T? l? nghi v?n: 0.4 | M?c ??: 16.0
A member of the Midnight Rangers.,Một thành viên của Midnight Rangers.,C?n ti?ng Anh nghi v?n: Midnight; Rangers | S? t?/c?m nghi v?n: 2 | T? l? nghi v?n: 1.0 | M?c ??: 16.0
A member of the Midnight Rangers.,Một thành viên của Midnight Rangers.,C?n ti?ng Anh nghi v?n: Midnight; Rangers | S? t?/c?m nghi v?n: 2 | T? l? nghi v?n: 1.0 | M?c ??: 16.0
Chief Assessor Defeated ≥ {0} Times,Đánh bại Chief Assessor ≥ {0} lần,C?n ti?ng Anh nghi v?n: Assessor; Chief | S? t?/c?m nghi v?n: 2 | T? l? nghi v?n: 1.0 | M?c ??: 16.0
Suggested Lv. {0},Suggested Lv. {0},C?n ti?ng Anh nghi v?n: Lv; Suggested | S? t?/c?m nghi v?n: 2 | T? l? nghi v?n: 1.0 | M?c ??: 16.0
Current Wave: {0},Current Wave: {0},C?n ti?ng Anh nghi v?n: Current; Wave | S? t?/c?m nghi v?n: 2 | T? l? nghi v?n: 1.0 | M?c ??: 16.0
"Chief Assessor Defeated: <SapTag=0>{0}</SapTag> {Cus:Sap,S=time P=times SapTag=0}","Chief Assessor Bị Đánh Bại: <SapTag=0>{0}</SapTag> {Cus:Sap,S=lần P=lần SapTag=0}",C?n ti?ng Anh nghi v?n: Assessor; Chief | S? t?/c?m nghi v?n: 2 | T? l? nghi v?n: 1.0 | M?c ??: 16.0
Suggested Lv. {0},Suggested Lv. {0},C?n ti?ng Anh nghi v?n: Lv; Suggested | S? t?/c?m nghi v?n: 2 | T? l? nghi v?n: 1.0 | M?c ??: 16.0
Current Points: {0},Current Points: {0},C?n ti?ng Anh nghi v?n: Current; Points | S? t?/c?m nghi v?n: 2 | T? l? nghi v?n: 1.0 | M?c ??: 16.0
Total Points reach {0},Total Points đạt {0},C?n ti?ng Anh nghi v?n: Points; Total | S? t?/c?m nghi v?n: 2 | T? l? nghi v?n: 1.0 | M?c ??: 16.0
Highest Record: {0},Highest Record: {0},C?n ti?ng Anh nghi v?n: Highest; Record | S? t?/c?m nghi v?n: 2 | T? l? nghi v?n: 1.0 | M?c ??: 16.0
Synchro Coins: {0}/{1},Synchro Coins: {0}/{1},C?n ti?ng Anh nghi v?n: Coins; Synchro | S? t?/c?m nghi v?n: 2 | T? l? nghi v?n: 1.0 | M?c ??: 16.0
All test objectives have been completed. You may choose to leave or continue fighting.,Đã hoàn thành tất cả mục tiêu test. Bạn có thể chọn rời đi hoặc tiếp tục chiến đấu.,C?n ti?ng Anh nghi v?n: test | S? t?/c?m nghi v?n: 1 | T? l? nghi v?n: 1.0 | M?c ??: 16.0
"With coral as bones, seaweed as flesh, and blind faith as the catalyst, they are the memetic embodiment of the Dark Tide faith, shamans who chant the will of the Dark Tide.","Với san hô làm xương, rong biển làm thịt và niềm tin mù quáng làm chất xúc tác, chúng là hiện thân ký hiệu của tín ngưỡng Dark Tide, những pháp sư truyền đạt ý chí của Dark Tide.",C?n ti?ng Anh nghi v?n: Dark; Tide | S? t?/c?m nghi v?n: 4 | T? l? nghi v?n: 0.571 | M?c ??: 15.71
"A Tacet Discord that functions as the ""head"" of Chop Chop.","Một Discord đóng vai trò ""đầu"" của Chop Chop.",C?n ti?ng Anh nghi v?n: Chop; Discord | S? t?/c?m nghi v?n: 3 | T? l? nghi v?n: 0.75 | M?c ??: 15.5
"Scientifically named the ""Strepoplasmidum spectrum"", a member of the genus Strepoplasmidum. Gained its name due to the lack of intelligence and simple behavioral logic.","Tên khoa học ""Strepoplasmidum spectrum"", một thành viên của chi Strepoplasmidum. Được đặt tên như vậy do thiếu trí thông minh và logic hành vi đơn giản.",C?n ti?ng Anh nghi v?n: logic; spectrum; Strepoplasmidum | S? t?/c?m nghi v?n: 4 | T? l? nghi v?n: 0.444 | M?c ??: 15.44
"Binomial name ""Acanthacorydalis squapenna"", a member of the genus Resinacrustidum. Commonly found on waterfronts in warm and humid areas throughout Huanglong. Although slightly aggressive, they are easily preyed upon by Geohide Saurians and others, and are not very dangerous. Relatively low danger level.","Tên khoa học ""Acanthacorydalis squapenna"", một thành viên của chi Resinacrustidum. Thường được tìm thấy ở các bờ nước tại các khu vực ấm áp và ẩm ướt trên khắp Huanglong. Mặc dù hơi hung dữ, chúng dễ dàng trở thành con mồi của Geohide Saurian và các loài khác, và không quá nguy hiểm. Mức độ nguy hiểm tương đối thấp.",C?n ti?ng Anh nghi v?n: Acanthacorydalis; Geohide; Resinacrustidum; squapenna | S? t?/c?m nghi v?n: 4 | T? l? nghi v?n: 0.308 | M?c ??: 15.08
An Elite Class Howler TD living nomadically across Dim Forest. Individuals live in packs. Records show that this TD is fractious and prone to stealing human objects.,Một TD Howler cấp Elite sống du mục khắp Dim Forest. Các cá thể sống theo bầy đàn. Các ghi chép cho thấy TD này rất hung hăng và có xu hướng trộm cắp đồ vật của con người.,C?n ti?ng Anh nghi v?n: Dim; Elite; Forest; Howler | S? t?/c?m nghi v?n: 4 | T? l? nghi v?n: 0.308 | M?c ??: 15.08
"Powerful Tacet Discord that reside in the deep shafts of the Tiger's Maw. There's very few available sighting reports, all of which claiming that they resemble insects.","Những Discord mạnh mẽ cư ngụ trong các hầm sâu của Tiger's Maw. Rất ít báo cáo quan sát, tất cả đều khẳng định rằng chúng giống côn trùng.",C?n ti?ng Anh nghi v?n: Discord; Maw; Tiger's | S? t?/c?m nghi v?n: 3 | T? l? nghi v?n: 0.6 | M?c ??: 15.0
A special Tacet Discord that lurks in the intricate network of the Dreamscape Nodes. It gathers frequencies of a particular negative emotion.,Một Discord đặc biệt ẩn nấp trong mạng lưới phức tạp của Dreamscape Nodes. Nó thu thập tần số của một loại cảm xúc tiêu cực cụ thể.,C?n ti?ng Anh nghi v?n: Discord; Dreamscape; Nodes | S? t?/c?m nghi v?n: 3 | T? l? nghi v?n: 0.6 | M?c ??: 15.0
"A prized creation of the Fractsidus.

Using New Federation technology, they have fused a set of vicious claws with the essence of a Tacet Discord, creating a weapon of cruelty capable of strangling its prey before slicing them apart.

Yet, all transcendence comes at a price. Those who embraced this creation have become thralls to their own design, leaving behind nothing but hollow shells.","Một tác phẩm quý giá của Fractsidus.

Sử dụng công nghệ của New Federation, chúng đã kết hợp một bộ móng vuốt hung ác với bản chất của Discord, tạo ra một vũ khí tàn nhẫn có thể siết cổ con mồi trước khi xé xác.

Tuy nhiên, mọi sự siêu việt đều phải trả giá. Những kẻ đón nhận sáng tạo này đã trở thành nô lệ cho chính thiết kế của mình, chỉ còn lại những cái vỏ rỗng tuếch.",C?n ti?ng Anh nghi v?n: Discord; Federation; New | S? t?/c?m nghi v?n: 3 | T? l? nghi v?n: 0.3 | M?c ??: 15.0
"A unique, moth-like TD endemic to the Dimmr Plains, often seen in areas heavily contaminated by Voidmatter.","TD giống bướm đêm độc đáo đặc hữu của Dimmr Plains, thường xuất hiện ở những khu vực bị Voidmatter ô nhiễm nặng.",C?n ti?ng Anh nghi v?n: Dimmr; Plains; Voidmatter | S? t?/c?m nghi v?n: 3 | T? l? nghi v?n: 0.6 | M?c ??: 15.0
"""A Department of Voidmatters student at Startorch Academy. Always there to flash her 'gentle' smile to one and all.""","""Sinh viên khoa Voidmatters tại Startorch Academy. Luôn sẵn sàng nở nụ cười 'dịu dàng' với mọi người.""",C?n ti?ng Anh nghi v?n: Academy; Startorch; Voidmatters | S? t?/c?m nghi v?n: 3 | T? l? nghi v?n: 0.6 | M?c ??: 15.0
"A sword-wielding Echo that resembles a silent and stern statue, tasked with protecting Ragunna City's peace and safety for the Order.

Under its watch, any suspicious individuals or Echoes shall be immediately arrested and brought to the Chamber of Discipline to ensure the city's security.","Một Echoes cầm kiếm giống như bức tượng câm lặng và nghiêm nghị, có nhiệm vụ bảo vệ hòa bình và an toàn cho Ragunna City theo mệnh lệnh của Order.

Dưới sự giám sát của nó, bất kỳ cá nhân hoặc Echoes khả nghi nào cũng sẽ bị bắt giữ ngay lập tức và đưa đến Chamber of Discipline để đảm bảo an ninh cho thành phố.",C?n ti?ng Anh nghi v?n: Chamber; Discipline; of; Order | S? t?/c?m nghi v?n: 4 | T? l? nghi v?n: 0.25 | M?c ??: 14.5
"A prized creation of the Fractsidus.

Using New Federation technology, they have fused a pair of flowing sleeves with the essence of a Tacet Discord, creating billowing maws capable of devouring the very frequencies of their prey.

Yet, all transcendence comes at a price. Those who embraced this creation have become thralls to their own design, leaving behind nothing but hollow shells.","Một sáng tạo quý giá của Fractsidus.

Sử dụng công nghệ của New Federation, họ đã kết hợp đôi tay áo bay phấp phới với tinh hoa của một Discord, tạo ra những chiếc miệng há rộng có khả năng nuốt chửng chính tần số của con mồi.

Tuy nhiên, mọi sự siêu việt đều phải trả giá. Những kẻ đón nhận sáng tạo này đã trở thành nô lệ cho chính thiết kế của mình, chỉ còn lại những cái vỏ rỗng tuếch.",C?n ti?ng Anh nghi v?n: Discord; Federation; New | S? t?/c?m nghi v?n: 3 | T? l? nghi v?n: 0.25 | M?c ??: 14.5
"Binomial name ""Devorsonidum spiritalis"", a member of the genus Devorsonidum. The Pneuma Predator's throwing weapon is part of its body structure, and can be recovered using its own pneumatic energy after being thrown.","Tên khoa học ""Devorsonidum spiritalis"", một thành viên của chi Devorsonidum. Vũ khí Dodgem của Pneuma Predator là một phần cấu trúc cơ thể và có thể được thu hồi bằng năng lượng khí Dodgen của chính nó sau khi Dodgem.",C?n ti?ng Anh nghi v?n: Devorsonidum; Pneuma; spiritalis | S? t?/c?m nghi v?n: 4 | T? l? nghi v?n: 0.308 | M?c ??: 14.08
"Binomial name ""Resinacrustidum lapis"", a member of the genus Resinacrustidum.","Tên khoa học ""Resinacrustidum lapis"", thuộc chi Resinacrustidum.",C?n ti?ng Anh nghi v?n: lapis; Resinacrustidum | S? t?/c?m nghi v?n: 3 | T? l? nghi v?n: 0.6 | M?c ??: 14.0
"Binomial name ""Devorsonidum impulsio"", a member of the genus Devorsonidum.","Tên khoa học ""Devorsonidum impulsio"", một thành viên của chi Devorsonidum.",C?n ti?ng Anh nghi v?n: Devorsonidum; impulsio | S? t?/c?m nghi v?n: 3 | T? l? nghi v?n: 0.6 | M?c ??: 14.0
"Binomial name ""Devorsonidum ruptura"", a member of the genus Devorsonidum.","Tên khoa học ""Devorsonidum ruptura"", một thành viên của chi Devorsonidum.",C?n ti?ng Anh nghi v?n: Devorsonidum; ruptura | S? t?/c?m nghi v?n: 3 | T? l? nghi v?n: 0.6 | M?c ??: 14.0
"Binomial name ""Devorsonidum spectrum"", a member of the genus Devorsonidum.","Tên khoa học ""Devorsonidum spectrum"", một thành viên của chi Devorsonidum.",C?n ti?ng Anh nghi v?n: Devorsonidum; spectrum | S? t?/c?m nghi v?n: 3 | T? l? nghi v?n: 0.6 | M?c ??: 14.0
"Binomial name ""Devorsonidum ruptura"", a member of the genus Devorsonidum.","Tên khoa học ""Devorsonidum ruptura"", một thành viên của chi Devorsonidum.",C?n ti?ng Anh nghi v?n: Devorsonidum; ruptura | S? t?/c?m nghi v?n: 3 | T? l? nghi v?n: 0.6 | M?c ??: 14.0
A Common Class Tranquilite TD distributed in damp areas. Usually sighted beside maturer individuals.,Một TD Tranquilite cấp Common phân bố ở khu vực ẩm ướt. Common được phát hiện bên cạnh các cá thể trưởng thành hơn.,C?n ti?ng Anh nghi v?n: Common; Tranquilite | S? t?/c?m nghi v?n: 3 | T? l? nghi v?n: 0.6 | M?c ??: 14.0
An Elite Class Howler TD that hides itself in the Port City of Guixu. It disguises itself as an abandoned armored vehicle.,Một TD Howler cấp Elite ẩn náu tại Thành phố Cảng Guixu. Nó cải trang thành một phương tiện bọc thép bị bỏ hoang.,C?n ti?ng Anh nghi v?n: Elite; Guixu; Howler | S? t?/c?m nghi v?n: 3 | T? l? nghi v?n: 0.5 | M?c ??: 14.0
"A Tacet Discord that functions as the ""left hand"" of Chop Chop.","Một Discord đóng vai trò ""bàn tay trái"" của Chop Chop.",C?n ti?ng Anh nghi v?n: Chop; Discord | S? t?/c?m nghi v?n: 3 | T? l? nghi v?n: 0.6 | M?c ??: 14.0
"A Tacet Discord that functions as the ""right hand"" of Chop Chop.","Một Discord đóng vai trò ""cánh tay phải"" của Chop Chop.",C?n ti?ng Anh nghi v?n: Chop; Discord | S? t?/c?m nghi v?n: 3 | T? l? nghi v?n: 0.6 | M?c ??: 14.0
"A humanoid Tacet Discord born from the abyssal sea that assumes the semblance of an aristocrat, a fully differentiated form of Primordia Bloom.","Một Discord hình người sinh ra từ biển sâu, mang hình dáng của một quý tộc, là dạng hoàn toàn biệt hóa của Primordia Bloom.",C?n ti?ng Anh nghi v?n: Bloom; Discord; Primordia | S? t?/c?m nghi v?n: 3 | T? l? nghi v?n: 0.5 | M?c ??: 14.0
"A humanoid Tacet Discord born from the abyssal sea that assumes the semblance of an aristocratic knight, a fully differentiated form of Primordia Bloom.","Một Discord hình người sinh ra từ vực biển sâu, mang hình dáng giống một hiệp sĩ quý tộc, là dạng hoàn toàn biệt hóa của Primordia Bloom.",C?n ti?ng Anh nghi v?n: Bloom; Discord; Primordia | S? t?/c?m nghi v?n: 3 | T? l? nghi v?n: 0.5 | M?c ??: 14.0
"A humanoid Tacet Discord born from the abyssal sea that assumes the semblance of an aristocratic merchant, a fully differentiated form of Primordia Bloom.","Một Discord hình người sinh ra từ vực biển sâu, mang hình dáng giống một thương nhân quý tộc, là dạng hoàn toàn biệt hóa của Primordia Bloom.",C?n ti?ng Anh nghi v?n: Bloom; Discord; Primordia | S? t?/c?m nghi v?n: 3 | T? l? nghi v?n: 0.5 | M?c ??: 14.0
"A powerful raptor believed to be extinct, now appearing within the Upphaf Life Chamber.","Một loài chim săn mồi hùng mạnh được cho là đã tuyệt chủng, giờ đây xuất hiện trong Upphaf Life Chamber.",C?n ti?ng Anh nghi v?n: Chamber; Life; Upphaf | S? t?/c?m nghi v?n: 3 | T? l? nghi v?n: 0.5 | M?c ??: 14.0
"After the Seatrail Narwhal consumes its energy within a short period of time, its Tacetreite core will radiate a large amount of Wutherons, forming a brief gravity stream around it, supporting the Narwhal 's huge body from gravity, thus forming the famous phenomenon of a whale swimming in the air. According to records, all humans who have witnessed this phenomenon are now deceased.","Sau khi Seatrail Narwhal tiêu hao năng lượng trong một khoảng thời gian ngắn, lõi Tacetreite của nó sẽ bức xạ một lượng lớn Wutheron, tạo thành một dòng trọng lực ngắn hạn xung quanh, nâng đỡ cơ thể khổng lồ của Narwhal khỏi lực hấp dẫn, từ đó hình thành hiện tượng nổi tiếng về một con cá voi bơi lơ lửng trên không. Theo ghi chép, tất cả những người đã chứng kiến hiện tượng này đều đã qua đời.",C?n ti?ng Anh nghi v?n: Narwhal; Seatrail; Tacetreite | S? t?/c?m nghi v?n: 4 | T? l? nghi v?n: 0.235 | M?c ??: 13.35
"The Mourning Aix is elegant in form, bearing a bird-like appearance. Originally found in pairs, however, the other aix was defeated by the humans, with its remains forming a ""pillar"" where the Mourning Aix nests itself.","Mourning Aix có hình dáng thanh thoát, mang ngoại hình giống loài chim. Ban đầu sống theo cặp, tuy nhiên, con còn lại đã bị con người đánh bại, xác của nó tạo thành một ""cột trụ"" nơi Mourning Aix làm tổ.",C?n ti?ng Anh nghi v?n: Aix; Mourning | S? t?/c?m nghi v?n: 4 | T? l? nghi v?n: 0.333 | M?c ??: 13.33
"Trinomial name ""Ursus spelaeus sagispina"", mainly found inhabiting the Huanglong Forest. This Mutant Organism has poor eyesight and relies mainly on hearing for hunting.","Tên khoa học ""Ursus spelaeus sagispina"", chủ yếu sinh sống tại Rừng Huanglong. Sinh vật đột biến này có thị lực kém và chủ yếu dựa vào thính giác để săn mồi.",C?n ti?ng Anh nghi v?n: sagispina; spelaeus; Ursus | S? t?/c?m nghi v?n: 3 | T? l? nghi v?n: 0.429 | M?c ??: 13.29
"A powerful Tacet Discord located in the Forsaken Abundance, According to witnesses, its movement is different from other TDs, more information to be further researched.","Một Discord mạnh mẽ nằm tại Forsaken Abundance. Theo lời nhân chứng, chuyển động của nó khác biệt so với các TD khác, cần nghiên cứu thêm để có thêm thông tin.",C?n ti?ng Anh nghi v?n: Abundance; Discord; Forsaken | S? t?/c?m nghi v?n: 3 | T? l? nghi v?n: 0.429 | M?c ??: 13.29
"An exploration robot developed by the Spacetrek Collective. Agile and nimble, it perfectly suits Lahai-Roi's rugged terrain.","Một robot thám hiểm do Tập đoàn Spacetrek phát triển. Linh hoạt và nhanh nhẹn, nó hoàn toàn phù hợp với địa hình gồ ghề của Lahai-Roi.",C?n ti?ng Anh nghi v?n: Lahai; robot; Spacetrek | S? t?/c?m nghi v?n: 3 | T? l? nghi v?n: 0.429 | M?c ??: 13.29
"A mech developed by the Spacetrek Collective, which comes in melee and ranged variants. The two models fight gracefully in unison when paired.","Một loại mech do Spacetrek Collective phát triển, có các biến thể cận chiến và tầm xa. Hai mẫu này chiến đấu nhịp nhàng khi được ghép cặp.",C?n ti?ng Anh nghi v?n: Collective; mech; Spacetrek | S? t?/c?m nghi v?n: 3 | T? l? nghi v?n: 0.429 | M?c ??: 13.29
"A mech developed by the Spacetrek Collective, which comes in melee and ranged variants. The two models fight gracefully in unison when paired.","Một loại mech do Spacetrek Collective phát triển, có các biến thể cận chiến và tầm xa. Hai mẫu này chiến đấu nhịp nhàng khi được ghép cặp.",C?n ti?ng Anh nghi v?n: Collective; mech; Spacetrek | S? t?/c?m nghi v?n: 3 | T? l? nghi v?n: 0.429 | M?c ??: 13.29
The Spacetrek Collective's first detection array built at Sundermere to monitor and stabilize the Reactor Drive's energy state in real time.,Mảng dò đầu tiên của Spacetrek Collective được xây dựng tại Sundermere để giám sát và ổn định trạng thái năng lượng của Reactor Drive trong thời gian thực.,C?n ti?ng Anh nghi v?n: Reactor; Spacetrek; Sundermere | S? t?/c?m nghi v?n: 3 | T? l? nghi v?n: 0.429 | M?c ??: 13.29
"Exile Leaders are mostly Resonators. In the Huanglong region, for example, the Exile Leaders are usually those who have been expelled from the Mornguard for various reasons, and their combat experience and abilities cannot be compared with those of ordinary Exiles.","Các Exile Leader hầu hết đều là Resonators. Ví dụ như ở khu vực Huanglong, Exile Leader thường là những người bị trục xuất khỏi Mornguard vì nhiều lý do khác nhau, và kinh nghiệm chiến đấu cũng như khả năng của họ không thể so sánh với những Exile bình thường.",C?n ti?ng Anh nghi v?n: Exile; Mornguard | S? t?/c?m nghi v?n: 4 | T? l? nghi v?n: 0.308 | M?c ??: 13.08
"Boar-like animals commonly found in forests, with a sensitive and irritable nature. 

Sharp tusks are the solution to every problem a Sabyr Boar encounters – it will always charge towards anything that intrudes its territory unrelentingly. 

A Huanglong idiom also compares ""Sabyr Boar's charge"" to reckless people.","Loài động vật giống lợn rừng thường thấy trong các khu rừng, có tính cách nhạy cảm và dễ cáu kỉnh. 

Cặp nanh sắc nhọn là giải pháp cho mọi vấn đề mà Sabyr Boar gặp phải – nó sẽ luôn lao thẳng về phía bất cứ thứ gì xâm phạm lãnh thổ của mình mà không hề do dự. 

Một câu thành ngữ ở Huanglong cũng ví von ""cú lao của Sabyr Boar"" với những kẻ liều lĩnh.",C?n ti?ng Anh nghi v?n: Boar; Sabyr | S? t?/c?m nghi v?n: 4 | T? l? nghi v?n: 0.308 | M?c ??: 13.08
"Binomial name ""Chelydra frigidus "", a Mutant Organism the genus Chelydra.","Tên khoa học ""Chelydra frigidus"", một Sinh Vật Đột Biến thuộc chi Chelydra.",C?n ti?ng Anh nghi v?n: Chelydra; frigidus | S? t?/c?m nghi v?n: 3 | T? l? nghi v?n: 0.5 | M?c ??: 13.0
"Binomial name ""Aigialosauridae lapis"", a Mutant Organism of the genus Aigialosauridae.","Tên khoa học ""Aigialosauridae lapis"", một sinh vật đột biến thuộc chi Aigialosauridae.",C?n ti?ng Anh nghi v?n: Aigialosauridae; lapis | S? t?/c?m nghi v?n: 3 | T? l? nghi v?n: 0.5 | M?c ??: 13.0
An'ke?,An'ke?,C?n ti?ng Anh nghi v?n: An'ke | S? t?/c?m nghi v?n: 1 | T? l? nghi v?n: 1.0 | M?c ??: 13.0
Mt. Firmament,Núi Firmament,C?n ti?ng Anh nghi v?n: Firmament | S? t?/c?m nghi v?n: 1 | T? l? nghi v?n: 1.0 | M?c ??: 13.0
"A wolf-like Tacet Discord ravaging frostbitten regions, known for its cold-blooded and ruthless nature.","Một Discord giống sói hoành hành ở các vùng băng giá, nổi tiếng với bản tính lạnh lùng và tàn nhẫn.",C?n ti?ng Anh nghi v?n: Discord | S? t?/c?m nghi v?n: 1 | T? l? nghi v?n: 1.0 | M?c ??: 13.0
"A faceless humanoid Tacet Discord with a body that flows, splits, and coalesces like a living shadow.","Một Discord hình người không mặt, cơ thể có thể chảy, tách rời và hợp nhất như một bóng tối sống động.",C?n ti?ng Anh nghi v?n: Discord | S? t?/c?m nghi v?n: 1 | T? l? nghi v?n: 1.0 | M?c ??: 13.0
x{0},x{0},C?n ti?ng Anh nghi v?n: x | S? t?/c?m nghi v?n: 1 | T? l? nghi v?n: 1.0 | M?c ??: 13.0
Selected Buffs: {0}/{1},Buffs đã chọn: {0}/{1},C?n ti?ng Anh nghi v?n: Buffs | S? t?/c?m nghi v?n: 1 | T? l? nghi v?n: 1.0 | M?c ??: 13.0
"Binomial name ""Devorsonidum ruptura"", a member of the genus Disorder. Its appearance resembles that of a human, with a strong desire to attack and a certain degree of danger.","Tên khoa học ""Devorsonidum ruptura"", một thành viên của chi Disorder. Ngoại hình giống con người, có ham muốn tấn công mạnh mẽ và mức độ nguy hiểm nhất định.",C?n ti?ng Anh nghi v?n: Devorsonidum; Disorder; ruptura | S? t?/c?m nghi v?n: 3 | T? l? nghi v?n: 0.375 | M?c ??: 12.75
"Binomial name ""Agaricus mimicus"". Prefers shade and humidity, tend to gather in groups of two or three in west caves rich in Tacetite.","Tên khoa học ""Agaricus mimicus"". Ưa bóng râm và độ ẩm, thường tụ tập thành nhóm hai hoặc ba cá thể trong các hang động phía tây giàu Tacetite.",C?n ti?ng Anh nghi v?n: Agaricus; mimicus; Tacetite | S? t?/c?m nghi v?n: 3 | T? l? nghi v?n: 0.375 | M?c ??: 12.75
"Large Mutant Organism hidden deep in the Gorges of Spirit, deemed to be extremely dangerous. There is no detailed record of its full appearance yet.","Sinh vật đột biến lớn ẩn sâu trong Gorges of Spirit, được đánh giá là cực kỳ nguy hiểm. Hiện chưa có ghi chép chi tiết về toàn bộ ngoại hình của nó.",C?n ti?ng Anh nghi v?n: Gorges; of; Spirit | S? t?/c?m nghi v?n: 3 | T? l? nghi v?n: 0.375 | M?c ??: 12.75
A Common Class Tranquilite TD often found gathering in the wild. Its shape resembles a pitch-dark lode.,Một TD Tranquilite hạng Common thường tụ tập ngoài tự nhiên. Hình dáng của nó giống như một mạch quặng đen tuyền.,C?n ti?ng Anh nghi v?n: Common; Tranquilite | S? t?/c?m nghi v?n: 2 | T? l? nghi v?n: 0.667 | M?c ??: 12.67
"A common Class, terrestrial, Howler TD. Its size dictates its limited power.","Một Howler TD cấp Common, sống trên cạn. Kích thước của nó quyết định sức mạnh hạn chế.",C?n ti?ng Anh nghi v?n: Common; Howler | S? t?/c?m nghi v?n: 2 | T? l? nghi v?n: 0.667 | M?c ??: 12.67
"A Common Class Howler TD. Despite its wings, it is entirely terrestrial and highly sensitive to the cold.","Một Howler TD cấp Common. Dù có cánh, nó hoàn toàn sống trên cạn và rất nhạy cảm với cái lạnh.",C?n ti?ng Anh nghi v?n: Common; Howler | S? t?/c?m nghi v?n: 2 | T? l? nghi v?n: 0.667 | M?c ??: 12.67
New Tactical Simulacra stage unlocked.,Giai đoạn Tactical Simulacra mới đã mở khóa.,C?n ti?ng Anh nghi v?n: Simulacra; Tactical | S? t?/c?m nghi v?n: 2 | T? l? nghi v?n: 0.667 | M?c ??: 12.67
"Binomial name ""Devorsonidum glacies"", Devourer specis, has evolved a body structure similar to a human ""cape"", which is presumed to gather condensation energy more quickly to form a ""projectile ""long-range attack.","Tên khoa học ""Devorsonidum glacies"", loài Devourer, đã tiến hóa cấu trúc cơ thể tương tự như ""áo choàng"" của con người, được cho là để thu thập năng lượng ngưng tụ nhanh hơn nhằm hình thành ""đòn tấn công tầm xa"" dạng ""đạn"".",C?n ti?ng Anh nghi v?n: Devorsonidum; Devourer; glacies | S? t?/c?m nghi v?n: 3 | T? l? nghi v?n: 0.333 | M?c ??: 12.33
"Large Mutant Organism inhabiting the Huanglong Forest, usually moving in small groups of 3-5, with a keen sense of smell and a certain degree of danger.","Mutant Organism kích thước lớn sinh sống trong Huanglong Forest, thường di chuyển theo nhóm nhỏ từ 3-5 cá thể, có khứu giác nhạy bén và mức độ nguy hiểm nhất định.",C?n ti?ng Anh nghi v?n: Forest; Mutant; Organism | S? t?/c?m nghi v?n: 3 | T? l? nghi v?n: 0.333 | M?c ??: 12.33
"The Thunder Squama resembles the fusion of a human and a lizard. It is able to use Wutherons within the Tacet Field for high-speed maneuvers. Initially, it is judged to be the result of the natural evolution of TDs,.","Thunder Squama có hình dạng giống sự kết hợp giữa người và thằn lằn. Nó có khả năng sử dụng Wutheron trong Tacet Field để thực hiện các động tác cơ động tốc độ cao. Ban đầu, nó được đánh giá là kết quả của quá trình tiến hóa tự nhiên của TD.",C?n ti?ng Anh nghi v?n: Field; Squama; Thunder | S? t?/c?m nghi v?n: 3 | T? l? nghi v?n: 0.333 | M?c ??: 12.33
A rpck-mimic TD that carries Resonant Calcite. The Remnant Energy flowing inside shimmers with a pearly glow.,"Một Tacet Discord bắt chước loài rpck, mang theo Resonant Calcite. Năng lượng Tàn Dư bên trong phát sáng với ánh lấp lánh như ngọc trai.",C?n ti?ng Anh nghi v?n: Calcite; Resonant; rpck | S? t?/c?m nghi v?n: 3 | T? l? nghi v?n: 0.333 | M?c ??: 12.33
An Elite Class Howler TD widely distributed in the snowland. Glacio Dreadmanes are social TDs that usually move in packs.,Một TD Howler hạng Elite phân bố rộng rãi trên vùng tuyết địa. Glacio Dreadmanes là TD sống theo bầy đàn và thường di chuyển theo đàn.,C?n ti?ng Anh nghi v?n: Dreadmanes; Elite; Howler | S? t?/c?m nghi v?n: 3 | T? l? nghi v?n: 0.333 | M?c ??: 12.33
"A Calamity Class Howler TD lying dormant in Gorges of Spirit. Due to its permanent inactivity, records of its behaviors are scarce.","Một TD Hú Họa cấp Thảm Họa nằm im lìm tại Gorges of Spirit. Do nó hoàn toàn không hoạt động, các ghi chép về hành vi của nó rất khan hiếm.",C?n ti?ng Anh nghi v?n: Gorges; of; Spirit | S? t?/c?m nghi v?n: 3 | T? l? nghi v?n: 0.333 | M?c ??: 12.33
"Once a remnant creature in Nimbus Sanctum, Lorelei gained intelligence through Sentinel Imperator's power, entrusted to purify corrupted frequencies drifting in the clouds.","Từng là sinh vật còn sót lại trong Nimbus Sanctum, Lorelei đã đạt được trí tuệ nhờ sức mạnh của Sentinel Imperator, được giao nhiệm vụ thanh lọc các tần số nhiễm độc trôi nổi trên mây.",C?n ti?ng Anh nghi v?n: Lorelei; Nimbus; Sanctum | S? t?/c?m nghi v?n: 3 | T? l? nghi v?n: 0.333 | M?c ??: 12.33
"Binomial name ""Myospalax actinoaftia"", a Mutant Organism the genus Myospalax. A common small rodent Mutant Organism, mostly found in grasslands or temperate forests and mountains.","Tên khoa học ""Myospalax actinoaftia"", một sinh vật đột biến thuộc chi Myospalax. Một loài gặm nhấm đột biến nhỏ phổ biến, chủ yếu được tìm thấy ở đồng cỏ hoặc các khu rừng và núi ôn đới.",C?n ti?ng Anh nghi v?n: actinoaftia; Myospalax | S? t?/c?m nghi v?n: 3 | T? l? nghi v?n: 0.429 | M?c ??: 12.29
A Common Class Tranquilite TD inhabiting mountainous areas. Often overlooked due to its rock-like appearance.,Một Tranquilite TD cấp Common sinh sống tại các vùng núi. Common bị bỏ qua do ngoại hình giống đá.,C?n ti?ng Anh nghi v?n: Common; Tranquilite | S? t?/c?m nghi v?n: 3 | T? l? nghi v?n: 0.429 | M?c ??: 12.29
"Trinomial name ""Chrysocyon brachyurus terreo"". Adult Dreadmanes are larger in size, ambulant and nocturnal, and lives in packs, with strong social and aggressive characteristics.","Tên khoa học ba phần ""Chrysocyon brachyurus terreo"". Dreadmane trưởng thành có kích thước lớn hơn, di chuyển và hoạt động về đêm, sống theo bầy đàn, có tính xã hội và hung hăng cao.",C?n ti?ng Anh nghi v?n: brachyurus; Chrysocyon; terreo | S? t?/c?m nghi v?n: 3 | T? l? nghi v?n: 0.3 | M?c ??: 12.0
An Elite Class Howler TD living nomadically across Dim Forest. Individuals live in packs. Records show that this TD can bend the power of the wind to their will and attack with it.,Một TD Howler Cấp Cao sống du mục khắp Dim Forest. Các cá thể sống theo bầy đàn. Hồ sơ ghi lại rằng TD này có thể uốn nắn sức mạnh của gió theo ý muốn và tấn công bằng nó.,C?n ti?ng Anh nghi v?n: Dim; Forest; Howler | S? t?/c?m nghi v?n: 3 | T? l? nghi v?n: 0.3 | M?c ??: 12.0
"Once a remnant creature in Nimbus Sanctum, it decayed into a Tacet Discord as its frequency wanes, leaving it wandering in perpetual sorrow.","Từng là sinh vật còn sót lại trong Nimbus Sanctum, nó phân rã thành Discord khi tần số của nó suy yếu, khiến nó lang thang trong nỗi buồn vĩnh cửu.",C?n ti?ng Anh nghi v?n: Discord; Nimbus; Sanctum | S? t?/c?m nghi v?n: 3 | T? l? nghi v?n: 0.3 | M?c ??: 12.0
"Binomial name ""Strepoplasmidum fusio"", a member of the genus Strepoplasmidum. Does not possess any intelligence, due of its plier-shape body, occasionally called the ""plier beast"".","Tên khoa học ""Strepoplasmidum fusio"", thuộc chi Strepoplasmidum. Không sở hữu bất kỳ trí thông minh nào, do cơ thể có hình dạng như chiếc kìm, đôi khi được gọi là ""thú kìm"".",C?n ti?ng Anh nghi v?n: fusio; Strepoplasmidum | S? t?/c?m nghi v?n: 3 | T? l? nghi v?n: 0.375 | M?c ??: 11.75
"Binomial name ""Strepoplasmidum ruptura"", a member of the genus Strepoplasmidum. Can use Havoc energy in simple ways to attacks, possesses no intelligence.","Tên khoa học ""Strepoplasmidum ruptura"", một thành viên của chi Strepoplasmidum. Có thể sử dụng năng lượng Havoc theo cách đơn giản để tấn công, không có trí thông minh.",C?n ti?ng Anh nghi v?n: ruptura; Strepoplasmidum | S? t?/c?m nghi v?n: 3 | T? l? nghi v?n: 0.375 | M?c ??: 11.75
"Non-Resonators of Exile groups. They engage in a series of ordinary tasks such as combat, patrol, and item gathering for the team.

Though they often bow to opponents more powerful than themselves, they are experts at dealing with other Exile groups.","Những Non-Resonators thuộc các nhóm Exile. Họ thực hiện hàng loạt nhiệm vụ thông thường như chiến đấu, tuần tra và thu thập vật phẩm cho đội.

Dù thường cúi đầu trước những đối thủ mạnh hơn, họ lại rất thành thạo trong việc đối phó với các nhóm Exile khác.",C?n ti?ng Anh nghi v?n: Exile; Non | S? t?/c?m nghi v?n: 3 | T? l? nghi v?n: 0.375 | M?c ??: 11.75
"Non-Resonators of Exile groups. They engage in a series of ordinary tasks such as combat, patrol, and item gathering for the team.

Though they often bow to opponents more powerful than themselves, they are experts at dealing with other Exile groups.","Những Non-Resonators thuộc các nhóm Exile. Họ thực hiện hàng loạt nhiệm vụ thông thường như chiến đấu, tuần tra và thu thập vật phẩm cho đội.

Dù thường cúi đầu trước những đối thủ mạnh hơn, họ lại rất thành thạo trong việc đối phó với các nhóm Exile khác.",C?n ti?ng Anh nghi v?n: Exile; Non | S? t?/c?m nghi v?n: 3 | T? l? nghi v?n: 0.375 | M?c ??: 11.75
"Non-Resonators of Exile groups. They engage in a series of ordinary tasks such as combat, patrol, and item gathering for the team.

Though they often bow to opponents more powerful than themselves, they are experts at dealing with other Exile groups.","Những Non-Resonators thuộc các nhóm Exile. Họ thực hiện hàng loạt nhiệm vụ thông thường như chiến đấu, tuần tra và thu thập vật phẩm cho đội.

Dù thường cúi đầu trước những đối thủ mạnh hơn, họ lại rất thành thạo trong việc đối phó với các nhóm Exile khác.",C?n ti?ng Anh nghi v?n: Exile; Non | S? t?/c?m nghi v?n: 3 | T? l? nghi v?n: 0.375 | M?c ??: 11.75
"Non-Resonators of Exile groups. They engage in a series of ordinary tasks such as combat, patrol, and item gathering for the team.

Though they often bow to opponents more powerful than themselves, they are experts at dealing with other Exile groups.","Những Non-Resonators thuộc các nhóm Exile. Họ thực hiện hàng loạt nhiệm vụ thông thường như chiến đấu, tuần tra và thu thập vật phẩm cho đội.

Dù thường cúi đầu trước những đối thủ mạnh hơn, họ lại rất thành thạo trong việc đối phó với các nhóm Exile khác.",C?n ti?ng Anh nghi v?n: Exile; Non | S? t?/c?m nghi v?n: 3 | T? l? nghi v?n: 0.375 | M?c ??: 11.75
"Non-Resonators of Exile groups. They engage in a series of ordinary tasks such as combat, patrol, and item gathering for the team.

Though they often bow to opponents more powerful than themselves, they are experts at dealing with other Exile groups.","Những Non-Resonators thuộc các nhóm Exile. Họ thực hiện hàng loạt nhiệm vụ thông thường như chiến đấu, tuần tra và thu thập vật phẩm cho đội.

Dù thường cúi đầu trước những đối thủ mạnh hơn, họ lại rất thành thạo trong việc đối phó với các nhóm Exile khác.",C?n ti?ng Anh nghi v?n: Exile; Non | S? t?/c?m nghi v?n: 3 | T? l? nghi v?n: 0.375 | M?c ??: 11.75
"Non-Resonators of Exile groups. They engage in a series of ordinary tasks such as combat, patrol, and item gathering for the team.

Though they often bow to opponents more powerful than themselves, they are experts at dealing with other Exile groups.","Những Non-Resonators thuộc các nhóm Exile. Họ thực hiện hàng loạt nhiệm vụ thông thường như chiến đấu, tuần tra và thu thập vật phẩm cho đội.

Dù thường cúi đầu trước những đối thủ mạnh hơn, họ lại rất thành thạo trong việc đối phó với các nhóm Exile khác.",C?n ti?ng Anh nghi v?n: Exile; Non | S? t?/c?m nghi v?n: 3 | T? l? nghi v?n: 0.375 | M?c ??: 11.75
"Non-Resonators of Exile groups. They engage in a series of ordinary tasks such as combat, patrol, and item gathering for the team.

Though they often bow to opponents more powerful than themselves, they are experts at dealing with other Exile groups.","Những Non-Resonators thuộc các nhóm Exile. Họ thực hiện hàng loạt nhiệm vụ thông thường như chiến đấu, tuần tra và thu thập vật phẩm cho đội.

Dù thường cúi đầu trước những đối thủ mạnh hơn, họ lại rất thành thạo trong việc đối phó với các nhóm Exile khác.",C?n ti?ng Anh nghi v?n: Exile; Non | S? t?/c?m nghi v?n: 3 | T? l? nghi v?n: 0.375 | M?c ??: 11.75
"Non-Resonators of Exile groups. They engage in a series of ordinary tasks such as combat, patrol, and item gathering for the team.

Though they often bow to opponents more powerful than themselves, they are experts at dealing with other Exile groups.","Những Non-Resonators thuộc các nhóm Exile. Họ thực hiện hàng loạt nhiệm vụ thông thường như chiến đấu, tuần tra và thu thập vật phẩm cho đội.

Dù thường cúi đầu trước những đối thủ mạnh hơn, họ lại rất thành thạo trong việc đối phó với các nhóm Exile khác.",C?n ti?ng Anh nghi v?n: Exile; Non | S? t?/c?m nghi v?n: 3 | T? l? nghi v?n: 0.375 | M?c ??: 11.75
"Non-Resonators of Exile groups. They engage in a series of ordinary tasks such as combat, patrol, and item gathering for the team.

Though they often bow to opponents more powerful than themselves, they are experts at dealing with other Exile groups.","Những Non-Resonators thuộc các nhóm Exile. Họ thực hiện hàng loạt nhiệm vụ thông thường như chiến đấu, tuần tra và thu thập vật phẩm cho đội.

Dù thường cúi đầu trước những đối thủ mạnh hơn, họ lại rất thành thạo trong việc đối phó với các nhóm Exile khác.",C?n ti?ng Anh nghi v?n: Exile; Non | S? t?/c?m nghi v?n: 3 | T? l? nghi v?n: 0.375 | M?c ??: 11.75
"Non-Resonators of Exile groups. They engage in a series of ordinary tasks such as combat, patrol, and item gathering for the team.

Though they often bow to opponents more powerful than themselves, they are experts at dealing with other Exile groups.","Những Non-Resonators thuộc các nhóm Exile. Họ thực hiện hàng loạt nhiệm vụ thông thường như chiến đấu, tuần tra và thu thập vật phẩm cho đội.

Dù thường cúi đầu trước những đối thủ mạnh hơn, họ lại rất thành thạo trong việc đối phó với các nhóm Exile khác.",C?n ti?ng Anh nghi v?n: Exile; Non | S? t?/c?m nghi v?n: 3 | T? l? nghi v?n: 0.375 | M?c ??: 11.75
"Non-Resonators of Exile groups. They engage in a series of ordinary tasks such as combat, patrol, and item gathering for the team.

Though they often bow to opponents more powerful than themselves, they are experts at dealing with other Exile groups.","Những Non-Resonators thuộc các nhóm Exile. Họ thực hiện hàng loạt nhiệm vụ thông thường như chiến đấu, tuần tra và thu thập vật phẩm cho đội.

Dù thường cúi đầu trước những đối thủ mạnh hơn, họ lại rất thành thạo trong việc đối phó với các nhóm Exile khác.",C?n ti?ng Anh nghi v?n: Exile; Non | S? t?/c?m nghi v?n: 3 | T? l? nghi v?n: 0.375 | M?c ??: 11.75
"Non-Resonators of Exile groups. They engage in a series of ordinary tasks such as combat, patrol, and item gathering for the team.

Though they often bow to opponents more powerful than themselves, they are experts at dealing with other Exile groups.","Những Non-Resonators thuộc các nhóm Exile. Họ thực hiện hàng loạt nhiệm vụ thông thường như chiến đấu, tuần tra và thu thập vật phẩm cho đội.

Dù thường cúi đầu trước những đối thủ mạnh hơn, họ lại rất thành thạo trong việc đối phó với các nhóm Exile khác.",C?n ti?ng Anh nghi v?n: Exile; Non | S? t?/c?m nghi v?n: 3 | T? l? nghi v?n: 0.375 | M?c ??: 11.75
"A Tacet Discord observed in the Central Plains, there has been only sighting report for this TD, that of which from the Rover. There is no detailed record of its full appearance, and it is judged to be extremely dangerous according to its energy level.","Một Discord được quan sát tại Central Plains, chỉ có duy nhất một báo cáo quan sát về TD này từ Rover. Không có ghi chép chi tiết về ngoại hình đầy đủ của nó, và nó được đánh giá là cực kỳ nguy hiểm dựa trên mức năng lượng.",C?n ti?ng Anh nghi v?n: Central; Discord; Plains | S? t?/c?m nghi v?n: 3 | T? l? nghi v?n: 0.273 | M?c ??: 11.73
"After scanning the data of past animals in Lahai-Roi, the Exostrider used its own parts to grow and proliferate mechanical bumblebees. Due to the drone's small size and uniquely formed body, the Roya often use them as tools to collect fragile minerals from tight spaces.","Sau khi quét dữ liệu của các loài động vật trước đây ở Lahai-Roi, Exostrider đã sử dụng các bộ phận của chính mình để phát triển và nhân rộng những con ong mật cơ khí. Do kích thước nhỏ và cấu tạo cơ thể độc đáo, Roya thường sử dụng chúng như công cụ để thu thập các khoáng vật dễ vỡ từ những không gian chật hẹp.",C?n ti?ng Anh nghi v?n: Exostrider; Lahai; Roya | S? t?/c?m nghi v?n: 3 | T? l? nghi v?n: 0.273 | M?c ??: 11.73
Skilled Exile members who assist their Leaders or gang members in combat are commonly found in Exile Campgrounds around the world.,"Những thành viên Exile lành nghề hỗ trợ Thủ lĩnh hoặc đồng đội trong chiến đấu, thường xuất hiện tại các trại Exile trên khắp thế giới.",C?n ti?ng Anh nghi v?n: Exile | S? t?/c?m nghi v?n: 2 | T? l? nghi v?n: 0.667 | M?c ??: 11.67
"Binomial name ""Devorsonidum fusio"", a member of the genus Devorsonidum. Bilateral upper limbs resemble long and short spears respectively, and can attack by stabbing and chopping. Moderate danger level.","Tên hai phần ""Devorsonidum fusio"", một thành viên của chi Devorsonidum. Hai chi trên đối xứng giống như giáo dài và ngắn, có thể tấn công bằng cách đâm và chém. Mức độ nguy hiểm trung bình.",C?n ti?ng Anh nghi v?n: Devorsonidum; fusio | S? t?/c?m nghi v?n: 3 | T? l? nghi v?n: 0.333 | M?c ??: 11.33
"Binomial name ""Resinacrustidum convenire"", a member of the genus Resinacrustidum. One of many low danger level Tacet Discords that are widely found across the world.","Tên khoa học ""Resinacrustidum convenire"", thuộc chi Resinacrustidum. Là một trong nhiều Tacet Discord cấp độ nguy hiểm thấp được tìm thấy rộng rãi trên thế giới.",C?n ti?ng Anh nghi v?n: convenire; Resinacrustidum | S? t?/c?m nghi v?n: 3 | T? l? nghi v?n: 0.333 | M?c ??: 11.33
"Binomial name ""Resinacrustidum convenire"", a member of the genus Resinacrustidum. One of many low danger level Tacet Discords that are widely found across the world.","Tên khoa học ""Resinacrustidum convenire"", thuộc chi Resinacrustidum. Là một trong nhiều Tacet Discord cấp độ nguy hiểm thấp được tìm thấy rộng rãi trên thế giới.",C?n ti?ng Anh nghi v?n: convenire; Resinacrustidum | S? t?/c?m nghi v?n: 3 | T? l? nghi v?n: 0.333 | M?c ??: 11.33
"Binomial name ""Resinacrustidum convenire"", a member of the genus Resinacrustidum. One of many low danger level Tacet Discords that are widely found across the world.","Tên khoa học ""Resinacrustidum convenire"", thuộc chi Resinacrustidum. Là một trong nhiều Tacet Discord cấp độ nguy hiểm thấp được tìm thấy rộng rãi trên thế giới.",C?n ti?ng Anh nghi v?n: convenire; Resinacrustidum | S? t?/c?m nghi v?n: 3 | T? l? nghi v?n: 0.333 | M?c ??: 11.33
"Binomial name ""Resinacrustidum convenire"", a member of the genus Resinacrustidum. One of many low danger level Tacet Discords that are widely found across the world.","Tên khoa học ""Resinacrustidum convenire"", thuộc chi Resinacrustidum. Là một trong nhiều Tacet Discord cấp độ nguy hiểm thấp được tìm thấy rộng rãi trên thế giới.",C?n ti?ng Anh nghi v?n: convenire; Resinacrustidum | S? t?/c?m nghi v?n: 3 | T? l? nghi v?n: 0.333 | M?c ??: 11.33
"After scanning the data of past animals in Lahai-Roi, the Exostrider used its own parts to grow and proliferate mechanical bumblebees. Due to the drone's small size and uniquely formed body, the Roya often use them as tools to collect pollen and plant nectar.","Sau khi quét dữ liệu của các loài động vật trước đây tại Lahai-Roi, Exostrider đã sử dụng các bộ phận của chính mình để phát triển và nhân bản những con ong cơ khí. Do kích thước nhỏ và cấu tạo cơ thể độc đáo của drone, người Roya thường sử dụng chúng như công cụ để thu thập phấn hoa và mật hoa thực vật.",C?n ti?ng Anh nghi v?n: Exostrider; Lahai; Roya | S? t?/c?m nghi v?n: 3 | T? l? nghi v?n: 0.231 | M?c ??: 11.31
"The Executioner unit takes direct orders from the Fractsidus Leader, all of which are all highly trained Resonators. Executioners who has not perished through countless battles will be given the opportunity to be promoted and even become an candidate to ""The Twelve"", but from the available information, the chances of this are slim.","Đơn vị Executioner nhận lệnh trực tiếp từ Thủ lĩnh Fractsidus, toàn bộ đều là những Resonators được huấn luyện bài bản. Những Executioner sống sót qua vô số trận chiến sẽ có cơ hội thăng tiến và thậm chí trở thành ứng cử viên cho ""The Twelve"", nhưng theo thông tin hiện có, khả năng này rất thấp.",C?n ti?ng Anh nghi v?n: Executioner; Twelve | S? t?/c?m nghi v?n: 3 | T? l? nghi v?n: 0.3 | M?c ??: 11.0
A Common Class Tranquilite TD inhabiting mountainous areas. Often overlooked due to its lava-like shape.,"Một Tacet Discord cấp Common thuộc loại Tranquilite, sinh sống ở vùng núi. Common bị bỏ qua do hình dạng giống dung nham.",C?n ti?ng Anh nghi v?n: Common; Tranquilite | S? t?/c?m nghi v?n: 3 | T? l? nghi v?n: 0.3 | M?c ??: 11.0
"The ancient bell on the back of the Geochelone hides its Tacetreite core, which resonates with the core when struck, exploding into a sound wave of Glacio energy.","Chiếc chuông cổ trên lưng Geochelone giấu lõi Tacetreite, khi bị đánh trúng sẽ cộng hưởng với lõi, phát nổ thành sóng âm năng lượng Glacio.",C?n ti?ng Anh nghi v?n: Geochelone; Tacetreite | S? t?/c?m nghi v?n: 2 | T? l? nghi v?n: 0.5 | M?c ??: 11.0
A Common Class Howler TD widely distributed in water areas. Its size is relatively small.,Một Howler TD cấp Common phân bố rộng rãi ở các khu vực thủy vực. Kích thước của nó tương đối nhỏ.,C?n ti?ng Anh nghi v?n: Common; Howler | S? t?/c?m nghi v?n: 2 | T? l? nghi v?n: 0.5 | M?c ??: 11.0
A Common Class Tranquilite TD often found gathering in the wild. Its shape resembles a frost ore.,"Một Tacet Discord cấp Common thuộc loại Tranquilite, thường tụ tập ngoài tự nhiên. Hình dạng của nó giống quặng băng.",C?n ti?ng Anh nghi v?n: Common; Tranquilite | S? t?/c?m nghi v?n: 2 | T? l? nghi v?n: 0.5 | M?c ??: 11.0
A Common Class Tranquilite TD often found gathering in the wild. Its shape resembles a golden stone.,Một Tacet Discord thuộc lớp Common Tranquilite thường tụ tập ngoài tự nhiên. Hình dáng giống như một tảng đá vàng.,C?n ti?ng Anh nghi v?n: Common; Tranquilite | S? t?/c?m nghi v?n: 2 | T? l? nghi v?n: 0.5 | M?c ??: 11.0
A Common Class Howler TD often found floating in the wild. Its power is puny.,Một TD Howler cấp Common thường thấy lơ lửng trong tự nhiên. Sức mạnh của nó rất yếu ớt.,C?n ti?ng Anh nghi v?n: Common; Howler | S? t?/c?m nghi v?n: 2 | T? l? nghi v?n: 0.5 | M?c ??: 11.0
A rock-mimic TD with Fool's Gold on its back. It is often mistaken for unmined gold ore.,Một TD bắt chước đá với Fool's Gold trên lưng. Nó thường bị nhầm lẫn với quặng vàng chưa khai thác.,C?n ti?ng Anh nghi v?n: Fool's; Gold | S? t?/c?m nghi v?n: 2 | T? l? nghi v?n: 0.5 | M?c ??: 11.0
A mechanical construct guarding the ruins in Mt. Firmament. It takes direct orders from the Sentinel and functions as their guardian.,Một cấu trúc cơ khí canh giữ các tàn tích trên Mt. Firmament. Nó nhận lệnh trực tiếp từ Sentinel và hoạt động như người bảo vệ của họ.,C?n ti?ng Anh nghi v?n: Firmament; Mt | S? t?/c?m nghi v?n: 2 | T? l? nghi v?n: 0.5 | M?c ??: 11.0
Unlock requirements not met. Cannot enter test center,Chưa đáp ứng điều kiện mở khóa. Không thể vào trung tâm test,C?n ti?ng Anh nghi v?n: test | S? t?/c?m nghi v?n: 1 | T? l? nghi v?n: 0.5 | M?c ??: 11.0
A Common Class Whisperin TD widely distributed in the wild. It can wield a small amount of Aero energy for attacks.,Một TD Whisperin cấp Common phân bố rộng rãi trong tự nhiên. Nó có thể sử dụng một lượng nhỏ năng lượng Aero để tấn công.,C?n ti?ng Anh nghi v?n: Common; Whisperin | S? t?/c?m nghi v?n: 2 | T? l? nghi v?n: 0.4 | M?c ??: 10.0
A Common Class Whisperin TD widely distributed in the wild. It can wield a small amount of Havoc energy for attacks.,Một TD Whisperin hạng Common phân bố rộng rãi trong tự nhiên. Nó có thể sử dụng một lượng nhỏ năng lượng Havoc để tấn công.,C?n ti?ng Anh nghi v?n: Common; Whisperin | S? t?/c?m nghi v?n: 2 | T? l? nghi v?n: 0.4 | M?c ??: 10.0
A Common Class Tranquilite TD often found gathering in the wild. Its shape resembles a lava rock.,Một TD Tranquilite cấp Common thường tụ tập trong tự nhiên. Hình dạng của nó giống như một tảng đá nham thạch.,C?n ti?ng Anh nghi v?n: Common; Tranquilite | S? t?/c?m nghi v?n: 2 | T? l? nghi v?n: 0.4 | M?c ??: 10.0
A Common Class Howler TD living in obscured environments. Records show that it possesses an impressive counterattack ability.,Một Howler TD cấp Common sống trong môi trường tối tăm. Hồ sơ cho thấy nó sở hữu khả năng phản công ấn tượng.,C?n ti?ng Anh nghi v?n: Common; Howler | S? t?/c?m nghi v?n: 2 | T? l? nghi v?n: 0.4 | M?c ??: 10.0
"An Elite Class Whisperin TD with a humanoid appearance. With a colossal size like a monolith, it is usually spotted in the wild.","Một Whisperin TD cấp Elite với ngoại hình giống con người. Với kích thước khổng lồ như một tảng đá nguyên khối, nó thường được phát hiện trong tự nhiên.",C?n ti?ng Anh nghi v?n: Elite; Whisperin | S? t?/c?m nghi v?n: 2 | T? l? nghi v?n: 0.4 | M?c ??: 10.0
"A large, fast-moving mech developed by the Spacetrek Collective for both transport and defense.","Một cỗ máy cơ khí lớn di chuyển nhanh, được phát triển bởi Spacetrek Collective cho cả mục đích vận tải và phòng thủ.",C?n ti?ng Anh nghi v?n: Collective; Spacetrek | S? t?/c?m nghi v?n: 2 | T? l? nghi v?n: 0.4 | M?c ??: 10.0
A Common Class Whisperin TD widely distributed in the wild. Its small body is as fragile as ice.,Một Whisperin TD cấp Common phân bố rộng rãi trong tự nhiên. Cơ thể nhỏ bé của nó mỏng manh như băng.,C?n ti?ng Anh nghi v?n: Common; Whisperin | S? t?/c?m nghi v?n: 2 | T? l? nghi v?n: 0.4 | M?c ??: 10.0
"A watcher from beyond the Stridergate, born of Aleph-1's design.
Before those who seek answers, Aleph-1 projects the very boundary of the knowable: that which once opened the way to the future has now become something dark and dreadful beyond recognition.
At the scale of the cosmos, life and hope are only trivialities, devoid of meaning.
Everything is but a beginning without an end. Everything is but a pursuit in vain.","Một kẻ canh giữ đến từ bên kia Stridergate, được tạo ra theo thiết kế của Aleph-1.
Trước những ai tìm kiếm câu trả lời, Aleph-1 phô bày chính ranh giới của tri thức: thứ từng mở ra con đường đến tương lai giờ đây đã trở thành điều gì đó tối tăm và đáng sợ ngoài sức tưởng tượng.
Ở quy mô vũ trụ, sự sống và hy vọng chỉ là những điều tầm thường, không có ý nghĩa.
Mọi thứ chỉ là sự khởi đầu không có kết thúc. Mọi thứ chỉ là sự theo đuổi vô nghĩa.",C?n ti?ng Anh nghi v?n: Aleph; Stridergate | S? t?/c?m nghi v?n: 3 | T? l? nghi v?n: 0.188 | M?c ??: 9.88
The Cyrscorpion is one of the few Mutant Organisms that shares the same common name and scientific classification.,Cyrscorpion là một trong số ít Mutant Organism có chung tên thông thường và phân loại khoa học.,C?n ti?ng Anh nghi v?n: Cyrscorpion; Mutant | S? t?/c?m nghi v?n: 2 | T? l? nghi v?n: 0.333 | M?c ??: 9.33
A Common Class Whisperin TD widely distributed in the wild. It can wield a small amount of Fusion energy for attacks.,Một loài Tacet Discord Whisperin cấp Common phổ biến trong tự nhiên. Nó có thể sử dụng một lượng nhỏ năng lượng Fusion để tấn công.,C?n ti?ng Anh nghi v?n: Common; Whisperin | S? t?/c?m nghi v?n: 2 | T? l? nghi v?n: 0.333 | M?c ??: 9.33
A Common Class Whisperin TD widely distributed in the wild. It can wield a small amount of Spectro energy for attacks.,Một Tacet Discord Whisperin cấp Common phân bố rộng rãi trong tự nhiên. Nó có thể sử dụng một lượng nhỏ năng lượng Spectro để tấn công.,C?n ti?ng Anh nghi v?n: Common; Whisperin | S? t?/c?m nghi v?n: 2 | T? l? nghi v?n: 0.333 | M?c ??: 9.33
A Common Class Howler TD that frequents the wild. It charges at incredible speeds.,Một Howler TD cấp Common thường xuất hiện ở vùng hoang dã. Nó lao tới với tốc độ đáng kinh ngạc.,C?n ti?ng Anh nghi v?n: Common; Howler | S? t?/c?m nghi v?n: 2 | T? l? nghi v?n: 0.333 | M?c ??: 9.33
A Common Class Howler TD often sighted in mountainous areas. It usually follows and works in concert with Tacet Discords of larger sizes.,Một Howler TD cấp Common thường được phát hiện ở các vùng núi. Nó thường đi theo và phối hợp với các Tacet Discord có kích thước lớn hơn.,C?n ti?ng Anh nghi v?n: Common; Howler | S? t?/c?m nghi v?n: 2 | T? l? nghi v?n: 0.333 | M?c ??: 9.33
"A Common Class Howler TD often sighted in shallow waters. Judging from the records of charging humans on its own initiative, it might have a rather irritable temper.","Một Tacet Discord cấp Common thuộc loại Howler, thường được phát hiện ở vùng nước nông. Dựa trên các ghi chép về việc chủ động tấn công con người, nó có thể có tính khí khá nóng nảy.",C?n ti?ng Anh nghi v?n: Common; Howler | S? t?/c?m nghi v?n: 2 | T? l? nghi v?n: 0.333 | M?c ??: 9.33
A Common Class Howler TD living nomadically across Dim Forest. Individuals live in packs and follow a leader. They exhibit a strong territorial tendency.,Một Howler TD cấp Common sống du mục khắp Rừng Mờ. Các cá thể sống theo bầy và đi theo một thủ lĩnh. Chúng thể hiện tính lãnh thổ rất mạnh mẽ.,C?n ti?ng Anh nghi v?n: Common; Howler | S? t?/c?m nghi v?n: 2 | T? l? nghi v?n: 0.333 | M?c ??: 9.33
A Common Class Howler TD. It inhabits areas beneath the tundra and is skilled in digging extensive underground tunnels.,Một TD Howler cấp Common. Nó sinh sống ở các khu vực bên dưới lãnh nguyên và rất giỏi trong việc đào các đường hầm ngầm rộng lớn.,C?n ti?ng Anh nghi v?n: Common; Howler | S? t?/c?m nghi v?n: 2 | T? l? nghi v?n: 0.333 | M?c ??: 9.33
An Elite Class Tranquilite TD found in mountainous areas. They bear huge sizes and inhabit rocks.,Một Tacet Discord Tranquilite cấp Elite được tìm thấy ở các vùng núi. Chúng có kích thước khổng lồ và sinh sống trong các tảng đá.,C?n ti?ng Anh nghi v?n: Elite; Tranquilite | S? t?/c?m nghi v?n: 2 | T? l? nghi v?n: 0.333 | M?c ??: 9.33
An Elite Class Howler TD found in forests and shores. Their aggressive nature is often manifested in their thunderous actions.,Một Howler TD cấp Elite xuất hiện ở các khu rừng và bờ biển. Bản tính hung hăng của chúng thường thể hiện qua những hành động dữ dội.,C?n ti?ng Anh nghi v?n: Elite; Howler | S? t?/c?m nghi v?n: 2 | T? l? nghi v?n: 0.333 | M?c ??: 9.33
An Elite Class Whisperin TD often seen in the wild. Records show it looks like an instrumentalist with a flute in hand.,Một TD Whisperin cấp Elite thường thấy trong tự nhiên. Hồ sơ ghi chép cho thấy nó trông giống một nhạc công cầm sáo.,C?n ti?ng Anh nghi v?n: Elite; Whisperin | S? t?/c?m nghi v?n: 2 | T? l? nghi v?n: 0.333 | M?c ??: 9.33
An Elite Class Whisperin TD often seen in the wild. Records show it looks like an instrumentalist with a tambourine in hand.,Một Whisperin TD cấp Elite thường xuất hiện trong tự nhiên. Hồ sơ ghi lại rằng nó trông giống một nhạc công cầm trống lục lạc trên tay.,C?n ti?ng Anh nghi v?n: Elite; Whisperin | S? t?/c?m nghi v?n: 2 | T? l? nghi v?n: 0.333 | M?c ??: 9.33
A Common Class Howler TD widely distributed in the wild. Individuals often take actions in groups and this particular TD is often found to lead the charges.,Một TD Howler cấp Common phân bố rộng rãi trong tự nhiên. Các cá thể thường hoạt động theo nhóm và loại TD này thường dẫn đầu các đợt tấn công.,C?n ti?ng Anh nghi v?n: Common; Howler | S? t?/c?m nghi v?n: 2 | T? l? nghi v?n: 0.333 | M?c ??: 9.33
An Elite Class Howler TD. It is solitary and leaves behind luminous traces as it moves.,Một Tacet Discord Howler cấp Elite. Nó sống đơn độc và để lại những dấu vết phát sáng khi di chuyển.,C?n ti?ng Anh nghi v?n: Elite; Howler | S? t?/c?m nghi v?n: 2 | T? l? nghi v?n: 0.333 | M?c ??: 9.33
"The Mutant Organism is mostly found in the Desorock Highlands. According to witnesses, it is a large reptile, fast action, more dangerous.","Sinh vật đột biến chủ yếu được tìm thấy ở Desorock Highlands. Theo lời kể của nhân chứng, đây là một loài bò sát lớn, di chuyển nhanh và nguy hiểm hơn.",C?n ti?ng Anh nghi v?n: Desorock; Highlands | S? t?/c?m nghi v?n: 2 | T? l? nghi v?n: 0.286 | M?c ??: 8.86
"The Gleamtender is a collection of small insect-like TDs called ""Glowflies"" that are highly sensitive to different sound frequencies. It can determine the location of prey by sound, and can also absorb and imitate their frequency.","Gleamtender là tập hợp các TD nhỏ giống côn trùng gọi là ""Glowflies"", rất nhạy cảm với các tần số âm thanh khác nhau. Nó có thể xác định vị trí con mồi bằng âm thanh và cũng có thể hấp thụ và bắt chước tần số của chúng.",C?n ti?ng Anh nghi v?n: Gleamtender; Glowflies | S? t?/c?m nghi v?n: 2 | T? l? nghi v?n: 0.286 | M?c ??: 8.86
A Common Class WhisperinTD commonly found in the wild. Records show that a giant scythe is grown from its arm.,"WhisperinTD cấp Common thường gặp trong tự nhiên. Theo ghi chép, một lưỡi hái khổng lồ mọc ra từ cánh tay của nó.",C?n ti?ng Anh nghi v?n: Common; WhisperinTD | S? t?/c?m nghi v?n: 2 | T? l? nghi v?n: 0.286 | M?c ??: 8.86
An Elite Class Howler TD found in forests and shores. Their aggressive nature is often shown in their stormy moves.,Một Howler TD cấp Elite được tìm thấy trong các khu rừng và bờ biển. Bản tính hung hăng của chúng thường thể hiện qua những động tác dữ dội như bão tố.,C?n ti?ng Anh nghi v?n: Elite; Howler | S? t?/c?m nghi v?n: 2 | T? l? nghi v?n: 0.286 | M?c ??: 8.86
"An Elite Class Whisperin TD with a humanoid appearance. With a colossal size like a fortification, it is usually spotted in the wild.","Một Tacet Discord thuộc lớp Elite Whisperin với hình dạng giống con người. Với kích thước khổng lồ như một pháo đài, thường được phát hiện trong hoang dã.",C?n ti?ng Anh nghi v?n: Elite; Whisperin | S? t?/c?m nghi v?n: 2 | T? l? nghi v?n: 0.286 | M?c ??: 8.86
An Elite Class Tranquilite TD distributed in the wetlands. No records have documented voluntary moving attempts of this TD.,Một Tacet Discord Tranquilite cấp Elite phân bố tại các vùng đầm lầy. Không có hồ sơ nào ghi nhận việc TD này tự di chuyển.,C?n ti?ng Anh nghi v?n: Elite; Tranquilite | S? t?/c?m nghi v?n: 2 | T? l? nghi v?n: 0.286 | M?c ??: 8.86
An Elite Class Howler TD inhabiting the forest. It is often found on high alert.,Một loài Tacet Discord Howler cấp Elite sinh sống trong rừng. Nó thường ở trạng thái cảnh giác cao độ.,C?n ti?ng Anh nghi v?n: Elite; Howler | S? t?/c?m nghi v?n: 2 | T? l? nghi v?n: 0.286 | M?c ??: 8.86
"One of the large waders endemic to Huanglong. It is ferocious in nature and is mostly found in the waters of Huanglong and the Desorock Highlands, and is somewhat dangerous.","Một trong những loài chim lội lớn đặc hữu của Huanglong. Bản tính hung dữ, chủ yếu xuất hiện ở vùng nước thuộc Huanglong và Desorock Highlands, và có mức độ nguy hiểm nhất định.",C?n ti?ng Anh nghi v?n: Desorock; Highlands | S? t?/c?m nghi v?n: 2 | T? l? nghi v?n: 0.25 | M?c ??: 8.5
A Common Class Whisperin TD that frequents the wilderness. Records show it is capable of pulling bowstrings like humans and shooting lightning as arrows.,Một TD Whisperin cấp Common thường xuất hiện ở vùng hoang dã. Các ghi chép cho thấy nó có khả năng kéo dây cung như con người và bắn sét như mũi tên.,C?n ti?ng Anh nghi v?n: Common; Whisperin | S? t?/c?m nghi v?n: 2 | T? l? nghi v?n: 0.25 | M?c ??: 8.5
A Common Class Whisperin TD commonly found in the wild. Records show that a sharp blade is grown from its arm.,Một Tacet Discord Whisperin cấp Common thường thấy trong tự nhiên. Hồ sơ cho thấy một lưỡi kiếm sắc bén mọc ra từ cánh tay của nó.,C?n ti?ng Anh nghi v?n: Common; Whisperin | S? t?/c?m nghi v?n: 2 | T? l? nghi v?n: 0.25 | M?c ??: 8.5
"Among the Exoswarm, none stand taller nor command greater reverence than these towering figures. They are seen as reliable guides in leading their kin back to the Exostrider.","Trong số Exoswarm, không ai cao lớn hơn hay nhận được sự tôn kính nhiều hơn những cá thể khổng lồ này. Chúng được coi là những người dẫn đường đáng tin cậy, dẫn dắt đồng loại trở về với Exostrider.",C?n ti?ng Anh nghi v?n: Exostrider; Exoswarm | S? t?/c?m nghi v?n: 2 | T? l? nghi v?n: 0.25 | M?c ??: 8.5
"It holds the authority to command other Echoes of the Order, carrying out the Order's will to eliminate any transgressors.","Nó nắm quyền chỉ huy các Echoes khác thuộc Order, thực thi ý chí của Order để tiêu diệt mọi kẻ vi phạm.",C?n ti?ng Anh nghi v?n: Order | S? t?/c?m nghi v?n: 2 | T? l? nghi v?n: 0.333 | M?c ??: 8.33
"A Common Class WhisperinTD that frequents the wilderness. Records show it is able to gather Glacio energy to form a ""projectile"" and hurl it like humans.","Một WhisperinTD cấp Common thường xuất hiện trong hoang dã. Hồ sơ cho thấy nó có thể tập trung năng lượng Glacio để tạo thành ""vật phóng"" và Dodgem như con người.",C?n ti?ng Anh nghi v?n: Common; WhisperinTD | S? t?/c?m nghi v?n: 2 | T? l? nghi v?n: 0.222 | M?c ??: 8.22
A Common Class Howler TD widely distributed in the wild. Individuals often take actions in groups and follow the leader in charges.,Một loài Tacet Discord Howler cấp Common phân bố rộng rãi trong tự nhiên. Các cá thể thường hoạt động theo nhóm và tấn công theo sự chỉ huy của con đầu đàn.,C?n ti?ng Anh nghi v?n: Common; Howler | S? t?/c?m nghi v?n: 2 | T? l? nghi v?n: 0.222 | M?c ??: 8.22
An Elite Class Howler TD hiding itself in city ruins. Records show that its special camouflage methods present great troubles for people looking to identify it.,Một Tacet Discord Howler cấp Elite ẩn mình trong đống đổ nát thành phố. Hồ sơ ghi nhận rằng phương pháp ngụy trang đặc biệt của nó gây ra nhiều khó khăn cho những người muốn xác định nó.,C?n ti?ng Anh nghi v?n: Elite; Howler | S? t?/c?m nghi v?n: 2 | T? l? nghi v?n: 0.222 | M?c ??: 8.22
A Calamity Class Howler TD under the depths of the seas. Melodies produced by it were recorded and found to resemble whalesongs.,Một Howler TD cấp Calamity ẩn sâu dưới lòng biển. Những giai điệu do nó tạo ra được ghi lại và phát hiện có Dodget tương đồng với tiếng hát của cá voi.,C?n ti?ng Anh nghi v?n: Calamity; Howler | S? t?/c?m nghi v?n: 2 | T? l? nghi v?n: 0.222 | M?c ??: 8.22
"""The Impermanence Heron has three heads"" is not an accurate depiction of the beast. Although the nervous system is independent of each other, the ""heads"" on the left and right sides are similar to the mutant organs that protect the main brain. When the situation is critical, the main ""head"" will devour them to strengthen its own combat abilities.","""Impermanence Heron có ba đầu"" không phải là mô tả chính xác về loài thú này. Mặc dù hệ thần kinh của các đầu độc lập với nhau, nhưng hai ""đầu"" ở hai bên tương tự như các cơ quan đột biến bảo vệ não chính. Khi tình hình nguy cấp, ""đầu"" chính sẽ nuốt chửng chúng để tăng cường khả năng chiến đấu của bản thân.",C?n ti?ng Anh nghi v?n: Heron; Impermanence | S? t?/c?m nghi v?n: 2 | T? l? nghi v?n: 0.2 | M?c ??: 8.0
"The last line of defense built by the Tethys System, patrolling the borders between reality and digital world.","Hàng phòng thủ cuối cùng được xây dựng bởi Hệ thống Tethys, tuần tra biên giới giữa thực tại và thế giới kỹ thuật số.",C?n ti?ng Anh nghi v?n: Tethys | S? t?/c?m nghi v?n: 1 | T? l? nghi v?n: 0.5 | M?c ??: 8.0
"A wolf-like Tacet Discord dominating high-altitude regions, notorious for its relentless predation.","Một Discord giống sói thống trị các vùng cao nguyên, nổi tiếng với bản năng săn mồi không ngừng nghỉ.",C?n ti?ng Anh nghi v?n: Discord | S? t?/c?m nghi v?n: 1 | T? l? nghi v?n: 0.5 | M?c ??: 8.0
"A Tacet Discord often seen hovering atop large structures, feigning an imposing posture as if the buildings are extensions of its body. Its silhouette blends with the architecture, towering like a menacing giant.","Một Discord thường được nhìn thấy lơ lửng trên các công trình lớn, giả vờ tạo dáng uy nghiêm như thể các tòa nhà là phần mở rộng của cơ thể nó. Hình bóng của nó hòa lẫn với kiến trúc, sừng sững như một gã khổng lồ đáng sợ.",C?n ti?ng Anh nghi v?n: Discord | S? t?/c?m nghi v?n: 1 | T? l? nghi v?n: 0.5 | M?c ??: 8.0
"An incorporeal Tacet Discord inhabiting the body of a large, ragged stuffed toy.",Một Discord vô hình trú ngụ trong cơ thể của một món đồ chơi nhồi bông lớn và cũ kỹ.,C?n ti?ng Anh nghi v?n: Discord | S? t?/c?m nghi v?n: 1 | T? l? nghi v?n: 0.5 | M?c ??: 8.0
A bent-over humanoid Tacet Discord with electric currents coursing through its veins and a whip-like appendage on its head.,"Một Discord hình người cúi gập, với dòng điện chạy khắp các mạch máu và một phần phụ giống roi điện trên đầu.",C?n ti?ng Anh nghi v?n: Discord | S? t?/c?m nghi v?n: 1 | T? l? nghi v?n: 0.5 | M?c ??: 8.0
Savage and brutal Roya who broke from tradition and were cast out of the tribe.,Những Roya man rợ và tàn bạo đã phá vỡ truyền thống và bị trục xuất khỏi bộ tộc.,C?n ti?ng Anh nghi v?n: Roya | S? t?/c?m nghi v?n: 1 | T? l? nghi v?n: 0.5 | M?c ??: 8.0
Savage and brutal Roya who broke from tradition and were cast out of the tribe.,Những Roya man rợ và tàn bạo đã phá vỡ truyền thống và bị trục xuất khỏi bộ tộc.,C?n ti?ng Anh nghi v?n: Roya | S? t?/c?m nghi v?n: 1 | T? l? nghi v?n: 0.5 | M?c ??: 8.0
A mysterious raptor-shaped Exoswarm that seems to mimic an extinct ancient animal.,"Một Exoswarm hình dáng chim săn mồi bí ẩn, dường như bắt chước một loài động vật cổ đại đã tuyệt chủng.",C?n ti?ng Anh nghi v?n: Exoswarm | S? t?/c?m nghi v?n: 1 | T? l? nghi v?n: 0.5 | M?c ??: 8.0
"A copy of the Threnodian ""Crownless"". It resembles a white-armored knight in appearance, and when risen in power, it extends its blood-red wings, presumably because it briefly manipulates the structure of Wutherons in its body, instantly increasing its mobility and attack power. Recently, it has also been observed that it can produce a body structure that mimics human ""weapons"".","Một bản sao của ""Crownless"" đến từ Threnody. Về ngoại hình, nó giống một hiệp sĩ mặc giáp trắng, và khi gia tăng sức mạnh, đôi cánh đỏ như máu sẽ mở ra, có lẽ do nó tạm thời điều khiển cấu trúc Wutherons trong cơ thể, tăng khả năng di chuyển và sức tấn công ngay lập tức. Gần đây, người ta còn quan sát thấy nó có thể tạo ra cấu trúc cơ thể bắt chước ""vũ khí"" của con người.",C?n ti?ng Anh nghi v?n: Crownless; Wutherons | S? t?/c?m nghi v?n: 2 | T? l? nghi v?n: 0.133 | M?c ??: 7.33
"An endemic ratite-mimic TD inhabiting Mt. Firmament. Being flightless and non-hardy, it can only survive in areas below the mountain ridge.

Its name has two etymological origins within the Huanglong language family. One stems from a description from the Hongzhen Chronicle: ""This ratite-mmic TD is plump and seemingly lacks intelligence.""

The other is originated from the local dialect. Locals use the word to describe creatures that ""look dumb.""","Một Tacet Discord bắt chước loài đà điểu đặc hữu sống tại Mt. Firmament. Không biết bay và không có sức chịu đựng cao, nó chỉ có thể sống sót ở những khu vực dưới sống núi.

Tên của nó có hai nguồn gốc từ ngữ trong hệ ngôn ngữ Huanglong. Một bắt nguồn từ mô tả trong Hồng Chân Ký Lục: ""Loài Tacet Discord bắt chước đà điểu này mập mạp và có vẻ thiếu trí thông minh.""

Nguồn gốc khác bắt nguồn từ phương ngữ địa phương. Người dân địa phương dùng từ này để mô tả những sinh vật ""trông ngốc nghếch.""",C?n ti?ng Anh nghi v?n: Firmament; Mt | S? t?/c?m nghi v?n: 2 | T? l? nghi v?n: 0.133 | M?c ??: 7.33
"The name ""Exile"" bears an unforgivable felony. They can not enter towns, thus left wandering in the wilderness. Although most of the Exiles only paid for their past misdeeds, considering that not all trials in various nations are ""fair"", there are quite a number who were wrongfully exiled and are rebelling with a sense of fury in mind","Cái tên ""Exile"" mang theo trọng tội không thể tha thứ. Họ không thể vào thị trấn, do đó phải lang thang nơi hoang dã. Mặc dù hầu hết Exile chỉ phải trả giá cho những lỗi lầm trong quá khứ, nhưng xét rằng không phải phiên tòa nào ở các quốc gia cũng ""công bằng"", vẫn có không ít người bị lưu đày oan uổng và đang nổi dậy với lòng căm phẫn.",C?n ti?ng Anh nghi v?n: Exile | S? t?/c?m nghi v?n: 2 | T? l? nghi v?n: 0.154 | M?c ??: 6.54
"The name ""Exile"" bears an unforgivable felony. They can not enter towns, thus left wandering in the wilderness. Although most of the Exiles only paid for their past misdeeds, considering that not all trials in various nations are ""fair"", there are quite a number who were wrongfully exiled and are rebelling with a sense of fury in mind","Cái tên ""Exile"" mang theo trọng tội không thể tha thứ. Họ không thể vào thị trấn, do đó phải lang thang nơi hoang dã. Mặc dù hầu hết Exile chỉ phải trả giá cho những lỗi lầm trong quá khứ, nhưng xét rằng không phải phiên tòa nào ở các quốc gia cũng ""công bằng"", vẫn có không ít người bị lưu đày oan uổng và đang nổi dậy với lòng căm phẫn.",C?n ti?ng Anh nghi v?n: Exile | S? t?/c?m nghi v?n: 2 | T? l? nghi v?n: 0.154 | M?c ??: 6.54
"The name ""Exile"" bears an unforgivable felony. They can not enter towns, thus left wandering in the wilderness. Although most of the Exiles only paid for their past misdeeds, considering that not all trials in various nations are ""fair"", there are quite a number who were wrongfully exiled and are rebelling with a sense of fury in mind","Cái tên ""Exile"" mang theo trọng tội không thể tha thứ. Họ không thể vào thị trấn, do đó phải lang thang nơi hoang dã. Mặc dù hầu hết Exile chỉ phải trả giá cho những lỗi lầm trong quá khứ, nhưng xét rằng không phải phiên tòa nào ở các quốc gia cũng ""công bằng"", vẫn có không ít người bị lưu đày oan uổng và đang nổi dậy với lòng căm phẫn.",C?n ti?ng Anh nghi v?n: Exile | S? t?/c?m nghi v?n: 2 | T? l? nghi v?n: 0.154 | M?c ??: 6.54
"The name ""Exile"" bears an unforgivable felony. They can not enter towns, thus left wandering in the wilderness. Although most of the Exiles only paid for their past misdeeds, considering that not all trials in various nations are ""fair"", there are quite a number who were wrongfully exiled and are rebelling with a sense of fury in mind","Cái tên ""Exile"" mang theo trọng tội không thể tha thứ. Họ không thể vào thị trấn, do đó phải lang thang nơi hoang dã. Mặc dù hầu hết Exile chỉ phải trả giá cho những lỗi lầm trong quá khứ, nhưng xét rằng không phải phiên tòa nào ở các quốc gia cũng ""công bằng"", vẫn có không ít người bị lưu đày oan uổng và đang nổi dậy với lòng căm phẫn.",C?n ti?ng Anh nghi v?n: Exile | S? t?/c?m nghi v?n: 2 | T? l? nghi v?n: 0.154 | M?c ??: 6.54
"The name ""Exile"" bears an unforgivable felony. They can not enter towns, thus left wandering in the wilderness. Although most of the Exiles only paid for their past misdeeds, considering that not all trials in various nations are ""fair"", there are quite a number who were wrongfully exiled and are rebelling with a sense of fury in mind","Cái tên ""Exile"" mang theo trọng tội không thể tha thứ. Họ không thể vào thị trấn, do đó phải lang thang nơi hoang dã. Mặc dù hầu hết Exile chỉ phải trả giá cho những lỗi lầm trong quá khứ, nhưng xét rằng không phải phiên tòa nào ở các quốc gia cũng ""công bằng"", vẫn có không ít người bị lưu đày oan uổng và đang nổi dậy với lòng căm phẫn.",C?n ti?ng Anh nghi v?n: Exile | S? t?/c?m nghi v?n: 2 | T? l? nghi v?n: 0.154 | M?c ??: 6.54
"The name ""Exile"" bears an unforgivable felony. They can not enter towns, thus left wandering in the wilderness. Although most of the Exiles only paid for their past misdeeds, considering that not all trials in various nations are ""fair"", there are quite a number who were wrongfully exiled and are rebelling with a sense of fury in mind","Cái tên ""Exile"" mang theo trọng tội không thể tha thứ. Họ không thể vào thị trấn, do đó phải lang thang nơi hoang dã. Mặc dù hầu hết Exile chỉ phải trả giá cho những lỗi lầm trong quá khứ, nhưng xét rằng không phải phiên tòa nào ở các quốc gia cũng ""công bằng"", vẫn có không ít người bị lưu đày oan uổng và đang nổi dậy với lòng căm phẫn.",C?n ti?ng Anh nghi v?n: Exile | S? t?/c?m nghi v?n: 2 | T? l? nghi v?n: 0.154 | M?c ??: 6.54
"The name ""Exile"" bears an unforgivable felony. They can not enter towns, thus left wandering in the wilderness. Although most of the Exiles only paid for their past misdeeds, considering that not all trials in various nations are ""fair"", there are quite a number who were wrongfully exiled and are rebelling with a sense of fury in mind","Cái tên ""Exile"" mang theo trọng tội không thể tha thứ. Họ không thể vào thị trấn, do đó phải lang thang nơi hoang dã. Mặc dù hầu hết Exile chỉ phải trả giá cho những lỗi lầm trong quá khứ, nhưng xét rằng không phải phiên tòa nào ở các quốc gia cũng ""công bằng"", vẫn có không ít người bị lưu đày oan uổng và đang nổi dậy với lòng căm phẫn.",C?n ti?ng Anh nghi v?n: Exile | S? t?/c?m nghi v?n: 2 | T? l? nghi v?n: 0.154 | M?c ??: 6.54
"The name ""Exile"" bears an unforgivable felony. They can not enter towns, thus left wandering in the wilderness. Although most of the Exiles only paid for their past misdeeds, considering that not all trials in various nations are ""fair"", there are quite a number who were wrongfully exiled and are rebelling with a sense of fury in mind","Cái tên ""Exile"" mang theo trọng tội không thể tha thứ. Họ không thể vào thị trấn, do đó phải lang thang nơi hoang dã. Mặc dù hầu hết Exile chỉ phải trả giá cho những lỗi lầm trong quá khứ, nhưng xét rằng không phải phiên tòa nào ở các quốc gia cũng ""công bằng"", vẫn có không ít người bị lưu đày oan uổng và đang nổi dậy với lòng căm phẫn.",C?n ti?ng Anh nghi v?n: Exile | S? t?/c?m nghi v?n: 2 | T? l? nghi v?n: 0.154 | M?c ??: 6.54
"The name ""Exile"" bears an unforgivable felony. They can not enter towns, thus left wandering in the wilderness. Although most of the Exiles only paid for their past misdeeds, considering that not all trials in various nations are ""fair"", there are quite a number who were wrongfully exiled and are rebelling with a sense of fury in mind","Cái tên ""Exile"" mang theo trọng tội không thể tha thứ. Họ không thể vào thị trấn, do đó phải lang thang nơi hoang dã. Mặc dù hầu hết Exile chỉ phải trả giá cho những lỗi lầm trong quá khứ, nhưng xét rằng không phải phiên tòa nào ở các quốc gia cũng ""công bằng"", vẫn có không ít người bị lưu đày oan uổng và đang nổi dậy với lòng căm phẫn.",C?n ti?ng Anh nghi v?n: Exile | S? t?/c?m nghi v?n: 2 | T? l? nghi v?n: 0.154 | M?c ??: 6.54
"The name ""Exile"" bears an unforgivable felony. They can not enter towns, thus left wandering in the wilderness. Although most of the Exiles only paid for their past misdeeds, considering that not all trials in various nations are ""fair"", there are quite a number who were wrongfully exiled and are rebelling with a sense of fury in mind","Cái tên ""Exile"" mang theo trọng tội không thể tha thứ. Họ không thể vào thị trấn, do đó phải lang thang nơi hoang dã. Mặc dù hầu hết Exile chỉ phải trả giá cho những lỗi lầm trong quá khứ, nhưng xét rằng không phải phiên tòa nào ở các quốc gia cũng ""công bằng"", vẫn có không ít người bị lưu đày oan uổng và đang nổi dậy với lòng căm phẫn.",C?n ti?ng Anh nghi v?n: Exile | S? t?/c?m nghi v?n: 2 | T? l? nghi v?n: 0.154 | M?c ??: 6.54
"The name ""Exile"" bears an unforgivable felony. They can not enter towns, thus left wandering in the wilderness. Although most of the Exiles only paid for their past misdeeds, considering that not all trials in various nations are ""fair"", there are quite a number who were wrongfully exiled and are rebelling with a sense of fury in mind","Cái tên ""Exile"" mang theo trọng tội không thể tha thứ. Họ không thể vào thị trấn, do đó phải lang thang nơi hoang dã. Mặc dù hầu hết Exile chỉ phải trả giá cho những lỗi lầm trong quá khứ, nhưng xét rằng không phải phiên tòa nào ở các quốc gia cũng ""công bằng"", vẫn có không ít người bị lưu đày oan uổng và đang nổi dậy với lòng căm phẫn.",C?n ti?ng Anh nghi v?n: Exile | S? t?/c?m nghi v?n: 2 | T? l? nghi v?n: 0.154 | M?c ??: 6.54
"The name ""Exile"" bears an unforgivable felony. They can not enter towns, thus left wandering in the wilderness. Although most of the Exiles only paid for their past misdeeds, considering that not all trials in various nations are ""fair"", there are quite a number who were wrongfully exiled and are rebelling with a sense of fury in mind","Cái tên ""Exile"" mang theo trọng tội không thể tha thứ. Họ không thể vào thị trấn, do đó phải lang thang nơi hoang dã. Mặc dù hầu hết Exile chỉ phải trả giá cho những lỗi lầm trong quá khứ, nhưng xét rằng không phải phiên tòa nào ở các quốc gia cũng ""công bằng"", vẫn có không ít người bị lưu đày oan uổng và đang nổi dậy với lòng căm phẫn.",C?n ti?ng Anh nghi v?n: Exile | S? t?/c?m nghi v?n: 2 | T? l? nghi v?n: 0.154 | M?c ??: 6.54
A common small size Tacet Discord that can release a small amount of Fusion energy to attack. Relatively low danger level.,Một Discord kích thước nhỏ phổ biến có thể giải phóng một lượng nhỏ năng lượng Fusion để tấn công. Mức độ nguy hiểm tương đối thấp.,C?n ti?ng Anh nghi v?n: Discord | S? t?/c?m nghi v?n: 1 | T? l? nghi v?n: 0.333 | M?c ??: 6.33
A common small Tacet Discord that can releas a small amount of Spectra energy to attack. Relatively low danger level.,Một TD Thì Thầm nhỏ phổ biến có thể giải phóng một lượng nhỏ năng lượng Spectra để tấn công. Mức độ nguy hiểm tương đối thấp.,C?n ti?ng Anh nghi v?n: Spectra | S? t?/c?m nghi v?n: 1 | T? l? nghi v?n: 0.333 | M?c ??: 6.33
A common small Tacet Discord that can release a small amount of Aero energy to attack. Relatively low danger level.,"Một loại Discord nhỏ phổ biến, có thể giải phóng một lượng nhỏ năng lượng Aero để tấn công. Mức độ nguy hiểm tương đối thấp.",C?n ti?ng Anh nghi v?n: Discord | S? t?/c?m nghi v?n: 1 | T? l? nghi v?n: 0.333 | M?c ??: 6.33
A common small Tacet Discord that can release a small amount of Havoc energy to attack. Relatively low danger level.,Một Discord nhỏ phổ biến có thể giải phóng một lượng nhỏ năng lượng Havoc để tấn công. Mức độ nguy hiểm tương đối thấp.,C?n ti?ng Anh nghi v?n: Discord | S? t?/c?m nghi v?n: 1 | T? l? nghi v?n: 0.333 | M?c ??: 6.33
"A small Tacet Discord commonly found in mineral vein gatherings. Widely distributed, with multi-attribute subspecies. Relatively low danger level.",Một Discord nhỏ thường được tìm thấy ở các mạch khoáng sản. Phân bố rộng rãi với nhiều phân loài thuộc tính khác nhau. Mức độ nguy hiểm tương đối thấp.,C?n ti?ng Anh nghi v?n: Discord | S? t?/c?m nghi v?n: 1 | T? l? nghi v?n: 0.333 | M?c ??: 6.33
"A small Tacet Discord commonly found in mineral vein gatherings. Widely distributed, with multi-attribute subspecies. Relatively low danger level.",Một Discord nhỏ thường được tìm thấy ở các mạch khoáng sản. Phân bố rộng rãi với nhiều phân loài thuộc tính khác nhau. Mức độ nguy hiểm tương đối thấp.,C?n ti?ng Anh nghi v?n: Discord | S? t?/c?m nghi v?n: 1 | T? l? nghi v?n: 0.333 | M?c ??: 6.33
"A small Tacet Discord commonly found in mineral vein gatherings. Widely distributed, with multi-attribute subspecies. Relatively low danger level.",Một Discord nhỏ thường được tìm thấy ở các mạch khoáng sản. Phân bố rộng rãi với nhiều phân loài thuộc tính khác nhau. Mức độ nguy hiểm tương đối thấp.,C?n ti?ng Anh nghi v?n: Discord | S? t?/c?m nghi v?n: 1 | T? l? nghi v?n: 0.333 | M?c ??: 6.33
"A small Tacet Discord commonly found in mineral vein gatherings. Widely distributed, with multi-attribute subspecies. Relatively low danger level.",Một Discord nhỏ thường được tìm thấy ở các mạch khoáng sản. Phân bố rộng rãi với nhiều phân loài thuộc tính khác nhau. Mức độ nguy hiểm tương đối thấp.,C?n ti?ng Anh nghi v?n: Discord | S? t?/c?m nghi v?n: 1 | T? l? nghi v?n: 0.333 | M?c ??: 6.33
"Widely distributed mutant plants, mostly found in areas with more Tacetite, less dangerous.","Thực vật đột biến phân bố rộng rãi, chủ yếu được tìm thấy ở những khu vực có nhiều Tacetite, ít nguy hiểm.",C?n ti?ng Anh nghi v?n: Tacetite | S? t?/c?m nghi v?n: 1 | T? l? nghi v?n: 0.333 | M?c ??: 6.33
"An incorporeal Tacet Discord inhabiting the body of a quiet, compassionate plushie.","Một Discord vô hình trú ngụ trong cơ thể của một con thú nhồi bông hiền lành, giàu lòng trắc ẩn.",C?n ti?ng Anh nghi v?n: Discord | S? t?/c?m nghi v?n: 1 | T? l? nghi v?n: 0.333 | M?c ??: 6.33
"An incorporeal Tacet Discord inhabiting the body of a sturdy, diligent plushie.",Một Discord vô hình trú ngụ trong cơ thể của một con thú nhồi bông chắc chắn và chăm chỉ.,C?n ti?ng Anh nghi v?n: Discord | S? t?/c?m nghi v?n: 1 | T? l? nghi v?n: 0.333 | M?c ??: 6.33
"A deceptive Tacet Discord disguised as a supply chest, preying on the greed of its victims and devouring those who approach.","Một Discord ngụy trang thành rương tiếp tế, lợi dụng lòng tham của nạn nhân và nuốt chửng những kẻ đến gần.",C?n ti?ng Anh nghi v?n: Discord | S? t?/c?m nghi v?n: 1 | T? l? nghi v?n: 0.333 | M?c ??: 6.33
"A humanoid Tacet Discord clad in fine attire, wielding a sharp blade. Seen only in the pale glow of the moon.","Một Discord hình người mặc trang phục sang trọng, cầm lưỡi kiếm sắc bén. Chỉ được nhìn thấy dưới ánh sáng nhợt nhạt của mặt trăng.",C?n ti?ng Anh nghi v?n: Discord | S? t?/c?m nghi v?n: 1 | T? l? nghi v?n: 0.333 | M?c ??: 6.33
"Tacet Discord commonly seen active within mines and mountainous areas, small in size, relatively low danger level.","Discord thường hoạt động trong các khu vực mỏ và vùng núi, kích thước nhỏ, mức độ nguy hiểm tương đối thấp.",C?n ti?ng Anh nghi v?n: Discord | S? t?/c?m nghi v?n: 1 | T? l? nghi v?n: 0.25 | M?c ??: 5.5
"The appearance of this Tacet Discord resembles a humanoid, widely distributed. The attacks are mainly at close range and are dangerous.","Dạng Discord này có hình dáng giống con người, phân bố rộng rãi. Các đòn tấn công chủ yếu ở cự ly gần và rất nguy hiểm.",C?n ti?ng Anh nghi v?n: Discord | S? t?/c?m nghi v?n: 1 | T? l? nghi v?n: 0.25 | M?c ??: 5.5
"Leaders of the outlaws, usually found in the Exile Campgrounds across the world, has more combat experience and skills than the average Exile, and are somewhat dangerous.","Thủ lĩnh của nhóm lưu manh, thường xuất hiện tại các Bãi Đất Lưu Đày trên khắp thế giới, có nhiều kinh nghiệm chiến đấu và kỹ năng hơn Exile thông thường, và có mức độ nguy hiểm nhất định.",C?n ti?ng Anh nghi v?n: Exile | S? t?/c?m nghi v?n: 1 | T? l? nghi v?n: 0.25 | M?c ??: 5.5
"Ferocious black bear-like animals. Their head and shoulders are covered with arrow-shaped clusters of sharp Tacetite, like indestructible thorns.","Động vật hung dữ giống gấu đen. Đầu và vai của chúng phủ đầy các cụm Tacetite sắc nhọn hình mũi tên, như những chiếc gai bất khả xâm phạm.",C?n ti?ng Anh nghi v?n: Tacetite | S? t?/c?m nghi v?n: 1 | T? l? nghi v?n: 0.25 | M?c ??: 5.5
A humanoid Tacet Discord with a body assembled from shattered stained glass. Glittering lights beam from its body with each move.,Một Discord hình người với cơ thể được lắp ráp từ những mảnh kính màu vỡ. Ánh sáng lấp lánh tỏa ra từ cơ thể mỗi khi nó di chuyển.,C?n ti?ng Anh nghi v?n: Discord | S? t?/c?m nghi v?n: 1 | T? l? nghi v?n: 0.25 | M?c ??: 5.5
"A wolf-like Tacet Discord prowling storm-stricken regions, known for its aggressiveness and lightning speed.","Một Discord giống sói lang thang ở những vùng bị bão táp, nổi tiếng với tính hung hăng và tốc độ như chớp.",C?n ti?ng Anh nghi v?n: Discord | S? t?/c?m nghi v?n: 1 | T? l? nghi v?n: 0.25 | M?c ??: 5.5
"An incorporeal Tacet Discord inhabiting the body of a charming, dashing plushie.",Một Discord vô hình trú ngụ trong cơ thể của một con thú nhồi bông quyến rũ và điển trai.,C?n ti?ng Anh nghi v?n: Discord | S? t?/c?m nghi v?n: 1 | T? l? nghi v?n: 0.25 | M?c ??: 5.5
"A humanoid Tacet Discord with a wide distribution that mainly attacks at close range. Possesses unilateral idiosyncratic upper extremity, with some risk.","Một Discord hình người có phạm vi phân bố rộng, chủ yếu tấn công ở cự ly gần. Có chi trên đặc trưng một bên, tiềm ẩn một số rủi ro.",C?n ti?ng Anh nghi v?n: Discord | S? t?/c?m nghi v?n: 1 | T? l? nghi v?n: 0.2 | M?c ??: 5.0
"A bow-wielding Echo that resembles a statue, tasked with monitoring Ragunna City and reporting the details back to the Order.","Một Echo cầm cung giống như bức tượng, có nhiệm vụ giám sát Thành phố Ragunna và báo cáo chi tiết về Order.",C?n ti?ng Anh nghi v?n: Order | S? t?/c?m nghi v?n: 1 | T? l? nghi v?n: 0.2 | M?c ??: 5.0
"A humanoid Tacet Discord clad in fine attire, wielding a sharp blade and extraordinary might existing only in legends.","Một Discord hình người mặc trang phục sang trọng, sử dụng lưỡi kiếm sắc bén và sức mạnh phi thường chỉ tồn tại trong truyền thuyết.",C?n ti?ng Anh nghi v?n: Discord | S? t?/c?m nghi v?n: 1 | T? l? nghi v?n: 0.2 | M?c ??: 5.0
"The otherworldly being that slumbers atop Avinoleum, a prophecy bestowed upon the mortal realm by the Divinity.","Sinh vật thế giới khác đang say ngủ trên Avinoleum, một lời tiên tri được ban xuống cõi phàm trần bởi Thần Tính.",C?n ti?ng Anh nghi v?n: Avinoleum | S? t?/c?m nghi v?n: 1 | T? l? nghi v?n: 0.2 | M?c ??: 5.0
"A mechanical reindeer, grown from the Exostrider's own parts. They often help the Roya in plant foraging.","Một con tuần lộc cơ khí, được tạo ra từ chính các bộ phận của Exostrider. Chúng thường giúp đỡ Roya trong việc tìm kiếm thực vật.",C?n ti?ng Anh nghi v?n: Roya | S? t?/c?m nghi v?n: 1 | T? l? nghi v?n: 0.2 | M?c ??: 5.0
"A mechanical reindeer, grown from the Exostrider's own parts. They often help the Roya in ore mining.","Một chú tuần lộc cơ khí, được tạo ra từ chính các bộ phận của Exostrider. Chúng thường hỗ trợ Roya trong việc khai thác quặng.",C?n ti?ng Anh nghi v?n: Roya | S? t?/c?m nghi v?n: 1 | T? l? nghi v?n: 0.2 | M?c ??: 5.0
"A mechanical muskox, grown from the Exostrider's own parts. They often help the Roya in transporting loads.","Một con bò xạ cơ khí, được tạo ra từ chính các bộ phận của Exostrider. Chúng thường giúp đỡ Roya trong việc vận chuyển hàng hóa.",C?n ti?ng Anh nghi v?n: Roya | S? t?/c?m nghi v?n: 1 | T? l? nghi v?n: 0.2 | M?c ??: 5.0
"A Resinacrustidum species of small size Tacet Discords, often found active in packs. Mainly appears in areas with abundant rock masses. Danger level relatively low.","Một loài Resinacrustidum thuộc nhóm Tacet Discord kích thước nhỏ, thường hoạt động theo đàn. Chủ yếu xuất hiện ở những khu vực có nhiều khối đá. Mức độ nguy hiểm tương đối thấp.",C?n ti?ng Anh nghi v?n: Resinacrustidum | S? t?/c?m nghi v?n: 1 | T? l? nghi v?n: 0.167 | M?c ??: 4.67
"Tacet Discord whose appearance resembles that of a human, has specialized upper limbs that can use conductive energy for long-range attacks. According to witnesses, and is somewhat dangerous.","Discord có ngoại hình giống con người, sở hữu chi trên chuyên biệt có thể sử dụng năng lượng dẫn điện để tấn công tầm xa. Theo lời nhân chứng, nó có mức độ nguy hiểm nhất định.",C?n ti?ng Anh nghi v?n: Discord | S? t?/c?m nghi v?n: 1 | T? l? nghi v?n: 0.167 | M?c ??: 4.67
"The appearance of this TD resembles a hunter with a bowler hat on his head, appearing in Tacet Fields everywhere, with a special long-range attack and a certain degree of danger.","Ngoại hình của TD này giống một thợ săn đội mũ bowler trên đầu, xuất hiện ở khắp các Tacet Field, với đòn tấn công tầm xa đặc biệt và mức độ nguy hiểm nhất định.",C?n ti?ng Anh nghi v?n: bowler | S? t?/c?m nghi v?n: 1 | T? l? nghi v?n: 0.167 | M?c ??: 4.67
"Tacet Discord unique to the Dim Forest. Sighting reports and insurance claims state that it has a strong desire to hunt and attack, and is presumed to be dangerous.","Discord đặc hữu của Rừng Mờ. Các báo cáo quan sát và yêu cầu bồi thường bảo hiểm cho thấy nó có ham muốn săn mồi và tấn công mạnh mẽ, được cho là nguy hiểm.",C?n ti?ng Anh nghi v?n: Discord | S? t?/c?m nghi v?n: 1 | T? l? nghi v?n: 0.167 | M?c ??: 4.67
"Leaders of the Exiles, usually found in the Exile Campgrounds. They have more combat experience and skills than the average Exiles.","Những thủ lĩnh của Exiles, thường được tìm thấy tại các khu cắm trại Exile. Họ có nhiều kinh nghiệm chiến đấu và kỹ năng hơn so với các Exiles thông thường.",C?n ti?ng Anh nghi v?n: Exile | S? t?/c?m nghi v?n: 1 | T? l? nghi v?n: 0.167 | M?c ??: 4.67
"Fierce, amphibious Tacet Discords mimicking Saurosuchus. Named for the rows of horns covering their bodies.",Những Tacet Discord lưỡng cư hung dữ bắt chước Saurosuchus. Được đặt tên theo hàng sừng bao phủ cơ thể chúng.,C?n ti?ng Anh nghi v?n: Saurosuchus | S? t?/c?m nghi v?n: 1 | T? l? nghi v?n: 0.167 | M?c ??: 4.67
"An incorporeal Tacet Discord inhabiting the body of a large, ragged stuffed toy. 

He feasts on fear and screams provoked by his intimidating figure—frequencies he finds most delectable. Yet more often than not, what reaches his ears is, ""Look at that dirty stuffed toy. So pitiful...""
 
Is he not fearsome enough? Are such pity-filled frequencies truly edible?","Một Discord vô hình trú ngụ trong cơ thể của một món đồ chơi nhồi bông lớn và cũ kỹ. 

Hắn nuôi sống bản thân bằng nỗi sợ hãi và tiếng thét mà hình dáng đáng sợ của mình khơi gợi—những tần số mà hắn cho là ngon lành nhất. Thế nhưng, thứ thường lọt vào tai hắn lại là: ""Nhìn cái đồ chơi bẩn thỉu kia kìa. Thật đáng thương...""

Liệu hắn có chưa đủ đáng sợ? Những tần số đầy thương hại như vậy có thực sự ăn được không?",C?n ti?ng Anh nghi v?n: Discord | S? t?/c?m nghi v?n: 1 | T? l? nghi v?n: 0.167 | M?c ??: 4.67
A parasitic creature that lives inside Whisperin Tacet Discords. It uses the host's body as a cocoon and feeds on its frequency.,Một sinh vật ký sinh sống bên trong Whisperin Tacet Discord. Nó sử dụng cơ thể vật chủ như một cái kén và hấp thụ tần số của vật chủ.,C?n ti?ng Anh nghi v?n: Whisperin | S? t?/c?m nghi v?n: 1 | T? l? nghi v?n: 0.167 | M?c ??: 4.67
A parasitic creature that lives inside Whisperin Tacet Discords. It uses the host's body as a cocoon and feeds on its frequency.,Một sinh vật ký sinh sống bên trong Whisperin Tacet Discord. Nó sử dụng cơ thể vật chủ như một cái kén và hấp thụ tần số của vật chủ.,C?n ti?ng Anh nghi v?n: Whisperin | S? t?/c?m nghi v?n: 1 | T? l? nghi v?n: 0.167 | M?c ??: 4.67
"Mostly seen as juvenile reptiles in the Desorock Highlands. According to witnesses, it usually follows the adults and hunts in concert, which is dangerous.","Chủ yếu được quan sát dưới dạng bò sát chưa trưởng thành tại Desorock Highland. Theo lời nhân chứng, nó thường đi theo cá thể trưởng thành và săn mồi theo nhóm, có mức độ nguy hiểm.",C?n ti?ng Anh nghi v?n: Desorock | S? t?/c?m nghi v?n: 1 | T? l? nghi v?n: 0.143 | M?c ??: 4.43
"Small Mutant Organism, widely distributed, with different subspecies reported in various regions, mostly found in caves, mines and other dark and humid places around the world, with a low level of danger.","Sinh Vật Đột Biến Kích Thước Small, phân bố rộng rãi, với nhiều phân loài được báo cáo ở các khu vực khác nhau, chủ yếu được tìm thấy trong hang động, hầm mỏ và những nơi tối tăm, ẩm ướt trên khắp thế giới, mức độ nguy hiểm thấp.",C?n ti?ng Anh nghi v?n: Small | S? t?/c?m nghi v?n: 1 | T? l? nghi v?n: 0.143 | M?c ??: 4.43
"A statue-like Echo that symbolizes mercy and compassion, always listening to Ragunnesi's prayers and praises to the Order.","Một Echo giống như bức tượng tượng trưng cho lòng thương xót và từ bi, luôn lắng nghe những lời cầu nguyện và ca ngợi của người Ragunnesi dâng lên Order.",C?n ti?ng Anh nghi v?n: Order | S? t?/c?m nghi v?n: 1 | T? l? nghi v?n: 0.143 | M?c ??: 4.43
"A TD that mimics a drake cub, with ice and frost forming between its claws. Often found living in groups in the wilderness.","Một TD bắt chước hình dáng con non của loài drake, với băng và sương giá hình thành giữa các móng vuốt. Thường sống theo bầy đàn trong hoang dã.",C?n ti?ng Anh nghi v?n: drake | S? t?/c?m nghi v?n: 1 | T? l? nghi v?n: 0.143 | M?c ??: 4.43
"A TD that mimics a drake cub, with flame blazing between its claws, often found living in groups in the wilderness.","Một TD bắt chước hình dáng con non của loài drake, với ngọn lửa bùng cháy giữa các móng vuốt, thường sống theo đàn trong hoang dã.",C?n ti?ng Anh nghi v?n: drake | S? t?/c?m nghi v?n: 1 | T? l? nghi v?n: 0.143 | M?c ??: 4.43
"A TD that mimics a drake cub, with ominous torrents sprawling between its claws. Often found living in groups in the wilderness.","Một TD bắt chước hình dáng một con drake con, với những dòng xoáy đen tối trải dài giữa các móng vuốt. Thường sống theo bầy đàn trong hoang dã.",C?n ti?ng Anh nghi v?n: drake | S? t?/c?m nghi v?n: 1 | T? l? nghi v?n: 0.143 | M?c ??: 4.43
"Fractsidus gunners whose flesh turned cold when fate struck a discordant chord. After losing control in the depths of the sea, they can never return to their former selves.","Những Fractsidus gunners có thân thể trở nên lạnh lẽo khi số phận vang lên một hợp âm bất hòa. Sau khi mất kiểm soát dưới đáy biển sâu, chúng không bao giờ có thể trở lại như xưa.",C?n ti?ng Anh nghi v?n: gunners | S? t?/c?m nghi v?n: 1 | T? l? nghi v?n: 0.143 | M?c ??: 4.43
"An incorporeal Tacet Discord inhabiting the body of a sturdy, diligent plushie. He lives on trust and gratitude earned by his hardworking hands—frequencies he finds most delectable.","Một Discord vô hình trú ngụ trong cơ thể của một con thú nhồi bông chăm chỉ, bền bỉ. Nó sống nhờ vào niềm tin và lòng biết ơn mà đôi tay lao động của nó kiếm được—những tần số mà nó thấy ngon lành nhất.",C?n ti?ng Anh nghi v?n: Discord | S? t?/c?m nghi v?n: 1 | T? l? nghi v?n: 0.143 | M?c ??: 4.43
"A mechanical bumblebee, grown from the Exostrider's own parts. The Roya often use them as tools to collect pollen and plant nectar.","Một chú ong nghệ cơ khí, được tạo ra từ chính các bộ phận của Exostrider. Người Roya thường sử dụng chúng như công cụ để thu thập phấn hoa và mật hoa thực vật.",C?n ti?ng Anh nghi v?n: Roya | S? t?/c?m nghi v?n: 1 | T? l? nghi v?n: 0.143 | M?c ??: 4.43
"A mechanical bumblebee, grown from the Exostrider's own parts. The Roya often use them as tools to collect fragile minerals from cramped spaces.","Một con ong nghệ cơ khí, được tạo ra từ các bộ phận của Exostrider. Người Roya thường sử dụng chúng như công cụ để thu thập các loại khoáng vật dễ vỡ từ những không gian chật hẹp.",C?n ti?ng Anh nghi v?n: Roya | S? t?/c?m nghi v?n: 1 | T? l? nghi v?n: 0.143 | M?c ??: 4.43
"A highly aggressive predatory machine that prowls the wilderness of Lahai-Roi, hunting any sign of movement.","Một cỗ máy săn mồi hung hãn lang thang trong vùng hoang dã Lahai-Roi, săn đuổi bất kỳ dấu hiệu chuyển động nào.",C?n ti?ng Anh nghi v?n: Lahai | S? t?/c?m nghi v?n: 1 | T? l? nghi v?n: 0.143 | M?c ??: 4.43
"A sword-wielding Echo that resembles a silent and stern statue, tasked with protecting Ragunna City's peace and safety for the Order.","Một Echo cầm kiếm giống như bức tượng im lặng và nghiêm nghị, có nhiệm vụ bảo vệ hòa bình và an toàn cho Ragunna City theo mệnh lệnh của Order.",C?n ti?ng Anh nghi v?n: Order | S? t?/c?m nghi v?n: 1 | T? l? nghi v?n: 0.125 | M?c ??: 4.25
