database,table,primary_key_column,primary_key,column,category,status,issues,rule_decision,rule_score,rule_issues,ai_decision,ai_score,ai_reason,source_en,translation_vi,review_note
lang_multi_text_1sthalf.db,MultiText,Id,Zuoyequnxing_1_1,Content,dialogue,translated,,PASS,10,,,,,What are you looking at?,Cậu đang nhìn gì vậy?,
lang_multi_text_1sthalf.db,MultiText,Id,Zuoyequnxing_1_2,Content,dialogue,translated,,PASS,10,,,,,"Ah, there you are. Nothing really. I've just been wondering... if I wanted to land another astronomical investment to study all the Exoswarm coming off this giant mech...","À, cậu đây rồi. Không có gì đâu. Tớ chỉ đang tự hỏi... nếu tớ muốn huy động thêm một khoản đầu tư thiên văn để nghiên cứu toàn bộ đám Exoswarm từ cỗ máy khổng lồ này...",
lang_multi_text_1sthalf.db,MultiText,Id,Zuoyequnxing_1_3,Content,dialogue,translated,,PASS,10,,,,,"What kind of pitch would it take to make every major player in Solaris nod along and funnel Credits into my pocket, year after year?","Thì cần phải có lời chào hàng thế nào để mọi nhân vật chủ chốt ở Solaris đều gật gù và đổ Credits vào túi tớ, năm này qua năm khác?",
lang_multi_text_1sthalf.db,MultiText,Id,Zuoyequnxing_1_4,Content,dialogue,translated,,PASS,10,,,,,Have you figured it out?,Cậu nghĩ ra chưa?,
lang_multi_text_1sthalf.db,MultiText,Id,Zuoyequnxing_1_5,Content,dialogue,translated,,PASS,10,,,,,"Not yet. My conscience won't let me think that far. Luckily, the man who can figure it out is back.",Chưa. Lương tâm không cho tớ nghĩ xa đến thế. May mà người có thể nghĩ ra đã quay lại rồi.,
lang_multi_text_1sthalf.db,MultiText,Id,Zuoyequnxing_1_6,Content,dialogue,translated,,PASS,10,,,,,...The old man who promised me the blade? The head of the Spacetrek Collective?,...Ông lão đã hứa trao lưỡi kiếm cho tớ ấy à? Người đứng đầu Spacetrek Collective?,
lang_multi_text_1sthalf.db,MultiText,Id,Zuoyequnxing_1_7,Content,dialogue,translated,,PASS,10,,,,,"The very same, but don't let the quick agreement fool you. He's already thinking ten steps ahead. If Ashinohara wasn't in such dire straits, he wouldn't have agreed to forge that blade for you so easily.","Đúng là thế đấy, nhưng đừng để vẻ đồng ý nhanh chóng đánh lừa cậu. Ông ta đã tính trước mười nước rồi. Nếu Ashinohara không lâm vào tình cảnh ngặt nghèo như vậy, ông ta chắc chắn đã không dễ dàng đồng ý rèn lưỡi kiếm đó cho cậu đâu.",
lang_multi_text_1sthalf.db,MultiText,Id,Zuoyequnxing_1_8,Content,dialogue,translated,,PASS,10,,,,,"Or at the very least, he'd have made sure he got his pound of flesh in return.",Ít nhất thì ông ta cũng sẽ đòi hỏi một cái giá tương xứng.,
lang_multi_text_1sthalf.db,MultiText,Id,Zuoyequnxing_1_14,Content,dialogue,translated,,PASS,10,,,,,Take two. Give yourself a day to look around.,Lần thứ hai nhé. Cho mình một ngày để thăm thú xung quanh đi.,
lang_multi_text_1sthalf.db,MultiText,Id,Zuoyequnxing_1_15,Content,dialogue,translated,,PASS,10,,,,,Go on. A Black Shores member will meet you there. Hmph... I still have all of Dr. Luuk's mess to clean up.,Cứ đi đi. Một thành viên của Black Shores sẽ gặp cậu ở đó. Hừm... Ta vẫn còn cả đống mớ hỗn độn của Tiến sĩ Luuk phải dọn dẹp đây.,
lang_multi_text_1sthalf.db,MultiText,Id,Zuoyequnxing_1_16,Content,dialogue,translated,,PASS,10,,,,,Understood. I am at your call should you require it.,Hiểu rồi. Tôi sẽ sẵn sàng khi ngài cần.,
lang_multi_text_1sthalf.db,MultiText,Id,Zuoyequnxing_1_17,Content,dialogue,translated,,PASS,10,,,,,"Yes, I'm listening...","Vâng, tôi đang nghe đây...",
lang_multi_text_1sthalf.db,MultiText,Id,Zuoyequnxing_1_18,Content,dialogue,translated,,PASS,10,,,,,So it's about Denia... I see. Let's discuss this in person.,Vậy là chuyện liên quan đến Denia à... Tôi hiểu rồi. Chúng ta hãy bàn trực tiếp nhé.,
lang_multi_text_1sthalf.db,MultiText,Id,Zuoyequnxing_1_19,Content,dialogue,translated,,PASS,10,,,,,...I couldn't find the child. Time and space in that dimension are too fractured. My familiar lost its way.,...Tôi không tìm thấy đứa trẻ. Không gian và thời gian trong chiều không gian đó quá rối loạn. Thú triệu hồi của tôi đã lạc đường.,
lang_multi_text_1sthalf.db,MultiText,Id,Zuoyequnxing_1_20,Content,dialogue,translated,,PASS,10,,,,,Hm... then we need something that can hold out longer. A better way to search?,Hmm... vậy thì chúng ta cần thứ gì đó có thể trụ được lâu hơn. Một cách tìm kiếm hiệu quả hơn chăng?,
lang_multi_text_1sthalf.db,MultiText,Id,Zuoyequnxing_1_21,Content,dialogue,translated,,PASS,10,,,,,Voidmatter reactivity has been high lately. A clear sign to follow would be best.,Gần đây phản ứng của Voidmatter đang rất cao. Một dấu hiệu rõ ràng để lần theo sẽ là tốt nhất.,
lang_multi_text_1sthalf.db,MultiText,Id,Zuoyequnxing_1_22,Content,dialogue,translated,,PASS,10,,,,,That child is the Exostrider's Resonator. There's no clearer sign than that.,Đứa trẻ đó là Resonator của Exostrider. Không có dấu hiệu nào rõ ràng hơn thế.,
lang_multi_text_1sthalf.db,MultiText,Id,Zuoyequnxing_1_23,Content,dialogue,translated,,PASS,10,,,,,"Looks like it's time the Exostrider was reactivated. When that happens, whether you're an annoying adult or the one meant to pilot it, I'm sure everyone will be on board, don't you think?","Có vẻ đã đến lúc Exostrider cần được kích hoạt lại. Khi điều đó xảy ra, dù cậu là một người lớn phiền phức hay là người được chọn để điều khiển nó, tôi tin mọi người đều sẽ đồng ý, phải không?",
lang_multi_text_1sthalf.db,MultiText,Id,Zuoyequnxing_1_24,Content,dialogue,translated,,PASS,10,,,,,"Ooh, what if we used footage of the Exostrider activating to pitch for funding?","Ôi, nếu mình dùng đoạn quay Exostrider kích hoạt để kêu gọi tài trợ thì sao nhỉ?",
lang_multi_text_1sthalf.db,MultiText,Id,Zuoyequnxing_1_25,Content,dialogue,translated,,PASS,10,,,,,And the confidentiality agreements?,Còn các thỏa thuận bảo mật thì sao?,
lang_multi_text_1sthalf.db,MultiText,Id,Zuoyequnxing_1_26,Content,dialogue,translated,,PASS,10,,,,,No sympathy for my chronic funding anxiety?,Không ai thông cảm cho nỗi lo tài trợ kinh niên của tớ à?,
lang_multi_text_1sthalf.db,MultiText,Id,Zuoyequnxing_1_27,Content,dialogue,translated,,PASS,10,,,,,Fine. Go to Honami. I already approved your leave of absence.,Thôi được. Cậu đi gặp Honami đi. Tớ đã phê duyệt đơn xin nghỉ của cậu rồi.,
lang_multi_text_1sthalf.db,MultiText,Id,Zuoyequnxing_1_28,Content,dialogue,translated,,PASS,10,,,,,Why?,Sao cơ?,
lang_multi_text_1sthalf.db,MultiText,Id,Zuoyequnxing_1_29,Content,dialogue,translated,,PASS,10,,,,,To... test the blade?,Để... thử nghiệm lưỡi kiếm?,
lang_multi_text_1sthalf.db,MultiText,Id,Zuoyequnxing_1_30,Content,dialogue,translated,,PASS,10,,,,,"Even once the Exostrider awakens, there's still a chance it fails. If it does, what you sealed in the <te href=851075>Dimmr Plains</te> becomes a liability...","Ngay cả khi Exostrider thức tỉnh, vẫn có khả năng nó thất bại. Nếu vậy, thứ mà các ngươi phong ấn tại <te href=851075>Dimmr Plains</te> sẽ trở thành gánh nặng...",
lang_multi_text_1sthalf.db,MultiText,Id,Zuoyequnxing_1_31,Content,dialogue,translated,,PASS,10,,,,,But it could also be our ace in the hole.,Nhưng nó cũng có thể là quân át chủ bài của chúng ta.,
lang_multi_text_1sthalf.db,MultiText,Id,Zuoyequnxing_1_32,Content,dialogue,translated,,PASS,10,,,,,"So before I give you the thankless task of guarding those plains, go deal with matters of the heart first.","Vậy nên trước khi giao cho ngươi nhiệm vụ khó nhằn là canh giữ vùng đồng bằng đó, hãy giải quyết chuyện riêng tư của mình trước đã.",
lang_multi_text_1sthalf.db,MultiText,Id,Zuoyequnxing_1_33,Content,dialogue,translated,,PASS,10,,,,,...Understood. I will return in one day.,...Hiểu rồi. Ta sẽ trở lại trong một ngày.,
lang_multi_text_1sthalf.db,MultiText,Id,Zuoyequnxing_1_34,Content,dialogue,translated,,PASS,10,,,,,"Hiyuki arrives at the frostlands to inform Lucilla that her origami familiar failed to locate Aemeath. Lucilla assigns Hiyuki the new task of guarding the Dimmr Plains while they carry on with their plan to awaken the Exostrider, a contingency if the plan fails. To help Hiyuki fulfill that duty with a clear mind, Lucilla suggests she first return to Honami City to deal with certain matters of the heart.","Hiyuki đến vùng đất băng giá để thông báo cho Lucilla rằng linh vật origami của cô ấy không thể tìm thấy Aemeath. Lucilla giao cho Hiyuki nhiệm vụ mới là canh giữ Dimmr Plains trong khi họ tiếp tục kế hoạch đánh thức Exostrider, một phương án dự phòng nếu kế hoạch thất bại. Để giúp Hiyuki hoàn thành nhiệm vụ đó với tâm trí thanh thản, Lucilla đề nghị cô ấy trước tiên hãy trở về Honami City để giải quyết một số chuyện riêng tư.",
lang_multi_text_1sthalf.db,MultiText,Id,Zuoyequnxing_10_1,Content,dialogue,translated,,PASS,10,,,,,"Hello, Lady Miko. I've been waiting for you for a very long time.","Xin chào, Miko. Ta đã đợi ngươi rất lâu rồi.",
lang_multi_text_1sthalf.db,MultiText,Id,Zuoyequnxing_10_2,Content,dialogue,translated,,PASS,10,,,,,My final wish… was simply to see you one last time.,Ước nguyện cuối cùng của tôi… chỉ đơn giản là được gặp lại cậu một lần cuối thôi.,
lang_multi_text_1sthalf.db,MultiText,Id,Zuoyequnxing_10_3,Content,dialogue,translated,,PASS,10,,,,,...Your final wish?,...Ước nguyện cuối cùng của cậu sao?,
lang_multi_text_1sthalf.db,MultiText,Id,Zuoyequnxing_10_4,Content,dialogue,translated,,PASS,10,,,,,"Yes. It's alright. I know I'm dead. I know I'm what they call a ""Left Behind"" now.","Ừ. Không sao đâu. Tôi biết mình đã chết. Tôi biết giờ mình là cái mà họ gọi là ""Người Bị Bỏ Lại"" rồi.",
lang_multi_text_1sthalf.db,MultiText,Id,Zuoyequnxing_10_5,Content,dialogue,translated,,PASS,10,,,,,"But I thought if I'm going to remain like this anyway, I may as well get what I wanted before I disappear, right?","Nhưng tôi nghĩ nếu mình cứ mãi như thế này, thì trước khi biến mất, ít nhất cũng nên đạt được điều mình muốn, phải không?",
lang_multi_text_1sthalf.db,MultiText,Id,Zuoyequnxing_10_6,Content,dialogue,translated,,PASS,10,,,,,"I've heard of cases where the Left Behind remain aware of their state, sustained by powerful desires… But for such a simple wish…","Ta từng nghe nói có trường hợp Người Bị Bỏ Lại vẫn giữ được nhận thức, nhờ vào những khát khao mãnh liệt… Nhưng chỉ vì một ước nguyện đơn giản như thế…",
lang_multi_text_1sthalf.db,MultiText,Id,Zuoyequnxing_10_7,Content,dialogue,translated,,PASS,10,,,,,You truly only wished to see me again?,Cậu thật sự chỉ mong được gặp lại ta sao?,
lang_multi_text_1sthalf.db,MultiText,Id,Zuoyequnxing_10_8,Content,dialogue,translated,,PASS,10,,,,,"Hehe. I mean, you <i>are</i> a legend. You've been the Miko of Flaming Sakura since my great-grandmother's time.","Hehe. Ý em là, cậu <i>đúng là</i> một huyền thoại mà. Từ thời bà cố của em, cậu đã là Miko của Flaming Sakura rồi.",
lang_multi_text_1sthalf.db,MultiText,Id,Zuoyequnxing_10_9,Content,dialogue,translated,,PASS,10,,,,,"When I heard Honami was in danger and that the Miko of Flaming Sakura would meet the vanguard, I rushed here just to see you.","Khi nghe tin Honami gặp nguy hiểm và Miko của Flaming Sakura sẽ gặp đội tiên phong, em đã vội vã đến đây chỉ để được gặp cậu.",
lang_multi_text_1sthalf.db,MultiText,Id,Zuoyequnxing_10_10,Content,dialogue,translated,,PASS,10,,,,,"You shouldn't have taken such a risk. If you wished to see me, you could have gone to the Flaming Sakura.","Cậu không nên mạo hiểm như vậy. Nếu muốn gặp ta, cậu chỉ cần đến Flaming Sakura là được.",
lang_multi_text_1sthalf.db,MultiText,Id,Zuoyequnxing_10_11,Content,dialogue,translated,,PASS,10,,,,,"I know, I know. Everyone says you can just write your wish on the plaque and Lady Miko will see it… but I worried. What if it never reached you?","Em biết, em biết mà. Ai cũng bảo chỉ cần viết điều ước lên tấm bảng, Miko sẽ thấy… nhưng em lo lắng. Lỡ như nó không tới được tay cậu thì sao?",
lang_multi_text_1sthalf.db,MultiText,Id,Zuoyequnxing_10_12,Content,dialogue,translated,,PASS,10,,,,,So I came all this way to make the wish in person. I wanted to see whether it would come true.,Vậy nên em mới phải đi xa như vậy để trực tiếp nói lên điều ước. Em muốn tận mắt thấy liệu nó có thành hiện thực không.,
lang_multi_text_1sthalf.db,MultiText,Id,Zuoyequnxing_10_13,Content,dialogue,translated,,PASS,10,,,,,"Very well. Then tell me, what is your true wish?","Được rồi. Vậy hãy nói cho ta nghe, điều ước thật sự của cậu là gì?",
lang_multi_text_1sthalf.db,MultiText,Id,Zuoyequnxing_10_14,Content,dialogue,translated,,PASS,10,,,,,I wish for world peace. For people to stop living in fear of the Lament. I want everyone to survive it—,Tôi ước cho thế giới được hòa bình. Cho mọi người không còn phải sống trong sợ hãi trước Lament nữa. Tôi muốn tất cả đều vượt qua được nó—,
lang_multi_text_1sthalf.db,MultiText,Id,Zuoyequnxing_10_15,Content,dialogue,translated,,PASS,10,,,,,"Lady Miko, my wish is... ""That there will never be another Miko of Flaming Sakura.""","Thưa Miko, điều tôi ước là... ""Sẽ không bao giờ có thêm một Miko của Flaming Sakura nữa.""",
lang_multi_text_1sthalf.db,MultiText,Id,Zuoyequnxing_10_16,Content,dialogue,translated,,REVIEW,6,same_as_source,,,,...,...,
lang_multi_text_1sthalf.db,MultiText,Id,Zuoyequnxing_10_17,Content,dialogue,translated,,PASS,10,,,,,I see. Then I promise you. This wish will be fulfilled.,Ta hiểu rồi. Vậy thì ta hứa với ngươi. Điều ước ấy sẽ được thực hiện.,
lang_multi_text_1sthalf.db,MultiText,Id,Zuoyequnxing_10_18,Content,dialogue,translated,,PASS,10,,,,,I know it will.,Tôi biết điều đó sẽ thành hiện thực.,
lang_multi_text_1sthalf.db,MultiText,Id,Zuoyequnxing_10_19,Content,dialogue,translated,,PASS,10,,,,,"After all, you <i>are</i> the Eternal Miko—",Bởi ngươi <i>chính là</i> Miko Vĩnh Hằng mà.,
lang_multi_text_1sthalf.db,MultiText,Id,Zuoyequnxing_10_20,Content,dialogue,translated,,PASS,10,,,,,"Now, now. No need for that, Lady Miko.","Thôi nào, thôi nào. Không cần phải như vậy đâu, Miko.",
lang_multi_text_1sthalf.db,MultiText,Id,Zuoyequnxing_10_21,Content,dialogue,translated,,PASS,10,,,,,"If you wished, you could cut down this avatar at any moment. But… I think you'll find this far more interesting.","Nếu muốn, cô có thể hạ gục hình nhân này bất cứ lúc nào. Nhưng... tôi nghĩ cô sẽ thấy điều này thú vị hơn nhiều.",
lang_multi_text_1sthalf.db,MultiText,Id,Zuoyequnxing_10_22,Content,dialogue,translated,,PASS,10,,,,,Gyokuro's white bird...,Con chim trắng của Gyokuro...,
lang_multi_text_1sthalf.db,MultiText,Id,Zuoyequnxing_10_23,Content,dialogue,translated,,PASS,10,,,,,I know the Fractsidus has caused Ashinohara its fair share of grief. But personally? I hold no ill will toward you.,Tôi biết Fractsidus đã gây không ít đau khổ cho Ashinohara. Nhưng cá nhân tôi? Tôi không hề có ác cảm với cô.,
lang_multi_text_1sthalf.db,MultiText,Id,Zuoyequnxing_10_24,Content,dialogue,translated,,PASS,10,,,,,"I had dealings with the previous miko. It wasn't exactly a pleasant chat, but I promise you, her death was not by my hand.","Tôi từng giao thiệp với vị Miko tiền nhiệm. Cuộc trò chuyện đó không mấy dễ chịu, nhưng tôi cam đoan với cô, cái chết của bà ấy không phải do tôi gây ra.",
lang_multi_text_1sthalf.db,MultiText,Id,Zuoyequnxing_10_25,Content,dialogue,translated,,PASS,10,,,,,"Just as you once witnessed, she met the fate all Mikos of Flaming Sakura share. She died burning her future to ash to pay for the present.","Như cô từng chứng kiến, bà ấy đã gặp phải số phận chung của mọi Miko Flaming Sakura. Bà ấy đã chết trong ngọn lửa đốt cháy tương lai để đổi lấy hiện tại.",
lang_multi_text_1sthalf.db,MultiText,Id,Zuoyequnxing_10_26,Content,dialogue,translated,,PASS,10,,,,,Aren't you even a little curious? About what I showed her?,Cậu không tò mò chút nào sao? Về những gì ta đã cho cô ấy thấy ấy?,
lang_multi_text_1sthalf.db,MultiText,Id,Zuoyequnxing_10_27,Content,dialogue,translated,,PASS,10,,,,,"If this makes you uncomfortable, feel free to cut through space and leave. This face of mine, of course, is entirely at your mercy.","Nếu điều này khiến cậu khó chịu, cứ thoải mái xuyên không gian mà rời đi. Dĩ nhiên, gương mặt này của ta hoàn toàn phụ thuộc vào cậu.",
lang_multi_text_1sthalf.db,MultiText,Id,Zuoyequnxing_10_28,Content,dialogue,translated,,PASS,10,,,,,No need to dull my blade.,Không cần phải làm cùn lưỡi kiếm của ta đâu.,
lang_multi_text_1sthalf.db,MultiText,Id,Zuoyequnxing_10_29,Content,dialogue,translated,,PASS,10,,,,,"Hmph... She wears the exact same expression as the previous miko. I suppose one day, she too will be reduced to ash by her own wish.","Hừ... Cô ta mang chính xác biểu cảm như vị miko trước. Ta đoán một ngày nào đó, cô ta cũng sẽ bị thiêu thành tro bởi chính nguyện vọng của mình.",
lang_multi_text_1sthalf.db,MultiText,Id,Zuoyequnxing_10_30,Content,dialogue,translated,,PASS,10,,,,,"Oh, Eternal Miko... is she simply arrogant? Or just a coward?","Ôi, Eternal Miko... Cô ta chỉ kiêu ngạo thôi sao? Hay chỉ là một kẻ hèn nhát?",
lang_multi_text_1sthalf.db,MultiText,Id,Zuoyequnxing_10_31,Content,dialogue,translated,,PASS,10,,,,,"The Grand Architect, disguised as a lively Left Behind, mentions her wish ""That there will never be another Miko of Flaming Sakura"" to Hiyuki before dropping the act. 
In the confrontation, the Grand Architect reveals how Gyokuro burned through all her futures on the path to becoming miko, and that she herself had made contact with Gyokuro in the past. To uncover the truth, Hiyuki steps through a portal.","Vị Grand Architect cải trang thành một Left Behind đầy sức sống, nhắc đến nguyện vọng của mình ""Ước gì sẽ không bao giờ có thêm Miko of Flaming Sakura nào nữa"" với Hiyuki trước khi thôi đóng kịch.
Trong cuộc đối đầu, Grand Architect tiết lộ Gyokuro đã đốt cháy mọi tương lai của mình trên con đường trở thành miko, và chính bà ta từng liên lạc với Gyokuro trong quá khứ. Để vén màn sự thật, Hiyuki bước qua cánh cổng không gian.",
lang_multi_text_1sthalf.db,MultiText,Id,Zuoyequnxing_11_1,Content,dialogue,translated,,PASS,10,,,,,(A peaceful Honami... Why bother with such an illusion?),(Một Honami yên bình... Sao lại phải bận tâm đến ảo ảnh như vậy?),
lang_multi_text_1sthalf.db,MultiText,Id,Zuoyequnxing_12_1,Content,dialogue,translated,,PASS,10,,,,,"Ugh, I'm late for school again...","Ui trời, lại muộn học nữa rồi...",
lang_multi_text_1sthalf.db,MultiText,Id,Zuoyequnxing_13_1,Content,dialogue,translated,,PASS,10,,,,,"Hey, think I can take tomorrow off? If work is the root of all of your problems, why work in the first place?","Này, mai nghỉ được không nhỉ? Nếu công việc là gốc rễ của mọi vấn đề, thì tại sao phải làm việc chứ?",
lang_multi_text_1sthalf.db,MultiText,Id,Zuoyequnxing_13_2,Content,dialogue,translated,,PASS,10,,,,,"Come on. If work is your biggest problem, then you're probably already living a pretty good life.","Thôi nào. Nếu công việc là vấn đề lớn nhất của cậu, thì có lẽ cậu đang sống một cuộc đời khá tốt đấy.",
lang_multi_text_1sthalf.db,MultiText,Id,Zuoyequnxing_14_1,Content,dialogue,translated,,PASS,10,,,,,"(If Ashinohara could truly be this peaceful, if their dreams could really come true… then I wouldn't have to raise my blade ever again…)","(Nếu Ashinohara thực sự có thể bình yên như thế này, nếu những giấc mơ của họ có thể thành hiện thực... thì có lẽ ta sẽ không bao giờ phải vung kiếm nữa...)",
lang_multi_text_1sthalf.db,MultiText,Id,Zuoyequnxing_15_1,Content,dialogue,translated,,PASS,10,,,,,Superhero movies these days are so boring. They should've just blown up all of Solaris! That would've been a real movie.,"Phim siêu anh hùng dạo này chán quá. Họ nên cho nổ tung cả Solaris luôn đi! Thế mới gọi là phim thực thụ chứ.
```",
lang_multi_text_1sthalf.db,MultiText,Id,Zuoyequnxing_15_2,Content,dialogue,translated,,PASS,10,,,,,"Man, just being able to have a normal, peaceful day like this is all we need.","Ôi, chỉ cần được sống một ngày bình yên, bình thường thế này thôi là đủ rồi.",
lang_multi_text_1sthalf.db,MultiText,Id,Zuoyequnxing_16_1,Content,dialogue,translated,,PASS,10,,,,,"Hmm, guess I'll go draw a fortune stick. Hopefully, I'll get lucky with men soon.","Hừm, để tớ đi rút quẻ xem sao. Hy vọng lần này sẽ gặp may mắn về chuyện tình cảm nhỉ.",
lang_multi_text_1sthalf.db,MultiText,Id,Zuoyequnxing_17_1,Content,dialogue,translated,,REVIEW,6,same_as_source,,,,Gyokuro...?,Gyokuro...?,
lang_multi_text_1sthalf.db,MultiText,Id,Zuoyequnxing_18_1,Content,dialogue,translated,,PASS,10,,,,,"Lady Gyokuro, guess what? No math homework today!","Chị Gyokuro ơi, đoán xem nào? Hôm nay không có bài tập toán đấy!",
lang_multi_text_1sthalf.db,MultiText,Id,Zuoyequnxing_18_2,Content,dialogue,translated,,PASS,10,,,,,My parents and my big sister finally taught me how to make red bean pudding. Want to try mine?,Cuối cùng bố mẹ và chị gái cũng dạy em cách làm pudding đậu đỏ rồi. Rover muốn thử không?,
lang_multi_text_1sthalf.db,MultiText,Id,Zuoyequnxing_18_3,Content,dialogue,translated,,PASS,10,,,,,"I'd love to! You know I can't resist red bean pudding. Wouldn't miss your special batch for the world, little Kanna.",Tất nhiên rồi! Cậu biết tớ không thể cưỡng lại pudding đậu đỏ mà. Nhất định không thể bỏ lỡ mẻ đặc biệt của em Kanna đâu.,
lang_multi_text_1sthalf.db,MultiText,Id,Zuoyequnxing_18_4,Content,dialogue,translated,,PASS,10,,,,,Yay! I'll go make it right now—,Ôi! Em sẽ đi làm ngay đây—,
lang_multi_text_1sthalf.db,MultiText,Id,Zuoyequnxing_18_5,Content,dialogue,translated,,PASS,10,,,,,"Gyokuro, I'm here. What is it?","Gyokuro, tớ đến rồi. Có chuyện gì thế?",
lang_multi_text_1sthalf.db,MultiText,Id,Zuoyequnxing_18_6,Content,dialogue,translated,,PASS,10,,,,,"My, my. Can't a sister just want to see her favorite girl without a reason?",Ôi trời. Em gái không được muốn gặp cô gái yêu thích của mình mà không có lý do à?,
lang_multi_text_1sthalf.db,MultiText,Id,Zuoyequnxing_18_7,Content,dialogue,translated,,PASS,10,,,,,...That's not what I meant.,...Tớ không có ý đó.,
lang_multi_text_1sthalf.db,MultiText,Id,Zuoyequnxing_18_8,Content,dialogue,translated,,PASS,10,,,,,Hehe. There's that serious little face. I just wanted to chat. Always relaxes me.,Hehe. Mặt nghiêm túc dễ thương thế. Em chỉ muốn trò chuyện thôi. Luôn giúp em thư giãn mà.,
lang_multi_text_1sthalf.db,MultiText,Id,Zuoyequnxing_18_9,Content,dialogue,translated,,PASS,10,,,,,So? How are things at the Flaming Sakura?,Thế à? Mọi chuyện ở Flaming Sakura thế nào rồi?,
lang_multi_text_1sthalf.db,MultiText,Id,Zuoyequnxing_18_10,Content,dialogue,translated,,PASS,10,,,,,The usual. Many came to make wishes.,Như thường lệ thôi. Rất nhiều người đến để gửi gắm điều ước.,
lang_multi_text_1sthalf.db,MultiText,Id,Zuoyequnxing_18_11,Content,dialogue,translated,,PASS,10,,,,,The Threnodian's active cycle is almost here. Death will be a frequent visitor to Ashinohara once more.,Chu kỳ hoạt động của Threnodian lại sắp đến. Cái chết sẽ lại trở thành vị khách thường xuyên ghé thăm Ashinohara.,
lang_multi_text_1sthalf.db,MultiText,Id,Zuoyequnxing_18_12,Content,dialogue,translated,,PASS,10,,,,,"Prayers for safety, peace, victory… they pile up thickest at times like this.","Những lời cầu nguyện cho sự bình an, hòa bình, chiến thắng… chúng chất đống dày đặc nhất vào những thời điểm như thế này.",
lang_multi_text_1sthalf.db,MultiText,Id,Zuoyequnxing_18_13,Content,dialogue,translated,,PASS,10,,,,,"The Miko of Flaming Sakura is the bridge between people and the divine. A ""wish jar"" for all their hopes. We must listen to every single one.","Miko của Flaming Sakura là cầu nối giữa con người và thần linh. Một ""hũ điều ước"" chứa đựng mọi hy vọng của họ. Chúng ta phải lắng nghe từng lời một.",
lang_multi_text_1sthalf.db,MultiText,Id,Zuoyequnxing_18_14,Content,dialogue,translated,,PASS,10,,,,,"...Lately, I've been hearing you ring the <ano=ritual bell>Suzu</ano>.","...Gần đây, ta nghe thấy ngươi rung <ano=ritual bell>Suzu</ano>.",
lang_multi_text_1sthalf.db,MultiText,Id,Zuoyequnxing_18_15,Content,dialogue,translated,,PASS,10,,,,,"To grant those wishes, you burn your future using the Suzu's power. Continue... and one day there'll be nothing left to burn.","Để biến những điều ước ấy thành hiện thực, ngươi đốt cháy tương lai của mình bằng sức mạnh của Suzu. Tiếp tục như vậy… rồi một ngày sẽ chẳng còn gì để đốt nữa.",
lang_multi_text_1sthalf.db,MultiText,Id,Zuoyequnxing_18_16,Content,dialogue,translated,,PASS,10,,,,,"You should have stepped down already, Gyokuro. Let me become the Miko of Flaming Sakura. Let me inherit the Suzu.","Lẽ ra ngươi đã nên thoái vị rồi, Gyokuro. Hãy để ta trở thành Miko của Flaming Sakura. Hãy để ta kế thừa Suzu.",
lang_multi_text_1sthalf.db,MultiText,Id,Zuoyequnxing_18_17,Content,dialogue,translated,,PASS,10,,,,,"Oh, I'm perfectly fine! I've got futures to spare, you know?","Ôi, ta vẫn ổn mà! Ngươi biết đấy, ta còn cả đống tương lai phía trước kia mà?",
lang_multi_text_1sthalf.db,MultiText,Id,Zuoyequnxing_18_18,Content,dialogue,translated,,PASS,10,,,,,"You tell me, little Hiyuki. What's got you so fixated on this? Don't tell me you're secretly in awe watching my heroics on the battlefield, and—","Ngươi nói ta nghe xem, tiểu Hiyuki. Điều gì khiến ngươi lại bị ám ảnh đến thế? Đừng có mà bảo ngươi đang thầm ngưỡng mộ ta trên chiến trường đấy nhé, và—",
lang_multi_text_1sthalf.db,MultiText,Id,Zuoyequnxing_18_19,Content,dialogue,translated,,PASS,10,,,,,Yes. I want to be just like you.,Vâng. Con muốn trở thành người như sư phụ.,
lang_multi_text_1sthalf.db,MultiText,Id,Zuoyequnxing_18_20,Content,dialogue,translated,,PASS,10,,,,,"Heh... you wish! You're a hundred years too early for that, you little blockhead.","Hừ... ước gì được như vậy! Ngươi còn non lắm, đồ đầu đất.",
lang_multi_text_1sthalf.db,MultiText,Id,Zuoyequnxing_18_21,Content,dialogue,translated,,PASS,10,,,,,Enough about the Suzu! Stay and have some pudding with me instead. I know a wonderful little shop.,Thôi đủ rồi về chuyện Suzu! Ở lại ăn pudding với ta đi. Ta biết một tiệm nhỏ tuyệt vời lắm.,
lang_multi_text_1sthalf.db,MultiText,Id,Zuoyequnxing_18_22,Content,dialogue,translated,,PASS,10,,,,,Always practicing archery under that sakura tree. What a bore! A girl your age should be out living a little!,Lúc nào cũng chỉ biết luyện bắn cung dưới gốc cây anh đào ấy. Chán chết đi được! Tuổi của cô đáng ra phải biết tận hưởng cuộc sống chứ!,
lang_multi_text_1sthalf.db,MultiText,Id,Zuoyequnxing_18_23,Content,dialogue,translated,,PASS,10,,,,,...Here we go again. You know I don't care about any of that.,...Lại bắt đầu rồi. Cô biết là tôi chẳng quan tâm đến mấy thứ đó mà.,
lang_multi_text_1sthalf.db,MultiText,Id,Zuoyequnxing_18_24,Content,dialogue,translated,,PASS,10,,,,,I'm going back.,Tôi về đây.,
lang_multi_text_1sthalf.db,MultiText,Id,Zuoyequnxing_18_25,Content,dialogue,translated,,PASS,10,,,,,"You sure? Come on, consider granting your big sister's wish.","Chắc chắc chứ? Thôi nào, chiều chị một chút đi mà.",
lang_multi_text_1sthalf.db,MultiText,Id,Zuoyequnxing_18_26,Content,dialogue,translated,,PASS,10,,,,,I only came because you called. I put my work on hold. I can't stay too long.,Tôi đến chỉ vì cô gọi thôi. Công việc đang dang dở mà. Tôi không thể ở lại lâu được.,
lang_multi_text_1sthalf.db,MultiText,Id,Zuoyequnxing_18_27,Content,dialogue,translated,,PASS,10,,,,,Besides... I don't like red bean pudding.,Hơn nữa... tôi cũng không thích chè đậu đỏ.,
lang_multi_text_1sthalf.db,MultiText,Id,Zuoyequnxing_18_28,Content,dialogue,translated,,PASS,10,,,,,Huh?! I keep forgetting you have the world's most boring palate. What a shame.,Hử?! Tớ cứ quên mất là cậu có khẩu vị chán nhất thế gian. Thật đáng tiếc.,
lang_multi_text_1sthalf.db,MultiText,Id,Zuoyequnxing_18_29,Content,dialogue,translated,,PASS,10,,,,,"I'll just have to enjoy it all by my lonesome, then!",Thế thì tớ đành phải tự mình thưởng thức hết vậy!,
lang_multi_text_1sthalf.db,MultiText,Id,Zuoyequnxing_18_30,Content,dialogue,translated,,PASS,10,,,,,Gyokuro never once spoke of her own wishes. She lived only to grant the wishes of others.,Gyokuro chưa bao giờ nói về mong muốn của riêng mình. Cô ấy chỉ sống để thực hiện ước nguyện của người khác.,
lang_multi_text_1sthalf.db,MultiText,Id,Zuoyequnxing_18_31,Content,dialogue,translated,,PASS,10,,,,,If only... I had chosen to go with her.,Giá như... lúc đó tớ chọn đi cùng cô ấy.,
lang_multi_text_1sthalf.db,MultiText,Id,Zuoyequnxing_18_32,Content,dialogue,translated,,PASS,10,,,,,"An illusory Honami lies on the other side of the portal. Hiyuki is shown past conversations between Gyokuro and herself. Back then, Hiyuki was timid and reserved, while Gyokuro always embraced her with a smile. Focused on the duty of inheriting her older sister's role as miko and the ability to wield the ""Suzu,"" the past Hiyuki rejected Gyokuro's wish to share red bean pudding with her and returned home alone.
Now, regret lingers in Hiyuki's heart: If only she had chosen to stay with her sister.","Một Honami ảo nằm ở phía bên kia cánh cổng. Hiyuki được chứng kiến những cuộc trò chuyện trong quá khứ giữa Gyokuro và chính mình. Khi ấy, Hiyuki còn rụt rè và khép kín, trong khi Gyokuro luôn dang rộng vòng tay mỉm cười với em. Vì tập trung vào trách nhiệm kế thừa vai trò miko của chị gái và khả năng sử dụng ""Suzu"", Hiyuki trong quá khứ đã từ chối mong muốn của Gyokuro muốn cùng ăn pudding đậu đỏ với mình và trở về nhà một mình.
Giờ đây, sự hối tiếc vẫn còn vương vấn trong lòng Hiyuki: Giá như lúc đó em chọn ở lại bên chị...",
lang_multi_text_1sthalf.db,MultiText,Id,Zuoyequnxing_19_1,Content,dialogue,translated,,PASS,10,,,,,(...I should go there. One more look will be enough…),(...Tớ nên đến đó. Chỉ cần nhìn thêm một lần nữa là đủ...),
lang_multi_text_1sthalf.db,MultiText,Id,Zuoyequnxing_2_1,Content,dialogue,translated,,PASS,10,,,,,"Lady Miko, can you hear me?","Hiyuki, cô có nghe thấy tôi không?",
lang_multi_text_1sthalf.db,MultiText,Id,Zuoyequnxing_2_2,Content,dialogue,translated,,PASS,10,,,,,Yes. You may call me Hiyuki.,Có. Cậu cứ gọi tôi là Hiyuki.,
lang_multi_text_1sthalf.db,MultiText,Id,Zuoyequnxing_2_3,Content,dialogue,translated,,PASS,10,,,,,"Understood, Lady Hiyuki.","Tôi hiểu rồi, Hiyuki.",
lang_multi_text_1sthalf.db,MultiText,Id,Zuoyequnxing_2_4,Content,dialogue,translated,,PASS,10,,,,,...Mmm.,...Ừm.,
lang_multi_text_1sthalf.db,MultiText,Id,Zuoyequnxing_2_5,Content,dialogue,translated,,PASS,10,,,,,"Most of the Left Behind in Honami City have been relocated. But a few, the ones whose regrets run deepest, still roam the danger zones.","Hầu hết những người bị bỏ lại ở Honami đã được di dời. Nhưng vẫn còn một số ít, những người mang nỗi hối tiếc sâu sắc nhất, vẫn lang thang trong các khu vực nguy hiểm.",
lang_multi_text_1sthalf.db,MultiText,Id,Zuoyequnxing_2_6,Content,dialogue,translated,,PASS,10,,,,,Their unfulfilled desires concentrate the Lament's power. An incident just waiting to happen.,Những khát khao chưa thành của họ tập trung sức mạnh của Lament. Một sự cố chỉ chờ xảy ra.,
lang_multi_text_1sthalf.db,MultiText,Id,Zuoyequnxing_2_7,Content,dialogue,translated,,PASS,10,,,,,"With you here, I feel better about the situation. We didn't expect you to take this on yourself...","Có cậu ở đây, tôi cảm thấy tình hình khả quan hơn nhiều. Không ngờ cậu lại tự mình đảm nhận chuyện này...",
lang_multi_text_1sthalf.db,MultiText,Id,Zuoyequnxing_2_8,Content,dialogue,translated,,PASS,10,,,,,Protecting Honami is the duty of the Miko of Flaming Sakura. I thank you for your support.,Bảo vệ Honami là nhiệm vụ của Miko Hoa Anh Đào. Tôi cảm ơn sự hỗ trợ của cậu.,
lang_multi_text_1sthalf.db,MultiText,Id,Zuoyequnxing_2_9,Content,dialogue,translated,,PASS,10,,,,,"Actually, I have a favor to ask.","Thực ra, tôi có chuyện muốn nhờ cậu.",
lang_multi_text_1sthalf.db,MultiText,Id,Zuoyequnxing_2_10,Content,dialogue,translated,,PASS,10,,,,,"Oh, is it about Gyokuro, the former miko? We've already found traces that may belong to her, but nothing we can confirm yet.","À, là về Gyokuro, cựu Miko ấy à? Chúng tôi đã tìm thấy vài dấu vết có thể là của cô ấy, nhưng chưa có gì chắc chắn cả.",
lang_multi_text_1sthalf.db,MultiText,Id,Zuoyequnxing_2_11,Content,dialogue,translated,,PASS,10,,,,,"We're in the process of narrowing down her location. As soon as we learn anything, you'll be the first to know.","Chúng tôi đang thu hẹp phạm vi tìm kiếm. Ngay khi có thông tin gì, cậu sẽ là người đầu tiên được biết.",
lang_multi_text_1sthalf.db,MultiText,Id,Zuoyequnxing_2_12,Content,dialogue,translated,,PASS,10,,,,,I am in your debt.,Tôi mang ơn cậu.,
lang_multi_text_1sthalf.db,MultiText,Id,Zuoyequnxing_2_13,Content,dialogue,translated,,PASS,10,,,,,"Oh, it's nothing. If it weren't for you back then, I would have... Anyway, I'll leave this area to you!","Ồ, không có gì đâu. Nếu không có cậu hồi đó, có lẽ tôi đã... Thôi, khu vực này cứ để cậu lo liệu nhé!",
lang_multi_text_1sthalf.db,MultiText,Id,Zuoyequnxing_2_14,Content,dialogue,translated,,PASS,10,,,,,You can rely on me.,Cậu cứ yên tâm giao cho tôi.,
lang_multi_text_1sthalf.db,MultiText,Id,Zuoyequnxing_2_15,Content,dialogue,translated,,PASS,10,,,,,…Was there something else you wanted to say?,…Còn gì cậu muốn nói nữa không?,
lang_multi_text_1sthalf.db,MultiText,Id,Zuoyequnxing_2_16,Content,dialogue,translated,,PASS,10,,,,,"...N-Nothing! Lady Hiyuki, it's just... Ugh, thank you for everything you do! Goodbye!","...K-Không có gì đâu ạ! Thưa Lady Hiyuki, chỉ là... Ước gì em có thể nói gì đó hơn... Cảm ơn cô vì tất cả! Tạm biệt cô ạ!",
lang_multi_text_1sthalf.db,MultiText,Id,Zuoyequnxing_2_17,Content,dialogue,translated,,PASS,10,,,,,"Hiyuki arrives in Honami and makes contact with a Black Shores agent to be briefed on the current situation before handling the deep-rooted obsessions of the Left Behind. The agent mentions that the exact whereabouts of Gyokuro, the former miko, remain unknown.","Hiyuki đến Honami và liên lạc với một đặc vụ Black Shores để nắm tình hình trước khi giải quyết những ám ảnh dai dẳng của những kẻ bị bỏ lại. Đặc vụ cho biết tung tích chính xác của Gyokuro, cựu miko, vẫn chưa được xác định.",
lang_multi_text_1sthalf.db,MultiText,Id,Zuoyequnxing_3_1,Content,dialogue,translated,,PASS,10,,,,,(This blade... It's as sharp as they promised.),(Lưỡi kiếm này... Sắc bén đúng như lời hứa.),
lang_multi_text_1sthalf.db,MultiText,Id,Zuoyequnxing_3_2,Content,dialogue,translated,,PASS,10,,,,,"(Once business in Lahai-Roi is settled, I'll take it back to Ashinohara.)","(Sau khi giải quyết xong việc ở Lahai-Roi, tôi sẽ mang nó về Ashinohara.)",
lang_multi_text_1sthalf.db,MultiText,Id,Zuoyequnxing_4_1,Content,dialogue,translated,,PASS,10,,,,,You... You are...!,C-cậu... Cậu là...!,
lang_multi_text_1sthalf.db,MultiText,Id,Zuoyequnxing_4_2,Content,dialogue,translated,,PASS,10,,,,,Yes.,Đúng vậy.,
lang_multi_text_1sthalf.db,MultiText,Id,Zuoyequnxing_4_3,Content,dialogue,translated,,PASS,10,,,,,"Miko of Flaming Sakura, you're back! I knew those monsters wouldn't stand a chance!","Miko của Lửa Hoa Anh Đào, ngài đã trở lại! Tôi biết mấy con quái vật đó không thể làm gì được ngài!",
lang_multi_text_1sthalf.db,MultiText,Id,Zuoyequnxing_4_4,Content,dialogue,translated,,PASS,10,,,,,"Everyone else thought we were done for, but I told them, ""Don't worry. Lady Miko will come and save us!""","Mọi người đều nghĩ chúng ta hết hy vọng rồi, nhưng tôi đã bảo họ: ""Đừng lo. Miko sẽ đến và cứu chúng ta!""",
lang_multi_text_1sthalf.db,MultiText,Id,Zuoyequnxing_4_5,Content,dialogue,translated,,PASS,10,,,,,...I'm sorry. I was too late.,...Xin lỗi. Tôi đã đến quá muộn.,
lang_multi_text_1sthalf.db,MultiText,Id,Zuoyequnxing_4_6,Content,dialogue,translated,,PASS,10,,,,,"It doesn't matter! You're here now, aren't you?","Không quan trọng nữa! Giờ cậu đã ở đây rồi, phải không?",
lang_multi_text_1sthalf.db,MultiText,Id,Zuoyequnxing_4_7,Content,dialogue,translated,,PASS,10,,,,,"Please, just say it. Say the Miko of Flaming Sakura has returned, and that those monsters are finished…!","Xin hãy nói đi. Hãy nói rằng Miko của Flaming Sakura đã trở lại, và bọn quái vật kia đã đến hồi kết…!",
lang_multi_text_1sthalf.db,MultiText,Id,Zuoyequnxing_4_8,Content,dialogue,translated,,PASS,10,,,,,"The Threnodian has retreated, but I couldn't... I couldn't save you...","Threnodian đã rút lui rồi, nhưng tôi không thể... Tôi không thể cứu cậu được...",
lang_multi_text_1sthalf.db,MultiText,Id,Zuoyequnxing_4_9,Content,dialogue,translated,,PASS,10,,,,,"But you defeated it. Again. And one day, you'll drive it away from Ashinohara for good!","Nhưng cậu đã đánh bại nó. Một lần nữa. Rồi sẽ có ngày, cậu sẽ đuổi nó khỏi Ashinohara vĩnh viễn!",
lang_multi_text_1sthalf.db,MultiText,Id,Zuoyequnxing_4_10,Content,dialogue,translated,,PASS,10,,,,,"Yes, I hear your wish. And I promise, one day...","Ta nghe thấy nguyện vọng của ngươi. Và ta hứa, một ngày nào đó...",
lang_multi_text_1sthalf.db,MultiText,Id,Zuoyequnxing_4_11,Content,dialogue,translated,,PASS,10,,,,,Purge the Left Behind.,Sẽ thanh tẩy những kẻ Bị Bỏ Lại.,
lang_multi_text_1sthalf.db,MultiText,Id,Zuoyequnxing_4_12,Content,dialogue,translated,,PASS,10,,,,,"A young, excited Left Behind reminisces about his admiration and dependence on the Miko of Flaming Sakura's salvation.","Một đứa trẻ Left Behind còn nhỏ, đầy háo hức hồi tưởng về sự ngưỡng mộ và niềm tin tưởng vào Miko của Flaming Sakura - người đã mang lại sự cứu rỗi cho chúng.",
lang_multi_text_1sthalf.db,MultiText,Id,Zuoyequnxing_5_1,Content,dialogue,translated,,PASS,10,,,,,(I... failed their hopes.),(Tôi... đã phụ sự kỳ vọng của họ.),
lang_multi_text_1sthalf.db,MultiText,Id,Zuoyequnxing_5_2,Content,dialogue,translated,,PASS,10,,,,,"(No matter how many times we drive it back, the Threnodian always returns.)","(Dù chúng ta đẩy lùi nó bao nhiêu lần đi nữa, Threnodian vẫn luôn quay trở lại.)",
lang_multi_text_1sthalf.db,MultiText,Id,Zuoyequnxing_5_3,Content,dialogue,translated,,PASS,10,,,,,"(When will we be freed from this nightmare, Ashinohara…?)","(Đến bao giờ chúng ta mới thoát khỏi cơn ác mộng này, Ashinohara…?)",
lang_multi_text_1sthalf.db,MultiText,Id,Zuoyequnxing_6_1,Content,dialogue,translated,,PASS,10,,,,,"This is all your fault! ""Eternal Miko,"" huh? …You're all useless! Every last one of you!","Tất cả đều là lỗi của các người! ""Miko Vĩnh Cửu"" ư?... Toàn là đồ vô dụng! Cả lũ!",
lang_multi_text_1sthalf.db,MultiText,Id,Zuoyequnxing_6_2,Content,dialogue,translated,,REVIEW,6,same_as_source,,,,...,...,
lang_multi_text_1sthalf.db,MultiText,Id,Zuoyequnxing_6_3,Content,dialogue,translated,,PASS,10,,,,,How do you even dare show your face in Honami…!,Sao ngươi dám xuất hiện ở Honami…!,
lang_multi_text_1sthalf.db,MultiText,Id,Zuoyequnxing_6_4,Content,dialogue,translated,,PASS,10,,,,,They're all dead! Everyone's dead! Hahaha… I knew it. I knew the Threnodian couldn't be defeated… I should've run as far away as I could…,Chúng đều đã chết! Tất cả đều chết hết rồi! Hahaha… Ta biết mà. Ta biết Threnodian không thể bị đánh bại… Đáng lẽ ta nên chạy càng xa càng tốt…,
lang_multi_text_1sthalf.db,MultiText,Id,Zuoyequnxing_6_5,Content,dialogue,translated,,PASS,10,,,,,Lady Miko... Lady Miko! Please! Do something! Anything?,Phu nhân Miko... Phu nhân Miko! Xin hãy làm gì đi! Bất cứ điều gì!,
lang_multi_text_1sthalf.db,MultiText,Id,Zuoyequnxing_6_6,Content,dialogue,translated,,PASS,10,,,,,I...,Ta...,
lang_multi_text_1sthalf.db,MultiText,Id,Zuoyequnxing_6_7,Content,dialogue,translated,,PASS,10,,,,,"...I knew you couldn't hold the line. I knew it couldn't be killed, but... how do we go on from here?","...Ta đã biết ngươi không thể giữ được phòng tuyến. Ta biết nó không thể bị giết, nhưng... giờ chúng ta phải làm sao đây?",
lang_multi_text_1sthalf.db,MultiText,Id,Zuoyequnxing_6_8,Content,dialogue,translated,,PASS,10,,,,,Powerful people like you won't die even if you lose. What about us? What about ordinary people? Just wait to be torn apart?,Những kẻ quyền lực như ngươi sẽ không chết dù có thất bại. Còn chúng ta thì sao? Những người bình thường như chúng ta? Chỉ còn cách chờ bị xé xác thôi sao?,
lang_multi_text_1sthalf.db,MultiText,Id,Zuoyequnxing_6_9,Content,dialogue,translated,,PASS,10,,,,,"Lady Miko... Heroes...! Tell me, what should we do?!","Thưa Miko... những người hùng...! Xin hãy chỉ bảo, chúng ta nên làm gì?!",
lang_multi_text_1sthalf.db,MultiText,Id,Zuoyequnxing_6_10,Content,dialogue,translated,,PASS,10,,,,,"If you need someone to hate, let it be me.","Nếu các người cần ai đó để căm hận, hãy để ta gánh chịu.",
lang_multi_text_1sthalf.db,MultiText,Id,Zuoyequnxing_6_11,Content,dialogue,translated,,PASS,10,,,,,"It's alright. Place all your pain, all your resentment upon me. May your soul be granted a moment of peace.","Không sao đâu. Hãy trút hết nỗi đau, hết sự căm phẫn của các người lên ta. Mong linh hồn các người được yên nghỉ dù chỉ trong khoảnh khắc.",
lang_multi_text_1sthalf.db,MultiText,Id,Zuoyequnxing_6_12,Content,dialogue,translated,,PASS,10,,,,,Purge the Left Behind.,Hãy thanh tẩy những kẻ Bị Bỏ Lại.,
lang_multi_text_1sthalf.db,MultiText,Id,Zuoyequnxing_6_13,Content,dialogue,translated,,PASS,10,,,,,A sorrowful Left Behind spits bitter accusations at the Miko of Flaming Sakura's failure to protect the city.,Một kẻ Bị Bỏ Lại đầy đau khổ phun ra những lời buộc tội cay đắng về sự thất bại của Miko Hoa Anh Đào trong việc bảo vệ thành phố.,
lang_multi_text_1sthalf.db,MultiText,Id,Zuoyequnxing_7_1,Content,dialogue,translated,,PASS,10,,,,,(If I had been stronger… could I have saved them?),*(Nếu ta mạnh mẽ hơn... liệu ta có thể cứu được họ không?)*,
lang_multi_text_1sthalf.db,MultiText,Id,Zuoyequnxing_7_2,Content,dialogue,translated,,PASS,10,,,,,(If only I had more power...),(Giá như mình có thêm sức mạnh...),
lang_multi_text_1sthalf.db,MultiText,Id,Zuoyequnxing_8_1,Content,dialogue,translated,,PASS,10,,,,,Lady Miko... Are you the Lady Miko?,Cô Miko... Có phải cô là Miko không ạ?,
lang_multi_text_1sthalf.db,MultiText,Id,Zuoyequnxing_8_2,Content,dialogue,translated,,PASS,10,,,,,Oh! You are! You're the miko who once talked to Lady Gyokuro!,Ôi! Đúng rồi! Cô chính là miko từng nói chuyện với Lady Gyokuro!,
lang_multi_text_1sthalf.db,MultiText,Id,Zuoyequnxing_8_3,Content,dialogue,translated,,PASS,10,,,,,"She told me about you. She said you're her most treasured family, just like my big sister and I! Your name is... um, it's...","Lady ấy đã kể cho em về cô. Lady bảo cô là người thân thiết nhất của bà ấy, giống như chị gái và em vậy! Tên cô là... ừm, là...",
lang_multi_text_1sthalf.db,MultiText,Id,Zuoyequnxing_8_4,Content,dialogue,translated,,PASS,10,,,,,Hiyuki.,Hiyuki.,
lang_multi_text_1sthalf.db,MultiText,Id,Zuoyequnxing_8_5,Content,dialogue,translated,,PASS,10,,,,,"Yes! Hiyuki, that's it! Such a pretty name, just like Lady Gyokuro's!","Đúng rồi! Hiyuki, chính xác! Tên thật đẹp, giống như tên của Lady Gyokuro vậy!",
lang_multi_text_1sthalf.db,MultiText,Id,Zuoyequnxing_8_6,Content,dialogue,translated,,PASS,10,,,,,"My sister said if I hid here and prayed with all my heart, Lady Miko would come and save us. So… I've been waiting.","Chị gái em bảo nếu em trốn ở đây và cầu nguyện hết lòng, Lady Miko sẽ đến và cứu chúng ta. Vậy nên… em đã đợi.",
lang_multi_text_1sthalf.db,MultiText,Id,Zuoyequnxing_8_7,Content,dialogue,translated,,PASS,10,,,,,"Little one, what's your name? Your hands are cold. Have you been waiting long?","Em tên gì thế, cháu? Tay cháu lạnh quá. Cháu đợi ở đây lâu chưa?",
lang_multi_text_1sthalf.db,MultiText,Id,Zuoyequnxing_8_8,Content,dialogue,translated,,PASS,10,,,,,Kanna. My sister calls me Kanna.,Kanna. Chị gái gọi em là Kanna.,
lang_multi_text_1sthalf.db,MultiText,Id,Zuoyequnxing_8_9,Content,dialogue,translated,,PASS,10,,,,,"Lady Miko... you're finally here, but my sister... She...","Phu nhân Miko... cuối cùng cô cũng đến, nhưng chị gái em... Chị ấy...",
lang_multi_text_1sthalf.db,MultiText,Id,Zuoyequnxing_8_10,Content,dialogue,translated,,PASS,10,,,,,It's alright. I'm listening.,Không sao đâu. Tớ đang nghe đây.,
lang_multi_text_1sthalf.db,MultiText,Id,Zuoyequnxing_8_11,Content,dialogue,translated,,PASS,10,,,,,"She asked you to wait here, didn't she? She must have trusted you very much to give you such an important task.","Cô ấy bảo cậu đợi ở đây mà, phải không? Chắc hẳn cô ấy rất tin tưởng cậu mới giao cho cậu một nhiệm vụ quan trọng như vậy.",
lang_multi_text_1sthalf.db,MultiText,Id,Zuoyequnxing_8_12,Content,dialogue,translated,,PASS,10,,,,,A... task?,Một... nhiệm vụ sao?,
lang_multi_text_1sthalf.db,MultiText,Id,Zuoyequnxing_8_13,Content,dialogue,translated,,PASS,10,,,,,"Yes, a task. If not for you, I would never have found this place.","Đúng vậy, một nhiệm vụ. Nếu không có cậu, ta đã không thể tìm ra nơi này.",
lang_multi_text_1sthalf.db,MultiText,Id,Zuoyequnxing_8_14,Content,dialogue,translated,,PASS,10,,,,,"You did well, Kanna. You completed your task perfectly.","Kanna, cậu làm rất tốt. Cậu đã hoàn thành nhiệm vụ một cách hoàn hảo.",
lang_multi_text_1sthalf.db,MultiText,Id,Zuoyequnxing_8_15,Content,dialogue,translated,,PASS,10,,,,,"Lady Miko, are you here to save Honami? Then… is Honami safe now?","Thưa Miko, cô đến đây để cứu Honami phải không? Vậy thì... Honami có an toàn rồi chứ?",
lang_multi_text_1sthalf.db,MultiText,Id,Zuoyequnxing_8_16,Content,dialogue,translated,,PASS,10,,,,,"…Mm, Honami will be fine.","...Ừm, Honami sẽ ổn thôi.",
lang_multi_text_1sthalf.db,MultiText,Id,Zuoyequnxing_8_17,Content,dialogue,translated,,PASS,10,,,,,Sister said you carry everyone's wishes. That you're the strongest! I knew you'd come and fix everything!,Chị nói cô mang theo ước nguyện của mọi người. Rằng cô là người mạnh nhất! Con biết cô sẽ đến và sửa chữa mọi thứ mà!,
lang_multi_text_1sthalf.db,MultiText,Id,Zuoyequnxing_8_18,Content,dialogue,translated,,PASS,10,,,,,"Um… Lady Miko, can you help me find my sister?","Ưm… Miko, cô có thể giúp em tìm chị gái của em không?",
lang_multi_text_1sthalf.db,MultiText,Id,Zuoyequnxing_8_19,Content,dialogue,translated,,PASS,10,,,,,Of course. We'll both get to see our sisters again soon.,Tất nhiên rồi. Chúng ta sẽ sớm gặp lại chị em của mình thôi.,
lang_multi_text_1sthalf.db,MultiText,Id,Zuoyequnxing_8_20,Content,dialogue,translated,,PASS,10,,,,,Purge the Left Behind.,Thanh tẩy những kẻ bị bỏ lại.,
lang_multi_text_1sthalf.db,MultiText,Id,Zuoyequnxing_8_21,Content,dialogue,translated,,PASS,10,,,,,"When we find her, let's eat red bean pudding! We make the best red bean pudding in the whole world! If you come try it, everyone will want some!","Khi tìm được chị ấy, chúng ta hãy ăn chè đậu đỏ nhé! Chúng ta nấu chè đậu đỏ ngon nhất trên đời luôn! Nếu cậu đến thử, mọi người sẽ muốn ăn ngay thôi!",
lang_multi_text_1sthalf.db,MultiText,Id,Zuoyequnxing_8_22,Content,dialogue,translated,,PASS,10,,,,,Then you'll need to make a lot of it. Can you manage that?,Vậy thì cậu sẽ phải nấu thật nhiều đấy. Cậu làm được chứ?,
lang_multi_text_1sthalf.db,MultiText,Id,Zuoyequnxing_8_23,Content,dialogue,translated,,PASS,10,,,,,Pinky promise! We'll make lots and lots of pudding!,Em hứa mà! Chúng ta sẽ nấu thật nhiều chè luôn!,
lang_multi_text_1sthalf.db,MultiText,Id,Zuoyequnxing_8_24,Content,dialogue,translated,,PASS,10,,,,,"Then even if the Threnodian comes back, we'll have something to eat, and we won't be scared anymore!","Thế thì dù Threnodian có quay lại, chúng ta cũng có gì đó để ăn, và sẽ không còn sợ hãi nữa!",
lang_multi_text_1sthalf.db,MultiText,Id,Zuoyequnxing_8_25,Content,dialogue,translated,,PASS,10,,,,,It's a promise then. We'll make a lot of pudding.,Vậy là hứa rồi nhé. Chúng ta sẽ làm thật nhiều bánh pudding.,
lang_multi_text_1sthalf.db,MultiText,Id,Zuoyequnxing_8_26,Content,dialogue,translated,,REVIEW,6,same_as_source,,,,...,...,
lang_multi_text_1sthalf.db,MultiText,Id,Zuoyequnxing_8_27,Content,dialogue,translated,,PASS,10,,,,,"While purifying the Left Behind, Hiyuki encounters a little girl named Kanna, a girl she once knew who crossed paths with both her and her older sister, Miko Gyokuro. Kanna has long since passed away, and like Hiyuki, she too lost a sister. 
To comfort her, Hiyuki promises to make delicious red bean pudding together. Kanna slowly dissipates before her eyes. Hiyuki watches in silence, the memories of the past lingering in the quiet.","Trong lúc thanh tẩy những kẻ Left Behind, Hiyuki gặp một bé gái tên Kanna, một người mà cô từng quen biết, người đã từng gặp cả cô và chị gái mình, Miko Gyokuro. Kanna đã qua đời từ lâu, và giống như Hiyuki, cô bé cũng mất đi người chị gái của mình.
Để an ủi Kanna, Hiyuki hứa sẽ cùng làm món bánh pudding đậu đỏ thơm ngon. Kanna dần tan biến trước mắt cô. Hiyuki lặng lẽ nhìn theo, những ký ức xưa cũ vẫn còn vương vấn trong sự tĩnh lặng.",
lang_multi_text_1sthalf.db,MultiText,Id,Zuoyequnxing_9_1,Content,dialogue,translated,,PASS,10,,,,,(Red bean pudding... Gyokuro always did have a weakness for sweets like that.),(Bánh pudding đậu đỏ... Gyokuro lúc nào cũng mê đồ ngọt như thế.),
lang_multi_text_1sthalf.db,MultiText,Id,Zuoyequnxing_9_2,Content,dialogue,translated,,PASS,10,,,,,(This time... will I find her traces and truly set her free?),(Lần này... liệu ta có tìm thấy dấu vết của chị và thật sự giải thoát cho chị không?),
lang_multi_text_1sthalf.db,MultiText,Id,Zuoyequnxing_21036_1,Content,dialogue,translated,,PASS,10,,,,,"Today's the anniversary of Threnodian's defeat, so we're getting off early. Dinner?","Hôm nay là ngày kỷ niệm chiến thắng Threnodian, nên chúng ta được nghỉ sớm. Đi ăn tối không?",
lang_multi_text_1sthalf.db,MultiText,Id,Zuoyequnxing_21036_2,Content,dialogue,translated,,PASS,10,,,,,"I need to pick up some Miko of Flaming Sakura merch. Plus a commemorative booklet. You know, for the little one at home.","Tớ phải đi mua mấy món đồ lưu niệm Miko of Flaming Sakura. Còn cả cuốn sách kỷ niệm nữa. Cậu biết đấy, để dành cho đứa nhỏ ở nhà.",
lang_multi_text_1sthalf.db,MultiText,Id,Zuoyequnxing_21036_3,Content,dialogue,translated,,PASS,10,,,,,"Oh, please. We both know it's for yourself.",Thôi nào. Cả hai chúng ta đều biết là để dành cho cậu mà.,
lang_multi_text_1sthalf.db,MultiText,Id,Zuoyequnxing_21037_1,Content,dialogue,translated,,PASS,10,,,,,Ugh... that's so bitter. How do you even drink this?,Ui da... đắng quá. Làm sao mà uống được chứ?,
lang_multi_text_1sthalf.db,MultiText,Id,Zuoyequnxing_21037_2,Content,dialogue,translated,,PASS,10,,,,,Excuse you! The tea you drink is way worse. These are imported coffee beans!,Xin lỗi nhé! Trà mà cậu uống mới tệ hơn nhiều. Đây là hạt cà phê nhập khẩu đấy!,
lang_multi_text_1sthalf.db,MultiText,Id,Zuoyequnxing_21037_3,Content,dialogue,translated,,PASS,10,,,,,"Oh ho, so she's been hiding the good tea, has she? She just ordered two tins of top-grade gyokuro.","Ồ hố, vậy ra cô ấy giấu trà ngon à? Cô ấy vừa đặt hai hộp gyokuro thượng hạng đấy.",
lang_multi_text_1sthalf.db,MultiText,Id,Zuoyequnxing_21037_4,Content,dialogue,translated,,PASS,10,,,,,"Hey, hey, don't! I was saving that for her birthday...","Này, này, đừng mà! Tớ để dành cái đó cho sinh nhật cô ấy mà...",
lang_multi_text_1sthalf.db,MultiText,Id,Zuoyequnxing_21038_1,Content,dialogue,translated,,PASS,10,,,,,"So, how's that new manga? I'm kind of burnt out on all the ""fighting Threnodian"" stuff.","Thế còn bộ manga mới kia thì sao? Tớ hơi ngán mấy thứ ""đánh Threnodian"" rồi ấy.",
lang_multi_text_1sthalf.db,MultiText,Id,Zuoyequnxing_21038_2,Content,dialogue,translated,,PASS,10,,,,,"I still like it. I mean, it's not like Threnodian's a solved problem in real life, right?","Tớ vẫn thích mà. Ý tớ là, Threnodian đâu phải vấn đề đã giải quyết được ngoài đời thực đâu, phải không?",
lang_multi_text_1sthalf.db,MultiText,Id,Zuoyequnxing_21038_3,Content,dialogue,translated,,PASS,10,,,,,"I know, I know. We get to take it easy 'cause the mikos are the ones carrying the weight for us.","Tớ biết, tớ biết. Bọn mình được nhàn là nhờ các Miko gánh vác hết đấy.",
lang_multi_text_1sthalf.db,MultiText,Id,Zuoyequnxing_21038_4,Content,dialogue,translated,,PASS,10,,,,,Hm... maybe there shouldn't be too many stories like that. People might start thinking it's easy.,Hmm... có lẽ không nên có quá nhiều câu chuyện kiểu đó. Mọi người có thể sẽ nghĩ việc đó dễ dàng.,
lang_multi_text_1sthalf.db,MultiText,Id,Zuoyequnxing_21039_1,Content,dialogue,translated,,PASS,10,,,,,I saw the Lady Miko with my own eyes...,Tớ đã tận mắt thấy Lady Miko rồi...,
lang_multi_text_1sthalf.db,MultiText,Id,Zuoyequnxing_21040_1,Content,dialogue,translated,,PASS,10,,,,,"Just yesterday, I saw the Lady Miko of Flaming Sakura with my own eyes!","Mới hôm qua thôi, tôi đã tận mắt nhìn thấy Miko Nữ Tướng của Flaming Sakura!",
lang_multi_text_1sthalf.db,MultiText,Id,Zuoyequnxing_21040_2,Content,dialogue,translated,,PASS,10,,,,,Flawless white hair. Sharp red eyes. And that sword—except it was only an empty scabbard!,Mái tóc trắng muốt. Đôi mắt đỏ sắc bén. Và thanh kiếm ấy—nhưng chỉ là một vỏ kiếm rỗng!,
lang_multi_text_1sthalf.db,MultiText,Id,Zuoyequnxing_21040_3,Content,dialogue,translated,,PASS,10,,,,,"They say she once broke off a Sakura branch from the roadside, turned it into a divine blade, and beat back the Threnodian with it!","Nghe nói bà ấy từng bẻ một cành Sakura ven đường, biến nó thành thanh thần kiếm, rồi đánh lui lũ Threnodian!",
lang_multi_text_1sthalf.db,MultiText,Id,Zuoyequnxing_21040_4,Content,dialogue,translated,,PASS,10,,,,,The legend's gotta be true! She really is Ashinohara's strongest!,Huyền thoại ấy hẳn là có thật! Bà ấy đúng là người mạnh nhất Ashinohara!,
lang_multi_text_1sthalf.db,MultiText,Id,Zuoyequnxing_21040_5,Content,dialogue,translated,,PASS,10,,,,,That sounds like the new manga...,Nghe giống như bộ manga mới ấy nhỉ...,
lang_multi_text_1sthalf.db,MultiText,Id,Zuoyequnxing_21040_6,Content,dialogue,translated,,PASS,10,,,,,"Hmph! Then think about this, who published that manga? And why does the author only go by ""Snow"" and never show their real name?","Hừ! Thế thì nghĩ xem này, ai đã xuất bản bộ manga đó? Và tại sao tác giả chỉ ký tên là ""Snow"" mà không bao giờ tiết lộ tên thật?",
lang_multi_text_1sthalf.db,MultiText,Id,Zuoyequnxing_21040_7,Content,dialogue,translated,,PASS,10,,,,,There's only one explanation!,Chỉ có một lời giải thích duy nhất!,
lang_multi_text_1sthalf.db,MultiText,Id,Zuoyequnxing_21040_8,Content,dialogue,translated,,PASS,10,,,,,The author is obviously someone from inside the Flaming Sakura! That manga's basically a history book!,Tác giả rõ ràng là người bên trong Flaming Sakura! Bộ manga đó cơ bản là một cuốn sách lịch sử!,
lang_multi_text_1sthalf.db,MultiText,Id,Zuoyequnxing_21041_1,Content,dialogue,translated,,PASS,10,,,,,"Come on, move! We'll miss it if we don't hurry!",Nhanh lên nào! Chậm là lỡ mất đấy!,
lang_multi_text_1sthalf.db,MultiText,Id,Zuoyequnxing_21041_2,Content,dialogue,translated,,PASS,10,,,,,Ugh... do we really have to listen to him talk? Can't we just go buy the manga?,Ui... phải nghe hắn nói thật à? Đi mua manga luôn không được à?,
lang_multi_text_1sthalf.db,MultiText,Id,Zuoyequnxing_100_1,Content,dialogue,translated,,PASS,10,,,,,"According to the mission details, there's still one left.","Theo chi tiết nhiệm vụ, vẫn còn một cái nữa.",
lang_multi_text_1sthalf.db,MultiText,Id,Zuoyequnxing_101_1,Content,dialogue,translated,,PASS,10,,,,,Found the second one.,Tìm thấy cái thứ hai rồi.,
lang_multi_text_1sthalf.db,MultiText,Id,Zuoyequnxing_101_2,Content,dialogue,translated,,PASS,10,,,,,Copy. Efficient as always.,Nhận lệnh. Hiệu quả như mọi khi.,
lang_multi_text_1sthalf.db,MultiText,Id,Zuoyequnxing_101_3,Content,dialogue,translated,,PASS,10,,,,,Everyone's on schedule. Don't rush. Stay alert.,Mọi người đều đúng tiến độ. Đừng vội. Giữ cảnh giác.,
lang_multi_text_1sthalf.db,MultiText,Id,Zuoyequnxing_101_4,Content,dialogue,translated,,PASS,10,,,,,Got it.,Hiểu rồi.,
lang_multi_text_1sthalf.db,MultiText,Id,Zuoyequnxing_102_1,Content,dialogue,translated,,PASS,10,,,,,"This is the last one, right?",Cái này là cái cuối cùng rồi đúng không?,
lang_multi_text_1sthalf.db,MultiText,Id,Zuoyequnxing_102_2,Content,dialogue,translated,,PASS,10,,,,,Yeah.,Ừ.,
lang_multi_text_1sthalf.db,MultiText,Id,Zuoyequnxing_103_1,Content,dialogue,translated,,PASS,10,,,,,All done. I'll send it to Lucilla and head back.,Xong rồi. Tớ sẽ gửi cho Lucilla và quay về ngay.,
lang_multi_text_1sthalf.db,MultiText,Id,Zuoyequnxing_104_1,Content,dialogue,translated,,PASS,10,,,,,Third one secured.,Đã kiểm soát được mục tiêu thứ ba.,
lang_multi_text_1sthalf.db,MultiText,Id,Zuoyequnxing_104_2,Content,dialogue,translated,,PASS,10,,,,,Copy. Return to base. We're nearly done here.,Nhận lệnh. Quay về căn cứ. Chúng ta gần xong rồi.,
lang_multi_text_1sthalf.db,MultiText,Id,Zuoyequnxing_104_3,Content,dialogue,translated,,PASS,10,,,,,Some sectors still aren't clear. How's everyone holding up?,Vài khu vực vẫn chưa dọn sạch. Mọi người ổn cả chứ?,
lang_multi_text_1sthalf.db,MultiText,Id,Zuoyequnxing_104_4,Content,dialogue,translated,,PASS,10,,,,,All secure. We have teams handling cleanup. Just come back and regroup.,An toàn hết. Các đội đang xử lý dọn dẹp. Về tập hợp thôi.,
lang_multi_text_1sthalf.db,MultiText,Id,Zuoyequnxing_105_1,Content,dialogue,translated,,PASS,10,,,,,"We're blazing through these runes. Teamwork makes the dream work, huh?","Đang phá vỡ các rune này như chong chóng. Đồng đội hợp sức thì chẳng gì là không làm được, phải không?",
lang_multi_text_1sthalf.db,MultiText,Id,Zuoyequnxing_105_2,Content,dialogue,translated,,PASS,10,,,,,Right. I hope Sigrika is having the same luck out there.,Đúng vậy. Hy vọng Sigrika cũng gặp may ngoài kia.,
lang_multi_text_1sthalf.db,MultiText,Id,Zuoyequnxing_105_3,Content,dialogue,translated,,PASS,10,,,,,"So while you were searching, I tried tuning into each rune's frequency. Each trace felt different.","Trong lúc cậu tìm kiếm, tớ thử điều chỉnh tần số của từng rune. Mỗi dấu vết đều mang một cảm giác khác nhau.",
lang_multi_text_1sthalf.db,MultiText,Id,Zuoyequnxing_105_4,Content,dialogue,translated,,PASS,10,,,,,"They're definitely real, but whatever's left behind is way too faint. Can't really feel what it is...","Chúng chắc chắn là thật, nhưng những gì còn sót lại lại quá mờ nhạt. Không thể cảm nhận rõ được chúng là gì...",
lang_multi_text_1sthalf.db,MultiText,Id,Zuoyequnxing_106_1,Content,dialogue,translated,,PASS,10,,,,,What's going on?,Có chuyện gì vậy?,
lang_multi_text_1sthalf.db,MultiText,Id,Zuoyequnxing_106_2,Content,dialogue,translated,,PASS,10,,,,,"Ah, Mentor. You're back.","À, Sư phụ. Sư phụ đã về rồi.",
lang_multi_text_1sthalf.db,MultiText,Id,Zuoyequnxing_106_3,Content,dialogue,translated,,PASS,10,,,,,"We've finished analyzing the runes, but their meaning still escapes us.","Bọn em đã phân tích xong các rune, nhưng ý nghĩa của chúng vẫn còn là điều bí ẩn.",
lang_multi_text_1sthalf.db,MultiText,Id,Zuoyequnxing_106_4,Content,dialogue,translated,,PASS,10,,,,,"As for the overlapping coordinates, we've run multiple standard decryption algorithms, but the results are contradictory.","Còn về tọa độ chồng chéo, bọn em đã chạy nhiều thuật toán giải mã tiêu chuẩn, nhưng kết quả lại mâu thuẫn với nhau.",
lang_multi_text_1sthalf.db,MultiText,Id,Zuoyequnxing_106_5,Content,dialogue,translated,,PASS,10,,,,,"I'm no rune expert… but we have a one here, don't we? She resonates with them.","Tớ không phải chuyên gia về rune đâu… nhưng chúng ta có một người ở đây mà, phải không? Cô ấy cộng hưởng với chúng mà.",
lang_multi_text_1sthalf.db,MultiText,Id,Zuoyequnxing_106_6,Content,dialogue,translated,,PASS,10,,,,,Who—wait... Me?!,Ai—chờ đã... Tớ á?!,
lang_multi_text_1sthalf.db,MultiText,Id,Zuoyequnxing_106_7,Content,dialogue,translated,,PASS,10,,,,,"You wanted to say something, didn't you?",Cậu muốn nói gì đó phải không?,
lang_multi_text_1sthalf.db,MultiText,Id,Zuoyequnxing_106_8,Content,dialogue,translated,,PASS,10,,,,,Bingo.,Chuẩn luôn.,
lang_multi_text_1sthalf.db,MultiText,Id,Zuoyequnxing_106_9,Content,dialogue,translated,,PASS,10,,,,,"…If you're asking me, these runes don't feel flat. They feel… spherical.","…Nếu cậu hỏi tớ, những rune này không hề phẳng. Chúng có cảm giác… hình cầu ấy.",
lang_multi_text_1sthalf.db,MultiText,Id,Zuoyequnxing_106_10,Content,dialogue,translated,,PASS,10,,,,,About this big. And these two points are relative… like this.,To khoảng chừng này. Và hai điểm này có liên hệ với nhau… kiểu thế này.,
lang_multi_text_1sthalf.db,MultiText,Id,Zuoyequnxing_106_11,Content,dialogue,translated,,PASS,10,,,,,Three-dimensional coordinates... orthographic projection...,Tọa độ ba chiều... phép chiếu trực giao...,
lang_multi_text_1sthalf.db,MultiText,Id,Zuoyequnxing_106_12,Content,dialogue,translated,,PASS,10,,,,,If we take the Reactor Drive's light data from the database as a depth layer and reconstruct it...,Nếu lấy dữ liệu ánh sáng từ Reactor Drive trong cơ sở dữ liệu làm lớp độ sâu và tái cấu trúc lại...,
lang_multi_text_1sthalf.db,MultiText,Id,Zuoyequnxing_106_13,Content,dialogue,translated,,PASS,10,,,,,A map forms. The Royan runes are conveying a spherical map.,Một bản đồ hiện ra. Những ký tự Royan đang truyền tải một bản đồ hình cầu.,
lang_multi_text_1sthalf.db,MultiText,Id,Zuoyequnxing_106_14,Content,dialogue,translated,,PASS,10,,,,,What are these two places...?,Hai nơi này là gì thế...?,
lang_multi_text_1sthalf.db,MultiText,Id,Zuoyequnxing_106_15,Content,dialogue,translated,,PASS,10,,,,,The one on the surface corresponds to the Stridergate. As for the one at the center... there's too little data to confirm.,Nơi trên bề mặt tương ứng với Stridergate. Còn nơi ở trung tâm... dữ liệu quá ít để xác nhận.,
lang_multi_text_1sthalf.db,MultiText,Id,Zuoyequnxing_106_16,Content,dialogue,translated,,PASS,10,,,,,"But by geometric definition, it's the origin point of the entire map.","Nhưng theo định nghĩa hình học, đó chính là điểm gốc của toàn bộ bản đồ.",
lang_multi_text_1sthalf.db,MultiText,Id,Zuoyequnxing_106_17,Content,dialogue,translated,,PASS,10,,,,,The Exostrider. That must be where it is in Voidspace.,Exostrider. Chắc hẳn đó là nơi nó đang ở trong Voidspace.,
lang_multi_text_1sthalf.db,MultiText,Id,Zuoyequnxing_106_18,Content,dialogue,translated,,PASS,10,,,,,It's the only thing that could survive there. The lodestar Aemeath was trying to show me.,Đó là thứ duy nhất có thể sống sót ở đó. Ngôi sao dẫn đường Aemeath đã cố chỉ cho tôi thấy.,
lang_multi_text_1sthalf.db,MultiText,Id,Zuoyequnxing_106_19,Content,dialogue,translated,,PASS,10,,,,,"Contamination around the Keystone is off the charts. We've got no viable spatial data. In other words, using the Stridergate to get you to Voidspace isn't an option.","Mức độ nhiễm độc quanh Keystone cao đến mức báo động. Chúng ta không có dữ liệu không gian khả dụng nào cả. Nói cách khác, không thể dùng Stridergate để đưa cậu đến Voidspace được.",
lang_multi_text_1sthalf.db,MultiText,Id,Zuoyequnxing_106_20,Content,dialogue,translated,,PASS,10,,,,,I remember Lucilla mentioning a sealed rift in the Dimmr Plains.,Tớ nhớ Lucilla có nhắc đến một vết nứt bị phong ấn ở Dimmr Plains.,
lang_multi_text_1sthalf.db,MultiText,Id,Zuoyequnxing_106_21,Content,dialogue,translated,,PASS,10,,,,,"Heh. Right. Once Hiyuki from the Special Response Force breaks the seal, that could serve as a new entry point.","Hừm. Được thôi. Một khi Hiyuki của Đội Phản Ứng Đặc Biệt phá được ấn, chỗ đó có thể trở thành lối vào mới.",
lang_multi_text_1sthalf.db,MultiText,Id,Zuoyequnxing_106_22,Content,dialogue,translated,,PASS,10,,,,,"But without the Exostrider... are you suggesting crossing the Stridergate and searching for it yourself, {PlayerName}?","Nhưng nếu không có Exostrider... cậu định vượt qua Stridergate và tự mình đi tìm nó sao, {PlayerName}?",
lang_multi_text_1sthalf.db,MultiText,Id,Zuoyequnxing_106_23,Content,dialogue,translated,,PASS,10,,,,,"Now that we have a concrete map, I should be able to retrieve the Exostrider before my power of Separation gives out.","Giờ chúng ta đã có bản đồ cụ thể, tôi sẽ có thể lấy lại Exostrider trước khi năng lực Separation của tôi cạn kiệt.",
lang_multi_text_1sthalf.db,MultiText,Id,Zuoyequnxing_106_24,Content,dialogue,translated,,PASS,10,,,,,...A compelling proposal. Hard to refuse.,...Một đề xuất hấp dẫn. Khó mà từ chối.,
lang_multi_text_1sthalf.db,MultiText,Id,Zuoyequnxing_106_25,Content,dialogue,translated,,PASS,10,,,,,But don't forget the Exostrider is currently out of power. Finding it is one thing. Extracting it is another.,Nhưng đừng quên là Exostrider hiện đang hết năng lượng. Tìm được nó là một chuyện. Lấy nó ra lại là chuyện khác.,
lang_multi_text_1sthalf.db,MultiText,Id,Zuoyequnxing_106_26,Content,dialogue,translated,,PASS,10,,,,,Then we set a hard deadline.,Vậy thì chúng ta đặt ra một thời hạn cứng.,
lang_multi_text_1sthalf.db,MultiText,Id,Zuoyequnxing_106_27,Content,dialogue,translated,,PASS,10,,,,,If I can transmit the Exostrider's coordinates to you before Duskveil initiates—,Nếu tôi kịp truyền tọa độ của Exostrider cho cậu trước khi Duskveil kích hoạt—,
lang_multi_text_1sthalf.db,MultiText,Id,Zuoyequnxing_106_28,Content,dialogue,translated,,PASS,10,,,,,Then tell me you'll consider entrusting the Drive Replica to us.,Thì hãy nói với tôi là cậu sẽ cân nhắc giao Drive Replica cho chúng ta.,
lang_multi_text_1sthalf.db,MultiText,Id,Zuoyequnxing_106_29,Content,dialogue,translated,,PASS,10,,,,,"""Consider,"" huh... so you're handing the choice to us?","""Cân nhắc"" à... vậy là cậu giao quyền lựa chọn cho chúng ta sao?",
lang_multi_text_1sthalf.db,MultiText,Id,Zuoyequnxing_106_30,Content,dialogue,translated,,PASS,10,,,,,It's not about who's making the choice.,Vấn đề không phải là ai đang đưa ra quyết định.,
lang_multi_text_1sthalf.db,MultiText,Id,Zuoyequnxing_106_31,Content,dialogue,translated,,PASS,10,,,,,It's about trust.,Đó là về sự tin tưởng.,
lang_multi_text_1sthalf.db,MultiText,Id,Zuoyequnxing_106_32,Content,dialogue,translated,,PASS,10,,,,,I'm not asking for a guarantee.,Tôi không đòi hỏi một sự đảm bảo nào cả.,
lang_multi_text_1sthalf.db,MultiText,Id,Zuoyequnxing_106_33,Content,dialogue,translated,,PASS,10,,,,,"I'm trusting you, the professionals on this side, to make the right call. Whatever that call is.",Tôi tin tưởng các chuyên gia ở phía các cậu sẽ đưa ra quyết định đúng đắn. Dù quyết định đó là gì đi nữa.,
lang_multi_text_1sthalf.db,MultiText,Id,Zuoyequnxing_106_34,Content,dialogue,translated,,PASS,10,,,,,...The Exostrider's value justifies the risk. I agree to your proposal.,...Giá trị của Exostrider xứng đáng với rủi ro. Tôi đồng ý với đề xuất của các cậu.,
lang_multi_text_1sthalf.db,MultiText,Id,Zuoyequnxing_106_35,Content,dialogue,translated,,PASS,10,,,,,"After successfully collecting all the Royan runes, Sigrika joins the decryption. She believes these runes were not drawn on a two-dimensional plane, but rather resemble spherical coordinates, possibly the coordinates of the Exostrider inside Voidspace. For this reason, you decide to venture back beyond the Gate. If you successfully recover the Exostrider, the Spacetrek Collective might entrust the Drive Replica to you and the Exostrider—you leave the call in their hands.","Sau khi thu thập thành công toàn bộ các rune Royan, Sigrika tham gia giải mã. Cô cho rằng những rune này không được vẽ trên một mặt phẳng hai chiều, mà giống như tọa độ cầu, có thể là tọa độ của Exostrider bên trong Voidspace. Vì lý do này, anh quyết định mạo hiểm quay lại bên kia cánh cổng. Nếu thu hồi được Exostrider, Spacetrek Collective có thể sẽ giao Drive Replica cho anh và Exostrider—anh để họ quyết định cuộc gọi đó.",
lang_multi_text_1sthalf.db,MultiText,Id,Zuoyequnxing_107_1,Content,dialogue,translated,,PASS,10,,,,,The Command Post only just pulled back from the Void Storm frontlines. Took longer than expected.,Trạm Chỉ huy vừa mới rút khỏi tiền tuyến Void Storm. Mất nhiều thời gian hơn dự kiến.,
lang_multi_text_1sthalf.db,MultiText,Id,Zuoyequnxing_107_2,Content,dialogue,translated,,PASS,10,,,,,I've been briefed on the situaion. Sorry I had to be absent for that.,Tôi đã được báo cáo tình hình. Xin lỗi vì phải vắng mặt trong lúc đó.,
lang_multi_text_1sthalf.db,MultiText,Id,Zuoyequnxing_107_3,Content,dialogue,translated,,PASS,10,,,,,No worries. It's all settled.,Không sao đâu. Mọi chuyện đã được giải quyết rồi.,
lang_multi_text_1sthalf.db,MultiText,Id,Zuoyequnxing_107_4,Content,dialogue,translated,,PASS,10,,,,,No worries. It's all settled.,Không sao đâu. Mọi chuyện đã được giải quyết rồi.,
lang_multi_text_1sthalf.db,MultiText,Id,Zuoyequnxing_107_5,Content,dialogue,translated,,PASS,10,,,,,"Still, I'd like a word with you before you go.","Dù vậy, tôi muốn nói chuyện với anh trước khi anh đi.",
lang_multi_text_1sthalf.db,MultiText,Id,Zuoyequnxing_107_6,Content,dialogue,translated,,PASS,10,,,,,Let's meet by the Research Institute.,Chúng ta gặp nhau ở Viện Nghiên cứu nhé.,
lang_multi_text_1sthalf.db,MultiText,Id,Zuoyequnxing_111_1,Content,dialogue,translated,,PASS,10,,,,,"Here. This is the Dimmr Plains map, updated with the latest intel.","Đây. Đây là bản đồ Dimmr Plains, đã được cập nhật với thông tin tình báo mới nhất.",
lang_multi_text_1sthalf.db,MultiText,Id,Zuoyequnxing_111_2,Content,dialogue,translated,,PASS,10,,,,,Be mindful of the contamination. It's not just the Exoswarm or local lifeforms being affected. It's sealing off the terrain itself.,Hãy cẩn thận với sự ô nhiễm. Nó không chỉ ảnh hưởng đến Exoswarm hay các sinh vật địa phương. Nó còn phong tỏa luôn cả địa hình.,
lang_multi_text_1sthalf.db,MultiText,Id,Zuoyequnxing_111_3,Content,dialogue,translated,,PASS,10,,,,,"That said, where there's a will, there's a workaround. Hiyuki found one, though it took her some time.","Dù vậy, có chí thì nên. Hiyuki đã tìm ra cách giải quyết, dù phải mất chút thời gian.",
lang_multi_text_1sthalf.db,MultiText,Id,Zuoyequnxing_111_4,Content,dialogue,translated,,PASS,10,,,,,That miko?,Cô đồng à?,
lang_multi_text_1sthalf.db,MultiText,Id,Zuoyequnxing_111_5,Content,dialogue,translated,,PASS,10,,,,,Yes. She's been investigating the Dimmr Plains in secret. You'll meet her there.,Đúng vậy. Cô ấy đã bí mật điều tra Dimmr Plains. Cậu sẽ gặp cô ấy ở đó.,
lang_multi_text_1sthalf.db,MultiText,Id,Zuoyequnxing_111_6,Content,dialogue,translated,,PASS,10,,,,,"She also asked me to tell you that she's run into the Fractsidus there, including the missing girl, Denia.","Cô ấy còn bảo tôi nhắn cậu là đã gặp phải bọn Fractsidus ở đó, trong đó có cả cô gái mất tích, Denia.",
lang_multi_text_1sthalf.db,MultiText,Id,Zuoyequnxing_111_7,Content,dialogue,translated,,PASS,10,,,,,Why would she want me to know that?,Sao cô ấy lại muốn tôi biết chuyện đó nhỉ?,
lang_multi_text_1sthalf.db,MultiText,Id,Zuoyequnxing_111_8,Content,dialogue,translated,,PASS,10,,,,,Mm... let's just say honesty is in her nature.,Ừm... cứ cho là sự thật thà vốn nằm trong bản tính của cô ấy đi.,
lang_multi_text_1sthalf.db,MultiText,Id,Zuoyequnxing_111_9,Content,dialogue,translated,,PASS,10,,,,,She just thought you might want to know. Perhaps her way of showing she has no hidden agenda?,Cô ấy chỉ nghĩ là cậu nên biết thôi. Có lẽ đó là cách cô ấy cho thấy mình không có ý đồ gì khuất tất?,
lang_multi_text_1sthalf.db,MultiText,Id,Zuoyequnxing_111_10,Content,dialogue,translated,,PASS,10,,,,,Noted. I'll be leaving then.,Đã rõ. Vậy tôi đi đây.,
lang_multi_text_1sthalf.db,MultiText,Id,Zuoyequnxing_111_11,Content,dialogue,translated,,PASS,10,,,,,Wait.,"Đợi đã.
```",
lang_multi_text_1sthalf.db,MultiText,Id,Zuoyequnxing_111_12,Content,dialogue,translated,,PASS,10,,,,,Look me in the eyes.,Nhìn thẳng vào mắt tôi đi.,
lang_multi_text_1sthalf.db,MultiText,Id,Zuoyequnxing_111_13,Content,dialogue,translated,,REVIEW,6,same_as_source,,,,...Lucilla?,...Lucilla?,
lang_multi_text_1sthalf.db,MultiText,Id,Zuoyequnxing_111_14,Content,dialogue,translated,,PASS,10,,,,,Relax. It's my Forte. You've seen it before.,Thư giãn đi. Đây là sở trường của tôi mà. Cậu đã thấy rồi mà.,
lang_multi_text_1sthalf.db,MultiText,Id,Zuoyequnxing_111_15,Content,dialogue,translated,,PASS,10,,,,,"I will temper this moment into a bullet of memory, carved with your name, your face, and all you have been.","Tôi sẽ tôi luyện khoảnh khắc này thành một viên đạn ký ức, khắc tên cậu, khuôn mặt cậu, và tất cả những gì cậu từng là.",
lang_multi_text_1sthalf.db,MultiText,Id,Zuoyequnxing_111_16,Content,dialogue,translated,,PASS,10,,,,,What carries you is not only your own strength.,Điều nâng đỡ cậu không chỉ là sức mạnh của riêng mình.,
lang_multi_text_1sthalf.db,MultiText,Id,Zuoyequnxing_111_17,Content,dialogue,translated,,PASS,10,,,,,Thank—,Cảm ơn—,
lang_multi_text_1sthalf.db,MultiText,Id,Zuoyequnxing_111_18,Content,dialogue,translated,,PASS,10,,,,,Shh. Save that for when you come back.,Suỵt. Để dành chuyện đó khi cậu quay lại nhé.,
lang_multi_text_1sthalf.db,MultiText,Id,Zuoyequnxing_111_19,Content,dialogue,translated,,PASS,10,,,,,Lucilla hands you the map of the Dimmr Plains. She tells you that Hiyuki is already there waiting for you.,Lucilla đưa cho cậu tấm bản đồ Dimmr Plains. Cô ấy nói rằng Hiyuki đã ở đó chờ cậu rồi.,
lang_multi_text_1sthalf.db,MultiText,Id,Zuoyequnxing_112_1,Content,dialogue,translated,,PASS,10,,,,,(An entry point hidden in the Dimmr Plains... Time to get to Bjartr Woods.),(Một điểm vào ẩn trong Dimmr Plains... Đến lúc tiến vào Bjartr Woods thôi.),
lang_multi_text_1sthalf.db,MultiText,Id,Zuoyequnxing_114_1,Content,dialogue,translated,,PASS,10,,,,,Chulu...,Chulu...,
lang_multi_text_1sthalf.db,MultiText,Id,Zuoyequnxing_114_2,Content,dialogue,translated,,PASS,10,,,,,(It's already been totally contaminated by Voidmatter... Might be worse than I thought the lower I go.),(Nơi này đã bị Voidmatter ô nhiễm hoàn toàn rồi... Có lẽ còn tệ hơn tôi nghĩ khi càng xuống sâu.),
lang_multi_text_1sthalf.db,MultiText,Id,Zuoyequnxing_114_3,Content,dialogue,translated,,PASS,10,,,,,(But the frost seems to be slowing the spread. That frequency... it feels like Hiyuki's.),(Nhưng băng giá dường như đang làm chậm sự lan rộng. Tần số này... cảm giác như của Hiyuki.),
lang_multi_text_1sthalf.db,MultiText,Id,Zuoyequnxing_115_1,Content,dialogue,translated,,PASS,10,,,,,(The Voidmatter contamination is bad... it's not looking good for the Soliskin.),(Sự ô nhiễm Voidmatter thật tệ... Tình hình Soliskin có vẻ không khả quan.),
lang_multi_text_1sthalf.db,MultiText,Id,Zuoyequnxing_115_2,Content,dialogue,translated,,PASS,10,,,,,(This white bird... did Hiyuki leave it here?),(Con chim trắng này... Hiyuki để nó lại đây à?),
lang_multi_text_1sthalf.db,MultiText,Id,Zuoyequnxing_115_3,Content,dialogue,translated,,PASS,10,,,,,Alright. Lead me to Hiyuki.,Được rồi. Dẫn ta đến chỗ Hiyuki đi.,
lang_multi_text_1sthalf.db,MultiText,Id,Zuoyequnxing_116_1,Content,dialogue,translated,,PASS,10,,,,,(These ruins... looks like the Collective built them. Did the debris drift here after the destruction?),(Những tàn tích này... có vẻ là do Collective xây dựng. Phải chăng đống đổ nát này trôi đến đây sau cuộc hủy diệt?),
lang_multi_text_1sthalf.db,MultiText,Id,Zuoyequnxing_117_1,Content,dialogue,translated,,PASS,10,,,,,(Hiyuki's tracks...),(Dấu vết của Hiyuki...),
lang_multi_text_1sthalf.db,MultiText,Id,Zuoyequnxing_118_1,Content,dialogue,translated,,PASS,10,,,,,(Something's off with these plants... Voidmatter influence?),(Mấy cây này có gì đó không ổn... Ảnh hưởng của Voidmatter chăng?),
lang_multi_text_1sthalf.db,MultiText,Id,Zuoyequnxing_119_1,Content,dialogue,translated,,PASS,10,,,,,(...Where is it leading me?),(...Nó đang dẫn ta đi đâu vậy?),
lang_multi_text_1sthalf.db,MultiText,Id,Zuoyequnxing_120_1,Content,dialogue,translated,,PASS,10,,,,,...Someone there?,...Có ai ở đó không?,
lang_multi_text_1sthalf.db,MultiText,Id,Zuoyequnxing_122_1,Content,dialogue,translated,,PASS,10,,,,,She hasn't gone far. Probably watching us from the shadows.,Cô ta chưa đi xa đâu. Có lẽ đang theo dõi chúng ta từ trong bóng tối.,
lang_multi_text_1sthalf.db,MultiText,Id,Zuoyequnxing_122_2,Content,dialogue,translated,,PASS,10,,,,,She seemed.. like her grip is slipping.,Cô ta có vẻ... như đang mất dần kiểm soát.,
lang_multi_text_1sthalf.db,MultiText,Id,Zuoyequnxing_122_3,Content,dialogue,translated,,PASS,10,,,,,She was already like this when I last encountered her. Shortly before the Voidmatter surge.,Lần trước tôi gặp cô ta cũng đã như vậy rồi. Ngay trước khi đợt Voidmatter bùng phát.,
lang_multi_text_1sthalf.db,MultiText,Id,Zuoyequnxing_122_4,Content,dialogue,translated,,PASS,10,,,,,"Hiyuki, when you fought Denia, did you see anything like a shadowy hand?","Hiyuki, khi cậu giao chiến với Denia, có thấy gì giống như một bàn tay bóng tối không?",
lang_multi_text_1sthalf.db,MultiText,Id,Zuoyequnxing_122_5,Content,dialogue,translated,,PASS,10,,,,,Yes.,Đúng vậy.,
lang_multi_text_1sthalf.db,MultiText,Id,Zuoyequnxing_122_6,Content,dialogue,translated,,PASS,10,,,,,(Then Denia was behind the incident beyond the Stridergate.),(Vậy là Denia đứng sau vụ việc bên kia Stridergate.),
lang_multi_text_1sthalf.db,MultiText,Id,Zuoyequnxing_122_7,Content,dialogue,translated,,PASS,10,,,,,(Could she also be responsible for the Academy's Voidmatter surge...?),(Liệu cô ta cũng có liên quan đến sự bùng phát Voidmatter ở Học viện không nhỉ...?),
lang_multi_text_1sthalf.db,MultiText,Id,Zuoyequnxing_122_8,Content,dialogue,translated,,PASS,10,,,,,Lucilla contacted me. She said you intend to return beyond Stridergate.,Lucilla đã liên lạc với tôi. Cô ấy nói cậu định quay lại bên kia Stridergate.,
lang_multi_text_1sthalf.db,MultiText,Id,Zuoyequnxing_122_9,Content,dialogue,translated,,PASS,10,,,,,The roads here have been swallowed by Voidmatter. There is no direct passage.,Con đường ở đây đã bị Voidmatter nuốt chửng. Không có lối đi trực tiếp đâu.,
lang_multi_text_1sthalf.db,MultiText,Id,Zuoyequnxing_122_10,Content,dialogue,translated,,PASS,10,,,,,Lucilla must have told you of the rift that appeared over a decade ago. Thinking back now... that was likely the Fractsidus's doing.,Lucilla chắc hẳn đã kể cho cậu về vết nứt xuất hiện hơn một thập kỷ trước. Nghĩ lại thì... đó có lẽ là do Fractsidus gây ra.,
lang_multi_text_1sthalf.db,MultiText,Id,Zuoyequnxing_122_11,Content,dialogue,translated,,PASS,10,,,,,(Luuk said the Grand Architect caused that rift. That... was what led to Aemeath's death in the simulator cockpit.),(Luuk nói rằng Kiến Trúc Sư Vĩ Đại đã gây ra vết nứt đó. Chính... điều đó đã dẫn đến cái chết của Aemeath trong buồng mô phỏng.),
lang_multi_text_1sthalf.db,MultiText,Id,Zuoyequnxing_122_12,Content,dialogue,translated,,PASS,10,,,,,If they used a Threnodian frequency extracted from here to influence Denia... then the Spacetrek Collective was already infiltrated from the beginning...,Nếu họ đã sử dụng tần số Threnodian chiết xuất từ đây để tác động lên Denia... thì Spacetrek Collective đã bị xâm nhập ngay từ đầu...,
lang_multi_text_1sthalf.db,MultiText,Id,Zuoyequnxing_122_13,Content,dialogue,translated,,PASS,10,,,,,The Threnodian's surge now could be their attempt to force the girl to master that power.,Sự bùng nổ của Threnodian lúc này có thể là nỗ lực của họ nhằm ép cô gái làm chủ sức mạnh đó.,
lang_multi_text_1sthalf.db,MultiText,Id,Zuoyequnxing_122_14,Content,dialogue,translated,,PASS,10,,,,,Or... perhaps that power within her has simply broken its leash.,Hoặc... có lẽ sức mạnh bên trong cô ấy đơn giản đã vượt khỏi sự kiểm soát.,
lang_multi_text_1sthalf.db,MultiText,Id,Zuoyequnxing_122_15,Content,dialogue,translated,,PASS,10,,,,,"Long ago, I sealed a portion of my own power there to help aid the Solvein Heartwood resist the Threnodian.","Từ lâu, ta đã phong ấn một phần sức mạnh của chính mình tại đó để hỗ trợ Solvein Heartwood chống lại Threnodian.",
lang_multi_text_1sthalf.db,MultiText,Id,Zuoyequnxing_122_16,Content,dialogue,translated,,PASS,10,,,,,"Break the seal, and you will pass through the rift to reach the Voidmatter depths beyond it.","Hãy phá bỏ phong ấn, và ngươi sẽ vượt qua vết nứt để đến được tầng sâu Voidmatter bên kia.",
lang_multi_text_1sthalf.db,MultiText,Id,Zuoyequnxing_122_17,Content,dialogue,translated,,PASS,10,,,,,Understood. I'm relying on you.,Hiểu rồi. Tôi trông cậy vào cậu.,
lang_multi_text_1sthalf.db,MultiText,Id,Zuoyequnxing_122_18,Content,dialogue,translated,,PASS,10,,,,,Let's go. Time isn't on our side.,Đi thôi. Thời gian không còn nhiều.,
lang_multi_text_1sthalf.db,MultiText,Id,Zuoyequnxing_122_19,Content,dialogue,translated,,PASS,10,,,,,"Savior... who has always walked with victory. This time, have you come to save Lahai-Roi?","Vị cứu tinh... người luôn bước đi cùng chiến thắng. Lần này, ngài đến để cứu Lahai-Roi sao?",
lang_multi_text_1sthalf.db,MultiText,Id,Zuoyequnxing_122_20,Content,dialogue,translated,,PASS,10,,,,,"After repelling Denia's attack, you finally reach Hiyuki. Denia's mind appears fractured, and you suspect that she is connected to what you experienced beyond the Stridergate.
Hiyuki reveals that she used her power to seal the ""rift"" that led to Aemeath's death over a decade ago. Now, she tells you she will guide you to your destination.","Sau khi đẩy lùi cuộc tấn công của Denia, cuối cùng cậu cũng đến được chỗ Hiyuki. Tâm trí Denia dường như đã rạn nứt, và cậu nghi ngờ rằng cô ta có liên quan đến những gì cậu đã trải qua bên kia Stridergate.
Hiyuki tiết lộ rằng cô đã dùng sức mạnh của mình để phong ấn ""vết nứt"" dẫn đến cái chết của Aemeath hơn một thập kỷ trước. Giờ đây, cô nói sẽ dẫn cậu đến đích đến của mình.",
lang_multi_text_1sthalf.db,MultiText,Id,Zuoyequnxing_160_1,Content,dialogue,translated,,PASS,10,,,,,That child's state... she did not appear to be under complete control.,Tình trạng của đứa trẻ đó... trông cô ta không hoàn toàn làm chủ được bản thân.,
lang_multi_text_1sthalf.db,MultiText,Id,Zuoyequnxing_160_2,Content,dialogue,translated,,PASS,10,,,,,It was Denia herself who stopped us.,Chính Denia đã ngăn cản chúng ta.,
lang_multi_text_1sthalf.db,MultiText,Id,Zuoyequnxing_160_3,Content,dialogue,translated,,PASS,10,,,,,Let's go. We need to get up there first.,Đi thôi. Chúng ta cần lên đó trước.,
lang_multi_text_1sthalf.db,MultiText,Id,Zuoyequnxing_160_4,Content,dialogue,translated,,PASS,10,,,,,...Got it.,...Hiểu rồi.,
lang_multi_text_1sthalf.db,MultiText,Id,Zuoyequnxing_161_1,Content,dialogue,translated,,PASS,10,,,,,Do you know Denia?,Cậu có biết Denia không?,
lang_multi_text_1sthalf.db,MultiText,Id,Zuoyequnxing_161_2,Content,dialogue,translated,,PASS,10,,,,,Lucilla asked me to watch over the students. I observed her. She did act strangely at first...,Lucilla bảo tôi trông nom các học viên. Tôi đã quan sát cô ấy. Ban đầu cô ấy hành động khá kỳ lạ...,
lang_multi_text_1sthalf.db,MultiText,Id,Zuoyequnxing_161_3,Content,dialogue,translated,,PASS,10,,,,,But in time... I could see her effort to belong. She did seem happy at the Academy.,"Nhưng theo thời gian... tớ có thể thấy cô ấy đã cố gắng để hòa nhập. Ở Học viện, trông cô ấy có vẻ rất vui.",
lang_multi_text_1sthalf.db,MultiText,Id,Zuoyequnxing_162_1,Content,dialogue,translated,,PASS,10,,,,,Have you been watching over Denia here?,Cậu vẫn luôn theo dõi Denia ở đây à?,
lang_multi_text_1sthalf.db,MultiText,Id,Zuoyequnxing_162_2,Content,dialogue,translated,,PASS,10,,,,,"Yes... After I sensed the Threnodian's breach, I sent my Shiratori to trace it. That led me here, to her, in the Dimmr Plains.","Đúng vậy... Sau khi phát hiện sự xâm nhập của Threnody, ta đã phái Shiratori của mình đi truy tìm dấu vết. Và điều đó dẫn ta đến đây, gặp nàng, tại Dimmr Plains.",
lang_multi_text_1sthalf.db,MultiText,Id,Zuoyequnxing_162_3,Content,dialogue,translated,,PASS,10,,,,,"She remains under the Fractsidus's sway, but her actions just now betray her own will.","Nàng vẫn bị Fractsidus khống chế, nhưng những hành động vừa rồi đã lộ rõ ý chí của chính mình.",
lang_multi_text_1sthalf.db,MultiText,Id,Zuoyequnxing_162_4,Content,dialogue,translated,,PASS,10,,,,,She always hid in the Void Storms. I have no wish to harm her… So I did not find the right moment to intervene.,"Cô ấy luôn ẩn mình trong những cơn Bão Hư Không. Tôi không hề muốn làm hại cô ấy… Vì thế, tôi đã không tìm được thời điểm thích hợp để can thiệp.",
lang_multi_text_1sthalf.db,MultiText,Id,Zuoyequnxing_163_1,Content,dialogue,translated,,PASS,10,,,,,"Wait here. This seal is wrought from the ""Futures' Tithe."" To put it simply, I drew upon countless versions of my future self and anchored them here to suppress the Voidmatter.","Đợi ở đây. Lớp phong ấn này được tạo ra từ ""Cống Nạp Tương Lai"". Nói đơn giản, ta đã mượn sức mạnh từ vô số phiên bản tương lai của chính mình và neo chúng lại đây để kìm hãm Vật Chất Hư Không.",
lang_multi_text_1sthalf.db,MultiText,Id,Zuoyequnxing_163_2,Content,dialogue,translated,,PASS,10,,,,,To break the seal is to reclaim those futures. That task is mine alone.,Phá bỏ phong ấn chính là giành lại những tương lai ấy. Nhiệm vụ đó chỉ mình ta gánh vác được thôi.,
lang_multi_text_1sthalf.db,MultiText,Id,Zuoyequnxing_163_3,Content,dialogue,translated,,PASS,10,,,,,I understand. I'll leave it to you.,Ta hiểu rồi. Việc này cứ để ngươi lo liệu.,
lang_multi_text_1sthalf.db,MultiText,Id,Zuoyequnxing_163_4,Content,dialogue,translated,,PASS,10,,,,,"There is one thing... with Aleph-1 active, I may not be able to restore this seal once it is broken.","Có một điều... khi Aleph-1 kích hoạt, có lẽ tôi sẽ không thể khôi phục lại ấn này một khi nó đã bị phá vỡ.",
lang_multi_text_1sthalf.db,MultiText,Id,Zuoyequnxing_163_5,Content,dialogue,translated,,PASS,10,,,,,You choose the most perilous path at the most perilous time.,Cậu chọn con đường nguy hiểm nhất vào thời điểm nguy hiểm nhất.,
lang_multi_text_1sthalf.db,MultiText,Id,Zuoyequnxing_163_6,Content,dialogue,translated,,PASS,10,,,,,I know your strength. I know your history of victory.,Tôi biết sức mạnh của cậu. Tôi biết lịch sử chiến thắng của cậu.,
lang_multi_text_1sthalf.db,MultiText,Id,Zuoyequnxing_163_7,Content,dialogue,translated,,PASS,10,,,,,To take such a risk… is it because you remain confident you will not fail? That you cannot lose to the Threnodians?,Để mạo hiểm như vậy... phải chăng cậu vẫn tự tin rằng mình sẽ không thất bại? Rằng cậu không thể thua những kẻ Threnodian?,
lang_multi_text_1sthalf.db,MultiText,Id,Zuoyequnxing_163_8,Content,dialogue,translated,,PASS,10,,,,,No. I've failed before. I don't think anyone can win forever.,Không. Tôi đã thất bại trước đây. Tôi không nghĩ ai có thể chiến thắng mãi mãi.,
lang_multi_text_1sthalf.db,MultiText,Id,Zuoyequnxing_163_9,Content,dialogue,translated,,PASS,10,,,,,"If I'd never lost, maybe... I'd still have my memories. I wouldn't need to start over and Solaris would be free from the Lament.","Nếu tôi chưa từng thất bại, có lẽ... tôi vẫn còn giữ được ký ức của mình. Tôi đã không phải bắt đầu lại từ đầu, và Solaris đã được giải thoát khỏi Lament.",
lang_multi_text_1sthalf.db,MultiText,Id,Zuoyequnxing_163_10,Content,dialogue,translated,,PASS,10,,,,,I do this because I can. And because someone has to.,Tôi làm điều này vì tôi có thể. Và vì phải có ai đó làm thôi.,
lang_multi_text_1sthalf.db,MultiText,Id,Zuoyequnxing_163_11,Content,dialogue,translated,,PASS,10,,,,,And what if you fail...?,Nhưng nếu cậu thất bại thì sao...?,
lang_multi_text_1sthalf.db,MultiText,Id,Zuoyequnxing_163_12,Content,dialogue,translated,,PASS,10,,,,,Then you evacuate immediately.,Thế thì cậu hãy sơ tán ngay lập tức.,
lang_multi_text_1sthalf.db,MultiText,Id,Zuoyequnxing_163_13,Content,dialogue,translated,,PASS,10,,,,,Then Duskveil will proceed as planned.,Duskveil sẽ tiếp tục như kế hoạch.,
lang_multi_text_1sthalf.db,MultiText,Id,Zuoyequnxing_163_14,Content,dialogue,translated,,PASS,10,,,,,I meant what becomes of you?,Ý tôi là cậu sẽ ra sao?,
lang_multi_text_1sthalf.db,MultiText,Id,Zuoyequnxing_163_15,Content,dialogue,translated,,PASS,10,,,,,Maybe I'll be lost to Voidspace. Maybe I'll find a way to turn the tide. I can't know right now.,Có thể tôi sẽ lạc vào Voidspace. Có thể tôi sẽ tìm được cách xoay chuyển tình thế. Giờ thì tôi chưa thể biết được.,
lang_multi_text_1sthalf.db,MultiText,Id,Zuoyequnxing_163_16,Content,dialogue,translated,,PASS,10,,,,,"But if I don't try, there's no way I'll ever know.","Nhưng nếu tớ không thử, thì sẽ chẳng bao giờ biết được.",
lang_multi_text_1sthalf.db,MultiText,Id,Zuoyequnxing_163_17,Content,dialogue,translated,,PASS,10,,,,,What makes me scared isn't coming up short. It's the thought of not giving it my all.,Điều khiến tớ sợ không phải là thất bại. Mà là suy nghĩ mình đã không dốc hết sức.,
lang_multi_text_1sthalf.db,MultiText,Id,Zuoyequnxing_163_18,Content,dialogue,translated,,PASS,10,,,,,"The cost of this attempt is steep, and you bear the weight of many. I expected more caution.","Cái giá của lần thử này rất đắt, và cậu đang gánh vác trọng trách của nhiều người. Ta đã mong đợi sự thận trọng hơn từ cậu.",
lang_multi_text_1sthalf.db,MultiText,Id,Zuoyequnxing_163_19,Content,dialogue,translated,,PASS,10,,,,,To fail even once against a Threnodian is to invite apocalypse.,Chỉ cần thất bại một lần trước Threnodian là đủ để châm ngòi cho ngày tận thế.,
lang_multi_text_1sthalf.db,MultiText,Id,Zuoyequnxing_163_20,Content,dialogue,translated,,PASS,10,,,,,Even knowing this... you would still go?,Dù biết điều đó... cậu vẫn muốn đi sao?,
lang_multi_text_1sthalf.db,MultiText,Id,Zuoyequnxing_163_21,Content,dialogue,translated,,PASS,10,,,,,Hiyuki. Lucilla told me you fought a Threnodian in Ashinohara for a long time.,Hiyuki. Lucilla đã nói với ta rằng cậu đã chiến đấu với một Threnodian ở Ashinohara trong một thời gian dài.,
lang_multi_text_1sthalf.db,MultiText,Id,Zuoyequnxing_163_22,Content,dialogue,translated,,PASS,10,,,,,"I don't know how you did it, but I can only imagine what it took to hold the line in a place already so destroyed. So I'll ask you...","Tôi không biết cậu đã làm điều đó như thế nào, nhưng tôi chỉ có thể tưởng tượng được những gì phải trải qua để giữ vững phòng tuyến ở một nơi đã bị tàn phá đến vậy. Vì thế, tôi sẽ hỏi cậu...",
lang_multi_text_1sthalf.db,MultiText,Id,Zuoyequnxing_163_23,Content,dialogue,translated,,PASS,10,,,,,Did you fight in Ashinohara because you were certain you would win?,Cậu chiến đấu ở Ashinohara vì cậu chắc chắn mình sẽ thắng sao?,
lang_multi_text_1sthalf.db,MultiText,Id,Zuoyequnxing_163_24,Content,dialogue,translated,,PASS,10,,,,,...No. I was not.,...Không. Tôi không hề chắc chắn.,
lang_multi_text_1sthalf.db,MultiText,Id,Zuoyequnxing_163_25,Content,dialogue,translated,,PASS,10,,,,,I never was.,Tôi chưa bao giờ chắc chắn cả.,
lang_multi_text_1sthalf.db,MultiText,Id,Zuoyequnxing_163_26,Content,dialogue,translated,,PASS,10,,,,,Then you understand why I'm doing this. You would make the same choice in my place.,"Vậy thì cậu hiểu tại sao tôi làm điều này. Nếu ở vị trí của tôi, cậu cũng sẽ đưa ra lựa chọn tương tự.",
lang_multi_text_1sthalf.db,MultiText,Id,Zuoyequnxing_163_27,Content,dialogue,translated,,PASS,10,,,,,I see.,Tôi hiểu.,
lang_multi_text_1sthalf.db,MultiText,Id,Zuoyequnxing_163_28,Content,dialogue,translated,,PASS,10,,,,,I will attend to the <te href=851078>Seal of Flaming Sakura</te>. It will not take long.,Ta sẽ xử lý <te href=851078>Seal of Flaming Sakura</te>. Sẽ không mất nhiều thời gian đâu.,
lang_multi_text_1sthalf.db,MultiText,Id,Zuoyequnxing_163_29,Content,dialogue,translated,,PASS,10,,,,,"Before breaking the Seal of Flaming Sakura, Hiyuki mentions the high likelihood that confronting the Threnodian could end in failure. You don't deny it. You don't promise success, only that you'll give everything you have, just as she did back in Ashinohara. Hiyuki sighs, then turns toward the seal.","Trước khi phá vỡ Seal of Flaming Sakura, Hiyuki nhắc đến khả năng cao việc đối đầu với Threnodian có thể kết thúc trong thất bại. Cậu không phủ nhận điều đó. Cậu cũng không hứa hẹn thành công, chỉ nói rằng mình sẽ dốc hết sức, như cách cô ấy đã làm ở Ashinohara. Hiyuki thở dài, rồi quay về phía seal.",
lang_multi_text_1sthalf.db,MultiText,Id,Zuoyequnxing_164_1,Content,dialogue,translated,,PASS,10,,,,,No need. I must do this myself...,Không cần đâu. Ta phải tự mình làm việc này...,
lang_multi_text_1sthalf.db,MultiText,Id,Zuoyequnxing_164_2,Content,dialogue,translated,,PASS,10,,,,,Oh… Why not choose the easier future?,Ồ... Sao không chọn một tương lai dễ dàng hơn?,
lang_multi_text_1sthalf.db,MultiText,Id,Zuoyequnxing_164_3,Content,dialogue,translated,,PASS,10,,,,,The Dark Tide...,Dark Tide...,
lang_multi_text_1sthalf.db,MultiText,Id,Zuoyequnxing_164_4,Content,dialogue,translated,,REVIEW,6,same_as_source,,,,Hiyuki!,"Hiyuki!
```",
lang_multi_text_1sthalf.db,MultiText,Id,Zuoyequnxing_164_5,Content,dialogue,translated,,PASS,10,,,,,Let me help!,Để tôi giúp!,
lang_multi_text_1sthalf.db,MultiText,Id,Zuoyequnxing_165_1,Content,dialogue,translated,,PASS,10,,,,,The girl...,Cô gái ấy...,
lang_multi_text_1sthalf.db,MultiText,Id,Zuoyequnxing_165_2,Content,dialogue,translated,,PASS,10,,,,,"It's been a while, Miko of Flaming Sakura. And you as well, {PlayerName}.","Lâu rồi không gặp, Miko của Flaming Sakura. Còn cậu nữa, {PlayerName}.",
lang_multi_text_1sthalf.db,MultiText,Id,Zuoyequnxing_165_3,Content,dialogue,translated,,PASS,10,,,,,I burned my future as a Threnodian Resonator. Your plan holds no meaning now.,Tôi đã đốt cháy tương lai của mình như một Resonator của Threnody. Kế hoạch của cô giờ chẳng còn ý nghĩa gì với tôi nữa.,
lang_multi_text_1sthalf.db,MultiText,Id,Zuoyequnxing_165_4,Content,dialogue,translated,,PASS,10,,,,,"Every step in our dance has its purpose, Lady Miko.","Mỗi bước đi trong vũ điệu của chúng ta đều có mục đích của nó, Miko.",
lang_multi_text_1sthalf.db,MultiText,Id,Zuoyequnxing_165_5,Content,dialogue,translated,,PASS,10,,,,,"Our paths have crossed often, but in my design, this is our true introduction to each other.","Dù đường đi của chúng ta đã giao nhau nhiều lần, nhưng theo thiết kế của tôi, đây mới là lần đầu chúng ta thực sự giới thiệu về nhau.",
lang_multi_text_1sthalf.db,MultiText,Id,Zuoyequnxing_165_6,Content,dialogue,translated,,PASS,10,,,,,"Because at last, I have a ""masterpiece"" worthy of your attention.","Bởi cuối cùng, ta cũng có một ""kiệt tác"" xứng đáng cho ngươi chiêm ngưỡng.",
lang_multi_text_1sthalf.db,MultiText,Id,Zuoyequnxing_165_7,Content,dialogue,translated,,PASS,10,,,,,You infiltrated the Collective for Denia and Hiyuki. You wanted  Leviathan's power... to merge them into one.,Ngươi đã xâm nhập vào Collective vì Denia và Hiyuki. Ngươi muốn sức mạnh của Leviathan... để hợp nhất chúng làm một.,
lang_multi_text_1sthalf.db,MultiText,Id,Zuoyequnxing_165_8,Content,dialogue,translated,,PASS,10,,,,,Denia was always a Fractsidus creation. She is honored to be used as intended.,Denia vốn là một tạo vật của Fractsidus. Nàng tự hào được sử dụng đúng như mục đích ban đầu.,
lang_multi_text_1sthalf.db,MultiText,Id,Zuoyequnxing_165_9,Content,dialogue,translated,,PASS,10,,,,,A creation...?,Một tạo vật...?,
lang_multi_text_1sthalf.db,MultiText,Id,Zuoyequnxing_165_10,Content,dialogue,translated,,PASS,10,,,,,"The Mya disappointment made me think. If I could just create a superior vessel, one refined by a Miko's spirit, perhaps it might bear the full might of a Threnodian's power.","Sự thất bại của Mya đã khiến ta phải suy nghĩ. Nếu ta có thể tạo ra một bình chứa hoàn hảo hơn, được tôi luyện bởi tinh thần của một Miko, có lẽ nó sẽ chịu đựng được toàn bộ sức mạnh của một Threnodian.",
lang_multi_text_1sthalf.db,MultiText,Id,Zuoyequnxing_165_11,Content,dialogue,translated,,PASS,10,,,,,"As for the outcome... you would know better than I, Lady Miko.","Còn kết quả... ngươi hẳn biết rõ hơn ta, Hiền Nữ Miko.",
lang_multi_text_1sthalf.db,MultiText,Id,Zuoyequnxing_165_12,Content,dialogue,translated,,PASS,10,,,,,"...Wordplay won't change your failure. Leave, you tedious avatar.","...Chơi chữ cũng chẳng thay đổi được thất bại của ngươi đâu. Biến đi, cái hình nhân nhàm chán kia.",
lang_multi_text_1sthalf.db,MultiText,Id,Zuoyequnxing_165_13,Content,dialogue,translated,,PASS,10,,,,,"Failure? No. Listen you two, I'm just showing Solaris another ""possibility.""","Thất bại ư? Không đâu. Nghe đây hai người, ta chỉ đang cho Solaris thấy một ""khả năng"" khác thôi.",
lang_multi_text_1sthalf.db,MultiText,Id,Zuoyequnxing_165_14,Content,dialogue,translated,,PASS,10,,,,,"If we made one Denia, we can make another. And another. Until we hold a complete, obedient Threnodian Resonator in our hands.","Nếu ta đã tạo ra được một Denia, ta sẽ tạo ra thêm nữa. Và thêm nữa. Cho đến khi ta nắm trong tay một Resonator Threnody hoàn chỉnh và ngoan ngoãn.",
lang_multi_text_1sthalf.db,MultiText,Id,Zuoyequnxing_165_15,Content,dialogue,translated,,PASS,10,,,,,Your own borrowed future showed you that. A true Threnodian Resonator will exist.,Tương lai mà ngươi mượn được đã cho ngươi thấy điều đó. Một Resonator Threnody chân chính sẽ tồn tại.,
lang_multi_text_1sthalf.db,MultiText,Id,Zuoyequnxing_165_16,Content,dialogue,translated,,PASS,10,,,,,Help... help me...,Giúp... giúp tôi với...,
lang_multi_text_1sthalf.db,MultiText,Id,Zuoyequnxing_165_17,Content,dialogue,translated,,PASS,10,,,,,"Tsk, tsk. All that desperate running on the wheel, and you still came up short. I'll have to throw you away.","Tsk, tsk. Chạy vắt chân lên cổ như thế mà vẫn chẳng đi tới đâu. Ta đành phải vứt bỏ ngươi thôi.",
lang_multi_text_1sthalf.db,MultiText,Id,Zuoyequnxing_165_18,Content,dialogue,translated,,REVIEW,6,same_as_source,,,,...,...,
lang_multi_text_1sthalf.db,MultiText,Id,Zuoyequnxing_165_19,Content,dialogue,translated,,PASS,10,,,,,"She can deny it all she likes, but the void in her heart is the same as Aleph-1's. That emptiness... it will always pull her toward the Threnodian's power.","Dù cô ấy có chối bỏ đến đâu, khoảng trống trong lòng cô ấy vẫn giống như của Aleph-1. Sự trống rỗng ấy... sẽ luôn kéo cô ấy về phía sức mạnh của Threnodian.",
lang_multi_text_1sthalf.db,MultiText,Id,Zuoyequnxing_165_20,Content,dialogue,translated,,PASS,10,,,,,"Chase her if you must. You do so love playing the ""savior,"" {PlayerName}.","Nếu cậu nhất định phải đuổi theo, thì đuổi đi. Cậu vốn thích đóng vai ""vị cứu tinh"" mà, {PlayerName}.",
lang_multi_text_1sthalf.db,MultiText,Id,Zuoyequnxing_165_21,Content,dialogue,translated,,PASS,10,,,,,As for this avatar... I'll spare you the trouble.,Còn về cái xác sống này... để ta lo cho.,
lang_multi_text_1sthalf.db,MultiText,Id,Zuoyequnxing_165_22,Content,dialogue,translated,,PASS,10,,,,,Wasting time on one of their avatars is pointless...,Tốn thời gian vào một trong những xác sống của bọn họ cũng chẳng ích gì...,
lang_multi_text_1sthalf.db,MultiText,Id,Zuoyequnxing_165_23,Content,dialogue,translated,,PASS,10,,,,,"Come on, Hiyuki. The seal is open. We have a job to do... Denia needs us.","Nào, Hiyuki. Ấn đã mở rồi. Chúng ta còn việc phải làm... Denia đang cần chúng ta.
```",
lang_multi_text_1sthalf.db,MultiText,Id,Zuoyequnxing_165_24,Content,dialogue,translated,,PASS,10,,,,,"If you wish, I can tell you about my history with the Fractsidus. But of course, Denia is the more pressing matter.","Nếu cậu muốn, tôi có thể kể cho cậu nghe về quá khứ của tôi với Fractsidus. Nhưng dĩ nhiên, Denia mới là vấn đề cấp bách hơn.",
lang_multi_text_1sthalf.db,MultiText,Id,Zuoyequnxing_165_25,Content,dialogue,translated,,PASS,10,,,,,"It's not hard to guess... The Grand Architect wanted your power as the Miko of Flaming Sakura, didn't they?","Không khó để đoán... Kiến Trúc Sư Vĩ Đại đã muốn chiếm lấy sức mạnh Miko của Lửa Hoa Anh Đào của cô, phải không?",
lang_multi_text_1sthalf.db,MultiText,Id,Zuoyequnxing_165_26,Content,dialogue,translated,,PASS,10,,,,,"But like you said, you burned that one future as a Threnodian Resonator. You can be done with them.","Nhưng như cậu đã nói, cậu đã đốt cháy tương lai đó khi trở thành một Resonator của Threnody. Giờ cậu có thể buông bỏ họ rồi.",
lang_multi_text_1sthalf.db,MultiText,Id,Zuoyequnxing_165_27,Content,dialogue,translated,,PASS,10,,,,,"Right now, Denia's state is what worries me.","Hiện tại, tình trạng của Denia mới là điều khiến tôi lo lắng.",
lang_multi_text_1sthalf.db,MultiText,Id,Zuoyequnxing_165_28,Content,dialogue,translated,,PASS,10,,,,,I fear... that child may already be...,Ta e rằng... đứa trẻ đó có lẽ đã...,
lang_multi_text_1sthalf.db,MultiText,Id,Zuoyequnxing_165_29,Content,dialogue,translated,,PASS,10,,,,,"The Grand Architect appears before you again, this time with Denia in two, her eyes empty. The Grand Architect shows her off as one of her ""masterpieces,"" an artificially created Threnodian Resonator. But Denia alone could not withstand the full might of Aleph-1's power, and is discarded by the Grand Architect as a ""worthless creation.""
You and Hiyuki continue forward toward the collapsed Denia.","Kiến Trúc Sư Vĩ Đại lại xuất hiện trước mặt cậu, lần này mang theo Denia bị chia đôi, đôi mắt cô trống rỗng. Bà ta khoe Denia như một trong những ""kiệt tác"" của mình, một Resonator Threnodian được tạo ra bằng phương pháp nhân tạo. Nhưng Denia không thể chịu đựng được toàn bộ sức mạnh của Aleph-1, và bị Kiến Trúc Sư Vĩ Đại vứt bỏ như một ""tạo vật vô giá trị.""
Cậu và Hiyuki tiếp tục tiến về phía Denia đã gục ngã.",
lang_multi_text_1sthalf.db,MultiText,Id,Zuoyequnxing_166_1,Content,dialogue,translated,,PASS,10,,,,,Aleph-1... I curse you...,Aleph-1... ta nguyền rủa ngươi...,
lang_multi_text_1sthalf.db,MultiText,Id,Zuoyequnxing_168_1,Content,dialogue,translated,,PASS,10,,,,,Can't... go inside...,Không thể... vào trong được...,
lang_multi_text_1sthalf.db,MultiText,Id,Zuoyequnxing_168_2,Content,dialogue,translated,,PASS,10,,,,,Rest now.,Hãy nghỉ ngơi đi.,
lang_multi_text_1sthalf.db,MultiText,Id,Zuoyequnxing_168_3,Content,dialogue,translated,,PASS,10,,,,,Do not worry. The Voidmatter frequency within her has weakened. She will recover.,Đừng lo. Tần số Voidmatter trong người cô ấy đã suy yếu. Cô ấy sẽ hồi phục thôi.,
lang_multi_text_1sthalf.db,MultiText,Id,Zuoyequnxing_168_4,Content,dialogue,translated,,PASS,10,,,,,Thank you for looking after her.,Cảm ơn cậu đã chăm sóc cho cô ấy.,
lang_multi_text_1sthalf.db,MultiText,Id,Zuoyequnxing_168_5,Content,dialogue,translated,,PASS,10,,,,,Good. That handles things here.,Tốt. Vậy là xong việc ở đây rồi.,
lang_multi_text_1sthalf.db,MultiText,Id,Zuoyequnxing_168_6,Content,dialogue,translated,,PASS,10,,,,,"Forgive me, but I believe waiting for the Voidmatter to spread would take too long. This will be faster.","Xin thứ lỗi, nhưng tôi nghĩ đợi Voidmatter lan rộng sẽ mất quá nhiều thời gian. Cách này sẽ nhanh hơn.",
lang_multi_text_1sthalf.db,MultiText,Id,Zuoyequnxing_168_7,Content,dialogue,translated,,PASS,10,,,,,Allow me to handle this. There is not much time left in your deadline with Mr. Chase.,Để tôi xử lý việc này. Thời hạn của cậu với ông Chase cũng không còn nhiều.,
lang_multi_text_1sthalf.db,MultiText,Id,Zuoyequnxing_168_8,Content,dialogue,translated,,PASS,10,,,,,"My Shiratori can guide you through Voidmatter, but the concentrations here go beyond its strength.","Shiratori của tôi có thể dẫn đường cho cậu qua Voidmatter, nhưng nồng độ ở đây đã vượt quá khả năng của nó.",
lang_multi_text_1sthalf.db,MultiText,Id,Zuoyequnxing_168_9,Content,dialogue,translated,,PASS,10,,,,,So I will draw upon a future where I learned to fully channel its power.,"Vì vậy, tôi sẽ mượn sức mạnh từ một tương lai nơi tôi đã học cách điều khiển hoàn toàn năng lực của nó.",
lang_multi_text_1sthalf.db,MultiText,Id,Zuoyequnxing_168_10,Content,dialogue,translated,,PASS,10,,,,,It will protect you and help you find the path you seek.,Nó sẽ bảo vệ cậu và giúp cậu tìm được con đường mình đang tìm kiếm.,
lang_multi_text_1sthalf.db,MultiText,Id,Zuoyequnxing_168_11,Content,dialogue,translated,,PASS,10,,,,,The rest... is yours to face.,Phần còn lại... là do cậu quyết định.,
lang_multi_text_1sthalf.db,MultiText,Id,Zuoyequnxing_168_12,Content,dialogue,translated,,PASS,10,,,,,"Thank you, Hiyuki.","Cảm ơn cô, Hiyuki.",
lang_multi_text_1sthalf.db,MultiText,Id,Zuoyequnxing_168_13,Content,dialogue,translated,,PASS,10,,,,,"{PlayerName}, I've read the Spacetrek Collective's report on Aemeath.","{PlayerName}, tôi đã đọc báo cáo của Spacetrek Collective về Aemeath.",
lang_multi_text_1sthalf.db,MultiText,Id,Zuoyequnxing_168_14,Content,dialogue,translated,,PASS,10,,,,,"She wrote that her intention is... ""Saving the world.""","Cô ấy viết rằng mục đích của mình là... ""Cứu rỗi thế giới.""",
lang_multi_text_1sthalf.db,MultiText,Id,Zuoyequnxing_168_15,Content,dialogue,translated,,PASS,10,,,,,Lucilla said you are her family. I suppose you must be the reason she held that vision.,Lucilla nói anh là gia đình của cô ấy. Tôi đoán anh chính là lý do cô ấy giữ vững tầm nhìn đó.,
lang_multi_text_1sthalf.db,MultiText,Id,Zuoyequnxing_168_16,Content,dialogue,translated,,PASS,10,,,,,"Do you regret it? Leading her to the ""savior's"" path? To a life of pain and struggle?","Anh có hối hận không? Đã dẫn dắt cô ấy đến con đường của ""vị cứu tinh""? Đến một cuộc đời đầy đau khổ và đấu tranh?",
lang_multi_text_1sthalf.db,MultiText,Id,Zuoyequnxing_168_17,Content,dialogue,translated,,PASS,10,,,,,One must walk this path alone in order to protect.,Người ta phải tự mình bước đi trên con đường này để bảo vệ những gì mình trân trọng.,
lang_multi_text_1sthalf.db,MultiText,Id,Zuoyequnxing_168_18,Content,dialogue,translated,,PASS,10,,,,,And those who walk it out of admiration will lose themselves in the mire...,Và những ai bước vào con đường ấy vì ngưỡng mộ sẽ đánh mất chính mình trong vũng lầy...,
lang_multi_text_1sthalf.db,MultiText,Id,Zuoyequnxing_168_19,Content,dialogue,translated,,PASS,10,,,,,"No, Hiyuki. I don't seek Aemeath to confess my regrets.","Không phải vậy đâu, Hiyuki. Ta tìm gặp Aemeath không phải để bày tỏ sự hối tiếc của mình.",
lang_multi_text_1sthalf.db,MultiText,Id,Zuoyequnxing_168_20,Content,dialogue,translated,,PASS,10,,,,,"I want to find her, so I can tell her...","Tôi muốn tìm cô ấy, để có thể nói với cô ấy...",
lang_multi_text_1sthalf.db,MultiText,Id,Zuoyequnxing_168_21,Content,dialogue,translated,,PASS,10,,,,,I hope to make you proud. I hope I haven't let you down...,Tôi mong mình làm cô tự hào. Mong rằng mình không làm cô thất vọng...,
lang_multi_text_1sthalf.db,MultiText,Id,Zuoyequnxing_168_22,Content,dialogue,translated,,PASS,10,,,,,I've always been proud of her.,Tôi luôn tự hào về cô ấy.,
lang_multi_text_1sthalf.db,MultiText,Id,Zuoyequnxing_168_23,Content,dialogue,translated,,PASS,10,,,,,"She chose to walk this path with me, I know I'm not alone. Should I ever fail, I know there will be someone who'll continue to protect Solaris.","Cô ấy đã chọn bước đi trên con đường này cùng tôi, tôi biết mình không đơn độc. Nếu có ngày tôi thất bại, tôi biết sẽ có người tiếp tục bảo vệ Solaris.",
lang_multi_text_1sthalf.db,MultiText,Id,Zuoyequnxing_168_24,Content,dialogue,translated,,PASS,10,,,,,"With your extraordinary strength, that is indeed possible.","Với sức mạnh phi thường của cậu, điều đó hoàn toàn có thể.",
lang_multi_text_1sthalf.db,MultiText,Id,Zuoyequnxing_168_25,Content,dialogue,translated,,PASS,10,,,,,"But for those who are too weak to save others, there is only futility waiting at the end.","Nhưng với những kẻ quá yếu đuối để cứu người khác, kết cục chỉ có thể là vô vọng mà thôi.",
lang_multi_text_1sthalf.db,MultiText,Id,Zuoyequnxing_168_26,Content,dialogue,translated,,PASS,10,,,,,...As I learned when I failed to save Ashinohara.,...Như ta đã học được khi thất bại trong việc cứu Ashinohara.,
lang_multi_text_1sthalf.db,MultiText,Id,Zuoyequnxing_168_27,Content,dialogue,translated,,PASS,10,,,,,"All I can do now is hold my Suzu tightly, to ensure that after Hiyuki... there will be no more Miko of Flaming Sakura.","Giờ đây, tất cả những gì ta có thể làm là ôm Suzu thật chặt, để đảm bảo rằng sau Hiyuki... sẽ không còn Miko nào của Flaming Sakura nữa.",
lang_multi_text_1sthalf.db,MultiText,Id,Zuoyequnxing_168_28,Content,dialogue,translated,,PASS,10,,,,,That... is all that remains.,Đó... là tất cả những gì còn lại.,
lang_multi_text_1sthalf.db,MultiText,Id,Zuoyequnxing_168_29,Content,dialogue,translated,,PASS,10,,,,,"From Lahai-Roi to the distant lands of Jinzhou and Rinascita, people rise up to fight the Threnodians.","Từ Lahai-Roi đến những vùng đất xa xôi như Jinzhou và Rinascita, mọi người đứng lên chiến đấu chống lại Threnodians.",
lang_multi_text_1sthalf.db,MultiText,Id,Zuoyequnxing_168_30,Content,dialogue,translated,,PASS,10,,,,,I've been part of that fight. But to pretend I'm the only reason they're standing? That everything fails if I do? That's arrogance. It's an insult to everyone else choosing to stand their ground.,Tôi đã tham gia vào cuộc chiến đó. Nhưng giả vờ như tôi là lý do duy nhất họ vẫn đứng vững? Rằng mọi thứ sẽ sụp đổ nếu tôi làm không được? Đó là kiêu ngạo. Là sự xúc phạm đến tất cả những người khác đang chọn đứng vững trên mặt đất này.,
lang_multi_text_1sthalf.db,MultiText,Id,Zuoyequnxing_168_31,Content,dialogue,translated,,PASS,10,,,,,My victories were never mine alone.,Những chiến thắng của tôi chưa bao giờ chỉ thuộc về riêng tôi.,
lang_multi_text_1sthalf.db,MultiText,Id,Zuoyequnxing_168_32,Content,dialogue,translated,,PASS,10,,,,,"If even one person makes it to the end of this road, then we're still winning.","Nếu chỉ cần một người có thể đi đến cuối con đường này, thì chúng ta vẫn đang chiến thắng.",
lang_multi_text_1sthalf.db,MultiText,Id,Zuoyequnxing_168_33,Content,dialogue,translated,,PASS,10,,,,,Hiyuki. When you're walking alone and feel that weight... Just stop for a moment. Look around.,Hiyuki. Khi cậu đi một mình và cảm thấy gánh nặng đó... Hãy dừng lại một chút. Nhìn xung quanh đi.,
lang_multi_text_1sthalf.db,MultiText,Id,Zuoyequnxing_168_34,Content,dialogue,translated,,PASS,10,,,,,Stop...,Dừng lại...,
lang_multi_text_1sthalf.db,MultiText,Id,Zuoyequnxing_168_35,Content,dialogue,translated,,PASS,10,,,,,You'll see that there are people who draw strength from you. People out there who are proud of you.,Cậu sẽ thấy có những người lấy sức mạnh từ cậu. Những người ngoài kia tự hào về cậu.,
lang_multi_text_1sthalf.db,MultiText,Id,Zuoyequnxing_168_36,Content,dialogue,translated,,PASS,10,,,,,"And when you finally reach the end of your journey, you'll know it was never futile.","Và khi cuối cùng cậu đặt chân đến điểm kết của hành trình, cậu sẽ hiểu rằng mọi thứ chưa bao giờ là vô nghĩa.",
lang_multi_text_1sthalf.db,MultiText,Id,Zuoyequnxing_168_37,Content,dialogue,translated,,PASS,10,,,,,...How enviably brilliant.,"...Thật đáng ngưỡng mộ, sáng ngời đến thế.",
lang_multi_text_1sthalf.db,MultiText,Id,Zuoyequnxing_168_38,Content,dialogue,translated,,PASS,10,,,,,Huh?,Hả?,
lang_multi_text_1sthalf.db,MultiText,Id,Zuoyequnxing_168_39,Content,dialogue,translated,,PASS,10,,,,,Come again?,Cậu vừa nói gì cơ?,
lang_multi_text_1sthalf.db,MultiText,Id,Zuoyequnxing_168_40,Content,dialogue,translated,,PASS,10,,,,,It is nothing. I will tell you when you return.,Không có gì đâu. Ta sẽ nói với cậu khi cậu trở về.,
lang_multi_text_1sthalf.db,MultiText,Id,Zuoyequnxing_168_41,Content,dialogue,translated,,PASS,10,,,,,All right. I'll be back soon.,Được rồi. Tớ sẽ quay lại sớm thôi.,
lang_multi_text_1sthalf.db,MultiText,Id,Zuoyequnxing_168_42,Content,dialogue,translated,,PASS,10,,,,,I will hold the line here until Duskveil initiates. I will wait for you... together with everyone.,Ta sẽ giữ vị trí này cho đến khi Duskveil bắt đầu. Ta sẽ đợi cậu... cùng với mọi người.,
lang_multi_text_1sthalf.db,MultiText,Id,Zuoyequnxing_168_43,Content,dialogue,translated,,PASS,10,,,,,"After defeating Denia, you prepare to journey beyond the Stridergate. Hiyuki hesitates before you go, wondering aloud whether a savior should walk a solitary path. Leading others down this road, she believes, only invites misfortune—just as it did for Aemeath. But you tell her that you have no regrets, and have always been proud of the person Aemeath is. Because of her, you no longer feel alone on this path.
Your words remind Hiyuki of her own sister, Gyokuro. Something shifts in her expression, and she confides that she is a little ""jealous"" of you, then tells you she will wait here for your safe return.","Sau khi đánh bại Denia, cậu chuẩn bị lên đường vượt qua Stridergate. Hiyuki do dự trước khi cậu rời đi, tự hỏi liệu một vị cứu tinh có nên đi trên con đường cô độc. Dẫn dắt người khác trên con đường này, theo cô, chỉ mang lại bất hạnh—giống như những gì đã xảy ra với Aemeath. Nhưng cậu nói với cô rằng cậu không hề hối tiếc, và luôn tự hào về con người Aemeath. Chính nhờ cô ấy, cậu không còn cảm thấy cô đơn trên con đường này nữa.
Lời của cậu khiến Hiyuki nhớ đến người chị gái của mình, Gyokuro. Có điều gì đó thay đổi trong ánh mắt cô, và cô thú nhận rằng mình hơi ""ghen tị"" với cậu, rồi nói sẽ đợi ở đây cho đến khi cậu trở về an toàn.",
lang_multi_text_1sthalf.db,MultiText,Id,Zuoyequnxing_170_1,Content,dialogue,translated,,PASS,10,,,,,The Exostrider...,Exostrider ấy à...,
lang_multi_text_1sthalf.db,MultiText,Id,Zuoyequnxing_170_2,Content,dialogue,translated,,PASS,10,,,,,Someone consumed by Voidmatter...?,Người bị Voidmatter nuốt chửng...?,
lang_multi_text_1sthalf.db,MultiText,Id,Zuoyequnxing_170_3,Content,dialogue,translated,,PASS,10,,,,,"Come here. The Exostrider's power is nearly spent, but I'll do my best to protect you.","Lại đây. Năng lượng của Exostrider sắp cạn kiệt rồi, nhưng tôi sẽ cố hết sức bảo vệ cậu.",
lang_multi_text_1sthalf.db,MultiText,Id,Zuoyequnxing_170_4,Content,dialogue,translated,,PASS,10,,,,,This frequency...,Tần số này...,
lang_multi_text_1sthalf.db,MultiText,Id,Zuoyequnxing_170_5,Content,dialogue,translated,,PASS,10,,,,,No. Your existence is already nearly—,Không. Sự tồn tại của ngươi đã gần như—,
lang_multi_text_1sthalf.db,MultiText,Id,Zuoyequnxing_170_6,Content,dialogue,translated,,PASS,10,,,,,"""Where... am I?""","""Nơi... đây là đâu?""",
lang_multi_text_1sthalf.db,MultiText,Id,Zuoyequnxing_170_7,Content,dialogue,translated,,PASS,10,,,,,"""Did the Void Storm consume me? Am I... dead?""","""Phải cơn Bão Hư Không đã nuốt chửng ta rồi sao? Ta... đã chết rồi sao?""",
lang_multi_text_1sthalf.db,MultiText,Id,Zuoyequnxing_170_8,Content,dialogue,translated,,PASS,10,,,,,"""Is this Voidspace? A higher dimension?""","""Đây có phải là Không Gian Hư Không không? Một chiều không gian cao hơn sao?""",
lang_multi_text_1sthalf.db,MultiText,Id,Zuoyequnxing_170_9,Content,dialogue,translated,,PASS,10,,,,,"""Our existence... is fading...""","""Sự tồn tại của chúng ta... đang phai mờ...""",
lang_multi_text_1sthalf.db,MultiText,Id,Zuoyequnxing_170_10,Content,dialogue,translated,,PASS,10,,,,,"""Did you just say that time and space... have no meaning?""","""Cậu vừa nói thời gian và không gian... không có ý nghĩa sao?""",
lang_multi_text_1sthalf.db,MultiText,Id,Zuoyequnxing_170_11,Content,dialogue,translated,,PASS,10,,,,,"""Who's speaking?""","""Ai đang nói vậy?""",
lang_multi_text_1sthalf.db,MultiText,Id,Zuoyequnxing_170_12,Content,dialogue,translated,,PASS,10,,,,,"""I can't see you... but I can feel you.""","""Tôi không nhìn thấy cậu... nhưng tôi có thể cảm nhận được cậu.""",
lang_multi_text_1sthalf.db,MultiText,Id,Zuoyequnxing_170_13,Content,dialogue,translated,,PASS,10,,,,,"""Sound doesn't travel here. But thoughts do.""","""Âm thanh không truyền được tới đây. Nhưng suy nghĩ thì có.""",
lang_multi_text_1sthalf.db,MultiText,Id,Zuoyequnxing_170_14,Content,dialogue,translated,,PASS,10,,,,,"""The Exostrider?""","""Exostrider à?""",
lang_multi_text_1sthalf.db,MultiText,Id,Zuoyequnxing_170_15,Content,dialogue,translated,,PASS,10,,,,,"""What are you doing?""","""Cậu đang làm gì vậy?""",
lang_multi_text_1sthalf.db,MultiText,Id,Zuoyequnxing_170_16,Content,dialogue,translated,,PASS,10,,,,,"""This is meaningless.""","""Việc này thật vô nghĩa.""",
lang_multi_text_1sthalf.db,MultiText,Id,Zuoyequnxing_170_17,Content,dialogue,translated,,PASS,10,,,,,"""That's enough!""","""Đủ rồi!""",
lang_multi_text_1sthalf.db,MultiText,Id,Zuoyequnxing_170_18,Content,dialogue,translated,,PASS,10,,,,,"""It's futile...""","""Vô ích thôi...""",
lang_multi_text_1sthalf.db,MultiText,Id,Zuoyequnxing_170_19,Content,dialogue,translated,,PASS,10,,,,,"""Our lives already ended in the void.""","""Mạng sống của chúng ta đã kết thúc trong hư vô từ lâu rồi.""",
lang_multi_text_1sthalf.db,MultiText,Id,Zuoyequnxing_170_20,Content,dialogue,translated,,PASS,10,,,,,"""I heard the Exostrider's <ano=frequency>cry for help</ano>. I want to find it.""","""Tớ nghe thấy <ano=frequency>tiếng kêu cứu</ano> của Exostrider. Tớ muốn tìm nó.""",
lang_multi_text_1sthalf.db,MultiText,Id,Zuoyequnxing_170_21,Content,dialogue,translated,,PASS,10,,,,,"""Time and space don't mean a thing.""","""Thời gian và không gian chẳng có nghĩa lý gì ở đây.""",
lang_multi_text_1sthalf.db,MultiText,Id,Zuoyequnxing_170_22,Content,dialogue,translated,,PASS,10,,,,,"""You'll never reach it.""","""Ngươi sẽ chẳng bao giờ tới được đâu.""",
lang_multi_text_1sthalf.db,MultiText,Id,Zuoyequnxing_170_23,Content,dialogue,translated,,PASS,10,,,,,"""I know what the Exostrider means to Lahai-Roi, but...""","""Tôi biết Exostrider có ý nghĩa thế nào với Lahai-Roi, nhưng...""",
lang_multi_text_1sthalf.db,MultiText,Id,Zuoyequnxing_170_24,Content,dialogue,translated,,PASS,10,,,,,"""You want to save it? How?""","""Cậu muốn cứu nó à? Bằng cách nào?""",
lang_multi_text_1sthalf.db,MultiText,Id,Zuoyequnxing_170_25,Content,dialogue,translated,,PASS,10,,,,,"""Nothing makes sense here!""","""Chẳng có gì ở đây là hợp lý cả!""",
lang_multi_text_1sthalf.db,MultiText,Id,Zuoyequnxing_170_26,Content,dialogue,translated,,PASS,10,,,,,"""Just give up.""","""Thôi bỏ cuộc đi.""",
lang_multi_text_1sthalf.db,MultiText,Id,Zuoyequnxing_170_27,Content,dialogue,translated,,REVIEW,6,same_as_source,RETRY,3,missing source and target text for evaluation.,"""...""","""...""",
lang_multi_text_1sthalf.db,MultiText,Id,Zuoyequnxing_170_28,Content,dialogue,translated,,PASS,10,,,,,"""But I... we...""","""Nhưng tôi... chúng ta...""",
lang_multi_text_1sthalf.db,MultiText,Id,Zuoyequnxing_170_29,Content,dialogue,translated,,PASS,10,,,,,"""We made it to the stars to reach for the unknown, didn't we?""","""Chúng ta đã đến với những vì sao để vươn tới những điều chưa biết, phải không?""",
lang_multi_text_1sthalf.db,MultiText,Id,Zuoyequnxing_170_30,Content,dialogue,translated,,PASS,10,,,,,You...,Cậu...,
lang_multi_text_1sthalf.db,MultiText,Id,Zuoyequnxing_170_31,Content,dialogue,translated,,PASS,10,,,,,"""This is where we came from.""","""Đây chính là nơi chúng ta đã khởi đầu.""",
lang_multi_text_1sthalf.db,MultiText,Id,Zuoyequnxing_170_32,Content,dialogue,translated,,PASS,10,,,,,A spacetime coordinate with the Exostrider as the origin? But that's impossible inside a black hole...,Tọa độ không-thời gian lấy Exostrider làm gốc? Nhưng điều đó không thể xảy ra bên trong hố đen...,
lang_multi_text_1sthalf.db,MultiText,Id,Zuoyequnxing_170_33,Content,dialogue,translated,,PASS,10,,,,,"""Now, we will mark the past with the future.""","""Giờ đây, chúng ta sẽ ghi dấu quá khứ bằng tương lai.""",
lang_multi_text_1sthalf.db,MultiText,Id,Zuoyequnxing_170_34,Content,dialogue,translated,,PASS,10,,,,,...Thank you.,...Cảm ơn cậu.,
lang_multi_text_1sthalf.db,MultiText,Id,Zuoyequnxing_170_35,Content,dialogue,translated,,PASS,10,,,,,You charted the unknown with your lives. I'll make sure it's not in vain.,Các người đã vẽ nên những điều chưa biết bằng chính mạng sống của mình. Ta sẽ đảm bảo điều đó không trở nên vô nghĩa.,
lang_multi_text_1sthalf.db,MultiText,Id,Zuoyequnxing_170_36,Content,dialogue,translated,,RETRY,8,missing_token:<ano=The Exostrider and I>,,,,The light of the Origin Point... <ano=The Exostrider and I>We</ano> will bear it.,Ánh sáng của Điểm Nguồn... <ano=The Exostrider and I>Chúng ta</ano> sẽ gánh vác nó.,
lang_multi_text_1sthalf.db,MultiText,Id,Zuoyequnxing_170_37,Content,dialogue,translated,,PASS,10,,,,,Aemeath?,Aemeath?,
lang_multi_text_1sthalf.db,MultiText,Id,Zuoyequnxing_170_38,Content,dialogue,translated,,PASS,10,,,,,I'm here.,Tôi đây.,
lang_multi_text_1sthalf.db,MultiText,Id,Zuoyequnxing_170_39,Content,dialogue,translated,,PASS,10,,,,,"Aemeath, can you bring the Drive Replica here? It's the ""heart"" they built for the Exostrider.","Aemeath, cậu có thể mang Drive Replica tới đây được không? Đó là ""trái tim"" mà họ chế tạo cho Exostrider.",
lang_multi_text_1sthalf.db,MultiText,Id,Zuoyequnxing_170_40,Content,dialogue,translated,,PASS,10,,,,,"Don't worry. This time, we'll save the world together.","Đừng lo. Lần này, chúng ta sẽ cùng nhau cứu lấy thế giới.",
lang_multi_text_1sthalf.db,MultiText,Id,Zuoyequnxing_170_41,Content,dialogue,translated,,PASS,10,,,,,...Okay. I'll bring you back humanity's hope.,...Được rồi. Tôi sẽ mang lại cho ngươi niềm hy vọng của nhân loại.,
lang_multi_text_1sthalf.db,MultiText,Id,Zuoyequnxing_170_42,Content,dialogue,translated,,PASS,10,,,,,So... wait for me.,Vậy... hãy đợi tôi.,
lang_multi_text_1sthalf.db,MultiText,Id,Zuoyequnxing_170_43,Content,dialogue,translated,,PASS,10,,,,,Why is the Exostrider here?,Tại sao Exostrider lại ở đây?,
lang_multi_text_1sthalf.db,MultiText,Id,Zuoyequnxing_170_44,Content,dialogue,translated,,PASS,10,,,,,What happened?,Chuyện gì đã xảy ra vậy?,
lang_multi_text_1sthalf.db,MultiText,Id,Zuoyequnxing_170_45,Content,dialogue,translated,,PASS,10,,,,,The light?,Ánh sáng kia?,
lang_multi_text_1sthalf.db,MultiText,Id,Zuoyequnxing_170_46,Content,dialogue,translated,,PASS,10,,,,,...What should we do?,...Chúng ta nên làm gì bây giờ?,
lang_multi_text_1sthalf.db,MultiText,Id,Zuoyequnxing_170_49,Content,dialogue,translated,,PASS,10,,,,,Just another step on a long road of discovery.,Chỉ là một bước nhỏ trên con đường khám phá dài đằng đẵng.,
lang_multi_text_1sthalf.db,MultiText,Id,Zuoyequnxing_171_1,Content,dialogue,translated,,PASS,10,,,,,Stars... Reached... Meaningless... Reason.,Những vì sao... đã chạm tới... Vô nghĩa... Lý do.,
lang_multi_text_1sthalf.db,MultiText,Id,Zuoyequnxing_171_2,Content,dialogue,translated,,PASS,10,,,,,"Over here, Aleph-1. Right now, you're dealing with me.","Ở đây, Aleph-1. Ngay lúc này, ngươi đang phải đối mặt với ta.",
lang_multi_text_1sthalf.db,MultiText,Id,Zuoyequnxing_174_1,Content,dialogue,translated,,PASS,10,,,,,All beings... Dissolve. Waves... rise and fall. Destination... void...,Mọi sinh linh... đều tan biến. Những con sóng... lên xuống. Đích đến... hư vô...,
lang_multi_text_1sthalf.db,MultiText,Id,Zuoyequnxing_175_1,Content,dialogue,translated,,PASS,10,,,,,Seek... Boundary... Destruction... Sighs.,Tìm kiếm... Biên giới... Sự hủy diệt... Những tiếng thở dài.,
lang_multi_text_1sthalf.db,MultiText,Id,Zuoyequnxing_176_1,Content,dialogue,translated,,REVIEW,6,same_as_source,,,,...,...,
lang_multi_text_1sthalf.db,MultiText,Id,Zuoyequnxing_176_2,Content,dialogue,translated,,PASS,10,,,,,The Exostrider's frequency is decaying...!,Tần số của Exostrider đang suy giảm...!,
lang_multi_text_1sthalf.db,MultiText,Id,Zuoyequnxing_176_3,Content,dialogue,translated,,PASS,10,,,,,Status on the Drive Replica?,Tình trạng Drive Replica thế nào?,
lang_multi_text_1sthalf.db,MultiText,Id,Zuoyequnxing_176_4,Content,dialogue,translated,,PASS,10,,,,,Almost ready. We just need the calibration data now!,Sắp xong rồi. Chỉ cần dữ liệu hiệu chuẩn nữa thôi!,
lang_multi_text_1sthalf.db,MultiText,Id,Zuoyequnxing_176_6,Content,dialogue,translated,,PASS,10,,,,,Its reading is about to flatline!,Đọc số của nó sắp về 0 rồi!,
lang_multi_text_1sthalf.db,MultiText,Id,Zuoyequnxing_177_1,Content,dialogue,translated,,PASS,10,,,,,Alert: Arbiter. Mech ascension complete. Systems at peak. Ready to reengage enemy.,Báo động: Arbiter. Mech đã hoàn tất thăng hoa. Hệ thống đạt đỉnh. Sẵn sàng tái giao chiến với kẻ địch.,
lang_multi_text_1sthalf.db,MultiText,Id,Zuoyequnxing_177_2,Content,dialogue,translated,,PASS,10,,,,,Exostrider... you're awake?,Exostrider... cậu tỉnh rồi à?,
lang_multi_text_1sthalf.db,MultiText,Id,Zuoyequnxing_177_3,Content,dialogue,translated,,PASS,10,,,,,"Assessment: A ""human heart"" is now operational within me. I can now speak with their voice.","Đánh giá: Một ""trái tim con người"" giờ đã hoạt động bên trong ta. Ta có thể nói bằng chính giọng nói của họ.",
lang_multi_text_1sthalf.db,MultiText,Id,Zuoyequnxing_177_4,Content,dialogue,translated,,PASS,10,,,,,"In frostlands where civilization should not have taken root, a collective will was born. A will to explore what lies beyond.","Tại vùng đất băng giá nơi lẽ ra văn minh không thể bén rễ, một ý chí tập thể đã ra đời. Một ý chí muốn khám phá những gì nằm ngoài kia.",
lang_multi_text_1sthalf.db,MultiText,Id,Zuoyequnxing_177_5,Content,dialogue,translated,,PASS,10,,,,,They... have chosen me.,Họ... đã chọn ta.,
lang_multi_text_1sthalf.db,MultiText,Id,Zuoyequnxing_180_1,Content,dialogue,translated,,PASS,10,,,,,That's our chance!,Đó là cơ hội của chúng ta!,
lang_multi_text_1sthalf.db,MultiText,Id,Zuoyequnxing_181_1,Content,dialogue,translated,,PASS,10,,,,,Verdict: Judgment is at hand.,Phán quyết: Sự phán xét đã đến gần.,
lang_multi_text_1sthalf.db,MultiText,Id,Zuoyequnxing_182_1,Content,dialogue,translated,,PASS,10,,,,,Annihilation... Certain. Voyage... Futile. Beginning... Will?,Hủy diệt... Chắc chắn. Hành trình... Vô vọng. Khởi đầu... Ý chí?,
lang_multi_text_1sthalf.db,MultiText,Id,Zuoyequnxing_182_2,Content,dialogue,translated,,PASS,10,,,,,Directive: I voyaged here to fulfill my mission. Life on this planet has the right to explore the vastness of the cosmos.,Chỉ thị: Ta đến đây để hoàn thành nhiệm vụ. Sự sống trên hành tinh này có quyền khám phá sự bao la của vũ trụ.,
lang_multi_text_1sthalf.db,MultiText,Id,Zuoyequnxing_182_3,Content,dialogue,translated,,PASS,10,,,,,You see the civilizations across the stars only as food to quiet your hunger. You cannot comprehend the will that drives them.,Ngươi chỉ coi các nền văn minh giữa các vì sao là thức ăn để dập tắt cơn đói của mình. Ngươi không thể hiểu được ý chí thúc đẩy họ.,
lang_multi_text_1sthalf.db,MultiText,Id,Zuoyequnxing_182_4,Content,dialogue,translated,,PASS,10,,,,,The end... Void. Meaning... Suffering...,Kết thúc... Hư không. Ý nghĩa... Đau khổ...,
lang_multi_text_1sthalf.db,MultiText,Id,Zuoyequnxing_182_5,Content,dialogue,translated,,PASS,10,,,,,"Opinion: Even if humanity's final frontier is an endless void, it is not proof of a meaningless pursuit, Aleph-1.
ALT: Opinion: Even a boundless void at the end of their journey, Aleph-1, does not make their pursuit meaningless.","Ý kiến: Dù biên giới cuối cùng của nhân loại là một hư không vô tận, điều đó không chứng minh cho một sự theo đuổi vô nghĩa, Aleph-1.
ALT: Ý kiến: Dù là một hư không vô tận ở cuối hành trình của họ, Aleph-1, điều đó không khiến sự theo đuổi của họ trở nên vô nghĩa.",
lang_multi_text_1sthalf.db,MultiText,Id,Zuoyequnxing_184_1,Content,dialogue,translated,,PASS,10,,,,,Confirmation: Battle concluded. Voidmatter responses within this sector have dissipated.,Xác nhận: Trận chiến kết thúc. Phản ứng của Voidmatter trong khu vực này đã tan biến.,
lang_multi_text_1sthalf.db,MultiText,Id,Zuoyequnxing_184_2,Content,dialogue,translated,,PASS,10,,,,,But... Threnodian Aleph-1 wasn't destroyed.,Nhưng... Threnodian Aleph-1 vẫn chưa bị tiêu diệt.,
lang_multi_text_1sthalf.db,MultiText,Id,Zuoyequnxing_184_3,Content,dialogue,translated,,PASS,10,,,,,"Analysis: Resonator Aemeath. Under current parameters, the permanent termination of Aleph‑1 is impossible.","Phân tích: Resonator Aemeath. Với các thông số hiện tại, việc chấm dứt vĩnh viễn Aleph-1 là bất khả thi.",
lang_multi_text_1sthalf.db,MultiText,Id,Zuoyequnxing_184_4,Content,dialogue,translated,,PASS,10,,,,,"Therefore, I exercised autonomous judgment and exiled it to the furthest reaches of this universe.","Do đó, tôi đã tự đưa ra phán quyết và lưu đày nó đến nơi tận cùng của vũ trụ này.",
lang_multi_text_1sthalf.db,MultiText,Id,Zuoyequnxing_184_5,Content,dialogue,translated,,PASS,10,,,,,"Request: Arbiter, permission to remain. Before your final judgement, allow me to submit a log of my experience in Lahai-Roi.","Yêu cầu: Arbiter, cho phép tôi được ở lại. Trước khi phán quyết cuối cùng của Người, xin hãy cho tôi nộp bản ghi chép về trải nghiệm của mình tại Lahai-Roi.",
lang_multi_text_1sthalf.db,MultiText,Id,Zuoyequnxing_184_6,Content,dialogue,translated,,PASS,10,,,,,Go ahead.,Nói đi.,
lang_multi_text_1sthalf.db,MultiText,Id,Zuoyequnxing_184_7,Content,dialogue,translated,,PASS,10,,,,,"Log Retrieval: On multiple return transits, I was detected by Aleph‑1. It pursued me, its objective to enter Solaris through the Stridergate.","Thu hồi Nhật ký: Trong nhiều lần di chuyển trở lại, tôi đã bị Aleph-1 phát hiện. Nó truy đuổi tôi, mục tiêu là xâm nhập Solaris qua Stridergate.",
lang_multi_text_1sthalf.db,MultiText,Id,Zuoyequnxing_184_8,Content,dialogue,translated,,PASS,10,,,,,"It attacked. I fell... but Resonator Aemeath answered me with her power, and I was able to banish a part of Aleph-1.","Nó tấn công. Tôi gục ngã... nhưng Resonator Aemeath đã đáp lại tôi bằng sức mạnh của cô ấy, và tôi đã có thể trục xuất một phần của Aleph-1.",
lang_multi_text_1sthalf.db,MultiText,Id,Zuoyequnxing_184_9,Content,dialogue,translated,,PASS,10,,,,,I should have initiated a full system seal to await repairs. But I saw countless pairs of terrified eyes.,Lẽ ra ta nên kích hoạt niêm phong hệ thống toàn phần để chờ sửa chữa. Nhưng ta đã nhìn thấy vô số đôi mắt kinh hoàng.,
lang_multi_text_1sthalf.db,MultiText,Id,Zuoyequnxing_184_10,Content,dialogue,translated,,PASS,10,,,,,Discovery: The Roya in the frostlands stood helpless before the Threnodian's Voidmatter calamity.,Phát hiện: Những Roya ở vùng băng giá đứng bất lực trước thảm họa Voidmatter của Threnodian.,
lang_multi_text_1sthalf.db,MultiText,Id,Zuoyequnxing_184_11,Content,dialogue,translated,,PASS,10,,,,,"I saw panic and dread. Following the protocol shared with the Sentinels, I extracted my Reactor Drive and encased it deep within the ice. Then I powered down to slumber.","Ta thấy hoảng loạn và sợ hãi. Theo giao thức chung với các Sentinel, ta đã rút Reactor Drive của mình và giam nó sâu trong lớp băng. Rồi ta tắt nguồn để chìm vào giấc ngủ.",
lang_multi_text_1sthalf.db,MultiText,Id,Zuoyequnxing_184_12,Content,dialogue,translated,,PASS,10,,,,,Exception: A momentary reactivation occurred. Resonator Aemeath resonated with me a second time.,Ngoại lệ: Đã xảy ra một lần tái kích hoạt tạm thời. Resonator Aemeath đã cộng hưởng với ta lần thứ hai.,
lang_multi_text_1sthalf.db,MultiText,Id,Zuoyequnxing_184_13,Content,dialogue,translated,,PASS,10,,,,,She required my power to mend the Stridergate rift. I complied.,Cô ấy cần sức mạnh của ta để hàn gắn vết nứt Stridergate. Ta đã đồng ý.,
lang_multi_text_1sthalf.db,MultiText,Id,Zuoyequnxing_184_14,Content,dialogue,translated,,PASS,10,,,,,"That was when I became a digital ghost. But was that the ""second time"" we resonated... or the ""first""?","Đó là lúc ta trở thành một bóng ma kỹ thuật số. Nhưng đó có phải là lần cộng hưởng ""thứ hai""... hay ""đầu tiên"" giữa chúng ta?",
lang_multi_text_1sthalf.db,MultiText,Id,Zuoyequnxing_184_15,Content,dialogue,translated,,PASS,10,,,,,"Initial Assessment: Upon reactivation, standard procedure was to request your retreat. Direct engagement with Aleph-1 was a tactical irrationality.","Đánh giá ban đầu: Sau khi tái kích hoạt, thủ tục tiêu chuẩn là yêu cầu cậu rút lui. Đối đầu trực tiếp với Aleph-1 là một quyết định phi chiến thuật.",
lang_multi_text_1sthalf.db,MultiText,Id,Zuoyequnxing_184_16,Content,dialogue,translated,,PASS,10,,,,,"But the ""human heart"" granted me a voice. The will of this civilization gave me the strength to stand with you.","Nhưng ""trái tim con người"" đã cho ta một tiếng nói. Ý chí của nền văn minh này đã ban cho ta sức mạnh để sát cánh cùng cậu.",
lang_multi_text_1sthalf.db,MultiText,Id,Zuoyequnxing_184_17,Content,dialogue,translated,,PASS,10,,,,,Component Analysis: This Drive Replica forged by humans is crude and fragile compared to my original Drive.,Phân tích cấu kiện: Bản sao Drive này được con người chế tạo thật thô sơ và mỏng manh so với Drive gốc của ta.,
lang_multi_text_1sthalf.db,MultiText,Id,Zuoyequnxing_184_18,Content,dialogue,translated,,PASS,10,,,,,"I can feel each one of its pulse cycles. Violent, eroding itself with every beat.","Ta có thể cảm nhận từng nhịp đập của nó. Dữ dội, tự bào mòn chính mình sau mỗi nhịp.",
lang_multi_text_1sthalf.db,MultiText,Id,Zuoyequnxing_184_19,Content,dialogue,translated,,PASS,10,,,,,"The shrill, grating friction of wear...This is the first time I have ever heard ""myself."" A heartbeat bestowed upon me by ""them.""","Tiếng ma sát chói tai, chà xát của sự hao mòn... Đây là lần đầu tiên ta nghe thấy ""bản thân"" mình. Một nhịp tim được ""họ"" ban tặng.",
lang_multi_text_1sthalf.db,MultiText,Id,Zuoyequnxing_184_20,Content,dialogue,translated,,PASS,10,,,,,"With this heart installed, I have acquired capabilities previously undocumented outside the Sentinel mech series.","Với trái tim này, ta đã sở hữu những khả năng chưa từng được ghi nhận ngoài dòng mech Sentinel.",
lang_multi_text_1sthalf.db,MultiText,Id,Zuoyequnxing_184_21,Content,dialogue,translated,,PASS,10,,,,,"Projection: Given Threnodian Aleph-1's abilities, we must assume it retains the capacity to return.","Dự báo: Với năng lực của Threnodian Aleph-1, chúng ta phải giả định rằng nó vẫn còn khả năng quay trở lại.",
lang_multi_text_1sthalf.db,MultiText,Id,Zuoyequnxing_184_22,Content,dialogue,translated,,PASS,10,,,,,"Once the Stridergate is fully sealed, I will remain on this side as its guardian. I will bar its re-entry into Solaris.","Một khi Cổng Strider được niêm phong hoàn toàn, ta sẽ ở lại bên này với tư cách người canh giữ nó. Ta sẽ ngăn không cho nó quay trở lại Solaris.",
lang_multi_text_1sthalf.db,MultiText,Id,Zuoyequnxing_184_23,Content,dialogue,translated,,PASS,10,,,,,Request: Arbiter. I was born from humanity's hope. Please permit me to remain here and protect them until this heart ceases to beat.,Yêu cầu: Arbiter à. Ta sinh ra từ hi vọng của nhân loại. Xin hãy cho phép ta ở lại đây và bảo vệ họ cho đến khi trái tim này ngừng đập.,
lang_multi_text_1sthalf.db,MultiText,Id,Zuoyequnxing_184_24,Content,dialogue,translated,,PASS,10,,,,,...Very well. Permission granted.,...Được thôi. Cho phép được cấp.,
lang_multi_text_1sthalf.db,MultiText,Id,Zuoyequnxing_184_25,Content,dialogue,translated,,PASS,10,,,,,Query: Resonator Aemeath. Are you willing to accept a portion of my power?,Hỏi: Resonator Aemeath. Ngươi có sẵn lòng tiếp nhận một phần sức mạnh của ta không?,
lang_multi_text_1sthalf.db,MultiText,Id,Zuoyequnxing_184_26,Content,dialogue,translated,,PASS,10,,,,,"When I first arrived in Lahai-Roi, your assistance allowed me to seal the Threnodian beyond the Stridergate.","Khi ta lần đầu đến Lahai-Roi, sự hỗ trợ của ngươi đã giúp ta niêm phong Threnodian bên kia Cổng Strider.",
lang_multi_text_1sthalf.db,MultiText,Id,Zuoyequnxing_184_27,Content,dialogue,translated,,PASS,10,,,,,"Your current state is a consequence for which I bear responsibility. While I slumbered, you safeguarded Lahai-Roi in my stead.","Trạng thái hiện tại của cậu là hậu quả mà ta phải gánh vác trách nhiệm. Trong khi ta say giấc, cậu đã thay ta bảo vệ Lahai-Roi.",
lang_multi_text_1sthalf.db,MultiText,Id,Zuoyequnxing_184_28,Content,dialogue,translated,,PASS,10,,,,,"Now, the death that once drew near has been severed. Henceforth, your companion will be an enduring ""life.""","Giờ đây, cái chết từng cận kề đã bị cắt đứt. Từ nay về sau, người bạn đồng hành của cậu sẽ là một ""sự sống"" vĩnh cửu.",
lang_multi_text_1sthalf.db,MultiText,Id,Zuoyequnxing_184_29,Content,dialogue,translated,,PASS,10,,,,,"Summary: I am experiencing the state defined as ""guilt.""","Tóm lại: Ta đang trải qua trạng thái được định nghĩa là ""tội lỗi"".",
lang_multi_text_1sthalf.db,MultiText,Id,Zuoyequnxing_184_30,Content,dialogue,translated,,PASS,10,,,,,"Hah! Oh Exostrider, you're really wearing your ""heart"" on your sleeve, aren't you?","Haha! Ôi Exostrider, cậu đúng là đang phơi bày ""trái tim"" của mình ra đấy nhỉ?",
lang_multi_text_1sthalf.db,MultiText,Id,Zuoyequnxing_184_31,Content,dialogue,translated,,PASS,10,,,,,"But hey, I chose this path myself. Made my peace where it ends a long time ago.","Nhưng thôi, ta đã tự chọn con đường này. Từ lâu rồi ta đã chấp nhận kết thúc của nó.",
lang_multi_text_1sthalf.db,MultiText,Id,Zuoyequnxing_184_32,Content,dialogue,translated,,PASS,10,,,,,"As for your question... This savior's got a career to uphold. Gotta level up if I'm gonna keep kicking bad guy butt, right?","Còn về câu hỏi của cậu... Người cứu thế này còn cả sự nghiệp phải theo đuổi. Phải lên cấp nếu muốn tiếp tục đánh bại lũ xấu xa, phải không?",
lang_multi_text_1sthalf.db,MultiText,Id,Zuoyequnxing_184_33,Content,dialogue,translated,,PASS,10,,,,,"So your power? Hell yeah, I'll take it.","Vậy là sức mạnh của cậu à? Tuyệt, tôi sẽ nhận lấy.",
lang_multi_text_1sthalf.db,MultiText,Id,Zuoyequnxing_184_34,Content,dialogue,translated,,PASS,10,,,,,Authorization: Resonator Aemeath's agreement confirmed. Synchronization limit removed. Commencing Resonance.,Xác nhận: Đồng thuận của Resonator Aemeath. Giới hạn đồng bộ đã được gỡ bỏ. Bắt đầu Cộng hưởng.,
lang_multi_text_1sthalf.db,MultiText,Id,Zuoyequnxing_184_35,Content,dialogue,translated,,PASS,10,,,,,"Suggestion: Don't you dare feel ""guilty."" Thank you for living up to my hopes. So... let's make our goodbye a happy one, okay?","Gợi ý: Đừng dám có ý nghĩ ""tội lỗi"" nhé. Cảm ơn cậu đã sống đúng như những gì ta mong đợi. Vậy nên... hãy để lời tạm biệt của chúng ta thật vui vẻ, được không?",
lang_multi_text_1sthalf.db,MultiText,Id,Zuoyequnxing_184_36,Content,dialogue,translated,,PASS,10,,,,,Detection: Arbiter. You have brought your Cassette.,Phát hiện: Arbiter. Ngươi đã mang theo Cassette của mình.,
lang_multi_text_1sthalf.db,MultiText,Id,Zuoyequnxing_184_37,Content,dialogue,translated,,PASS,10,,,,,"Proposal: Please, allow me to take it. I wish to burn a frequency onto the tape, for you to return to Lahai-Roi.","Đề nghị: Xin hãy để tôi mang nó đi. Tôi muốn ghi một tần số lên băng, để Rover có thể trở về Lahai-Roi.",
lang_multi_text_1sthalf.db,MultiText,Id,Zuoyequnxing_184_38,Content,dialogue,translated,,PASS,10,,,,,What frequency is that?,Tần số nào vậy?,
lang_multi_text_1sthalf.db,MultiText,Id,Zuoyequnxing_184_39,Content,dialogue,translated,,PASS,10,,,,,"Briefing: While traversing the stars at high velocity, my trajectory once intersected with a slow-moving probe.","Briefing: Trong lúc di chuyển giữa các vì sao với vận tốc cao, quỹ đạo của ta từng giao cắt với một tàu thăm dò di chuyển chậm.",
lang_multi_text_1sthalf.db,MultiText,Id,Zuoyequnxing_184_40,Content,dialogue,translated,,PASS,10,,,,,Its hull was marked with Solaris script. Its launch date is estimated to have occurred a long time ago.,Thân tàu được đánh dấu bằng chữ viết Solaris. Thời điểm phóng ước tính đã diễn ra từ rất lâu trước.,
lang_multi_text_1sthalf.db,MultiText,Id,Zuoyequnxing_184_41,Content,dialogue,translated,,PASS,10,,,,,"I intercepted and recorded the signal it has been continuously transmitting to Solaris. Its name is ""The Farwatcher.""","Ta đã chặn và ghi lại tín hiệu mà nó liên tục phát về Solaris. Tên của nó là ""The Farwatcher.""",
lang_multi_text_1sthalf.db,MultiText,Id,Zuoyequnxing_184_42,Content,dialogue,translated,,PASS,10,,,,,Objective: I wish to offer this recording as a gift to the people of Lahai-Roi.,Mục tiêu: Ta muốn tặng bản ghi này như một món quà cho cư dân Lahai-Roi.,
lang_multi_text_1sthalf.db,MultiText,Id,Zuoyequnxing_184_43,Content,dialogue,translated,,PASS,10,,,,,Status: Stridergate closure imminent. Preparing to return the Arbiter and Resonator to Lahai-Roi.,Tình trạng: Cổng Stridergate sắp đóng. Đang chuẩn bị đưa Arbiter và Resonator trở về Lahai-Roi.,
lang_multi_text_1sthalf.db,MultiText,Id,Zuoyequnxing_184_44,Content,dialogue,translated,,PASS,10,,,,,"Query: One last thing, Arbiter. Will you permit me to alter my designation to bear the name ""Lahai-Roi""?","Yêu cầu: Một điều cuối cùng, Arbiter. Ngài có cho phép ta thay đổi danh xưng để mang tên ""Lahai-Roi"" không?",
lang_multi_text_1sthalf.db,MultiText,Id,Zuoyequnxing_184_45,Content,dialogue,translated,,PASS,10,,,,,Of course.,Tất nhiên rồi.,
lang_multi_text_1sthalf.db,MultiText,Id,Zuoyequnxing_184_46,Content,dialogue,translated,,PASS,10,,,,,Why?,Tại sao vậy?,
lang_multi_text_1sthalf.db,MultiText,Id,Zuoyequnxing_184_47,Content,dialogue,translated,,PASS,10,,,,,"Designation change complete. Thank you, Arbiter.",Đã hoàn tất thay đổi định danh. Cảm ơn Arbiter.,
lang_multi_text_1sthalf.db,MultiText,Id,Zuoyequnxing_184_48,Content,dialogue,translated,,PASS,10,,,,,Objective: I wish to always be reminded of my heart's origin.,Mục tiêu: Ta muốn luôn được nhắc nhớ về cội nguồn của trái tim mình.,
lang_multi_text_1sthalf.db,MultiText,Id,Zuoyequnxing_184_49,Content,dialogue,translated,,PASS,10,,,,,As you wish.,Như ngài mong muốn.,
lang_multi_text_1sthalf.db,MultiText,Id,Zuoyequnxing_184_50,Content,dialogue,translated,,PASS,10,,,,,"Designation change complete. Thank you, Arbiter.",Đã hoàn tất thay đổi định danh. Cảm ơn Arbiter.,
lang_multi_text_1sthalf.db,MultiText,Id,Zuoyequnxing_184_51,Content,dialogue,translated,,PASS,10,,,,,"Valediction: Farewell, Arbiter. Please deliver my temporary goodbye to the people who forged this heart.","Lời từ biệt: Tạm biệt nhé, Arbiter. Xin hãy chuyển lời tạm biệt của ta đến những người đã tạo nên trái tim này.",
lang_multi_text_1sthalf.db,MultiText,Id,Zuoyequnxing_184_52,Content,dialogue,translated,,PASS,10,,,,,Prediction—We will meet again in the boundless sea of stars.,Dự đoán—Ta sẽ gặp lại ngươi trong biển sao vô tận.,
lang_multi_text_1sthalf.db,MultiText,Id,Zuoyequnxing_184_53,Content,dialogue,translated,,PASS,10,,,,,"Until we will meet again, in the boundless sea of stars.","Cho đến khi ta gặp lại ngươi, trong biển sao vô tận.",
lang_multi_text_1sthalf.db,MultiText,Id,Zuoyequnxing_184_54,Content,dialogue,translated,,PASS,10,,,,,"Once the Drive Replica is embedded within the Exostrider, it completes its ascension and becomes a Sentinel. You and Aemeath pilot it together to defeat the mech forged by Aleph-1. But the victory is not permanent. The Exostrider warns that banishing Aleph-1 to the depths of the universe is only a temporary measure. It still retains the capacity to return one day. Because of this, the Exostrider chooses to bestow a portion of its power to Aemeath and elects to remain on the other side of the Stridergate, guarding the civilization that gave it a heart until the very end. Before you part, the Exostrider requests your permission to change its designation to bear a new name: ""Lahai-Roi."" It then leaves a gift for the people of Lahai-Roi inside your Casette.","Khi Drive Replica được gắn vào Exostrider, nó hoàn tất sự thăng hoa và trở thành một Sentinel. Cậu và Aemeath cùng điều khiển nó để đánh bại cỗ máy do Aleph-1 tạo ra. Nhưng chiến thắng ấy không kéo dài mãi. Exostrider cảnh báo rằng việc trục xuất Aleph-1 vào vực sâu vũ trụ chỉ là biện pháp tạm thời. Nó vẫn còn khả năng trở lại một ngày nào đó. Vì lý do này, Exostrider quyết định trao một phần sức mạnh của mình cho Aemeath và chọn ở lại bên kia Stridergate, bảo vệ nền văn minh đã ban cho nó trái tim cho đến phút cuối. Trước khi chia tay, Exostrider xin phép cậu đổi tên hiệu của nó thành một cái tên mới: **""Lahai-Roi.""** Sau đó, nó để lại một món quà cho người dân Lahai-Roi bên trong Casette của cậu.",
lang_multi_text_1sthalf.db,MultiText,Id,Zuoyequnxing_185_1,Content,dialogue,translated,,PASS,10,,,,,It's been so long since I last saw Solaris. Feels weirdly nostalgic.,"Đã lâu lắm rồi ta không thấy Solaris. Cảm giác thật kỳ lạ, như một nỗi hoài niệm vậy.",
lang_multi_text_1sthalf.db,MultiText,Id,Zuoyequnxing_185_2,Content,dialogue,translated,,PASS,10,,,,,"Now that Aleph-1's been kicked to the cosmic curb, Lahai-Roi can finally breathe easy.","Giờ đây, khi Aleph-1 đã bị đá vào rìa vũ trụ, Lahai-Roi cuối cùng cũng có thể thở phào.",
lang_multi_text_1sthalf.db,MultiText,Id,Zuoyequnxing_185_3,Content,dialogue,translated,,PASS,10,,,,,I was gonna say we saved the world this time. But honestly...,Tớ định nói lần này chúng ta đã cứu thế giới. Nhưng thật lòng mà nói...,
lang_multi_text_1sthalf.db,MultiText,Id,Zuoyequnxing_185_4,Content,dialogue,translated,,PASS,10,,,,,It was the explorers who fell to the Voidmatter. They're the ones who mapped that data on me and the Exostrider inside the Threnodian's black hole. All I did was burn their findings into a Cassette for you.,Chính những nhà thám hiểm đã ngã xuống trước Voidmatter. Họ mới là những người đã lập bản đồ dữ liệu trên tớ và Exostrider bên trong hố đen của Threnodian. Tớ chỉ đốt kết quả nghiên cứu của họ vào một chiếc Cassette cho cậu thôi.,
lang_multi_text_1sthalf.db,MultiText,Id,Zuoyequnxing_185_5,Content,dialogue,translated,,PASS,10,,,,,And it was the people of Lahai-Roi who decoded the Cassette and forged the Drive Replica. That's what let the Exostrider finally cast the Threnodian out.,Và chính người dân Lahai-Roi đã giải mã Cassette và rèn nên Drive Replica. Chính nhờ đó mà Exostrider mới có thể trục xuất Threnodian.,
lang_multi_text_1sthalf.db,MultiText,Id,Zuoyequnxing_185_6,Content,dialogue,translated,,PASS,10,,,,,So... this wasn't a story about heroes saving the world. It was the world saving its heroes. Right?,Vậy nên... đây không phải là câu chuyện về những anh hùng cứu thế giới. Mà là thế giới cứu lấy những anh hùng của nó. Đúng không?,
lang_multi_text_1sthalf.db,MultiText,Id,Zuoyequnxing_185_7,Content,dialogue,translated,,PASS,10,,,,,Yes. And now… we're home.,Đúng vậy. Và giờ... chúng ta đã về nhà.,
lang_multi_text_1sthalf.db,MultiText,Id,Zuoyequnxing_185_8,Content,dialogue,translated,,PASS,10,,,,,You're back?,Cậu đã về rồi à?,
lang_multi_text_1sthalf.db,MultiText,Id,Zuoyequnxing_185_9,Content,dialogue,translated,,PASS,10,,,,,"Yeah, I'm back now.","Ừ, giờ tớ đã quay lại rồi.",
lang_multi_text_1sthalf.db,MultiText,Id,Zuoyequnxing_186_1,Content,dialogue,translated,,PASS,10,,,,,"During Aleph-1's recent activity, impact was successfully contained to the Dimmr Plains.","Trong đợt hoạt động gần đây của Aleph-1, tác động đã được kiểm soát thành công trong phạm vi Dimmr Plains.",
lang_multi_text_1sthalf.db,MultiText,Id,Zuoyequnxing_186_2,Content,dialogue,translated,,PASS,10,,,,,"Within the Plains themselves, Voidmatter concentrations have dropped significantly across most sectors.","Trong chính khu vực Đồng Bằng, nồng độ Voidmatter đã giảm đáng kể ở hầu hết các khu vực.",
lang_multi_text_1sthalf.db,MultiText,Id,Zuoyequnxing_186_3,Content,dialogue,translated,,PASS,10,,,,,Monitoring data from the Spacetrek Collective confirms that Threnodian markers within region of Lahai-Roi region have now fallen to near-zero levels.,Dữ liệu giám sát từ Spacetrek Collective xác nhận rằng các dấu hiệu Threnodian trong khu vực Lahai-Roi hiện đã giảm xuống gần như bằng không.,
lang_multi_text_1sthalf.db,MultiText,Id,Zuoyequnxing_186_4,Content,dialogue,translated,,PASS,10,,,,,"Exostrider activity has fully ceased. However, related research into its technology will continue.","Hoạt động của Exostrider đã hoàn toàn dừng lại. Tuy nhiên, nghiên cứu liên quan đến công nghệ của nó sẽ vẫn được tiếp tục.",
lang_multi_text_1sthalf.db,MultiText,Id,Zuoyequnxing_186_5,Content,dialogue,translated,,PASS,10,,,,,Mech units deployed by Startorch Academy have successfully neutralized all anomalous constructs activated by the Threnodian across Lahai-Roi.,Các đơn vị cơ khí do Học viện Startorch triển khai đã vô hiệu hóa thành công tất cả các cấu trúc dị thường được kích hoạt bởi Threnodian trên khắp Lahai-Roi.,
lang_multi_text_1sthalf.db,MultiText,Id,Zuoyequnxing_186_6,Content,dialogue,translated,,PASS,10,,,,,The experience gained through this mission will carry forward.,Kinh nghiệm thu được từ nhiệm vụ này sẽ được kế thừa.,
lang_multi_text_1sthalf.db,MultiText,Id,Zuoyequnxing_186_7,Content,dialogue,translated,,PASS,10,,,,,"In Bjartr Woods, the area closest to the Threnodian's attempted breach, partial structural damage has been confirmed. Overall, the situation remains well within control.","Tại Bjartr Woods, khu vực gần nhất với nơi Threnodian cố gắng đột phá, đã xác nhận có hư hại cấu trúc một phần. Nhìn chung, tình hình vẫn nằm trong tầm kiểm soát.",
lang_multi_text_1sthalf.db,MultiText,Id,Zuoyequnxing_186_8,Content,dialogue,translated,,PASS,10,,,,,"As Voidmatter levels continue to drop, the Roya will regain access to a broader and more stable range of territory.","Khi mức Voidmatter tiếp tục giảm, Roya sẽ lấy lại được quyền tiếp cận một vùng lãnh thổ rộng lớn và ổn định hơn.",
lang_multi_text_1sthalf.db,MultiText,Id,Zuoyequnxing_186_9,Content,dialogue,translated,,PASS,10,,,,,"Once shrouded in Voidmatter, Lahai-Roi now stands restored. This was made possible by the choice of every last explorer.",Lahai-Roi từng bị bao phủ bởi Voidmatter giờ đã được khôi phục. Điều này có được là nhờ sự lựa chọn của từng nhà thám hiểm.,
lang_multi_text_1sthalf.db,MultiText,Id,Zuoyequnxing_186_10,Content,dialogue,translated,,PASS,10,,,,,"The road ahead is vast. We will reach the stars. And then, we'll keep going.","Con đường phía trước còn dài. Chúng ta sẽ vươn tới những vì sao. Và rồi, chúng ta sẽ tiếp tục tiến xa hơn nữa.",
lang_multi_text_1sthalf.db,MultiText,Id,Zuoyequnxing_187_1,Content,dialogue,translated,,PASS,10,,,,,You made it!,Cậu đã làm được rồi!,
lang_multi_text_1sthalf.db,MultiText,Id,Zuoyequnxing_187_2,Content,dialogue,translated,,PASS,10,,,,,"Turns out, decoding what the Exostrider burned into your Cassette was way tougher than the Institute thought. They only just finished today!","Hóa ra, giải mã những gì Exostrider đã ghi vào Cassette của cậu khó hơn Viện tưởng nhiều. Họ mới vừa hoàn thành xong hôm nay thôi!",
lang_multi_text_1sthalf.db,MultiText,Id,Zuoyequnxing_187_3,Content,dialogue,translated,,PASS,10,,,,,"Over here, {PlayerName}! Everyone's waiting for you!","Ở đây này, {PlayerName}! Mọi người đang đợi cậu đấy!",
lang_multi_text_1sthalf.db,MultiText,Id,Zuoyequnxing_187_4,Content,dialogue,translated,,PASS,10,,,,,"What could it possibly be... Oh, I can't wait to find out.","Nó có thể là cái gì nhỉ... Ôi, em không thể chờ thêm được nữa rồi.",
lang_multi_text_1sthalf.db,MultiText,Id,Zuoyequnxing_187_5,Content,dialogue,translated,,PASS,10,,,,,The Farwatcher.,Người Quan Sát Từ Xa.,
lang_multi_text_1sthalf.db,MultiText,Id,Zuoyequnxing_187_6,Content,dialogue,translated,,PASS,10,,,,,"I have to admit, {PlayerName}, I was genuinely surprised when you handed me this tape and said that name.","Phải thừa nhận rằng, {PlayerName}, tớ thực sự bất ngờ khi cậu đưa tớ cuộn băng này và nói ra cái tên đó.",
lang_multi_text_1sthalf.db,MultiText,Id,Zuoyequnxing_187_7,Content,dialogue,translated,,PASS,10,,,,,You said it was one of the nine interstellar space probes launched before the Etheric Sea engulfed Solaris.,Cậu bảo đây là một trong chín tàu thăm dò không gian liên sao được phóng lên trước khi Biển Ether nuốt chửng Solaris.,
lang_multi_text_1sthalf.db,MultiText,Id,Zuoyequnxing_187_8,Content,dialogue,translated,,PASS,10,,,,,Correct. The nine stars on the Spacetrek Collective's emblem represent those probes.,Đúng vậy. Chín ngôi sao trên biểu tượng của Spacetrek Collective tượng trưng cho những tàu thăm dò đó.,
lang_multi_text_1sthalf.db,MultiText,Id,Zuoyequnxing_187_9,Content,dialogue,translated,,PASS,10,,,,,"Ever since then, Solaris never received another signal from them. Not a single one.","Kể từ đó, Solaris không bao giờ nhận được tín hiệu nào từ họ nữa. Dù chỉ là một tín hiệu duy nhất.",
lang_multi_text_1sthalf.db,MultiText,Id,Zuoyequnxing_187_10,Content,dialogue,translated,,PASS,10,,,,,...Until today.,...Cho đến hôm nay.,
lang_multi_text_1sthalf.db,MultiText,Id,Zuoyequnxing_187_11,Content,dialogue,translated,,PASS,10,,,,,"Professor Mornye, you may begin playback.","Giáo sư Mornye, cô có thể bắt đầu phát lại được rồi.",
lang_multi_text_1sthalf.db,MultiText,Id,Zuoyequnxing_187_12,Content,dialogue,translated,,PASS,10,,,,,This... Sounds like white noise...,Cái này... Nghe như tiếng nhiễu trắng vậy...,
lang_multi_text_1sthalf.db,MultiText,Id,Zuoyequnxing_187_13,Content,dialogue,translated,,PASS,10,,,,,"Judging by the Cassette's data, they're sounds the Farwatcher recorded while drifting through different galaxies.","Dựa trên dữ liệu của Cassette, đây là những âm thanh mà Farwatcher ghi lại khi trôi dạt qua các thiên hà khác nhau.",
lang_multi_text_1sthalf.db,MultiText,Id,Zuoyequnxing_187_14,Content,dialogue,translated,,PASS,10,,,,,"Sounds that have been lost to us for centuries, silenced by the Etheric Sea.","Những âm thanh đã mất từ hàng thế kỷ trước, bị vùi lặng bởi Biển Etheric.",
lang_multi_text_1sthalf.db,MultiText,Id,Zuoyequnxing_187_15,Content,dialogue,translated,,PASS,10,,,,,So that's why... the Exostrider wanted to give these recordings to the explorers of Lahai-Roi today.,Vậy nên... Exostrider mới muốn trao những bản ghi này cho các nhà thám hiểm của Lahai-Roi ngày nay.,
lang_multi_text_1sthalf.db,MultiText,Id,Zuoyequnxing_187_16,Content,dialogue,translated,,PASS,10,,,,,Because this is a gift from light-years away. Sent by the explorers of Lahai-Roi's past...,Bởi đây là món quà từ cách xa hàng năm ánh sáng. Được gửi đi bởi những nhà thám hiểm của Lahai-Roi trong quá khứ...,
lang_multi_text_1sthalf.db,MultiText,Id,Zuoyequnxing_187_17,Content,dialogue,translated,,PASS,10,,,,,...Echoes from the sea of stars.,...Tiếng vọng từ biển sao.,
lang_multi_text_1sthalf.db,MultiText,Id,Zuoyequnxing_187_18,Content,dialogue,translated,,PASS,10,,,,,"Some days after the crisis is resolved, you arrive at the Research Institute to join the others in analyzing the gift the Exostrider left inside your Cassette. 
It is white cosmic noise recorded by ""the Farwatcher,"" one of nine interstellar space probes launched before the Etheric Sea engulfed Solaris. It is the voice of the stars, captured by explorers who came before, a message that, after an eternity, finally found its way home.","Vài ngày sau khi khủng hoảng được giải quyết, bạn đến Viện Nghiên cứu để cùng những người khác phân tích món quà mà Exostrider để lại trong Cassette của bạn.
Đó là tiếng ồn vũ trụ trắng do ""Người Canh Gác Xa Xôi"" ghi lại, một trong chín tàu thăm dò không gian liên sao được phóng lên trước khi Biển Etheric nhấn chìm Solaris. Đó là tiếng nói của những vì sao, được ghi lại bởi những nhà thám hiểm đi trước, một thông điệp mà sau muôn đời, cuối cùng cũng tìm về nhà.",
lang_multi_text_1sthalf.db,MultiText,Id,Zuoyequnxing_188_1,Content,dialogue,translated,,PASS,10,,,,,"The Spacetrek Collective has taken in that Denia girl. Just as you wished, Grand Architect.","Tập thể Spacetrek đã tiếp nhận cô gái Denia. Đúng như ngài mong muốn, Kiến Trúc Sư Vĩ Đại.
```",
lang_multi_text_1sthalf.db,MultiText,Id,Zuoyequnxing_188_2,Content,dialogue,translated,,PASS,10,,,,,Good. Just let them care for the little doll for now. Such an extraordinary performance. I'm sure I can find another role for her later.,Tốt. Để họ chăm sóc con búp bê nhỏ ấy đi đã. Màn trình diễn thật phi thường. Chắc chắn ta sẽ tìm được vai trò khác cho nó sau này.,
lang_multi_text_1sthalf.db,MultiText,Id,Zuoyequnxing_188_3,Content,dialogue,translated,,PASS,10,,,,,All retrieved data has been processed. Awaiting review at your leisure.,Toàn bộ dữ liệu thu thập đã được xử lý. Xin đợi ngài xem xét khi rảnh rỗi.,
lang_multi_text_1sthalf.db,MultiText,Id,Zuoyequnxing_188_4,Content,dialogue,translated,,PASS,10,,,,,May I ask what you plan to do next?,Ta có thể hỏi ngài dự định làm gì tiếp theo không?,
lang_multi_text_1sthalf.db,MultiText,Id,Zuoyequnxing_188_5,Content,dialogue,translated,,PASS,10,,,,,Plans are progressing everywhere it seems. I've dallied in Lahai-Roi long enough. Time to stretch my legs.,Có vẻ như kế hoạch đang tiến triển ở khắp nơi. Ta đã nấn ná ở Lahai-Roi đủ lâu rồi. Đến lúc phải đi thăm thú một chút.,
lang_multi_text_1sthalf.db,MultiText,Id,Zuoyequnxing_188_6,Content,dialogue,translated,,PASS,10,,,,,"Cristoforo, be a dear and run a message to Eris in the New Federation for me.","Cristoforo, làm ơn chạy giùm ta một tin nhắn đến Eris ở New Federation nhé.",
lang_multi_text_1sthalf.db,MultiText,Id,Zuoyequnxing_188_7,Content,dialogue,translated,,PASS,10,,,,,"Understood. Though I suspect the Vice Architect will begrudge, once more, your sending me to disturb their precious quiet.",Hiểu rồi. Dù ta e rằng Phó Kiến Trúc Sư sẽ lại bất bình vì ngài cử ta đến quấy rầy sự yên tĩnh đáng quý của họ.,
lang_multi_text_1sthalf.db,MultiText,Id,Zuoyequnxing_188_8,Content,dialogue,translated,,PASS,10,,,,,Oh... and will you require me to draft a prologue for your characters?,Ồ... vậy ngài có cần ta soạn lời mở đầu cho các nhân vật của ngài không?,
lang_multi_text_1sthalf.db,MultiText,Id,Zuoyequnxing_188_9,Content,dialogue,translated,,PASS,10,,,,,No need. I'll pay Phrolova a visit myself first. That will be all for now. This body tires so easily. Remember to give her a silent ending...,Không cần đâu. Ta sẽ đích thân đến thăm Phrolova trước. Thế là đủ cho lần này. Thân xác này mệt mỏi quá dễ dàng... Nhớ cho cô ta một cái kết lặng lẽ...,
lang_multi_text_1sthalf.db,MultiText,Id,Zuoyequnxing_188_10,Content,dialogue,translated,,PASS,10,,,,,"Grand Architect, with this phase of verification complete and full production proceeding… do we still have use for that miko?","Kiến Trúc Sư Vĩ Đại, với giai đoạn xác minh này đã hoàn tất và quá trình sản xuất toàn diện đang tiến hành… liệu chúng ta còn cần đến miko đó nữa không?",
lang_multi_text_1sthalf.db,MultiText,Id,Zuoyequnxing_188_11,Content,dialogue,translated,,PASS,10,,,,,That won't be necessary. Her future as a Threnodian Resonator has been taken. She no longer requires our attention.,Không cần thiết đâu. Tương lai của cô ta với tư cách một Resonator của Threnody đã bị tước đoạt. Cô ta không còn cần sự quan tâm của chúng ta nữa.,
lang_multi_text_1sthalf.db,MultiText,Id,Zuoyequnxing_188_12,Content,dialogue,translated,,PASS,10,,,,,"Besides, she's failed one too many times. Drawn one too many futures from herself. And she still insists on walking the path of saving Ashinohara alone, with no intention of stopping.","Hơn nữa, cô ta đã thất bại quá nhiều lần rồi. Đã vẽ quá nhiều tương lai từ chính bản thân mình. Và vẫn khăng khăng đi trên con đường cứu rỗi Ashinohara một mình, không hề có ý định dừng lại.",
lang_multi_text_1sthalf.db,MultiText,Id,Zuoyequnxing_188_13,Content,dialogue,translated,,PASS,10,,,,,Every step she takes only deepens that obsession.,Mỗi bước cô ta đi chỉ càng đào sâu thêm sự ám ảnh đó thôi.,
lang_multi_text_1sthalf.db,MultiText,Id,Zuoyequnxing_188_14,Content,dialogue,translated,,PASS,10,,,,,"After countless cycles of failure, she too will be reduced to ashes by her own vow. Just like her sister.","Sau vô số chu kỳ thất bại, cô ta cũng sẽ bị lời thề của chính mình thiêu rụi thành tro tàn. Giống như người chị của mình.",
lang_multi_text_1sthalf.db,MultiText,Id,Zuoyequnxing_188_15,Content,dialogue,translated,,PASS,10,,,,,Ah... that reminds me. Zashiki‑warashi has brought us some rather interesting news.,À... nhắc mới nhớ. Zashiki-warashi vừa mang đến cho chúng ta một tin khá thú vị.,
lang_multi_text_1sthalf.db,MultiText,Id,Zuoyequnxing_188_16,Content,dialogue,translated,,PASS,10,,,,,"In an empty classroom, the Grand Architect contacts the Overseers from various regions. She spares no thought for the Ashinohara miko she once sought to recruit. Hiyuki has already burned through every possible future as a Threnodian Resonator. One day, she too will be reduced to ash by her own wish, just like her sister Gyokuro before her.","Trong một lớp học trống trải, Kiến Trúc Sư Vĩ Đại liên lạc với các Giám Thị từ khắp các vùng. Bà ta không mảy may quan tâm đến miko Ashinohara mà mình từng muốn chiêu mộ. Hiyuki đã đốt cháy mọi tương lai có thể có trong vai trò một Resonator Threnodian. Một ngày nào đó, cô ta cũng sẽ bị ước nguyện của chính mình thiêu rụi thành tro, giống như người chị Gyokuro trước đây.",
lang_multi_text_1sthalf.db,MultiText,Id,Zuoyequnxing_189_1,Content,dialogue,translated,,PASS,10,,,,,(Gyokuro must be just ahead...),(Gyokuro chắc hẳn đang ở ngay phía trước...),
lang_multi_text_1sthalf.db,MultiText,Id,Zuoyequnxing_189_2,Content,dialogue,translated,,PASS,10,,,,,(This was Honami's last Rite of Purging.),(Đây là Nghi Lễ Thanh Tẩy cuối cùng của Honami.),
lang_multi_text_1sthalf.db,MultiText,Id,Zuoyequnxing_190_1,Content,dialogue,translated,,PASS,10,,,,,(All is settled. Only one final thing remains.),(Mọi chuyện đã được giải quyết. Chỉ còn một việc cuối cùng cần làm.),
lang_multi_text_1sthalf.db,MultiText,Id,Zuoyequnxing_191_1,Content,dialogue,translated,,PASS,10,,,,,"(I have truly... kept you waiting for too long, Gyokuro.)","(Ta thật sự... đã để nàng đợi quá lâu rồi, Gyokuro.)",
lang_multi_text_1sthalf.db,MultiText,Id,Zuoyequnxing_192_10,Content,dialogue,translated,,PASS,10,,,,,"Come then, Miko of Eternal Flaming Sakura.","Hãy đến đây đi, Miko của Eternal Flaming Sakura.",
lang_multi_text_1sthalf.db,MultiText,Id,Zuoyequnxing_192_11,Content,dialogue,translated,,REVIEW,6,same_as_source,,,,...,...,
lang_multi_text_1sthalf.db,MultiText,Id,Zuoyequnxing_192_12,Content,dialogue,translated,,PASS,10,,,,,Calm yourself.,Hãy bình tĩnh lại.,
lang_multi_text_1sthalf.db,MultiText,Id,Zuoyequnxing_192_13,Content,dialogue,translated,,PASS,10,,,,,A restless heart makes for unsteady hands.,Tâm không an thì tay không vững.,
lang_multi_text_1sthalf.db,MultiText,Id,Zuoyequnxing_192_14,Content,dialogue,translated,,PASS,10,,,,,But... I do not wish to learn this.,(Nhưng... ta không muốn học điều này.),
lang_multi_text_1sthalf.db,MultiText,Id,Zuoyequnxing_192_15,Content,dialogue,translated,,PASS,10,,,,,Then what do you wish to learn?,Vậy thì cậu muốn học gì nào?,
lang_multi_text_1sthalf.db,MultiText,Id,Zuoyequnxing_192_16,Content,dialogue,translated,,PASS,10,,,,,This girl will become a great archer.,Cô bé này sẽ trở thành một xạ thủ vĩ đại.,
lang_multi_text_1sthalf.db,MultiText,Id,Zuoyequnxing_192_17,Content,dialogue,translated,,PASS,10,,,,,"No, look at her hands... they're a swordsman's hands.","Không, nhìn đôi tay cô ấy đi... đó là đôi tay của một kiếm khách.",
lang_multi_text_1sthalf.db,MultiText,Id,Zuoyequnxing_192_18,Content,dialogue,translated,,PASS,10,,,,,Not in this life.,Không phải kiếp này đâu.,
lang_multi_text_1sthalf.db,MultiText,Id,Zuoyequnxing_192_19,Content,dialogue,translated,,PASS,10,,,,,Her hands aren't ones to hold a blade. Isn't that right?,Đôi tay cô ấy không phải để cầm kiếm. Đúng không nào?,
lang_multi_text_1sthalf.db,MultiText,Id,Zuoyequnxing_192_20,Content,dialogue,translated,,PASS,10,,,,,Well now. You have refined your technique.,Ồ. Cậu đã trau dồi kỹ thuật của mình rồi đấy.,
lang_multi_text_1sthalf.db,MultiText,Id,Zuoyequnxing_192_21,Content,dialogue,translated,,PASS,10,,,,,Hmph.,Hừm.,
lang_multi_text_1sthalf.db,MultiText,Id,Zuoyequnxing_192_22,Content,dialogue,translated,,REVIEW,6,same_as_source,,,,Hiyuki...,Hiyuki...,
lang_multi_text_1sthalf.db,MultiText,Id,Zuoyequnxing_192_23,Content,dialogue,translated,,PASS,10,,,,,Do not let the Suzu bind your fate.,Đừng để Suzu trói buộc vận mệnh của cậu.,
lang_multi_text_1sthalf.db,MultiText,Id,Zuoyequnxing_192_24,Content,dialogue,translated,,PASS,10,,,,,Go seek a future of your own.,Hãy đi tìm tương lai của riêng mình đi.,
lang_multi_text_1sthalf.db,MultiText,Id,Zuoyequnxing_192_25,Content,dialogue,translated,,PASS,10,,,,,"Focus, Hiyuki.","Tập trung vào, Hiyuki.",
lang_multi_text_1sthalf.db,MultiText,Id,Zuoyequnxing_192_26,Content,dialogue,translated,,PASS,10,,,,,Survive this strike—,Hãy sống sót qua đòn tấn công này đã...,
lang_multi_text_1sthalf.db,MultiText,Id,Zuoyequnxing_192_27,Content,dialogue,translated,,PASS,10,,,,,And reach your tomorrow.,Và vươn tới ngày mai của ngươi.,
lang_multi_text_1sthalf.db,MultiText,Id,Zuoyequnxing_193_1,Content,dialogue,translated,,PASS,10,,,,,"Tsk, tsk. You have mastered many skills from others, but have yet to master the bladework of your own Flaming Sakura clan.","Tsk, tsk. Ngươi đã học được nhiều kỹ năng từ kẻ khác, nhưng vẫn chưa thành thạo kiếm pháp của chính tộc Flaming Sakura nhà ngươi.",
lang_multi_text_1sthalf.db,MultiText,Id,Zuoyequnxing_193_2,Content,dialogue,translated,,PASS,10,,,,,The last Miko withheld too much. She refused to teach me a single technique.,Vị Miko cuối cùng đã giấu quá nhiều. Bà ta không chịu dạy ta dù chỉ một chiêu thức.,
lang_multi_text_1sthalf.db,MultiText,Id,Zuoyequnxing_193_3,Content,dialogue,translated,,PASS,10,,,,,Do you resent her?,Ngươi oán hận bà ta sao?,
lang_multi_text_1sthalf.db,MultiText,Id,Zuoyequnxing_193_4,Content,dialogue,translated,,PASS,10,,,,,I do.,Ta oán.,
lang_multi_text_1sthalf.db,MultiText,Id,Zuoyequnxing_193_5,Content,dialogue,translated,,PASS,10,,,,,Even now?,Ngay cả bây giờ?,
lang_multi_text_1sthalf.db,MultiText,Id,Zuoyequnxing_193_6,Content,dialogue,translated,,PASS,10,,,,,Every moment.,"Từng giây, từng phút.",
lang_multi_text_1sthalf.db,MultiText,Id,Zuoyequnxing_193_7,Content,dialogue,translated,,PASS,10,,,,,"I resent that she did not step down long ago. Instead, she burned every future she had and left nothing behind. Not even ashes.","Ta căm ghét việc nàng không chịu rút lui từ sớm. Thay vào đó, nàng đã đốt cháy mọi tương lai của mình và chẳng để lại gì cả. Thậm chí cả tro tàn cũng không.",
lang_multi_text_1sthalf.db,MultiText,Id,Zuoyequnxing_193_8,Content,dialogue,translated,,PASS,10,,,,,I resent that she did not pass her skills to me. That she sent me away each time she trained. Now... there is nothing of her left in me.,"Ta căm ghét việc nàng không truyền lại kỹ năng cho ta. Mỗi lần nàng luyện tập, nàng lại đuổi ta đi. Giờ đây... chẳng còn gì của nàng trong ta nữa.",
lang_multi_text_1sthalf.db,MultiText,Id,Zuoyequnxing_193_9,Content,dialogue,translated,,REVIEW,6,same_as_source,,,,Hiyuki...,Hiyuki...,
lang_multi_text_1sthalf.db,MultiText,Id,Zuoyequnxing_193_10,Content,dialogue,translated,,PASS,10,,,,,"I resent that she always told me to ""be myself,"" yet chose a death that was nothing like herself.","Ta căm ghét khi nàng luôn bảo ta ""hãy là chính mình"", vậy mà lại chọn một cái chết chẳng giống nàng chút nào.",
lang_multi_text_1sthalf.db,MultiText,Id,Zuoyequnxing_193_11,Content,dialogue,translated,,PASS,10,,,,,"And you resent that even after dying, she lingered as a spirit, waiting only for you to send her on.","Và ngươi căm ghét việc dù đã chết, nàng vẫn lưu luyến như một linh hồn, chỉ chờ ngươi đưa tiễn nàng đi.",
lang_multi_text_1sthalf.db,MultiText,Id,Zuoyequnxing_193_12,Content,dialogue,translated,,PASS,10,,,,,"Ah. I was being cruel, wasn't I?",À... Tôi đã quá tàn nhẫn phải không?,
lang_multi_text_1sthalf.db,MultiText,Id,Zuoyequnxing_193_13,Content,dialogue,translated,,PASS,10,,,,,"It's just... I couldn't let my fear go. No one understood the scale of your gift, Hiyuki. Your potential to tame even a Threnodian.",Chỉ là... tôi không thể buông bỏ nỗi sợ hãi của mình. Không ai hiểu được tầm vóc của tài năng mà Hiyuki sở hữu. Tiềm năng chế ngự cả một Threnodian của em.,
lang_multi_text_1sthalf.db,MultiText,Id,Zuoyequnxing_193_14,Content,dialogue,translated,,PASS,10,,,,,"If you drew such a future, would everything not become much easier?","Nếu em vẽ nên một tương lai như thế, mọi thứ chẳng phải sẽ dễ dàng hơn rất nhiều sao?",
lang_multi_text_1sthalf.db,MultiText,Id,Zuoyequnxing_193_15,Content,dialogue,translated,,PASS,10,,,,,"Gyokuro, I...","Gyokuro, tôi...",
lang_multi_text_1sthalf.db,MultiText,Id,Zuoyequnxing_193_16,Content,dialogue,translated,,PASS,10,,,,,"As long as it comes from your own heart and will, any future you choose is acceptable.","Miễn là điều đó xuất phát từ trái tim và ý chí của chính em, bất kỳ tương lai nào em lựa chọn đều đáng trân trọng.",
lang_multi_text_1sthalf.db,MultiText,Id,Zuoyequnxing_193_17,Content,dialogue,translated,,PASS,10,,,,,"But if our little Hiyuki truly became a Threnodian Resonator... Well. I'd have no choice but to follow ""family law"" and send us both on our way.","Nhưng nếu Hiyuki của chúng ta thực sự trở thành một Resonator của Threnodian... Vậy thì. Tôi sẽ buộc phải tuân theo ""luật gia tộc"" và đưa cả hai chúng ta rời đi.",
lang_multi_text_1sthalf.db,MultiText,Id,Zuoyequnxing_193_18,Content,dialogue,translated,,PASS,10,,,,,I have already burned that future.,Ta đã thiêu rụi tương lai đó rồi.,
lang_multi_text_1sthalf.db,MultiText,Id,Zuoyequnxing_193_19,Content,dialogue,translated,,PASS,10,,,,,I accepted the Suzu of my own will. I chose to become the Miko of Flaming Sakura.,Ta tự nguyện chấp nhận Suzu. Ta chọn trở thành Miko của Flaming Sakura.,
lang_multi_text_1sthalf.db,MultiText,Id,Zuoyequnxing_193_20,Content,dialogue,translated,,PASS,10,,,,,I know why you refused to teach me your swordsmanship. You never wanted there to be another Miko after you.,Ta biết lý do tại sao ngươi từ chối truyền dạy kiếm thuật cho ta. Ngươi chưa bao giờ muốn có một Miko khác sau ngươi.,
lang_multi_text_1sthalf.db,MultiText,Id,Zuoyequnxing_193_21,Content,dialogue,translated,,PASS,10,,,,,"I will fulfill that wish, Sister.","Ta sẽ hoàn thành nguyện vọng đó, Chị.",
lang_multi_text_1sthalf.db,MultiText,Id,Zuoyequnxing_193_22,Content,dialogue,translated,,PASS,10,,,,,"After Hiyuki, there will be no more Mikos of Flaming Sakura.","Sau Hiyuki, sẽ không còn Miko nào của Flaming Sakura nữa.",
lang_multi_text_1sthalf.db,MultiText,Id,Zuoyequnxing_193_23,Content,dialogue,translated,,PASS,10,,,,,The Miko of Eternal Flaming Sakura... That is a heavy title to bear.,Miko của Eternal Flaming Sakura... Đó là một danh hiệu nặng trĩu để gánh vác.,
lang_multi_text_1sthalf.db,MultiText,Id,Zuoyequnxing_193_24,Content,dialogue,translated,,PASS,10,,,,,It is.,Đúng vậy.,
lang_multi_text_1sthalf.db,MultiText,Id,Zuoyequnxing_193_25,Content,dialogue,translated,,PASS,10,,,,,"The future ahead is long. Very, very long.",Tương lai phía trước còn dài. Dài lắm.,
lang_multi_text_1sthalf.db,MultiText,Id,Zuoyequnxing_193_26,Content,dialogue,translated,,PASS,10,,,,,I know.,Ta biết.,
lang_multi_text_1sthalf.db,MultiText,Id,Zuoyequnxing_193_27,Content,dialogue,translated,,PASS,10,,,,,"Through the Suzu, we draw strength from countless possible futures.","Thông qua Suzu, ta rút sức mạnh từ vô số tương lai khả dĩ.",
lang_multi_text_1sthalf.db,MultiText,Id,Zuoyequnxing_193_28,Content,dialogue,translated,,PASS,10,,,,,"But each time you do, you see yourself draw closer to the Miko’s destined end. A future burned to cinders, leaving nothing behind.","Nhưng mỗi lần ngươi làm vậy, ngươi lại thấy bản thân tiến gần hơn đến kết cục định mệnh của Miko. Một tương lai bị thiêu rụi thành tro tàn, không còn lại gì.",
lang_multi_text_1sthalf.db,MultiText,Id,Zuoyequnxing_193_29,Content,dialogue,translated,,PASS,10,,,,,"Yes. And before that destined end arrives, I will find a way to drive back the Threnodian.","Đúng. Và trước khi kết cục định mệnh ấy đến, ta sẽ tìm ra cách đẩy lùi Threnodian.",
lang_multi_text_1sthalf.db,MultiText,Id,Zuoyequnxing_193_30,Content,dialogue,translated,,PASS,10,,,,,So that Gyokuro may simply be Gyokuro. So that Hiyuki may simply be Hiyuki. So that Ashinohara will no longer need a Miko of Flaming Sakura.,Để Gyokuro chỉ còn là Gyokuro. Để Hiyuki chỉ còn là Hiyuki. Để Ashinohara không còn cần một Miko của Ngọn Lửa Anh Đào nữa.,
lang_multi_text_1sthalf.db,MultiText,Id,Zuoyequnxing_193_31,Content,dialogue,translated,,PASS,10,,,,,"You have grown up, our little Hiyuki.","Con đã trưởng thành rồi, Hiyuki bé nhỏ của ta.",
lang_multi_text_1sthalf.db,MultiText,Id,Zuoyequnxing_193_32,Content,dialogue,translated,,REVIEW,6,same_as_source,,,,...,...,
lang_multi_text_1sthalf.db,MultiText,Id,Zuoyequnxing_193_33,Content,dialogue,translated,,PASS,10,,,,,"I met someone, Sister. Unlike me, who failed Ashinohara, {Male=he;Female=she} always finds a way to save.","Em đã gặp một người, Chị à. Không như em, người đã phụ lòng Ashinohara, {Male=anh ấy;Female=cô ấy} luôn tìm được cách để cứu rỗi.",
lang_multi_text_1sthalf.db,MultiText,Id,Zuoyequnxing_193_34,Content,dialogue,translated,,PASS,10,,,,,"That must be difficult for you to bear, little Hiyuki.","Điều đó hẳn rất khó khăn để em chấp nhận, Hiyuki bé nhỏ của ta.",
lang_multi_text_1sthalf.db,MultiText,Id,Zuoyequnxing_193_35,Content,dialogue,translated,,PASS,10,,,,,Yes. At first... it was.,Vâng. Ban đầu... đúng là như vậy.,
lang_multi_text_1sthalf.db,MultiText,Id,Zuoyequnxing_193_36,Content,dialogue,translated,,PASS,10,,,,,"Hearing tales of {Male=his;Female=her} exploits, I felt a deep admiration. No, perhaps it was closer to jealousy.","Nghe kể về những chiến công của Rover, tôi cảm thấy một sự ngưỡng mộ sâu sắc. Không, có lẽ đó gần với sự ghen tị hơn.",
lang_multi_text_1sthalf.db,MultiText,Id,Zuoyequnxing_193_37,Content,dialogue,translated,,PASS,10,,,,,"I thought, if only I possessed {Male=his;Female=her} strength. Then my days would not be filled with regret. Ashinohara would be saved.","Tôi đã nghĩ, giá như mình có được sức mạnh như Rover. Vậy thì những ngày tháng này sẽ không tràn ngập nuối tiếc. Ashinohara đã có thể được cứu rồi.",
lang_multi_text_1sthalf.db,MultiText,Id,Zuoyequnxing_193_38,Content,dialogue,translated,,PASS,10,,,,,"And I... in the peace that followed, could have lived an ordinary life.","Và tôi... trong cảnh thanh bình sau đó, đã có thể sống một cuộc đời bình thường.",
lang_multi_text_1sthalf.db,MultiText,Id,Zuoyequnxing_193_39,Content,dialogue,translated,,PASS,10,,,,,"But upon meeting {Male=him;Female=her}, I came to understand. Even a great ""savior"" carries many pains and failures.","Nhưng khi gặp Rover, tôi mới hiểu ra. Ngay cả một ""vị cứu tinh"" vĩ đại cũng mang theo vô vàn đau khổ và thất bại.",
lang_multi_text_1sthalf.db,MultiText,Id,Zuoyequnxing_193_40,Content,dialogue,translated,,PASS,10,,,,,"And the path of a savior is walked not alone, but alongside countless others.","Và con đường của người cứu tinh không phải là đi một mình, mà là cùng bước đi với vô số người khác.",
lang_multi_text_1sthalf.db,MultiText,Id,Zuoyequnxing_193_41,Content,dialogue,translated,,REVIEW,6,same_as_source,,,,Gyokuro.,"Gyokuro.
```",
lang_multi_text_1sthalf.db,MultiText,Id,Zuoyequnxing_193_42,Content,dialogue,translated,,PASS,10,,,,,Yes?,Vâng?,
lang_multi_text_1sthalf.db,MultiText,Id,Zuoyequnxing_193_43,Content,dialogue,translated,,PASS,10,,,,,I have always admired you as the Miko of Flaming Sakura. And I have always... held you in the highest honor.,Ta luôn ngưỡng mộ ngươi với tư cách Miko của Flaming Sakura. Và ta luôn... kính trọng ngươi nhất.,
lang_multi_text_1sthalf.db,MultiText,Id,Zuoyequnxing_193_44,Content,dialogue,translated,,PASS,10,,,,,Even if one day I am burned to ashes...,Dù một ngày nào đó ta có bị đốt thành tro tàn...,
lang_multi_text_1sthalf.db,MultiText,Id,Zuoyequnxing_193_45,Content,dialogue,translated,,PASS,10,,,,,Because of you.... because of {Male=him;Female=her}... because they all exist... I am never truly alone.,Vì ngươi... vì họ... vì tất cả đều tồn tại... ta không bao giờ thực sự cô đơn.,
lang_multi_text_1sthalf.db,MultiText,Id,Zuoyequnxing_193_46,Content,dialogue,translated,,PASS,10,,,,,"I take great pride in you, too.",Ta cũng rất tự hào về ngươi.,
lang_multi_text_1sthalf.db,MultiText,Id,Zuoyequnxing_193_47,Content,dialogue,translated,,PASS,10,,,,,"Go on, Shiratori. Fly to where your heart desires.","Cứ tiếp tục đi, Shiratori. Bay đến nơi trái tim ngươi mong muốn.",
lang_multi_text_1sthalf.db,MultiText,Id,Zuoyequnxing_193_48,Content,dialogue,translated,,PASS,10,,,,,"May the day come when you, too... step into spring as freely as anyone in this world.","Ước gì một ngày nào đó, cậu cũng có thể... bước vào mùa xuân tự do như bất kỳ ai khác trên thế giới này.",
lang_multi_text_1sthalf.db,MultiText,Id,Zuoyequnxing_193_49,Content,dialogue,translated,,PASS,10,,,,,"Hiyuki tells Gyokuro how much she still misses her—the longing, the resentment, and finally her wish: to become the Miko of Flaming Sakura who defeats the Threnodian, so that Ashinohara will never need another miko after her.
But Hiyuki admits that meeting Rover changed something in her. She no longer despairs over countless failures. Though she knows a future awaits where she burns to ash, knowing she once had a companion on this path makes the pain easier to bear. 
Before Gyokuro fades away, she tells Hiyuki that she has always been proud of her.","Hiyuki kể với Gyokuro rằng cô vẫn nhớ về người ấy nhiều lắm—nỗi nhớ da diết, sự oán hận, và cuối cùng là mong ước của cô: trở thành Miko của Flaming Sakura, đánh bại Threnodian, để Ashinohara không còn cần một Miko nào khác sau cô nữa.
Nhưng Hiyuki thừa nhận rằng gặp Rover đã thay đổi điều gì đó trong cô. Cô không còn tuyệt vọng trước vô số thất bại nữa. Dù biết tương lai phía trước là ngọn lửa thiêu rụi tất cả, nhưng việc biết mình từng có một người đồng hành trên con đường này khiến nỗi đau trở nên dễ chịu hơn.
Trước khi Gyokuro tan biến, bà nói với Hiyuki rằng bà luôn tự hào về cô.",
lang_multi_text_1sthalf.db,MultiText,Id,Zuoyequnxing_194_1,Content,dialogue,translated,,PASS,10,,,,,"Greetings, Miko of Flaming Sakura.",Lời chào đến Miko của Flaming Sakura.,
lang_multi_text_1sthalf.db,MultiText,Id,Zuoyequnxing_194_2,Content,dialogue,translated,,PASS,10,,,,,...You.,...Ngươi.,
lang_multi_text_1sthalf.db,MultiText,Id,Zuoyequnxing_194_3,Content,dialogue,translated,,PASS,10,,,,,"Oh, relax. I'm not here to recruit you. I just heard a piece of news and thought you might want to know.",Thư giãn đi. Tôi không đến đây để chiêu mộ cậu đâu. Tôi chỉ nghe được một tin tức và nghĩ cậu có thể muốn biết.,
lang_multi_text_1sthalf.db,MultiText,Id,Zuoyequnxing_194_4,Content,dialogue,translated,,PASS,10,,,,,"Not long ago, that island floating over the sea, your hometown—","Không lâu trước đây, hòn đảo lơ lửng trên biển kia, quê hương của cậu—",
lang_multi_text_1sthalf.db,MultiText,Id,Zuoyequnxing_194_5,Content,dialogue,translated,,PASS,10,,,,,It vanished. All in a single day.,Nó biến mất. Tất cả chỉ trong một ngày.,
lang_multi_text_1sthalf.db,MultiText,Id,Zuoyequnxing_194_6,Content,dialogue,translated,,PASS,10,,,,,"Congratulations on your wish coming true, Lady Miko.","Chúc mừng điều ước của cô đã thành hiện thực, Miko.",
lang_multi_text_1sthalf.db,MultiText,Id,Zuoyequnxing_194_7,Content,dialogue,translated,,PASS,10,,,,,"A message arrives for Hiyuki from the Grand Architect: ""Ashinohara has vanished in a single day. Congratulations on your wish coming true, Miko of Flaming Sakura.""","Một thông điệp gửi đến Hiyuki từ Kiến Trúc Sư Vĩ Đại: *""Ashinohara đã biến mất chỉ trong một ngày. Chúc mừng điều ước của cô đã thành hiện thực, Miko của Flaming Sakura.""*",
lang_multi_text_1sthalf.db,MultiText,Id,Zuoyequnxing_201_1,Content,dialogue,translated,,PASS,10,,,,,The end... Silent...,Kết thúc... Im lặng...,
lang_multi_text_1sthalf.db,MultiText,Id,Zuoyequnxing_202_1,Content,dialogue,translated,,PASS,10,,,,,Prove... Existence... You...,Chứng minh... Sự tồn tại... của ngươi...,
lang_multi_text_1sthalf.db,MultiText,Id,Zuoyequnxing_203_1,Content,dialogue,translated,,PASS,10,,,,,Hope... Stagnate...,Hy vọng... Ngưng đọng...,
lang_multi_text_1sthalf.db,MultiText,Id,Zuoyequnxing_204_1,Content,dialogue,translated,,PASS,10,,,,,Silence... Eternal...,Im lặng... Vĩnh hằng...,
lang_multi_text_1sthalf.db,MultiText,Id,Zuoyequnxing_207_1,Content,dialogue,translated,,PASS,10,,,,,Almost finished up here at the Academy. Heading back now!,Sắp xong việc ở Học viện rồi. Tớ đang trên đường về đây!,
lang_multi_text_1sthalf.db,MultiText,Id,Zuoyequnxing_207_2,Content,dialogue,translated,,PASS,10,,,,,"I know you're busy, so no need to reply. Cya over at Professor Mornye's!","Tớ biết cậu bận, nên không cần trả lời đâu. Hẹn gặp cậu bên Giáo sư Mornye nhé!",
lang_multi_text_1sthalf.db,MultiText,Id,Zuoyequnxing_208_1,Content,dialogue,translated,,PASS,10,,,,,Friend sent a nudge,Bạn vừa nhắn,
lang_multi_text_1sthalf.db,MultiText,Id,Zuoyequnxing_208_2,Content,dialogue,translated,,PASS,10,,,,,I was sent to search the area near the Academy.,Tớ được cử đi tìm kiếm khu vực gần Học viện.,
lang_multi_text_1sthalf.db,MultiText,Id,Zuoyequnxing_208_3,Content,dialogue,translated,,PASS,10,,,,,...Be careful.,...Cẩn thận nhé.,
lang_multi_text_1sthalf.db,MultiText,Id,Zuoyequnxing_208_4,Content,dialogue,translated,,PASS,10,,,,,Contact me if you need any help.,Liên hệ với tôi nếu cậu cần giúp đỡ gì nhé.,
lang_multi_text_1sthalf.db,MultiText,Id,Zuoyequnxing_208_5,Content,dialogue,translated,,PASS,10,,,,,Don't worry.,Đừng lo.,
lang_multi_text_1sthalf.db,MultiText,Id,Zuoyequnxing_208_6,Content,dialogue,translated,,PASS,10,,,,,Copy. I'll leave that side to you.,Nhận lệnh. Phần đó để cậu lo cho.,
lang_multi_text_1sthalf.db,MultiText,Id,Zuoyequnxing_208_7,Content,dialogue,translated,,PASS,10,,,,,Don't worry. I'll see you later.,Đừng lo. Hẹn gặp lại sau nhé.,
lang_multi_text_1sthalf.db,MultiText,Id,Zuoyequnxing_208_8,Content,dialogue,translated,,PASS,10,,,,,See you once the mission is over.,Hẹn gặp lại sau khi nhiệm vụ kết thúc nhé.,
lang_multi_text_1sthalf.db,MultiText,Id,Zuoyequnxing_208_9,Content,dialogue,translated,,PASS,10,,,,,Alright. See you then.,Được rồi. Gặp lại sau.,
lang_multi_text_1sthalf.db,MultiText,Id,Zuoyequnxing_21011_1,Content,dialogue,translated,,PASS,10,,,,,Mmm... the spring breeze is so warm.,Mmm... gió xuân thật ấm áp.,
lang_multi_text_1sthalf.db,MultiText,Id,Zuoyequnxing_21011_2,Content,dialogue,translated,,PASS,10,,,,,"So, how've you been feeling the last few days?",Thế mấy ngày nay cậu thấy trong người thế nào?,
lang_multi_text_1sthalf.db,MultiText,Id,Zuoyequnxing_21011_3,Content,dialogue,translated,,PASS,10,,,,,"Much better, actually. I feel fine.",Thực ra là khá hơn nhiều. Tớ thấy ổn.,
lang_multi_text_1sthalf.db,MultiText,Id,Zuoyequnxing_21011_4,Content,dialogue,translated,,PASS,10,,,,,"Still a little dizzy, honestly...",Thành thật mà nói vẫn hơi chóng mặt...,
lang_multi_text_1sthalf.db,MultiText,Id,Zuoyequnxing_21011_5,Content,dialogue,translated,,PASS,10,,,,,Hmph. You soaked in Voidmatter for that long... and you're telling me you're fine? Better not be lying to me.,Hừm. Cậu ngâm mình trong Voidmatter lâu như thế... mà còn bảo là ổn à? Đừng có nói dối tớ nhé.,
lang_multi_text_1sthalf.db,MultiText,Id,Zuoyequnxing_21011_6,Content,dialogue,translated,,PASS,10,,,,,"...Being alone in Voidmatter that long will have taken a toll on your body, even with the white bird's protection.","...Ở một mình trong Voidmatter lâu như vậy chắc chắn đã ảnh hưởng đến cơ thể cậu, dù có sự bảo vệ của con chim trắng.",
lang_multi_text_1sthalf.db,MultiText,Id,Zuoyequnxing_21011_7,Content,dialogue,translated,,PASS,10,,,,,"Just thinking about what you risked... Hey, don't you ever do something like that again, okay?","Chỉ nghĩ đến những gì cậu đã liều mình... Này, đừng bao giờ làm vậy nữa nhé, được chứ?",
lang_multi_text_1sthalf.db,MultiText,Id,Zuoyequnxing_21011_8,Content,dialogue,translated,,PASS,10,,,,,"I could say the same to you, Aemeath. You think what you did before was any less risky? ""Never coming back"" isn't exactly my idea of a happy ending.","Tôi cũng có thể nói y như vậy với cô đấy, Aemeath. Cô nghĩ những gì cô đã làm trước kia ít rủi ro hơn chăng? ""Không bao giờ trở lại"" đâu phải là cái kết hạnh phúc trong mắt tôi.",
lang_multi_text_1sthalf.db,MultiText,Id,Zuoyequnxing_21011_9,Content,dialogue,translated,,PASS,10,,,,,That—ahem...,Cái đó... ừm...,
lang_multi_text_1sthalf.db,MultiText,Id,Zuoyequnxing_21011_10,Content,dialogue,translated,,PASS,10,,,,,"...Okay. I'm sorry, alright? Back then... I didn't have a choice.","...Được rồi. Tôi xin lỗi, được chưa? Hồi đó... tôi không còn lựa chọn nào khác.",
lang_multi_text_1sthalf.db,MultiText,Id,Zuoyequnxing_21011_11,Content,dialogue,translated,,PASS,10,,,,,You know how it is. Sometimes there are things you just have to do.,Cô biết mà. Đôi khi có những việc ta buộc phải làm thôi.,
lang_multi_text_1sthalf.db,MultiText,Id,Zuoyequnxing_21011_12,Content,dialogue,translated,,PASS,10,,,,,...I know.,...Tôi hiểu.,
lang_multi_text_1sthalf.db,MultiText,Id,Zuoyequnxing_21011_13,Content,dialogue,translated,,PASS,10,,,,,But I still worry about you.,Nhưng tớ vẫn lo cho cậu.,
lang_multi_text_1sthalf.db,MultiText,Id,Zuoyequnxing_21011_14,Content,dialogue,translated,,PASS,10,,,,,...I won't do it again. Promise. Cross my heart.,...Tớ sẽ không làm thế nữa. Hứa đấy. Thề luôn.,
lang_multi_text_1sthalf.db,MultiText,Id,Zuoyequnxing_21011_15,Content,dialogue,translated,,PASS,10,,,,,"Besides, look at us now! We're both okay. And Lahai-Roi's safe! That's a pretty happy ending, right?","Thôi nào, nhìn chúng ta kìa! Cả hai đều ổn cả. Và Lahai-Roi cũng an toàn! Kết thúc có hậu phải không?",
lang_multi_text_1sthalf.db,MultiText,Id,Zuoyequnxing_21011_16,Content,dialogue,translated,,PASS,10,,,,,"The savior and the world, saving each other at last! A tale for the ages!","Vị cứu tinh và thế giới, cuối cùng cũng cứu nhau! Một câu chuyện để đời!",
lang_multi_text_1sthalf.db,MultiText,Id,Zuoyequnxing_21011_17,Content,dialogue,translated,,PASS,10,,,,,"Aemeath, there's something I want to ask you.","Aemeath, có điều tớ muốn hỏi cậu.",
lang_multi_text_1sthalf.db,MultiText,Id,Zuoyequnxing_21011_18,Content,dialogue,translated,,PASS,10,,,,,Hmm? What is it?,Hmm? Gì thế?,
lang_multi_text_1sthalf.db,MultiText,Id,Zuoyequnxing_21011_19,Content,dialogue,translated,,PASS,10,,,,,After you were sealed beyond the Stridergate... how long were you out there? Alone?,Sau khi cậu bị phong ấn bên kia Stridergate... cậu đã ở ngoài đó bao lâu? Một mình?,
lang_multi_text_1sthalf.db,MultiText,Id,Zuoyequnxing_21011_20,Content,dialogue,translated,,PASS,10,,,,,You've been dodging this. But I don't want you to keep choosing to handle this alone.,Cậu lại né tránh rồi. Nhưng tớ không muốn cậu cứ chọn cách tự mình gánh vác mọi chuyện như thế.,
lang_multi_text_1sthalf.db,MultiText,Id,Zuoyequnxing_21011_21,Content,dialogue,translated,,REVIEW,6,same_as_source,,,,...,...,
lang_multi_text_1sthalf.db,MultiText,Id,Zuoyequnxing_21011_22,Content,dialogue,translated,,PASS,10,,,,,"Aww... feels like if I try to brush this off again, I'm gonna get scolded for real.","Ui... cảm giác nếu tớ lại lờ đi lần nữa, chắc sẽ bị mắng thật đấy.",
lang_multi_text_1sthalf.db,MultiText,Id,Zuoyequnxing_21011_23,Content,dialogue,translated,,PASS,10,,,,,"...Honestly, I can't really remember anymore. Toward the end, I couldn't even tell if time was still moving.","...Thật ra tớ cũng không nhớ rõ nữa. Đến cuối, tớ còn chẳng biết thời gian có đang trôi không.",
lang_multi_text_1sthalf.db,MultiText,Id,Zuoyequnxing_21011_24,Content,dialogue,translated,,PASS,10,,,,,It was just darkness. Emptiness. Over and over. Boring. Monotonous.,Chỉ là bóng tối. Hư không. Lặp đi lặp lại. Chán ngắt. Đơn điệu.,
lang_multi_text_1sthalf.db,MultiText,Id,Zuoyequnxing_21011_25,Content,dialogue,translated,,PASS,10,,,,,"But hey, I've had practice being alone. It's fine.","Nhưng mà này, tớ cũng đã quen với việc ở một mình rồi. Không sao đâu.",
lang_multi_text_1sthalf.db,MultiText,Id,Zuoyequnxing_21011_26,Content,dialogue,translated,,PASS,10,,,,,"The ones who faded into nothing... they were with me, you know. In all that dark, the light of every explorer who came before never stopped shining.","Những người đã tan biến vào hư vô... họ đã ở bên tớ, cậu biết mà. Trong bóng tối đó, ánh sáng của mỗi nhà thám hiểm đi trước chưa bao giờ tắt.",
lang_multi_text_1sthalf.db,MultiText,Id,Zuoyequnxing_21011_27,Content,dialogue,translated,,PASS,10,,,,,Knowing I was protecting the place they came from made it hurt a little less.,Biết rằng tớ đang bảo vệ nơi họ xuất phát khiến nỗi đau ấy nhẹ bớt đi đôi chút.,
lang_multi_text_1sthalf.db,MultiText,Id,Zuoyequnxing_21011_28,Content,dialogue,translated,,PASS,10,,,,,"When I had the ""Origin Point"" and saw you, the gravity pulled me back and I... I couldn't go with you. That stung. But the moment I saw you? That made me so happy.","Khi tớ có ""Origin Point"" và nhìn thấy cậu, lực hấp dẫn kéo tớ trở lại và tớ... tớ không thể đi cùng cậu. Điều đó thật đau. Nhưng khoảnh khắc tớ nhìn thấy cậu? Nó khiến tớ vui đến mức không ngờ.",
lang_multi_text_1sthalf.db,MultiText,Id,Zuoyequnxing_21011_29,Content,dialogue,translated,,PASS,10,,,,,Seeing you again... that was enough.,Được gặp lại cậu... như thế là đủ rồi.,
lang_multi_text_1sthalf.db,MultiText,Id,Zuoyequnxing_21011_30,Content,dialogue,translated,,PASS,10,,,,,"Me too, Aemeath.","Tớ cũng vậy, Aemeath.",
lang_multi_text_1sthalf.db,MultiText,Id,Zuoyequnxing_21011_31,Content,dialogue,translated,,PASS,10,,,,,"Okay, okay, this is getting way too heavy! Let's talk about something fun! You know, this whole thing is kind of a blessing in disguise.","Được rồi, được rồi, chuyện này đang trở nên quá nặng nề rồi! Nói chuyện gì vui vui đi! Cái này cũng coi như là... trong cái rủi có cái may ấy mà.",
lang_multi_text_1sthalf.db,MultiText,Id,Zuoyequnxing_21011_32,Content,dialogue,translated,,PASS,10,,,,,"People could only see me before. But now... I can ""pilot"" this shell to actually interact with people.","Trước giờ mọi người chỉ nhìn thấy tớ thôi. Nhưng giờ thì... tớ có thể ""điều khiển"" cái vỏ này để thực sự tương tác với mọi người được rồi.",
lang_multi_text_1sthalf.db,MultiText,Id,Zuoyequnxing_21011_33,Content,dialogue,translated,,PASS,10,,,,,Pilot...?,Điều khiển...?,
lang_multi_text_1sthalf.db,MultiText,Id,Zuoyequnxing_21011_34,Content,dialogue,translated,,PASS,10,,,,,"Mm, kinda like being in my mech form? I mean, I did die. Having a shell doesn't mean I'm alive again.","Ừm, giống kiểu ở trong dạng mech của tớ ấy? Ý tớ là, tớ đã chết rồi. Có cái vỏ này không có nghĩa là tớ sống lại đâu.",
lang_multi_text_1sthalf.db,MultiText,Id,Zuoyequnxing_21011_35,Content,dialogue,translated,,PASS,10,,,,,"But it's similar to the Exoswarm, and since I'm the Exostrider's Resonator... I'd say ""piloting"" this body feels about right.","Nhưng nó cũng na ná như Exoswarm, mà tớ lại là Resonator của Exostrider... nên tớ nghĩ ""điều khiển"" cái thân này cũng hợp lý đấy chứ.",
lang_multi_text_1sthalf.db,MultiText,Id,Zuoyequnxing_21011_36,Content,dialogue,translated,,PASS,10,,,,,"And because of that, I've decided to stick around for a while and finish my studies!","Và vì thế, tớ quyết định sẽ ở lại đây một thời gian để hoàn thành việc học của mình!",
lang_multi_text_1sthalf.db,MultiText,Id,Zuoyequnxing_21011_37,Content,dialogue,translated,,PASS,10,,,,,For a while?,Một thời gian thôi à?,
lang_multi_text_1sthalf.db,MultiText,Id,Zuoyequnxing_21011_38,Content,dialogue,translated,,PASS,10,,,,,"Yep! The Threnodian thing in Lahai-Roi is already handled, and I wanna be a real savior who helps more people. So after this... I'm gonna travel around Solaris.","Ừ! Vấn đề ở Threnody tại Lahai-Roi đã được giải quyết rồi, và tớ muốn trở thành một vị cứu tinh thực thụ, giúp đỡ được nhiều người hơn. Vậy nên sau lần này... tớ sẽ đi du hành khắp Solaris.",
lang_multi_text_1sthalf.db,MultiText,Id,Zuoyequnxing_21011_39,Content,dialogue,translated,,PASS,10,,,,,"But first, I'll stay at Startorch to finish graduating. I mean, I never even got my degree before I turned into a digital ghost!","Nhưng trước hết, tớ sẽ ở lại Startorch để hoàn thành việc tốt nghiệp đã. Ý tớ là, tớ còn chưa lấy được bằng trước khi biến thành một hồn ma kỹ thuật số mà!",
lang_multi_text_1sthalf.db,MultiText,Id,Zuoyequnxing_21011_40,Content,dialogue,translated,,PASS,10,,,,,"Gotta give my school days a proper send-off, y'know?","Phải có một cái kết đàng hoàng cho quãng đời sinh viên chứ, cậu biết mà?",
lang_multi_text_1sthalf.db,MultiText,Id,Zuoyequnxing_21011_41,Content,dialogue,translated,,REVIEW,6,same_as_source,,,,Aemeath.,Aemeath.,
lang_multi_text_1sthalf.db,MultiText,Id,Zuoyequnxing_21011_42,Content,dialogue,translated,,PASS,10,,,,,Yeah?,Có gì không?,
lang_multi_text_1sthalf.db,MultiText,Id,Zuoyequnxing_21011_43,Content,dialogue,translated,,PASS,10,,,,,"Even if it isn't a happy, carefree life... If it's the one you choose, I'll be proud of you.","Dù đó không phải là một cuộc sống hạnh phúc, vô tư... Nếu đó là lựa chọn của em, tôi sẽ luôn tự hào về em.",
lang_multi_text_1sthalf.db,MultiText,Id,Zuoyequnxing_21011_44,Content,dialogue,translated,,PASS,10,,,,,"So go follow your heart, Aemeath. I'll always be right here.","Vậy nên hãy đi theo trái tim mình, Aemeath. Tôi sẽ luôn ở đây.",
lang_multi_text_1sthalf.db,MultiText,Id,Zuoyequnxing_21011_45,Content,dialogue,translated,,PASS,10,,,,,...Okay. I won't forget.,...Vâng. Em sẽ không quên.,
lang_multi_text_1sthalf.db,MultiText,Id,Zuoyequnxing_21011_46,Content,dialogue,translated,,PASS,10,,,,,But before all that—walk with me? Just us and the spring breeze!,Nhưng trước khi tất cả những điều đó xảy ra—đi dạo với tôi nhé? Chỉ có chúng ta và làn gió xuân!,
lang_multi_text_1sthalf.db,MultiText,Id,Zuoyequnxing_21011_47,Content,dialogue,translated,,PASS,10,,,,,"You find Aemeath and finally talk to her about what happened. She tries to deflect at first, but eventually yields under your steady gaze. The two of you speak of the helplessness of goodbye, and the terrible loneliness she endured during her long wait beyond the Stridergate—until the moment you found each other again in the darkness. What happened, she admits, turned out to be a blessing in disguise. She can now complete her studies at the Academy in a physical form. 
You tell her that even if life isn't always happy or carefree, as long as it's the one she chooses, you will always be proud of her. 
Aemeath gives you a relieved smile. 
She reaches out her hand, inviting you to walk with her. Spring, at last, no longer exists only in dreams.","Bạn tìm thấy Aemeath và cuối cùng cũng nói chuyện với cô ấy về những gì đã xảy ra. Ban đầu cô ấy cố gắng né tránh, nhưng cuối cùng cũng chịu khuất phục dưới ánh mắt kiên định của bạn. Hai người cùng nhắc về sự bất lực khi phải nói lời tạm biệt, và nỗi cô đơn khủng khiếp mà cô ấy phải chịu đựng trong suốt thời gian dài chờ đợi bên kia Stridergate—cho đến khoảnh khắc hai người tìm lại được nhau trong bóng tối. Những gì đã xảy ra, cô ấy thừa nhận, hóa ra lại là một điều may mắn bất ngờ. Giờ đây cô ấy có thể hoàn thành việc học tại Học viện dưới hình hài vật lý.
Bạn nói với cô ấy rằng dù cuộc sống không phải lúc nào cũng hạnh phúc hay vô tư, miễn là đó là lựa chọn của cô ấy, bạn sẽ luôn tự hào về cô ấy.
Aemeath mỉm cười nhẹ nhõm.
Cô ấy đưa tay ra, mời bạn cùng đi dạo với mình. Cuối cùng, mùa xuân không còn chỉ tồn tại trong giấc mơ nữa.",
lang_multi_text_1sthalf.db,MultiText,Id,Zuoyequnxing_21012_1,Content,dialogue,translated,,PASS,10,,,,,Friend sent a nudge,"Bạn nhận được một cú hích từ người bạn.
```",
lang_multi_text_1sthalf.db,MultiText,Id,Zuoyequnxing_21012_2,Content,dialogue,translated,,PASS,10,,,,,The Collective wants to discuss the handling of the Aleph-1 aftermath with you.,The Collective muốn thảo luận với cậu về việc xử lý hậu quả của Aleph-1.,
lang_multi_text_1sthalf.db,MultiText,Id,Zuoyequnxing_21012_3,Content,dialogue,translated,,PASS,10,,,,,"If you're free, meet me at the Academic Affairs Office.","Nếu cậu rảnh, hãy gặp tớ ở Văn phòng Sự vụ Học thuật nhé.",
lang_multi_text_1sthalf.db,MultiText,Id,Zuoyequnxing_21012_4,Content,dialogue,translated,,PASS,10,,,,,Understood.,Hiểu rồi.,
lang_multi_text_1sthalf.db,MultiText,Id,Zuoyequnxing_21012_5,Content,dialogue,translated,,PASS,10,,,,,Got it.,Nhận lệnh.,
lang_multi_text_1sthalf.db,MultiText,Id,Zuoyequnxing_21012_6,Content,dialogue,translated,,PASS,10,,,,,Understood. I'm on my way.,Hiểu rồi. Tôi đang trên đường.,
lang_multi_text_1sthalf.db,MultiText,Id,Zuoyequnxing_21012_7,Content,dialogue,translated,,PASS,10,,,,,Got it. I'll head over now.,Nhận được. Tôi sẽ đến ngay.,
lang_multi_text_1sthalf.db,MultiText,Id,Zuoyequnxing_21012_8,Content,dialogue,translated,,PASS,10,,,,,"Wait... Something just came up. You know, the usual pointless reporting and corporate rhetoric.",Đợi đã... Có việc đột xuất rồi. Chuyện báo cáo vô nghĩa và những lời sáo rỗng của công ty như thường lệ ấy mà.,
lang_multi_text_1sthalf.db,MultiText,Id,Zuoyequnxing_21012_9,Content,dialogue,translated,,PASS,10,,,,,Hiyuki will meet you there instead.,Hiyuki sẽ gặp cậu ở đó thay tôi.,
lang_multi_text_1sthalf.db,MultiText,Id,Zuoyequnxing_21013_1,Content,dialogue,translated,,PASS,10,,,,,..Hiyuki?,...Hiyuki á?,
lang_multi_text_1sthalf.db,MultiText,Id,Zuoyequnxing_21013_2,Content,dialogue,translated,,PASS,10,,,,,Lucilla just left. There are still matters at the Academy regarding your identity that needed handling.,Lucilla vừa rời đi. Vẫn còn vài vấn đề ở Học viện liên quan đến danh tính của cậu cần được giải quyết.,
lang_multi_text_1sthalf.db,MultiText,Id,Zuoyequnxing_21013_3,Content,dialogue,translated,,PASS,10,,,,,"She had wanted to discuss the Collective's next steps with you. They've buried the Exostrider's disappearance with an official story, but as for who activated it... they want to keep it a secret.","Cô ấy muốn thảo luận về bước tiếp theo của Tập Thể với cậu. Họ đã dùng một câu chuyện chính thức để che đậy việc Exostrider biến mất, nhưng về chuyện ai đã kích hoạt nó... họ muốn giữ bí mật.",
lang_multi_text_1sthalf.db,MultiText,Id,Zuoyequnxing_21013_4,Content,dialogue,translated,,PASS,10,,,,,That's the right call.,Đó là quyết định đúng đắn.,
lang_multi_text_1sthalf.db,MultiText,Id,Zuoyequnxing_21013_5,Content,dialogue,translated,,PASS,10,,,,,A cautious approach is smart.,Một cách tiếp cận thận trọng là điều thông minh.,
lang_multi_text_1sthalf.db,MultiText,Id,Zuoyequnxing_21013_6,Content,dialogue,translated,,PASS,10,,,,,"I'll be leaving Lahai-Roi before long. The fewer eyes on me, the better.",Ta sẽ rời Lahai-Roi sớm thôi. Càng ít người để mắt tới ta càng tốt.,
lang_multi_text_1sthalf.db,MultiText,Id,Zuoyequnxing_21013_7,Content,dialogue,translated,,PASS,10,,,,,"Yes. She said that is the best way to protect you. Students will talk, that cannot be helped. But officially, the line is that the Exostrider ""awoke on its own.""","Đúng vậy. Cô ấy nói đó là cách tốt nhất để bảo vệ cậu. Học sinh sẽ bàn tán, điều đó không tránh khỏi. Nhưng chính thức thì thông tin được đưa ra là Exostrider ""tự thức tỉnh"".",
lang_multi_text_1sthalf.db,MultiText,Id,Zuoyequnxing_21013_8,Content,dialogue,translated,,PASS,10,,,,,"A wise choice. Fame is no blessing. If the Collective draws scrutiny from other regions, your freedom may not remain your own.","Một lựa chọn khôn ngoan. Danh tiếng chẳng phải là phước lành. Nếu Tập Thể thu hút sự chú ý từ các khu vực khác, tự do của cậu có thể sẽ không còn thuộc về cậu nữa.",
lang_multi_text_1sthalf.db,MultiText,Id,Zuoyequnxing_21013_9,Content,dialogue,translated,,PASS,10,,,,,"That was all she wished to convey, but I waited here to tell you something else.","Đó là tất cả những gì cô ấy muốn truyền đạt, nhưng ta ở lại đây để nói với cậu một điều khác.",
lang_multi_text_1sthalf.db,MultiText,Id,Zuoyequnxing_21013_10,Content,dialogue,translated,,PASS,10,,,,,"Hiyuki recounts her encounters with the Fractsidus, and the situation in Ashinohara…","Hiyuki kể lại những cuộc chạm trán của cô ấy với bọn Fractsidus, và tình hình ở Ashinohara…",
lang_multi_text_1sthalf.db,MultiText,Id,Zuoyequnxing_21013_11,Content,dialogue,translated,,PASS,10,,,,,"She speaks as evenly as always, but between her words lingers a sigh as quiet as falling snow.","Giọng cô vẫn điềm đạm như mọi khi, nhưng giữa những lời nói ấy thoáng một tiếng thở dài nhẹ tựa tuyết rơi.",
lang_multi_text_1sthalf.db,MultiText,Id,Zuoyequnxing_21013_12,Content,dialogue,translated,,REVIEW,6,same_as_source,,,,Ashinohara…,Ashinohara…,
lang_multi_text_1sthalf.db,MultiText,Id,Zuoyequnxing_21013_13,Content,dialogue,translated,,PASS,10,,,,,…How are you holding up?,…Cậu thế nào rồi?,
lang_multi_text_1sthalf.db,MultiText,Id,Zuoyequnxing_21013_14,Content,dialogue,translated,,PASS,10,,,,,"Do not worry over me. As for Ashinohara... Lucilla will assist with the investigation. Once matters here are settled, I will return.","Đừng lo cho tôi. Còn Ashinohara... Lucilla sẽ hỗ trợ điều tra. Khi việc ở đây ổn định, tôi sẽ trở lại.",
lang_multi_text_1sthalf.db,MultiText,Id,Zuoyequnxing_21013_15,Content,dialogue,translated,,PASS,10,,,,,But you must be careful. The Fractsidus seem to track your every move.,Nhưng cậu phải cẩn thận. Bọn Fractsidus dường như theo dõi từng bước đi của cậu.,
lang_multi_text_1sthalf.db,MultiText,Id,Zuoyequnxing_21013_16,Content,dialogue,translated,,PASS,10,,,,,"Their plans for Denia and me may have failed, but it proves one thing. They have found a way to harness Threnodian power.","Kế hoạch của chúng đối với Denia và tôi có thể đã thất bại, nhưng điều đó chứng minh một điều. Chúng đã tìm ra cách khai thác sức mạnh của Threnody.",
lang_multi_text_1sthalf.db,MultiText,Id,Zuoyequnxing_21013_17,Content,dialogue,translated,,PASS,10,,,,,"Spying from the shadows... that does sound like them. Thank you, I'll be careful.","Rình mò trong bóng tối... nghe đúng là phong cách của bọn họ. Cảm ơn cậu, tôi sẽ cẩn thận.",
lang_multi_text_1sthalf.db,MultiText,Id,Zuoyequnxing_21013_18,Content,dialogue,translated,,PASS,10,,,,,"By the way, how is Denia?","Nhân tiện, Denia thế nào rồi?",
lang_multi_text_1sthalf.db,MultiText,Id,Zuoyequnxing_21013_19,Content,dialogue,translated,,PASS,10,,,,,"She is still undergoing treatment and remains unstable. The Collective seem to have special arrangements for her. I wished to visit, but Lucilla said I am the one person who cannot...","Cô ấy vẫn đang điều trị và tình trạng chưa ổn định. Hội Đồng dường như có những sắp xếp đặc biệt cho cô ấy. Tôi muốn đến thăm, nhưng Lucilla nói tôi là người duy nhất không được phép...",
lang_multi_text_1sthalf.db,MultiText,Id,Zuoyequnxing_21013_20,Content,dialogue,translated,,PASS,10,,,,,"Well, it was your blade that struck her down.","Chà, chính lưỡi kiếm của cậu đã hạ gục cô ấy mà.",
lang_multi_text_1sthalf.db,MultiText,Id,Zuoyequnxing_21013_21,Content,dialogue,translated,,PASS,10,,,,,"In that strike, I used the frequency you left within her. The one that ""separates."" That was what freed her from the Threnodian's control.","Trong đòn đánh đó, tôi đã dùng tần số cậu để lại bên trong cô ấy. Tần số ""tách rời"" ấy. Chính nó đã giải phóng cô ấy khỏi sự kiểm soát của Threnody.",
lang_multi_text_1sthalf.db,MultiText,Id,Zuoyequnxing_21013_22,Content,dialogue,translated,,PASS,10,,,,,"So in her eyes, you are likely just as frightening as I am.","Vậy trong mắt cô ấy, cậu chắc cũng đáng sợ không kém gì ta.",
lang_multi_text_1sthalf.db,MultiText,Id,Zuoyequnxing_21013_23,Content,dialogue,translated,,PASS,10,,,,,"Still, I hear her disposition may have changed. I should like to visit her one of these days... Hm?","Dù vậy, tôi nghe nói tính tình của cô ấy có thể đã thay đổi. Tôi muốn đến thăm cô ấy một ngày nào đó... Hm?",
lang_multi_text_1sthalf.db,MultiText,Id,Zuoyequnxing_21013_24,Content,dialogue,translated,,PASS,10,,,,,"Lucilla has more reports for me, something about Ashinohara. I should go.","Lucilla lại có thêm báo cáo cho tôi, chuyện gì đó về Ashinohara. Tôi phải đi thôi.",
lang_multi_text_1sthalf.db,MultiText,Id,Zuoyequnxing_21013_25,Content,dialogue,translated,,PASS,10,,,,,"Okay. If I can help with Ashinohara, just let me know.","Được rồi. Nếu tôi có thể giúp gì về Ashinohara, cứ cho tôi biết nhé.",
lang_multi_text_1sthalf.db,MultiText,Id,Zuoyequnxing_21013_26,Content,dialogue,translated,,PASS,10,,,,,"Rest easy. As the ""savior"" {Male=himself;Female=herself}  taught me, this long road to save Ashinohara was never meant to be walked alone.","Yên tâm đi. Như ""vị cứu tinh"" ấy đã dạy tôi, con đường dài giải cứu Ashinohara này chưa bao giờ là để đi một mình.",
lang_multi_text_1sthalf.db,MultiText,Id,Zuoyequnxing_21013_27,Content,dialogue,translated,,PASS,10,,,,,Go on.,Cứ tiếp tục đi.,
lang_multi_text_1sthalf.db,MultiText,Id,Zuoyequnxing_21013_28,Content,dialogue,translated,,PASS,10,,,,,...Perhaps I too can walk toward the spring you spoke of.,...Có lẽ tôi cũng có thể bước về phía mùa xuân mà cậu đã nhắc tới.,
lang_multi_text_1sthalf.db,MultiText,Id,Zuoyequnxing_21013_29,Content,dialogue,translated,,PASS,10,,,,,"Hiyuki speaks to you about matters concerning Ashinohara, the Fractsidus, and her future path that she never had the chance to share before. She feels changed by everything that has happened.
Before you part, her white bird flies into your chest and disappears. Hiyuki gazes out the window, looking forward to that distant future of stepping into spring for the first time.","Hiyuki tâm sự với cậu về những chuyện liên quan đến Ashinohara, bọn Fractsidus, và con đường tương lai mà trước đây cô chưa từng có cơ hội chia sẻ. Cô cảm thấy mình đã thay đổi sau tất cả những gì đã xảy ra.
Trước khi chia tay, chú chim trắng của cô bay vào ngực cậu rồi biến mất. Hiyuki nhìn ra cửa sổ, hướng về một tương lai xa xôi khi lần đầu tiên bước vào mùa xuân.",
lang_multi_text_1sthalf.db,MultiText,Id,Zuoyequnxing_21060_1,Content,dialogue,translated,,PASS,10,,,,,Found the first one.,Tìm thấy cái đầu tiên rồi.,
lang_multi_text_1sthalf.db,MultiText,Id,Zuoyequnxing_21060_2,Content,dialogue,translated,,PASS,10,,,,,Copy. You're in the most dangerous sector now. Be careful out there.,Nhận lệnh. Cậu đang ở khu vực nguy hiểm nhất bây giờ. Hãy cẩn thận ngoài đó.,
lang_multi_text_1sthalf.db,MultiText,Id,Zuoyequnxing_21060_3,Content,dialogue,translated,,PASS,10,,,,,I know.,Tôi biết rồi.,
lang_multi_text_1sthalf.db,MultiText,Id,Zuoyequnxing_21070_1,Content,dialogue,translated,,RETRY,8,missing_token:<ano=The Exostrider and I>,,,,The light of the Origin Point... <ano=The Exostrider and I>We</ano> will bear it.,Ánh sáng của Điểm Nguồn... <ano=The Exostrider and I>Chúng ta</ano> sẽ gánh vác nó.,
lang_multi_text_1sthalf.db,MultiText,Id,Zuoyequnxing_21080_1,Content,dialogue,translated,,PASS,10,,,,,Finally came to see me?,Cuối cùng cũng đến gặp tớ à?,
lang_multi_text_1sthalf.db,MultiText,Id,Zuoyequnxing_21080_2,Content,dialogue,translated,,PASS,10,,,,,Yes. I have come.,Phải. Ta đã đến.,
lang_multi_text_1sthalf.db,MultiText,Id,Zuoyequnxing_21080_3,Content,dialogue,translated,,PASS,10,,,,,Made up your mind?,Quyết định rồi à?,
lang_multi_text_1sthalf.db,MultiText,Id,Zuoyequnxing_21080_4,Content,dialogue,translated,,PASS,10,,,,,I have.,Phải.,
lang_multi_text_1sthalf.db,MultiText,Id,Zuoyequnxing_21080_5,Content,dialogue,translated,,PASS,10,,,,,"Ready to kill me, then?",Sẵn sàng giết ta rồi chứ?,
lang_multi_text_1sthalf.db,MultiText,Id,Zuoyequnxing_21080_6,Content,dialogue,translated,,PASS,10,,,,,...Mmm.,...Ừm.,
lang_multi_text_1sthalf.db,MultiText,Id,Zuoyequnxing_21080_7,Content,dialogue,translated,,PASS,10,,,,,Oh? Has my little Hiyuki grown so confident that she can best me without even drawing her blade?,"Ồ? Hóa ra Hiyuki nhỏ bé của ta đã tự tin đến mức có thể đánh bại ta mà thậm chí còn chưa rút kiếm sao?
```",
lang_multi_text_1sthalf.db,MultiText,Id,Zuoyequnxing_21080_8,Content,dialogue,translated,,PASS,10,,,,,"Now, now... Don't forget who taught the Miko of Eternal Flaming Sakura. Can't show a little respect to your elder?",Thôi nào... Đừng quên ai đã dạy dỗ Miko của Eternal Flaming Sakura đấy. Không thể tỏ chút tôn trọng với bậc trưởng bối à?,
lang_multi_text_1sthalf.db,MultiText,Id,Zuoyequnxing_21080_9,Content,dialogue,translated,,PASS,10,,,,,"You call what you did to me teaching, Gyokuro?","Ngươi gọi những gì ngươi đã làm với ta là ""dạy dỗ"" sao, Gyokuro?",
lang_multi_text_1sthalf.db,MultiText,Id,Zuoyequnxing_224_1,Content,dialogue,translated,,PASS,10,,,,,Please note that the following requires no reply.,Xin lưu ý rằng những điều sau đây không cần trả lời.,
lang_multi_text_1sthalf.db,MultiText,Id,Zuoyequnxing_224_2,Content,dialogue,translated,,PASS,10,,,,,Mission parameters have been set. All units are to proceed to your assigned sectors now. Secure the Royan runes at your coordinates and report back via Wavesline.,Tham số nhiệm vụ đã được thiết lập. Tất cả các đơn vị hãy tiến đến khu vực được phân công ngay lập tức. Bảo vệ các Royan rune tại tọa độ của các ngươi và báo cáo lại qua Wavesline.,
lang_multi_text_1sthalf.db,MultiText,Id,Zuoyequnxing_224_3,Content,dialogue,translated,,PASS,10,,,,,"As I mentioned before, we've divided everyone based on your expertise and field experience.","Như tôi đã đề cập trước đó, chúng ta đã phân chia mọi người dựa trên chuyên môn và kinh nghiệm thực địa của từng người.",
lang_multi_text_1sthalf.db,MultiText,Id,Zuoyequnxing_224_4,Content,dialogue,translated,,PASS,10,,,,,"The Lahai-Roi subterranean zone is divided into the Academy, the Research Institute, and Bjartr Woods. Each unit will go to the sector matching their expertise.","Khu vực ngầm Lahai-Roi được chia thành Học viện, Viện Nghiên cứu và Bjartr Woods. Mỗi đơn vị sẽ đến khu vực phù hợp với chuyên môn của mình.",
lang_multi_text_1sthalf.db,MultiText,Id,Zuoyequnxing_224_5,Content,dialogue,translated,,PASS,10,,,,,"I have full confidence in your abilities, and I ask that you place your trust in our strategic deployment. Return to the Research Institute the moment your missions are done.","Tôi hoàn toàn tin tưởng vào năng lực của các cậu, và mong các cậu cũng đặt niềm tin vào kế hoạch triển khai chiến lược của chúng ta. Hãy trở về Viện Nghiên cứu ngay khi hoàn thành nhiệm vụ.",
lang_multi_text_1sthalf.db,MultiText,Id,Zuoyequnxing_224_6,Content,dialogue,translated,,PASS,10,,,,,"To our Roya partners and Spacetrek Collective personnel: by choosing to leave the shelters and stand with us now, you have proven your readiness to sacrifice for the cause.","Gửi các đối tác Roya và nhân sự Spacetrek Collective: bằng việc rời bỏ nơi trú ẩn và đứng về phía chúng ta lúc này, các bạn đã chứng tỏ sự sẵn sàng hy sinh vì lý tưởng chung.",
lang_multi_text_1sthalf.db,MultiText,Id,Zuoyequnxing_224_7,Content,dialogue,translated,,PASS,10,,,,,"However, this rune recovery plan is not a march toward martyrdom.","Tuy nhiên, kế hoạch thu hồi rune này không phải là cuộc hành quân hướng tới sự hy sinh vô nghĩa.",
lang_multi_text_1sthalf.db,MultiText,Id,Zuoyequnxing_224_8,Content,dialogue,translated,,PASS,10,,,,,"Complete your missions within the time limit. Should any unforeseen situations arise, abort the mission immediately and return to the Research Institute.","Hãy hoàn thành nhiệm vụ trong thời hạn cho phép. Nếu xảy ra bất kỳ tình huống bất ngờ nào, hãy hủy bỏ nhiệm vụ ngay lập tức và trở về Viện Nghiên cứu.",
lang_multi_text_1sthalf.db,MultiText,Id,Zuoyequnxing_224_9,Content,dialogue,translated,,PASS,10,,,,,Please remember that your teammates are right behind you.,Xin hãy nhớ rằng đồng đội của các bạn luôn ở ngay phía sau hỗ trợ.,
lang_multi_text_1sthalf.db,MultiText,Id,Zuoyequnxing_224_10,Content,dialogue,translated,,PASS,10,,,,,"And finally, just as you've all hoped, we are now forging a path toward the future of Solaris.","Và cuối cùng, như những gì tất cả các bạn mong đợi, giờ đây chúng ta đang mở ra con đường hướng tới tương lai của Solaris.",
lang_multi_text_1sthalf.db,MultiText,Id,Zuoyequnxing_224_11,Content,dialogue,translated,,PASS,10,,,,,"For that future, no price is too high.","Vì tương lai đó, không giá nào là quá đắt.",
lang_multi_text_1sthalf.db,MultiText,Id,Zuoyequnxing_224_12,Content,dialogue,translated,,PASS,10,,,,,"Even if the Void takes everything, the will of humanity will never be snuffed out.","Dù Hư Không có lấy đi tất cả, ý chí của nhân loại sẽ không bao giờ bị dập tắt.",
lang_multi_text_1sthalf.db,MultiText,Id,Zuoyequnxing_224_13,Content,dialogue,translated,,PASS,10,,,,,My highest regards to you all.,Tôi gửi lời trân trọng nhất đến tất cả các bạn.,
lang_multi_text_1sthalf.db,MultiText,Id,Zuoyequnxing_225_1,Content,dialogue,translated,,PASS,10,,,,,Updating current progress now. Royan rune collection is on schedule. We've received reports of injuries with medical teams already en route to those coordinates.,"Đang cập nhật tiến độ hiện tại. Việc thu thập rune Royan đang đúng kế hoạch. Chúng tôi đã nhận được báo cáo về thương vong, các đội y tế đang trên đường đến những tọa độ đó.",
lang_multi_text_1sthalf.db,MultiText,Id,Zuoyequnxing_225_2,Content,dialogue,translated,,PASS,10,,,,,A one-way public channel is now open. We'll use it to keep you all posted on any developments.,Kênh công cộng một chiều hiện đã mở. Chúng tôi sẽ sử dụng kênh này để thông báo cho các bạn về mọi diễn biến.,
lang_multi_text_1sthalf.db,MultiText,Id,Zuoyequnxing_226_1,Content,dialogue,translated,,PASS,10,,,,,Research Institute Sector collection is nearly complete. Academy Sector and Bjartr Woods Sector are at fifty percent.,Việc thu thập ở Khu Vực Viện Nghiên Cứu gần như hoàn tất. Khu Vực Học Viện và Khu Vực Rừng Bjartr đang đạt năm mươi phần trăm.,
lang_multi_text_1sthalf.db,MultiText,Id,Zuoyequnxing_226_2,Content,dialogue,translated,,PASS,10,,,,,"All units that have completed your missions, report back to the Research Institute immediately.","Tất cả các đơn vị đã hoàn thành nhiệm vụ, hãy báo cáo về Viện Nghiên cứu ngay lập tức.",
lang_multi_text_1sthalf.db,MultiText,Id,Zuoyequnxing_226_3,Content,dialogue,translated,,PASS,10,,,,,Team 7 returned.,Đội 7 đã trở về.,
lang_multi_text_1sthalf.db,MultiText,Id,Zuoyequnxing_226_4,Content,dialogue,translated,,PASS,10,,,,,Team 10 is preparing to return.,Đội 10 đang chuẩn bị trở về.,
lang_multi_text_1sthalf.db,MultiText,Id,Zuoyequnxing_226_5,Content,dialogue,translated,,PASS,10,,,,,Team 14 returned.,Đội 14 đã trở về.,
lang_multi_text_1sthalf.db,MultiText,Id,Zuoyequnxing_226_6,Content,dialogue,translated,,PASS,10,,,,,Team 22 returned.,Đội 22 đã trở về.,
lang_multi_text_1sthalf.db,MultiText,Id,Zuoyequnxing_226_7,Content,dialogue,translated,,PASS,10,,,,,Team 20 returning with Team 17 and 19. Team member Nastasha is injured.,Đội 20 đang trở về cùng Đội 17 và 19. Thành viên Nastasha của đội bị thương.,
lang_multi_text_1sthalf.db,MultiText,Id,Zuoyequnxing_226_8,Content,dialogue,translated,,PASS,10,,,,,Team 14 returned!,Đội 14 đã trở về!,
lang_multi_text_1sthalf.db,MultiText,Id,Zuoyequnxing_226_9,Content,dialogue,translated,,PASS,10,,,,,Team 2 confirms return.,Đội 2 xác nhận đã trở về.,
lang_multi_text_1sthalf.db,MultiText,Id,Zuoyequnxing_226_10,Content,dialogue,translated,,PASS,10,,,,,Team 9 returning now!,Đội 9 đang trên đường trở về!,
lang_multi_text_1sthalf.db,MultiText,Id,Zuoyequnxing_226_11,Content,dialogue,translated,,PASS,10,,,,,Copy that. Please stay safe.,Nhận lệnh. Hãy giữ an toàn nhé.,
lang_multi_text_1sthalf.db,MultiText,Id,Zuoyequnxing_227_1,Content,dialogue,translated,,PASS,10,,,,,"Collection complete for Research Institute, Academy, and Bjartr Woods Sectors.","Đã hoàn tất thu thập dữ liệu cho các khu vực Viện Nghiên cứu, Học viện và Bjartr Woods.",
lang_multi_text_1sthalf.db,MultiText,Id,Zuoyequnxing_227_2,Content,dialogue,translated,,PASS,10,,,,,"All units that have completed your missions, report back to the Research Institute immediately.","Tất cả các đơn vị đã hoàn thành nhiệm vụ, hãy báo cáo về Viện Nghiên cứu ngay lập tức.",
lang_multi_text_1sthalf.db,MultiText,Id,Zuoyequnxing_227_3,Content,dialogue,translated,,PASS,10,,,,,Team 6 confirms return.,Đội 6 xác nhận đã trở về.,
lang_multi_text_1sthalf.db,MultiText,Id,Zuoyequnxing_227_4,Content,dialogue,translated,,PASS,10,,,,,Team 3 confirms return.,Đội 3 xác nhận đã trở về.,
lang_multi_text_1sthalf.db,MultiText,Id,Zuoyequnxing_227_5,Content,dialogue,translated,,PASS,10,,,,,Team 8 confirms return.,Đội 8 xác nhận đã trở về.,
lang_multi_text_1sthalf.db,MultiText,Id,Zuoyequnxing_227_6,Content,dialogue,translated,,PASS,10,,,,,Team 18 and 13 confirm return.,Đội 18 và 13 xác nhận đã trở về.,
lang_multi_text_1sthalf.db,MultiText,Id,Zuoyequnxing_227_7,Content,dialogue,translated,,PASS,10,,,,,Team 15 confirms return.,Đội 15 xác nhận đã trở về.,
lang_multi_text_1sthalf.db,MultiText,Id,Zuoyequnxing_227_8,Content,dialogue,translated,,PASS,10,,,,,Communication with several teams is currently blocked. Specialized Security Teams have been deployed for search and rescue.,Hiện đang mất liên lạc với một số đội. Các Đội An Ninh Chuyên Trách đã được điều động để tìm kiếm và cứu hộ.,
lang_multi_text_1sthalf.db,MultiText,Id,Zuoyequnxing_227_9,Content,dialogue,translated,,PASS,10,,,,,All units except for Team 11 have been intercepted by Security and are returning to base. Vital signs for all Team 11 members remain stable.,Tất cả các đơn vị ngoại trừ Đội 11 đã bị An ninh chặn lại và đang trên đường trở về căn cứ. Các chỉ số sinh tồn của tất cả thành viên Đội 11 vẫn ổn định.,
lang_multi_text_1sthalf.db,MultiText,Id,Zuoyequnxing_227_10,Content,dialogue,translated,,PASS,10,,,,,"Well done, everyone.","Làm tốt lắm, mọi người.",
lang_multi_text_1sthalf.db,MultiText,Id,Zuoyequnxing_227_11,Content,dialogue,translated,,PASS,10,,,,,"Please report to Dr. Luuk and N.A.N.A. for medical evaluation, then return to the shelter at once.","Hãy báo cáo với Tiến sĩ Luuk và N.A.N.A. để kiểm tra y tế, sau đó trở về nơi trú ẩn ngay lập tức.",
lang_multi_text_1sthalf.db,MultiText,Id,Zuoyequnxing_227_12,Content,dialogue,translated,,PASS,10,,,,,"Analysis of the Royan runes has already begun. You have all done your best. Now, it's our turn to uncover the secrets hidden within them.",Quá trình phân tích các ký tự Royan đã bắt đầu. Các cậu đã làm hết sức mình rồi. Giờ đến lượt chúng tôi khám phá những bí mật ẩn giấu trong đó.,
lang_multi_text_1sthalf.db,MultiText,Id,Zuoyequnxing_228_1,Content,dialogue,translated,,PASS,10,,,,,Are you back?,Các cậu đã về à?,
lang_multi_text_1sthalf.db,MultiText,Id,Zuoyequnxing_228_2,Content,dialogue,translated,,PASS,10,,,,,Yeah...,Ừ...,
lang_multi_text_1sthalf.db,MultiText,Id,Zuoyequnxing_228_3,Content,dialogue,translated,,PASS,10,,,,,I'm back.,Tớ về rồi.,
lang_multi_text_1sthalf.db,MultiText,Id,Zuoyequnxing_228_4,Content,dialogue,translated,,PASS,10,,,,,Still trying to wrap my head around everything.,Vẫn đang cố gắng hiểu hết mọi chuyện.,
lang_multi_text_1sthalf.db,MultiText,Id,Zuoyequnxing_228_5,Content,dialogue,translated,,PASS,10,,,,,"Yes, I'm back. About the Exostrider...","Ừ, tớ về rồi. Về chuyện Exostrider ấy...",
lang_multi_text_1sthalf.db,MultiText,Id,Zuoyequnxing_228_6,Content,dialogue,translated,,PASS,10,,,,,It's alright. We already know. Your safe return is what matters now.,Không sao đâu. Chúng tớ đã biết rồi. Việc cậu trở về an toàn mới là quan trọng bây giờ.,
lang_multi_text_1sthalf.db,MultiText,Id,Zuoyequnxing_228_7,Content,dialogue,translated,,PASS,10,,,,,"Anyway, come meet us at the Research Institute. Everyone's been waiting for you.","Thôi nào, đến gặp mọi người ở Viện Nghiên cứu đi. Ai cũng đang đợi cậu đấy.",
lang_multi_text_1sthalf.db,MultiText,Id,Zuoyequnxing_228_8,Content,dialogue,translated,,PASS,10,,,,,Got it.,Được rồi.,
lang_multi_text_1sthalf.db,MultiText,Id,Zuoyequnxing_229_1,Content,dialogue,translated,,PASS,10,,,,,"It's past the estimated waiting time... But I know you'll be alright, Mentor.","Đã quá thời gian chờ ước tính rồi... Nhưng em biết thầy sẽ ổn thôi, Mentor.",
lang_multi_text_1sthalf.db,MultiText,Id,Zuoyequnxing_229_2,Content,dialogue,translated,,PASS,10,,,,,Voidmatter concentrations are already above the threshold. We have to retreat to the Institute's shelter now. Please head there as soon as you are back.,Nồng độ Voidmatter đã vượt ngưỡng cho phép. Chúng ta phải rút về hầm trú ẩn của Viện ngay bây giờ. Xin thầy hãy đến đó ngay khi trở về.,
lang_multi_text_1sthalf.db,MultiText,Id,Zuoyequnxing_229_3,Content,dialogue,translated,,PASS,10,,,,,"Mentor, I was just approved to stay and ensure that the Collective's emergency protocols proceed as planned. I'll be waiting for you at the Institute.","Mentor, em vừa được phép ở lại để đảm bảo các giao thức khẩn cấp của Tập Thể diễn ra theo kế hoạch. Em sẽ đợi thầy ở Viện.",
lang_multi_text_1sthalf.db,MultiText,Id,Zuoyequnxing_229_4,Content,dialogue,translated,,PASS,10,,,,,"Mentor, you're back!","Mentor, thầy đã về!",
lang_multi_text_1sthalf.db,MultiText,Id,Zuoyequnxing_229_5,Content,dialogue,translated,,PASS,10,,,,,"Yes, I'm back.","Ừ, thầy về rồi.",
lang_multi_text_1sthalf.db,MultiText,Id,Zuoyequnxing_229_6,Content,dialogue,translated,,PASS,10,,,,,"We were just in contact, but yes... I am back.","Chúng ta vừa liên lạc xong, nhưng quả thật... thầy đã về rồi.",
lang_multi_text_1sthalf.db,MultiText,Id,Zuoyequnxing_229_7,Content,dialogue,translated,,PASS,10,,,,,Must've been signal interference in Void Space. I only just received your messages.,Chắc là do nhiễu tín hiệu trong Không Gian Hư Vô. Tớ vừa mới nhận được tin nhắn của cậu.,
lang_multi_text_1sthalf.db,MultiText,Id,Zuoyequnxing_229_8,Content,dialogue,translated,,PASS,10,,,,,I see... I'm just glad you're back. We can talk about everything else once you get to the Institute. Are you feeling alright?,Ra vậy... Tớ chỉ mừng là cậu đã quay về thôi. Chúng ta có thể nói chuyện mọi thứ khi cậu đến Viện. Cậu ổn chứ?,
lang_multi_text_1sthalf.db,MultiText,Id,Zuoyequnxing_229_9,Content,dialogue,translated,,PASS,10,,,,,I'm fine.,Tôi không sao.,
lang_multi_text_1sthalf.db,MultiText,Id,Zuoyequnxing_229_10,Content,dialogue,translated,,PASS,10,,,,,"Don't worry, I feel perfectly fine.","Đừng lo, tôi cảm thấy hoàn toàn ổn mà.",
lang_multi_text_1sthalf.db,MultiText,Id,Zuoyequnxing_229_11,Content,dialogue,translated,,PASS,10,,,,,"That's a relief... In that case, come over to the Institute first.","Thật là nhẹ nhõm... Vậy thì, hãy đến Viện trước đi.",
lang_multi_text_1sthalf.db,MultiText,Id,Zuoyequnxing_230_1,Content,dialogue,translated,,PASS,10,,,,,Still not back yet?,Vẫn chưa về à?,
lang_multi_text_1sthalf.db,MultiText,Id,Zuoyequnxing_230_2,Content,dialogue,translated,,PASS,10,,,,,Voidmatter concentrations just spiked. Profs are locking everyone down at the Institute.,Nồng độ Voidmatter vừa tăng đột biến. Các giáo sư đang phong tỏa toàn bộ Viện rồi.,
lang_multi_text_1sthalf.db,MultiText,Id,Zuoyequnxing_230_3,Content,dialogue,translated,,PASS,10,,,,,"I know you'll be fine. We've got rides waiting. You wouldn't bail on that, would you?","Tớ biết cậu sẽ ổn mà. Bọn mình có phương tiện đợi sẵn rồi. Cậu không bỏ cuộc đâu, phải không?",
lang_multi_text_1sthalf.db,MultiText,Id,Zuoyequnxing_231_1,Content,dialogue,translated,,PASS,10,,,,,Voidmatter concentrations have passed the safety limit. The Spacetrek Collective is already starting the evacuation of Lahai-Roi.,Nồng độ Voidmatter đã vượt quá giới hạn an toàn. Spacetrek Collective đang bắt đầu sơ tán Lahai-Roi rồi.,
lang_multi_text_1sthalf.db,MultiText,Id,Zuoyequnxing_231_2,Content,dialogue,translated,,PASS,10,,,,,I am staying behind for you. To the very end.,Tôi sẽ ở lại vì cậu. Đến cùng.,
lang_multi_text_1sthalf.db,MultiText,Id,Zuoyequnxing_231_3,Content,dialogue,translated,,PASS,10,,,,,I'm back.,Tôi quay lại rồi.,
lang_multi_text_1sthalf.db,MultiText,Id,Zuoyequnxing_231_4,Content,dialogue,translated,,PASS,10,,,,,Are you still in the underground sector?,Cậu vẫn còn ở khu vực ngầm à?,
lang_multi_text_1sthalf.db,MultiText,Id,Zuoyequnxing_231_5,Content,dialogue,translated,,PASS,10,,,,,Glad to know you are alright.,Thật mừng khi cậu không sao.,
lang_multi_text_1sthalf.db,MultiText,Id,Zuoyequnxing_231_6,Content,dialogue,translated,,PASS,10,,,,,How's the situation on your end?,Tình hình bên cậu thế nào?,
lang_multi_text_1sthalf.db,MultiText,Id,Zuoyequnxing_231_7,Content,dialogue,translated,,PASS,10,,,,,How's the situation on your end? Need any help?,Tình hình bên cậu thế nào? Cần giúp đỡ không?,
lang_multi_text_1sthalf.db,MultiText,Id,Zuoyequnxing_231_8,Content,dialogue,translated,,PASS,10,,,,,"It is proving difficult. As the Voidmatter intensifies, locating people has grown increasingly challenging...","Đang gặp khó khăn. Khi Voidmatter càng mạnh lên, việc xác định vị trí mọi người ngày càng trở nên thách thức...",
lang_multi_text_1sthalf.db,MultiText,Id,Zuoyequnxing_231_9,Content,dialogue,translated,,PASS,10,,,,,Do not worry about me. Go. Join Lucilla and the others.,Đừng lo cho tôi. Đi đi. Đi cùng Lucilla và những người khác.,
lang_multi_text_1sthalf.db,MultiText,Id,Zuoyequnxing_232_1,Content,dialogue,translated,,PASS,10,,,,,{PlayerName}... Where are you now?,{PlayerName}... Giờ cậu đang ở đâu thế?,
lang_multi_text_1sthalf.db,MultiText,Id,Zuoyequnxing_232_2,Content,dialogue,translated,,PASS,10,,,,,Friend sent a nudge,Bạn vừa gửi một cái huých,
lang_multi_text_1sthalf.db,MultiText,Id,Zuoyequnxing_232_3,Content,dialogue,translated,,PASS,10,,,,,"{PlayerName}, I've been asking everyone. Even Lynae was being vague about it, but I figured it out…","{PlayerName}, tớ hỏi mọi người rồi. Ngay cả Lynae cũng nói mập mờ, nhưng tớ đã đoán ra…",
lang_multi_text_1sthalf.db,MultiText,Id,Zuoyequnxing_232_4,Content,dialogue,translated,,PASS,10,,,,,"You're in Voidspace, aren't you? Just like when we first arrived at the Academy.",Cậu đang ở Voidspace phải không? Giống như lần đầu chúng ta đến Học viện ấy.,
lang_multi_text_1sthalf.db,MultiText,Id,Zuoyequnxing_232_5,Content,dialogue,translated,,PASS,10,,,,,"You made it out safely last time. I know you'll make it out this time, too.",Lần trước cậu đã thoát ra an toàn. Tớ biết lần này cậu cũng sẽ làm được thôi.,
lang_multi_text_1sthalf.db,MultiText,Id,Zuoyequnxing_232_6,Content,dialogue,translated,,PASS,10,,,,,There's a Void Storm in the Academy right now...,Hiện giờ ở Học viện đang có Void Storm…,
lang_multi_text_1sthalf.db,MultiText,Id,Zuoyequnxing_232_7,Content,dialogue,translated,,PASS,10,,,,,"{PlayerName}, I'm at the Research Institute. Professor Mornye is here, too.","{PlayerName}, tớ đang ở Viện Nghiên cứu. Giáo sư Mornye cũng ở đây.",
lang_multi_text_1sthalf.db,MultiText,Id,Zuoyequnxing_232_8,Content,dialogue,translated,,PASS,10,,,,,I am confident that you'll be alright... You always find a way to handle whatever comes your way.,Tớ tin là cậu sẽ ổn thôi... Cậu luôn có cách xử lý mọi chuyện mà.,
lang_multi_text_1sthalf.db,MultiText,Id,Zuoyequnxing_233_1,Content,dialogue,translated,,PASS,10,,,,,"Senior, Voidmatter concentrations are critical! We're all moving to the Spacetrek Collective's shelter now.","Senior, nồng độ Voidmatter đang ở mức báo động! Bây giờ tất cả chúng ta đều đang di chuyển đến hầm trú ẩn của Spacetrek Collective.",
lang_multi_text_1sthalf.db,MultiText,Id,Zuoyequnxing_233_2,Content,dialogue,translated,,PASS,10,,,,,"There's someone helping my tribe evacuate, and right now I'm filtering and archiving all historical records from the Solisylum for separate storage.","Có người đang giúp bộ tộc tớ sơ tán, còn tớ thì đang lọc và lưu trữ tất cả các tài liệu lịch sử từ Solisylum để cất giữ riêng.",
lang_multi_text_1sthalf.db,MultiText,Id,Zuoyequnxing_233_3,Content,dialogue,translated,,PASS,10,,,,,"You must be very busy now, right? I'll see you when you get back!",Chắc giờ cậu đang rất bận đúng không? Tớ sẽ đợi cậu quay về nhé!,
lang_multi_text_1sthalf.db,MultiText,Id,Zuoyequnxing_234_1,Content,dialogue,translated,,PASS,10,,,,,You needn't worry about us. We're handling everything on this end.,Cậu không cần lo cho chúng tớ đâu. Mọi thứ ở đây tụi tớ sẽ lo liệu hết.,
lang_multi_text_1sthalf.db,MultiText,Id,Zuoyequnxing_234_2,Content,dialogue,translated,,PASS,10,,,,,"I know you'll come through, just like you always do. I'll be waiting for the good news.","Tớ biết cậu sẽ làm được, như cậu vẫn luôn làm vậy. Tớ sẽ đợi tin tốt lành từ cậu nhé.",
lang_multi_text_1sthalf.db,MultiText,Id,Zuoyequnxing_235_1,Content,dialogue,translated,,PASS,10,,,,,Lament. Lament. Lament.,Than van. Than van. Than van.,
lang_multi_text_1sthalf.db,MultiText,Id,Zuoyequnxing_49_1,Content,dialogue,translated,,PASS,10,,,,,"Hello, {Male=golden boy;Female=golden girl}.","Xin chào, {Male=cậu bé vàng;Female=cô bé vàng}.",
lang_multi_text_1sthalf.db,MultiText,Id,Zuoyequnxing_49_2,Content,dialogue,translated,,PASS,10,,,,,"Now that the Dark Side incident is wrapped up, manage any rest after the ceremony?","Giờ sự cố Mặt Tối đã được giải quyết, cậu có lo liệu được chút thời gian nghỉ ngơi sau buổi lễ không?",
lang_multi_text_1sthalf.db,MultiText,Id,Zuoyequnxing_49_3,Content,dialogue,translated,,PASS,10,,,,,"Things will get busy again soon. You'll need to stay focused, but not wound up like a spring. Stress leads to bad calls.","Sắp tới mọi thứ sẽ lại bận rộn thôi. Cậu cần giữ tập trung, nhưng đừng căng như dây đàn. Áp lực sẽ dẫn đến những quyết định sai lầm.",
lang_multi_text_1sthalf.db,MultiText,Id,Zuoyequnxing_49_4,Content,dialogue,translated,,PASS,10,,,,,I've rested up. Don't worry.,Tôi đã nghỉ ngơi đủ rồi. Đừng lo.,
lang_multi_text_1sthalf.db,MultiText,Id,Zuoyequnxing_49_5,Content,dialogue,translated,,PASS,10,,,,,I can't really relax until this is over.,Tôi không thể thực sự thư giãn cho đến khi mọi chuyện kết thúc.,
lang_multi_text_1sthalf.db,MultiText,Id,Zuoyequnxing_49_6,Content,dialogue,translated,,PASS,10,,,,,I've rested up. Don't worry.,Tôi đã nghỉ ngơi đủ rồi. Đừng lo.,
lang_multi_text_1sthalf.db,MultiText,Id,Zuoyequnxing_49_7,Content,dialogue,translated,,PASS,10,,,,,"Good. I'm a psychiatrist, after all. Happy to know my patient is actually following my advice for once.",Tốt. Dù sao tôi cũng là bác sĩ tâm lý mà. Vui khi biết bệnh nhân của tôi lần này chịu nghe lời khuyên của tôi.,
lang_multi_text_1sthalf.db,MultiText,Id,Zuoyequnxing_49_8,Content,dialogue,translated,,PASS,10,,,,,I can't really relax until this is over.,Tôi không thể thực sự thư giãn cho đến khi mọi chuyện kết thúc.,
lang_multi_text_1sthalf.db,MultiText,Id,Zuoyequnxing_49_9,Content,dialogue,translated,,PASS,10,,,,,"I see. I sympathize, but can't say I approve. Once this is all settled, remember to give yourself a break.","Tôi hiểu. Tôi thông cảm, nhưng không thể nói là tôi đồng ý. Khi mọi chuyện đã ổn thỏa, nhớ cho bản thân nghỉ ngơi nhé.",
lang_multi_text_1sthalf.db,MultiText,Id,Zuoyequnxing_49_10,Content,dialogue,translated,,PASS,10,,,,,"As for the Exostrider plan we discussed earlier, there's been a development.","Về kế hoạch Exostrider mà chúng ta đã thảo luận trước đó, đã có tiến triển rồi.",
lang_multi_text_1sthalf.db,MultiText,Id,Zuoyequnxing_49_11,Content,dialogue,translated,,PASS,10,,,,,"Come to my ""workspace."" It's better discussed where the walls don't have ears.","Hãy đến ""nơi làm việc"" của tôi. Nên thảo luận ở nơi không có tai vách mạch rừng.",
lang_multi_text_1sthalf.db,MultiText,Id,Zuoyequnxing_50_1,Content,dialogue,translated,,PASS,10,,,,,Candy? It's a new flavor. Sigrika and Lynae suggested it. Great for lifting spirits.,Kẹo à? Một hương vị mới đấy. Sigrika và Lynae gợi ý đó. Rất tốt để vực dậy tinh thần.,
lang_multi_text_1sthalf.db,MultiText,Id,Zuoyequnxing_50_2,Content,dialogue,translated,,PASS,10,,,,,...Mint jelly.,...Thạch bạc hà.,
lang_multi_text_1sthalf.db,MultiText,Id,Zuoyequnxing_50_3,Content,dialogue,translated,,PASS,10,,,,,"Yep, that'll wake you up.","Ừ, thứ này sẽ khiến cậu tỉnh táo ngay.",
lang_multi_text_1sthalf.db,MultiText,Id,Zuoyequnxing_50_4,Content,dialogue,translated,,PASS,10,,,,,"Alright, Luuk. What's the word on this Exostrider plan?","Được rồi, Luuk. Thế nào rồi, kế hoạch Exostrider có tiến triển gì không?",
lang_multi_text_1sthalf.db,MultiText,Id,Zuoyequnxing_50_5,Content,dialogue,translated,,PASS,10,,,,,My conversation with Lucilla went well. She's on your side. Your showing during the Dark Side incident also helped speed up the Academy's internal review.,Cuộc trò chuyện của tôi với Lucilla diễn ra tốt đẹp. Cô ấy đứng về phía cậu. Việc cậu thể hiện trong sự cố Dark Side cũng giúp đẩy nhanh quá trình xem xét nội bộ của Học viện.,
lang_multi_text_1sthalf.db,MultiText,Id,Zuoyequnxing_50_6,Content,dialogue,translated,,PASS,10,,,,,"That said, you've been a student here for less than a year. You'll need the Spacetrek Collective's approval to officially activate the Exostrider.","Tuy nhiên, cậu mới chỉ là học viên ở đây chưa đầy một năm. Cậu sẽ cần sự chấp thuận của Spacetrek Collective để chính thức kích hoạt Exostrider.",
lang_multi_text_1sthalf.db,MultiText,Id,Zuoyequnxing_50_7,Content,dialogue,translated,,PASS,10,,,,,"Their biggest financial backer is the New Federation. And of course, they answer to an entire board of investors.","Nhà tài trợ tài chính lớn nhất của họ là New Federation. Và dĩ nhiên, họ phải trả lời trước toàn bộ hội đồng các nhà đầu tư.",
lang_multi_text_1sthalf.db,MultiText,Id,Zuoyequnxing_50_8,Content,dialogue,translated,,PASS,10,,,,,"And to them? The Exostrider is definitely a ""high-value asset.""","Còn đối với những người đó? Exostrider chắc chắn là một ""tài sản giá trị cao"".",
lang_multi_text_1sthalf.db,MultiText,Id,Zuoyequnxing_50_9,Content,dialogue,translated,,PASS,10,,,,,"I've been flooding their desks with reports. Your Academy investigation record, your latest test scores from Rabelle College, and a full physical adaptability eval I wrote myself...","Tôi đã liên tục gửi báo cáo đến bàn làm việc của họ. Hồ sơ điều tra của cậu tại Học viện, điểm kiểm tra mới nhất từ Rabelle College, và bản đánh giá toàn diện về khả năng thích ứng thể chất do chính tôi viết...",
lang_multi_text_1sthalf.db,MultiText,Id,Zuoyequnxing_50_10,Content,dialogue,translated,,PASS,10,,,,,And? Were they rejected?,Và rồi sao? Họ từ chối à?,
lang_multi_text_1sthalf.db,MultiText,Id,Zuoyequnxing_50_11,Content,dialogue,translated,,PASS,10,,,,,"We got a meeting. But when that much money's involved, conflicts of interest make everything move very slowly.","Chúng ta có một cuộc họp. Nhưng khi có quá nhiều tiền liên quan, những xung đột lợi ích khiến mọi thứ diễn ra rất chậm chạp.",
lang_multi_text_1sthalf.db,MultiText,Id,Zuoyequnxing_50_12,Content,dialogue,translated,,PASS,10,,,,,"Unlike Jinzhou or Rinascita, they've got far too many ""cooks"" in the kitchen.","Không giống như Jinzhou hay Rinascita, họ có quá nhiều ""đầu bếp"" trong bếp.",
lang_multi_text_1sthalf.db,MultiText,Id,Zuoyequnxing_50_13,Content,dialogue,translated,,PASS,10,,,,,I'm worried we don't have that kind of time.,Tôi lo là chúng ta không còn nhiều thời gian như thế nữa.,
lang_multi_text_1sthalf.db,MultiText,Id,Zuoyequnxing_50_14,Content,dialogue,translated,,PASS,10,,,,,"Exactly. Which is why we're going to strike first. Besides, things have changed.","Đúng vậy. Đó là lý do chúng ta phải ra tay trước. Hơn nữa, tình hình đã thay đổi rồi.",
lang_multi_text_1sthalf.db,MultiText,Id,Zuoyequnxing_50_15,Content,dialogue,translated,,PASS,10,,,,,It all comes down to this guy.,Mọi chuyện đều xoay quanh người này.,
lang_multi_text_1sthalf.db,MultiText,Id,Zuoyequnxing_50_16,Content,dialogue,translated,,PASS,10,,,,,This is Chase. Head of the Spacetrek Collective. He just got back to Lahai-Roi on a Triumph Avionics ship from the New Federation.,Đây là Chase. Trưởng nhóm Spacetrek Collective. Anh ấy vừa trở về Lahai-Roi trên một con tàu Triumph Avionics của New Federation.,
lang_multi_text_1sthalf.db,MultiText,Id,Zuoyequnxing_50_17,Content,dialogue,translated,,PASS,10,,,,,"President Lucilla, Professor Mornye, and I have all put in a good word. You'll be meeting him at the Research Institute.","Tổng thống Lucilla, Giáo sư Mornye và tôi đều đã nói tốt cho cậu. Cậu sẽ gặp anh ấy tại Viện Nghiên cứu.",
lang_multi_text_1sthalf.db,MultiText,Id,Zuoyequnxing_50_18,Content,dialogue,translated,,PASS,10,,,,,Chase started as a low-level employee at Ashridge Energy in the New Fed. Then he dropped off the grid for a few years before resurfacing in a government position.,"Chase khởi đầu là một nhân viên cấp thấp tại Ashridge Energy ở New Fed. Sau đó anh ấy biến mất khỏi radar vài năm trước khi tái xuất ở một vị trí trong chính phủ.
```",
lang_multi_text_1sthalf.db,MultiText,Id,Zuoyequnxing_50_19,Content,dialogue,translated,,PASS,10,,,,,"After that, he left the government and started diving into multiple large-scale investment projects. Some say he's still been Ashridge Energy's man the whole time, but no one's been able to prove it.","Sau đó, ông rời chính phủ và bắt đầu đầu tư vào nhiều dự án quy mô lớn. Có người nói ông vẫn luôn là người của Ashridge Energy, nhưng chưa ai chứng minh được điều đó.",
lang_multi_text_1sthalf.db,MultiText,Id,Zuoyequnxing_50_20,Content,dialogue,translated,,PASS,10,,,,,"He's sharp, low-profile, and very smooth. At his age, he's seen it all. His only real concern is if the Exostrider's pilot can be controlled.","Ông ta sắc bén, kín tiếng và rất khéo léo. Ở tuổi này, ông đã trải qua đủ mọi chuyện. Mối quan tâm thực sự duy nhất của ông là liệu phi công của Exostrider có thể kiểm soát được hay không.",
lang_multi_text_1sthalf.db,MultiText,Id,Zuoyequnxing_50_21,Content,dialogue,translated,,PASS,10,,,,,"Normally, they'd pick Academy Synchronists who've been signing stacks of NDAs since day one. But—","Thông thường, họ sẽ chọn các Synchronist của Học viện – những người đã ký hàng loạt thỏa thuận bảo mật từ ngày đầu. Nhưng mà—",
lang_multi_text_1sthalf.db,MultiText,Id,Zuoyequnxing_50_22,Content,dialogue,translated,,PASS,10,,,,,"Sounds like his attitude changed? Does that have something to do with the ""changes"" you mentioned?","Nghe có vẻ thái độ của ông ta đã thay đổi? Điều đó có liên quan gì đến những ""thay đổi"" mà cậu nhắc đến không?",
lang_multi_text_1sthalf.db,MultiText,Id,Zuoyequnxing_50_23,Content,dialogue,translated,,PASS,10,,,,,Come in. Let's talk over some hot drinks.,Mời vào. Chúng ta nói chuyện bên tách trà nóng nhé.,
lang_multi_text_1sthalf.db,MultiText,Id,Zuoyequnxing_50_24,Content,dialogue,translated,,PASS,10,,,,,"You enter Luuk Herssen's workspace to discuss piloting the Exostrider. Luuk tells you that the Academy's procedures have already been handled by him and Lucilla, but you still need to win over the board of investors from the New Federation.
The Head of the Spacetrek Collective, Chase, has recently returned to Lahai-Roi from the New Federation.","Bạn bước vào không gian làm việc của Luuk Herssen để thảo luận về việc điều khiển Exostrider. Luuk cho biết các thủ tục của Học viện đã được ông và Lucilla xử lý xong, nhưng bạn vẫn cần thuyết phục hội đồng đầu tư từ New Federation.
Người đứng đầu Spacetrek Collective, Chase, mới trở về Lahai-Roi từ New Federation gần đây.",
lang_multi_text_1sthalf.db,MultiText,Id,Zuoyequnxing_51_1,Content,dialogue,translated,,PASS,10,,,,,I heard Lucilla asked for your help after the ceremony. How did it feel working with her?,"Tớ nghe nói Lucilla đã nhờ cậu giúp đỡ sau buổi lễ. Làm việc với cô ấy thế nào, Rover?",
lang_multi_text_1sthalf.db,MultiText,Id,Zuoyequnxing_51_2,Content,dialogue,translated,,PASS,10,,,,,"Well, at first she was pretty dominant, steering the conversation the whole time…","À, ban đầu thì cô ấy khá áp đặt, luôn định hướng cuộc trò chuyện...",
lang_multi_text_1sthalf.db,MultiText,Id,Zuoyequnxing_51_3,Content,dialogue,translated,,PASS,10,,,,,But now I understand it's because this Academy means so much to her.,Nhưng giờ tớ hiểu là vì Học viện này có ý nghĩa rất lớn với cô ấy.,
lang_multi_text_1sthalf.db,MultiText,Id,Zuoyequnxing_52_1,Content,dialogue,translated,,PASS,10,,,,,"Based on your intel, the Reactor Core has been returned. Ideally, we'd wait for the Exostrider to awaken before trying to help Aemeath or confront the Threnodian.","Theo thông tin của cậu, Lõi Phản ứng đã được trả về. Lý tưởng nhất là chúng ta nên đợi Exostrider thức tỉnh trước khi cố giúp Aemeath hoặc đối đầu với Threnodian.",
lang_multi_text_1sthalf.db,MultiText,Id,Zuoyequnxing_52_2,Content,dialogue,translated,,PASS,10,,,,,"But, recent readings from the Institute's Stridergate monitors... they're off the charts.",Nhưng... những số liệu gần đây từ hệ thống giám sát Stridergate của Viện... chúng đang vượt ngoài tầm kiểm soát.,
lang_multi_text_1sthalf.db,MultiText,Id,Zuoyequnxing_52_3,Content,dialogue,translated,,PASS,10,,,,,"Voidmatter reactivity is spiking. The Spacetrek Collective is getting twitchy. If Threnodian Aleph-1 breaks the seal, all of Solaris will be at risk, not just Lahai-Roi.","Hoạt tính của Voidmatter đang tăng đột biến. Spacetrek Collective đang trở nên bất an. Nếu Threnodian Aleph-1 phá vỡ ấn, toàn bộ Solaris sẽ gặp nguy hiểm, không chỉ riêng Lahai-Roi.",
lang_multi_text_1sthalf.db,MultiText,Id,Zuoyequnxing_52_4,Content,dialogue,translated,,PASS,10,,,,,"Now, the Collective didn't establish itself here without binders full of contingencies for a Threnodian event.","Giờ thì, Tập Thể không lập căn cứ ở đây mà không chuẩn bị hàng tá phương án dự phòng cho một sự kiện Threnody đâu.",
lang_multi_text_1sthalf.db,MultiText,Id,Zuoyequnxing_52_5,Content,dialogue,translated,,PASS,10,,,,,"Problem is, every one of those plans would scorch decades of scientific progress.","Vấn đề là, mỗi kế hoạch đó đều sẽ thiêu rụi hàng thập kỷ tiến bộ khoa học.",
lang_multi_text_1sthalf.db,MultiText,Id,Zuoyequnxing_52_6,Content,dialogue,translated,,PASS,10,,,,,"Which, in our case, actually gives us some leverage. Enough to have a real conversation with their head.","Mà trong trường hợp của chúng ta, điều đó lại cho ta một lợi thế nhất định. Đủ để có một cuộc đối thoại thực sự với người đứng đầu của họ.",
lang_multi_text_1sthalf.db,MultiText,Id,Zuoyequnxing_52_7,Content,dialogue,translated,,PASS,10,,,,,... Then I'll convince him. I'll show him the lowest casualty count is the only one that makes sense. He'll have to approve me as the Synchronist who pilots the Exostrider.,... Rồi tôi sẽ thuyết phục ông ấy. Tôi sẽ chỉ ra rằng phương án có số thương vong thấp nhất là lựa chọn duy nhất hợp lý. Ông ấy sẽ phải chấp thuận để tôi trở thành Synchronist điều khiển Exostrider.,
lang_multi_text_1sthalf.db,MultiText,Id,Zuoyequnxing_52_8,Content,dialogue,translated,,PASS,10,,,,,"Luuk, you mentioned you have contacts in the Black Shores. And this workspace of yours... It's secure, right?","Luuk, cậu từng nói cậu có mối quan hệ ở Black Shores. Và chỗ làm việc này của cậu... an toàn chứ?",
lang_multi_text_1sthalf.db,MultiText,Id,Zuoyequnxing_52_9,Content,dialogue,translated,,PASS,10,,,,,Guaranteed. What are you thinking?,Đảm bảo an toàn. Cậu đang nghĩ gì vậy?,
lang_multi_text_1sthalf.db,MultiText,Id,Zuoyequnxing_52_10,Content,dialogue,translated,,PASS,10,,,,,Lahai-Roi is closed off from the outside world. Public comms are probably tapped by Fractsidus moles inside the Academy. And right now... I need a direct line to the Black Shores.,Lahai-Roi đã bị phong tỏa khỏi thế giới bên ngoài. Các kênh liên lạc công cộng có lẽ đã bị cài gián điệp Fractsidus trong Học viện nghe lén. Và giờ đây... tôi cần một đường dây trực tiếp tới Black Shores.,
lang_multi_text_1sthalf.db,MultiText,Id,Zuoyequnxing_52_11,Content,dialogue,translated,,PASS,10,,,,,I see. Give me a moment. I'll establish the link and leave the rest to you.,Tôi hiểu rồi. Để tôi xử lý trong chốc lát. Tôi sẽ thiết lập đường truyền và phần còn lại để cậu lo.,
lang_multi_text_1sthalf.db,MultiText,Id,Zuoyequnxing_52_12,Content,dialogue,translated,,PASS,10,,,,,"I received your call, {PlayerName}.","Tôi đã nhận được cuộc gọi của cậu, {PlayerName}.",
lang_multi_text_1sthalf.db,MultiText,Id,Zuoyequnxing_52_13,Content,dialogue,translated,,PASS,10,,,,,...Is the situation in Lahai-Roi that dire? You look exhausted.,...Tình hình ở Lahai-Roi nghiêm trọng đến vậy sao? Trông cậu mệt mỏi quá.,
lang_multi_text_1sthalf.db,MultiText,Id,Zuoyequnxing_52_14,Content,dialogue,translated,,PASS,10,,,,,"...A lot has happened, Shorekeeper.","...Đã xảy ra nhiều chuyện lắm, Shorekeeper.",
lang_multi_text_1sthalf.db,MultiText,Id,Zuoyequnxing_52_15,Content,dialogue,translated,,PASS,10,,,,,I'm alright. Just a little tired.,Tôi không sao. Chỉ là hơi mệt thôi.,
lang_multi_text_1sthalf.db,MultiText,Id,Zuoyequnxing_52_16,Content,dialogue,translated,,PASS,10,,,,,"My frequency loss has been resolved. But Lahai-Roi is under imminent Threnodian threat. I need your help, Shorekeeper.",Tần số của tôi đã được khôi phục. Nhưng Lahai-Roi đang đứng trước mối đe dọa Threnody cấp bách. Tôi cần sự trợ giúp của Shorekeeper.,
lang_multi_text_1sthalf.db,MultiText,Id,Zuoyequnxing_52_17,Content,dialogue,translated,,PASS,10,,,,,"Understood. For this purpose… both I, and the Black Shores, exist.",Hiểu rồi. Vì mục đích này… cả ta và Bờ Biển Đen đều hiện hữu.,
lang_multi_text_1sthalf.db,MultiText,Id,Zuoyequnxing_52_18,Content,dialogue,translated,,PASS,10,,,,,"Any additional intel on the Exostrider within the Tethys System? Verified or not, I need everything you have.","Có thêm thông tin tình báo nào về Exostrider trong Hệ Tethys không? Dù đã xác minh hay chưa, ta cần mọi thứ mà ngươi có.",
lang_multi_text_1sthalf.db,MultiText,Id,Zuoyequnxing_52_19,Content,dialogue,translated,,PASS,10,,,,,I trust Luuk. You can speak freely.,Ta tin tưởng Luuk. Ngươi có thể nói thoải mái.,
lang_multi_text_1sthalf.db,MultiText,Id,Zuoyequnxing_52_20,Content,dialogue,translated,,PASS,10,,,,,Records confirm that Luuk Herssen has been providing critical assistance and intelligence to the Black Shores. I trust your judgment.,Hồ sơ xác nhận Luuk Herssen đã cung cấp hỗ trợ và tình báo quan trọng cho Bờ Biển Đen. Ta tin vào phán đoán của ngươi.,
lang_multi_text_1sthalf.db,MultiText,Id,Zuoyequnxing_52_21,Content,dialogue,translated,,PASS,10,,,,,"After the founding of Startorch Academy, most information fell under their seal of secrecy. However, in its early days, you mediated negotiations between the Academy and the Roya. Through that process, the Black Shores gained partial access to certain archived insights.","Sau khi Học viện Startorch được thành lập, hầu hết thông tin đều bị niêm phong bí mật. Tuy nhiên, trong những ngày đầu, ngươi đã đứng ra hòa giải các cuộc đàm phán giữa Học viện và Roya. Qua quá trình đó, Bờ Biển Đen đã có được quyền truy cập một phần vào một số tài liệu lưu trữ.",
lang_multi_text_1sthalf.db,MultiText,Id,Zuoyequnxing_52_22,Content,dialogue,translated,,PASS,10,,,,,"The Spacetrek Collective fears that due to the Exoswarm's division, the Exostrider, even upon awakening, might not have enough power to face the Threnodian. This concern led to the Augmented Resonance initiative—the Synchronists.","Spacetrek Collective lo ngại rằng do sự phân chia của Exoswarm, ngay cả khi thức tỉnh, Exostrider có thể không đủ sức mạnh để đối đầu với Threnodian. Mối lo này đã dẫn đến sáng kiến Cộng Hưởng Tăng Cường—Synchronists.",
lang_multi_text_1sthalf.db,MultiText,Id,Zuoyequnxing_52_23,Content,dialogue,translated,,PASS,10,,,,,"Observing how Sentinels work with their Resonators, they theorized that the Exostrider, sharing similarities, could amplify its power through a Resonator as well.","Qua việc quan sát cách Sentinel phối hợp với các Resonator của mình, họ đưa ra giả thuyết rằng Exostrider, vốn có nhiều điểm tương đồng, cũng có thể khuếch đại sức mạnh thông qua một Resonator.",
lang_multi_text_1sthalf.db,MultiText,Id,Zuoyequnxing_52_24,Content,dialogue,translated,,PASS,10,,,,,"However, considering your link with the Exostrider, the Tethys System does not recommend this method.","Tuy nhiên, xét đến mối liên kết của cậu với Exostrider, hệ thống Tethys không khuyến nghị sử dụng phương pháp này.",
lang_multi_text_1sthalf.db,MultiText,Id,Zuoyequnxing_52_25,Content,dialogue,translated,,PASS,10,,,,,We have intel that deep beneath Lahai-Roi lies the <te href=851076>Keystone</te> left behind by the Exostrider long ago.,Chúng tôi có thông tin rằng sâu dưới lòng Lahai-Roi tồn tại <te href=851076>Keystone</te> mà Exostrider để lại từ rất lâu trước.,
lang_multi_text_1sthalf.db,MultiText,Id,Zuoyequnxing_52_26,Content,dialogue,translated,,PASS,10,,,,,It rests directly atop the seal on the <te href=851077>Stridergate</te>. You can think of it as a kind of lock.,Nó nằm ngay trên đỉnh ấn phong của <te href=851077>Stridergate</te>. Cậu có thể hình dung nó như một loại khóa.,
lang_multi_text_1sthalf.db,MultiText,Id,Zuoyequnxing_52_27,Content,dialogue,translated,,PASS,10,,,,,"You do not need a cockpit to pilot the Exostrider. So long as its activation sequence remains unobstructed, you may pilot it using the Keystone.","Cậu không cần buồng lái để điều khiển Exostrider. Chỉ cần chuỗi kích hoạt của nó không bị cản trở, cậu có thể điều khiển nó thông qua Keystone.",
lang_multi_text_1sthalf.db,MultiText,Id,Zuoyequnxing_52_28,Content,dialogue,translated,,PASS,10,,,,,"...Is it because I'm its ""Arbiter""?","...Phải chăng vì tôi là ""Arbiter"" của nó?",
lang_multi_text_1sthalf.db,MultiText,Id,Zuoyequnxing_52_29,Content,dialogue,translated,,PASS,10,,,,,"Precisely. For one who shares its origin, a cockpit would be more of a hindrance.","Chính xác. Với người cùng chung nguồn cội như cậu, buồng lái chỉ là vật cản trở mà thôi.",
lang_multi_text_1sthalf.db,MultiText,Id,Zuoyequnxing_52_30,Content,dialogue,translated,,PASS,10,,,,,As for Aemeath... I think Dr. Luuk's proposal is viable.,Còn về Aemeath... Tôi nghĩ đề xuất của Tiến sĩ Luuk là khả thi.,
lang_multi_text_1sthalf.db,MultiText,Id,Zuoyequnxing_52_31,Content,dialogue,translated,,PASS,10,,,,,"You mean using the Exoswarm-like ""shell"" that appeared in that cockpit to look for her?","Ý cậu là dùng cái ""vỏ"" giống Exoswarm xuất hiện trong buồng lái đó để tìm cô ấy à?",
lang_multi_text_1sthalf.db,MultiText,Id,Zuoyequnxing_52_32,Content,dialogue,translated,,PASS,10,,,,,"Yes. The connection between frequencies will help. {PlayerName},  bring ""her"" with you when you activate the Exostrider.","Đúng vậy. Sự kết nối giữa các tần số sẽ giúp ích. {PlayerName}, hãy mang ""cô ấy"" theo khi cậu kích hoạt Exostrider.",
lang_multi_text_1sthalf.db,MultiText,Id,Zuoyequnxing_52_33,Content,dialogue,translated,,PASS,10,,,,,"Sure. While I'm there, the Black Shores will need to keep a closer eye on Lahai-Roi.","Được thôi. Trong lúc tôi ở đó, Black Shores sẽ phải theo dõi Lahai-Roi kỹ càng hơn.",
lang_multi_text_1sthalf.db,MultiText,Id,Zuoyequnxing_52_34,Content,dialogue,translated,,PASS,10,,,,,I understand.,Tôi hiểu rồi.,
lang_multi_text_1sthalf.db,MultiText,Id,Zuoyequnxing_52_35,Content,dialogue,translated,,PASS,10,,,,,"...I'm counting on you, Shorekeeper.","...Tôi trông cậy vào người, Shorekeeper.",
lang_multi_text_1sthalf.db,MultiText,Id,Zuoyequnxing_52_36,Content,dialogue,translated,,PASS,10,,,,,"As long as I may be of help to you, I am… content.","Chừng nào còn có thể giúp được người, tôi... mãn nguyện rồi.",
lang_multi_text_1sthalf.db,MultiText,Id,Zuoyequnxing_52_37,Content,dialogue,translated,,PASS,10,,,,,"Please return safely from the Stridergate, {PlayerName}.","Hãy trở về an toàn từ Stridergate nhé, {PlayerName}.",
lang_multi_text_1sthalf.db,MultiText,Id,Zuoyequnxing_52_38,Content,dialogue,translated,,PASS,10,,,,,I will. Don't worry.,Tôi sẽ về. Đừng lo.,
lang_multi_text_1sthalf.db,MultiText,Id,Zuoyequnxing_52_39,Content,dialogue,translated,,PASS,10,,,,,I'll inform Lucilla. Take your time finishing that drink before you head out.,Tôi sẽ báo cho Lucilla biết. Cậu cứ từ từ uống xong ly đó trước khi lên đường.,
lang_multi_text_1sthalf.db,MultiText,Id,Zuoyequnxing_52_40,Content,dialogue,translated,,PASS,10,,,,,"Think this will work? I'm about to ask a man to sign off on a crazy plan, and I can't even promise him it'll work.",Liệu kế hoạch này có khả thi không nhỉ? Tớ sắp phải thuyết phục một người chấp thuận một kế hoạch điên rồ mà thậm chí còn không thể đảm bảo là sẽ thành công.,
lang_multi_text_1sthalf.db,MultiText,Id,Zuoyequnxing_52_41,Content,dialogue,translated,,PASS,10,,,,,"Nobody has a plan they promise will work. If Chase agrees, it's because he's betting that you're his best option. Just take the win.","Chẳng ai có kế hoạch nào mà dám đảm bảo là sẽ thành công cả. Nếu Chase đồng ý, đó là vì ông ấy đang đặt cược vào việc cậu là lựa chọn tốt nhất của ông ấy. Cứ xem như thắng rồi đi.",
lang_multi_text_1sthalf.db,MultiText,Id,Zuoyequnxing_52_42,Content,dialogue,translated,,PASS,10,,,,,"At the end of the day, it all comes down to the person, {PlayerName}.","Rốt cuộc, mọi chuyện đều phụ thuộc vào con người, {PlayerName}.",
lang_multi_text_1sthalf.db,MultiText,Id,Zuoyequnxing_52_43,Content,dialogue,translated,,PASS,10,,,,,"Luuk tells you about unusual Voidmatter activity near the Stridergate, an opportunity that can be used to persuade the Spacetrek Collective of the necessity of your plan. To make preparations, you contact Shorekeeper from Luuk's private workspace, who, with the help of the Tethys System, informs you that you can pilot the Exostrider by activating the underground ""Keystone.""
Shorekeeper also notes that Aemeath's ""shell"" likely connects to her frequency beyond Stridergate. She suggests that you bring ""Aemeath"" with you when you go.","Luuk thông báo với cậu về hoạt động bất thường của Voidmatter gần Stridergate, một cơ hội có thể dùng để thuyết phục Spacetrek Collective về sự cần thiết của kế hoạch. Để chuẩn bị, cậu liên lạc với Shorekeeper từ không gian làm việc riêng của Luuk, người với sự trợ giúp của hệ thống Tethys, thông báo rằng cậu có thể điều khiển Exostrider bằng cách kích hoạt ""Keystone"" dưới lòng đất.
Shorekeeper cũng lưu ý rằng ""vỏ bọc"" của Aemeath có khả năng kết nối với tần số của cô ấy bên kia Stridergate. Cô ấy gợi ý rằng cậu nên đưa ""Aemeath"" theo khi đi.",
lang_multi_text_1sthalf.db,MultiText,Id,Zuoyequnxing_53_1,Content,dialogue,translated,,PASS,10,,,,,I believe Dr. Luuk has already briefed you about the meeting with the Spacetrek Collective's head.,Tôi tin rằng Tiến sĩ Luuk đã thông báo cho cậu về cuộc họp với người đứng đầu Spacetrek Collective rồi.,
lang_multi_text_1sthalf.db,MultiText,Id,Zuoyequnxing_53_2,Content,dialogue,translated,,PASS,10,,,,,Come to Academic Affairs. He's waiting for you there.,Hãy đến Phòng Học thuật. Ông ấy đang đợi cậu ở đó.,
lang_multi_text_1sthalf.db,MultiText,Id,Zuoyequnxing_54_1,Content,dialogue,translated,,PASS,10,,,,,"Mr. Chase. This is the student I mentioned, {PlayerName}. Our best hope for piloting the Exostrider.","Ông Chase. Đây là học viên mà tôi đã nhắc đến, {PlayerName}. Hy vọng lớn nhất của chúng ta để điều khiển Exostrider.",
lang_multi_text_1sthalf.db,MultiText,Id,Zuoyequnxing_54_2,Content,dialogue,translated,,PASS,10,,,,,"Save the intro, President Lucilla. We've met before.","Bỏ qua phần giới thiệu đi, Hiệu trưởng Lucilla. Chúng ta đã gặp nhau rồi mà.",
lang_multi_text_1sthalf.db,MultiText,Id,Zuoyequnxing_54_3,Content,dialogue,translated,,PASS,10,,,,,(Before…? In my past life at the Academy?),(Trước đây…? Ở kiếp trước tại Học viện sao?),
lang_multi_text_1sthalf.db,MultiText,Id,Zuoyequnxing_54_4,Content,dialogue,translated,,PASS,10,,,,,Let's just get down to it. The Threnodian Aleph-1 situation is deteriorating. We're running out of time.,Thôi không vòng vo nữa. Tình hình Threnodian Aleph-1 đang xấu đi. Chúng ta không còn nhiều thời gian đâu.,
lang_multi_text_1sthalf.db,MultiText,Id,Zuoyequnxing_54_5,Content,dialogue,translated,,PASS,10,,,,,"I wanted to wait for the Exostrider's self-regeneration to finish, but the clock has run out on that one.","Tôi đã muốn đợi quá trình tự tái sinh của Exostrider hoàn tất, nhưng giờ thì không kịp nữa rồi.",
lang_multi_text_1sthalf.db,MultiText,Id,Zuoyequnxing_54_6,Content,dialogue,translated,,PASS,10,,,,,"So tell me, {PlayerName}. Why do you want to pilot the Exostrider? What's the play?","Vậy thì nói cho tôi biết đi, {PlayerName}. Tại sao cậu muốn điều khiển Exostrider? Kế hoạch của cậu là gì?",
lang_multi_text_1sthalf.db,MultiText,Id,Zuoyequnxing_54_7,Content,dialogue,translated,,PASS,10,,,,,To find Aemeath and put down the Threondian.,Tìm Aemeath và tiêu diệt Threondian.,
lang_multi_text_1sthalf.db,MultiText,Id,Zuoyequnxing_54_8,Content,dialogue,translated,,PASS,10,,,,,Aemeath… Name rings a bell. The one with the high-sync rate. Her disappearance was a real loss for us.,Aemeath… Cái tên nghe quen lắm. Người có tỷ lệ đồng bộ cao ấy. Sự biến mất của cô ấy là một tổn thất lớn cho chúng ta.,
lang_multi_text_1sthalf.db,MultiText,Id,Zuoyequnxing_54_9,Content,dialogue,translated,,PASS,10,,,,,She's beyond the Stridergate.,Cô ấy ở bên kia Stridergate.,
lang_multi_text_1sthalf.db,MultiText,Id,Zuoyequnxing_54_10,Content,dialogue,translated,,PASS,10,,,,,...Hehe. I see how it is.,...Hehe. Tôi hiểu rồi.,
lang_multi_text_1sthalf.db,MultiText,Id,Zuoyequnxing_54_11,Content,dialogue,translated,,PASS,10,,,,,But finding one person in a goddamn interdimensional haystack? Not so easy. You understand our position... the Threnodian is our priority.,Nhưng tìm một người trong mớ hỗn độn đa chiều này? Không dễ đâu. Cậu hiểu vị trí của chúng tôi mà... Threnodian mới là ưu tiên của chúng tôi.,
lang_multi_text_1sthalf.db,MultiText,Id,Zuoyequnxing_54_12,Content,dialogue,translated,,PASS,10,,,,,Stopping the Threnodian is my priority too. I'm going to handle both.,Ngăn chặn Threnodian cũng là ưu tiên của tôi. Tôi sẽ giải quyết cả hai.,
lang_multi_text_1sthalf.db,MultiText,Id,Zuoyequnxing_54_13,Content,dialogue,translated,,PASS,10,,,,,"Look, we have the same objective, so like you said let's ""just get down to it."" If Voidmatter erupts, Lahai-Roi is ground zero. Every one of your projects will take a hit.","Nghe này, chúng ta có chung mục tiêu, nên như cậu nói, hãy ""bắt tay vào việc thôi"". Nếu Voidmatter phun trào, Lahai-Roi sẽ là tâm điểm. Mọi dự án của cậu sẽ chịu ảnh hưởng hết.",
lang_multi_text_1sthalf.db,MultiText,Id,Zuoyequnxing_54_14,Content,dialogue,translated,,PASS,10,,,,,"Regarding Aleph-1, our intel is insufficient. We are not, at this time, considering its total destruction.","Về Aleph-1, tình báo của chúng tôi vẫn chưa đủ. Hiện tại, chúng tôi không xem xét việc phá hủy hoàn toàn nó.",
lang_multi_text_1sthalf.db,MultiText,Id,Zuoyequnxing_54_15,Content,dialogue,translated,,PASS,10,,,,,What we need is for the Exostrider to reinforce the seal on the Stridergate.,Điều chúng ta cần là Exostrider gia cố lại lớp phong ấn trên Stridergate.,
lang_multi_text_1sthalf.db,MultiText,Id,Zuoyequnxing_54_16,Content,dialogue,translated,,PASS,10,,,,,"To do that, we need a qualified Synchronist. And we need the Institute's Drive Replica. When that gets embedded in the Exostrider's chest cavity, then its repair is complete.","Để làm được điều đó, chúng ta cần một Synchronist đủ tiêu chuẩn. Và chúng ta cần Drive Replica của Viện. Khi nó được gắn vào khoang ngực của Exostrider, quá trình sửa chữa mới hoàn tất.",
lang_multi_text_1sthalf.db,MultiText,Id,Zuoyequnxing_54_17,Content,dialogue,translated,,PASS,10,,,,,"Right now, the Replica is in its final phase of development. We're still missing critical data.","Hiện tại, Replica đang trong giai đoạn phát triển cuối cùng. Chúng tôi vẫn thiếu dữ liệu quan trọng.",
lang_multi_text_1sthalf.db,MultiText,Id,Zuoyequnxing_54_18,Content,dialogue,translated,,PASS,10,,,,,A Drive Replica... Is that what you're building from the fallen Reactor Drive after Helios was launched?,Drive Replica... Đó có phải thứ các người đang chế tạo từ Reactor Drive bị rơi sau khi Helios được phóng lên không?,
lang_multi_text_1sthalf.db,MultiText,Id,Zuoyequnxing_54_19,Content,dialogue,translated,,PASS,10,,,,,"Hehe, correct. It's based on the original Drive's framework. You had a hand to play in that. You made sure Helios got launched.","Hehe, đúng rồi. Nó dựa trên khung của Drive nguyên bản. Cậu cũng có góp phần vào chuyện đó đấy. Cậu đã đảm bảo Helios được phóng lên.",
lang_multi_text_1sthalf.db,MultiText,Id,Zuoyequnxing_54_20,Content,dialogue,translated,,PASS,10,,,,,"To complete the Drive Replica, we require precise data from the Exostrider operating in high concentrations of Voidmatter, and environmental readings from inside the Threnodian.","Để hoàn thiện Drive Replica, chúng ta cần dữ liệu chính xác từ Exostrider hoạt động trong vùng Voidmatter nồng độ cao, cùng với các thông số môi trường bên trong Threnodian.",
lang_multi_text_1sthalf.db,MultiText,Id,Zuoyequnxing_54_21,Content,dialogue,translated,,PASS,10,,,,,"Without them, we can't guarantee the Exostrider can resist Aleph-1's corruption.","Nếu không có chúng, chúng ta không thể đảm bảo Exostrider có thể chống lại sự tha hóa của Aleph-1.",
lang_multi_text_1sthalf.db,MultiText,Id,Zuoyequnxing_54_22,Content,dialogue,translated,,PASS,10,,,,,"Here's the verdict, {PlayerName}. On behalf of the Spacetrek Collective, I authorize you to pilot the Exostrider.","Đây là quyết định, {PlayerName}. Thay mặt Spacetrek Collective, tôi ủy quyền cho cậu điều khiển Exostrider.",
lang_multi_text_1sthalf.db,MultiText,Id,Zuoyequnxing_54_23,Content,dialogue,translated,,PASS,10,,,,,"But remember, our objective is the data. We need readings from the high-concentration zone to complete the Replica.","Nhưng hãy nhớ, mục tiêu của chúng ta là dữ liệu. Chúng ta cần các thông số từ vùng nồng độ cao để hoàn thành Replica.",
lang_multi_text_1sthalf.db,MultiText,Id,Zuoyequnxing_54_24,Content,dialogue,translated,,PASS,10,,,,,And your personal mission gets ten minutes. That's the max duration our Voidmatter Barriers can cover the Stridergate once it's opened.,Và nhiệm vụ cá nhân của cậu có mười phút. Đó là thời gian tối đa mà Voidmatter Barrier của chúng ta có thể bảo vệ Stridergate sau khi mở.,
lang_multi_text_1sthalf.db,MultiText,Id,Zuoyequnxing_54_25,Content,dialogue,translated,,PASS,10,,,,,"After ten minutes, you return to Lahai-Roi. Whether you found Aemeath or not. Do you accept?","Sau mười phút, cậu quay lại Lahai-Roi. Dù có tìm thấy Aemeath hay không. Cậu đồng ý chứ?",
lang_multi_text_1sthalf.db,MultiText,Id,Zuoyequnxing_54_26,Content,dialogue,translated,,PASS,10,,,,,Deal. One more thing. I won't be using a cockpit. Just show me the way to the Keystone and have the Exostrider ready. That's all I need.,Thỏa thuận. Một điều nữa. Tôi sẽ không dùng buồng lái. Chỉ cần chỉ cho tôi đường đến Keystone và chuẩn bị sẵn Exostrider. Thế là đủ.,
lang_multi_text_1sthalf.db,MultiText,Id,Zuoyequnxing_54_27,Content,dialogue,translated,,PASS,10,,,,,Heh. Still full of surprises. Always bringing us the... unconventional.,Hừ. Vẫn đầy bất ngờ nhỉ. Lúc nào cũng mang đến cho chúng ta những thứ... khác thường.,
lang_multi_text_1sthalf.db,MultiText,Id,Zuoyequnxing_54_28,Content,dialogue,translated,,PASS,10,,,,,"Lucilla, run a high-pressure sync test for {PlayerName}. I've seen the physical eval, but I want live data for validation.","Lucilla, chạy kiểm tra đồng bộ áp suất cao cho {PlayerName} đi. Tôi đã xem đánh giá thể chất rồi, nhưng cần dữ liệu thời gian thực để xác nhận.",
lang_multi_text_1sthalf.db,MultiText,Id,Zuoyequnxing_54_29,Content,dialogue,translated,,PASS,10,,,,,"The moment the numbers hit green, we'll begin preparations for activating the Keystone and deploy Voidmatter Barriers around the Stridergate.","Ngay khi các chỉ số chuyển xanh, chúng ta sẽ bắt đầu chuẩn bị kích hoạt Keystone và triển khai Voidmatter Barrier quanh Stridergate.",
lang_multi_text_1sthalf.db,MultiText,Id,Zuoyequnxing_54_30,Content,dialogue,translated,,PASS,10,,,,,There's something else. I need a favor.,Còn một việc nữa. Tôi cần cậu giúp một việc.,
lang_multi_text_1sthalf.db,MultiText,Id,Zuoyequnxing_54_31,Content,dialogue,translated,,PASS,10,,,,,"Go on, {PlayerName}.","Cứ tiếp tục đi, {PlayerName}.",
lang_multi_text_1sthalf.db,MultiText,Id,Zuoyequnxing_54_32,Content,dialogue,translated,,PASS,10,,,,,"The Fractsidus is lying low. Even after failing in the Dark Side, they could move the moment the Stridergate opens.","Bọn Fractsidus đang núp mình. Dù đã thất bại ở Dark Side, chúng vẫn có thể hành động ngay khi Stridergate mở ra.",
lang_multi_text_1sthalf.db,MultiText,Id,Zuoyequnxing_54_33,Content,dialogue,translated,,PASS,10,,,,,"Ah. That's what's on your mind. Well, I have an update. Remember Sigrika's friend? The… somewhat lackadaisical one?","À, hóa ra cậu đang nghĩ đến chuyện đó. Được rồi, tôi có thông tin mới đây. Cậu còn nhớ người bạn của Sigrika không? Người… hơi lơ đễnh ấy?",
lang_multi_text_1sthalf.db,MultiText,Id,Zuoyequnxing_54_34,Content,dialogue,translated,,PASS,10,,,,,You mean Denia?,Ý cậu là Denia à?,
lang_multi_text_1sthalf.db,MultiText,Id,Zuoyequnxing_54_35,Content,dialogue,translated,,PASS,10,,,,,That's the one. She's gone missing. Our investigation points to her being the agent the Grand Architect referred to.,Chính cô ta đấy. Cô ấy đã mất tích. Cuộc điều tra của chúng tôi chỉ ra rằng cô ấy chính là đặc vụ mà Kiến Trúc Sư Vĩ Đại nhắc đến.,
lang_multi_text_1sthalf.db,MultiText,Id,Zuoyequnxing_54_36,Content,dialogue,translated,,PASS,10,,,,,But don't let it distract you. I have a reliable friend keeping an eye on Fractsidus activity.,Nhưng đừng để điều đó làm cậu phân tâm. Tôi có một người bạn đáng tin cậy đang theo dõi hoạt động của Fractsidus.,
lang_multi_text_1sthalf.db,MultiText,Id,Zuoyequnxing_54_37,Content,dialogue,translated,,PASS,10,,,,,"You just focus on waking the giant. Leave the rest to us, {PlayerName}.","Cậu chỉ cần tập trung đánh thức người khổng lồ thôi. Phần còn lại cứ để chúng tôi lo, {PlayerName}.",
lang_multi_text_1sthalf.db,MultiText,Id,Zuoyequnxing_54_38,Content,dialogue,translated,,PASS,10,,,,,"The Black Shores just sent a formal communication request. They're offering full support for Lahai-Roi's evacuation, if it comes to that.","Bờ Đen vừa gửi yêu cầu liên lạc chính thức. Họ đề nghị hỗ trợ toàn diện cho việc sơ tán Lahai-Roi, nếu tình huống đó xảy ra.",
lang_multi_text_1sthalf.db,MultiText,Id,Zuoyequnxing_54_39,Content,dialogue,translated,,PASS,10,,,,,"You handle it, Lucilla. You have a better read on the situation than I do. And you're better at talking with that {PlayerName}.","Chị xử lý việc này đi, Lucilla. Chị nắm tình hình rõ hơn tôi. Và chị cũng nói chuyện với {PlayerName} khéo hơn nữa.",
lang_multi_text_1sthalf.db,MultiText,Id,Zuoyequnxing_54_40,Content,dialogue,translated,,PASS,10,,,,,"Heh... If there's anything else you want to ask me, now's the time.","Hừm... Nếu còn điều gì muốn hỏi tôi, thì đây là cơ hội đấy.",
lang_multi_text_1sthalf.db,MultiText,Id,Zuoyequnxing_54_41,Content,dialogue,translated,,PASS,10,,,,,"I'm surprised you're placing this much trust in {PlayerName}, authorizing {Male=him;Female=her} so readily. Any particular reason?","Tôi ngạc nhiên là ngài lại đặt quá nhiều niềm tin vào {PlayerName} như vậy, ủy quyền cho {Male=anh ấy;Female=cô ấy} một cách dễ dàng thế. Có lý do gì đặc biệt à?",
lang_multi_text_1sthalf.db,MultiText,Id,Zuoyequnxing_54_42,Content,dialogue,translated,,PASS,10,,,,,"We're different, President. I'm a businessman. And businessmen trust their instincts for a good investment.","Chúng ta khác nhau mà, Chủ tịch. Tôi là một doanh nhân. Và doanh nhân thì tin vào trực giác của mình khi đầu tư vào một cơ hội tốt.",
lang_multi_text_1sthalf.db,MultiText,Id,Zuoyequnxing_54_43,Content,dialogue,translated,,PASS,10,,,,,"The Threnodian could strike at any time. Given the circumstances, Lahai-Roi may have to be written off.","Threnody có thể tấn công bất cứ lúc nào. Trong tình cảnh này, có lẽ chúng ta phải từ bỏ Lahai-Roi.",
lang_multi_text_1sthalf.db,MultiText,Id,Zuoyequnxing_54_44,Content,dialogue,translated,,PASS,10,,,,,"And with the timeline we have, relocating the Exostrider is impossible. If we're going to lose it anyway, why not let {PlayerName} take one last swing?","Và với quỹ thời gian hiện tại, việc di dời Exostrider là bất khả thi. Nếu rồi cũng sẽ mất nó, sao không để {PlayerName} thử một lần cuối?",
lang_multi_text_1sthalf.db,MultiText,Id,Zuoyequnxing_54_45,Content,dialogue,translated,,PASS,10,,,,,Understood. We still need to prepare for the worst-case scenario.,Hiểu rồi. Chúng ta vẫn cần chuẩn bị cho tình huống xấu nhất.,
lang_multi_text_1sthalf.db,MultiText,Id,Zuoyequnxing_54_46,Content,dialogue,translated,,PASS,10,,,,,"Of course. If this fails, we'll initiate the backup plan—Duskveil.","Tất nhiên. Nếu kế hoạch thất bại, chúng ta sẽ kích hoạt phương án dự phòng—Duskveil.",
lang_multi_text_1sthalf.db,MultiText,Id,Zuoyequnxing_54_47,Content,dialogue,translated,,PASS,10,,,,,"Lucilla introduces you to Chase. The shrewd old man states plainly that he is more concerned with the Drive Replica's development, and hopes it will give the Exostrider the capability to reinforce the seal on the Stridergate. If you pass the Synchronist Test, he agrees to let you pilot the Exostrider. But you are only given ten minutes to achieve your personal goal of finding Aemeath.
After you leave, Chase remarks to Lucilla that the Black Shores already submitted an offer for assistance. The decision to trust you was based on a businessman's eye for opportunity. But if you fail, the Spacetrek Collective will abandon the Exostrider and initiate ""Duskveil.""","Lucilla giới thiệu cậu với Chase. Ông lão sắc sảo này thẳng thắn bày tỏ rằng ông quan tâm nhiều hơn đến sự phát triển của Drive Replica, và hy vọng nó sẽ giúp Exostrider tăng cường khả năng phong ấn Stridergate. Nếu vượt qua Synchronist Test, ông đồng ý để cậu điều khiển Exostrider. Nhưng cậu chỉ được phép trong mười phút để đạt mục tiêu cá nhân—tìm Aemeath.
Sau khi cậu rời đi, Chase nhận xét với Lucilla rằng Black Shores đã đề nghị hỗ trợ. Quyết định tin tưởng cậu dựa trên con mắt kinh doanh của một thương nhân. Nhưng nếu thất bại, Spacetrek Collective sẽ từ bỏ Exostrider và kích hoạt ""Duskveil"".",
lang_multi_text_1sthalf.db,MultiText,Id,Zuoyequnxing_55_1,Content,dialogue,translated,,PASS,10,,,,,"Ugh, that guy gives me the creeps...","Ui, ông ta thật đáng sợ...",
lang_multi_text_1sthalf.db,MultiText,Id,Zuoyequnxing_55_2,Content,dialogue,translated,,PASS,10,,,,,"What kind of place is the New Federation, anyway? Are they all gonna be like that?",New Federation rốt cuộc là nơi như thế nào vậy? Họ sẽ toàn là những người như thế à?,
lang_multi_text_1sthalf.db,MultiText,Id,Zuoyequnxing_55_3,Content,dialogue,translated,,PASS,10,,,,,"We'll find out when we get there, Abby.","Chúng ta sẽ biết khi đến đó thôi, Abby.",
lang_multi_text_1sthalf.db,MultiText,Id,Zuoyequnxing_56_1,Content,dialogue,translated,,PASS,10,,,,,"So, you're {PlayerName}, huh? I'm Sakya. I'll be overseeing and evaluating your test today.",Vậy là cậu chính là {PlayerName} à? Tôi là Sakya. Hôm nay tôi sẽ giám sát và đánh giá bài kiểm tra của cậu.,
lang_multi_text_1sthalf.db,MultiText,Id,Zuoyequnxing_56_2,Content,dialogue,translated,,PASS,10,,,,,Lucilla filled me in on everything.,Lucilla đã nói cho tôi biết mọi chuyện rồi.,
lang_multi_text_1sthalf.db,MultiText,Id,Zuoyequnxing_56_3,Content,dialogue,translated,,PASS,10,,,,,This synchronization test is far more intense than the standard procedure. We're simulating the neural load of a direct link with the Exostrider.,Bài kiểm tra đồng bộ này căng thẳng hơn nhiều so với quy trình tiêu chuẩn. Chúng tôi đang mô phỏng tải trọng thần kinh khi kết nối trực tiếp với Exostrider.,
lang_multi_text_1sthalf.db,MultiText,Id,Zuoyequnxing_56_4,Content,dialogue,translated,,PASS,10,,,,,"If you feel anything off, you call it. I won't allow the test to continue under Overclocking conditions. Review and confirm the safety protocols before entering the cockpit.","Nếu cậu cảm thấy có gì bất thường, hãy báo ngay. Tôi sẽ không cho phép bài kiểm tra tiếp tục trong điều kiện Overclocking. Hãy xem lại và xác nhận các giao thức an toàn trước khi vào buồng lái.",
lang_multi_text_1sthalf.db,MultiText,Id,Zuoyequnxing_56_5,Content,dialogue,translated,,PASS,10,,,,,(Read and confirm the safety protocols.),(Đọc và xác nhận các giao thức an toàn.),
lang_multi_text_1sthalf.db,MultiText,Id,Zuoyequnxing_56_6,Content,dialogue,translated,,PASS,10,,,,,Good. The cabin systems are configured. The simulator cockpit is right there. I'll be watching your metrics closely the whole time.,Tốt. Hệ thống cabin đã được cấu hình. Buồng mô phỏng ở ngay đằng kia. Tôi sẽ theo dõi các chỉ số của cậu suốt quá trình.,
lang_multi_text_1sthalf.db,MultiText,Id,Zuoyequnxing_56_7,Content,dialogue,translated,,PASS,10,,,,,I hope... you pass the test smoothly.,Tôi hy vọng... cậu sẽ vượt qua bài kiểm tra thật suôn sẻ.,
lang_multi_text_1sthalf.db,MultiText,Id,Zuoyequnxing_57_1,Content,dialogue,translated,,PASS,10,,,,,Neural network connected. Tactical model constructed.,Mạng nơ-ron đã kết nối. Mô hình chiến thuật đã được xây dựng.,
lang_multi_text_1sthalf.db,MultiText,Id,Zuoyequnxing_57_2,Content,dialogue,translated,,PASS,10,,,,,Resonator vital signs... synchronized.,Dấu hiệu sinh tồn của Resonator... đã đồng bộ hóa.,
lang_multi_text_1sthalf.db,MultiText,Id,Zuoyequnxing_58_1,Content,dialogue,translated,,PASS,10,,,,,Neural load rate: fluctuations within normal range. Optimizing model... Ratio adjustment complete.,Tỷ lệ tải nơ-ron: dao động trong phạm vi bình thường. Đang tối ưu mô hình... Điều chỉnh tỷ lệ hoàn tất.,
lang_multi_text_1sthalf.db,MultiText,Id,Zuoyequnxing_58_2,Content,dialogue,translated,,PASS,10,,,,,User status stable. No Overclocking detected.,Trạng thái người dùng ổn định. Không phát hiện Overclocking.,
lang_multi_text_1sthalf.db,MultiText,Id,Zuoyequnxing_59_1,Content,dialogue,translated,,PASS,10,,,,,Firepower threshold limit removed.,Giới hạn ngưỡng hỏa lực đã được gỡ bỏ.,
lang_multi_text_1sthalf.db,MultiText,Id,Zuoyequnxing_59_2,Content,dialogue,translated,,PASS,10,,,,,Energy output: Stable. Mech compatibility: High.,Đầu ra năng lượng: Ổn định. Tương thích Mech: Cao.,
lang_multi_text_1sthalf.db,MultiText,Id,Zuoyequnxing_60_1,Content,dialogue,translated,,PASS,10,,,,,Test complete. Recording synchronization rate data.,Thử nghiệm hoàn tất. Đang ghi dữ liệu tốc độ đồng bộ hóa.,
lang_multi_text_1sthalf.db,MultiText,Id,Zuoyequnxing_60_2,Content,dialogue,translated,,PASS,10,,,,,Cockpit opening. Please exit according to the safety protocols.,Buồng lái mở. Vui lòng thoát theo quy trình an toàn.,
lang_multi_text_1sthalf.db,MultiText,Id,Zuoyequnxing_61_1,Content,dialogue,translated,,PASS,10,,,,,...How did you get all the way here from the lake house?,"...Sao cậu lại có thể đến tận đây từ ngôi nhà bên hồ thế?
```",
lang_multi_text_1sthalf.db,MultiText,Id,Zuoyequnxing_61_2,Content,dialogue,translated,,PASS,10,,,,,"She wanders into the Academy sometimes. Usually, her caretaker bot escorts her back pretty quick, but today she was… being difficult.","Thỉnh thoảng cô bé cũng lẻn vào Học viện. Thường thì robot trông trẻ sẽ đưa cô bé về ngay, nhưng hôm nay cô bé… hơi khó bảo.",
lang_multi_text_1sthalf.db,MultiText,Id,Zuoyequnxing_61_3,Content,dialogue,translated,,PASS,10,,,,,"We'll go back together in a bit, okay?","Chúng ta sẽ về cùng nhau một lát nữa nhé, được không?",
lang_multi_text_1sthalf.db,MultiText,Id,Zuoyequnxing_61_4,Content,dialogue,translated,,REVIEW,6,same_as_source,,,,...,"Your input here
```
→ Output sẽ theo đúng định dạng `STORY_1028:::Bản dịch tiếng Việt`.",
lang_multi_text_1sthalf.db,MultiText,Id,Zuoyequnxing_61_5,Content,dialogue,translated,,PASS,10,,,,,Hmph... So the little terror can be quiet. Never thought I'd see the day.,Hừm... Thằng nhóc này mà cũng biết im lặng à. Chưa bao giờ nghĩ là mình sẽ thấy ngày này.,
lang_multi_text_1sthalf.db,MultiText,Id,Zuoyequnxing_61_6,Content,dialogue,translated,,PASS,10,,,,,"Professor Sakya, you knew Aemeath?","Giáo sư Sakya, ngài đã biết Aemeath sao?",
lang_multi_text_1sthalf.db,MultiText,Id,Zuoyequnxing_61_7,Content,dialogue,translated,,PASS,10,,,,,(I think I've heard this Professor's name before...),(Hình như mình đã nghe tên vị giáo sư này ở đâu rồi...),
lang_multi_text_1sthalf.db,MultiText,Id,Zuoyequnxing_61_8,Content,dialogue,translated,,PASS,10,,,,,Yes. I was her teacher. Over ten years ago now. She used to drive me up the wall. Made me lose my composure more than once. She never did seem to mind.,Đúng vậy. Tôi từng là thầy của cô ấy. Cũng hơn mười năm rồi. Cô ấy từng khiến tôi phát điên lên được. Đã không biết bao nhiêu lần tôi mất bình tĩnh vì cô ấy. Nhưng hình như cô ấy chẳng bao giờ để tâm đến điều đó.,
lang_multi_text_1sthalf.db,MultiText,Id,Zuoyequnxing_61_9,Content,dialogue,translated,,PASS,10,,,,,(Back at the fan meeting… people mentioned a Sakya. They said she was Aemeath's teacher. That she actually really cared.),(Hồi ở buổi gặp mặt người hâm mộ… mọi người có nhắc đến một người tên Sakya. Họ bảo bà ấy từng là thầy của Aemeath. Và bà ấy thực sự rất quan tâm đến cô ấy.),
lang_multi_text_1sthalf.db,MultiText,Id,Zuoyequnxing_61_10,Content,dialogue,translated,,PASS,10,,,,,"The last day I taught her, she wrote ""Saving the world"" as her career path. I asked her if that was really what a Synchronist should be aiming for, then gave her a piece of my mind and told her to rewrite it.","Ngày cuối cùng tôi dạy cô ấy, cô ấy viết ""Cứu thế giới"" vào mục con đường sự nghiệp. Tôi hỏi cô ấy liệu đó có thực sự là mục tiêu mà một Synchronist nên hướng tới không, rồi tôi đã nói thẳng thừng suy nghĩ của mình và bảo cô ấy viết lại.",
lang_multi_text_1sthalf.db,MultiText,Id,Zuoyequnxing_61_11,Content,dialogue,translated,,PASS,10,,,,,"She didn't even get upset. Just smiled, took the form, and walked away. She never stepped out of that cockpit again.","Cô ấy thậm chí còn không buồn. Chỉ mỉm cười, cầm tờ đơn và bỏ đi. Từ đó, cô ấy không bao giờ rời khỏi buồng lái nữa.",
lang_multi_text_1sthalf.db,MultiText,Id,Zuoyequnxing_61_12,Content,dialogue,translated,,PASS,10,,,,,"Now she's back, but not really. What a headache of a student.","Giờ cô ấy đã trở lại, nhưng lại không phải thật sự là cô ấy. Thật là một học trò đau đầu.",
lang_multi_text_1sthalf.db,MultiText,Id,Zuoyequnxing_61_13,Content,dialogue,translated,,REVIEW,6,same_as_source,,,,...,...,
lang_multi_text_1sthalf.db,MultiText,Id,Zuoyequnxing_61_14,Content,dialogue,translated,,PASS,10,,,,,Lucilla told me you're her family. Is that true?,Lucilla bảo với tôi là cậu thuộc về gia đình của cô ấy. Điều đó có thật không?,
lang_multi_text_1sthalf.db,MultiText,Id,Zuoyequnxing_61_15,Content,dialogue,translated,,PASS,10,,,,,Yes.,Đúng vậy.,
lang_multi_text_1sthalf.db,MultiText,Id,Zuoyequnxing_61_16,Content,dialogue,translated,,PASS,10,,,,,And you're planning to pilot the Exostrider and bring her back from the Stridergate?,Và cậu định điều khiển Exostrider để đưa cô ấy trở về từ Stridergate à?,
lang_multi_text_1sthalf.db,MultiText,Id,Zuoyequnxing_61_17,Content,dialogue,translated,,PASS,10,,,,,That's the plan.,Đúng như kế hoạch.,
lang_multi_text_1sthalf.db,MultiText,Id,Zuoyequnxing_61_18,Content,dialogue,translated,,PASS,10,,,,,"Sounds like an absurd, bold, utterly delusional idea. No one knows what's actually behind that Gate.","Nghe có vẻ như một ý tưởng liều lĩnh, táo bạo và hoàn toàn điên rồ. Chẳng ai biết thực sự có gì phía sau cánh cổng đó.",
lang_multi_text_1sthalf.db,MultiText,Id,Zuoyequnxing_61_19,Content,dialogue,translated,,PASS,10,,,,,I know.,Tôi biết.,
lang_multi_text_1sthalf.db,MultiText,Id,Zuoyequnxing_61_20,Content,dialogue,translated,,PASS,10,,,,,"...When Aemeath went missing, the cockpit recorded an abnormally high synchronization rate. We couldn't verify it after she disappeared, so it was never officially logged.","...Khi Aemeath mất tích, buồng lái ghi nhận tỷ lệ đồng bộ cao bất thường. Chúng tôi không thể xác minh sau khi cô ấy biến mất, nên dữ liệu đó chưa bao giờ được ghi nhận chính thức.",
lang_multi_text_1sthalf.db,MultiText,Id,Zuoyequnxing_61_21,Content,dialogue,translated,,PASS,10,,,,,"Your test results are just shy of hers overall. But in some sectors, they're even higher. You've passed, {PlayerName}.","Kết quả kiểm tra của cậu nhìn chung chỉ kém cô ấy một chút. Nhưng ở một số lĩnh vực, chúng còn cao hơn. Cậu đã vượt qua rồi, {PlayerName}.",
lang_multi_text_1sthalf.db,MultiText,Id,Zuoyequnxing_61_22,Content,dialogue,translated,,PASS,10,,,,,I hope that absurd plan of yours works… and that you bring my student home.,Tôi hy vọng kế hoạch điên rồ của cậu sẽ thành công… và cậu sẽ đưa học trò của tôi trở về nhà.,
lang_multi_text_1sthalf.db,MultiText,Id,Zuoyequnxing_61_23,Content,dialogue,translated,,PASS,10,,,,,No doubt about it.,Chắc chắn rồi.,
lang_multi_text_1sthalf.db,MultiText,Id,Zuoyequnxing_61_24,Content,dialogue,translated,,PASS,10,,,,,...I'll do my best.,...Tôi sẽ cố gắng hết sức.,
lang_multi_text_1sthalf.db,MultiText,Id,Zuoyequnxing_61_25,Content,dialogue,translated,,PASS,10,,,,,"The results are out, but preparing the Exostrider will take time. You'll need to wait around two days.","Kết quả đã có rồi, nhưng việc chuẩn bị Exostrider sẽ mất thời gian. Cậu sẽ phải đợi khoảng hai ngày.",
lang_multi_text_1sthalf.db,MultiText,Id,Zuoyequnxing_61_26,Content,dialogue,translated,,PASS,10,,,,,We'll let you know when it's ready.,Chúng tôi sẽ báo cho cậu khi mọi thứ sẵn sàng.,
lang_multi_text_1sthalf.db,MultiText,Id,Zuoyequnxing_61_27,Content,dialogue,translated,,PASS,10,,,,,...Cas...sette...,...Ca...sette...,
lang_multi_text_1sthalf.db,MultiText,Id,Zuoyequnxing_61_28,Content,dialogue,translated,,PASS,10,,,,,"After the Synchronist Test, you see ""Aemeath"" waiting by your simulator cockpit. Professor Sakya, who conducted your test, reflects on the Aemeath she once knew. She hopes that you will be successful in bringing back her student.
Later, alone in a chair, ""Aemeath"" suddenly whispers the word ""Cassette.""","Sau bài Kiểm tra Đồng bộ hóa, cậu thấy ""Aemeath"" đang đợi bên buồng mô phỏng của mình. Giáo sư Sakya, người giám sát bài kiểm tra của cậu, hồi tưởng về Aemeath mà bà từng biết. Bà hy vọng cậu sẽ thành công trong việc đưa học trò của mình trở về.
Sau đó, khi ở một mình trên chiếc ghế, ""Aemeath"" đột nhiên thì thầm từ ""Cassette.""",
lang_multi_text_1sthalf.db,MultiText,Id,Zuoyequnxing_63_1,Content,dialogue,translated,,PASS,10,,,,,"Mentor, it's me.","Thưa Mentor, là em đây.",
lang_multi_text_1sthalf.db,MultiText,Id,Zuoyequnxing_63_2,Content,dialogue,translated,,PASS,10,,,,,The Exostrider has been primed for activation. The data reception framework for the Drive Replica is ready as well.,Exostrider đã được chuẩn bị sẵn sàng để kích hoạt. Khung tiếp nhận dữ liệu cho Drive Replica cũng đã sẵn sàng.,
lang_multi_text_1sthalf.db,MultiText,Id,Zuoyequnxing_63_3,Content,dialogue,translated,,PASS,10,,,,,"At your request, the Spacetrek Collective transferred ""Aemeath"" to the Institute… but she won't respond to anyone else. I believe she's waiting for you.","Theo yêu cầu của cậu, Spacetrek Collective đã chuyển ""Aemeath"" đến Viện… nhưng cô ấy không phản hồi với bất kỳ ai khác. Tôi tin rằng cô ấy đang đợi cậu.",
lang_multi_text_1sthalf.db,MultiText,Id,Zuoyequnxing_63_4,Content,dialogue,translated,,PASS,10,,,,,I'm at the Institute too. See you soon.,Tớ cũng đang ở Viện đấy. Gặp cậu sớm thôi nhé.,
lang_multi_text_1sthalf.db,MultiText,Id,Zuoyequnxing_64_1,Content,dialogue,translated,,PASS,10,,,,,"So, we're finally going to where that giant eye is hiding?",Vậy là cuối cùng chúng ta cũng đến nơi con mắt khổng lồ ấy đang ẩn náu sao?,
lang_multi_text_1sthalf.db,MultiText,Id,Zuoyequnxing_64_2,Content,dialogue,translated,,PASS,10,,,,,"Yeah. And Abby, if you think it's stronger than you, don't try to be a hero, okay?","Ừ. Và Abby này, nếu cậu thấy nó mạnh hơn mình thì đừng cố làm anh hùng nhé, được không?",
lang_multi_text_1sthalf.db,MultiText,Id,Zuoyequnxing_64_3,Content,dialogue,translated,,PASS,10,,,,,"I've got this! But uh... We don't know how much strength it's hiding behind that Gate, huh...",Tớ làm được mà! Nhưng mà... chúng ta đâu biết nó đang giấu bao nhiêu sức mạnh sau cánh Cổng kia...,
lang_multi_text_1sthalf.db,MultiText,Id,Zuoyequnxing_64_4,Content,dialogue,translated,,PASS,10,,,,,Our priorities are the data and Aemeath. A direct fight with Aleph-1 can wait until the Drive Replica is ready.,Ưu tiên của chúng ta là dữ liệu và Aemeath. Trận chiến trực tiếp với Aleph-1 có thể đợi đến khi Drive Replica sẵn sàng.,
lang_multi_text_1sthalf.db,MultiText,Id,Zuoyequnxing_65_1,Content,dialogue,translated,,PASS,10,,,,,Hey {PlayerName}! Are you... leaving now?,Này {PlayerName}! Cậu... chuẩn bị đi luôn à?,
lang_multi_text_1sthalf.db,MultiText,Id,Zuoyequnxing_65_2,Content,dialogue,translated,,PASS,10,,,,,How did you know?,Sao cậu biết được?,
lang_multi_text_1sthalf.db,MultiText,Id,Zuoyequnxing_65_3,Content,dialogue,translated,,PASS,10,,,,,Were you... waiting for me?,Cậu... đã đợi tớ à?,
lang_multi_text_1sthalf.db,MultiText,Id,Zuoyequnxing_65_4,Content,dialogue,translated,,PASS,10,,,,,I kinda cornered Professor Mornye. Bugged her until she cracked.,Tớ cũng hơi ép giáo sư Mornye một chút. Quấy mãi đến khi bà ấy chịu thua.,
lang_multi_text_1sthalf.db,MultiText,Id,Zuoyequnxing_65_5,Content,dialogue,translated,,PASS,10,,,,,"Yeah, I was worried. Figured I'd catch you before you left.","Ừ, tớ cũng lo. Nghĩ là nên gặp cậu trước khi cậu rời đi.",
lang_multi_text_1sthalf.db,MultiText,Id,Zuoyequnxing_65_6,Content,dialogue,translated,,PASS,10,,,,,"{PlayerName}, so you're gonna pilot the Exostrider.","{PlayerName}, vậy là cậu sẽ điều khiển Exostrider à.",
lang_multi_text_1sthalf.db,MultiText,Id,Zuoyequnxing_65_7,Content,dialogue,translated,,PASS,10,,,,,You... feel nervous at all?,Cậu... có thấy lo lắng chút nào không?,
lang_multi_text_1sthalf.db,MultiText,Id,Zuoyequnxing_65_8,Content,dialogue,translated,,PASS,10,,,,,"I know you're awesome and all, but nobody's ever done this before.","Tớ biết cậu rất tuyệt và tất cả, nhưng chưa ai từng làm điều này trước đây cả.",
lang_multi_text_1sthalf.db,MultiText,Id,Zuoyequnxing_65_9,Content,dialogue,translated,,PASS,10,,,,,"Nobody knows if the Exostrider will even move, or what else might go wrong.","Chẳng ai biết liệu Exostrider có di chuyển được không, hay còn thứ gì khác có thể trục trặc nữa.",
lang_multi_text_1sthalf.db,MultiText,Id,Zuoyequnxing_65_10,Content,dialogue,translated,,PASS,10,,,,,Everything's felt so heavy at the Academy lately. Teachers are stretched thin. Even the nearby Exoswarm seem restless...,Dạo gần đây mọi thứ ở Học viện cứ nặng nề thế này. Các giáo viên đều quá tải. Ngay cả đám Exoswarm gần đó cũng có vẻ bất an...,
lang_multi_text_1sthalf.db,MultiText,Id,Zuoyequnxing_65_11,Content,dialogue,translated,,RETRY,6,missing_token:<i>|missing_token:</i>,,,,"Lynae, are <i>you</i> nervous?","Lynae, <i>cậu</i> có lo lắng không?",
lang_multi_text_1sthalf.db,MultiText,Id,Zuoyequnxing_65_12,Content,dialogue,translated,,PASS,10,,,,,"...Eh?! Okay, fine. Is it that obvious?","...Hả?! Thôi được, đúng rồi. Có lộ quá rõ không?",
lang_multi_text_1sthalf.db,MultiText,Id,Zuoyequnxing_65_13,Content,dialogue,translated,,PASS,10,,,,,"Look, after I aced the entrance exam, I thought, ""Sweet. Life's gonna be packed again. Non-stop."" Like it used to be.","Nghe này, sau khi tớ vượt qua bài kiểm tra đầu vào, tớ đã nghĩ, ""Tuyệt. Cuộc sống lại sôi động rồi. Không ngừng nghỉ."" Giống như trước kia vậy.",
lang_multi_text_1sthalf.db,MultiText,Id,Zuoyequnxing_65_14,Content,dialogue,translated,,PASS,10,,,,,"But just when I was ready to finally be a student... my bubble popped. My brilliant student life, ""Pah"" and done.","Nhưng đúng lúc tớ chuẩn bị được làm sinh viên... thì bong bóng của tớ vỡ tan tành. Cuộc sống sinh viên huy hoàng của tớ, ""phựt"" một cái là xong.",
lang_multi_text_1sthalf.db,MultiText,Id,Zuoyequnxing_65_15,Content,dialogue,translated,,PASS,10,,,,,"The Threnodian, Voidmatter, the Fractsidus... They're breathing down our necks, and I can't do anything to help you fight them.","Threnodian, Voidmatter, bọn Fractsidus... chúng đang rình rập ngay sau lưng, mà tớ chẳng thể làm gì để giúp cậu chiến đấu với chúng.",
lang_multi_text_1sthalf.db,MultiText,Id,Zuoyequnxing_65_16,Content,dialogue,translated,,PASS,10,,,,,I just have to stand here and watch you walk into danger alone. It makes me feel totally useless.,Tớ chỉ có thể đứng đây nhìn cậu một mình bước vào nguy hiểm. Cảm giác thật vô dụng.,
lang_multi_text_1sthalf.db,MultiText,Id,Zuoyequnxing_65_17,Content,dialogue,translated,,PASS,10,,,,,"I'd feel worse if I dragged everyone in Lahai-Roi into danger, just to back me up.",Tớ sẽ còn thấy tệ hơn nếu kéo cả mọi người ở Lahai-Roi vào vòng nguy hiểm chỉ để bảo vệ tớ.,
lang_multi_text_1sthalf.db,MultiText,Id,Zuoyequnxing_65_18,Content,dialogue,translated,,PASS,10,,,,,"Of course, if things get really desperate, we'll have to face it together.","Dĩ nhiên, nếu tình hình trở nên tuyệt vọng, chúng ta sẽ phải đối mặt cùng nhau.",
lang_multi_text_1sthalf.db,MultiText,Id,Zuoyequnxing_65_19,Content,dialogue,translated,,PASS,10,,,,,But for now? When I look at all the students who came here chasing their dreams.. I want them to stay students.,Nhưng giờ đây? Khi nhìn những sinh viên đến đây theo đuổi ước mơ... tớ muốn họ vẫn được là sinh viên.,
lang_multi_text_1sthalf.db,MultiText,Id,Zuoyequnxing_65_20,Content,dialogue,translated,,PASS,10,,,,,Because...,Bởi vì...,
lang_multi_text_1sthalf.db,MultiText,Id,Zuoyequnxing_65_21,Content,dialogue,translated,,PASS,10,,,,,"It's a ""savior's"" job to protect the world.","Đó là nhiệm vụ của một ""vị cứu tinh"" – bảo vệ thế giới.",
lang_multi_text_1sthalf.db,MultiText,Id,Zuoyequnxing_65_22,Content,dialogue,translated,,PASS,10,,,,,Protecting the kids is a job for a grown-up.,Bảo vệ lũ trẻ là việc của người lớn.,
lang_multi_text_1sthalf.db,MultiText,Id,Zuoyequnxing_65_23,Content,dialogue,translated,,PASS,10,,,,,"Dang, that's a heavy title! ...We're in the same year, y'know.","Ôi, danh hiệu nặng nề quá! ...Mà tụi mình cùng tuổi mà, cậu biết đấy.",
lang_multi_text_1sthalf.db,MultiText,Id,Zuoyequnxing_65_24,Content,dialogue,translated,,PASS,10,,,,,"Come on, you're a student too... We're just kids to you, or something?","Thôi nào, cậu cũng là học sinh mà... Chẳng lẽ tụi mình chỉ là lũ trẻ con trong mắt cậu à?",
lang_multi_text_1sthalf.db,MultiText,Id,Zuoyequnxing_65_25,Content,dialogue,translated,,PASS,10,,,,,…But I get what you're saying.,…Nhưng tớ hiểu ý cậu muốn nói.,
lang_multi_text_1sthalf.db,MultiText,Id,Zuoyequnxing_65_26,Content,dialogue,translated,,PASS,10,,,,,Making you waste time on a pep talk when you've got a world to save... I do need to grow up.,Làm cậu mất thời gian nghe tôi nói chuyện phiếm trong khi cả thế giới đang cần cứu vớt... Đúng là tôi cần phải trưởng thành hơn.,
lang_multi_text_1sthalf.db,MultiText,Id,Zuoyequnxing_65_27,Content,dialogue,translated,,PASS,10,,,,,"But I won't just sit around. I'll be on standby. Whatever the Academy needs to support your mission, I'm in.","Nhưng tôi sẽ không ngồi yên đâu. Tôi sẽ ở chế độ chờ sẵn sàng. Bất cứ điều gì Học viện cần để hỗ trợ nhiệm vụ của cậu, tôi đều sẵn sàng.",
lang_multi_text_1sthalf.db,MultiText,Id,Zuoyequnxing_65_28,Content,dialogue,translated,,PASS,10,,,,,"And when this is all over, we're going for a drive!","Và khi mọi chuyện kết thúc, chúng ta sẽ cùng nhau lái xe đi chơi!",
lang_multi_text_1sthalf.db,MultiText,Id,Zuoyequnxing_65_29,Content,dialogue,translated,,PASS,10,,,,,Sounds nice.,Nghe hay đấy.,
lang_multi_text_1sthalf.db,MultiText,Id,Zuoyequnxing_65_30,Content,dialogue,translated,,PASS,10,,,,,Maybe we can get a convoy next time.,Lần tới có lẽ chúng ta nên đi cả đoàn xe.,
lang_multi_text_1sthalf.db,MultiText,Id,Zuoyequnxing_65_31,Content,dialogue,translated,,PASS,10,,,,,"Heh, can't wait for that day to come.","Heh, tôi cũng đang mong chờ ngày đó lắm.",
lang_multi_text_1sthalf.db,MultiText,Id,Zuoyequnxing_65_32,Content,dialogue,translated,,PASS,10,,,,,"Professor Mornye's up ahead. Good luck out there, my friend!","Giáo sư Mornye đang ở phía trước. Chúc cậu may mắn ngoài kia, bạn tôi!",
lang_multi_text_1sthalf.db,MultiText,Id,Zuoyequnxing_65_33,Content,dialogue,translated,,PASS,10,,,,,"On the way to the Dimmr Plains, you run into Lynae, who is worried and visibly anxious about the risk you are taking. You reassure her, promising another bike ride together once this is all over.","Trên đường đến Dimmr Plains, cậu gặp Lynae, người đang lo lắng và rõ ràng bất an về rủi ro mà cậu đang đối mặt. Cậu trấn an cô ấy, hứa hẹn sẽ cùng nhau đi xe thêm lần nữa khi mọi chuyện kết thúc.",
lang_multi_text_1sthalf.db,MultiText,Id,Zuoyequnxing_66_1,Content,dialogue,translated,,PASS,10,,,,,Temporary passage is complete. It'll take you directly to the Keystone.,Lối đi tạm đã hoàn thành. Nó sẽ đưa cậu thẳng đến Keystone.,
lang_multi_text_1sthalf.db,MultiText,Id,Zuoyequnxing_66_2,Content,dialogue,translated,,PASS,10,,,,,"The Black Shores will keep a team on standby here at the Institute. If you need our support, just say the word.","Black Shores sẽ để một đội trực tại Viện. Nếu cậu cần hỗ trợ, chỉ cần lên tiếng.",
lang_multi_text_1sthalf.db,MultiText,Id,Zuoyequnxing_66_3,Content,dialogue,translated,,PASS,10,,,,,Thank you. We couldn't have built the data framework this quickly without your team's expertise.,Cảm ơn. Chúng tôi không thể xây dựng khung dữ liệu nhanh như vậy nếu không có chuyên môn của đội cậu.,
lang_multi_text_1sthalf.db,MultiText,Id,Zuoyequnxing_66_4,Content,dialogue,translated,,PASS,10,,,,,"Lahai-Roi is a top priority. A joint call by the Shorekeeper and the Tethys System... Oh. Professor Mornye, your guest has arrived.","Lahai-Roi là ưu tiên hàng đầu. Một cuộc gọi chung từ Shorekeeper và hệ thống Tethys... Ồ. Giáo sư Mornye, vị khách của ngài đã đến.",
lang_multi_text_1sthalf.db,MultiText,Id,Zuoyequnxing_66_5,Content,dialogue,translated,,PASS,10,,,,,Ah... you're here.,À... cậu đến rồi à.,
lang_multi_text_1sthalf.db,MultiText,Id,Zuoyequnxing_66_6,Content,dialogue,translated,,PASS,10,,,,,Is that the way to the Stridergate?,Đó có phải lối đi đến Stridergate không?,
lang_multi_text_1sthalf.db,MultiText,Id,Zuoyequnxing_66_7,Content,dialogue,translated,,PASS,10,,,,,"Yes. This temporary passage will take you to the Dimmr Plains, deep within Bjartr Woods.","Đúng vậy. Lối đi tạm thời này sẽ đưa cậu đến Dimmr Plains, sâu trong khu rừng Bjartr Woods.",
lang_multi_text_1sthalf.db,MultiText,Id,Zuoyequnxing_66_8,Content,dialogue,translated,,PASS,10,,,,,Both the Stridergate and the Keystone are located in the Solvein Heartwood at its center. President Lucilla has already departed with the advance team. They'll be waiting on the other side.,Cả Stridergate lẫn Keystone đều nằm ở Solvein Heartwood tại trung tâm khu rừng. Chủ tịch Lucilla đã lên đường cùng đội tiên phong rồi. Họ sẽ đợi cậu ở bên kia.,
lang_multi_text_1sthalf.db,MultiText,Id,Zuoyequnxing_66_9,Content,dialogue,translated,,PASS,10,,,,,And also...,Và còn...,
lang_multi_text_1sthalf.db,MultiText,Id,Zuoyequnxing_66_10,Content,dialogue,translated,,PASS,10,,,,,Huff—huff—Sh-she's… too fast!,Thở hổn hển— Bà ấy... nhanh quá!,
lang_multi_text_1sthalf.db,MultiText,Id,Zuoyequnxing_66_11,Content,dialogue,translated,,PASS,10,,,,,What happened?,Chuyện gì xảy ra thế?,
lang_multi_text_1sthalf.db,MultiText,Id,Zuoyequnxing_66_12,Content,dialogue,translated,,PASS,10,,,,,"Professor Mornye, she suddenly bolted into the Cassette Depository and... and took this.","Giáo sư Mornye, cô ấy đột nhiên lao vào Kho Lưu Trữ Cassette và... và lấy cái này.",
lang_multi_text_1sthalf.db,MultiText,Id,Zuoyequnxing_66_13,Content,dialogue,translated,,PASS,10,,,,,This is...,Đây là...,
lang_multi_text_1sthalf.db,MultiText,Id,Zuoyequnxing_66_14,Content,dialogue,translated,,PASS,10,,,,,Can I see it?,Cho tôi xem được không?,
lang_multi_text_1sthalf.db,MultiText,Id,Zuoyequnxing_66_15,Content,dialogue,translated,,PASS,10,,,,,"I'll give it back in a moment. Mornye, do you see what's special about it?","Tôi sẽ trả lại ngay thôi. Mornye, anh có thấy điểm đặc biệt của nó không?",
lang_multi_text_1sthalf.db,MultiText,Id,Zuoyequnxing_66_16,Content,dialogue,translated,,PASS,10,,,,,This ID number... I saw it in the student file during her inspection. This is Aemeath's own Cassette. It's been stored in the Depository since she went missing.,Mã số ID này... Tôi đã thấy trong hồ sơ học viên khi kiểm tra cô ấy. Đây là Cassette của chính Aemeath. Nó được lưu trữ trong Kho từ khi cô ấy mất tích.,
lang_multi_text_1sthalf.db,MultiText,Id,Zuoyequnxing_66_17,Content,dialogue,translated,,PASS,10,,,,,Why did you want to bring this now?,Sao cậu lại muốn mang cái này đi lúc này?,
lang_multi_text_1sthalf.db,MultiText,Id,Zuoyequnxing_66_18,Content,dialogue,translated,,REVIEW,6,same_as_source,,,,...,...,
lang_multi_text_1sthalf.db,MultiText,Id,Zuoyequnxing_66_19,Content,dialogue,translated,,PASS,10,,,,,It may be instinctual.,Có thể là do bản năng thôi.,
lang_multi_text_1sthalf.db,MultiText,Id,Zuoyequnxing_66_20,Content,dialogue,translated,,PASS,10,,,,,"Dr. Luuk did say this Exoswarm-like ""shell"" shares a frequency link with the real Aemeath.","Tiến sĩ Luuk từng nói cái ""vỏ"" giống Exoswarm này có liên kết tần số với Aemeath thật mà.",
lang_multi_text_1sthalf.db,MultiText,Id,Zuoyequnxing_66_21,Content,dialogue,translated,,PASS,10,,,,,"Or it could be the ""shell's"" residual instinct. Cassettes are proof of a student's identity. Or it could be a weak signal sent from the Aemeath beyond the Gate. We can't determine which theory is correct yet.","Hoặc cũng có thể là bản năng còn sót lại của cái ""vỏ"". Cassette là bằng chứng nhận dạng của một học viên. Hay là tín hiệu yếu ớt gửi từ Aemeath bên kia Cánh Cổng. Chúng ta chưa thể xác định giả thuyết nào đúng được.",
lang_multi_text_1sthalf.db,MultiText,Id,Zuoyequnxing_66_22,Content,dialogue,translated,,PASS,10,,,,,"However, that does remind me... carrying a Cassette into an unexplored Void Storm zone follows standard exploration protocol. Do you have yours?",Nhưng điều đó cũng nhắc tôi nhớ... mang theo Cassette vào vùng Void Storm chưa được khám phá là quy trình thám hiểm tiêu chuẩn. Cậu có mang theo của mình chưa?,
lang_multi_text_1sthalf.db,MultiText,Id,Zuoyequnxing_66_23,Content,dialogue,translated,,PASS,10,,,,,Yeah. I've kept it with me.,Ừ. Tôi vẫn giữ nó bên mình.,
lang_multi_text_1sthalf.db,MultiText,Id,Zuoyequnxing_66_24,Content,dialogue,translated,,PASS,10,,,,,"I'll head to the Dimmr Plains now then, Mornye.","Vậy tôi sẽ đến Dimmr Plains ngay bây giờ, Mornye.",
lang_multi_text_1sthalf.db,MultiText,Id,Zuoyequnxing_66_25,Content,dialogue,translated,,PASS,10,,,,,"...I'll have to stay here, monitoring the data and ensuring the Drive Replica is ready. I wish I could go with you.","...Còn tôi phải ở lại đây, theo dõi dữ liệu và đảm bảo Drive Replica sẵn sàng. Ước gì tôi có thể đi cùng cậu.",
lang_multi_text_1sthalf.db,MultiText,Id,Zuoyequnxing_66_26,Content,dialogue,translated,,PASS,10,,,,,"But I'll be fully supporting your mission. Mentor, please...  take care.",Nhưng tôi sẽ hỗ trợ cậu hết mình trong nhiệm vụ này. Thầy ơi... hãy cẩn thận nhé.,
lang_multi_text_1sthalf.db,MultiText,Id,Zuoyequnxing_66_27,Content,dialogue,translated,,PASS,10,,,,,"I count on you to watch my back, Mornye.","Tôi trông cậy vào cậu bảo vệ lưng mình đấy, Mornye.",
lang_multi_text_1sthalf.db,MultiText,Id,Zuoyequnxing_66_28,Content,dialogue,translated,,PASS,10,,,,,"With what we accomplished with Helios, I trust you'll handle the Drive Replica. We'll succeed again, Mornye.","Với những gì chúng ta đã làm được với Helios, tôi tin cậu sẽ xử lý tốt Drive Replica. Chúng ta sẽ thành công lần nữa thôi, Mornye.",
lang_multi_text_1sthalf.db,MultiText,Id,Zuoyequnxing_66_29,Content,dialogue,translated,,PASS,10,,,,,"I won't let you down, Mentor. Let this be... a new promise between us.",Em sẽ không làm thầy thất vọng đâu. Hãy để điều này trở thành... một lời hứa mới giữa chúng ta.,
lang_multi_text_1sthalf.db,MultiText,Id,Zuoyequnxing_66_30,Content,dialogue,translated,,PASS,10,,,,,Let's go.,Đi thôi.,
lang_multi_text_1sthalf.db,MultiText,Id,Zuoyequnxing_66_31,Content,dialogue,translated,,PASS,10,,,,,"You bring ""Aemeath"" to Mornye at the Research Institute. Mornye informs you that the passage to the Dimmr Plains has been completed, and that preparations to awaken the Exostrider have been completed. But during the inspection, ""Aemeath"" suddenly ran off alone to the Cassette Depository and retrieved the Cassette from before she became a digital ghost, holding it tight.
Mornye ensures to provide full support at the Institute while you collect data beyond the Gate—a new promise between you and her.","Bạn đưa ""Aemeath"" đến gặp Mornye tại Viện Nghiên cứu. Mornye thông báo rằng lối đi đến Dimmr Plains đã hoàn thành, và công tác chuẩn bị đánh thức Exostrider cũng đã xong. Nhưng trong lúc kiểm tra, ""Aemeath"" đột nhiên bỏ chạy một mình đến Kho Lưu trữ Cassette và lấy lại chiếc Cassette từ thời cô còn là một hồn ma số hóa, ôm chặt nó.
Mornye đảm bảo sẽ hỗ trợ tối đa tại Viện trong khi bạn thu thập dữ liệu bên kia Cánh Cổng—một lời hứa mới giữa bạn và cô ấy.",
lang_multi_text_1sthalf.db,MultiText,Id,Zuoyequnxing_67_1,Content,dialogue,translated,,PASS,10,,,,,"Ugh, stinky, this place reeks! The smell of that giant eyeball's getting stronger!","Ui, thối quá, chỗ này bốc mùi kinh khủng! Mùi của con mắt khổng lồ kia ngày càng nồng nặc!",
lang_multi_text_1sthalf.db,MultiText,Id,Zuoyequnxing_67_2,Content,dialogue,translated,,PASS,10,,,,,That massive glowing tree… is that the Solvein Heartwood?,Cái cây phát sáng khổng lồ kia... phải chăng đó là Solvein Heartwood?,
lang_multi_text_1sthalf.db,MultiText,Id,Zuoyequnxing_68_1,Content,dialogue,translated,,PASS,10,,,,,(That miko...),"(...Cô đồng ấy...)
```",
lang_multi_text_1sthalf.db,MultiText,Id,Zuoyequnxing_68_2,Content,dialogue,translated,,PASS,10,,,,,"Wait. Before you go, you should say hello to {Male=him;Female=her}.","Đợi đã. Trước khi đi, cậu nên chào hỏi {Male=anh ấy;Female=cô ấy} đã.",
lang_multi_text_1sthalf.db,MultiText,Id,Zuoyequnxing_68_3,Content,dialogue,translated,,PASS,10,,,,,"This is Hiyuki, I told you about her before. The only reason we could set up the monitoring equipment so quickly is because she cleared the way for us.","Đây là Hiyuki, tôi đã kể với cậu về cô ấy rồi. Lý do duy nhất chúng ta có thể lắp đặt thiết bị giám sát nhanh như vậy là nhờ cô ấy đã dọn đường cho.",
lang_multi_text_1sthalf.db,MultiText,Id,Zuoyequnxing_68_4,Content,dialogue,translated,,PASS,10,,,,,"See that lingering frost? Ten years ago, a Voidmatter rift opened in the Dimmr Plains. Hiyuki went there alone and sealed it.","Thấy lớp sương giá còn đọng lại kia không? Mười năm trước, một vết nứt Voidmatter đã xuất hiện ở Dimmr Plains. Hiyuki đã một mình đến đó và phong ấn nó lại.",
lang_multi_text_1sthalf.db,MultiText,Id,Zuoyequnxing_68_5,Content,dialogue,translated,,PASS,10,,,,,"Thanks to her efforts, the Spacetrek Collective and the Roya were able to fortify the seal successfully.","Nhờ những nỗ lực của cô ấy, Spacetrek Collective và Roya mới có thể gia cố lại phong ấn thành công.",
lang_multi_text_1sthalf.db,MultiText,Id,Zuoyequnxing_68_6,Content,dialogue,translated,,PASS,10,,,,,"Every task the Academy assigns her, she completes flawlessly. Were she to have a flaw though, it'd be that she goes through blades like nobody's business.","Mọi nhiệm vụ Học viện giao phó, cô ấy đều hoàn thành xuất sắc. Nhưng nếu phải nói về khuyết điểm của cô ấy, thì có lẽ là cô ấy tiêu tốn lưỡi kiếm nhanh hơn bất kỳ ai.",
lang_multi_text_1sthalf.db,MultiText,Id,Zuoyequnxing_68_12,Content,dialogue,translated,,PASS,10,,,,,"Remember your concern about the Fractsidus's schemes? Once you enter the Stridergate, she'll handle perimeter watch.","Cậu còn lo lắng về âm mưu của bọn Fractsidus phải không? Một khi cậu bước vào Stridergate, cô ấy sẽ đảm nhận việc canh phòng vòng ngoài.",
lang_multi_text_1sthalf.db,MultiText,Id,Zuoyequnxing_68_13,Content,dialogue,translated,,PASS,10,,,,,"She's got plenty of experience with Ashinohara and the Threnodian there. No stranger to the Fractsidus, either. Isn't that right, Hiyuki?","Cô ấy có rất nhiều kinh nghiệm ở Ashinohara và Threnody ở đó. Với cả Fractsidus, cô ấy cũng không hề xa lạ. Đúng không, Hiyuki?",
lang_multi_text_1sthalf.db,MultiText,Id,Zuoyequnxing_68_16,Content,dialogue,translated,,PASS,10,,,,,Yes. Those two Fractsidus members... I will track them down.,Đúng vậy. Hai thành viên Fractsidus đó... Tôi sẽ truy tìm họ.,
lang_multi_text_1sthalf.db,MultiText,Id,Zuoyequnxing_68_17,Content,dialogue,translated,,PASS,10,,,,,Here. Take this.,Đây. Cầm lấy cái này đi.,
lang_multi_text_1sthalf.db,MultiText,Id,Zuoyequnxing_68_18,Content,dialogue,translated,,PASS,10,,,,,The white bird carries my power. It will shield you.,Con chim trắng mang theo sức mạnh của tôi. Nó sẽ bảo vệ cậu.,
lang_multi_text_1sthalf.db,MultiText,Id,Zuoyequnxing_68_19,Content,dialogue,translated,,PASS,10,,,,,"Should you lose yourself in the Voidmatter, it will also guide you back.","Nếu cậu lạc lối trong Voidmatter, nó cũng sẽ dẫn đường đưa cậu trở về.",
lang_multi_text_1sthalf.db,MultiText,Id,Zuoyequnxing_68_20,Content,dialogue,translated,,PASS,10,,,,,"Hiyuki is part of Startorch Academy's Special Response Force. She works from the shadows, she's been an incredible help to us all.","Hiyuki là thành viên của Đội Phản ứng Đặc biệt thuộc Học viện Startorch. Cô ấy hoạt động trong bóng tối, và đã giúp đỡ chúng ta rất nhiều.",
lang_multi_text_1sthalf.db,MultiText,Id,Zuoyequnxing_68_21,Content,dialogue,translated,,PASS,10,,,,,"If, in your fight with the Threnodian, you require aid...","Nếu trong trận chiến với Threnodian, cậu cần trợ giúp...",
lang_multi_text_1sthalf.db,MultiText,Id,Zuoyequnxing_68_22,Content,dialogue,translated,,PASS,10,,,,,...You may make a wish to me.,...Cậu có thể gửi gắm điều ước cho tôi.,
lang_multi_text_1sthalf.db,MultiText,Id,Zuoyequnxing_68_23,Content,dialogue,translated,,PASS,10,,,,,How about I go first? I wish for peace and safety across the Dimmr Plains.,Hay để tôi đi trước nhé? Tôi ước cho Dimmr Plains được bình yên và an toàn.,
lang_multi_text_1sthalf.db,MultiText,Id,Zuoyequnxing_68_24,Content,dialogue,translated,,PASS,10,,,,,"Hehe, Hiyuki is the strong and silent type. Spend enough time with her, though, and you'll find she's rather fascinating.","Hehe, Hiyuki thuộc típ trầm lặng nhưng mạnh mẽ. Dành đủ thời gian bên cô ấy, cậu sẽ thấy cô ấy rất thú vị đấy.",
lang_multi_text_1sthalf.db,MultiText,Id,Zuoyequnxing_68_25,Content,dialogue,translated,,PASS,10,,,,,Why didn't you introduce us before? Why the reveal now?,Sao trước giờ cậu không giới thiệu chúng tôi với nhau? Tại sao lại tiết lộ bây giờ?,
lang_multi_text_1sthalf.db,MultiText,Id,Zuoyequnxing_68_26,Content,dialogue,translated,,PASS,10,,,,,"No point in hiding what's already in plain sight. Besides, you're both strong and it's safer if you work together.","Giấu diếm những gì đã phơi bày trước mắt cũng chẳng ích gì. Hơn nữa, cả hai cậu đều mạnh mẽ, hợp tác cùng nhau sẽ an toàn hơn.",
lang_multi_text_1sthalf.db,MultiText,Id,Zuoyequnxing_68_27,Content,dialogue,translated,,PASS,10,,,,,"What did she mean, ""make a wish?""","Cô ấy nói ""ước một điều"" nghĩa là sao?",
lang_multi_text_1sthalf.db,MultiText,Id,Zuoyequnxing_68_28,Content,dialogue,translated,,PASS,10,,,,,Just what it sounds like. But… don't make one unless it's life or death.,Đúng như nghe thấy thôi. Nhưng… đừng ước nếu không phải chuyện sống còn.,
lang_multi_text_1sthalf.db,MultiText,Id,Zuoyequnxing_68_29,Content,dialogue,translated,,PASS,10,,,,,Granting wishes... always comes with a price.,Ước nguyện... luôn đi kèm với một cái giá phải trả.,
lang_multi_text_1sthalf.db,MultiText,Id,Zuoyequnxing_68_30,Content,dialogue,translated,,PASS,10,,,,,I've sent you intel on high-concentration Voidmatter zones. Review them when you can.,Tôi đã gửi cho cậu thông tin về các khu vực Voidmatter có nồng độ cao. Hãy xem qua khi cậu rảnh nhé.,
lang_multi_text_1sthalf.db,MultiText,Id,Zuoyequnxing_68_31,Content,dialogue,translated,,PASS,10,,,,,"I couldn't say this with Chase present, but I think you understand. For him, this is a calculated investment. For you, it's a suicide mission.","Tớ không thể nói điều này khi Chase có mặt, nhưng cậu hiểu mà. Với anh ấy, đây chỉ là một khoản đầu tư được tính toán. Còn với cậu, đây là một nhiệm vụ tự sát.",
lang_multi_text_1sthalf.db,MultiText,Id,Zuoyequnxing_68_32,Content,dialogue,translated,,PASS,10,,,,,"You've been in Voidspace. You've faced it. If Aleph-1 truly lies beyond that Gate, It'll sense you the moment you cross over... This won't be easy.","Cậu đã từng ở Voidspace. Cậu đã đối mặt với nó. Nếu Aleph-1 thực sự nằm ngoài Cánh Cổng đó, nó sẽ cảm nhận được cậu ngay khi cậu bước qua... Việc này sẽ không hề dễ dàng đâu.",
lang_multi_text_1sthalf.db,MultiText,Id,Zuoyequnxing_68_33,Content,dialogue,translated,,PASS,10,,,,,"The Exostrider isn't fully repaired. If something goes wrong, it may not be able to hold out against Aleph-1. And the Collective won't risk an extraction if a Voidmatter outbreak is imminent.","Exostrider vẫn chưa được sửa chữa hoàn toàn. Nếu có sự cố xảy ra, nó có thể không trụ vững trước Aleph-1. Và Collective sẽ không mạo hiểm thực hiện giải cứu nếu nguy cơ bùng phát Voidmatter là quá gần.",
lang_multi_text_1sthalf.db,MultiText,Id,Zuoyequnxing_68_34,Content,dialogue,translated,,PASS,10,,,,,"…Once you enter the Gate, you'll be completely alone. Are you ready, {PlayerName}?","…Một khi đã bước vào Gate, cậu sẽ hoàn toàn đơn độc. Cậu đã sẵn sàng chưa, {PlayerName}?",
lang_multi_text_1sthalf.db,MultiText,Id,Zuoyequnxing_68_35,Content,dialogue,translated,,PASS,10,,,,,Of course.,Tất nhiên rồi.,
lang_multi_text_1sthalf.db,MultiText,Id,Zuoyequnxing_68_36,Content,dialogue,translated,,PASS,10,,,,,And just so you know...,Và để cậu biết thêm...,
lang_multi_text_1sthalf.db,MultiText,Id,Zuoyequnxing_68_37,Content,dialogue,translated,,PASS,10,,,,,I've been in situations like this more times than I can count.,Tôi đã trải qua những tình huống như thế này nhiều hơn mức có thể đếm được.,
lang_multi_text_1sthalf.db,MultiText,Id,Zuoyequnxing_68_38,Content,dialogue,translated,,PASS,10,,,,,"If I only cared about walking away clean, I wouldn't have gotten this far, or be standing here now.","Nếu tôi chỉ quan tâm đến việc toàn thân rút lui, tôi đã không thể đi xa đến vậy, hay đứng đây như bây giờ.",
lang_multi_text_1sthalf.db,MultiText,Id,Zuoyequnxing_68_39,Content,dialogue,translated,,PASS,10,,,,,"So… thanks for the concern, President. But I've been ready.",Vậy… cảm ơn Chủ tịch đã quan tâm. Nhưng tôi đã sẵn sàng rồi.,
lang_multi_text_1sthalf.db,MultiText,Id,Zuoyequnxing_68_40,Content,dialogue,translated,,PASS,10,,,,,Heh... Very good. I'm relieved you've thought it through.,Hừm… Tốt lắm. Ta yên tâm khi cậu đã suy nghĩ kỹ rồi.,
lang_multi_text_1sthalf.db,MultiText,Id,Zuoyequnxing_68_41,Content,dialogue,translated,,PASS,10,,,,,"I'll be here with the others, monitoring the Voidmatter Barriers. If something happens, I have to respond immediately as the Academy's head.","Ta sẽ ở lại đây cùng những người khác, giám sát các Rào Cản Voidmatter. Nếu có chuyện gì xảy ra, ta phải phản ứng ngay lập tức với tư cách người đứng đầu Học viện.",
lang_multi_text_1sthalf.db,MultiText,Id,Zuoyequnxing_68_42,Content,dialogue,translated,,PASS,10,,,,,"We'll probably be able to maintain a data feed, but based on past intel the Voidmatter's ""disintegration"" effect will destabilize the signal.","Chúng ta có thể sẽ duy trì được luồng dữ liệu, nhưng dựa trên thông tin tình báo trước đây, hiệu ứng ""tan rã"" của Voidmatter sẽ làm mất ổn định tín hiệu.",
lang_multi_text_1sthalf.db,MultiText,Id,Zuoyequnxing_68_43,Content,dialogue,translated,,PASS,10,,,,,"It'll likely cut out once you reach the Keystone. From that point on, every call is yours.","Có lẽ tín hiệu sẽ bị cắt khi cậu đến được Keystone. Từ thời điểm đó trở đi, mọi quyết định đều phụ thuộc vào cậu.",
lang_multi_text_1sthalf.db,MultiText,Id,Zuoyequnxing_68_44,Content,dialogue,translated,,PASS,10,,,,,I understand.,Tôi hiểu rồi.,
lang_multi_text_1sthalf.db,MultiText,Id,Zuoyequnxing_68_45,Content,dialogue,translated,,PASS,10,,,,,"President Lucilla, we've checked her condition. No signs of Voidmatter contamination. She's stable.","Hiệu trưởng Lucilla, chúng tôi đã kiểm tra tình trạng của cô ấy. Không có dấu hiệu nhiễm Voidmatter. Cô ấy ổn định rồi.",
lang_multi_text_1sthalf.db,MultiText,Id,Zuoyequnxing_68_46,Content,dialogue,translated,,PASS,10,,,,,"Alright. Go on, Rabelle College freshman.","Được rồi. Tiếp tục đi, tân sinh viên Rabelle College.",
lang_multi_text_1sthalf.db,MultiText,Id,Zuoyequnxing_68_47,Content,dialogue,translated,,PASS,10,,,,,The students and faculty of Startorch Academy have been waiting for the day the Exostrider awakens. May you return victorious.,Các học sinh và giảng viên của Học viện Startorch vẫn luôn chờ đợi ngày Exostrider thức tỉnh. Mong cậu sẽ trở về trong chiến thắng.,
lang_multi_text_1sthalf.db,MultiText,Id,Zuoyequnxing_68_48,Content,dialogue,translated,,PASS,10,,,,,I remember you asked me about Aemeath before...,Tôi nhớ cậu từng hỏi tôi về Aemeath trước đây...,
lang_multi_text_1sthalf.db,MultiText,Id,Zuoyequnxing_68_49,Content,dialogue,translated,,PASS,10,,,,,Yes. Lucilla spoke of what that child did. She is a good one. Strong... But her strength does not change the fact that she is a student.,Đúng vậy. Lucilla đã kể về những gì cô bé ấy đã làm. Cô bé ấy là một người tốt. Mạnh mẽ... Nhưng sức mạnh ấy không thay đổi được sự thật rằng cô bé vẫn chỉ là một học sinh.,
lang_multi_text_1sthalf.db,MultiText,Id,Zuoyequnxing_68_50,Content,dialogue,translated,,PASS,10,,,,,That we allow a child to bear such a burden is a failure on our part as adults.,Việc chúng ta để một đứa trẻ gánh vác gánh nặng như vậy chính là thất bại của chúng ta với tư cách là những người lớn.,
lang_multi_text_1sthalf.db,MultiText,Id,Zuoyequnxing_68_51,Content,dialogue,translated,,PASS,10,,,,,I sent this white bird to search the Voidmatter's concentrated depths. And I am certain I felt her frequency.,Ta đã phái con chim trắng này đi tìm kiếm nơi sâu thẳm tập trung của Voidmatter. Và ta chắc chắn đã cảm nhận được tần số của nàng.,
lang_multi_text_1sthalf.db,MultiText,Id,Zuoyequnxing_68_52,Content,dialogue,translated,,PASS,10,,,,,"Somewhere in Voidspace, she waits. The Collective pursues what is right, but your quest to save the one you hold dear? That, I understand.","Nơi nào đó trong Voidspace, nàng đang chờ đợi. Tập thể theo đuổi điều đúng đắn, nhưng hành trình của cậu để cứu người cậu trân trọng? Điều đó, ta hiểu.",
lang_multi_text_1sthalf.db,MultiText,Id,Zuoyequnxing_68_53,Content,dialogue,translated,,PASS,10,,,,,"Very good—! But I'm afraid we can't say more than that, okay? Right now, both sides want the same thing. That's the best we could ask for.","Rất tốt—! Nhưng ta e rằng chúng ta không thể nói thêm gì nữa, được chứ? Hiện tại, cả hai bên đều muốn điều tương tự. Đó là điều tốt nhất chúng ta có thể mong đợi.",
lang_multi_text_1sthalf.db,MultiText,Id,Zuoyequnxing_68_54,Content,dialogue,translated,,PASS,10,,,,,"You reach the Dimmr Plains and find Hiyuki, the Ashinohara miko you met before. She offers you her origami familiar, a way to reach her if you are in need, then departs to track the Fractsidus.
Lucilla will stay behind with the other researchers to monitor the Voidmatter Barriers, while you make your preparations to head toward the Keystone's location alone.","Cậu đến được Dimmr Plains và gặp lại Hiyuki, miko của Ashinohara mà cậu đã từng gặp. Nàng trao cho cậu một con origami quen thuộc, cách để liên lạc với nàng nếu cậu cần giúp đỡ, rồi lên đường truy tìm Fractsidus.
Lucilla sẽ ở lại cùng các nhà nghiên cứu khác để giám sát các Voidmatter Barrier, trong khi cậu chuẩn bị một mình tiến về vị trí của Keystone.",
lang_multi_text_1sthalf.db,MultiText,Id,Zuoyequnxing_69_1,Content,dialogue,translated,,PASS,10,,,,,Voidmatter Gauge readings are stable. No abnormal fluctuations at the Keystone.,Chỉ số Voidmatter Gauge ổn định. Không có dao động bất thường tại Keystone.,
lang_multi_text_1sthalf.db,MultiText,Id,Zuoyequnxing_69_2,Content,dialogue,translated,,PASS,10,,,,,{PlayerName}'s vitals are within the expected range… All readings normal…,Các chỉ số sinh tồn của {PlayerName} đều trong phạm vi dự kiến… Tất cả chỉ số bình thường…,
lang_multi_text_1sthalf.db,MultiText,Id,Zuoyequnxing_69_3,Content,dialogue,translated,,PASS,10,,,,,Frequency... Bzzt... Delay... Bzzt...,Tần số... Rèèè... Trễ... Rèèè...,
lang_multi_text_1sthalf.db,MultiText,Id,Zuoyequnxing_70_1,Content,dialogue,translated,,PASS,10,,,,,(The signal's cut out. It's so quiet...),(Tín hiệu bị cắt đứt. Yên ắng quá...),
lang_multi_text_1sthalf.db,MultiText,Id,Zuoyequnxing_70_2,Content,dialogue,translated,,PASS,10,,,,,(Are these... Soliskin?),Đây là... Soliskin phải không?,
lang_multi_text_1sthalf.db,MultiText,Id,Zuoyequnxing_70_3,Content,dialogue,translated,,REVIEW,6,same_as_source,,,,Chululu!,Chululu!,
lang_multi_text_1sthalf.db,MultiText,Id,Zuoyequnxing_70_4,Content,dialogue,translated,,PASS,10,,,,,(Are these little guys guiding me to the Solvein Heartwood?),(Có phải mấy bạn nhỏ này đang dẫn mình đến Solvein Heartwood không nhỉ?),
lang_multi_text_1sthalf.db,MultiText,Id,Zuoyequnxing_70_5,Content,dialogue,translated,,PASS,10,,,,,"Alright then, let's go together.","Được rồi, cùng đi nào.",
lang_multi_text_1sthalf.db,MultiText,Id,Zuoyequnxing_71_1,Content,dialogue,translated,,PASS,10,,,,,(The Soliskin merged into the roots.),(Các Soliskin hòa vào những chiếc rễ.),
lang_multi_text_1sthalf.db,MultiText,Id,Zuoyequnxing_71_2,Content,dialogue,translated,,PASS,10,,,,,(They didn't return to the Exostrider through the Solistrees. They used themselves to reinforce the Keystone's seal...),(Chúng không trở về Exostrider qua Solistrees. Chúng đã dùng chính mình để củng cố lại lớp phong ấn của Keystone...),
lang_multi_text_1sthalf.db,MultiText,Id,Zuoyequnxing_79_1,Content,dialogue,translated,,REVIEW,6,same_as_source,,,,Aemeath!,Aemeath!,
lang_multi_text_1sthalf.db,MultiText,Id,Zuoyequnxing_80_1,Content,dialogue,translated,,PASS,10,,,,,Am I... back at the Academy?,Tôi... đã trở lại Học viện sao?,
lang_multi_text_1sthalf.db,MultiText,Id,Zuoyequnxing_80_2,Content,dialogue,translated,,PASS,10,,,,,"You okay? Ugh, I feel terrible too...","Cậu ổn chứ? Ugh, tớ cũng thấy khó chịu quá...",
lang_multi_text_1sthalf.db,MultiText,Id,Zuoyequnxing_80_3,Content,dialogue,translated,,PASS,10,,,,,"Something just yeeted us outta the Threnodian's gut! Rapid interdimension whiplash is no stroll through the park, I tell ya...",Vừa có thứ gì đó quăng chúng ta ra khỏi bụng Threnodian! Cú giật không gian liên chiều nhanh thế này chẳng khác nào đi dạo trong công viên đâu... tớ nói thật đấy...,
lang_multi_text_1sthalf.db,MultiText,Id,Zuoyequnxing_80_4,Content,dialogue,translated,,PASS,10,,,,,The Exostrider isn't here.,Exostrider không có ở đây.,
lang_multi_text_1sthalf.db,MultiText,Id,Zuoyequnxing_80_5,Content,dialogue,translated,,PASS,10,,,,,The big guy's still stuck inside the Threnodian…,Gã to xác vẫn còn mắc kẹt bên trong Threnodian…,
lang_multi_text_1sthalf.db,MultiText,Id,Zuoyequnxing_80_6,Content,dialogue,translated,,PASS,10,,,,,Did you see that freaky black hand that popped up in the cockpit? The whole dimension freaked out! Like it was trying to spit us out!,Cậu có thấy cái bàn tay đen sì kia hiện lên trong buồng lái không? Cả không gian như phát điên! Giống như nó đang cố nhổ chúng ta ra vậy!,
lang_multi_text_1sthalf.db,MultiText,Id,Zuoyequnxing_80_7,Content,dialogue,translated,,PASS,10,,,,,"Next second, the Voidmatter had us flushed out here!","Giây tiếp theo, Voidmatter đã cuốn chúng ta đến đây!",
lang_multi_text_1sthalf.db,MultiText,Id,Zuoyequnxing_80_8,Content,dialogue,translated,,PASS,10,,,,,I saw Nivora in the flashes. It's the Fractsidus. Has to be.,Tớ thấy Nivora trong những tia chớp đó. Đó là bọn Fractsidus. Chắc chắn rồi.,
lang_multi_text_1sthalf.db,MultiText,Id,Zuoyequnxing_80_9,Content,dialogue,translated,,PASS,10,,,,,Everyone was standing right here. This is where Voidmatter began to contaminate the sky.,Mọi người đều đứng ngay tại đây. Chính nơi này là nơi Voidmatter bắt đầu làm ô nhiễm bầu trời.,
lang_multi_text_1sthalf.db,MultiText,Id,Zuoyequnxing_80_10,Content,dialogue,translated,,PASS,10,,,,,And Aleph-1 was watching me and the Exostrider beyond the Gate...,Và Aleph-1 đang theo dõi tôi cùng Exostrider bên kia Cánh Cổng...,
lang_multi_text_1sthalf.db,MultiText,Id,Zuoyequnxing_80_11,Content,dialogue,translated,,PASS,10,,,,,Mentor! Finally got a hold of your signal!,Thầy ơi! Cuối cùng cũng liên lạc được với thầy rồi!,
lang_multi_text_1sthalf.db,MultiText,Id,Zuoyequnxing_80_12,Content,dialogue,translated,,PASS,10,,,,,...We lost contact for an entire day. Everyone's been worried.,...Mất liên lạc cả một ngày trời. Mọi người lo lắng quá.,
lang_multi_text_1sthalf.db,MultiText,Id,Zuoyequnxing_80_13,Content,dialogue,translated,,PASS,10,,,,,(An entire day? Felt like minutes... Time distortion from being inside the black hole?),(Cả một ngày sao? Chỉ cảm giác như vài phút thôi... Chắc là do méo mó thời gian khi ở trong hố đen?),
lang_multi_text_1sthalf.db,MultiText,Id,Zuoyequnxing_80_14,Content,dialogue,translated,,PASS,10,,,,,"Mornye, I'm fine. We had an incident. The Exostrider is still inside Voidspace beyond the Gate.","Mornye, tôi không sao. Chúng ta gặp sự cố. Exostrider vẫn còn ở trong Không Gian Hư Vô bên kia Cánh Cổng.",
lang_multi_text_1sthalf.db,MultiText,Id,Zuoyequnxing_80_15,Content,dialogue,translated,,PASS,10,,,,,And now… even the Academy inside the Voidmater Barriers is getting hit by Void Storms. What happened while I was gone?,Và giờ... ngay cả Học Viện bên trong Rào Chắn Voidmater cũng đang bị Void Storm tấn công. Chuyện gì đã xảy ra khi tôi vắng mặt vậy?,
lang_multi_text_1sthalf.db,MultiText,Id,Zuoyequnxing_80_16,Content,dialogue,translated,,PASS,10,,,,,"After you went in, the data transmission was perfect. We were celebrating.","Sau khi cậu vào bên trong, việc truyền dữ liệu diễn ra hoàn hảo. Chúng tôi đã ăn mừng rồi.",
lang_multi_text_1sthalf.db,MultiText,Id,Zuoyequnxing_80_17,Content,dialogue,translated,,PASS,10,,,,,"But not long after, Void Storms began to erupt even inside the Academy. We haven't been able to find any breach or source to explain it.","Nhưng không lâu sau đó, Void Storm bắt đầu bùng phát ngay bên trong Học viện. Chúng tôi không tìm thấy bất kỳ vết nứt hay nguồn gốc nào để giải thích điều này.",
lang_multi_text_1sthalf.db,MultiText,Id,Zuoyequnxing_80_18,Content,dialogue,translated,,PASS,10,,,,,Most of Lahai-Roi has been evacuated to the Collective's escape pods with Black Shores support.,Hầu hết cư dân Lahai-Roi đã được sơ tán đến các khoang thoát hiểm của Collective với sự hỗ trợ từ Black Shores.,
lang_multi_text_1sthalf.db,MultiText,Id,Zuoyequnxing_80_19,Content,dialogue,translated,,PASS,10,,,,,Those who remain are gathered here at the Institute.,Những người còn lại tập trung tại Viện này.,
lang_multi_text_1sthalf.db,MultiText,Id,Zuoyequnxing_80_20,Content,dialogue,translated,,PASS,10,,,,,"(Whose eyes was I seeing through in those flashes? If they're the cause of the Threnodian's breach, could they be a Harbinger? Like in Rinascita?)","(Mình đã nhìn qua đôi mắt của ai trong những tia sáng đó? Nếu họ là nguyên nhân gây ra sự xâm nhập của Threnodian, liệu họ có phải là một Harbinger? Giống như trong Rinascita?)",
lang_multi_text_1sthalf.db,MultiText,Id,Zuoyequnxing_80_21,Content,dialogue,translated,,PASS,10,,,,,"(In that moment, that ""shell""... She had the same look in her eyes as the real Aemeath.)","((Trong khoảnh khắc đó, cái ""vỏ bọc"" ấy... Cô ấy có ánh mắt giống hệt Aemeath thật.))",
lang_multi_text_1sthalf.db,MultiText,Id,Zuoyequnxing_80_22,Content,dialogue,translated,,PASS,10,,,,,(Why was she so set on giving me this Cassette? What was she trying to say?),(Tại sao cô ấy lại nhất quyết đưa cho tôi chiếc Cassette này? Cô ấy đang muốn nói điều gì?),
lang_multi_text_1sthalf.db,MultiText,Id,Zuoyequnxing_80_23,Content,dialogue,translated,,PASS,10,,,,,(Looks like... I'll have to open it up to find out.),(Có vẻ như... tôi sẽ phải mở nó ra mới biết được.),
lang_multi_text_1sthalf.db,MultiText,Id,Zuoyequnxing_80_24,Content,dialogue,translated,,PASS,10,,,,,I'm coming to you. I brought something back from the other side and want you to see it first.,Tôi đang đến chỗ cậu. Tôi mang về một thứ từ bên kia và muốn cậu là người đầu tiên được thấy.,
lang_multi_text_1sthalf.db,MultiText,Id,Zuoyequnxing_80_25,Content,dialogue,translated,,PASS,10,,,,,"The Threnodian struck like a bolt out of the blue. We may not know why yet, but we need to figure out our next move together.","Threnodian tấn công bất ngờ như một tia sét. Chúng ta có thể chưa biết lý do, nhưng cần phải cùng nhau tìm ra bước đi tiếp theo.",
lang_multi_text_1sthalf.db,MultiText,Id,Zuoyequnxing_80_26,Content,dialogue,translated,,PASS,10,,,,,Understood. We'll be waiting for you at the Institute.,Hiểu rồi. Chúng tôi sẽ đợi cậu ở Viện.,
lang_multi_text_1sthalf.db,MultiText,Id,Zuoyequnxing_80_27,Content,dialogue,translated,,PASS,10,,,,,"After piloting the Exostrider through the Stridergate, an unknown force rips you from the cockpit. Just before you're thrown out of Voidspace, Aemeath's shell presses the Cassette into your hands. Fragments of memory flash through your mind—Nivora, smiling, reaching for you. The Academy, slowly consumed by Voidmatter. 
You wake back at the Academy. Mornye quickly informs you that Voidmatter erupted inside the Academy without warning and most personnel have already evacuated to escape pods.  And it's already been one full day since your last memory of entering the Stridergate.","Sau khi điều khiển Exostrider vượt qua Stridergate, một lực lượng bí ẩn đã kéo cậu khỏi buồng lái. Ngay trước khi bị quăng ra khỏi Voidspace, vỏ giáp của Aemeath ấn chiếc Cassette vào tay cậu. Những mảnh ký ức vụn vỡ lóe lên trong đầu—Nivora, đang mỉm cười, với tay về phía cậu. Học viện, dần bị Voidmatter nuốt chửng.

Cậu tỉnh dậy tại Học viện. Mornye nhanh chóng thông báo rằng Voidmatter đã bất ngờ bùng phát bên trong Học viện và hầu hết nhân sự đã sơ tán bằng khoang thoát hiểm. Và đã tròn một ngày trôi qua kể từ ký ức cuối cùng của cậu về việc bước vào Stridergate.",
lang_multi_text_1sthalf.db,MultiText,Id,Zuoyequnxing_81_1,Content,dialogue,translated,,PASS,10,,,,,(That's a lot of WavesLine messages.),(*Nhiều tin nhắn WavesLine thế này...*),
lang_multi_text_1sthalf.db,MultiText,Id,Zuoyequnxing_81_2,Content,dialogue,translated,,PASS,10,,,,,(All from when I was beyond the Stridergate... I really made them worry.),(*Đều là từ lúc tớ ở bên kia Stridergate... Chắc hẳn đã làm mọi người lo lắng thật rồi.*),
lang_multi_text_1sthalf.db,MultiText,Id,Zuoyequnxing_82_1,Content,dialogue,translated,,PASS,10,,,,,The Soliskin have swept the area. None remain in Bjartr Woods.,Bọn Soliskin đã quét sạch khu vực này. Không còn ai sót lại trong Bjartr Woods.,
lang_multi_text_1sthalf.db,MultiText,Id,Zuoyequnxing_82_2,Content,dialogue,translated,,PASS,10,,,,,Someone just posted a call for help on the campus's Wavesline group chat. I'll go back to run a final check later!,Vừa có người đăng tin kêu cứu trên nhóm Wavesline của trường rồi. Tớ sẽ quay lại kiểm tra lần cuối sau nhé!,
lang_multi_text_1sthalf.db,MultiText,Id,Zuoyequnxing_82_3,Content,dialogue,translated,,PASS,10,,,,,"Sigrika, are you sure you alone can handle it?","Sigrika, cậu chắc chắn mình có thể tự xử lý được chứ?",
lang_multi_text_1sthalf.db,MultiText,Id,Zuoyequnxing_82_4,Content,dialogue,translated,,PASS,10,,,,,Don't worry. I have my runes. They'll help me drive back any contaminated Exoswarm! The Soliskin will guide me too.,Đừng lo. Ta có các rune của mình. Chúng sẽ giúp ta đẩy lùi bất kỳ Exoswarm bị ô nhiễm nào! Soliskin cũng sẽ dẫn đường cho ta.,
lang_multi_text_1sthalf.db,MultiText,Id,Zuoyequnxing_82_5,Content,dialogue,translated,,PASS,10,,,,,"I'm coming with you. Finding people is one thing, hauling them back is another. It'll be faster if we take my motorbike.","Tớ sẽ đi cùng cậu. Tìm người là một chuyện, kéo họ về lại là chuyện khác. Nếu dùng xe máy của tớ thì sẽ nhanh hơn đấy.",
lang_multi_text_1sthalf.db,MultiText,Id,Zuoyequnxing_82_6,Content,dialogue,translated,,PASS,10,,,,,"Status report, Professor Mornye.","Báo cáo tình hình, Giáo sư Mornye.",
lang_multi_text_1sthalf.db,MultiText,Id,Zuoyequnxing_82_7,Content,dialogue,translated,,PASS,10,,,,,"The launch orbit has been confirmed. The Drive Replica is projected to launch in 16 hours, at which point it will initiate Duskveil.","Quỹ đạo phóng đã được xác nhận. Bản sao Drive dự kiến sẽ khởi động trong 16 giờ tới, và khi đó, nó sẽ kích hoạt Duskveil.",
lang_multi_text_1sthalf.db,MultiText,Id,Zuoyequnxing_82_8,Content,dialogue,translated,,PASS,10,,,,,Then we evacuate every remaining soul in Lahai-Roi before that window closes.,Vậy thì chúng ta phải sơ tán mọi người còn lại ở Lahai-Roi trước khi cửa sổ thời gian đó đóng lại.,
lang_multi_text_1sthalf.db,MultiText,Id,Zuoyequnxing_82_9,Content,dialogue,translated,,PASS,10,,,,,"Check the ships at the Roya Frostlands port, in addition to the escape pods.","Kiểm tra các con tàu tại cảng Roya Frostlands, ngoài ra còn có các khoang thoát hiểm nữa.",
lang_multi_text_1sthalf.db,MultiText,Id,Zuoyequnxing_82_10,Content,dialogue,translated,,PASS,10,,,,,The Exostrider...,Exostrider...,
lang_multi_text_1sthalf.db,MultiText,Id,Zuoyequnxing_82_11,Content,dialogue,translated,,PASS,10,,,,,I heard from Professor Mornye. You went dark for a full day. We thought we'd lost you to Voidspace.,Tôi nghe Giáo sư Mornye nói. Cậu đã biến mất cả một ngày trời. Chúng tôi cứ ngỡ đã mất cậu vào Voidspace rồi.,
lang_multi_text_1sthalf.db,MultiText,Id,Zuoyequnxing_82_12,Content,dialogue,translated,,PASS,10,,,,,Activating the Exostrider before it was fully self-regenerated was a massive gamble. We all knew the stakes.,Việc kích hoạt Exostrider trước khi nó tự tái sinh hoàn toàn là một canh bạc lớn. Ai cũng biết rõ rủi ro mà.,
lang_multi_text_1sthalf.db,MultiText,Id,Zuoyequnxing_82_13,Content,dialogue,translated,,PASS,10,,,,,"We hoped for the best, and of course, we prepared for the worst.","Chúng tôi đã hy vọng vào điều tốt nhất, nhưng tất nhiên, cũng chuẩn bị sẵn sàng cho tình huống xấu nhất.",
lang_multi_text_1sthalf.db,MultiText,Id,Zuoyequnxing_82_14,Content,dialogue,translated,,PASS,10,,,,,You're alive. That alone is good news for all of us.,Cậu còn sống. Chỉ riêng điều đó thôi cũng là tin tốt lành cho tất cả chúng ta rồi.,
lang_multi_text_1sthalf.db,MultiText,Id,Zuoyequnxing_82_15,Content,dialogue,translated,,PASS,10,,,,,"No time to kick yourself now. I've got a mountain of work waiting for you, {PlayerName}.","Giờ không phải lúc để tự trách bản thân đâu. Tôi còn cả núi việc đang chờ cậu đấy, {PlayerName}.",
lang_multi_text_1sthalf.db,MultiText,Id,Zuoyequnxing_82_16,Content,dialogue,translated,,PASS,10,,,,,"Please have a look at this, Mentor.",Mentor xem qua giúp tôi cái này với.,
lang_multi_text_1sthalf.db,MultiText,Id,Zuoyequnxing_82_17,Content,dialogue,translated,,PASS,10,,,,,The Research Institute is running the final modifications on the Drive Replica now. The Roya are assisting with assembly and verification.,Viện Nghiên cứu hiện đang tiến hành những điều chỉnh cuối cùng cho Drive Replica. Người Roya đang hỗ trợ lắp ráp và kiểm tra.,
lang_multi_text_1sthalf.db,MultiText,Id,Zuoyequnxing_82_18,Content,dialogue,translated,,PASS,10,,,,,"It's built from the framework of the fallen Reactor Drive. Various materials from the Exostrider, too.",Nó được chế tạo từ khung của Reactor Drive đã sụp đổ. Cùng với nhiều vật liệu từ Exostrider.,
lang_multi_text_1sthalf.db,MultiText,Id,Zuoyequnxing_82_19,Content,dialogue,translated,,PASS,10,,,,,"It's… it's everything Lahai-Roi has been working toward. This ""man-made"" heart is our final legacy for Solaris.","Đây... đây chính là tất cả những gì Lahai-Roi đã nỗ lực hướng tới. ""Trái tim nhân tạo"" này là di sản cuối cùng của chúng ta dành cho Solaris.",
lang_multi_text_1sthalf.db,MultiText,Id,Zuoyequnxing_82_20,Content,dialogue,translated,,PASS,10,,,,,"In 16 hours, we launch it into the Canopy above Lahai-Roi.","Trong 16 giờ nữa, chúng ta sẽ phóng nó lên Canopy phía trên Lahai-Roi.",
lang_multi_text_1sthalf.db,MultiText,Id,Zuoyequnxing_82_21,Content,dialogue,translated,,PASS,10,,,,,We only finished it because of the data you sent back from beyond the Stridergate.,Chúng ta chỉ hoàn thành được nó nhờ dữ liệu mà cậu gửi về từ bên kia Stridergate.,
lang_multi_text_1sthalf.db,MultiText,Id,Zuoyequnxing_82_22,Content,dialogue,translated,,PASS,10,,,,,See? Not a total loss after all.,Thấy chưa? Rốt cuộc cũng không phải là mất trắng đâu.,
lang_multi_text_1sthalf.db,MultiText,Id,Zuoyequnxing_82_23,Content,dialogue,translated,,PASS,10,,,,,...Thank you. All of you.,...Cảm ơn tất cả các cậu.,
lang_multi_text_1sthalf.db,MultiText,Id,Zuoyequnxing_82_24,Content,dialogue,translated,,PASS,10,,,,,About what I experienced beyond the Gate… there's something I want to show you.,Về những gì tôi đã trải qua bên kia Cánh Cổng… có một thứ tôi muốn cho các cậu xem.,
lang_multi_text_1sthalf.db,MultiText,Id,Zuoyequnxing_82_25,Content,dialogue,translated,,PASS,10,,,,,I don't think she gave me this Cassette for no reason.,Tôi không nghĩ cô ấy đưa tôi chiếc Cassette này vô cớ đâu.,
lang_multi_text_1sthalf.db,MultiText,Id,Zuoyequnxing_82_26,Content,dialogue,translated,,PASS,10,,,,,"Whether it's her ""shell"" or Aemeath herself, she was trying to tell us something.","Dù đó là ""vỏ bọc"" của cô ấy hay chính Aemeath, cô ấy đang cố nói với chúng ta điều gì đó.",
lang_multi_text_1sthalf.db,MultiText,Id,Zuoyequnxing_82_27,Content,dialogue,translated,,PASS,10,,,,,A Cassette retrieved from within the Threnodian… Heh. Now that is intriguing.,Một chiếc Cassette lấy từ bên trong Threnodian… Hừm. Thú vị thật đấy.,
lang_multi_text_1sthalf.db,MultiText,Id,Zuoyequnxing_82_28,Content,dialogue,translated,,PASS,10,,,,,"Professor Mornye, is the analyzer in the Cassette Depository still operational?","Giáo sư Mornye, máy phân tích trong Kho Cassette vẫn hoạt động chứ?",
lang_multi_text_1sthalf.db,MultiText,Id,Zuoyequnxing_82_29,Content,dialogue,translated,,PASS,10,,,,,We can head there now.,Chúng ta có thể đến đó ngay bây giờ.,
lang_multi_text_1sthalf.db,MultiText,Id,Zuoyequnxing_82_30,Content,dialogue,translated,,PASS,10,,,,,"Once evacuation is complete, it will activate, transforming the Canopy into Duskveil. It'll contain the spread of Voidmatter.","Khi việc sơ tán hoàn tất, nó sẽ kích hoạt, biến Canopy thành Duskveil. Nó sẽ ngăn chặn sự lan rộng của Voidmatter.",
lang_multi_text_1sthalf.db,MultiText,Id,Zuoyequnxing_82_31,Content,dialogue,translated,,PASS,10,,,,,We don't know how long Duskveil will hold. No one stays a second longer than necessary.,Chúng ta không biết Duskveil sẽ trụ được bao lâu. Không ai ở lại lâu hơn mức cần thiết dù chỉ một giây.,
lang_multi_text_1sthalf.db,MultiText,Id,Zuoyequnxing_82_32,Content,dialogue,translated,,PASS,10,,,,,"You return to the Research Institute, where a small group of people chose to stay to assist with the evacuation. Those you know comfort you over the loss of the Exostrider, and reassure you that the Voidmatter data obtained through the operation will be instrumental to the Drive Replica's completion. Soon it will sustain ""Duskveil,"" holding back the spread of Voidmatter.
You retrieve Aemeath's Cassette and share with everyone what you experienced beyond the Stridergate.","Bạn trở về Viện Nghiên cứu, nơi một nhóm nhỏ người đã chọn ở lại để hỗ trợ việc sơ tán. Những người bạn quen biết an ủi bạn về sự mất mát của Exostrider, và trấn an rằng dữ liệu Voidmatter thu được từ chiến dịch sẽ là yếu tố then chốt để hoàn thiện Drive Replica. Chẳng bao lâu nữa, nó sẽ duy trì ""Duskveil"", ngăn chặn sự lan rộng của Voidmatter.
Bạn lấy Cassette của Aemeath và chia sẻ với mọi người những gì bạn đã trải qua bên kia Stridergate.",
lang_multi_text_1sthalf.db,MultiText,Id,Zuoyequnxing_83_1,Content,dialogue,translated,,PASS,10,,,,,What's happening? Why are all the Cassettes rewinding…?,Chuyện gì đang xảy ra vậy? Tại sao tất cả các Cassette lại tua ngược…?,
lang_multi_text_1sthalf.db,MultiText,Id,Zuoyequnxing_83_2,Content,dialogue,translated,,PASS,10,,,,,The whole server bank's going nuts! Every screen is flickering!,Toàn bộ ngân hàng máy chủ đang phát điên! Mọi màn hình đều nhấp nháy!,
lang_multi_text_1sthalf.db,MultiText,Id,Zuoyequnxing_83_3,Content,dialogue,translated,,PASS,10,,,,,The data volume is far beyond the Cassette's capacity. It's as if thousands of people left their records in it...,Dung lượng dữ liệu vượt xa sức chứa của Cassette. Cứ như thể hàng nghìn người đã để lại dấu vết của họ trong đó...,
lang_multi_text_1sthalf.db,MultiText,Id,Zuoyequnxing_83_4,Content,dialogue,translated,,PASS,10,,,,,The storage system has destabilized. It's now flooding data into every archived Cassette in the room.,Hệ thống lưu trữ đã mất ổn định. Giờ nó đang tràn dữ liệu vào mọi Cassette lưu trữ trong phòng.,
lang_multi_text_1sthalf.db,MultiText,Id,Zuoyequnxing_83_5,Content,dialogue,translated,,PASS,10,,,,,But this isn't memory data.,Nhưng đây không phải là dữ liệu ký ức.,
lang_multi_text_1sthalf.db,MultiText,Id,Zuoyequnxing_83_6,Content,dialogue,translated,,PASS,10,,,,,"Aside from the corrupted junk, the compressed mass consists of coordinates.","Ngoài những phần dữ liệu hỏng, khối nén này toàn là tọa độ.",
lang_multi_text_1sthalf.db,MultiText,Id,Zuoyequnxing_83_7,Content,dialogue,translated,,PASS,10,,,,,Coordinates? From beyond the Gate? Are they... locations inside the Threnodian's black hole?,Tọa độ? Từ bên kia Cánh Cổng sao? Chúng... là vị trí bên trong hố đen của Threnodian à?,
lang_multi_text_1sthalf.db,MultiText,Id,Zuoyequnxing_83_8,Content,dialogue,translated,,PASS,10,,,,,"Based on your report, Mentor, conventional spacetime doesn't apply in Voidspace. You can't plot a standard map there.","Dựa trên báo cáo của cậu, Sư phụ, không gian-thời gian thông thường không áp dụng được trong Voidspace. Không thể vẽ bản đồ tiêu chuẩn ở đó.",
lang_multi_text_1sthalf.db,MultiText,Id,Zuoyequnxing_83_9,Content,dialogue,translated,,PASS,10,,,,,"If Aemeath went to these lengths to give us this, she wouldn't have made it impossible to follow.","Nếu Aemeath đã cố gắng đến vậy để đưa cho chúng ta thứ này, cô ấy hẳn sẽ không khiến nó trở nên bất khả thi để theo dõi.",
lang_multi_text_1sthalf.db,MultiText,Id,Zuoyequnxing_83_10,Content,dialogue,translated,,PASS,10,,,,,What if they're coordinates in Lahai-Roi?,Nếu đó là tọa độ ở Lahai-Roi thì sao?,
lang_multi_text_1sthalf.db,MultiText,Id,Zuoyequnxing_83_11,Content,dialogue,translated,,PASS,10,,,,,"...If such is the case, the origin might be... Please, allow me.","...Nếu đúng như vậy, điểm gốc có thể là... Xin hãy để tôi.",
lang_multi_text_1sthalf.db,MultiText,Id,Zuoyequnxing_83_12,Content,dialogue,translated,,PASS,10,,,,,"A uniform format, these coordinates share. I have verified one hundred and fifty points using Sundermere as the origin.","Một định dạng thống nhất, những tọa độ này đều có. Tôi đã xác minh một trăm năm mươi điểm bằng cách lấy Sundermere làm gốc.",
lang_multi_text_1sthalf.db,MultiText,Id,Zuoyequnxing_83_13,Content,dialogue,translated,,PASS,10,,,,,Each one aligns with a site of Royan runes etched upon stone. Just as you beheld within Solisylum.,Mỗi điểm đều trùng khớp với một địa điểm có khắc Royan runes trên đá. Giống như những gì cậu đã thấy trong Solisylum.,
lang_multi_text_1sthalf.db,MultiText,Id,Zuoyequnxing_83_14,Content,dialogue,translated,,PASS,10,,,,,"Forged by the Exostrider, these patterns are. Void Storms do not affect them. We have only glimpsed fragments of their meaning through the lens of Solisylum.",Những hoa văn này được tạo ra bởi Exostrider. Chúng không bị ảnh hưởng bởi Void Storms. Chúng ta mới chỉ nhìn thấy những mảnh ghép ý nghĩa của chúng qua lăng kính của Solisylum.,
lang_multi_text_1sthalf.db,MultiText,Id,Zuoyequnxing_83_15,Content,dialogue,translated,,PASS,10,,,,,I see. Let me overlay these coordinates onto a Lahai-Roi map. It should make things clearer for us.,Được rồi. Để tôi chồng tọa độ này lên bản đồ Lahai-Roi. Như vậy chúng ta sẽ thấy rõ hơn.,
lang_multi_text_1sthalf.db,MultiText,Id,Zuoyequnxing_83_16,Content,dialogue,translated,,PASS,10,,,,,"Done. Using Sundermere as the origin, the distribution looks like this.","Xong rồi. Lấy Sundermere làm gốc, sự phân bố trông như thế này.",
lang_multi_text_1sthalf.db,MultiText,Id,Zuoyequnxing_83_17,Content,dialogue,translated,,PASS,10,,,,,Everything matches. I'm spotting every Royan rune site in Bjartr Woods on this map.,Khớp hết rồi. Tôi đang thấy mọi địa điểm ký tự Royan trong khu rừng Bjartr trên bản đồ này.,
lang_multi_text_1sthalf.db,MultiText,Id,Zuoyequnxing_83_18,Content,dialogue,translated,,PASS,10,,,,,(But what about the other coordinates...),(Nhưng còn những tọa độ khác thì sao...),
lang_multi_text_1sthalf.db,MultiText,Id,Zuoyequnxing_83_19,Content,dialogue,translated,,PASS,10,,,,,"Wait, I know that spot. That's where the Void Storm hit at the start of all this.","Chờ đã, tôi biết chỗ đó. Đó là nơi Void Storm đổ bộ ngay từ đầu.",
lang_multi_text_1sthalf.db,MultiText,Id,Zuoyequnxing_83_20,Content,dialogue,translated,,PASS,10,,,,,You know... that time. When we first met.,Cậu biết mà... lần đó. Khi chúng ta mới gặp nhau.,
lang_multi_text_1sthalf.db,MultiText,Id,Zuoyequnxing_83_21,Content,dialogue,translated,,PASS,10,,,,,The time we ran into a Voidworm?,Lần chúng ta đụng phải Voidworm ấy hả?,
lang_multi_text_1sthalf.db,MultiText,Id,Zuoyequnxing_83_22,Content,dialogue,translated,,PASS,10,,,,,The time you hit me with your motorbike?,Lần cậu tông em bằng xe máy ấy à?,
lang_multi_text_1sthalf.db,MultiText,Id,Zuoyequnxing_83_23,Content,dialogue,translated,,PASS,10,,,,,"Yeah, yeah, that one.","Ừ, ừ, đúng cái lần đó.",
lang_multi_text_1sthalf.db,MultiText,Id,Zuoyequnxing_83_24,Content,dialogue,translated,,PASS,10,,,,,"Ahaha, sorry... Ahem, anyway! Back to business!","Ahaha, xin lỗi... À mà thôi! Quay lại chuyện chính nào!",
lang_multi_text_1sthalf.db,MultiText,Id,Zuoyequnxing_83_25,Content,dialogue,translated,,PASS,10,,,,,Void Storms...,Void Storm...,
lang_multi_text_1sthalf.db,MultiText,Id,Zuoyequnxing_83_26,Content,dialogue,translated,,PASS,10,,,,,If we reverse-match the coordinates by transcription order…,Nếu ta đảo ngược tọa độ theo thứ tự phiên mã…,
lang_multi_text_1sthalf.db,MultiText,Id,Zuoyequnxing_83_27,Content,dialogue,translated,,PASS,10,,,,,Then Royan runes could be marking every spot a Void Storm has ever hit!,Vậy thì các rune của tộc Roya có thể đang đánh dấu mọi địa điểm mà Void Storm từng quét qua!,
lang_multi_text_1sthalf.db,MultiText,Id,Zuoyequnxing_83_28,Content,dialogue,translated,,PASS,10,,,,,"...So it is. We Roya have observed something similar, but never perceived it as a universal law.","...Đúng là như vậy. Chúng ta, tộc Roya, từng quan sát thấy hiện tượng tương tự, nhưng chưa bao giờ coi đó là một quy luật phổ quát.",
lang_multi_text_1sthalf.db,MultiText,Id,Zuoyequnxing_83_29,Content,dialogue,translated,,PASS,10,,,,,"Well, the runes aren't exactly neon signs on the stone boulders saying ""LOOK HERE.""","Nhưng mà những rune ấy đâu có giống như biển hiệu neon trên những tảng đá mà hô to ""NHÌN VÀO ĐÂY"" đâu.",
lang_multi_text_1sthalf.db,MultiText,Id,Zuoyequnxing_83_30,Content,dialogue,translated,,PASS,10,,,,,There are too many locations. With the personnel we have left and the autonomous bots...,Có quá nhiều địa điểm. Với nhân lực còn lại và mấy con bot tự động...,
lang_multi_text_1sthalf.db,MultiText,Id,Zuoyequnxing_83_31,Content,dialogue,translated,,PASS,10,,,,,Leave the manpower to me.,Để việc nhân lực cho tôi lo.,
lang_multi_text_1sthalf.db,MultiText,Id,Zuoyequnxing_83_32,Content,dialogue,translated,,PASS,10,,,,,You want to bring people back from the escape pods?,Cậu muốn đưa người từ các khoang thoát hiểm trở lại à?,
lang_multi_text_1sthalf.db,MultiText,Id,Zuoyequnxing_83_33,Content,dialogue,translated,,PASS,10,,,,,"Precisely, {PlayerName}.","Đúng vậy, {PlayerName}.",
lang_multi_text_1sthalf.db,MultiText,Id,Zuoyequnxing_83_34,Content,dialogue,translated,,PASS,10,,,,,"With Void Storms spreading, sending people back out to find hidden runes is too dangerous.","Với sự lan rộng của Bão Hư Không, việc phái người ra ngoài tìm kiếm các rune ẩn giấu quá nguy hiểm rồi.",
lang_multi_text_1sthalf.db,MultiText,Id,Zuoyequnxing_83_35,Content,dialogue,translated,,PASS,10,,,,,"Any venture into the unknown carries risk, {PlayerName}.","Bất kỳ cuộc phiêu lưu nào vào nơi chưa biết đều tiềm ẩn rủi ro, {PlayerName}.",
lang_multi_text_1sthalf.db,MultiText,Id,Zuoyequnxing_83_36,Content,dialogue,translated,,PASS,10,,,,,Studying the Threnodian was a risk. Playing chess with the Fractsidus was a risk.,Nghiên cứu Threnodian là một rủi ro. Chơi cờ với Fractsidus cũng là một rủi ro.,
lang_multi_text_1sthalf.db,MultiText,Id,Zuoyequnxing_83_37,Content,dialogue,translated,,PASS,10,,,,,And piloting the Exostrider through the Stridergate was certainly a risk.,Và điều khiển Exostrider xuyên qua Stridergate chắc chắn là một rủi ro.,
lang_multi_text_1sthalf.db,MultiText,Id,Zuoyequnxing_83_38,Content,dialogue,translated,,PASS,10,,,,,"But where there is a sliver of hope, the Spacetrek Collective will always find people willing to bet on it. Once Duskveil is initiated, this place becomes a sealed tomb.","Nhưng nơi nào còn một tia hy vọng, Spacetrek Collective sẽ luôn tìm thấy những người sẵn sàng đặt cược vào nó. Một khi Duskveil được kích hoạt, nơi này sẽ trở thành một ngôi mộ bị phong ấn.",
lang_multi_text_1sthalf.db,MultiText,Id,Zuoyequnxing_83_39,Content,dialogue,translated,,PASS,10,,,,,The intelligence retrieved from Voidspace is our only remaining asset up for study. It's our only leverage against Aleph-1 before Duskveil fails.,Tình báo thu thập từ Voidspace là tài sản nghiên cứu cuối cùng còn lại của chúng ta. Đó là đòn bẩy duy nhất chống lại Aleph-1 trước khi Duskveil sụp đổ.,
lang_multi_text_1sthalf.db,MultiText,Id,Zuoyequnxing_83_40,Content,dialogue,translated,,PASS,10,,,,,"We have the capability, the responsibility, and the will to secure this Voidspace data.","Chúng ta có đủ năng lực, trách nhiệm và ý chí để bảo vệ dữ liệu Voidspace này.",
lang_multi_text_1sthalf.db,MultiText,Id,Zuoyequnxing_83_41,Content,dialogue,translated,,PASS,10,,,,,"Face the unknown, and we may lose much. Flee from it, and we lose everything.","Đối mặt với điều chưa biết, chúng ta có thể mất nhiều thứ. Nhưng nếu trốn tránh, chúng ta sẽ mất tất cả.",
lang_multi_text_1sthalf.db,MultiText,Id,Zuoyequnxing_83_42,Content,dialogue,translated,,PASS,10,,,,,Then leave Bjartr Woods to me.,Vậy hãy để Bjartr Woods cho tôi.,
lang_multi_text_1sthalf.db,MultiText,Id,Zuoyequnxing_83_43,Content,dialogue,translated,,PASS,10,,,,,It's the most heavily contaminated area. If this is because of what happened to the Exostrider—,Đó là khu vực bị ô nhiễm nặng nhất. Nếu điều này là do chuyện xảy ra với Exostrider—,
lang_multi_text_1sthalf.db,MultiText,Id,Zuoyequnxing_83_44,Content,dialogue,translated,,PASS,10,,,,,"Capability, responsibility, and the will...","Năng lực, trách nhiệm và ý chí...",
lang_multi_text_1sthalf.db,MultiText,Id,Zuoyequnxing_83_45,Content,dialogue,translated,,PASS,10,,,,,I have them all.,Tớ có đủ hết rồi này.,
lang_multi_text_1sthalf.db,MultiText,Id,Zuoyequnxing_83_46,Content,dialogue,translated,,PASS,10,,,,,"Then, then...Please give me your hand, {PlayerName}!","Thế thì... thế thì... Cậu đưa tay đây cho tớ nào, {PlayerName}!",
lang_multi_text_1sthalf.db,MultiText,Id,Zuoyequnxing_83_47,Content,dialogue,translated,,PASS,10,,,,,Use this. It will guide you to other Royan runes.,Hãy dùng cái này. Nó sẽ dẫn cậu đến những rune Royan khác.,
lang_multi_text_1sthalf.db,MultiText,Id,Zuoyequnxing_83_48,Content,dialogue,translated,,PASS,10,,,,,"Oh, and take this one too! It's for protection. With it, you'll definitely come back safely!","À, và cầm luôn cái này nữa! Nó để bảo vệ đó. Với nó, cậu nhất định sẽ trở về an toàn!",
lang_multi_text_1sthalf.db,MultiText,Id,Zuoyequnxing_83_49,Content,dialogue,translated,,PASS,10,,,,,"With your runes, I'll be fine.","Với những rune của cậu, tớ sẽ ổn thôi.",
lang_multi_text_1sthalf.db,MultiText,Id,Zuoyequnxing_83_50,Content,dialogue,translated,,PASS,10,,,,,"With Siggy's magical rune, nothing bad will happen!","Với rune phép thuật của Siggy, sẽ chẳng có chuyện gì xấu xảy ra đâu!",
lang_multi_text_1sthalf.db,MultiText,Id,Zuoyequnxing_83_51,Content,dialogue,translated,,PASS,10,,,,,The clock starts now. Recover all Royan runes before Duskveil gets initiated.,Đồng hồ bắt đầu đếm ngược. Hãy thu thập tất cả các Royan rune trước khi Duskveil được kích hoạt.,
lang_multi_text_1sthalf.db,MultiText,Id,Zuoyequnxing_83_52,Content,dialogue,translated,,PASS,10,,,,,"The moment the Cassette is analyzed, screens connected to the entire server bank inside the Depository begin to flicker. This Cassette holds thousands of records, far exceeding its capacity. Through Mornye and the Shaper's analysis, you discover that it holds a dense web of coordinates across Lahai-Roi, each one a site where Void Storms ravaged and Royan runes were found.
In the end, the need for answers outweighs the risk. Chase greenlights the urgent task of collecting these runes to confirm the Cassette's information before ""Duskveil"" is initiated.","Ngay khi Cassette được phân tích, các màn hình kết nối với toàn bộ máy chủ bên trong Depository bắt đầu nhấp nháy. Cassette này chứa hàng nghìn bản ghi, vượt xa dung lượng của nó. Qua phân tích của Mornye và Shaper, cậu phát hiện ra rằng nó chứa một mạng lưới tọa độ dày đặc trên khắp Lahai-Roi, mỗi tọa độ là một địa điểm bị Void Storm tàn phá và tìm thấy Royan rune.
Cuối cùng, nhu cầu tìm kiếm câu trả lời đã vượt qua mọi rủi ro. Chase bật đèn xanh cho nhiệm vụ khẩn cấp thu thập các rune này để xác nhận thông tin trong Cassette trước khi ""Duskveil"" được kích hoạt.",
lang_multi_text_1sthalf.db,MultiText,Id,Zuoyequnxing_84_1,Content,dialogue,translated,,PASS,10,,,,,Oh...,Ồ...,
lang_multi_text_1sthalf.db,MultiText,Id,Zuoyequnxing_84_2,Content,dialogue,translated,,PASS,10,,,,,"My hand feels so warm. Incredible, it's like magic...","Tay mình cảm thấy ấm áp quá. Thật không thể tin nổi, giống như phép thuật vậy...",
lang_multi_text_1sthalf.db,MultiText,Id,Zuoyequnxing_84_3,Content,dialogue,translated,,PASS,10,,,,,Huh... so this is a Royan rune...,Hừm... vậy đây là Royan rune à...,
lang_multi_text_1sthalf.db,MultiText,Id,Zuoyequnxing_85_1,Content,dialogue,translated,,PASS,10,,,,,I'm splitting everyone into teams. Depart in waves according to your assigned group.,Tớ sẽ chia mọi người thành các đội. Xuất phát theo đợt dựa trên nhóm được phân công nhé.,
lang_multi_text_1sthalf.db,MultiText,Id,Zuoyequnxing_85_2,Content,dialogue,translated,,PASS,10,,,,,Good. I will prepare the interpretation for the Royan runes.,Tốt. Tôi sẽ chuẩn bị phần giải nghĩa cho các ký tự Royan.,
lang_multi_text_1sthalf.db,MultiText,Id,Zuoyequnxing_86_1,Content,dialogue,translated,,PASS,10,,,,,"I'll take charge... Yes, I'll make sure none of the Spacetrek Collective's proprietary tech leaks...","Tôi sẽ phụ trách... Vâng, tôi sẽ đảm bảo không để lộ bất kỳ công nghệ độc quyền nào của Spacetrek Collective...",
lang_multi_text_1sthalf.db,MultiText,Id,Zuoyequnxing_87_1,Content,dialogue,translated,,PASS,10,,,,,Preliminary deployment is complete. All teams must reach their assigned sectors on schedule.,Triển khai sơ bộ đã hoàn tất. Tất cả các đội phải đến khu vực được phân công đúng lịch trình.,
lang_multi_text_1sthalf.db,MultiText,Id,Zuoyequnxing_87_2,Content,dialogue,translated,,PASS,10,,,,,The teacher team has reached the high-risk zone ahead of time. Beginning full sector scan now!,Đội giáo viên đã đến vùng nguy hiểm cao sớm hơn dự kiến. Bắt đầu quét toàn bộ khu vực ngay!,
lang_multi_text_1sthalf.db,MultiText,Id,Zuoyequnxing_87_3,Content,dialogue,translated,,PASS,10,,,,,Student Council here. We've engaged a rampaging Exoswarm herd. Estimated arrival at the mid-risk zone in two minutes.,Hội Học sinh đây. Chúng tôi đã chặn một đàn Exoswarm đang hoành hành. Dự kiến chúng sẽ đến khu vực nguy cơ trung bình trong hai phút.,
lang_multi_text_1sthalf.db,MultiText,Id,Zuoyequnxing_87_4,Content,dialogue,translated,,PASS,10,,,,,All medical units are deployed sector-wide. Standing by to ensure personnel safety.,Tất cả đơn vị y tế đã được triển khai trên toàn khu vực. Sẵn sàng đảm bảo an toàn cho nhân sự.,
lang_multi_text_1sthalf.db,MultiText,Id,Zuoyequnxing_87_5,Content,dialogue,translated,,PASS,10,,,,,This is the Command Post. We're positioned at the Void Storm's edge. All Void Storm trajectory updates will be sent to your Terminals in real time.,Đây là Trạm Chỉ Huy. Chúng ta đang đóng quân ở rìa Bão Hư Không. Mọi cập nhật quỹ đạo Bão Hư Không sẽ được gửi đến Terminal của các cậu theo thời gian thực.,
lang_multi_text_1sthalf.db,MultiText,Id,Zuoyequnxing_87_6,Content,dialogue,translated,,PASS,10,,,,,Remember this... We all come home.,Hãy nhớ điều này... Tất cả chúng ta sẽ trở về nhà.,
lang_multi_text_1sthalf.db,MultiText,Id,Zuoyequnxing_88_1,Content,dialogue,translated,,PASS,10,,,,,What's your status? I saw you dash straight into the most contaminated area when I passed Bjartr Woods.,Tình hình của cậu thế nào? Tớ đi ngang qua Bjartr Woods và thấy cậu lao thẳng vào khu vực ô nhiễm nặng nhất ấy.,
lang_multi_text_1sthalf.db,MultiText,Id,Zuoyequnxing_88_2,Content,dialogue,translated,,PASS,10,,,,,"So far, so good. How's it looking on your end?",Tạm ổn rồi. Bên cậu sao rồi?,
lang_multi_text_1sthalf.db,MultiText,Id,Zuoyequnxing_88_3,Content,dialogue,translated,,PASS,10,,,,,"My section is pretty far out. On the bright side, they gave me a permit to ignore all speed limits!",Khu vực của tớ khá xa đấy. Nhưng may là họ cho tớ giấy phép bỏ qua mọi giới hạn tốc độ!,
lang_multi_text_1sthalf.db,MultiText,Id,Zuoyequnxing_88_4,Content,dialogue,translated,,PASS,10,,,,,Catch you on the other side!,Gặp lại cậu ở bên kia nhé!,
lang_multi_text_1sthalf.db,MultiText,Id,Zuoyequnxing_89_1,Content,dialogue,translated,,PASS,10,,,,,Um... is this coming through? Sigrika reporting. I'm halfway finished with the rune deciphering!,Ưm... tín hiệu có vào không? Sigrika báo cáo. Tôi đã giải mã được một nửa số ký tự rồi!,
lang_multi_text_1sthalf.db,MultiText,Id,Zuoyequnxing_89_2,Content,dialogue,translated,,PASS,10,,,,,"Respected Shaper, are you alright?","Kính thưa Shaper, ngài có ổn không?",
lang_multi_text_1sthalf.db,MultiText,Id,Zuoyequnxing_89_3,Content,dialogue,translated,,PASS,10,,,,,All is well. No need for concern... This is a public channel...,Mọi chuyện ổn cả. Không cần lo lắng... Đây là kênh công cộng mà...,
lang_multi_text_1sthalf.db,MultiText,Id,Zuoyequnxing_90_1,Content,dialogue,translated,,PASS,10,,,,,"Lucilla, how are things on your side?","Lucilla, tình hình bên cậu thế nào?",
lang_multi_text_1sthalf.db,MultiText,Id,Zuoyequnxing_90_2,Content,dialogue,translated,,PASS,10,,,,,We're almost there. Sigrika's taken some pressure off the Heliodic Six. Rune deciphering is going well.,Sắp xong rồi. Sigrika đã giảm bớt áp lực cho Heliodic Six. Việc giải mã ký tự diễn ra suôn sẻ.,
lang_multi_text_1sthalf.db,MultiText,Id,Zuoyequnxing_90_3,Content,dialogue,translated,,PASS,10,,,,,Start heading back. Most teams are already returning.,Bắt đầu quay về đi. Hầu hết các đội đã trở lại rồi.,
lang_multi_text_1sthalf.db,MultiText,Id,Zuoyequnxing_90_4,Content,dialogue,translated,,PASS,10,,,,,...I'll be there soon.,...Tớ sẽ đến đó sớm thôi.,
lang_multi_text_1sthalf.db,MultiText,Id,Zuoyequnxing_91_1,Content,dialogue,translated,,PASS,10,,,,,"According to the map, the first one should be around here.",Theo bản đồ thì cái đầu tiên phải ở quanh đây.,
lang_multi_text_1sthalf.db,MultiText,Id,Zuoyequnxing_91_2,Content,dialogue,translated,,PASS,10,,,,,"Huh. Didn't notice before, but… there're some shredded frequencies hanging around this spot.","Hừm. Trước giờ không để ý, nhưng... có vài tần số bị xé rách đang lởn vởn quanh chỗ này.",
lang_multi_text_1sthalf.db,MultiText,Id,Zuoyequnxing_91_3,Content,dialogue,translated,,PASS,10,,,,,Abby? You're awake?,Abby? Cậu tỉnh rồi à?,
lang_multi_text_1sthalf.db,MultiText,Id,Zuoyequnxing_91_4,Content,dialogue,translated,,PASS,10,,,,,"Didn't seem like the right time for a chat before! But hey, you've got a real knack for rallying the troops, huh? Hehe.","Trước giờ không phải lúc để nói chuyện đâu! Nhưng mà, cậu có tài tập hợp mọi người thật đấy, haha.",
lang_multi_text_1sthalf.db,MultiText,Id,Zuoyequnxing_92_1,Content,dialogue,translated,,PASS,10,,,,,The rune's responding...,Rune đang phản hồi kìa...,
lang_multi_text_1sthalf.db,MultiText,Id,Zuoyequnxing_93_1,Content,dialogue,translated,,PASS,10,,,,,Whoa! Something's glowing over there!,Ôi! Có gì đó đang phát sáng ở đằng kia!,
lang_multi_text_1sthalf.db,MultiText,Id,Zuoyequnxing_93_2,Content,dialogue,translated,,PASS,10,,,,,"Those outer rune fragments... Line them up just right, and they might connect with the runes on the boulders. Let's try.",Mấy mảnh rune bên ngoài kia... Xếp chúng cho khớp với các rune trên tảng đá đi. Thử xem nào.,
lang_multi_text_1sthalf.db,MultiText,Id,Zuoyequnxing_94_1,Content,dialogue,translated,,PASS,10,,,,,Too slow. Need to activate the rune again.,Chậm quá. Phải kích hoạt lại rune thôi.,
lang_multi_text_1sthalf.db,MultiText,Id,Zuoyequnxing_96_1,Content,dialogue,translated,,PASS,10,,,,,Jackpot! We actually found one...!,Trúng rồi! Thực sự tìm được một cái này...!,
lang_multi_text_1sthalf.db,MultiText,Id,Zuoyequnxing_96_2,Content,dialogue,translated,,PASS,10,,,,,Good. I'll send it to the Shaper and the others for a look.,Tốt. Tôi sẽ gửi nó cho Shaper và mấy người kia xem qua.,
lang_multi_text_1sthalf.db,MultiText,Id,Zuoyequnxing_97_1,Content,dialogue,translated,,PASS,10,,,,,All right. On to the next rune.,Được rồi. Tiếp tục tìm rune tiếp theo thôi.,
lang_multi_text_1sthalf.db,MultiText,Id,Zuoyequnxing_98_1,Content,dialogue,translated,,PASS,10,,,,,Same as before...,Vẫn như cũ thôi...,
lang_multi_text_1sthalf.db,MultiText,Id,Zuoyequnxing_99_1,Content,dialogue,translated,,PASS,10,,,,,"Ugh, we were so close! Let's try again!","Ui, suýt nữa là được rồi! Thử lại nào!",
lang_multi_text_1sthalf.db,MultiText,Id,Zuoyequnxing_205_1,Content,dialogue,translated,,PASS,10,,,,,One spot cleared...,Một điểm đã dọn xong...,
lang_multi_text_1sthalf.db,MultiText,Id,Zuoyequnxing_206_1,Content,dialogue,translated,,PASS,10,,,,,"Right, now I just need to contact President Lucilla...","Được rồi, giờ chỉ cần liên lạc với Chủ tịch Lucilla thôi...",
lang_multi_text_1sthalf.db,MultiText,Id,Zuoyequnxing_206_2,Content,dialogue,translated,,PASS,10,,,,,{PlayerName}! What are you doin' here?,{PlayerName}! Cậu làm gì ở đây thế?,
lang_multi_text_1sthalf.db,MultiText,Id,Zuoyequnxing_206_3,Content,dialogue,translated,,PASS,10,,,,,How's it going?,Dạo này thế nào?,
lang_multi_text_1sthalf.db,MultiText,Id,Zuoyequnxing_206_4,Content,dialogue,translated,,PASS,10,,,,,Just checking in on you.,Tớ chỉ ghé qua xem cậu thế nào thôi.,
lang_multi_text_1sthalf.db,MultiText,Id,Zuoyequnxing_206_5,Content,dialogue,translated,,PASS,10,,,,,Everything's been smooth on this end. Weren't many runes left to collect near the Academy.,Ở bên này mọi thứ đều ổn. Không còn nhiều rune để thu thập gần Học viện đâu.,
lang_multi_text_1sthalf.db,MultiText,Id,Zuoyequnxing_206_6,Content,dialogue,translated,,PASS,10,,,,,Plus... you know. Guess my days in the New Fed weren't all for nothing. I'm just glad it's me out here instead of the other students.,Thêm nữa... cậu biết đấy. Có lẽ những ngày tháng ở New Fed cũng không hoàn toàn vô ích. Tớ chỉ mừng vì người ở đây là tớ chứ không phải mấy học sinh khác.,
lang_multi_text_1sthalf.db,MultiText,Id,Zuoyequnxing_206_7,Content,dialogue,translated,,PASS,10,,,,,"Yeah... Still, better to play it safe. Don't stay out here longer than you need to.",Ừ... Dù sao cũng nên cẩn thận thôi. Đừng ở ngoài này lâu hơn mức cần thiết nhé.,
lang_multi_text_1sthalf.db,MultiText,Id,Zuoyequnxing_206_8,Content,dialogue,translated,,PASS,10,,,,,"Um, which student was it again who volunteered for the most dangerous zone? Now {Male=he's;Female=she's} telling ME to play it safe? Relax.","Ơ, học sinh nào đây nhỉ đã xung phong nhận khu vực nguy hiểm nhất? Giờ lại bảo TÔI phải cẩn thận? Thư giãn đi.",
lang_multi_text_1sthalf.db,MultiText,Id,Zuoyequnxing_206_9,Content,dialogue,translated,,PASS,10,,,,,"I got it. But our window is ticking by, so let's get back to our missions.","Tôi hiểu rồi. Nhưng thời gian không còn nhiều, quay lại nhiệm vụ thôi.",
lang_multi_text_1sthalf.db,MultiText,Id,Zuoyequnxing_209_1,Content,dialogue,translated,,PASS,10,,,,,Time to head back...,Đến lúc quay về rồi...,
lang_multi_text_1sthalf.db,MultiText,Id,Zuoyequnxing_210_1,Content,dialogue,translated,,PASS,10,,,,,{PlayerName}? Why are you at the Academy? Weren't you supposed to be in charge of the Bjartr Woods sector?,{PlayerName}? Sao cậu lại ở Học viện? Không phải cậu phụ trách khu vực Rừng Bjartr sao?,
lang_multi_text_1sthalf.db,MultiText,Id,Zuoyequnxing_210_2,Content,dialogue,translated,,PASS,10,,,,,Just checking on the situation here.,Chỉ là kiểm tra tình hình ở đây thôi.,
lang_multi_text_1sthalf.db,MultiText,Id,Zuoyequnxing_210_3,Content,dialogue,translated,,PASS,10,,,,,Just checking in on you.,Tớ chỉ ghé qua xem cậu thế nào thôi.,
lang_multi_text_1sthalf.db,MultiText,Id,Zuoyequnxing_210_4,Content,dialogue,translated,,PASS,10,,,,,Things have been progressing smoothly. Lynae's working on it too.,Mọi việc đang tiến triển thuận lợi. Lynae cũng đang xử lý phần của cô ấy.,
lang_multi_text_1sthalf.db,MultiText,Id,Zuoyequnxing_210_5,Content,dialogue,translated,,PASS,10,,,,,"Me? I'm fine, but the situation in Bjartr Woods is complicated. You need to be careful.","Còn tôi thì ổn, nhưng tình hình ở Bjartr Woods khá phức tạp. Cậu cần phải cẩn thận đấy.",
lang_multi_text_1sthalf.db,MultiText,Id,Zuoyequnxing_210_6,Content,dialogue,translated,,PASS,10,,,,,"When I saw you return from the Stridergate, I wasn't sure if I should say something comforting... I thought you would—","Khi thấy cậu trở về từ Stridergate, tớ không biết có nên nói gì để an ủi không... Tớ cứ nghĩ cậu sẽ—",
lang_multi_text_1sthalf.db,MultiText,Id,Zuoyequnxing_210_7,Content,dialogue,translated,,PASS,10,,,,,I would be more depressed?,Sẽ buồn hơn à?,
lang_multi_text_1sthalf.db,MultiText,Id,Zuoyequnxing_210_8,Content,dialogue,translated,,PASS,10,,,,,I would be more discouraged?,Sẽ nản chí hơn à?,
lang_multi_text_1sthalf.db,MultiText,Id,Zuoyequnxing_210_9,Content,dialogue,translated,,PASS,10,,,,,Don't worry. I don't have time for self-pity.,Đừng lo. Tớ không có thời gian để tự thương hại bản thân đâu.,
lang_multi_text_1sthalf.db,MultiText,Id,Zuoyequnxing_210_10,Content,dialogue,translated,,PASS,10,,,,,"I'll leave things here to you, Chisa. It's time for me to get back to my own mission.","Mọi việc ở đây cứ để tớ lo, Chisa. Đến lúc tớ phải quay lại nhiệm vụ của mình rồi.",
lang_multi_text_1sthalf.db,MultiText,Id,Zuoyequnxing_210_11,Content,dialogue,translated,,PASS,10,,,,,Right. See you later!,Ừ. Hẹn gặp lại sau nhé!,
lang_multi_text_1sthalf.db,MultiText,Id,Zuoyequnxing_21014_1,Content,dialogue,translated,,PASS,10,,,,,Get back to the Institute. Now!,Quay lại Viện. Ngay lập tức!,
lang_multi_text_1sthalf.db,MultiText,Id,Zuoyequnxing_21014_2,Content,dialogue,translated,,PASS,10,,,,,"Professor, I'm going stir-crazy in there. Let me do something!","Thưa Giáo sư, em ngồi không trong đó phát điên mất thôi. Hãy để em làm gì đó đi!",
lang_multi_text_1sthalf.db,MultiText,Id,Zuoyequnxing_21014_3,Content,dialogue,translated,,PASS,10,,,,,You just got out of emergency debridement. You don't get a say.,Em vừa mới trải qua phẫu thuật cắt lọc khẩn cấp. Em không có quyền lên tiếng đâu.,
lang_multi_text_1sthalf.db,MultiText,Id,Zuoyequnxing_21014_4,Content,dialogue,translated,,PASS,10,,,,,"If you've got energy to spare, stay and help carry the injured. You're not going anywhere near the danger zone again!","Nếu em còn thừa sức lực, thì ở lại đây và giúp vận chuyển người bị thương. Em không được lại gần khu vực nguy hiểm lần nữa!",
lang_multi_text_1sthalf.db,MultiText,Id,Zuoyequnxing_21015_1,Content,dialogue,translated,,PASS,10,,,,,"Professor! We just got word from President Lucilla, a Void Storm is about to hit up ahead!","Thưa Giáo sư! Chúng ta vừa nhận được tin từ Chủ tịch Lucilla, một cơn Void Storm sắp ập đến phía trước!",
lang_multi_text_1sthalf.db,MultiText,Id,Zuoyequnxing_21015_2,Content,dialogue,translated,,PASS,10,,,,,Then we find another road.,Vậy thì tìm đường khác thôi.,
lang_multi_text_1sthalf.db,MultiText,Id,Zuoyequnxing_21015_3,Content,dialogue,translated,,PASS,10,,,,,There's no other road. Nothing drivable!,Không còn con đường nào khác cả. Không có gì chạy được!,
lang_multi_text_1sthalf.db,MultiText,Id,Zuoyequnxing_21015_4,Content,dialogue,translated,,PASS,10,,,,,"...Not a problem, we'll just make one ourselves. Bring me the expedition motorbike!","...Không vấn đề, chúng ta sẽ tự tạo ra một con đường. Đưa xe máy thám hiểm cho tôi!",
lang_multi_text_1sthalf.db,MultiText,Id,Zuoyequnxing_21016_1,Content,dialogue,translated,,PASS,10,,,,,Miss Zahira! We recovered the rune from the area sealed off by the Void Storm!,Bà Zahira! Chúng tôi đã lấy lại được rune từ khu vực bị phong ấn bởi Void Storm!,
lang_multi_text_1sthalf.db,MultiText,Id,Zuoyequnxing_21016_2,Content,dialogue,translated,,PASS,10,,,,,"If not for the route map you charted, we never would've found a path around it.","Nếu không có bản đồ lộ trình bà vẽ, chúng tôi đã chẳng thể tìm được đường vòng qua đó.",
lang_multi_text_1sthalf.db,MultiText,Id,Zuoyequnxing_21016_3,Content,dialogue,translated,,PASS,10,,,,,Zahira says nothing. A moment passed...,Zahira không nói gì. Một khoảnh khắc trôi qua...,
lang_multi_text_1sthalf.db,MultiText,Id,Zuoyequnxing_21016_4,Content,dialogue,translated,,PASS,10,,,,,A route! I saw an image of a route we can take in my head!,Một lộ trình! Em thấy hình ảnh một con đường chúng ta có thể đi trong đầu!,
lang_multi_text_1sthalf.db,MultiText,Id,Zuoyequnxing_21016_5,Content,dialogue,translated,,PASS,10,,,,,Let's move out!,Tiến thôi!,
lang_multi_text_1sthalf.db,MultiText,Id,Zuoyequnxing_21017_1,Content,dialogue,translated,,PASS,10,,,,,You have some gall to show your face here again.,"Mặt dày thật đấy, dám quay lại đây lần nữa.",
lang_multi_text_1sthalf.db,MultiText,Id,Zuoyequnxing_21017_2,Content,dialogue,translated,,PASS,10,,,,,I care not for Lahai-Roi. I have wanted to escape my entire life.,Ta không màng đến Lahai-Roi. Ta đã muốn trốn chạy cả đời nay rồi.,
lang_multi_text_1sthalf.db,MultiText,Id,Zuoyequnxing_21017_3,Content,dialogue,translated,,PASS,10,,,,,"But... it is still my home. Here, we found this rune.","Nhưng... đây vẫn là nhà của ta. Ở đây, chúng ta tìm thấy ký tự này.",
lang_multi_text_1sthalf.db,MultiText,Id,Zuoyequnxing_21017_4,Content,dialogue,translated,,PASS,10,,,,,One deed does not wash away what you are. You are still a disgrace.,Một hành động không thể rửa sạch bản chất của ngươi. Ngươi vẫn là một kẻ ô nhục.,
lang_multi_text_1sthalf.db,MultiText,Id,Zuoyequnxing_21017_5,Content,dialogue,translated,,PASS,10,,,,,"I'm going to the next site, Father.","Con sẽ đến địa điểm tiếp theo, thưa cha.",
lang_multi_text_1sthalf.db,MultiText,Id,Zuoyequnxing_21018_1,Content,dialogue,translated,,PASS,10,,,,,That girl... still no response. And her name wasn't on the operation roster that came through the Archive either...,Cô bé đó... vẫn không phản hồi gì. Và tên cô ấy cũng không có trong danh sách tác chiến mà Kho Lưu Trữ gửi về...,
lang_multi_text_1sthalf.db,MultiText,Id,Zuoyequnxing_21018_2,Content,dialogue,translated,,PASS,10,,,,,"Nastasha, we need to move. Our window to move before the next Void Storm won't last.","Nastasha, chúng ta phải di chuyển thôi. Khoảng thời gian để hành động trước cơn Bão Hư Không tiếp theo không còn nhiều.",
lang_multi_text_1sthalf.db,MultiText,Id,Zuoyequnxing_21018_3,Content,dialogue,translated,,PASS,10,,,,,Understood. I'll drop a quick message and join you.,Hiểu rồi. Tôi sẽ gửi nhanh một tin nhắn rồi theo cậu ngay.,
lang_multi_text_1sthalf.db,MultiText,Id,Zuoyequnxing_21018_4,Content,dialogue,translated,,PASS,10,,,,,You've looked uneasy since the evacuation began. What is it?,"Từ khi bắt đầu sơ tán, cậu trông cứ bất an vậy. Có chuyện gì à?",
lang_multi_text_1sthalf.db,MultiText,Id,Zuoyequnxing_21018_5,Content,dialogue,translated,,PASS,10,,,,,"Just one kid I can't stop worrying about... She's smart. She'll manage, right?","Chỉ là một đứa trẻ mà tôi không ngừng lo lắng... Nó thông minh mà. Nó sẽ ổn thôi, phải không?",
lang_multi_text_1sthalf.db,MultiText,Id,Zuoyequnxing_21018_6,Content,dialogue,translated,,PASS,10,,,,,Come on. We should go.,Thôi nào. Chúng ta nên đi rồi.,
lang_multi_text_1sthalf.db,MultiText,Id,Zuoyequnxing_21019_1,Content,dialogue,translated,,PASS,10,,,,,We get a five-minute window. No more. Three rune sites have to be secured in that time.,Chúng ta chỉ có năm phút. Không hơn. Phải đảm bảo an toàn cho ba địa điểm rune trong khoảng thời gian đó.,
lang_multi_text_1sthalf.db,MultiText,Id,Zuoyequnxing_21019_2,Content,dialogue,translated,,PASS,10,,,,,Senior...,Thưa đội trưởng...,
lang_multi_text_1sthalf.db,MultiText,Id,Zuoyequnxing_21019_3,Content,dialogue,translated,,PASS,10,,,,,No. Save it. I'm the director. I go first.,Không cần. Để sau đi. Tôi là đội trưởng. Tôi sẽ đi trước.,
lang_multi_text_1sthalf.db,MultiText,Id,Zuoyequnxing_21019_4,Content,dialogue,translated,,PASS,10,,,,,"If Nastasha and I don't make it back, then once you're safe, bring our Cassettes home.","Nếu Nastasha và tôi không quay về được, thì một khi các cậu đã an toàn, hãy mang Cassette của chúng tôi về nhà.",
lang_multi_text_1sthalf.db,MultiText,Id,Zuoyequnxing_21020_1,Content,dialogue,translated,,PASS,10,,,,,This angle gets everything in frame... Done.,Góc này lấy được toàn bộ khung hình... Xong rồi.,
lang_multi_text_1sthalf.db,MultiText,Id,Zuoyequnxing_21020_2,Content,dialogue,translated,,PASS,10,,,,,"How do you remember it so well? I hadn't even opened the map, and you were already dragging me over.",Sao cậu nhớ rõ thế? Tớ còn chưa kịp mở bản đồ mà cậu đã kéo tớ đi rồi.,
lang_multi_text_1sthalf.db,MultiText,Id,Zuoyequnxing_21020_3,Content,dialogue,translated,,PASS,10,,,,,"A long time ago, I was watching the Exoswarm and got distracted staring at these things. Lost the whole herd...","Lâu lắm rồi, hồi đó tớ đang canh bầy Exoswarm thì lại mải nhìn mấy thứ này. Cả đàn chạy mất tiêu luôn...",
lang_multi_text_1sthalf.db,MultiText,Id,Zuoyequnxing_21020_4,Content,dialogue,translated,,PASS,10,,,,,"My mother nearly skinned me alive for that one... After that, I couldn't help being wary of this place.","Mẹ tớ suýt lột da tớ sống vì chuyện đó... Từ đó, tớ không thể không cảnh giác mỗi khi đến chỗ này.",
lang_multi_text_1sthalf.db,MultiText,Id,Zuoyequnxing_21020_5,Content,dialogue,translated,,PASS,10,,,,,"Didn't know they were runes back then, obviously. But a memory like that sticks... Haha...",Hồi đó tớ cũng đâu biết đó là rune đâu. Nhưng ký ức như thế thì khó mà quên được... Haha...,
lang_multi_text_1sthalf.db,MultiText,Id,Zuoyequnxing_21020_6,Content,dialogue,translated,,PASS,10,,,,,"Then think again. Any other places you're ""wary of""?","Nghĩ lại xem. Còn nơi nào khác mà cậu ""cảnh giác"" không?",
lang_multi_text_1sthalf.db,MultiText,Id,Zuoyequnxing_21020_7,Content,dialogue,translated,,PASS,10,,,,,...What's that supposed to mean? That I'm always getting distracted?,...Ý cậu là sao? Tớ lúc nào cũng hay mất tập trung à?,
lang_multi_text_1sthalf.db,MultiText,Id,Zuoyequnxing_21020_8,Content,dialogue,translated,,PASS,10,,,,,"But okay, I can think of a few other times...","Nhưng được rồi, tớ cũng có thể nghĩ ra vài lần khác...",
lang_multi_text_1sthalf.db,MultiText,Id,Zuoyequnxing_21021_1,Content,dialogue,translated,,PASS,10,,,,,Maja's team works insanely fast...,Đội của Maja làm việc nhanh đến mức điên rồ...,
lang_multi_text_1sthalf.db,MultiText,Id,Zuoyequnxing_21021_2,Content,dialogue,translated,,PASS,10,,,,,How are they pulling this off?,Họ làm thế nào được nhỉ?,
lang_multi_text_1sthalf.db,MultiText,Id,Zuoyequnxing_21022_1,Content,dialogue,translated,,PASS,10,,,,,We're down to two motorbikes. The injured and the students go first. I'll head to the nearest team on foot.,Chúng ta chỉ còn hai chiếc xe máy. Những người bị thương và học sinh sẽ đi trước. Tôi sẽ đi bộ đến đội gần nhất.,
lang_multi_text_1sthalf.db,MultiText,Id,Zuoyequnxing_21022_2,Content,dialogue,translated,,PASS,10,,,,,And if a Void Storm crosses your path?,Còn nếu anh gặp phải Void Storm trên đường thì sao?,
lang_multi_text_1sthalf.db,MultiText,Id,Zuoyequnxing_21022_3,Content,dialogue,translated,,PASS,10,,,,,Exactly! Let me stay! I'm younger. Faster on my feet!,Đúng vậy! Để em ở lại đi! Em còn trẻ. Chạy nhanh hơn mà!,
lang_multi_text_1sthalf.db,MultiText,Id,Zuoyequnxing_21022_4,Content,dialogue,translated,,PASS,10,,,,,Absolutely not. I'm not saving myself by abandoning a student.,Tuyệt đối không. Tôi không thể tự cứu mình bằng cách bỏ rơi một học sinh.,
lang_multi_text_1sthalf.db,MultiText,Id,Zuoyequnxing_21022_5,Content,dialogue,translated,,PASS,10,,,,,"Don't worry, Hyvatia's data will help me chart a course around the Storm.","Đừng lo, dữ liệu của Hyvatia sẽ giúp tôi vạch ra lộ trình vòng quanh cơn Bão.",
lang_multi_text_1sthalf.db,MultiText,Id,Zuoyequnxing_21022_6,Content,dialogue,translated,,PASS,10,,,,,Have a little faith in my life's work!,Hãy tin một chút vào công trình cả đời của tôi đi!,
lang_multi_text_1sthalf.db,MultiText,Id,Zuoyequnxing_21023_1,Content,dialogue,translated,,PASS,10,,,,,Status on the students?,Tình hình các học sinh thế nào?,
lang_multi_text_1sthalf.db,MultiText,Id,Zuoyequnxing_21023_2,Content,dialogue,translated,,PASS,10,,,,,"Don't worry, ma'am. They're trickling back in.","Đừng lo, thưa cô. Họ đang dần quay về rồi ạ.",
lang_multi_text_1sthalf.db,MultiText,Id,Zuoyequnxing_21023_3,Content,dialogue,translated,,PASS,10,,,,,Keep the records updated. We are not leaving anyone unaccounted for.,Giữ hồ sơ cập nhật. Chúng ta không để sót bất kỳ ai.,
lang_multi_text_1sthalf.db,MultiText,Id,Zuoyequnxing_21023_4,Content,dialogue,translated,,PASS,10,,,,,"Yes, ma'am!","Vâng, thưa cô!",
lang_multi_text_1sthalf.db,MultiText,Id,Zuoyequnxing_21023_5,Content,dialogue,translated,,PASS,10,,,,,"One thing, though. Denia from the Department of Voidmatters hasn't answered us, and her name isn't on the roster of those who took shelter.","Tuy vậy, có một chuyện. Denia từ Bộ Voidmatters vẫn chưa trả lời chúng ta, và tên cô ấy cũng không có trong danh sách những người đã tìm nơi trú ẩn.",
lang_multi_text_1sthalf.db,MultiText,Id,Zuoyequnxing_21023_6,Content,dialogue,translated,,PASS,10,,,,,"Denia, hm... She'll be fine. The President will have taken care of that.",Denia à... Cô ấy sẽ ổn thôi. Chủ tịch chắc hẳn đã lo liệu việc đó rồi.,
lang_multi_text_1sthalf.db,MultiText,Id,Zuoyequnxing_21024_1,Content,dialogue,translated,,PASS,10,,,,,Chisa is amazing. That giant TD didn't even last a second against her.,Chisa thật tuyệt vời. Con TD khổng lồ đó còn không trụ được một giây trước cô ấy.,
lang_multi_text_1sthalf.db,MultiText,Id,Zuoyequnxing_21024_2,Content,dialogue,translated,,PASS,10,,,,,I figured she was just the brainy type. Didn't expect her to be that good in a fight too...,Tớ cứ tưởng cô ấy chỉ là mẫu người thông minh thôi. Không ngờ lại giỏi chiến đấu đến vậy...,
lang_multi_text_1sthalf.db,MultiText,Id,Zuoyequnxing_21024_3,Content,dialogue,translated,,PASS,10,,,,,You think this operation might be our chance? To become friends with her?,Cậu nghĩ nhiệm vụ lần này có thể là cơ hội của chúng ta không? Để trở thành bạn của cô ấy ấy?,
lang_multi_text_1sthalf.db,MultiText,Id,Zuoyequnxing_21024_4,Content,dialogue,translated,,PASS,10,,,,,Uh... maybe? Though she kind of never looks us in the eye...,Ừm... có lẽ? Dù sao thì cô ấy cũng chẳng bao giờ nhìn thẳng vào mắt chúng ta...,
lang_multi_text_1sthalf.db,MultiText,Id,Zuoyequnxing_21024_5,Content,dialogue,translated,,PASS,10,,,,,Then we go to her first!,Vậy thì chúng ta đến chỗ cô ấy trước đi!,
lang_multi_text_1sthalf.db,MultiText,Id,Zuoyequnxing_21025_1,Content,dialogue,translated,,PASS,10,,,,,Well? Any signs of the runes?,Sao rồi? Có thấy dấu hiệu của các rune không?,
lang_multi_text_1sthalf.db,MultiText,Id,Zuoyequnxing_21025_2,Content,dialogue,translated,,PASS,10,,,,,Hold on. One more sweep... It should be somewhere close by...,Đợi đã. Quét thêm một lượt nữa... Nó phải ở quanh đây thôi...,
lang_multi_text_1sthalf.db,MultiText,Id,Zuoyequnxing_21025_3,Content,dialogue,translated,,PASS,10,,,,,"Based on these coordinates, it should be right here in our search radius.","Dựa trên tọa độ này, nó phải nằm ngay trong phạm vi tìm kiếm của chúng ta.",
lang_multi_text_1sthalf.db,MultiText,Id,Zuoyequnxing_21025_4,Content,dialogue,translated,,PASS,10,,,,,Then let's think differently. What if that big rune formation wasn't carved by a single Void Storm?,Vậy thì hãy suy nghĩ khác đi. Nếu như vòng rune lớn đó không phải do một Void Storm duy nhất khắc lên thì sao?,
lang_multi_text_1sthalf.db,MultiText,Id,Zuoyequnxing_21025_5,Content,dialogue,translated,,PASS,10,,,,,You mean it's multiple runes stacked together? Hurry and bring over a Roya student!,Ý cậu là nhiều rune chồng lên nhau à? Mau gọi một học sinh Roya đến đây đi!,
lang_multi_text_1sthalf.db,MultiText,Id,Zuoyequnxing_21026_1,Content,dialogue,translated,,PASS,10,,,,,You had no business coming out of the shelter. You should've stayed there and waited for evacuation!,Cậu không nên rời khỏi nơi trú ẩn. Đáng lẽ cậu phải ở lại đó và chờ sơ tán!,
lang_multi_text_1sthalf.db,MultiText,Id,Zuoyequnxing_21026_2,Content,dialogue,translated,,PASS,10,,,,,"Professor, if playing it safe was all I wanted out of life, I never would've come to Lahai-Roi.","Thưa Giáo sư, nếu con chỉ muốn sống an toàn, con đã chẳng bao giờ đến Lahai-Roi.",
lang_multi_text_1sthalf.db,MultiText,Id,Zuoyequnxing_21026_3,Content,dialogue,translated,,PASS,10,,,,,No one's questioning your nerve. I'm telling you not to throw your life away.,Không ai nghi ngờ lòng dũng cảm của cậu. Tôi chỉ bảo cậu đừng phí mạng sống của mình thôi.,
lang_multi_text_1sthalf.db,MultiText,Id,Zuoyequnxing_21026_4,Content,dialogue,translated,,PASS,10,,,,,You've already done more than your fair share.,Cậu đã làm nhiều hơn phần việc của mình rồi.,
lang_multi_text_1sthalf.db,MultiText,Id,Zuoyequnxing_21026_5,Content,dialogue,translated,,PASS,10,,,,,Not even close. Not in this situation!,Còn lâu mới đủ. Trong tình thế này thì chưa!,
lang_multi_text_1sthalf.db,MultiText,Id,Zuoyequnxing_21027_1,Content,dialogue,translated,,PASS,10,,,,,"Tove, Sigrika reached out to you too, right?","Tove, Sigrika cũng đã liên lạc với cậu đúng không?",
lang_multi_text_1sthalf.db,MultiText,Id,Zuoyequnxing_21027_2,Content,dialogue,translated,,PASS,10,,,,,"She did. From what she described, I know a few places that might have runes.","Cô ấy có kể. Từ những gì cô ấy mô tả, tôi biết vài nơi có thể có rune.",
lang_multi_text_1sthalf.db,MultiText,Id,Zuoyequnxing_21027_3,Content,dialogue,translated,,PASS,10,,,,,"They're not easy to get to, but a Soliskin showed me the way before.","Những chỗ đó không dễ tiếp cận đâu, nhưng trước đây một Soliskin đã chỉ đường cho tôi.",
lang_multi_text_1sthalf.db,MultiText,Id,Zuoyequnxing_21027_4,Content,dialogue,translated,,PASS,10,,,,,"Marigold... Even now, it's still helping us.","Marigold... Đến giờ này, nó vẫn đang giúp chúng ta.",
lang_multi_text_1sthalf.db,MultiText,Id,Zuoyequnxing_21027_5,Content,dialogue,translated,,PASS,10,,,,,The Lahai-Roi that child fought to protect will not be left to sink into eternal darkness.,Lahai-Roi mà đứa trẻ ấy đã chiến đấu để bảo vệ sẽ không bị chìm vào bóng tối vĩnh hằng.,
lang_multi_text_1sthalf.db,MultiText,Id,Zuoyequnxing_21028_1,Content,dialogue,translated,,PASS,10,,,,,President Lucilla really sent {Male=him;Female=her} to Bjartr Woods by {Male=himself;Female=herself}...?,Chủ tịch Lucilla thực sự để {Male=anh ấy;Female=cô ấy} tự mình đến Rừng Bjartr sao...?,
lang_multi_text_1sthalf.db,MultiText,Id,Zuoyequnxing_21028_2,Content,dialogue,translated,,PASS,10,,,,,"{PlayerName}, the freshman?","Là {PlayerName}, tân sinh viên à?",
lang_multi_text_1sthalf.db,MultiText,Id,Zuoyequnxing_21028_3,Content,dialogue,translated,,PASS,10,,,,,More likely {Male=he;Female=she} volunteered.,Có lẽ {Male=anh ấy;Female=cô ấy} đã tự nguyện.,
lang_multi_text_1sthalf.db,MultiText,Id,Zuoyequnxing_21028_4,Content,dialogue,translated,,PASS,10,,,,,"You sound awfully sure, Professor.",Giáo sư có vẻ chắc chắn quá đấy.,
lang_multi_text_1sthalf.db,MultiText,Id,Zuoyequnxing_21028_5,Content,dialogue,translated,,PASS,10,,,,,"Hah. Whatever else Lucilla may be, she is not a woman who sends students to die.","Hừ. Dù Lucilla có là gì đi nữa, bà ấy cũng không phải loại người phái học trò đi chết đâu.",
lang_multi_text_1sthalf.db,MultiText,Id,Zuoyequnxing_21028_6,Content,dialogue,translated,,PASS,10,,,,,"Besides, {PlayerName} does seem to have a taste for chasing after the kind of trouble people write songs about.","Ngoài ra, {PlayerName} dường như rất thích lao vào những rắc rối mà người ta còn viết thành ca khúc đấy.",
lang_multi_text_1sthalf.db,MultiText,Id,Zuoyequnxing_21029_1,Content,dialogue,translated,,PASS,10,,,,,Gear check! Supply check! All set?!,Kiểm tra trang bị! Kiểm tra vật tư! Xong hết chưa?!,
lang_multi_text_1sthalf.db,MultiText,Id,Zuoyequnxing_21029_2,Content,dialogue,translated,,PASS,10,,,,,All set!,Xong hết rồi!,
lang_multi_text_1sthalf.db,MultiText,Id,Zuoyequnxing_21029_3,Content,dialogue,translated,,PASS,10,,,,,Charge those bikes to full! We're taking off all limits to Boost mode today!,Sạc đầy pin cho mấy chiếc xe đó đi! Hôm nay chúng ta sẽ mở hết giới hạn để vào chế độ Boost!,
lang_multi_text_1sthalf.db,MultiText,Id,Zuoyequnxing_21030_1,Content,dialogue,translated,,PASS,10,,,,,How many sets has Lynae turned in already?,Lynae đã nộp được bao nhiêu bộ rồi?,
lang_multi_text_1sthalf.db,MultiText,Id,Zuoyequnxing_21030_2,Content,dialogue,translated,,PASS,10,,,,,This is her fifth? Maybe sixth? I've lost count.,Đây là lần thứ năm à? Hay thứ sáu? Tớ đếm không xuể nữa rồi.,
lang_multi_text_1sthalf.db,MultiText,Id,Zuoyequnxing_21030_3,Content,dialogue,translated,,PASS,10,,,,,That kind of speed is just ridiculous...,Tốc độ như thế này đúng là... vô lý quá đi.,
lang_multi_text_1sthalf.db,MultiText,Id,Zuoyequnxing_21030_4,Content,dialogue,translated,,PASS,10,,,,,No kidding. She's already on her second set of tires!,Không đùa đâu. Cô ấy đã thay lốp lần thứ hai rồi đấy!,
lang_multi_text_1sthalf.db,MultiText,Id,Zuoyequnxing_21031_1,Content,dialogue,translated,,PASS,10,,,,,Feed Hyvatia's real-time data into I.R.I.S. too.,Đưa dữ liệu thời gian thực của Hyvatia vào I.R.I.S. luôn đi.,
lang_multi_text_1sthalf.db,MultiText,Id,Zuoyequnxing_21031_2,Content,dialogue,translated,,PASS,10,,,,,"We can, but that kind of load could overwhelm it.","Chúng ta có thể, nhưng tải trọng như thế có thể làm nó quá tải.",
lang_multi_text_1sthalf.db,MultiText,Id,Zuoyequnxing_21031_3,Content,dialogue,translated,,PASS,10,,,,,"Don't underestimate ""her.""","Đừng đánh giá thấp ""cô ấy"".",
lang_multi_text_1sthalf.db,MultiText,Id,Zuoyequnxing_21031_4,Content,dialogue,translated,,PASS,10,,,,,"""She"" is everyone's fellow classmate here at Startorch Academy.","""Cô ấy"" là bạn học cùng lớp của mọi người ở Học viện Startorch.",
lang_multi_text_1sthalf.db,MultiText,Id,Zuoyequnxing_21032_1,Content,dialogue,translated,,PASS,10,,,,,If I just do this nice and quiet...,Nếu mình làm nhẹ nhàng và lặng lẽ thế này...,
lang_multi_text_1sthalf.db,MultiText,Id,Zuoyequnxing_21032_2,Content,dialogue,translated,,PASS,10,,,,,Do what exactly?,Cậu định làm gì vậy?,
lang_multi_text_1sthalf.db,MultiText,Id,Zuoyequnxing_21032_3,Content,dialogue,translated,,PASS,10,,,,,"Wah—! {PlayerName}... I'm just unlocking a couple settings on the bike. The usually restricted ones, heh.","Wah—! {PlayerName}... Tớ chỉ mở vài thiết lập trên xe thôi. Những cái bị hạn chế ấy, heh.",
lang_multi_text_1sthalf.db,MultiText,Id,Zuoyequnxing_21032_4,Content,dialogue,translated,,PASS,10,,,,,"Some of the others came back hurt. I figured... if I could do a little more, maybe they'd face less danger.","Một số người khác đã trở về trong tình trạng bị thương. Tớ nghĩ... nếu tớ có thể làm nhiều hơn một chút, có lẽ họ sẽ phải đối mặt với ít nguy hiểm hơn.",
lang_multi_text_1sthalf.db,MultiText,Id,Zuoyequnxing_21032_5,Content,dialogue,translated,,REVIEW,6,same_as_source,,,,Lynae...,Lynae...,
lang_multi_text_1sthalf.db,MultiText,Id,Zuoyequnxing_21032_6,Content,dialogue,translated,,PASS,10,,,,,"Oh, please. You don't get to lecture me. You're in charge of the most dangerous zone, remember?","Ôi, thôi đi. Cô không có quyền dạy bảo tớ đâu. Cô còn phụ trách khu vực nguy hiểm nhất cơ mà, nhớ không?",
lang_multi_text_1sthalf.db,MultiText,Id,Zuoyequnxing_21032_7,Content,dialogue,translated,,PASS,10,,,,,"Anyway, I'm counting on you to keep this secret from the teachers. Kay {PlayerName}?","Dù sao thì, tớ trông cậy vào cậu giữ bí mật này với các giáo viên nhé. Được không, {PlayerName}?",
lang_multi_text_1sthalf.db,MultiText,Id,Zuoyequnxing_21033_1,Content,dialogue,translated,,PASS,10,,,,,This should be the last spot on my side... Lemme double check.,Đây chắc là điểm cuối cùng ở khu tớ rồi... Để tớ kiểm tra lại lần nữa.,
lang_multi_text_1sthalf.db,MultiText,Id,Zuoyequnxing_21033_2,Content,dialogue,translated,,PASS,10,,,,,{PlayerName}? What are you doing here? Everything good on your end?,{PlayerName}? Cậu làm gì ở đây thế? Mọi thứ ổn ở chỗ cậu chứ?,
lang_multi_text_1sthalf.db,MultiText,Id,Zuoyequnxing_21033_3,Content,dialogue,translated,,PASS,10,,,,,Not bad.,Không tệ đâu.,
lang_multi_text_1sthalf.db,MultiText,Id,Zuoyequnxing_21033_4,Content,dialogue,translated,,PASS,10,,,,,"Keeping pace with you, at least.",Ít nhất là vẫn theo kịp cậu.,
lang_multi_text_1sthalf.db,MultiText,Id,Zuoyequnxing_21033_5,Content,dialogue,translated,,PASS,10,,,,,"Heh, sounds like we're both making good progress. I'm done here too. Next stop is the final location.","Heh, nghe có vẻ cả hai ta đều tiến bộ tốt đấy. Tớ cũng xong việc ở đây rồi. Điểm đến tiếp theo là địa điểm cuối cùng.",
lang_multi_text_1sthalf.db,MultiText,Id,Zuoyequnxing_21033_6,Content,dialogue,translated,,PASS,10,,,,,"After we gather all the runes... you're heading back beyond the Stridergate, right?",Sau khi thu thập đủ toàn bộ rune... cậu sẽ quay về bên kia Stridergate phải không?,
lang_multi_text_1sthalf.db,MultiText,Id,Zuoyequnxing_21033_7,Content,dialogue,translated,,PASS,10,,,,,"When I think about that, doing all this feels weird...","Mỗi lần nghĩ đến điều đó, tớ lại thấy việc này thật kỳ quặc...",
lang_multi_text_1sthalf.db,MultiText,Id,Zuoyequnxing_21033_8,Content,dialogue,translated,,PASS,10,,,,,I know what I'm signing up for.,Tớ biết mình đang tham gia vào chuyện gì mà.,
lang_multi_text_1sthalf.db,MultiText,Id,Zuoyequnxing_21033_9,Content,dialogue,translated,,PASS,10,,,,,Knowing isn't nearly enough. You gotta sign up with the intention to come back!,Biết thôi thì chưa đủ. Cậu phải đăng ký với quyết tâm sẽ trở về!,
lang_multi_text_1sthalf.db,MultiText,Id,Zuoyequnxing_21033_10,Content,dialogue,translated,,PASS,10,,,,,Don't let this be our last meeting.,Đừng để đây là lần gặp cuối của chúng ta.,
lang_multi_text_1sthalf.db,MultiText,Id,Zuoyequnxing_21034_1,Content,dialogue,translated,,PASS,10,,,,,Upload complete. We can move to the next location.,Đã tải xong. Chúng ta có thể di chuyển đến địa điểm tiếp theo.,
lang_multi_text_1sthalf.db,MultiText,Id,Zuoyequnxing_21034_2,Content,dialogue,translated,,PASS,10,,,,,"{PlayerName}, any trouble on your end?","Cậu có gặp vấn đề gì không, {PlayerName}?",
lang_multi_text_1sthalf.db,MultiText,Id,Zuoyequnxing_21034_3,Content,dialogue,translated,,PASS,10,,,,,It's been smooth.,Mọi việc suôn sẻ mà.,
lang_multi_text_1sthalf.db,MultiText,Id,Zuoyequnxing_21034_4,Content,dialogue,translated,,PASS,10,,,,,"I was nearby anyway, so I came by to check on you.","Dù sao tớ cũng ở gần đây, nên ghé qua xem cậu thế nào.",
lang_multi_text_1sthalf.db,MultiText,Id,Zuoyequnxing_21034_5,Content,dialogue,translated,,PASS,10,,,,,My side is progressing well too. President Lucilla's Void Storm reports came at the right moment.,Bên tôi cũng đang tiến triển tốt. Các báo cáo về Void Storm của Chủ tịch Lucilla đến thật đúng lúc.,
lang_multi_text_1sthalf.db,MultiText,Id,Zuoyequnxing_21034_6,Content,dialogue,translated,,PASS,10,,,,,Mm... I'm alright. You're the one who needs to be careful from here on.,"Ừm... tôi không sao. Từ giờ trở đi, cậu mới là người cần cẩn thận đấy.",
lang_multi_text_1sthalf.db,MultiText,Id,Zuoyequnxing_21034_7,Content,dialogue,translated,,PASS,10,,,,,"Some things... really have changed. Back then, whenever a Void Storm hit, all we could do was run.","Một số thứ... quả thật đã thay đổi. Hồi đó, mỗi khi Void Storm ập đến, tất cả những gì chúng tôi có thể làm chỉ là chạy trốn.",
lang_multi_text_1sthalf.db,MultiText,Id,Zuoyequnxing_21034_8,Content,dialogue,translated,,PASS,10,,,,,You mean what happened in Honami?,Ý cậu là chuyện xảy ra ở Honami sao?,
lang_multi_text_1sthalf.db,MultiText,Id,Zuoyequnxing_21034_9,Content,dialogue,translated,,PASS,10,,,,,"Yes. But now we can forecast them, and our defense systems last much longer.","Đúng vậy. Nhưng giờ chúng ta đã có thể dự báo chúng, và hệ thống phòng thủ cũng bền bỉ hơn rất nhiều.",
lang_multi_text_1sthalf.db,MultiText,Id,Zuoyequnxing_21034_10,Content,dialogue,translated,,PASS,10,,,,,So we won't lose this time. Right?,Vậy lần này chúng ta sẽ không thua. Phải không?,
lang_multi_text_1sthalf.db,MultiText,Id,Zuoyequnxing_21034_11,Content,dialogue,translated,,PASS,10,,,,,Aleph-1 won't break us.,Aleph-1 sẽ không khuất phục được chúng ta.,
lang_multi_text_1sthalf.db,MultiText,Id,Zuoyequnxing_21034_12,Content,dialogue,translated,,PASS,10,,,,,...Mm!,...Ừm!,
lang_multi_text_1sthalf.db,MultiText,Id,Zuoyequnxing_21034_13,Content,dialogue,translated,,PASS,10,,,,,Then I'll see you later.,Vậy thì hẹn gặp lại sau nhé.,
lang_multi_text_1sthalf.db,MultiText,Id,Zuoyequnxing_21035_1,Content,dialogue,translated,,PASS,10,,,,,I should probably head back soon...,Chắc mình cũng nên quay về sớm thôi...,
lang_multi_text_1sthalf.db,MultiText,Id,Zuoyequnxing_21035_2,Content,dialogue,translated,,PASS,10,,,,,"{PlayerName}, are you returning too?","{PlayerName}, cậu cũng về à?",
lang_multi_text_1sthalf.db,MultiText,Id,Zuoyequnxing_21035_3,Content,dialogue,translated,,PASS,10,,,,,There's still something left for me to do.,Vẫn còn việc tôi phải làm.,
lang_multi_text_1sthalf.db,MultiText,Id,Zuoyequnxing_21035_4,Content,dialogue,translated,,PASS,10,,,,,Then I'll go with you.,Vậy thì tớ sẽ đi cùng cậu.,
lang_multi_text_1sthalf.db,MultiText,Id,Zuoyequnxing_21035_5,Content,dialogue,translated,,PASS,10,,,,,"No, I've got this.","Không cần đâu, việc này để tôi lo.",
lang_multi_text_1sthalf.db,MultiText,Id,Zuoyequnxing_21035_6,Content,dialogue,translated,,PASS,10,,,,,They need all the hands they can get at the Academy right now.,Họ đang rất cần thêm người hỗ trợ ở Học viện lúc này.,
lang_multi_text_1sthalf.db,MultiText,Id,Zuoyequnxing_21035_7,Content,dialogue,translated,,PASS,10,,,,,...Alright.,...Được rồi.,
lang_multi_text_1sthalf.db,MultiText,Id,Zuoyequnxing_21035_8,Content,dialogue,translated,,PASS,10,,,,,"{PlayerName}, about you going back into Voidspace...","{PlayerName}, về chuyện cậu quay lại Voidspace...",
lang_multi_text_1sthalf.db,MultiText,Id,Zuoyequnxing_21035_9,Content,dialogue,translated,,PASS,10,,,,,Some things have to be done.,Vài việc nhất định phải làm thôi.,
lang_multi_text_1sthalf.db,MultiText,Id,Zuoyequnxing_21035_10,Content,dialogue,translated,,PASS,10,,,,,I know... I really do. But still...,Tớ biết... thật mà. Nhưng mà vẫn...,
lang_multi_text_1sthalf.db,MultiText,Id,Zuoyequnxing_21035_11,Content,dialogue,translated,,PASS,10,,,,,"Chisa... when summer comes, let's go back to that cafe in Honami together. We can visit Namipon. It asked us to come back and tell it about the Academy, remember?","Chisa à... khi hè đến, chúng mình cùng quay lại quán cà phê ở Honami nhé. Rồi mình ghé thăm Namipon nữa. Nó bảo tụi mình quay lại kể cho nó nghe về Học viện đấy, cậu nhớ không?",
lang_multi_text_1sthalf.db,MultiText,Id,Zuoyequnxing_21035_12,Content,dialogue,translated,,PASS,10,,,,,So that means...,Vậy nghĩa là...,
lang_multi_text_1sthalf.db,MultiText,Id,Zuoyequnxing_21035_13,Content,dialogue,translated,,PASS,10,,,,,It means I'm coming back.,Nghĩa là tớ sẽ quay lại.,
lang_multi_text_1sthalf.db,MultiText,Id,Zuoyequnxing_21052_1,Content,dialogue,translated,,PASS,10,,,,,There was a shortcut here the whole time? You just saved us!,Ở đây có đường tắt từ nãy giờ luôn á? Cậu vừa cứu chúng ta đấy!,
lang_multi_text_1sthalf.db,MultiText,Id,Zuoyequnxing_21052_2,Content,dialogue,translated,,PASS,10,,,,,It's nothing. I only remembered there might be a path leading this way.,Chuyện nhỏ thôi. Tớ chỉ nhớ có thể có lối đi qua đây thôi.,
lang_multi_text_1sthalf.db,MultiText,Id,Zuoyequnxing_21052_3,Content,dialogue,translated,,PASS,10,,,,,You're too modest. You know the entire plains like the back of your hand. Do you get sent out on fieldwork a lot?,Cậu quá khiêm tốn đấy. Cậu biết cả vùng đồng bằng này như lòng bàn tay mà. Cậu thường xuyên được cử đi làm việc thực địa à?,
lang_multi_text_1sthalf.db,MultiText,Id,Zuoyequnxing_21052_4,Content,dialogue,translated,,PASS,10,,,,,Not quite. It's more like I've spent a lot of time watching everyone else build these roads...,Không hẳn. Chỉ là tớ đã dành nhiều thời gian quan sát mọi người xây dựng những con đường này thôi...,
lang_multi_text_1sthalf.db,MultiText,Id,Zuoyequnxing_21052_5,Content,dialogue,translated,,PASS,10,,,,,"Huh? Well, either way, we've made up time. That should be a rune over there. Let's go!",Hả? Dù sao thì chúng ta cũng đã bù được thời gian. Có vẻ như đằng kia có một rune. Đi thôi!,
lang_multi_text_1sthalf.db,MultiText,Id,Zuoyequnxing_211_1,Content,dialogue,translated,,PASS,10,,,,,Mm... Understood. Royan rune collection is proceeding as planned.,Mm... Hiểu rồi. Việc thu thập Royan rune đang diễn ra theo kế hoạch.,
lang_multi_text_1sthalf.db,MultiText,Id,Zuoyequnxing_211_2,Content,dialogue,translated,,PASS,10,,,,,"According to the mission brief, we can head back once we're done here.","Theo bản tóm tắt nhiệm vụ, chúng ta có thể quay về sau khi hoàn thành việc ở đây.",
lang_multi_text_1sthalf.db,MultiText,Id,Zuoyequnxing_212_1,Content,dialogue,translated,,PASS,10,,,,,Voidmatter concentrations are increasing. We can't stay here for long.,Nồng độ Voidmatter đang tăng lên. Chúng ta không thể ở lại đây lâu được.,
lang_multi_text_1sthalf.db,MultiText,Id,Zuoyequnxing_212_2,Content,dialogue,translated,,PASS,10,,,,,"Okay, according to the markers, the location should be nearby...","Được rồi, theo các dấu hiệu thì vị trí phải ở gần đây thôi...",
lang_multi_text_1sthalf.db,MultiText,Id,Zuoyequnxing_213_1,Content,dialogue,translated,,PASS,10,,,,,"Not sure if we can make it this time. If we do, then I'll—",Không chắc lần này chúng ta kịp đâu. Nếu mà kịp thì tôi sẽ—,
lang_multi_text_1sthalf.db,MultiText,Id,Zuoyequnxing_213_2,Content,dialogue,translated,,PASS,10,,,,,"Uh-uh, not this again. You'd have quit a long time ago if you actually meant it. Just hurry up and get the work done.","Thôi đi, đừng có mà lặp lại cái điệu đó nữa. Nếu thật sự muốn bỏ cuộc thì cậu đã nghỉ từ lâu rồi. Mau làm cho xong việc đi.",
lang_multi_text_1sthalf.db,MultiText,Id,Zuoyequnxing_214_1,Content,dialogue,translated,,PASS,10,,,,,You had no business coming out of the shelter. You should've stayed there and waited for evacuation!,Cậu không có lý do gì để rời khỏi nơi trú ẩn cả. Đáng lẽ phải ở lại đó và chờ sơ tán mới phải!,
lang_multi_text_1sthalf.db,MultiText,Id,Zuoyequnxing_214_2,Content,dialogue,translated,,PASS,10,,,,,"Professor, if playing it safe was all I wanted out of life, I never would've come to Lahai-Roi.","Thưa Giáo sư, nếu chỉ muốn sống an toàn, thì em đã chẳng bao giờ đến Lahai-Roi rồi.",
lang_multi_text_1sthalf.db,MultiText,Id,Zuoyequnxing_215_1,Content,dialogue,translated,,PASS,10,,,,,We're running out of time. Let's finish our part and see if anyone else needs help.,"Chúng ta sắp hết thời gian rồi. Làm nốt phần của mình đi, rồi xem có ai cần giúp không.",
lang_multi_text_1sthalf.db,MultiText,Id,Zuoyequnxing_215_2,Content,dialogue,translated,,PASS,10,,,,,"Mm. Honestly, we shouldn't have asked the students to take this risk with us...","Mm... Thật lòng mà nói, chúng ta không nên để các học sinh phải mạo hiểm cùng chúng ta như thế này...",
lang_multi_text_1sthalf.db,MultiText,Id,Zuoyequnxing_215_3,Content,dialogue,translated,,PASS,10,,,,,Don't worry about them. They work much faster than we do.,Đừng lo cho họ. Họ làm việc nhanh hơn chúng ta nhiều.,
lang_multi_text_1sthalf.db,MultiText,Id,Zuoyequnxing_216_1,Content,dialogue,translated,,PASS,10,,,,,Lucilla sent a single student to Bjartr Woods?! Has she lost her mind?,Lucilla lại cử một học sinh đơn độc đến Bjartr Woods sao?! Cô ta điên rồi à?,
lang_multi_text_1sthalf.db,MultiText,Id,Zuoyequnxing_216_2,Content,dialogue,translated,,PASS,10,,,,,"Voidmatter concentrations there are too high for us to handle. Even if we go now, we would just be dead weight. Have some faith in that student.","Nồng độ Voidmatter ở đó cao đến mức chúng ta không thể xử lý được. Dù có đi ngay bây giờ, chúng ta cũng chỉ là gánh nặng thôi. Hãy tin tưởng vào học sinh đó đi.",
lang_multi_text_1sthalf.db,MultiText,Id,Zuoyequnxing_217_1,Content,dialogue,translated,,PASS,10,,,,,Where is that miko? Is she still down there?,Miko kia đâu rồi? Cô ta vẫn còn ở dưới đó à?,
lang_multi_text_1sthalf.db,MultiText,Id,Zuoyequnxing_217_2,Content,dialogue,translated,,PASS,10,,,,,"Yeah. Otherwise, we would have been swarmed by those monsters by now.",Ừ. Nếu không thì giờ này chúng ta đã bị lũ quái vật đó vây kín rồi.,
lang_multi_text_1sthalf.db,MultiText,Id,Zuoyequnxing_218_1,Content,dialogue,translated,,PASS,10,,,,,"Wait, what happened to your leg?","Chờ đã, chân cậu sao thế?",
lang_multi_text_1sthalf.db,MultiText,Id,Zuoyequnxing_218_2,Content,dialogue,translated,,PASS,10,,,,,Sprained. Nothing serious. Did you send the rune data back?,Bong gân thôi. Không nghiêm trọng đâu. Cậu gửi dữ liệu rune về chưa?,
lang_multi_text_1sthalf.db,MultiText,Id,Zuoyequnxing_218_3,Content,dialogue,translated,,PASS,10,,,,,Already did.,Rồi.,
lang_multi_text_1sthalf.db,MultiText,Id,Zuoyequnxing_218_4,Content,dialogue,translated,,PASS,10,,,,,"If anything happens to me, bring my Cassette back. The password to my safe is my work ID.","Nếu có chuyện gì xảy ra với tôi, hãy mang Cassette của tôi về. Mật khẩu két sắt của tôi là mã nhân viên của tôi.",
lang_multi_text_1sthalf.db,MultiText,Id,Zuoyequnxing_218_5,Content,dialogue,translated,,PASS,10,,,,,Cut the crap. We're going back! Together!,Đừng nói vớ vẩn nữa. Chúng ta quay lại! Cùng nhau!,
lang_multi_text_1sthalf.db,MultiText,Id,Zuoyequnxing_219_1,Content,dialogue,translated,,PASS,10,,,,,Well? Any sign of the runes?,Sao rồi? Có dấu hiệu gì của mấy cái rune không?,
lang_multi_text_1sthalf.db,MultiText,Id,Zuoyequnxing_219_2,Content,dialogue,translated,,PASS,10,,,,,Hold on. One more sweep... it should be somewhere close by.,Đợi đã. Quét thêm một lượt nữa... chắc nó ở quanh đây thôi.,
lang_multi_text_1sthalf.db,MultiText,Id,Zuoyequnxing_220_1,Content,dialogue,translated,,PASS,10,,,,,Didn't expect these nonsensical runes to be this much help.,Không ngờ mấy cái ký tự vớ vẩn này lại giúp ích được nhiều đến thế.,
lang_multi_text_1sthalf.db,MultiText,Id,Zuoyequnxing_220_2,Content,dialogue,translated,,PASS,10,,,,,It's all thanks to that Roya girl.,Tất cả là nhờ cô bé Roya đó.,
lang_multi_text_1sthalf.db,MultiText,Id,Zuoyequnxing_220_3,Content,dialogue,translated,,PASS,10,,,,,Have you ever thought about... the future of Lahai-Roi?,Cậu đã bao giờ nghĩ về... tương lai của Lahai-Roi chưa?,
lang_multi_text_1sthalf.db,MultiText,Id,Zuoyequnxing_220_4,Content,dialogue,translated,,PASS,10,,,,,"Just do what we can for now. One step at a time. That way, we won't have any regrets when we're back in the shelter.","Cứ làm những gì chúng ta có thể trước đã. Từng bước một thôi. Như vậy, khi trở về nơi trú ẩn, chúng ta sẽ không phải hối tiếc.",
lang_multi_text_1sthalf.db,MultiText,Id,Zuoyequnxing_221_1,Content,dialogue,translated,,PASS,10,,,,,Easy there. It's likely just exhaustion. I'll get you both back to the Institute as soon as I can.,Bình tĩnh nào. Chắc chỉ là kiệt sức thôi. Tôi sẽ đưa hai người về Viện càng sớm càng tốt.,
lang_multi_text_1sthalf.db,MultiText,Id,Zuoyequnxing_221_2,Content,dialogue,translated,,PASS,10,,,,,The runes...,Những ký tự...,
lang_multi_text_1sthalf.db,MultiText,Id,Zuoyequnxing_221_3,Content,dialogue,translated,,PASS,10,,,,,Stay still. We've done our part. N.A.N.A. will get us back.,Đứng yên đi. Phần của chúng ta đã xong. N.A.N.A. sẽ đưa chúng ta về.,
lang_multi_text_1sthalf.db,MultiText,Id,Zuoyequnxing_221_4,Content,dialogue,translated,,PASS,10,,,,,Good... that's... good...,Tốt... thế là... tốt rồi...,
lang_multi_text_1sthalf.db,MultiText,Id,Zuoyequnxing_221_5,Content,dialogue,translated,,PASS,10,,,,,"Hey! Don't go quiet on me! Okay, forget staying still. Wake up! Wake up, damn it!","Này! Đừng có im thin thít với tôi! Thôi bỏ cái chuyện đứng yên đi. Tỉnh lại đi! Tỉnh lại đi, chết tiệt!",
lang_multi_text_1sthalf.db,MultiText,Id,Zuoyequnxing_222_1,Content,dialogue,translated,,PASS,10,,,,,"S.I.G.M.A., send the report to command. I'm counting on you.","S.I.G.M.A., gửi báo cáo về bộ chỉ huy. Tôi trông cậy vào cậu.",
lang_multi_text_1sthalf.db,MultiText,Id,Zuoyequnxing_222_2,Content,dialogue,translated,,PASS,10,,,,,Understood. Scanning area information... Comparison complete... Integrating data.,Hiểu rồi. Đang quét thông tin khu vực... So sánh hoàn tất... Đang tích hợp dữ liệu.,
lang_multi_text_1sthalf.db,MultiText,Id,Zuoyequnxing_222_3,Content,dialogue,translated,,PASS,10,,,,,"Didn't think the Voidmatter would leak up from underground. There's no one down there, right?","Không ngờ Voidmatter lại rò rỉ lên từ dưới lòng đất. Dưới đó chẳng có ai cả, phải không?",
lang_multi_text_1sthalf.db,MultiText,Id,Zuoyequnxing_222_4,Content,dialogue,translated,,PASS,10,,,,,No idea. Command says the lower levels aren't our problem. Guess that miko's stuck dealing with it by herself again...,Không biết nữa. Bộ chỉ huy bảo các tầng dưới không phải việc của chúng ta. Chắc cô đồng cốt kia lại phải tự xử lý một mình thôi...,
lang_multi_text_1sthalf.db,MultiText,Id,Zuoyequnxing_223_1,Content,dialogue,translated,,PASS,10,,,,,Allocating full processing power to conduct a unified screening of all historical data regarding the Spacetrek Collective and Startorch Academy.,Đang phân bổ toàn bộ năng lực xử lý để tiến hành rà soát thống nhất toàn bộ dữ liệu lịch sử liên quan đến Spacetrek Collective và Startorch Academy.,
lang_multi_text_1sthalf.db,MultiText,Id,Zuoyequnxing_223_2,Content,dialogue,translated,,PASS,10,,,,,Please vacate the current area and prepare for immediate evacuation.,Vui lòng rời khỏi khu vực hiện tại và chuẩn bị sơ tán ngay lập tức.,
lang_multi_text_1sthalf.db,MultiText,Id,Zuoyequnxing_223_3,Content,dialogue,translated,,PASS,10,,,,,"And don't worry about me. I.R.I.S. has your back. Always have, always will.",Và đừng lo cho tôi. I.R.I.S. sẽ luôn bảo vệ cậu. Luôn luôn như thế.,
lang_multi_text_1sthalf.db,MultiText,Id,Zuoyequnxing_73_1,Content,dialogue,translated,,PASS,10,,,,,(Aemeath once said Voidspace in the depths of the Threnodian's black hole is a higher dimension. Like a kaleidoscope.),(Aemeath từng nói Không Gian Trống trong lòng hố đen của Threnodian là một chiều không gian cao hơn. Giống như một kính vạn hoa.),
lang_multi_text_1sthalf.db,MultiText,Id,Zuoyequnxing_73_2,Content,dialogue,translated,,PASS,10,,,,,(Time and space here don't flow. They're tangled. Is all of this… inside Aleph-1?),Thời gian và không gian ở đây không trôi chảy. Chúng đang rối tung lên. Phải chăng tất cả những điều này… đều nằm bên trong Aleph-1?,
lang_multi_text_1sthalf.db,MultiText,Id,Zuoyequnxing_74_1,Content,dialogue,translated,,PASS,10,,,,,(Those figures... That's Spacetrek Collective and Royan clothing.),Những hình bóng đó… Đó là trang phục của Spacetrek Collective và Royan.,
lang_multi_text_1sthalf.db,MultiText,Id,Zuoyequnxing_74_2,Content,dialogue,translated,,PASS,10,,,,,(They're reaching for something. Can't make out what.),Chúng đang với lấy thứ gì đó. Không rõ là gì.,
lang_multi_text_1sthalf.db,MultiText,Id,Zuoyequnxing_75_1,Content,dialogue,translated,,PASS,10,,,,,(That frequency... Is it Aemeath?),Tần số đó... Có phải Aemeath không?,
lang_multi_text_1sthalf.db,MultiText,Id,Zuoyequnxing_76_1,Content,dialogue,translated,,PASS,10,,,,,Made it inside.,Đã vào bên trong rồi.,
lang_multi_text_1sthalf.db,MultiText,Id,Zuoyequnxing_78_2,Content,dialogue,translated,,PASS,10,,,,,Starting to feel... dizzy...,Bắt đầu thấy... chóng mặt...,
lang_multi_text_1sthalf.db,MultiText,Id,Zuoyequnxing_78_1,Content,dialogue,translated,,PASS,10,,,,,"Voidspace... Even the second time, it gets under your skin.","Voidspace... Dù là lần thứ hai, nó vẫn khiến người ta thấy rợn người.",
lang_multi_text_1sthalf.db,MultiText,Id,Zuoyequnxing_123_1,Content,dialogue,translated,,PASS,10,,,,,...Is it trying to tell me something?,...Nó đang cố nói gì với ta không nhỉ?,
lang_multi_text_1sthalf.db,MultiText,Id,Zuoyequnxing_124_1,Content,dialogue,translated,,PASS,10,,,,,It looks like a Solvein Heartwood branch.,Trông giống như một nhánh Solvein Heartwood.,
lang_multi_text_1sthalf.db,MultiText,Id,Zuoyequnxing_127_1,Content,dialogue,translated,,PASS,10,,,,,I will handle this.,Để tôi lo việc này.,
lang_multi_text_1sthalf.db,MultiText,Id,Zuoyequnxing_128_1,Content,dialogue,translated,,PASS,10,,,,,It's fine.,Không sao đâu.,
lang_multi_text_1sthalf.db,MultiText,Id,Zuoyequnxing_129_1,Content,dialogue,translated,,PASS,10,,,,,It's that girl... Be cautious.,Là cô gái đó... Hãy cẩn thận.,
lang_multi_text_1sthalf.db,MultiText,Id,Zuoyequnxing_131_1,Content,dialogue,translated,,PASS,10,,,,,Her mind is fraying.,Tâm trí cô ấy đang dần tan rã.,
lang_multi_text_1sthalf.db,MultiText,Id,Zuoyequnxing_132_1,Content,dialogue,translated,,PASS,10,,,,,Urgh...,Ừ... ư...,
lang_multi_text_1sthalf.db,MultiText,Id,Zuoyequnxing_133_1,Content,dialogue,translated,,PASS,10,,,,,...She disappeared? That child will not last long out there.,...Cô ấy đã biến mất rồi sao? Đứa trẻ đó sẽ không trụ được lâu ngoài kia đâu.,
lang_multi_text_1sthalf.db,MultiText,Id,Zuoyequnxing_134_1,Content,dialogue,translated,,PASS,10,,,,,This is the only way forward.,Đây là con đường duy nhất phía trước.,
lang_multi_text_1sthalf.db,MultiText,Id,Zuoyequnxing_135_1,Content,dialogue,translated,,PASS,10,,,,,No... don't—,Không... đừng—,
lang_multi_text_1sthalf.db,MultiText,Id,Zuoyequnxing_135_2,Content,dialogue,translated,,PASS,10,,,,,Is she stopping us of her own will?,Cô ấy đang ngăn cản chúng ta theo ý mình à?,
lang_multi_text_1sthalf.db,MultiText,Id,Zuoyequnxing_136_1,Content,dialogue,translated,,PASS,10,,,,,Let me handle this.,Để tôi lo việc này.,
lang_multi_text_1sthalf.db,MultiText,Id,Zuoyequnxing_137_1,Content,dialogue,translated,,PASS,10,,,,,Perhaps we try that path of light refracted from the ice?,Hay là chúng ta thử đi theo con đường ánh sáng khúc xạ từ băng?,
lang_multi_text_1sthalf.db,MultiText,Id,Zuoyequnxing_138_1,Content,dialogue,translated,,PASS,10,,,,,Let's go. We're almost there.,Đi thôi. Chúng ta sắp tới nơi rồi.,
lang_multi_text_1sthalf.db,MultiText,Id,Zuoyequnxing_139_1,Content,dialogue,translated,,PASS,10,,,,,That girl… What is your assessment?,Cô gái đó… Đánh giá của cậu thế nào?,
lang_multi_text_1sthalf.db,MultiText,Id,Zuoyequnxing_139_2,Content,dialogue,translated,,PASS,10,,,,,"If she's being forced to bear the Threnodian's power, then she needs our help.","Nếu cô ấy bị ép phải gánh chịu sức mạnh của Threnodian, thì cô ấy cần sự giúp đỡ của chúng ta.",
lang_multi_text_1sthalf.db,MultiText,Id,Zuoyequnxing_140_1,Content,dialogue,translated,,PASS,10,,,,,No... You can't—! I pushed you out! Why did you come back?!,Không… Các cậu không được—! Tôi đã đẩy các cậu ra rồi! Sao các cậu lại quay lại?!,
lang_multi_text_1sthalf.db,MultiText,Id,Zuoyequnxing_140_2,Content,dialogue,translated,,PASS,10,,,,,It's watching you! Aleph-1 is watching you!,Nó đang theo dõi cậu! Aleph-1 đang theo dõi cậu!,
lang_multi_text_1sthalf.db,MultiText,Id,Zuoyequnxing_141_1,Content,dialogue,translated,,PASS,10,,,,,...Don't go there... please... You can't!,...Đừng đến đó... làm ơn... Cậu không được đi đâu!,
lang_multi_text_1sthalf.db,MultiText,Id,Zuoyequnxing_142_1,Content,dialogue,translated,,PASS,10,,,,,Watch out.,Cẩn thận.,
lang_multi_text_1sthalf.db,MultiText,Id,Zuoyequnxing_144_1,Content,dialogue,translated,,PASS,10,,,,,"(If I can get closer, I can use the power of Separation...)","(Nếu ta tiến lại gần hơn, ta có thể dùng sức mạnh của Separation...)",
lang_multi_text_1sthalf.db,MultiText,Id,Zuoyequnxing_145_1,Content,dialogue,translated,,PASS,10,,,,,WHY WON'T YOU JUST STOP?!,TẠI SAO CẬU KHÔNG CHỊU DỪNG LẠI?!,
lang_multi_text_1sthalf.db,MultiText,Id,Zuoyequnxing_146_1,Content,dialogue,translated,,PASS,10,,,,,Sorry... I... You really shouldn't go...,Xin lỗi... Tôi... Cậu thực sự không nên đi...,
lang_multi_text_1sthalf.db,MultiText,Id,Zuoyequnxing_146_2,Content,dialogue,translated,,PASS,10,,,,,{PlayerName}... I sent you away... So why...?,{PlayerName}... Tôi đã đuổi cậu đi... Vậy mà... sao...?,
lang_multi_text_1sthalf.db,MultiText,Id,Zuoyequnxing_146_3,Content,dialogue,translated,,PASS,10,,,,,"So it was you, Denia... the one who pushed me out of Voidspace.","Hóa ra là cô, Denia... người đã đẩy tôi ra khỏi Voidspace.",
lang_multi_text_1sthalf.db,MultiText,Id,Zuoyequnxing_148_1,Content,dialogue,translated,,PASS,10,,,,,I will deal with this...,Tôi sẽ giải quyết chuyện này...,
lang_multi_text_1sthalf.db,MultiText,Id,Zuoyequnxing_149_1,Content,dialogue,translated,,PASS,10,,,,,Tch... wait for another opening.,Tch... chờ cơ hội khác vậy.,
lang_multi_text_1sthalf.db,MultiText,Id,Zuoyequnxing_150_1,Content,dialogue,translated,,PASS,10,,,,,My head... it hurts...,Đầu tôi... đau quá...,
lang_multi_text_1sthalf.db,MultiText,Id,Zuoyequnxing_151_1,Content,dialogue,translated,,PASS,10,,,,,The time… I can't… hold it…!,Thời gian... tôi không thể... giữ nó... được nữa...!,
lang_multi_text_1sthalf.db,MultiText,Id,Zuoyequnxing_152_1,Content,dialogue,translated,,PASS,10,,,,,No... please... don't... don't eat me...,Không... làm ơn... đừng... đừng ăn thịt em...,
lang_multi_text_1sthalf.db,MultiText,Id,Zuoyequnxing_153_1,Content,dialogue,translated,,PASS,10,,,,,Now. Do it.,Giờ đi. Làm đi.,
lang_multi_text_1sthalf.db,MultiText,Id,Zuoyequnxing_154_1,Content,dialogue,translated,,PASS,10,,,,,"Now, now. Playtime is over.","Thôi nào, thôi nào. Giờ chơi đã hết rồi.",
lang_multi_text_1sthalf.db,MultiText,Id,Zuoyequnxing_157_1,Content,dialogue,translated,,PASS,10,,,,,Aleph-1 seems to hold little interest in anything besides humans.,Aleph-1 dường như chẳng mấy quan tâm đến thứ gì ngoài con người.,
lang_multi_text_1sthalf.db,MultiText,Id,Zuoyequnxing_157_2,Content,dialogue,translated,,PASS,10,,,,,Most of the structures it devoured have drifted here.,Hầu hết các công trình nó nuốt chửng đều trôi dạt đến đây.,
lang_multi_text_1sthalf.db,MultiText,Id,Zuoyequnxing_158_1,Content,dialogue,translated,,PASS,10,,,,,Let me freeze those blocks. It will make them easier to break.,Để tôi đóng băng những khối đó lại. Làm thế sẽ dễ đập vỡ hơn.,
lang_multi_text_1sthalf.db,MultiText,Id,Zuoyequnxing_129_2,Content,dialogue,translated,,PASS,10,,,,,Denia! Can you hear me?!,Denia! Cậu nghe thấy tớ không?!,
lang_multi_text_1sthalf.db,MultiText,Id,Zuoyequnxing_145_2,Content,dialogue,translated,,PASS,10,,,,,We need to use these blocks to make the climb!,Chúng ta cần dùng những khối này để leo lên!,
lang_multi_text_1sthalf.db,MultiText,Id,Zuoyequnxing_145_3,Content,dialogue,translated,,PASS,10,,,,,It will eat you...,Nó sẽ nuốt chửng cậu...,
lang_multi_text_1sthalf.db,MultiText,Id,Zuoyequnxing_154_2,Content,dialogue,translated,,REVIEW,6,same_as_source,,,,...!,...!,
lang_multi_text_1sthalf.db,MultiText,Id,Zuoyequnxing_154_3,Content,dialogue,translated,,PASS,10,,,,,"Come back to me, sweet girl.","Hãy trở về với ta nào, cô gái ngọt ngào.",
lang_multi_text_1sthalf.db,MultiText,Id,Zuoyequnxing_21_1,Content,dialogue,translated,,PASS,10,,,,,"Still regretting that you didn't step into that shop and try that red bean pudding with the former miko, aren't you?",Cậu vẫn còn tiếc nuối vì đã không bước vào tiệm đó và thử món chè đậu đỏ với vị miko trước đây phải không?,
lang_multi_text_1sthalf.db,MultiText,Id,Zuoyequnxing_21_2,Content,dialogue,translated,,PASS,10,,,,,...What's your point?,...Ý cậu là gì?,
lang_multi_text_1sthalf.db,MultiText,Id,Zuoyequnxing_21_3,Content,dialogue,translated,,PASS,10,,,,,The peaceful streets of Honami. The sweetness of red bean pudding. You know none of it is real.,Những con phố yên bình của Honami. Vị ngọt của chè đậu đỏ. Cậu biết chẳng gì trong số đó là thật cả.,
lang_multi_text_1sthalf.db,MultiText,Id,Zuoyequnxing_21_4,Content,dialogue,translated,,PASS,10,,,,,"The illusion didn't deceive you, Miko of Flaming Sakura. You were the one who deceived yourself.","Ảo ảnh không lừa được cậu, Miko của Flaming Sakura. Chính cậu mới là người tự lừa dối bản thân mình.",
lang_multi_text_1sthalf.db,MultiText,Id,Zuoyequnxing_21_5,Content,dialogue,translated,,PASS,10,,,,,"Desperate to play pretend? Why not commit? Please, this performance is only beginning.","Muốn giả vờ đến cùng sao? Sao không dấn thân đi? Xin mời, vở diễn này mới chỉ bắt đầu thôi.",
lang_multi_text_1sthalf.db,MultiText,Id,Zuoyequnxing_21042_1,Content,dialogue,translated,,PASS,10,,,,,"The letter is stiff with frost. The handwriting is neat and restrained, quiet on the page, like it never once hoped for an audience.","Lá thư cứng lại vì sương giá. Nét chữ ngay ngắn, kiềm chế, lặng lẽ trên trang giấy, như thể chưa từng mong chờ một ánh nhìn nào.",
lang_multi_text_1sthalf.db,MultiText,Id,Zuoyequnxing_21042_2,Content,dialogue,translated,,PASS,10,,,,,"Flaming Sakura. Those delicate petals feed themselves to the fire, ashes scattering in the wind, until nothing remains but a dry, bitter aftertaste.","Flaming Sakura. Những cánh hoa mỏng manh tự dâng mình cho ngọn lửa, tro tàn bay theo gió, cho đến khi chẳng còn lại gì ngoài dư vị khô đắng.",
lang_multi_text_1sthalf.db,MultiText,Id,Zuoyequnxing_21043_1,Content,dialogue,translated,,PASS,10,,,,,"The letter is stiff with frost. The handwriting is neat and restrained, quiet on the page, like it never once hoped for an audience.","Tấm thư cứng ngắc vì sương giá. Nét chữ ngay ngắn, kiềm chế, lặng lẽ trên trang giấy, như thể chưa từng một lần mong chờ người đọc.",
lang_multi_text_1sthalf.db,MultiText,Id,Zuoyequnxing_21043_2,Content,dialogue,translated,,PASS,10,,,,,"Lady Miko. I know you have never once opened a letter from the Fractsidus. Very well, let your own eyes bear witness instead.","Phu nhân Miko. Ta biết ngươi chưa từng mở một lá thư nào từ Fractsidus. Được thôi, vậy hãy để chính mắt ngươi chứng kiến.",
lang_multi_text_1sthalf.db,MultiText,Id,Zuoyequnxing_21044_1,Content,dialogue,translated,,PASS,10,,,,,"A sheet of paper, pristine to a fault. The elegant handwriting dances across the page as if eager for someone to read it.","Một tờ giấy trắng tinh, không tì vết. Nét chữ thanh thoát nhảy múa trên trang giấy, như thể háo hức chờ ai đó đọc lên.",
lang_multi_text_1sthalf.db,MultiText,Id,Zuoyequnxing_21044_2,Content,dialogue,translated,,PASS,10,,,,,"Rover. We shall use that name for {Male=him;Female=her}, for now.","Rover. Ta sẽ tạm gọi người như vậy, dù là {Male=anh ấy;Female=cô ấy}.",
lang_multi_text_1sthalf.db,MultiText,Id,Zuoyequnxing_21044_3,Content,dialogue,translated,,PASS,10,,,,,"The protagonist's journey begins here. We, too, must find our role.","Hành trình của nhân vật chính bắt đầu từ đây. Còn ta, cũng phải tìm cho mình một vai trò.",
lang_multi_text_1sthalf.db,MultiText,Id,Zuoyequnxing_21045_1,Content,dialogue,translated,,PASS,10,,,,,"A sheet of paper, pristine to a fault. The elegant handwriting dances across the page as if eager for someone to read it.","Một tờ giấy trắng tinh, không tì vết. Nét chữ thanh thoát nhảy múa trên trang giấy, như thể háo hức chờ ai đó đọc lên.",
lang_multi_text_1sthalf.db,MultiText,Id,Zuoyequnxing_21045_2,Content,dialogue,translated,,PASS,10,,,,,People are drawn to the protagonist. Always. Unconsciously.,Mọi người luôn bị thu hút bởi nhân vật chính. Một cách vô thức.,
lang_multi_text_1sthalf.db,MultiText,Id,Zuoyequnxing_21045_3,Content,dialogue,translated,,PASS,10,,,,,"But even if the spotlight falls only on {Male=his;Female=her}'s feet, we remain on the stage all the same.","Nhưng dù ánh đèn sân khấu chỉ rọi xuống dưới chân {Male=anh ấy;Female=cô ấy}, chúng ta vẫn cứ đứng trên sân khấu như thế.",
lang_multi_text_1sthalf.db,MultiText,Id,Zuoyequnxing_21046_1,Content,dialogue,translated,,PASS,10,,,,,"A sheet of paper, pristine to a fault. The elegant handwriting dances across the page as if eager for someone to read it.","Một tờ giấy trắng tinh, gần như hoàn hảo. Những nét chữ thanh thoát nhảy múa trên trang giấy, như thể đang háo hức chờ ai đó đọc lên.",
lang_multi_text_1sthalf.db,MultiText,Id,Zuoyequnxing_21046_2,Content,dialogue,translated,,PASS,10,,,,,"As you can see, an exhilarating tale has unfolded.","Như bạn thấy đấy, một câu chuyện đầy hứng khởi đã diễn ra.",
lang_multi_text_1sthalf.db,MultiText,Id,Zuoyequnxing_21046_3,Content,dialogue,translated,,PASS,10,,,,,"Our protagonist, our Rover. How is {Male=he;Female=she} capable of such a thing?!","Nhân vật chính của chúng ta, Rover của chúng ta. Làm sao {Male=anh ấy;Female=cô ấy} có thể làm được điều như thế?!",
lang_multi_text_1sthalf.db,MultiText,Id,Zuoyequnxing_21046_4,Content,dialogue,translated,,PASS,10,,,,,"No need to be alarmed. Read on. You'll get used to such things, as I certainly did.","Đừng hoảng hốt. Hãy đọc tiếp đi. Bạn sẽ quen với những điều như vậy thôi, như tôi đã quen rồi.",
lang_multi_text_1sthalf.db,MultiText,Id,Zuoyequnxing_21046_5,Content,dialogue,translated,,PASS,10,,,,,"The important part lies in the details, in the final hinge of the story. Consider, if Rover can withstand the Threnodian...","Điểm mấu chốt nằm ở những chi tiết, ở bước ngoặt cuối cùng của câu chuyện. Hãy thử nghĩ xem, nếu Rover có thể chịu đựng được Threnodian...",
lang_multi_text_1sthalf.db,MultiText,Id,Zuoyequnxing_21046_6,Content,dialogue,translated,,PASS,10,,,,,Then anyone with the same body and soul ought to be able to wield the Threnodian's power freely. Isn't that so?,"Thì bất kỳ ai có cùng thể xác và linh hồn cũng đều có thể tự do sử dụng sức mạnh của Threnodian, phải không?",
lang_multi_text_1sthalf.db,MultiText,Id,Zuoyequnxing_21047_1,Content,dialogue,translated,,PASS,10,,,,,"This page is coarse to the touch, the kind that might scrape the writer's skin raw. The words upon it seem to have waited here for ages.","Trang giấy này sờ vào thô ráp, loại có thể làm trầy da người viết. Những dòng chữ trên đó dường như đã chờ đợi ở đây từ ngàn xưa.",
lang_multi_text_1sthalf.db,MultiText,Id,Zuoyequnxing_21047_2,Content,dialogue,translated,,PASS,10,,,,,"Threnodian and Sentinel, two powers at work within a single, unassuming body.","Threnodian và Sentinel, hai thế lực vận hành trong cùng một thân xác tưởng chừng bình thường.",
lang_multi_text_1sthalf.db,MultiText,Id,Zuoyequnxing_21047_3,Content,dialogue,translated,,PASS,10,,,,,Even things that seem utterly opposed can be made to reconcile.,Ngay cả những điều tưởng chừng hoàn toàn đối lập cũng có thể hòa hợp với nhau.,
lang_multi_text_1sthalf.db,MultiText,Id,Zuoyequnxing_21048_1,Content,dialogue,translated,,PASS,10,,,,,"This page is coarse to the touch, the kind that might scrape the writer's skin raw. The words upon it seem to have waited here for ages.","Trang giấy này sờ vào thô ráp, loại có thể làm trầy da người viết. Những dòng chữ trên đó dường như đã chờ đợi ở đây từ lâu lắm rồi.",
lang_multi_text_1sthalf.db,MultiText,Id,Zuoyequnxing_21048_2,Content,dialogue,translated,,PASS,10,,,,,The protagonist's story continues. We who stand in the shadows of the stage must plant the fuses before {Male=he;Female=she} arrives.,"Câu chuyện của nhân vật chính vẫn tiếp diễn. Chúng ta, những kẻ đứng trong bóng tối của sân khấu, phải gài dây cháy trước khi {Male=anh ấy;Female=cô ấy} tới nơi.",
lang_multi_text_1sthalf.db,MultiText,Id,Zuoyequnxing_21048_3,Content,dialogue,translated,,PASS,10,,,,,This withered body of mine is awkward to move. Though I suppose that gives me the proper otherness a villain requires.,"Thân thể tàn tạ này của ta di chuyển thật vụng về. Nhưng ta cho là như vậy cũng hợp với cái ""dị biệt"" mà một kẻ phản diện cần có.",
lang_multi_text_1sthalf.db,MultiText,Id,Zuoyequnxing_21049_1,Content,dialogue,translated,,PASS,10,,,,,"This page is coarse to the touch, the kind that might scrape the writer's skin raw. The words upon it seem to have waited here for ages.","Trang giấy này sần sùi khi chạm vào, loại giấy có thể làm trầy xước da người viết. Những dòng chữ trên đó dường như đã chờ đợi ở đây từ lâu lắm rồi.",
lang_multi_text_1sthalf.db,MultiText,Id,Zuoyequnxing_21049_2,Content,dialogue,translated,,PASS,10,,,,,"This encounter may not have belonged in the script, but here we are at last, protagonist and supporting cast, hero and villain, on the same stage.","Cuộc gặp gỡ này có lẽ không nằm trong kịch bản, nhưng cuối cùng chúng ta cũng đã hội tụ, nhân vật chính và vai phụ, anh hùng và kẻ phản diện, trên cùng một sân khấu.",
lang_multi_text_1sthalf.db,MultiText,Id,Zuoyequnxing_21049_3,Content,dialogue,translated,,PASS,10,,,,,"The Threnodians are indeed deathless. But as you can plainly see, they are not beyond being looked upon.","Những kẻ Threnodian quả thực bất tử. Nhưng như ngươi thấy đấy, chúng vẫn không thoát khỏi tầm mắt của người khác.",
lang_multi_text_1sthalf.db,MultiText,Id,Zuoyequnxing_21049_4,Content,dialogue,translated,,PASS,10,,,,,Do not fix your eyes on the protagonist's blade. Look instead to the hints hiding in the dim corners of the stage.,Đừng chỉ chăm chăm nhìn vào lưỡi kiếm của nhân vật chính. Hãy nhìn vào những gợi ý ẩn trong góc tối của sân khấu kia.,
lang_multi_text_1sthalf.db,MultiText,Id,Zuoyequnxing_21049_5,Content,dialogue,translated,,PASS,10,,,,,—We can use Its power to shape ourselves.,—Ta có thể dùng sức mạnh của Nó để định hình chính mình.,
lang_multi_text_1sthalf.db,MultiText,Id,Zuoyequnxing_21050_1,Content,dialogue,translated,,PASS,10,,,,,"A page that by all rights should have vanished into the wind, perhaps a forgotten leaf from a script. Its writing has already blurred beyond recognition.","Một trang giấy lẽ ra đã tan biến theo gió, có lẽ là một trang bị lãng quên từ một cuốn kịch bản nào đó. Những dòng chữ trên đó giờ đã nhòe đến mức không thể nhận ra.",
lang_multi_text_1sthalf.db,MultiText,Id,Zuoyequnxing_21050_2,Content,dialogue,translated,,PASS,10,,,,,"When those within the script begin to author their own lives, those muddied words lose all meaning.","Khi những kẻ trong kịch bản bắt đầu tự viết nên cuộc đời mình, những lời văn mờ nhạt kia sẽ chẳng còn ý nghĩa gì nữa.",
lang_multi_text_1sthalf.db,MultiText,Id,Zuoyequnxing_21051_1,Content,dialogue,translated,,PASS,10,,,,,"A sheet of paper, pristine to a fault. The elegant handwriting dances across the page as if eager for someone to read it.","Một tờ giấy trắng tinh, đến mức hoàn hảo. Những nét chữ thanh thoát nhảy múa trên trang giấy, như thể đang háo hức chờ ai đó đọc lên.",
lang_multi_text_1sthalf.db,MultiText,Id,Zuoyequnxing_21051_2,Content,dialogue,translated,,PASS,10,,,,,Unity. What a lovely word.,Sự đoàn kết. Thật là một từ ngữ đẹp đẽ.,
lang_multi_text_1sthalf.db,MultiText,Id,Zuoyequnxing_21051_3,Content,dialogue,translated,,PASS,10,,,,,"All people, drawn together before the crisis at hand. Struggling with everything they have, just to see tomorrow's sunrise side by side.","Tất cả mọi người, cùng nhau đối mặt trước khủng hoảng. Dốc hết sức mình, chỉ để được ngắm bình minh ngày mai bên nhau.",
lang_multi_text_1sthalf.db,MultiText,Id,Zuoyequnxing_21051_4,Content,dialogue,translated,,PASS,10,,,,,"When you ran alone toward one battlefield after another, did you ever picture such a scene?","Khi cậu một mình lao vào hết chiến trường này đến chiến trường khác, cậu đã từng hình dung ra cảnh tượng như thế này chưa?",
lang_multi_text_1sthalf.db,MultiText,Id,Zuoyequnxing_22_1,Content,dialogue,translated,,PASS,10,,,,,"Miko of Flaming Sakura, do not forget the regret you carried here.","Miko của Flaming Sakura à, đừng quên nỗi hối hận mà ngươi mang theo đến đây.",
lang_multi_text_1sthalf.db,MultiText,Id,Zuoyequnxing_22_2,Content,dialogue,translated,,PASS,10,,,,,"You never forgot the lives you failed to save. Nor their final, fading cries.","Ngươi chưa bao giờ quên những sinh mạng mà ngươi không cứu được. Cũng như những tiếng kêu cuối cùng của họ, dần tắt lịm đi.",
lang_multi_text_1sthalf.db,MultiText,Id,Zuoyequnxing_23_1,Content,dialogue,translated,,PASS,10,,,,,You've been watching me?,Ngươi theo dõi ta à?,
lang_multi_text_1sthalf.db,MultiText,Id,Zuoyequnxing_23_2,Content,dialogue,translated,,PASS,10,,,,,"Among all the Mikos of Flaming Sakura, you're the most special.","Trong số tất cả các Miko của Flaming Sakura, ngươi là người đặc biệt nhất.",
lang_multi_text_1sthalf.db,MultiText,Id,Zuoyequnxing_23_3,Content,dialogue,translated,,PASS,10,,,,,"Only you could peer into the Suzu and see a future so utterly... ""pitch-black.""","Chỉ có ngươi mới có thể nhìn vào Suzu và thấy một tương lai... hoàn toàn ""tối đen"" đến vậy.",
lang_multi_text_1sthalf.db,MultiText,Id,Zuoyequnxing_24_1,Content,dialogue,translated,,PASS,10,,,,,This is...,Đây là...,
lang_multi_text_1sthalf.db,MultiText,Id,Zuoyequnxing_24_2,Content,dialogue,translated,,PASS,10,,,,,"Oh, you've heard the stories, of course. But none of them know what {PlayerName} really endured to reach this point.","Ồ, tất nhiên cậu đã nghe những câu chuyện đó rồi. Nhưng không ai trong số họ biết được những gì {PlayerName} thực sự đã trải qua để đạt tới điểm này.",
lang_multi_text_1sthalf.db,MultiText,Id,Zuoyequnxing_25_1,Content,dialogue,translated,,PASS,10,,,,,The Threnodian...,Threnodian...,
lang_multi_text_1sthalf.db,MultiText,Id,Zuoyequnxing_26_1,Content,dialogue,translated,,PASS,10,,,,,Go on. The next act awaits you.,Tiếp tục đi. Màn tiếp theo đang chờ đợi cậu.,
lang_multi_text_1sthalf.db,MultiText,Id,Zuoyequnxing_27_1,Content,dialogue,translated,,REVIEW,6,same_as_source,,,,{PlayerName}...?,{PlayerName}...?,
lang_multi_text_1sthalf.db,MultiText,Id,Zuoyequnxing_28_1,Content,dialogue,translated,,PASS,10,,,,,"Just as you suspected, both Jinzhou and Honami once lay beneath the Threnodian's shadow.","Đúng như cậu nghi ngờ, cả Jinzhou lẫn Honami đều từng nằm dưới bóng tối của Threnodian.",
lang_multi_text_1sthalf.db,MultiText,Id,Zuoyequnxing_28_2,Content,dialogue,translated,,PASS,10,,,,,But only in Jinzhou did the night give way to dawn.,"Nhưng chỉ có ở Jinzhou, màn đêm mới nhường chỗ cho bình minh.",
lang_multi_text_1sthalf.db,MultiText,Id,Zuoyequnxing_28_3,Content,dialogue,translated,,PASS,10,,,,,You...!,Ngươi...!,
lang_multi_text_1sthalf.db,MultiText,Id,Zuoyequnxing_28_4,Content,dialogue,translated,,PASS,10,,,,,Shh. I would never deny their achievements. Or hide the price they paid. That is their pride.,Suỵt. Ta sẽ không bao giờ phủ nhận những thành tựu của họ. Hay che giấu cái giá họ phải trả. Đó là niềm tự hào của họ.,
lang_multi_text_1sthalf.db,MultiText,Id,Zuoyequnxing_28_5,Content,dialogue,translated,,PASS,10,,,,,And likewise... I would never deceive your eyes.,Và đương nhiên... ta cũng sẽ không bao giờ lừa dối ánh mắt của ngươi.,
lang_multi_text_1sthalf.db,MultiText,Id,Zuoyequnxing_28_6,Content,dialogue,translated,,PASS,10,,,,,({PlayerName}... Did {Male=he;Female=she} truly consume a Threnodian's power?),(Vận Mệnh Giả {PlayerName}... Lẽ nào {Male=cậu ấy;Female=cô ấy} đã thực sự hấp thụ sức mạnh của một Threnodian?),
lang_multi_text_1sthalf.db,MultiText,Id,Zuoyequnxing_29_1,Content,dialogue,translated,,PASS,10,,,,,"You needn't doubt. This is, in fact, my ploy for you.",Cậu không cần phải nghi ngờ. Đây thực ra chính là kế hoạch của tôi dành cho cậu.,
lang_multi_text_1sthalf.db,MultiText,Id,Zuoyequnxing_29_2,Content,dialogue,translated,,PASS,10,,,,,What else would you call laying the very path you've dreaded most… bare before your feet?,Còn gì khác để gọi việc đặt con đường mà cậu sợ hãi nhất... trần trụi ngay trước mắt cậu chứ?,
lang_multi_text_1sthalf.db,MultiText,Id,Zuoyequnxing_29_3,Content,dialogue,translated,,PASS,10,,,,,Keep walking. The way forward is the only way left.,Tiếp tục đi thôi. Con đường phía trước là lối duy nhất còn lại.,
lang_multi_text_1sthalf.db,MultiText,Id,Zuoyequnxing_30_1,Content,dialogue,translated,,PASS,10,,,,,You've heard whispers of what happened in Rinascita. But have you ever paused to wonder... what truly led them to victory?,Cậu đã nghe những lời đồn về những gì xảy ra ở Rinascita. Nhưng liệu cậu đã từng dừng lại để tự hỏi... điều gì thực sự dẫn dắt họ đến chiến thắng?,
lang_multi_text_1sthalf.db,MultiText,Id,Zuoyequnxing_31_1,Content,dialogue,translated,,PASS,10,,,,,"Now, now. I know you could break free from this place anytime you wish.","Thôi nào, thôi nào. Tôi biết cậu có thể thoát khỏi nơi này bất cứ lúc nào cậu muốn.",
lang_multi_text_1sthalf.db,MultiText,Id,Zuoyequnxing_31_2,Content,dialogue,translated,,PASS,10,,,,,"Consider this a… convenient shortcut. For a ""stage"" as cluttered as this one.","Hãy coi đây như một... lối tắt tiện lợi. Cho một ""sân khấu"" lộn xộn như thế này.",
lang_multi_text_1sthalf.db,MultiText,Id,Zuoyequnxing_32_1,Content,dialogue,translated,,PASS,10,,,,,(The Inverted Tower... I read the reports...),*(Tháp Đảo Ngược... Tôi đã đọc báo cáo rồi...)*,
lang_multi_text_1sthalf.db,MultiText,Id,Zuoyequnxing_32_2,Content,dialogue,translated,,PASS,10,,,,,(Another place reduced to ruin by the Threnodian...),(Một nơi khác bị tàn phá bởi Threnodian...),
lang_multi_text_1sthalf.db,MultiText,Id,Zuoyequnxing_33_1,Content,dialogue,translated,,PASS,10,,,,,"Don't waver now, Hiyuki. That instinctive revulsion you're feeling will guide you down a path diametrically opposed to my own.","Đừng dao động lúc này, Hiyuki. Cảm giác kinh tởm bản năng mà cậu đang cảm nhận sẽ dẫn cậu đi trên con đường hoàn toàn đối lập với ta.",
lang_multi_text_1sthalf.db,MultiText,Id,Zuoyequnxing_33_2,Content,dialogue,translated,,PASS,10,,,,,"You <i>must</i> walk this road. Only then will you understand, accept, and finally see where you went wrong.","Cậu <i>phải</i> bước đi trên con đường này. Chỉ khi đó, cậu mới có thể hiểu, chấp nhận, và cuối cùng nhìn ra nơi mình đã sai.",
lang_multi_text_1sthalf.db,MultiText,Id,Zuoyequnxing_34_1,Content,dialogue,translated,,PASS,10,,,,,(Is this...?!),(Đây là...?!),
lang_multi_text_1sthalf.db,MultiText,Id,Zuoyequnxing_34_2,Content,dialogue,translated,,PASS,10,,,,,"The fall of Imperator. As you know, even a Sentinel can't be a crutch for humanity forever.","Sự sụp đổ của Imperator. Như cậu đã biết, ngay cả một Sentinel cũng không thể mãi là chỗ dựa cho nhân loại.",
lang_multi_text_1sthalf.db,MultiText,Id,Zuoyequnxing_35_1,Content,dialogue,translated,,PASS,10,,,,,"A nation that placed its faith in the Sentinel, yet its Blessed Maiden was spawned by the Threnodian Leviathan. Deliciously absurd, isn't it?","Một quốc gia đặt niềm tin vào Sentinel, vậy mà Thánh Nữ của họ lại được sinh ra từ Leviathan Threnodian. Thật là một sự mỉa mai ngọt ngào, phải không?",
lang_multi_text_1sthalf.db,MultiText,Id,Zuoyequnxing_35_2,Content,dialogue,translated,,PASS,10,,,,,I read the incident reports. It was the Threnodian's scheme.,Tôi đã đọc các báo cáo sự cố. Đó là âm mưu của Threnodian.,
lang_multi_text_1sthalf.db,MultiText,Id,Zuoyequnxing_35_3,Content,dialogue,translated,,PASS,10,,,,,"Obvious enough. And from it, I obtained the precise counterweight to tip the scales.","Rõ ràng mà. Và từ đó, tôi đã tìm ra đối trọng chính xác để làm lệch cán cân.",
lang_multi_text_1sthalf.db,MultiText,Id,Zuoyequnxing_35_4,Content,dialogue,translated,,PASS,10,,,,,The power of Assimilation?,Sức mạnh của Sự Đồng Hoá sao?,
lang_multi_text_1sthalf.db,MultiText,Id,Zuoyequnxing_35_5,Content,dialogue,translated,,PASS,10,,,,,"Precisely. After all, isn't that Blessed Maiden living proof? Proof that harnessing the Threnodian's power is a viable path.","Chính xác. Xét cho cùng, chẳng phải cô gái được ban phước kia là minh chứng sống hay sao? Minh chứng cho thấy việc khai thác sức mạnh của Threnodian là một con đường khả thi.",
lang_multi_text_1sthalf.db,MultiText,Id,Zuoyequnxing_36_1,Content,dialogue,translated,,PASS,10,,,,,"Oh, and I made a personal appearance for the grand finale in Rinascita.","À, và tôi cũng đã đích thân xuất hiện trong màn kết hoành tráng ở Rinascita.",
lang_multi_text_1sthalf.db,MultiText,Id,Zuoyequnxing_36_2,Content,dialogue,translated,,PASS,10,,,,,"I couldn't very well abandon my rather... childish subordinates like that, could I?","Tôi không thể bỏ mặc những thuộc hạ... khá là trẻ con của mình như thế được, phải không?",
lang_multi_text_1sthalf.db,MultiText,Id,Zuoyequnxing_37_1,Content,dialogue,translated,,PASS,10,,,,,"Now, why not step into the role yourself? Experience Rinascita's conclusion firsthand.",Giờ thì sao không tự mình bước vào vai diễn? Trải nghiệm kết thúc của Rinascita bằng chính đôi mắt của mình đi.,
lang_multi_text_1sthalf.db,MultiText,Id,Zuoyequnxing_38_1,Content,dialogue,translated,,PASS,10,,,,,Tch. So persistent...,Tch. Lại dai dẳng thế...,
lang_multi_text_1sthalf.db,MultiText,Id,Zuoyequnxing_39_1,Content,dialogue,translated,,PASS,10,,,,,"(If my blade had been keener, could I have...)","(Nếu lưỡi kiếm của ta sắc bén hơn, liệu ta có thể...)",
lang_multi_text_1sthalf.db,MultiText,Id,Zuoyequnxing_39_2,Content,dialogue,translated,,PASS,10,,,,,(...Is my focus slipping? Why is this even surfacing now?),(...Tâm trí ta đang sao nhãng sao? Tại sao những điều này lại trỗi dậy vào lúc này?),
lang_multi_text_1sthalf.db,MultiText,Id,Zuoyequnxing_40_1,Content,dialogue,translated,,PASS,10,,,,,"A light so blinding it lays bare all the filth. A world where every prayer is answered. Just like a dream, wouldn't you say?","Một ánh sáng chói lòa đến mức phơi bày mọi thứ dơ bẩn. Một thế giới nơi mọi lời cầu nguyện đều được đáp lại. Giống như một giấc mơ, phải không?",
lang_multi_text_1sthalf.db,MultiText,Id,Zuoyequnxing_40_2,Content,dialogue,translated,,PASS,10,,,,,Ah... if only Ashinohara could have...,À... giá như Ashinohara có thể...,
lang_multi_text_1sthalf.db,MultiText,Id,Zuoyequnxing_40_3,Content,dialogue,translated,,PASS,10,,,,,"You had so many companions fighting at your side. And yet, the rain over Honami simply would not cease.",Bạn đã có biết bao người đồng hành chiến đấu bên cạnh. Ấy vậy mà cơn mưa trên Honami vẫn không chịu ngừng lại.,
lang_multi_text_1sthalf.db,MultiText,Id,Zuoyequnxing_40_4,Content,dialogue,translated,,PASS,10,,,,,...That's enough.,...Đủ rồi.,
lang_multi_text_1sthalf.db,MultiText,Id,Zuoyequnxing_41_1,Content,dialogue,translated,,PASS,10,,,,,"(Every single time, {PlayerName} succeeded in saving them.)","(Mỗi lần như thế, {PlayerName} lại thành công trong việc cứu họ.)",
lang_multi_text_1sthalf.db,MultiText,Id,Zuoyequnxing_41_2,Content,dialogue,translated,,PASS,10,,,,,(If only I could have... Ashinohara...),(Giá như ta có thể... Ashinohara...),
lang_multi_text_1sthalf.db,MultiText,Id,Zuoyequnxing_41_3,Content,dialogue,translated,,PASS,10,,,,,(Am I envious of what {Male=he;Female=she} has achieved? I...),(Ta ghen tị với những gì cậu đã đạt được sao? Ta...),
lang_multi_text_1sthalf.db,MultiText,Id,Zuoyequnxing_42_1,Content,dialogue,translated,,PASS,10,,,,,"A little side-show before the end. You don't mind, do you?",Một màn trình diễn phụ nhỏ trước khi kết thúc. Cậu không phiền đâu chứ?,
lang_multi_text_1sthalf.db,MultiText,Id,Zuoyequnxing_43_1,Content,dialogue,translated,,PASS,10,,,,,This is...?,Đây là...?,
lang_multi_text_1sthalf.db,MultiText,Id,Zuoyequnxing_44_1,Content,dialogue,translated,,PASS,10,,,,,Take your time. We're almost at the finale.,Cứ từ từ thôi. Chúng ta sắp đến phần cuối rồi.,
lang_multi_text_1sthalf.db,MultiText,Id,Zuoyequnxing_45_1,Content,dialogue,translated,,PASS,10,,,,,"Come, Lady Miko. Open the next act with your own hands.","Nào, Miko. Hãy tự tay mở màn cho màn diễn tiếp theo đi.",
lang_multi_text_1sthalf.db,MultiText,Id,Zuoyequnxing_46_1,Content,dialogue,translated,,PASS,10,,,,,"Very well, time for the curtain call.","Được rồi, đến lúc hạ màn rồi.",
lang_multi_text_1sthalf.db,MultiText,Id,Zuoyequnxing_47_1,Content,dialogue,translated,,PASS,10,,,,,"Come, let's go.","Đi thôi, nào.",
lang_multi_text_1sthalf.db,MultiText,Id,Zuoyequnxing_48_1,Content,dialogue,translated,,PASS,10,,,,,Thoughts on the show?,Cậu thấy buổi diễn thế nào?,
lang_multi_text_1sthalf.db,MultiText,Id,Zuoyequnxing_48_2,Content,dialogue,translated,,PASS,10,,,,,"You showed me all this... because the Fractsidus wants to replicate the ""assimilation"" within the Blessed Maiden herself?","Cậu cho tôi thấy tất cả những điều này... là vì bọn Fractsidus muốn tái hiện ""sự đồng hóa"" ngay trong chính Thánh Nữ sao?",
lang_multi_text_1sthalf.db,MultiText,Id,Zuoyequnxing_48_3,Content,dialogue,translated,,PASS,10,,,,,You want me for the possibility that I could become the Threnodian's Resonator in the future.,Cậu muốn tôi vì khả năng tôi có thể trở thành Resonator của Threnodian trong tương lai.,
lang_multi_text_1sthalf.db,MultiText,Id,Zuoyequnxing_48_4,Content,dialogue,translated,,PASS,10,,,,,"I won't deny it. After all, among all the Mikos of Flaming Sakura, only you can see through that Suzu and see a future so clearly entwined with the Threnodian's.","Ta không phủ nhận điều đó. Xét cho cùng, trong số tất cả các Miko của Flaming Sakura, chỉ có ngươi mới nhìn thấu được Suzu đó và thấy trước một tương lai gắn bó chặt chẽ với Threnodian đến vậy.",
lang_multi_text_1sthalf.db,MultiText,Id,Zuoyequnxing_48_5,Content,dialogue,translated,,PASS,10,,,,,That is your gift. Your talent.,Đó chính là món quà của ngươi. Tài năng của ngươi.,
lang_multi_text_1sthalf.db,MultiText,Id,Zuoyequnxing_48_6,Content,dialogue,translated,,PASS,10,,,,,It is a dangerous curse.,Đó là một lời nguyền nguy hiểm.,
lang_multi_text_1sthalf.db,MultiText,Id,Zuoyequnxing_48_7,Content,dialogue,translated,,PASS,10,,,,,"From Ashinohara's legends and the Spacetrek Collective's investigative reports, you know who {PlayerName} is by now.","Qua những truyền thuyết về Ashinohara và các báo cáo điều tra của Spacetrek Collective, giờ thì cậu cũng biết {PlayerName} là ai rồi.",
lang_multi_text_1sthalf.db,MultiText,Id,Zuoyequnxing_48_8,Content,dialogue,translated,,PASS,10,,,,,"As a ""savior"" yourself, what do you think of {Male=his;Female=her} capabilities?","Là một ""vị cứu tinh"" như ngươi, ngươi nghĩ sao về năng lực của {Male=hắn;Female=nàng}?",
lang_multi_text_1sthalf.db,MultiText,Id,Zuoyequnxing_48_9,Content,dialogue,translated,,PASS,10,,,,,{PlayerName}... {Male=He;Female=She}'s strong.,{PlayerName}... {Male=Hắn;Female=Nàng} rất mạnh.,
lang_multi_text_1sthalf.db,MultiText,Id,Zuoyequnxing_48_10,Content,dialogue,translated,,PASS,10,,,,,"Hehe, you can afford to be more effusive. Unlike you, who failed Ashinohara time and again, {Male=he;Female=she} is the perfect ""savior.""","Hehe, ngươi có thể khen nhiều hơn chút đấy. Không như ngươi, người liên tục thất bại ở Ashinohara, {Male=hắn;Female=nàng} mới là ""vị cứu tinh"" hoàn hảo.",
lang_multi_text_1sthalf.db,MultiText,Id,Zuoyequnxing_48_11,Content,dialogue,translated,,PASS,10,,,,,But let's be brutally honest. This world doesn't have a second {PlayerName}. {Male=He;Female=She} saved Jinzhou and Rinascita... but what about Honami?,Nhưng hãy thành thật mà nói. Thế giới này không có một {PlayerName} thứ hai. {Male=Hắn;Female=Nàng} đã cứu Jinzhou và Rinascita... nhưng còn Honami thì sao?,
lang_multi_text_1sthalf.db,MultiText,Id,Zuoyequnxing_48_12,Content,dialogue,translated,,PASS,10,,,,,"Solaris is full of dark corners like Honami, places the savior's light will never reach.","Solaris đầy những góc tối như Honami, những nơi ánh sáng của vị cứu tinh sẽ không bao giờ chạm tới.",
lang_multi_text_1sthalf.db,MultiText,Id,Zuoyequnxing_48_13,Content,dialogue,translated,,PASS,10,,,,,"You, Miko of Flaming Sakura, have a gift. You might not fear the curse of the Threnodian or Lament.","Ngươi, Miko của Flaming Sakura, có một món quà. Có lẽ ngươi không sợ lời nguyền của Threnodian hay Lament.",
lang_multi_text_1sthalf.db,MultiText,Id,Zuoyequnxing_48_14,Content,dialogue,translated,,PASS,10,,,,,"But what of ""them?"" The weak, those not blessed by fate? And yet, is it really fair to place the weight of an entire world on a single pair of shoulders?","Nhưng còn ""họ"" thì sao? Những kẻ yếu đuối, những người không được số phận ưu ái? Thế nhưng, liệu có thực sự công bằng khi đặt gánh nặng của cả thế giới lên đôi vai của một cá nhân?",
lang_multi_text_1sthalf.db,MultiText,Id,Zuoyequnxing_48_15,Content,dialogue,translated,,PASS,10,,,,,"Solaris needs more saviors, doesn't it?","Solaris cần thêm nhiều vị cứu tinh, phải không?",
lang_multi_text_1sthalf.db,MultiText,Id,Zuoyequnxing_48_16,Content,dialogue,translated,,PASS,10,,,,,I'm just using the Threnodian to bring more of them into this world.,Ta chỉ đang dùng Threnodian để đưa thêm nhiều người như họ vào thế giới này thôi.,
lang_multi_text_1sthalf.db,MultiText,Id,Zuoyequnxing_48_17,Content,dialogue,translated,,PASS,10,,,,,"You mean... You want to use its power, the way {PlayerName} once did?","Ý cậu là... cậu muốn sử dụng sức mạnh của nó, giống như cách {PlayerName} đã từng làm?",
lang_multi_text_1sthalf.db,MultiText,Id,Zuoyequnxing_48_18,Content,dialogue,translated,,PASS,10,,,,,I've tried before. But a miracle like Fleurdelys requires a billion coincidences. And Mya? Nothing but the delusional ravings of Leviathan.,Ta đã thử rồi. Nhưng một phép màu như Fleurdelys đòi hỏi hàng tỷ sự trùng hợp. Còn Mya? Chỉ là những lời hoang tưởng điên rồ của Leviathan.,
lang_multi_text_1sthalf.db,MultiText,Id,Zuoyequnxing_48_19,Content,dialogue,translated,,PASS,10,,,,,"Even the one that appeared in Rinascita at the end... was just a hollow, mute shell.","Ngay cả kẻ xuất hiện ở Rinascita vào phút cuối... cũng chỉ là một cái vỏ rỗng, câm lặng mà thôi.",
lang_multi_text_1sthalf.db,MultiText,Id,Zuoyequnxing_48_20,Content,dialogue,translated,,PASS,10,,,,,But with your help? Everything changes. You could wield the Threnodian's power just as {PlayerName} did.,Nhưng với sự giúp đỡ của cậu? Mọi thứ sẽ thay đổi. Cậu có thể sử dụng sức mạnh của Threnodian giống như {PlayerName} đã làm.,
lang_multi_text_1sthalf.db,MultiText,Id,Zuoyequnxing_48_21,Content,dialogue,translated,,PASS,10,,,,,"Honami would not be a ruin. And Ashinohara would finally have its true ""savior.""","Honami sẽ không trở thành đống hoang tàn. Và Ashinohara cuối cùng cũng sẽ có ""vị cứu tinh"" thực sự của mình.",
lang_multi_text_1sthalf.db,MultiText,Id,Zuoyequnxing_48_22,Content,dialogue,translated,,REVIEW,6,same_as_source,,,,...,...,
lang_multi_text_1sthalf.db,MultiText,Id,Zuoyequnxing_48_23,Content,dialogue,translated,,PASS,10,,,,,I have to admit your proposition is tempting.,Phải thừa nhận rằng lời đề nghị của ngươi rất hấp dẫn.,
lang_multi_text_1sthalf.db,MultiText,Id,Zuoyequnxing_48_24,Content,dialogue,translated,,PASS,10,,,,,I desire vengeance against the Threnodian. That is why I seek greater strength. I stayed in Lahai-Roi to forge a blade sharp enough to kill it.,Ta khao khát báo thù Threnodian. Đó là lý do ta tìm kiếm sức mạnh lớn hơn. Ta ở lại Lahai-Roi để rèn một lưỡi kiếm đủ sắc bén để giết nó.,
lang_multi_text_1sthalf.db,MultiText,Id,Zuoyequnxing_48_25,Content,dialogue,translated,,PASS,10,,,,,But I will not discard my dignity as a human for it. I will not become the very horror I hate. Not even for retribution.,Nhưng ta sẽ không vứt bỏ nhân phẩm của mình vì điều đó. Ta sẽ không trở thành chính cái ác quỷ mà ta căm ghét. Dù là để báo thù đi chăng nữa.,
lang_multi_text_1sthalf.db,MultiText,Id,Zuoyequnxing_48_26,Content,dialogue,translated,,PASS,10,,,,,You stand on Honami's soil. You stand on a graveyard of millions.,Ngươi đang đứng trên mảnh đất Honami. Ngươi đang đứng trên nấm mộ của hàng triệu sinh mạng.,
lang_multi_text_1sthalf.db,MultiText,Id,Zuoyequnxing_48_27,Content,dialogue,translated,,PASS,10,,,,,"Go on. Ask them if your ""dignity as a human"" matters... I think they'd tell you that simply staying alive is what matters.","Cứ tiếp đi. Hỏi họ xem ""phẩm giá con người"" của ngươi có ý nghĩa gì không... Ta nghĩ họ sẽ bảo ngươi rằng chỉ cần sống sót thôi đã là điều quan trọng rồi.",
lang_multi_text_1sthalf.db,MultiText,Id,Zuoyequnxing_48_28,Content,dialogue,translated,,PASS,10,,,,,Eternal Miko... you know your limits.,Vĩnh Hằng Miko... ngươi biết giới hạn của mình mà.,
lang_multi_text_1sthalf.db,MultiText,Id,Zuoyequnxing_48_29,Content,dialogue,translated,,PASS,10,,,,,"You've crawled through countless defeats, barely protecting Ashinohara from the Threnodian's assault. But what of the future? You are no savior like {PlayerName}.","Ngươi đã trải qua vô số thất bại, chỉ vừa đủ bảo vệ Ashinohara khỏi cuộc tấn công của Threnodian. Nhưng tương lai thì sao? Ngươi đâu phải là vị cứu tinh như {PlayerName}.",
lang_multi_text_1sthalf.db,MultiText,Id,Zuoyequnxing_48_30,Content,dialogue,translated,,PASS,10,,,,,"When you fall, who will take up the Suzu? Who will walk this lonely, futile path next?","Khi ngươi gục ngã, ai sẽ cầm lấy Suzu? Ai sẽ tiếp bước con đường cô đơn, vô vọng này?",
lang_multi_text_1sthalf.db,MultiText,Id,Zuoyequnxing_48_31,Content,dialogue,translated,,REVIEW,6,same_as_source,,,,...,...,
lang_multi_text_1sthalf.db,MultiText,Id,Zuoyequnxing_48_32,Content,dialogue,translated,,PASS,10,,,,,We could always talk about the former miko... The bodies of the Left Behind are ephemeral. You'll find I have a far more durable proposal...,Ta luôn có thể nói về vị miko trước đây... Thân thể của những kẻ Bị Bỏ Lại chỉ là phù du. Ngươi sẽ thấy ta có một đề xuất bền vững hơn nhiều...,
lang_multi_text_1sthalf.db,MultiText,Id,Zuoyequnxing_48_33,Content,dialogue,translated,,PASS,10,,,,,"Watching Rover's journey through Hiyuki's eyes, the Grand Architect lays out her philosophy. For everyone to be saved, more saviors have to be made—After all, the world can't rely on Rover alone. Beyond what one person can reach, how many others are like Hiyuki? Powerless. Trapped in the pain of failure. 
Faced with the Grand Architect's temptation, Hiyuk's hand finds her blade, but she hesitates to draw.","Qua đôi mắt của Hiyuki, Kiến Trúc Sư Vĩ Đại theo dõi hành trình của Rover và trình bày triết lý của bà. Để cứu rỗi tất cả, cần phải tạo ra thêm nhiều vị cứu tinh—Xét cho cùng, thế giới không thể chỉ trông cậy vào một mình Rover. Ngoài tầm với của một cá nhân, còn biết bao người khác giống như Hiyuki? Bất lực. Bị mắc kẹt trong nỗi đau của thất bại.
Trước sự cám dỗ của Kiến Trúc Sư Vĩ Đại, bàn tay Hiyuki đặt lên lưỡi kiếm, nhưng nàng do dự không rút ra.",
lang_multi_text_1sthalf.db,MultiText,Id,Zuoyequnxing_21053_1,Content,dialogue,translated,,PASS,10,,,,,What are you doing...?,Cậu đang làm gì vậy...?,
lang_multi_text_1sthalf.db,MultiText,Id,Zuoyequnxing_21053_2,Content,dialogue,translated,,PASS,10,,,,,"At your voice, Hiyuki stops her quiet muttering and discreetly closes her fingers around a note in her hand.","Nghe giọng Rover, Hiyuki ngừng lẩm bẩm và khẽ siết chặt tờ giấy ghi chú trong tay.",
lang_multi_text_1sthalf.db,MultiText,Id,Zuoyequnxing_21053_3,Content,dialogue,translated,,PASS,10,,,,,"Some of the Threnodian's influence has yet to fully fade. The Spacetrek Collective wishes to gather more intelligence as well, so I will accompany them. From the shadows.","Một phần ảnh hưởng của Threnodian vẫn chưa hoàn toàn tan biến. Tập Thể Spacetrek cũng muốn thu thập thêm thông tin tình báo, nên ta sẽ đi cùng họ. Từ trong bóng tối.",
lang_multi_text_1sthalf.db,MultiText,Id,Zuoyequnxing_21053_4,Content,dialogue,translated,,PASS,10,,,,,"Their people conduct field surveys here during the day. At night, with fewer eyes about, it is easier to clear away the ""debris."" Easier to draw a blade, too.","Ban ngày, người của họ tiến hành khảo sát thực địa ở đây. Đêm đến, khi ít cặp mắt dòm ngó hơn, việc dọn dẹp ""mảnh vụn"" sẽ dễ dàng hơn. Việc rút kiếm cũng vậy.",
lang_multi_text_1sthalf.db,MultiText,Id,Zuoyequnxing_21053_5,Content,dialogue,translated,,PASS,10,,,,,You're doing this alone?,Cậu làm việc này một mình à?,
lang_multi_text_1sthalf.db,MultiText,Id,Zuoyequnxing_21053_6,Content,dialogue,translated,,PASS,10,,,,,If you want my help...,Nếu cậu cần sự trợ giúp của tớ...,
lang_multi_text_1sthalf.db,MultiText,Id,Zuoyequnxing_21053_7,Content,dialogue,translated,,PASS,10,,,,,I am sufficient on my own.,Tôi tự lo được mà.,
lang_multi_text_1sthalf.db,MultiText,Id,Zuoyequnxing_21053_8,Content,dialogue,translated,,PASS,10,,,,,Do not worry. This is how I have always done things.,Đừng lo. Tôi vẫn luôn làm thế này mà.,
lang_multi_text_1sthalf.db,MultiText,Id,Zuoyequnxing_21053_9,Content,dialogue,translated,,PASS,10,,,,,"There are greater tasks that require your attention, and more people who need you. Matters such as swinging a blade… leave those to me.","Có những nhiệm vụ quan trọng hơn đang cần đến cậu, và còn nhiều người khác đang trông chờ vào Rover. Những chuyện như vung kiếm... cứ để tôi lo.",
lang_multi_text_1sthalf.db,MultiText,Id,Zuoyequnxing_21053_10,Content,dialogue,translated,,PASS,10,,,,,"Truly. If I need it, I... I will ask you for it.","Thật đấy. Nếu cần, tôi... tôi sẽ nhờ cậu.",
lang_multi_text_1sthalf.db,MultiText,Id,Zuoyequnxing_21053_11,Content,dialogue,translated,,PASS,10,,,,,"Aleph-1 made me understand the strength that lies in ""everyone.""","Aleph-1 đã giúp ta hiểu được sức mạnh nằm trong ""mọi người"".",
lang_multi_text_1sthalf.db,MultiText,Id,Zuoyequnxing_21053_12,Content,dialogue,translated,,PASS,10,,,,,"I was foolish in the past. I believed I had to bear everything alone, or else I would be unworthy of this power.","Ta đã thật ngốc nghếch trong quá khứ. Ta từng tin rằng mình phải gánh vác tất cả một mình, nếu không sẽ không xứng đáng với sức mạnh này.",
lang_multi_text_1sthalf.db,MultiText,Id,Zuoyequnxing_21053_13,Content,dialogue,translated,,PASS,10,,,,,But how far can one person truly walk alone? Not nearly as far as when all move in step.,Nhưng một người có thể đi được bao xa khi chỉ có một mình? Chẳng thể xa bằng khi tất cả cùng bước đều.,
lang_multi_text_1sthalf.db,MultiText,Id,Zuoyequnxing_21053_14,Content,dialogue,translated,,PASS,10,,,,,"If I can do a little more before I depart, I will do it. Though sometimes,  what they gather to discuss is difficult to follow...","Nếu ta có thể làm thêm chút gì trước khi ra đi, ta sẽ làm. Dù đôi lúc, những gì họ tụ họp để bàn luận thật khó mà theo kịp...",
lang_multi_text_1sthalf.db,MultiText,Id,Zuoyequnxing_21053_15,Content,dialogue,translated,,PASS,10,,,,,Scientific jargon?,Thuật ngữ khoa học à?,
lang_multi_text_1sthalf.db,MultiText,Id,Zuoyequnxing_21053_16,Content,dialogue,translated,,PASS,10,,,,,"They know I am nearby, so some request protective charms and talismans for good fortune. Most of all, they seek a blessing for their research to bear fruit.","Họ biết ta ở gần đó, nên một số yêu cầu bùa hộ mệnh và bùa may mắn. Nhưng hơn hết, họ mong cầu một lời chúc phúc để nghiên cứu của họ có thể đơm hoa kết trái.",
lang_multi_text_1sthalf.db,MultiText,Id,Zuoyequnxing_21053_17,Content,dialogue,translated,,PASS,10,,,,,But sometimes the full titles of their projects are so lengthy I suspect they were designed to be forgotten.,Nhưng đôi khi tên đầy đủ của các dự án của họ dài đến mức tôi nghi là chúng được thiết kế để bị quên đi.,
lang_multi_text_1sthalf.db,MultiText,Id,Zuoyequnxing_21053_18,Content,dialogue,translated,,PASS,10,,,,,So that muttering earlier was... studying?,Vậy là tiếng lẩm bẩm lúc nãy... là đang học à?,
lang_multi_text_1sthalf.db,MultiText,Id,Zuoyequnxing_21053_19,Content,dialogue,translated,,PASS,10,,,,,"Reading, memorizing terms... {PlayerName}, do you...","Đang đọc, ghi nhớ mấy cái thuật ngữ... {PlayerName}, cậu...",
lang_multi_text_1sthalf.db,MultiText,Id,Zuoyequnxing_21053_20,Content,dialogue,translated,,PASS,10,,,,,"Not my forte, either...",Cũng không phải sở trường của tớ đâu...,
lang_multi_text_1sthalf.db,MultiText,Id,Zuoyequnxing_21053_21,Content,dialogue,translated,,PASS,10,,,,,Another one of my strengths.,Một trong những điểm mạnh khác của tôi.,
lang_multi_text_1sthalf.db,MultiText,Id,Zuoyequnxing_21053_22,Content,dialogue,translated,,PASS,10,,,,,Sorry. That's one area I can't help you with.,Xin lỗi. Lĩnh vực này thì tôi không giúp được cậu rồi.,
lang_multi_text_1sthalf.db,MultiText,Id,Zuoyequnxing_21053_23,Content,dialogue,translated,,PASS,10,,,,,I see... No matter. The night is long. I will remember what I can.,Ta hiểu rồi... Dù sao thì đêm vẫn còn dài. Ta sẽ nhớ những gì có thể nhớ được.,
lang_multi_text_1sthalf.db,MultiText,Id,Zuoyequnxing_21053_24,Content,dialogue,translated,,PASS,10,,,,,That's easy. Leave it to me.,Dễ thôi. Để đó cho tớ.,
lang_multi_text_1sthalf.db,MultiText,Id,Zuoyequnxing_21053_25,Content,dialogue,translated,,PASS,10,,,,,"Oh? Then when you are free, I will take you up on that.","Ồ? Vậy khi nào cậu rảnh, tớ sẽ nhờ cậu đấy.",
lang_multi_text_1sthalf.db,MultiText,Id,Zuoyequnxing_21054_1,Content,dialogue,translated,,PASS,10,,,,,"As the power is reclaimed, this last Flaming Sakura tree will also begin to melt away.","Khi sức mạnh được thu hồi, cây Flaming Sakura cuối cùng này cũng sẽ bắt đầu tan biến.",
lang_multi_text_1sthalf.db,MultiText,Id,Zuoyequnxing_21054_2,Content,dialogue,translated,,PASS,10,,,,,Until that happens... let it stay in bloom a little while longer.,Cho đến lúc đó... hãy để nó nở thêm chút nữa.,
lang_multi_text_1sthalf.db,MultiText,Id,Zuoyequnxing_21055_1,Content,dialogue,translated,,PASS,10,,,,,"The familiar white bird seems to notice you. It gives a small sway, and the glow on its body gradually fades, leaving behind an ordinary origami bird.","Con chim trắng quen thuộc dường như nhận ra cậu. Nó khẽ lắc mình, và ánh sáng trên thân thể dần tắt đi, để lại một con chim giấy origami bình thường.",
lang_multi_text_1sthalf.db,MultiText,Id,Zuoyequnxing_21055_2,Content,dialogue,translated,,PASS,10,,,,,"The folds are not masterful. In fact, they are almost awkward. The students say that finding one of these origami birds brings good luck.","Những nếp gấp này không hề điêu luyện. Thực ra, chúng còn vụng về nữa là đằng khác. Các học sinh nói rằng tìm thấy một chú chim gấp giấy như thế này sẽ mang lại may mắn.",
lang_multi_text_1sthalf.db,MultiText,Id,Zuoyequnxing_21055_3,Content,dialogue,translated,,PASS,10,,,,,"It stays here quietly for a moment, then vanishes like fine snow melting into the soil, as though it was never here.","Nó lặng lẽ ở lại đây một lúc, rồi tan biến như tuyết mịn tan vào đất, như thể chưa từng tồn tại.",
lang_multi_text_1sthalf.db,MultiText,Id,Zuoyequnxing_21056_1,Content,dialogue,translated,,PASS,10,,,,,"The familiar white bird seems to notice you. It sways gently, and the glow upon its body slowly fades until an ordinary origami bird takes its place.","Chú chim trắng quen thuộc dường như nhận ra cậu. Nó khẽ đung đưa, và ánh sáng trên thân mình từ từ tắt đi, trở lại thành một chú chim giấy origami bình thường.",
lang_multi_text_1sthalf.db,MultiText,Id,Zuoyequnxing_21056_2,Content,dialogue,translated,,PASS,10,,,,,Its face reveals nothing. Its silence gives no clue. There is no telling what it is thinking.,Gương mặt nó không biểu lộ điều gì. Sự im lặng của nó không hé lộ manh mối nào. Không ai đoán được nó đang nghĩ gì.,
lang_multi_text_1sthalf.db,MultiText,Id,Zuoyequnxing_21056_3,Content,dialogue,translated,,PASS,10,,,,,"Quietly, it keeps watch here. Perhaps when it leaves, no one will notice it ever came.","Nó lặng lẽ canh giữ nơi này. Có lẽ khi rời đi, chẳng ai nhận ra nó từng đến.",
lang_multi_text_1sthalf.db,MultiText,Id,Zuoyequnxing_21057_1,Content,dialogue,translated,,PASS,10,,,,,"The familiar white bird rests here quietly. It sways gently, lost in some feeling.","Chú chim trắng quen thuộc lặng lẽ đậu ở đây. Nó khẽ đung đưa, như chìm đắm trong một cảm xúc nào đó.",
lang_multi_text_1sthalf.db,MultiText,Id,Zuoyequnxing_21057_2,Content,dialogue,translated,,PASS,10,,,,,"The rhythm of its sway suggests a wild, intense beat it is wordlessly following.","Nhịp điệu lắc lư của nó gợi lên một tiết tấu hoang dã, mãnh liệt mà nó đang lặng lẽ theo đuổi.",
lang_multi_text_1sthalf.db,MultiText,Id,Zuoyequnxing_21057_3,Content,dialogue,translated,,PASS,10,,,,,"Then it finally notices you. The swaying stops, and the glow fades until an ordinary origami bird takes its place.","Rồi cuối cùng, nó cũng nhận ra cậu. Điệu lắc dừng lại, ánh sáng dần tắt đi cho đến khi chỉ còn lại một con chim gấp giấy bình thường.",
lang_multi_text_1sthalf.db,MultiText,Id,Zuoyequnxing_21058_1,Content,dialogue,translated,,PASS,10,,,,,"Hiyuki sits there quietly, resting against the white bird.","Hiyuki ngồi yên lặng đó, dựa vào con chim trắng.",
lang_multi_text_1sthalf.db,MultiText,Id,Zuoyequnxing_21058_2,Content,dialogue,translated,,PASS,10,,,,,Mmm...,Ừm...,
lang_multi_text_1sthalf.db,MultiText,Id,Zuoyequnxing_21058_3,Content,dialogue,translated,,PASS,10,,,,,She seems to have fallen asleep...? Hopefully she won't slip and fall.,Cô ấy có vẻ đã ngủ thiếp đi rồi...? Hy vọng cô ấy không trượt ngã mất.,
lang_multi_text_1sthalf.db,MultiText,Id,Zuoyequnxing_21059_1,Content,dialogue,translated,,PASS,10,,,,,"Hm... Though these seeds came from another land, they have taken root quite well...","Hừm... Dù những hạt giống này đến từ vùng đất khác, nhưng chúng đã bén rễ khá tốt...",
lang_multi_text_1sthalf.db,MultiText,Id,Zuoyequnxing_21059_2,Content,dialogue,translated,,PASS,10,,,,,"Perhaps next time, I will ask them to try some seeds from Ashinohara as well...","Có lẽ lần sau, tớ sẽ bảo họ thử vài hạt giống từ Ashinohara nữa...",
lang_multi_text_1sthalf.db,MultiText,Id,Zuoyequnxing_108_1,Content,dialogue,translated,,PASS,10,,,,,Whew... just made it.,Phù... vừa kịp giờ.,
lang_multi_text_1sthalf.db,MultiText,Id,Zuoyequnxing_108_2,Content,dialogue,translated,,PASS,10,,,,,Didn't expect the road to straight-up collapse on me.,Không ngờ con đường lại sập ngay trước mặt mình thế này.,
lang_multi_text_1sthalf.db,MultiText,Id,Zuoyequnxing_109_1,Content,dialogue,translated,,PASS,10,,,,,"Everything go smoothly on your end, {PlayerName}?","Mọi chuyện bên cậu ổn cả chứ, {PlayerName}?",
lang_multi_text_1sthalf.db,MultiText,Id,Zuoyequnxing_109_2,Content,dialogue,translated,,PASS,10,,,,,Yeah. How about you? Ran into trouble?,Ừ. Còn cậu thì sao? Gặp rắc rối à?,
lang_multi_text_1sthalf.db,MultiText,Id,Zuoyequnxing_109_3,Content,dialogue,translated,,PASS,10,,,,,Just a small hiccup. Had to take a detour. Nothing my souped-up engine couldn't handle.,Chỉ là một chút trục trặc thôi. Phải đi đường vòng. Nhưng động cơ tăng áp của tớ vẫn xử lý ngon lành.,
lang_multi_text_1sthalf.db,MultiText,Id,Zuoyequnxing_109_4,Content,dialogue,translated,,PASS,10,,,,,"So… you're really going back in there, huh?",Vậy… cậu thật sự định quay lại đó à?,
lang_multi_text_1sthalf.db,MultiText,Id,Zuoyequnxing_109_5,Content,dialogue,translated,,PASS,10,,,,,...Yep.,...Ừ.,
lang_multi_text_1sthalf.db,MultiText,Id,Zuoyequnxing_109_6,Content,dialogue,translated,,PASS,10,,,,,"...Better make it back in one piece. Still need a proper shot at LARPing as Academy students, right?","...Cố mà quay về nguyên vẹn nhé. Chúng ta vẫn còn cần một trận LARP đúng nghĩa trong vai học sinh Học viện mà, phải không?",
lang_multi_text_1sthalf.db,MultiText,Id,Zuoyequnxing_109_7,Content,dialogue,translated,,PASS,10,,,,,"I will, Lynae.","Tôi sẽ làm vậy, Lynae.",
lang_multi_text_1sthalf.db,MultiText,Id,Zuoyequnxing_109_8,Content,dialogue,translated,,PASS,10,,,,,"Catch ya on the flip side, then!",Gặp lại cậu sau nhé!,
lang_multi_text_1sthalf.db,MultiText,Id,Zuoyequnxing_110_1,Content,dialogue,translated,,PASS,10,,,,,What's the status on the injured?,"Tình hình những người bị thương thế nào rồi?
```
**Ghi chú về xưng hô và giọng nhân vật:**
- **STORY_1746-1750**: Dựa trên ngữ cảnh, đây là cuộc trò chuyện giữa **Rover** và **Lynae** (nhân vật nữ, giọng thanh lịch, tự tin, có chút hài hước nhẹ nhàng). Lynae gọi Rover là `""cậu""` (thân thiết nhưng không suồng sã), tự xưng `""ta""` (trang trọng vừa phải, phù hợp với tính cách của Lynae). Rover gọi Lynae bằng tên và tự xưng `""tôi""` (trung lập, lịch sự).
- **STORY_1751**: Đây là câu thoại của Lynae chuyển sang giọng nghiêm túc hơn khi hỏi về tình hình thương vong, vẫn giữ xưng hô `""tôi""` (chuyên nghiệp, tập trung vào nhiệm vụ).",
lang_multi_text_1sthalf.db,MultiText,Id,Zuoyequnxing_110_2,Content,dialogue,translated,,PASS,10,,,,,"Mostly minor, thanks to the Collective's evacuation protocols. Gave me enough breathing room to come check on you.","Chủ yếu là thiệt hại nhỏ thôi, nhờ vào giao thức sơ tán của Tập Thể. Đủ để tôi có thời gian đến kiểm tra cậu.",
lang_multi_text_1sthalf.db,MultiText,Id,Zuoyequnxing_110_3,Content,dialogue,translated,,PASS,10,,,,,I caught wind of your chat with Mr. Chase. Through… less-than-official channels.,Tôi nghe lỏm được cuộc trò chuyện của cậu với ông Chase đấy. Qua… những kênh không chính thức lắm.,
lang_multi_text_1sthalf.db,MultiText,Id,Zuoyequnxing_110_4,Content,dialogue,translated,,PASS,10,,,,,"So let me guess. You're not actually sure you can find the Exostrider, are you?",Để tôi đoán xem. Thực ra cậu cũng không chắc là mình có thể tìm thấy Exostrider đúng không?,
lang_multi_text_1sthalf.db,MultiText,Id,Zuoyequnxing_110_5,Content,dialogue,translated,,REVIEW,6,same_as_source,,,,...,...,
lang_multi_text_1sthalf.db,MultiText,Id,Zuoyequnxing_110_6,Content,dialogue,translated,,PASS,10,,,,,Figures. You've always had a knack for making people worried. Some things don't change.,Đúng như dự đoán. Cậu luôn có tài khiến người khác lo lắng. Một số thứ chẳng bao giờ thay đổi.,
lang_multi_text_1sthalf.db,MultiText,Id,Zuoyequnxing_110_7,Content,dialogue,translated,,PASS,10,,,,,Do you want me to change?,Cậu muốn tôi thay đổi à?,
lang_multi_text_1sthalf.db,MultiText,Id,Zuoyequnxing_110_8,Content,dialogue,translated,,PASS,10,,,,,...I do. But not today.,...Tôi hiểu. Nhưng không phải hôm nay.,
lang_multi_text_1sthalf.db,MultiText,Id,Zuoyequnxing_110_9,Content,dialogue,translated,,PASS,10,,,,,"Right now, just be you and do what you need to. Leave the rest to us.","Bây giờ, cứ là chính cậu và làm những gì cậu cần làm. Phần còn lại cứ để chúng tôi lo.",
lang_multi_text_1sthalf.db,MultiText,Id,Zuoyequnxing_113_1,Content,dialogue,translated,,PASS,10,,,,,Chulu...,Chulu...,
lang_multi_text_1sthalf.db,MultiText,Id,Zuoyequnxing_169_1,Content,dialogue,translated,,PASS,10,,,,,I'll stay here and keep the Threnodian's power from seeping above.,Tôi sẽ ở lại đây và ngăn không cho sức mạnh của Threnodian rò rỉ lên trên.,
lang_multi_text_1sthalf.db,MultiText,Id,Zuoyequnxing_169_2,Content,dialogue,translated,,PASS,10,,,,,"Be careful. My Shiratori has its limits, but it should still be of some help.","Hãy cẩn thận. Shiratori của tôi có giới hạn, nhưng vẫn sẽ giúp ích được phần nào.",
lang_multi_text_1sthalf.db,MultiText,Id,Zuoyequnxing_169_3,Content,dialogue,translated,,PASS,10,,,,,"May you return safely, {PlayerName}.","Mong cậu trở về bình an, {PlayerName}.",
lang_multi_text_1sthalf.db,MultiText,Id,Zuoyequnxing_49_12,Content,dialogue,translated,,PASS,10,,,,,"By the way, I've obtained clearance for the latest motorbike upgrades from the Department of Engineering. You should be able to access the latest features by now. Hope they make your trip here easier.","Nhân tiện, tôi đã xin được giấy phép nâng cấp xe máy mới nhất từ Cục Kỹ thuật. Giờ cậu có thể truy cập các tính năng mới nhất rồi đấy. Hy vọng chúng sẽ giúp chuyến đi của cậu đến đây dễ dàng hơn.",
lang_multi_text_1sthalf.db,MultiText,Id,Zuoyequnxing_87_7,Content,dialogue,translated,,PASS,10,,,,,Lucilla has invited {PlayerName} to the group chat,Lucilla đã mời {PlayerName} vào nhóm chat.,
