database,table,primary_key_column,primary_key,column,category,status,issues,rule_decision,rule_score,rule_issues,ai_decision,ai_score,ai_reason,source_en,translation_vi,review_note
lang_multi_text_2ndhalf.db,MultiText,Id,Main_LahaiRoi_ZRJDYKX_1_1,Content,dialogue,translated,,PASS,10,,,,,Hi {PlayerName}. This is Arman from the Spacetrek Collective. Can you come by now?,Chào {PlayerName}. Arman từ Spacetrek Collective đây. Cậu có thể ghé qua ngay bây giờ không?,
lang_multi_text_2ndhalf.db,MultiText,Id,Main_LahaiRoi_ZRJDYKX_1_2,Content,dialogue,translated,,PASS,10,,,,,Denia is awake and being kept in isolation at the infirmary. We'd like to work with you on her case.,Denia đã tỉnh và đang được cách ly tại phòng bệnh. Chúng tôi muốn phối hợp với bạn để xử lý trường hợp của cô ấy.,
lang_multi_text_2ndhalf.db,MultiText,Id,Main_LahaiRoi_ZRJDYKX_1_3,Content,dialogue,translated,,PASS,10,,,,,Sure.,Được thôi.,
lang_multi_text_2ndhalf.db,MultiText,Id,Main_LahaiRoi_ZRJDYKX_1_4,Content,dialogue,translated,,PASS,10,,,,,Sure.,Được thôi.,
lang_multi_text_2ndhalf.db,MultiText,Id,Main_LahaiRoi_ZRJDYKX_1_5,Content,dialogue,translated,,PASS,10,,,,,Much appreciated. See you soon.,Cảm ơn nhiều. Hẹn gặp lại sớm nhé.,
lang_multi_text_2ndhalf.db,MultiText,Id,Main_LahaiRoi_ZRJDYKX_10_1,Content,dialogue,translated,,PASS,10,,,,,"{PlayerName}, the approvals are through. Everything is set. You can pick up Denia at the station.","{PlayerName}, mọi thủ tục đã xong. Mọi thứ đã sẵn sàng. Cậu có thể đón Denia ở ga rồi.",
lang_multi_text_2ndhalf.db,MultiText,Id,Main_LahaiRoi_ZRJDYKX_11_1,Content,dialogue,translated,,PASS,10,,,,,"You're here, {PlayerName}. The procedure and contact list have been sent to your Terminal. All steps and contingency measures are included.","Ngươi đã đến rồi, {PlayerName}. Quy trình và danh sách liên lạc đã được gửi đến Thiết bị đầu cuối của ngươi. Tất cả các bước và phương án dự phòng đều có đủ.",
lang_multi_text_2ndhalf.db,MultiText,Id,Main_LahaiRoi_ZRJDYKX_11_2,Content,dialogue,translated,,PASS,10,,,,,Very detailed. I see a Resonance suppression device and declared contact entries. Everyone's agreed on those?,Rất chi tiết. Ta thấy có cả thiết bị triệt tiêu Cộng Hưởng và các mục khai báo tiếp xúc. Mọi người đều đồng ý cả chứ?,
lang_multi_text_2ndhalf.db,MultiText,Id,Main_LahaiRoi_ZRJDYKX_11_3,Content,dialogue,translated,,PASS,10,,,,,"Yes. At Denia's request, we used her Terminal to schedule the meetings under a recovery discharge notice. She'll be approaching them today as a student.","Đúng vậy. Theo yêu cầu của Denia, chúng ta đã dùng Thiết bị đầu cuối của cô ấy để sắp xếp các cuộc gặp dưới danh nghĩa thông báo xuất viện phục hồi. Hôm nay, cô ấy sẽ tiếp cận họ với tư cách một học sinh.",
lang_multi_text_2ndhalf.db,MultiText,Id,Main_LahaiRoi_ZRJDYKX_11_4,Content,dialogue,translated,,PASS,10,,,,,"The suppression device was... her idea, a guarantee of cooperation. She said it would make things fair, even though she doesn't really need it in her current state.","Thiết bị kìm hãm ấy... là ý tưởng của cô ta, một sự đảm bảo cho sự hợp tác. Cô ta nói nó sẽ khiến mọi thứ công bằng, dù thực ra ở trạng thái hiện tại, cô ta chẳng cần đến nó.",
lang_multi_text_2ndhalf.db,MultiText,Id,Main_LahaiRoi_ZRJDYKX_11_5,Content,dialogue,translated,,PASS,10,,,,,"Here, take this. If she starts feeling unwell, have her use it. It should make her feel better.","Cầm lấy này. Nếu cô ấy thấy không khỏe, cho cô ấy dùng nó. Nó sẽ giúp cô ấy đỡ hơn.",
lang_multi_text_2ndhalf.db,MultiText,Id,Main_LahaiRoi_ZRJDYKX_11_6,Content,dialogue,translated,,PASS,10,,,,,So you've found a way to relieve her frequency failure?,Vậy cậu đã tìm ra cách để giảm nhẹ sự cố tần số của cô ấy rồi?,
lang_multi_text_2ndhalf.db,MultiText,Id,Main_LahaiRoi_ZRJDYKX_11_7,Content,dialogue,translated,,PASS,10,,,,,No... these are only tranquillizers. We've adjusted the dosage for this operation. As for a treatment plan... we'll try and work out a revised version as soon as possible.,Không... đây chỉ là thuốc an thần thôi. Chúng tôi đã điều chỉnh liều lượng cho nhiệm vụ lần này. Còn về phác đồ điều trị... chúng tôi sẽ cố gắng sửa đổi càng sớm càng tốt.,
lang_multi_text_2ndhalf.db,MultiText,Id,Main_LahaiRoi_ZRJDYKX_11_8,Content,dialogue,translated,,PASS,10,,,,,(No wonder Denia behaved that way last time. She had already seen this coming.),(Thảo nào Denia cư xử như vậy lần trước. Cô ấy đã nhìn thấy điều này rồi.),
lang_multi_text_2ndhalf.db,MultiText,Id,Main_LahaiRoi_ZRJDYKX_11_9,Content,dialogue,translated,,PASS,10,,,,,What's the bottleneck?,Vướng mắc ở đâu?,
lang_multi_text_2ndhalf.db,MultiText,Id,Main_LahaiRoi_ZRJDYKX_11_10,Content,dialogue,translated,,PASS,10,,,,,"The diagnosis from Rabelle College shows that the problem doesn't lie with her Resonance ability, but a failure in her self-regulation mechanism...","Báo cáo chẩn đoán từ Rabelle College cho thấy vấn đề không nằm ở khả năng Cộng Hưởng của cô ấy, mà là sự cố trong cơ chế tự điều chỉnh...",
lang_multi_text_2ndhalf.db,MultiText,Id,Main_LahaiRoi_ZRJDYKX_11_11,Content,dialogue,translated,,PASS,10,,,,,"We're still validating several hypotheses regarding the symptoms. Hopefully, we'll have answers soon.",Chúng tôi vẫn đang kiểm chứng một số giả thuyết về các triệu chứng này. Hy vọng sẽ sớm có câu trả lời.,
lang_multi_text_2ndhalf.db,MultiText,Id,Main_LahaiRoi_ZRJDYKX_11_12,Content,dialogue,translated,,PASS,10,,,,,"(This is looking grimmer than I thought. Still, if it's related to Threnodian frequencies, the Black Shores might have better solutions.)","Tình hình có vẻ tệ hơn tôi tưởng. Nhưng nếu liên quan đến tần số Threnodian, có lẽ Bờ Đen sẽ có giải pháp tốt hơn.",
lang_multi_text_2ndhalf.db,MultiText,Id,Main_LahaiRoi_ZRJDYKX_11_13,Content,dialogue,translated,,PASS,10,,,,,"Don't concern yourself with the research. For now, we'll need you to focus on today's operation. Please contact us if anything arises.","Đừng bận tâm đến nghiên cứu. Hiện tại, chúng tôi cần cậu tập trung vào nhiệm vụ hôm nay. Nếu có gì phát sinh, hãy liên lạc ngay.",
lang_multi_text_2ndhalf.db,MultiText,Id,Main_LahaiRoi_ZRJDYKX_11_14,Content,dialogue,translated,,PASS,10,,,,,Are we good to go?,Chuẩn bị xong hết chưa?,
lang_multi_text_2ndhalf.db,MultiText,Id,Main_LahaiRoi_ZRJDYKX_11_15,Content,dialogue,translated,,PASS,10,,,,,Yes. Hope you both have a pleasant day.,Ừ. Chúc hai người có một ngày vui vẻ nhé.,
lang_multi_text_2ndhalf.db,MultiText,Id,Main_LahaiRoi_ZRJDYKX_11_16,Content,dialogue,translated,,PASS,10,,,,,"So, I'll be in your hands today, {PlayerName}.","Vậy thì, hôm nay tớ sẽ giao phó mọi chuyện cho cậu đấy, {PlayerName}.",
lang_multi_text_2ndhalf.db,MultiText,Id,Main_LahaiRoi_ZRJDYKX_11_17,Content,dialogue,translated,,PASS,10,,,,,"You promised me a birthday, remember? Why the serious face?","Em đã hứa sẽ tổ chức sinh nhật cho anh mà, nhớ không? Sao mặt anh lại nghiêm trọng thế?",
lang_multi_text_2ndhalf.db,MultiText,Id,Main_LahaiRoi_ZRJDYKX_11_18,Content,dialogue,translated,,PASS,10,,,,,I have to keep the operation under control.,Ta phải kiểm soát được tình hình hoạt động này.,
lang_multi_text_2ndhalf.db,MultiText,Id,Main_LahaiRoi_ZRJDYKX_11_19,Content,dialogue,translated,,PASS,10,,,,,...You didn't sound like this last time.,...Lần trước cậu đâu có nói năng như thế.,
lang_multi_text_2ndhalf.db,MultiText,Id,Main_LahaiRoi_ZRJDYKX_11_20,Content,dialogue,translated,,PASS,10,,,,,"Even so, you can't walk around with that face. People will notice something's off.","Dù thế, cậu không thể cứ thế đi lại với khuôn mặt đó được. Mọi người sẽ nhận ra có điều gì đó không ổn.",
lang_multi_text_2ndhalf.db,MultiText,Id,Main_LahaiRoi_ZRJDYKX_11_21,Content,dialogue,translated,,PASS,10,,,,,"Because today, I'm Denia, a proud student of Startorch Academy.","Bởi hôm nay, ta là Denia, một học viên kiêu hãnh của Học viện Startorch.",
lang_multi_text_2ndhalf.db,MultiText,Id,Main_LahaiRoi_ZRJDYKX_11_22,Content,dialogue,translated,,PASS,10,,,,,"Come on... Try it like me. Loosen your mouth, relax your eyes...","Thôi nào... Cứ thử làm như tao này. Thả lỏng miệng, thư giãn mắt đi...",
lang_multi_text_2ndhalf.db,MultiText,Id,Main_LahaiRoi_ZRJDYKX_11_23,Content,dialogue,translated,,PASS,10,,,,,"I can do that. But remember your situation, don't—","Ta làm được. Nhưng nhớ tình cảnh của mình đi, đừng—",
lang_multi_text_2ndhalf.db,MultiText,Id,Main_LahaiRoi_ZRJDYKX_11_24,Content,dialogue,translated,,PASS,10,,,,,"Yeah, yeah, I know.","Ừ, ừ, tôi biết rồi.",
lang_multi_text_2ndhalf.db,MultiText,Id,Main_LahaiRoi_ZRJDYKX_11_25,Content,dialogue,translated,,PASS,10,,,,,"Today is Denia's birthday. You head to the station to meet her.
At the station, Arman gives you the day's schedule. The Spacetrek Collective has made thorough preparations to minimize any risks during Denia's time outside.","Hôm nay là sinh nhật của Denia. Cậu đến ga để gặp cô ấy.
Tại ga, Arman đưa cho cậu lịch trình trong ngày. Spacetrek Collective đã chuẩn bị kỹ lưỡng để giảm thiểu mọi rủi ro trong thời gian Denia ở bên ngoài.",
lang_multi_text_2ndhalf.db,MultiText,Id,Main_LahaiRoi_ZRJDYKX_11_26,Content,dialogue,translated,,PASS,10,,,,,There. See? You look nicer when you smile.,Ở đó. Thấy chưa? Cười lên trông cậu dễ thương hơn nhiều.,
lang_multi_text_2ndhalf.db,MultiText,Id,Main_LahaiRoi_ZRJDYKX_129_1,Content,dialogue,translated,,PASS,10,,,,,The infirmary is closed at night.,Phòng khám đóng cửa vào ban đêm.,
lang_multi_text_2ndhalf.db,MultiText,Id,Main_LahaiRoi_ZRJDYKX_13_1,Content,dialogue,translated,,PASS,10,,,,,"Yawn... Finally, they let me out for a walk.",Hơ... ơ... Cuối cùng cũng được thả ra đi dạo rồi.,
lang_multi_text_2ndhalf.db,MultiText,Id,Main_LahaiRoi_ZRJDYKX_13_2,Content,dialogue,translated,,PASS,10,,,,,"Feels kind of nice being a student, doesn't it, {PlayerName}?","Làm học sinh cũng dễ chịu mà phải không, {PlayerName}?",
lang_multi_text_2ndhalf.db,MultiText,Id,Main_LahaiRoi_ZRJDYKX_13_3,Content,dialogue,translated,,PASS,10,,,,,"Hmm, funny, you'd think there'd be more people here on a weekend.","Hừm, lạ nhỉ, cuối tuần mà chỗ này vắng tanh vậy ta.",
lang_multi_text_2ndhalf.db,MultiText,Id,Main_LahaiRoi_ZRJDYKX_13_4,Content,dialogue,translated,,PASS,10,,,,,Don't tell me they heard I was coming and decided to hide?,"Đừng bảo là nghe tin tao đến, chúng nó trốn mất tiêu rồi hả?",
lang_multi_text_2ndhalf.db,MultiText,Id,Main_LahaiRoi_ZRJDYKX_13_5,Content,dialogue,translated,,REVIEW,6,same_as_source,,,,...,...,
lang_multi_text_2ndhalf.db,MultiText,Id,Main_LahaiRoi_ZRJDYKX_13_6,Content,dialogue,translated,,PASS,10,,,,,"So that's a yes, then? You could at least say something nice.",Vậy là cậu đồng ý rồi nhỉ? Ít nhất cũng nên nói gì đó tử tế chứ.,
lang_multi_text_2ndhalf.db,MultiText,Id,Main_LahaiRoi_ZRJDYKX_13_7,Content,dialogue,translated,,PASS,10,,,,,Campus security is still our responsibility.,An ninh khuôn viên vẫn là trách nhiệm của chúng ta.,
lang_multi_text_2ndhalf.db,MultiText,Id,Main_LahaiRoi_ZRJDYKX_13_8,Content,dialogue,translated,,PASS,10,,,,,Ugh... That kills the mood.,Ui... Cái này đúng là phá hỏng không khí.,
lang_multi_text_2ndhalf.db,MultiText,Id,Main_LahaiRoi_ZRJDYKX_14_1,Content,dialogue,translated,,PASS,10,,,,,"This way leads to the Garden Zone, right?",Lối này dẫn đến Khu Vườn phải không?,
lang_multi_text_2ndhalf.db,MultiText,Id,Main_LahaiRoi_ZRJDYKX_14_2,Content,dialogue,translated,,PASS,10,,,,,Yes. This is where you're supposed to meet Sigrika.,Đúng rồi. Đây chính là nơi cậu hẹn gặp Sigrika.,
lang_multi_text_2ndhalf.db,MultiText,Id,Main_LahaiRoi_ZRJDYKX_14_3,Content,dialogue,translated,,PASS,10,,,,,"...Ah, Sigrika.","...À, Sigrika.",
lang_multi_text_2ndhalf.db,MultiText,Id,Main_LahaiRoi_ZRJDYKX_14_4,Content,dialogue,translated,,PASS,10,,,,,When was the last time we went shopping together...?,Lần cuối chúng ta đi mua sắm cùng nhau là khi nào nhỉ...?,
lang_multi_text_2ndhalf.db,MultiText,Id,Main_LahaiRoi_ZRJDYKX_15_1,Content,dialogue,translated,,PASS,10,,,,,"If the elevator breaks, do we get stuck here?","Nếu thang máy hỏng, chúng ta bị kẹt ở đây à?",
lang_multi_text_2ndhalf.db,MultiText,Id,Main_LahaiRoi_ZRJDYKX_15_2,Content,dialogue,translated,,PASS,10,,,,,I can cut it open.,Ta sẽ mổ nó ra làm đôi.,
lang_multi_text_2ndhalf.db,MultiText,Id,Main_LahaiRoi_ZRJDYKX_15_3,Content,dialogue,translated,,PASS,10,,,,,Absolutely not. That's vandalism...,Không được. Đó là phá hoại tài sản...,
lang_multi_text_2ndhalf.db,MultiText,Id,Main_LahaiRoi_ZRJDYKX_16_1,Content,dialogue,translated,,PASS,10,,,,,"Hey, {PlayerName}, uh... Want to swing by the Arcade first?","Này, {PlayerName}, ừm... Trước tiên mình ghé Khu Vui Chơi được không?",
lang_multi_text_2ndhalf.db,MultiText,Id,Main_LahaiRoi_ZRJDYKX_16_2,Content,dialogue,translated,,PASS,10,,,,,Are you trying to avoid Sigrika?,Cậu đang tránh mặt Sigrika à?,
lang_multi_text_2ndhalf.db,MultiText,Id,Main_LahaiRoi_ZRJDYKX_16_3,Content,dialogue,translated,,PASS,10,,,,,"Oh, so you saw...","Ồ, hóa ra cậu đã thấy...",
lang_multi_text_2ndhalf.db,MultiText,Id,Main_LahaiRoi_ZRJDYKX_16_4,Content,dialogue,translated,,PASS,10,,,,,This is your own request. Give me a reason to cancel it.,Đây là yêu cầu của chính cậu mà. Cho tôi một lý do để hủy nó đi.,
lang_multi_text_2ndhalf.db,MultiText,Id,Main_LahaiRoi_ZRJDYKX_16_5,Content,dialogue,translated,,PASS,10,,,,,The reason is... I-I'm not feeling so great. Maybe we should just—,Lý do là... t-tôi thấy không khỏe lắm. Hay chúng ta nên...,
lang_multi_text_2ndhalf.db,MultiText,Id,Main_LahaiRoi_ZRJDYKX_16_6,Content,dialogue,translated,,PASS,10,,,,,"Senior, Denia!","Anh ơi, Denia đây!",
lang_multi_text_2ndhalf.db,MultiText,Id,Main_LahaiRoi_ZRJDYKX_16_7,Content,dialogue,translated,,REVIEW,6,same_as_source,,,,...!,...!,
lang_multi_text_2ndhalf.db,MultiText,Id,Main_LahaiRoi_ZRJDYKX_16_8,Content,dialogue,translated,,PASS,10,,,,,"Wow, hi, Siggy. Did I keep you waiting?","Ồ, chào Siggy. Tớ để cậu đợi lâu chưa?",
lang_multi_text_2ndhalf.db,MultiText,Id,Main_LahaiRoi_ZRJDYKX_16_9,Content,dialogue,translated,,PASS,10,,,,,"No, I just got here too... Hmm? Why are you with Denia today, Senior?","Không, tôi cũng vừa đến đây thôi... Ủa? Hôm nay anh đi cùng Denia à, tiền bối?",
lang_multi_text_2ndhalf.db,MultiText,Id,Main_LahaiRoi_ZRJDYKX_16_10,Content,dialogue,translated,,PASS,10,,,,,The doctor asked me to keep her company.,Bác sĩ bảo tớ phải ở bên cạnh cô ấy.,
lang_multi_text_2ndhalf.db,MultiText,Id,Main_LahaiRoi_ZRJDYKX_16_11,Content,dialogue,translated,,PASS,10,,,,,She wanted to go for a walk with me.,Cô ấy muốn đi dạo cùng tôi.,
lang_multi_text_2ndhalf.db,MultiText,Id,Main_LahaiRoi_ZRJDYKX_16_12,Content,dialogue,translated,,PASS,10,,,,,"Oh, I see. I heard Denia's been in the ward for quite a few days.","À, ra thế. Con nghe nói Denia đã nằm viện mấy ngày rồi.",
lang_multi_text_2ndhalf.db,MultiText,Id,Main_LahaiRoi_ZRJDYKX_16_13,Content,dialogue,translated,,PASS,10,,,,,You...,Ngươi...,
lang_multi_text_2ndhalf.db,MultiText,Id,Main_LahaiRoi_ZRJDYKX_16_14,Content,dialogue,translated,,PASS,10,,,,,I didn't realize you were that close... But... but that's nice. At least Denia finally gets some fresh air.,Tao không ngờ cậu lại ở gần đến vậy... Nhưng... cũng tốt. Ít nhất Denia cũng được hít thở không khí trong lành.,
lang_multi_text_2ndhalf.db,MultiText,Id,Main_LahaiRoi_ZRJDYKX_16_15,Content,dialogue,translated,,PASS,10,,,,,"Every time I went to the infirmary, Dr. Luuk said you still needed some rest... So, are you feeling better now?","Mỗi lần tao đến phòng y tế, bác sĩ Luuk đều bảo cậu vẫn cần nghỉ ngơi thêm… Vậy giờ cậu đã khỏe hơn chưa?",
lang_multi_text_2ndhalf.db,MultiText,Id,Main_LahaiRoi_ZRJDYKX_16_16,Content,dialogue,translated,,PASS,10,,,,,"Oh, I was better a while ago... Yawn... Guess it's just bad sleep. I mean, a ward's never as comfy as your own room.","À, tôi đã khá hơn chút rồi... Ừm... Chắc chỉ là ngủ không ngon thôi. Dù gì giường bệnh cũng chẳng thoải mái như phòng của mình.",
lang_multi_text_2ndhalf.db,MultiText,Id,Main_LahaiRoi_ZRJDYKX_16_17,Content,dialogue,translated,,PASS,10,,,,,Bad sleep... Have you been having nightmares again? I heard what happened last time really affected a lot of people...,Giấc ngủ không yên... Mày lại gặp ác mộng à? Tao nghe chuyện lần trước ảnh hưởng đến nhiều người lắm...,
lang_multi_text_2ndhalf.db,MultiText,Id,Main_LahaiRoi_ZRJDYKX_16_18,Content,dialogue,translated,,PASS,10,,,,,"You don't think it's because of the Voidmatter contamination, right?",Cậu không nghĩ là do nhiễm độc Voidmatter đấy chứ?,
lang_multi_text_2ndhalf.db,MultiText,Id,Main_LahaiRoi_ZRJDYKX_16_19,Content,dialogue,translated,,PASS,10,,,,,Of course not... I just pretended to be sick for a bit longer so I don't have to get back to class so soon.,Tất nhiên là không... Ta chỉ giả vờ ốm lâu hơn một chút để khỏi phải quay lại lớp sớm thôi.,
lang_multi_text_2ndhalf.db,MultiText,Id,Main_LahaiRoi_ZRJDYKX_16_20,Content,dialogue,translated,,PASS,10,,,,,"Relax. Having {PlayerName} watch over me is plenty. Come on, Siggy, didn't you want to go photograph the white bird in the garden? It'll be off duty if you don't hurry...","Thư giãn đi. Có {PlayerName} trông chừng ta là đủ rồi. Nào, Siggy, cậu không muốn đi chụp con chim trắng trong vườn à? Nó sẽ hết ca làm nếu cậu không nhanh lên...",
lang_multi_text_2ndhalf.db,MultiText,Id,Main_LahaiRoi_ZRJDYKX_16_21,Content,dialogue,translated,,PASS,10,,,,,"Okay then... Make sure you catch up with us later on, Senior.","Thôi được... Nhớ bắt kịp tụi này sau nhé, tiền bối.",
lang_multi_text_2ndhalf.db,MultiText,Id,Main_LahaiRoi_ZRJDYKX_16_22,Content,dialogue,translated,,PASS,10,,,,,"Did you know, Nia? The Photography Fan Club is planning to apply for a studio!","Nia à, cậu biết không? Câu lạc bộ Nhiếp ảnh đang định xin mở một studio đấy!",
lang_multi_text_2ndhalf.db,MultiText,Id,Main_LahaiRoi_ZRJDYKX_16_23,Content,dialogue,translated,,PASS,10,,,,,They have budget for that? Was it the prize they won from the campus event?,Họ có ngân sách cho việc đó à? Hay là giải thưởng họ thắng được từ sự kiện trong trường?,
lang_multi_text_2ndhalf.db,MultiText,Id,Main_LahaiRoi_ZRJDYKX_16_24,Content,dialogue,translated,,PASS,10,,,,,Yeah. They won't stop talking about how much they owe you.,Ừ. Họ không ngừng nói về việc nợ cậu nhiều lắm.,
lang_multi_text_2ndhalf.db,MultiText,Id,Main_LahaiRoi_ZRJDYKX_16_25,Content,dialogue,translated,,PASS,10,,,,,"According to the schedule, you will meet up with Sigrika.
Denia gets cold feet when she sees her, but Sigrika has already noticed the two of you.
To keep her end of the deal, you and Denia will have to play along for a day of pretending in front of Sigrika.","Theo kế hoạch, cậu sẽ gặp Sigrika.
Denia sợ đến mức đứng không vững khi thấy cô ta, nhưng Sigrika đã để ý đến hai người từ lúc nào.
Để giữ lời hứa, cậu và Denia sẽ phải diễn cho tròn vai một ngày trước mặt Sigrika.",
lang_multi_text_2ndhalf.db,MultiText,Id,Main_LahaiRoi_ZRJDYKX_160_1,Content,dialogue,translated,,PASS,10,,,,,"Senior, do you remember Denia? You met her at the New Solar Celebration. She was the one who got us those tickets.",bạn còn nhớ Denia không? Hai người gặp nhau ở Lễ Hội Mặt Trời Mới ấy. Cô ấy là người kiếm vé cho tụi mình đấy.,
lang_multi_text_2ndhalf.db,MultiText,Id,Main_LahaiRoi_ZRJDYKX_160_2,Content,dialogue,translated,,PASS,10,,,,,She's been in the infirmary since the last incident. They're saying she's still not in any condition to take visitors.,Cô ấy đang nằm trong phòng bệnh từ vụ việc lần trước. Họ nói cô ấy vẫn chưa đủ khỏe để tiếp khách đâu.,
lang_multi_text_2ndhalf.db,MultiText,Id,Main_LahaiRoi_ZRJDYKX_160_3,Content,dialogue,translated,,PASS,10,,,,,"If it's not too much trouble, could you check on her for me? I've been asking N.A.N.A. for updates, but she tells me the same thing every time... I'm worried.","Nếu không phiền, cậu có thể kiểm tra giùm tôi về cô ấy được không? Tôi đã hỏi N.A.N.A. liên tục nhưng nó chỉ trả lời y hệt nhau... Tôi thực sự lo lắng.",
lang_multi_text_2ndhalf.db,MultiText,Id,Main_LahaiRoi_ZRJDYKX_160_4,Content,dialogue,translated,,PASS,10,,,,,Got it.,Hiểu rồi.,
lang_multi_text_2ndhalf.db,MultiText,Id,Main_LahaiRoi_ZRJDYKX_160_5,Content,dialogue,translated,,PASS,10,,,,,Got it.,Hiểu rồi.,
lang_multi_text_2ndhalf.db,MultiText,Id,Main_LahaiRoi_ZRJDYKX_160_6,Content,dialogue,translated,,PASS,10,,,,,"Appreciate you, Senior! ヾ(ﾟ▽ﾟ)ノ",Cảm ơn bạn nhiều nhé! ヾ(ﾟ▽ﾟ)ノ,
lang_multi_text_2ndhalf.db,MultiText,Id,Main_LahaiRoi_ZRJDYKX_17_1,Content,dialogue,translated,,PASS,10,,,,,You're yawning more than usual today. Are you sure it's not some kind of aftereffect?,Hôm nay cậu ngáp nhiều hơn bình thường đấy. Chắc chắn không phải tác dụng phụ gì chứ?,
lang_multi_text_2ndhalf.db,MultiText,Id,Main_LahaiRoi_ZRJDYKX_17_2,Content,dialogue,translated,,PASS,10,,,,,No way. I've just been inside too long. Got a little sensitive to sunlight...,Không đời nào. Tớ chỉ ở trong nhà lâu quá thôi. Hơi nhạy cảm với ánh nắng tí...,
lang_multi_text_2ndhalf.db,MultiText,Id,Main_LahaiRoi_ZRJDYKX_17_3,Content,dialogue,translated,,PASS,10,,,,,"No, no, no. You can't stay shut in all the time. A little sunlight is good for you.","Không, không, không được. Cậu không thể cứ nhốt mình mãi thế. Một chút ánh nắng sẽ tốt cho cậu mà.",
lang_multi_text_2ndhalf.db,MultiText,Id,Main_LahaiRoi_ZRJDYKX_17_4,Content,dialogue,translated,,PASS,10,,,,,"Oh, too bright...","Ôi, chói quá...",
lang_multi_text_2ndhalf.db,MultiText,Id,Main_LahaiRoi_ZRJDYKX_18_1,Content,dialogue,translated,,PASS,10,,,,,Hello. Can I help you with something?,Xin chào. Tớ có thể giúp gì cho cậu không?,
lang_multi_text_2ndhalf.db,MultiText,Id,Main_LahaiRoi_ZRJDYKX_18_2,Content,dialogue,translated,,PASS,10,,,,,(This guy's acting strange. I don't remember him on the contact list.),Gã này hành động kỳ lạ quá. Tao không nhớ có tên hắn trong danh sách liên lạc.,
lang_multi_text_2ndhalf.db,MultiText,Id,Main_LahaiRoi_ZRJDYKX_18_3,Content,dialogue,translated,,PASS,10,,,,,Please don't mind me. Denia is the one who needs your attention.,Cậu đừng bận tâm đến tôi. Denia mới là người cần sự chú ý của cậu.,
lang_multi_text_2ndhalf.db,MultiText,Id,Main_LahaiRoi_ZRJDYKX_18_4,Content,dialogue,translated,,REVIEW,6,same_as_source,,,,...,...,
lang_multi_text_2ndhalf.db,MultiText,Id,Main_LahaiRoi_ZRJDYKX_19_1,Content,dialogue,translated,,PASS,10,,,,,"Shh, don't look this way, {PlayerName}. We have to pretend we don't know each other.","Suỵt, đừng nhìn về phía này, {PlayerName}. Chúng ta phải giả vờ không quen nhau.",
lang_multi_text_2ndhalf.db,MultiText,Id,Main_LahaiRoi_ZRJDYKX_2_1,Content,dialogue,translated,,PASS,10,,,,,"So, Denia... You think she's alright?","Này, Denia ấy… Cậu nghĩ cô ấy ổn chứ?",
lang_multi_text_2ndhalf.db,MultiText,Id,Main_LahaiRoi_ZRJDYKX_2_2,Content,dialogue,translated,,PASS,10,,,,,(Denia... The Fractsidus made no move while she was unconscious. Have they really abandoned what they worked so hard to achieve? Or are they biding their time for something else?),Denia... Fractsidus không có động tĩnh gì khi cô ấy bất tỉnh. Phải chăng họ đã từ bỏ những gì mình nỗ lực đạt được? Hay đang chờ thời cơ cho điều gì khác?,
lang_multi_text_2ndhalf.db,MultiText,Id,Main_LahaiRoi_ZRJDYKX_2_3,Content,dialogue,translated,,PASS,10,,,,,Let's go see for ourselves.,Ta phải tự mình đi xem mới được.,
lang_multi_text_2ndhalf.db,MultiText,Id,Main_LahaiRoi_ZRJDYKX_20_1,Content,dialogue,translated,,PASS,10,,,,,"Look, the Photography Fan Club's here. Wanna go say hi?","Nhìn kìa, Câu Lạc Bộ Nhiếp Ảnh đến rồi. Muốn qua chào không?",
lang_multi_text_2ndhalf.db,MultiText,Id,Main_LahaiRoi_ZRJDYKX_20_2,Content,dialogue,translated,,PASS,10,,,,,I'll pass... a bunch of camera-obsessed weirdos. Their prize money has nothing to do with me anyway.,Tôi từ chối... lũ lập dị chỉ biết chăm chăm vào máy quay. Tiền thưởng của họ chẳng liên quan gì đến tôi cả.,
lang_multi_text_2ndhalf.db,MultiText,Id,Main_LahaiRoi_ZRJDYKX_20_3,Content,dialogue,translated,,PASS,10,,,,,"What are you talking about? Without you, they would've shut down by now.","Nói gì vậy? Không có cậu, chúng đã sập từ lâu rồi.",
lang_multi_text_2ndhalf.db,MultiText,Id,Main_LahaiRoi_ZRJDYKX_20_4,Content,dialogue,translated,,PASS,10,,,,,Prize money?,Tiền thưởng à?,
lang_multi_text_2ndhalf.db,MultiText,Id,Main_LahaiRoi_ZRJDYKX_20_5,Content,dialogue,translated,,PASS,10,,,,,"It was for an academy promo thing... The theme was ""Startorch: Moments of Happiness."" Why?","Chỉ là một đoạn quảng cáo cho học viện thôi... Chủ đề là ""Startorch: Những Khoảnh Khắc Hạnh Phúc."" Sao thế?",
lang_multi_text_2ndhalf.db,MultiText,Id,Main_LahaiRoi_ZRJDYKX_20_6,Content,dialogue,translated,,PASS,10,,,,,You're good at photography?,Cậu chụp ảnh cũng khá phết nhỉ?,
lang_multi_text_2ndhalf.db,MultiText,Id,Main_LahaiRoi_ZRJDYKX_20_7,Content,dialogue,translated,,PASS,10,,,,,So you're a pro?,Vậy là cậu chuyên nghiệp đấy?,
lang_multi_text_2ndhalf.db,MultiText,Id,Main_LahaiRoi_ZRJDYKX_20_8,Content,dialogue,translated,,PASS,10,,,,,"I was the model, actually. Someone came to me and said they'd buy me a luxury buffet if I agreed to pose for a couple of photos while eating... For a moment, I genuinely believed they were being generous.",Thực ra tôi mới là người mẫu. Có người đến bảo sẽ đãi tôi một bữa buffet sang chảnh nếu tôi chịu chụp vài tấm ảnh khi đang ăn... Lúc đó tôi còn tưởng họ thật lòng tốt.,
lang_multi_text_2ndhalf.db,MultiText,Id,Main_LahaiRoi_ZRJDYKX_20_9,Content,dialogue,translated,,PASS,10,,,,,"I even skipped a meal on purpose. Turned out their ""luxury buffet"" was the cafeteria.","Tôi còn cố tình nhịn một bữa. Hóa ra ""tiệc buffet sang trọng"" của họ chỉ là căng-tin.",
lang_multi_text_2ndhalf.db,MultiText,Id,Main_LahaiRoi_ZRJDYKX_20_10,Content,dialogue,translated,,PASS,10,,,,,"But the photos came out beautifully. They even made it to the F.U.E.L.'s ""A Seal-Proof Guide to Enrollment.""","Nhưng mấy tấm ảnh chụp đẹp tuyệt. Thậm chí còn được đưa vào cuốn ""Cẩm nang Nhập học Chống Bão"" của F.U.E.L. nữa.",
lang_multi_text_2ndhalf.db,MultiText,Id,Main_LahaiRoi_ZRJDYKX_20_11,Content,dialogue,translated,,PASS,10,,,,,"It's just marketing for freshmen. You smile no matter what you're eating. That's what being a model feels like, I suppose... Besides, you know I never really liked taking photos.","Chỉ là quảng cáo cho tân sinh viên thôi. Cậu cười dù đang ăn gì đi nữa. Tôi đoán đó là cảm giác khi làm người mẫu... Dù sao, cậu biết tôi chẳng thích chụp ảnh thật đâu.",
lang_multi_text_2ndhalf.db,MultiText,Id,Main_LahaiRoi_ZRJDYKX_20_12,Content,dialogue,translated,,PASS,10,,,,,"Yeah, you're right. The only time we took a group photo was when Nivora insisted.","Ừ, đúng thật. Lần duy nhất bọn mình chụp ảnh chung là khi Nivora nằng nặc đòi thế.",
lang_multi_text_2ndhalf.db,MultiText,Id,Main_LahaiRoi_ZRJDYKX_20_13,Content,dialogue,translated,,PASS,10,,,,,"Sigh... Speaking of Nivora, I wonder how she's doing now.","Thở dài... Nhắc đến Nivora, không biết giờ cô ấy thế nào rồi nhỉ.",
lang_multi_text_2ndhalf.db,MultiText,Id,Main_LahaiRoi_ZRJDYKX_20_14,Content,dialogue,translated,,REVIEW,6,same_as_source,,,,...Siggy.,...Siggy.,
lang_multi_text_2ndhalf.db,MultiText,Id,Main_LahaiRoi_ZRJDYKX_20_15,Content,dialogue,translated,,PASS,10,,,,,Hmm?,Hả?,
lang_multi_text_2ndhalf.db,MultiText,Id,Main_LahaiRoi_ZRJDYKX_20_16,Content,dialogue,translated,,PASS,10,,,,,Let's take another photo together.,Chúng ta chụp thêm một tấm nữa nhé.,
lang_multi_text_2ndhalf.db,MultiText,Id,Main_LahaiRoi_ZRJDYKX_20_17,Content,dialogue,translated,,PASS,10,,,,,Really? That's a first for you!,Thật sao? Lần đầu tớ thấy cậu như thế đấy!,
lang_multi_text_2ndhalf.db,MultiText,Id,Main_LahaiRoi_ZRJDYKX_20_18,Content,dialogue,translated,,PASS,10,,,,,"Come on, {PlayerName}, you too. And... can I borrow your camera?","Thôi nào, {PlayerName}, cậu cũng thế. À... tớ mượn máy ảnh của cậu được không?",
lang_multi_text_2ndhalf.db,MultiText,Id,Main_LahaiRoi_ZRJDYKX_20_19,Content,dialogue,translated,,PASS,10,,,,,So this is what it's about?,Vậy đây là điều cậu muốn nói à?,
lang_multi_text_2ndhalf.db,MultiText,Id,Main_LahaiRoi_ZRJDYKX_20_20,Content,dialogue,translated,,PASS,10,,,,,"Alright, ready... three, two, one—","Được rồi, sẵn sàng chưa... ba, hai, một—",
lang_multi_text_2ndhalf.db,MultiText,Id,Main_LahaiRoi_ZRJDYKX_20_21,Content,dialogue,translated,,PASS,10,,,,,Cheese!,Phô mai!,
lang_multi_text_2ndhalf.db,MultiText,Id,Main_LahaiRoi_ZRJDYKX_20_22,Content,dialogue,translated,,PASS,10,,,,,I'll save the photo on your Terminal for now. We can print it someday.,Tớ sẽ lưu tạm tấm ảnh này vào Thiết bị đầu cuối của cậu. Lúc nào đó chúng ta sẽ in ra nhé.,
lang_multi_text_2ndhalf.db,MultiText,Id,Main_LahaiRoi_ZRJDYKX_20_23,Content,dialogue,translated,,PASS,10,,,,,"Look, in the photo! It's the white bird... It flew that way!","Nhìn này, trong ảnh! Con chim trắng đó... Nó bay theo hướng kia!",
lang_multi_text_2ndhalf.db,MultiText,Id,Main_LahaiRoi_ZRJDYKX_20_24,Content,dialogue,translated,,PASS,10,,,,,"You learn from Sigrika and Denia about small moments from their shared past. 
When they speak of Nivora, Denia grows still, as if reaching some quiet resolution. 
Then, at her invitation, the three of you come together for a group photograph.","Bạn nghe Sigrika và Denia kể về những khoảnh khắc nhỏ trong quá khứ chung của họ.
Khi nhắc đến Nivora, Denia bỗng im lặng, như thể đã đi đến một quyết định thầm lặng.
Sau đó, theo lời mời của cô, ba người cùng chụp chung một bức ảnh nhóm.",
lang_multi_text_2ndhalf.db,MultiText,Id,Main_LahaiRoi_ZRJDYKX_21_1,Content,dialogue,translated,,PASS,10,,,,,First time we nail this area... It's really quiet today.,Lần đầu tụi mình làm chủ khu này... Hôm nay yên ắng thật.,
lang_multi_text_2ndhalf.db,MultiText,Id,Main_LahaiRoi_ZRJDYKX_21_2,Content,dialogue,translated,,PASS,10,,,,,I heard there's a special arrangement. A lot of people weren't allowed over here this afternoon...,Nghe nói có một sự sắp xếp đặc biệt. Chiều nay nhiều người bị cấm qua đây...,
lang_multi_text_2ndhalf.db,MultiText,Id,Main_LahaiRoi_ZRJDYKX_21_3,Content,dialogue,translated,,PASS,10,,,,,Hold on... Did I just see a pink-haired girl?,Chờ đã... Tớ vừa thấy một cô gái tóc hồng phải không?,
lang_multi_text_2ndhalf.db,MultiText,Id,Main_LahaiRoi_ZRJDYKX_22_1,Content,dialogue,translated,,PASS,10,,,,,"You are... Denia's friend, right? I think I just saw you with her.",Cậu là... bạn của Denia phải không? Tớ vừa thấy cậu đi cùng cô ấy đấy.,
lang_multi_text_2ndhalf.db,MultiText,Id,Main_LahaiRoi_ZRJDYKX_22_2,Content,dialogue,translated,,PASS,10,,,,,Yes.,Đúng vậy.,
lang_multi_text_2ndhalf.db,MultiText,Id,Main_LahaiRoi_ZRJDYKX_22_3,Content,dialogue,translated,,PASS,10,,,,,No.,Không.,
lang_multi_text_2ndhalf.db,MultiText,Id,Main_LahaiRoi_ZRJDYKX_22_4,Content,dialogue,translated,,PASS,10,,,,,That's good news. So she's been discharged already.,Tin tốt đấy. Vậy là cô ấy đã xuất viện rồi.,
lang_multi_text_2ndhalf.db,MultiText,Id,Main_LahaiRoi_ZRJDYKX_22_5,Content,dialogue,translated,,PASS,10,,,,,"Oh, sorry, my bad. We must have been mistaken.","Ồ, xin lỗi, lỗi tại mình. Chắc chúng ta đã nhầm rồi.",
lang_multi_text_2ndhalf.db,MultiText,Id,Main_LahaiRoi_ZRJDYKX_22_6,Content,dialogue,translated,,PASS,10,,,,,Were you looking for her?,Cậu đang tìm cô ấy à?,
lang_multi_text_2ndhalf.db,MultiText,Id,Main_LahaiRoi_ZRJDYKX_22_7,Content,dialogue,translated,,PASS,10,,,,,Yep. Nothing urgent. It's just that the prize money from last time is still with the club. We were waiting to talk it over with her.,Ừ. Không gấp đâu. Chỉ là tiền thưởng lần trước vẫn còn ở câu lạc bộ. Bọn mình đang đợi bàn bạc với cô ấy thôi.,
lang_multi_text_2ndhalf.db,MultiText,Id,Main_LahaiRoi_ZRJDYKX_22_8,Content,dialogue,translated,,PASS,10,,,,,"And honestly, things just don't feel the same without her.","Thật lòng mà nói, mọi thứ chẳng còn cảm giác như xưa khi thiếu cô ấy.",
lang_multi_text_2ndhalf.db,MultiText,Id,Main_LahaiRoi_ZRJDYKX_23_1,Content,dialogue,translated,,PASS,10,,,,,An unidentified rare species... the fabled pure white bird.,Một loài quý hiếm chưa xác định… con chim trắng thuần khiết huyền thoại.,
lang_multi_text_2ndhalf.db,MultiText,Id,Main_LahaiRoi_ZRJDYKX_23_2,Content,dialogue,translated,,PASS,10,,,,,"It's been a year since we first saw it, and we still haven't gotten a close look.","Đã một năm kể từ lần đầu chúng ta nhìn thấy nó, vậy mà vẫn chưa thể tiếp cận gần hơn.",
lang_multi_text_2ndhalf.db,MultiText,Id,Main_LahaiRoi_ZRJDYKX_23_3,Content,dialogue,translated,,PASS,10,,,,,"Heh... calm down. For all we know, it could just be someone's Resonance ability...",Hừ... Bình tĩnh nào. Biết đâu chỉ là khả năng Cộng Hưởng của ai đó thôi...,
lang_multi_text_2ndhalf.db,MultiText,Id,Main_LahaiRoi_ZRJDYKX_23_4,Content,dialogue,translated,,PASS,10,,,,,"As if. You and your dry humor, Nia.","Như thể. Cậu với cái tính khô khan của mình, Nia.",
lang_multi_text_2ndhalf.db,MultiText,Id,Main_LahaiRoi_ZRJDYKX_24_1,Content,dialogue,translated,,PASS,10,,,,,"Greetings, {PlayerName}! No suspicious individuals detected. Frequency readings are normal. Please proceed with your mission.","Xin chào, {PlayerName}! Không phát hiện cá nhân khả nghi nào. Tần số bình thường. Hãy tiếp tục nhiệm vụ của cậu nhé.",
lang_multi_text_2ndhalf.db,MultiText,Id,Main_LahaiRoi_ZRJDYKX_24_2,Content,dialogue,translated,,PASS,10,,,,,Keep it down...,Nhỏ tiếng thôi...,
lang_multi_text_2ndhalf.db,MultiText,Id,Main_LahaiRoi_ZRJDYKX_24_3,Content,dialogue,translated,,PASS,10,,,,,"Understood. However, based on TARD-E's logic functions, if you don't want Denia to notice, then you should not be speaking with TARD-E!","Đã hiểu. Nhưng theo logic của TARD-E, nếu cậu không muốn Denia phát hiện, thì đừng nói chuyện với TARD-E nữa!",
lang_multi_text_2ndhalf.db,MultiText,Id,Main_LahaiRoi_ZRJDYKX_241_1,Content,dialogue,translated,,PASS,10,,,,,Is Sigrika running faster than me?,Sigrika chạy nhanh hơn tao à?,
lang_multi_text_2ndhalf.db,MultiText,Id,Main_LahaiRoi_ZRJDYKX_241_2,Content,dialogue,translated,,PASS,10,,,,,I'd like to be able to do that too...,Tớ cũng muốn làm được điều đó...,
lang_multi_text_2ndhalf.db,MultiText,Id,Main_LahaiRoi_ZRJDYKX_241_3,Content,dialogue,translated,,PASS,10,,,,,You can.,Cậu có thể.,
lang_multi_text_2ndhalf.db,MultiText,Id,Main_LahaiRoi_ZRJDYKX_242_1,Content,dialogue,translated,,PASS,10,,,,,...I died.,...Ta đã chết rồi.,
lang_multi_text_2ndhalf.db,MultiText,Id,Main_LahaiRoi_ZRJDYKX_25_1,Content,dialogue,translated,,PASS,10,,,,,I'm pretty sure it flew this way... where did it go?,Chắc chắn nó bay về hướng này... Sao lại biến mất thế nhỉ?,
lang_multi_text_2ndhalf.db,MultiText,Id,Main_LahaiRoi_ZRJDYKX_25_2,Content,dialogue,translated,,PASS,10,,,,,"Why don't we split up? You head that way, Siggy. {PlayerName} and I will check this way.","Chia nhau ra đi. Cậu đi đường đó, Siggy. {PlayerName} và tớ sẽ kiểm tra đường này.",
lang_multi_text_2ndhalf.db,MultiText,Id,Main_LahaiRoi_ZRJDYKX_25_3,Content,dialogue,translated,,PASS,10,,,,,Okay! Ping me on the Terminal if you find anything!,Được rồi! Nếu tìm thấy gì thì báo tớ qua Thiết bị đầu cuối nhé!,
lang_multi_text_2ndhalf.db,MultiText,Id,Main_LahaiRoi_ZRJDYKX_26_1,Content,dialogue,translated,,PASS,10,,,,,"Could you come this way for a while, {PlayerName}...?","Lại đây một chút được không, {PlayerName}...?",
lang_multi_text_2ndhalf.db,MultiText,Id,Main_LahaiRoi_ZRJDYKX_27_1,Content,dialogue,translated,,PASS,10,,,,,Hey... can you imagine her face if we told her the white bird is just Hiyuki's ability?,Này... Mày thử tưởng tượng mặt cô ấy nếu biết con chim trắng kia chỉ là khả năng của Hiyuki thì sao?,
lang_multi_text_2ndhalf.db,MultiText,Id,Main_LahaiRoi_ZRJDYKX_27_2,Content,dialogue,translated,,PASS,10,,,,,You noticed it too?,Ngươi cũng nhận ra rồi à?,
lang_multi_text_2ndhalf.db,MultiText,Id,Main_LahaiRoi_ZRJDYKX_27_3,Content,dialogue,translated,,PASS,10,,,,,I don't think it'd be a big deal.,Tao không nghĩ đó là vấn đề to tát đâu.,
lang_multi_text_2ndhalf.db,MultiText,Id,Main_LahaiRoi_ZRJDYKX_27_4,Content,dialogue,translated,,PASS,10,,,,,...So it really is her. That kind of cold frequency is hard to forget.,...Quả thật là cô ta. Loại tần số lạnh lẽo này khó mà quên được.,
lang_multi_text_2ndhalf.db,MultiText,Id,Main_LahaiRoi_ZRJDYKX_27_5,Content,dialogue,translated,,PASS,10,,,,,"It definitely would! Hiyuki is... well... kind of scary, isn't she? Always popping up out of nowhere with a blade...",Chắc chắn là thế! Hiyuki... ừm... hơi đáng sợ nhỉ? Lúc nào cũng bất ngờ xuất hiện với một lưỡi kiếm...,
lang_multi_text_2ndhalf.db,MultiText,Id,Main_LahaiRoi_ZRJDYKX_27_6,Content,dialogue,translated,,PASS,10,,,,,Will she be watching us like this the whole time today?,Hôm nay cô ấy sẽ theo dõi chúng ta như thế này suốt à?,
lang_multi_text_2ndhalf.db,MultiText,Id,Main_LahaiRoi_ZRJDYKX_27_7,Content,dialogue,translated,,PASS,10,,,,,Hiyuki is just doing her job. And she's kinder than she looks.,Hiyuki chỉ đang làm nhiệm vụ thôi. Và cô ấy tốt bụng hơn vẻ ngoài nhiều.,
lang_multi_text_2ndhalf.db,MultiText,Id,Main_LahaiRoi_ZRJDYKX_27_8,Content,dialogue,translated,,PASS,10,,,,,I know... She sometimes reminds me of you.,Tao biết... Đôi lúc cô ấy làm tao nhớ đến em.,
lang_multi_text_2ndhalf.db,MultiText,Id,Main_LahaiRoi_ZRJDYKX_27_9,Content,dialogue,translated,,PASS,10,,,,,"But unfortunately, that's my least favorite kind of person.","Nhưng tiếc là, đó lại là loại người tao ghét nhất.",
lang_multi_text_2ndhalf.db,MultiText,Id,Main_LahaiRoi_ZRJDYKX_27_10,Content,dialogue,translated,,PASS,10,,,,,Why?,Sao vậy?,
lang_multi_text_2ndhalf.db,MultiText,Id,Main_LahaiRoi_ZRJDYKX_27_11,Content,dialogue,translated,,PASS,10,,,,,"What... Are you saying you care about my opinion, {PlayerName}?","Gì... {PlayerName}, cậu đang nói là quan tâm đến ý kiến của tớ à?",
lang_multi_text_2ndhalf.db,MultiText,Id,Main_LahaiRoi_ZRJDYKX_27_12,Content,dialogue,translated,,PASS,10,,,,,Sorry. Being straightforward doesn't do it for me.,Xin lỗi. Nói thẳng ra thì tớ không thích cách đó.,
lang_multi_text_2ndhalf.db,MultiText,Id,Main_LahaiRoi_ZRJDYKX_27_13,Content,dialogue,translated,,REVIEW,6,same_as_source,,,,...,...,
lang_multi_text_2ndhalf.db,MultiText,Id,Main_LahaiRoi_ZRJDYKX_27_14,Content,dialogue,translated,,PASS,10,,,,,"Okay, okay. I'll stop... I wonder how Sigrika's getting on. Let's go find her.",Thôi được rồi... Tớ dừng đây. Không biết Sigrika thế nào rồi nhỉ. Đi tìm cô ấy thôi.,
lang_multi_text_2ndhalf.db,MultiText,Id,Main_LahaiRoi_ZRJDYKX_28_1,Content,dialogue,translated,,PASS,10,,,,,"She headed this way, right? Where did she go?",Cô ấy đi theo hướng này phải không? Đi đâu mất rồi nhỉ?,
lang_multi_text_2ndhalf.db,MultiText,Id,Main_LahaiRoi_ZRJDYKX_29_1,Content,dialogue,translated,,PASS,10,,,,,"Senior, I lost track of you guys. I'm at the communications area right now.ヾ(✿ﾟ▽ﾟ)ノ","Anh ơi, em lạc mất mọi người rồi. Hiện em đang ở khu liên lạc này.ヾ(✿ﾟ▽ﾟ)ノ",
lang_multi_text_2ndhalf.db,MultiText,Id,Main_LahaiRoi_ZRJDYKX_29_2,Content,dialogue,translated,,PASS,10,,,,,Got it.,Hiểu rồi.,
lang_multi_text_2ndhalf.db,MultiText,Id,Main_LahaiRoi_ZRJDYKX_3_1,Content,dialogue,translated,,PASS,10,,,,,Impossible. We will not agree to that condition...,Không thể nào. Chúng ta sẽ không đồng ý với điều kiện đó...,
lang_multi_text_2ndhalf.db,MultiText,Id,Main_LahaiRoi_ZRJDYKX_3_2,Content,dialogue,translated,,PASS,10,,,,,"Please relay this message, Madam President. I'll take full responsibility.",Xin hãy chuyển lời này đến Bà Chủ Tịch. Tôi sẽ chịu hoàn toàn trách nhiệm.,
lang_multi_text_2ndhalf.db,MultiText,Id,Main_LahaiRoi_ZRJDYKX_30_1,Content,dialogue,translated,,PASS,10,,,,,"You can't find it, either? Maybe not today then.",Cậu cũng không tìm thấy à? Vậy có lẽ hôm nay không phải lúc rồi.,
lang_multi_text_2ndhalf.db,MultiText,Id,Main_LahaiRoi_ZRJDYKX_30_2,Content,dialogue,translated,,PASS,10,,,,,"Seriously, Siggy. If you went into biology, you'd be a legend by now...","Thật đấy, Siggy à. Nếu cậu theo ngành sinh học, giờ đã thành huyền thoại rồi...",
lang_multi_text_2ndhalf.db,MultiText,Id,Main_LahaiRoi_ZRJDYKX_30_3,Content,dialogue,translated,,PASS,10,,,,,"Hehe, I just want to confirm a new species before I graduate.","Hehe, mình chỉ muốn xác nhận một loài mới trước khi tốt nghiệp thôi.",
lang_multi_text_2ndhalf.db,MultiText,Id,Main_LahaiRoi_ZRJDYKX_30_4,Content,dialogue,translated,,PASS,10,,,,,"And you really don't come out enough, Denia. A little more activity would be good for you.","Cậu thực sự ít ra ngoài quá, Denia à. Hoạt động nhiều hơn một chút sẽ tốt cho cậu đấy.",
lang_multi_text_2ndhalf.db,MultiText,Id,Main_LahaiRoi_ZRJDYKX_30_5,Content,dialogue,translated,,PASS,10,,,,,"Please, give me a break. I'm not exactly built for running or fighting like you are...","Làm ơn, cho tôi nghỉ một chút đi. Tôi đâu có được sinh ra để chạy nhảy hay chiến đấu như các cậu...",
lang_multi_text_2ndhalf.db,MultiText,Id,Main_LahaiRoi_ZRJDYKX_30_6,Content,dialogue,translated,,PASS,10,,,,,(Since when are you bad at fighting?),Từ khi nào cậu lại yếu thế trong chiến đấu vậy?,
lang_multi_text_2ndhalf.db,MultiText,Id,Main_LahaiRoi_ZRJDYKX_30_7,Content,dialogue,translated,,PASS,10,,,,,"Oh, right. Didn't you say you wanted to call home? The booth looks empty right now.",À phải. Cậu không bảo muốn gọi về nhà à? Buồng điện thoại trông đang trống đấy.,
lang_multi_text_2ndhalf.db,MultiText,Id,Main_LahaiRoi_ZRJDYKX_30_8,Content,dialogue,translated,,PASS,10,,,,,Oh it is! That's rare. There's usually a line here...,"Ồ, đúng rồi! Hiếm lắm đấy. Thường chỗ này lúc nào cũng có hàng dài...",
lang_multi_text_2ndhalf.db,MultiText,Id,Main_LahaiRoi_ZRJDYKX_30_9,Content,dialogue,translated,,PASS,10,,,,,"Go on, before they start worrying. I've got some ""family matters"" to handle too, using {PlayerName}'s Terminal.","Đi đi, kẻo họ lo lắng mất. Còn ta phải giải quyết vài ""chuyện gia đình"" bằng Thiết bị đầu cuối của {PlayerName} đã.",
lang_multi_text_2ndhalf.db,MultiText,Id,Main_LahaiRoi_ZRJDYKX_30_11,Content,dialogue,translated,,PASS,10,,,,,Okay then... See you in a bit!,Thôi được... Gặp lại sau nhé!,
lang_multi_text_2ndhalf.db,MultiText,Id,Main_LahaiRoi_ZRJDYKX_31_1,Content,dialogue,translated,,PASS,10,,,,,"Yeah, I'm doing great today. Don't worry!","Ừ, hôm nay tớ thấy khá ổn. Đừng lo!",
lang_multi_text_2ndhalf.db,MultiText,Id,Main_LahaiRoi_ZRJDYKX_31_2,Content,dialogue,translated,,PASS,10,,,,,"Denia's out of the ward, so I'm taking a walk with her...","Denia vừa ra khỏi phòng bệnh, nên mình đi dạo cùng cô ấy...",
lang_multi_text_2ndhalf.db,MultiText,Id,Main_LahaiRoi_ZRJDYKX_32_1,Content,dialogue,translated,,PASS,10,,,,,I know what you're worried about. I remember everything from back then... Why would I ever contact those people?,Ta biết cậu đang lo lắng điều gì. Ta vẫn nhớ tất cả mọi chuyện từ hồi đó... Tại sao ta lại phải liên lạc với bọn họ chứ?,
lang_multi_text_2ndhalf.db,MultiText,Id,Main_LahaiRoi_ZRJDYKX_32_2,Content,dialogue,translated,,PASS,10,,,,,...Then who are you calling?,...Vậy cậu đang gọi cho ai thế?,
lang_multi_text_2ndhalf.db,MultiText,Id,Main_LahaiRoi_ZRJDYKX_32_3,Content,dialogue,translated,,PASS,10,,,,,"This'll do. I'll just open the comm, and you can wait here with me for a while.","Thế này là được rồi. Tao mở kênh liên lạc, mày cứ đợi ở đây với tao một lát.",
lang_multi_text_2ndhalf.db,MultiText,Id,Main_LahaiRoi_ZRJDYKX_32_4,Content,dialogue,translated,,PASS,10,,,,,You've been doing this all along?,Cậu vẫn làm thế từ trước đến giờ à?,
lang_multi_text_2ndhalf.db,MultiText,Id,Main_LahaiRoi_ZRJDYKX_32_5,Content,dialogue,translated,,PASS,10,,,,,Yeah. It was all made up. To keep her happy. But I didn't realize how much effort it takes to keep a simple lie going.,Ừ. Tất cả chỉ là bịa đặt thôi. Để cô ấy vui. Nhưng tôi không ngờ chỉ một lời nói dối nhỏ cũng phải tốn bao nhiêu công sức để duy trì.,
lang_multi_text_2ndhalf.db,MultiText,Id,Main_LahaiRoi_ZRJDYKX_32_6,Content,dialogue,translated,,PASS,10,,,,,This will only complicate things.,Chuyện này chỉ càng làm phức tạp thêm thôi.,
lang_multi_text_2ndhalf.db,MultiText,Id,Main_LahaiRoi_ZRJDYKX_32_7,Content,dialogue,translated,,PASS,10,,,,,"But I can't be honest with her, can I? She's all cheerful on the outside, but she bears more than enough worries for her size... As her friend, that's the least I can do.","Nhưng tớ không thể thành thật với cô ấy được, phải không? Bề ngoài thì cô ấy lúc nào cũng vui vẻ, nhưng trong lòng lại chất chứa quá nhiều lo âu so với vóc dáng nhỏ bé ấy... Là bạn của cô ấy, ít nhất tớ cũng phải làm được vậy thôi.",
lang_multi_text_2ndhalf.db,MultiText,Id,Main_LahaiRoi_ZRJDYKX_32_8,Content,dialogue,translated,,PASS,10,,,,,"And besides... having a sweet, trusting friend like her around is a great cover, isn't it?","Với lại... có một người bạn ngây thơ, tin tưởng như cô ấy ở bên cạnh cũng là một vỏ bọc hoàn hảo, phải không?",
lang_multi_text_2ndhalf.db,MultiText,Id,Main_LahaiRoi_ZRJDYKX_32_9,Content,dialogue,translated,,PASS,10,,,,,That's self-deluding.,Tự huyễn hoặc mình thôi.,
lang_multi_text_2ndhalf.db,MultiText,Id,Main_LahaiRoi_ZRJDYKX_32_10,Content,dialogue,translated,,PASS,10,,,,,...I thought you'd put it more gently.,...Tớ tưởng cậu sẽ nói nhẹ nhàng hơn chút.,
lang_multi_text_2ndhalf.db,MultiText,Id,Main_LahaiRoi_ZRJDYKX_32_11,Content,dialogue,translated,,PASS,10,,,,,Alright. Looks like she's finished her call. Let's head over.,Được rồi. Có vẻ cô ấy đã kết thúc cuộc gọi rồi. Lại gần nào.,
lang_multi_text_2ndhalf.db,MultiText,Id,Main_LahaiRoi_ZRJDYKX_33_1,Content,dialogue,translated,,PASS,10,,,,,Perfect timing! We should go check out the new desserts!,Đúng lúc ghê! Đi thử món tráng miệng mới thôi!,
lang_multi_text_2ndhalf.db,MultiText,Id,Main_LahaiRoi_ZRJDYKX_33_2,Content,dialogue,translated,,PASS,10,,,,,"This part, finally...",Cuối cùng cũng đến phần này...,
lang_multi_text_2ndhalf.db,MultiText,Id,Main_LahaiRoi_ZRJDYKX_33_3,Content,dialogue,translated,,PASS,10,,,,,"What made you want to buy cake today, Denia?",Hôm nay Denia lại thèm bánh ngọt đến thế à?,
lang_multi_text_2ndhalf.db,MultiText,Id,Main_LahaiRoi_ZRJDYKX_33_4,Content,dialogue,translated,,PASS,10,,,,,You'll find out soon enough.,Rồi con sẽ sớm biết thôi.,
lang_multi_text_2ndhalf.db,MultiText,Id,Main_LahaiRoi_ZRJDYKX_34_1,Content,dialogue,translated,,PASS,10,,,,,"Today's new desserts include: Frostwort Dumpling, Fern Spore Kelp Biscuit, Pine Needle Lichen Roll, and—on special—Jarred Fish Muffin...","Các món tráng miệng mới hôm nay gồm có: Bánh Bột Đông Trùng, Bánh Quy Rong Tảo, Bánh Cuộn Địa Y Kim, và—đặc biệt—Bánh Muffin Cá Hộp...",
lang_multi_text_2ndhalf.db,MultiText,Id,Main_LahaiRoi_ZRJDYKX_34_2,Content,dialogue,translated,,PASS,10,,,,,Those names sound... intense.,Những cái tên đó nghe... thật nặng nề.,
lang_multi_text_2ndhalf.db,MultiText,Id,Main_LahaiRoi_ZRJDYKX_34_3,Content,dialogue,translated,,PASS,10,,,,,Do you think you could assemble them into a cake?,Cậu nghĩ mình có thể ghép chúng thành một chiếc bánh không?,
lang_multi_text_2ndhalf.db,MultiText,Id,Main_LahaiRoi_ZRJDYKX_34_4,Content,dialogue,translated,,PASS,10,,,,,"What a terrifying thought, Nia...","Nghĩ đến thôi đã thấy sợ rồi, Nia à...",
lang_multi_text_2ndhalf.db,MultiText,Id,Main_LahaiRoi_ZRJDYKX_34_5,Content,dialogue,translated,,PASS,10,,,,,"(Taste aside, the operational procedure was very clear about food intake. I should check with Arman...)","(Vị thì để đó đã, nhưng quy trình vận hành ghi rõ về việc nạp thức ăn. Mình nên hỏi ý Arman...)",
lang_multi_text_2ndhalf.db,MultiText,Id,Main_LahaiRoi_ZRJDYKX_34_6,Content,dialogue,translated,,PASS,10,,,,,Patients need to be careful about food safety.,Bệnh nhân cần cẩn thận với an toàn thực phẩm.,
lang_multi_text_2ndhalf.db,MultiText,Id,Main_LahaiRoi_ZRJDYKX_34_7,Content,dialogue,translated,,PASS,10,,,,,I'm just going through the motions... She can eat it for me.,Mình chỉ đang làm cho có thôi... Cô ấy cứ ăn giùm mình đi.,
lang_multi_text_2ndhalf.db,MultiText,Id,Main_LahaiRoi_ZRJDYKX_34_8,Content,dialogue,translated,,PASS,10,,,,,I happen to know a team that specializes in desserts. We could order a cake from them if you want.,"Ta biết một đội chuyên làm bánh ngọt. Nếu cậu muốn, chúng ta có thể đặt bánh ở chỗ họ.",
lang_multi_text_2ndhalf.db,MultiText,Id,Main_LahaiRoi_ZRJDYKX_34_9,Content,dialogue,translated,,PASS,10,,,,,What kind of style are you thinking of?,Ngươi định chọn phong cách nào?,
lang_multi_text_2ndhalf.db,MultiText,Id,Main_LahaiRoi_ZRJDYKX_34_10,Content,dialogue,translated,,PASS,10,,,,,"Oh, really? Then can I add Rainbow Bean Pop Rocks? And Creeping Torchpine nuts. Oh, and some Fruit Crackle too?","Thật á? Vậy em có thể thêm kẹo Rainbow Bean Pop Rocks không? Với cả hạt Creeping Torchpine nữa. À, thêm ít Fruit Crackle nữa nhé?",
lang_multi_text_2ndhalf.db,MultiText,Id,Main_LahaiRoi_ZRJDYKX_34_11,Content,dialogue,translated,,PASS,10,,,,,"Denia, you can't put Pop Rocks on a cake. You need to start with a base flavor...","Denia, cậu không thể rắc kẹo nổ lên bánh được. Phải bắt đầu từ hương vị nền cơ...",
lang_multi_text_2ndhalf.db,MultiText,Id,Main_LahaiRoi_ZRJDYKX_34_12,Content,dialogue,translated,,PASS,10,,,,,Hm... okay. Let me think...,Hừm... được rồi. Để ta nghĩ đã...,
lang_multi_text_2ndhalf.db,MultiText,Id,Main_LahaiRoi_ZRJDYKX_34_13,Content,dialogue,translated,,PASS,10,,,,,Let's get an orange cake. I promised Sigrika we'd celebrate together. She likes oranges.,Mua bánh cam đi. Tớ đã hứa với Sigrika là sẽ cùng ăn mừng mà. Cô ấy thích cam lắm.,
lang_multi_text_2ndhalf.db,MultiText,Id,Main_LahaiRoi_ZRJDYKX_34_14,Content,dialogue,translated,,PASS,10,,,,,"But make sure you add everything I mentioned earlier, okay?",Nhưng nhớ cho tất cả những gì ta vừa nói vào nhé?,
lang_multi_text_2ndhalf.db,MultiText,Id,Main_LahaiRoi_ZRJDYKX_34_15,Content,dialogue,translated,,PASS,10,,,,,"Having promised to help out at the Reactor Drive, Sigrika won't be able to celebrate Denia's birthday together with you.
Before leaving, she promises Denia to spend her next birthday together.","Vì đã hứa sẽ giúp việc tại Reactor Drive, Sigrika không thể cùng cậu tổ chức sinh nhật cho Denia.
Trước khi rời đi, cô hứa với Denia sẽ cùng đón sinh nhật lần sau.",
lang_multi_text_2ndhalf.db,MultiText,Id,Main_LahaiRoi_ZRJDYKX_35_1,Content,dialogue,translated,,PASS,10,,,,,Tell Arman about the cake.,Nói với Arman về cái bánh đi.,
lang_multi_text_2ndhalf.db,MultiText,Id,Main_LahaiRoi_ZRJDYKX_35_2,Content,dialogue,translated,,PASS,10,,,,,"Denia needs a birthday cake, but I don't think the ones sold at the Academy will work.","Denia cần một chiếc bánh sinh nhật, nhưng tôi không nghĩ những chiếc bánh bán ở Học viện sẽ hợp đâu.",
lang_multi_text_2ndhalf.db,MultiText,Id,Main_LahaiRoi_ZRJDYKX_35_3,Content,dialogue,translated,,PASS,10,,,,,Even the vendors won't touch those. Don't buy them.,Ngay cả dân buôn cũng không dám đụng vào những thứ đó. Đừng có mua.,
lang_multi_text_2ndhalf.db,MultiText,Id,Main_LahaiRoi_ZRJDYKX_35_4,Content,dialogue,translated,,PASS,10,,,,,We'll take care of the cake. Ingredients and preparation will need to be vetted.,Bánh thì chúng ta sẽ lo. Nhưng nguyên liệu và cách chế biến phải được kiểm tra kỹ càng.,
lang_multi_text_2ndhalf.db,MultiText,Id,Main_LahaiRoi_ZRJDYKX_35_5,Content,dialogue,translated,,PASS,10,,,,,Did she specify what kind of cake she wants?,Cô ấy có nói cụ thể muốn loại bánh nào không?,
lang_multi_text_2ndhalf.db,MultiText,Id,Main_LahaiRoi_ZRJDYKX_35_6,Content,dialogue,translated,,PASS,10,,,,,An orange cake.,Một chiếc bánh cam.,
lang_multi_text_2ndhalf.db,MultiText,Id,Main_LahaiRoi_ZRJDYKX_35_7,Content,dialogue,translated,,PASS,10,,,,,An orange cake.,Một chiếc bánh cam.,
lang_multi_text_2ndhalf.db,MultiText,Id,Main_LahaiRoi_ZRJDYKX_35_8,Content,dialogue,translated,,PASS,10,,,,,Copy.,Nhận lệnh.,
lang_multi_text_2ndhalf.db,MultiText,Id,Main_LahaiRoi_ZRJDYKX_35_9,Content,dialogue,translated,,PASS,10,,,,,There are some additional requirements.,Có thêm một vài yêu cầu nữa.,
lang_multi_text_2ndhalf.db,MultiText,Id,Main_LahaiRoi_ZRJDYKX_35_10,Content,dialogue,translated,,PASS,10,,,,,"Add Rainbow Bean Pop Rocks, Creeping Torchpine nuts, and Fruit Crackle.","Thêm Đậu Cầu Vồng, Hạt Thông Lửa Leo, và Bánh Trái Cây Nổ.",
lang_multi_text_2ndhalf.db,MultiText,Id,Main_LahaiRoi_ZRJDYKX_35_11,Content,dialogue,translated,,PASS,10,,,,,?,Gì?,
lang_multi_text_2ndhalf.db,MultiText,Id,Main_LahaiRoi_ZRJDYKX_35_12,Content,dialogue,translated,,PASS,10,,,,,Arman has withdrawn a message.,Arman đã thu hồi một tin nhắn.,
lang_multi_text_2ndhalf.db,MultiText,Id,Main_LahaiRoi_ZRJDYKX_35_13,Content,dialogue,translated,,PASS,10,,,,,Understood. We'll make it happen. Expect completion this evening.,Hiểu rồi. Chúng tôi sẽ hoàn thành. Dự kiến xong vào tối nay.,
lang_multi_text_2ndhalf.db,MultiText,Id,Main_LahaiRoi_ZRJDYKX_38_1,Content,dialogue,translated,,PASS,10,,,,,"Have you decided yet? What's it going to be, Denia?","Đã quyết định chưa? Chọn gì nào, Denia?",
lang_multi_text_2ndhalf.db,MultiText,Id,Main_LahaiRoi_ZRJDYKX_38_2,Content,dialogue,translated,,PASS,10,,,,,Keeping it a secret for now.,Giữ bí mật đã.,
lang_multi_text_2ndhalf.db,MultiText,Id,Main_LahaiRoi_ZRJDYKX_38_3,Content,dialogue,translated,,PASS,10,,,,,The cake will be ready by tonight.,Bánh sẽ xong vào tối nay.,
lang_multi_text_2ndhalf.db,MultiText,Id,Main_LahaiRoi_ZRJDYKX_38_4,Content,dialogue,translated,,PASS,10,,,,,Tonight...,Đêm nay...,
lang_multi_text_2ndhalf.db,MultiText,Id,Main_LahaiRoi_ZRJDYKX_38_5,Content,dialogue,translated,,PASS,10,,,,,Tonight might not work for me... I... I promised Professor Mornye I'd help out at the Reactor Drive today...,Tối nay chắc mình không đi được rồi... Mình... mình đã hứa với Giáo sư Mornye là sẽ giúp ông ở Lò Phản Ứng hôm nay...,
lang_multi_text_2ndhalf.db,MultiText,Id,Main_LahaiRoi_ZRJDYKX_38_6,Content,dialogue,translated,,REVIEW,6,same_as_source,,,,...,...,
lang_multi_text_2ndhalf.db,MultiText,Id,Main_LahaiRoi_ZRJDYKX_38_7,Content,dialogue,translated,,PASS,10,,,,,"Well, that's a shame, Siggy. I was hoping to share the birthday cake with you, but I guess you'll just have to make do with the leftovers.","Thật tiếc quá, Siggy à. Tớ đã mong được chia sẻ chiếc bánh sinh nhật với cậu, nhưng chắc giờ chỉ còn cách ăn phần thừa thôi.",
lang_multi_text_2ndhalf.db,MultiText,Id,Main_LahaiRoi_ZRJDYKX_38_8,Content,dialogue,translated,,PASS,10,,,,,"Birthday cake...? Wait, today's your birthday? So that's why Rover is...","Bánh sinh nhật...? Khoan, hôm nay là sinh nhật cậu à? Thế nên Rover mới...",
lang_multi_text_2ndhalf.db,MultiText,Id,Main_LahaiRoi_ZRJDYKX_38_9,Content,dialogue,translated,,PASS,10,,,,,Denia wanted to surprise you.,Denia muốn tạo bất ngờ cho cậu đấy.,
lang_multi_text_2ndhalf.db,MultiText,Id,Main_LahaiRoi_ZRJDYKX_38_10,Content,dialogue,translated,,PASS,10,,,,,Then I... I'll leave Professor Mornye a message...,Vậy thì... tôi sẽ để lại lời nhắn cho Giáo sư Mornye...,
lang_multi_text_2ndhalf.db,MultiText,Id,Main_LahaiRoi_ZRJDYKX_38_11,Content,dialogue,translated,,PASS,10,,,,,"It's alright, Siggy. I'm sure you've got something really important to do with Professor Mornye.","Không sao đâu, Siggy. Chắc chắn cậu có việc quan trọng gì đó với Giáo sư Mornye mà.",
lang_multi_text_2ndhalf.db,MultiText,Id,Main_LahaiRoi_ZRJDYKX_38_12,Content,dialogue,translated,,PASS,10,,,,,"Well, asking for a day off once in a while wouldn't...",Thỉnh thoảng xin nghỉ một ngày thì có gì đâu...,
lang_multi_text_2ndhalf.db,MultiText,Id,Main_LahaiRoi_ZRJDYKX_38_13,Content,dialogue,translated,,PASS,10,,,,,Nope. No running away from it.,Không. Không được chạy trốn đâu.,
lang_multi_text_2ndhalf.db,MultiText,Id,Main_LahaiRoi_ZRJDYKX_38_14,Content,dialogue,translated,,PASS,10,,,,,"How can you become the kind of person you look up to, if you run away from something like this?","Làm sao cậu có thể trở thành người mà cậu ngưỡng mộ, nếu cậu trốn tránh chuyện như thế này?",
lang_multi_text_2ndhalf.db,MultiText,Id,Main_LahaiRoi_ZRJDYKX_38_15,Content,dialogue,translated,,PASS,10,,,,,"But... aren't you the one who's been telling me ""it's okay to run away"" this whole time, Denia?","Nhưng... suốt này không phải chính cậu vẫn bảo mình ""chạy đi cũng chẳng sao"" sao, Denia?",
lang_multi_text_2ndhalf.db,MultiText,Id,Main_LahaiRoi_ZRJDYKX_38_16,Content,dialogue,translated,,PASS,10,,,,,It was just to make you feel better. I say it to everyone.,Chỉ là để cậu thấy dễ chịu hơn thôi. Tớ nói với tất cả mọi người mà.,
lang_multi_text_2ndhalf.db,MultiText,Id,Main_LahaiRoi_ZRJDYKX_38_17,Content,dialogue,translated,,PASS,10,,,,,No. You're acting super weird today.,Không. Hôm nay cậu hành động kỳ lạ quá.,
lang_multi_text_2ndhalf.db,MultiText,Id,Main_LahaiRoi_ZRJDYKX_38_18,Content,dialogue,translated,,PASS,10,,,,,"All of a sudden you asked me to come out, had me take pictures with you, revealed it's your birthday, and... told me not to run away... This... It's not like you at all...","Đột nhiên em lại bảo anh ra ngoài, bắt anh chụp ảnh với em, tiết lộ hôm nay là sinh nhật em, rồi... bảo anh đừng bỏ chạy... Cái này... Không giống em chút nào...",
lang_multi_text_2ndhalf.db,MultiText,Id,Main_LahaiRoi_ZRJDYKX_38_19,Content,dialogue,translated,,PASS,10,,,,,"Siggy, I...","Siggy, tớ...",
lang_multi_text_2ndhalf.db,MultiText,Id,Main_LahaiRoi_ZRJDYKX_38_20,Content,dialogue,translated,,PASS,10,,,,,Are you hiding something from me?,Em đang giấu ta điều gì phải không?,
lang_multi_text_2ndhalf.db,MultiText,Id,Main_LahaiRoi_ZRJDYKX_38_21,Content,dialogue,translated,,PASS,10,,,,,"Oh, couldn't you be a little less perceptive at a time like this, Sigrika?","Ôi, Sigrika, đúng lúc này mà cậu không thể kém tinh ý hơn một chút à?",
lang_multi_text_2ndhalf.db,MultiText,Id,Main_LahaiRoi_ZRJDYKX_38_22,Content,dialogue,translated,,PASS,10,,,,,"If you want me to keep playing dumb, I can do that, and I'll leave it there. As usual.","Nếu cậu muốn tao tiếp tục giả ngốc, tao sẽ làm vậy, và thế là xong. Như mọi khi thôi.",
lang_multi_text_2ndhalf.db,MultiText,Id,Main_LahaiRoi_ZRJDYKX_38_23,Content,dialogue,translated,,PASS,10,,,,,"But, there's only one thing I want to make sure... Will you still be celebrating your birthday this time next year?","Nhưng có một điều em muốn chắc chắn... Sang năm này, anh vẫn sẽ tổ chức sinh nhật chứ?",
lang_multi_text_2ndhalf.db,MultiText,Id,Main_LahaiRoi_ZRJDYKX_38_24,Content,dialogue,translated,,PASS,10,,,,,I will...,Tôi sẽ...,
lang_multi_text_2ndhalf.db,MultiText,Id,Main_LahaiRoi_ZRJDYKX_38_25,Content,dialogue,translated,,PASS,10,,,,,Then next year... we'll celebrate your birthday together. Promise?,Vậy thì năm sau... chúng ta sẽ cùng tổ chức sinh nhật cho cậu nhé. Hứa hả?,
lang_multi_text_2ndhalf.db,MultiText,Id,Main_LahaiRoi_ZRJDYKX_38_26,Content,dialogue,translated,,PASS,10,,,,,Promise.,Hứa.,
lang_multi_text_2ndhalf.db,MultiText,Id,Main_LahaiRoi_ZRJDYKX_38_27,Content,dialogue,translated,,PASS,10,,,,,How about we make a cake together when the time comes?,Hay đến lúc đó mình cùng nhau làm một chiếc bánh nhé?,
lang_multi_text_2ndhalf.db,MultiText,Id,Main_LahaiRoi_ZRJDYKX_38_28,Content,dialogue,translated,,PASS,10,,,,,I thought you said there's only one thing you wanted to make sure of...,Tao tưởng cậu bảo chỉ có một điều duy nhất cậu muốn xác nhận thôi...,
lang_multi_text_2ndhalf.db,MultiText,Id,Main_LahaiRoi_ZRJDYKX_38_29,Content,dialogue,translated,,PASS,10,,,,,Denia still has some check-ups to do tonight. Maybe after she's fully recovered in a few days...,"Tối nay Denia còn vài cuộc kiểm tra nữa. Có lẽ vài ngày nữa, khi cô ấy hồi phục hoàn toàn...",
lang_multi_text_2ndhalf.db,MultiText,Id,Main_LahaiRoi_ZRJDYKX_38_30,Content,dialogue,translated,,PASS,10,,,,,"You sound just like Dr. Herssen, Senior.","Cậu nói y chang bác sĩ Herssen, tiền bối ấy.",
lang_multi_text_2ndhalf.db,MultiText,Id,Main_LahaiRoi_ZRJDYKX_38_31,Content,dialogue,translated,,PASS,10,,,,,"It's fine, we've made a promise... Right, off I go to sort out some files.","Không sao mà... Chúng ta đã hứa rồi mà... Được rồi, tôi đi xử lý mấy tập tài liệu đây.",
lang_multi_text_2ndhalf.db,MultiText,Id,Main_LahaiRoi_ZRJDYKX_38_32,Content,dialogue,translated,,PASS,10,,,,,"You go get those files, Sigrika...","Sigrika, cậu đi lấy mấy tập hồ sơ đó đi...",
lang_multi_text_2ndhalf.db,MultiText,Id,Main_LahaiRoi_ZRJDYKX_38_33,Content,dialogue,translated,,PASS,10,,,,,"Happy birthday, Denia!","Chúc mừng sinh nhật, Denia!",
lang_multi_text_2ndhalf.db,MultiText,Id,Main_LahaiRoi_ZRJDYKX_38_34,Content,dialogue,translated,,PASS,10,,,,,"Phew, that was tough... I'm never good at this with her around.","Phù, vất vả quá… Có cô ấy ở đây, tôi chẳng bao giờ làm tốt việc này được.",
lang_multi_text_2ndhalf.db,MultiText,Id,Main_LahaiRoi_ZRJDYKX_38_35,Content,dialogue,translated,,PASS,10,,,,,"Well, that made things really awkward at the end... If you'd just listened to me and moved on...","Chà, cuối cùng lại thành ra thế này... Nếu cậu chịu nghe tao mà bỏ qua thì đâu đến nỗi...",
lang_multi_text_2ndhalf.db,MultiText,Id,Main_LahaiRoi_ZRJDYKX_38_36,Content,dialogue,translated,,PASS,10,,,,,Sigrika really cares about you.,Sigrika thực sự rất quan tâm đến cậu.,
lang_multi_text_2ndhalf.db,MultiText,Id,Main_LahaiRoi_ZRJDYKX_38_37,Content,dialogue,translated,,PASS,10,,,,,You'll regret it.,Cậu sẽ hối hận thôi.,
lang_multi_text_2ndhalf.db,MultiText,Id,Main_LahaiRoi_ZRJDYKX_38_38,Content,dialogue,translated,,PASS,10,,,,,"Oh, sneaky you, being so nice and kind all of a sudden.","Ôi, ranh ma thật, tự dưng lại tử tế tốt bụng thế.",
lang_multi_text_2ndhalf.db,MultiText,Id,Main_LahaiRoi_ZRJDYKX_38_39,Content,dialogue,translated,,PASS,10,,,,,"To be honest, I'm really impressed hearing those words from you, {PlayerName}... I suppose you must've gone through plenty of farewells, haven't you?","Thật lòng mà nói, nghe cậu nói vậy tao thật sự rất cảm động, {PlayerName} à... Chắc hẳn cậu đã trải qua không biết bao nhiêu lần chia ly rồi nhỉ?",
lang_multi_text_2ndhalf.db,MultiText,Id,Main_LahaiRoi_ZRJDYKX_38_40,Content,dialogue,translated,,PASS,10,,,,,"Strong, caring. Keep it up and I might actually fall for you.","Mạnh mẽ và biết quan tâm. Cứ thế này, biết đâu ta lại phải lòng ngươi thật đấy.",
lang_multi_text_2ndhalf.db,MultiText,Id,Main_LahaiRoi_ZRJDYKX_38_41,Content,dialogue,translated,,REVIEW,6,same_as_source,,,,...,...,
lang_multi_text_2ndhalf.db,MultiText,Id,Main_LahaiRoi_ZRJDYKX_38_42,Content,dialogue,translated,,PASS,10,,,,,"All right, break time's over. I almost died of boredom being stuck in the sickbed these past few days. How about you and I go play some video games, {PlayerName}?","Được rồi, giờ nghỉ xong rồi. Suýt chết vì buồn chán khi nằm liệt giường mấy ngày qua. Hay mình chơi game đi, {PlayerName}?",
lang_multi_text_2ndhalf.db,MultiText,Id,Main_LahaiRoi_ZRJDYKX_38_43,Content,dialogue,translated,,PASS,10,,,,,"Having promised to help out at the Reactor Drive, Sigrika won't be able to celebrate Denia's birthday together with you.
Before leaving, she promises Denia to spend her next birthday together.","Vì đã hứa sẽ giúp việc tại Reactor Drive, Sigrika không thể cùng cậu tổ chức sinh nhật cho Denia.
Trước khi rời đi, cô hứa với Denia sẽ cùng đón sinh nhật lần sau.",
lang_multi_text_2ndhalf.db,MultiText,Id,Main_LahaiRoi_ZRJDYKX_39_1,Content,dialogue,translated,,PASS,10,,,,,"Look at all those games... What do you have in mind, {PlayerName}? I was thinking Lahai-Roi Blocks...","Nhìn bao nhiêu trò chơi kia... Cậu định chơi gì nào, {PlayerName}? Tao thì nghĩ trò Xếp Khối Lahai-Roi...",
lang_multi_text_2ndhalf.db,MultiText,Id,Main_LahaiRoi_ZRJDYKX_39_2,Content,dialogue,translated,,PASS,10,,,,,Catchow.,Meo meo.,
lang_multi_text_2ndhalf.db,MultiText,Id,Main_LahaiRoi_ZRJDYKX_39_3,Content,dialogue,translated,,PASS,10,,,,,"Wait, really...? I even gave you the hint.","Đợi đã, thật sao...? Tớ còn gợi ý cho cậu cơ mà.",
lang_multi_text_2ndhalf.db,MultiText,Id,Main_LahaiRoi_ZRJDYKX_39_4,Content,dialogue,translated,,PASS,10,,,,,Don't tell me you're the type who during a date wants to watch separate movies and just meet up afterward.,Đừng có mà bảo mày lại là loại người hẹn hò xong muốn xem phim riêng rồi mới gặp nhau sau đấy.,
lang_multi_text_2ndhalf.db,MultiText,Id,Main_LahaiRoi_ZRJDYKX_39_5,Content,dialogue,translated,,PASS,10,,,,,Playing Lahai-Roi Blocks with you brings back bad memories.,Chơi Lahai-Roi Blocks với cậu khiến tao nhớ lại những ký ức không vui.,
lang_multi_text_2ndhalf.db,MultiText,Id,Main_LahaiRoi_ZRJDYKX_39_6,Content,dialogue,translated,,PASS,10,,,,,"Ugh... You have such a good memory, {PlayerName}... Alright, let's start with your game.","Ui... {PlayerName} nhớ dai thật đấy... Thôi được, bắt đầu trò của cậu trước đi.",
lang_multi_text_2ndhalf.db,MultiText,Id,Main_LahaiRoi_ZRJDYKX_4_1,Content,dialogue,translated,,PASS,10,,,,,"{PlayerName} is here. Yes, I understand. Please rest assured.","{PlayerName} đã đến. Được rồi, ta hiểu rồi. Yên tâm đi.",
lang_multi_text_2ndhalf.db,MultiText,Id,Main_LahaiRoi_ZRJDYKX_4_2,Content,dialogue,translated,,PASS,10,,,,,"Sorry to pull you in on such short notice, {PlayerName}. I'm Arman, I sent the message. The situation's worse than we anticipated, so I'll keep it short.","Xin lỗi đã gọi {PlayerName} đến gấp như vậy. Mình là Arman, người đã gửi tin nhắn. Tình hình tệ hơn dự đoán, nên mình sẽ nói ngắn gọn thôi.",
lang_multi_text_2ndhalf.db,MultiText,Id,Main_LahaiRoi_ZRJDYKX_4_3,Content,dialogue,translated,,PASS,10,,,,,How's Denia?,Denia thế nào rồi?,
lang_multi_text_2ndhalf.db,MultiText,Id,Main_LahaiRoi_ZRJDYKX_4_4,Content,dialogue,translated,,PASS,10,,,,,"She's... awake. But just as we feared, the Fractsidus did something to her.","Cô ấy... đã tỉnh. Nhưng đúng như chúng ta lo sợ, lũ Fractsidus đã làm gì đó với cô ấy.",
lang_multi_text_2ndhalf.db,MultiText,Id,Main_LahaiRoi_ZRJDYKX_4_5,Content,dialogue,translated,,PASS,10,,,,,"After waking up, her frequency deteriorated rapidly into systemic failure. According to Rabelle College's estimate, she has... one week. At best.","Sau khi tỉnh dậy, tần số của cô ấy suy giảm nhanh chóng thành hỏng hóc toàn hệ thống. Theo ước tính của Rabelle College, cô ấy chỉ còn... một tuần. Tối đa là vậy.",
lang_multi_text_2ndhalf.db,MultiText,Id,Main_LahaiRoi_ZRJDYKX_4_6,Content,dialogue,translated,,PASS,10,,,,,What's gone wrong?,Có gì trục trặc à?,
lang_multi_text_2ndhalf.db,MultiText,Id,Main_LahaiRoi_ZRJDYKX_4_7,Content,dialogue,translated,,PASS,10,,,,,No idea. There's not enough time to even determine whether it's physiological... or caused by the Threnodian.,Không biết được. Thời gian không đủ để xác định là do sinh lý... hay do Threnodian gây ra.,
lang_multi_text_2ndhalf.db,MultiText,Id,Main_LahaiRoi_ZRJDYKX_4_8,Content,dialogue,translated,,PASS,10,,,,,The New Federation is pressing charges over the Stridergate incident and the residual frequency on the Dimmr Plains. They want Denia handed over immediately.,Liên Bang Mới đang khởi kiện vụ việc tại Cổng Stridergate và tần số còn sót lại trên Đồng Bằng Dimmr. Họ yêu cầu giao nộp Denia ngay lập tức.,
lang_multi_text_2ndhalf.db,MultiText,Id,Main_LahaiRoi_ZRJDYKX_4_9,Content,dialogue,translated,,PASS,10,,,,,"We didn't comply, of course. Denia was a Startorch Academy student. Sending her there would turn her into a mere research subject... and cost us our only chance to reach the truth or contest the charges.",Tất nhiên là chúng ta không tuân lệnh rồi. Denia là học viên của Học viện Startorch. Đưa cô ấy đến đó chỉ biến cô ấy thành vật thí nghiệm... và đánh mất cơ hội duy nhất để tìm ra sự thật hay phản bác cáo buộc.,
lang_multi_text_2ndhalf.db,MultiText,Id,Main_LahaiRoi_ZRJDYKX_4_10,Content,dialogue,translated,,PASS,10,,,,,"I see the picture... When you say ""contest the charges,"" are you suggesting Denia is the key to breaking this stalemate?","Ta đã thấy bức tranh rồi... Khi cậu nói ""thách thức cáo buộc"", ý cậu là Denia chính là chìa khóa phá vỡ thế bế tắc này sao?",
lang_multi_text_2ndhalf.db,MultiText,Id,Main_LahaiRoi_ZRJDYKX_4_11,Content,dialogue,translated,,PASS,10,,,,,"Exactly. First, her connection to the Voidborne Threnodian has enormous research value. Even with the Stridergate sealed, she could open new directions for Voidmatter science.","Chính xác. Mối liên hệ của cô ta với Voidborne Threnodian có giá trị nghiên cứu vô cùng lớn. Dù Stridergate đã bị phong tỏa, cô ta vẫn có thể mở ra hướng đi mới cho khoa học Vật chất Hư không.",
lang_multi_text_2ndhalf.db,MultiText,Id,Main_LahaiRoi_ZRJDYKX_4_12,Content,dialogue,translated,,PASS,10,,,,,"And based on I.R.I.S.'s review of our prior interactions, Denia likely knows the source of the Threnodian frequency on the Dimmr Plains. The reason why her condition is worsening, too.","Dựa trên đánh giá của I.R.I.S. về những lần tương tác trước, Denia có lẽ đã biết nguồn gốc của tần số Threnodian trên Dimmr Plains. Cả lý do tình trạng của cô ấy ngày càng tồi tệ hơn.",
lang_multi_text_2ndhalf.db,MultiText,Id,Main_LahaiRoi_ZRJDYKX_4_13,Content,dialogue,translated,,PASS,10,,,,,"If she is willing to cooperate, we can resolve this before the New Fed forces our hand. We treat her. She helps with the report. It'll be a win-win, ideally.","Nếu cô ấy chịu hợp tác, chúng ta có thể giải quyết việc này trước khi Liên Bang Mới ép buộc tay chúng ta. Ta chữa trị cho cô ấy. Cô ấy giúp hoàn thành báo cáo. Lý tưởng thì đây là đôi bên cùng có lợi.",
lang_multi_text_2ndhalf.db,MultiText,Id,Main_LahaiRoi_ZRJDYKX_4_14,Content,dialogue,translated,,PASS,10,,,,,Sounds like that didn't go very smoothly.,Nghe chừng mọi chuyện không suôn sẻ lắm.,
lang_multi_text_2ndhalf.db,MultiText,Id,Main_LahaiRoi_ZRJDYKX_4_15,Content,dialogue,translated,,PASS,10,,,,,No. She's been... resistant. To any form of contact.,Không. Cô ấy... chống đối. Không chấp nhận bất cứ hình thức tiếp xúc nào.,
lang_multi_text_2ndhalf.db,MultiText,Id,Main_LahaiRoi_ZRJDYKX_4_16,Content,dialogue,translated,,PASS,10,,,,,"This is where we need you, {PlayerName}. I'm sure you understand, mental stability is a prerequisite for frequency control. You have prior contact with her, and... your experience with Threnodians also makes you a safer anchor in the negotiation.","Đây là nơi chúng tôi cần cậu, {PlayerName}. Tôi chắc cậu hiểu, sự ổn định tinh thần là điều kiện tiên quyết để kiểm soát tần số. Cậu từng tiếp xúc với cô ấy, và... kinh nghiệm của cậu với người Threnodian cũng khiến cậu trở thành điểm tựa an toàn hơn trong cuộc đàm phán.",
lang_multi_text_2ndhalf.db,MultiText,Id,Main_LahaiRoi_ZRJDYKX_4_17,Content,dialogue,translated,,PASS,10,,,,,"(Denia might be a viable opening. But until I figure out what the Fractsidus is planning and where they are now, I shouldn't commit to anything reckless.)","Denia có thể là một lối mở khả thi. Nhưng trước khi ta hiểu được Fractsidus đang tính toán gì và hiện ở đâu, không nên hành động liều lĩnh.",
lang_multi_text_2ndhalf.db,MultiText,Id,Main_LahaiRoi_ZRJDYKX_4_18,Content,dialogue,translated,,PASS,10,,,,,I will speak to her and make my judgment from there.,Ta sẽ nói chuyện với cô ấy và đưa ra phán quyết sau.,
lang_multi_text_2ndhalf.db,MultiText,Id,Main_LahaiRoi_ZRJDYKX_4_19,Content,dialogue,translated,,PASS,10,,,,,"Also, I want this meeting kept off the record. No files, not even in I.R.I.S.'s archive.","À, tôi muốn cuộc họp này không được ghi chép lại. Không hồ sơ, kể cả trong kho lưu trữ của I.R.I.S.",
lang_multi_text_2ndhalf.db,MultiText,Id,Main_LahaiRoi_ZRJDYKX_4_20,Content,dialogue,translated,,PASS,10,,,,,"...Understood. Then I'll leave this in your hands, {PlayerName}. Her identity is only known to very few now, I can assure you.","...Hiểu rồi. Vậy để ta giao việc này cho {PlayerName}. Danh tính của cô ấy giờ chỉ còn rất ít người biết, ta có thể đảm bảo với cậu.",
lang_multi_text_2ndhalf.db,MultiText,Id,Main_LahaiRoi_ZRJDYKX_40_1,Content,dialogue,translated,,PASS,10,,,,,"Wait, that character you're using... Is that me?","Chờ đã, nhân vật cậu đang dùng... Là tôi à?",
lang_multi_text_2ndhalf.db,MultiText,Id,Main_LahaiRoi_ZRJDYKX_40_2,Content,dialogue,translated,,PASS,10,,,,,That feels a bit... odd. And is that Sigrika next to you?,Cảm giác hơi... kỳ kỳ. Còn người bên cạnh cậu là Sigrika à?,
lang_multi_text_2ndhalf.db,MultiText,Id,Main_LahaiRoi_ZRJDYKX_40_3,Content,dialogue,translated,,PASS,10,,,,,"Oh, there's a cake coming down!","Ôi, có cái bánh đang rơi xuống kìa!",
lang_multi_text_2ndhalf.db,MultiText,Id,Main_LahaiRoi_ZRJDYKX_40_4,Content,dialogue,translated,,PASS,10,,,,,Keep the joystick steady.,Giữ cần điều khiển cho vững.,
lang_multi_text_2ndhalf.db,MultiText,Id,Main_LahaiRoi_ZRJDYKX_41_1,Content,dialogue,translated,,PASS,10,,,,,I guess Sigrika and I don't make much of a tag team... Shame.,Có lẽ Sigrika và mình không phải là một đội ăn ý... Thật tiếc.,
lang_multi_text_2ndhalf.db,MultiText,Id,Main_LahaiRoi_ZRJDYKX_41_2,Content,dialogue,translated,,PASS,10,,,,,You know what they say: Get good.,"Cậu biết người ta nói gì rồi đấy: ""Cứ luyện tập đi"".",
lang_multi_text_2ndhalf.db,MultiText,Id,Main_LahaiRoi_ZRJDYKX_41_3,Content,dialogue,translated,,PASS,10,,,,,What does that have to do with it?,Việc đó liên quan gì chứ?,
lang_multi_text_2ndhalf.db,MultiText,Id,Main_LahaiRoi_ZRJDYKX_41_4,Content,dialogue,translated,,PASS,10,,,,,"I haven't figured out these new games yet. Let's just go play Lahai-Roi Blocks, {PlayerName}.","Tao chưa hiểu mấy trò mới này đâu. Đi chơi Lahai-Roi Blocks với tao đi, {PlayerName}.",
lang_multi_text_2ndhalf.db,MultiText,Id,Main_LahaiRoi_ZRJDYKX_41_5,Content,dialogue,translated,,PASS,10,,,,,"How about we compete for high scores? I've been really good at it since I was a child, you know.",Hay mình thi xem ai đạt điểm cao hơn đi? Từ nhỏ tớ đã rất giỏi trò này rồi đấy.,
lang_multi_text_2ndhalf.db,MultiText,Id,Main_LahaiRoi_ZRJDYKX_41_6,Content,dialogue,translated,,PASS,10,,,,,Sure.,Được thôi.,
lang_multi_text_2ndhalf.db,MultiText,Id,Main_LahaiRoi_ZRJDYKX_41_7,Content,dialogue,translated,,PASS,10,,,,,Is this why you threw blocks at me?,Đây có phải lý do cậu ném gạch vào tớ không?,
lang_multi_text_2ndhalf.db,MultiText,Id,Main_LahaiRoi_ZRJDYKX_41_8,Content,dialogue,translated,,PASS,10,,,,,"Awesome! Thanks, {PlayerName}.","Tuyệt quá! Cảm ơn cậu, {PlayerName}.",
lang_multi_text_2ndhalf.db,MultiText,Id,Main_LahaiRoi_ZRJDYKX_41_9,Content,dialogue,translated,,PASS,10,,,,,"Still holding grudges, are we? Or is this your way to get my attention?",Vẫn còn hậm hực đấy à? Hay là cách cậu thu hút sự chú ý của tôi?,
lang_multi_text_2ndhalf.db,MultiText,Id,Main_LahaiRoi_ZRJDYKX_42_1,Content,dialogue,translated,,PASS,10,,,,,I didn't know you were this good... Well...,Tao không ngờ cậu lại giỏi đến thế... Ừm...,
lang_multi_text_2ndhalf.db,MultiText,Id,Main_LahaiRoi_ZRJDYKX_42_2,Content,dialogue,translated,,PASS,10,,,,,"Anyway, I was wondering, how did you and Siggy get acquainted, {PlayerName}?","À mà này, {PlayerName}, cậu với Siggy quen nhau thế nào vậy?",
lang_multi_text_2ndhalf.db,MultiText,Id,Main_LahaiRoi_ZRJDYKX_42_3,Content,dialogue,translated,,PASS,10,,,,,We met during the New Solar Celebration.,Ta gặp nhau trong Lễ Hội Năm Mới Mặt Trời.,
lang_multi_text_2ndhalf.db,MultiText,Id,Main_LahaiRoi_ZRJDYKX_42_4,Content,dialogue,translated,,PASS,10,,,,,"Ah, I heard Siggy mention you were a great help... Any stories you mind sharing?","À, ta nghe Siggy nói cậu đã giúp đỡ rất nhiều... Có câu chuyện nào muốn kể không?",
lang_multi_text_2ndhalf.db,MultiText,Id,Main_LahaiRoi_ZRJDYKX_42_5,Content,dialogue,translated,,PASS,10,,,,,You know what happened. Weren't you the ones behind it all?,Cậu biết chuyện gì đã xảy ra mà. Chẳng phải chính các người đứng sau tất cả sao?,
lang_multi_text_2ndhalf.db,MultiText,Id,Main_LahaiRoi_ZRJDYKX_42_6,Content,dialogue,translated,,PASS,10,,,,,That wasn't my plan at all...,Đó hoàn toàn không nằm trong kế hoạch của ta...,
lang_multi_text_2ndhalf.db,MultiText,Id,Main_LahaiRoi_ZRJDYKX_43_1,Content,dialogue,translated,,PASS,10,,,,,"You were going to say goodbye to her, right?",Cậu định đến chào tạm biệt cô ấy phải không?,
lang_multi_text_2ndhalf.db,MultiText,Id,Main_LahaiRoi_ZRJDYKX_43_2,Content,dialogue,translated,,PASS,10,,,,,"I suppose... I wanted to treat her to some cake, and then get it off my chest when the moment was right.","Có lẽ... tôi muốn mời cô ấy một miếng bánh, rồi mới nói hết những gì chất chứa trong lòng khi thời điểm thích hợp.",
lang_multi_text_2ndhalf.db,MultiText,Id,Main_LahaiRoi_ZRJDYKX_43_3,Content,dialogue,translated,,PASS,10,,,,,"You mean the birthday, the goodbye, or you've been lying to her the whole time?","Ý cậu là sinh nhật, là lời từ biệt, hay là cậu đã nói dối cô ấy suốt thời gian qua?",
lang_multi_text_2ndhalf.db,MultiText,Id,Main_LahaiRoi_ZRJDYKX_43_4,Content,dialogue,translated,,PASS,10,,,,,"All of it, I guess... I actually hoped she'd be angry.","Tất cả mọi thứ, em đoán vậy... Thực ra em đã mong cô ấy nổi giận.",
lang_multi_text_2ndhalf.db,MultiText,Id,Main_LahaiRoi_ZRJDYKX_43_7,Content,dialogue,translated,,PASS,10,,,,,You want her to be mad at you? Why?,Cậu muốn cô ấy giận cậu à? Tại sao vậy?,
lang_multi_text_2ndhalf.db,MultiText,Id,Main_LahaiRoi_ZRJDYKX_43_8,Content,dialogue,translated,,PASS,10,,,,,"That way... by the time she realizes I'm gone, she won't feel as upset...","Như vậy... khi cô ấy phát hiện ra tao đã đi, cô ấy sẽ không quá buồn...",
lang_multi_text_2ndhalf.db,MultiText,Id,Main_LahaiRoi_ZRJDYKX_43_9,Content,dialogue,translated,,PASS,10,,,,,"Knowing your ex-friend died is better than losing an actual friend, right?","Biết bạn cũ đã chết vẫn còn hơn mất đi một người bạn thực sự, phải không?",
lang_multi_text_2ndhalf.db,MultiText,Id,Main_LahaiRoi_ZRJDYKX_43_10,Content,dialogue,translated,,PASS,10,,,,,She won't see it that way.,Cô ấy sẽ không nhìn nhận vấn đề như vậy đâu.,
lang_multi_text_2ndhalf.db,MultiText,Id,Main_LahaiRoi_ZRJDYKX_43_11,Content,dialogue,translated,,PASS,10,,,,,Sigh. That is why I hate people like you.,Thở dài. Đó chính là lý do tao ghét những kẻ như mày.,
lang_multi_text_2ndhalf.db,MultiText,Id,Main_LahaiRoi_ZRJDYKX_43_12,Content,dialogue,translated,,PASS,10,,,,,Keeping all the burdens on yourself when you know you can ignore them... The exact way of life I loathe.,Gánh hết mọi gánh nặng lên vai trong khi biết mình có thể phớt lờ chúng... Đúng là lối sống mà ta căm ghét.,
lang_multi_text_2ndhalf.db,MultiText,Id,Main_LahaiRoi_ZRJDYKX_43_13,Content,dialogue,translated,,PASS,10,,,,,But you still encouraged her.,Nhưng cậu vẫn động viên cô ấy mà.,
lang_multi_text_2ndhalf.db,MultiText,Id,Main_LahaiRoi_ZRJDYKX_43_14,Content,dialogue,translated,,PASS,10,,,,,"Oh, sneaky you, beating my score while I was distracted talking.","Ôi, ranh ma thật, tranh thủ lúc tao lơ đãng mà phá kỷ lục của tao rồi.",
lang_multi_text_2ndhalf.db,MultiText,Id,Main_LahaiRoi_ZRJDYKX_43_15,Content,dialogue,translated,,PASS,10,,,,,How else am I supposed to beat you?,Ta còn cách nào khác để đánh bại ngươi nữa?,
lang_multi_text_2ndhalf.db,MultiText,Id,Main_LahaiRoi_ZRJDYKX_43_16,Content,dialogue,translated,,PASS,10,,,,,It was you who used this trick first...,Chính cậu đã dùng chiêu này trước...,
lang_multi_text_2ndhalf.db,MultiText,Id,Main_LahaiRoi_ZRJDYKX_43_17,Content,dialogue,translated,,PASS,10,,,,,"Messing up little things like this every now and then can actually make you more likable, okay?","Thỉnh thoảng mắc mấy lỗi nhỏ như thế này lại khiến cậu dễ mến hơn đấy, biết không?",
lang_multi_text_2ndhalf.db,MultiText,Id,Main_LahaiRoi_ZRJDYKX_43_18,Content,dialogue,translated,,PASS,10,,,,,"Anyway, it's getting late, we should keep moving... The Archive is usually my favorite place for pastime. I'd like another visit.","Dù sao thì, trời cũng đã tối rồi, chúng ta nên tiếp tục di chuyển... Thư Viện vẫn luôn là nơi tôi thích lui tới nhất. Lần tới nhất định phải ghé thăm lại.",
lang_multi_text_2ndhalf.db,MultiText,Id,Main_LahaiRoi_ZRJDYKX_43_19,Content,dialogue,needs_review,missing_token:\n,RETRY,8,missing_token:\n,,,,"Inside the Mind Dive Arcade, you and Denia talk about Sigrika, and you learn what Denia truly thinks about her.
After a moment to collect herself, Denia continues with you through the day's arranged schedule.","Trong Mind Dive Arcade, cậu và Denia trò chuyện về Sigrika, và cậu biết được Denia thực sự nghĩ gì về cô ấy.",
lang_multi_text_2ndhalf.db,MultiText,Id,Main_LahaiRoi_ZRJDYKX_44_1,Content,dialogue,translated,,PASS,10,,,,,Denia? I heard from Arman that you've been hospitalized in the infirmary for the last few days. How are you feeling?,Denia à? Arman bảo mấy hôm nay cậu phải nằm viện. Cậu thấy trong người thế nào rồi?,
lang_multi_text_2ndhalf.db,MultiText,Id,Main_LahaiRoi_ZRJDYKX_44_2,Content,dialogue,translated,,PASS,10,,,,,I'm fine. There's nothing to worry about.,Tao không sao. Không có gì phải lo cả.,
lang_multi_text_2ndhalf.db,MultiText,Id,Main_LahaiRoi_ZRJDYKX_44_3,Content,dialogue,translated,,PASS,10,,,,,"Well, you look paler than you were before. A patient should get plenty of rest.","Ồ, sắc mặt cậu trông xanh xao hơn trước đấy. Bệnh nhân cần nghỉ ngơi thật nhiều mới được.",
lang_multi_text_2ndhalf.db,MultiText,Id,Main_LahaiRoi_ZRJDYKX_44_4,Content,dialogue,translated,,PASS,10,,,,,"And this is... Oh, wait, you must be {PlayerName}, right? I'm surprised to see Denia with you. She didn't cause you any trouble, did she?","Và đây là... Ồ, khoan đã, cậu chắc hẳn là {PlayerName} phải không? Thật bất ngờ khi thấy Denia đi cùng cậu. Cô ấy có gây phiền toái gì cho cậu không?",
lang_multi_text_2ndhalf.db,MultiText,Id,Main_LahaiRoi_ZRJDYKX_44_5,Content,dialogue,translated,,PASS,10,,,,,"No, not at all. It's her birthday today, and the infirmary asked me to take her out for some fresh air.","Không phải vậy. Hôm nay là sinh nhật của con bé, trạm xá bảo tôi đưa nó ra ngoài hít thở không khí trong lành.",
lang_multi_text_2ndhalf.db,MultiText,Id,Main_LahaiRoi_ZRJDYKX_44_6,Content,dialogue,translated,,PASS,10,,,,,Did they now? That makes it sound even more suspicious.,Thế à? Nghe càng đáng ngờ hơn đấy.,
lang_multi_text_2ndhalf.db,MultiText,Id,Main_LahaiRoi_ZRJDYKX_44_7,Content,dialogue,translated,,PASS,10,,,,,Have you known each other long?,Hai người quen nhau lâu chưa?,
lang_multi_text_2ndhalf.db,MultiText,Id,Main_LahaiRoi_ZRJDYKX_44_8,Content,dialogue,translated,,PASS,10,,,,,Sure. She wasn't hard to miss for taking naps here in her first week of school.,"Đúng vậy. Cô ấy dễ bị phát hiện lắm, mới tuần đầu đi học mà đã ngủ gật ở đây rồi.",
lang_multi_text_2ndhalf.db,MultiText,Id,Main_LahaiRoi_ZRJDYKX_44_9,Content,dialogue,translated,,PASS,10,,,,,"When she heard I needed data on the Void Storm at the time, she just rushed out of campus with that sketchy bubble of hers... What were you thinking, really?","Khi nghe ta cần dữ liệu về Bão Hư Không lúc đó, cô ấy lao ra khỏi trường với cái bong bóng đáng ngờ của mình... Cô định làm gì vậy, thật sự?",
lang_multi_text_2ndhalf.db,MultiText,Id,Main_LahaiRoi_ZRJDYKX_44_10,Content,dialogue,translated,,PASS,10,,,,,That was ages ago... Can we please move on?,Chuyện đó lâu lắm rồi... Chúng ta có thể tiếp tục không?,
lang_multi_text_2ndhalf.db,MultiText,Id,Main_LahaiRoi_ZRJDYKX_44_11,Content,dialogue,translated,,PASS,10,,,,,"Well, I feel I should pass it on to as many people as possible before I graduate. And you—try not to be the hero all the time. Just learn to lean on the people around you more often.",Thì ta nghĩ mình nên truyền lại cho càng nhiều người càng tốt trước khi tốt nghiệp. Còn cậu—đừng lúc nào cũng làm anh hùng. Hãy học cách dựa vào những người xung quanh nhiều hơn.,
lang_multi_text_2ndhalf.db,MultiText,Id,Main_LahaiRoi_ZRJDYKX_44_12,Content,dialogue,translated,,PASS,10,,,,,Graduate?,Tốt Nghiệp?,
lang_multi_text_2ndhalf.db,MultiText,Id,Main_LahaiRoi_ZRJDYKX_44_13,Content,dialogue,translated,,PASS,10,,,,,"Here, this is for you. I never got the chance to give it to you.","Đây, cái này là của cậu. Tớ chưa có cơ hội đưa cho cậu.",
lang_multi_text_2ndhalf.db,MultiText,Id,Main_LahaiRoi_ZRJDYKX_44_14,Content,dialogue,translated,,PASS,10,,,,,You were always nagging me about that Royan fairytales collection. I had a friend print it in color.,Lúc nào cậu cũng cằn nhằn tớ về bộ truyện cổ tích Royan ấy. Tớ nhờ bạn in màu cho rồi này.,
lang_multi_text_2ndhalf.db,MultiText,Id,Main_LahaiRoi_ZRJDYKX_44_15,Content,dialogue,translated,,PASS,10,,,,,"I had no idea it's your birthday today, so consider it a birthday gift from me, Denia.","Tao không biết hôm nay là sinh nhật mày, coi như quà sinh nhật của tao tặng mày đi, Denia.",
lang_multi_text_2ndhalf.db,MultiText,Id,Main_LahaiRoi_ZRJDYKX_44_16,Content,dialogue,translated,,PASS,10,,,,,"Nastasha, your hands...","Nastasha, đôi tay của em...",
lang_multi_text_2ndhalf.db,MultiText,Id,Main_LahaiRoi_ZRJDYKX_44_17,Content,dialogue,translated,,PASS,10,,,,,"Just a minor issue from that incident earlier. Don't worry, Dr. Herssen said you'll barely notice it in a few years.","Chỉ là di chứng nhỏ từ vụ tai nạn lúc trước thôi. Đừng lo, bác sĩ Herssen bảo vài năm nữa cậu sẽ chẳng còn để ý nữa.",
lang_multi_text_2ndhalf.db,MultiText,Id,Main_LahaiRoi_ZRJDYKX_44_18,Content,dialogue,translated,,PASS,10,,,,,It's from that Voidmatter contamination...,Từ sự ô nhiễm Voidmatter đó...,
lang_multi_text_2ndhalf.db,MultiText,Id,Main_LahaiRoi_ZRJDYKX_44_19,Content,dialogue,translated,,PASS,10,,,,,"But if it can heal as you said, then... there's really no need for you to leave, right? With all those advanced techs of the Spacetrek Collective...","Nhưng nếu nó có thể chữa lành như cậu nói... thì thật ra cậu không cần phải rời đi, phải không? Với đủ thứ công nghệ tiên tiến của Spacetrek Collective...",
lang_multi_text_2ndhalf.db,MultiText,Id,Main_LahaiRoi_ZRJDYKX_44_20,Content,dialogue,translated,,PASS,10,,,,,"Well, that's exactly why they deemed it's no longer safe for me to stay here. Something about Lahai-Roi's environment makes the contamination even worse for the nervous system.",Chính vì thế mà họ quyết định không để tớ ở lại đây nữa. Nghe nói môi trường ở Lahai-Roi khiến tình trạng nhiễm độc hệ thần kinh càng tồi tệ hơn.,
lang_multi_text_2ndhalf.db,MultiText,Id,Main_LahaiRoi_ZRJDYKX_44_21,Content,dialogue,translated,,PASS,10,,,,,B-But...,Nhưng mà...,
lang_multi_text_2ndhalf.db,MultiText,Id,Main_LahaiRoi_ZRJDYKX_44_22,Content,dialogue,translated,,PASS,10,,,,,Who would've thought my own thesis would set me up for early retirement?,Ai ngờ chính luận án của mình lại đẩy mình vào hưu non sớm thế này?,
lang_multi_text_2ndhalf.db,MultiText,Id,Main_LahaiRoi_ZRJDYKX_44_23,Content,dialogue,translated,,PASS,10,,,,,But you once said... your dream is to...,Nhưng cậu từng nói... ước mơ của cậu là...,
lang_multi_text_2ndhalf.db,MultiText,Id,Main_LahaiRoi_ZRJDYKX_44_24,Content,dialogue,translated,,PASS,10,,,,,"""Unveil the secrets of Voidmatter particles for all mankind?"" I recall saying something like that, yeah... But listen, Denia, dreams are sometimes just...","""Khai phá bí mật của hạt Vật Chất Hư Không cho toàn nhân loại à?"" Ta nhớ mình có nói đại loại thế... Nhưng nghe này, Denia, đôi khi giấc mơ chỉ là...",
lang_multi_text_2ndhalf.db,MultiText,Id,Main_LahaiRoi_ZRJDYKX_44_25,Content,dialogue,translated,,PASS,10,,,,,No. That's not it. Even someone like me can tell... Everyone here...,Không. Không phải thế. Ngay cả kẻ như tôi cũng thấy... Mọi người ở đây...,
lang_multi_text_2ndhalf.db,MultiText,Id,Main_LahaiRoi_ZRJDYKX_44_26,Content,dialogue,translated,,PASS,10,,,,,"Everyone here signed the agreement. If they choose to leave Lahai-Roi, that means...","Mọi người ở đây đều đã ký thỏa thuận. Nếu họ chọn rời khỏi Lahai-Roi, điều đó có nghĩa là...",
lang_multi_text_2ndhalf.db,MultiText,Id,Main_LahaiRoi_ZRJDYKX_44_27,Content,dialogue,translated,,PASS,10,,,,,"Calling it quits? Not even close. Who knows, maybe I'll come back from the New Federation in a couple of years. It's too bad that you'd have already graduated by then.",Bỏ cuộc à? Còn lâu. Biết đâu vài năm nữa tao sẽ trở về từ Liên Bang Mới. Chỉ tiếc là lúc đó mày đã tốt nghiệp rồi.,
lang_multi_text_2ndhalf.db,MultiText,Id,Main_LahaiRoi_ZRJDYKX_44_28,Content,dialogue,translated,,PASS,10,,,,,"That's not what I meant. You've always been a great student, Nastasha... It shouldn't have ended like this.","Ý ta không phải vậy. Em luôn là học trò xuất sắc, Nastasha à... Không ngờ mọi chuyện lại kết thúc như thế này.",
lang_multi_text_2ndhalf.db,MultiText,Id,Main_LahaiRoi_ZRJDYKX_44_29,Content,dialogue,translated,,PASS,10,,,,,"Calm down, Denia.","Bình tĩnh lại đi, Denia.",
lang_multi_text_2ndhalf.db,MultiText,Id,Main_LahaiRoi_ZRJDYKX_44_30,Content,dialogue,translated,,PASS,10,,,,,"Everything that's happened, it's all my fault...",Mọi chuyện xảy ra đều là lỗi của ta...,
lang_multi_text_2ndhalf.db,MultiText,Id,Main_LahaiRoi_ZRJDYKX_44_31,Content,dialogue,translated,,PASS,10,,,,,What's with you today? How is this your fault?,Hôm nay cậu sao thế? Sao lại nhận lỗi về mình chứ?,
lang_multi_text_2ndhalf.db,MultiText,Id,Main_LahaiRoi_ZRJDYKX_44_32,Content,dialogue,translated,,PASS,10,,,,,"I'm sorry, Nastasha. Denia's not fully recovered yet. You'll have to excuse us.",Xin lỗi Nastasha. Denia vẫn chưa hồi phục hoàn toàn. Chị thông cảm cho chúng tôi nhé.,
lang_multi_text_2ndhalf.db,MultiText,Id,Main_LahaiRoi_ZRJDYKX_44_33,Content,dialogue,translated,,PASS,10,,,,,I see. Keep your eyes on the road. She seems a little off today.,Ta hiểu rồi. Coi chừng đường đi. Hôm nay cô ấy có vẻ hơi khác thường.,
lang_multi_text_2ndhalf.db,MultiText,Id,Main_LahaiRoi_ZRJDYKX_44_34,Content,dialogue,translated,,PASS,10,,,,,"Oh. And happy birthday, Denia!","Ờ. À, chúc mừng sinh nhật Denia nhé!",
lang_multi_text_2ndhalf.db,MultiText,Id,Main_LahaiRoi_ZRJDYKX_44_35,Content,dialogue,translated,,PASS,10,,,,,"You and Denia meet with the librarian, Nastasha. When she learns it's Denia's birthday, she brings out a gift she's been waiting a long time to give her.
You both notice Nastasha's prosthetic hand. She admits she was contaminated by Voidmatter during the previous incident and will soon be leaving the Spacetrek Collective to recover.","Cậu và Denia gặp thủ thư Nastasha. Khi biết hôm nay là sinh nhật Denia, cô mang ra món quà mà mình đã chờ đợi từ lâu để tặng.
Cả hai đều để ý đến bàn tay giả của Nastasha. Cô thừa nhận mình đã bị Voidmatter nhiễm độc trong sự cố trước và sắp phải rời Spacetrek Collective để điều trị.",
lang_multi_text_2ndhalf.db,MultiText,Id,Main_LahaiRoi_ZRJDYKX_45_1,Content,dialogue,translated,,PASS,10,,,,,"You okay, Denia?","Denia, cậu ổn không?",
lang_multi_text_2ndhalf.db,MultiText,Id,Main_LahaiRoi_ZRJDYKX_45_2,Content,dialogue,translated,,REVIEW,6,same_as_source,,,,...,...,
lang_multi_text_2ndhalf.db,MultiText,Id,Main_LahaiRoi_ZRJDYKX_45_3,Content,dialogue,translated,,PASS,10,,,,,Your frequency is very unstable now. You should take your meds. Come with me.,Tần số của cậu đang rất bất ổn. Cậu nên uống thuốc đi. Đi với tôi nào.,
lang_multi_text_2ndhalf.db,MultiText,Id,Main_LahaiRoi_ZRJDYKX_46_1,Content,dialogue,translated,,PASS,10,,,,,I'm sorry. I lied to you. It's actually not my birthday today.,Xin lỗi. Ta đã nói dối cậu. Thực ra hôm nay không phải sinh nhật của ta đâu.,
lang_multi_text_2ndhalf.db,MultiText,Id,Main_LahaiRoi_ZRJDYKX_46_2,Content,dialogue,translated,,PASS,10,,,,,Why use this as your excuse?,Sao lại lấy cớ này?,
lang_multi_text_2ndhalf.db,MultiText,Id,Main_LahaiRoi_ZRJDYKX_46_3,Content,dialogue,translated,,PASS,10,,,,,"That's because... a birthday is supposed to be proof that you were born. That's what they always say, right?","Bởi vì... sinh nhật là bằng chứng cho thấy cậu đã được sinh ra. Người ta vẫn nói thế, phải không?",
lang_multi_text_2ndhalf.db,MultiText,Id,Main_LahaiRoi_ZRJDYKX_46_4,Content,dialogue,translated,,PASS,10,,,,,"Everyone has a birthday... Sigrika has one, so does Nastasha... Even those TARD-E Units manufactured in factories have their own birthdays.","Mỗi người đều có ngày sinh... Sigrika có, Nastasha cũng có... Ngay cả những đơn vị TARD-E được sản xuất trong nhà máy cũng có ngày sinh riêng.",
lang_multi_text_2ndhalf.db,MultiText,Id,Main_LahaiRoi_ZRJDYKX_46_5,Content,dialogue,translated,,PASS,10,,,,,But I don't. The Fractsidus has no record of my birth. Nothing to prove my identity.,Nhưng không. Fractsidus không có bất kỳ ghi chép nào về ngày sinh của tôi. Không có gì chứng minh danh tính của tôi cả.,
lang_multi_text_2ndhalf.db,MultiText,Id,Main_LahaiRoi_ZRJDYKX_46_6,Content,dialogue,translated,,PASS,10,,,,,"There's only this image burrowed inside my head, playing over and over again in my dreams...","Chỉ có duy nhất hình ảnh này cứ luẩn quẩn trong đầu tao, lặp đi lặp lại trong những giấc mơ...",
lang_multi_text_2ndhalf.db,MultiText,Id,Main_LahaiRoi_ZRJDYKX_46_7,Content,dialogue,translated,,PASS,10,,,,,"In it, I would always step into the same lake. A woman sways her arms in the wind, crying.","Trong đó, ta luôn bước vào cùng một hồ nước. Một người phụ nữ vung tay trong gió, khóc than.",
lang_multi_text_2ndhalf.db,MultiText,Id,Main_LahaiRoi_ZRJDYKX_46_8,Content,dialogue,translated,,PASS,10,,,,,"She stares from afar, calling out to me: Denia, Denia... Dasvidaniya.","Cô ấy nhìn từ xa, gọi tên tôi: Denia, Denia... Dasvidaniya.",
lang_multi_text_2ndhalf.db,MultiText,Id,Main_LahaiRoi_ZRJDYKX_46_9,Content,dialogue,translated,,PASS,10,,,,,"So if I truly had a name and a birthday, maybe I could then die as a real person, no?","Vậy nếu mình thật sự có tên và ngày sinh, có lẽ mình mới có thể chết như một con người thực sự, phải không?",
lang_multi_text_2ndhalf.db,MultiText,Id,Main_LahaiRoi_ZRJDYKX_46_10,Content,dialogue,translated,,PASS,10,,,,,What makes you think so?,Sao cậu lại nghĩ vậy?,
lang_multi_text_2ndhalf.db,MultiText,Id,Main_LahaiRoi_ZRJDYKX_46_11,Content,dialogue,translated,,PASS,10,,,,,Because I'm running out of time.,Bởi vì thời gian của ta sắp hết.,
lang_multi_text_2ndhalf.db,MultiText,Id,Main_LahaiRoi_ZRJDYKX_46_12,Content,dialogue,translated,,PASS,10,,,,,"I'm out of time for so many things. But I can at least... try to die with a little dignity, right? I should get to act like a real person. Face what I've done, say a real goodbye... and then just end it the right way.","Tôi không còn thời gian cho quá nhiều thứ nữa. Nhưng ít nhất… tôi có thể cố gắng chết với chút danh dự, phải không? Tôi nên được sống như một con người thực sự. Đối mặt với những gì mình đã làm, nói lời tạm biệt thật lòng… rồi kết thúc mọi thứ theo cách đúng đắn.",
lang_multi_text_2ndhalf.db,MultiText,Id,Main_LahaiRoi_ZRJDYKX_46_13,Content,dialogue,translated,,PASS,10,,,,,"What a shame. I even picked a good day to do it, but I never practiced how to properly say goodbye to them.","Thật đáng tiếc. Tôi còn chọn cả một ngày đẹp trời để làm việc này, vậy mà lại không luyện tập cách chào tạm biệt họ cho tử tế.",
lang_multi_text_2ndhalf.db,MultiText,Id,Main_LahaiRoi_ZRJDYKX_46_14,Content,dialogue,translated,,PASS,10,,,,,Lying... is the only thing I'm good at.,Nói dối... là thứ duy nhất tao giỏi.,
lang_multi_text_2ndhalf.db,MultiText,Id,Main_LahaiRoi_ZRJDYKX_46_15,Content,dialogue,translated,,PASS,10,,,,,Is this the ending you're happy with?,Đây có phải là cái kết mà cậu hài lòng không?,
lang_multi_text_2ndhalf.db,MultiText,Id,Main_LahaiRoi_ZRJDYKX_46_16,Content,dialogue,translated,,PASS,10,,,,,"Of course not. But at least I was able to see their goofy smiles as I had them completely fooled just like before... Something to die happy about, I guess.","Tất nhiên là không rồi. Nhưng ít ra ta cũng được nhìn thấy những nụ cười ngốc nghếch của bọn họ khi bị ta lừa gạt hoàn toàn như xưa... Cũng đáng để chết vui vẻ, phải không?",
lang_multi_text_2ndhalf.db,MultiText,Id,Main_LahaiRoi_ZRJDYKX_46_17,Content,dialogue,translated,,PASS,10,,,,,But you're crying.,Nhưng cậu đang khóc mà.,
lang_multi_text_2ndhalf.db,MultiText,Id,Main_LahaiRoi_ZRJDYKX_46_18,Content,dialogue,translated,,PASS,10,,,,,"It's just... a reaction. That's all. The idea that everything will just vanish, that it'll all go back to the void... it makes me cry. Instantly.","Chỉ là... phản ứng thôi. Thế thôi. Ý nghĩ mọi thứ sẽ biến mất, trở về hư vô... khiến tớ khóc ngay lập tức.",
lang_multi_text_2ndhalf.db,MultiText,Id,Main_LahaiRoi_ZRJDYKX_46_19,Content,dialogue,translated,,PASS,10,,,,,Just like years ago... When I touched it for the first time...,Giống như nhiều năm trước... Khi ta lần đầu chạm vào nó...,
lang_multi_text_2ndhalf.db,MultiText,Id,Main_LahaiRoi_ZRJDYKX_46_20,Content,dialogue,translated,,PASS,10,,,,,"Even after you die, tomorrow, the sun still rises.","Dù cậu có chết đi nữa, ngày mai mặt trời vẫn mọc.",
lang_multi_text_2ndhalf.db,MultiText,Id,Main_LahaiRoi_ZRJDYKX_46_21,Content,dialogue,translated,,PASS,10,,,,,Of course I know that. It's not like I think the world will change once I die.,Tất nhiên là tao biết. Tao đâu có ngây thơ nghĩ thế giới sẽ thay đổi chỉ vì tao chết đâu.,
lang_multi_text_2ndhalf.db,MultiText,Id,Main_LahaiRoi_ZRJDYKX_46_22,Content,dialogue,translated,,PASS,10,,,,,It will change.,Nó sẽ thay đổi thôi.,
lang_multi_text_2ndhalf.db,MultiText,Id,Main_LahaiRoi_ZRJDYKX_46_23,Content,dialogue,translated,,PASS,10,,,,,"Sigrika and Nastasha's lives will change. They'll lose an important friend. No matter how they ultimately break from the shadows, what is lost... is lost forever.","Cuộc đời của Sigrika và Nastasha sẽ thay đổi. Họ sẽ mất đi một người bạn quan trọng. Dù cuối cùng họ có thoát khỏi bóng tối bằng cách nào đi chăng nữa, những gì đã mất... sẽ mãi mãi không thể lấy lại.",
lang_multi_text_2ndhalf.db,MultiText,Id,Main_LahaiRoi_ZRJDYKX_46_24,Content,dialogue,translated,,PASS,10,,,,,Ever thought about continuing your life?,Cậu đã bao giờ nghĩ đến việc tiếp tục sống chưa?,
lang_multi_text_2ndhalf.db,MultiText,Id,Main_LahaiRoi_ZRJDYKX_46_25,Content,dialogue,translated,,PASS,10,,,,,Do I deserve to?,Ta có xứng đáng không?,
lang_multi_text_2ndhalf.db,MultiText,Id,Main_LahaiRoi_ZRJDYKX_46_26,Content,dialogue,translated,,PASS,10,,,,,That's not for me to judge.,Đó không phải là việc tôi phán xét.,
lang_multi_text_2ndhalf.db,MultiText,Id,Main_LahaiRoi_ZRJDYKX_46_27,Content,dialogue,translated,,PASS,10,,,,,But in Rinascita... I've met people just like you.,Nhưng ở Rinascita... mình đã gặp những người giống cậu.,
lang_multi_text_2ndhalf.db,MultiText,Id,Main_LahaiRoi_ZRJDYKX_46_28,Content,dialogue,translated,,PASS,10,,,,,"In the lives forced upon them, happiness was always fleeting, leaving only pain and fear that never dissipate.","Trong những cuộc đời bị ép buộc, hạnh phúc luôn thoáng qua, chỉ để lại nỗi đau và nỗi sợ hãi không bao giờ tan biến.",
lang_multi_text_2ndhalf.db,MultiText,Id,Main_LahaiRoi_ZRJDYKX_46_29,Content,dialogue,translated,,PASS,10,,,,,"Yet, even so... they fought for those brief, gifted moments of happiness till the very end.","Dù vậy... cho đến giây phút cuối cùng, họ vẫn chiến đấu vì những khoảnh khắc hạnh phúc ngắn ngủi mà họ được ban tặng.",
lang_multi_text_2ndhalf.db,MultiText,Id,Main_LahaiRoi_ZRJDYKX_46_30,Content,dialogue,translated,,PASS,10,,,,,"You once joked how the great {PlayerName} is a savior, but in Rinascita...","Cậu từng đùa rằng {PlayerName} vĩ đại chính là vị cứu tinh, nhưng ở Rinascita...",
lang_multi_text_2ndhalf.db,MultiText,Id,Main_LahaiRoi_ZRJDYKX_46_31,Content,dialogue,translated,,PASS,10,,,,,I failed to save them.,Ta đã không cứu được họ.,
lang_multi_text_2ndhalf.db,MultiText,Id,Main_LahaiRoi_ZRJDYKX_46_32,Content,dialogue,translated,,PASS,10,,,,,But it sounds like... they made their own choices.,Nhưng nghe có vẻ... họ đã tự đưa ra lựa chọn của mình.,
lang_multi_text_2ndhalf.db,MultiText,Id,Main_LahaiRoi_ZRJDYKX_46_33,Content,dialogue,translated,,PASS,10,,,,,True. Just like when you tried to drive me away. You also made what you thought was the best choice... You all hoped for more people to survive.,Đúng vậy. Giống như khi cậu cố đuổi tớ đi vậy. Cậu cũng đã chọn điều mà cậu nghĩ là tốt nhất... Tất cả các cậu đều mong nhiều người sống sót hơn.,
lang_multi_text_2ndhalf.db,MultiText,Id,Main_LahaiRoi_ZRJDYKX_46_34,Content,dialogue,translated,,PASS,10,,,,,And so did I.,Ta cũng vậy.,
lang_multi_text_2ndhalf.db,MultiText,Id,Main_LahaiRoi_ZRJDYKX_46_35,Content,dialogue,translated,,PASS,10,,,,,"So, if the boundaries between humans and creations are already obscure, what is it that determines who we are?","Vậy nên, nếu ranh giới giữa con người và tạo vật đã trở nên mơ hồ, thì điều gì mới thực sự định nghĩa chúng ta là ai?",
lang_multi_text_2ndhalf.db,MultiText,Id,Main_LahaiRoi_ZRJDYKX_46_36,Content,dialogue,translated,,PASS,10,,,,,I... I don't know.,Tôi... tôi không biết.,
lang_multi_text_2ndhalf.db,MultiText,Id,Main_LahaiRoi_ZRJDYKX_46_37,Content,dialogue,translated,,PASS,10,,,,,"It's the heart, Denia.","Đó chính là trái tim, Denia.",
lang_multi_text_2ndhalf.db,MultiText,Id,Main_LahaiRoi_ZRJDYKX_46_38,Content,dialogue,translated,,PASS,10,,,,,"What you are isn't defined by where you're from, but by your heart.","Ngươi là ai không phụ thuộc vào nơi ngươi sinh ra, mà phụ thuộc vào trái tim ngươi.",
lang_multi_text_2ndhalf.db,MultiText,Id,Main_LahaiRoi_ZRJDYKX_46_39,Content,dialogue,translated,,PASS,10,,,,,Feeling better?,Đỡ hơn chưa cậu?,
lang_multi_text_2ndhalf.db,MultiText,Id,Main_LahaiRoi_ZRJDYKX_46_40,Content,dialogue,translated,,REVIEW,6,same_as_source,,,,...,...,
lang_multi_text_2ndhalf.db,MultiText,Id,Main_LahaiRoi_ZRJDYKX_46_41,Content,dialogue,translated,,PASS,10,,,,,"(Based on the frequency shown during her complications, things are worse than what Arman said.)","Dựa trên tần số xuất hiện trong biến chứng của cô ấy, tình hình còn tồi tệ hơn cả những gì Arman nói.",
lang_multi_text_2ndhalf.db,MultiText,Id,Main_LahaiRoi_ZRJDYKX_46_42,Content,dialogue,translated,,PASS,10,,,,,"(At this rate, she won't even last a week... Is this why she chose today?)","Với tốc độ này, cô ta chắc chẳng trụ nổi một tuần... Hôm nay cô ta chọn ngày này để làm gì nhỉ?",
lang_multi_text_2ndhalf.db,MultiText,Id,Main_LahaiRoi_ZRJDYKX_46_43,Content,dialogue,translated,,PASS,10,,,,,Try to comfort her.,Cố an ủi cô ấy đi,
lang_multi_text_2ndhalf.db,MultiText,Id,Main_LahaiRoi_ZRJDYKX_46_44,Content,dialogue,translated,,PASS,10,,,,,Try to sit closer to her.,Cố ngồi gần cô ấy hơn chút đi.,
lang_multi_text_2ndhalf.db,MultiText,Id,Main_LahaiRoi_ZRJDYKX_46_45,Content,dialogue,translated,,PASS,10,,,,,Hand her Nastasha's present.,Đưa cô ấy món quà của Nastasha.,
lang_multi_text_2ndhalf.db,MultiText,Id,Main_LahaiRoi_ZRJDYKX_46_46,Content,dialogue,translated,,PASS,10,,,,,Nastasha's got talent. The Collective won't give up on her.,Nastasha có tài năng. Tập Thể sẽ không từ bỏ cô đâu.,
lang_multi_text_2ndhalf.db,MultiText,Id,Main_LahaiRoi_ZRJDYKX_46_47,Content,dialogue,translated,,REVIEW,6,same_as_source,,,,...,...,
lang_multi_text_2ndhalf.db,MultiText,Id,Main_LahaiRoi_ZRJDYKX_46_48,Content,dialogue,translated,,REVIEW,6,same_as_source,,,,...,...,
lang_multi_text_2ndhalf.db,MultiText,Id,Main_LahaiRoi_ZRJDYKX_46_49,Content,dialogue,translated,,PASS,10,,,,,...You're right... I've been lying to myself all along.,...Cậu nói đúng... Tớ đã tự lừa dối bản thân suốt thời gian qua.,
lang_multi_text_2ndhalf.db,MultiText,Id,Main_LahaiRoi_ZRJDYKX_46_50,Content,dialogue,translated,,PASS,10,,,,,"Nastasha's condition shakes Denia deeply. Her time is running out, and she has to face the question of her true identity.
As a creation of the Fractsidus, what ending should she choose for herself?
You know there are no easy answers. So instead of offering one, you share your own truth with her.","Tình trạng của Nastasha khiến Denia chấn động sâu sắc. Thời gian của cô ấy sắp cạn, và cô phải đối mặt với câu hỏi về thân phận thật sự của mình.
Là một sản phẩm của Fractsidus, cô nên chọn cho mình kết thúc nào?
Anh biết không có câu trả lời dễ dàng. Vậy nên thay vì đưa ra một lời giải, anh chia sẻ sự thật của riêng mình với cô ấy.",
lang_multi_text_2ndhalf.db,MultiText,Id,Main_LahaiRoi_ZRJDYKX_47_1,Content,dialogue,translated,,PASS,10,,,,,The heart.,Trái tim.,
lang_multi_text_2ndhalf.db,MultiText,Id,Main_LahaiRoi_ZRJDYKX_47_2,Content,dialogue,translated,,PASS,10,,,,,Are you willing to trust me?,Cậu có tin tưởng tớ không?,
lang_multi_text_2ndhalf.db,MultiText,Id,Main_LahaiRoi_ZRJDYKX_47_3,Content,dialogue,translated,,PASS,10,,,,,This right here. A gift from the Grand Architect—the page buried within my frequency... is here.,Chính tại nơi này. Một món quà từ Kiến Trúc Sư Vĩ Đại—trang giấy ẩn trong tần số của tôi... đang ở đây.,
lang_multi_text_2ndhalf.db,MultiText,Id,Main_LahaiRoi_ZRJDYKX_47_4,Content,dialogue,translated,,PASS,10,,,,,(Could this be... Leviathan?),(Phải chăng đây là... Leviathan?),
lang_multi_text_2ndhalf.db,MultiText,Id,Main_LahaiRoi_ZRJDYKX_47_5,Content,dialogue,translated,,PASS,10,,,,,"...""Do find your way home more often""?","...""Thường xuyên về nhà hơn đi""?",
lang_multi_text_2ndhalf.db,MultiText,Id,Main_LahaiRoi_ZRJDYKX_47_6,Content,dialogue,translated,,PASS,10,,,,,"Ha, just as I thought...","Ha, quả như ta nghĩ...",
lang_multi_text_2ndhalf.db,MultiText,Id,Main_LahaiRoi_ZRJDYKX_47_7,Content,dialogue,translated,,PASS,10,,,,,"You can really work wonders, {PlayerName}.","Cậu thật sự làm được những điều kỳ diệu đấy, {PlayerName}.",
lang_multi_text_2ndhalf.db,MultiText,Id,Main_LahaiRoi_ZRJDYKX_47_8,Content,dialogue,translated,,PASS,10,,,,,Denia?,Denia à?,
lang_multi_text_2ndhalf.db,MultiText,Id,Main_LahaiRoi_ZRJDYKX_47_9,Content,dialogue,translated,,PASS,10,,,,,You are... literally my least favorite type of person.,Cậu đúng là... loại người tớ ghét nhất đấy.,
lang_multi_text_2ndhalf.db,MultiText,Id,Main_LahaiRoi_ZRJDYKX_47_10,Content,dialogue,translated,,PASS,10,,,,,"Now, can you tell me why you loathe me?","Giờ thì nói cho ta biết, tại sao ngươi lại căm ghét ta đến thế?",
lang_multi_text_2ndhalf.db,MultiText,Id,Main_LahaiRoi_ZRJDYKX_47_11,Content,dialogue,translated,,PASS,10,,,,,Hmm... Where do I start—,Hừm... Bắt đầu từ đâu đây—,
lang_multi_text_2ndhalf.db,MultiText,Id,Main_LahaiRoi_ZRJDYKX_47_12,Content,dialogue,translated,,PASS,10,,,,,"{PlayerName}, we've detected a severe frequency fluctuation! Is everything all right?","{PlayerName}, có một dao động tần số nghiêm trọng vừa được phát hiện! Mọi thứ ổn chứ?",
lang_multi_text_2ndhalf.db,MultiText,Id,Main_LahaiRoi_ZRJDYKX_47_13,Content,dialogue,translated,,PASS,10,,,,,Everything's fine. We'll be back soon.,Mọi thứ ổn. Chúng ta sẽ sớm quay lại thôi.,
lang_multi_text_2ndhalf.db,MultiText,Id,Main_LahaiRoi_ZRJDYKX_47_14,Content,dialogue,translated,,PASS,10,,,,,Very well... I'll see you soon.,Được thôi... Hẹn gặp lại sớm.,
lang_multi_text_2ndhalf.db,MultiText,Id,Main_LahaiRoi_ZRJDYKX_47_15,Content,dialogue,translated,,PASS,10,,,,,Sounds like Professor Arman is getting a bit impatient. We should head back.,Nghe như Giáo sư Arman đang sốt ruột rồi. Chúng ta nên quay lại.,
lang_multi_text_2ndhalf.db,MultiText,Id,Main_LahaiRoi_ZRJDYKX_47_16,Content,dialogue,translated,,PASS,10,,,,,What about your answer?,Còn câu trả lời của cậu thì sao?,
lang_multi_text_2ndhalf.db,MultiText,Id,Main_LahaiRoi_ZRJDYKX_47_17,Content,dialogue,translated,,PASS,10,,,,,"Ahuhuh... No need to get ahead of yourself now, {PlayerName}. You're not quite there yet. I'm keeping it secret for now.","Hihi... Đừng có mà sốt ruột thế, {PlayerName}. Cậu chưa tới đâu. Bí mật này mình giữ đã.",
lang_multi_text_2ndhalf.db,MultiText,Id,Main_LahaiRoi_ZRJDYKX_47_18,Content,dialogue,translated,,PASS,10,,,,,"Plus, we still haven't fulfilled our agreement yet. Can't let the cake go to waste.","Với lại, chúng ta vẫn chưa hoàn thành thỏa thuận mà. Không thể để bánh phí hoài được.",
lang_multi_text_2ndhalf.db,MultiText,Id,Main_LahaiRoi_ZRJDYKX_47_19,Content,dialogue,translated,,PASS,10,,,,,"Would you want to come out with me again after tomorrow, {PlayerName}?","Sau ngày mai, cậu có muốn ra ngoài cùng tớ không, {PlayerName}?",
lang_multi_text_2ndhalf.db,MultiText,Id,Main_LahaiRoi_ZRJDYKX_47_20,Content,dialogue,translated,,PASS,10,,,,,I would.,Ta sẽ làm.,
lang_multi_text_2ndhalf.db,MultiText,Id,Main_LahaiRoi_ZRJDYKX_47_21,Content,dialogue,translated,,PASS,10,,,,,I wouldn't.,Tôi sẽ không làm thế đâu.,
lang_multi_text_2ndhalf.db,MultiText,Id,Main_LahaiRoi_ZRJDYKX_47_22,Content,dialogue,translated,,PASS,10,,,,,"Hmm... Well, that makes things trickier. I... still have things I have to do, after all.",Hừm... Thế thì phức tạp hơn rồi. Dù sao... ta vẫn còn việc phải làm mà.,
lang_multi_text_2ndhalf.db,MultiText,Id,Main_LahaiRoi_ZRJDYKX_47_23,Content,dialogue,translated,,PASS,10,,,,,...If only today could be a bit longer.,...Ước gì hôm nay kéo dài thêm chút nữa...,
lang_multi_text_2ndhalf.db,MultiText,Id,Main_LahaiRoi_ZRJDYKX_47_24,Content,dialogue,translated,,PASS,10,,,,,"Is that so? Then I'm relieved... I still have things I have to do, after all.",Vậy à? Thế thì chị yên tâm rồi... Chị còn việc phải làm mà.,
lang_multi_text_2ndhalf.db,MultiText,Id,Main_LahaiRoi_ZRJDYKX_47_25,Content,dialogue,translated,,PASS,10,,,,,"However, did it ever cross your mind, {PlayerName}, that my being alive and staying here might be an even bigger problem?","Nhưng liệu cậu có bao giờ nghĩ đến điều này không, {PlayerName}? Việc ta còn sống và ở lại đây có thể còn là một vấn đề lớn hơn đấy?",
lang_multi_text_2ndhalf.db,MultiText,Id,Main_LahaiRoi_ZRJDYKX_47_26,Content,dialogue,translated,,PASS,10,,,,,"...If you feel you don't belong here, then some day in the future, would you be willing to—","...Nếu cậu cảm thấy mình không thuộc về nơi này, vậy một ngày nào đó trong tương lai, liệu cậu có muốn—",
lang_multi_text_2ndhalf.db,MultiText,Id,Main_LahaiRoi_ZRJDYKX_47_27,Content,dialogue,translated,,PASS,10,,,,,Stop right there—it was just a joke. I don't want to put you in a tough spot.,Dừng lại đi—chỉ là đùa thôi mà. Ta không muốn đẩy ngươi vào thế khó đâu.,
lang_multi_text_2ndhalf.db,MultiText,Id,Main_LahaiRoi_ZRJDYKX_47_28,Content,dialogue,translated,,PASS,10,,,,,Easy. Today is my birthday. I won't be going anywhere.,Dễ thôi. Hôm nay là sinh nhật tớ. Tớ sẽ không đi đâu cả.,
lang_multi_text_2ndhalf.db,MultiText,Id,Main_LahaiRoi_ZRJDYKX_47_29,Content,dialogue,translated,,PASS,10,,,,,At least to you... this will be my last lie.,Ít nhất với cậu... đây sẽ là lời nói dối cuối cùng của tôi.,
lang_multi_text_2ndhalf.db,MultiText,Id,Main_LahaiRoi_ZRJDYKX_47_30,Content,dialogue,translated,,PASS,10,,,,,"At last, Denia confesses the secret of the Grand Architect's ""gift.""
Following her instructions, you destroy the thing that has bound her all along—a page infused with the power of the Threnodian Leviathan. 
For now, Denia's immediate danger seems to have passed. You talk about the future as you make your way back toward the Academy.","Cuối cùng, Denia cũng thú nhận bí mật về ""món quà"" của Kiến Trúc Sư Vĩ Đại.
Theo chỉ dẫn của cô, cậu phá hủy thứ đã trói buộc cô bấy lâu nay—một trang giấy thấm đẫm sức mạnh của Leviathan Threnodian.
Hiện tại, mối nguy trước mắt của Denia dường như đã qua. Hai người vừa trò chuyện về tương lai vừa quay trở lại Học Viện.",
lang_multi_text_2ndhalf.db,MultiText,Id,Main_LahaiRoi_ZRJDYKX_48_1,Content,dialogue,translated,,PASS,10,,,,,"N.A.N.A. is conducting a thorough checkup on Denia. I imagine this must have been a very long day for you, {PlayerName}.","N.A.N.A. đang kiểm tra tổng quát cho Denia. Chắc hẳn đây là một ngày dài mệt mỏi với cậu rồi, {PlayerName}.",
lang_multi_text_2ndhalf.db,MultiText,Id,Main_LahaiRoi_ZRJDYKX_48_2,Content,dialogue,translated,,PASS,10,,,,,Her conditions have greatly improved since this morning. As for the frequency fluctuation earlier... Did something happen?,Tình trạng của cô ấy đã cải thiện nhiều từ sáng nay. Còn về sự dao động tần số trước đó... Có chuyện gì xảy ra à?,
lang_multi_text_2ndhalf.db,MultiText,Id,Main_LahaiRoi_ZRJDYKX_48_3,Content,dialogue,translated,,PASS,10,,,,,About that...,Còn chuyện đó...,
lang_multi_text_2ndhalf.db,MultiText,Id,Main_LahaiRoi_ZRJDYKX_48_4,Content,dialogue,translated,,PASS,10,,,,,You tell Arman about the book page left by the Grand Architect.,Cậu kể cho Arman nghe về trang sách mà Kiến Trúc Sư Vĩ Đại để lại.,
lang_multi_text_2ndhalf.db,MultiText,Id,Main_LahaiRoi_ZRJDYKX_48_5,Content,dialogue,translated,,PASS,10,,,,,Residual energy of the Threnodian from Rinascita? Could there be some form of interaction between the Threnodians? Is the Fractsidus actually manipulating her and suppressing her abilities through such means?,Năng lượng dư thừa của Threnodian từ Rinascita sao? Liệu có sự tương tác nào giữa các Threnodian không? Hay Fractsidus thực sự đang thao túng cô ấy và kìm hãm năng lực của cô ấy bằng cách đó?,
lang_multi_text_2ndhalf.db,MultiText,Id,Main_LahaiRoi_ZRJDYKX_48_6,Content,dialogue,translated,,PASS,10,,,,,"It's no wonder we couldn't find the source of the symptoms. Fortunately, you were here to assist, {PlayerName}.","Không có gì lạ khi chúng ta không tìm ra nguồn gốc của các triệu chứng. May mắn thay, cậu đã ở đây để giúp đỡ, {PlayerName}.",
lang_multi_text_2ndhalf.db,MultiText,Id,Main_LahaiRoi_ZRJDYKX_48_7,Content,dialogue,translated,,PASS,10,,,,,What will happen to Denia after tomorrow?,Ngày mai Denia sẽ ra sao?,
lang_multi_text_2ndhalf.db,MultiText,Id,Main_LahaiRoi_ZRJDYKX_48_8,Content,dialogue,translated,,PASS,10,,,,,"...It'll be the same as the past few days. Although she won't be sent to the New Federation, she'll still be kept under containment and assist with our research.","...Sẽ vẫn như mấy ngày qua thôi. Dù không bị đưa đến Liên bang Mới, nhưng cô ấy vẫn sẽ bị giam giữ và hỗ trợ nghiên cứu của chúng ta.",
lang_multi_text_2ndhalf.db,MultiText,Id,Main_LahaiRoi_ZRJDYKX_48_9,Content,dialogue,translated,,PASS,10,,,,,"I know what you're thinking, {PlayerName}... I've been monitoring your itinerary and field reports all day.","Ta biết cậu đang nghĩ gì, {PlayerName}... Ta đã theo dõi lịch trình và báo cáo thực địa của cậu cả ngày nay rồi.",
lang_multi_text_2ndhalf.db,MultiText,Id,Main_LahaiRoi_ZRJDYKX_48_10,Content,dialogue,translated,,PASS,10,,,,,"But even if everyone recognizes her as a victim, the Spacetrek Collective's work and responsibilities will not change for her.","Nhưng dù mọi người đều coi cô ấy là nạn nhân, công việc và trách nhiệm của Tập Đoàn Spacetrek sẽ không thay đổi vì cô ấy.",
lang_multi_text_2ndhalf.db,MultiText,Id,Main_LahaiRoi_ZRJDYKX_48_11,Content,dialogue,translated,,PASS,10,,,,,We don't have better solutions now. This is the fact.,Hiện tại chúng tôi không có giải pháp nào tốt hơn. Đây là sự thật.,
lang_multi_text_2ndhalf.db,MultiText,Id,Main_LahaiRoi_ZRJDYKX_48_12,Content,dialogue,translated,,PASS,10,,,,,What about her birthday cake?,Còn bánh sinh nhật của cô ấy thì sao?,
lang_multi_text_2ndhalf.db,MultiText,Id,Main_LahaiRoi_ZRJDYKX_48_13,Content,dialogue,translated,,PASS,10,,,,,We haven't had a chance to get it yet. It's still with Zahira. You can only get that specific Fruit Crackle she requested from Zahira...,Chúng ta chưa có cơ hội lấy nó đâu. Nó vẫn đang ở chỗ Zahira. Loại Fruit Crackle đặc biệt cô ấy yêu cầu chỉ có thể mua từ Zahira thôi...,
lang_multi_text_2ndhalf.db,MultiText,Id,Main_LahaiRoi_ZRJDYKX_48_14,Content,dialogue,translated,,PASS,10,,,,,"But since she hopes you can accompany her on her birthday, I believe you should be the one to personally bring her the cake... We'll be waiting for you here.","Nhưng vì cô ấy mong cậu có thể cùng đi trong ngày sinh nhật, ta tin cậu nên là người trực tiếp mang bánh đến cho cô ấy... Chúng ta sẽ đợi cậu ở đây.",
lang_multi_text_2ndhalf.db,MultiText,Id,Main_LahaiRoi_ZRJDYKX_49_1,Content,dialogue,translated,,PASS,10,,,,,"Back when I taught at the Academy, there was a student who would always sleep in my lectures.","Hồi còn dạy ở Học viện, có một học sinh lúc nào cũng ngủ gật trong giờ giảng của ta.",
lang_multi_text_2ndhalf.db,MultiText,Id,Main_LahaiRoi_ZRJDYKX_49_2,Content,dialogue,translated,,PASS,10,,,,,"I would wake her up to answer questions on purpose, because she had no idea what she was wasting.","Ta từng cố tình đánh thức cô ấy để hỏi chuyện, vì cô ấy không hề biết mình đang lãng phí điều gì.",
lang_multi_text_2ndhalf.db,MultiText,Id,Main_LahaiRoi_ZRJDYKX_49_3,Content,dialogue,translated,,PASS,10,,,,,"Later, a TA named Nastasha asked me to go easy on her, saying she could only sleep in a place where she felt secure, and that her grades in my class were still doing well.","Sau đó, một trợ giảng tên Nastasha nhờ tôi nhẹ tay với cô ấy, bảo rằng cô chỉ có thể ngủ ở nơi mình cảm thấy an toàn, và điểm số trong lớp tôi của cô vẫn rất tốt.",
lang_multi_text_2ndhalf.db,MultiText,Id,Main_LahaiRoi_ZRJDYKX_49_4,Content,dialogue,translated,,PASS,10,,,,,"...I knew that girl had helped collect data for many people in the Department of Voidmatters, but the issue was that I couldn't understand her behavior at all.","...Tớ biết cô gái đó đã giúp thu thập dữ liệu cho nhiều người ở Cục Vật Chất Hư Không, nhưng vấn đề là tớ chẳng hiểu nổi hành động của cô ta chút nào.",
lang_multi_text_2ndhalf.db,MultiText,Id,Main_LahaiRoi_ZRJDYKX_49_5,Content,dialogue,translated,,PASS,10,,,,,"While everyone else was out pursuing their scientific dreams, how can you be here sleeping? Is your dream to be a research assistant for the rest of your life?","Mọi người đều đang theo đuổi giấc mơ khoa học của mình, sao cậu lại nằm đây ngủ? Hay giấc mơ của cậu là làm trợ lý nghiên cứu cả đời?",
lang_multi_text_2ndhalf.db,MultiText,Id,Main_LahaiRoi_ZRJDYKX_49_6,Content,dialogue,translated,,PASS,10,,,,,It was after the Threnodian incident that I finally knew the answer.,"Sau sự kiện Threnodian, tôi mới vỡ lẽ ra câu trả lời.",
lang_multi_text_2ndhalf.db,MultiText,Id,Main_LahaiRoi_ZRJDYKX_49_7,Content,dialogue,translated,,PASS,10,,,,,"To be honest, when I just sent you the message, for a moment I even fantasized a reply in which you plan to take her far away from Lahai-Roi... to somewhere no one could find.","Thật lòng mà nói, khi vừa gửi tin nhắn cho cậu, trong đầu mình thậm chí đã tưởng tượng ra một câu trả lời... rằng cậu sẽ đưa cô ấy rời xa Lahai-Roi... đến một nơi không ai có thể tìm thấy.",
lang_multi_text_2ndhalf.db,MultiText,Id,Main_LahaiRoi_ZRJDYKX_49_8,Content,dialogue,translated,,PASS,10,,,,,"Haha... I'm glad you didn't do that, {PlayerName}, or else we'd all be done for.","Haha... May mà cậu không làm vậy, {PlayerName}, nếu không thì tất cả chúng ta đã toi rồi.",
lang_multi_text_2ndhalf.db,MultiText,Id,Main_LahaiRoi_ZRJDYKX_5_1,Content,dialogue,translated,,PASS,10,,,,,"Anything else you want to confirm, {PlayerName}?","Còn gì nữa cậu muốn xác nhận không, {PlayerName}?",
lang_multi_text_2ndhalf.db,MultiText,Id,Main_LahaiRoi_ZRJDYKX_5_2,Content,dialogue,translated,,PASS,10,,,,,Any progress on tracking the Threnodian frequency?,Đã có tiến triển gì trong việc theo dõi Tần số Threnody chưa?,
lang_multi_text_2ndhalf.db,MultiText,Id,Main_LahaiRoi_ZRJDYKX_5_3,Content,dialogue,translated,,PASS,10,,,,,How was Denia acting when she spoke with you?,Denia có thái độ như thế nào khi nói chuyện với cậu?,
lang_multi_text_2ndhalf.db,MultiText,Id,Main_LahaiRoi_ZRJDYKX_5_4,Content,dialogue,translated,,PASS,10,,,,,"That call earlier, was it Lucilla?","Cuộc gọi lúc nãy, có phải Lucilla không?",
lang_multi_text_2ndhalf.db,MultiText,Id,Main_LahaiRoi_ZRJDYKX_5_5,Content,dialogue,translated,,PASS,10,,,,,That's all.,Chỉ có vậy thôi.,
lang_multi_text_2ndhalf.db,MultiText,Id,Main_LahaiRoi_ZRJDYKX_5_6,Content,dialogue,translated,,PASS,10,,,,,"We've narrowed down the location, but Voidmatter contamination there is heavy, so cleanup and investigation will be slow. That said, recent spectral analysis points to a direct correlation between the frequency and Denia's physical condition.","Chúng tôi đã khoanh vùng được địa điểm, nhưng khu vực đó nhiễm Voidmatter quá nặng, nên việc dọn dẹp và điều tra sẽ diễn ra rất chậm. Tuy nhiên, phân tích quang phổ gần đây cho thấy có mối liên hệ trực tiếp giữa tần số và tình trạng thể chất của Denia.",
lang_multi_text_2ndhalf.db,MultiText,Id,Main_LahaiRoi_ZRJDYKX_5_7,Content,dialogue,translated,,PASS,10,,,,,"""Cold"" is the word. So cold that even N.A.N.A. can't establish any meaningful contact. We are still not sure if the Threnodian did this, but she is not the Denia we knew.","""Lạnh"". Lạnh đến mức ngay cả N.A.N.A. cũng không thể thiết lập liên lạc có ý nghĩa. Chúng ta vẫn chưa chắc liệu Threnodian có làm điều này không, nhưng cô ấy không còn là Denia mà ta từng biết.",
lang_multi_text_2ndhalf.db,MultiText,Id,Main_LahaiRoi_ZRJDYKX_5_8,Content,dialogue,translated,,PASS,10,,,,,You've met Denia before?,Cậu đã gặp Denia trước đây rồi à?,
lang_multi_text_2ndhalf.db,MultiText,Id,Main_LahaiRoi_ZRJDYKX_5_9,Content,dialogue,translated,,PASS,10,,,,,"I have. Back then, I was teaching a required course in Voidmatters Science, and she slept through a good portion of it, so I remember her.","Tớ biết. Hồi đó, tớ dạy môn Khoa học Vật Chất Hư Không bắt buộc, và cô ấy ngủ gần hết giờ, nên tớ nhớ rõ.",
lang_multi_text_2ndhalf.db,MultiText,Id,Main_LahaiRoi_ZRJDYKX_5_10,Content,dialogue,translated,,PASS,10,,,,,Yes. The President is busy smoothing things over with some big names. She asked me to send her regards.,Đúng rồi. Chủ Tịch đang bận dàn xếp với mấy nhân vật lớn. Bà ấy nhờ tôi gửi lời hỏi thăm cậu.,
lang_multi_text_2ndhalf.db,MultiText,Id,Main_LahaiRoi_ZRJDYKX_5_11,Content,dialogue,translated,,PASS,10,,,,,"Oh, and she also has a message for you: ""Only the kids who make it out alive get to grow up.""","À, và cô ấy cũng có lời nhắn cho cậu: ""Chỉ những đứa trẻ sống sót mới được lớn lên.""",
lang_multi_text_2ndhalf.db,MultiText,Id,Main_LahaiRoi_ZRJDYKX_5_12,Content,dialogue,translated,,PASS,10,,,,,Is that supposed to be about Denia?,Cái đó liên quan đến Denia à?,
lang_multi_text_2ndhalf.db,MultiText,Id,Main_LahaiRoi_ZRJDYKX_5_13,Content,dialogue,translated,,PASS,10,,,,,I honestly don't know. But that's her... always leaving you guessing.,Tớ thực sự không biết. Nhưng đó là phong cách của cô ấy... luôn khiến cậu phải đoán già đoán non.,
lang_multi_text_2ndhalf.db,MultiText,Id,Main_LahaiRoi_ZRJDYKX_50_1,Content,dialogue,translated,,PASS,10,,,,,Are you here to pick up the birthday cake? One moment please...,Cậu đến lấy bánh sinh nhật à? Đợi chút nhé...,
lang_multi_text_2ndhalf.db,MultiText,Id,Main_LahaiRoi_ZRJDYKX_50_2,Content,dialogue,translated,,PASS,10,,,,,"(Denia... She said she had to take care of something. But what, exactly? Does it have something to do with the Threnodina's frequency in the Dimmr Plains?)",Denia... Cô ấy nói phải đi giải quyết chuyện gì đó. Nhưng chính xác là gì? Liệu có liên quan đến tần số Threnodina ở Đồng Bằng Dimmr không?,
lang_multi_text_2ndhalf.db,MultiText,Id,Main_LahaiRoi_ZRJDYKX_50_3,Content,dialogue,translated,,PASS,10,,,,,"(If the Spacetrek Collective finding Denia was part of the Grand Architect's plan, then what about removing that page from her? Or maybe...)","Nếu việc Spacetrek Collective tìm thấy Denia là một phần trong kế hoạch của Kiến Trúc Sư Vĩ Đại, thì việc xóa bỏ trang đó khỏi cô ấy sẽ ra sao? Hay là...",
lang_multi_text_2ndhalf.db,MultiText,Id,Main_LahaiRoi_ZRJDYKX_50_4,Content,dialogue,translated,,PASS,10,,,,,(If I were in Denia's shoes...),(Nếu tao ở trong hoàn cảnh của Denia...),
lang_multi_text_2ndhalf.db,MultiText,Id,Main_LahaiRoi_ZRJDYKX_50_5,Content,dialogue,translated,,PASS,10,,,,,"""Easy. Today is my birthday. I won't be going anywhere.""","""Dễ thôi. Hôm nay là sinh nhật tôi. Tôi sẽ không đi đâu cả.""",
lang_multi_text_2ndhalf.db,MultiText,Id,Main_LahaiRoi_ZRJDYKX_50_6,Content,dialogue,translated,,PASS,10,,,,,You see the time shown by the Terminal: 00:15 a.m.,Cậu thấy thời gian trên Thiết bị đầu cuối không: 00:15 sáng.,
lang_multi_text_2ndhalf.db,MultiText,Id,Main_LahaiRoi_ZRJDYKX_50_7,Content,dialogue,translated,,PASS,10,,,,,It's past Denia's birthday.,Đã qua sinh nhật của Denia rồi.,
lang_multi_text_2ndhalf.db,MultiText,Id,Main_LahaiRoi_ZRJDYKX_50_8,Content,dialogue,translated,,PASS,10,,,,,"Here it is... I know it's a bit late, but I believe it's more than enough to convey your heart.","Đây rồi... Tớ biết là hơi muộn, nhưng tớ tin chắc nó đủ để chuyển tải tấm lòng của cậu.",
lang_multi_text_2ndhalf.db,MultiText,Id,Main_LahaiRoi_ZRJDYKX_50_9,Content,dialogue,translated,,PASS,10,,,,,"{PlayerName}, Denia has left the Academy and is heading towards the Dimmr Plains.","{PlayerName}, Denia đã rời Học viện và đang tiến về vùng Dimmr Plains.",
lang_multi_text_2ndhalf.db,MultiText,Id,Main_LahaiRoi_ZRJDYKX_50_10,Content,dialogue,translated,,PASS,10,,,,,...How did she leave?,...Cô ấy rời đi như thế nào?,
lang_multi_text_2ndhalf.db,MultiText,Id,Main_LahaiRoi_ZRJDYKX_50_11,Content,dialogue,translated,,PASS,10,,,,,"With her Forte. We've detected residual Voidmatter particles at the platform. Professor Arman was trapped inside a bubble. Luckily, no broken bones.",Nhờ vào Forte của cô ấy. Chúng tôi phát hiện hạt Vật Chất Hư Không còn sót lại trên bệ. Giáo sư Arman đã bị mắc kẹt trong một bong bóng. May mà không gãy xương nào.,
lang_multi_text_2ndhalf.db,MultiText,Id,Main_LahaiRoi_ZRJDYKX_50_12,Content,dialogue,translated,,PASS,10,,,,,She hasn't removed her Resonance suppression device and tracker yet. Should we initiate the emergency protocol?,Cô ấy vẫn chưa tháo thiết bị kìm hãm Cộng Hưởng và bộ theo dõi. Chúng ta có nên kích hoạt giao thức khẩn cấp không?,
lang_multi_text_2ndhalf.db,MultiText,Id,Main_LahaiRoi_ZRJDYKX_50_13,Content,dialogue,translated,,PASS,10,,,,,"...No, give me her location.","...Không, đưa tôi tọa độ của cô ta.",
lang_multi_text_2ndhalf.db,MultiText,Id,Main_LahaiRoi_ZRJDYKX_50_14,Content,dialogue,translated,,PASS,10,,,,,"Understood, coordinates sent... Good luck, {PlayerName}.","Đã hiểu, tọa độ đã gửi... Chúc may mắn, {PlayerName}.",
lang_multi_text_2ndhalf.db,MultiText,Id,Main_LahaiRoi_ZRJDYKX_50_15,Content,dialogue,translated,,PASS,10,,,,,I thought you'd stop her.,Tao cứ nghĩ cậu sẽ ngăn cô ta lại.,
lang_multi_text_2ndhalf.db,MultiText,Id,Main_LahaiRoi_ZRJDYKX_50_16,Content,dialogue,translated,,PASS,10,,,,,I tried.,Tôi đã cố rồi.,
lang_multi_text_2ndhalf.db,MultiText,Id,Main_LahaiRoi_ZRJDYKX_50_17,Content,dialogue,translated,,PASS,10,,,,,But with her condition now... she would die if I tried any harder.,Nhưng với tình trạng của cô ấy bây giờ... cô ấy sẽ chết nếu ta cố gắng hơn nữa.,
lang_multi_text_2ndhalf.db,MultiText,Id,Main_LahaiRoi_ZRJDYKX_50_18,Content,dialogue,translated,,PASS,10,,,,,That doesn't sound like you.,Nghe không giống cậu chút nào.,
lang_multi_text_2ndhalf.db,MultiText,Id,Main_LahaiRoi_ZRJDYKX_50_19,Content,dialogue,translated,,PASS,10,,,,,"Trees will grow tall, and leaves will turn green, {PlayerName}...","Cây sẽ vươn cao, lá sẽ xanh tươi trở lại, {PlayerName} à...",
lang_multi_text_2ndhalf.db,MultiText,Id,Main_LahaiRoi_ZRJDYKX_50_20,Content,dialogue,translated,,PASS,10,,,,,That child simply made a grown-up decision.,Đứa trẻ ấy chỉ đơn giản là đưa ra một quyết định của người trưởng thành.,
lang_multi_text_2ndhalf.db,MultiText,Id,Main_LahaiRoi_ZRJDYKX_50_21,Content,dialogue,translated,,PASS,10,,,,,"For the final part of your deal with Denia, you go to Zahira to pick up a birthday cake. 
On the way, you receive an urgent call from I.R.I.S.—Denia has recovered some of her powers and escaped from Startorch Academy.","Để hoàn tất phần cuối trong thỏa thuận với Denia, cậu đến Zahira lấy chiếc bánh sinh nhật.
Trên đường đi, cậu nhận được cuộc gọi khẩn từ I.R.I.S.—Denia đã khôi phục được một phần sức mạnh và trốn khỏi Học viện Startorch.",
lang_multi_text_2ndhalf.db,MultiText,Id,Main_LahaiRoi_ZRJDYKX_6_1,Content,dialogue,translated,,PASS,10,,,,,(Whatever her reason was for saving me and Hiyuki back then... she still carried out the Fractsidus's plan.),(Dù lý do cô ấy cứu tôi và Hiyuki lúc đó là gì... cuối cùng cô ấy vẫn thực hiện kế hoạch của Fractsidus.),
lang_multi_text_2ndhalf.db,MultiText,Id,Main_LahaiRoi_ZRJDYKX_6_2,Content,dialogue,translated,,PASS,10,,,,,(And the Grand Architect's next move is still unclear... Have to stay cautious.),Và bước đi tiếp theo của Kiến Trúc Sư Vĩ Đại vẫn còn mù mịt... Phải thật thận trọng.,
lang_multi_text_2ndhalf.db,MultiText,Id,Main_LahaiRoi_ZRJDYKX_68_1,Content,dialogue,translated,,PASS,10,,,,,"You can feel your eyelids sinking. In a haze, you seem to have returned to that familiar scene again.","Mí mắt cậu nặng trĩu dần. Trong màn sương mơ hồ, dường như cậu đã trở lại khung cảnh quen thuộc ấy.",
lang_multi_text_2ndhalf.db,MultiText,Id,Main_LahaiRoi_ZRJDYKX_68_2,Content,dialogue,translated,,PASS,10,,,,,Denia... Do you have any clues about that scene in your memory?,Denia à... Cậu có nhớ chút gì về cảnh đó trong ký ức không?,
lang_multi_text_2ndhalf.db,MultiText,Id,Main_LahaiRoi_ZRJDYKX_68_3,Content,dialogue,translated,,PASS,10,,,,,Nothing.,Không có gì.,
lang_multi_text_2ndhalf.db,MultiText,Id,Main_LahaiRoi_ZRJDYKX_68_4,Content,dialogue,translated,,PASS,10,,,,,It was just a scene. Maybe from some movies I watched as a kid?,Chỉ là một cảnh quay thôi. Có lẽ từ mấy bộ phim hồi nhỏ tớ xem ấy?,
lang_multi_text_2ndhalf.db,MultiText,Id,Main_LahaiRoi_ZRJDYKX_68_5,Content,dialogue,translated,,PASS,10,,,,,But maybe... in my opinion... you still have a chance to...,Nhưng có lẽ... theo tôi nghĩ... cậu vẫn còn cơ hội để...,
lang_multi_text_2ndhalf.db,MultiText,Id,Main_LahaiRoi_ZRJDYKX_68_6,Content,dialogue,translated,,PASS,10,,,,,Now you're reminding me of what Nastasha once said.,Giờ cậu làm tớ nhớ lại lời Natasha từng nói.,
lang_multi_text_2ndhalf.db,MultiText,Id,Main_LahaiRoi_ZRJDYKX_68_7,Content,dialogue,translated,,PASS,10,,,,,Huh?,Hả?,
lang_multi_text_2ndhalf.db,MultiText,Id,Main_LahaiRoi_ZRJDYKX_68_8,Content,dialogue,translated,,PASS,10,,,,,"""Raise your head, what do you see?""","""Ngẩng đầu lên, cậu thấy gì?""",
lang_multi_text_2ndhalf.db,MultiText,Id,Main_LahaiRoi_ZRJDYKX_68_9,Content,dialogue,translated,,PASS,10,,,,,Lahai-Roi's night sky.,Bầu trời đêm của Lahai-Roi.,
lang_multi_text_2ndhalf.db,MultiText,Id,Main_LahaiRoi_ZRJDYKX_68_10,Content,dialogue,translated,,PASS,10,,,,,"True enough. But my reply was ""The void. The darkness.""","Đúng thật. Nhưng câu trả lời của ta là ""Hư vô. Bóng tối.""",
lang_multi_text_2ndhalf.db,MultiText,Id,Main_LahaiRoi_ZRJDYKX_68_11,Content,dialogue,translated,,PASS,10,,,,,What was her reaction?,Phản ứng của cô ấy ra sao?,
lang_multi_text_2ndhalf.db,MultiText,Id,Main_LahaiRoi_ZRJDYKX_68_12,Content,dialogue,translated,,PASS,10,,,,,She said it was actually light fighting against darkness.,Cô ấy nói thực ra đó là ánh sáng đang chiến đấu chống lại bóng tối.,
lang_multi_text_2ndhalf.db,MultiText,Id,Main_LahaiRoi_ZRJDYKX_68_13,Content,dialogue,translated,,PASS,10,,,,,"""But it looks like darkness has the upper hand,"" I said.","""Nhưng có vẻ như bóng tối đang chiếm ưu thế,"" tôi nói.",
lang_multi_text_2ndhalf.db,MultiText,Id,Main_LahaiRoi_ZRJDYKX_68_14,Content,dialogue,translated,,PASS,10,,,,,But there was only darkness in Lahai-Roi at the beginning. Then came the light.,"Nhưng ban đầu, Lahai-Roi chỉ có bóng tối. Rồi ánh sáng mới đến.",
lang_multi_text_2ndhalf.db,MultiText,Id,Main_LahaiRoi_ZRJDYKX_68_15,Content,dialogue,translated,,PASS,10,,,,,"Haha, you answered exactly the same way as she did.","Haha, cậu trả lời y chang cô ấy luôn.",
lang_multi_text_2ndhalf.db,MultiText,Id,Main_LahaiRoi_ZRJDYKX_68_16,Content,dialogue,translated,,PASS,10,,,,,So light actually prevailed.,Vậy là ánh sáng đã chiến thắng.,
lang_multi_text_2ndhalf.db,MultiText,Id,Main_LahaiRoi_ZRJDYKX_68_17,Content,dialogue,translated,,PASS,10,,,,,"You're right, {PlayerName}.","Cậu nói đúng đấy, {PlayerName}.",
lang_multi_text_2ndhalf.db,MultiText,Id,Main_LahaiRoi_ZRJDYKX_68_18,Content,dialogue,translated,,PASS,10,,,,,"I guess if you never give up, the story will one day have a good ending, no?","Chắc là nếu không bỏ cuộc, câu chuyện rồi cũng sẽ có cái kết tốt đẹp thôi, phải không?",
lang_multi_text_2ndhalf.db,MultiText,Id,Main_LahaiRoi_ZRJDYKX_68_19,Content,dialogue,translated,,PASS,10,,,,,"Sometimes you still think about Denia, and the times you sat together on that bench.
Will you see each other again?","Thỉnh thoảng cậu vẫn nghĩ về Denia, về những lần ngồi bên nhau trên chiếc ghế đá ấy nhỉ?
Liệu hai đứa có gặp lại nhau không?",
lang_multi_text_2ndhalf.db,MultiText,Id,Main_LahaiRoi_ZRJDYKX_7_1,Content,dialogue,translated,,REVIEW,6,same_as_source,,,,Denia.,Denia.,
lang_multi_text_2ndhalf.db,MultiText,Id,Main_LahaiRoi_ZRJDYKX_7_2,Content,dialogue,translated,,PASS,10,,,,,"I just saw Sigrika. That was crazy, {PlayerName}. I didn't think you'd actually... you know, drive that thing off.","Tớ vừa thấy Sigrika. Thật điên rồ, {PlayerName}. Tớ không ngờ cậu lại thực sự... lái cái thứ đó đi luôn.",
lang_multi_text_2ndhalf.db,MultiText,Id,Main_LahaiRoi_ZRJDYKX_7_3,Content,dialogue,translated,,PASS,10,,,,,So... you're just gonna keep staring? Do you always come empty-handed when you visit patients?,Vậy... cậu định cứ đứng nhìn mãi à? Đến thăm bệnh nhân mà chẳng mang gì à?,
lang_multi_text_2ndhalf.db,MultiText,Id,Main_LahaiRoi_ZRJDYKX_7_4,Content,dialogue,translated,,PASS,10,,,,,(Looks like she's free of the Threnodian's influence now... but that way of talking...),Có vẻ cô ấy đã thoát khỏi ảnh hưởng của Threnody rồi… nhưng cách nói chuyện này…,
lang_multi_text_2ndhalf.db,MultiText,Id,Main_LahaiRoi_ZRJDYKX_7_5,Content,dialogue,translated,,PASS,10,,,,,Are you aware of your condition right now?,Cậu có biết tình trạng của mình bây giờ không?,
lang_multi_text_2ndhalf.db,MultiText,Id,Main_LahaiRoi_ZRJDYKX_7_6,Content,dialogue,translated,,PASS,10,,,,,"Yeah. I'm dying, right?","Ừ. Tao sắp chết rồi, phải không?",
lang_multi_text_2ndhalf.db,MultiText,Id,Main_LahaiRoi_ZRJDYKX_7_7,Content,dialogue,translated,,PASS,10,,,,,"That person gave me a gift a long time ago... Said when the time comes, I'd finally get a nice sleep.","Người ấy đã tặng ta một món quà từ rất lâu rồi... Nói rằng khi thời khắc đến, ta cuối cùng cũng sẽ được yên giấc.",
lang_multi_text_2ndhalf.db,MultiText,Id,Main_LahaiRoi_ZRJDYKX_7_8,Content,dialogue,translated,,PASS,10,,,,,A gift?,Món quà?,
lang_multi_text_2ndhalf.db,MultiText,Id,Main_LahaiRoi_ZRJDYKX_7_9,Content,dialogue,translated,,PASS,10,,,,,What is it exactly?,Rốt cuộc là cái gì thế?,
lang_multi_text_2ndhalf.db,MultiText,Id,Main_LahaiRoi_ZRJDYKX_7_10,Content,dialogue,translated,,PASS,10,,,,,"Who knows. But it's not hard to guess, is it? Just like a collar you put on cats and dogs, in case they get ideas.","Ai mà biết. Nhưng cũng không khó đoán phải không? Giống như cái vòng cổ đeo cho chó mèo vậy, phòng khi chúng có ý nghĩ gì đó.",
lang_multi_text_2ndhalf.db,MultiText,Id,Main_LahaiRoi_ZRJDYKX_7_11,Content,dialogue,translated,,PASS,10,,,,,"Mm, no. ""Cats and dogs"" might be too generous. At least they can still bite. I'm probably closer to a lab mouse now.","Ừm, không hẳn. So với ""mèo với chó"" thì còn quá lời. Ít nhất chúng còn cắn được. Tôi giờ chắc giống con chuột thí nghiệm hơn.",
lang_multi_text_2ndhalf.db,MultiText,Id,Main_LahaiRoi_ZRJDYKX_7_12,Content,dialogue,translated,,PASS,10,,,,,"So, {PlayerName}, did they send you to sweet-talk a lab mouse?","Vậy, {PlayerName}, họ cử cậu đến để tán tỉnh một con chuột phòng thí nghiệm à?",
lang_multi_text_2ndhalf.db,MultiText,Id,Main_LahaiRoi_ZRJDYKX_7_13,Content,dialogue,translated,,PASS,10,,,,,"Denia, I'm here because I chose to be.","Denia, mình ở đây vì mình đã chọn như vậy.",
lang_multi_text_2ndhalf.db,MultiText,Id,Main_LahaiRoi_ZRJDYKX_7_14,Content,dialogue,translated,,PASS,10,,,,,"We've been on opposite sides before, but...","Chúng ta từng ở hai chiến tuyến đối lập, nhưng...",
lang_multi_text_2ndhalf.db,MultiText,Id,Main_LahaiRoi_ZRJDYKX_7_15,Content,dialogue,translated,,PASS,10,,,,,"There you go, still all serious...","Cậu vẫn thế nhỉ, lúc nào cũng nghiêm túc...",
lang_multi_text_2ndhalf.db,MultiText,Id,Main_LahaiRoi_ZRJDYKX_7_16,Content,dialogue,translated,,PASS,10,,,,,But I want to try trusting you.,Nhưng tôi muốn thử tin tưởng cậu.,
lang_multi_text_2ndhalf.db,MultiText,Id,Main_LahaiRoi_ZRJDYKX_7_17,Content,dialogue,translated,,PASS,10,,,,,"Right... In that case, am I supposed to look more excited?",Ừ... Vậy giờ tớ phải tỏ ra hào hứng hơn sao?,
lang_multi_text_2ndhalf.db,MultiText,Id,Main_LahaiRoi_ZRJDYKX_7_18,Content,dialogue,translated,,PASS,10,,,,,"Too bad, {PlayerName}, I can't trust you the same way.","Tiếc thật đấy, {PlayerName}, mình không thể tin cậu như trước được nữa.",
lang_multi_text_2ndhalf.db,MultiText,Id,Main_LahaiRoi_ZRJDYKX_7_19,Content,dialogue,translated,,PASS,10,,,,,"You saw me at my worst there, and you're still playing this game... You want answers. That's why you're here.","Cậu đã thấy ta tồi tệ nhất ở đó, vậy mà vẫn tiếp tục trò này... Cậu muốn câu trả lời. Đó là lý do cậu ở đây.",
lang_multi_text_2ndhalf.db,MultiText,Id,Main_LahaiRoi_ZRJDYKX_7_20,Content,dialogue,translated,,PASS,10,,,,,I won't deny it.,Tao không phủ nhận.,
lang_multi_text_2ndhalf.db,MultiText,Id,Main_LahaiRoi_ZRJDYKX_7_21,Content,dialogue,translated,,PASS,10,,,,,You did save me once.,Ngươi đã cứu ta một lần rồi.,
lang_multi_text_2ndhalf.db,MultiText,Id,Main_LahaiRoi_ZRJDYKX_7_22,Content,dialogue,translated,,PASS,10,,,,,How honest. I don't hate that.,Thẳng thắn thật đấy. Ta không ghét điều đó.,
lang_multi_text_2ndhalf.db,MultiText,Id,Main_LahaiRoi_ZRJDYKX_7_23,Content,dialogue,translated,,PASS,10,,,,,"Hah... don't get the wrong idea... If you'd died back there, it would have been game over.","Hah... đừng hiểu lầm... Nếu mày chết ở đó, thì coi như xong đời rồi.",
lang_multi_text_2ndhalf.db,MultiText,Id,Main_LahaiRoi_ZRJDYKX_7_24,Content,dialogue,translated,,PASS,10,,,,,"If you really want answers, how about we make a deal?","Nếu cậu thực sự muốn câu trả lời, sao không thử làm một thỏa thuận với ta?",
lang_multi_text_2ndhalf.db,MultiText,Id,Main_LahaiRoi_ZRJDYKX_7_25,Content,dialogue,translated,,PASS,10,,,,,A deal?,Thỏa thuận à?,
lang_multi_text_2ndhalf.db,MultiText,Id,Main_LahaiRoi_ZRJDYKX_7_26,Content,dialogue,translated,,PASS,10,,,,,"Yes, a fair exchange. The Collective can't get what they want from me, but you just might get what you want.","Đúng, một sự trao đổi công bằng. Tập Thể không thể lấy được thứ họ muốn từ ta, nhưng ngươi thì có thể.",
lang_multi_text_2ndhalf.db,MultiText,Id,Main_LahaiRoi_ZRJDYKX_7_27,Content,dialogue,translated,,PASS,10,,,,,What's your condition?,Điều kiện của anh là gì?,
lang_multi_text_2ndhalf.db,MultiText,Id,Main_LahaiRoi_ZRJDYKX_7_28,Content,dialogue,translated,,PASS,10,,,,,Maybe you could stay with me for my birthday? This weekend. I'd like to have a good stroll in the Academy again.,Hay là cậu ở lại với tớ vào sinh nhật của tớ nhé? Cuối tuần này. Tớ muốn cùng cậu đi dạo quanh Học viện một lần nữa.,
lang_multi_text_2ndhalf.db,MultiText,Id,Main_LahaiRoi_ZRJDYKX_7_29,Content,dialogue,translated,,PASS,10,,,,,Your birthday is this weekend?,Cuối tuần này là sinh nhật cậu à?,
lang_multi_text_2ndhalf.db,MultiText,Id,Main_LahaiRoi_ZRJDYKX_7_30,Content,dialogue,translated,,PASS,10,,,,,"It could be, or not. Doesn't matter. What matters is... you are there.","Có thể có, cũng có thể không. Không quan trọng. Điều quan trọng là... cậu ở đó.",
lang_multi_text_2ndhalf.db,MultiText,Id,Main_LahaiRoi_ZRJDYKX_7_31,Content,dialogue,translated,,PASS,10,,,,,I'm running out of time. Some things deserve a proper ending—with a good day.,Thời gian của tôi sắp hết rồi. Một số chuyện xứng đáng có một cái kết đẹp—với một ngày tươi sáng.,
lang_multi_text_2ndhalf.db,MultiText,Id,Main_LahaiRoi_ZRJDYKX_7_32,Content,dialogue,translated,,PASS,10,,,,,(An ending... What is she planning to do? But in her current state...),(Một kết thúc... Cô ta định làm gì vậy? Nhưng với tình trạng hiện tại của cô ấy...),
lang_multi_text_2ndhalf.db,MultiText,Id,Main_LahaiRoi_ZRJDYKX_7_33,Content,dialogue,translated,,PASS,10,,,,,"What, doesn't feel safe even if you're around? Then put another collar on me, or a bomb. What's one more, right?","Sao, có tao ở đây mà vẫn không cảm thấy an toàn à? Thế thì đeo thêm cái vòng cổ nữa vào, hay gài bom cũng được. Thêm một cái nữa thì có gì to tát?",
lang_multi_text_2ndhalf.db,MultiText,Id,Main_LahaiRoi_ZRJDYKX_7_34,Content,dialogue,translated,,PASS,10,,,,,...I'll see what I can do.,...Tôi sẽ xem mình có thể làm gì.,
lang_multi_text_2ndhalf.db,MultiText,Id,Main_LahaiRoi_ZRJDYKX_7_35,Content,dialogue,translated,,PASS,10,,,,,"You mean that? But people at the Academy, do they know...","Ý cậu là thật sao? Nhưng những người ở Học viện, họ có biết không...",
lang_multi_text_2ndhalf.db,MultiText,Id,Main_LahaiRoi_ZRJDYKX_7_36,Content,dialogue,translated,,PASS,10,,,,,"Spacetrek Collective never made your identity public. So for that day, you'll still be the Academy student Denia.","Spacetrek Collective chưa bao giờ công khai danh tính của cậu. Vì vậy vào ngày hôm đó, cậu vẫn sẽ là sinh viên Denia của Học viện.",
lang_multi_text_2ndhalf.db,MultiText,Id,Main_LahaiRoi_ZRJDYKX_7_37,Content,dialogue,translated,,PASS,10,,,,,(Always the busybody.),(Lúc nào cũng lo chuyện bao đồng.),
lang_multi_text_2ndhalf.db,MultiText,Id,Main_LahaiRoi_ZRJDYKX_7_38,Content,dialogue,translated,,PASS,10,,,,,"...Fine. Then it's a deal, right?",...Được rồi. Thế là thỏa thuận xong nhé?,
lang_multi_text_2ndhalf.db,MultiText,Id,Main_LahaiRoi_ZRJDYKX_7_39,Content,dialogue,translated,,PASS,10,,,,,Relax. I'll cooperate with their research for the next few days. Just don't get your hopes up...,Thư giãn đi. Ta sẽ hợp tác với nghiên cứu của họ vài ngày tới thôi. Đừng đặt quá nhiều kỳ vọng...,
lang_multi_text_2ndhalf.db,MultiText,Id,Main_LahaiRoi_ZRJDYKX_7_40,Content,dialogue,translated,,PASS,10,,,,,...The Grand Architect wouldn't be sloppy enough to leave me unhandled.,...Kiến Trúc Sư Vĩ Đại sẽ không sơ suất đến mức bỏ mặc ta như thế này đâu.,
lang_multi_text_2ndhalf.db,MultiText,Id,Main_LahaiRoi_ZRJDYKX_7_41,Content,dialogue,translated,,PASS,10,,,,,"Anyway, no point worrying about it now. I'll see you this weekend, {PlayerName}.","Thôi, giờ lo lắng cũng chẳng ích gì. Cuối tuần gặp lại nhé, {PlayerName}.",
lang_multi_text_2ndhalf.db,MultiText,Id,Main_LahaiRoi_ZRJDYKX_7_42,Content,dialogue,translated,,PASS,10,,,,,"You visit the infirmary at Arman's request to talk with Denia.
From Denia, you learn that her frequency decay was part of the Grand Architect's plan. She seems to have already accepted her fate.
Denia ultimately offers you a deal: spend her birthday with her, and in exchange, she will assist the Spacetrek Collective's research and provide you with intelligence regarding the Grand Architect.","Ngươi đến phòng y tế theo yêu cầu của Arman để nói chuyện với Denia.
Từ Denia, ngươi biết rằng sự suy giảm tần số của cô là một phần trong kế hoạch của Grand Architect. Cô dường như đã chấp nhận số phận của mình.
Cuối cùng, Denia đề nghị một thỏa thuận: dành sinh nhật của cô cùng cô, đổi lại, cô sẽ hỗ trợ nghiên cứu của Spacetrek Collective và cung cấp cho ngươi thông tin về Grand Architect.",
lang_multi_text_2ndhalf.db,MultiText,Id,Main_LahaiRoi_ZRJDYKX_71_1,Content,dialogue,translated,,PASS,10,,,,,...Don't overthink it. Let's go over there for a moment.,...Đừng nghĩ ngợi nhiều quá. Mình qua đó một lát thôi.,
lang_multi_text_2ndhalf.db,MultiText,Id,Main_LahaiRoi_ZRJDYKX_8_1,Content,dialogue,translated,,PASS,10,,,,,{PlayerName}. How did it go? Is she willing to cooperate?,{PlayerName}. Thế nào rồi? Cô ấy có đồng ý hợp tác không?,
lang_multi_text_2ndhalf.db,MultiText,Id,Main_LahaiRoi_ZRJDYKX_8_2,Content,dialogue,translated,,PASS,10,,,,,You pass along Denia's request to Arman,Bạn chuyển lời nhờ vả của Denia đến Arman.,
lang_multi_text_2ndhalf.db,MultiText,Id,Main_LahaiRoi_ZRJDYKX_8_3,Content,dialogue,translated,,PASS,10,,,,,A birthday... at the Academy?,Sinh nhật... ở Học viện à?,
lang_multi_text_2ndhalf.db,MultiText,Id,Main_LahaiRoi_ZRJDYKX_8_4,Content,dialogue,translated,,PASS,10,,,,,...I see. That is an unexpected request.,...Ta hiểu rồi. Đó quả là một yêu cầu bất ngờ.,
lang_multi_text_2ndhalf.db,MultiText,Id,Main_LahaiRoi_ZRJDYKX_8_5,Content,dialogue,translated,,PASS,10,,,,,"But if that's the key to cooperation, the Collective will treat it as a special case.","Nhưng nếu đó là chìa khóa để hợp tác, Collective sẽ coi đây là trường hợp đặc biệt.",
lang_multi_text_2ndhalf.db,MultiText,Id,Main_LahaiRoi_ZRJDYKX_8_6,Content,dialogue,translated,,PASS,10,,,,,"She said she wants a ""proper ending"" for some things. But I don't know her true intent yet. We'd better be careful.","Cô ấy bảo muốn có một ""kết thúc đàng hoàng"" cho vài chuyện. Nhưng tôi chưa hiểu ý đồ thật sự của cô ấy. Chúng ta nên cẩn thận.",
lang_multi_text_2ndhalf.db,MultiText,Id,Main_LahaiRoi_ZRJDYKX_8_7,Content,dialogue,translated,,PASS,10,,,,,"Noted. We'll initiate a full risk assessment immediately, and draft a comprehensive operational and contingency plan.",Đã ghi nhận. Chúng tôi sẽ tiến hành đánh giá rủi ro toàn diện ngay lập tức và soạn thảo kế hoạch hành động cùng phương án dự phòng chi tiết.,
lang_multi_text_2ndhalf.db,MultiText,Id,Main_LahaiRoi_ZRJDYKX_8_8,Content,dialogue,translated,,PASS,10,,,,,"Thank you, {PlayerName}. Would you be available in the afternoons of this weekend? She asked for you specifically.","Cảm ơn cậu, {PlayerName}. Cuối tuần này cậu rảnh vào buổi chiều không? Cô ấy chỉ định muốn gặp cậu thôi.",
lang_multi_text_2ndhalf.db,MultiText,Id,Main_LahaiRoi_ZRJDYKX_8_9,Content,dialogue,translated,,PASS,10,,,,,No problem.,Không sao cả.,
lang_multi_text_2ndhalf.db,MultiText,Id,Main_LahaiRoi_ZRJDYKX_8_10,Content,dialogue,translated,,PASS,10,,,,,I'll do my best.,Tôi sẽ cố gắng hết mình.,
lang_multi_text_2ndhalf.db,MultiText,Id,Main_LahaiRoi_ZRJDYKX_8_11,Content,dialogue,translated,,PASS,10,,,,,Much appreciated. We'll ensure that all procedures and contingency measures are fully in place.,Cảm ơn nhiều. Chúng tôi sẽ đảm bảo mọi quy trình và biện pháp dự phòng đều được triển khai đầy đủ.,
lang_multi_text_2ndhalf.db,MultiText,Id,Main_LahaiRoi_ZRJDYKX_8_12,Content,dialogue,translated,,PASS,10,,,,,"We really appreciate your support! I know this is a very personal request, but we'll keep everything under control. You can think of it as a special escort mission.","Chúng tôi rất cảm kích sự hỗ trợ của cậu! Biết đây là yêu cầu riêng tư, nhưng chúng tôi sẽ kiểm soát mọi thứ. Cậu cứ coi đây như một nhiệm vụ hộ tống đặc biệt.",
lang_multi_text_2ndhalf.db,MultiText,Id,Main_LahaiRoi_ZRJDYKX_8_13,Content,dialogue,translated,,PASS,10,,,,,I'll send you the finalized plan before then. Let's stay in touch on WavesLine!,Tớ sẽ gửi bản kế hoạch hoàn chỉnh cho cậu trước thời hạn. Giữ liên lạc qua WavesLine nhé!,
lang_multi_text_2ndhalf.db,MultiText,Id,Main_LahaiRoi_ZRJDYKX_9_1,Content,dialogue,needs_review,missing_token:{PlayerName},RETRY,8,missing_token:{PlayerName},,,,{PlayerName}... Something's still bothering you?,Còn điều gì khiến cậu bận tâm à?,
lang_multi_text_2ndhalf.db,MultiText,Id,Main_LahaiRoi_ZRJDYKX_9_2,Content,dialogue,translated,,PASS,10,,,,,What do you know about the Grand Architect?,Cậu biết gì về Kiến Trúc Sư Vĩ Đại không?,
lang_multi_text_2ndhalf.db,MultiText,Id,Main_LahaiRoi_ZRJDYKX_9_3,Content,dialogue,translated,,PASS,10,,,,,Do you miss life at the Academy?,Cậu có nhớ cuộc sống ở Học viện không?,
lang_multi_text_2ndhalf.db,MultiText,Id,Main_LahaiRoi_ZRJDYKX_9_4,Content,dialogue,translated,,PASS,10,,,,,Why did the Grand Architect leave you there?,Tại sao Kiến Trúc Sư Vĩ Đại lại bỏ cậu ở đó?,
lang_multi_text_2ndhalf.db,MultiText,Id,Main_LahaiRoi_ZRJDYKX_9_5,Content,dialogue,translated,,PASS,10,,,,,Nothing.,Không có gì.,
lang_multi_text_2ndhalf.db,MultiText,Id,Main_LahaiRoi_ZRJDYKX_9_6,Content,dialogue,translated,,PASS,10,,,,,I've never seen her true face. Wouldn't be surprised if the real one's already dead.,Tôi chưa bao giờ thấy mặt thật của cô ta. Không ngạc nhiên nếu bản gốc đã chết rồi.,
lang_multi_text_2ndhalf.db,MultiText,Id,Main_LahaiRoi_ZRJDYKX_9_7,Content,dialogue,translated,,PASS,10,,,,,"You care about that, do you? I'll tell you more once you've kept your side of the deal.","Cậu quan tâm đến chuyện đó à? Được rồi, tao sẽ kể thêm sau khi mày giữ đúng phần hẹn của mình.",
lang_multi_text_2ndhalf.db,MultiText,Id,Main_LahaiRoi_ZRJDYKX_9_8,Content,dialogue,translated,,PASS,10,,,,,Miss my life at the Academy? What made you think that?,Nhớ cuộc sống ở Học viện à? Sao cô lại nghĩ thế?,
lang_multi_text_2ndhalf.db,MultiText,Id,Main_LahaiRoi_ZRJDYKX_9_9,Content,dialogue,translated,,PASS,10,,,,,You keep staring out the window. That's where the dorms are.,Cậu cứ nhìn mãi ra cửa sổ. Kia là ký túc xá đấy.,
lang_multi_text_2ndhalf.db,MultiText,Id,Main_LahaiRoi_ZRJDYKX_9_10,Content,dialogue,translated,,PASS,10,,,,,"...When you put it that way, maybe I do. The president once said that everyone ends up missing their school days when they grow up.",...Nói vậy thì... có lẽ đúng thật. Chủ tịch từng bảo ai rồi cũng sẽ nhớ về thời đi học khi lớn lên mà.,
lang_multi_text_2ndhalf.db,MultiText,Id,Main_LahaiRoi_ZRJDYKX_9_11,Content,dialogue,translated,,PASS,10,,,,,I guess that really was my golden age.,Có lẽ đó thực sự là thời hoàng kim của tao.,
lang_multi_text_2ndhalf.db,MultiText,Id,Main_LahaiRoi_ZRJDYKX_9_12,Content,dialogue,translated,,PASS,10,,,,,"Trash gets dumped, you know... And those little tricks of mine? She probably noticed long ago.","Rác thì bị vứt đi mà... Những trò nhỏ nhặt của ta, chắc cô ấy đã để ý từ lâu rồi.",
lang_multi_text_2ndhalf.db,MultiText,Id,Main_LahaiRoi_ZRJDYKX_9_13,Content,dialogue,translated,,PASS,10,,,,,Or maybe... she simply decided it was better if I died here.,Hay là... cô ấy chỉ đơn giản nghĩ rằng ta chết ở đây sẽ tốt hơn.,
lang_multi_text_2ndhalf.db,MultiText,Id,Main_LahaiRoi_ZRJDYKX_9_14,Content,dialogue,translated,,PASS,10,,,,,"Because you always try to save everyone, even someone like me... Heh. That kind of stubbornness must have gotten to her.","Bởi cậu lúc nào cũng cố cứu mọi người, kể cả kẻ như tôi... Hừ. Sự ngoan cố đó chắc hẳn đã làm cô ấy phát điên.",
lang_multi_text_2ndhalf.db,MultiText,Id,Main_LahaiRoi_ZRJDYKX_9_15,Content,dialogue,translated,,PASS,10,,,,,"See you this weekend, {PlayerName}.","Cuối tuần gặp lại nhé, {PlayerName}.",
lang_multi_text_2ndhalf.db,MultiText,Id,Main_LahaiRoi_ZRJDYKX_90_1,Content,dialogue,translated,,PASS,10,,,,,"She's right, little one... You might still have a way out.","Cô ấy nói đúng đấy, nhóc à... Cậu vẫn còn đường thoát mà.",
lang_multi_text_2ndhalf.db,MultiText,Id,Main_LahaiRoi_ZRJDYKX_90_2,Content,dialogue,translated,,PASS,10,,,,,"Because your suffering is nothing like hers. It cannot make you stronger, but neither will it last...","Bởi nỗi đau của cậu chẳng thể nào sánh với nỗi đau của cô ấy. Nó không khiến cậu mạnh mẽ hơn, nhưng cũng chẳng kéo dài mãi...",
lang_multi_text_2ndhalf.db,MultiText,Id,Main_LahaiRoi_ZRJDYKX_90_3,Content,dialogue,translated,,PASS,10,,,,,"Enough staring at the dead bird, Denia.","Đủ rồi đấy, đừng nhìn con chim chết nữa, Denia.",
lang_multi_text_2ndhalf.db,MultiText,Id,Main_LahaiRoi_ZRJDYKX_90_4,Content,dialogue,translated,,PASS,10,,,,,Why did you kill it?,Sao cậu lại giết nó?,
lang_multi_text_2ndhalf.db,MultiText,Id,Main_LahaiRoi_ZRJDYKX_90_5,Content,dialogue,translated,,PASS,10,,,,,"What's worthless doesn't deserve to continue, see? That was mercy.","Cái gì vô giá trị thì không đáng tồn tại, hiểu chứ? Đó là lòng thương xót đấy.",
lang_multi_text_2ndhalf.db,MultiText,Id,Main_LahaiRoi_ZRJDYKX_90_6,Content,dialogue,translated,,PASS,10,,,,,"Just hours ago, you accepted Aleph-1's gift, the first in this world to do so. Now tell me, how did it feel?","Chỉ vài giờ trước, cậu đã nhận món quà của Aleph-1, người đầu tiên trên thế giới này làm điều đó. Giờ thì nói cho tôi biết, cảm giác thế nào?",
lang_multi_text_2ndhalf.db,MultiText,Id,Main_LahaiRoi_ZRJDYKX_90_7,Content,dialogue,translated,,PASS,10,,,,,I felt... nothing.,Ta chẳng cảm thấy gì cả.,
lang_multi_text_2ndhalf.db,MultiText,Id,Main_LahaiRoi_ZRJDYKX_90_8,Content,dialogue,translated,,PASS,10,,,,,"So, nothingness. The void. The dark... Our good old friends.","Vậy đấy, hư vô. Khoảng không. Bóng tối... Những người bạn cũ thân thiết của chúng ta.",
lang_multi_text_2ndhalf.db,MultiText,Id,Main_LahaiRoi_ZRJDYKX_90_9,Content,dialogue,translated,,PASS,10,,,,,"But why do you tremble, Denia? Everything begins in the void. And you, most of all, should find it cosy...","Nhưng tại sao cô run rẩy thế, Denia? Mọi thứ đều bắt đầu từ hư vô. Và cô hơn ai hết, phải thấy thoải mái với điều đó chứ...",
lang_multi_text_2ndhalf.db,MultiText,Id,Main_LahaiRoi_ZRJDYKX_90_10,Content,dialogue,translated,,PASS,10,,,,,Why... did you kill it?,Sao... ngươi lại giết nó?,
lang_multi_text_2ndhalf.db,MultiText,Id,Main_LahaiRoi_ZRJDYKX_90_11,Content,dialogue,translated,,PASS,10,,,,,Heh... Self-awareness. A lamentable flaw in the course of evolution.,Hừ... Tự nhận thức. Một khiếm khuyết đáng thương trong quá trình tiến hóa.,
lang_multi_text_2ndhalf.db,MultiText,Id,Main_LahaiRoi_ZRJDYKX_90_12,Content,dialogue,translated,,PASS,10,,,,,"Now, look up, Denia. What do you see?","Giờ thì ngẩng mặt lên đi, Denia. Cô thấy gì nào?",
lang_multi_text_2ndhalf.db,MultiText,Id,Main_LahaiRoi_ZRJDYKX_90_13,Content,dialogue,translated,,PASS,10,,,,,...The void... and the dark.,...Hư không... và bóng tối.,
lang_multi_text_2ndhalf.db,MultiText,Id,Main_LahaiRoi_ZRJDYKX_90_14,Content,dialogue,translated,,PASS,10,,,,,Good. Remember what you've seen.,Tốt. Nhớ kỹ những gì con đã thấy.,
lang_multi_text_2ndhalf.db,MultiText,Id,Main_LahaiRoi_ZRJDYKX_90_15,Content,dialogue,translated,,PASS,10,,,,,"You will accept them, Denia. Become one with them. This is the world's first gift to you, and its last.","Ngươi sẽ chấp nhận họ, Denia. Hòa làm một với họ. Đây là món quà đầu tiên mà thế giới dành cho ngươi, và cũng là món quà cuối cùng.",
lang_multi_text_2ndhalf.db,MultiText,Id,Main_LahaiRoi_ZRJDYKX_90_16,Content,dialogue,translated,,PASS,10,,,,,"In the aftermath of the Aleph-1 incident, Denia is left in a coma.
She dreams of a scene from long ago, then wakes to find herself in the infirmary at Startorch Academy.","Sau sự cố Aleph-1, Denia rơi vào hôn mê.
Nàng mơ về một cảnh tượng từ lâu lắm rồi, rồi tỉnh dậy trong phòng bệnh của Học viện Startorch.",
lang_multi_text_2ndhalf.db,MultiText,Id,Main_LahaiRoi_ZRJDYKX_92_1,Content,dialogue,translated,,PASS,10,,,,,"Wow, the elevator was fast.","Ồ, thang máy nhanh thật đấy.",
lang_multi_text_2ndhalf.db,MultiText,Id,Main_LahaiRoi_ZRJDYKX_92_2,Content,dialogue,translated,,PASS,10,,,,,"Let's go, Denia.","Đi thôi, Denia.",
lang_multi_text_2ndhalf.db,MultiText,Id,Main_LahaiRoi_ZRJDYKX_92_3,Content,dialogue,translated,,PASS,10,,,,,Sigh... This feels like walking into an exam...,Thở dài... Cảm giác này như đang bước vào phòng thi vậy...,
lang_multi_text_2ndhalf.db,MultiText,Id,Main_LahaiRoi_ZRJDYKX_92_4,Content,dialogue,translated,,PASS,10,,,,,"You'll have my back when she starts asking questions, right...?","Lúc cô ấy tra hỏi, cậu sẽ giúp tôi chứ...?",
lang_multi_text_2ndhalf.db,MultiText,Id,Main_LahaiRoi_ZRJDYKX_93_1,Content,dialogue,translated,,PASS,10,,,,,So you'd rather do that than share an elevator with me?,Vậy là cậu thà làm thế còn hơn đi chung thang máy với tôi?,
lang_multi_text_2ndhalf.db,MultiText,Id,Main_LahaiRoi_ZRJDYKX_93_2,Content,dialogue,translated,,PASS,10,,,,,"Your guard's up way too high, {PlayerName}.","Cậu phòng thủ cao quá rồi đấy, {PlayerName}.",
lang_multi_text_2ndhalf.db,MultiText,Id,Main_LahaiRoi_ZRJDYKX_93_3,Content,dialogue,translated,,PASS,10,,,,,Sigh... Fine. Can't blame you. Let's go.,Thở dài... Được rồi. Không trách cậu được. Đi thôi.,
lang_multi_text_2ndhalf.db,MultiText,Id,Main_LahaiRoi_ZRJDYKX_94_1,Content,dialogue,translated,,PASS,10,,,,,"In time, we will all meet again in eternal darkness.","Rồi theo thời gian, tất cả chúng ta sẽ lại gặp nhau trong bóng tối vĩnh hằng.",
lang_multi_text_2ndhalf.db,MultiText,Id,Main_LahaiRoi_ZRJDYKX_95_1,Content,dialogue,translated,,PASS,10,,,,,No...,Không...,
lang_multi_text_2ndhalf.db,MultiText,Id,Main_LahaiRoi_ZRJDYKX_95_2,Content,dialogue,translated,,PASS,10,,,,,Vital signs indicate sustained recovery. Voidmatter activity remains within normal parameters. Target frequency has not yet returned to the syntony level. Initiating secondary protocol.,Dấu hiệu sống cho thấy quá trình phục hồi ổn định. Hoạt động của Vật Chất Hư Không vẫn trong ngưỡng cho phép. Tần số mục tiêu chưa trở lại mức cộng hưởng. Khởi động giao thức phụ.,
lang_multi_text_2ndhalf.db,MultiText,Id,Main_LahaiRoi_ZRJDYKX_95_3,Content,dialogue,translated,,PASS,10,,,,,"Can you hear my voice, Denia?","Denia, cậu nghe thấy giọng ta không?",
lang_multi_text_2ndhalf.db,MultiText,Id,Main_LahaiRoi_ZRJDYKX_96_1,Content,dialogue,translated,,PASS,10,,,,,"It's still weak, but your frequency has indeed reached a level of syntony.","Nó vẫn còn yếu, nhưng tần số của cậu đã thực sự đạt đến mức cộng hưởng rồi.",
lang_multi_text_2ndhalf.db,MultiText,Id,Main_LahaiRoi_ZRJDYKX_96_2,Content,dialogue,translated,,PASS,10,,,,,Yep. Isn't that a good thing?,Ừ. Thế chẳng phải tốt lắm sao?,
lang_multi_text_2ndhalf.db,MultiText,Id,Main_LahaiRoi_ZRJDYKX_96_3,Content,dialogue,translated,,PASS,10,,,,,"...I'm afraid I must emphasize, Miss Denia, that you do not attempt to use your Forte.","...Tôi phải nhấn mạnh với cô, Denia, rằng cô không được sử dụng Forte của mình.",
lang_multi_text_2ndhalf.db,MultiText,Id,Main_LahaiRoi_ZRJDYKX_96_4,Content,dialogue,translated,,PASS,10,,,,,"Given your current condition, doing so could lead to irreversible consequences.","Với tình trạng hiện tại của cậu, làm vậy có thể dẫn đến hậu quả không thể đảo ngược đấy.",
lang_multi_text_2ndhalf.db,MultiText,Id,Main_LahaiRoi_ZRJDYKX_93_4,Content,dialogue,translated,,REVIEW,6,same_as_source,,,,...,...,
lang_multi_text_2ndhalf.db,MultiText,Id,Main_LahaiRoi_ZRJDYKX_100_1,Content,dialogue,translated,,PASS,10,,,,,Just as I thought... the Voidmatter here is going on a rampage.,Đúng như ta lo sợ... Voidmatter ở đây đang nổi loạn dữ dội.,
lang_multi_text_2ndhalf.db,MultiText,Id,Main_LahaiRoi_ZRJDYKX_100_2,Content,dialogue,translated,,PASS,10,,,,,"I must get to the ""bedroom"" quickly.","Ta phải đến ""phòng ngủ"" ngay lập tức.",
lang_multi_text_2ndhalf.db,MultiText,Id,Main_LahaiRoi_ZRJDYKX_101_1,Content,dialogue,translated,,PASS,10,,,,,"Leaving just a few words inside that page, ""Do find your way home more often""... Ha, I knew it...","Chỉ để lại vài dòng trong trang giấy, *""Thỉnh thoảng về nhà nhé""*... Ha, ta biết mà...",
lang_multi_text_2ndhalf.db,MultiText,Id,Main_LahaiRoi_ZRJDYKX_101_2,Content,dialogue,translated,,PASS,10,,,,,"Sorry, {PlayerName}, but just like in the fairytale, the magic wears off past midnight...","Xin lỗi, {PlayerName}, nhưng giống như trong truyện cổ tích, phép màu sẽ biến mất sau nửa đêm...",
lang_multi_text_2ndhalf.db,MultiText,Id,Main_LahaiRoi_ZRJDYKX_101_3,Content,dialogue,translated,,PASS,10,,,,,"At least this time, I wasn't lying, right?","Ít nhất lần này, mình không nói dối, phải không?",
lang_multi_text_2ndhalf.db,MultiText,Id,Main_LahaiRoi_ZRJDYKX_102_1,Content,dialogue,translated,,PASS,10,,,,,Is the elevator locked? Could it be...,Thang máy bị khóa rồi à? Hay là...,
lang_multi_text_2ndhalf.db,MultiText,Id,Main_LahaiRoi_ZRJDYKX_102_2,Content,dialogue,translated,,PASS,10,,,,,Let's try to go around from the other side...,Thử vòng qua phía bên kia xem...,
lang_multi_text_2ndhalf.db,MultiText,Id,Main_LahaiRoi_ZRJDYKX_103_1,Content,dialogue,translated,,REVIEW,6,same_as_source,,,,Denia...,Denia...,
lang_multi_text_2ndhalf.db,MultiText,Id,Main_LahaiRoi_ZRJDYKX_103_2,Content,dialogue,translated,,PASS,10,,,,,Where did you come from? And aren't you annoying to look at...,Mày từ đâu chui ra vậy? Nhìn phát ngứa mắt...,
lang_multi_text_2ndhalf.db,MultiText,Id,Main_LahaiRoi_ZRJDYKX_104_1,Content,dialogue,translated,,PASS,10,,,,,"Denia... I told you a long time ago, didn't I?","Denia à... Tớ đã nói với cậu từ lâu rồi mà, phải không?",
lang_multi_text_2ndhalf.db,MultiText,Id,Main_LahaiRoi_ZRJDYKX_104_2,Content,dialogue,translated,,PASS,10,,,,,What was that...?,Cái gì thế...?,
lang_multi_text_2ndhalf.db,MultiText,Id,Main_LahaiRoi_ZRJDYKX_105_1,Content,dialogue,translated,,PASS,10,,,,,"The world is a cliff, and civilization a train with carriages of different times.","Thế giới là một vách đá, còn nền văn minh là đoàn tàu với những toa xe mang theo những thời đại khác nhau.",
lang_multi_text_2ndhalf.db,MultiText,Id,Main_LahaiRoi_ZRJDYKX_105_2,Content,dialogue,translated,,PASS,10,,,,,My attacks don't do anything... Does it not have a physical form?,Tấn công của ta chẳng ăn thua gì... Liệu nó có hình dạng vật lý không nhỉ?,
lang_multi_text_2ndhalf.db,MultiText,Id,Main_LahaiRoi_ZRJDYKX_105_3,Content,dialogue,translated,,PASS,10,,,,,"I see, as long as I keep my eyes on it, it'll behave...","Thôi vậy, chỉ cần ta để mắt tới nó là nó sẽ ngoan thôi...",
lang_multi_text_2ndhalf.db,MultiText,Id,Main_LahaiRoi_ZRJDYKX_106_1,Content,dialogue,translated,,REVIEW,6,same_as_source,PASS,10,"Exact match, no issues.",!,!,
lang_multi_text_2ndhalf.db,MultiText,Id,Main_LahaiRoi_ZRJDYKX_107_1,Content,dialogue,translated,,PASS,10,,,,,"The moment it falls into the abyss, everything will also fall one after the other...","Khoảnh khắc nó rơi xuống vực thẳm, mọi thứ cũng sẽ lần lượt sụp đổ theo...",
lang_multi_text_2ndhalf.db,MultiText,Id,Main_LahaiRoi_ZRJDYKX_107_2,Content,dialogue,translated,,PASS,10,,,,,"Tsk, locked... But there should still be an emergency key.","Tsk, bị khóa rồi... Nhưng vẫn phải có chìa khẩn cấp chứ.",
lang_multi_text_2ndhalf.db,MultiText,Id,Main_LahaiRoi_ZRJDYKX_108_1,Content,dialogue,translated,,PASS,10,,,,,"First, people abandon their morality, then emotions, and finally faith...","Đầu tiên, con người vứt bỏ đạo đức, rồi đến cảm xúc, cuối cùng là niềm tin...",
lang_multi_text_2ndhalf.db,MultiText,Id,Main_LahaiRoi_ZRJDYKX_108_2,Content,dialogue,translated,,REVIEW,6,same_as_source,,,,...,...,
lang_multi_text_2ndhalf.db,MultiText,Id,Main_LahaiRoi_ZRJDYKX_109_1,Content,dialogue,translated,,REVIEW,6,same_as_source,,,,...!,...!,
lang_multi_text_2ndhalf.db,MultiText,Id,Main_LahaiRoi_ZRJDYKX_109_2,Content,dialogue,translated,,PASS,10,,,,,"In the end, all that's left is an empty shell. The ruins.",Kết cục chỉ còn lại một cái vỏ trống rỗng. Những tàn tích.,
lang_multi_text_2ndhalf.db,MultiText,Id,Main_LahaiRoi_ZRJDYKX_109_3,Content,dialogue,translated,,PASS,10,,,,,What a pestering ghost.,Con quỷ phiền toái này.,
lang_multi_text_2ndhalf.db,MultiText,Id,Main_LahaiRoi_ZRJDYKX_110_1,Content,dialogue,translated,,PASS,10,,,,,You've been there before. You know how it feels.,Cậu đã từng ở đó rồi mà. Cậu biết cảm giác đó như thế nào.,
lang_multi_text_2ndhalf.db,MultiText,Id,Main_LahaiRoi_ZRJDYKX_110_2,Content,dialogue,translated,,PASS,10,,,,,...Hah.,...Hừ.,
lang_multi_text_2ndhalf.db,MultiText,Id,Main_LahaiRoi_ZRJDYKX_111_1,Content,dialogue,translated,,PASS,10,,,,,"You reach out, yet you fail, even to grab something to end your life.","Bạn đưa tay ra, nhưng thậm chí không thể nắm lấy thứ gì để kết thúc cuộc đời mình.",
lang_multi_text_2ndhalf.db,MultiText,Id,Main_LahaiRoi_ZRJDYKX_111_2,Content,dialogue,translated,,PASS,10,,,,,"Calm down, stop shaking, Denia... I should be able to go around from the other side...","Bình tĩnh nào, đừng run nữa, Denia... Ta sẽ vòng qua phía bên kia xem sao...",
lang_multi_text_2ndhalf.db,MultiText,Id,Main_LahaiRoi_ZRJDYKX_112_1,Content,dialogue,translated,,PASS,10,,,,,"There, is where you will finally sink and rest.","Chính nơi đó, ngươi sẽ chìm xuống và yên nghỉ mãi mãi.",
lang_multi_text_2ndhalf.db,MultiText,Id,Main_LahaiRoi_ZRJDYKX_112_3,Content,dialogue,translated,,PASS,10,,,,,"Okay, straight through it.","Được rồi, cứ lao thẳng vào.",
lang_multi_text_2ndhalf.db,MultiText,Id,Main_LahaiRoi_ZRJDYKX_113_1,Content,dialogue,translated,,PASS,10,,,,,Lives rise and fall like the winter wheat. But agony… agony is the name that never dies.,Sinh mệnh lên xuống như lúa đông. Nhưng nỗi đau… nỗi đau là cái tên không bao giờ tắt.,
lang_multi_text_2ndhalf.db,MultiText,Id,Main_LahaiRoi_ZRJDYKX_113_2,Content,dialogue,translated,,PASS,10,,,,,(Panting)... (Panting)... So what?,(Thở dốc)… (Thở dốc)… Rồi sao nào?,
lang_multi_text_2ndhalf.db,MultiText,Id,Main_LahaiRoi_ZRJDYKX_114_1,Content,dialogue,translated,,PASS,10,,,,,"...Let them say, ""I walked with the crib of the void.""","...Hãy để họ nói rằng, ""Ta đã sải bước cùng nôi hư không.""",
lang_multi_text_2ndhalf.db,MultiText,Id,Main_LahaiRoi_ZRJDYKX_114_2,Content,dialogue,translated,,PASS,10,,,,,"Pfft, in your dreams.","Pfft, mơ đi cưng.",
lang_multi_text_2ndhalf.db,MultiText,Id,Main_LahaiRoi_ZRJDYKX_114_3,Content,dialogue,translated,,PASS,10,,,,,"Come on, I'm not hiding from you again.","Thôi nào, tao không trốn cậu nữa đâu.",
lang_multi_text_2ndhalf.db,MultiText,Id,Main_LahaiRoi_ZRJDYKX_115_1,Content,dialogue,translated,,PASS,10,,,,,"The Solvein Heartwood... Spectacular, no matter how many times I see it.","Lõi Solvein Heartwood... Đẹp đến kinh ngạc, dù nhìn bao nhiêu lần đi nữa.",
lang_multi_text_2ndhalf.db,MultiText,Id,Main_LahaiRoi_ZRJDYKX_115_2,Content,dialogue,translated,,PASS,10,,,,,Will this be my last visit?,Đây có phải là lần cuối ta đến thăm nơi này?,
lang_multi_text_2ndhalf.db,MultiText,Id,Main_LahaiRoi_ZRJDYKX_116_1,Content,dialogue,translated,,PASS,10,,,,,Back to this place... Once more.,Trở lại nơi này... Một lần nữa.,
lang_multi_text_2ndhalf.db,MultiText,Id,Main_LahaiRoi_ZRJDYKX_121_1,Content,dialogue,translated,,PASS,10,,,,,The walls are covered in Fleet Snowfluff posters. Looks like whoever lived here was a devoted fan.,Tường phủ kín áp phích Fleet Snowfluff. Có vẻ như người sống ở đây là một fan cuồng nhiệt.,
lang_multi_text_2ndhalf.db,MultiText,Id,Main_LahaiRoi_ZRJDYKX_121_2,Content,dialogue,translated,,PASS,10,,,,,Wonder how Aemeath would react if she knew...,Không biết Aemeath sẽ phản ứng thế nào nếu cô ấy biết...,
lang_multi_text_2ndhalf.db,MultiText,Id,Main_LahaiRoi_ZRJDYKX_122_1,Content,dialogue,translated,,PASS,10,,,,,A Terminal containing equipment management logs. Notes left behind by former researchers can still be seen.,Một Thiết bị đầu cuối chứa nhật ký quản lý trang thiết bị. Những ghi chú của các nhà nghiên cứu trước vẫn còn lưu lại.,
lang_multi_text_2ndhalf.db,MultiText,Id,Main_LahaiRoi_ZRJDYKX_122_2,Content,dialogue,translated,,PASS,10,,,,,"""At this point, the Lahai-Roi project is effectively complete. Starting tomorrow, project personnel will begin withdrawing in stages. One month from now, this facility will officially be decommissioned.""","""Đến thời điểm này, dự án Lahai-Roi đã hoàn tất trên thực tế. Bắt đầu từ ngày mai, nhân sự dự án sẽ rút lui theo từng giai đoạn. Một tháng nữa, cơ sở này sẽ chính thức ngừng hoạt động.""",
lang_multi_text_2ndhalf.db,MultiText,Id,Main_LahaiRoi_ZRJDYKX_122_3,Content,dialogue,translated,,PASS,10,,PASS,8,"Accurate, but ""đối tượng thử nghiệm chịu áp lực"" could be more natural as ""đối tượng thử nghiệm"".","""After that, power will switch to low-energy mode. That is sufficient to support the Voidmatter Pod containing the Aleph-1 fragment, some dormant equipment, and basic living needs for the stress-test subject.""","""Sau đó, hệ thống sẽ chuyển sang chế độ năng lượng thấp. Mức này đủ để duy trì Khoang Vật Chất Hư Không chứa mảnh Aleph-1, một số thiết bị dự phòng và nhu cầu sống cơ bản cho đối tượng thử nghiệm chịu áp lực.""",
lang_multi_text_2ndhalf.db,MultiText,Id,Main_LahaiRoi_ZRJDYKX_122_4,Content,dialogue,translated,,PASS,10,,,,,"""No matter how it all went down... at least we've finally made some progress.""","""Dù mọi chuyện diễn ra thế nào... ít nhất chúng ta cũng đã tiến được một bước.""",
lang_multi_text_2ndhalf.db,MultiText,Id,Main_LahaiRoi_ZRJDYKX_123_1,Content,dialogue,translated,,PASS,10,,,,,A Terminal containing operational logs. The screen is packed with rows of routine equipment self-check results.,Một Thiết bị đầu cuối chứa nhật ký vận hành. Màn hình đầy những dòng kết quả tự kiểm tra thiết bị định kỳ.,
lang_multi_text_2ndhalf.db,MultiText,Id,Main_LahaiRoi_ZRJDYKX_123_2,Content,dialogue,translated,,PASS,10,,,,,"According to the reports, this research facility was abandoned after more than a decade of operation. The final report dates back several years.","Theo báo cáo, cơ sở nghiên cứu này bị bỏ hoang sau hơn một thập kỷ hoạt động. Bản báo cáo cuối cùng cũng đã cũ vài năm rồi.",
lang_multi_text_2ndhalf.db,MultiText,Id,Main_LahaiRoi_ZRJDYKX_124_1,Content,dialogue,translated,,PASS,10,,,,,"A sheet of white paper printed with only a few words. The paper is crisp and new, as though it had been placed here only recently.","Một tờ giấy trắng in vài dòng chữ. Giấy vẫn còn mới và sắc nét, như vừa được đặt ở đây không lâu.",
lang_multi_text_2ndhalf.db,MultiText,Id,Main_LahaiRoi_ZRJDYKX_124_2,Content,dialogue,translated,,PASS,10,,,,,"It reads, ""Welcome home, Denia.""","Nó viết: ""Chào mừng trở về, Denia.""",
lang_multi_text_2ndhalf.db,MultiText,Id,Main_LahaiRoi_ZRJDYKX_125_1,Content,dialogue,translated,,PASS,10,,,,,A Terminal containing data and experiment logs. Past records can still be viewed here. It seems nothing has been updated in a very long time.,Một Thiết bị đầu cuối chứa dữ liệu và nhật ký thí nghiệm. Những hồ sơ cũ vẫn có thể xem được ở đây. Có vẻ như đã rất lâu không có cập nhật mới.,
lang_multi_text_2ndhalf.db,MultiText,Id,Main_LahaiRoi_ZRJDYKX_125_2,Content,dialogue,translated,,PASS,10,,,,,"""Testing complete. Based on the results, the subject shows no abnormal tissue activity. Voidmatter tolerance remains strong, with no signs of mutation or decay.""","""Kiểm tra hoàn tất. Dựa trên kết quả, đối tượng không có hoạt động mô bất thường. Khả năng chịu đựng Voidmatter vẫn mạnh, không có dấu hiệu đột biến hay phân rã.""",
lang_multi_text_2ndhalf.db,MultiText,Id,Main_LahaiRoi_ZRJDYKX_125_3,Content,dialogue,translated,,PASS,10,,,,,"""The variance in some fluctuating values is even lower than in the previous testing cycle, which rules out the possibility that changes in Resonance state are due to physical growth.""","""Sự biến thiên của một số giá trị dao động thậm chí còn thấp hơn chu kỳ thử nghiệm trước, điều này loại trừ khả năng thay đổi trạng thái Cộng Hưởng là do sự phát triển thể chất.""",
lang_multi_text_2ndhalf.db,MultiText,Id,Main_LahaiRoi_ZRJDYKX_125_4,Content,dialogue,translated,,PASS,10,,,,,"""The cause of the subject's unstable frequency remains unclear. Continued use of the Voidmatter Pod is recommended in order to maintain the link between the subject and the source of Resonance.""","""Nguyên nhân tần số bất ổn của đối tượng vẫn chưa rõ. Khuyến nghị tiếp tục sử dụng Voidmatter Pod để duy trì liên kết giữa đối tượng và nguồn Cộng Hưởng.""",
lang_multi_text_2ndhalf.db,MultiText,Id,Main_LahaiRoi_ZRJDYKX_170_1,Content,dialogue,translated,,PASS,10,,,,,"Denia, I told you—","Denia, mình đã bảo cậu rồi—",
lang_multi_text_2ndhalf.db,MultiText,Id,Main_LahaiRoi_ZRJDYKX_170_2,Content,dialogue,translated,,PASS,10,,,,,A kid can't fight against this world wielding a candy bar—,Đứa trẻ không thể chống lại thế giới này chỉ với một thanh kẹo—,
lang_multi_text_2ndhalf.db,MultiText,Id,Main_LahaiRoi_ZRJDYKX_51_1,Content,dialogue,translated,,PASS,10,,,,,Ugh... this experimental Terminal is getting on my nerves.,Ui... cái Thiết bị đầu cuối thử nghiệm này đúng là làm mình phát điên.,
lang_multi_text_2ndhalf.db,MultiText,Id,Main_LahaiRoi_ZRJDYKX_52_1,Content,dialogue,translated,,PASS,10,,,,,I still feel the abnormal neural reflexes even after an injection lately.,"Dạo này, dù đã tiêm thuốc nhưng tớ vẫn cảm nhận được những phản xạ thần kinh bất thường.",
lang_multi_text_2ndhalf.db,MultiText,Id,Main_LahaiRoi_ZRJDYKX_52_2,Content,dialogue,translated,,PASS,10,,,,,"Oh, really? Sounds like you can properly feel pain now.",Thật á? Nghe có vẻ giờ bạn đã biết đau thật rồi đấy.,
lang_multi_text_2ndhalf.db,MultiText,Id,Main_LahaiRoi_ZRJDYKX_52_3,Content,dialogue,translated,,PASS,10,,,,,"Remember this feeling, Denia. Pain compels us to live.","Hãy nhớ cảm giác này, Denia. Nỗi đau thúc đẩy ta sống tiếp.",
lang_multi_text_2ndhalf.db,MultiText,Id,Main_LahaiRoi_ZRJDYKX_52_4,Content,dialogue,translated,,PASS,10,,,,,To hell with that feeling... That bastard tried to fool me with saline as a painkiller.,Đồ chết tiệt... Thằng khốn đó còn dám lừa tao bằng nước muối làm thuốc giảm đau.,
lang_multi_text_2ndhalf.db,MultiText,Id,Main_LahaiRoi_ZRJDYKX_53_1,Content,dialogue,translated,,PASS,10,,,,,"The food here has been left untouched. Why is that, Denia?","Đồ ăn ở đây vẫn còn nguyên. Sao thế, Denia?",
lang_multi_text_2ndhalf.db,MultiText,Id,Main_LahaiRoi_ZRJDYKX_53_2,Content,dialogue,translated,,PASS,10,,,,,"At Startorch Academy, there's something called dessert.","Tại Học viện Startorch, có một thứ gọi là món tráng miệng.",
lang_multi_text_2ndhalf.db,MultiText,Id,Main_LahaiRoi_ZRJDYKX_53_3,Content,dialogue,translated,,PASS,10,,,,,Eating it brings back that scene in my dream.,Ăn vào là nhớ lại cảnh trong giấc mơ.,
lang_multi_text_2ndhalf.db,MultiText,Id,Main_LahaiRoi_ZRJDYKX_53_4,Content,dialogue,translated,,PASS,10,,,,,"...Starting tomorrow, come home for dinner.","...Từ ngày mai, nhớ về nhà ăn cơm nhé.",
lang_multi_text_2ndhalf.db,MultiText,Id,Main_LahaiRoi_ZRJDYKX_54_1,Content,dialogue,translated,,PASS,10,,,,,"You're awake? I prepared a present for you, Denia. I've put it in your heart.","Ngươi tỉnh rồi à? Ta đã chuẩn bị một món quà cho ngươi, Denia. Ta đã đặt nó vào trong tim ngươi rồi.",
lang_multi_text_2ndhalf.db,MultiText,Id,Main_LahaiRoi_ZRJDYKX_54_2,Content,dialogue,translated,,PASS,10,,,,,What's a present?,Quà là gì vậy?,
lang_multi_text_2ndhalf.db,MultiText,Id,Main_LahaiRoi_ZRJDYKX_54_3,Content,dialogue,translated,,PASS,10,,,,,A present is... a commodity without a fixed price. You'll be a nice little rule-follower with it.,"Quà tặng... là một món hàng không có giá cố định. Có nó, cậu sẽ trở thành một đứa ngoan ngoãn biết nghe lời.",
lang_multi_text_2ndhalf.db,MultiText,Id,Main_LahaiRoi_ZRJDYKX_54_4,Content,dialogue,translated,,PASS,10,,,,,"Rules? What, ""Do find your way home more often"" and ""Don't bring strangers home""? Hah...","Luật lệ? Chẳng hạn như ""Về nhà thường xuyên hơn đi"" hay ""Đừng dẫn người lạ về nhà""? Haha...",
lang_multi_text_2ndhalf.db,MultiText,Id,Main_LahaiRoi_ZRJDYKX_55_1,Content,dialogue,translated,,PASS,10,,,,,A broken table I picked up from somewhere... Spent quite some time here.,Cái bàn cũ nát ta nhặt được đâu đó... Đã ngồi đây khá lâu rồi.,
lang_multi_text_2ndhalf.db,MultiText,Id,Main_LahaiRoi_ZRJDYKX_55_2,Content,dialogue,translated,,PASS,10,,,,,"When was the last time I read a book? What was I reading? Hmm, ""A Professional Guide to Emotional Performance""?","Lần cuối tao đọc sách là khi nào nhỉ? Đọc gì ấy nhỉ? À, *""Cẩm nang biểu đạt cảm xúc chuyên nghiệp""* à?",
lang_multi_text_2ndhalf.db,MultiText,Id,Main_LahaiRoi_ZRJDYKX_55_3,Content,dialogue,translated,,PASS,10,,,,,"Oh, it became my draft paper anyhow...","Ồ, thế là nó lại thành giấy nháp của ta rồi...",
lang_multi_text_2ndhalf.db,MultiText,Id,Main_LahaiRoi_ZRJDYKX_55_4,Content,dialogue,translated,,PASS,10,,,,,"A textbook for Voidmatters Science, ""A Seal-Proof Guide to Enrollment,"" and... the ""Lahai-Roi Meteorology"" I borrowed from Nastasha?","Một cuốn giáo trình Khoa học Vật Chất Hư Không, ""Hướng dẫn Nhập học Chống Phong Ấn"", và... cuốn ""Khí tượng học Lahai-Roi"" mà tôi mượn của Nastasha?",
lang_multi_text_2ndhalf.db,MultiText,Id,Main_LahaiRoi_ZRJDYKX_55_5,Content,dialogue,translated,,PASS,10,,,,,"She even snuck a copy of the exam sheet inside... But she never mentioned it was from the previous year. I used all the wrong answers on the real thing, and she teased me about it for ages...","Cô ấy còn lén đưa cho tôi đề thi cũ... nhưng không hề nói đó là đề năm trước. Tôi dùng toàn đáp án sai trong bài thi thật, còn bị cô ấy trêu chọc mãi...",
lang_multi_text_2ndhalf.db,MultiText,Id,Main_LahaiRoi_ZRJDYKX_55_6,Content,dialogue,translated,,PASS,10,,,,,Those Academy courses were brutal... Barely ever scored above a D besides Voidmatters.,"Những tiết học ở Học Viện khắc nghiệt thật... Ngoài môn Vật Chất Hư Không ra, hầu như lúc nào tao cũng chỉ được điểm D thôi.",
lang_multi_text_2ndhalf.db,MultiText,Id,Main_LahaiRoi_ZRJDYKX_55_7,Content,dialogue,translated,,PASS,10,,,,,Strange. They just come rushing back at times like this...,Lạ thật. Những ký ức này cứ ùa về vào những lúc như thế này...,
lang_multi_text_2ndhalf.db,MultiText,Id,Main_LahaiRoi_ZRJDYKX_55_8,Content,dialogue,translated,,PASS,10,,,,,And what's this... A memory album from the Photography Fan Club?,Và đây là cái gì... Một cuốn album kỷ niệm của Câu lạc bộ Nhiếp ảnh à?,
lang_multi_text_2ndhalf.db,MultiText,Id,Main_LahaiRoi_ZRJDYKX_56_2,Content,dialogue,translated,,PASS,10,,,,,Adorable!,Dễ thương quá!,
lang_multi_text_2ndhalf.db,MultiText,Id,Main_LahaiRoi_ZRJDYKX_56_3,Content,dialogue,translated,,PASS,10,,,,,But it'll turn out better if you smile!,Nhưng nếu cậu cười lên thì mọi chuyện sẽ tốt đẹp hơn đấy!,
lang_multi_text_2ndhalf.db,MultiText,Id,Main_LahaiRoi_ZRJDYKX_56_4,Content,dialogue,translated,,PASS,10,,,,,...I spent two years watching people,...Ta đã dành hai năm để quan sát mọi người...,
lang_multi_text_2ndhalf.db,MultiText,Id,Main_LahaiRoi_ZRJDYKX_56_5,Content,dialogue,translated,,PASS,10,,,,,Watching their joy,Nhìn niềm vui của họ,
lang_multi_text_2ndhalf.db,MultiText,Id,Main_LahaiRoi_ZRJDYKX_56_6,Content,dialogue,translated,,PASS,10,,,,,their sorrow,Nỗi đau của họ,
lang_multi_text_2ndhalf.db,MultiText,Id,Main_LahaiRoi_ZRJDYKX_56_7,Content,dialogue,translated,,PASS,10,,,,,What they call emotion,Thứ mà người ta gọi là cảm xúc,
lang_multi_text_2ndhalf.db,MultiText,Id,Main_LahaiRoi_ZRJDYKX_56_8,Content,dialogue,translated,,PASS,10,,,,,is how they prove they're alive,là cách chúng chứng tỏ mình còn sống,
lang_multi_text_2ndhalf.db,MultiText,Id,Main_LahaiRoi_ZRJDYKX_56_9,Content,dialogue,translated,,PASS,10,,,,,But,Nhưng,
lang_multi_text_2ndhalf.db,MultiText,Id,Main_LahaiRoi_ZRJDYKX_56_10,Content,dialogue,translated,,PASS,10,,,,,What's behind emotion?,Đằng sau cảm xúc là gì?,
lang_multi_text_2ndhalf.db,MultiText,Id,Main_LahaiRoi_ZRJDYKX_56_11,Content,dialogue,translated,,PASS,10,,,,,The three of us,Ba chúng ta,
lang_multi_text_2ndhalf.db,MultiText,Id,Main_LahaiRoi_ZRJDYKX_56_12,Content,dialogue,translated,,PASS,10,,,,,will be best friends forever!,sẽ là bạn thân mãi mãi!,
lang_multi_text_2ndhalf.db,MultiText,Id,Main_LahaiRoi_ZRJDYKX_56_13,Content,dialogue,translated,,PASS,10,,,,,Hah... What's that look on my face?,Haha... Mặt ta đang trông thế nào vậy?,
lang_multi_text_2ndhalf.db,MultiText,Id,Main_LahaiRoi_ZRJDYKX_56_14,Content,dialogue,translated,,PASS,10,,,,,"It's the heart, Denia","Đó là trái tim, Denia à.",
lang_multi_text_2ndhalf.db,MultiText,Id,Main_LahaiRoi_ZRJDYKX_56_15,Content,dialogue,translated,,PASS,10,,,,,What you are,Ngươi là ai...,
lang_multi_text_2ndhalf.db,MultiText,Id,Main_LahaiRoi_ZRJDYKX_56_16,Content,dialogue,translated,,PASS,10,,,,,isn't defined by where you're from,không được định nghĩa bởi nơi ta đến,
lang_multi_text_2ndhalf.db,MultiText,Id,Main_LahaiRoi_ZRJDYKX_56_17,Content,dialogue,translated,,PASS,10,,,,,but by your heart,mà bằng chính trái tim của ngươi,
lang_multi_text_2ndhalf.db,MultiText,Id,Main_LahaiRoi_ZRJDYKX_56_18,Content,dialogue,translated,,PASS,10,,,,,Is that so,Vậy à.,
lang_multi_text_2ndhalf.db,MultiText,Id,Main_LahaiRoi_ZRJDYKX_56_19,Content,dialogue,translated,,PASS,10,,,,,Then somewhere along the way...,Rồi đâu đó trên con đường ấy...,
lang_multi_text_2ndhalf.db,MultiText,Id,Main_LahaiRoi_ZRJDYKX_56_20,Content,dialogue,translated,,PASS,10,,,,,Well,Thì,
lang_multi_text_2ndhalf.db,MultiText,Id,Main_LahaiRoi_ZRJDYKX_56_21,Content,dialogue,translated,,PASS,10,,,,,Let's put an end to this,Chấm dứt chuyện này đi.,
lang_multi_text_2ndhalf.db,MultiText,Id,Main_LahaiRoi_ZRJDYKX_57_2,Content,dialogue,translated,,PASS,10,,,,,Happy birthday to you,Chúc mừng sinh nhật cậu nhé!,
lang_multi_text_2ndhalf.db,MultiText,Id,Main_LahaiRoi_ZRJDYKX_57_3,Content,dialogue,translated,,PASS,10,,,,,Happy birthday to you,Chúc mừng sinh nhật cậu nhé!,
lang_multi_text_2ndhalf.db,MultiText,Id,Main_LahaiRoi_ZRJDYKX_57_4,Content,dialogue,translated,,PASS,10,,,,,Happy birthday to you,Chúc mừng sinh nhật cậu nhé!,
lang_multi_text_2ndhalf.db,MultiText,Id,Main_LahaiRoi_ZRJDYKX_57_5,Content,dialogue,translated,,PASS,10,,,,,Happy birthday to you,Chúc mừng sinh nhật cậu nhé!,
lang_multi_text_2ndhalf.db,MultiText,Id,Main_LahaiRoi_ZRJDYKX_57_6,Content,dialogue,translated,,PASS,10,,,,,Ever thought about staying here with everyone?,Cậu đã bao giờ nghĩ đến việc ở lại đây với mọi người chưa?,
lang_multi_text_2ndhalf.db,MultiText,Id,Main_LahaiRoi_ZRJDYKX_57_7,Content,dialogue,translated,,PASS,10,,,,,"Yeah, that sounds nice","Ừ, nghe hay đấy.",
lang_multi_text_2ndhalf.db,MultiText,Id,Main_LahaiRoi_ZRJDYKX_57_8,Content,dialogue,translated,,PASS,10,,,,,But...,Nhưng...,
lang_multi_text_2ndhalf.db,MultiText,Id,Main_LahaiRoi_ZRJDYKX_57_9,Content,dialogue,translated,,PASS,10,,,,,Sorry,Xin lỗi...,
lang_multi_text_2ndhalf.db,MultiText,Id,Main_LahaiRoi_ZRJDYKX_57_10,Content,dialogue,translated,,PASS,10,,,,,I just can't,Tớ không thể...,
lang_multi_text_2ndhalf.db,MultiText,Id,Main_LahaiRoi_ZRJDYKX_57_11,Content,dialogue,translated,,PASS,10,,,,,However,Nhưng mà,
lang_multi_text_2ndhalf.db,MultiText,Id,Main_LahaiRoi_ZRJDYKX_57_12,Content,dialogue,translated,,PASS,10,,,,,There is one thing,Có một điều...,
lang_multi_text_2ndhalf.db,MultiText,Id,Main_LahaiRoi_ZRJDYKX_57_13,Content,dialogue,translated,,PASS,10,,,,,I can do for you all,Ta có thể làm tất cả vì mọi người.,
lang_multi_text_2ndhalf.db,MultiText,Id,Main_LahaiRoi_ZRJDYKX_57_14,Content,dialogue,translated,,PASS,10,,,,,Fear,Nỗi sợ,
lang_multi_text_2ndhalf.db,MultiText,Id,Main_LahaiRoi_ZRJDYKX_57_15,Content,dialogue,translated,,PASS,10,,,,,Destruction...,Sự hủy diệt...,
lang_multi_text_2ndhalf.db,MultiText,Id,Main_LahaiRoi_ZRJDYKX_57_16,Content,dialogue,translated,,PASS,10,,,,,All those things that don't belong here,Tất cả những thứ không thuộc về nơi này,
lang_multi_text_2ndhalf.db,MultiText,Id,Main_LahaiRoi_ZRJDYKX_57_17,Content,dialogue,translated,,PASS,10,,,,,From now on,Từ giờ trở đi,
lang_multi_text_2ndhalf.db,MultiText,Id,Main_LahaiRoi_ZRJDYKX_57_18,Content,dialogue,translated,,PASS,10,,,,,They'll be gone,Chúng sẽ biến mất.,
lang_multi_text_2ndhalf.db,MultiText,Id,Main_LahaiRoi_ZRJDYKX_57_19,Content,dialogue,translated,,PASS,10,,,,,Back to the void with me,Quay về hư vô cùng ta,
lang_multi_text_2ndhalf.db,MultiText,Id,Main_LahaiRoi_ZRJDYKX_57_20,Content,dialogue,translated,,PASS,10,,,,,Oh... come to think of it,Ồ... nghĩ lại thì...,
lang_multi_text_2ndhalf.db,MultiText,Id,Main_LahaiRoi_ZRJDYKX_57_21,Content,dialogue,translated,,PASS,10,,,,,I haven't had cake yet,Ta chưa được ăn bánh ngọt.,
lang_multi_text_2ndhalf.db,MultiText,Id,Main_LahaiRoi_ZRJDYKX_57_22,Content,dialogue,translated,,PASS,10,,,,,...That's a bit of a shame,...Hơi tiếc một chút nhỉ.,
lang_multi_text_2ndhalf.db,MultiText,Id,Main_LahaiRoi_ZRJDYKX_58_1,Content,dialogue,translated,,PASS,10,,,,,"How's that for teamwork? I'd sniff out Leviathan's frequency even in a pile of ashes, and snatch it right up!","Đội hình thế này mới gọi là phối hợp chứ! Dù tro tàn phủ kín, ta vẫn đánh hơi được tần số của Leviathan và chộp lấy nó ngay!",
lang_multi_text_2ndhalf.db,MultiText,Id,Main_LahaiRoi_ZRJDYKX_58_2,Content,dialogue,translated,,PASS,10,,,,,"Great work, Abby.","Làm tốt lắm, Abby.",
lang_multi_text_2ndhalf.db,MultiText,Id,Main_LahaiRoi_ZRJDYKX_58_3,Content,dialogue,translated,,PASS,10,,,,,"You're very much welcome. Quick, let's go inside and check it out.","Không có gì đâu. Nhanh, vào trong xem thử nào.",
lang_multi_text_2ndhalf.db,MultiText,Id,Main_LahaiRoi_ZRJDYKX_58_4,Content,dialogue,translated,,PASS,10,,,,,I hope Denia's okay...,Hy vọng Denia vẫn ổn...,
lang_multi_text_2ndhalf.db,MultiText,Id,Main_LahaiRoi_ZRJDYKX_59_1,Content,dialogue,translated,,PASS,10,,,,,You can read past entries from this Terminal recording experiment data and logs. It seems it hasn't been updated for quite a while.,Bạn có thể đọc lại các bản ghi trước từ Thiết bị đầu cuối này—nó lưu trữ dữ liệu thí nghiệm và nhật ký. Có vẻ như đã lâu không được cập nhật rồi.,
lang_multi_text_2ndhalf.db,MultiText,Id,Main_LahaiRoi_ZRJDYKX_59_2,Content,dialogue,translated,,PASS,10,,PASS,9,"Accurate and fluent, but ""trạng thái tần số"" could be slightly refined (e.g., ""trạng thái tần số dao động"" for clarity). Still production-ready.","""...After Phase 2 of the clinical trial, significant differences in Voidmatter particle tolerance were observed between the experimental and control groups. During this period, the experimental target's physiological activities remained normal, with frequency states experiencing intense fluctuations, but no irreversible collapse occurred.""","""...Sau Giai đoạn 2 của thử nghiệm lâm sàng, sự khác biệt đáng kể về khả năng chịu đựng hạt Voidmatter đã được ghi nhận giữa nhóm thử nghiệm và nhóm đối chứng. Trong giai đoạn này, các hoạt động sinh lý của đối tượng thử nghiệm vẫn bình thường, trạng thái tần số trải qua những dao động mạnh, nhưng không xảy ra sự sụp đổ không thể đảo ngược.""",
lang_multi_text_2ndhalf.db,MultiText,Id,Main_LahaiRoi_ZRJDYKX_59_3,Content,dialogue,translated,,PASS,10,,,,,"""Towards the end of the trial, all physiological indicators of the experimental group were normal, with no tissue abnormalities and no significant weight changes. This concludes Phase 2.""","""Gần cuối thử nghiệm, tất cả chỉ số sinh lý của nhóm thí nghiệm đều bình thường, không có bất thường về mô và không có thay đổi trọng lượng đáng kể. Giai đoạn 2 kết thúc tại đây.""",
lang_multi_text_2ndhalf.db,MultiText,Id,Main_LahaiRoi_ZRJDYKX_59_4,Content,dialogue,translated,,PASS,10,,,,,"Aside from the staggered experimental records, the Terminal only has a pre-installed game called Lahai-Roi Blocks.","Ngoài mấy bản ghi thí nghiệm lộn xộn, Thiết bị đầu cuối chỉ có sẵn một trò chơi tên là Lahai-Roi Blocks.",
lang_multi_text_2ndhalf.db,MultiText,Id,Main_LahaiRoi_ZRJDYKX_60_1,Content,dialogue,translated,,PASS,10,,,,,"A cabinet filled with various medicines, predominantly from the New Federation, including nutritional agents, antibiotics, suppressants, and other drugs...","Một tủ thuốc chứa đầy các loại dược phẩm, chủ yếu từ Liên Bang Mới, bao gồm chất dinh dưỡng, kháng sinh, thuốc ức chế và nhiều loại khác...",
lang_multi_text_2ndhalf.db,MultiText,Id,Main_LahaiRoi_ZRJDYKX_60_2,Content,dialogue,translated,,PASS,10,,,,,"Some of the labels have been replaced with handwritten tags like ""Painkillers: Gross but work"", ""Sedatives: Somewhat sweet"", and ""For fevers.""","Một vài nhãn dán đã bị thay bằng những tờ giấy viết tay như ""Thuốc giảm đau: Kinh nhưng hiệu quả"", ""Thuốc an thần: Hơi ngọt"", và ""Dùng khi sốt"".",
lang_multi_text_2ndhalf.db,MultiText,Id,Main_LahaiRoi_ZRJDYKX_61_1,Content,dialogue,translated,,PASS,10,,,,,An ordinary refrigerator. It's stuffed with tightly wrapped compressed food in the same packaging.,Một chiếc tủ lạnh bình thường. Bên trong nhét đầy thực phẩm nén được bọc kỹ cùng loại bao bì.,
lang_multi_text_2ndhalf.db,MultiText,Id,Main_LahaiRoi_ZRJDYKX_61_2,Content,dialogue,translated,,PASS,10,,,,,Looks a bit creepy... Want to try it?,Trông hơi rợn nhỉ... Muốn thử không?,
lang_multi_text_2ndhalf.db,MultiText,Id,Main_LahaiRoi_ZRJDYKX_61_3,Content,dialogue,translated,,PASS,10,,,,,Give it a try.,Thử đi.,
lang_multi_text_2ndhalf.db,MultiText,Id,Main_LahaiRoi_ZRJDYKX_61_4,Content,dialogue,translated,,PASS,10,,,,,"No, thanks.","Không, cảm ơn.",
lang_multi_text_2ndhalf.db,MultiText,Id,Main_LahaiRoi_ZRJDYKX_61_5,Content,dialogue,translated,,PASS,10,,,,,"There is absolutely no texture or taste to it. It can hardly be qualified as food, though fortunately, you feel no discomfort after consuming it.","Nó chẳng có mùi vị hay kết cấu gì cả. Khó mà gọi là thức ăn được, nhưng may là cậu không thấy khó chịu sau khi ăn.",
lang_multi_text_2ndhalf.db,MultiText,Id,Main_LahaiRoi_ZRJDYKX_61_6,Content,dialogue,translated,,PASS,10,,,,,A wise choice.,Lựa chọn khôn ngoan đấy.,
lang_multi_text_2ndhalf.db,MultiText,Id,Main_LahaiRoi_ZRJDYKX_62_1,Content,dialogue,translated,,PASS,10,,,,,"An operating table with restraining devices. Beside it is a table placed with various surgical cutlery and sterilization tools, and an IV stand with a Fleet Snowfluff sticker.","Bàn mổ có thiết bị cố định bệnh nhân. Bên cạnh là bàn đặt đầy dụng cụ phẫu thuật và dụng cụ khử trùng, cùng giá treo dịch truyền dán nhãn Fleet Snowfluff.",
lang_multi_text_2ndhalf.db,MultiText,Id,Main_LahaiRoi_ZRJDYKX_62_2,Content,dialogue,translated,,PASS,10,,,,,A pillow is tied to the head of the operating table... Would anyone really sleep on something like this?,Một cái gối được buộc chặt vào đầu bàn mổ... Ai mà ngủ nổi trên cái thứ này chứ?,
lang_multi_text_2ndhalf.db,MultiText,Id,Main_LahaiRoi_ZRJDYKX_63_1,Content,dialogue,translated,,PASS,10,,,,,"A desk stacked with books, including Startorch Academy textbooks. All books are carefully labeled, showing the owner's efforts to understand the knowledge stored inside.","Một chiếc bàn chất đầy sách, bao gồm cả sách giáo khoa Học viện Startorch. Tất cả đều được dán nhãn cẩn thận, cho thấy chủ nhân đã nỗ lực để hiểu kiến thức bên trong.",
lang_multi_text_2ndhalf.db,MultiText,Id,Main_LahaiRoi_ZRJDYKX_63_2,Content,dialogue,translated,,PASS,10,,,,,A carefully preserved photo album sits right in the center of the desk. Take a look?,Một cuốn album ảnh được bảo quản cẩn thận nằm ngay giữa bàn. Xem thử không?,
lang_multi_text_2ndhalf.db,MultiText,Id,Main_LahaiRoi_ZRJDYKX_63_3,Content,dialogue,translated,,PASS,10,,,,,Take a look.,Nhìn này.,
lang_multi_text_2ndhalf.db,MultiText,Id,Main_LahaiRoi_ZRJDYKX_63_4,Content,dialogue,translated,,PASS,10,,,,,Not now.,Bây giờ thì chưa.,
lang_multi_text_2ndhalf.db,MultiText,Id,Main_LahaiRoi_ZRJDYKX_63_5,Content,dialogue,translated,,PASS,10,,,,,It's filled with photos of Denia. She's smiling in every picture.,Toàn là ảnh của Denia. Cô ấy cười trong từng tấm.,
lang_multi_text_2ndhalf.db,MultiText,Id,Main_LahaiRoi_ZRJDYKX_63_6,Content,dialogue,translated,,PASS,10,,,,,You wonder if more photos will be added to this album.,Không biết album này sẽ còn thêm được tấm ảnh nào nữa không nhỉ.,
lang_multi_text_2ndhalf.db,MultiText,Id,Main_LahaiRoi_ZRJDYKX_64_1,Content,dialogue,translated,,PASS,10,,,,,"You see a notice on the door: ""Denia's Room. Keep Out!""","Cậu thấy một tờ thông báo dán trên cửa: ""Phòng của Denia. Cấm vào!""",
lang_multi_text_2ndhalf.db,MultiText,Id,Main_LahaiRoi_ZRJDYKX_64_2,Content,dialogue,translated,,PASS,10,,,,,Denia might be on the other side of this door... Open it?,Denia có thể đang ở bên kia cánh cửa này... Mở ra không?,
lang_multi_text_2ndhalf.db,MultiText,Id,Main_LahaiRoi_ZRJDYKX_64_3,Content,dialogue,translated,,PASS,10,,,,,(Open the door.),(Mở cửa ra.),
lang_multi_text_2ndhalf.db,MultiText,Id,Main_LahaiRoi_ZRJDYKX_65_1,Content,dialogue,translated,,PASS,10,,,,,A bubble containing weak fluctuating frequencies. Looks like someone left a message for you.,Một bong bóng chứa những tần số dao động yếu ớt. Có vẻ như ai đó đã để lại lời nhắn cho cậu.,
lang_multi_text_2ndhalf.db,MultiText,Id,Main_LahaiRoi_ZRJDYKX_65_2,Content,dialogue,translated,,PASS,10,,,,,(Touch the bubble),Chạm vào bong bóng đi.,
lang_multi_text_2ndhalf.db,MultiText,Id,Main_LahaiRoi_ZRJDYKX_65_3,Content,dialogue,translated,,PASS,10,,,,,"I assume by the time you get here, {PlayerName}, everything will have ended. Sorry I had to say goodbye this way.","Ta đoán khi {PlayerName} đến đây, mọi chuyện đã kết thúc rồi. Xin lỗi vì phải nói lời tạm biệt theo cách này.",
lang_multi_text_2ndhalf.db,MultiText,Id,Main_LahaiRoi_ZRJDYKX_65_4,Content,dialogue,translated,,PASS,10,,,,,This is where it all started. The Fractsidus's Lahai-Roi plan... where the Grand Architect first made contact with Aleph-1. And... where I was created.,Nơi đây là khởi nguồn của tất cả. Kế hoạch Lahai-Roi của Fractsidus... nơi Kiến Trúc Sư Vĩ Đại lần đầu liên lạc với Aleph-1. Và... nơi ta được tạo ra.,
lang_multi_text_2ndhalf.db,MultiText,Id,Main_LahaiRoi_ZRJDYKX_65_5,Content,dialogue,translated,,PASS,10,,,,,"I took the Threnodian fragment the Fractsidus left here. Leaving it here would only cause more suffering... As for the experimental data, consider it a parting gift from me to the Spacetrek Collective.","Tớ đã lấy mảnh Threnodian mà bọn Fractsidus bỏ lại đây. Để nó ở đây chỉ gây thêm đau khổ thôi... Còn dữ liệu thí nghiệm, coi như món quà chia tay của tớ gửi đến Spacetrek Collective.",
lang_multi_text_2ndhalf.db,MultiText,Id,Main_LahaiRoi_ZRJDYKX_65_6,Content,dialogue,translated,,PASS,10,,,,,"To be honest, I did think of telling you everything about this place.","Thật lòng mà nói, tôi đã từng nghĩ đến việc kể cho cậu tất cả về nơi này.",
lang_multi_text_2ndhalf.db,MultiText,Id,Main_LahaiRoi_ZRJDYKX_65_7,Content,dialogue,translated,,PASS,10,,,,,"But sometimes gifts can be incredibly inappropriate. Your worries were correct. When the book page was removed, I received the Grand Architect's final message.","Nhưng đôi khi quà tặng lại vô cùng bất hợp lý. Lo lắng của cậu đã đúng. Khi trang sách bị gỡ bỏ, tôi nhận được thông điệp cuối cùng của Kiến Trúc Sư Vĩ Đại.",
lang_multi_text_2ndhalf.db,MultiText,Id,Main_LahaiRoi_ZRJDYKX_65_8,Content,dialogue,translated,,PASS,10,,,,,"Now, I am the last anchor point between Aleph-1 and Solaris. If I die according to plan, its fragment will disappear, along with me.","Bây giờ, tôi là điểm neo cuối cùng giữa Aleph-1 và Solaris. Nếu tôi chết theo kế hoạch, mảnh vỡ của nó sẽ biến mất cùng tôi.",
lang_multi_text_2ndhalf.db,MultiText,Id,Main_LahaiRoi_ZRJDYKX_65_9,Content,dialogue,translated,,PASS,10,,,,,"I used to tell myself that was karma. But what does an ending like that mean for Sigrika? For Nastasha? For someone like you, who always tries to save everyone?","Tao từng tự nhủ đó là nghiệp chướng. Nhưng một cái kết như thế có ý nghĩa gì với Sigrika? Với Nastasha? Với một người như cậu, luôn cố cứu lấy tất cả mọi người?",
lang_multi_text_2ndhalf.db,MultiText,Id,Main_LahaiRoi_ZRJDYKX_65_10,Content,dialogue,translated,,PASS,10,,,,,"You're the Grand Architect's greatest rival. So, making you betray your own heart is a bigger prize to them than the Threnodian fragment.","Cậu là đối thủ lớn nhất của Kiến Trúc Sư Vĩ Đại. Vậy nên, khiến cậu phản bội chính trái tim mình mới là chiến lợi phẩm quý giá hơn cả mảnh vỡ Threnodian đối với họ.",
lang_multi_text_2ndhalf.db,MultiText,Id,Main_LahaiRoi_ZRJDYKX_65_11,Content,dialogue,translated,,PASS,10,,,,,"It would mean that after all the frustration and failure, you're no different from them. You'd end up going down the same path.","Điều đó có nghĩa là sau bao nhiêu thất vọng và thất bại, cậu chẳng khác gì bọn họ. Rốt cuộc, cậu cũng sẽ đi vào vết xe đổ ấy thôi.",
lang_multi_text_2ndhalf.db,MultiText,Id,Main_LahaiRoi_ZRJDYKX_65_12,Content,dialogue,translated,,PASS,10,,,,,"But if you had removed that page, the fragment would've lost control after receiving the message... It would've tried to find me, attempting to connect with Aleph-1 out of instinct.","Nhưng nếu cậu đã gỡ trang đó đi, mảnh vỡ sẽ mất kiểm soát sau khi nhận thông điệp... Nó sẽ tìm ta, cố gắng kết nối với Aleph-1 theo bản năng.",
lang_multi_text_2ndhalf.db,MultiText,Id,Main_LahaiRoi_ZRJDYKX_65_13,Content,dialogue,translated,,PASS,10,,,,,"So, when I think about it... it's a good thing you never got to finish what you wanted to say back there.",Nghĩ lại thì... may là cậu không kịp nói hết những gì muốn nói hồi đó.,
lang_multi_text_2ndhalf.db,MultiText,Id,Main_LahaiRoi_ZRJDYKX_65_14,Content,dialogue,translated,,PASS,10,,,,,"I was a child who showed up at the Fractsidus's door out of nowhere. Became their Threnodian lab mouse by accident. Ever since I can remember, they told me I existed for one reason... to make that moment happen.","Ta chỉ là một đứa trẻ xuất hiện trước cửa Fractsidus mà chẳng ai biết từ đâu. Rồi vô tình trở thành chuột bạch cho những thí nghiệm Threnodian của chúng. Từ khi còn nhớ được, chúng luôn nói ta tồn tại chỉ vì một lý do duy nhất... để tạo ra khoảnh khắc đó.",
lang_multi_text_2ndhalf.db,MultiText,Id,Main_LahaiRoi_ZRJDYKX_65_15,Content,dialogue,translated,,PASS,10,,,,,I've questioned myself countless times: What is the point of everything that I've been through?,Tôi đã tự hỏi bản thân vô số lần: Ý nghĩa của tất cả những gì tôi đã trải qua là gì?,
lang_multi_text_2ndhalf.db,MultiText,Id,Main_LahaiRoi_ZRJDYKX_65_16,Content,dialogue,translated,,PASS,10,,,,,"The answer is always the same. There is no point. Birth, pain, struggle, death... None of these have meaning.","Câu trả lời vẫn luôn như vậy. Chẳng có ý nghĩa gì cả. Sinh ra, đau khổ, đấu tranh, chết đi... Chẳng có gì trong số đó có nghĩa lý gì.",
lang_multi_text_2ndhalf.db,MultiText,Id,Main_LahaiRoi_ZRJDYKX_65_17,Content,dialogue,translated,,PASS,10,,,,,"That's why when I first heard your story from the Grand Architect, I absolutely hated you, {PlayerName}.","Chính vì thế mà khi lần đầu nghe câu chuyện của cậu từ Kiến Trúc Sư Trưởng, tao đã căm ghét cậu đến tận xương tủy, {PlayerName}.",
lang_multi_text_2ndhalf.db,MultiText,Id,Main_LahaiRoi_ZRJDYKX_65_18,Content,dialogue,translated,,PASS,10,,,,,"If someone like that is actually out there... then where were they during the longest, most painful days of my life?",Nếu thực sự có người như thế ngoài kia... thì tại sao họ lại vắng mặt trong những ngày dài đằng đẵng và đau đớn nhất đời ta?,
lang_multi_text_2ndhalf.db,MultiText,Id,Main_LahaiRoi_ZRJDYKX_65_19,Content,dialogue,translated,,PASS,10,,,,,And why... why would you appear before me just as everything was about to end?,Và tại sao... tại sao ngươi lại xuất hiện trước mặt ta đúng lúc mọi thứ sắp kết thúc?,
lang_multi_text_2ndhalf.db,MultiText,Id,Main_LahaiRoi_ZRJDYKX_65_20,Content,dialogue,translated,,PASS,10,,,,,You know what I hated most? Why did everything about you have to be so impossible?,Cậu biết điều tớ ghét nhất ở cậu là gì không? Tại sao mọi thứ ở cậu đều phải khó khăn đến thế?,
lang_multi_text_2ndhalf.db,MultiText,Id,Main_LahaiRoi_ZRJDYKX_65_21,Content,dialogue,translated,,PASS,10,,,,,Our encounter was... never fair.,Cuộc gặp gỡ của chúng ta... chưa bao giờ công bằng.,
lang_multi_text_2ndhalf.db,MultiText,Id,Main_LahaiRoi_ZRJDYKX_65_22,Content,dialogue,translated,,PASS,10,,,,,"So, I hope you can forgive me for not saying goodbye. This is something I must put an end to on my own.","Thế nên, mong cậu tha thứ cho tôi vì không chào tạm biệt. Đây là việc tôi phải tự mình kết thúc.",
lang_multi_text_2ndhalf.db,MultiText,Id,Main_LahaiRoi_ZRJDYKX_65_23,Content,dialogue,translated,,PASS,10,,,,,"It's just... it hurts to watch the way you live, {PlayerName}... I can't even imagine a day when someone like you runs out of miracles.","Chỉ là... nhìn cậu sống như vậy, {PlayerName}... tớ thấy đau lòng. Không thể tưởng tượng nổi ngày nào đó cậu sẽ cạn kiệt những phép màu.",
lang_multi_text_2ndhalf.db,MultiText,Id,Main_LahaiRoi_ZRJDYKX_65_24,Content,dialogue,translated,,PASS,10,,,,,"They call you Rover, but you don't even know where you started or where you're going... Even if you made your ideals real... where would that leave you? Where is your happiness in all of that?","Người ta gọi cậu là Vận Mệnh Giả, nhưng cậu thậm chí không biết mình bắt đầu từ đâu, hay sẽ đi về đâu... Dù lý tưởng của cậu có thành hiện thực... thì rồi cậu sẽ ở đâu? Hạnh phúc của cậu nằm ở đâu trong tất cả những điều đó?",
lang_multi_text_2ndhalf.db,MultiText,Id,Main_LahaiRoi_ZRJDYKX_65_25,Content,dialogue,translated,,PASS,10,,,,,"I never understood what the Grand Architect was mumbling. The future, evolution, or what's going to happen eons later—","Tôi chưa bao giờ hiểu nổi ông Kiến Trúc Sư Vĩ Đại lẩm bẩm cái gì. Tương lai, sự tiến hóa, hay chuyện gì sẽ xảy ra sau hàng triệu năm nữa—",
lang_multi_text_2ndhalf.db,MultiText,Id,Main_LahaiRoi_ZRJDYKX_65_26,Content,dialogue,translated,,PASS,10,,,,,"But at that moment, in front of Aleph-1, I didn't want you to die. At least not at the hands of the Grand Architect, who's got nothing left but mere survival.","Nhưng vào lúc đó, trước Aleph-1, tôi không muốn cậu chết. Ít nhất là không phải dưới tay Kiến Trúc Sư Vĩ Đại, kẻ giờ chỉ còn lại bản năng sinh tồn.",
lang_multi_text_2ndhalf.db,MultiText,Id,Main_LahaiRoi_ZRJDYKX_65_27,Content,dialogue,translated,,PASS,10,,,,,"What surprised me was that... despite hating you so much, I actually spent such an unprecedented day with you.","Điều làm tôi ngạc nhiên là... dù căm ghét cậu đến thế, tôi lại có một ngày chưa từng có bên cậu.",
lang_multi_text_2ndhalf.db,MultiText,Id,Main_LahaiRoi_ZRJDYKX_65_28,Content,dialogue,translated,,PASS,10,,,,,"For the first time, I had my own birthday. For the first time, I forgot about the fear brought by the void. For the first time... I met someone I can truly open up to.","Lần đầu tiên, tôi có sinh nhật của riêng mình. Lần đầu tiên, tôi quên đi nỗi sợ hãi từ khoảng không vô tận. Lần đầu tiên... tôi gặp được người mà mình có thể thật sự mở lòng.",
lang_multi_text_2ndhalf.db,MultiText,Id,Main_LahaiRoi_ZRJDYKX_65_29,Content,dialogue,translated,,PASS,10,,,,,"How should I describe this emotion? It's a kind of hate, isn't it?","Nên gọi cảm xúc này là gì nhỉ? Một loại căm ghét, phải không?",
lang_multi_text_2ndhalf.db,MultiText,Id,Main_LahaiRoi_ZRJDYKX_65_30,Content,dialogue,translated,,PASS,10,,,,,"I don't know where Voidmatter particles will take me next... if I could start over, I'd like to visit the cities Nastasha talked about, to visit places where there are no Void Storms and Soliskin.","Ta không biết các hạt Vật Chất Hư Không sẽ đưa ta đến đâu tiếp theo... nếu được bắt đầu lại, ta muốn đến thăm những thành phố mà Nastasha từng kể, những nơi không có Bão Hư Không và Soliskin.",
lang_multi_text_2ndhalf.db,MultiText,Id,Main_LahaiRoi_ZRJDYKX_65_31,Content,dialogue,translated,,PASS,10,,,,,"Maybe I'll try picking a different major, try napping in different classes, and taste different cakes in every cafeteria I go to...","Có lẽ mình sẽ thử chọn một ngành khác, thử ngủ gật trong những tiết học khác nhau, và nếm thử đủ loại bánh ở mọi căng-tin mình đến...",
lang_multi_text_2ndhalf.db,MultiText,Id,Main_LahaiRoi_ZRJDYKX_65_32,Content,dialogue,translated,,PASS,10,,,,,"Then, no matter how many times it'll take, I'll come back to Lahai-Roi, back to all of you.","Vậy thì, dù phải quay lại bao nhiêu lần, mình cũng sẽ trở về Lahai-Roi, trở về bên tất cả các cậu.",
lang_multi_text_2ndhalf.db,MultiText,Id,Main_LahaiRoi_ZRJDYKX_65_33,Content,dialogue,translated,,PASS,10,,,,,"Whatever you wanted to say, you can tell me the next time we meet.","Dù cậu muốn nói gì, lần gặp sau hãy kể ta nghe nhé.",
lang_multi_text_2ndhalf.db,MultiText,Id,Main_LahaiRoi_ZRJDYKX_65_34,Content,dialogue,translated,,PASS,10,,,,,"Oh, I almost forgot something important... Actually, all those powers the Grand Architect displayed, including shapeshifting, are not her true Forte.","Ôi, suýt nữa thì tôi quên mất điều quan trọng... Thật ra, tất cả những năng lực mà Kiến Trúc Sư Vĩ Đại thể hiện, kể cả khả năng biến hình, đều không phải là sở trường thực sự của bà ta.",
lang_multi_text_2ndhalf.db,MultiText,Id,Main_LahaiRoi_ZRJDYKX_65_35,Content,dialogue,translated,,PASS,10,,,,,Those are derivatives at best... And the shapeshifting has a catch: she needs long-term observation and analysis of her target to pull it off.,Đó chỉ là những biến thể tầm thường... Và khả năng biến hình của cô ta cũng có giới hạn: phải quan sát và phân tích mục tiêu trong thời gian dài mới thực hiện được.,
lang_multi_text_2ndhalf.db,MultiText,Id,Main_LahaiRoi_ZRJDYKX_65_36,Content,dialogue,translated,,PASS,10,,,,,It's just... the idea of her using my face to talk to you... it makes me sick. So let's have a code word. Just between us.,Chỉ là... nghĩ đến việc cô ta dùng mặt của tôi để nói chuyện với cậu... tôi thấy phát ốm. Vậy nên chúng ta cần có một mật ngữ. Chỉ riêng hai ta thôi.,
lang_multi_text_2ndhalf.db,MultiText,Id,Main_LahaiRoi_ZRJDYKX_65_37,Content,dialogue,translated,,PASS,10,,,,,"Next time, if it's truly me... every ""hate"" I used to say will be a ""like.""","Lần sau, nếu đó thật sự là ta... mỗi lời ""ghét"" xưa kia sẽ biến thành ""thích"".",
lang_multi_text_2ndhalf.db,MultiText,Id,Main_LahaiRoi_ZRJDYKX_65_38,Content,dialogue,translated,,PASS,10,,,,,"Oh, and could you help me enjoy half of my birthday cake? You can save the whole thing for me, of course. But don't you throw away any of the toppings.","À, và cậu giúp tớ ăn nửa cái bánh sinh nhật được không? Tất nhiên là cậu có thể giữ nguyên cả cái cho tớ. Nhưng đừng có vứt bỏ bất kỳ lớp phủ nào đấy nhé.",
lang_multi_text_2ndhalf.db,MultiText,Id,Main_LahaiRoi_ZRJDYKX_66_1,Content,dialogue,translated,,PASS,10,,,,,Leave Denia's cake here?,Bỏ bánh của Denia ở đây à?,
lang_multi_text_2ndhalf.db,MultiText,Id,Main_LahaiRoi_ZRJDYKX_66_2,Content,dialogue,translated,,PASS,10,,,,,Yes.,Đúng vậy.,
lang_multi_text_2ndhalf.db,MultiText,Id,Main_LahaiRoi_ZRJDYKX_66_3,Content,dialogue,translated,,PASS,10,,,,,No.,Không.,
lang_multi_text_2ndhalf.db,MultiText,Id,Main_LahaiRoi_ZRJDYKX_67_1,Content,dialogue,translated,,PASS,10,,,,,{PlayerName}... Will we ever see Denia again?,{PlayerName}... Liệu chúng ta có ngày trở lại Denia không nhỉ?,
lang_multi_text_2ndhalf.db,MultiText,Id,Main_LahaiRoi_ZRJDYKX_67_2,Content,dialogue,translated,,PASS,10,,,,,We will.,Ta sẽ làm được.,
lang_multi_text_2ndhalf.db,MultiText,Id,Main_LahaiRoi_ZRJDYKX_67_3,Content,dialogue,translated,,PASS,10,,,,,"Okay... But, what about the thing you didn't get to say, {PlayerName}?","Ừm... Nhưng còn điều cậu chưa kịp nói thì sao, {PlayerName}?",
lang_multi_text_2ndhalf.db,MultiText,Id,Main_LahaiRoi_ZRJDYKX_67_4,Content,dialogue,translated,,PASS,10,,,,,"""If you feel you don't belong here, then some day in the future, would you be willing to..."" And? What about the rest?","""Nếu cậu cảm thấy mình không thuộc về nơi này, thì một ngày nào đó trong tương lai, liệu cậu có sẵn lòng...?"" Rồi sao nữa? Còn gì không?",
lang_multi_text_2ndhalf.db,MultiText,Id,Main_LahaiRoi_ZRJDYKX_67_5,Content,dialogue,translated,,PASS,10,,,,,Secret. For now.,Bí mật. Hiện tại là vậy.,
lang_multi_text_2ndhalf.db,MultiText,Id,Main_LahaiRoi_ZRJDYKX_29_3,Content,dialogue,translated,,PASS,10,,,,,(Emoji: Abby Okay),(Biểu cảm: Abby Okay),
lang_multi_text_2ndhalf.db,MultiText,Id,Main_LahaiRoi_ZRJDYKX_120_1,Content,dialogue,translated,,PASS,10,,,,,"Ever since Void Storms vanished for good, this room has rarely been used.","Từ khi Bão Hư Không biến mất hoàn toàn, căn phòng này hiếm khi được sử dụng.",
lang_multi_text_2ndhalf.db,MultiText,Id,Main_LahaiRoi_ZRJDYKX_120_2,Content,dialogue,translated,,PASS,10,,,,,"...From the bedside, the dorms and residential zone stretch out in plain view. Out there, the Academy is still as loud and full of life as ever.","...Từ đầu giường, khu ký túc xá và khu dân cư trải dài trước mắt. Ngoài kia, Học viện vẫn ồn ào và tràn đầy sức sống như mọi khi.",
lang_multi_text_2ndhalf.db,MultiText,Id,Main_LahaiRoi_ZRJDYKX_166_1,Content,dialogue,translated,,PASS,10,,,,,A thick volume compiled from a dazzling array of student society publications. Pages have been whimsically torn out and rebound. Now it looks more like a yearbook than a club magazine.,"Một tập tài liệu dày cộp tổng hợp từ vô số ấn phẩm của các hội sinh viên. Những trang giấy bị xé ra rồi đóng lại một cách ngẫu hứng. Giờ đây, nó trông giống một cuốn kỷ yếu hơn là tạp chí câu lạc bộ.",
lang_multi_text_2ndhalf.db,MultiText,Id,Main_LahaiRoi_ZRJDYKX_166_2,Content,dialogue,translated,,PASS,10,,,,,"It captures a segment of life from the past two years shared by those within its pages: vibrant souls who converged from different worlds, each pursuing their own paths.","Nó ghi lại một đoạn đời trong hai năm qua của những tâm hồn sôi nổi, tụ hội từ các thế giới khác nhau, mỗi người theo đuổi con đường riêng của mình.",
lang_multi_text_2ndhalf.db,MultiText,Id,Main_LahaiRoi_ZRJDYKX_166_3,Content,dialogue,translated,,PASS,10,,,,,No one knew where this train was headed. But the owner of this book chose to jump off early—that much is clear.,Không ai biết đoàn tàu này đang đi về đâu. Nhưng chủ nhân của cuốn sách này đã chọn nhảy xuống sớm—điều đó thì rõ rồi.,
lang_multi_text_2ndhalf.db,MultiText,Id,Main_LahaiRoi_ZRJDYKX_166_4,Content,dialogue,translated,,PASS,10,,,,,"If asked why, she'd probably say:","Nếu hỏi tại sao, chắc cô ấy sẽ nói thế này:",
lang_multi_text_2ndhalf.db,MultiText,Id,Main_LahaiRoi_ZRJDYKX_166_5,Content,dialogue,translated,,PASS,10,,,,,"""I'll be waiting for you at the end of the line.""","""Ta sẽ đợi ngươi ở cuối con đường.""",
